id,website,page_type,screenshot_path,html_path,url
0001,independent,home_page,dataset_final\Independent\Home Page\0001.png,data\html\independent\home_page_fedb7f801a.html,https://www.independent.com.mt/
0002,independent,home_page,dataset_final\Independent\Home Page\0002.png,data\html\independent\home_page_fedb7f801a.html,https://www.independent.com.mt/
0003,independent,home_page,dataset_final\Independent\Home Page\0003.png,data\html\independent\home_page_fedb7f801a.html,https://www.independent.com.mt/
0004,independent,home_page,dataset_final\Independent\Home Page\0004.png,data\html\independent\home_page_fedb7f801a.html,https://www.independent.com.mt/
0005,independent,home_page,dataset_final\Independent\Home Page\0005.png,data\html\independent\home_page_fedb7f801a.html,https://www.independent.com.mt/
0006,independent,home_page,dataset_final\Independent\Home Page\0006.png,data\html\independent\home_page_fedb7f801a.html,https://www.independent.com.mt/
0007,independent,home_page,dataset_final\Independent\Home Page\0007.png,data\html\independent\home_page_fedb7f801a.html,https://www.independent.com.mt/
0008,independent,home_page,dataset_final\Independent\Home Page\0008.png,data\html\independent\home_page_fedb7f801a.html,https://www.independent.com.mt/
0009,independent,home_page,dataset_final\Independent\Home Page\0009.png,data\html\independent\home_page_fedb7f801a.html,https://www.independent.com.mt/
0010,independent,home_page,dataset_final\Independent\Home Page\0010.png,data\html\independent\home_page_fedb7f801a.html,https://www.independent.com.mt/
0011,independent,home_page,dataset_final\Independent\Home Page\0011.png,data\html\independent\home_page_fedb7f801a.html,https://www.independent.com.mt/
0012,independent,home_page,dataset_final\Independent\Home Page\0012.png,data\html\independent\home_page_fedb7f801a.html,https://www.independent.com.mt/
0013,independent,home_page,dataset_final\Independent\Home Page\0013.png,data\html\independent\home_page_fedb7f801a.html,https://www.independent.com.mt/
0014,independent,home_page,dataset_final\Independent\Home Page\0014.png,data\html\independent\home_page_fedb7f801a.html,https://www.independent.com.mt/
0015,independent,home_page,dataset_final\Independent\Home Page\0015.png,data\html\independent\home_page_fedb7f801a.html,https://www.independent.com.mt/
0016,independent,home_page,dataset_final\Independent\Home Page\0016.png,data\html\independent\home_page_fedb7f801a.html,https://www.independent.com.mt/
0017,independent,home_page,dataset_final\Independent\Home Page\0017.png,data\html\independent\home_page_fedb7f801a.html,https://www.independent.com.mt/
0018,independent,home_page,dataset_final\Independent\Home Page\0018.png,data\html\independent\home_page_fedb7f801a.html,https://www.independent.com.mt/
0019,independent,home_page,dataset_final\Independent\Home Page\0019.png,data\html\independent\home_page_fedb7f801a.html,https://www.independent.com.mt/
0020,independent,home_page,dataset_final\Independent\Home Page\0020.png,data\html\independent\home_page_fedb7f801a.html,https://www.independent.com.mt/
0021,independent,home_page,dataset_final\Independent\Home Page\0021.png,data\html\independent\home_page_fedb7f801a.html,https://www.independent.com.mt/
0022,independent,home_page,dataset_final\Independent\Home Page\0022.png,data\html\independent\home_page_fedb7f801a.html,https://www.independent.com.mt/
0023,independent,home_page,dataset_final\Independent\Home Page\0023.png,data\html\independent\home_page_fedb7f801a.html,https://www.independent.com.mt/
0024,independent,home_page,dataset_final\Independent\Home Page\0024.png,data\html\independent\home_page_fedb7f801a.html,https://www.independent.com.mt/
0025,independent,home_page,dataset_final\Independent\Home Page\0025.png,data\html\independent\home_page_fedb7f801a.html,https://www.independent.com.mt/
0026,independent,home_page,dataset_final\Independent\Home Page\0026.png,data\html\independent\home_page_fedb7f801a.html,https://www.independent.com.mt/
0027,independent,home_page,dataset_final\Independent\Home Page\0027.png,data\html\independent\home_page_fedb7f801a.html,https://www.independent.com.mt/
0028,independent,home_page,dataset_final\Independent\Home Page\0028.png,data\html\independent\home_page_fedb7f801a.html,https://www.independent.com.mt/
0029,independent,home_page,dataset_final\Independent\Home Page\0029.png,data\html\independent\home_page_fedb7f801a.html,https://www.independent.com.mt/
0030,independent,home_page,dataset_final\Independent\Home Page\0030.png,data\html\independent\home_page_fedb7f801a.html,https://www.independent.com.mt/
0031,independent,home_page,dataset_final\Independent\Home Page\0031.png,data\html\independent\home_page_fedb7f801a.html,https://www.independent.com.mt/
0032,independent,home_page,dataset_final\Independent\Home Page\0032.png,data\html\independent\home_page_fedb7f801a.html,https://www.independent.com.mt/
0033,independent,home_page,dataset_final\Independent\Home Page\0033.png,data\html\independent\home_page_fedb7f801a.html,https://www.independent.com.mt/
0034,independent,home_page,dataset_final\Independent\Home Page\0034.png,data\html\independent\home_page_fedb7f801a.html,https://www.independent.com.mt/
0035,independent,news_listing,dataset_final\Independent\News Listing\0035.png,data\html\independent\news_listing_0664d15dcc.html,https://www.independent.com.mt/local
0036,independent,news_listing,dataset_final\Independent\News Listing\0036.png,data\html\independent\news_listing_0664d15dcc.html,https://www.independent.com.mt/local
0037,independent,news_listing,dataset_final\Independent\News Listing\0037.png,data\html\independent\news_listing_0664d15dcc.html,https://www.independent.com.mt/local
0038,independent,news_listing,dataset_final\Independent\News Listing\0038.png,data\html\independent\news_listing_0664d15dcc.html,https://www.independent.com.mt/local
0039,independent,news_listing,dataset_final\Independent\News Listing\0039.png,data\html\independent\news_listing_0664d15dcc.html,https://www.independent.com.mt/local
0040,independent,news_listing,dataset_final\Independent\News Listing\0040.png,data\html\independent\news_listing_0664d15dcc.html,https://www.independent.com.mt/local
0041,independent,news_listing,dataset_final\Independent\News Listing\0041.png,data\html\independent\news_listing_0664d15dcc.html,https://www.independent.com.mt/local
0042,independent,news_listing,dataset_final\Independent\News Listing\0042.png,data\html\independent\news_listing_0664d15dcc.html,https://www.independent.com.mt/local
0043,independent,news_listing,dataset_final\Independent\News Listing\0043.png,data\html\independent\news_listing_b17c3efe4e.html,https://www.independent.com.mt/local?pg=2
0044,independent,news_listing,dataset_final\Independent\News Listing\0044.png,data\html\independent\news_listing_b17c3efe4e.html,https://www.independent.com.mt/local?pg=2
0045,independent,news_listing,dataset_final\Independent\News Listing\0045.png,data\html\independent\news_listing_b17c3efe4e.html,https://www.independent.com.mt/local?pg=2
0046,independent,news_listing,dataset_final\Independent\News Listing\0046.png,data\html\independent\news_listing_b17c3efe4e.html,https://www.independent.com.mt/local?pg=2
0047,independent,news_listing,dataset_final\Independent\News Listing\0047.png,data\html\independent\news_listing_b17c3efe4e.html,https://www.independent.com.mt/local?pg=2
0048,independent,news_listing,dataset_final\Independent\News Listing\0048.png,data\html\independent\news_listing_b17c3efe4e.html,https://www.independent.com.mt/local?pg=2
0049,independent,news_listing,dataset_final\Independent\News Listing\0049.png,data\html\independent\news_listing_b17c3efe4e.html,https://www.independent.com.mt/local?pg=2
0050,independent,news_listing,dataset_final\Independent\News Listing\0050.png,data\html\independent\news_listing_5f18007d47.html,https://www.independent.com.mt/local?pg=3
0051,independent,news_listing,dataset_final\Independent\News Listing\0051.png,data\html\independent\news_listing_5f18007d47.html,https://www.independent.com.mt/local?pg=3
0052,independent,news_listing,dataset_final\Independent\News Listing\0052.png,data\html\independent\news_listing_5f18007d47.html,https://www.independent.com.mt/local?pg=3
0053,independent,news_listing,dataset_final\Independent\News Listing\0053.png,data\html\independent\news_listing_5f18007d47.html,https://www.independent.com.mt/local?pg=3
0054,independent,news_listing,dataset_final\Independent\News Listing\0054.png,data\html\independent\news_listing_5f18007d47.html,https://www.independent.com.mt/local?pg=3
0055,independent,news_listing,dataset_final\Independent\News Listing\0055.png,data\html\independent\news_listing_5f18007d47.html,https://www.independent.com.mt/local?pg=3
0056,independent,news_listing,dataset_final\Independent\News Listing\0056.png,data\html\independent\news_listing_5f18007d47.html,https://www.independent.com.mt/local?pg=3
0057,independent,news_listing,dataset_final\Independent\News Listing\0057.png,data\html\independent\news_listing_5f18007d47.html,https://www.independent.com.mt/local?pg=3
0058,independent,news_listing,dataset_final\Independent\News Listing\0058.png,data\html\independent\news_listing_c0981e48c3.html,https://www.independent.com.mt/local?pg=4
0059,independent,news_listing,dataset_final\Independent\News Listing\0059.png,data\html\independent\news_listing_c0981e48c3.html,https://www.independent.com.mt/local?pg=4
0060,independent,news_listing,dataset_final\Independent\News Listing\0060.png,data\html\independent\news_listing_c0981e48c3.html,https://www.independent.com.mt/local?pg=4
0061,independent,news_listing,dataset_final\Independent\News Listing\0061.png,data\html\independent\news_listing_c0981e48c3.html,https://www.independent.com.mt/local?pg=4
0062,independent,news_listing,dataset_final\Independent\News Listing\0062.png,data\html\independent\news_listing_c0981e48c3.html,https://www.independent.com.mt/local?pg=4
0063,independent,news_listing,dataset_final\Independent\News Listing\0063.png,data\html\independent\news_listing_c0981e48c3.html,https://www.independent.com.mt/local?pg=4
0064,independent,news_listing,dataset_final\Independent\News Listing\0064.png,data\html\independent\news_listing_c0981e48c3.html,https://www.independent.com.mt/local?pg=4
0065,independent,news_listing,dataset_final\Independent\News Listing\0065.png,data\html\independent\news_listing_8e268441f6.html,https://www.independent.com.mt/local?pg=5
0066,independent,news_listing,dataset_final\Independent\News Listing\0066.png,data\html\independent\news_listing_8e268441f6.html,https://www.independent.com.mt/local?pg=5
0067,independent,news_listing,dataset_final\Independent\News Listing\0067.png,data\html\independent\news_listing_8e268441f6.html,https://www.independent.com.mt/local?pg=5
0068,independent,news_listing,dataset_final\Independent\News Listing\0068.png,data\html\independent\news_listing_8e268441f6.html,https://www.independent.com.mt/local?pg=5
0069,independent,news_listing,dataset_final\Independent\News Listing\0069.png,data\html\independent\news_listing_8e268441f6.html,https://www.independent.com.mt/local?pg=5
0070,independent,news_listing,dataset_final\Independent\News Listing\0070.png,data\html\independent\news_listing_8e268441f6.html,https://www.independent.com.mt/local?pg=5
0071,independent,news_listing,dataset_final\Independent\News Listing\0071.png,data\html\independent\news_listing_8e268441f6.html,https://www.independent.com.mt/local?pg=5
0072,independent,news_listing,dataset_final\Independent\News Listing\0072.png,data\html\independent\news_listing_8e268441f6.html,https://www.independent.com.mt/local?pg=5
0073,independent,news_listing,dataset_final\Independent\News Listing\0073.png,data\html\independent\news_listing_dc06d4a5ab.html,https://www.independent.com.mt/local?pg=6
0074,independent,news_listing,dataset_final\Independent\News Listing\0074.png,data\html\independent\news_listing_dc06d4a5ab.html,https://www.independent.com.mt/local?pg=6
0075,independent,news_listing,dataset_final\Independent\News Listing\0075.png,data\html\independent\news_listing_dc06d4a5ab.html,https://www.independent.com.mt/local?pg=6
0076,independent,news_listing,dataset_final\Independent\News Listing\0076.png,data\html\independent\news_listing_dc06d4a5ab.html,https://www.independent.com.mt/local?pg=6
0077,independent,news_listing,dataset_final\Independent\News Listing\0077.png,data\html\independent\news_listing_dc06d4a5ab.html,https://www.independent.com.mt/local?pg=6
0078,independent,news_listing,dataset_final\Independent\News Listing\0078.png,data\html\independent\news_listing_dc06d4a5ab.html,https://www.independent.com.mt/local?pg=6
0079,independent,news_listing,dataset_final\Independent\News Listing\0079.png,data\html\independent\news_listing_dc06d4a5ab.html,https://www.independent.com.mt/local?pg=6
0080,independent,news_listing,dataset_final\Independent\News Listing\0080.png,data\html\independent\news_listing_0664d15dcc.html,https://www.independent.com.mt/local
0081,independent,news_listing,dataset_final\Independent\News Listing\0081.png,data\html\independent\news_listing_0664d15dcc.html,https://www.independent.com.mt/local
0082,independent,news_listing,dataset_final\Independent\News Listing\0082.png,data\html\independent\news_listing_0664d15dcc.html,https://www.independent.com.mt/local
0083,independent,news_listing,dataset_final\Independent\News Listing\0083.png,data\html\independent\news_listing_0664d15dcc.html,https://www.independent.com.mt/local
0084,independent,news_listing,dataset_final\Independent\News Listing\0084.png,data\html\independent\news_listing_0664d15dcc.html,https://www.independent.com.mt/local
0085,independent,news_listing,dataset_final\Independent\News Listing\0085.png,data\html\independent\news_listing_0664d15dcc.html,https://www.independent.com.mt/local
0086,independent,news_listing,dataset_final\Independent\News Listing\0086.png,data\html\independent\news_listing_0664d15dcc.html,https://www.independent.com.mt/local
0087,independent,news_listing,dataset_final\Independent\News Listing\0087.png,data\html\independent\news_listing_b17c3efe4e.html,https://www.independent.com.mt/local?pg=2
0088,independent,news_listing,dataset_final\Independent\News Listing\0088.png,data\html\independent\news_listing_b17c3efe4e.html,https://www.independent.com.mt/local?pg=2
0089,independent,news_listing,dataset_final\Independent\News Listing\0089.png,data\html\independent\news_listing_b17c3efe4e.html,https://www.independent.com.mt/local?pg=2
0090,independent,news_listing,dataset_final\Independent\News Listing\0090.png,data\html\independent\news_listing_b17c3efe4e.html,https://www.independent.com.mt/local?pg=2
0091,independent,news_listing,dataset_final\Independent\News Listing\0091.png,data\html\independent\news_listing_b17c3efe4e.html,https://www.independent.com.mt/local?pg=2
0092,independent,news_listing,dataset_final\Independent\News Listing\0092.png,data\html\independent\news_listing_b17c3efe4e.html,https://www.independent.com.mt/local?pg=2
0093,independent,news_listing,dataset_final\Independent\News Listing\0093.png,data\html\independent\news_listing_f57769caba.html,https://www.independent.com.mt/local?pg=30
0094,independent,news_listing,dataset_final\Independent\News Listing\0094.png,data\html\independent\news_listing_f57769caba.html,https://www.independent.com.mt/local?pg=30
0095,independent,news_listing,dataset_final\Independent\News Listing\0095.png,data\html\independent\news_listing_f57769caba.html,https://www.independent.com.mt/local?pg=30
0096,independent,news_listing,dataset_final\Independent\News Listing\0096.png,data\html\independent\news_listing_f57769caba.html,https://www.independent.com.mt/local?pg=30
0097,independent,news_listing,dataset_final\Independent\News Listing\0097.png,data\html\independent\news_listing_f57769caba.html,https://www.independent.com.mt/local?pg=30
0098,independent,news_listing,dataset_final\Independent\News Listing\0098.png,data\html\independent\news_listing_f57769caba.html,https://www.independent.com.mt/local?pg=30
0099,independent,news_listing,dataset_final\Independent\News Listing\0099.png,data\html\independent\news_listing_264c1e4791.html,https://www.independent.com.mt/local?pg=35
0100,independent,news_listing,dataset_final\Independent\News Listing\0100.png,data\html\independent\news_listing_264c1e4791.html,https://www.independent.com.mt/local?pg=35
0101,independent,news_listing,dataset_final\Independent\News Listing\0101.png,data\html\independent\news_listing_264c1e4791.html,https://www.independent.com.mt/local?pg=35
0102,independent,article_pages,dataset_final\Independent\Article Pages\imgs\0102.png,data\html\independent\article_pages_f2efbe94c0.html,https://www.independent.com.mt/articles/2026-05-01/local-news/Three-injured-in-separate-traffic-accidents-6736289303
0103,independent,article_pages,dataset_final\Independent\Article Pages\imgs\0103.png,data\html\independent\article_pages_f2efbe94c0.html,https://www.independent.com.mt/articles/2026-05-01/local-news/Three-injured-in-separate-traffic-accidents-6736289303
0104,independent,article_pages,dataset_final\Independent\Article Pages\imgs\0104.png,data\html\independent\article_pages_f2efbe94c0.html,https://www.independent.com.mt/articles/2026-05-01/local-news/Three-injured-in-separate-traffic-accidents-6736289303
0105,independent,article_pages,dataset_final\Independent\Article Pages\imgs\0105.png,data\html\independent\article_pages_f2efbe94c0.html,https://www.independent.com.mt/articles/2026-05-01/local-news/Three-injured-in-separate-traffic-accidents-6736289303
0106,independent,article_pages,dataset_final\Independent\Article Pages\imgs\0106.png,data\html\independent\article_pages_f2efbe94c0.html,https://www.independent.com.mt/articles/2026-05-01/local-news/Three-injured-in-separate-traffic-accidents-6736289303
0107,independent,article_pages,dataset_final\Independent\Article Pages\imgs\0107.png,data\html\independent\article_pages_f2efbe94c0.html,https://www.independent.com.mt/articles/2026-05-01/local-news/Three-injured-in-separate-traffic-accidents-6736289303
0108,independent,article_pages,dataset_final\Independent\Article Pages\imgs\0108.png,data\html\independent\article_pages_f2efbe94c0.html,https://www.independent.com.mt/articles/2026-05-01/local-news/Three-injured-in-separate-traffic-accidents-6736289303
0109,independent,article_pages,dataset_final\Independent\Article Pages\imgs\0109.png,data\html\independent\article_pages_f2efbe94c0.html,https://www.independent.com.mt/articles/2026-05-01/local-news/Three-injured-in-separate-traffic-accidents-6736289303
0110,independent,article_pages,dataset_final\Independent\Article Pages\imgs\0110.png,data\html\independent\article_pages_f2efbe94c0.html,https://www.independent.com.mt/articles/2026-05-01/local-news/Three-injured-in-separate-traffic-accidents-6736289303
0111,independent,article_pages,dataset_final\Independent\Article Pages\imgs\0111.png,data\html\independent\article_pages_f2efbe94c0.html,https://www.independent.com.mt/articles/2026-05-01/local-news/Three-injured-in-separate-traffic-accidents-6736289303
0112,independent,article_pages,dataset_final\Independent\Article Pages\imgs\0112.png,data\html\independent\article_pages_f2efbe94c0.html,https://www.independent.com.mt/articles/2026-05-01/local-news/Three-injured-in-separate-traffic-accidents-6736289303
0113,independent,article_pages,dataset_final\Independent\Article Pages\imgs\0113.png,data\html\independent\article_pages_f2efbe94c0.html,https://www.independent.com.mt/articles/2026-05-01/local-news/Three-injured-in-separate-traffic-accidents-6736289303
0114,independent,article_pages,dataset_final\Independent\Article Pages\imgs\0114.png,data\html\independent\article_pages_5a8f00963d.html,https://www.independent.com.mt/articles/2026-04-28/world-news/King-Charles-III-arrives-at-the-White-House-on-a-delicate-mission-to-restore-the-UK-US-relationship-6736289189
0115,independent,article_pages,dataset_final\Independent\Article Pages\imgs\0115.png,data\html\independent\article_pages_5a8f00963d.html,https://www.independent.com.mt/articles/2026-04-28/world-news/King-Charles-III-arrives-at-the-White-House-on-a-delicate-mission-to-restore-the-UK-US-relationship-6736289189
0116,independent,article_pages,dataset_final\Independent\Article Pages\imgs\0116.png,data\html\independent\article_pages_5a8f00963d.html,https://www.independent.com.mt/articles/2026-04-28/world-news/King-Charles-III-arrives-at-the-White-House-on-a-delicate-mission-to-restore-the-UK-US-relationship-6736289189
0117,independent,article_pages,dataset_final\Independent\Article Pages\imgs\0117.png,data\html\independent\article_pages_5a8f00963d.html,https://www.independent.com.mt/articles/2026-04-28/world-news/King-Charles-III-arrives-at-the-White-House-on-a-delicate-mission-to-restore-the-UK-US-relationship-6736289189
0118,independent,article_pages,dataset_final\Independent\Article Pages\imgs\0118.png,data\html\independent\article_pages_5a8f00963d.html,https://www.independent.com.mt/articles/2026-04-28/world-news/King-Charles-III-arrives-at-the-White-House-on-a-delicate-mission-to-restore-the-UK-US-relationship-6736289189
0119,independent,article_pages,dataset_final\Independent\Article Pages\imgs\0119.png,data\html\independent\article_pages_5a8f00963d.html,https://www.independent.com.mt/articles/2026-04-28/world-news/King-Charles-III-arrives-at-the-White-House-on-a-delicate-mission-to-restore-the-UK-US-relationship-6736289189
0120,independent,article_pages,dataset_final\Independent\Article Pages\imgs\0120.png,data\html\independent\article_pages_5a8f00963d.html,https://www.independent.com.mt/articles/2026-04-28/world-news/King-Charles-III-arrives-at-the-White-House-on-a-delicate-mission-to-restore-the-UK-US-relationship-6736289189
0121,independent,article_pages,dataset_final\Independent\Article Pages\imgs\0121.png,data\html\independent\article_pages_5a8f00963d.html,https://www.independent.com.mt/articles/2026-04-28/world-news/King-Charles-III-arrives-at-the-White-House-on-a-delicate-mission-to-restore-the-UK-US-relationship-6736289189
0122,independent,article_pages,dataset_final\Independent\Article Pages\imgs\0122.png,data\html\independent\article_pages_5a8f00963d.html,https://www.independent.com.mt/articles/2026-04-28/world-news/King-Charles-III-arrives-at-the-White-House-on-a-delicate-mission-to-restore-the-UK-US-relationship-6736289189
0123,independent,article_pages,dataset_final\Independent\Article Pages\imgs\0123.png,data\html\independent\article_pages_5a8f00963d.html,https://www.independent.com.mt/articles/2026-04-28/world-news/King-Charles-III-arrives-at-the-White-House-on-a-delicate-mission-to-restore-the-UK-US-relationship-6736289189
0124,independent,article_pages,dataset_final\Independent\Article Pages\imgs\0124.png,data\html\independent\article_pages_5a8f00963d.html,https://www.independent.com.mt/articles/2026-04-28/world-news/King-Charles-III-arrives-at-the-White-House-on-a-delicate-mission-to-restore-the-UK-US-relationship-6736289189
0125,independent,article_pages,dataset_final\Independent\Article Pages\imgs\0125.png,data\html\independent\article_pages_5a8f00963d.html,https://www.independent.com.mt/articles/2026-04-28/world-news/King-Charles-III-arrives-at-the-White-House-on-a-delicate-mission-to-restore-the-UK-US-relationship-6736289189
0126,independent,article_pages,dataset_final\Independent\Article Pages\imgs\0126.png,data\html\independent\article_pages_5a8f00963d.html,https://www.independent.com.mt/articles/2026-04-28/world-news/King-Charles-III-arrives-at-the-White-House-on-a-delicate-mission-to-restore-the-UK-US-relationship-6736289189
0127,independent,article_pages,dataset_final\Independent\Article Pages\imgs\0127.png,data\html\independent\article_pages_5a8f00963d.html,https://www.independent.com.mt/articles/2026-04-28/world-news/King-Charles-III-arrives-at-the-White-House-on-a-delicate-mission-to-restore-the-UK-US-relationship-6736289189
0128,independent,article_pages,dataset_final\Independent\Article Pages\imgs\0128.png,data\html\independent\article_pages_5a8f00963d.html,https://www.independent.com.mt/articles/2026-04-28/world-news/King-Charles-III-arrives-at-the-White-House-on-a-delicate-mission-to-restore-the-UK-US-relationship-6736289189
0129,independent,article_pages,dataset_final\Independent\Article Pages\imgs\0129.png,data\html\independent\article_pages_5a8f00963d.html,https://www.independent.com.mt/articles/2026-04-28/world-news/King-Charles-III-arrives-at-the-White-House-on-a-delicate-mission-to-restore-the-UK-US-relationship-6736289189
0130,independent,article_pages,dataset_final\Independent\Article Pages\imgs\0130.png,data\html\independent\article_pages_5a8f00963d.html,https://www.independent.com.mt/articles/2026-04-28/world-news/King-Charles-III-arrives-at-the-White-House-on-a-delicate-mission-to-restore-the-UK-US-relationship-6736289189
0131,independent,article_pages,dataset_final\Independent\Article Pages\imgs\0131.png,data\html\independent\article_pages_5a8f00963d.html,https://www.independent.com.mt/articles/2026-04-28/world-news/King-Charles-III-arrives-at-the-White-House-on-a-delicate-mission-to-restore-the-UK-US-relationship-6736289189
0132,independent,article_pages,dataset_final\Independent\Article Pages\imgs\0132.png,data\html\independent\article_pages_5a8f00963d.html,https://www.independent.com.mt/articles/2026-04-28/world-news/King-Charles-III-arrives-at-the-White-House-on-a-delicate-mission-to-restore-the-UK-US-relationship-6736289189
0133,independent,article_pages,dataset_final\Independent\Article Pages\imgs\0133.png,data\html\independent\article_pages_5a8f00963d.html,https://www.independent.com.mt/articles/2026-04-28/world-news/King-Charles-III-arrives-at-the-White-House-on-a-delicate-mission-to-restore-the-UK-US-relationship-6736289189
0134,independent,article_pages,dataset_final\Independent\Article Pages\imgs\0134.png,data\html\independent\article_pages_5a8f00963d.html,https://www.independent.com.mt/articles/2026-04-28/world-news/King-Charles-III-arrives-at-the-White-House-on-a-delicate-mission-to-restore-the-UK-US-relationship-6736289189
0135,independent,article_pages,dataset_final\Independent\Article Pages\imgs\0135.png,data\html\independent\article_pages_5a8f00963d.html,https://www.independent.com.mt/articles/2026-04-28/world-news/King-Charles-III-arrives-at-the-White-House-on-a-delicate-mission-to-restore-the-UK-US-relationship-6736289189
0136,independent,article_pages,dataset_final\Independent\Article Pages\imgs\0136.png,data\html\independent\article_pages_5a8f00963d.html,https://www.independent.com.mt/articles/2026-04-28/world-news/King-Charles-III-arrives-at-the-White-House-on-a-delicate-mission-to-restore-the-UK-US-relationship-6736289189
0137,independent,article_pages,dataset_final\Independent\Article Pages\imgs\0137.png,data\html\independent\article_pages_5a8f00963d.html,https://www.independent.com.mt/articles/2026-04-28/world-news/King-Charles-III-arrives-at-the-White-House-on-a-delicate-mission-to-restore-the-UK-US-relationship-6736289189
0138,independent,article_pages,dataset_final\Independent\Article Pages\imgs\0138.png,data\html\independent\article_pages_5a8f00963d.html,https://www.independent.com.mt/articles/2026-04-28/world-news/King-Charles-III-arrives-at-the-White-House-on-a-delicate-mission-to-restore-the-UK-US-relationship-6736289189
0139,independent,article_pages,dataset_final\Independent\Article Pages\imgs\0139.png,data\html\independent\article_pages_5a8f00963d.html,https://www.independent.com.mt/articles/2026-04-28/world-news/King-Charles-III-arrives-at-the-White-House-on-a-delicate-mission-to-restore-the-UK-US-relationship-6736289189
0140,independent,article_pages,dataset_final\Independent\Article Pages\imgs\0140.png,data\html\independent\article_pages_d86728ce31.html,https://www.independent.com.mt/articles/2026-04-20/world-news/Powerful-7-5-magnitude-earthquake-strikes-off-Japan-tsunami-alert-issued-6736288948
0141,independent,article_pages,dataset_final\Independent\Article Pages\imgs\0141.png,data\html\independent\article_pages_d86728ce31.html,https://www.independent.com.mt/articles/2026-04-20/world-news/Powerful-7-5-magnitude-earthquake-strikes-off-Japan-tsunami-alert-issued-6736288948
0142,independent,article_pages,dataset_final\Independent\Article Pages\imgs\0142.png,data\html\independent\article_pages_d86728ce31.html,https://www.independent.com.mt/articles/2026-04-20/world-news/Powerful-7-5-magnitude-earthquake-strikes-off-Japan-tsunami-alert-issued-6736288948
0143,independent,article_pages,dataset_final\Independent\Article Pages\imgs\0143.png,data\html\independent\article_pages_d86728ce31.html,https://www.independent.com.mt/articles/2026-04-20/world-news/Powerful-7-5-magnitude-earthquake-strikes-off-Japan-tsunami-alert-issued-6736288948
0144,independent,article_pages,dataset_final\Independent\Article Pages\imgs\0144.png,data\html\independent\article_pages_d86728ce31.html,https://www.independent.com.mt/articles/2026-04-20/world-news/Powerful-7-5-magnitude-earthquake-strikes-off-Japan-tsunami-alert-issued-6736288948
0145,independent,article_pages,dataset_final\Independent\Article Pages\imgs\0145.png,data\html\independent\article_pages_d86728ce31.html,https://www.independent.com.mt/articles/2026-04-20/world-news/Powerful-7-5-magnitude-earthquake-strikes-off-Japan-tsunami-alert-issued-6736288948
0146,independent,article_pages,dataset_final\Independent\Article Pages\imgs\0146.png,data\html\independent\article_pages_d86728ce31.html,https://www.independent.com.mt/articles/2026-04-20/world-news/Powerful-7-5-magnitude-earthquake-strikes-off-Japan-tsunami-alert-issued-6736288948
0147,independent,article_pages,dataset_final\Independent\Article Pages\imgs\0147.png,data\html\independent\article_pages_d86728ce31.html,https://www.independent.com.mt/articles/2026-04-20/world-news/Powerful-7-5-magnitude-earthquake-strikes-off-Japan-tsunami-alert-issued-6736288948
0148,independent,article_pages,dataset_final\Independent\Article Pages\imgs\0148.png,data\html\independent\article_pages_d86728ce31.html,https://www.independent.com.mt/articles/2026-04-20/world-news/Powerful-7-5-magnitude-earthquake-strikes-off-Japan-tsunami-alert-issued-6736288948
0149,independent,article_pages,dataset_final\Independent\Article Pages\imgs\0149.png,data\html\independent\article_pages_d86728ce31.html,https://www.independent.com.mt/articles/2026-04-20/world-news/Powerful-7-5-magnitude-earthquake-strikes-off-Japan-tsunami-alert-issued-6736288948
0150,independent,article_pages,dataset_final\Independent\Article Pages\imgs\0150.png,data\html\independent\article_pages_d86728ce31.html,https://www.independent.com.mt/articles/2026-04-20/world-news/Powerful-7-5-magnitude-earthquake-strikes-off-Japan-tsunami-alert-issued-6736288948
0151,independent,article_pages,dataset_final\Independent\Article Pages\imgs\0151.png,data\html\independent\article_pages_d86728ce31.html,https://www.independent.com.mt/articles/2026-04-20/world-news/Powerful-7-5-magnitude-earthquake-strikes-off-Japan-tsunami-alert-issued-6736288948
0152,independent,article_pages,dataset_final\Independent\Article Pages\imgs\0152.png,data\html\independent\article_pages_d86728ce31.html,https://www.independent.com.mt/articles/2026-04-20/world-news/Powerful-7-5-magnitude-earthquake-strikes-off-Japan-tsunami-alert-issued-6736288948
0153,independent,article_pages,dataset_final\Independent\Article Pages\imgs\0153.png,data\html\independent\article_pages_d86728ce31.html,https://www.independent.com.mt/articles/2026-04-20/world-news/Powerful-7-5-magnitude-earthquake-strikes-off-Japan-tsunami-alert-issued-6736288948
0154,independent,article_pages,dataset_final\Independent\Article Pages\imgs\0154.png,data\html\independent\article_pages_d86728ce31.html,https://www.independent.com.mt/articles/2026-04-20/world-news/Powerful-7-5-magnitude-earthquake-strikes-off-Japan-tsunami-alert-issued-6736288948
0155,independent,article_pages,dataset_final\Independent\Article Pages\imgs\0155.png,data\html\independent\article_pages_d86728ce31.html,https://www.independent.com.mt/articles/2026-04-20/world-news/Powerful-7-5-magnitude-earthquake-strikes-off-Japan-tsunami-alert-issued-6736288948
0156,independent,article_pages,dataset_final\Independent\Article Pages\imgs\0156.png,data\html\independent\article_pages_d86728ce31.html,https://www.independent.com.mt/articles/2026-04-20/world-news/Powerful-7-5-magnitude-earthquake-strikes-off-Japan-tsunami-alert-issued-6736288948
0157,independent,article_pages,dataset_final\Independent\Article Pages\imgs\0157.png,data\html\independent\article_pages_d86728ce31.html,https://www.independent.com.mt/articles/2026-04-20/world-news/Powerful-7-5-magnitude-earthquake-strikes-off-Japan-tsunami-alert-issued-6736288948
0158,independent,article_pages,dataset_final\Independent\Article Pages\imgs\0158.png,data\html\independent\article_pages_34d9bf907e.html,https://www.independent.com.mt/articles/2026-04-09/business-news/Designing-work-for-Human-AI-collaboration-in-Malta-s-dynamic-economy-6736288666
0159,independent,article_pages,dataset_final\Independent\Article Pages\imgs\0159.png,data\html\independent\article_pages_34d9bf907e.html,https://www.independent.com.mt/articles/2026-04-09/business-news/Designing-work-for-Human-AI-collaboration-in-Malta-s-dynamic-economy-6736288666
0160,independent,article_pages,dataset_final\Independent\Article Pages\imgs\0160.png,data\html\independent\article_pages_34d9bf907e.html,https://www.independent.com.mt/articles/2026-04-09/business-news/Designing-work-for-Human-AI-collaboration-in-Malta-s-dynamic-economy-6736288666
0161,independent,article_pages,dataset_final\Independent\Article Pages\imgs\0161.png,data\html\independent\article_pages_34d9bf907e.html,https://www.independent.com.mt/articles/2026-04-09/business-news/Designing-work-for-Human-AI-collaboration-in-Malta-s-dynamic-economy-6736288666
0162,independent,article_pages,dataset_final\Independent\Article Pages\imgs\0162.png,data\html\independent\article_pages_34d9bf907e.html,https://www.independent.com.mt/articles/2026-04-09/business-news/Designing-work-for-Human-AI-collaboration-in-Malta-s-dynamic-economy-6736288666
0163,independent,article_pages,dataset_final\Independent\Article Pages\imgs\0163.png,data\html\independent\article_pages_34d9bf907e.html,https://www.independent.com.mt/articles/2026-04-09/business-news/Designing-work-for-Human-AI-collaboration-in-Malta-s-dynamic-economy-6736288666
0164,independent,article_pages,dataset_final\Independent\Article Pages\imgs\0164.png,data\html\independent\article_pages_34d9bf907e.html,https://www.independent.com.mt/articles/2026-04-09/business-news/Designing-work-for-Human-AI-collaboration-in-Malta-s-dynamic-economy-6736288666
0165,independent,article_pages,dataset_final\Independent\Article Pages\imgs\0165.png,data\html\independent\article_pages_34d9bf907e.html,https://www.independent.com.mt/articles/2026-04-09/business-news/Designing-work-for-Human-AI-collaboration-in-Malta-s-dynamic-economy-6736288666
0166,independent,article_pages,dataset_final\Independent\Article Pages\imgs\0166.png,data\html\independent\article_pages_34d9bf907e.html,https://www.independent.com.mt/articles/2026-04-09/business-news/Designing-work-for-Human-AI-collaboration-in-Malta-s-dynamic-economy-6736288666
0167,independent,article_pages,dataset_final\Independent\Article Pages\imgs\0167.png,data\html\independent\article_pages_34d9bf907e.html,https://www.independent.com.mt/articles/2026-04-09/business-news/Designing-work-for-Human-AI-collaboration-in-Malta-s-dynamic-economy-6736288666
0168,independent,article_pages,dataset_final\Independent\Article Pages\imgs\0168.png,data\html\independent\article_pages_34d9bf907e.html,https://www.independent.com.mt/articles/2026-04-09/business-news/Designing-work-for-Human-AI-collaboration-in-Malta-s-dynamic-economy-6736288666
0169,independent,article_pages,dataset_final\Independent\Article Pages\imgs\0169.png,data\html\independent\article_pages_34d9bf907e.html,https://www.independent.com.mt/articles/2026-04-09/business-news/Designing-work-for-Human-AI-collaboration-in-Malta-s-dynamic-economy-6736288666
0170,independent,article_pages,dataset_final\Independent\Article Pages\imgs\0170.png,data\html\independent\article_pages_34d9bf907e.html,https://www.independent.com.mt/articles/2026-04-09/business-news/Designing-work-for-Human-AI-collaboration-in-Malta-s-dynamic-economy-6736288666
0171,independent,article_pages,dataset_final\Independent\Article Pages\imgs\0171.png,data\html\independent\article_pages_34d9bf907e.html,https://www.independent.com.mt/articles/2026-04-09/business-news/Designing-work-for-Human-AI-collaboration-in-Malta-s-dynamic-economy-6736288666
0172,independent,article_pages,dataset_final\Independent\Article Pages\imgs\0172.png,data\html\independent\article_pages_34d9bf907e.html,https://www.independent.com.mt/articles/2026-04-09/business-news/Designing-work-for-Human-AI-collaboration-in-Malta-s-dynamic-economy-6736288666
0173,independent,article_pages,dataset_final\Independent\Article Pages\imgs\0173.png,data\html\independent\article_pages_34d9bf907e.html,https://www.independent.com.mt/articles/2026-04-09/business-news/Designing-work-for-Human-AI-collaboration-in-Malta-s-dynamic-economy-6736288666
0174,independent,article_pages,dataset_final\Independent\Article Pages\imgs\0174.png,data\html\independent\article_pages_34d9bf907e.html,https://www.independent.com.mt/articles/2026-04-09/business-news/Designing-work-for-Human-AI-collaboration-in-Malta-s-dynamic-economy-6736288666
0175,independent,article_pages,dataset_final\Independent\Article Pages\imgs\0175.png,data\html\independent\article_pages_34d9bf907e.html,https://www.independent.com.mt/articles/2026-04-09/business-news/Designing-work-for-Human-AI-collaboration-in-Malta-s-dynamic-economy-6736288666
0176,independent,article_pages,dataset_final\Independent\Article Pages\imgs\0176.png,data\html\independent\article_pages_34d9bf907e.html,https://www.independent.com.mt/articles/2026-04-09/business-news/Designing-work-for-Human-AI-collaboration-in-Malta-s-dynamic-economy-6736288666
0177,independent,article_pages,dataset_final\Independent\Article Pages\imgs\0177.png,data\html\independent\article_pages_34d9bf907e.html,https://www.independent.com.mt/articles/2026-04-09/business-news/Designing-work-for-Human-AI-collaboration-in-Malta-s-dynamic-economy-6736288666
0178,independent,article_pages,dataset_final\Independent\Article Pages\imgs\0178.png,data\html\independent\article_pages_34d9bf907e.html,https://www.independent.com.mt/articles/2026-04-09/business-news/Designing-work-for-Human-AI-collaboration-in-Malta-s-dynamic-economy-6736288666
0179,independent,article_pages,dataset_final\Independent\Article Pages\imgs\0179.png,data\html\independent\article_pages_a91cb66e22.html,https://www.independent.com.mt/articles/2026-02-22/newspaper-lifestyleculture/Movie-Review-In-Good-Luck-Have-Fun-Don-t-Die-a-man-from-the-future-fights-an-AI-apocalypse-6736287382
0180,independent,article_pages,dataset_final\Independent\Article Pages\imgs\0180.png,data\html\independent\article_pages_a91cb66e22.html,https://www.independent.com.mt/articles/2026-02-22/newspaper-lifestyleculture/Movie-Review-In-Good-Luck-Have-Fun-Don-t-Die-a-man-from-the-future-fights-an-AI-apocalypse-6736287382
0181,independent,article_pages,dataset_final\Independent\Article Pages\imgs\0181.png,data\html\independent\article_pages_a91cb66e22.html,https://www.independent.com.mt/articles/2026-02-22/newspaper-lifestyleculture/Movie-Review-In-Good-Luck-Have-Fun-Don-t-Die-a-man-from-the-future-fights-an-AI-apocalypse-6736287382
0182,independent,article_pages,dataset_final\Independent\Article Pages\imgs\0182.png,data\html\independent\article_pages_a91cb66e22.html,https://www.independent.com.mt/articles/2026-02-22/newspaper-lifestyleculture/Movie-Review-In-Good-Luck-Have-Fun-Don-t-Die-a-man-from-the-future-fights-an-AI-apocalypse-6736287382
0183,independent,article_pages,dataset_final\Independent\Article Pages\imgs\0183.png,data\html\independent\article_pages_a91cb66e22.html,https://www.independent.com.mt/articles/2026-02-22/newspaper-lifestyleculture/Movie-Review-In-Good-Luck-Have-Fun-Don-t-Die-a-man-from-the-future-fights-an-AI-apocalypse-6736287382
0184,independent,article_pages,dataset_final\Independent\Article Pages\imgs\0184.png,data\html\independent\article_pages_a91cb66e22.html,https://www.independent.com.mt/articles/2026-02-22/newspaper-lifestyleculture/Movie-Review-In-Good-Luck-Have-Fun-Don-t-Die-a-man-from-the-future-fights-an-AI-apocalypse-6736287382
0185,independent,article_pages,dataset_final\Independent\Article Pages\imgs\0185.png,data\html\independent\article_pages_a91cb66e22.html,https://www.independent.com.mt/articles/2026-02-22/newspaper-lifestyleculture/Movie-Review-In-Good-Luck-Have-Fun-Don-t-Die-a-man-from-the-future-fights-an-AI-apocalypse-6736287382
0186,independent,article_pages,dataset_final\Independent\Article Pages\imgs\0186.png,data\html\independent\article_pages_a91cb66e22.html,https://www.independent.com.mt/articles/2026-02-22/newspaper-lifestyleculture/Movie-Review-In-Good-Luck-Have-Fun-Don-t-Die-a-man-from-the-future-fights-an-AI-apocalypse-6736287382
0187,independent,article_pages,dataset_final\Independent\Article Pages\imgs\0187.png,data\html\independent\article_pages_a91cb66e22.html,https://www.independent.com.mt/articles/2026-02-22/newspaper-lifestyleculture/Movie-Review-In-Good-Luck-Have-Fun-Don-t-Die-a-man-from-the-future-fights-an-AI-apocalypse-6736287382
0188,independent,article_pages,dataset_final\Independent\Article Pages\imgs\0188.png,data\html\independent\article_pages_a91cb66e22.html,https://www.independent.com.mt/articles/2026-02-22/newspaper-lifestyleculture/Movie-Review-In-Good-Luck-Have-Fun-Don-t-Die-a-man-from-the-future-fights-an-AI-apocalypse-6736287382
0189,independent,article_pages,dataset_final\Independent\Article Pages\imgs\0189.png,data\html\independent\article_pages_a91cb66e22.html,https://www.independent.com.mt/articles/2026-02-22/newspaper-lifestyleculture/Movie-Review-In-Good-Luck-Have-Fun-Don-t-Die-a-man-from-the-future-fights-an-AI-apocalypse-6736287382
0190,independent,article_pages,dataset_final\Independent\Article Pages\imgs\0190.png,data\html\independent\article_pages_a91cb66e22.html,https://www.independent.com.mt/articles/2026-02-22/newspaper-lifestyleculture/Movie-Review-In-Good-Luck-Have-Fun-Don-t-Die-a-man-from-the-future-fights-an-AI-apocalypse-6736287382
0191,independent,article_pages,dataset_final\Independent\Article Pages\imgs\0191.png,data\html\independent\article_pages_a91cb66e22.html,https://www.independent.com.mt/articles/2026-02-22/newspaper-lifestyleculture/Movie-Review-In-Good-Luck-Have-Fun-Don-t-Die-a-man-from-the-future-fights-an-AI-apocalypse-6736287382
0192,independent,article_pages,dataset_final\Independent\Article Pages\imgs\0192.png,data\html\independent\article_pages_a91cb66e22.html,https://www.independent.com.mt/articles/2026-02-22/newspaper-lifestyleculture/Movie-Review-In-Good-Luck-Have-Fun-Don-t-Die-a-man-from-the-future-fights-an-AI-apocalypse-6736287382
0193,independent,article_pages,dataset_final\Independent\Article Pages\imgs\0193.png,data\html\independent\article_pages_a91cb66e22.html,https://www.independent.com.mt/articles/2026-02-22/newspaper-lifestyleculture/Movie-Review-In-Good-Luck-Have-Fun-Don-t-Die-a-man-from-the-future-fights-an-AI-apocalypse-6736287382
0194,independent,article_pages,dataset_final\Independent\Article Pages\imgs\0194.png,data\html\independent\article_pages_a91cb66e22.html,https://www.independent.com.mt/articles/2026-02-22/newspaper-lifestyleculture/Movie-Review-In-Good-Luck-Have-Fun-Don-t-Die-a-man-from-the-future-fights-an-AI-apocalypse-6736287382
0195,independent,article_pages,dataset_final\Independent\Article Pages\imgs\0195.png,data\html\independent\article_pages_a91cb66e22.html,https://www.independent.com.mt/articles/2026-02-22/newspaper-lifestyleculture/Movie-Review-In-Good-Luck-Have-Fun-Don-t-Die-a-man-from-the-future-fights-an-AI-apocalypse-6736287382
0196,independent,article_pages,dataset_final\Independent\Article Pages\imgs\0196.png,data\html\independent\article_pages_a91cb66e22.html,https://www.independent.com.mt/articles/2026-02-22/newspaper-lifestyleculture/Movie-Review-In-Good-Luck-Have-Fun-Don-t-Die-a-man-from-the-future-fights-an-AI-apocalypse-6736287382
0197,independent,article_pages,dataset_final\Independent\Article Pages\imgs\0197.png,data\html\independent\article_pages_a91cb66e22.html,https://www.independent.com.mt/articles/2026-02-22/newspaper-lifestyleculture/Movie-Review-In-Good-Luck-Have-Fun-Don-t-Die-a-man-from-the-future-fights-an-AI-apocalypse-6736287382
0198,independent,article_pages,dataset_final\Independent\Article Pages\imgs\0198.png,data\html\independent\article_pages_a91cb66e22.html,https://www.independent.com.mt/articles/2026-02-22/newspaper-lifestyleculture/Movie-Review-In-Good-Luck-Have-Fun-Don-t-Die-a-man-from-the-future-fights-an-AI-apocalypse-6736287382
0199,independent,article_pages,dataset_final\Independent\Article Pages\imgs\0199.png,data\html\independent\article_pages_f2efbe94c0.html,https://www.independent.com.mt/articles/2026-05-01/local-news/Three-injured-in-separate-traffic-accidents-6736289303
0200,independent,article_pages,dataset_final\Independent\Article Pages\imgs\0200.png,data\html\independent\article_pages_f2efbe94c0.html,https://www.independent.com.mt/articles/2026-05-01/local-news/Three-injured-in-separate-traffic-accidents-6736289303
0201,independent,article_pages,dataset_final\Independent\Article Pages\imgs\0201.png,data\html\independent\article_pages_f2efbe94c0.html,https://www.independent.com.mt/articles/2026-05-01/local-news/Three-injured-in-separate-traffic-accidents-6736289303
0202,independent,article_pages,dataset_final\Independent\Article Pages\imgs\0202.png,data\html\independent\article_pages_d86728ce31.html,https://www.independent.com.mt/articles/2026-04-20/world-news/Powerful-7-5-magnitude-earthquake-strikes-off-Japan-tsunami-alert-issued-6736288948
0203,independent,article_pages,dataset_final\Independent\Article Pages\imgs\0203.png,data\html\independent\article_pages_d86728ce31.html,https://www.independent.com.mt/articles/2026-04-20/world-news/Powerful-7-5-magnitude-earthquake-strikes-off-Japan-tsunami-alert-issued-6736288948
0204,malta_today,home_page,dataset_final\Malta Today\Home Page\0204.png,data\html\malta_today\home_page_6eedbfade8.html,https://www.maltatoday.com.mt/
0205,malta_today,home_page,dataset_final\Malta Today\Home Page\0205.png,data\html\malta_today\home_page_6eedbfade8.html,https://www.maltatoday.com.mt/
0206,malta_today,home_page,dataset_final\Malta Today\Home Page\0206.png,data\html\malta_today\home_page_6eedbfade8.html,https://www.maltatoday.com.mt/
0207,malta_today,home_page,dataset_final\Malta Today\Home Page\0207.png,data\html\malta_today\home_page_6eedbfade8.html,https://www.maltatoday.com.mt/
0208,malta_today,home_page,dataset_final\Malta Today\Home Page\0208.png,data\html\malta_today\home_page_6eedbfade8.html,https://www.maltatoday.com.mt/
0209,malta_today,home_page,dataset_final\Malta Today\Home Page\0209.png,data\html\malta_today\home_page_6eedbfade8.html,https://www.maltatoday.com.mt/
0210,malta_today,home_page,dataset_final\Malta Today\Home Page\0210.png,data\html\malta_today\home_page_6eedbfade8.html,https://www.maltatoday.com.mt/
0211,malta_today,home_page,dataset_final\Malta Today\Home Page\0211.png,data\html\malta_today\home_page_6eedbfade8.html,https://www.maltatoday.com.mt/
0212,malta_today,home_page,dataset_final\Malta Today\Home Page\0212.png,data\html\malta_today\home_page_6eedbfade8.html,https://www.maltatoday.com.mt/
0213,malta_today,home_page,dataset_final\Malta Today\Home Page\0213.png,data\html\malta_today\home_page_6eedbfade8.html,https://www.maltatoday.com.mt/
0214,malta_today,home_page,dataset_final\Malta Today\Home Page\0214.png,data\html\malta_today\home_page_6eedbfade8.html,https://www.maltatoday.com.mt/
0215,malta_today,home_page,dataset_final\Malta Today\Home Page\0215.png,data\html\malta_today\home_page_6eedbfade8.html,https://www.maltatoday.com.mt/
0216,malta_today,home_page,dataset_final\Malta Today\Home Page\0216.png,data\html\malta_today\home_page_6eedbfade8.html,https://www.maltatoday.com.mt/
0217,malta_today,home_page,dataset_final\Malta Today\Home Page\0217.png,data\html\malta_today\home_page_6eedbfade8.html,https://www.maltatoday.com.mt/
0218,malta_today,home_page,dataset_final\Malta Today\Home Page\0218.png,data\html\malta_today\home_page_6eedbfade8.html,https://www.maltatoday.com.mt/
0219,malta_today,home_page,dataset_final\Malta Today\Home Page\0219.png,data\html\malta_today\home_page_6eedbfade8.html,https://www.maltatoday.com.mt/
0220,malta_today,home_page,dataset_final\Malta Today\Home Page\0220.png,data\html\malta_today\home_page_6eedbfade8.html,https://www.maltatoday.com.mt/
0221,malta_today,home_page,dataset_final\Malta Today\Home Page\0221.png,data\html\malta_today\home_page_6eedbfade8.html,https://www.maltatoday.com.mt/
0222,malta_today,home_page,dataset_final\Malta Today\Home Page\0222.png,data\html\malta_today\home_page_6eedbfade8.html,https://www.maltatoday.com.mt/
0223,malta_today,home_page,dataset_final\Malta Today\Home Page\0223.png,data\html\malta_today\home_page_6eedbfade8.html,https://www.maltatoday.com.mt/
0224,malta_today,home_page,dataset_final\Malta Today\Home Page\0224.png,data\html\malta_today\home_page_6eedbfade8.html,https://www.maltatoday.com.mt/
0225,malta_today,home_page,dataset_final\Malta Today\Home Page\0225.png,data\html\malta_today\home_page_6eedbfade8.html,https://www.maltatoday.com.mt/
0226,malta_today,home_page,dataset_final\Malta Today\Home Page\0226.png,data\html\malta_today\home_page_6eedbfade8.html,https://www.maltatoday.com.mt/
0227,malta_today,home_page,dataset_final\Malta Today\Home Page\0227.png,data\html\malta_today\home_page_6eedbfade8.html,https://www.maltatoday.com.mt/
0228,malta_today,home_page,dataset_final\Malta Today\Home Page\0228.png,data\html\malta_today\home_page_6eedbfade8.html,https://www.maltatoday.com.mt/
0229,malta_today,home_page,dataset_final\Malta Today\Home Page\0229.png,data\html\malta_today\home_page_6eedbfade8.html,https://www.maltatoday.com.mt/
0230,malta_today,home_page,dataset_final\Malta Today\Home Page\0230.png,data\html\malta_today\home_page_6eedbfade8.html,https://www.maltatoday.com.mt/
0231,malta_today,home_page,dataset_final\Malta Today\Home Page\0231.png,data\html\malta_today\home_page_6eedbfade8.html,https://www.maltatoday.com.mt/
0232,malta_today,home_page,dataset_final\Malta Today\Home Page\0232.png,data\html\malta_today\home_page_6eedbfade8.html,https://www.maltatoday.com.mt/
0233,malta_today,home_page,dataset_final\Malta Today\Home Page\0233.png,data\html\malta_today\home_page_6eedbfade8.html,https://www.maltatoday.com.mt/
0234,malta_today,news_listing,dataset_final\Malta Today\News Listing\0234.png,data\html\malta_today\news_listing_040bd35e04.html,https://www.maltatoday.com.mt/news/national
0235,malta_today,news_listing,dataset_final\Malta Today\News Listing\0235.png,data\html\malta_today\news_listing_040bd35e04.html,https://www.maltatoday.com.mt/news/national
0236,malta_today,news_listing,dataset_final\Malta Today\News Listing\0236.png,data\html\malta_today\news_listing_040bd35e04.html,https://www.maltatoday.com.mt/news/national
0237,malta_today,news_listing,dataset_final\Malta Today\News Listing\0237.png,data\html\malta_today\news_listing_040bd35e04.html,https://www.maltatoday.com.mt/news/national
0238,malta_today,news_listing,dataset_final\Malta Today\News Listing\0238.png,data\html\malta_today\news_listing_040bd35e04.html,https://www.maltatoday.com.mt/news/national
0239,malta_today,news_listing,dataset_final\Malta Today\News Listing\0239.png,data\html\malta_today\news_listing_040bd35e04.html,https://www.maltatoday.com.mt/news/national
0240,malta_today,news_listing,dataset_final\Malta Today\News Listing\0240.png,data\html\malta_today\news_listing_040bd35e04.html,https://www.maltatoday.com.mt/news/national
0241,malta_today,news_listing,dataset_final\Malta Today\News Listing\0241.png,data\html\malta_today\news_listing_040bd35e04.html,https://www.maltatoday.com.mt/news/national
0242,malta_today,news_listing,dataset_final\Malta Today\News Listing\0242.png,data\html\malta_today\news_listing_040bd35e04.html,https://www.maltatoday.com.mt/news/national
0243,malta_today,news_listing,dataset_final\Malta Today\News Listing\0243.png,data\html\malta_today\news_listing_040bd35e04.html,https://www.maltatoday.com.mt/news/national
0244,malta_today,news_listing,dataset_final\Malta Today\News Listing\0244.png,data\html\malta_today\news_listing_1483b92173.html,https://www.maltatoday.com.mt/news/national/2
0245,malta_today,news_listing,dataset_final\Malta Today\News Listing\0245.png,data\html\malta_today\news_listing_1483b92173.html,https://www.maltatoday.com.mt/news/national/2
0246,malta_today,news_listing,dataset_final\Malta Today\News Listing\0246.png,data\html\malta_today\news_listing_1483b92173.html,https://www.maltatoday.com.mt/news/national/2
0247,malta_today,news_listing,dataset_final\Malta Today\News Listing\0247.png,data\html\malta_today\news_listing_1483b92173.html,https://www.maltatoday.com.mt/news/national/2
0248,malta_today,news_listing,dataset_final\Malta Today\News Listing\0248.png,data\html\malta_today\news_listing_1483b92173.html,https://www.maltatoday.com.mt/news/national/2
0249,malta_today,news_listing,dataset_final\Malta Today\News Listing\0249.png,data\html\malta_today\news_listing_8ea8576d9d.html,https://www.maltatoday.com.mt/news/national/3
0250,malta_today,news_listing,dataset_final\Malta Today\News Listing\0250.png,data\html\malta_today\news_listing_8ea8576d9d.html,https://www.maltatoday.com.mt/news/national/3
0251,malta_today,news_listing,dataset_final\Malta Today\News Listing\0251.png,data\html\malta_today\news_listing_8ea8576d9d.html,https://www.maltatoday.com.mt/news/national/3
0252,malta_today,news_listing,dataset_final\Malta Today\News Listing\0252.png,data\html\malta_today\news_listing_8ea8576d9d.html,https://www.maltatoday.com.mt/news/national/3
0253,malta_today,news_listing,dataset_final\Malta Today\News Listing\0253.png,data\html\malta_today\news_listing_8ea8576d9d.html,https://www.maltatoday.com.mt/news/national/3
0254,malta_today,news_listing,dataset_final\Malta Today\News Listing\0254.png,data\html\malta_today\news_listing_8ea8576d9d.html,https://www.maltatoday.com.mt/news/national/3
0255,malta_today,news_listing,dataset_final\Malta Today\News Listing\0255.png,data\html\malta_today\news_listing_8ea8576d9d.html,https://www.maltatoday.com.mt/news/national/3
0256,malta_today,news_listing,dataset_final\Malta Today\News Listing\0256.png,data\html\malta_today\news_listing_8ea8576d9d.html,https://www.maltatoday.com.mt/news/national/3
0257,malta_today,news_listing,dataset_final\Malta Today\News Listing\0257.png,data\html\malta_today\news_listing_8ea8576d9d.html,https://www.maltatoday.com.mt/news/national/3
0258,malta_today,news_listing,dataset_final\Malta Today\News Listing\0258.png,data\html\malta_today\news_listing_8ea8576d9d.html,https://www.maltatoday.com.mt/news/national/3
0259,malta_today,news_listing,dataset_final\Malta Today\News Listing\0259.png,data\html\malta_today\news_listing_8ea8576d9d.html,https://www.maltatoday.com.mt/news/national/3
0260,malta_today,news_listing,dataset_final\Malta Today\News Listing\0260.png,data\html\malta_today\news_listing_8ea8576d9d.html,https://www.maltatoday.com.mt/news/national/3
0261,malta_today,news_listing,dataset_final\Malta Today\News Listing\0261.png,data\html\malta_today\news_listing_8ea8576d9d.html,https://www.maltatoday.com.mt/news/national/3
0262,malta_today,news_listing,dataset_final\Malta Today\News Listing\0262.png,data\html\malta_today\news_listing_ca9e62ea69.html,https://www.maltatoday.com.mt/news/national/4
0263,malta_today,news_listing,dataset_final\Malta Today\News Listing\0263.png,data\html\malta_today\news_listing_ca9e62ea69.html,https://www.maltatoday.com.mt/news/national/4
0264,malta_today,news_listing,dataset_final\Malta Today\News Listing\0264.png,data\html\malta_today\news_listing_ca9e62ea69.html,https://www.maltatoday.com.mt/news/national/4
0265,malta_today,news_listing,dataset_final\Malta Today\News Listing\0265.png,data\html\malta_today\news_listing_ca9e62ea69.html,https://www.maltatoday.com.mt/news/national/4
0266,malta_today,news_listing,dataset_final\Malta Today\News Listing\0266.png,data\html\malta_today\news_listing_ca9e62ea69.html,https://www.maltatoday.com.mt/news/national/4
0267,malta_today,news_listing,dataset_final\Malta Today\News Listing\0267.png,data\html\malta_today\news_listing_ca9e62ea69.html,https://www.maltatoday.com.mt/news/national/4
0268,malta_today,news_listing,dataset_final\Malta Today\News Listing\0268.png,data\html\malta_today\news_listing_ca9e62ea69.html,https://www.maltatoday.com.mt/news/national/4
0269,malta_today,news_listing,dataset_final\Malta Today\News Listing\0269.png,data\html\malta_today\news_listing_ca9e62ea69.html,https://www.maltatoday.com.mt/news/national/4
0270,malta_today,news_listing,dataset_final\Malta Today\News Listing\0270.png,data\html\malta_today\news_listing_029a7c6ead.html,https://www.maltatoday.com.mt/news/national/5
0271,malta_today,news_listing,dataset_final\Malta Today\News Listing\0271.png,data\html\malta_today\news_listing_029a7c6ead.html,https://www.maltatoday.com.mt/news/national/5
0272,malta_today,news_listing,dataset_final\Malta Today\News Listing\0272.png,data\html\malta_today\news_listing_029a7c6ead.html,https://www.maltatoday.com.mt/news/national/5
0273,malta_today,news_listing,dataset_final\Malta Today\News Listing\0273.png,data\html\malta_today\news_listing_029a7c6ead.html,https://www.maltatoday.com.mt/news/national/5
0274,malta_today,news_listing,dataset_final\Malta Today\News Listing\0274.png,data\html\malta_today\news_listing_029a7c6ead.html,https://www.maltatoday.com.mt/news/national/5
0275,malta_today,news_listing,dataset_final\Malta Today\News Listing\0275.png,data\html\malta_today\news_listing_029a7c6ead.html,https://www.maltatoday.com.mt/news/national/5
0276,malta_today,news_listing,dataset_final\Malta Today\News Listing\0276.png,data\html\malta_today\news_listing_029a7c6ead.html,https://www.maltatoday.com.mt/news/national/5
0277,malta_today,news_listing,dataset_final\Malta Today\News Listing\0277.png,data\html\malta_today\news_listing_029a7c6ead.html,https://www.maltatoday.com.mt/news/national/5
0278,malta_today,news_listing,dataset_final\Malta Today\News Listing\0278.png,data\html\malta_today\news_listing_abbb5b2a92.html,https://www.maltatoday.com.mt/news/national/15
0279,malta_today,news_listing,dataset_final\Malta Today\News Listing\0279.png,data\html\malta_today\news_listing_abbb5b2a92.html,https://www.maltatoday.com.mt/news/national/15
0280,malta_today,news_listing,dataset_final\Malta Today\News Listing\0280.png,data\html\malta_today\news_listing_abbb5b2a92.html,https://www.maltatoday.com.mt/news/national/15
0281,malta_today,news_listing,dataset_final\Malta Today\News Listing\0281.png,data\html\malta_today\news_listing_abbb5b2a92.html,https://www.maltatoday.com.mt/news/national/15
0282,malta_today,news_listing,dataset_final\Malta Today\News Listing\0282.png,data\html\malta_today\news_listing_abbb5b2a92.html,https://www.maltatoday.com.mt/news/national/15
0283,malta_today,news_listing,dataset_final\Malta Today\News Listing\0283.png,data\html\malta_today\news_listing_abbb5b2a92.html,https://www.maltatoday.com.mt/news/national/15
0284,malta_today,news_listing,dataset_final\Malta Today\News Listing\0284.png,data\html\malta_today\news_listing_abbb5b2a92.html,https://www.maltatoday.com.mt/news/national/15
0285,malta_today,news_listing,dataset_final\Malta Today\News Listing\0285.png,data\html\malta_today\news_listing_abbb5b2a92.html,https://www.maltatoday.com.mt/news/national/15
0286,malta_today,news_listing,dataset_final\Malta Today\News Listing\0286.png,data\html\malta_today\news_listing_abbb5b2a92.html,https://www.maltatoday.com.mt/news/national/15
0287,malta_today,news_listing,dataset_final\Malta Today\News Listing\0287.png,data\html\malta_today\news_listing_593b0ed804.html,https://www.maltatoday.com.mt/news/national/16
0288,malta_today,news_listing,dataset_final\Malta Today\News Listing\0288.png,data\html\malta_today\news_listing_593b0ed804.html,https://www.maltatoday.com.mt/news/national/16
0289,malta_today,news_listing,dataset_final\Malta Today\News Listing\0289.png,data\html\malta_today\news_listing_593b0ed804.html,https://www.maltatoday.com.mt/news/national/16
0290,malta_today,news_listing,dataset_final\Malta Today\News Listing\0290.png,data\html\malta_today\news_listing_593b0ed804.html,https://www.maltatoday.com.mt/news/national/16
0291,malta_today,news_listing,dataset_final\Malta Today\News Listing\0291.png,data\html\malta_today\news_listing_593b0ed804.html,https://www.maltatoday.com.mt/news/national/16
0292,malta_today,news_listing,dataset_final\Malta Today\News Listing\0292.png,data\html\malta_today\news_listing_593b0ed804.html,https://www.maltatoday.com.mt/news/national/16
0293,malta_today,news_listing,dataset_final\Malta Today\News Listing\0293.png,data\html\malta_today\news_listing_593b0ed804.html,https://www.maltatoday.com.mt/news/national/16
0294,malta_today,news_listing,dataset_final\Malta Today\News Listing\0294.png,data\html\malta_today\news_listing_593b0ed804.html,https://www.maltatoday.com.mt/news/national/16
0295,malta_today,news_listing,dataset_final\Malta Today\News Listing\0295.png,data\html\malta_today\news_listing_c92b4460ea.html,https://www.maltatoday.com.mt/news/national/17
0296,malta_today,news_listing,dataset_final\Malta Today\News Listing\0296.png,data\html\malta_today\news_listing_c92b4460ea.html,https://www.maltatoday.com.mt/news/national/17
0297,malta_today,news_listing,dataset_final\Malta Today\News Listing\0297.png,data\html\malta_today\news_listing_c92b4460ea.html,https://www.maltatoday.com.mt/news/national/17
0298,malta_today,news_listing,dataset_final\Malta Today\News Listing\0298.png,data\html\malta_today\news_listing_c92b4460ea.html,https://www.maltatoday.com.mt/news/national/17
0299,malta_today,news_listing,dataset_final\Malta Today\News Listing\0299.png,data\html\malta_today\news_listing_c92b4460ea.html,https://www.maltatoday.com.mt/news/national/17
0300,malta_today,news_listing,dataset_final\Malta Today\News Listing\0300.png,data\html\malta_today\news_listing_c92b4460ea.html,https://www.maltatoday.com.mt/news/national/17
0301,malta_today,news_listing,dataset_final\Malta Today\News Listing\0301.png,data\html\malta_today\news_listing_c92b4460ea.html,https://www.maltatoday.com.mt/news/national/17
0302,malta_today,news_listing,dataset_final\Malta Today\News Listing\0302.png,data\html\malta_today\news_listing_c92b4460ea.html,https://www.maltatoday.com.mt/news/national/17
0303,malta_today,article_pages,dataset_final\Malta Today\Article Pages\imgs\0303.png,data\html\malta_today\article_pages_7b21c14ec6.html,https://www.maltatoday.com.mt/news/court_and_police/141412/three_people_including_fiveyearold_girl_injured_in_separate_road_accidents
0304,malta_today,article_pages,dataset_final\Malta Today\Article Pages\imgs\0304.png,data\html\malta_today\article_pages_7b21c14ec6.html,https://www.maltatoday.com.mt/news/court_and_police/141412/three_people_including_fiveyearold_girl_injured_in_separate_road_accidents
0305,malta_today,article_pages,dataset_final\Malta Today\Article Pages\imgs\0305.png,data\html\malta_today\article_pages_7b21c14ec6.html,https://www.maltatoday.com.mt/news/court_and_police/141412/three_people_including_fiveyearold_girl_injured_in_separate_road_accidents
0306,malta_today,article_pages,dataset_final\Malta Today\Article Pages\imgs\0306.png,data\html\malta_today\article_pages_7b21c14ec6.html,https://www.maltatoday.com.mt/news/court_and_police/141412/three_people_including_fiveyearold_girl_injured_in_separate_road_accidents
0307,malta_today,article_pages,dataset_final\Malta Today\Article Pages\imgs\0307.png,data\html\malta_today\article_pages_7b21c14ec6.html,https://www.maltatoday.com.mt/news/court_and_police/141412/three_people_including_fiveyearold_girl_injured_in_separate_road_accidents
0308,malta_today,article_pages,dataset_final\Malta Today\Article Pages\imgs\0308.png,data\html\malta_today\article_pages_7b21c14ec6.html,https://www.maltatoday.com.mt/news/court_and_police/141412/three_people_including_fiveyearold_girl_injured_in_separate_road_accidents
0309,malta_today,article_pages,dataset_final\Malta Today\Article Pages\imgs\0309.png,data\html\malta_today\article_pages_7b21c14ec6.html,https://www.maltatoday.com.mt/news/court_and_police/141412/three_people_including_fiveyearold_girl_injured_in_separate_road_accidents
0310,malta_today,article_pages,dataset_final\Malta Today\Article Pages\imgs\0310.png,data\html\malta_today\article_pages_7b21c14ec6.html,https://www.maltatoday.com.mt/news/court_and_police/141412/three_people_including_fiveyearold_girl_injured_in_separate_road_accidents
0311,malta_today,article_pages,dataset_final\Malta Today\Article Pages\imgs\0311.png,data\html\malta_today\article_pages_7b21c14ec6.html,https://www.maltatoday.com.mt/news/court_and_police/141412/three_people_including_fiveyearold_girl_injured_in_separate_road_accidents
0312,malta_today,article_pages,dataset_final\Malta Today\Article Pages\imgs\0312.png,data\html\malta_today\article_pages_a7c5902ef9.html,https://www.maltatoday.com.mt/news/election-2026/141383/adpd_raises_concerns_on_maltas_energy_supply
0313,malta_today,article_pages,dataset_final\Malta Today\Article Pages\imgs\0313.png,data\html\malta_today\article_pages_a7c5902ef9.html,https://www.maltatoday.com.mt/news/election-2026/141383/adpd_raises_concerns_on_maltas_energy_supply
0314,malta_today,article_pages,dataset_final\Malta Today\Article Pages\imgs\0314.png,data\html\malta_today\article_pages_a7c5902ef9.html,https://www.maltatoday.com.mt/news/election-2026/141383/adpd_raises_concerns_on_maltas_energy_supply
0315,malta_today,article_pages,dataset_final\Malta Today\Article Pages\imgs\0315.png,data\html\malta_today\article_pages_a7c5902ef9.html,https://www.maltatoday.com.mt/news/election-2026/141383/adpd_raises_concerns_on_maltas_energy_supply
0316,malta_today,article_pages,dataset_final\Malta Today\Article Pages\imgs\0316.png,data\html\malta_today\article_pages_a7c5902ef9.html,https://www.maltatoday.com.mt/news/election-2026/141383/adpd_raises_concerns_on_maltas_energy_supply
0317,malta_today,article_pages,dataset_final\Malta Today\Article Pages\imgs\0317.png,data\html\malta_today\article_pages_a7c5902ef9.html,https://www.maltatoday.com.mt/news/election-2026/141383/adpd_raises_concerns_on_maltas_energy_supply
0318,malta_today,article_pages,dataset_final\Malta Today\Article Pages\imgs\0318.png,data\html\malta_today\article_pages_a7c5902ef9.html,https://www.maltatoday.com.mt/news/election-2026/141383/adpd_raises_concerns_on_maltas_energy_supply
0319,malta_today,article_pages,dataset_final\Malta Today\Article Pages\imgs\0319.png,data\html\malta_today\article_pages_a7c5902ef9.html,https://www.maltatoday.com.mt/news/election-2026/141383/adpd_raises_concerns_on_maltas_energy_supply
0320,malta_today,article_pages,dataset_final\Malta Today\Article Pages\imgs\0320.png,data\html\malta_today\article_pages_f76b60a032.html,https://www.maltatoday.com.mt/news/election-2026/141326/edits_flood_social_media_as_malta_heads_for_its_first_election_in_the_age_of_ai
0321,malta_today,article_pages,dataset_final\Malta Today\Article Pages\imgs\0321.png,data\html\malta_today\article_pages_f76b60a032.html,https://www.maltatoday.com.mt/news/election-2026/141326/edits_flood_social_media_as_malta_heads_for_its_first_election_in_the_age_of_ai
0322,malta_today,article_pages,dataset_final\Malta Today\Article Pages\imgs\0322.png,data\html\malta_today\article_pages_f76b60a032.html,https://www.maltatoday.com.mt/news/election-2026/141326/edits_flood_social_media_as_malta_heads_for_its_first_election_in_the_age_of_ai
0323,malta_today,article_pages,dataset_final\Malta Today\Article Pages\imgs\0323.png,data\html\malta_today\article_pages_f76b60a032.html,https://www.maltatoday.com.mt/news/election-2026/141326/edits_flood_social_media_as_malta_heads_for_its_first_election_in_the_age_of_ai
0324,malta_today,article_pages,dataset_final\Malta Today\Article Pages\imgs\0324.png,data\html\malta_today\article_pages_f76b60a032.html,https://www.maltatoday.com.mt/news/election-2026/141326/edits_flood_social_media_as_malta_heads_for_its_first_election_in_the_age_of_ai
0325,malta_today,article_pages,dataset_final\Malta Today\Article Pages\imgs\0325.png,data\html\malta_today\article_pages_f76b60a032.html,https://www.maltatoday.com.mt/news/election-2026/141326/edits_flood_social_media_as_malta_heads_for_its_first_election_in_the_age_of_ai
0326,malta_today,article_pages,dataset_final\Malta Today\Article Pages\imgs\0326.png,data\html\malta_today\article_pages_f76b60a032.html,https://www.maltatoday.com.mt/news/election-2026/141326/edits_flood_social_media_as_malta_heads_for_its_first_election_in_the_age_of_ai
0327,malta_today,article_pages,dataset_final\Malta Today\Article Pages\imgs\0327.png,data\html\malta_today\article_pages_f76b60a032.html,https://www.maltatoday.com.mt/news/election-2026/141326/edits_flood_social_media_as_malta_heads_for_its_first_election_in_the_age_of_ai
0328,malta_today,article_pages,dataset_final\Malta Today\Article Pages\imgs\0328.png,data\html\malta_today\article_pages_f76b60a032.html,https://www.maltatoday.com.mt/news/election-2026/141326/edits_flood_social_media_as_malta_heads_for_its_first_election_in_the_age_of_ai
0329,malta_today,article_pages,dataset_final\Malta Today\Article Pages\imgs\0329.png,data\html\malta_today\article_pages_f76b60a032.html,https://www.maltatoday.com.mt/news/election-2026/141326/edits_flood_social_media_as_malta_heads_for_its_first_election_in_the_age_of_ai
0330,malta_today,article_pages,dataset_final\Malta Today\Article Pages\imgs\0330.png,data\html\malta_today\article_pages_f76b60a032.html,https://www.maltatoday.com.mt/news/election-2026/141326/edits_flood_social_media_as_malta_heads_for_its_first_election_in_the_age_of_ai
0331,malta_today,article_pages,dataset_final\Malta Today\Article Pages\imgs\0331.png,data\html\malta_today\article_pages_7191949fdb.html,https://www.maltatoday.com.mt/business/tech/137210/responsible_gaming_how_malta_can_lead_europe
0332,malta_today,article_pages,dataset_final\Malta Today\Article Pages\imgs\0332.png,data\html\malta_today\article_pages_7191949fdb.html,https://www.maltatoday.com.mt/business/tech/137210/responsible_gaming_how_malta_can_lead_europe
0333,malta_today,article_pages,dataset_final\Malta Today\Article Pages\imgs\0333.png,data\html\malta_today\article_pages_7191949fdb.html,https://www.maltatoday.com.mt/business/tech/137210/responsible_gaming_how_malta_can_lead_europe
0334,malta_today,article_pages,dataset_final\Malta Today\Article Pages\imgs\0334.png,data\html\malta_today\article_pages_7191949fdb.html,https://www.maltatoday.com.mt/business/tech/137210/responsible_gaming_how_malta_can_lead_europe
0335,malta_today,article_pages,dataset_final\Malta Today\Article Pages\imgs\0335.png,data\html\malta_today\article_pages_7191949fdb.html,https://www.maltatoday.com.mt/business/tech/137210/responsible_gaming_how_malta_can_lead_europe
0336,malta_today,article_pages,dataset_final\Malta Today\Article Pages\imgs\0336.png,data\html\malta_today\article_pages_7191949fdb.html,https://www.maltatoday.com.mt/business/tech/137210/responsible_gaming_how_malta_can_lead_europe
0337,malta_today,article_pages,dataset_final\Malta Today\Article Pages\imgs\0337.png,data\html\malta_today\article_pages_7191949fdb.html,https://www.maltatoday.com.mt/business/tech/137210/responsible_gaming_how_malta_can_lead_europe
0338,malta_today,article_pages,dataset_final\Malta Today\Article Pages\imgs\0338.png,data\html\malta_today\article_pages_7191949fdb.html,https://www.maltatoday.com.mt/business/tech/137210/responsible_gaming_how_malta_can_lead_europe
0339,malta_today,article_pages,dataset_final\Malta Today\Article Pages\imgs\0339.png,data\html\malta_today\article_pages_7191949fdb.html,https://www.maltatoday.com.mt/business/tech/137210/responsible_gaming_how_malta_can_lead_europe
0340,malta_today,article_pages,dataset_final\Malta Today\Article Pages\imgs\0340.png,data\html\malta_today\article_pages_7191949fdb.html,https://www.maltatoday.com.mt/business/tech/137210/responsible_gaming_how_malta_can_lead_europe
0341,malta_today,article_pages,dataset_final\Malta Today\Article Pages\imgs\0341.png,data\html\malta_today\article_pages_7191949fdb.html,https://www.maltatoday.com.mt/business/tech/137210/responsible_gaming_how_malta_can_lead_europe
0342,malta_today,article_pages,dataset_final\Malta Today\Article Pages\imgs\0342.png,data\html\malta_today\article_pages_7191949fdb.html,https://www.maltatoday.com.mt/business/tech/137210/responsible_gaming_how_malta_can_lead_europe
0343,malta_today,article_pages,dataset_final\Malta Today\Article Pages\imgs\0343.png,data\html\malta_today\article_pages_7191949fdb.html,https://www.maltatoday.com.mt/business/tech/137210/responsible_gaming_how_malta_can_lead_europe
0344,malta_today,article_pages,dataset_final\Malta Today\Article Pages\imgs\0344.png,data\html\malta_today\article_pages_7191949fdb.html,https://www.maltatoday.com.mt/business/tech/137210/responsible_gaming_how_malta_can_lead_europe
0345,malta_today,article_pages,dataset_final\Malta Today\Article Pages\imgs\0345.png,data\html\malta_today\article_pages_7191949fdb.html,https://www.maltatoday.com.mt/business/tech/137210/responsible_gaming_how_malta_can_lead_europe
0346,malta_today,article_pages,dataset_final\Malta Today\Article Pages\imgs\0346.png,data\html\malta_today\article_pages_7191949fdb.html,https://www.maltatoday.com.mt/business/tech/137210/responsible_gaming_how_malta_can_lead_europe
0347,malta_today,article_pages,dataset_final\Malta Today\Article Pages\imgs\0347.png,data\html\malta_today\article_pages_7191949fdb.html,https://www.maltatoday.com.mt/business/tech/137210/responsible_gaming_how_malta_can_lead_europe
0348,malta_today,article_pages,dataset_final\Malta Today\Article Pages\imgs\0348.png,data\html\malta_today\article_pages_11d68c9832.html,https://www.maltatoday.com.mt/business/tech/140234/why_gut_health_is_becoming_a_major_focus_for_people_in_malta
0349,malta_today,article_pages,dataset_final\Malta Today\Article Pages\imgs\0349.png,data\html\malta_today\article_pages_11d68c9832.html,https://www.maltatoday.com.mt/business/tech/140234/why_gut_health_is_becoming_a_major_focus_for_people_in_malta
0350,malta_today,article_pages,dataset_final\Malta Today\Article Pages\imgs\0350.png,data\html\malta_today\article_pages_11d68c9832.html,https://www.maltatoday.com.mt/business/tech/140234/why_gut_health_is_becoming_a_major_focus_for_people_in_malta
0351,malta_today,article_pages,dataset_final\Malta Today\Article Pages\imgs\0351.png,data\html\malta_today\article_pages_11d68c9832.html,https://www.maltatoday.com.mt/business/tech/140234/why_gut_health_is_becoming_a_major_focus_for_people_in_malta
0352,malta_today,article_pages,dataset_final\Malta Today\Article Pages\imgs\0352.png,data\html\malta_today\article_pages_11d68c9832.html,https://www.maltatoday.com.mt/business/tech/140234/why_gut_health_is_becoming_a_major_focus_for_people_in_malta
0353,malta_today,article_pages,dataset_final\Malta Today\Article Pages\imgs\0353.png,data\html\malta_today\article_pages_11d68c9832.html,https://www.maltatoday.com.mt/business/tech/140234/why_gut_health_is_becoming_a_major_focus_for_people_in_malta
0354,malta_today,article_pages,dataset_final\Malta Today\Article Pages\imgs\0354.png,data\html\malta_today\article_pages_11d68c9832.html,https://www.maltatoday.com.mt/business/tech/140234/why_gut_health_is_becoming_a_major_focus_for_people_in_malta
0355,malta_today,article_pages,dataset_final\Malta Today\Article Pages\imgs\0355.png,data\html\malta_today\article_pages_11d68c9832.html,https://www.maltatoday.com.mt/business/tech/140234/why_gut_health_is_becoming_a_major_focus_for_people_in_malta
0356,malta_today,article_pages,dataset_final\Malta Today\Article Pages\imgs\0356.png,data\html\malta_today\article_pages_11d68c9832.html,https://www.maltatoday.com.mt/business/tech/140234/why_gut_health_is_becoming_a_major_focus_for_people_in_malta
0357,malta_today,article_pages,dataset_final\Malta Today\Article Pages\imgs\0357.png,data\html\malta_today\article_pages_11d68c9832.html,https://www.maltatoday.com.mt/business/tech/140234/why_gut_health_is_becoming_a_major_focus_for_people_in_malta
0358,malta_today,article_pages,dataset_final\Malta Today\Article Pages\imgs\0358.png,data\html\malta_today\article_pages_11d68c9832.html,https://www.maltatoday.com.mt/business/tech/140234/why_gut_health_is_becoming_a_major_focus_for_people_in_malta
0359,malta_today,article_pages,dataset_final\Malta Today\Article Pages\imgs\0359.png,data\html\malta_today\article_pages_11d68c9832.html,https://www.maltatoday.com.mt/business/tech/140234/why_gut_health_is_becoming_a_major_focus_for_people_in_malta
0360,newsbook,home_page,dataset_final\Newsbook\Home Page\0360.png,data\html\newsbook\home_page_f31b7c98e4.html,https://newsbook.com.mt/
0361,newsbook,home_page,dataset_final\Newsbook\Home Page\0361.png,data\html\newsbook\home_page_f31b7c98e4.html,https://newsbook.com.mt/
0362,newsbook,home_page,dataset_final\Newsbook\Home Page\0362.png,data\html\newsbook\home_page_f31b7c98e4.html,https://newsbook.com.mt/
0363,newsbook,home_page,dataset_final\Newsbook\Home Page\0363.png,data\html\newsbook\home_page_f31b7c98e4.html,https://newsbook.com.mt/
0364,newsbook,home_page,dataset_final\Newsbook\Home Page\0364.png,data\html\newsbook\home_page_f31b7c98e4.html,https://newsbook.com.mt/
0365,newsbook,home_page,dataset_final\Newsbook\Home Page\0365.png,data\html\newsbook\home_page_f31b7c98e4.html,https://newsbook.com.mt/
0366,newsbook,home_page,dataset_final\Newsbook\Home Page\0366.png,data\html\newsbook\home_page_f31b7c98e4.html,https://newsbook.com.mt/
0367,newsbook,home_page,dataset_final\Newsbook\Home Page\0367.png,data\html\newsbook\home_page_f31b7c98e4.html,https://newsbook.com.mt/
0368,newsbook,home_page,dataset_final\Newsbook\Home Page\0368.png,data\html\newsbook\home_page_f31b7c98e4.html,https://newsbook.com.mt/
0369,newsbook,home_page,dataset_final\Newsbook\Home Page\0369.png,data\html\newsbook\home_page_f31b7c98e4.html,https://newsbook.com.mt/
0370,newsbook,home_page,dataset_final\Newsbook\Home Page\0370.png,data\html\newsbook\home_page_f31b7c98e4.html,https://newsbook.com.mt/
0371,newsbook,home_page,dataset_final\Newsbook\Home Page\0371.png,data\html\newsbook\home_page_f31b7c98e4.html,https://newsbook.com.mt/
0372,newsbook,home_page,dataset_final\Newsbook\Home Page\0372.png,data\html\newsbook\home_page_f31b7c98e4.html,https://newsbook.com.mt/
0373,newsbook,home_page,dataset_final\Newsbook\Home Page\0373.png,data\html\newsbook\home_page_f31b7c98e4.html,https://newsbook.com.mt/
0374,newsbook,home_page,dataset_final\Newsbook\Home Page\0374.png,data\html\newsbook\home_page_f31b7c98e4.html,https://newsbook.com.mt/
0375,newsbook,home_page,dataset_final\Newsbook\Home Page\0375.png,data\html\newsbook\home_page_f31b7c98e4.html,https://newsbook.com.mt/
0376,newsbook,home_page,dataset_final\Newsbook\Home Page\0376.png,data\html\newsbook\home_page_f31b7c98e4.html,https://newsbook.com.mt/
0377,newsbook,home_page,dataset_final\Newsbook\Home Page\0377.png,data\html\newsbook\home_page_f31b7c98e4.html,https://newsbook.com.mt/
0378,newsbook,home_page,dataset_final\Newsbook\Home Page\0378.png,data\html\newsbook\home_page_f31b7c98e4.html,https://newsbook.com.mt/
0379,newsbook,home_page,dataset_final\Newsbook\Home Page\0379.png,data\html\newsbook\home_page_f31b7c98e4.html,https://newsbook.com.mt/
0380,newsbook,home_page,dataset_final\Newsbook\Home Page\0380.png,data\html\newsbook\home_page_f31b7c98e4.html,https://newsbook.com.mt/
0381,newsbook,home_page,dataset_final\Newsbook\Home Page\0381.png,data\html\newsbook\home_page_f31b7c98e4.html,https://newsbook.com.mt/
0382,newsbook,home_page,dataset_final\Newsbook\Home Page\0382.png,data\html\newsbook\home_page_f31b7c98e4.html,https://newsbook.com.mt/
0383,newsbook,home_page,dataset_final\Newsbook\Home Page\0383.png,data\html\newsbook\home_page_f31b7c98e4.html,https://newsbook.com.mt/
0384,newsbook,home_page,dataset_final\Newsbook\Home Page\0384.png,data\html\newsbook\home_page_f31b7c98e4.html,https://newsbook.com.mt/
0385,newsbook,home_page,dataset_final\Newsbook\Home Page\0385.png,data\html\newsbook\home_page_f31b7c98e4.html,https://newsbook.com.mt/
0386,newsbook,home_page,dataset_final\Newsbook\Home Page\0386.png,data\html\newsbook\home_page_f31b7c98e4.html,https://newsbook.com.mt/
0387,newsbook,home_page,dataset_final\Newsbook\Home Page\0387.png,data\html\newsbook\home_page_f31b7c98e4.html,https://newsbook.com.mt/
0388,newsbook,home_page,dataset_final\Newsbook\Home Page\0388.png,data\html\newsbook\home_page_f31b7c98e4.html,https://newsbook.com.mt/
0389,newsbook,home_page,dataset_final\Newsbook\Home Page\0389.png,data\html\newsbook\home_page_f31b7c98e4.html,https://newsbook.com.mt/
0390,newsbook,home_page,dataset_final\Newsbook\Home Page\0390.png,data\html\newsbook\home_page_f31b7c98e4.html,https://newsbook.com.mt/
0391,newsbook,home_page,dataset_final\Newsbook\Home Page\0391.png,data\html\newsbook\home_page_f31b7c98e4.html,https://newsbook.com.mt/
0392,newsbook,home_page,dataset_final\Newsbook\Home Page\0392.png,data\html\newsbook\home_page_f31b7c98e4.html,https://newsbook.com.mt/
0393,newsbook,home_page,dataset_final\Newsbook\Home Page\0393.png,data\html\newsbook\home_page_f31b7c98e4.html,https://newsbook.com.mt/
0394,newsbook,home_page,dataset_final\Newsbook\Home Page\0394.png,data\html\newsbook\home_page_f31b7c98e4.html,https://newsbook.com.mt/
0395,newsbook,news_listing,dataset_final\Newsbook\News Listing\0395.png,data\html\newsbook\news_listing_d6cc319cdf.html,https://newsbook.com.mt/category/ahbarijiet/lokali/
0396,newsbook,news_listing,dataset_final\Newsbook\News Listing\0396.png,data\html\newsbook\news_listing_d6cc319cdf.html,https://newsbook.com.mt/category/ahbarijiet/lokali/
0397,newsbook,news_listing,dataset_final\Newsbook\News Listing\0397.png,data\html\newsbook\news_listing_d6cc319cdf.html,https://newsbook.com.mt/category/ahbarijiet/lokali/
0398,newsbook,news_listing,dataset_final\Newsbook\News Listing\0398.png,data\html\newsbook\news_listing_d6cc319cdf.html,https://newsbook.com.mt/category/ahbarijiet/lokali/
0399,newsbook,news_listing,dataset_final\Newsbook\News Listing\0399.png,data\html\newsbook\news_listing_d6cc319cdf.html,https://newsbook.com.mt/category/ahbarijiet/lokali/
0400,newsbook,news_listing,dataset_final\Newsbook\News Listing\0400.png,data\html\newsbook\news_listing_d6cc319cdf.html,https://newsbook.com.mt/category/ahbarijiet/lokali/
0401,newsbook,news_listing,dataset_final\Newsbook\News Listing\0401.png,data\html\newsbook\news_listing_d6cc319cdf.html,https://newsbook.com.mt/category/ahbarijiet/lokali/
0402,newsbook,news_listing,dataset_final\Newsbook\News Listing\0402.png,data\html\newsbook\news_listing_0f7c403ef0.html,https://newsbook.com.mt/category/ahbarijiet/lokali/page/2
0403,newsbook,news_listing,dataset_final\Newsbook\News Listing\0403.png,data\html\newsbook\news_listing_0f7c403ef0.html,https://newsbook.com.mt/category/ahbarijiet/lokali/page/2
0404,newsbook,news_listing,dataset_final\Newsbook\News Listing\0404.png,data\html\newsbook\news_listing_0f7c403ef0.html,https://newsbook.com.mt/category/ahbarijiet/lokali/page/2
0405,newsbook,news_listing,dataset_final\Newsbook\News Listing\0405.png,data\html\newsbook\news_listing_0f7c403ef0.html,https://newsbook.com.mt/category/ahbarijiet/lokali/page/2
0406,newsbook,news_listing,dataset_final\Newsbook\News Listing\0406.png,data\html\newsbook\news_listing_0f7c403ef0.html,https://newsbook.com.mt/category/ahbarijiet/lokali/page/2
0407,newsbook,news_listing,dataset_final\Newsbook\News Listing\0407.png,data\html\newsbook\news_listing_0f7c403ef0.html,https://newsbook.com.mt/category/ahbarijiet/lokali/page/2
0408,newsbook,news_listing,dataset_final\Newsbook\News Listing\0408.png,data\html\newsbook\news_listing_0f7c403ef0.html,https://newsbook.com.mt/category/ahbarijiet/lokali/page/2
0409,newsbook,news_listing,dataset_final\Newsbook\News Listing\0409.png,data\html\newsbook\news_listing_40998412ad.html,https://newsbook.com.mt/category/ahbarijiet/lokali/page/3
0410,newsbook,news_listing,dataset_final\Newsbook\News Listing\0410.png,data\html\newsbook\news_listing_40998412ad.html,https://newsbook.com.mt/category/ahbarijiet/lokali/page/3
0411,newsbook,news_listing,dataset_final\Newsbook\News Listing\0411.png,data\html\newsbook\news_listing_40998412ad.html,https://newsbook.com.mt/category/ahbarijiet/lokali/page/3
0412,newsbook,news_listing,dataset_final\Newsbook\News Listing\0412.png,data\html\newsbook\news_listing_40998412ad.html,https://newsbook.com.mt/category/ahbarijiet/lokali/page/3
0413,newsbook,news_listing,dataset_final\Newsbook\News Listing\0413.png,data\html\newsbook\news_listing_e4854757da.html,https://newsbook.com.mt/category/ahbarijiet/lokali/page/4
0414,newsbook,news_listing,dataset_final\Newsbook\News Listing\0414.png,data\html\newsbook\news_listing_e4854757da.html,https://newsbook.com.mt/category/ahbarijiet/lokali/page/4
0415,newsbook,news_listing,dataset_final\Newsbook\News Listing\0415.png,data\html\newsbook\news_listing_e4854757da.html,https://newsbook.com.mt/category/ahbarijiet/lokali/page/4
0416,newsbook,news_listing,dataset_final\Newsbook\News Listing\0416.png,data\html\newsbook\news_listing_9508435bd6.html,https://newsbook.com.mt/category/ahbarijiet/lokali/page/5
0417,newsbook,news_listing,dataset_final\Newsbook\News Listing\0417.png,data\html\newsbook\news_listing_1a3eabb434.html,https://newsbook.com.mt/en/category/news/local/
0418,newsbook,news_listing,dataset_final\Newsbook\News Listing\0418.png,data\html\newsbook\news_listing_1a3eabb434.html,https://newsbook.com.mt/en/category/news/local/
0419,newsbook,news_listing,dataset_final\Newsbook\News Listing\0419.png,data\html\newsbook\news_listing_1a3eabb434.html,https://newsbook.com.mt/en/category/news/local/
0420,newsbook,news_listing,dataset_final\Newsbook\News Listing\0420.png,data\html\newsbook\news_listing_1a3eabb434.html,https://newsbook.com.mt/en/category/news/local/
0421,newsbook,news_listing,dataset_final\Newsbook\News Listing\0421.png,data\html\newsbook\news_listing_1a3eabb434.html,https://newsbook.com.mt/en/category/news/local/
0422,newsbook,news_listing,dataset_final\Newsbook\News Listing\0422.png,data\html\newsbook\news_listing_4b57e15e9b.html,https://newsbook.com.mt/en/category/news/local/page/2
0423,newsbook,news_listing,dataset_final\Newsbook\News Listing\0423.png,data\html\newsbook\news_listing_4b57e15e9b.html,https://newsbook.com.mt/en/category/news/local/page/2
0424,newsbook,news_listing,dataset_final\Newsbook\News Listing\0424.png,data\html\newsbook\news_listing_4b57e15e9b.html,https://newsbook.com.mt/en/category/news/local/page/2
0425,newsbook,news_listing,dataset_final\Newsbook\News Listing\0425.png,data\html\newsbook\news_listing_4b57e15e9b.html,https://newsbook.com.mt/en/category/news/local/page/2
0426,newsbook,news_listing,dataset_final\Newsbook\News Listing\0426.png,data\html\newsbook\news_listing_b682504fbd.html,https://newsbook.com.mt/en/category/news/local/page/3
0427,newsbook,news_listing,dataset_final\Newsbook\News Listing\0427.png,data\html\newsbook\news_listing_b682504fbd.html,https://newsbook.com.mt/en/category/news/local/page/3
0428,newsbook,news_listing,dataset_final\Newsbook\News Listing\0428.png,data\html\newsbook\news_listing_b682504fbd.html,https://newsbook.com.mt/en/category/news/local/page/3
0429,newsbook,news_listing,dataset_final\Newsbook\News Listing\0429.png,data\html\newsbook\news_listing_f0136433fa.html,https://newsbook.com.mt/en/category/news/local/page/4
0430,newsbook,news_listing,dataset_final\Newsbook\News Listing\0430.png,data\html\newsbook\news_listing_f0136433fa.html,https://newsbook.com.mt/en/category/news/local/page/4
0431,newsbook,news_listing,dataset_final\Newsbook\News Listing\0431.png,data\html\newsbook\news_listing_f0136433fa.html,https://newsbook.com.mt/en/category/news/local/page/4
0432,newsbook,news_listing,dataset_final\Newsbook\News Listing\0432.png,data\html\newsbook\news_listing_b6795b5400.html,https://newsbook.com.mt/en/category/news/local/page/5
0433,newsbook,news_listing,dataset_final\Newsbook\News Listing\0433.png,data\html\newsbook\news_listing_05c84dc762.html,https://newsbook.com.mt/category/ahbarijiet/internazzjonali/
0434,newsbook,news_listing,dataset_final\Newsbook\News Listing\0434.png,data\html\newsbook\news_listing_05c84dc762.html,https://newsbook.com.mt/category/ahbarijiet/internazzjonali/
0435,newsbook,news_listing,dataset_final\Newsbook\News Listing\0435.png,data\html\newsbook\news_listing_05c84dc762.html,https://newsbook.com.mt/category/ahbarijiet/internazzjonali/
0436,newsbook,news_listing,dataset_final\Newsbook\News Listing\0436.png,data\html\newsbook\news_listing_05c84dc762.html,https://newsbook.com.mt/category/ahbarijiet/internazzjonali/
0437,newsbook,news_listing,dataset_final\Newsbook\News Listing\0437.png,data\html\newsbook\news_listing_04608ca01c.html,https://newsbook.com.mt/category/ahbarijiet/internazzjonali/page/2
0438,newsbook,news_listing,dataset_final\Newsbook\News Listing\0438.png,data\html\newsbook\news_listing_04608ca01c.html,https://newsbook.com.mt/category/ahbarijiet/internazzjonali/page/2
0439,newsbook,news_listing,dataset_final\Newsbook\News Listing\0439.png,data\html\newsbook\news_listing_04608ca01c.html,https://newsbook.com.mt/category/ahbarijiet/internazzjonali/page/2
0440,newsbook,news_listing,dataset_final\Newsbook\News Listing\0440.png,data\html\newsbook\news_listing_71407f8b6b.html,https://newsbook.com.mt/category/ahbarijiet/internazzjonali/page/3
0441,newsbook,news_listing,dataset_final\Newsbook\News Listing\0441.png,data\html\newsbook\news_listing_71407f8b6b.html,https://newsbook.com.mt/category/ahbarijiet/internazzjonali/page/3
0442,newsbook,news_listing,dataset_final\Newsbook\News Listing\0442.png,data\html\newsbook\news_listing_da70c49e0e.html,https://newsbook.com.mt/category/ahbarijiet/internazzjonali/page/4
0443,newsbook,news_listing,dataset_final\Newsbook\News Listing\0443.png,data\html\newsbook\news_listing_da70c49e0e.html,https://newsbook.com.mt/category/ahbarijiet/internazzjonali/page/4
0444,newsbook,news_listing,dataset_final\Newsbook\News Listing\0444.png,data\html\newsbook\news_listing_cbf97353e2.html,https://newsbook.com.mt/category/ahbarijiet/internazzjonali/page/5
0445,newsbook,news_listing,dataset_final\Newsbook\News Listing\0445.png,data\html\newsbook\news_listing_b6c3923f26.html,https://newsbook.com.mt/en/category/news/international/
0446,newsbook,news_listing,dataset_final\Newsbook\News Listing\0446.png,data\html\newsbook\news_listing_b6c3923f26.html,https://newsbook.com.mt/en/category/news/international/
0447,newsbook,news_listing,dataset_final\Newsbook\News Listing\0447.png,data\html\newsbook\news_listing_b6c3923f26.html,https://newsbook.com.mt/en/category/news/international/
0448,newsbook,news_listing,dataset_final\Newsbook\News Listing\0448.png,data\html\newsbook\news_listing_f28c75c387.html,https://newsbook.com.mt/en/category/news/international/page/2
0449,newsbook,news_listing,dataset_final\Newsbook\News Listing\0449.png,data\html\newsbook\news_listing_f28c75c387.html,https://newsbook.com.mt/en/category/news/international/page/2
0450,newsbook,news_listing,dataset_final\Newsbook\News Listing\0450.png,data\html\newsbook\news_listing_abb3551a32.html,https://newsbook.com.mt/en/category/news/international/page/3
0451,newsbook,news_listing,dataset_final\Newsbook\News Listing\0451.png,data\html\newsbook\news_listing_8260509040.html,https://newsbook.com.mt/en/category/news/international/page/4
0452,newsbook,news_listing,dataset_final\Newsbook\News Listing\0452.png,data\html\newsbook\news_listing_8260509040.html,https://newsbook.com.mt/en/category/news/international/page/4
0453,newsbook,news_listing,dataset_final\Newsbook\News Listing\0453.png,data\html\newsbook\news_listing_8260509040.html,https://newsbook.com.mt/en/category/news/international/page/4
0454,newsbook,news_listing,dataset_final\Newsbook\News Listing\0454.png,data\html\newsbook\news_listing_8260509040.html,https://newsbook.com.mt/en/category/news/international/page/4
0455,newsbook,news_listing,dataset_final\Newsbook\News Listing\0455.png,data\html\newsbook\news_listing_86959869c2.html,https://newsbook.com.mt/en/category/news/international/page/5
0456,newsbook,news_listing,dataset_final\Newsbook\News Listing\0456.png,data\html\newsbook\news_listing_86959869c2.html,https://newsbook.com.mt/en/category/news/international/page/5
0457,newsbook,news_listing,dataset_final\Newsbook\News Listing\0457.png,data\html\newsbook\news_listing_86959869c2.html,https://newsbook.com.mt/en/category/news/international/page/5
0458,newsbook,news_listing,dataset_final\Newsbook\News Listing\0458.png,data\html\newsbook\news_listing_13623a5341.html,https://newsbook.com.mt/category/ahbarijiet/edukazzjoni/
0459,newsbook,news_listing,dataset_final\Newsbook\News Listing\0459.png,data\html\newsbook\news_listing_13623a5341.html,https://newsbook.com.mt/category/ahbarijiet/edukazzjoni/
0460,newsbook,news_listing,dataset_final\Newsbook\News Listing\0460.png,data\html\newsbook\news_listing_13623a5341.html,https://newsbook.com.mt/category/ahbarijiet/edukazzjoni/
0461,newsbook,news_listing,dataset_final\Newsbook\News Listing\0461.png,data\html\newsbook\news_listing_13623a5341.html,https://newsbook.com.mt/category/ahbarijiet/edukazzjoni/
0462,newsbook,news_listing,dataset_final\Newsbook\News Listing\0462.png,data\html\newsbook\news_listing_13623a5341.html,https://newsbook.com.mt/category/ahbarijiet/edukazzjoni/
0463,newsbook,news_listing,dataset_final\Newsbook\News Listing\0463.png,data\html\newsbook\news_listing_13623a5341.html,https://newsbook.com.mt/category/ahbarijiet/edukazzjoni/
0464,newsbook,news_listing,dataset_final\Newsbook\News Listing\0464.png,data\html\newsbook\news_listing_d67f4aba31.html,https://newsbook.com.mt/category/ahbarijiet/edukazzjoni/page/2
0465,newsbook,news_listing,dataset_final\Newsbook\News Listing\0465.png,data\html\newsbook\news_listing_d67f4aba31.html,https://newsbook.com.mt/category/ahbarijiet/edukazzjoni/page/2
0466,newsbook,news_listing,dataset_final\Newsbook\News Listing\0466.png,data\html\newsbook\news_listing_d67f4aba31.html,https://newsbook.com.mt/category/ahbarijiet/edukazzjoni/page/2
0467,newsbook,news_listing,dataset_final\Newsbook\News Listing\0467.png,data\html\newsbook\news_listing_c6eb7fcc5d.html,https://newsbook.com.mt/category/ahbarijiet/edukazzjoni/page/3
0468,newsbook,news_listing,dataset_final\Newsbook\News Listing\0468.png,data\html\newsbook\news_listing_c6eb7fcc5d.html,https://newsbook.com.mt/category/ahbarijiet/edukazzjoni/page/3
0469,newsbook,news_listing,dataset_final\Newsbook\News Listing\0469.png,data\html\newsbook\news_listing_c6eb7fcc5d.html,https://newsbook.com.mt/category/ahbarijiet/edukazzjoni/page/3
0470,newsbook,news_listing,dataset_final\Newsbook\News Listing\0470.png,data\html\newsbook\news_listing_bcf2075001.html,https://newsbook.com.mt/category/ahbarijiet/edukazzjoni/page/4
0471,newsbook,news_listing,dataset_final\Newsbook\News Listing\0471.png,data\html\newsbook\news_listing_bcf2075001.html,https://newsbook.com.mt/category/ahbarijiet/edukazzjoni/page/4
0472,newsbook,news_listing,dataset_final\Newsbook\News Listing\0472.png,data\html\newsbook\news_listing_bcf2075001.html,https://newsbook.com.mt/category/ahbarijiet/edukazzjoni/page/4
0473,newsbook,news_listing,dataset_final\Newsbook\News Listing\0473.png,data\html\newsbook\news_listing_bcf2075001.html,https://newsbook.com.mt/category/ahbarijiet/edukazzjoni/page/4
0474,newsbook,news_listing,dataset_final\Newsbook\News Listing\0474.png,data\html\newsbook\news_listing_476638b1c5.html,https://newsbook.com.mt/category/ahbarijiet/edukazzjoni/page/5
0475,newsbook,news_listing,dataset_final\Newsbook\News Listing\0475.png,data\html\newsbook\news_listing_476638b1c5.html,https://newsbook.com.mt/category/ahbarijiet/edukazzjoni/page/5
0476,newsbook,news_listing,dataset_final\Newsbook\News Listing\0476.png,data\html\newsbook\news_listing_476638b1c5.html,https://newsbook.com.mt/category/ahbarijiet/edukazzjoni/page/5
0477,newsbook,news_listing,dataset_final\Newsbook\News Listing\0477.png,data\html\newsbook\news_listing_476638b1c5.html,https://newsbook.com.mt/category/ahbarijiet/edukazzjoni/page/5
0478,newsbook,news_listing,dataset_final\Newsbook\News Listing\0478.png,data\html\newsbook\news_listing_476638b1c5.html,https://newsbook.com.mt/category/ahbarijiet/edukazzjoni/page/5
0479,newsbook,news_listing,dataset_final\Newsbook\News Listing\0479.png,data\html\newsbook\news_listing_cf5c987ee0.html,https://newsbook.com.mt/category/ahbarijiet/edukazzjoni/page/6
0480,newsbook,news_listing,dataset_final\Newsbook\News Listing\0480.png,data\html\newsbook\news_listing_cf5c987ee0.html,https://newsbook.com.mt/category/ahbarijiet/edukazzjoni/page/6
0481,newsbook,news_listing,dataset_final\Newsbook\News Listing\0481.png,data\html\newsbook\news_listing_cf5c987ee0.html,https://newsbook.com.mt/category/ahbarijiet/edukazzjoni/page/6
0482,newsbook,news_listing,dataset_final\Newsbook\News Listing\0482.png,data\html\newsbook\news_listing_cf5c987ee0.html,https://newsbook.com.mt/category/ahbarijiet/edukazzjoni/page/6
0483,newsbook,news_listing,dataset_final\Newsbook\News Listing\0483.png,data\html\newsbook\news_listing_581c05e8e9.html,https://newsbook.com.mt/en/category/news/education/
0484,newsbook,news_listing,dataset_final\Newsbook\News Listing\0484.png,data\html\newsbook\news_listing_581c05e8e9.html,https://newsbook.com.mt/en/category/news/education/
0485,newsbook,news_listing,dataset_final\Newsbook\News Listing\0485.png,data\html\newsbook\news_listing_581c05e8e9.html,https://newsbook.com.mt/en/category/news/education/
0486,newsbook,news_listing,dataset_final\Newsbook\News Listing\0486.png,data\html\newsbook\news_listing_581c05e8e9.html,https://newsbook.com.mt/en/category/news/education/
0487,newsbook,news_listing,dataset_final\Newsbook\News Listing\0487.png,data\html\newsbook\news_listing_581c05e8e9.html,https://newsbook.com.mt/en/category/news/education/
0488,newsbook,news_listing,dataset_final\Newsbook\News Listing\0488.png,data\html\newsbook\news_listing_581c05e8e9.html,https://newsbook.com.mt/en/category/news/education/
0489,newsbook,news_listing,dataset_final\Newsbook\News Listing\0489.png,data\html\newsbook\news_listing_bf52e9bf82.html,https://newsbook.com.mt/en/category/news/education/page/2
0490,newsbook,news_listing,dataset_final\Newsbook\News Listing\0490.png,data\html\newsbook\news_listing_bf52e9bf82.html,https://newsbook.com.mt/en/category/news/education/page/2
0491,newsbook,news_listing,dataset_final\Newsbook\News Listing\0491.png,data\html\newsbook\news_listing_bf52e9bf82.html,https://newsbook.com.mt/en/category/news/education/page/2
0492,newsbook,news_listing,dataset_final\Newsbook\News Listing\0492.png,data\html\newsbook\news_listing_bf52e9bf82.html,https://newsbook.com.mt/en/category/news/education/page/2
0493,newsbook,news_listing,dataset_final\Newsbook\News Listing\0493.png,data\html\newsbook\news_listing_bf52e9bf82.html,https://newsbook.com.mt/en/category/news/education/page/2
0494,newsbook,news_listing,dataset_final\Newsbook\News Listing\0494.png,data\html\newsbook\news_listing_e39a78690a.html,https://newsbook.com.mt/en/category/news/education/page/3
0495,newsbook,news_listing,dataset_final\Newsbook\News Listing\0495.png,data\html\newsbook\news_listing_e39a78690a.html,https://newsbook.com.mt/en/category/news/education/page/3
0496,newsbook,news_listing,dataset_final\Newsbook\News Listing\0496.png,data\html\newsbook\news_listing_e39a78690a.html,https://newsbook.com.mt/en/category/news/education/page/3
0497,newsbook,news_listing,dataset_final\Newsbook\News Listing\0497.png,data\html\newsbook\news_listing_e39a78690a.html,https://newsbook.com.mt/en/category/news/education/page/3
0498,newsbook,news_listing,dataset_final\Newsbook\News Listing\0498.png,data\html\newsbook\news_listing_5e5a22a6ba.html,https://newsbook.com.mt/en/category/news/education/page/4
0499,newsbook,news_listing,dataset_final\Newsbook\News Listing\0499.png,data\html\newsbook\news_listing_5e5a22a6ba.html,https://newsbook.com.mt/en/category/news/education/page/4
0500,newsbook,news_listing,dataset_final\Newsbook\News Listing\0500.png,data\html\newsbook\news_listing_5e5a22a6ba.html,https://newsbook.com.mt/en/category/news/education/page/4
0501,newsbook,news_listing,dataset_final\Newsbook\News Listing\0501.png,data\html\newsbook\news_listing_5e5a22a6ba.html,https://newsbook.com.mt/en/category/news/education/page/4
0502,newsbook,news_listing,dataset_final\Newsbook\News Listing\0502.png,data\html\newsbook\news_listing_5e5a22a6ba.html,https://newsbook.com.mt/en/category/news/education/page/4
0503,newsbook,news_listing,dataset_final\Newsbook\News Listing\0503.png,data\html\newsbook\news_listing_9db1322060.html,https://newsbook.com.mt/en/category/news/education/page/5
0504,newsbook,news_listing,dataset_final\Newsbook\News Listing\0504.png,data\html\newsbook\news_listing_9db1322060.html,https://newsbook.com.mt/en/category/news/education/page/5
0505,newsbook,news_listing,dataset_final\Newsbook\News Listing\0505.png,data\html\newsbook\news_listing_9db1322060.html,https://newsbook.com.mt/en/category/news/education/page/5
0506,newsbook,news_listing,dataset_final\Newsbook\News Listing\0506.png,data\html\newsbook\news_listing_9db1322060.html,https://newsbook.com.mt/en/category/news/education/page/5
0507,newsbook,news_listing,dataset_final\Newsbook\News Listing\0507.png,data\html\newsbook\news_listing_d6cc319cdf.html,https://newsbook.com.mt/category/ahbarijiet/lokali/
0508,newsbook,news_listing,dataset_final\Newsbook\News Listing\0508.png,data\html\newsbook\news_listing_05c84dc762.html,https://newsbook.com.mt/category/ahbarijiet/internazzjonali/
0509,newsbook,news_listing,dataset_final\Newsbook\News Listing\0509.png,data\html\newsbook\news_listing_1a3eabb434.html,https://newsbook.com.mt/en/category/news/local/
0510,newsbook,news_listing,dataset_final\Newsbook\News Listing\0510.png,data\html\newsbook\news_listing_b6c3923f26.html,https://newsbook.com.mt/en/category/news/international/
0511,newsbook,news_listing,dataset_final\Newsbook\News Listing\0511.png,data\html\newsbook\news_listing_13623a5341.html,https://newsbook.com.mt/category/ahbarijiet/edukazzjoni/
0512,newsbook,news_listing,dataset_final\Newsbook\News Listing\0512.png,data\html\newsbook\news_listing_581c05e8e9.html,https://newsbook.com.mt/en/category/news/education/
0513,newsbook,news_listing,dataset_final\Newsbook\News Listing\0513.png,data\html\newsbook\news_listing_95a753a27a.html,https://newsbook.com.mt/category/ahbarijiet/lokali/page/30/
0514,newsbook,news_listing,dataset_final\Newsbook\News Listing\0514.png,data\html\newsbook\news_listing_95a753a27a.html,https://newsbook.com.mt/category/ahbarijiet/lokali/page/30/
0515,newsbook,news_listing,dataset_final\Newsbook\News Listing\0515.png,data\html\newsbook\news_listing_95a753a27a.html,https://newsbook.com.mt/category/ahbarijiet/lokali/page/30/
0516,newsbook,news_listing,dataset_final\Newsbook\News Listing\0516.png,data\html\newsbook\news_listing_95a753a27a.html,https://newsbook.com.mt/category/ahbarijiet/lokali/page/30/
0517,newsbook,news_listing,dataset_final\Newsbook\News Listing\0517.png,data\html\newsbook\news_listing_95a753a27a.html,https://newsbook.com.mt/category/ahbarijiet/lokali/page/30/
0518,newsbook,news_listing,dataset_final\Newsbook\News Listing\0518.png,data\html\newsbook\news_listing_51d3ce7139.html,https://newsbook.com.mt/category/ahbarijiet/lokali/page/35/
0519,newsbook,news_listing,dataset_final\Newsbook\News Listing\0519.png,data\html\newsbook\news_listing_51d3ce7139.html,https://newsbook.com.mt/category/ahbarijiet/lokali/page/35/
0520,newsbook,news_listing,dataset_final\Newsbook\News Listing\0520.png,data\html\newsbook\news_listing_51d3ce7139.html,https://newsbook.com.mt/category/ahbarijiet/lokali/page/35/
0521,newsbook,news_listing,dataset_final\Newsbook\News Listing\0521.png,data\html\newsbook\news_listing_51d3ce7139.html,https://newsbook.com.mt/category/ahbarijiet/lokali/page/35/
0522,newsbook,news_listing,dataset_final\Newsbook\News Listing\0522.png,data\html\newsbook\news_listing_51d3ce7139.html,https://newsbook.com.mt/category/ahbarijiet/lokali/page/35/
0523,newsbook,news_listing,dataset_final\Newsbook\News Listing\0523.png,data\html\newsbook\news_listing_18d247bd15.html,https://newsbook.com.mt/category/ahbarijiet/lokali/page/40/
0524,newsbook,news_listing,dataset_final\Newsbook\News Listing\0524.png,data\html\newsbook\news_listing_18d247bd15.html,https://newsbook.com.mt/category/ahbarijiet/lokali/page/40/
0525,newsbook,news_listing,dataset_final\Newsbook\News Listing\0525.png,data\html\newsbook\news_listing_18d247bd15.html,https://newsbook.com.mt/category/ahbarijiet/lokali/page/40/
0526,newsbook,news_listing,dataset_final\Newsbook\News Listing\0526.png,data\html\newsbook\news_listing_1261d8fdf6.html,https://newsbook.com.mt/en/category/news/local/page/30/
0527,newsbook,news_listing,dataset_final\Newsbook\News Listing\0527.png,data\html\newsbook\news_listing_1261d8fdf6.html,https://newsbook.com.mt/en/category/news/local/page/30/
0528,newsbook,news_listing,dataset_final\Newsbook\News Listing\0528.png,data\html\newsbook\news_listing_1261d8fdf6.html,https://newsbook.com.mt/en/category/news/local/page/30/
0529,newsbook,news_listing,dataset_final\Newsbook\News Listing\0529.png,data\html\newsbook\news_listing_1261d8fdf6.html,https://newsbook.com.mt/en/category/news/local/page/30/
0530,newsbook,news_listing,dataset_final\Newsbook\News Listing\0530.png,data\html\newsbook\news_listing_1261d8fdf6.html,https://newsbook.com.mt/en/category/news/local/page/30/
0531,newsbook,news_listing,dataset_final\Newsbook\News Listing\0531.png,data\html\newsbook\news_listing_1261d8fdf6.html,https://newsbook.com.mt/en/category/news/local/page/30/
0532,newsbook,news_listing,dataset_final\Newsbook\News Listing\0532.png,data\html\newsbook\news_listing_0a7bafe84e.html,https://newsbook.com.mt/en/category/news/local/page/35/
0533,newsbook,news_listing,dataset_final\Newsbook\News Listing\0533.png,data\html\newsbook\news_listing_0a7bafe84e.html,https://newsbook.com.mt/en/category/news/local/page/35/
0534,newsbook,news_listing,dataset_final\Newsbook\News Listing\0534.png,data\html\newsbook\news_listing_0a7bafe84e.html,https://newsbook.com.mt/en/category/news/local/page/35/
0535,newsbook,news_listing,dataset_final\Newsbook\News Listing\0535.png,data\html\newsbook\news_listing_0a7bafe84e.html,https://newsbook.com.mt/en/category/news/local/page/35/
0536,newsbook,news_listing,dataset_final\Newsbook\News Listing\0536.png,data\html\newsbook\news_listing_0a7bafe84e.html,https://newsbook.com.mt/en/category/news/local/page/35/
0537,newsbook,news_listing,dataset_final\Newsbook\News Listing\0537.png,data\html\newsbook\news_listing_274b588662.html,https://newsbook.com.mt/en/category/news/local/page/40/
0538,newsbook,news_listing,dataset_final\Newsbook\News Listing\0538.png,data\html\newsbook\news_listing_274b588662.html,https://newsbook.com.mt/en/category/news/local/page/40/
0539,newsbook,news_listing,dataset_final\Newsbook\News Listing\0539.png,data\html\newsbook\news_listing_274b588662.html,https://newsbook.com.mt/en/category/news/local/page/40/
0540,newsbook,news_listing,dataset_final\Newsbook\News Listing\0540.png,data\html\newsbook\news_listing_274b588662.html,https://newsbook.com.mt/en/category/news/local/page/40/
0541,newsbook,news_listing,dataset_final\Newsbook\News Listing\0541.png,data\html\newsbook\news_listing_274b588662.html,https://newsbook.com.mt/en/category/news/local/page/40/
0542,newsbook,article_pages,dataset_final\Newsbook\Article Pages\imgs\0542.png,data\html\newsbook\article_pages_cef08afc8c.html,https://newsbook.com.mt/en/how-ai-can-reveal-hidden-gender-patterns-in-maltese-news/
0543,newsbook,article_pages,dataset_final\Newsbook\Article Pages\imgs\0543.png,data\html\newsbook\article_pages_cef08afc8c.html,https://newsbook.com.mt/en/how-ai-can-reveal-hidden-gender-patterns-in-maltese-news/
0544,newsbook,article_pages,dataset_final\Newsbook\Article Pages\imgs\0544.png,data\html\newsbook\article_pages_cef08afc8c.html,https://newsbook.com.mt/en/how-ai-can-reveal-hidden-gender-patterns-in-maltese-news/
0545,newsbook,article_pages,dataset_final\Newsbook\Article Pages\imgs\0545.png,data\html\newsbook\article_pages_cef08afc8c.html,https://newsbook.com.mt/en/how-ai-can-reveal-hidden-gender-patterns-in-maltese-news/
0546,newsbook,article_pages,dataset_final\Newsbook\Article Pages\imgs\0546.png,data\html\newsbook\article_pages_cef08afc8c.html,https://newsbook.com.mt/en/how-ai-can-reveal-hidden-gender-patterns-in-maltese-news/
0547,newsbook,article_pages,dataset_final\Newsbook\Article Pages\imgs\0547.png,data\html\newsbook\article_pages_cef08afc8c.html,https://newsbook.com.mt/en/how-ai-can-reveal-hidden-gender-patterns-in-maltese-news/
0548,newsbook,article_pages,dataset_final\Newsbook\Article Pages\imgs\0548.png,data\html\newsbook\article_pages_cef08afc8c.html,https://newsbook.com.mt/en/how-ai-can-reveal-hidden-gender-patterns-in-maltese-news/
0549,newsbook,article_pages,dataset_final\Newsbook\Article Pages\imgs\0549.png,data\html\newsbook\article_pages_cef08afc8c.html,https://newsbook.com.mt/en/how-ai-can-reveal-hidden-gender-patterns-in-maltese-news/
0550,newsbook,article_pages,dataset_final\Newsbook\Article Pages\imgs\0550.png,data\html\newsbook\article_pages_cef08afc8c.html,https://newsbook.com.mt/en/how-ai-can-reveal-hidden-gender-patterns-in-maltese-news/
0551,newsbook,article_pages,dataset_final\Newsbook\Article Pages\imgs\0551.png,data\html\newsbook\article_pages_cef08afc8c.html,https://newsbook.com.mt/en/how-ai-can-reveal-hidden-gender-patterns-in-maltese-news/
0552,newsbook,article_pages,dataset_final\Newsbook\Article Pages\imgs\0552.png,data\html\newsbook\article_pages_2076f271e1.html,https://newsbook.com.mt/en/man-held-in-custody-after-drug-find-in-paceville/
0553,newsbook,article_pages,dataset_final\Newsbook\Article Pages\imgs\0553.png,data\html\newsbook\article_pages_2076f271e1.html,https://newsbook.com.mt/en/man-held-in-custody-after-drug-find-in-paceville/
0554,newsbook,article_pages,dataset_final\Newsbook\Article Pages\imgs\0554.png,data\html\newsbook\article_pages_2076f271e1.html,https://newsbook.com.mt/en/man-held-in-custody-after-drug-find-in-paceville/
0555,newsbook,article_pages,dataset_final\Newsbook\Article Pages\imgs\0555.png,data\html\newsbook\article_pages_2076f271e1.html,https://newsbook.com.mt/en/man-held-in-custody-after-drug-find-in-paceville/
0556,newsbook,article_pages,dataset_final\Newsbook\Article Pages\imgs\0556.png,data\html\newsbook\article_pages_2076f271e1.html,https://newsbook.com.mt/en/man-held-in-custody-after-drug-find-in-paceville/
0557,newsbook,article_pages,dataset_final\Newsbook\Article Pages\imgs\0557.png,data\html\newsbook\article_pages_2076f271e1.html,https://newsbook.com.mt/en/man-held-in-custody-after-drug-find-in-paceville/
0558,newsbook,article_pages,dataset_final\Newsbook\Article Pages\imgs\0558.png,data\html\newsbook\article_pages_2076f271e1.html,https://newsbook.com.mt/en/man-held-in-custody-after-drug-find-in-paceville/
0559,newsbook,article_pages,dataset_final\Newsbook\Article Pages\imgs\0559.png,data\html\newsbook\article_pages_2076f271e1.html,https://newsbook.com.mt/en/man-held-in-custody-after-drug-find-in-paceville/
0560,newsbook,article_pages,dataset_final\Newsbook\Article Pages\imgs\0560.png,data\html\newsbook\article_pages_1563575497.html,https://newsbook.com.mt/en/watch-pedestrians-forced-into-traffic-near-blata-l-bajda-roadworks/
0561,newsbook,article_pages,dataset_final\Newsbook\Article Pages\imgs\0561.png,data\html\newsbook\article_pages_1563575497.html,https://newsbook.com.mt/en/watch-pedestrians-forced-into-traffic-near-blata-l-bajda-roadworks/
0562,newsbook,article_pages,dataset_final\Newsbook\Article Pages\imgs\0562.png,data\html\newsbook\article_pages_1563575497.html,https://newsbook.com.mt/en/watch-pedestrians-forced-into-traffic-near-blata-l-bajda-roadworks/
0563,newsbook,article_pages,dataset_final\Newsbook\Article Pages\imgs\0563.png,data\html\newsbook\article_pages_1563575497.html,https://newsbook.com.mt/en/watch-pedestrians-forced-into-traffic-near-blata-l-bajda-roadworks/
0564,newsbook,article_pages,dataset_final\Newsbook\Article Pages\imgs\0564.png,data\html\newsbook\article_pages_1563575497.html,https://newsbook.com.mt/en/watch-pedestrians-forced-into-traffic-near-blata-l-bajda-roadworks/
0565,newsbook,article_pages,dataset_final\Newsbook\Article Pages\imgs\0565.png,data\html\newsbook\article_pages_1563575497.html,https://newsbook.com.mt/en/watch-pedestrians-forced-into-traffic-near-blata-l-bajda-roadworks/
0566,newsbook,article_pages,dataset_final\Newsbook\Article Pages\imgs\0566.png,data\html\newsbook\article_pages_1563575497.html,https://newsbook.com.mt/en/watch-pedestrians-forced-into-traffic-near-blata-l-bajda-roadworks/
0567,newsbook,article_pages,dataset_final\Newsbook\Article Pages\imgs\0567.png,data\html\newsbook\article_pages_1563575497.html,https://newsbook.com.mt/en/watch-pedestrians-forced-into-traffic-near-blata-l-bajda-roadworks/
0568,newsbook,article_pages,dataset_final\Newsbook\Article Pages\imgs\0568.png,data\html\newsbook\article_pages_d4e2e9a90a.html,https://newsbook.com.mt/en/university-of-malta-racing-team-to-unveil-ev26-electric-race-car-in-open-day/
0569,newsbook,article_pages,dataset_final\Newsbook\Article Pages\imgs\0569.png,data\html\newsbook\article_pages_d4e2e9a90a.html,https://newsbook.com.mt/en/university-of-malta-racing-team-to-unveil-ev26-electric-race-car-in-open-day/
0570,newsbook,article_pages,dataset_final\Newsbook\Article Pages\imgs\0570.png,data\html\newsbook\article_pages_d4e2e9a90a.html,https://newsbook.com.mt/en/university-of-malta-racing-team-to-unveil-ev26-electric-race-car-in-open-day/
0571,newsbook,article_pages,dataset_final\Newsbook\Article Pages\imgs\0571.png,data\html\newsbook\article_pages_d4e2e9a90a.html,https://newsbook.com.mt/en/university-of-malta-racing-team-to-unveil-ev26-electric-race-car-in-open-day/
0572,newsbook,article_pages,dataset_final\Newsbook\Article Pages\imgs\0572.png,data\html\newsbook\article_pages_d4e2e9a90a.html,https://newsbook.com.mt/en/university-of-malta-racing-team-to-unveil-ev26-electric-race-car-in-open-day/
0573,newsbook,article_pages,dataset_final\Newsbook\Article Pages\imgs\0573.png,data\html\newsbook\article_pages_d4e2e9a90a.html,https://newsbook.com.mt/en/university-of-malta-racing-team-to-unveil-ev26-electric-race-car-in-open-day/
0574,newsbook,article_pages,dataset_final\Newsbook\Article Pages\imgs\0574.png,data\html\newsbook\article_pages_d4e2e9a90a.html,https://newsbook.com.mt/en/university-of-malta-racing-team-to-unveil-ev26-electric-race-car-in-open-day/
0575,newsbook,article_pages,dataset_final\Newsbook\Article Pages\imgs\0575.png,data\html\newsbook\article_pages_d4e2e9a90a.html,https://newsbook.com.mt/en/university-of-malta-racing-team-to-unveil-ev26-electric-race-car-in-open-day/
0576,newsbook,article_pages,dataset_final\Newsbook\Article Pages\imgs\0576.png,data\html\newsbook\article_pages_8ea64dc338.html,https://newsbook.com.mt/en/faster-results-better-care-why-digital-health-matters-in-malta/
0577,newsbook,article_pages,dataset_final\Newsbook\Article Pages\imgs\0577.png,data\html\newsbook\article_pages_8ea64dc338.html,https://newsbook.com.mt/en/faster-results-better-care-why-digital-health-matters-in-malta/
0578,newsbook,article_pages,dataset_final\Newsbook\Article Pages\imgs\0578.png,data\html\newsbook\article_pages_8ea64dc338.html,https://newsbook.com.mt/en/faster-results-better-care-why-digital-health-matters-in-malta/
0579,newsbook,article_pages,dataset_final\Newsbook\Article Pages\imgs\0579.png,data\html\newsbook\article_pages_8ea64dc338.html,https://newsbook.com.mt/en/faster-results-better-care-why-digital-health-matters-in-malta/
0580,newsbook,article_pages,dataset_final\Newsbook\Article Pages\imgs\0580.png,data\html\newsbook\article_pages_8ea64dc338.html,https://newsbook.com.mt/en/faster-results-better-care-why-digital-health-matters-in-malta/
0581,newsbook,article_pages,dataset_final\Newsbook\Article Pages\imgs\0581.png,data\html\newsbook\article_pages_4dd00f5988.html,https://newsbook.com.mt/en/pope-leo-xiv-embarks-on-one-day-visit-to-monaco/
0582,newsbook,article_pages,dataset_final\Newsbook\Article Pages\imgs\0582.png,data\html\newsbook\article_pages_4dd00f5988.html,https://newsbook.com.mt/en/pope-leo-xiv-embarks-on-one-day-visit-to-monaco/
0583,newsbook,article_pages,dataset_final\Newsbook\Article Pages\imgs\0583.png,data\html\newsbook\article_pages_4dd00f5988.html,https://newsbook.com.mt/en/pope-leo-xiv-embarks-on-one-day-visit-to-monaco/
0584,newsbook,article_pages,dataset_final\Newsbook\Article Pages\imgs\0584.png,data\html\newsbook\article_pages_4dd00f5988.html,https://newsbook.com.mt/en/pope-leo-xiv-embarks-on-one-day-visit-to-monaco/
0585,newsbook,article_pages,dataset_final\Newsbook\Article Pages\imgs\0585.png,data\html\newsbook\article_pages_4dd00f5988.html,https://newsbook.com.mt/en/pope-leo-xiv-embarks-on-one-day-visit-to-monaco/
0586,newsbook,article_pages,dataset_final\Newsbook\Article Pages\imgs\0586.png,data\html\newsbook\article_pages_4dd00f5988.html,https://newsbook.com.mt/en/pope-leo-xiv-embarks-on-one-day-visit-to-monaco/
0587,newsbook,article_pages,dataset_final\Newsbook\Article Pages\imgs\0587.png,data\html\newsbook\article_pages_4dd00f5988.html,https://newsbook.com.mt/en/pope-leo-xiv-embarks-on-one-day-visit-to-monaco/
0588,newsbook,article_pages,dataset_final\Newsbook\Article Pages\imgs\0588.png,data\html\newsbook\article_pages_4dd00f5988.html,https://newsbook.com.mt/en/pope-leo-xiv-embarks-on-one-day-visit-to-monaco/
0589,newsbook,article_pages,dataset_final\Newsbook\Article Pages\imgs\0589.png,data\html\newsbook\article_pages_0a7833a2e5.html,https://newsbook.com.mt/en/nasa-releases-stunning-first-photos-of-earth-from-artemis-ii-moon-mission/
0590,newsbook,article_pages,dataset_final\Newsbook\Article Pages\imgs\0590.png,data\html\newsbook\article_pages_0a7833a2e5.html,https://newsbook.com.mt/en/nasa-releases-stunning-first-photos-of-earth-from-artemis-ii-moon-mission/
0591,newsbook,article_pages,dataset_final\Newsbook\Article Pages\imgs\0591.png,data\html\newsbook\article_pages_0a7833a2e5.html,https://newsbook.com.mt/en/nasa-releases-stunning-first-photos-of-earth-from-artemis-ii-moon-mission/
0592,newsbook,article_pages,dataset_final\Newsbook\Article Pages\imgs\0592.png,data\html\newsbook\article_pages_0a7833a2e5.html,https://newsbook.com.mt/en/nasa-releases-stunning-first-photos-of-earth-from-artemis-ii-moon-mission/
0593,newsbook,article_pages,dataset_final\Newsbook\Article Pages\imgs\0593.png,data\html\newsbook\article_pages_0a7833a2e5.html,https://newsbook.com.mt/en/nasa-releases-stunning-first-photos-of-earth-from-artemis-ii-moon-mission/
0594,newsbook,article_pages,dataset_final\Newsbook\Article Pages\imgs\0594.png,data\html\newsbook\article_pages_0a7833a2e5.html,https://newsbook.com.mt/en/nasa-releases-stunning-first-photos-of-earth-from-artemis-ii-moon-mission/
0595,newsbook,article_pages,dataset_final\Newsbook\Article Pages\imgs\0595.png,data\html\newsbook\article_pages_0a7833a2e5.html,https://newsbook.com.mt/en/nasa-releases-stunning-first-photos-of-earth-from-artemis-ii-moon-mission/
0596,newsbook,article_pages,dataset_final\Newsbook\Article Pages\imgs\0596.png,data\html\newsbook\article_pages_0a7833a2e5.html,https://newsbook.com.mt/en/nasa-releases-stunning-first-photos-of-earth-from-artemis-ii-moon-mission/
0597,newsbook,article_pages,dataset_final\Newsbook\Article Pages\imgs\0597.png,data\html\newsbook\article_pages_7e941dcfaa.html,https://newsbook.com.mt/malita-tghid-li-tista-tkompli-l-progetti-tal-akkomodazzjoni-socjali/
0598,newsbook,article_pages,dataset_final\Newsbook\Article Pages\imgs\0598.png,data\html\newsbook\article_pages_7e941dcfaa.html,https://newsbook.com.mt/malita-tghid-li-tista-tkompli-l-progetti-tal-akkomodazzjoni-socjali/
0599,newsbook,article_pages,dataset_final\Newsbook\Article Pages\imgs\0599.png,data\html\newsbook\article_pages_7e941dcfaa.html,https://newsbook.com.mt/malita-tghid-li-tista-tkompli-l-progetti-tal-akkomodazzjoni-socjali/
0600,newsbook,article_pages,dataset_final\Newsbook\Article Pages\imgs\0600.png,data\html\newsbook\article_pages_7e941dcfaa.html,https://newsbook.com.mt/malita-tghid-li-tista-tkompli-l-progetti-tal-akkomodazzjoni-socjali/
0601,newsbook,article_pages,dataset_final\Newsbook\Article Pages\imgs\0601.png,data\html\newsbook\article_pages_7e941dcfaa.html,https://newsbook.com.mt/malita-tghid-li-tista-tkompli-l-progetti-tal-akkomodazzjoni-socjali/
0602,newsbook,article_pages,dataset_final\Newsbook\Article Pages\imgs\0602.png,data\html\newsbook\article_pages_7e941dcfaa.html,https://newsbook.com.mt/malita-tghid-li-tista-tkompli-l-progetti-tal-akkomodazzjoni-socjali/
0603,newsbook,article_pages,dataset_final\Newsbook\Article Pages\imgs\0603.png,data\html\newsbook\article_pages_4ef217e6a5.html,https://newsbook.com.mt/posposta-l-festa-ta-marija-annunzjata/
0604,newsbook,article_pages,dataset_final\Newsbook\Article Pages\imgs\0604.png,data\html\newsbook\article_pages_4ef217e6a5.html,https://newsbook.com.mt/posposta-l-festa-ta-marija-annunzjata/
0605,newsbook,article_pages,dataset_final\Newsbook\Article Pages\imgs\0605.png,data\html\newsbook\article_pages_4ef217e6a5.html,https://newsbook.com.mt/posposta-l-festa-ta-marija-annunzjata/
0606,newsbook,article_pages,dataset_final\Newsbook\Article Pages\imgs\0606.png,data\html\newsbook\article_pages_4ef217e6a5.html,https://newsbook.com.mt/posposta-l-festa-ta-marija-annunzjata/
0607,newsbook,article_pages,dataset_final\Newsbook\Article Pages\imgs\0607.png,data\html\newsbook\article_pages_4ef217e6a5.html,https://newsbook.com.mt/posposta-l-festa-ta-marija-annunzjata/
0608,newsbook,article_pages,dataset_final\Newsbook\Article Pages\imgs\0608.png,data\html\newsbook\article_pages_4ef217e6a5.html,https://newsbook.com.mt/posposta-l-festa-ta-marija-annunzjata/
0609,newsbook,article_pages,dataset_final\Newsbook\Article Pages\imgs\0609.png,data\html\newsbook\article_pages_7e941dcfaa.html,https://newsbook.com.mt/malita-tghid-li-tista-tkompli-l-progetti-tal-akkomodazzjoni-socjali/
0610,newsbook,article_pages,dataset_final\Newsbook\Article Pages\imgs\0610.png,data\html\newsbook\article_pages_7e941dcfaa.html,https://newsbook.com.mt/malita-tghid-li-tista-tkompli-l-progetti-tal-akkomodazzjoni-socjali/
0611,newsbook,article_pages,dataset_final\Newsbook\Article Pages\imgs\0611.png,data\html\newsbook\article_pages_57de659d91.html,https://newsbook.com.mt/aktar-minn-4000-student-jircievu-ghajnuna-ta-lse-fl-iskejjel-maltin/
0612,newsbook,article_pages,dataset_final\Newsbook\Article Pages\imgs\0612.png,data\html\newsbook\article_pages_57de659d91.html,https://newsbook.com.mt/aktar-minn-4000-student-jircievu-ghajnuna-ta-lse-fl-iskejjel-maltin/
0613,newsbook,article_pages,dataset_final\Newsbook\Article Pages\imgs\0613.png,data\html\newsbook\article_pages_57de659d91.html,https://newsbook.com.mt/aktar-minn-4000-student-jircievu-ghajnuna-ta-lse-fl-iskejjel-maltin/
0614,newsbook,article_pages,dataset_final\Newsbook\Article Pages\imgs\0614.png,data\html\newsbook\article_pages_57de659d91.html,https://newsbook.com.mt/aktar-minn-4000-student-jircievu-ghajnuna-ta-lse-fl-iskejjel-maltin/
0615,newsbook,article_pages,dataset_final\Newsbook\Article Pages\imgs\0615.png,data\html\newsbook\article_pages_57de659d91.html,https://newsbook.com.mt/aktar-minn-4000-student-jircievu-ghajnuna-ta-lse-fl-iskejjel-maltin/
0616,newsbook,article_pages,dataset_final\Newsbook\Article Pages\imgs\0616.png,data\html\newsbook\article_pages_57de659d91.html,https://newsbook.com.mt/aktar-minn-4000-student-jircievu-ghajnuna-ta-lse-fl-iskejjel-maltin/
0617,newsbook,article_pages,dataset_final\Newsbook\Article Pages\imgs\0617.png,data\html\newsbook\article_pages_159614f214.html,https://newsbook.com.mt/studju-jizvela-nuqqas-ta-tahrig-fuq-l-awtizmu-fost-l-ghalliema/
0618,newsbook,article_pages,dataset_final\Newsbook\Article Pages\imgs\0618.png,data\html\newsbook\article_pages_159614f214.html,https://newsbook.com.mt/studju-jizvela-nuqqas-ta-tahrig-fuq-l-awtizmu-fost-l-ghalliema/
0619,newsbook,article_pages,dataset_final\Newsbook\Article Pages\imgs\0619.png,data\html\newsbook\article_pages_159614f214.html,https://newsbook.com.mt/studju-jizvela-nuqqas-ta-tahrig-fuq-l-awtizmu-fost-l-ghalliema/
0620,newsbook,article_pages,dataset_final\Newsbook\Article Pages\imgs\0620.png,data\html\newsbook\article_pages_159614f214.html,https://newsbook.com.mt/studju-jizvela-nuqqas-ta-tahrig-fuq-l-awtizmu-fost-l-ghalliema/
0621,newsbook,article_pages,dataset_final\Newsbook\Article Pages\imgs\0621.png,data\html\newsbook\article_pages_159614f214.html,https://newsbook.com.mt/studju-jizvela-nuqqas-ta-tahrig-fuq-l-awtizmu-fost-l-ghalliema/
0622,newsbook,article_pages,dataset_final\Newsbook\Article Pages\imgs\0622.png,data\html\newsbook\article_pages_159614f214.html,https://newsbook.com.mt/studju-jizvela-nuqqas-ta-tahrig-fuq-l-awtizmu-fost-l-ghalliema/
0623,newsbook,article_pages,dataset_final\Newsbook\Article Pages\imgs\0623.png,data\html\newsbook\article_pages_159614f214.html,https://newsbook.com.mt/studju-jizvela-nuqqas-ta-tahrig-fuq-l-awtizmu-fost-l-ghalliema/
0624,newsbook,article_pages,dataset_final\Newsbook\Article Pages\imgs\0624.png,data\html\newsbook\article_pages_159614f214.html,https://newsbook.com.mt/studju-jizvela-nuqqas-ta-tahrig-fuq-l-awtizmu-fost-l-ghalliema/
0625,newsbook,article_pages,dataset_final\Newsbook\Article Pages\imgs\0625.png,data\html\newsbook\article_pages_159614f214.html,https://newsbook.com.mt/studju-jizvela-nuqqas-ta-tahrig-fuq-l-awtizmu-fost-l-ghalliema/
0626,newsbook,article_pages,dataset_final\Newsbook\Article Pages\imgs\0626.png,data\html\newsbook\article_pages_159614f214.html,https://newsbook.com.mt/studju-jizvela-nuqqas-ta-tahrig-fuq-l-awtizmu-fost-l-ghalliema/
0627,newsbook,article_pages,dataset_final\Newsbook\Article Pages\imgs\0627.png,data\html\newsbook\article_pages_159614f214.html,https://newsbook.com.mt/studju-jizvela-nuqqas-ta-tahrig-fuq-l-awtizmu-fost-l-ghalliema/
0628,newsbook,article_pages,dataset_final\Newsbook\Article Pages\imgs\0628.png,data\html\newsbook\article_pages_bd278e02a5.html,https://newsbook.com.mt/kuljum-jinkitbu-poeziji-bgesti-zghar-li-bihom-naghtu-kas-lil-haddiehor-il-papa/
0629,newsbook,article_pages,dataset_final\Newsbook\Article Pages\imgs\0629.png,data\html\newsbook\article_pages_bd278e02a5.html,https://newsbook.com.mt/kuljum-jinkitbu-poeziji-bgesti-zghar-li-bihom-naghtu-kas-lil-haddiehor-il-papa/
0630,newsbook,article_pages,dataset_final\Newsbook\Article Pages\imgs\0630.png,data\html\newsbook\article_pages_bd278e02a5.html,https://newsbook.com.mt/kuljum-jinkitbu-poeziji-bgesti-zghar-li-bihom-naghtu-kas-lil-haddiehor-il-papa/
0631,newsbook,article_pages,dataset_final\Newsbook\Article Pages\imgs\0631.png,data\html\newsbook\article_pages_bd278e02a5.html,https://newsbook.com.mt/kuljum-jinkitbu-poeziji-bgesti-zghar-li-bihom-naghtu-kas-lil-haddiehor-il-papa/
0632,newsbook,article_pages,dataset_final\Newsbook\Article Pages\imgs\0632.png,data\html\newsbook\article_pages_bd278e02a5.html,https://newsbook.com.mt/kuljum-jinkitbu-poeziji-bgesti-zghar-li-bihom-naghtu-kas-lil-haddiehor-il-papa/
0633,newsbook,article_pages,dataset_final\Newsbook\Article Pages\imgs\0633.png,data\html\newsbook\article_pages_bd278e02a5.html,https://newsbook.com.mt/kuljum-jinkitbu-poeziji-bgesti-zghar-li-bihom-naghtu-kas-lil-haddiehor-il-papa/
0634,newsbook,article_pages,dataset_final\Newsbook\Article Pages\imgs\0634.png,data\html\newsbook\article_pages_bd278e02a5.html,https://newsbook.com.mt/kuljum-jinkitbu-poeziji-bgesti-zghar-li-bihom-naghtu-kas-lil-haddiehor-il-papa/
0635,newsbook,article_pages,dataset_final\Newsbook\Article Pages\imgs\0635.png,data\html\newsbook\article_pages_bd278e02a5.html,https://newsbook.com.mt/kuljum-jinkitbu-poeziji-bgesti-zghar-li-bihom-naghtu-kas-lil-haddiehor-il-papa/
0636,newsbook,article_pages,dataset_final\Newsbook\Article Pages\imgs\0636.png,data\html\newsbook\article_pages_bd278e02a5.html,https://newsbook.com.mt/kuljum-jinkitbu-poeziji-bgesti-zghar-li-bihom-naghtu-kas-lil-haddiehor-il-papa/
0637,newsbook,article_pages,dataset_final\Newsbook\Article Pages\imgs\0637.png,data\html\newsbook\article_pages_bd278e02a5.html,https://newsbook.com.mt/kuljum-jinkitbu-poeziji-bgesti-zghar-li-bihom-naghtu-kas-lil-haddiehor-il-papa/
0638,newsbook,article_pages,dataset_final\Newsbook\Article Pages\imgs\0638.png,data\html\newsbook\article_pages_b219db5ede.html,https://newsbook.com.mt/artemis-ii-l-astronawti-jaslu-lura-fid-dinja-kuntenti-u-bsahhithom/
0639,newsbook,article_pages,dataset_final\Newsbook\Article Pages\imgs\0639.png,data\html\newsbook\article_pages_b219db5ede.html,https://newsbook.com.mt/artemis-ii-l-astronawti-jaslu-lura-fid-dinja-kuntenti-u-bsahhithom/
0640,newsbook,article_pages,dataset_final\Newsbook\Article Pages\imgs\0640.png,data\html\newsbook\article_pages_b219db5ede.html,https://newsbook.com.mt/artemis-ii-l-astronawti-jaslu-lura-fid-dinja-kuntenti-u-bsahhithom/
0641,newsbook,article_pages,dataset_final\Newsbook\Article Pages\imgs\0641.png,data\html\newsbook\article_pages_b219db5ede.html,https://newsbook.com.mt/artemis-ii-l-astronawti-jaslu-lura-fid-dinja-kuntenti-u-bsahhithom/
0642,newsbook,article_pages,dataset_final\Newsbook\Article Pages\imgs\0642.png,data\html\newsbook\article_pages_b219db5ede.html,https://newsbook.com.mt/artemis-ii-l-astronawti-jaslu-lura-fid-dinja-kuntenti-u-bsahhithom/
0643,newsbook,article_pages,dataset_final\Newsbook\Article Pages\imgs\0643.png,data\html\newsbook\article_pages_b219db5ede.html,https://newsbook.com.mt/artemis-ii-l-astronawti-jaslu-lura-fid-dinja-kuntenti-u-bsahhithom/
0644,newsbook,article_pages,dataset_final\Newsbook\Article Pages\imgs\0644.png,data\html\newsbook\article_pages_b219db5ede.html,https://newsbook.com.mt/artemis-ii-l-astronawti-jaslu-lura-fid-dinja-kuntenti-u-bsahhithom/
0645,the_shift,home_page,dataset_final\The Shift\Home Page\0645.png,data\html\the_shift\home_page_10872a513d.html,https://theshiftnews.com/
0646,the_shift,home_page,dataset_final\The Shift\Home Page\0646.png,data\html\the_shift\home_page_10872a513d.html,https://theshiftnews.com/
0647,the_shift,home_page,dataset_final\The Shift\Home Page\0647.png,data\html\the_shift\home_page_10872a513d.html,https://theshiftnews.com/
0648,the_shift,home_page,dataset_final\The Shift\Home Page\0648.png,data\html\the_shift\home_page_10872a513d.html,https://theshiftnews.com/
0649,the_shift,home_page,dataset_final\The Shift\Home Page\0649.png,data\html\the_shift\home_page_10872a513d.html,https://theshiftnews.com/
0650,the_shift,home_page,dataset_final\The Shift\Home Page\0650.png,data\html\the_shift\home_page_10872a513d.html,https://theshiftnews.com/
0651,the_shift,home_page,dataset_final\The Shift\Home Page\0651.png,data\html\the_shift\home_page_10872a513d.html,https://theshiftnews.com/
0652,the_shift,home_page,dataset_final\The Shift\Home Page\0652.png,data\html\the_shift\home_page_10872a513d.html,https://theshiftnews.com/
0653,the_shift,home_page,dataset_final\The Shift\Home Page\0653.png,data\html\the_shift\home_page_10872a513d.html,https://theshiftnews.com/
0654,the_shift,home_page,dataset_final\The Shift\Home Page\0654.png,data\html\the_shift\home_page_10872a513d.html,https://theshiftnews.com/
0655,the_shift,home_page,dataset_final\The Shift\Home Page\0655.png,data\html\the_shift\home_page_10872a513d.html,https://theshiftnews.com/
0656,the_shift,home_page,dataset_final\The Shift\Home Page\0656.png,data\html\the_shift\home_page_10872a513d.html,https://theshiftnews.com/
0657,the_shift,home_page,dataset_final\The Shift\Home Page\0657.png,data\html\the_shift\home_page_10872a513d.html,https://theshiftnews.com/
0658,the_shift,home_page,dataset_final\The Shift\Home Page\0658.png,data\html\the_shift\home_page_10872a513d.html,https://theshiftnews.com/
0659,the_shift,home_page,dataset_final\The Shift\Home Page\0659.png,data\html\the_shift\home_page_10872a513d.html,https://theshiftnews.com/
0660,the_shift,home_page,dataset_final\The Shift\Home Page\0660.png,data\html\the_shift\home_page_10872a513d.html,https://theshiftnews.com/
0661,the_shift,home_page,dataset_final\The Shift\Home Page\0661.png,data\html\the_shift\home_page_10872a513d.html,https://theshiftnews.com/
0662,the_shift,home_page,dataset_final\The Shift\Home Page\0662.png,data\html\the_shift\home_page_10872a513d.html,https://theshiftnews.com/
0663,the_shift,home_page,dataset_final\The Shift\Home Page\0663.png,data\html\the_shift\home_page_10872a513d.html,https://theshiftnews.com/
0664,the_shift,home_page,dataset_final\The Shift\Home Page\0664.png,data\html\the_shift\home_page_10872a513d.html,https://theshiftnews.com/
0665,the_shift,home_page,dataset_final\The Shift\Home Page\0665.png,data\html\the_shift\home_page_10872a513d.html,https://theshiftnews.com/
0666,the_shift,home_page,dataset_final\The Shift\Home Page\0666.png,data\html\the_shift\home_page_10872a513d.html,https://theshiftnews.com/
0667,the_shift,news_listing,dataset_final\The Shift\News Listing\0667.png,data\html\the_shift\news_listing_bbe81f9ed5.html,https://theshiftnews.com/news/
0668,the_shift,news_listing,dataset_final\The Shift\News Listing\0668.png,data\html\the_shift\news_listing_bbe81f9ed5.html,https://theshiftnews.com/news/
0669,the_shift,news_listing,dataset_final\The Shift\News Listing\0669.png,data\html\the_shift\news_listing_bbe81f9ed5.html,https://theshiftnews.com/news/
0670,the_shift,news_listing,dataset_final\The Shift\News Listing\0670.png,data\html\the_shift\news_listing_bbe81f9ed5.html,https://theshiftnews.com/news/
0671,the_shift,news_listing,dataset_final\The Shift\News Listing\0671.png,data\html\the_shift\news_listing_bbe81f9ed5.html,https://theshiftnews.com/news/
0672,the_shift,news_listing,dataset_final\The Shift\News Listing\0672.png,data\html\the_shift\news_listing_bbe81f9ed5.html,https://theshiftnews.com/news/
0673,the_shift,news_listing,dataset_final\The Shift\News Listing\0673.png,data\html\the_shift\news_listing_bbe81f9ed5.html,https://theshiftnews.com/news/
0674,the_shift,news_listing,dataset_final\The Shift\News Listing\0674.png,data\html\the_shift\news_listing_bbe81f9ed5.html,https://theshiftnews.com/news/
0675,the_shift,news_listing,dataset_final\The Shift\News Listing\0675.png,data\html\the_shift\news_listing_7d33df5902.html,https://theshiftnews.com/news/page/2
0676,the_shift,news_listing,dataset_final\The Shift\News Listing\0676.png,data\html\the_shift\news_listing_7d33df5902.html,https://theshiftnews.com/news/page/2
0677,the_shift,news_listing,dataset_final\The Shift\News Listing\0677.png,data\html\the_shift\news_listing_7d33df5902.html,https://theshiftnews.com/news/page/2
0678,the_shift,news_listing,dataset_final\The Shift\News Listing\0678.png,data\html\the_shift\news_listing_7d33df5902.html,https://theshiftnews.com/news/page/2
0679,the_shift,news_listing,dataset_final\The Shift\News Listing\0679.png,data\html\the_shift\news_listing_7d33df5902.html,https://theshiftnews.com/news/page/2
0680,the_shift,news_listing,dataset_final\The Shift\News Listing\0680.png,data\html\the_shift\news_listing_7d33df5902.html,https://theshiftnews.com/news/page/2
0681,the_shift,news_listing,dataset_final\The Shift\News Listing\0681.png,data\html\the_shift\news_listing_7d33df5902.html,https://theshiftnews.com/news/page/2
0682,the_shift,news_listing,dataset_final\The Shift\News Listing\0682.png,data\html\the_shift\news_listing_4306b74151.html,https://theshiftnews.com/news/page/3
0683,the_shift,news_listing,dataset_final\The Shift\News Listing\0683.png,data\html\the_shift\news_listing_4306b74151.html,https://theshiftnews.com/news/page/3
0684,the_shift,news_listing,dataset_final\The Shift\News Listing\0684.png,data\html\the_shift\news_listing_4306b74151.html,https://theshiftnews.com/news/page/3
0685,the_shift,news_listing,dataset_final\The Shift\News Listing\0685.png,data\html\the_shift\news_listing_4306b74151.html,https://theshiftnews.com/news/page/3
0686,the_shift,news_listing,dataset_final\The Shift\News Listing\0686.png,data\html\the_shift\news_listing_4306b74151.html,https://theshiftnews.com/news/page/3
0687,the_shift,news_listing,dataset_final\The Shift\News Listing\0687.png,data\html\the_shift\news_listing_4306b74151.html,https://theshiftnews.com/news/page/3
0688,the_shift,news_listing,dataset_final\The Shift\News Listing\0688.png,data\html\the_shift\news_listing_4306b74151.html,https://theshiftnews.com/news/page/3
0689,the_shift,news_listing,dataset_final\The Shift\News Listing\0689.png,data\html\the_shift\news_listing_e42415976b.html,https://theshiftnews.com/news/page/4
0690,the_shift,news_listing,dataset_final\The Shift\News Listing\0690.png,data\html\the_shift\news_listing_e42415976b.html,https://theshiftnews.com/news/page/4
0691,the_shift,news_listing,dataset_final\The Shift\News Listing\0691.png,data\html\the_shift\news_listing_e42415976b.html,https://theshiftnews.com/news/page/4
0692,the_shift,news_listing,dataset_final\The Shift\News Listing\0692.png,data\html\the_shift\news_listing_e42415976b.html,https://theshiftnews.com/news/page/4
0693,the_shift,news_listing,dataset_final\The Shift\News Listing\0693.png,data\html\the_shift\news_listing_e42415976b.html,https://theshiftnews.com/news/page/4
0694,the_shift,news_listing,dataset_final\The Shift\News Listing\0694.png,data\html\the_shift\news_listing_e42415976b.html,https://theshiftnews.com/news/page/4
0695,the_shift,news_listing,dataset_final\The Shift\News Listing\0695.png,data\html\the_shift\news_listing_e42415976b.html,https://theshiftnews.com/news/page/4
0696,the_shift,news_listing,dataset_final\The Shift\News Listing\0696.png,data\html\the_shift\news_listing_e42415976b.html,https://theshiftnews.com/news/page/4
0697,the_shift,news_listing,dataset_final\The Shift\News Listing\0697.png,data\html\the_shift\news_listing_f8fa1c2507.html,https://theshiftnews.com/news/page/5
0698,the_shift,news_listing,dataset_final\The Shift\News Listing\0698.png,data\html\the_shift\news_listing_f8fa1c2507.html,https://theshiftnews.com/news/page/5
0699,the_shift,news_listing,dataset_final\The Shift\News Listing\0699.png,data\html\the_shift\news_listing_f8fa1c2507.html,https://theshiftnews.com/news/page/5
0700,the_shift,news_listing,dataset_final\The Shift\News Listing\0700.png,data\html\the_shift\news_listing_f8fa1c2507.html,https://theshiftnews.com/news/page/5
0701,the_shift,news_listing,dataset_final\The Shift\News Listing\0701.png,data\html\the_shift\news_listing_f8fa1c2507.html,https://theshiftnews.com/news/page/5
0702,the_shift,news_listing,dataset_final\The Shift\News Listing\0702.png,data\html\the_shift\news_listing_f8fa1c2507.html,https://theshiftnews.com/news/page/5
0703,the_shift,news_listing,dataset_final\The Shift\News Listing\0703.png,data\html\the_shift\news_listing_f8fa1c2507.html,https://theshiftnews.com/news/page/5
0704,the_shift,news_listing,dataset_final\The Shift\News Listing\0704.png,data\html\the_shift\news_listing_26dd18a4a4.html,https://theshiftnews.com/news/page/10
0705,the_shift,news_listing,dataset_final\The Shift\News Listing\0705.png,data\html\the_shift\news_listing_26dd18a4a4.html,https://theshiftnews.com/news/page/10
0706,the_shift,news_listing,dataset_final\The Shift\News Listing\0706.png,data\html\the_shift\news_listing_26dd18a4a4.html,https://theshiftnews.com/news/page/10
0707,the_shift,news_listing,dataset_final\The Shift\News Listing\0707.png,data\html\the_shift\news_listing_26dd18a4a4.html,https://theshiftnews.com/news/page/10
0708,the_shift,news_listing,dataset_final\The Shift\News Listing\0708.png,data\html\the_shift\news_listing_26dd18a4a4.html,https://theshiftnews.com/news/page/10
0709,the_shift,news_listing,dataset_final\The Shift\News Listing\0709.png,data\html\the_shift\news_listing_26dd18a4a4.html,https://theshiftnews.com/news/page/10
0710,the_shift,news_listing,dataset_final\The Shift\News Listing\0710.png,data\html\the_shift\news_listing_ea035971fc.html,https://theshiftnews.com/news/page/8
0711,the_shift,news_listing,dataset_final\The Shift\News Listing\0711.png,data\html\the_shift\news_listing_ea035971fc.html,https://theshiftnews.com/news/page/8
0712,the_shift,news_listing,dataset_final\The Shift\News Listing\0712.png,data\html\the_shift\news_listing_ea035971fc.html,https://theshiftnews.com/news/page/8
0713,the_shift,news_listing,dataset_final\The Shift\News Listing\0713.png,data\html\the_shift\news_listing_ea035971fc.html,https://theshiftnews.com/news/page/8
0714,the_shift,news_listing,dataset_final\The Shift\News Listing\0714.png,data\html\the_shift\news_listing_ea035971fc.html,https://theshiftnews.com/news/page/8
0715,the_shift,news_listing,dataset_final\The Shift\News Listing\0715.png,data\html\the_shift\news_listing_ea035971fc.html,https://theshiftnews.com/news/page/8
0716,the_shift,news_listing,dataset_final\The Shift\News Listing\0716.png,data\html\the_shift\news_listing_ea035971fc.html,https://theshiftnews.com/news/page/8
0717,the_shift,news_listing,dataset_final\The Shift\News Listing\0717.png,data\html\the_shift\news_listing_caeb66f92e.html,https://theshiftnews.com/news/page/9
0718,the_shift,news_listing,dataset_final\The Shift\News Listing\0718.png,data\html\the_shift\news_listing_caeb66f92e.html,https://theshiftnews.com/news/page/9
0719,the_shift,news_listing,dataset_final\The Shift\News Listing\0719.png,data\html\the_shift\news_listing_caeb66f92e.html,https://theshiftnews.com/news/page/9
0720,the_shift,news_listing,dataset_final\The Shift\News Listing\0720.png,data\html\the_shift\news_listing_caeb66f92e.html,https://theshiftnews.com/news/page/9
0721,the_shift,news_listing,dataset_final\The Shift\News Listing\0721.png,data\html\the_shift\news_listing_caeb66f92e.html,https://theshiftnews.com/news/page/9
0722,the_shift,news_listing,dataset_final\The Shift\News Listing\0722.png,data\html\the_shift\news_listing_caeb66f92e.html,https://theshiftnews.com/news/page/9
0723,the_shift,article_pages,dataset_final\The Shift\Article Pages\imgs\0723.png,data\html\the_shift\article_pages_4351a46365.html,https://theshiftnews.com/2026/05/01/midi-to-wind-down-after-government-deal-declares-e42m-loss-in-2025/
0724,the_shift,article_pages,dataset_final\The Shift\Article Pages\imgs\0724.png,data\html\the_shift\article_pages_4351a46365.html,https://theshiftnews.com/2026/05/01/midi-to-wind-down-after-government-deal-declares-e42m-loss-in-2025/
0725,the_shift,article_pages,dataset_final\The Shift\Article Pages\imgs\0725.png,data\html\the_shift\article_pages_4351a46365.html,https://theshiftnews.com/2026/05/01/midi-to-wind-down-after-government-deal-declares-e42m-loss-in-2025/
0726,the_shift,article_pages,dataset_final\The Shift\Article Pages\imgs\0726.png,data\html\the_shift\article_pages_4351a46365.html,https://theshiftnews.com/2026/05/01/midi-to-wind-down-after-government-deal-declares-e42m-loss-in-2025/
0727,the_shift,article_pages,dataset_final\The Shift\Article Pages\imgs\0727.png,data\html\the_shift\article_pages_4351a46365.html,https://theshiftnews.com/2026/05/01/midi-to-wind-down-after-government-deal-declares-e42m-loss-in-2025/
0728,the_shift,article_pages,dataset_final\The Shift\Article Pages\imgs\0728.png,data\html\the_shift\article_pages_4351a46365.html,https://theshiftnews.com/2026/05/01/midi-to-wind-down-after-government-deal-declares-e42m-loss-in-2025/
0729,the_shift,article_pages,dataset_final\The Shift\Article Pages\imgs\0729.png,data\html\the_shift\article_pages_4351a46365.html,https://theshiftnews.com/2026/05/01/midi-to-wind-down-after-government-deal-declares-e42m-loss-in-2025/
0730,the_shift,article_pages,dataset_final\The Shift\Article Pages\imgs\0730.png,data\html\the_shift\article_pages_4351a46365.html,https://theshiftnews.com/2026/05/01/midi-to-wind-down-after-government-deal-declares-e42m-loss-in-2025/
0731,the_shift,article_pages,dataset_final\The Shift\Article Pages\imgs\0731.png,data\html\the_shift\article_pages_4351a46365.html,https://theshiftnews.com/2026/05/01/midi-to-wind-down-after-government-deal-declares-e42m-loss-in-2025/
0732,the_shift,article_pages,dataset_final\The Shift\Article Pages\imgs\0732.png,data\html\the_shift\article_pages_4351a46365.html,https://theshiftnews.com/2026/05/01/midi-to-wind-down-after-government-deal-declares-e42m-loss-in-2025/
0733,the_shift,article_pages,dataset_final\The Shift\Article Pages\imgs\0733.png,data\html\the_shift\article_pages_4351a46365.html,https://theshiftnews.com/2026/05/01/midi-to-wind-down-after-government-deal-declares-e42m-loss-in-2025/
0734,the_shift,article_pages,dataset_final\The Shift\Article Pages\imgs\0734.png,data\html\the_shift\article_pages_4351a46365.html,https://theshiftnews.com/2026/05/01/midi-to-wind-down-after-government-deal-declares-e42m-loss-in-2025/
0735,the_shift,article_pages,dataset_final\The Shift\Article Pages\imgs\0735.png,data\html\the_shift\article_pages_4351a46365.html,https://theshiftnews.com/2026/05/01/midi-to-wind-down-after-government-deal-declares-e42m-loss-in-2025/
0736,the_shift,article_pages,dataset_final\The Shift\Article Pages\imgs\0736.png,data\html\the_shift\article_pages_4351a46365.html,https://theshiftnews.com/2026/05/01/midi-to-wind-down-after-government-deal-declares-e42m-loss-in-2025/
0737,the_shift,article_pages,dataset_final\The Shift\Article Pages\imgs\0737.png,data\html\the_shift\article_pages_4351a46365.html,https://theshiftnews.com/2026/05/01/midi-to-wind-down-after-government-deal-declares-e42m-loss-in-2025/
0738,the_shift,article_pages,dataset_final\The Shift\Article Pages\imgs\0738.png,data\html\the_shift\article_pages_4351a46365.html,https://theshiftnews.com/2026/05/01/midi-to-wind-down-after-government-deal-declares-e42m-loss-in-2025/
0739,the_shift,article_pages,dataset_final\The Shift\Article Pages\imgs\0739.png,data\html\the_shift\article_pages_4351a46365.html,https://theshiftnews.com/2026/05/01/midi-to-wind-down-after-government-deal-declares-e42m-loss-in-2025/
0740,the_shift,article_pages,dataset_final\The Shift\Article Pages\imgs\0740.png,data\html\the_shift\article_pages_4351a46365.html,https://theshiftnews.com/2026/05/01/midi-to-wind-down-after-government-deal-declares-e42m-loss-in-2025/
0741,the_shift,article_pages,dataset_final\The Shift\Article Pages\imgs\0741.png,data\html\the_shift\article_pages_4351a46365.html,https://theshiftnews.com/2026/05/01/midi-to-wind-down-after-government-deal-declares-e42m-loss-in-2025/
0742,the_shift,article_pages,dataset_final\The Shift\Article Pages\imgs\0742.png,data\html\the_shift\article_pages_6688442cc5.html,https://theshiftnews.com/2026/04/11/developers-confirm-remedial-works-for-collapsed-xemxija-road-expected-to-take-approximately-two-months/
0743,the_shift,article_pages,dataset_final\The Shift\Article Pages\imgs\0743.png,data\html\the_shift\article_pages_6688442cc5.html,https://theshiftnews.com/2026/04/11/developers-confirm-remedial-works-for-collapsed-xemxija-road-expected-to-take-approximately-two-months/
0744,the_shift,article_pages,dataset_final\The Shift\Article Pages\imgs\0744.png,data\html\the_shift\article_pages_6688442cc5.html,https://theshiftnews.com/2026/04/11/developers-confirm-remedial-works-for-collapsed-xemxija-road-expected-to-take-approximately-two-months/
0745,the_shift,article_pages,dataset_final\The Shift\Article Pages\imgs\0745.png,data\html\the_shift\article_pages_6688442cc5.html,https://theshiftnews.com/2026/04/11/developers-confirm-remedial-works-for-collapsed-xemxija-road-expected-to-take-approximately-two-months/
0746,the_shift,article_pages,dataset_final\The Shift\Article Pages\imgs\0746.png,data\html\the_shift\article_pages_6688442cc5.html,https://theshiftnews.com/2026/04/11/developers-confirm-remedial-works-for-collapsed-xemxija-road-expected-to-take-approximately-two-months/
0747,the_shift,article_pages,dataset_final\The Shift\Article Pages\imgs\0747.png,data\html\the_shift\article_pages_6688442cc5.html,https://theshiftnews.com/2026/04/11/developers-confirm-remedial-works-for-collapsed-xemxija-road-expected-to-take-approximately-two-months/
0748,the_shift,article_pages,dataset_final\The Shift\Article Pages\imgs\0748.png,data\html\the_shift\article_pages_6688442cc5.html,https://theshiftnews.com/2026/04/11/developers-confirm-remedial-works-for-collapsed-xemxija-road-expected-to-take-approximately-two-months/
0749,the_shift,article_pages,dataset_final\The Shift\Article Pages\imgs\0749.png,data\html\the_shift\article_pages_6688442cc5.html,https://theshiftnews.com/2026/04/11/developers-confirm-remedial-works-for-collapsed-xemxija-road-expected-to-take-approximately-two-months/
0750,the_shift,article_pages,dataset_final\The Shift\Article Pages\imgs\0750.png,data\html\the_shift\article_pages_6688442cc5.html,https://theshiftnews.com/2026/04/11/developers-confirm-remedial-works-for-collapsed-xemxija-road-expected-to-take-approximately-two-months/
0751,the_shift,article_pages,dataset_final\The Shift\Article Pages\imgs\0751.png,data\html\the_shift\article_pages_6688442cc5.html,https://theshiftnews.com/2026/04/11/developers-confirm-remedial-works-for-collapsed-xemxija-road-expected-to-take-approximately-two-months/
0752,the_shift,article_pages,dataset_final\The Shift\Article Pages\imgs\0752.png,data\html\the_shift\article_pages_6688442cc5.html,https://theshiftnews.com/2026/04/11/developers-confirm-remedial-works-for-collapsed-xemxija-road-expected-to-take-approximately-two-months/
0753,the_shift,article_pages,dataset_final\The Shift\Article Pages\imgs\0753.png,data\html\the_shift\article_pages_6688442cc5.html,https://theshiftnews.com/2026/04/11/developers-confirm-remedial-works-for-collapsed-xemxija-road-expected-to-take-approximately-two-months/
0754,the_shift,article_pages,dataset_final\The Shift\Article Pages\imgs\0754.png,data\html\the_shift\article_pages_6688442cc5.html,https://theshiftnews.com/2026/04/11/developers-confirm-remedial-works-for-collapsed-xemxija-road-expected-to-take-approximately-two-months/
0755,the_shift,article_pages,dataset_final\The Shift\Article Pages\imgs\0755.png,data\html\the_shift\article_pages_6688442cc5.html,https://theshiftnews.com/2026/04/11/developers-confirm-remedial-works-for-collapsed-xemxija-road-expected-to-take-approximately-two-months/
0756,the_shift,article_pages,dataset_final\The Shift\Article Pages\imgs\0756.png,data\html\the_shift\article_pages_6688442cc5.html,https://theshiftnews.com/2026/04/11/developers-confirm-remedial-works-for-collapsed-xemxija-road-expected-to-take-approximately-two-months/
0757,the_shift,article_pages,dataset_final\The Shift\Article Pages\imgs\0757.png,data\html\the_shift\article_pages_6688442cc5.html,https://theshiftnews.com/2026/04/11/developers-confirm-remedial-works-for-collapsed-xemxija-road-expected-to-take-approximately-two-months/
0758,the_shift,article_pages,dataset_final\The Shift\Article Pages\imgs\0758.png,data\html\the_shift\article_pages_6688442cc5.html,https://theshiftnews.com/2026/04/11/developers-confirm-remedial-works-for-collapsed-xemxija-road-expected-to-take-approximately-two-months/
0759,the_shift,article_pages,dataset_final\The Shift\Article Pages\imgs\0759.png,data\html\the_shift\article_pages_6688442cc5.html,https://theshiftnews.com/2026/04/11/developers-confirm-remedial-works-for-collapsed-xemxija-road-expected-to-take-approximately-two-months/
0760,the_shift,article_pages,dataset_final\The Shift\Article Pages\imgs\0760.png,data\html\the_shift\article_pages_6688442cc5.html,https://theshiftnews.com/2026/04/11/developers-confirm-remedial-works-for-collapsed-xemxija-road-expected-to-take-approximately-two-months/
0761,the_shift,article_pages,dataset_final\The Shift\Article Pages\imgs\0761.png,data\html\the_shift\article_pages_6688442cc5.html,https://theshiftnews.com/2026/04/11/developers-confirm-remedial-works-for-collapsed-xemxija-road-expected-to-take-approximately-two-months/
0762,the_shift,article_pages,dataset_final\The Shift\Article Pages\imgs\0762.png,data\html\the_shift\article_pages_4177fa6acf.html,https://theshiftnews.com/2026/03/29/watering-our-image/
0763,the_shift,article_pages,dataset_final\The Shift\Article Pages\imgs\0763.png,data\html\the_shift\article_pages_4177fa6acf.html,https://theshiftnews.com/2026/03/29/watering-our-image/
0764,the_shift,article_pages,dataset_final\The Shift\Article Pages\imgs\0764.png,data\html\the_shift\article_pages_4177fa6acf.html,https://theshiftnews.com/2026/03/29/watering-our-image/
0765,the_shift,article_pages,dataset_final\The Shift\Article Pages\imgs\0765.png,data\html\the_shift\article_pages_4177fa6acf.html,https://theshiftnews.com/2026/03/29/watering-our-image/
0766,the_shift,article_pages,dataset_final\The Shift\Article Pages\imgs\0766.png,data\html\the_shift\article_pages_4177fa6acf.html,https://theshiftnews.com/2026/03/29/watering-our-image/
0767,the_shift,article_pages,dataset_final\The Shift\Article Pages\imgs\0767.png,data\html\the_shift\article_pages_4177fa6acf.html,https://theshiftnews.com/2026/03/29/watering-our-image/
0768,the_shift,article_pages,dataset_final\The Shift\Article Pages\imgs\0768.png,data\html\the_shift\article_pages_4177fa6acf.html,https://theshiftnews.com/2026/03/29/watering-our-image/
0769,the_shift,article_pages,dataset_final\The Shift\Article Pages\imgs\0769.png,data\html\the_shift\article_pages_4177fa6acf.html,https://theshiftnews.com/2026/03/29/watering-our-image/
0770,the_shift,article_pages,dataset_final\The Shift\Article Pages\imgs\0770.png,data\html\the_shift\article_pages_4177fa6acf.html,https://theshiftnews.com/2026/03/29/watering-our-image/
0771,the_shift,article_pages,dataset_final\The Shift\Article Pages\imgs\0771.png,data\html\the_shift\article_pages_4177fa6acf.html,https://theshiftnews.com/2026/03/29/watering-our-image/
0772,the_shift,article_pages,dataset_final\The Shift\Article Pages\imgs\0772.png,data\html\the_shift\article_pages_4177fa6acf.html,https://theshiftnews.com/2026/03/29/watering-our-image/
0773,the_shift,article_pages,dataset_final\The Shift\Article Pages\imgs\0773.png,data\html\the_shift\article_pages_4177fa6acf.html,https://theshiftnews.com/2026/03/29/watering-our-image/
0774,the_shift,article_pages,dataset_final\The Shift\Article Pages\imgs\0774.png,data\html\the_shift\article_pages_4177fa6acf.html,https://theshiftnews.com/2026/03/29/watering-our-image/
0775,the_shift,article_pages,dataset_final\The Shift\Article Pages\imgs\0775.png,data\html\the_shift\article_pages_4177fa6acf.html,https://theshiftnews.com/2026/03/29/watering-our-image/
0776,the_shift,article_pages,dataset_final\The Shift\Article Pages\imgs\0776.png,data\html\the_shift\article_pages_4177fa6acf.html,https://theshiftnews.com/2026/03/29/watering-our-image/
0777,the_shift,article_pages,dataset_final\The Shift\Article Pages\imgs\0777.png,data\html\the_shift\article_pages_4177fa6acf.html,https://theshiftnews.com/2026/03/29/watering-our-image/
0778,the_shift,article_pages,dataset_final\The Shift\Article Pages\imgs\0778.png,data\html\the_shift\article_pages_4375ac7a70.html,https://theshiftnews.com/2026/02/25/revealed-identities-of-gozitan-trio-in-french-ski-resort-crime/
0779,the_shift,article_pages,dataset_final\The Shift\Article Pages\imgs\0779.png,data\html\the_shift\article_pages_4375ac7a70.html,https://theshiftnews.com/2026/02/25/revealed-identities-of-gozitan-trio-in-french-ski-resort-crime/
0780,the_shift,article_pages,dataset_final\The Shift\Article Pages\imgs\0780.png,data\html\the_shift\article_pages_4375ac7a70.html,https://theshiftnews.com/2026/02/25/revealed-identities-of-gozitan-trio-in-french-ski-resort-crime/
0781,the_shift,article_pages,dataset_final\The Shift\Article Pages\imgs\0781.png,data\html\the_shift\article_pages_4375ac7a70.html,https://theshiftnews.com/2026/02/25/revealed-identities-of-gozitan-trio-in-french-ski-resort-crime/
0782,the_shift,article_pages,dataset_final\The Shift\Article Pages\imgs\0782.png,data\html\the_shift\article_pages_4375ac7a70.html,https://theshiftnews.com/2026/02/25/revealed-identities-of-gozitan-trio-in-french-ski-resort-crime/
0783,the_shift,article_pages,dataset_final\The Shift\Article Pages\imgs\0783.png,data\html\the_shift\article_pages_4375ac7a70.html,https://theshiftnews.com/2026/02/25/revealed-identities-of-gozitan-trio-in-french-ski-resort-crime/
0784,the_shift,article_pages,dataset_final\The Shift\Article Pages\imgs\0784.png,data\html\the_shift\article_pages_4375ac7a70.html,https://theshiftnews.com/2026/02/25/revealed-identities-of-gozitan-trio-in-french-ski-resort-crime/
0785,the_shift,article_pages,dataset_final\The Shift\Article Pages\imgs\0785.png,data\html\the_shift\article_pages_4375ac7a70.html,https://theshiftnews.com/2026/02/25/revealed-identities-of-gozitan-trio-in-french-ski-resort-crime/
0786,the_shift,article_pages,dataset_final\The Shift\Article Pages\imgs\0786.png,data\html\the_shift\article_pages_4375ac7a70.html,https://theshiftnews.com/2026/02/25/revealed-identities-of-gozitan-trio-in-french-ski-resort-crime/
0787,the_shift,article_pages,dataset_final\The Shift\Article Pages\imgs\0787.png,data\html\the_shift\article_pages_4375ac7a70.html,https://theshiftnews.com/2026/02/25/revealed-identities-of-gozitan-trio-in-french-ski-resort-crime/
0788,the_shift,article_pages,dataset_final\The Shift\Article Pages\imgs\0788.png,data\html\the_shift\article_pages_4375ac7a70.html,https://theshiftnews.com/2026/02/25/revealed-identities-of-gozitan-trio-in-french-ski-resort-crime/
0789,the_shift,article_pages,dataset_final\The Shift\Article Pages\imgs\0789.png,data\html\the_shift\article_pages_4375ac7a70.html,https://theshiftnews.com/2026/02/25/revealed-identities-of-gozitan-trio-in-french-ski-resort-crime/
0790,the_shift,article_pages,dataset_final\The Shift\Article Pages\imgs\0790.png,data\html\the_shift\article_pages_4375ac7a70.html,https://theshiftnews.com/2026/02/25/revealed-identities-of-gozitan-trio-in-french-ski-resort-crime/
0791,the_shift,article_pages,dataset_final\The Shift\Article Pages\imgs\0791.png,data\html\the_shift\article_pages_10a53242e5.html,https://theshiftnews.com/2025/11/20/80-of-all-public-parks-in-malta-are-smaller-than-a-standard-football-pitch/
0792,the_shift,article_pages,dataset_final\The Shift\Article Pages\imgs\0792.png,data\html\the_shift\article_pages_10a53242e5.html,https://theshiftnews.com/2025/11/20/80-of-all-public-parks-in-malta-are-smaller-than-a-standard-football-pitch/
0793,the_shift,article_pages,dataset_final\The Shift\Article Pages\imgs\0793.png,data\html\the_shift\article_pages_10a53242e5.html,https://theshiftnews.com/2025/11/20/80-of-all-public-parks-in-malta-are-smaller-than-a-standard-football-pitch/
0794,the_shift,article_pages,dataset_final\The Shift\Article Pages\imgs\0794.png,data\html\the_shift\article_pages_10a53242e5.html,https://theshiftnews.com/2025/11/20/80-of-all-public-parks-in-malta-are-smaller-than-a-standard-football-pitch/
0795,the_shift,article_pages,dataset_final\The Shift\Article Pages\imgs\0795.png,data\html\the_shift\article_pages_10a53242e5.html,https://theshiftnews.com/2025/11/20/80-of-all-public-parks-in-malta-are-smaller-than-a-standard-football-pitch/
0796,the_shift,article_pages,dataset_final\The Shift\Article Pages\imgs\0796.png,data\html\the_shift\article_pages_10a53242e5.html,https://theshiftnews.com/2025/11/20/80-of-all-public-parks-in-malta-are-smaller-than-a-standard-football-pitch/
0797,the_shift,article_pages,dataset_final\The Shift\Article Pages\imgs\0797.png,data\html\the_shift\article_pages_10a53242e5.html,https://theshiftnews.com/2025/11/20/80-of-all-public-parks-in-malta-are-smaller-than-a-standard-football-pitch/
0798,the_shift,article_pages,dataset_final\The Shift\Article Pages\imgs\0798.png,data\html\the_shift\article_pages_10a53242e5.html,https://theshiftnews.com/2025/11/20/80-of-all-public-parks-in-malta-are-smaller-than-a-standard-football-pitch/
0799,the_shift,article_pages,dataset_final\The Shift\Article Pages\imgs\0799.png,data\html\the_shift\article_pages_10a53242e5.html,https://theshiftnews.com/2025/11/20/80-of-all-public-parks-in-malta-are-smaller-than-a-standard-football-pitch/
0800,the_shift,article_pages,dataset_final\The Shift\Article Pages\imgs\0800.png,data\html\the_shift\article_pages_10a53242e5.html,https://theshiftnews.com/2025/11/20/80-of-all-public-parks-in-malta-are-smaller-than-a-standard-football-pitch/
0801,the_shift,article_pages,dataset_final\The Shift\Article Pages\imgs\0801.png,data\html\the_shift\article_pages_10a53242e5.html,https://theshiftnews.com/2025/11/20/80-of-all-public-parks-in-malta-are-smaller-than-a-standard-football-pitch/
0802,the_shift,article_pages,dataset_final\The Shift\Article Pages\imgs\0802.png,data\html\the_shift\article_pages_10a53242e5.html,https://theshiftnews.com/2025/11/20/80-of-all-public-parks-in-malta-are-smaller-than-a-standard-football-pitch/
0803,the_shift,article_pages,dataset_final\The Shift\Article Pages\imgs\0803.png,data\html\the_shift\article_pages_10a53242e5.html,https://theshiftnews.com/2025/11/20/80-of-all-public-parks-in-malta-are-smaller-than-a-standard-football-pitch/
0804,the_shift,article_pages,dataset_final\The Shift\Article Pages\imgs\0804.png,data\html\the_shift\article_pages_10a53242e5.html,https://theshiftnews.com/2025/11/20/80-of-all-public-parks-in-malta-are-smaller-than-a-standard-football-pitch/
0805,the_shift,article_pages,dataset_final\The Shift\Article Pages\imgs\0805.png,data\html\the_shift\article_pages_10a53242e5.html,https://theshiftnews.com/2025/11/20/80-of-all-public-parks-in-malta-are-smaller-than-a-standard-football-pitch/
0806,times_of_malta,home_page,dataset_final\Times of Malta\Home Page\0806.png,data\html\times_of_malta\home_page_d5b143355b.html,https://timesofmalta.com/
0807,times_of_malta,home_page,dataset_final\Times of Malta\Home Page\0807.png,data\html\times_of_malta\home_page_d5b143355b.html,https://timesofmalta.com/
0808,times_of_malta,home_page,dataset_final\Times of Malta\Home Page\0808.png,data\html\times_of_malta\home_page_d5b143355b.html,https://timesofmalta.com/
0809,times_of_malta,home_page,dataset_final\Times of Malta\Home Page\0809.png,data\html\times_of_malta\home_page_d5b143355b.html,https://timesofmalta.com/
0810,times_of_malta,home_page,dataset_final\Times of Malta\Home Page\0810.png,data\html\times_of_malta\home_page_d5b143355b.html,https://timesofmalta.com/
0811,times_of_malta,home_page,dataset_final\Times of Malta\Home Page\0811.png,data\html\times_of_malta\home_page_d5b143355b.html,https://timesofmalta.com/
0812,times_of_malta,home_page,dataset_final\Times of Malta\Home Page\0812.png,data\html\times_of_malta\home_page_d5b143355b.html,https://timesofmalta.com/
0813,times_of_malta,home_page,dataset_final\Times of Malta\Home Page\0813.png,data\html\times_of_malta\home_page_d5b143355b.html,https://timesofmalta.com/
0814,times_of_malta,home_page,dataset_final\Times of Malta\Home Page\0814.png,data\html\times_of_malta\home_page_d5b143355b.html,https://timesofmalta.com/
0815,times_of_malta,home_page,dataset_final\Times of Malta\Home Page\0815.png,data\html\times_of_malta\home_page_d5b143355b.html,https://timesofmalta.com/
0816,times_of_malta,home_page,dataset_final\Times of Malta\Home Page\0816.png,data\html\times_of_malta\home_page_d5b143355b.html,https://timesofmalta.com/
0817,times_of_malta,home_page,dataset_final\Times of Malta\Home Page\0817.png,data\html\times_of_malta\home_page_d5b143355b.html,https://timesofmalta.com/
0818,times_of_malta,home_page,dataset_final\Times of Malta\Home Page\0818.png,data\html\times_of_malta\home_page_d5b143355b.html,https://timesofmalta.com/
0819,times_of_malta,home_page,dataset_final\Times of Malta\Home Page\0819.png,data\html\times_of_malta\home_page_d5b143355b.html,https://timesofmalta.com/
0820,times_of_malta,home_page,dataset_final\Times of Malta\Home Page\0820.png,data\html\times_of_malta\home_page_d5b143355b.html,https://timesofmalta.com/
0821,times_of_malta,home_page,dataset_final\Times of Malta\Home Page\0821.png,data\html\times_of_malta\home_page_d5b143355b.html,https://timesofmalta.com/
0822,times_of_malta,home_page,dataset_final\Times of Malta\Home Page\0822.png,data\html\times_of_malta\home_page_d5b143355b.html,https://timesofmalta.com/
0823,times_of_malta,home_page,dataset_final\Times of Malta\Home Page\0823.png,data\html\times_of_malta\home_page_d5b143355b.html,https://timesofmalta.com/
0824,times_of_malta,home_page,dataset_final\Times of Malta\Home Page\0824.png,data\html\times_of_malta\home_page_d5b143355b.html,https://timesofmalta.com/
0825,times_of_malta,home_page,dataset_final\Times of Malta\Home Page\0825.png,data\html\times_of_malta\home_page_d5b143355b.html,https://timesofmalta.com/
0826,times_of_malta,home_page,dataset_final\Times of Malta\Home Page\0826.png,data\html\times_of_malta\home_page_d5b143355b.html,https://timesofmalta.com/
0827,times_of_malta,home_page,dataset_final\Times of Malta\Home Page\0827.png,data\html\times_of_malta\home_page_d5b143355b.html,https://timesofmalta.com/
0828,times_of_malta,home_page,dataset_final\Times of Malta\Home Page\0828.png,data\html\times_of_malta\home_page_d5b143355b.html,https://timesofmalta.com/
0829,times_of_malta,home_page,dataset_final\Times of Malta\Home Page\0829.png,data\html\times_of_malta\home_page_d5b143355b.html,https://timesofmalta.com/
0830,times_of_malta,home_page,dataset_final\Times of Malta\Home Page\0830.png,data\html\times_of_malta\home_page_d5b143355b.html,https://timesofmalta.com/
0831,times_of_malta,home_page,dataset_final\Times of Malta\Home Page\0831.png,data\html\times_of_malta\home_page_d5b143355b.html,https://timesofmalta.com/
0832,times_of_malta,home_page,dataset_final\Times of Malta\Home Page\0832.png,data\html\times_of_malta\home_page_d5b143355b.html,https://timesofmalta.com/
0833,times_of_malta,home_page,dataset_final\Times of Malta\Home Page\0833.png,data\html\times_of_malta\home_page_d5b143355b.html,https://timesofmalta.com/
0834,times_of_malta,news_listing,dataset_final\Times of Malta\News Listing\0834.png,data\html\times_of_malta\news_listing_81bab4e117.html,https://timesofmalta.com/news/national
0835,times_of_malta,news_listing,dataset_final\Times of Malta\News Listing\0835.png,data\html\times_of_malta\news_listing_81bab4e117.html,https://timesofmalta.com/news/national
0836,times_of_malta,news_listing,dataset_final\Times of Malta\News Listing\0836.png,data\html\times_of_malta\news_listing_81bab4e117.html,https://timesofmalta.com/news/national
0837,times_of_malta,news_listing,dataset_final\Times of Malta\News Listing\0837.png,data\html\times_of_malta\news_listing_81bab4e117.html,https://timesofmalta.com/news/national
0838,times_of_malta,news_listing,dataset_final\Times of Malta\News Listing\0838.png,data\html\times_of_malta\news_listing_81bab4e117.html,https://timesofmalta.com/news/national
0839,times_of_malta,news_listing,dataset_final\Times of Malta\News Listing\0839.png,data\html\times_of_malta\news_listing_81bab4e117.html,https://timesofmalta.com/news/national
0840,times_of_malta,news_listing,dataset_final\Times of Malta\News Listing\0840.png,data\html\times_of_malta\news_listing_81bab4e117.html,https://timesofmalta.com/news/national
0841,times_of_malta,news_listing,dataset_final\Times of Malta\News Listing\0841.png,data\html\times_of_malta\news_listing_81bab4e117.html,https://timesofmalta.com/news/national
0842,times_of_malta,news_listing,dataset_final\Times of Malta\News Listing\0842.png,data\html\times_of_malta\news_listing_81bab4e117.html,https://timesofmalta.com/news/national
0843,times_of_malta,news_listing,dataset_final\Times of Malta\News Listing\0843.png,data\html\times_of_malta\news_listing_81bab4e117.html,https://timesofmalta.com/news/national
0844,times_of_malta,news_listing,dataset_final\Times of Malta\News Listing\0844.png,data\html\times_of_malta\news_listing_4da4562efa.html,https://timesofmalta.com/news/national?cursor=eyJhcnRpY2xlcy5kYXRlIjoiMjAyNi0wNC0yOSAxOTo0OTowMCIsIl9wb2ludHNUb05leHRJdGVtcyI6dHJ1ZX0
0845,times_of_malta,news_listing,dataset_final\Times of Malta\News Listing\0845.png,data\html\times_of_malta\news_listing_4da4562efa.html,https://timesofmalta.com/news/national?cursor=eyJhcnRpY2xlcy5kYXRlIjoiMjAyNi0wNC0yOSAxOTo0OTowMCIsIl9wb2ludHNUb05leHRJdGVtcyI6dHJ1ZX0
0846,times_of_malta,news_listing,dataset_final\Times of Malta\News Listing\0846.png,data\html\times_of_malta\news_listing_4da4562efa.html,https://timesofmalta.com/news/national?cursor=eyJhcnRpY2xlcy5kYXRlIjoiMjAyNi0wNC0yOSAxOTo0OTowMCIsIl9wb2ludHNUb05leHRJdGVtcyI6dHJ1ZX0
0847,times_of_malta,news_listing,dataset_final\Times of Malta\News Listing\0847.png,data\html\times_of_malta\news_listing_4da4562efa.html,https://timesofmalta.com/news/national?cursor=eyJhcnRpY2xlcy5kYXRlIjoiMjAyNi0wNC0yOSAxOTo0OTowMCIsIl9wb2ludHNUb05leHRJdGVtcyI6dHJ1ZX0
0848,times_of_malta,news_listing,dataset_final\Times of Malta\News Listing\0848.png,data\html\times_of_malta\news_listing_4da4562efa.html,https://timesofmalta.com/news/national?cursor=eyJhcnRpY2xlcy5kYXRlIjoiMjAyNi0wNC0yOSAxOTo0OTowMCIsIl9wb2ludHNUb05leHRJdGVtcyI6dHJ1ZX0
0849,times_of_malta,news_listing,dataset_final\Times of Malta\News Listing\0849.png,data\html\times_of_malta\news_listing_5bf5e580f7.html,https://timesofmalta.com/news/world
0850,times_of_malta,news_listing,dataset_final\Times of Malta\News Listing\0850.png,data\html\times_of_malta\news_listing_5bf5e580f7.html,https://timesofmalta.com/news/world
0851,times_of_malta,news_listing,dataset_final\Times of Malta\News Listing\0851.png,data\html\times_of_malta\news_listing_5bf5e580f7.html,https://timesofmalta.com/news/world
0852,times_of_malta,news_listing,dataset_final\Times of Malta\News Listing\0852.png,data\html\times_of_malta\news_listing_5bf5e580f7.html,https://timesofmalta.com/news/world
0853,times_of_malta,news_listing,dataset_final\Times of Malta\News Listing\0853.png,data\html\times_of_malta\news_listing_5bf5e580f7.html,https://timesofmalta.com/news/world
0854,times_of_malta,news_listing,dataset_final\Times of Malta\News Listing\0854.png,data\html\times_of_malta\news_listing_5bf5e580f7.html,https://timesofmalta.com/news/world
0855,times_of_malta,news_listing,dataset_final\Times of Malta\News Listing\0855.png,data\html\times_of_malta\news_listing_5bf5e580f7.html,https://timesofmalta.com/news/world
0856,times_of_malta,news_listing,dataset_final\Times of Malta\News Listing\0856.png,data\html\times_of_malta\news_listing_5794f16a2d.html,https://timesofmalta.com/news/world?cursor=eyJhcnRpY2xlcy5kYXRlIjoiMjAyNi0wNC0yNSAwNjo0NDowMCIsIl9wb2ludHNUb05leHRJdGVtcyI6dHJ1ZX0
0857,times_of_malta,news_listing,dataset_final\Times of Malta\News Listing\0857.png,data\html\times_of_malta\news_listing_5794f16a2d.html,https://timesofmalta.com/news/world?cursor=eyJhcnRpY2xlcy5kYXRlIjoiMjAyNi0wNC0yNSAwNjo0NDowMCIsIl9wb2ludHNUb05leHRJdGVtcyI6dHJ1ZX0
0858,times_of_malta,news_listing,dataset_final\Times of Malta\News Listing\0858.png,data\html\times_of_malta\news_listing_5794f16a2d.html,https://timesofmalta.com/news/world?cursor=eyJhcnRpY2xlcy5kYXRlIjoiMjAyNi0wNC0yNSAwNjo0NDowMCIsIl9wb2ludHNUb05leHRJdGVtcyI6dHJ1ZX0
0859,times_of_malta,news_listing,dataset_final\Times of Malta\News Listing\0859.png,data\html\times_of_malta\news_listing_5794f16a2d.html,https://timesofmalta.com/news/world?cursor=eyJhcnRpY2xlcy5kYXRlIjoiMjAyNi0wNC0yNSAwNjo0NDowMCIsIl9wb2ludHNUb05leHRJdGVtcyI6dHJ1ZX0
0860,times_of_malta,news_listing,dataset_final\Times of Malta\News Listing\0860.png,data\html\times_of_malta\news_listing_5794f16a2d.html,https://timesofmalta.com/news/world?cursor=eyJhcnRpY2xlcy5kYXRlIjoiMjAyNi0wNC0yNSAwNjo0NDowMCIsIl9wb2ludHNUb05leHRJdGVtcyI6dHJ1ZX0
0861,times_of_malta,news_listing,dataset_final\Times of Malta\News Listing\0861.png,data\html\times_of_malta\news_listing_5794f16a2d.html,https://timesofmalta.com/news/world?cursor=eyJhcnRpY2xlcy5kYXRlIjoiMjAyNi0wNC0yNSAwNjo0NDowMCIsIl9wb2ludHNUb05leHRJdGVtcyI6dHJ1ZX0
0862,times_of_malta,news_listing,dataset_final\Times of Malta\News Listing\0862.png,data\html\times_of_malta\news_listing_51c78426dc.html,https://timesofmalta.com/news/entertainment
0863,times_of_malta,news_listing,dataset_final\Times of Malta\News Listing\0863.png,data\html\times_of_malta\news_listing_51c78426dc.html,https://timesofmalta.com/news/entertainment
0864,times_of_malta,news_listing,dataset_final\Times of Malta\News Listing\0864.png,data\html\times_of_malta\news_listing_51c78426dc.html,https://timesofmalta.com/news/entertainment
0865,times_of_malta,news_listing,dataset_final\Times of Malta\News Listing\0865.png,data\html\times_of_malta\news_listing_51c78426dc.html,https://timesofmalta.com/news/entertainment
0866,times_of_malta,news_listing,dataset_final\Times of Malta\News Listing\0866.png,data\html\times_of_malta\news_listing_51c78426dc.html,https://timesofmalta.com/news/entertainment
0867,times_of_malta,news_listing,dataset_final\Times of Malta\News Listing\0867.png,data\html\times_of_malta\news_listing_51c78426dc.html,https://timesofmalta.com/news/entertainment
0868,times_of_malta,news_listing,dataset_final\Times of Malta\News Listing\0868.png,data\html\times_of_malta\news_listing_51c78426dc.html,https://timesofmalta.com/news/entertainment
0869,times_of_malta,news_listing,dataset_final\Times of Malta\News Listing\0869.png,data\html\times_of_malta\news_listing_51c78426dc.html,https://timesofmalta.com/news/entertainment
0870,times_of_malta,news_listing,dataset_final\Times of Malta\News Listing\0870.png,data\html\times_of_malta\news_listing_51c78426dc.html,https://timesofmalta.com/news/entertainment
0871,times_of_malta,news_listing,dataset_final\Times of Malta\News Listing\0871.png,data\html\times_of_malta\news_listing_534fbc4cfb.html,https://timesofmalta.com/news/entertainment?cursor=eyJhcnRpY2xlcy5kYXRlIjoiMjAyNi0wNC0yMSAxMjozNDowMCIsIl9wb2ludHNUb05leHRJdGVtcyI6dHJ1ZX0
0872,times_of_malta,news_listing,dataset_final\Times of Malta\News Listing\0872.png,data\html\times_of_malta\news_listing_534fbc4cfb.html,https://timesofmalta.com/news/entertainment?cursor=eyJhcnRpY2xlcy5kYXRlIjoiMjAyNi0wNC0yMSAxMjozNDowMCIsIl9wb2ludHNUb05leHRJdGVtcyI6dHJ1ZX0
0873,times_of_malta,news_listing,dataset_final\Times of Malta\News Listing\0873.png,data\html\times_of_malta\news_listing_534fbc4cfb.html,https://timesofmalta.com/news/entertainment?cursor=eyJhcnRpY2xlcy5kYXRlIjoiMjAyNi0wNC0yMSAxMjozNDowMCIsIl9wb2ludHNUb05leHRJdGVtcyI6dHJ1ZX0
0874,times_of_malta,news_listing,dataset_final\Times of Malta\News Listing\0874.png,data\html\times_of_malta\news_listing_534fbc4cfb.html,https://timesofmalta.com/news/entertainment?cursor=eyJhcnRpY2xlcy5kYXRlIjoiMjAyNi0wNC0yMSAxMjozNDowMCIsIl9wb2ludHNUb05leHRJdGVtcyI6dHJ1ZX0
0875,times_of_malta,news_listing,dataset_final\Times of Malta\News Listing\0875.png,data\html\times_of_malta\news_listing_534fbc4cfb.html,https://timesofmalta.com/news/entertainment?cursor=eyJhcnRpY2xlcy5kYXRlIjoiMjAyNi0wNC0yMSAxMjozNDowMCIsIl9wb2ludHNUb05leHRJdGVtcyI6dHJ1ZX0
0876,times_of_malta,news_listing,dataset_final\Times of Malta\News Listing\0876.png,data\html\times_of_malta\news_listing_534fbc4cfb.html,https://timesofmalta.com/news/entertainment?cursor=eyJhcnRpY2xlcy5kYXRlIjoiMjAyNi0wNC0yMSAxMjozNDowMCIsIl9wb2ludHNUb05leHRJdGVtcyI6dHJ1ZX0
0877,times_of_malta,news_listing,dataset_final\Times of Malta\News Listing\0877.png,data\html\times_of_malta\news_listing_534fbc4cfb.html,https://timesofmalta.com/news/entertainment?cursor=eyJhcnRpY2xlcy5kYXRlIjoiMjAyNi0wNC0yMSAxMjozNDowMCIsIl9wb2ludHNUb05leHRJdGVtcyI6dHJ1ZX0
0878,times_of_malta,news_listing,dataset_final\Times of Malta\News Listing\0878.png,data\html\times_of_malta\news_listing_534fbc4cfb.html,https://timesofmalta.com/news/entertainment?cursor=eyJhcnRpY2xlcy5kYXRlIjoiMjAyNi0wNC0yMSAxMjozNDowMCIsIl9wb2ludHNUb05leHRJdGVtcyI6dHJ1ZX0
0879,times_of_malta,news_listing,dataset_final\Times of Malta\News Listing\0879.png,data\html\times_of_malta\news_listing_534fbc4cfb.html,https://timesofmalta.com/news/entertainment?cursor=eyJhcnRpY2xlcy5kYXRlIjoiMjAyNi0wNC0yMSAxMjozNDowMCIsIl9wb2ludHNUb05leHRJdGVtcyI6dHJ1ZX0
0880,times_of_malta,news_listing,dataset_final\Times of Malta\News Listing\0880.png,data\html\times_of_malta\news_listing_534fbc4cfb.html,https://timesofmalta.com/news/entertainment?cursor=eyJhcnRpY2xlcy5kYXRlIjoiMjAyNi0wNC0yMSAxMjozNDowMCIsIl9wb2ludHNUb05leHRJdGVtcyI6dHJ1ZX0
0881,times_of_malta,news_listing,dataset_final\Times of Malta\News Listing\0881.png,data\html\times_of_malta\news_listing_519088f8c1.html,https://timesofmalta.com/news/tech
0882,times_of_malta,news_listing,dataset_final\Times of Malta\News Listing\0882.png,data\html\times_of_malta\news_listing_519088f8c1.html,https://timesofmalta.com/news/tech
0883,times_of_malta,news_listing,dataset_final\Times of Malta\News Listing\0883.png,data\html\times_of_malta\news_listing_519088f8c1.html,https://timesofmalta.com/news/tech
0884,times_of_malta,news_listing,dataset_final\Times of Malta\News Listing\0884.png,data\html\times_of_malta\news_listing_519088f8c1.html,https://timesofmalta.com/news/tech
0885,times_of_malta,news_listing,dataset_final\Times of Malta\News Listing\0885.png,data\html\times_of_malta\news_listing_519088f8c1.html,https://timesofmalta.com/news/tech
0886,times_of_malta,news_listing,dataset_final\Times of Malta\News Listing\0886.png,data\html\times_of_malta\news_listing_519088f8c1.html,https://timesofmalta.com/news/tech
0887,times_of_malta,news_listing,dataset_final\Times of Malta\News Listing\0887.png,data\html\times_of_malta\news_listing_519088f8c1.html,https://timesofmalta.com/news/tech
0888,times_of_malta,news_listing,dataset_final\Times of Malta\News Listing\0888.png,data\html\times_of_malta\news_listing_519088f8c1.html,https://timesofmalta.com/news/tech
0889,times_of_malta,news_listing,dataset_final\Times of Malta\News Listing\0889.png,data\html\times_of_malta\news_listing_d0edfb9e19.html,https://timesofmalta.com/news/national?cursor=eyJhcnRpY2xlcy5kYXRlIjoiMjAyNi0wNS0xMSAyMDo1MTowMCIsIl9wb2ludHNUb05leHRJdGVtcyI6ZmFsc2V9
0890,times_of_malta,news_listing,dataset_final\Times of Malta\News Listing\0890.png,data\html\times_of_malta\news_listing_d0edfb9e19.html,https://timesofmalta.com/news/national?cursor=eyJhcnRpY2xlcy5kYXRlIjoiMjAyNi0wNS0xMSAyMDo1MTowMCIsIl9wb2ludHNUb05leHRJdGVtcyI6ZmFsc2V9
0891,times_of_malta,news_listing,dataset_final\Times of Malta\News Listing\0891.png,data\html\times_of_malta\news_listing_d0edfb9e19.html,https://timesofmalta.com/news/national?cursor=eyJhcnRpY2xlcy5kYXRlIjoiMjAyNi0wNS0xMSAyMDo1MTowMCIsIl9wb2ludHNUb05leHRJdGVtcyI6ZmFsc2V9
0892,times_of_malta,news_listing,dataset_final\Times of Malta\News Listing\0892.png,data\html\times_of_malta\news_listing_d0edfb9e19.html,https://timesofmalta.com/news/national?cursor=eyJhcnRpY2xlcy5kYXRlIjoiMjAyNi0wNS0xMSAyMDo1MTowMCIsIl9wb2ludHNUb05leHRJdGVtcyI6ZmFsc2V9
0893,times_of_malta,news_listing,dataset_final\Times of Malta\News Listing\0893.png,data\html\times_of_malta\news_listing_d0edfb9e19.html,https://timesofmalta.com/news/national?cursor=eyJhcnRpY2xlcy5kYXRlIjoiMjAyNi0wNS0xMSAyMDo1MTowMCIsIl9wb2ludHNUb05leHRJdGVtcyI6ZmFsc2V9
0894,times_of_malta,news_listing,dataset_final\Times of Malta\News Listing\0894.png,data\html\times_of_malta\news_listing_d0edfb9e19.html,https://timesofmalta.com/news/national?cursor=eyJhcnRpY2xlcy5kYXRlIjoiMjAyNi0wNS0xMSAyMDo1MTowMCIsIl9wb2ludHNUb05leHRJdGVtcyI6ZmFsc2V9
0895,times_of_malta,news_listing,dataset_final\Times of Malta\News Listing\0895.png,data\html\times_of_malta\news_listing_d0edfb9e19.html,https://timesofmalta.com/news/national?cursor=eyJhcnRpY2xlcy5kYXRlIjoiMjAyNi0wNS0xMSAyMDo1MTowMCIsIl9wb2ludHNUb05leHRJdGVtcyI6ZmFsc2V9
0896,times_of_malta,news_listing,dataset_final\Times of Malta\News Listing\0896.png,data\html\times_of_malta\news_listing_d0edfb9e19.html,https://timesofmalta.com/news/national?cursor=eyJhcnRpY2xlcy5kYXRlIjoiMjAyNi0wNS0xMSAyMDo1MTowMCIsIl9wb2ludHNUb05leHRJdGVtcyI6ZmFsc2V9
0897,times_of_malta,news_listing,dataset_final\Times of Malta\News Listing\0897.png,data\html\times_of_malta\news_listing_d0edfb9e19.html,https://timesofmalta.com/news/national?cursor=eyJhcnRpY2xlcy5kYXRlIjoiMjAyNi0wNS0xMSAyMDo1MTowMCIsIl9wb2ludHNUb05leHRJdGVtcyI6ZmFsc2V9
0898,times_of_malta,news_listing,dataset_final\Times of Malta\News Listing\0898.png,data\html\times_of_malta\news_listing_d0edfb9e19.html,https://timesofmalta.com/news/national?cursor=eyJhcnRpY2xlcy5kYXRlIjoiMjAyNi0wNS0xMSAyMDo1MTowMCIsIl9wb2ludHNUb05leHRJdGVtcyI6ZmFsc2V9
0899,times_of_malta,news_listing,dataset_final\Times of Malta\News Listing\0899.png,data\html\times_of_malta\news_listing_d0edfb9e19.html,https://timesofmalta.com/news/national?cursor=eyJhcnRpY2xlcy5kYXRlIjoiMjAyNi0wNS0xMSAyMDo1MTowMCIsIl9wb2ludHNUb05leHRJdGVtcyI6ZmFsc2V9
0900,times_of_malta,news_listing,dataset_final\Times of Malta\News Listing\0900.png,data\html\times_of_malta\news_listing_d0edfb9e19.html,https://timesofmalta.com/news/national?cursor=eyJhcnRpY2xlcy5kYXRlIjoiMjAyNi0wNS0xMSAyMDo1MTowMCIsIl9wb2ludHNUb05leHRJdGVtcyI6ZmFsc2V9
0901,times_of_malta,news_listing,dataset_final\Times of Malta\News Listing\0901.png,data\html\times_of_malta\news_listing_caad364bfd.html,https://timesofmalta.com/news/national?cursor=eyJhcnRpY2xlcy5kYXRlIjoiMjAyNi0wNS0xNCAwNjowMDowMCIsIl9wb2ludHNUb05leHRJdGVtcyI6ZmFsc2V9
0902,times_of_malta,news_listing,dataset_final\Times of Malta\News Listing\0902.png,data\html\times_of_malta\news_listing_caad364bfd.html,https://timesofmalta.com/news/national?cursor=eyJhcnRpY2xlcy5kYXRlIjoiMjAyNi0wNS0xNCAwNjowMDowMCIsIl9wb2ludHNUb05leHRJdGVtcyI6ZmFsc2V9
0903,times_of_malta,news_listing,dataset_final\Times of Malta\News Listing\0903.png,data\html\times_of_malta\news_listing_caad364bfd.html,https://timesofmalta.com/news/national?cursor=eyJhcnRpY2xlcy5kYXRlIjoiMjAyNi0wNS0xNCAwNjowMDowMCIsIl9wb2ludHNUb05leHRJdGVtcyI6ZmFsc2V9
0904,times_of_malta,news_listing,dataset_final\Times of Malta\News Listing\0904.png,data\html\times_of_malta\news_listing_caad364bfd.html,https://timesofmalta.com/news/national?cursor=eyJhcnRpY2xlcy5kYXRlIjoiMjAyNi0wNS0xNCAwNjowMDowMCIsIl9wb2ludHNUb05leHRJdGVtcyI6ZmFsc2V9
0905,times_of_malta,news_listing,dataset_final\Times of Malta\News Listing\0905.png,data\html\times_of_malta\news_listing_caad364bfd.html,https://timesofmalta.com/news/national?cursor=eyJhcnRpY2xlcy5kYXRlIjoiMjAyNi0wNS0xNCAwNjowMDowMCIsIl9wb2ludHNUb05leHRJdGVtcyI6ZmFsc2V9
0906,times_of_malta,news_listing,dataset_final\Times of Malta\News Listing\0906.png,data\html\times_of_malta\news_listing_caad364bfd.html,https://timesofmalta.com/news/national?cursor=eyJhcnRpY2xlcy5kYXRlIjoiMjAyNi0wNS0xNCAwNjowMDowMCIsIl9wb2ludHNUb05leHRJdGVtcyI6ZmFsc2V9
0907,times_of_malta,news_listing,dataset_final\Times of Malta\News Listing\0907.png,data\html\times_of_malta\news_listing_caad364bfd.html,https://timesofmalta.com/news/national?cursor=eyJhcnRpY2xlcy5kYXRlIjoiMjAyNi0wNS0xNCAwNjowMDowMCIsIl9wb2ludHNUb05leHRJdGVtcyI6ZmFsc2V9
0908,times_of_malta,news_listing,dataset_final\Times of Malta\News Listing\0908.png,data\html\times_of_malta\news_listing_caad364bfd.html,https://timesofmalta.com/news/national?cursor=eyJhcnRpY2xlcy5kYXRlIjoiMjAyNi0wNS0xNCAwNjowMDowMCIsIl9wb2ludHNUb05leHRJdGVtcyI6ZmFsc2V9
0909,times_of_malta,news_listing,dataset_final\Times of Malta\News Listing\0909.png,data\html\times_of_malta\news_listing_caad364bfd.html,https://timesofmalta.com/news/national?cursor=eyJhcnRpY2xlcy5kYXRlIjoiMjAyNi0wNS0xNCAwNjowMDowMCIsIl9wb2ludHNUb05leHRJdGVtcyI6ZmFsc2V9
0910,times_of_malta,news_listing,dataset_final\Times of Malta\News Listing\0910.png,data\html\times_of_malta\news_listing_caad364bfd.html,https://timesofmalta.com/news/national?cursor=eyJhcnRpY2xlcy5kYXRlIjoiMjAyNi0wNS0xNCAwNjowMDowMCIsIl9wb2ludHNUb05leHRJdGVtcyI6ZmFsc2V9
0911,times_of_malta,news_listing,dataset_final\Times of Malta\News Listing\0911.png,data\html\times_of_malta\news_listing_caad364bfd.html,https://timesofmalta.com/news/national?cursor=eyJhcnRpY2xlcy5kYXRlIjoiMjAyNi0wNS0xNCAwNjowMDowMCIsIl9wb2ludHNUb05leHRJdGVtcyI6ZmFsc2V9
0912,times_of_malta,news_listing,dataset_final\Times of Malta\News Listing\0912.png,data\html\times_of_malta\news_listing_c589f136be.html,https://timesofmalta.com/news/national?cursor=eyJhcnRpY2xlcy5kYXRlIjoiMjAyNi0wNS0xNiAwNzoxMTowMCIsIl9wb2ludHNUb05leHRJdGVtcyI6ZmFsc2V9
0913,times_of_malta,news_listing,dataset_final\Times of Malta\News Listing\0913.png,data\html\times_of_malta\news_listing_c589f136be.html,https://timesofmalta.com/news/national?cursor=eyJhcnRpY2xlcy5kYXRlIjoiMjAyNi0wNS0xNiAwNzoxMTowMCIsIl9wb2ludHNUb05leHRJdGVtcyI6ZmFsc2V9
0914,times_of_malta,news_listing,dataset_final\Times of Malta\News Listing\0914.png,data\html\times_of_malta\news_listing_c589f136be.html,https://timesofmalta.com/news/national?cursor=eyJhcnRpY2xlcy5kYXRlIjoiMjAyNi0wNS0xNiAwNzoxMTowMCIsIl9wb2ludHNUb05leHRJdGVtcyI6ZmFsc2V9
0915,times_of_malta,news_listing,dataset_final\Times of Malta\News Listing\0915.png,data\html\times_of_malta\news_listing_c589f136be.html,https://timesofmalta.com/news/national?cursor=eyJhcnRpY2xlcy5kYXRlIjoiMjAyNi0wNS0xNiAwNzoxMTowMCIsIl9wb2ludHNUb05leHRJdGVtcyI6ZmFsc2V9
0916,times_of_malta,news_listing,dataset_final\Times of Malta\News Listing\0916.png,data\html\times_of_malta\news_listing_c589f136be.html,https://timesofmalta.com/news/national?cursor=eyJhcnRpY2xlcy5kYXRlIjoiMjAyNi0wNS0xNiAwNzoxMTowMCIsIl9wb2ludHNUb05leHRJdGVtcyI6ZmFsc2V9
0917,times_of_malta,news_listing,dataset_final\Times of Malta\News Listing\0917.png,data\html\times_of_malta\news_listing_c589f136be.html,https://timesofmalta.com/news/national?cursor=eyJhcnRpY2xlcy5kYXRlIjoiMjAyNi0wNS0xNiAwNzoxMTowMCIsIl9wb2ludHNUb05leHRJdGVtcyI6ZmFsc2V9
0918,times_of_malta,news_listing,dataset_final\Times of Malta\News Listing\0918.png,data\html\times_of_malta\news_listing_c589f136be.html,https://timesofmalta.com/news/national?cursor=eyJhcnRpY2xlcy5kYXRlIjoiMjAyNi0wNS0xNiAwNzoxMTowMCIsIl9wb2ludHNUb05leHRJdGVtcyI6ZmFsc2V9
0919,times_of_malta,news_listing,dataset_final\Times of Malta\News Listing\0919.png,data\html\times_of_malta\news_listing_c589f136be.html,https://timesofmalta.com/news/national?cursor=eyJhcnRpY2xlcy5kYXRlIjoiMjAyNi0wNS0xNiAwNzoxMTowMCIsIl9wb2ludHNUb05leHRJdGVtcyI6ZmFsc2V9
0920,times_of_malta,news_listing,dataset_final\Times of Malta\News Listing\0920.png,data\html\times_of_malta\news_listing_c589f136be.html,https://timesofmalta.com/news/national?cursor=eyJhcnRpY2xlcy5kYXRlIjoiMjAyNi0wNS0xNiAwNzoxMTowMCIsIl9wb2ludHNUb05leHRJdGVtcyI6ZmFsc2V9
0921,times_of_malta,news_listing,dataset_final\Times of Malta\News Listing\0921.png,data\html\times_of_malta\news_listing_c589f136be.html,https://timesofmalta.com/news/national?cursor=eyJhcnRpY2xlcy5kYXRlIjoiMjAyNi0wNS0xNiAwNzoxMTowMCIsIl9wb2ludHNUb05leHRJdGVtcyI6ZmFsc2V9
0922,times_of_malta,news_listing,dataset_final\Times of Malta\News Listing\0922.png,data\html\times_of_malta\news_listing_c589f136be.html,https://timesofmalta.com/news/national?cursor=eyJhcnRpY2xlcy5kYXRlIjoiMjAyNi0wNS0xNiAwNzoxMTowMCIsIl9wb2ludHNUb05leHRJdGVtcyI6ZmFsc2V9
0923,times_of_malta,news_listing,dataset_final\Times of Malta\News Listing\0923.png,data\html\times_of_malta\news_listing_c589f136be.html,https://timesofmalta.com/news/national?cursor=eyJhcnRpY2xlcy5kYXRlIjoiMjAyNi0wNS0xNiAwNzoxMTowMCIsIl9wb2ludHNUb05leHRJdGVtcyI6ZmFsc2V9
0924,times_of_malta,news_listing,dataset_final\Times of Malta\News Listing\0924.png,data\html\times_of_malta\news_listing_3b7b2fa124.html,https://timesofmalta.com/news/national?cursor=eyJhcnRpY2xlcy5kYXRlIjoiMjAyNi0wNS0xOCAxNTo0MDowMCIsIl9wb2ludHNUb05leHRJdGVtcyI6ZmFsc2V9
0925,times_of_malta,news_listing,dataset_final\Times of Malta\News Listing\0925.png,data\html\times_of_malta\news_listing_3b7b2fa124.html,https://timesofmalta.com/news/national?cursor=eyJhcnRpY2xlcy5kYXRlIjoiMjAyNi0wNS0xOCAxNTo0MDowMCIsIl9wb2ludHNUb05leHRJdGVtcyI6ZmFsc2V9
0926,times_of_malta,news_listing,dataset_final\Times of Malta\News Listing\0926.png,data\html\times_of_malta\news_listing_3b7b2fa124.html,https://timesofmalta.com/news/national?cursor=eyJhcnRpY2xlcy5kYXRlIjoiMjAyNi0wNS0xOCAxNTo0MDowMCIsIl9wb2ludHNUb05leHRJdGVtcyI6ZmFsc2V9
0927,times_of_malta,news_listing,dataset_final\Times of Malta\News Listing\0927.png,data\html\times_of_malta\news_listing_3b7b2fa124.html,https://timesofmalta.com/news/national?cursor=eyJhcnRpY2xlcy5kYXRlIjoiMjAyNi0wNS0xOCAxNTo0MDowMCIsIl9wb2ludHNUb05leHRJdGVtcyI6ZmFsc2V9
0928,times_of_malta,news_listing,dataset_final\Times of Malta\News Listing\0928.png,data\html\times_of_malta\news_listing_3b7b2fa124.html,https://timesofmalta.com/news/national?cursor=eyJhcnRpY2xlcy5kYXRlIjoiMjAyNi0wNS0xOCAxNTo0MDowMCIsIl9wb2ludHNUb05leHRJdGVtcyI6ZmFsc2V9
0929,times_of_malta,news_listing,dataset_final\Times of Malta\News Listing\0929.png,data\html\times_of_malta\news_listing_3b7b2fa124.html,https://timesofmalta.com/news/national?cursor=eyJhcnRpY2xlcy5kYXRlIjoiMjAyNi0wNS0xOCAxNTo0MDowMCIsIl9wb2ludHNUb05leHRJdGVtcyI6ZmFsc2V9
0930,times_of_malta,news_listing,dataset_final\Times of Malta\News Listing\0930.png,data\html\times_of_malta\news_listing_3b7b2fa124.html,https://timesofmalta.com/news/national?cursor=eyJhcnRpY2xlcy5kYXRlIjoiMjAyNi0wNS0xOCAxNTo0MDowMCIsIl9wb2ludHNUb05leHRJdGVtcyI6ZmFsc2V9
0931,times_of_malta,news_listing,dataset_final\Times of Malta\News Listing\0931.png,data\html\times_of_malta\news_listing_3b7b2fa124.html,https://timesofmalta.com/news/national?cursor=eyJhcnRpY2xlcy5kYXRlIjoiMjAyNi0wNS0xOCAxNTo0MDowMCIsIl9wb2ludHNUb05leHRJdGVtcyI6ZmFsc2V9
0932,times_of_malta,news_listing,dataset_final\Times of Malta\News Listing\0932.png,data\html\times_of_malta\news_listing_3b7b2fa124.html,https://timesofmalta.com/news/national?cursor=eyJhcnRpY2xlcy5kYXRlIjoiMjAyNi0wNS0xOCAxNTo0MDowMCIsIl9wb2ludHNUb05leHRJdGVtcyI6ZmFsc2V9
0933,times_of_malta,news_listing,dataset_final\Times of Malta\News Listing\0933.png,data\html\times_of_malta\news_listing_3b7b2fa124.html,https://timesofmalta.com/news/national?cursor=eyJhcnRpY2xlcy5kYXRlIjoiMjAyNi0wNS0xOCAxNTo0MDowMCIsIl9wb2ludHNUb05leHRJdGVtcyI6ZmFsc2V9
0934,times_of_malta,news_listing,dataset_final\Times of Malta\News Listing\0934.png,data\html\times_of_malta\news_listing_3b7b2fa124.html,https://timesofmalta.com/news/national?cursor=eyJhcnRpY2xlcy5kYXRlIjoiMjAyNi0wNS0xOCAxNTo0MDowMCIsIl9wb2ludHNUb05leHRJdGVtcyI6ZmFsc2V9
0935,times_of_malta,news_listing,dataset_final\Times of Malta\News Listing\0935.png,data\html\times_of_malta\news_listing_3b7b2fa124.html,https://timesofmalta.com/news/national?cursor=eyJhcnRpY2xlcy5kYXRlIjoiMjAyNi0wNS0xOCAxNTo0MDowMCIsIl9wb2ludHNUb05leHRJdGVtcyI6ZmFsc2V9
0936,times_of_malta,article_pages,dataset_final\Times of Malta\Article Pages\imgs\0936.png,data\html\times_of_malta\article_pages_05efbfe91e.html,https://timesofmalta.com/article/new-20000-grant-proposed-firsttime-buyers-disabilities.1127763
0937,times_of_malta,article_pages,dataset_final\Times of Malta\Article Pages\imgs\0937.png,data\html\times_of_malta\article_pages_05efbfe91e.html,https://timesofmalta.com/article/new-20000-grant-proposed-firsttime-buyers-disabilities.1127763
0938,times_of_malta,article_pages,dataset_final\Times of Malta\Article Pages\imgs\0938.png,data\html\times_of_malta\article_pages_05efbfe91e.html,https://timesofmalta.com/article/new-20000-grant-proposed-firsttime-buyers-disabilities.1127763
0939,times_of_malta,article_pages,dataset_final\Times of Malta\Article Pages\imgs\0939.png,data\html\times_of_malta\article_pages_05efbfe91e.html,https://timesofmalta.com/article/new-20000-grant-proposed-firsttime-buyers-disabilities.1127763
0940,times_of_malta,article_pages,dataset_final\Times of Malta\Article Pages\imgs\0940.png,data\html\times_of_malta\article_pages_05efbfe91e.html,https://timesofmalta.com/article/new-20000-grant-proposed-firsttime-buyers-disabilities.1127763
0941,times_of_malta,article_pages,dataset_final\Times of Malta\Article Pages\imgs\0941.png,data\html\times_of_malta\article_pages_05efbfe91e.html,https://timesofmalta.com/article/new-20000-grant-proposed-firsttime-buyers-disabilities.1127763
0942,times_of_malta,article_pages,dataset_final\Times of Malta\Article Pages\imgs\0942.png,data\html\times_of_malta\article_pages_05efbfe91e.html,https://timesofmalta.com/article/new-20000-grant-proposed-firsttime-buyers-disabilities.1127763
0943,times_of_malta,article_pages,dataset_final\Times of Malta\Article Pages\imgs\0943.png,data\html\times_of_malta\article_pages_05efbfe91e.html,https://timesofmalta.com/article/new-20000-grant-proposed-firsttime-buyers-disabilities.1127763
0944,times_of_malta,article_pages,dataset_final\Times of Malta\Article Pages\imgs\0944.png,data\html\times_of_malta\article_pages_05efbfe91e.html,https://timesofmalta.com/article/new-20000-grant-proposed-firsttime-buyers-disabilities.1127763
0945,times_of_malta,article_pages,dataset_final\Times of Malta\Article Pages\imgs\0945.png,data\html\times_of_malta\article_pages_05efbfe91e.html,https://timesofmalta.com/article/new-20000-grant-proposed-firsttime-buyers-disabilities.1127763
0946,times_of_malta,article_pages,dataset_final\Times of Malta\Article Pages\imgs\0946.png,data\html\times_of_malta\article_pages_05efbfe91e.html,https://timesofmalta.com/article/new-20000-grant-proposed-firsttime-buyers-disabilities.1127763
0947,times_of_malta,article_pages,dataset_final\Times of Malta\Article Pages\imgs\0947.png,data\html\times_of_malta\article_pages_05efbfe91e.html,https://timesofmalta.com/article/new-20000-grant-proposed-firsttime-buyers-disabilities.1127763
0948,times_of_malta,article_pages,dataset_final\Times of Malta\Article Pages\imgs\0948.png,data\html\times_of_malta\article_pages_129218d126.html,https://timesofmalta.com/article/technician-dies-installing-stage-shakira-concert-rio.1127549
0949,times_of_malta,article_pages,dataset_final\Times of Malta\Article Pages\imgs\0949.png,data\html\times_of_malta\article_pages_129218d126.html,https://timesofmalta.com/article/technician-dies-installing-stage-shakira-concert-rio.1127549
0950,times_of_malta,article_pages,dataset_final\Times of Malta\Article Pages\imgs\0950.png,data\html\times_of_malta\article_pages_129218d126.html,https://timesofmalta.com/article/technician-dies-installing-stage-shakira-concert-rio.1127549
0951,times_of_malta,article_pages,dataset_final\Times of Malta\Article Pages\imgs\0951.png,data\html\times_of_malta\article_pages_129218d126.html,https://timesofmalta.com/article/technician-dies-installing-stage-shakira-concert-rio.1127549
0952,times_of_malta,article_pages,dataset_final\Times of Malta\Article Pages\imgs\0952.png,data\html\times_of_malta\article_pages_129218d126.html,https://timesofmalta.com/article/technician-dies-installing-stage-shakira-concert-rio.1127549
0953,times_of_malta,article_pages,dataset_final\Times of Malta\Article Pages\imgs\0953.png,data\html\times_of_malta\article_pages_129218d126.html,https://timesofmalta.com/article/technician-dies-installing-stage-shakira-concert-rio.1127549
0954,times_of_malta,article_pages,dataset_final\Times of Malta\Article Pages\imgs\0954.png,data\html\times_of_malta\article_pages_129218d126.html,https://timesofmalta.com/article/technician-dies-installing-stage-shakira-concert-rio.1127549
0955,times_of_malta,article_pages,dataset_final\Times of Malta\Article Pages\imgs\0955.png,data\html\times_of_malta\article_pages_5b02114526.html,https://timesofmalta.com/article/traffic-ai-box-a2.1127720
0956,times_of_malta,article_pages,dataset_final\Times of Malta\Article Pages\imgs\0956.png,data\html\times_of_malta\article_pages_5b02114526.html,https://timesofmalta.com/article/traffic-ai-box-a2.1127720
0957,times_of_malta,article_pages,dataset_final\Times of Malta\Article Pages\imgs\0957.png,data\html\times_of_malta\article_pages_5b02114526.html,https://timesofmalta.com/article/traffic-ai-box-a2.1127720
0958,times_of_malta,article_pages,dataset_final\Times of Malta\Article Pages\imgs\0958.png,data\html\times_of_malta\article_pages_5b02114526.html,https://timesofmalta.com/article/traffic-ai-box-a2.1127720
0959,times_of_malta,article_pages,dataset_final\Times of Malta\Article Pages\imgs\0959.png,data\html\times_of_malta\article_pages_5b02114526.html,https://timesofmalta.com/article/traffic-ai-box-a2.1127720
0960,times_of_malta,article_pages,dataset_final\Times of Malta\Article Pages\imgs\0960.png,data\html\times_of_malta\article_pages_5b02114526.html,https://timesofmalta.com/article/traffic-ai-box-a2.1127720
0961,times_of_malta,article_pages,dataset_final\Times of Malta\Article Pages\imgs\0961.png,data\html\times_of_malta\article_pages_5b02114526.html,https://timesofmalta.com/article/traffic-ai-box-a2.1127720
0962,times_of_malta,article_pages,dataset_final\Times of Malta\Article Pages\imgs\0962.png,data\html\times_of_malta\article_pages_5b02114526.html,https://timesofmalta.com/article/traffic-ai-box-a2.1127720
0963,times_of_malta,article_pages,dataset_final\Times of Malta\Article Pages\imgs\0963.png,data\html\times_of_malta\article_pages_5b02114526.html,https://timesofmalta.com/article/traffic-ai-box-a2.1127720
0964,times_of_malta,article_pages,dataset_final\Times of Malta\Article Pages\imgs\0964.png,data\html\times_of_malta\article_pages_5b02114526.html,https://timesofmalta.com/article/traffic-ai-box-a2.1127720
0965,times_of_malta,article_pages,dataset_final\Times of Malta\Article Pages\imgs\0965.png,data\html\times_of_malta\article_pages_5b02114526.html,https://timesofmalta.com/article/traffic-ai-box-a2.1127720
0966,times_of_malta,article_pages,dataset_final\Times of Malta\Article Pages\imgs\0966.png,data\html\times_of_malta\article_pages_5b02114526.html,https://timesofmalta.com/article/traffic-ai-box-a2.1127720
0967,times_of_malta,article_pages,dataset_final\Times of Malta\Article Pages\imgs\0967.png,data\html\times_of_malta\article_pages_5b02114526.html,https://timesofmalta.com/article/traffic-ai-box-a2.1127720
0968,times_of_malta,article_pages,dataset_final\Times of Malta\Article Pages\imgs\0968.png,data\html\times_of_malta\article_pages_5b02114526.html,https://timesofmalta.com/article/traffic-ai-box-a2.1127720
0969,times_of_malta,article_pages,dataset_final\Times of Malta\Article Pages\imgs\0969.png,data\html\times_of_malta\article_pages_5fcd063202.html,https://timesofmalta.com/article/new-ai-strategy-launched-83-measures-aimed-boosting-tech-sector.1119881
0970,times_of_malta,article_pages,dataset_final\Times of Malta\Article Pages\imgs\0970.png,data\html\times_of_malta\article_pages_5fcd063202.html,https://timesofmalta.com/article/new-ai-strategy-launched-83-measures-aimed-boosting-tech-sector.1119881
0971,times_of_malta,article_pages,dataset_final\Times of Malta\Article Pages\imgs\0971.png,data\html\times_of_malta\article_pages_5fcd063202.html,https://timesofmalta.com/article/new-ai-strategy-launched-83-measures-aimed-boosting-tech-sector.1119881
0972,times_of_malta,article_pages,dataset_final\Times of Malta\Article Pages\imgs\0972.png,data\html\times_of_malta\article_pages_5fcd063202.html,https://timesofmalta.com/article/new-ai-strategy-launched-83-measures-aimed-boosting-tech-sector.1119881
0973,times_of_malta,article_pages,dataset_final\Times of Malta\Article Pages\imgs\0973.png,data\html\times_of_malta\article_pages_5fcd063202.html,https://timesofmalta.com/article/new-ai-strategy-launched-83-measures-aimed-boosting-tech-sector.1119881
0974,times_of_malta,article_pages,dataset_final\Times of Malta\Article Pages\imgs\0974.png,data\html\times_of_malta\article_pages_5fcd063202.html,https://timesofmalta.com/article/new-ai-strategy-launched-83-measures-aimed-boosting-tech-sector.1119881
0975,times_of_malta,article_pages,dataset_final\Times of Malta\Article Pages\imgs\0975.png,data\html\times_of_malta\article_pages_5fcd063202.html,https://timesofmalta.com/article/new-ai-strategy-launched-83-measures-aimed-boosting-tech-sector.1119881
0976,times_of_malta,article_pages,dataset_final\Times of Malta\Article Pages\imgs\0976.png,data\html\times_of_malta\article_pages_5fcd063202.html,https://timesofmalta.com/article/new-ai-strategy-launched-83-measures-aimed-boosting-tech-sector.1119881
0977,times_of_malta,article_pages,dataset_final\Times of Malta\Article Pages\imgs\0977.png,data\html\times_of_malta\article_pages_5fcd063202.html,https://timesofmalta.com/article/new-ai-strategy-launched-83-measures-aimed-boosting-tech-sector.1119881
0978,times_of_malta,article_pages,dataset_final\Times of Malta\Article Pages\imgs\0978.png,data\html\times_of_malta\article_pages_5fcd063202.html,https://timesofmalta.com/article/new-ai-strategy-launched-83-measures-aimed-boosting-tech-sector.1119881
0979,times_of_malta,article_pages,dataset_final\Times of Malta\Article Pages\imgs\0979.png,data\html\times_of_malta\article_pages_5fcd063202.html,https://timesofmalta.com/article/new-ai-strategy-launched-83-measures-aimed-boosting-tech-sector.1119881
0980,times_of_malta,article_pages,dataset_final\Times of Malta\Article Pages\imgs\0980.png,data\html\times_of_malta\article_pages_5fcd063202.html,https://timesofmalta.com/article/new-ai-strategy-launched-83-measures-aimed-boosting-tech-sector.1119881
0981,times_of_malta,article_pages,dataset_final\Times of Malta\Article Pages\imgs\0981.png,data\html\times_of_malta\article_pages_5fcd063202.html,https://timesofmalta.com/article/new-ai-strategy-launched-83-measures-aimed-boosting-tech-sector.1119881
0982,times_of_malta,article_pages,dataset_final\Times of Malta\Article Pages\imgs\0982.png,data\html\times_of_malta\article_pages_5fcd063202.html,https://timesofmalta.com/article/new-ai-strategy-launched-83-measures-aimed-boosting-tech-sector.1119881
