,Feature,Global_Impact,Error_Impact,Global_Rank,Error_Rank,Rank_Shift
423,vgg16_dim_423,0.0025255717427688246,0.009708381248239138,6,1,5
3853,vgg16_dim_3853,0.0033787885263307374,0.007812895057602482,3,2,1
3590,vgg16_dim_3590,0.0042013747472930425,0.007302767361831455,1,3,-2
511,vgg16_dim_511,0.0021117191311052206,0.004641271910778968,9,4,5
3735,vgg16_dim_3735,0.0016622127097445354,0.004621734007801964,13,5,8
3616,vgg16_dim_3616,0.0007256806440048396,0.004474628068055661,53,6,47
938,vgg16_dim_938,0.000792823200790905,0.0041213125928402875,40,7,33
2024,vgg16_dim_2024,0.0017034984918829225,0.0040945566753455166,10,8,2
3728,vgg16_dim_3728,0.002588651114383285,0.003840098146531128,5,9,-4
3601,vgg16_dim_3601,0.0006301994995603888,0.003767003461885512,66,10,56
396,vgg16_dim_396,0.0006618668968716727,0.003416977889050944,61,11,50
2345,vgg16_dim_2345,0.0021954620248487667,0.003203420088747007,8,12,-4
2138,vgg16_dim_2138,0.0031186931134366282,0.00316215753561634,4,13,-9
3609,vgg16_dim_3609,0.0017018971534087332,0.0029759919751112013,11,14,-3
3189,vgg16_dim_3189,0.0011891460618211095,0.0028952620374887847,22,15,7
237,vgg16_dim_237,0.0005601957277434645,0.002886065611229322,94,16,78
3843,vgg16_dim_3843,0.0004679367316425793,0.0028106309164429816,142,17,125
154,vgg16_dim_154,0.0006076571289044461,0.0027644213127048993,78,18,60
1402,vgg16_dim_1402,0.0035394737587863107,0.0027345572376163943,2,19,-17
4097,contrast,0.0003089573845004391,0.0027015889842134247,370,20,350
1820,vgg16_dim_1820,0.0016791214774998125,0.0026814033095609,12,21,-9
1871,vgg16_dim_1871,0.0011892306441255612,0.0026088692220131034,21,22,-1
1866,vgg16_dim_1866,0.0005931754656513652,0.002499900773111248,82,23,59
3964,vgg16_dim_3964,0.00026356027523565244,0.0024724463914963584,449,24,425
3169,vgg16_dim_3169,0.0014836845619341987,0.0024580579631906276,14,25,-11
1253,vgg16_dim_1253,0.00025985912023812326,0.0024377260327100134,458,26,432
244,vgg16_dim_244,0.00037700726650930644,0.002417584627329371,240,27,213
830,vgg16_dim_830,0.0004660103984345175,0.0023793720619750915,143,28,115
2107,vgg16_dim_2107,0.002282987410890549,0.0023692620016146733,7,29,-22
2880,vgg16_dim_2880,0.00024997440923231896,0.0023449980294650875,469,30,439
1222,vgg16_dim_1222,0.0011426710094385258,0.002324681736005472,26,31,-5
2091,vgg16_dim_2091,0.00024388519842074097,0.0022878754328040938,489,32,457
1444,vgg16_dim_1444,0.0007114206135729181,0.0022712885916188487,54,33,21
4072,vgg16_dim_4072,0.00023802134902388793,0.002232866940843139,499,34,465
2875,vgg16_dim_2875,0.00023789143040009003,0.0022316481804198923,500,35,465
1000,vgg16_dim_1000,0.00026019747224485714,0.0022263573323597664,455,36,419
2275,vgg16_dim_2275,0.0002369909947698115,0.0022232012366501363,502,37,465
2760,vgg16_dim_2760,0.00031829765714595066,0.0022191376610831187,349,38,311
3296,vgg16_dim_3296,0.00023523906668640723,0.0022067664827248677,507,39,468
1252,vgg16_dim_1252,0.00041157968408401076,0.0021881485962997158,192,40,152
2946,vgg16_dim_2946,0.0006222641916932507,0.0021822318753370925,72,41,31
2004,vgg16_dim_2004,0.00022999994794564875,0.0021576185592996574,522,42,480
1181,vgg16_dim_1181,0.0007329575651201152,0.0021373000231288356,51,43,8
1604,vgg16_dim_1604,0.00022781273178849577,0.0021371003886825556,533,44,489
3539,vgg16_dim_3539,0.00022780734558730122,0.0021370498609856355,534,45,489
2995,vgg16_dim_2995,0.00037440034837803935,0.0021347785409678824,241,46,195
3681,vgg16_dim_3681,0.0003679415405148207,0.002113092298310553,255,47,208
2699,vgg16_dim_2699,0.00022523783857615265,0.002112945438071527,541,48,493
69,vgg16_dim_69,0.00030276449285977737,0.002110263688781094,384,49,335
882,vgg16_dim_882,0.0004071832974478399,0.0021013780028195077,202,50,152
3666,vgg16_dim_3666,0.0013300458178323754,0.002085746952782926,17,51,-34
2183,vgg16_dim_2183,0.0005356277069116902,0.0020788031534404424,104,52,52
2095,vgg16_dim_2095,0.00022145370089112442,0.00207744662264531,552,53,499
276,vgg16_dim_276,0.00082762814777625,0.0020773098714910246,38,54,-16
103,vgg16_dim_103,0.00021986846027362492,0.0020625755559001958,559,55,504
3537,vgg16_dim_3537,0.0005775805934903475,0.0020501375873131483,88,56,32
1751,vgg16_dim_1751,0.0002184987478198042,0.002049726348595306,571,57,514
2752,vgg16_dim_2752,0.0005450127582061823,0.002045746215520832,99,58,41
230,vgg16_dim_230,0.00021251967252849908,0.0019936369280054438,593,59,534
1001,vgg16_dim_1001,0.00021202686431376092,0.001989013917610043,594,60,534
2808,vgg16_dim_2808,0.0004929727442105651,0.0019728597007490447,128,61,67
3175,vgg16_dim_3175,0.00043591909642719587,0.0019525662201254532,164,62,102
2999,vgg16_dim_2999,0.00020710861052206187,0.0019428760129926756,612,63,549
2657,vgg16_dim_2657,0.00029909084278874587,0.0019408343878587573,392,64,328
1884,vgg16_dim_1884,0.0005144794423247535,0.001927528422945932,116,65,51
1487,vgg16_dim_1487,0.0007108224417397015,0.00192544074898286,55,66,-11
1706,vgg16_dim_1706,0.00020421551183903545,0.0019157359920138088,626,67,559
3836,vgg16_dim_3836,0.0005129538897973656,0.0019122389274709407,117,68,49
3389,vgg16_dim_3389,0.00020367323201988022,0.001910648890853162,627,69,558
2432,vgg16_dim_2432,0.00020188538122918416,0.0018938771477213943,635,70,565
3324,vgg16_dim_3324,0.00036900384452674597,0.0018785691069308716,250,71,179
1293,vgg16_dim_1293,0.00022484534187006838,0.001877258761133912,542,72,470
2683,vgg16_dim_2683,0.0010756950669067356,0.0018561929194147002,29,73,-44
2948,vgg16_dim_2948,0.0009085250908844292,0.001855361214385888,32,74,-42
732,vgg16_dim_732,0.0003290139492728551,0.001852678880890973,329,75,254
2487,vgg16_dim_2487,0.0001974915677196624,0.0018526589924177854,665,76,589
3063,vgg16_dim_3063,0.0003504521814150218,0.0018484970897668961,287,77,210
638,vgg16_dim_638,0.0011960020690413246,0.0018476874706653177,20,78,-58
3345,vgg16_dim_3345,0.0003730839266692423,0.001841150078654493,243,79,164
2645,vgg16_dim_2645,0.00019559640013037106,0.001834880515508719,682,80,602
2765,vgg16_dim_2765,0.0003384796124456926,0.0018344600295646324,308,81,227
1878,vgg16_dim_1878,0.00019470933091603166,0.0018265589614503924,687,82,605
326,vgg16_dim_326,0.00021563308181601825,0.0018248480861664902,582,83,499
812,vgg16_dim_812,0.0003983384791483375,0.0018178921282961823,212,84,128
2268,vgg16_dim_2268,0.0002169102682612192,0.0018158498448200193,579,85,494
1366,vgg16_dim_1366,0.00019255377173648606,0.0018063377634327503,706,86,620
782,vgg16_dim_782,0.0001921180326500372,0.001802250115812254,707,87,620
621,vgg16_dim_621,0.0005564357434956644,0.001800640843460237,96,88,8
1585,vgg16_dim_1585,0.0007726134986080019,0.0017825117040705198,46,89,-43
2743,vgg16_dim_2743,0.00018892398082384979,0.0017722868677284957,729,90,639
1279,vgg16_dim_1279,0.0001879339908849485,0.0017629998192540406,735,91,644
1143,vgg16_dim_1143,0.00020812658024418914,0.0017575689948684653,610,92,518
3866,vgg16_dim_3866,0.00023392133579257102,0.0017551080269078982,508,93,415
3503,vgg16_dim_3503,0.00020826663947159745,0.0017501471628545895,608,94,514
597,vgg16_dim_597,0.0007057143555338473,0.0017441716759680366,56,95,-39
1197,vgg16_dim_1197,0.00018478803911767554,0.00173348779553248,757,96,661
437,vgg16_dim_437,0.00029120568130238804,0.0017305196260056419,405,97,308
3298,vgg16_dim_3298,0.00018362996146269872,0.0017226239241976975,768,98,670
2987,vgg16_dim_2987,0.00036644299620680176,0.0017189425999383705,256,99,157
3396,vgg16_dim_3396,0.00039400045965296026,0.001709983354625272,216,100,116
5,vgg16_dim_5,0.0003683979787514609,0.0016975802683535026,253,101,152
2616,vgg16_dim_2616,0.0001805902292922795,0.0016941083414561459,791,102,689
530,vgg16_dim_530,0.00020131532279810856,0.001687659869797311,638,103,535
10,vgg16_dim_10,0.00026007497168288287,0.0016862879366624744,457,104,353
2115,vgg16_dim_2115,0.0011064843048326156,0.001685068866640069,28,105,-77
2228,vgg16_dim_2228,0.0001794801826848423,0.0016836950470911396,800,106,694
3438,vgg16_dim_3438,0.00017942979591345354,0.0016832223711881118,802,107,695
3821,vgg16_dim_3821,0.0008334054141787277,0.0016635875058242015,37,108,-71
2026,vgg16_dim_2026,0.0007295315327004693,0.0016555904013573106,52,109,-57
1383,vgg16_dim_1383,0.0008720370424717308,0.001650944469689172,34,110,-76
3197,vgg16_dim_3197,0.0004143924546748982,0.0016492550814613362,184,111,73
681,vgg16_dim_681,0.00017576222872834837,0.0016488170980706967,825,112,713
2459,vgg16_dim_2459,0.0007833930373495684,0.0016142786508215917,43,113,-70
3385,vgg16_dim_3385,0.00035055501887792516,0.0016082637667788851,286,114,172
643,vgg16_dim_643,0.0001901520233386924,0.0016038381572229493,718,115,603
3801,vgg16_dim_3801,0.0002466052089837411,0.0016004623881059876,478,116,362
2213,vgg16_dim_2213,0.00017044554916522184,0.0015989415802642238,874,117,757
2447,vgg16_dim_2447,0.0007468987320173568,0.00159763253732918,49,118,-69
538,vgg16_dim_538,0.00024834307279025927,0.001593603756120072,474,119,355
2374,vgg16_dim_2374,0.00016810544311672023,0.0015769891568568515,889,120,769
2006,vgg16_dim_2006,0.00016752836344352957,0.0015715755999226345,895,121,774
2273,vgg16_dim_2273,0.00035429834882380585,0.0015713947121891595,276,122,154
1380,vgg16_dim_1380,0.0001907860190342795,0.0015712375705514113,717,123,594
2949,vgg16_dim_2949,0.00016747488889778085,0.0015710739577553727,896,124,772
836,vgg16_dim_836,0.00019121875669837299,0.0015686484978896318,713,125,588
2968,vgg16_dim_2968,0.0011429053743360962,0.001566425604541803,25,126,-101
1349,vgg16_dim_1349,0.00016674421277562224,0.001564219519847504,904,127,777
2635,vgg16_dim_2635,0.00036828985193927634,0.0015524077888447085,254,128,126
3548,vgg16_dim_3548,0.0005875664619318736,0.0015314489486379001,85,129,-44
1623,vgg16_dim_1623,0.0006058513213433227,0.0015179619236209076,80,130,-50
2245,vgg16_dim_2245,0.0005664213157394048,0.0015160328715713622,91,131,-40
3881,vgg16_dim_3881,0.00018483146801595037,0.0015103647349574746,756,132,624
3687,vgg16_dim_3687,0.0003708937878287715,0.0015084226300412758,248,133,115
449,vgg16_dim_449,0.0001596318667690639,0.0014974989406431232,956,134,822
3699,vgg16_dim_3699,0.0006527779961605162,0.001483045386913812,64,135,-71
1907,vgg16_dim_1907,0.00053189535005626,0.0014615884168951306,108,136,-28
2073,vgg16_dim_2073,0.0001552800291653981,0.0014566745593134962,985,137,848
2462,vgg16_dim_2462,0.0003330282058497549,0.0014223554686003928,320,138,182
2668,vgg16_dim_2668,0.0004539959501621242,0.0013807209891478379,149,139,10
944,vgg16_dim_944,0.0003353486543686224,0.0013739266365954315,312,140,172
2810,vgg16_dim_2810,0.00019381215102649247,0.001371789117061165,697,141,556
878,vgg16_dim_878,0.0005166602555162568,0.001354239508395395,115,142,-27
576,vgg16_dim_576,0.000550802944171963,0.0013195766437337558,98,143,-45
3054,vgg16_dim_3054,0.0001388956756048746,0.001302973718769538,1074,144,930
2371,vgg16_dim_2371,0.0001384246952455102,0.0012985554744459767,1076,145,931
3011,vgg16_dim_3011,0.00013598083214633113,0.001275629711087011,1090,146,944
1612,vgg16_dim_1612,0.00013535540336979298,0.0012697625935166295,1094,147,947
3085,vgg16_dim_3085,0.00013492838441256692,0.0012657567490131276,1097,148,949
2536,vgg16_dim_2536,0.0006255853991276388,0.0012617607906516442,70,149,-79
3276,vgg16_dim_3276,0.001067049457488302,0.0012552467189539745,30,150,-120
2300,vgg16_dim_2300,0.00026168446802841196,0.0012534742941048567,453,151,302
3855,vgg16_dim_3855,0.0001607979975360438,0.0012447976760973875,947,152,795
3336,vgg16_dim_3336,0.00028787458799366247,0.0012147146962995087,414,153,261
890,vgg16_dim_890,0.00012799655889910024,0.0012007296239582262,1133,154,979
1401,vgg16_dim_1401,0.00030659369887668013,0.0011997016110375667,374,155,219
3486,vgg16_dim_3486,0.0002668066949018616,0.0011480046454735372,443,156,287
2271,vgg16_dim_2271,0.00028620425732008643,0.0011467466079893626,417,157,260
1908,vgg16_dim_1908,0.0007459016047525322,0.0011068891004521362,50,158,-108
3785,vgg16_dim_3785,0.00031081583066408893,0.001104048317759273,364,159,205
917,vgg16_dim_917,0.00011253820601245628,0.0010557155516406614,1172,160,1012
4080,vgg16_dim_4080,0.0002688794026467696,0.0010523306573965974,440,161,279
3181,vgg16_dim_3181,0.0002586834364442896,0.0010389382829310808,460,162,298
232,vgg16_dim_232,0.00039235240980917233,0.0010134565980284447,221,163,58
3949,vgg16_dim_3949,0.00013221247227380826,0.0010068318005884628,1113,164,949
1107,vgg16_dim_1107,0.0001635758169106793,0.0009891907356582553,926,165,761
2610,vgg16_dim_2610,0.0001050329740060996,0.0009853093275810295,1201,166,1035
2866,vgg16_dim_2866,0.00012713972218441998,0.0009732429849236978,1140,167,973
3753,vgg16_dim_3753,0.00010278682525613562,0.0009642383131170817,1214,168,1046
310,vgg16_dim_310,0.0004463740490601931,0.0009577383442976653,158,169,-11
2647,vgg16_dim_2647,9.726572967769625e-05,0.0009124451784050552,1231,170,1061
3995,vgg16_dim_3995,0.0006279847258792854,0.000912077609638334,67,171,-104
1705,vgg16_dim_1705,0.00030279940701764645,0.0009117198296883414,383,172,211
1910,vgg16_dim_1910,0.0004086851434966534,0.0009002204323943195,200,173,27
2687,vgg16_dim_2687,0.00011125325144865621,0.000863076929502227,1179,174,1005
3217,vgg16_dim_3217,0.0011437748868498695,0.0008577674378597976,24,175,-151
111,vgg16_dim_111,8.886977751017466e-05,0.0008336831509287813,1241,176,1065
275,vgg16_dim_275,0.0005570668056210064,0.0008210883825888145,95,177,-82
2960,vgg16_dim_2960,8.739639320564026e-05,0.0008198614029291016,1248,178,1070
2940,vgg16_dim_2940,0.00023093783625489773,0.0008191144297112005,517,179,338
446,vgg16_dim_446,0.00028044884293740454,0.0008175602651510689,425,180,245
3803,vgg16_dim_3803,0.00016510508652133296,0.0008095978859868322,913,181,732
239,vgg16_dim_239,8.553031121522434e-05,0.000802355776638057,1255,182,1073
206,vgg16_dim_206,0.0002172445239380825,0.0007988692186213113,576,183,393
3477,vgg16_dim_3477,0.00030219933951995996,0.00077372031764441,385,184,201
2639,vgg16_dim_2639,0.0002264032818031554,0.0007722778797132547,539,185,354
3192,vgg16_dim_3192,0.0008857689052544997,0.0007527496926153851,33,186,-153
132,vgg16_dim_132,0.000535230516113273,0.0007515908975813845,105,187,-82
1746,vgg16_dim_1746,7.932657174663806e-05,0.0007441587920994142,1280,188,1092
1403,vgg16_dim_1403,0.0004173860504625566,0.000718775793958733,180,189,-9
3129,vgg16_dim_3129,0.0002489234556009563,0.0007178388166562671,471,190,281
3162,vgg16_dim_3162,0.00012278492709311893,0.0007143012401186211,1150,191,959
3870,vgg16_dim_3870,0.00027370414803809203,0.0007141039448966926,432,192,240
2969,vgg16_dim_2969,7.528151356514989e-05,0.0007062122939206918,1294,193,1101
3582,vgg16_dim_3582,0.0002678854291984473,0.0006963380702423781,442,194,248
3670,vgg16_dim_3670,0.0006690134120802988,0.0006848524084910329,60,195,-135
3467,vgg16_dim_3467,7.247374057629827e-05,0.0006798727092157505,1298,196,1102
1281,vgg16_dim_1281,7.216178559439306e-05,0.0006769462743854968,1299,197,1102
3141,vgg16_dim_3141,0.0006929876838986009,0.0006675361846519052,58,198,-140
994,vgg16_dim_994,7.056593921953599e-05,0.0006619757155356472,1303,199,1104
3508,vgg16_dim_3508,0.00014926250753870046,0.0006577580709850277,1013,200,813
3571,vgg16_dim_3571,6.507882494044587e-05,0.0006105013577746588,1312,201,1111
2160,vgg16_dim_2160,0.000294421573890862,0.0005757535189736475,397,202,195
3286,vgg16_dim_3286,0.0004133162793603143,0.0005722650144707119,187,203,-16
1713,vgg16_dim_1713,0.0003346084450753677,0.0005676765312020402,314,204,110
943,vgg16_dim_943,0.00012826107525830164,0.0005668989240083284,1130,205,925
1,vgg16_dim_1,0.00021897138076495165,0.000562948386799478,568,206,362
2184,vgg16_dim_2184,0.0002906076232326917,0.0005623913825660343,407,207,200
2897,vgg16_dim_2897,0.00020487386807648895,0.0005602621716719643,623,208,415
121,vgg16_dim_121,5.959986657497693e-05,0.000559103510250974,1329,209,1120
284,vgg16_dim_284,8.337561876924674e-05,0.0005549441139531064,1263,210,1053
2430,vgg16_dim_2430,5.54334683064654e-05,0.000520018726493985,1347,211,1136
1049,vgg16_dim_1049,5.370552561086714e-05,0.0005038089783495632,1356,212,1144
1707,vgg16_dim_1707,5.303533585450867e-05,0.0004975219601589622,1359,213,1146
864,vgg16_dim_864,0.00022096987577506817,0.000496399145920127,555,214,341
1863,vgg16_dim_1863,7.592053698321284e-05,0.00048865914356732,1293,215,1078
3857,vgg16_dim_3857,4.4234630896412624e-05,0.00041496296602825175,1385,216,1169
661,vgg16_dim_661,0.00047859406388306105,0.0004035839660610476,137,217,-80
3815,vgg16_dim_3815,0.0008646970276241818,0.00028484960221452683,35,218,-183
1904,vgg16_dim_1904,0.00013371410737998658,0.00024787364458984473,1105,219,886
677,vgg16_dim_677,0.00010227175275173505,0.00024661010042870574,1217,220,997
1636,vgg16_dim_1636,2.6198748081810913e-05,0.0002457692081960357,1413,221,1192
2916,vgg16_dim_2916,2.5879555836456086e-05,0.0002427748809419928,1416,222,1194
2646,vgg16_dim_2646,0.00019747830705376084,0.00024153501736996492,666,223,443
760,vgg16_dim_760,0.0006906155630534218,0.00024113378208960907,59,224,-165
2532,vgg16_dim_2532,0.00016622297895236388,0.0002395166912803378,908,225,683
3252,vgg16_dim_3252,0.00018606774226578559,0.0002393316334569501,751,226,525
720,vgg16_dim_720,0.0004114963946270405,0.0002379502090065865,194,227,-33
1277,vgg16_dim_1277,0.00018623631194930287,0.0002366264563348817,750,228,522
3704,vgg16_dim_3704,0.00016787568814361043,0.00023363496869126984,890,229,661
2714,vgg16_dim_2714,2.4714210822430708e-05,0.00023184283485804045,1440,230,1210
2384,vgg16_dim_2384,0.0004004081080924921,0.00023143206269644981,208,231,-23
3017,vgg16_dim_3017,2.4634988901025806e-05,0.00023109965778581352,1442,232,1210
2055,vgg16_dim_2055,0.0004924816102439341,0.00023020481893347493,129,233,-104
3361,vgg16_dim_3361,0.00019925588803694334,0.00022936236040463297,651,234,417
1997,vgg16_dim_1997,0.00013726441480915066,0.00022901216652580276,1080,235,845
1581,vgg16_dim_1581,2.4304426623122303e-05,0.00022799866879786158,1454,236,1218
786,vgg16_dim_786,0.00016097814902410346,0.00022738014092436263,946,237,709
2517,vgg16_dim_2517,2.4166878799150484e-05,0.00022670833921107833,1458,238,1220
1649,vgg16_dim_1649,0.0003687845714226346,0.00022568456857652465,252,239,13
981,vgg16_dim_981,0.0001224528909763662,0.00022529697806933464,1151,240,911
2163,vgg16_dim_2163,2.396028295912698e-05,0.000224770273473715,1469,241,1228
2065,vgg16_dim_2065,2.3949780205650327e-05,0.00022467174764348162,1471,242,1229
1287,vgg16_dim_1287,0.00024675730293855,0.00022328983412110904,476,243,233
1056,vgg16_dim_1056,2.362131870046148e-05,0.00022159046590432914,1480,244,1236
3205,vgg16_dim_3205,2.3575923440718715e-05,0.00022116461513436127,1487,245,1242
3265,vgg16_dim_3265,0.0004146576814312797,0.00022105730924484236,183,246,-63
1203,vgg16_dim_1203,0.000245687879037589,0.00022105303853712572,482,247,235
2542,vgg16_dim_2542,0.0003195137042788989,0.00022075782654500722,345,248,97
4022,vgg16_dim_4022,0.0004142808898093923,0.0002206423936301629,185,249,-64
3088,vgg16_dim_3088,0.00019673687530871308,0.00022014920484669535,671,250,421
369,vgg16_dim_369,0.00018402126126255288,0.00021854558770683765,765,251,514
957,vgg16_dim_957,0.0002941799921393855,0.0002182683409613532,398,252,146
1228,vgg16_dim_1228,2.3265256248872715e-05,0.00021825026100132975,1497,253,1244
3448,vgg16_dim_3448,2.32376007399059e-05,0.00021799082598864108,1498,254,1244
3553,vgg16_dim_3553,4.527530475922011e-05,0.00021762395154459059,1380,255,1125
1012,vgg16_dim_1012,0.0002281821935331546,0.0002172874046644574,531,256,275
3851,vgg16_dim_3851,0.0004104880824478497,0.00021672331403597647,196,257,-61
193,vgg16_dim_193,0.00015344821820790843,0.0002167129381353332,995,258,737
1794,vgg16_dim_1794,0.0002991712723764598,0.00021651929979523918,391,259,132
3344,vgg16_dim_3344,2.2998663496282526e-05,0.00021574936708417417,1509,260,1249
1887,vgg16_dim_1887,0.00014987951497548536,0.0002144358883129882,1008,261,747
1454,vgg16_dim_1454,4.468632387591923e-05,0.00021390923522358326,1384,262,1122
2857,vgg16_dim_2857,0.0003325027774757633,0.0002129124437764034,322,263,59
802,vgg16_dim_802,0.00036106305013059066,0.00020898906503909542,262,264,-2
1868,vgg16_dim_1868,0.0005028590287852787,0.00020800341537630378,122,265,-143
3478,vgg16_dim_3478,0.00018934282777536144,0.0002064345024713556,723,266,457
3351,vgg16_dim_3351,0.0001967443431501323,0.00020610234906955755,670,267,403
109,vgg16_dim_109,0.00016124189243060558,0.0002060790031127322,944,268,676
1216,vgg16_dim_1216,2.196456066431076e-05,0.00020604849766043903,1546,269,1277
3919,vgg16_dim_3919,0.00018345054178337181,0.0002053024243859486,771,270,501
2434,vgg16_dim_2434,7.877546069387146e-05,0.00020389202734444765,1284,271,1013
2809,vgg16_dim_2809,0.0004252831838046172,0.00020385427723047813,171,272,-101
3093,vgg16_dim_3093,0.0001782815561371568,0.00020366535875344815,810,273,537
3644,vgg16_dim_3644,0.0003714444131702133,0.00020239307349241472,245,274,-29
1175,vgg16_dim_1175,0.00047992215843383916,0.0002012797521898391,135,275,-140
3519,vgg16_dim_3519,0.00020093770841413168,0.0002012180396722471,641,276,365
4099,text_density_proxy,2.1364513473072157e-05,0.00020041948353310548,1571,277,1294
1844,vgg16_dim_1844,0.00021141428848833383,0.000200238019862712,598,278,320
4105,num_buttons,0.00022062061631472572,0.00019977466532567495,556,279,277
2586,vgg16_dim_2586,0.00011781149434087356,0.00019865252425534883,1157,280,877
1579,vgg16_dim_1579,4.321746766007238e-05,0.00019850064791573907,1388,281,1107
3198,vgg16_dim_3198,4.268959564462811e-05,0.00019407628139270965,1390,282,1108
3166,vgg16_dim_3166,0.00039994314719481503,0.00016803605029749847,209,283,-74
3823,vgg16_dim_3823,6.225417294187156e-05,0.0001600572529920494,1320,284,1036
1064,vgg16_dim_1064,0.00018158811451399767,0.00011472165942744889,783,285,498
167,vgg16_dim_167,1.2153615092526575e-05,0.00011401248443941597,1603,286,1317
3259,vgg16_dim_3259,6.847051308039008e-05,0.00010979421045568262,1308,287,1021
3008,vgg16_dim_3008,0.0014041472554950894,0.00010747354334018294,15,288,-273
3975,vgg16_dim_3975,3.1550828232797904e-05,9.952352726150631e-05,1398,289,1109
3028,vgg16_dim_3028,6.86399754280108e-05,8.21557032037139e-05,1305,290,1015
3576,vgg16_dim_3576,8.838156836111664e-05,5.2838120393481715e-05,1243,291,952
3955,vgg16_dim_3955,0.0009187181090682475,4.2284116572487994e-05,31,292,-261
1832,vgg16_dim_1832,0.0006536427213411324,3.508428739193514e-05,63,293,-230
4127,unlabelled_input_ratio,4.8494689073153186e-05,0.0,1369,2211,-842
4126,unlabelled_link_ratio,0.00019657753007707178,0.0,672,2211,-1539
4125,unlabelled_button_ratio,0.0,0.0,2867,2211,656
4124,semantic_element_ratio,0.0003015505645622645,0.0,387,2211,-1824
4123,has_nav_landmark,0.0,0.0,2867,2211,656
4122,has_main_landmark,0.0,0.0,2867,2211,656
4121,empty_heading_count,0.0,0.0,2867,2211,656
4120,heading_level_skips,0.00019282314077763635,0.0,703,2211,-1508
4119,alt_text_coverage,0.0,0.0,2867,2211,656
4118,num_images_without_alt,0.0,0.0,2867,2211,656
4117,num_aria_live,0.00019261326506207405,0.0,705,2211,-1506
4116,num_aria_hidden,0.0,0.0,2867,2211,656
4115,num_aria_labelledby,0.0007916609377274236,0.0,41,2211,-2170
4114,num_aria_label,0.0,0.0,2867,2211,656
4113,aria_attribute_density,0.0,0.0,2867,2211,656
4112,num_aria_attributes,0.0001855113104316864,0.0,753,2211,-1458
15,vgg16_dim_15,0.0,0.0,2867,2211,656
14,vgg16_dim_14,0.0,0.0,2867,2211,656
13,vgg16_dim_13,0.0,0.0,2867,2211,656
12,vgg16_dim_12,0.0,0.0,2867,2211,656
11,vgg16_dim_11,0.0,0.0,2867,2211,656
9,vgg16_dim_9,0.0,0.0,2867,2211,656
8,vgg16_dim_8,0.0,0.0,2867,2211,656
7,vgg16_dim_7,0.0,0.0,2867,2211,656
6,vgg16_dim_6,0.0,0.0,2867,2211,656
4,vgg16_dim_4,0.000776073841698351,0.0,44,2211,-2167
3,vgg16_dim_3,0.0,0.0,2867,2211,656
2,vgg16_dim_2,0.0,0.0,2867,2211,656
4128,average_paragraph_word_count,0.0,0.0,2867,2211,656
335,vgg16_dim_335,0.00013401838278497385,0.0,1104,2211,-1107
334,vgg16_dim_334,0.0,0.0,2867,2211,656
333,vgg16_dim_333,0.0,0.0,2867,2211,656
332,vgg16_dim_332,0.0,0.0,2867,2211,656
331,vgg16_dim_331,0.00041151342893521527,0.0,193,2211,-2018
330,vgg16_dim_330,0.0,0.0,2867,2211,656
329,vgg16_dim_329,0.0,0.0,2867,2211,656
328,vgg16_dim_328,5.883230156394017e-05,0.0,1334,2211,-877
327,vgg16_dim_327,0.0,0.0,2867,2211,656
325,vgg16_dim_325,0.00032680653809270057,0.0,332,2211,-1879
324,vgg16_dim_324,0.0,0.0,2867,2211,656
323,vgg16_dim_323,0.0,0.0,2867,2211,656
322,vgg16_dim_322,0.0,0.0,2867,2211,656
321,vgg16_dim_321,0.0,0.0,2867,2211,656
320,vgg16_dim_320,0.0,0.0,2867,2211,656
351,vgg16_dim_351,0.0,0.0,2867,2211,656
350,vgg16_dim_350,0.0,0.0,2867,2211,656
349,vgg16_dim_349,0.0,0.0,2867,2211,656
348,vgg16_dim_348,0.0,0.0,2867,2211,656
347,vgg16_dim_347,0.0,0.0,2867,2211,656
346,vgg16_dim_346,0.00015063445475931573,0.0,1004,2211,-1207
345,vgg16_dim_345,0.0,0.0,2867,2211,656
344,vgg16_dim_344,0.0001438830927480053,0.0,1042,2211,-1169
343,vgg16_dim_343,0.0,0.0,2867,2211,656
342,vgg16_dim_342,0.0,0.0,2867,2211,656
341,vgg16_dim_341,0.0,0.0,2867,2211,656
340,vgg16_dim_340,0.0,0.0,2867,2211,656
339,vgg16_dim_339,0.0,0.0,2867,2211,656
338,vgg16_dim_338,0.00014015635304413207,0.0,1066,2211,-1145
337,vgg16_dim_337,0.0,0.0,2867,2211,656
336,vgg16_dim_336,0.0,0.0,2867,2211,656
367,vgg16_dim_367,0.0,0.0,2867,2211,656
366,vgg16_dim_366,0.00041037548321980677,0.0,197,2211,-2014
365,vgg16_dim_365,0.00021953309962158895,0.0,561,2211,-1650
364,vgg16_dim_364,0.0003298745461152304,0.0,327,2211,-1884
363,vgg16_dim_363,0.0,0.0,2867,2211,656
362,vgg16_dim_362,0.0,0.0,2867,2211,656
361,vgg16_dim_361,0.0,0.0,2867,2211,656
360,vgg16_dim_360,0.0,0.0,2867,2211,656
359,vgg16_dim_359,0.0,0.0,2867,2211,656
358,vgg16_dim_358,0.0,0.0,2867,2211,656
357,vgg16_dim_357,0.0,0.0,2867,2211,656
356,vgg16_dim_356,0.0,0.0,2867,2211,656
355,vgg16_dim_355,0.0001281707107600185,0.0,1131,2211,-1080
354,vgg16_dim_354,0.0002376825714153532,0.0,501,2211,-1710
353,vgg16_dim_353,0.00011549509400223379,0.0,1161,2211,-1050
352,vgg16_dim_352,0.00012468488475602323,0.0,1143,2211,-1068
319,vgg16_dim_319,0.0,0.0,2867,2211,656
318,vgg16_dim_318,0.0,0.0,2867,2211,656
317,vgg16_dim_317,0.0,0.0,2867,2211,656
316,vgg16_dim_316,0.0,0.0,2867,2211,656
315,vgg16_dim_315,0.00011156890359686735,0.0,1177,2211,-1034
314,vgg16_dim_314,0.00022296026596986153,0.0,547,2211,-1664
313,vgg16_dim_313,0.0,0.0,2867,2211,656
312,vgg16_dim_312,0.0,0.0,2867,2211,656
311,vgg16_dim_311,0.00019649357108364855,0.0,673,2211,-1538
309,vgg16_dim_309,0.0,0.0,2867,2211,656
308,vgg16_dim_308,0.0,0.0,2867,2211,656
307,vgg16_dim_307,0.00017639947939120722,0.0,822,2211,-1389
306,vgg16_dim_306,2.00551907760027e-05,0.0,1591,2211,-620
305,vgg16_dim_305,0.0,0.0,2867,2211,656
304,vgg16_dim_304,0.0,0.0,2867,2211,656
383,vgg16_dim_383,0.0,0.0,2867,2211,656
382,vgg16_dim_382,0.00017195730249685266,0.0,861,2211,-1350
381,vgg16_dim_381,0.0,0.0,2867,2211,656
380,vgg16_dim_380,0.0,0.0,2867,2211,656
379,vgg16_dim_379,0.0,0.0,2867,2211,656
378,vgg16_dim_378,0.0,0.0,2867,2211,656
377,vgg16_dim_377,0.0,0.0,2867,2211,656
376,vgg16_dim_376,0.0,0.0,2867,2211,656
375,vgg16_dim_375,0.0,0.0,2867,2211,656
374,vgg16_dim_374,2.3133991773280353e-05,0.0,1503,2211,-708
373,vgg16_dim_373,0.0003242349189019337,0.0,336,2211,-1875
372,vgg16_dim_372,0.0,0.0,2867,2211,656
371,vgg16_dim_371,0.00023646203083690882,0.0,504,2211,-1707
370,vgg16_dim_370,0.00013438287798548366,0.0,1100,2211,-1111
368,vgg16_dim_368,0.00016034568959323895,0.0,949,2211,-1262
399,vgg16_dim_399,0.00015363591324486263,0.0,994,2211,-1217
398,vgg16_dim_398,0.00010040338228065358,0.0,1224,2211,-987
397,vgg16_dim_397,0.00047748040989547066,0.0,138,2211,-2073
395,vgg16_dim_395,0.00013641428487884836,0.0,1088,2211,-1123
394,vgg16_dim_394,0.0,0.0,2867,2211,656
393,vgg16_dim_393,2.1544876951787662e-05,0.0,1563,2211,-648
392,vgg16_dim_392,0.0,0.0,2867,2211,656
391,vgg16_dim_391,0.00013157380881701752,0.0,1116,2211,-1095
390,vgg16_dim_390,0.0,0.0,2867,2211,656
389,vgg16_dim_389,0.0,0.0,2867,2211,656
388,vgg16_dim_388,0.0,0.0,2867,2211,656
387,vgg16_dim_387,0.0,0.0,2867,2211,656
386,vgg16_dim_386,2.5106215526645545e-05,0.0,1429,2211,-782
385,vgg16_dim_385,0.0,0.0,2867,2211,656
384,vgg16_dim_384,0.0,0.0,2867,2211,656
415,vgg16_dim_415,0.00014386936494399703,0.0,1043,2211,-1168
414,vgg16_dim_414,0.00014563517434060627,0.0,1036,2211,-1175
413,vgg16_dim_413,0.0001332953477091572,0.0,1106,2211,-1105
412,vgg16_dim_412,0.0,0.0,2867,2211,656
411,vgg16_dim_411,1.9041183980787107e-05,0.0,1600,2211,-611
410,vgg16_dim_410,0.0,0.0,2867,2211,656
409,vgg16_dim_409,0.0,0.0,2867,2211,656
408,vgg16_dim_408,0.0,0.0,2867,2211,656
407,vgg16_dim_407,0.0,0.0,2867,2211,656
406,vgg16_dim_406,0.0002629591153397107,0.0,451,2211,-1760
405,vgg16_dim_405,0.0,0.0,2867,2211,656
404,vgg16_dim_404,0.00015804451659242707,0.0,967,2211,-1244
403,vgg16_dim_403,0.0,0.0,2867,2211,656
402,vgg16_dim_402,0.0,0.0,2867,2211,656
401,vgg16_dim_401,0.0,0.0,2867,2211,656
400,vgg16_dim_400,0.00012767557375791664,0.0,1136,2211,-1075
431,vgg16_dim_431,0.000157520873605878,0.0,971,2211,-1240
430,vgg16_dim_430,0.0,0.0,2867,2211,656
429,vgg16_dim_429,0.0001927352080623414,0.0,704,2211,-1507
428,vgg16_dim_428,0.00013013259156861422,0.0,1120,2211,-1091
427,vgg16_dim_427,0.00011526523814367034,0.0,1162,2211,-1049
426,vgg16_dim_426,0.0,0.0,2867,2211,656
425,vgg16_dim_425,0.00015888701757623541,0.0,960,2211,-1251
424,vgg16_dim_424,0.00017375246147690454,0.0,849,2211,-1362
422,vgg16_dim_422,0.0001441971226692545,0.0,1040,2211,-1171
421,vgg16_dim_421,2.1691821746085765e-05,0.0,1556,2211,-655
420,vgg16_dim_420,0.0,0.0,2867,2211,656
419,vgg16_dim_419,0.0,0.0,2867,2211,656
418,vgg16_dim_418,0.0,0.0,2867,2211,656
417,vgg16_dim_417,0.0,0.0,2867,2211,656
416,vgg16_dim_416,0.0,0.0,2867,2211,656
447,vgg16_dim_447,0.0,0.0,2867,2211,656
445,vgg16_dim_445,0.0,0.0,2867,2211,656
444,vgg16_dim_444,0.0,0.0,2867,2211,656
443,vgg16_dim_443,7.519357649783784e-05,0.0,1295,2211,-916
442,vgg16_dim_442,0.0,0.0,2867,2211,656
441,vgg16_dim_441,8.80082449802814e-05,0.0,1247,2211,-964
440,vgg16_dim_440,0.0,0.0,2867,2211,656
439,vgg16_dim_439,0.0,0.0,2867,2211,656
438,vgg16_dim_438,0.0,0.0,2867,2211,656
436,vgg16_dim_436,0.0,0.0,2867,2211,656
435,vgg16_dim_435,0.0,0.0,2867,2211,656
434,vgg16_dim_434,0.0,0.0,2867,2211,656
433,vgg16_dim_433,0.0001509496775751189,0.0,1002,2211,-1209
432,vgg16_dim_432,0.0,0.0,2867,2211,656
463,vgg16_dim_463,0.00013652452015697704,0.0,1087,2211,-1124
462,vgg16_dim_462,0.0,0.0,2867,2211,656
461,vgg16_dim_461,0.0,0.0,2867,2211,656
460,vgg16_dim_460,0.0,0.0,2867,2211,656
459,vgg16_dim_459,0.00014351971862965176,0.0,1045,2211,-1166
458,vgg16_dim_458,2.592763790915672e-05,0.0,1415,2211,-796
457,vgg16_dim_457,0.0,0.0,2867,2211,656
456,vgg16_dim_456,2.363746753837277e-05,0.0,1478,2211,-733
455,vgg16_dim_455,0.0,0.0,2867,2211,656
454,vgg16_dim_454,0.0,0.0,2867,2211,656
453,vgg16_dim_453,0.0,0.0,2867,2211,656
452,vgg16_dim_452,0.0,0.0,2867,2211,656
451,vgg16_dim_451,0.0,0.0,2867,2211,656
450,vgg16_dim_450,0.0,0.0,2867,2211,656
448,vgg16_dim_448,0.0004989913575780511,0.0,126,2211,-2085
479,vgg16_dim_479,0.0,0.0,2867,2211,656
478,vgg16_dim_478,0.0,0.0,2867,2211,656
477,vgg16_dim_477,8.293061533612192e-05,0.0,1264,2211,-947
476,vgg16_dim_476,0.00013718015841592213,0.0,1081,2211,-1130
475,vgg16_dim_475,0.0,0.0,2867,2211,656
474,vgg16_dim_474,0.0001675731248848423,0.0,893,2211,-1318
473,vgg16_dim_473,0.0,0.0,2867,2211,656
472,vgg16_dim_472,0.0,0.0,2867,2211,656
471,vgg16_dim_471,0.0,0.0,2867,2211,656
470,vgg16_dim_470,0.0,0.0,2867,2211,656
469,vgg16_dim_469,0.0001560002508540082,0.0,981,2211,-1230
468,vgg16_dim_468,0.0,0.0,2867,2211,656
467,vgg16_dim_467,0.00023387230742151407,0.0,509,2211,-1702
466,vgg16_dim_466,0.0,0.0,2867,2211,656
465,vgg16_dim_465,0.0,0.0,2867,2211,656
464,vgg16_dim_464,0.0,0.0,2867,2211,656
495,vgg16_dim_495,0.00018073539896774787,0.0,788,2211,-1423
494,vgg16_dim_494,0.0,0.0,2867,2211,656
493,vgg16_dim_493,0.0,0.0,2867,2211,656
492,vgg16_dim_492,2.0331039867026353e-05,0.0,1585,2211,-626
491,vgg16_dim_491,0.00022174141314797735,0.0,550,2211,-1661
490,vgg16_dim_490,0.0,0.0,2867,2211,656
489,vgg16_dim_489,0.0,0.0,2867,2211,656
488,vgg16_dim_488,2.2817248016087755e-05,0.0,1514,2211,-697
487,vgg16_dim_487,0.0,0.0,2867,2211,656
486,vgg16_dim_486,0.00025201955925527585,0.0,467,2211,-1744
485,vgg16_dim_485,0.0,0.0,2867,2211,656
484,vgg16_dim_484,0.0,0.0,2867,2211,656
483,vgg16_dim_483,0.0,0.0,2867,2211,656
482,vgg16_dim_482,6.456374900165162e-05,0.0,1314,2211,-897
481,vgg16_dim_481,6.215336179624105e-05,0.0,1321,2211,-890
480,vgg16_dim_480,0.0,0.0,2867,2211,656
510,vgg16_dim_510,9.754277476085368e-05,0.0,1230,2211,-981
509,vgg16_dim_509,0.0,0.0,2867,2211,656
508,vgg16_dim_508,0.0,0.0,2867,2211,656
507,vgg16_dim_507,0.0003491050352487201,0.0,290,2211,-1921
506,vgg16_dim_506,0.0,0.0,2867,2211,656
505,vgg16_dim_505,2.3570039484091516e-05,0.0,1489,2211,-722
504,vgg16_dim_504,0.0,0.0,2867,2211,656
503,vgg16_dim_503,0.0,0.0,2867,2211,656
502,vgg16_dim_502,0.0,0.0,2867,2211,656
501,vgg16_dim_501,0.0,0.0,2867,2211,656
500,vgg16_dim_500,2.1316117529943362e-05,0.0,1572,2211,-639
499,vgg16_dim_499,0.0,0.0,2867,2211,656
498,vgg16_dim_498,0.0,0.0,2867,2211,656
497,vgg16_dim_497,2.398099842553367e-05,0.0,1467,2211,-744
496,vgg16_dim_496,0.0,0.0,2867,2211,656
527,vgg16_dim_527,0.0,0.0,2867,2211,656
526,vgg16_dim_526,0.0,0.0,2867,2211,656
525,vgg16_dim_525,4.539362925634792e-05,0.0,1379,2211,-832
524,vgg16_dim_524,0.00019175571420950815,0.0,711,2211,-1500
523,vgg16_dim_523,0.0,0.0,2867,2211,656
522,vgg16_dim_522,0.0005889540159138487,0.0,83,2211,-2128
521,vgg16_dim_521,0.0,0.0,2867,2211,656
520,vgg16_dim_520,0.0,0.0,2867,2211,656
519,vgg16_dim_519,0.0,0.0,2867,2211,656
518,vgg16_dim_518,0.0006438374806403914,0.0,65,2211,-2146
517,vgg16_dim_517,0.0,0.0,2867,2211,656
516,vgg16_dim_516,0.0,0.0,2867,2211,656
515,vgg16_dim_515,0.0,0.0,2867,2211,656
514,vgg16_dim_514,0.0,0.0,2867,2211,656
513,vgg16_dim_513,0.0,0.0,2867,2211,656
512,vgg16_dim_512,0.0,0.0,2867,2211,656
543,vgg16_dim_543,0.0,0.0,2867,2211,656
542,vgg16_dim_542,0.0,0.0,2867,2211,656
541,vgg16_dim_541,0.0,0.0,2867,2211,656
540,vgg16_dim_540,0.0,0.0,2867,2211,656
539,vgg16_dim_539,0.0,0.0,2867,2211,656
537,vgg16_dim_537,0.0,0.0,2867,2211,656
536,vgg16_dim_536,0.0,0.0,2867,2211,656
535,vgg16_dim_535,0.0001469825591530281,0.0,1031,2211,-1180
534,vgg16_dim_534,0.0001369576296209258,0.0,1084,2211,-1127
533,vgg16_dim_533,9.42807377405537e-05,0.0,1235,2211,-976
532,vgg16_dim_532,0.00023683197110242028,0.0,503,2211,-1708
531,vgg16_dim_531,0.0,0.0,2867,2211,656
529,vgg16_dim_529,0.0001878726111549695,0.0,737,2211,-1474
528,vgg16_dim_528,0.0,0.0,2867,2211,656
559,vgg16_dim_559,0.00017581580533442893,0.0,824,2211,-1387
558,vgg16_dim_558,2.1888553342493883e-05,0.0,1548,2211,-663
557,vgg16_dim_557,0.0,0.0,2867,2211,656
556,vgg16_dim_556,0.0,0.0,2867,2211,656
555,vgg16_dim_555,2.450431600021686e-05,0.0,1447,2211,-764
554,vgg16_dim_554,0.0,0.0,2867,2211,656
553,vgg16_dim_553,2.3900291648704896e-05,0.0,1474,2211,-737
552,vgg16_dim_552,0.0,0.0,2867,2211,656
551,vgg16_dim_551,0.0,0.0,2867,2211,656
550,vgg16_dim_550,0.0,0.0,2867,2211,656
549,vgg16_dim_549,0.0,0.0,2867,2211,656
548,vgg16_dim_548,0.0,0.0,2867,2211,656
547,vgg16_dim_547,0.0,0.0,2867,2211,656
546,vgg16_dim_546,0.000214121262704603,0.0,586,2211,-1625
545,vgg16_dim_545,7.05771866011603e-05,0.0,1302,2211,-909
544,vgg16_dim_544,0.0,0.0,2867,2211,656
575,vgg16_dim_575,0.0,0.0,2867,2211,656
574,vgg16_dim_574,0.0,0.0,2867,2211,656
573,vgg16_dim_573,0.0,0.0,2867,2211,656
572,vgg16_dim_572,0.0,0.0,2867,2211,656
571,vgg16_dim_571,0.0,0.0,2867,2211,656
570,vgg16_dim_570,0.0,0.0,2867,2211,656
569,vgg16_dim_569,0.0,0.0,2867,2211,656
568,vgg16_dim_568,4.5521230623950614e-05,0.0,1378,2211,-833
567,vgg16_dim_567,0.0,0.0,2867,2211,656
566,vgg16_dim_566,0.00010062566215659555,0.0,1222,2211,-989
565,vgg16_dim_565,0.0002570573206427519,0.0,464,2211,-1747
564,vgg16_dim_564,2.233986465276129e-05,0.0,1538,2211,-673
563,vgg16_dim_563,0.00010279019450006736,0.0,1213,2211,-998
562,vgg16_dim_562,0.0,0.0,2867,2211,656
561,vgg16_dim_561,0.0,0.0,2867,2211,656
560,vgg16_dim_560,0.0,0.0,2867,2211,656
591,vgg16_dim_591,0.0,0.0,2867,2211,656
590,vgg16_dim_590,0.0,0.0,2867,2211,656
589,vgg16_dim_589,0.0,0.0,2867,2211,656
588,vgg16_dim_588,0.00010891725141703609,0.0,1187,2211,-1024
587,vgg16_dim_587,7.923643976142945e-05,0.0,1281,2211,-930
586,vgg16_dim_586,0.0,0.0,2867,2211,656
585,vgg16_dim_585,0.00041974038101855854,0.0,178,2211,-2033
584,vgg16_dim_584,0.0,0.0,2867,2211,656
583,vgg16_dim_583,0.0,0.0,2867,2211,656
582,vgg16_dim_582,0.00032446230808096615,0.0,335,2211,-1876
581,vgg16_dim_581,0.0004126108414455396,0.0,189,2211,-2022
580,vgg16_dim_580,0.0,0.0,2867,2211,656
579,vgg16_dim_579,0.00020101528077508555,0.0,640,2211,-1571
578,vgg16_dim_578,0.0,0.0,2867,2211,656
577,vgg16_dim_577,0.0,0.0,2867,2211,656
607,vgg16_dim_607,0.00035038890872102343,0.0,288,2211,-1923
606,vgg16_dim_606,0.0,0.0,2867,2211,656
605,vgg16_dim_605,0.0,0.0,2867,2211,656
604,vgg16_dim_604,0.000353886142151673,0.0,280,2211,-1931
603,vgg16_dim_603,0.00030079782904328243,0.0,388,2211,-1823
602,vgg16_dim_602,0.0,0.0,2867,2211,656
601,vgg16_dim_601,0.0,0.0,2867,2211,656
600,vgg16_dim_600,0.0003096347817851412,0.0,366,2211,-1845
599,vgg16_dim_599,0.0,0.0,2867,2211,656
598,vgg16_dim_598,0.0,0.0,2867,2211,656
596,vgg16_dim_596,0.0,0.0,2867,2211,656
595,vgg16_dim_595,8.083774382665119e-05,0.0,1276,2211,-935
594,vgg16_dim_594,0.0,0.0,2867,2211,656
593,vgg16_dim_593,0.0,0.0,2867,2211,656
592,vgg16_dim_592,0.0001543522853415351,0.0,990,2211,-1221
623,vgg16_dim_623,0.0,0.0,2867,2211,656
622,vgg16_dim_622,0.0,0.0,2867,2211,656
620,vgg16_dim_620,0.00021373895010112396,0.0,589,2211,-1622
619,vgg16_dim_619,8.802451695382862e-05,0.0,1246,2211,-965
618,vgg16_dim_618,0.0,0.0,2867,2211,656
617,vgg16_dim_617,0.0,0.0,2867,2211,656
616,vgg16_dim_616,0.0,0.0,2867,2211,656
615,vgg16_dim_615,0.00044683910568655725,0.0,157,2211,-2054
614,vgg16_dim_614,0.0,0.0,2867,2211,656
613,vgg16_dim_613,0.0,0.0,2867,2211,656
612,vgg16_dim_612,0.00018436783242032782,0.0,762,2211,-1449
611,vgg16_dim_611,0.0,0.0,2867,2211,656
610,vgg16_dim_610,0.0,0.0,2867,2211,656
609,vgg16_dim_609,0.0,0.0,2867,2211,656
608,vgg16_dim_608,0.0,0.0,2867,2211,656
639,vgg16_dim_639,0.0,0.0,2867,2211,656
637,vgg16_dim_637,0.0005305369708866812,0.0,109,2211,-2102
636,vgg16_dim_636,0.0,0.0,2867,2211,656
635,vgg16_dim_635,0.0002057371353423123,0.0,618,2211,-1593
634,vgg16_dim_634,0.0,0.0,2867,2211,656
633,vgg16_dim_633,0.0,0.0,2867,2211,656
632,vgg16_dim_632,0.0,0.0,2867,2211,656
631,vgg16_dim_631,0.0,0.0,2867,2211,656
630,vgg16_dim_630,0.0004588579056989523,0.0,147,2211,-2064
629,vgg16_dim_629,0.00010358859694074087,0.0,1210,2211,-1001
628,vgg16_dim_628,0.0,0.0,2867,2211,656
627,vgg16_dim_627,0.0,0.0,2867,2211,656
626,vgg16_dim_626,0.0,0.0,2867,2211,656
625,vgg16_dim_625,0.0,0.0,2867,2211,656
624,vgg16_dim_624,0.0,0.0,2867,2211,656
655,vgg16_dim_655,0.0003315184811692885,0.0,324,2211,-1887
654,vgg16_dim_654,1.8435741049458693e-05,0.0,1601,2211,-610
653,vgg16_dim_653,0.0,0.0,2867,2211,656
652,vgg16_dim_652,0.0,0.0,2867,2211,656
651,vgg16_dim_651,0.0,0.0,2867,2211,656
650,vgg16_dim_650,0.0,0.0,2867,2211,656
649,vgg16_dim_649,0.0001112247082581625,0.0,1180,2211,-1031
648,vgg16_dim_648,0.00016225887938252855,0.0,939,2211,-1272
647,vgg16_dim_647,0.0,0.0,2867,2211,656
646,vgg16_dim_646,0.0,0.0,2867,2211,656
645,vgg16_dim_645,0.0,0.0,2867,2211,656
644,vgg16_dim_644,0.0,0.0,2867,2211,656
642,vgg16_dim_642,0.0,0.0,2867,2211,656
641,vgg16_dim_641,0.0,0.0,2867,2211,656
640,vgg16_dim_640,0.0,0.0,2867,2211,656
671,vgg16_dim_671,0.0,0.0,2867,2211,656
670,vgg16_dim_670,0.0,0.0,2867,2211,656
669,vgg16_dim_669,0.0,0.0,2867,2211,656
668,vgg16_dim_668,0.0,0.0,2867,2211,656
667,vgg16_dim_667,0.0001458754160325327,0.0,1035,2211,-1176
666,vgg16_dim_666,0.0,0.0,2867,2211,656
665,vgg16_dim_665,0.0,0.0,2867,2211,656
664,vgg16_dim_664,0.0,0.0,2867,2211,656
663,vgg16_dim_663,0.0,0.0,2867,2211,656
662,vgg16_dim_662,0.0,0.0,2867,2211,656
660,vgg16_dim_660,0.0,0.0,2867,2211,656
659,vgg16_dim_659,0.0,0.0,2867,2211,656
658,vgg16_dim_658,0.0,0.0,2867,2211,656
657,vgg16_dim_657,0.0,0.0,2867,2211,656
656,vgg16_dim_656,0.0,0.0,2867,2211,656
303,vgg16_dim_303,0.000424318962873514,0.0,172,2211,-2039
302,vgg16_dim_302,0.0,0.0,2867,2211,656
301,vgg16_dim_301,0.0,0.0,2867,2211,656
300,vgg16_dim_300,6.310451021304099e-05,0.0,1318,2211,-893
299,vgg16_dim_299,0.0,0.0,2867,2211,656
298,vgg16_dim_298,0.0003805357869855076,0.0,235,2211,-1976
297,vgg16_dim_297,0.0,0.0,2867,2211,656
296,vgg16_dim_296,0.0,0.0,2867,2211,656
295,vgg16_dim_295,0.0,0.0,2867,2211,656
294,vgg16_dim_294,2.4093075244970056e-05,0.0,1463,2211,-748
293,vgg16_dim_293,0.000501584102624161,0.0,123,2211,-2088
292,vgg16_dim_292,0.0005370342413701292,0.0,103,2211,-2108
291,vgg16_dim_291,0.00029253851176959953,0.0,402,2211,-1809
290,vgg16_dim_290,2.2754495559048782e-05,0.0,1519,2211,-692
289,vgg16_dim_289,0.00023280231575326078,0.0,512,2211,-1699
288,vgg16_dim_288,0.00021391037057275466,0.0,588,2211,-1623
687,vgg16_dim_687,0.0,0.0,2867,2211,656
686,vgg16_dim_686,0.0001645125870767194,0.0,919,2211,-1292
685,vgg16_dim_685,0.0,0.0,2867,2211,656
684,vgg16_dim_684,0.0,0.0,2867,2211,656
683,vgg16_dim_683,0.0,0.0,2867,2211,656
682,vgg16_dim_682,0.0,0.0,2867,2211,656
680,vgg16_dim_680,8.698023298724836e-05,0.0,1251,2211,-960
679,vgg16_dim_679,0.0,0.0,2867,2211,656
678,vgg16_dim_678,0.0,0.0,2867,2211,656
676,vgg16_dim_676,0.0,0.0,2867,2211,656
675,vgg16_dim_675,0.0,0.0,2867,2211,656
674,vgg16_dim_674,0.0,0.0,2867,2211,656
673,vgg16_dim_673,0.0003579152484213486,0.0,265,2211,-1946
672,vgg16_dim_672,0.0,0.0,2867,2211,656
703,vgg16_dim_703,2.4012716469584754e-05,0.0,1465,2211,-746
702,vgg16_dim_702,0.00022279060810132074,0.0,548,2211,-1663
701,vgg16_dim_701,0.0,0.0,2867,2211,656
700,vgg16_dim_700,2.4135254055444103e-05,0.0,1460,2211,-751
699,vgg16_dim_699,0.0,0.0,2867,2211,656
698,vgg16_dim_698,0.00019435818476902034,0.0,691,2211,-1520
697,vgg16_dim_697,0.0005633287237298276,0.0,93,2211,-2118
696,vgg16_dim_696,0.00016813957579144828,0.0,888,2211,-1323
695,vgg16_dim_695,0.00011521270993884647,0.0,1163,2211,-1048
694,vgg16_dim_694,0.0,0.0,2867,2211,656
693,vgg16_dim_693,0.0,0.0,2867,2211,656
692,vgg16_dim_692,0.000426613835052667,0.0,170,2211,-2041
691,vgg16_dim_691,0.0,0.0,2867,2211,656
690,vgg16_dim_690,2.2196817580355588e-05,0.0,1541,2211,-670
689,vgg16_dim_689,0.0,0.0,2867,2211,656
688,vgg16_dim_688,0.0,0.0,2867,2211,656
719,vgg16_dim_719,0.00010958933822948826,0.0,1184,2211,-1027
718,vgg16_dim_718,0.0,0.0,2867,2211,656
717,vgg16_dim_717,0.0,0.0,2867,2211,656
716,vgg16_dim_716,0.0,0.0,2867,2211,656
715,vgg16_dim_715,0.0,0.0,2867,2211,656
714,vgg16_dim_714,0.0,0.0,2867,2211,656
713,vgg16_dim_713,0.0,0.0,2867,2211,656
712,vgg16_dim_712,0.0,0.0,2867,2211,656
711,vgg16_dim_711,0.0,0.0,2867,2211,656
710,vgg16_dim_710,0.0001983781337936108,0.0,658,2211,-1553
709,vgg16_dim_709,0.0,0.0,2867,2211,656
708,vgg16_dim_708,0.0,0.0,2867,2211,656
707,vgg16_dim_707,0.0007755147807040188,0.0,45,2211,-2166
706,vgg16_dim_706,0.00031888399547516693,0.0,347,2211,-1864
705,vgg16_dim_705,2.2244100136340384e-05,0.0,1539,2211,-672
704,vgg16_dim_704,0.0,0.0,2867,2211,656
735,vgg16_dim_735,0.00022862296059552887,0.0,525,2211,-1686
734,vgg16_dim_734,0.0,0.0,2867,2211,656
733,vgg16_dim_733,0.0,0.0,2867,2211,656
731,vgg16_dim_731,0.0,0.0,2867,2211,656
730,vgg16_dim_730,0.00012401554572992032,0.0,1145,2211,-1066
729,vgg16_dim_729,0.00012905124231390053,0.0,1126,2211,-1085
728,vgg16_dim_728,0.0002650420244357651,0.0,446,2211,-1765
727,vgg16_dim_727,0.0,0.0,2867,2211,656
726,vgg16_dim_726,0.0,0.0,2867,2211,656
725,vgg16_dim_725,0.0,0.0,2867,2211,656
724,vgg16_dim_724,0.0,0.0,2867,2211,656
723,vgg16_dim_723,0.0001543240640043002,0.0,991,2211,-1220
722,vgg16_dim_722,0.0,0.0,2867,2211,656
721,vgg16_dim_721,0.0,0.0,2867,2211,656
751,vgg16_dim_751,0.0005329065617485484,0.0,107,2211,-2104
750,vgg16_dim_750,0.0,0.0,2867,2211,656
749,vgg16_dim_749,0.0,0.0,2867,2211,656
748,vgg16_dim_748,0.0,0.0,2867,2211,656
747,vgg16_dim_747,0.0,0.0,2867,2211,656
746,vgg16_dim_746,0.0,0.0,2867,2211,656
745,vgg16_dim_745,2.24505419681576e-05,0.0,1533,2211,-678
744,vgg16_dim_744,0.0,0.0,2867,2211,656
743,vgg16_dim_743,0.0,0.0,2867,2211,656
742,vgg16_dim_742,0.0,0.0,2867,2211,656
741,vgg16_dim_741,0.0,0.0,2867,2211,656
740,vgg16_dim_740,0.00012014917762500434,0.0,1153,2211,-1058
739,vgg16_dim_739,2.5000926369038978e-05,0.0,1434,2211,-777
738,vgg16_dim_738,0.0,0.0,2867,2211,656
737,vgg16_dim_737,0.0,0.0,2867,2211,656
736,vgg16_dim_736,0.0,0.0,2867,2211,656
767,vgg16_dim_767,0.0,0.0,2867,2211,656
766,vgg16_dim_766,0.0,0.0,2867,2211,656
765,vgg16_dim_765,0.0003426380302500339,0.0,298,2211,-1913
764,vgg16_dim_764,0.0,0.0,2867,2211,656
763,vgg16_dim_763,0.0,0.0,2867,2211,656
762,vgg16_dim_762,0.0,0.0,2867,2211,656
761,vgg16_dim_761,0.0,0.0,2867,2211,656
759,vgg16_dim_759,0.0,0.0,2867,2211,656
758,vgg16_dim_758,0.0002639745841695467,0.0,448,2211,-1763
757,vgg16_dim_757,0.0,0.0,2867,2211,656
756,vgg16_dim_756,0.0,0.0,2867,2211,656
755,vgg16_dim_755,0.0,0.0,2867,2211,656
754,vgg16_dim_754,0.00017978964591627063,0.0,798,2211,-1413
753,vgg16_dim_753,0.0,0.0,2867,2211,656
752,vgg16_dim_752,0.00030352945561636606,0.0,382,2211,-1829
783,vgg16_dim_783,0.0,0.0,2867,2211,656
781,vgg16_dim_781,0.0,0.0,2867,2211,656
780,vgg16_dim_780,0.0003439735427313996,0.0,296,2211,-1915
779,vgg16_dim_779,0.0,0.0,2867,2211,656
778,vgg16_dim_778,0.0,0.0,2867,2211,656
777,vgg16_dim_777,0.0,0.0,2867,2211,656
776,vgg16_dim_776,0.0,0.0,2867,2211,656
775,vgg16_dim_775,0.00020650517792580365,0.0,615,2211,-1596
774,vgg16_dim_774,0.0,0.0,2867,2211,656
773,vgg16_dim_773,0.0001463252854426182,0.0,1033,2211,-1178
772,vgg16_dim_772,4.9452351509066375e-05,0.0,1367,2211,-844
771,vgg16_dim_771,0.0,0.0,2867,2211,656
770,vgg16_dim_770,0.0,0.0,2867,2211,656
769,vgg16_dim_769,0.0,0.0,2867,2211,656
768,vgg16_dim_768,0.0,0.0,2867,2211,656
799,vgg16_dim_799,0.0,0.0,2867,2211,656
798,vgg16_dim_798,2.2071063111152127e-05,0.0,1542,2211,-669
797,vgg16_dim_797,0.00022213603008912306,0.0,549,2211,-1662
796,vgg16_dim_796,0.00034223912980684836,0.0,299,2211,-1912
795,vgg16_dim_795,0.0,0.0,2867,2211,656
794,vgg16_dim_794,0.0,0.0,2867,2211,656
793,vgg16_dim_793,0.0,0.0,2867,2211,656
792,vgg16_dim_792,0.0,0.0,2867,2211,656
791,vgg16_dim_791,0.0,0.0,2867,2211,656
790,vgg16_dim_790,0.0,0.0,2867,2211,656
789,vgg16_dim_789,0.0,0.0,2867,2211,656
788,vgg16_dim_788,0.0001568300202501614,0.0,977,2211,-1234
787,vgg16_dim_787,0.0003584948872578877,0.0,264,2211,-1947
785,vgg16_dim_785,0.0,0.0,2867,2211,656
784,vgg16_dim_784,0.0,0.0,2867,2211,656
815,vgg16_dim_815,0.0,0.0,2867,2211,656
814,vgg16_dim_814,0.0,0.0,2867,2211,656
813,vgg16_dim_813,0.0,0.0,2867,2211,656
811,vgg16_dim_811,0.0,0.0,2867,2211,656
810,vgg16_dim_810,0.0,0.0,2867,2211,656
809,vgg16_dim_809,0.0,0.0,2867,2211,656
808,vgg16_dim_808,0.0,0.0,2867,2211,656
807,vgg16_dim_807,0.0,0.0,2867,2211,656
806,vgg16_dim_806,0.00043457929351024084,0.0,166,2211,-2045
805,vgg16_dim_805,0.0,0.0,2867,2211,656
804,vgg16_dim_804,0.0,0.0,2867,2211,656
803,vgg16_dim_803,0.0,0.0,2867,2211,656
801,vgg16_dim_801,0.0,0.0,2867,2211,656
800,vgg16_dim_800,0.0,0.0,2867,2211,656
831,vgg16_dim_831,0.0,0.0,2867,2211,656
829,vgg16_dim_829,0.00019779090903547096,0.0,661,2211,-1550
828,vgg16_dim_828,0.0,0.0,2867,2211,656
827,vgg16_dim_827,5.684671796942258e-05,0.0,1343,2211,-868
826,vgg16_dim_826,0.00019569606090640343,0.0,681,2211,-1530
825,vgg16_dim_825,0.0,0.0,2867,2211,656
824,vgg16_dim_824,2.2386050190967114e-05,0.0,1536,2211,-675
823,vgg16_dim_823,0.0,0.0,2867,2211,656
822,vgg16_dim_822,0.0,0.0,2867,2211,656
821,vgg16_dim_821,0.00017099321570364967,0.0,867,2211,-1344
820,vgg16_dim_820,0.0,0.0,2867,2211,656
819,vgg16_dim_819,0.0,0.0,2867,2211,656
818,vgg16_dim_818,0.0003257309600617802,0.0,334,2211,-1877
817,vgg16_dim_817,0.0,0.0,2867,2211,656
816,vgg16_dim_816,0.0,0.0,2867,2211,656
847,vgg16_dim_847,0.0,0.0,2867,2211,656
846,vgg16_dim_846,0.0,0.0,2867,2211,656
845,vgg16_dim_845,0.00015692062360322888,0.0,974,2211,-1237
844,vgg16_dim_844,0.0,0.0,2867,2211,656
843,vgg16_dim_843,0.0,0.0,2867,2211,656
842,vgg16_dim_842,0.0,0.0,2867,2211,656
841,vgg16_dim_841,0.0,0.0,2867,2211,656
840,vgg16_dim_840,0.00041794186325843394,0.0,179,2211,-2032
839,vgg16_dim_839,0.0,0.0,2867,2211,656
838,vgg16_dim_838,0.0,0.0,2867,2211,656
837,vgg16_dim_837,2.4819780823467502e-05,0.0,1438,2211,-773
835,vgg16_dim_835,0.00019008737846152145,0.0,719,2211,-1492
834,vgg16_dim_834,0.0,0.0,2867,2211,656
833,vgg16_dim_833,0.0002044589296652709,0.0,625,2211,-1586
832,vgg16_dim_832,0.0,0.0,2867,2211,656
863,vgg16_dim_863,0.0,0.0,2867,2211,656
862,vgg16_dim_862,0.00015847880795046408,0.0,965,2211,-1246
861,vgg16_dim_861,0.0,0.0,2867,2211,656
860,vgg16_dim_860,0.0,0.0,2867,2211,656
859,vgg16_dim_859,0.0,0.0,2867,2211,656
858,vgg16_dim_858,0.0,0.0,2867,2211,656
857,vgg16_dim_857,0.0,0.0,2867,2211,656
856,vgg16_dim_856,0.00031935793951862277,0.0,346,2211,-1865
855,vgg16_dim_855,0.0,0.0,2867,2211,656
854,vgg16_dim_854,0.0,0.0,2867,2211,656
853,vgg16_dim_853,0.0,0.0,2867,2211,656
852,vgg16_dim_852,0.0,0.0,2867,2211,656
851,vgg16_dim_851,0.0,0.0,2867,2211,656
850,vgg16_dim_850,0.0002116423197053169,0.0,597,2211,-1614
849,vgg16_dim_849,0.0,0.0,2867,2211,656
848,vgg16_dim_848,0.00020204811352424003,0.0,634,2211,-1577
879,vgg16_dim_879,0.0,0.0,2867,2211,656
877,vgg16_dim_877,0.00021125726483435715,0.0,599,2211,-1612
876,vgg16_dim_876,0.0,0.0,2867,2211,656
875,vgg16_dim_875,0.0,0.0,2867,2211,656
874,vgg16_dim_874,0.0,0.0,2867,2211,656
873,vgg16_dim_873,0.00019639429233361,0.0,675,2211,-1536
872,vgg16_dim_872,0.0001280882865362636,0.0,1132,2211,-1079
871,vgg16_dim_871,0.0,0.0,2867,2211,656
870,vgg16_dim_870,0.0,0.0,2867,2211,656
869,vgg16_dim_869,0.00013041466878325843,0.0,1119,2211,-1092
868,vgg16_dim_868,0.0003304531802188588,0.0,326,2211,-1885
867,vgg16_dim_867,0.0,0.0,2867,2211,656
866,vgg16_dim_866,0.00011216808952897291,0.0,1174,2211,-1037
865,vgg16_dim_865,0.0,0.0,2867,2211,656
287,vgg16_dim_287,0.0,0.0,2867,2211,656
286,vgg16_dim_286,0.0,0.0,2867,2211,656
285,vgg16_dim_285,0.0,0.0,2867,2211,656
283,vgg16_dim_283,0.0,0.0,2867,2211,656
282,vgg16_dim_282,0.0,0.0,2867,2211,656
281,vgg16_dim_281,0.0,0.0,2867,2211,656
280,vgg16_dim_280,0.00012336124314468787,0.0,1148,2211,-1063
279,vgg16_dim_279,0.0,0.0,2867,2211,656
278,vgg16_dim_278,0.0,0.0,2867,2211,656
277,vgg16_dim_277,0.0,0.0,2867,2211,656
274,vgg16_dim_274,0.0,0.0,2867,2211,656
273,vgg16_dim_273,0.0,0.0,2867,2211,656
272,vgg16_dim_272,0.0,0.0,2867,2211,656
895,vgg16_dim_895,0.0,0.0,2867,2211,656
894,vgg16_dim_894,0.0005030248871990426,0.0,121,2211,-2090
893,vgg16_dim_893,0.0,0.0,2867,2211,656
892,vgg16_dim_892,0.0,0.0,2867,2211,656
891,vgg16_dim_891,0.0,0.0,2867,2211,656
889,vgg16_dim_889,0.00017849269421803558,0.0,808,2211,-1403
888,vgg16_dim_888,0.0,0.0,2867,2211,656
887,vgg16_dim_887,0.0,0.0,2867,2211,656
886,vgg16_dim_886,0.0,0.0,2867,2211,656
885,vgg16_dim_885,0.00010012594529863053,0.0,1226,2211,-985
884,vgg16_dim_884,0.0,0.0,2867,2211,656
883,vgg16_dim_883,2.390278727900225e-05,0.0,1473,2211,-738
881,vgg16_dim_881,0.0,0.0,2867,2211,656
880,vgg16_dim_880,0.0004159528088957523,0.0,182,2211,-2029
911,vgg16_dim_911,0.0,0.0,2867,2211,656
910,vgg16_dim_910,0.0,0.0,2867,2211,656
909,vgg16_dim_909,0.0,0.0,2867,2211,656
908,vgg16_dim_908,0.0,0.0,2867,2211,656
907,vgg16_dim_907,0.0,0.0,2867,2211,656
906,vgg16_dim_906,0.0,0.0,2867,2211,656
905,vgg16_dim_905,0.0011085476407170858,0.0,27,2211,-2184
904,vgg16_dim_904,0.0,0.0,2867,2211,656
903,vgg16_dim_903,0.0,0.0,2867,2211,656
902,vgg16_dim_902,0.0,0.0,2867,2211,656
901,vgg16_dim_901,0.0,0.0,2867,2211,656
900,vgg16_dim_900,0.00018016919467965243,0.0,793,2211,-1418
899,vgg16_dim_899,0.0001522920815468333,0.0,997,2211,-1214
898,vgg16_dim_898,0.00034087805161570165,0.0,303,2211,-1908
897,vgg16_dim_897,0.0,0.0,2867,2211,656
896,vgg16_dim_896,0.0,0.0,2867,2211,656
927,vgg16_dim_927,2.578927769512526e-05,0.0,1417,2211,-794
926,vgg16_dim_926,0.0,0.0,2867,2211,656
925,vgg16_dim_925,0.0,0.0,2867,2211,656
924,vgg16_dim_924,5.4965203524336144e-05,0.0,1351,2211,-860
923,vgg16_dim_923,0.0,0.0,2867,2211,656
922,vgg16_dim_922,0.0,0.0,2867,2211,656
921,vgg16_dim_921,0.0,0.0,2867,2211,656
920,vgg16_dim_920,0.0,0.0,2867,2211,656
919,vgg16_dim_919,0.0,0.0,2867,2211,656
918,vgg16_dim_918,0.0,0.0,2867,2211,656
916,vgg16_dim_916,0.0,0.0,2867,2211,656
915,vgg16_dim_915,0.0001833862868694129,0.0,772,2211,-1439
914,vgg16_dim_914,0.0,0.0,2867,2211,656
913,vgg16_dim_913,0.00016898197979488272,0.0,881,2211,-1330
912,vgg16_dim_912,0.0,0.0,2867,2211,656
942,vgg16_dim_942,0.0,0.0,2867,2211,656
941,vgg16_dim_941,0.0,0.0,2867,2211,656
940,vgg16_dim_940,0.0,0.0,2867,2211,656
939,vgg16_dim_939,0.0,0.0,2867,2211,656
937,vgg16_dim_937,0.00024432751343203313,0.0,487,2211,-1724
936,vgg16_dim_936,0.0,0.0,2867,2211,656
935,vgg16_dim_935,0.0,0.0,2867,2211,656
934,vgg16_dim_934,0.0,0.0,2867,2211,656
933,vgg16_dim_933,0.0001997510903642027,0.0,645,2211,-1566
932,vgg16_dim_932,0.0,0.0,2867,2211,656
931,vgg16_dim_931,0.0,0.0,2867,2211,656
930,vgg16_dim_930,0.0,0.0,2867,2211,656
929,vgg16_dim_929,0.0,0.0,2867,2211,656
928,vgg16_dim_928,0.00017462505426780277,0.0,839,2211,-1372
959,vgg16_dim_959,0.0,0.0,2867,2211,656
958,vgg16_dim_958,0.0,0.0,2867,2211,656
956,vgg16_dim_956,1.9930533534847186e-05,0.0,1593,2211,-618
955,vgg16_dim_955,0.00010377908368924652,0.0,1209,2211,-1002
954,vgg16_dim_954,0.0,0.0,2867,2211,656
953,vgg16_dim_953,8.225027885936849e-05,0.0,1270,2211,-941
952,vgg16_dim_952,0.00019155608941212748,0.0,712,2211,-1499
951,vgg16_dim_951,0.0,0.0,2867,2211,656
950,vgg16_dim_950,0.0,0.0,2867,2211,656
949,vgg16_dim_949,2.2591394781097997e-05,0.0,1526,2211,-685
948,vgg16_dim_948,0.0,0.0,2867,2211,656
947,vgg16_dim_947,0.0,0.0,2867,2211,656
946,vgg16_dim_946,0.0,0.0,2867,2211,656
945,vgg16_dim_945,0.0003176508716624137,0.0,352,2211,-1859
975,vgg16_dim_975,0.00042219828962578113,0.0,175,2211,-2036
974,vgg16_dim_974,0.0,0.0,2867,2211,656
973,vgg16_dim_973,0.0001761166557964802,0.0,823,2211,-1388
972,vgg16_dim_972,0.0003890804852603845,0.0,228,2211,-1983
971,vgg16_dim_971,0.00042155175479533484,0.0,176,2211,-2035
970,vgg16_dim_970,2.1912751909110834e-05,0.0,1547,2211,-664
969,vgg16_dim_969,0.0,0.0,2867,2211,656
968,vgg16_dim_968,0.0,0.0,2867,2211,656
967,vgg16_dim_967,0.0001254345752792407,0.0,1142,2211,-1069
966,vgg16_dim_966,0.0,0.0,2867,2211,656
965,vgg16_dim_965,0.0,0.0,2867,2211,656
964,vgg16_dim_964,0.0,0.0,2867,2211,656
963,vgg16_dim_963,0.0,0.0,2867,2211,656
962,vgg16_dim_962,0.00040361139220559223,0.0,205,2211,-2006
961,vgg16_dim_961,0.0,0.0,2867,2211,656
960,vgg16_dim_960,0.00017644135524419417,0.0,820,2211,-1391
991,vgg16_dim_991,0.00011590008313771306,0.0,1159,2211,-1052
990,vgg16_dim_990,0.0,0.0,2867,2211,656
989,vgg16_dim_989,0.0,0.0,2867,2211,656
988,vgg16_dim_988,0.0,0.0,2867,2211,656
987,vgg16_dim_987,0.0,0.0,2867,2211,656
986,vgg16_dim_986,0.0002212125778538429,0.0,554,2211,-1657
985,vgg16_dim_985,0.0001865204288196964,0.0,747,2211,-1464
984,vgg16_dim_984,0.0,0.0,2867,2211,656
983,vgg16_dim_983,0.000430398115937238,0.0,168,2211,-2043
982,vgg16_dim_982,0.0,0.0,2867,2211,656
980,vgg16_dim_980,0.0,0.0,2867,2211,656
979,vgg16_dim_979,0.0,0.0,2867,2211,656
978,vgg16_dim_978,0.0,0.0,2867,2211,656
977,vgg16_dim_977,0.0005725771414266849,0.0,90,2211,-2121
976,vgg16_dim_976,0.0,0.0,2867,2211,656
1007,vgg16_dim_1007,0.0,0.0,2867,2211,656
1006,vgg16_dim_1006,0.0,0.0,2867,2211,656
1005,vgg16_dim_1005,0.0,0.0,2867,2211,656
1004,vgg16_dim_1004,1.991689838886939e-05,0.0,1594,2211,-617
1003,vgg16_dim_1003,0.0,0.0,2867,2211,656
1002,vgg16_dim_1002,0.00040095632238607134,0.0,207,2211,-2004
999,vgg16_dim_999,0.0002990842495909945,0.0,393,2211,-1818
998,vgg16_dim_998,0.00013321543406812541,0.0,1107,2211,-1104
997,vgg16_dim_997,0.0002932076937135131,0.0,401,2211,-1810
996,vgg16_dim_996,0.0,0.0,2867,2211,656
995,vgg16_dim_995,0.0,0.0,2867,2211,656
993,vgg16_dim_993,0.0,0.0,2867,2211,656
992,vgg16_dim_992,0.0,0.0,2867,2211,656
1023,vgg16_dim_1023,0.0,0.0,2867,2211,656
1022,vgg16_dim_1022,0.0,0.0,2867,2211,656
1021,vgg16_dim_1021,0.00019981024128871955,0.0,644,2211,-1567
1020,vgg16_dim_1020,0.0,0.0,2867,2211,656
1019,vgg16_dim_1019,0.0,0.0,2867,2211,656
1018,vgg16_dim_1018,8.27289404021148e-05,0.0,1265,2211,-946
1017,vgg16_dim_1017,0.00020470959293559634,0.0,624,2211,-1587
1016,vgg16_dim_1016,0.0,0.0,2867,2211,656
1015,vgg16_dim_1015,0.0,0.0,2867,2211,656
1014,vgg16_dim_1014,0.0,0.0,2867,2211,656
1013,vgg16_dim_1013,0.0,0.0,2867,2211,656
1011,vgg16_dim_1011,0.00016753239986489005,0.0,894,2211,-1317
1010,vgg16_dim_1010,0.0,0.0,2867,2211,656
1009,vgg16_dim_1009,0.0,0.0,2867,2211,656
1008,vgg16_dim_1008,0.0,0.0,2867,2211,656
1039,vgg16_dim_1039,0.0,0.0,2867,2211,656
1038,vgg16_dim_1038,0.0,0.0,2867,2211,656
1037,vgg16_dim_1037,0.00015532991679119253,0.0,983,2211,-1228
1036,vgg16_dim_1036,0.0,0.0,2867,2211,656
1035,vgg16_dim_1035,0.00032201284469543463,0.0,339,2211,-1872
1034,vgg16_dim_1034,0.0,0.0,2867,2211,656
1033,vgg16_dim_1033,0.0,0.0,2867,2211,656
1032,vgg16_dim_1032,0.0,0.0,2867,2211,656
1031,vgg16_dim_1031,0.0,0.0,2867,2211,656
1030,vgg16_dim_1030,0.00019596707256143867,0.0,678,2211,-1533
1029,vgg16_dim_1029,0.0,0.0,2867,2211,656
1028,vgg16_dim_1028,0.00031572532673447123,0.0,357,2211,-1854
1027,vgg16_dim_1027,0.0,0.0,2867,2211,656
1026,vgg16_dim_1026,0.0002571940790429768,0.0,463,2211,-1748
1025,vgg16_dim_1025,0.0,0.0,2867,2211,656
1024,vgg16_dim_1024,0.0002600970826952721,0.0,456,2211,-1755
1055,vgg16_dim_1055,0.0,0.0,2867,2211,656
1054,vgg16_dim_1054,0.0,0.0,2867,2211,656
1053,vgg16_dim_1053,0.0,0.0,2867,2211,656
1052,vgg16_dim_1052,0.0,0.0,2867,2211,656
1051,vgg16_dim_1051,0.0,0.0,2867,2211,656
1050,vgg16_dim_1050,0.0,0.0,2867,2211,656
1048,vgg16_dim_1048,0.0,0.0,2867,2211,656
1047,vgg16_dim_1047,0.0,0.0,2867,2211,656
1046,vgg16_dim_1046,0.0,0.0,2867,2211,656
1045,vgg16_dim_1045,0.0,0.0,2867,2211,656
1044,vgg16_dim_1044,0.0,0.0,2867,2211,656
1043,vgg16_dim_1043,0.0,0.0,2867,2211,656
1042,vgg16_dim_1042,2.1800191836634283e-05,0.0,1552,2211,-659
1041,vgg16_dim_1041,0.0,0.0,2867,2211,656
1040,vgg16_dim_1040,0.0,0.0,2867,2211,656
1071,vgg16_dim_1071,0.0,0.0,2867,2211,656
1070,vgg16_dim_1070,0.0,0.0,2867,2211,656
1069,vgg16_dim_1069,0.0003475837919725793,0.0,292,2211,-1919
1068,vgg16_dim_1068,0.00015701375259757094,0.0,973,2211,-1238
1067,vgg16_dim_1067,0.0,0.0,2867,2211,656
1066,vgg16_dim_1066,2.0775112557411827e-05,0.0,1579,2211,-632
1065,vgg16_dim_1065,0.0,0.0,2867,2211,656
1063,vgg16_dim_1063,0.0,0.0,2867,2211,656
1062,vgg16_dim_1062,0.0,0.0,2867,2211,656
1061,vgg16_dim_1061,0.0,0.0,2867,2211,656
1060,vgg16_dim_1060,0.0,0.0,2867,2211,656
1059,vgg16_dim_1059,0.0001487490522911814,0.0,1017,2211,-1194
1058,vgg16_dim_1058,0.00013475250019418452,0.0,1098,2211,-1113
1057,vgg16_dim_1057,0.000131821005971102,0.0,1115,2211,-1096
1087,vgg16_dim_1087,0.00021718279780724356,0.0,578,2211,-1633
1086,vgg16_dim_1086,7.710320470359804e-05,0.0,1288,2211,-923
1085,vgg16_dim_1085,0.0001739981899546043,0.0,847,2211,-1364
1084,vgg16_dim_1084,0.0,0.0,2867,2211,656
1083,vgg16_dim_1083,0.00021936822554873822,0.0,563,2211,-1648
1082,vgg16_dim_1082,0.0,0.0,2867,2211,656
1081,vgg16_dim_1081,0.0,0.0,2867,2211,656
1080,vgg16_dim_1080,0.0,0.0,2867,2211,656
1079,vgg16_dim_1079,0.00011254978606167824,0.0,1171,2211,-1040
1078,vgg16_dim_1078,4.182081288676942e-05,0.0,1393,2211,-818
1077,vgg16_dim_1077,0.0,0.0,2867,2211,656
1076,vgg16_dim_1076,0.0,0.0,2867,2211,656
1075,vgg16_dim_1075,4.8522260708891975e-05,0.0,1368,2211,-843
1074,vgg16_dim_1074,0.0,0.0,2867,2211,656
1073,vgg16_dim_1073,0.0,0.0,2867,2211,656
1072,vgg16_dim_1072,0.0,0.0,2867,2211,656
1103,vgg16_dim_1103,0.0,0.0,2867,2211,656
1102,vgg16_dim_1102,0.0,0.0,2867,2211,656
1101,vgg16_dim_1101,0.00015504734986886544,0.0,986,2211,-1225
1100,vgg16_dim_1100,0.00017459180349571932,0.0,840,2211,-1371
1099,vgg16_dim_1099,0.0,0.0,2867,2211,656
1098,vgg16_dim_1098,0.0,0.0,2867,2211,656
1097,vgg16_dim_1097,0.0,0.0,2867,2211,656
1096,vgg16_dim_1096,0.0,0.0,2867,2211,656
1095,vgg16_dim_1095,0.0,0.0,2867,2211,656
1094,vgg16_dim_1094,0.0,0.0,2867,2211,656
1093,vgg16_dim_1093,0.00011038038786333594,0.0,1181,2211,-1030
1092,vgg16_dim_1092,0.0,0.0,2867,2211,656
1091,vgg16_dim_1091,0.0,0.0,2867,2211,656
1090,vgg16_dim_1090,0.0,0.0,2867,2211,656
1089,vgg16_dim_1089,0.00021519646247165666,0.0,583,2211,-1628
1088,vgg16_dim_1088,0.0,0.0,2867,2211,656
1119,vgg16_dim_1119,0.0,0.0,2867,2211,656
1118,vgg16_dim_1118,0.0,0.0,2867,2211,656
1117,vgg16_dim_1117,0.0,0.0,2867,2211,656
1116,vgg16_dim_1116,0.00014887259883559885,0.0,1016,2211,-1195
1115,vgg16_dim_1115,0.0,0.0,2867,2211,656
1114,vgg16_dim_1114,0.00011804325250280945,0.0,1156,2211,-1055
1113,vgg16_dim_1113,0.0,0.0,2867,2211,656
1112,vgg16_dim_1112,0.0,0.0,2867,2211,656
1111,vgg16_dim_1111,0.00017709531612859717,0.0,816,2211,-1395
1110,vgg16_dim_1110,0.0003897179793100353,0.0,227,2211,-1984
1109,vgg16_dim_1109,0.00018285177172529973,0.0,778,2211,-1433
1108,vgg16_dim_1108,0.0,0.0,2867,2211,656
1106,vgg16_dim_1106,0.0,0.0,2867,2211,656
1105,vgg16_dim_1105,0.0,0.0,2867,2211,656
1104,vgg16_dim_1104,0.0,0.0,2867,2211,656
1135,vgg16_dim_1135,0.0,0.0,2867,2211,656
1134,vgg16_dim_1134,0.0,0.0,2867,2211,656
1133,vgg16_dim_1133,0.0,0.0,2867,2211,656
1132,vgg16_dim_1132,0.0,0.0,2867,2211,656
1131,vgg16_dim_1131,0.0004846954150187246,0.0,131,2211,-2080
1130,vgg16_dim_1130,0.0002823443387236289,0.0,422,2211,-1789
1129,vgg16_dim_1129,0.0,0.0,2867,2211,656
1128,vgg16_dim_1128,0.0,0.0,2867,2211,656
1127,vgg16_dim_1127,0.0,0.0,2867,2211,656
1126,vgg16_dim_1126,0.0,0.0,2867,2211,656
1125,vgg16_dim_1125,0.0002901772429175028,0.0,410,2211,-1801
1124,vgg16_dim_1124,0.0,0.0,2867,2211,656
1123,vgg16_dim_1123,0.0001977436022994478,0.0,662,2211,-1549
1122,vgg16_dim_1122,4.594748975308061e-05,0.0,1377,2211,-834
1121,vgg16_dim_1121,0.00015814507313786685,0.0,966,2211,-1245
1120,vgg16_dim_1120,0.0,0.0,2867,2211,656
1151,vgg16_dim_1151,0.0,0.0,2867,2211,656
1150,vgg16_dim_1150,0.0,0.0,2867,2211,656
1149,vgg16_dim_1149,0.0,0.0,2867,2211,656
1148,vgg16_dim_1148,0.0,0.0,2867,2211,656
1147,vgg16_dim_1147,0.00012987359018432092,0.0,1122,2211,-1089
1146,vgg16_dim_1146,0.0,0.0,2867,2211,656
1145,vgg16_dim_1145,0.0,0.0,2867,2211,656
1144,vgg16_dim_1144,0.0,0.0,2867,2211,656
1142,vgg16_dim_1142,0.00025804641873207246,0.0,461,2211,-1750
1141,vgg16_dim_1141,0.0,0.0,2867,2211,656
1140,vgg16_dim_1140,0.0003266527792227358,0.0,333,2211,-1878
1139,vgg16_dim_1139,0.0,0.0,2867,2211,656
1138,vgg16_dim_1138,0.0,0.0,2867,2211,656
1137,vgg16_dim_1137,0.0,0.0,2867,2211,656
1136,vgg16_dim_1136,0.0,0.0,2867,2211,656
1167,vgg16_dim_1167,0.0,0.0,2867,2211,656
1166,vgg16_dim_1166,2.4120835835117484e-05,0.0,1462,2211,-749
1165,vgg16_dim_1165,0.0003988990248287955,0.0,211,2211,-2000
1164,vgg16_dim_1164,0.0,0.0,2867,2211,656
1163,vgg16_dim_1163,0.0,0.0,2867,2211,656
1162,vgg16_dim_1162,0.0,0.0,2867,2211,656
1161,vgg16_dim_1161,0.0,0.0,2867,2211,656
1160,vgg16_dim_1160,0.0,0.0,2867,2211,656
1159,vgg16_dim_1159,0.0,0.0,2867,2211,656
1158,vgg16_dim_1158,0.00018444973154808602,0.0,759,2211,-1452
1157,vgg16_dim_1157,0.0,0.0,2867,2211,656
1156,vgg16_dim_1156,0.0,0.0,2867,2211,656
1155,vgg16_dim_1155,0.000210252050841423,0.0,603,2211,-1608
1154,vgg16_dim_1154,0.000186754264295847,0.0,745,2211,-1466
1153,vgg16_dim_1153,0.0,0.0,2867,2211,656
1152,vgg16_dim_1152,0.0,0.0,2867,2211,656
271,vgg16_dim_271,0.0,0.0,2867,2211,656
270,vgg16_dim_270,0.0,0.0,2867,2211,656
269,vgg16_dim_269,0.0,0.0,2867,2211,656
268,vgg16_dim_268,0.0,0.0,2867,2211,656
267,vgg16_dim_267,0.0,0.0,2867,2211,656
266,vgg16_dim_266,0.0,0.0,2867,2211,656
265,vgg16_dim_265,0.00016869257786477365,0.0,882,2211,-1329
264,vgg16_dim_264,0.00023271557448795063,0.0,513,2211,-1698
263,vgg16_dim_263,0.0002717369688578048,0.0,433,2211,-1778
262,vgg16_dim_262,0.0,0.0,2867,2211,656
261,vgg16_dim_261,2.2942461739888374e-05,0.0,1512,2211,-699
260,vgg16_dim_260,0.0,0.0,2867,2211,656
259,vgg16_dim_259,0.0013929176215341883,0.0,16,2211,-2195
258,vgg16_dim_258,0.0005426990657738637,0.0,100,2211,-2111
257,vgg16_dim_257,0.0,0.0,2867,2211,656
256,vgg16_dim_256,0.0,0.0,2867,2211,656
1183,vgg16_dim_1183,0.0,0.0,2867,2211,656
1182,vgg16_dim_1182,0.0,0.0,2867,2211,656
1180,vgg16_dim_1180,0.0,0.0,2867,2211,656
1179,vgg16_dim_1179,2.1847793232760837e-05,0.0,1549,2211,-662
1178,vgg16_dim_1178,0.0002381232301605435,0.0,498,2211,-1713
1177,vgg16_dim_1177,0.0,0.0,2867,2211,656
1176,vgg16_dim_1176,0.0,0.0,2867,2211,656
1174,vgg16_dim_1174,0.00021935615156890766,0.0,564,2211,-1647
1173,vgg16_dim_1173,0.0,0.0,2867,2211,656
1172,vgg16_dim_1172,2.2497621083106807e-05,0.0,1530,2211,-681
1171,vgg16_dim_1171,0.0,0.0,2867,2211,656
1170,vgg16_dim_1170,0.00019187454834493277,0.0,709,2211,-1502
1169,vgg16_dim_1169,0.0,0.0,2867,2211,656
1168,vgg16_dim_1168,0.00029374321263136185,0.0,400,2211,-1811
1199,vgg16_dim_1199,0.0,0.0,2867,2211,656
1198,vgg16_dim_1198,0.0,0.0,2867,2211,656
1196,vgg16_dim_1196,0.0,0.0,2867,2211,656
1195,vgg16_dim_1195,0.0,0.0,2867,2211,656
1194,vgg16_dim_1194,0.0,0.0,2867,2211,656
1193,vgg16_dim_1193,0.0003086900237424215,0.0,371,2211,-1840
1192,vgg16_dim_1192,0.0,0.0,2867,2211,656
1191,vgg16_dim_1191,0.0,0.0,2867,2211,656
1190,vgg16_dim_1190,0.0,0.0,2867,2211,656
1189,vgg16_dim_1189,0.0,0.0,2867,2211,656
1188,vgg16_dim_1188,0.0,0.0,2867,2211,656
1187,vgg16_dim_1187,0.0,0.0,2867,2211,656
1186,vgg16_dim_1186,0.0,0.0,2867,2211,656
1185,vgg16_dim_1185,0.0,0.0,2867,2211,656
1184,vgg16_dim_1184,2.241701482906291e-05,0.0,1535,2211,-676
1215,vgg16_dim_1215,0.0,0.0,2867,2211,656
1214,vgg16_dim_1214,0.0,0.0,2867,2211,656
1213,vgg16_dim_1213,0.0,0.0,2867,2211,656
1212,vgg16_dim_1212,0.0,0.0,2867,2211,656
1211,vgg16_dim_1211,0.00031582287955360844,0.0,356,2211,-1855
1210,vgg16_dim_1210,0.0,0.0,2867,2211,656
1209,vgg16_dim_1209,0.0,0.0,2867,2211,656
1208,vgg16_dim_1208,0.0,0.0,2867,2211,656
1207,vgg16_dim_1207,0.00016826670587121202,0.0,887,2211,-1324
1206,vgg16_dim_1206,4.6022726985936085e-05,0.0,1376,2211,-835
1205,vgg16_dim_1205,0.0,0.0,2867,2211,656
1204,vgg16_dim_1204,0.0,0.0,2867,2211,656
1202,vgg16_dim_1202,0.0,0.0,2867,2211,656
1201,vgg16_dim_1201,2.4514084668935423e-05,0.0,1445,2211,-766
1200,vgg16_dim_1200,1.9856722634388517e-05,0.0,1595,2211,-616
1231,vgg16_dim_1231,0.0,0.0,2867,2211,656
1230,vgg16_dim_1230,0.0,0.0,2867,2211,656
1229,vgg16_dim_1229,0.00047996924340360983,0.0,134,2211,-2077
1227,vgg16_dim_1227,0.0001625437037053604,0.0,935,2211,-1276
1226,vgg16_dim_1226,0.0,0.0,2867,2211,656
1225,vgg16_dim_1225,2.1648774005618933e-05,0.0,1560,2211,-651
1224,vgg16_dim_1224,0.0003090993434001321,0.0,369,2211,-1842
1223,vgg16_dim_1223,0.0,0.0,2867,2211,656
1221,vgg16_dim_1221,0.0,0.0,2867,2211,656
1220,vgg16_dim_1220,0.0,0.0,2867,2211,656
1219,vgg16_dim_1219,8.246064574890268e-05,0.0,1266,2211,-945
1218,vgg16_dim_1218,0.0,0.0,2867,2211,656
1217,vgg16_dim_1217,0.0,0.0,2867,2211,656
1247,vgg16_dim_1247,0.0,0.0,2867,2211,656
1246,vgg16_dim_1246,0.0,0.0,2867,2211,656
1245,vgg16_dim_1245,0.0,0.0,2867,2211,656
1244,vgg16_dim_1244,0.0,0.0,2867,2211,656
1243,vgg16_dim_1243,0.0,0.0,2867,2211,656
1242,vgg16_dim_1242,0.0,0.0,2867,2211,656
1241,vgg16_dim_1241,0.0,0.0,2867,2211,656
1240,vgg16_dim_1240,0.0,0.0,2867,2211,656
1239,vgg16_dim_1239,0.0003942157185343792,0.0,215,2211,-1996
1238,vgg16_dim_1238,0.00017641932752275876,0.0,821,2211,-1390
1237,vgg16_dim_1237,0.00047407513228886656,0.0,140,2211,-2071
1236,vgg16_dim_1236,0.0,0.0,2867,2211,656
1235,vgg16_dim_1235,0.0002285566162572578,0.0,527,2211,-1684
1234,vgg16_dim_1234,0.0,0.0,2867,2211,656
1233,vgg16_dim_1233,0.0,0.0,2867,2211,656
1232,vgg16_dim_1232,0.00037934356462713604,0.0,237,2211,-1974
1263,vgg16_dim_1263,0.0,0.0,2867,2211,656
1262,vgg16_dim_1262,0.0,0.0,2867,2211,656
1261,vgg16_dim_1261,0.0001479038377467091,0.0,1024,2211,-1187
1260,vgg16_dim_1260,0.0,0.0,2867,2211,656
1259,vgg16_dim_1259,0.0,0.0,2867,2211,656
1258,vgg16_dim_1258,0.0,0.0,2867,2211,656
1257,vgg16_dim_1257,0.0,0.0,2867,2211,656
1256,vgg16_dim_1256,0.0,0.0,2867,2211,656
1255,vgg16_dim_1255,0.0,0.0,2867,2211,656
1254,vgg16_dim_1254,0.00032932754847178456,0.0,328,2211,-1883
1251,vgg16_dim_1251,0.0,0.0,2867,2211,656
1250,vgg16_dim_1250,0.0,0.0,2867,2211,656
1249,vgg16_dim_1249,0.0,0.0,2867,2211,656
1248,vgg16_dim_1248,0.00024442325275417107,0.0,486,2211,-1725
1278,vgg16_dim_1278,0.0002486560950148292,0.0,473,2211,-1738
1276,vgg16_dim_1276,4.1945458245081996e-05,0.0,1392,2211,-819
1275,vgg16_dim_1275,0.0,0.0,2867,2211,656
1274,vgg16_dim_1274,0.0,0.0,2867,2211,656
1273,vgg16_dim_1273,0.0,0.0,2867,2211,656
1272,vgg16_dim_1272,0.0,0.0,2867,2211,656
1271,vgg16_dim_1271,0.0,0.0,2867,2211,656
1270,vgg16_dim_1270,8.218720147081379e-05,0.0,1271,2211,-940
1269,vgg16_dim_1269,8.074133018903618e-05,0.0,1277,2211,-934
1268,vgg16_dim_1268,0.0,0.0,2867,2211,656
1267,vgg16_dim_1267,0.0,0.0,2867,2211,656
1266,vgg16_dim_1266,0.00022031868376893267,0.0,557,2211,-1654
1265,vgg16_dim_1265,0.00018812865190564367,0.0,734,2211,-1477
1264,vgg16_dim_1264,0.0,0.0,2867,2211,656
1295,vgg16_dim_1295,0.0,0.0,2867,2211,656
1294,vgg16_dim_1294,0.0,0.0,2867,2211,656
1292,vgg16_dim_1292,0.000147442275454691,0.0,1029,2211,-1182
1291,vgg16_dim_1291,0.0003180656866859823,0.0,350,2211,-1861
1290,vgg16_dim_1290,0.0,0.0,2867,2211,656
1289,vgg16_dim_1289,0.0,0.0,2867,2211,656
1288,vgg16_dim_1288,0.0,0.0,2867,2211,656
1286,vgg16_dim_1286,0.0,0.0,2867,2211,656
1285,vgg16_dim_1285,0.0,0.0,2867,2211,656
1284,vgg16_dim_1284,0.00023345066280218841,0.0,511,2211,-1700
1283,vgg16_dim_1283,0.0,0.0,2867,2211,656
1282,vgg16_dim_1282,0.0,0.0,2867,2211,656
1280,vgg16_dim_1280,0.0,0.0,2867,2211,656
1311,vgg16_dim_1311,0.00013006186136629665,0.0,1121,2211,-1090
1310,vgg16_dim_1310,0.0003051486943162083,0.0,378,2211,-1833
1309,vgg16_dim_1309,0.00021014849770311563,0.0,604,2211,-1607
1308,vgg16_dim_1308,0.0004842964705543055,0.0,132,2211,-2079
1307,vgg16_dim_1307,0.0,0.0,2867,2211,656
1306,vgg16_dim_1306,0.0,0.0,2867,2211,656
1305,vgg16_dim_1305,0.00020814309858116484,0.0,609,2211,-1602
1304,vgg16_dim_1304,0.0,0.0,2867,2211,656
1303,vgg16_dim_1303,0.0002662905702486799,0.0,444,2211,-1767
1302,vgg16_dim_1302,0.0,0.0,2867,2211,656
1301,vgg16_dim_1301,0.00010237246458879636,0.0,1216,2211,-995
1300,vgg16_dim_1300,0.0,0.0,2867,2211,656
1299,vgg16_dim_1299,0.0,0.0,2867,2211,656
1298,vgg16_dim_1298,0.00022851027254846125,0.0,528,2211,-1683
1297,vgg16_dim_1297,0.0,0.0,2867,2211,656
1296,vgg16_dim_1296,0.0,0.0,2867,2211,656
1327,vgg16_dim_1327,0.0,0.0,2867,2211,656
1326,vgg16_dim_1326,0.0,0.0,2867,2211,656
1325,vgg16_dim_1325,0.00017445364178956624,0.0,842,2211,-1369
1324,vgg16_dim_1324,0.0,0.0,2867,2211,656
1323,vgg16_dim_1323,0.0,0.0,2867,2211,656
1322,vgg16_dim_1322,0.0,0.0,2867,2211,656
1321,vgg16_dim_1321,0.00015973719179718175,0.0,955,2211,-1256
1320,vgg16_dim_1320,0.0,0.0,2867,2211,656
1319,vgg16_dim_1319,0.0005062898630902165,0.0,120,2211,-2091
1318,vgg16_dim_1318,0.0003926488219237635,0.0,220,2211,-1991
1317,vgg16_dim_1317,0.00018171255653456222,0.0,782,2211,-1429
1316,vgg16_dim_1316,0.0,0.0,2867,2211,656
1315,vgg16_dim_1315,0.00022141086503382718,0.0,553,2211,-1658
1314,vgg16_dim_1314,0.0,0.0,2867,2211,656
1313,vgg16_dim_1313,0.0,0.0,2867,2211,656
1312,vgg16_dim_1312,2.281537760265693e-05,0.0,1515,2211,-696
1343,vgg16_dim_1343,0.00045930008312052424,0.0,146,2211,-2065
1342,vgg16_dim_1342,0.0,0.0,2867,2211,656
1341,vgg16_dim_1341,0.0,0.0,2867,2211,656
1340,vgg16_dim_1340,0.0,0.0,2867,2211,656
1339,vgg16_dim_1339,0.0,0.0,2867,2211,656
1338,vgg16_dim_1338,0.0,0.0,2867,2211,656
1337,vgg16_dim_1337,4.3061499984036533e-05,0.0,1389,2211,-822
1336,vgg16_dim_1336,0.0,0.0,2867,2211,656
1335,vgg16_dim_1335,0.000157284214974183,0.0,972,2211,-1239
1334,vgg16_dim_1334,0.0,0.0,2867,2211,656
1333,vgg16_dim_1333,0.0,0.0,2867,2211,656
1332,vgg16_dim_1332,0.0,0.0,2867,2211,656
1331,vgg16_dim_1331,0.0,0.0,2867,2211,656
1330,vgg16_dim_1330,0.0,0.0,2867,2211,656
1329,vgg16_dim_1329,0.0,0.0,2867,2211,656
1328,vgg16_dim_1328,0.0,0.0,2867,2211,656
1359,vgg16_dim_1359,0.0,0.0,2867,2211,656
1358,vgg16_dim_1358,0.0,0.0,2867,2211,656
1357,vgg16_dim_1357,0.0002868281214336833,0.0,416,2211,-1795
1356,vgg16_dim_1356,2.1749188448916775e-05,0.0,1554,2211,-657
1355,vgg16_dim_1355,0.0,0.0,2867,2211,656
1354,vgg16_dim_1354,0.0,0.0,2867,2211,656
1353,vgg16_dim_1353,2.7273376279396765e-05,0.0,1402,2211,-809
1352,vgg16_dim_1352,0.0,0.0,2867,2211,656
1351,vgg16_dim_1351,0.0,0.0,2867,2211,656
1350,vgg16_dim_1350,0.0,0.0,2867,2211,656
1348,vgg16_dim_1348,0.00022748295772599537,0.0,536,2211,-1675
1347,vgg16_dim_1347,0.0,0.0,2867,2211,656
1346,vgg16_dim_1346,0.0,0.0,2867,2211,656
1345,vgg16_dim_1345,0.00016302973224013284,0.0,931,2211,-1280
1344,vgg16_dim_1344,0.00010310860427444393,0.0,1211,2211,-1000
255,vgg16_dim_255,0.0,0.0,2867,2211,656
254,vgg16_dim_254,0.0,0.0,2867,2211,656
253,vgg16_dim_253,0.00018752719877177315,0.0,739,2211,-1472
252,vgg16_dim_252,0.00012726269448087445,0.0,1139,2211,-1072
251,vgg16_dim_251,0.0,0.0,2867,2211,656
250,vgg16_dim_250,0.0,0.0,2867,2211,656
249,vgg16_dim_249,0.0001630728468572926,0.0,930,2211,-1281
248,vgg16_dim_248,0.0,0.0,2867,2211,656
247,vgg16_dim_247,0.00014751705461128325,0.0,1027,2211,-1184
246,vgg16_dim_246,0.0,0.0,2867,2211,656
245,vgg16_dim_245,0.0,0.0,2867,2211,656
243,vgg16_dim_243,7.10377050685562e-05,0.0,1300,2211,-911
242,vgg16_dim_242,0.0001371584333356815,0.0,1082,2211,-1129
241,vgg16_dim_241,0.0,0.0,2867,2211,656
240,vgg16_dim_240,0.0,0.0,2867,2211,656
1375,vgg16_dim_1375,0.00014541328173180648,0.0,1039,2211,-1172
1374,vgg16_dim_1374,0.0,0.0,2867,2211,656
1373,vgg16_dim_1373,0.0,0.0,2867,2211,656
1372,vgg16_dim_1372,0.0,0.0,2867,2211,656
1371,vgg16_dim_1371,0.0,0.0,2867,2211,656
1370,vgg16_dim_1370,0.0,0.0,2867,2211,656
1369,vgg16_dim_1369,0.0,0.0,2867,2211,656
1368,vgg16_dim_1368,0.0,0.0,2867,2211,656
1367,vgg16_dim_1367,5.43073031951517e-05,0.0,1354,2211,-857
1365,vgg16_dim_1365,0.0,0.0,2867,2211,656
1364,vgg16_dim_1364,0.00016674682726545008,0.0,903,2211,-1308
1363,vgg16_dim_1363,0.0,0.0,2867,2211,656
1362,vgg16_dim_1362,2.3957231654451902e-05,0.0,1470,2211,-741
1361,vgg16_dim_1361,0.0,0.0,2867,2211,656
1360,vgg16_dim_1360,0.0,0.0,2867,2211,656
1391,vgg16_dim_1391,0.0,0.0,2867,2211,656
1390,vgg16_dim_1390,0.0,0.0,2867,2211,656
1389,vgg16_dim_1389,0.0006212235522134372,0.0,73,2211,-2138
1388,vgg16_dim_1388,0.00024129234146647187,0.0,493,2211,-1718
1387,vgg16_dim_1387,0.0,0.0,2867,2211,656
1386,vgg16_dim_1386,0.0,0.0,2867,2211,656
1385,vgg16_dim_1385,0.0,0.0,2867,2211,656
1384,vgg16_dim_1384,0.0,0.0,2867,2211,656
1382,vgg16_dim_1382,7.621001285205955e-05,0.0,1291,2211,-920
1381,vgg16_dim_1381,0.0,0.0,2867,2211,656
1379,vgg16_dim_1379,0.0004063799051526999,0.0,204,2211,-2007
1378,vgg16_dim_1378,5.750297793072185e-05,0.0,1339,2211,-872
1377,vgg16_dim_1377,8.526086719220874e-05,0.0,1257,2211,-954
1376,vgg16_dim_1376,0.0003654002267229297,0.0,258,2211,-1953
1407,vgg16_dim_1407,0.0,0.0,2867,2211,656
1406,vgg16_dim_1406,0.0,0.0,2867,2211,656
1405,vgg16_dim_1405,0.0,0.0,2867,2211,656
1404,vgg16_dim_1404,0.00033962455568325425,0.0,307,2211,-1904
1400,vgg16_dim_1400,5.478821464728762e-05,0.0,1353,2211,-858
1399,vgg16_dim_1399,0.0,0.0,2867,2211,656
1398,vgg16_dim_1398,0.0,0.0,2867,2211,656
1397,vgg16_dim_1397,4.1387981604139127e-05,0.0,1394,2211,-817
1396,vgg16_dim_1396,0.0,0.0,2867,2211,656
1395,vgg16_dim_1395,0.0005972282681262624,0.0,81,2211,-2130
1394,vgg16_dim_1394,0.0,0.0,2867,2211,656
1393,vgg16_dim_1393,0.0,0.0,2867,2211,656
1392,vgg16_dim_1392,0.0,0.0,2867,2211,656
1423,vgg16_dim_1423,0.0001553067988653989,0.0,984,2211,-1227
1422,vgg16_dim_1422,0.0,0.0,2867,2211,656
1421,vgg16_dim_1421,0.0,0.0,2867,2211,656
1420,vgg16_dim_1420,2.5046395537452713e-05,0.0,1432,2211,-779
1419,vgg16_dim_1419,0.00014855976290019792,0.0,1020,2211,-1191
1418,vgg16_dim_1418,0.0,0.0,2867,2211,656
1417,vgg16_dim_1417,0.0,0.0,2867,2211,656
1416,vgg16_dim_1416,0.0,0.0,2867,2211,656
1415,vgg16_dim_1415,0.0003590520810244133,0.0,263,2211,-1948
1414,vgg16_dim_1414,0.0,0.0,2867,2211,656
1413,vgg16_dim_1413,0.0001780589126012845,0.0,812,2211,-1399
1412,vgg16_dim_1412,0.0,0.0,2867,2211,656
1411,vgg16_dim_1411,0.0,0.0,2867,2211,656
1410,vgg16_dim_1410,0.0,0.0,2867,2211,656
1409,vgg16_dim_1409,0.00019875579296015715,0.0,654,2211,-1557
1408,vgg16_dim_1408,4.239502712401626e-05,0.0,1391,2211,-820
1439,vgg16_dim_1439,0.0,0.0,2867,2211,656
1438,vgg16_dim_1438,0.0001996571695568348,0.0,646,2211,-1565
1437,vgg16_dim_1437,6.373361639785644e-05,0.0,1315,2211,-896
1436,vgg16_dim_1436,0.00010769029097693366,0.0,1193,2211,-1018
1435,vgg16_dim_1435,0.00019758235952381284,0.0,663,2211,-1548
1434,vgg16_dim_1434,0.0,0.0,2867,2211,656
1433,vgg16_dim_1433,0.0,0.0,2867,2211,656
1432,vgg16_dim_1432,0.0,0.0,2867,2211,656
1431,vgg16_dim_1431,0.00014892919692818693,0.0,1015,2211,-1196
1430,vgg16_dim_1430,0.0,0.0,2867,2211,656
1429,vgg16_dim_1429,0.0,0.0,2867,2211,656
1428,vgg16_dim_1428,0.0,0.0,2867,2211,656
1427,vgg16_dim_1427,0.0,0.0,2867,2211,656
1426,vgg16_dim_1426,0.0,0.0,2867,2211,656
1425,vgg16_dim_1425,0.0,0.0,2867,2211,656
1424,vgg16_dim_1424,0.0,0.0,2867,2211,656
1455,vgg16_dim_1455,0.0,0.0,2867,2211,656
1453,vgg16_dim_1453,0.0,0.0,2867,2211,656
1452,vgg16_dim_1452,0.00014861617958254752,0.0,1018,2211,-1193
1451,vgg16_dim_1451,0.0,0.0,2867,2211,656
1450,vgg16_dim_1450,0.0,0.0,2867,2211,656
1449,vgg16_dim_1449,0.0,0.0,2867,2211,656
1448,vgg16_dim_1448,0.00033493621912262004,0.0,313,2211,-1898
1447,vgg16_dim_1447,0.0,0.0,2867,2211,656
1446,vgg16_dim_1446,0.0,0.0,2867,2211,656
1445,vgg16_dim_1445,0.0,0.0,2867,2211,656
1443,vgg16_dim_1443,0.0,0.0,2867,2211,656
1442,vgg16_dim_1442,2.3634315605540513e-05,0.0,1479,2211,-732
1441,vgg16_dim_1441,0.0,0.0,2867,2211,656
1440,vgg16_dim_1440,0.0,0.0,2867,2211,656
1471,vgg16_dim_1471,0.0,0.0,2867,2211,656
1470,vgg16_dim_1470,0.00031659675743779775,0.0,353,2211,-1858
1469,vgg16_dim_1469,0.00016124922493235378,0.0,943,2211,-1268
1468,vgg16_dim_1468,0.0,0.0,2867,2211,656
1467,vgg16_dim_1467,0.0,0.0,2867,2211,656
1466,vgg16_dim_1466,2.352313157320131e-05,0.0,1490,2211,-721
1465,vgg16_dim_1465,0.0,0.0,2867,2211,656
1464,vgg16_dim_1464,0.0,0.0,2867,2211,656
1463,vgg16_dim_1463,0.0,0.0,2867,2211,656
1462,vgg16_dim_1462,0.0,0.0,2867,2211,656
1461,vgg16_dim_1461,0.0001709035674784679,0.0,870,2211,-1341
1460,vgg16_dim_1460,0.0,0.0,2867,2211,656
1459,vgg16_dim_1459,0.00042380598622146563,0.0,173,2211,-2038
1458,vgg16_dim_1458,0.0,0.0,2867,2211,656
1457,vgg16_dim_1457,0.0,0.0,2867,2211,656
1456,vgg16_dim_1456,2.357156035683343e-05,0.0,1488,2211,-723
1486,vgg16_dim_1486,0.0,0.0,2867,2211,656
1485,vgg16_dim_1485,0.0,0.0,2867,2211,656
1484,vgg16_dim_1484,0.0,0.0,2867,2211,656
1483,vgg16_dim_1483,0.0,0.0,2867,2211,656
1482,vgg16_dim_1482,5.346144488989101e-05,0.0,1357,2211,-854
1481,vgg16_dim_1481,2.157838937913406e-05,0.0,1562,2211,-649
1480,vgg16_dim_1480,0.0,0.0,2867,2211,656
1479,vgg16_dim_1479,0.0,0.0,2867,2211,656
1478,vgg16_dim_1478,0.0,0.0,2867,2211,656
1477,vgg16_dim_1477,0.0,0.0,2867,2211,656
1476,vgg16_dim_1476,0.0,0.0,2867,2211,656
1475,vgg16_dim_1475,2.0061194520402363e-05,0.0,1590,2211,-621
1474,vgg16_dim_1474,0.0,0.0,2867,2211,656
1473,vgg16_dim_1473,0.0,0.0,2867,2211,656
1472,vgg16_dim_1472,0.0,0.0,2867,2211,656
1503,vgg16_dim_1503,0.00016683448706881744,0.0,902,2211,-1309
1502,vgg16_dim_1502,0.00019878905157160855,0.0,653,2211,-1558
1501,vgg16_dim_1501,0.0,0.0,2867,2211,656
1500,vgg16_dim_1500,0.0,0.0,2867,2211,656
1499,vgg16_dim_1499,0.0,0.0,2867,2211,656
1498,vgg16_dim_1498,0.0,0.0,2867,2211,656
1497,vgg16_dim_1497,0.0,0.0,2867,2211,656
1496,vgg16_dim_1496,7.882476123839268e-05,0.0,1283,2211,-928
1495,vgg16_dim_1495,0.00011591541901574212,0.0,1158,2211,-1053
1494,vgg16_dim_1494,0.0,0.0,2867,2211,656
1493,vgg16_dim_1493,0.0,0.0,2867,2211,656
1492,vgg16_dim_1492,0.0,0.0,2867,2211,656
1491,vgg16_dim_1491,0.0,0.0,2867,2211,656
1490,vgg16_dim_1490,0.0,0.0,2867,2211,656
1489,vgg16_dim_1489,0.0,0.0,2867,2211,656
1488,vgg16_dim_1488,0.0,0.0,2867,2211,656
1519,vgg16_dim_1519,8.215248140621911e-05,0.0,1272,2211,-939
1518,vgg16_dim_1518,0.0,0.0,2867,2211,656
1517,vgg16_dim_1517,2.4597707949751734e-05,0.0,1443,2211,-768
1516,vgg16_dim_1516,0.0,0.0,2867,2211,656
1515,vgg16_dim_1515,0.0,0.0,2867,2211,656
1514,vgg16_dim_1514,0.0,0.0,2867,2211,656
1513,vgg16_dim_1513,0.0,0.0,2867,2211,656
1512,vgg16_dim_1512,0.0,0.0,2867,2211,656
1511,vgg16_dim_1511,0.0,0.0,2867,2211,656
1510,vgg16_dim_1510,0.0,0.0,2867,2211,656
1509,vgg16_dim_1509,0.0,0.0,2867,2211,656
1508,vgg16_dim_1508,0.0,0.0,2867,2211,656
1507,vgg16_dim_1507,0.0,0.0,2867,2211,656
1506,vgg16_dim_1506,7.491602643958776e-05,0.0,1296,2211,-915
1505,vgg16_dim_1505,0.00017179987736145897,0.0,863,2211,-1348
1504,vgg16_dim_1504,0.00014327760636423546,0.0,1049,2211,-1162
1535,vgg16_dim_1535,0.0,0.0,2867,2211,656
1534,vgg16_dim_1534,0.0,0.0,2867,2211,656
1533,vgg16_dim_1533,0.0,0.0,2867,2211,656
1532,vgg16_dim_1532,0.0,0.0,2867,2211,656
1531,vgg16_dim_1531,0.00018009418815035795,0.0,794,2211,-1417
1530,vgg16_dim_1530,0.0,0.0,2867,2211,656
1529,vgg16_dim_1529,0.0,0.0,2867,2211,656
1528,vgg16_dim_1528,0.00016625366292051554,0.0,907,2211,-1304
1527,vgg16_dim_1527,0.0,0.0,2867,2211,656
1526,vgg16_dim_1526,0.00017362519686479666,0.0,852,2211,-1359
1525,vgg16_dim_1525,0.00016380642688765333,0.0,925,2211,-1286
1524,vgg16_dim_1524,0.0,0.0,2867,2211,656
1523,vgg16_dim_1523,0.0,0.0,2867,2211,656
1522,vgg16_dim_1522,0.0,0.0,2867,2211,656
1521,vgg16_dim_1521,0.0,0.0,2867,2211,656
1520,vgg16_dim_1520,0.0,0.0,2867,2211,656
1551,vgg16_dim_1551,0.0,0.0,2867,2211,656
1550,vgg16_dim_1550,0.0003207390380960293,0.0,342,2211,-1869
1549,vgg16_dim_1549,0.0,0.0,2867,2211,656
1548,vgg16_dim_1548,0.0,0.0,2867,2211,656
1547,vgg16_dim_1547,0.00014216473188826214,0.0,1056,2211,-1155
1546,vgg16_dim_1546,0.0,0.0,2867,2211,656
1545,vgg16_dim_1545,0.0,0.0,2867,2211,656
1544,vgg16_dim_1544,0.0,0.0,2867,2211,656
1543,vgg16_dim_1543,2.3154521926926092e-05,0.0,1502,2211,-709
1542,vgg16_dim_1542,0.0,0.0,2867,2211,656
1541,vgg16_dim_1541,0.0,0.0,2867,2211,656
1540,vgg16_dim_1540,0.000189283509239965,0.0,724,2211,-1487
1539,vgg16_dim_1539,0.0,0.0,2867,2211,656
1538,vgg16_dim_1538,0.0,0.0,2867,2211,656
1537,vgg16_dim_1537,0.0,0.0,2867,2211,656
1536,vgg16_dim_1536,0.0,0.0,2867,2211,656
1567,vgg16_dim_1567,0.0,0.0,2867,2211,656
1566,vgg16_dim_1566,0.0,0.0,2867,2211,656
1565,vgg16_dim_1565,0.00021178406658745497,0.0,595,2211,-1616
1564,vgg16_dim_1564,0.0,0.0,2867,2211,656
1563,vgg16_dim_1563,0.00019464690445566033,0.0,688,2211,-1523
1562,vgg16_dim_1562,0.0,0.0,2867,2211,656
1561,vgg16_dim_1561,0.0,0.0,2867,2211,656
1560,vgg16_dim_1560,2.0775111389006434e-05,0.0,1580,2211,-631
1559,vgg16_dim_1559,0.0,0.0,2867,2211,656
1558,vgg16_dim_1558,0.0,0.0,2867,2211,656
1557,vgg16_dim_1557,0.0001598648608089582,0.0,954,2211,-1257
1556,vgg16_dim_1556,0.0,0.0,2867,2211,656
1555,vgg16_dim_1555,0.0,0.0,2867,2211,656
1554,vgg16_dim_1554,0.0,0.0,2867,2211,656
1553,vgg16_dim_1553,0.0,0.0,2867,2211,656
1552,vgg16_dim_1552,0.0001242473094069634,0.0,1144,2211,-1067
1583,vgg16_dim_1583,0.0,0.0,2867,2211,656
1582,vgg16_dim_1582,0.0,0.0,2867,2211,656
1580,vgg16_dim_1580,0.0003319023359939372,0.0,323,2211,-1888
1578,vgg16_dim_1578,0.0,0.0,2867,2211,656
1577,vgg16_dim_1577,0.0,0.0,2867,2211,656
1576,vgg16_dim_1576,0.00017565639433147337,0.0,827,2211,-1384
1575,vgg16_dim_1575,0.00020969401230686626,0.0,605,2211,-1606
1574,vgg16_dim_1574,0.00014945848071009436,0.0,1010,2211,-1201
1573,vgg16_dim_1573,2.4936217768874537e-05,0.0,1436,2211,-775
1572,vgg16_dim_1572,0.0,0.0,2867,2211,656
1571,vgg16_dim_1571,0.00017645319515190207,0.0,819,2211,-1392
1570,vgg16_dim_1570,0.0,0.0,2867,2211,656
1569,vgg16_dim_1569,0.0,0.0,2867,2211,656
1568,vgg16_dim_1568,0.0,0.0,2867,2211,656
1599,vgg16_dim_1599,0.0003516365190789594,0.0,285,2211,-1926
1598,vgg16_dim_1598,0.00016175993686879937,0.0,942,2211,-1269
1597,vgg16_dim_1597,0.0,0.0,2867,2211,656
1596,vgg16_dim_1596,0.0002644510834383117,0.0,447,2211,-1764
1595,vgg16_dim_1595,0.0,0.0,2867,2211,656
1594,vgg16_dim_1594,0.0,0.0,2867,2211,656
1593,vgg16_dim_1593,0.0,0.0,2867,2211,656
1592,vgg16_dim_1592,0.00013544105099022168,0.0,1092,2211,-1119
1591,vgg16_dim_1591,0.00025796725497988405,0.0,462,2211,-1749
1590,vgg16_dim_1590,0.00017440957924195607,0.0,844,2211,-1367
1589,vgg16_dim_1589,0.0,0.0,2867,2211,656
1588,vgg16_dim_1588,0.00017744133316730884,0.0,815,2211,-1396
1587,vgg16_dim_1587,2.3403301414479916e-05,0.0,1494,2211,-717
1586,vgg16_dim_1586,0.0,0.0,2867,2211,656
1584,vgg16_dim_1584,0.0,0.0,2867,2211,656
238,vgg16_dim_238,0.0,0.0,2867,2211,656
236,vgg16_dim_236,0.0,0.0,2867,2211,656
235,vgg16_dim_235,0.0,0.0,2867,2211,656
234,vgg16_dim_234,0.0,0.0,2867,2211,656
233,vgg16_dim_233,0.0,0.0,2867,2211,656
231,vgg16_dim_231,0.0,0.0,2867,2211,656
229,vgg16_dim_229,2.010769588186113e-05,0.0,1589,2211,-622
228,vgg16_dim_228,0.00017290454009352384,0.0,856,2211,-1355
227,vgg16_dim_227,0.000206664476042443,0.0,613,2211,-1598
226,vgg16_dim_226,0.0,0.0,2867,2211,656
225,vgg16_dim_225,0.0,0.0,2867,2211,656
224,vgg16_dim_224,0.0,0.0,2867,2211,656
1615,vgg16_dim_1615,0.0,0.0,2867,2211,656
1614,vgg16_dim_1614,0.0,0.0,2867,2211,656
1613,vgg16_dim_1613,0.0,0.0,2867,2211,656
1611,vgg16_dim_1611,0.00044934819751172195,0.0,155,2211,-2056
1610,vgg16_dim_1610,0.0,0.0,2867,2211,656
1609,vgg16_dim_1609,0.0,0.0,2867,2211,656
1608,vgg16_dim_1608,0.0,0.0,2867,2211,656
1607,vgg16_dim_1607,0.0,0.0,2867,2211,656
1606,vgg16_dim_1606,0.00017921215564253536,0.0,803,2211,-1408
1605,vgg16_dim_1605,0.00016855062360403766,0.0,884,2211,-1327
1603,vgg16_dim_1603,0.0002077953268711695,0.0,611,2211,-1600
1602,vgg16_dim_1602,2.1631607260311934e-05,0.0,1561,2211,-650
1601,vgg16_dim_1601,0.0,0.0,2867,2211,656
1600,vgg16_dim_1600,0.0,0.0,2867,2211,656
1631,vgg16_dim_1631,0.0,0.0,2867,2211,656
1630,vgg16_dim_1630,0.0004757411729900529,0.0,139,2211,-2072
1629,vgg16_dim_1629,0.0,0.0,2867,2211,656
1628,vgg16_dim_1628,0.0,0.0,2867,2211,656
1627,vgg16_dim_1627,0.0,0.0,2867,2211,656
1626,vgg16_dim_1626,0.0,0.0,2867,2211,656
1625,vgg16_dim_1625,0.0,0.0,2867,2211,656
1624,vgg16_dim_1624,0.0,0.0,2867,2211,656
1622,vgg16_dim_1622,0.0,0.0,2867,2211,656
1621,vgg16_dim_1621,0.0,0.0,2867,2211,656
1620,vgg16_dim_1620,0.000304256545056812,0.0,379,2211,-1832
1619,vgg16_dim_1619,0.0,0.0,2867,2211,656
1618,vgg16_dim_1618,0.0,0.0,2867,2211,656
1617,vgg16_dim_1617,0.0,0.0,2867,2211,656
1616,vgg16_dim_1616,0.0,0.0,2867,2211,656
1647,vgg16_dim_1647,0.0,0.0,2867,2211,656
1646,vgg16_dim_1646,0.0,0.0,2867,2211,656
1645,vgg16_dim_1645,0.0,0.0,2867,2211,656
1644,vgg16_dim_1644,6.020502559976136e-05,0.0,1326,2211,-885
1643,vgg16_dim_1643,0.0,0.0,2867,2211,656
1642,vgg16_dim_1642,0.0,0.0,2867,2211,656
1641,vgg16_dim_1641,6.744779630991663e-05,0.0,1310,2211,-901
1640,vgg16_dim_1640,0.0,0.0,2867,2211,656
1639,vgg16_dim_1639,0.0,0.0,2867,2211,656
1638,vgg16_dim_1638,0.0,0.0,2867,2211,656
1637,vgg16_dim_1637,0.0003396656685588729,0.0,306,2211,-1905
1635,vgg16_dim_1635,0.00018897536575474078,0.0,728,2211,-1483
1634,vgg16_dim_1634,0.0,0.0,2867,2211,656
1633,vgg16_dim_1633,0.0,0.0,2867,2211,656
1632,vgg16_dim_1632,0.000390481296434635,0.0,226,2211,-1985
1663,vgg16_dim_1663,0.0004068575247409999,0.0,203,2211,-2008
1662,vgg16_dim_1662,0.0,0.0,2867,2211,656
1661,vgg16_dim_1661,0.0,0.0,2867,2211,656
1660,vgg16_dim_1660,0.0,0.0,2867,2211,656
1659,vgg16_dim_1659,0.0,0.0,2867,2211,656
1658,vgg16_dim_1658,0.0,0.0,2867,2211,656
1657,vgg16_dim_1657,0.00024670925610435567,0.0,477,2211,-1734
1656,vgg16_dim_1656,0.0,0.0,2867,2211,656
1655,vgg16_dim_1655,0.0001416789293971634,0.0,1058,2211,-1153
1654,vgg16_dim_1654,0.00023266582685487462,0.0,514,2211,-1697
1653,vgg16_dim_1653,0.00018902357936647878,0.0,727,2211,-1484
1652,vgg16_dim_1652,0.0,0.0,2867,2211,656
1651,vgg16_dim_1651,0.0,0.0,2867,2211,656
1650,vgg16_dim_1650,0.0003575914937956002,0.0,266,2211,-1945
1648,vgg16_dim_1648,0.0,0.0,2867,2211,656
1679,vgg16_dim_1679,0.0,0.0,2867,2211,656
1678,vgg16_dim_1678,0.0,0.0,2867,2211,656
1677,vgg16_dim_1677,0.0,0.0,2867,2211,656
1676,vgg16_dim_1676,0.0,0.0,2867,2211,656
1675,vgg16_dim_1675,0.0,0.0,2867,2211,656
1674,vgg16_dim_1674,0.0,0.0,2867,2211,656
1673,vgg16_dim_1673,0.00019285898674620264,0.0,702,2211,-1509
1672,vgg16_dim_1672,0.0001737218545835801,0.0,850,2211,-1361
1671,vgg16_dim_1671,0.0,0.0,2867,2211,656
1670,vgg16_dim_1670,0.0,0.0,2867,2211,656
1669,vgg16_dim_1669,0.00014145707862498047,0.0,1059,2211,-1152
1668,vgg16_dim_1668,0.0,0.0,2867,2211,656
1667,vgg16_dim_1667,0.0001529832228772791,0.0,996,2211,-1215
1666,vgg16_dim_1666,0.0,0.0,2867,2211,656
1665,vgg16_dim_1665,0.0,0.0,2867,2211,656
1664,vgg16_dim_1664,0.0,0.0,2867,2211,656
1695,vgg16_dim_1695,0.0,0.0,2867,2211,656
1694,vgg16_dim_1694,0.0,0.0,2867,2211,656
1693,vgg16_dim_1693,0.0,0.0,2867,2211,656
1692,vgg16_dim_1692,0.0,0.0,2867,2211,656
1691,vgg16_dim_1691,0.0,0.0,2867,2211,656
1690,vgg16_dim_1690,0.0,0.0,2867,2211,656
1689,vgg16_dim_1689,0.0001842264333758998,0.0,763,2211,-1448
1688,vgg16_dim_1688,0.0,0.0,2867,2211,656
1687,vgg16_dim_1687,0.000411342742859322,0.0,195,2211,-2016
1686,vgg16_dim_1686,0.0,0.0,2867,2211,656
1685,vgg16_dim_1685,0.0,0.0,2867,2211,656
1684,vgg16_dim_1684,0.0,0.0,2867,2211,656
1683,vgg16_dim_1683,0.0,0.0,2867,2211,656
1682,vgg16_dim_1682,0.00017045062473134757,0.0,873,2211,-1338
1681,vgg16_dim_1681,0.0,0.0,2867,2211,656
1680,vgg16_dim_1680,0.0002048943685864388,0.0,622,2211,-1589
1711,vgg16_dim_1711,0.0,0.0,2867,2211,656
1710,vgg16_dim_1710,0.00032710233322895524,0.0,331,2211,-1880
1709,vgg16_dim_1709,6.61766078433976e-05,0.0,1311,2211,-900
1708,vgg16_dim_1708,2.4146464745929944e-05,0.0,1459,2211,-752
1704,vgg16_dim_1704,0.00015162060983365278,0.0,1000,2211,-1211
1703,vgg16_dim_1703,0.0,0.0,2867,2211,656
1702,vgg16_dim_1702,0.0,0.0,2867,2211,656
1701,vgg16_dim_1701,7.68933341785525e-05,0.0,1290,2211,-921
1700,vgg16_dim_1700,0.0,0.0,2867,2211,656
1699,vgg16_dim_1699,0.0,0.0,2867,2211,656
1698,vgg16_dim_1698,0.0,0.0,2867,2211,656
1697,vgg16_dim_1697,2.8377802340056254e-05,0.0,1399,2211,-812
1696,vgg16_dim_1696,2.3133234784894943e-05,0.0,1504,2211,-707
1727,vgg16_dim_1727,0.0,0.0,2867,2211,656
1726,vgg16_dim_1726,0.0,0.0,2867,2211,656
1725,vgg16_dim_1725,0.0,0.0,2867,2211,656
1724,vgg16_dim_1724,0.0002765521254873223,0.0,430,2211,-1781
1723,vgg16_dim_1723,0.0,0.0,2867,2211,656
1722,vgg16_dim_1722,0.0,0.0,2867,2211,656
1721,vgg16_dim_1721,0.0,0.0,2867,2211,656
1720,vgg16_dim_1720,6.079572393684225e-05,0.0,1323,2211,-888
1719,vgg16_dim_1719,0.00015641214606746943,0.0,979,2211,-1232
1718,vgg16_dim_1718,0.00045741899584125453,0.0,148,2211,-2063
1717,vgg16_dim_1717,0.00012777216752582842,0.0,1135,2211,-1076
1716,vgg16_dim_1716,0.0,0.0,2867,2211,656
1715,vgg16_dim_1715,0.0,0.0,2867,2211,656
1714,vgg16_dim_1714,0.0,0.0,2867,2211,656
1712,vgg16_dim_1712,0.0,0.0,2867,2211,656
1743,vgg16_dim_1743,1.799260186822557e-05,0.0,1602,2211,-609
1742,vgg16_dim_1742,0.0,0.0,2867,2211,656
1741,vgg16_dim_1741,2.022617995721573e-05,0.0,1587,2211,-624
1740,vgg16_dim_1740,0.00036630568658893,0.0,257,2211,-1954
1739,vgg16_dim_1739,0.0,0.0,2867,2211,656
1738,vgg16_dim_1738,0.00016779863721068838,0.0,891,2211,-1320
1737,vgg16_dim_1737,0.0,0.0,2867,2211,656
1736,vgg16_dim_1736,0.0,0.0,2867,2211,656
1735,vgg16_dim_1735,0.00017108743412039366,0.0,866,2211,-1345
1734,vgg16_dim_1734,0.0,0.0,2867,2211,656
1733,vgg16_dim_1733,0.0002391310477048133,0.0,497,2211,-1714
1732,vgg16_dim_1732,0.00013990379321006713,0.0,1071,2211,-1140
1731,vgg16_dim_1731,0.00014859724068738047,0.0,1019,2211,-1192
1730,vgg16_dim_1730,2.5108225743912788e-05,0.0,1428,2211,-783
1729,vgg16_dim_1729,0.0,0.0,2867,2211,656
1728,vgg16_dim_1728,0.0003550097875799836,0.0,272,2211,-1939
1759,vgg16_dim_1759,0.0,0.0,2867,2211,656
1758,vgg16_dim_1758,8.723970728778469e-05,0.0,1250,2211,-961
1757,vgg16_dim_1757,0.00017538640048741488,0.0,831,2211,-1380
1756,vgg16_dim_1756,0.0,0.0,2867,2211,656
1755,vgg16_dim_1755,0.00018395770516729812,0.0,766,2211,-1445
1754,vgg16_dim_1754,0.0,0.0,2867,2211,656
1753,vgg16_dim_1753,0.0,0.0,2867,2211,656
1752,vgg16_dim_1752,0.0001888880819412777,0.0,730,2211,-1481
1750,vgg16_dim_1750,0.00015457744947396817,0.0,988,2211,-1223
1749,vgg16_dim_1749,0.0001716930824790626,0.0,864,2211,-1347
1748,vgg16_dim_1748,0.0,0.0,2867,2211,656
1747,vgg16_dim_1747,0.0003337220839033886,0.0,315,2211,-1896
1745,vgg16_dim_1745,0.0,0.0,2867,2211,656
1744,vgg16_dim_1744,5.921025480735677e-05,0.0,1332,2211,-879
1775,vgg16_dim_1775,2.2624131294515413e-05,0.0,1524,2211,-687
1774,vgg16_dim_1774,0.0,0.0,2867,2211,656
1773,vgg16_dim_1773,0.00016194093288298786,0.0,940,2211,-1271
1772,vgg16_dim_1772,0.00016042507313131246,0.0,948,2211,-1263
1771,vgg16_dim_1771,0.0,0.0,2867,2211,656
1770,vgg16_dim_1770,0.0,0.0,2867,2211,656
1769,vgg16_dim_1769,0.00024183290336024984,0.0,492,2211,-1719
1768,vgg16_dim_1768,0.0,0.0,2867,2211,656
1767,vgg16_dim_1767,0.0,0.0,2867,2211,656
1766,vgg16_dim_1766,0.00018417122187987895,0.0,764,2211,-1447
1765,vgg16_dim_1765,0.0,0.0,2867,2211,656
1764,vgg16_dim_1764,0.0,0.0,2867,2211,656
1763,vgg16_dim_1763,0.00016702936919024344,0.0,900,2211,-1311
1762,vgg16_dim_1762,4.974223281737839e-05,0.0,1366,2211,-845
1761,vgg16_dim_1761,0.0003717527316249744,0.0,244,2211,-1967
1760,vgg16_dim_1760,0.0,0.0,2867,2211,656
1791,vgg16_dim_1791,2.1232988197210556e-05,0.0,1575,2211,-636
1790,vgg16_dim_1790,0.0001670388492534647,0.0,899,2211,-1312
1789,vgg16_dim_1789,0.0,0.0,2867,2211,656
1788,vgg16_dim_1788,0.0,0.0,2867,2211,656
1787,vgg16_dim_1787,0.0,0.0,2867,2211,656
1786,vgg16_dim_1786,0.0,0.0,2867,2211,656
1785,vgg16_dim_1785,0.0,0.0,2867,2211,656
1784,vgg16_dim_1784,0.0,0.0,2867,2211,656
1783,vgg16_dim_1783,0.00018730351067965494,0.0,742,2211,-1469
1782,vgg16_dim_1782,0.0,0.0,2867,2211,656
1781,vgg16_dim_1781,0.0004995332493092296,0.0,125,2211,-2086
1780,vgg16_dim_1780,0.0,0.0,2867,2211,656
1779,vgg16_dim_1779,0.00026584321456236737,0.0,445,2211,-1766
1778,vgg16_dim_1778,0.0,0.0,2867,2211,656
1777,vgg16_dim_1777,0.0,0.0,2867,2211,656
1776,vgg16_dim_1776,0.0,0.0,2867,2211,656
1807,vgg16_dim_1807,0.0,0.0,2867,2211,656
1806,vgg16_dim_1806,0.00018441937992344788,0.0,760,2211,-1451
1805,vgg16_dim_1805,0.0,0.0,2867,2211,656
1804,vgg16_dim_1804,0.0,0.0,2867,2211,656
1803,vgg16_dim_1803,0.0,0.0,2867,2211,656
1802,vgg16_dim_1802,0.0,0.0,2867,2211,656
1801,vgg16_dim_1801,0.00010610751568917422,0.0,1196,2211,-1015
1800,vgg16_dim_1800,0.0,0.0,2867,2211,656
1799,vgg16_dim_1799,0.0006226196902066914,0.0,71,2211,-2140
1798,vgg16_dim_1798,0.0,0.0,2867,2211,656
1797,vgg16_dim_1797,0.0,0.0,2867,2211,656
1796,vgg16_dim_1796,0.0,0.0,2867,2211,656
1795,vgg16_dim_1795,0.0,0.0,2867,2211,656
1793,vgg16_dim_1793,0.0,0.0,2867,2211,656
1792,vgg16_dim_1792,0.00017336875589839664,0.0,853,2211,-1358
1823,vgg16_dim_1823,0.0,0.0,2867,2211,656
1822,vgg16_dim_1822,0.0,0.0,2867,2211,656
1821,vgg16_dim_1821,0.00017560780278905045,0.0,828,2211,-1383
1819,vgg16_dim_1819,0.0,0.0,2867,2211,656
1818,vgg16_dim_1818,6.461285870212248e-05,0.0,1313,2211,-898
1817,vgg16_dim_1817,0.0,0.0,2867,2211,656
1816,vgg16_dim_1816,2.36781605841159e-05,0.0,1476,2211,-735
1815,vgg16_dim_1815,0.00019708402681333414,0.0,669,2211,-1542
1814,vgg16_dim_1814,0.00025675786806769236,0.0,465,2211,-1746
1813,vgg16_dim_1813,0.0,0.0,2867,2211,656
1812,vgg16_dim_1812,0.0,0.0,2867,2211,656
1811,vgg16_dim_1811,0.0004805415375133487,0.0,133,2211,-2078
1810,vgg16_dim_1810,0.0,0.0,2867,2211,656
1809,vgg16_dim_1809,0.0,0.0,2867,2211,656
1808,vgg16_dim_1808,0.0,0.0,2867,2211,656
1839,vgg16_dim_1839,0.0005819793997357933,0.0,86,2211,-2125
1838,vgg16_dim_1838,0.0,0.0,2867,2211,656
1837,vgg16_dim_1837,0.00014261160893760803,0.0,1053,2211,-1158
1836,vgg16_dim_1836,0.0003521478687717029,0.0,284,2211,-1927
1835,vgg16_dim_1835,0.0,0.0,2867,2211,656
1834,vgg16_dim_1834,0.00015462102422824354,0.0,987,2211,-1224
1833,vgg16_dim_1833,0.0001428019333380951,0.0,1051,2211,-1160
1831,vgg16_dim_1831,0.0,0.0,2867,2211,656
1830,vgg16_dim_1830,0.0,0.0,2867,2211,656
1829,vgg16_dim_1829,2.2945584743889192e-05,0.0,1511,2211,-700
1828,vgg16_dim_1828,0.0001594266308793349,0.0,957,2211,-1254
1827,vgg16_dim_1827,0.0,0.0,2867,2211,656
1826,vgg16_dim_1826,0.0,0.0,2867,2211,656
1825,vgg16_dim_1825,0.0,0.0,2867,2211,656
1824,vgg16_dim_1824,0.0,0.0,2867,2211,656
1855,vgg16_dim_1855,0.0,0.0,2867,2211,656
1854,vgg16_dim_1854,0.0003473771306669664,0.0,294,2211,-1917
1853,vgg16_dim_1853,0.00035346559287938856,0.0,281,2211,-1930
1852,vgg16_dim_1852,0.0,0.0,2867,2211,656
1851,vgg16_dim_1851,0.0,0.0,2867,2211,656
1850,vgg16_dim_1850,0.0,0.0,2867,2211,656
1849,vgg16_dim_1849,2.5136930127588256e-05,0.0,1427,2211,-784
1848,vgg16_dim_1848,0.0,0.0,2867,2211,656
1847,vgg16_dim_1847,0.0,0.0,2867,2211,656
1846,vgg16_dim_1846,0.0,0.0,2867,2211,656
1845,vgg16_dim_1845,5.820281441264036e-05,0.0,1336,2211,-875
1843,vgg16_dim_1843,0.0,0.0,2867,2211,656
1842,vgg16_dim_1842,0.0,0.0,2867,2211,656
1841,vgg16_dim_1841,0.0,0.0,2867,2211,656
1840,vgg16_dim_1840,0.0,0.0,2867,2211,656
223,vgg16_dim_223,0.0,0.0,2867,2211,656
222,vgg16_dim_222,0.0001831992414863021,0.0,774,2211,-1437
221,vgg16_dim_221,0.0,0.0,2867,2211,656
220,vgg16_dim_220,2.400905016758663e-05,0.0,1466,2211,-745
219,vgg16_dim_219,0.0,0.0,2867,2211,656
218,vgg16_dim_218,0.0,0.0,2867,2211,656
217,vgg16_dim_217,0.00017513585765911315,0.0,834,2211,-1377
216,vgg16_dim_216,0.0,0.0,2867,2211,656
215,vgg16_dim_215,0.0003474453305854356,0.0,293,2211,-1918
214,vgg16_dim_214,0.0,0.0,2867,2211,656
213,vgg16_dim_213,0.00016707155039397242,0.0,898,2211,-1313
212,vgg16_dim_212,0.0,0.0,2867,2211,656
211,vgg16_dim_211,0.0,0.0,2867,2211,656
210,vgg16_dim_210,0.00022792247211019873,0.0,532,2211,-1679
209,vgg16_dim_209,0.0,0.0,2867,2211,656
208,vgg16_dim_208,0.0006261976300761235,0.0,69,2211,-2142
1870,vgg16_dim_1870,0.0,0.0,2867,2211,656
1869,vgg16_dim_1869,9.444113744706683e-05,0.0,1234,2211,-977
1867,vgg16_dim_1867,0.0,0.0,2867,2211,656
1865,vgg16_dim_1865,0.0003178768569479038,0.0,351,2211,-1860
1864,vgg16_dim_1864,0.0,0.0,2867,2211,656
1862,vgg16_dim_1862,0.0,0.0,2867,2211,656
1861,vgg16_dim_1861,0.0,0.0,2867,2211,656
1860,vgg16_dim_1860,0.0,0.0,2867,2211,656
1859,vgg16_dim_1859,0.00013999694442065407,0.0,1070,2211,-1141
1858,vgg16_dim_1858,0.0,0.0,2867,2211,656
1857,vgg16_dim_1857,0.0,0.0,2867,2211,656
1856,vgg16_dim_1856,0.0001139190057006659,0.0,1168,2211,-1043
1886,vgg16_dim_1886,0.0,0.0,2867,2211,656
1885,vgg16_dim_1885,0.0,0.0,2867,2211,656
1883,vgg16_dim_1883,0.0,0.0,2867,2211,656
1882,vgg16_dim_1882,0.0,0.0,2867,2211,656
1881,vgg16_dim_1881,0.0,0.0,2867,2211,656
1880,vgg16_dim_1880,0.0,0.0,2867,2211,656
1879,vgg16_dim_1879,2.6894194580924114e-05,0.0,1405,2211,-806
1877,vgg16_dim_1877,0.0006584617413595161,0.0,62,2211,-2149
1876,vgg16_dim_1876,0.0,0.0,2867,2211,656
1875,vgg16_dim_1875,6.852462491978932e-05,0.0,1307,2211,-904
1874,vgg16_dim_1874,0.0,0.0,2867,2211,656
1873,vgg16_dim_1873,0.0001481737094757862,0.0,1021,2211,-1190
1872,vgg16_dim_1872,0.0,0.0,2867,2211,656
1903,vgg16_dim_1903,0.0,0.0,2867,2211,656
1902,vgg16_dim_1902,0.0,0.0,2867,2211,656
1901,vgg16_dim_1901,2.2505821981727406e-05,0.0,1529,2211,-682
1900,vgg16_dim_1900,0.0,0.0,2867,2211,656
1899,vgg16_dim_1899,0.0,0.0,2867,2211,656
1898,vgg16_dim_1898,2.1743137301493242e-05,0.0,1555,2211,-656
1897,vgg16_dim_1897,0.0,0.0,2867,2211,656
1896,vgg16_dim_1896,0.0,0.0,2867,2211,656
1895,vgg16_dim_1895,0.00021997410959983358,0.0,558,2211,-1653
1894,vgg16_dim_1894,0.0,0.0,2867,2211,656
1893,vgg16_dim_1893,0.0,0.0,2867,2211,656
1892,vgg16_dim_1892,0.0,0.0,2867,2211,656
1891,vgg16_dim_1891,0.0,0.0,2867,2211,656
1890,vgg16_dim_1890,0.0,0.0,2867,2211,656
1889,vgg16_dim_1889,0.0,0.0,2867,2211,656
1888,vgg16_dim_1888,0.0,0.0,2867,2211,656
1919,vgg16_dim_1919,0.0,0.0,2867,2211,656
1918,vgg16_dim_1918,0.0003369647380534706,0.0,310,2211,-1901
1917,vgg16_dim_1917,0.0,0.0,2867,2211,656
1916,vgg16_dim_1916,0.0,0.0,2867,2211,656
1915,vgg16_dim_1915,0.0,0.0,2867,2211,656
1914,vgg16_dim_1914,0.00018058024977124552,0.0,792,2211,-1419
1913,vgg16_dim_1913,0.0,0.0,2867,2211,656
1912,vgg16_dim_1912,0.0,0.0,2867,2211,656
1911,vgg16_dim_1911,0.0001102444543460389,0.0,1183,2211,-1028
1909,vgg16_dim_1909,0.0,0.0,2867,2211,656
1906,vgg16_dim_1906,0.0,0.0,2867,2211,656
1905,vgg16_dim_1905,0.0002064905478540253,0.0,616,2211,-1595
1935,vgg16_dim_1935,0.0,0.0,2867,2211,656
1934,vgg16_dim_1934,0.0001943103575554017,0.0,692,2211,-1519
1933,vgg16_dim_1933,0.0,0.0,2867,2211,656
1932,vgg16_dim_1932,0.0,0.0,2867,2211,656
1931,vgg16_dim_1931,0.0,0.0,2867,2211,656
1930,vgg16_dim_1930,0.000180688455651499,0.0,789,2211,-1422
1929,vgg16_dim_1929,0.0,0.0,2867,2211,656
1928,vgg16_dim_1928,0.0005106368398004419,0.0,118,2211,-2093
1927,vgg16_dim_1927,0.0,0.0,2867,2211,656
1926,vgg16_dim_1926,0.0,0.0,2867,2211,656
1925,vgg16_dim_1925,0.0,0.0,2867,2211,656
1924,vgg16_dim_1924,0.0,0.0,2867,2211,656
1923,vgg16_dim_1923,0.00047228617714481307,0.0,141,2211,-2070
1922,vgg16_dim_1922,2.1434970816912627e-05,0.0,1568,2211,-643
1921,vgg16_dim_1921,0.00018313385529142667,0.0,776,2211,-1435
1920,vgg16_dim_1920,0.0,0.0,2867,2211,656
1951,vgg16_dim_1951,0.0,0.0,2867,2211,656
1950,vgg16_dim_1950,0.00013265449727244513,0.0,1110,2211,-1101
1949,vgg16_dim_1949,0.0,0.0,2867,2211,656
1948,vgg16_dim_1948,0.0,0.0,2867,2211,656
1947,vgg16_dim_1947,0.0,0.0,2867,2211,656
1946,vgg16_dim_1946,0.0,0.0,2867,2211,656
1945,vgg16_dim_1945,5.126943486599329e-05,0.0,1361,2211,-850
1944,vgg16_dim_1944,0.0,0.0,2867,2211,656
1943,vgg16_dim_1943,0.0,0.0,2867,2211,656
1942,vgg16_dim_1942,0.0,0.0,2867,2211,656
1941,vgg16_dim_1941,0.0001788250971688388,0.0,806,2211,-1405
1940,vgg16_dim_1940,0.0,0.0,2867,2211,656
1939,vgg16_dim_1939,0.0,0.0,2867,2211,656
1938,vgg16_dim_1938,0.0,0.0,2867,2211,656
1937,vgg16_dim_1937,4.128071410765211e-05,0.0,1395,2211,-816
1936,vgg16_dim_1936,0.0,0.0,2867,2211,656
1967,vgg16_dim_1967,0.00019869095408247991,0.0,655,2211,-1556
1966,vgg16_dim_1966,0.0,0.0,2867,2211,656
1965,vgg16_dim_1965,0.0,0.0,2867,2211,656
1964,vgg16_dim_1964,2.1967907965267365e-05,0.0,1545,2211,-666
1963,vgg16_dim_1963,0.00015543569034800664,0.0,982,2211,-1229
1962,vgg16_dim_1962,0.0,0.0,2867,2211,656
1961,vgg16_dim_1961,2.680533548427763e-05,0.0,1407,2211,-804
1960,vgg16_dim_1960,0.0,0.0,2867,2211,656
1959,vgg16_dim_1959,0.0,0.0,2867,2211,656
1958,vgg16_dim_1958,0.00017775791740007397,0.0,813,2211,-1398
1957,vgg16_dim_1957,0.0,0.0,2867,2211,656
1956,vgg16_dim_1956,0.0003688036554168899,0.0,251,2211,-1960
1955,vgg16_dim_1955,0.0,0.0,2867,2211,656
1954,vgg16_dim_1954,0.0,0.0,2867,2211,656
1953,vgg16_dim_1953,0.0,0.0,2867,2211,656
1952,vgg16_dim_1952,8.637154850428983e-05,0.0,1253,2211,-958
1983,vgg16_dim_1983,0.0,0.0,2867,2211,656
1982,vgg16_dim_1982,0.0,0.0,2867,2211,656
1981,vgg16_dim_1981,0.0,0.0,2867,2211,656
1980,vgg16_dim_1980,0.0,0.0,2867,2211,656
1979,vgg16_dim_1979,0.0002782360772629096,0.0,429,2211,-1782
1978,vgg16_dim_1978,0.0,0.0,2867,2211,656
1977,vgg16_dim_1977,0.0,0.0,2867,2211,656
1976,vgg16_dim_1976,0.0,0.0,2867,2211,656
1975,vgg16_dim_1975,0.00017193384941363148,0.0,862,2211,-1349
1974,vgg16_dim_1974,0.0,0.0,2867,2211,656
1973,vgg16_dim_1973,0.0,0.0,2867,2211,656
1972,vgg16_dim_1972,0.0,0.0,2867,2211,656
1971,vgg16_dim_1971,0.0,0.0,2867,2211,656
1970,vgg16_dim_1970,0.00021285079643016463,0.0,592,2211,-1619
1969,vgg16_dim_1969,0.0,0.0,2867,2211,656
1968,vgg16_dim_1968,0.0,0.0,2867,2211,656
1999,vgg16_dim_1999,0.00015686424431351136,0.0,975,2211,-1236
1998,vgg16_dim_1998,0.0,0.0,2867,2211,656
1996,vgg16_dim_1996,0.0,0.0,2867,2211,656
1995,vgg16_dim_1995,0.0,0.0,2867,2211,656
1994,vgg16_dim_1994,0.00013426341923917275,0.0,1103,2211,-1108
1993,vgg16_dim_1993,0.0,0.0,2867,2211,656
1992,vgg16_dim_1992,1.9263686318987023e-05,0.0,1598,2211,-613
1991,vgg16_dim_1991,0.0,0.0,2867,2211,656
1990,vgg16_dim_1990,0.0,0.0,2867,2211,656
1989,vgg16_dim_1989,0.0,0.0,2867,2211,656
1988,vgg16_dim_1988,0.0,0.0,2867,2211,656
1987,vgg16_dim_1987,0.0,0.0,2867,2211,656
1986,vgg16_dim_1986,0.00013777101729657738,0.0,1077,2211,-1134
1985,vgg16_dim_1985,0.0,0.0,2867,2211,656
1984,vgg16_dim_1984,0.0,0.0,2867,2211,656
2015,vgg16_dim_2015,0.0,0.0,2867,2211,656
2014,vgg16_dim_2014,0.0,0.0,2867,2211,656
2013,vgg16_dim_2013,5.764942335275577e-05,0.0,1338,2211,-873
2012,vgg16_dim_2012,0.00018235053445563395,0.0,780,2211,-1431
2011,vgg16_dim_2011,0.0,0.0,2867,2211,656
2010,vgg16_dim_2010,0.0,0.0,2867,2211,656
2009,vgg16_dim_2009,0.0,0.0,2867,2211,656
2008,vgg16_dim_2008,0.00016287226062673135,0.0,932,2211,-1279
2007,vgg16_dim_2007,0.0,0.0,2867,2211,656
2005,vgg16_dim_2005,2.1525200460531466e-05,0.0,1564,2211,-647
2003,vgg16_dim_2003,0.0,0.0,2867,2211,656
2002,vgg16_dim_2002,4.979512307569055e-05,0.0,1365,2211,-846
2001,vgg16_dim_2001,8.227593543492977e-05,0.0,1269,2211,-942
2000,vgg16_dim_2000,0.0,0.0,2867,2211,656
207,vgg16_dim_207,0.00011459333177593315,0.0,1165,2211,-1046
205,vgg16_dim_205,1.966459124220262e-05,0.0,1596,2211,-615
204,vgg16_dim_204,2.5564731766461694e-05,0.0,1418,2211,-793
203,vgg16_dim_203,0.0,0.0,2867,2211,656
202,vgg16_dim_202,0.0,0.0,2867,2211,656
201,vgg16_dim_201,0.0,0.0,2867,2211,656
200,vgg16_dim_200,0.0,0.0,2867,2211,656
199,vgg16_dim_199,0.0,0.0,2867,2211,656
198,vgg16_dim_198,0.00019085399150628365,0.0,716,2211,-1495
197,vgg16_dim_197,0.0,0.0,2867,2211,656
196,vgg16_dim_196,0.0,0.0,2867,2211,656
195,vgg16_dim_195,0.0,0.0,2867,2211,656
194,vgg16_dim_194,0.00015787632230876783,0.0,969,2211,-1242
192,vgg16_dim_192,0.0,0.0,2867,2211,656
2031,vgg16_dim_2031,0.0003527068156519274,0.0,282,2211,-1929
2030,vgg16_dim_2030,0.00013514993870215975,0.0,1096,2211,-1115
2029,vgg16_dim_2029,0.00035743101764460346,0.0,268,2211,-1943
2028,vgg16_dim_2028,0.0001799451994067803,0.0,796,2211,-1415
2027,vgg16_dim_2027,0.0,0.0,2867,2211,656
2025,vgg16_dim_2025,2.2799149691972142e-05,0.0,1516,2211,-695
2023,vgg16_dim_2023,0.0,0.0,2867,2211,656
2022,vgg16_dim_2022,0.0,0.0,2867,2211,656
2021,vgg16_dim_2021,0.0,0.0,2867,2211,656
2020,vgg16_dim_2020,0.00033304061504978405,0.0,319,2211,-1892
2019,vgg16_dim_2019,0.0,0.0,2867,2211,656
2018,vgg16_dim_2018,0.0003633235806255057,0.0,260,2211,-1951
2017,vgg16_dim_2017,0.00016322783611556947,0.0,928,2211,-1283
2016,vgg16_dim_2016,0.0,0.0,2867,2211,656
2047,vgg16_dim_2047,0.0,0.0,2867,2211,656
2046,vgg16_dim_2046,0.0,0.0,2867,2211,656
2045,vgg16_dim_2045,0.0,0.0,2867,2211,656
2044,vgg16_dim_2044,0.0,0.0,2867,2211,656
2043,vgg16_dim_2043,0.0,0.0,2867,2211,656
2042,vgg16_dim_2042,0.0,0.0,2867,2211,656
2041,vgg16_dim_2041,0.00029948302631928157,0.0,390,2211,-1821
2040,vgg16_dim_2040,0.00021913889211792287,0.0,567,2211,-1644
2039,vgg16_dim_2039,0.00019448945861311016,0.0,689,2211,-1522
2038,vgg16_dim_2038,0.0002192608656459029,0.0,565,2211,-1646
2037,vgg16_dim_2037,4.120172057129917e-05,0.0,1396,2211,-815
2036,vgg16_dim_2036,6.257972716308952e-05,0.0,1319,2211,-892
2035,vgg16_dim_2035,0.0,0.0,2867,2211,656
2034,vgg16_dim_2034,0.0,0.0,2867,2211,656
2033,vgg16_dim_2033,0.0,0.0,2867,2211,656
2032,vgg16_dim_2032,0.0,0.0,2867,2211,656
2063,vgg16_dim_2063,0.0,0.0,2867,2211,656
2062,vgg16_dim_2062,0.0,0.0,2867,2211,656
2061,vgg16_dim_2061,0.0,0.0,2867,2211,656
2060,vgg16_dim_2060,2.412522867688764e-05,0.0,1461,2211,-750
2059,vgg16_dim_2059,0.0,0.0,2867,2211,656
2058,vgg16_dim_2058,0.0,0.0,2867,2211,656
2057,vgg16_dim_2057,2.1813952577794415e-05,0.0,1550,2211,-661
2056,vgg16_dim_2056,2.2458212614416023e-05,0.0,1531,2211,-680
2054,vgg16_dim_2054,2.0430434597754088e-05,0.0,1584,2211,-627
2053,vgg16_dim_2053,0.0,0.0,2867,2211,656
2052,vgg16_dim_2052,0.0,0.0,2867,2211,656
2051,vgg16_dim_2051,0.0,0.0,2867,2211,656
2050,vgg16_dim_2050,0.0,0.0,2867,2211,656
2049,vgg16_dim_2049,0.0,0.0,2867,2211,656
2048,vgg16_dim_2048,0.0,0.0,2867,2211,656
2079,vgg16_dim_2079,0.0,0.0,2867,2211,656
2078,vgg16_dim_2078,0.0,0.0,2867,2211,656
2077,vgg16_dim_2077,0.0,0.0,2867,2211,656
2076,vgg16_dim_2076,0.0,0.0,2867,2211,656
2075,vgg16_dim_2075,0.0,0.0,2867,2211,656
2074,vgg16_dim_2074,0.0,0.0,2867,2211,656
2072,vgg16_dim_2072,0.0,0.0,2867,2211,656
2071,vgg16_dim_2071,0.0,0.0,2867,2211,656
2070,vgg16_dim_2070,0.0,0.0,2867,2211,656
2069,vgg16_dim_2069,0.0,0.0,2867,2211,656
2068,vgg16_dim_2068,0.0,0.0,2867,2211,656
2067,vgg16_dim_2067,0.00016919800894674527,0.0,880,2211,-1331
2066,vgg16_dim_2066,0.0,0.0,2867,2211,656
2064,vgg16_dim_2064,0.0,0.0,2867,2211,656
2094,vgg16_dim_2094,0.0,0.0,2867,2211,656
2093,vgg16_dim_2093,0.0,0.0,2867,2211,656
2092,vgg16_dim_2092,9.810316428758479e-05,0.0,1229,2211,-982
2090,vgg16_dim_2090,0.0,0.0,2867,2211,656
2089,vgg16_dim_2089,0.0,0.0,2867,2211,656
2088,vgg16_dim_2088,0.0,0.0,2867,2211,656
2087,vgg16_dim_2087,0.0,0.0,2867,2211,656
2086,vgg16_dim_2086,0.0,0.0,2867,2211,656
2085,vgg16_dim_2085,0.0,0.0,2867,2211,656
2084,vgg16_dim_2084,0.00013999725277706577,0.0,1069,2211,-1142
2083,vgg16_dim_2083,0.0,0.0,2867,2211,656
2082,vgg16_dim_2082,0.00013683835171278,0.0,1085,2211,-1126
2081,vgg16_dim_2081,0.0,0.0,2867,2211,656
2080,vgg16_dim_2080,2.291801582634304e-05,0.0,1513,2211,-698
2111,vgg16_dim_2111,0.0,0.0,2867,2211,656
2110,vgg16_dim_2110,0.0,0.0,2867,2211,656
2109,vgg16_dim_2109,0.0,0.0,2867,2211,656
2108,vgg16_dim_2108,0.00025067620111011285,0.0,468,2211,-1743
2106,vgg16_dim_2106,0.0,0.0,2867,2211,656
2105,vgg16_dim_2105,0.0,0.0,2867,2211,656
2104,vgg16_dim_2104,0.00012888948649998595,0.0,1127,2211,-1084
2103,vgg16_dim_2103,0.0001492987520124323,0.0,1012,2211,-1199
2102,vgg16_dim_2102,0.0,0.0,2867,2211,656
2101,vgg16_dim_2101,0.0,0.0,2867,2211,656
2100,vgg16_dim_2100,0.0,0.0,2867,2211,656
2099,vgg16_dim_2099,0.0,0.0,2867,2211,656
2098,vgg16_dim_2098,0.0,0.0,2867,2211,656
2097,vgg16_dim_2097,0.0,0.0,2867,2211,656
2096,vgg16_dim_2096,0.0,0.0,2867,2211,656
2127,vgg16_dim_2127,0.0,0.0,2867,2211,656
2126,vgg16_dim_2126,0.0,0.0,2867,2211,656
2125,vgg16_dim_2125,0.0002913692751625976,0.0,404,2211,-1807
2124,vgg16_dim_2124,0.0,0.0,2867,2211,656
2123,vgg16_dim_2123,0.0,0.0,2867,2211,656
2122,vgg16_dim_2122,0.0,0.0,2867,2211,656
2121,vgg16_dim_2121,0.0,0.0,2867,2211,656
2120,vgg16_dim_2120,0.0,0.0,2867,2211,656
2119,vgg16_dim_2119,0.0,0.0,2867,2211,656
2118,vgg16_dim_2118,0.0,0.0,2867,2211,656
2117,vgg16_dim_2117,9.878093415622511e-05,0.0,1228,2211,-983
2116,vgg16_dim_2116,0.0,0.0,2867,2211,656
2114,vgg16_dim_2114,0.0,0.0,2867,2211,656
2113,vgg16_dim_2113,0.0,0.0,2867,2211,656
2112,vgg16_dim_2112,0.0004471445042268352,0.0,156,2211,-2055
2143,vgg16_dim_2143,0.0,0.0,2867,2211,656
2142,vgg16_dim_2142,0.0,0.0,2867,2211,656
2141,vgg16_dim_2141,0.00023173177655825763,0.0,516,2211,-1695
2140,vgg16_dim_2140,0.0,0.0,2867,2211,656
2139,vgg16_dim_2139,5.4243962117848365e-05,0.0,1355,2211,-856
2137,vgg16_dim_2137,0.0,0.0,2867,2211,656
2136,vgg16_dim_2136,0.0,0.0,2867,2211,656
2135,vgg16_dim_2135,0.0,0.0,2867,2211,656
2134,vgg16_dim_2134,0.0,0.0,2867,2211,656
2133,vgg16_dim_2133,0.0,0.0,2867,2211,656
2132,vgg16_dim_2132,0.0,0.0,2867,2211,656
2131,vgg16_dim_2131,0.0,0.0,2867,2211,656
2130,vgg16_dim_2130,0.0,0.0,2867,2211,656
2129,vgg16_dim_2129,0.0,0.0,2867,2211,656
2128,vgg16_dim_2128,0.0,0.0,2867,2211,656
2159,vgg16_dim_2159,0.0,0.0,2867,2211,656
2158,vgg16_dim_2158,0.0,0.0,2867,2211,656
2157,vgg16_dim_2157,0.0005413767917216468,0.0,102,2211,-2109
2156,vgg16_dim_2156,0.0,0.0,2867,2211,656
2155,vgg16_dim_2155,0.0,0.0,2867,2211,656
2154,vgg16_dim_2154,0.0,0.0,2867,2211,656
2153,vgg16_dim_2153,0.0,0.0,2867,2211,656
2152,vgg16_dim_2152,0.0,0.0,2867,2211,656
2151,vgg16_dim_2151,0.0,0.0,2867,2211,656
2150,vgg16_dim_2150,0.0,0.0,2867,2211,656
2149,vgg16_dim_2149,0.0,0.0,2867,2211,656
2148,vgg16_dim_2148,0.0,0.0,2867,2211,656
2147,vgg16_dim_2147,0.0,0.0,2867,2211,656
2146,vgg16_dim_2146,0.0,0.0,2867,2211,656
2145,vgg16_dim_2145,0.0,0.0,2867,2211,656
2144,vgg16_dim_2144,0.0,0.0,2867,2211,656
2175,vgg16_dim_2175,0.0,0.0,2867,2211,656
2174,vgg16_dim_2174,0.0,0.0,2867,2211,656
2173,vgg16_dim_2173,5.923611669572962e-05,0.0,1331,2211,-880
2172,vgg16_dim_2172,0.0,0.0,2867,2211,656
2171,vgg16_dim_2171,0.0,0.0,2867,2211,656
2170,vgg16_dim_2170,0.0,0.0,2867,2211,656
2169,vgg16_dim_2169,0.00022738816468216108,0.0,538,2211,-1673
2168,vgg16_dim_2168,0.0,0.0,2867,2211,656
2167,vgg16_dim_2167,0.00014316670710057876,0.0,1050,2211,-1161
2166,vgg16_dim_2166,0.0,0.0,2867,2211,656
2165,vgg16_dim_2165,0.00033322427288309505,0.0,318,2211,-1893
2164,vgg16_dim_2164,0.0001698333026860994,0.0,876,2211,-1335
2162,vgg16_dim_2162,0.0,0.0,2867,2211,656
2161,vgg16_dim_2161,6.342079498360566e-05,0.0,1316,2211,-895
2191,vgg16_dim_2191,0.0001480425529287689,0.0,1022,2211,-1189
2190,vgg16_dim_2190,0.00035415731244224695,0.0,277,2211,-1934
2189,vgg16_dim_2189,0.0,0.0,2867,2211,656
2188,vgg16_dim_2188,0.0,0.0,2867,2211,656
2187,vgg16_dim_2187,0.0,0.0,2867,2211,656
2186,vgg16_dim_2186,8.513053574434196e-05,0.0,1258,2211,-953
2185,vgg16_dim_2185,0.00015076853162095363,0.0,1003,2211,-1208
2182,vgg16_dim_2182,0.0,0.0,2867,2211,656
2181,vgg16_dim_2181,0.0,0.0,2867,2211,656
2180,vgg16_dim_2180,0.0,0.0,2867,2211,656
2179,vgg16_dim_2179,0.0,0.0,2867,2211,656
2178,vgg16_dim_2178,0.0,0.0,2867,2211,656
2177,vgg16_dim_2177,0.0001564311614524513,0.0,978,2211,-1233
2176,vgg16_dim_2176,0.0,0.0,2867,2211,656
2207,vgg16_dim_2207,0.0,0.0,2867,2211,656
2206,vgg16_dim_2206,0.0,0.0,2867,2211,656
2205,vgg16_dim_2205,0.0004601133588427395,0.0,145,2211,-2066
2204,vgg16_dim_2204,0.00045188568688921094,0.0,152,2211,-2059
2203,vgg16_dim_2203,0.00019494557138349865,0.0,685,2211,-1526
2202,vgg16_dim_2202,6.814612306405199e-05,0.0,1309,2211,-902
2201,vgg16_dim_2201,0.0,0.0,2867,2211,656
2200,vgg16_dim_2200,0.00015405651965562692,0.0,992,2211,-1219
2199,vgg16_dim_2199,0.0,0.0,2867,2211,656
2198,vgg16_dim_2198,0.0,0.0,2867,2211,656
2197,vgg16_dim_2197,0.0,0.0,2867,2211,656
2196,vgg16_dim_2196,0.00012011909071246016,0.0,1154,2211,-1057
2195,vgg16_dim_2195,0.0,0.0,2867,2211,656
2194,vgg16_dim_2194,0.0,0.0,2867,2211,656
2193,vgg16_dim_2193,0.0,0.0,2867,2211,656
2192,vgg16_dim_2192,0.0,0.0,2867,2211,656
2223,vgg16_dim_2223,0.0,0.0,2867,2211,656
2222,vgg16_dim_2222,0.0,0.0,2867,2211,656
2221,vgg16_dim_2221,0.00016396864930508508,0.0,923,2211,-1288
2220,vgg16_dim_2220,0.0,0.0,2867,2211,656
2219,vgg16_dim_2219,0.0,0.0,2867,2211,656
2218,vgg16_dim_2218,0.00013600367524704287,0.0,1089,2211,-1122
2217,vgg16_dim_2217,0.00010024822858695714,0.0,1225,2211,-986
2216,vgg16_dim_2216,0.00021403613756912804,0.0,587,2211,-1624
2215,vgg16_dim_2215,0.0,0.0,2867,2211,656
2214,vgg16_dim_2214,0.0,0.0,2867,2211,656
2212,vgg16_dim_2212,0.0007513643590596863,0.0,48,2211,-2163
2211,vgg16_dim_2211,0.0,0.0,2867,2211,656
2210,vgg16_dim_2210,0.00010495283637599325,0.0,1202,2211,-1009
2209,vgg16_dim_2209,0.0,0.0,2867,2211,656
2208,vgg16_dim_2208,0.0,0.0,2867,2211,656
2239,vgg16_dim_2239,0.00015190350621968954,0.0,998,2211,-1213
2238,vgg16_dim_2238,0.0005791427076630816,0.0,87,2211,-2124
2237,vgg16_dim_2237,0.0,0.0,2867,2211,656
2236,vgg16_dim_2236,0.0,0.0,2867,2211,656
2235,vgg16_dim_2235,0.0,0.0,2867,2211,656
2234,vgg16_dim_2234,0.0,0.0,2867,2211,656
2233,vgg16_dim_2233,0.00024955080984658863,0.0,470,2211,-1741
2232,vgg16_dim_2232,0.0,0.0,2867,2211,656
2231,vgg16_dim_2231,0.0003205887251715806,0.0,343,2211,-1868
2230,vgg16_dim_2230,0.0,0.0,2867,2211,656
2229,vgg16_dim_2229,0.0,0.0,2867,2211,656
2227,vgg16_dim_2227,0.0,0.0,2867,2211,656
2226,vgg16_dim_2226,0.0,0.0,2867,2211,656
2225,vgg16_dim_2225,2.138737114488761e-05,0.0,1570,2211,-641
2224,vgg16_dim_2224,0.00013678359486609708,0.0,1086,2211,-1125
2255,vgg16_dim_2255,0.00016460512351319765,0.0,917,2211,-1294
2254,vgg16_dim_2254,0.0,0.0,2867,2211,656
2253,vgg16_dim_2253,0.0,0.0,2867,2211,656
2252,vgg16_dim_2252,0.0,0.0,2867,2211,656
2251,vgg16_dim_2251,0.0,0.0,2867,2211,656
2250,vgg16_dim_2250,0.00013242640767909778,0.0,1112,2211,-1099
2249,vgg16_dim_2249,8.674771709310697e-05,0.0,1252,2211,-959
2248,vgg16_dim_2248,2.6586316410997883e-05,0.0,1410,2211,-801
2247,vgg16_dim_2247,0.0,0.0,2867,2211,656
2246,vgg16_dim_2246,0.0,0.0,2867,2211,656
2244,vgg16_dim_2244,0.0,0.0,2867,2211,656
2243,vgg16_dim_2243,0.0003541438834875302,0.0,278,2211,-1933
2242,vgg16_dim_2242,0.0,0.0,2867,2211,656
2241,vgg16_dim_2241,2.0551903994353292e-05,0.0,1583,2211,-628
2240,vgg16_dim_2240,0.0,0.0,2867,2211,656
191,vgg16_dim_191,0.0,0.0,2867,2211,656
190,vgg16_dim_190,0.00037108977273910145,0.0,246,2211,-1965
189,vgg16_dim_189,0.0004907990288991479,0.0,130,2211,-2081
188,vgg16_dim_188,0.0,0.0,2867,2211,656
187,vgg16_dim_187,0.0,0.0,2867,2211,656
186,vgg16_dim_186,0.0,0.0,2867,2211,656
185,vgg16_dim_185,0.0004397683655586917,0.0,162,2211,-2049
184,vgg16_dim_184,0.0002891892489960159,0.0,411,2211,-1800
183,vgg16_dim_183,0.0,0.0,2867,2211,656
182,vgg16_dim_182,0.00033998500554671175,0.0,305,2211,-1906
181,vgg16_dim_181,0.0,0.0,2867,2211,656
180,vgg16_dim_180,0.0001632490312073794,0.0,927,2211,-1284
179,vgg16_dim_179,9.713807895705616e-05,0.0,1232,2211,-979
178,vgg16_dim_178,0.0,0.0,2867,2211,656
177,vgg16_dim_177,0.00016454274059307108,0.0,918,2211,-1293
176,vgg16_dim_176,0.0,0.0,2867,2211,656
2270,vgg16_dim_2270,0.00018269086028405328,0.0,779,2211,-1432
2269,vgg16_dim_2269,0.0,0.0,2867,2211,656
2267,vgg16_dim_2267,0.00019312965632007462,0.0,700,2211,-1511
2266,vgg16_dim_2266,0.0,0.0,2867,2211,656
2265,vgg16_dim_2265,2.3478000991196455e-05,0.0,1493,2211,-718
2264,vgg16_dim_2264,0.0,0.0,2867,2211,656
2263,vgg16_dim_2263,0.0,0.0,2867,2211,656
2262,vgg16_dim_2262,0.0,0.0,2867,2211,656
2261,vgg16_dim_2261,0.0004228878974076656,0.0,174,2211,-2037
2260,vgg16_dim_2260,0.0,0.0,2867,2211,656
2259,vgg16_dim_2259,0.00010244543516308387,0.0,1215,2211,-996
2258,vgg16_dim_2258,0.0,0.0,2867,2211,656
2257,vgg16_dim_2257,0.0,0.0,2867,2211,656
2256,vgg16_dim_2256,0.0,0.0,2867,2211,656
2287,vgg16_dim_2287,0.0,0.0,2867,2211,656
2286,vgg16_dim_2286,0.0,0.0,2867,2211,656
2285,vgg16_dim_2285,0.0,0.0,2867,2211,656
2284,vgg16_dim_2284,0.0,0.0,2867,2211,656
2283,vgg16_dim_2283,0.0,0.0,2867,2211,656
2282,vgg16_dim_2282,0.0,0.0,2867,2211,656
2281,vgg16_dim_2281,0.0,0.0,2867,2211,656
2280,vgg16_dim_2280,0.0,0.0,2867,2211,656
2279,vgg16_dim_2279,0.00019312126657803342,0.0,701,2211,-1510
2278,vgg16_dim_2278,0.00027847504078324677,0.0,427,2211,-1784
2277,vgg16_dim_2277,0.0,0.0,2867,2211,656
2276,vgg16_dim_2276,0.00018459873276812543,0.0,758,2211,-1453
2274,vgg16_dim_2274,0.0,0.0,2867,2211,656
2272,vgg16_dim_2272,0.0,0.0,2867,2211,656
2303,vgg16_dim_2303,0.0003146084006908753,0.0,358,2211,-1853
2302,vgg16_dim_2302,0.00014063564051334984,0.0,1063,2211,-1148
2301,vgg16_dim_2301,0.0,0.0,2867,2211,656
2299,vgg16_dim_2299,0.0,0.0,2867,2211,656
2298,vgg16_dim_2298,0.0,0.0,2867,2211,656
2297,vgg16_dim_2297,0.0001659702019932472,0.0,911,2211,-1300
2296,vgg16_dim_2296,0.0,0.0,2867,2211,656
2295,vgg16_dim_2295,0.0,0.0,2867,2211,656
2294,vgg16_dim_2294,2.3584636660299414e-05,0.0,1485,2211,-726
2293,vgg16_dim_2293,0.0,0.0,2867,2211,656
2292,vgg16_dim_2292,0.0,0.0,2867,2211,656
2291,vgg16_dim_2291,0.0,0.0,2867,2211,656
2290,vgg16_dim_2290,0.0,0.0,2867,2211,656
2289,vgg16_dim_2289,2.4351930244844894e-05,0.0,1453,2211,-758
2288,vgg16_dim_2288,0.0,0.0,2867,2211,656
2319,vgg16_dim_2319,0.0,0.0,2867,2211,656
2318,vgg16_dim_2318,0.00011440201250972934,0.0,1166,2211,-1045
2317,vgg16_dim_2317,0.00019522992581368437,0.0,684,2211,-1527
2316,vgg16_dim_2316,2.5434424403345455e-05,0.0,1420,2211,-791
2315,vgg16_dim_2315,0.0,0.0,2867,2211,656
2314,vgg16_dim_2314,0.0,0.0,2867,2211,656
2313,vgg16_dim_2313,0.0,0.0,2867,2211,656
2312,vgg16_dim_2312,0.00010809898705833197,0.0,1191,2211,-1020
2311,vgg16_dim_2311,0.0,0.0,2867,2211,656
2310,vgg16_dim_2310,0.0,0.0,2867,2211,656
2309,vgg16_dim_2309,0.0,0.0,2867,2211,656
2308,vgg16_dim_2308,0.0,0.0,2867,2211,656
2307,vgg16_dim_2307,0.0,0.0,2867,2211,656
2306,vgg16_dim_2306,0.0,0.0,2867,2211,656
2305,vgg16_dim_2305,0.0,0.0,2867,2211,656
2304,vgg16_dim_2304,0.0,0.0,2867,2211,656
2335,vgg16_dim_2335,0.0,0.0,2867,2211,656
2334,vgg16_dim_2334,0.0,0.0,2867,2211,656
2333,vgg16_dim_2333,0.00021857103631669448,0.0,569,2211,-1642
2332,vgg16_dim_2332,0.0,0.0,2867,2211,656
2331,vgg16_dim_2331,0.0,0.0,2867,2211,656
2330,vgg16_dim_2330,0.0,0.0,2867,2211,656
2329,vgg16_dim_2329,0.0,0.0,2867,2211,656
2328,vgg16_dim_2328,0.0,0.0,2867,2211,656
2327,vgg16_dim_2327,7.613045513567973e-05,0.0,1292,2211,-919
2326,vgg16_dim_2326,0.00017377697584053798,0.0,848,2211,-1363
2325,vgg16_dim_2325,0.00040973155677671115,0.0,199,2211,-2012
2324,vgg16_dim_2324,0.00045066893703008475,0.0,154,2211,-2057
2323,vgg16_dim_2323,0.0,0.0,2867,2211,656
2322,vgg16_dim_2322,0.0,0.0,2867,2211,656
2321,vgg16_dim_2321,0.0,0.0,2867,2211,656
2320,vgg16_dim_2320,0.0,0.0,2867,2211,656
2351,vgg16_dim_2351,0.00021611888238777863,0.0,581,2211,-1630
2350,vgg16_dim_2350,0.00039295299327440924,0.0,219,2211,-1992
2349,vgg16_dim_2349,0.0,0.0,2867,2211,656
2348,vgg16_dim_2348,0.0,0.0,2867,2211,656
2347,vgg16_dim_2347,0.0,0.0,2867,2211,656
2346,vgg16_dim_2346,0.0003108426243637185,0.0,363,2211,-1848
2344,vgg16_dim_2344,0.0,0.0,2867,2211,656
2343,vgg16_dim_2343,0.0,0.0,2867,2211,656
2342,vgg16_dim_2342,0.0,0.0,2867,2211,656
2341,vgg16_dim_2341,0.0004509065456108237,0.0,153,2211,-2058
2340,vgg16_dim_2340,5.609506742646862e-05,0.0,1346,2211,-865
2339,vgg16_dim_2339,0.000169722856347108,0.0,877,2211,-1334
2338,vgg16_dim_2338,0.0,0.0,2867,2211,656
2337,vgg16_dim_2337,0.0,0.0,2867,2211,656
2336,vgg16_dim_2336,0.0,0.0,2867,2211,656
2367,vgg16_dim_2367,0.0,0.0,2867,2211,656
2366,vgg16_dim_2366,0.0,0.0,2867,2211,656
2365,vgg16_dim_2365,0.0,0.0,2867,2211,656
2364,vgg16_dim_2364,0.0,0.0,2867,2211,656
2363,vgg16_dim_2363,0.00041261653076615307,0.0,188,2211,-2023
2362,vgg16_dim_2362,0.0003918004146146723,0.0,222,2211,-1989
2361,vgg16_dim_2361,0.0,0.0,2867,2211,656
2360,vgg16_dim_2360,0.0,0.0,2867,2211,656
2359,vgg16_dim_2359,0.0001864901835966312,0.0,748,2211,-1463
2358,vgg16_dim_2358,8.726987074618297e-05,0.0,1249,2211,-962
2357,vgg16_dim_2357,0.0,0.0,2867,2211,656
2356,vgg16_dim_2356,0.0,0.0,2867,2211,656
2355,vgg16_dim_2355,0.00018135731929387744,0.0,784,2211,-1427
2354,vgg16_dim_2354,0.0,0.0,2867,2211,656
2353,vgg16_dim_2353,0.0,0.0,2867,2211,656
2352,vgg16_dim_2352,0.0,0.0,2867,2211,656
2383,vgg16_dim_2383,0.0,0.0,2867,2211,656
2382,vgg16_dim_2382,0.0,0.0,2867,2211,656
2381,vgg16_dim_2381,0.0,0.0,2867,2211,656
2380,vgg16_dim_2380,0.0,0.0,2867,2211,656
2379,vgg16_dim_2379,0.0,0.0,2867,2211,656
2378,vgg16_dim_2378,0.0005228971714084534,0.0,112,2211,-2099
2377,vgg16_dim_2377,0.0,0.0,2867,2211,656
2376,vgg16_dim_2376,0.00014553513106304033,0.0,1037,2211,-1174
2375,vgg16_dim_2375,0.0,0.0,2867,2211,656
2373,vgg16_dim_2373,0.000158554862962973,0.0,964,2211,-1247
2372,vgg16_dim_2372,0.0,0.0,2867,2211,656
2370,vgg16_dim_2370,0.00017472271459741158,0.0,838,2211,-1373
2369,vgg16_dim_2369,0.0,0.0,2867,2211,656
2368,vgg16_dim_2368,0.000186766934969412,0.0,744,2211,-1467
2399,vgg16_dim_2399,0.0,0.0,2867,2211,656
2398,vgg16_dim_2398,0.0004102393843868624,0.0,198,2211,-2013
2397,vgg16_dim_2397,8.102907635124115e-05,0.0,1275,2211,-936
2396,vgg16_dim_2396,0.0,0.0,2867,2211,656
2395,vgg16_dim_2395,5.730749248040608e-05,0.0,1340,2211,-871
2394,vgg16_dim_2394,0.0,0.0,2867,2211,656
2393,vgg16_dim_2393,0.0,0.0,2867,2211,656
2392,vgg16_dim_2392,0.0,0.0,2867,2211,656
2391,vgg16_dim_2391,0.0,0.0,2867,2211,656
2390,vgg16_dim_2390,0.0,0.0,2867,2211,656
2389,vgg16_dim_2389,0.00014967401185731833,0.0,1009,2211,-1202
2388,vgg16_dim_2388,2.1999585643191308e-05,0.0,1544,2211,-667
2387,vgg16_dim_2387,0.00030957438631024753,0.0,368,2211,-1843
2386,vgg16_dim_2386,0.00018982986458744726,0.0,720,2211,-1491
2385,vgg16_dim_2385,0.0,0.0,2867,2211,656
2415,vgg16_dim_2415,0.00019423931834025384,0.0,693,2211,-1518
2414,vgg16_dim_2414,0.0,0.0,2867,2211,656
2413,vgg16_dim_2413,0.0,0.0,2867,2211,656
2412,vgg16_dim_2412,0.0,0.0,2867,2211,656
2411,vgg16_dim_2411,0.0,0.0,2867,2211,656
2410,vgg16_dim_2410,0.0,0.0,2867,2211,656
2409,vgg16_dim_2409,0.0,0.0,2867,2211,656
2408,vgg16_dim_2408,0.0,0.0,2867,2211,656
2407,vgg16_dim_2407,0.0005415752193342674,0.0,101,2211,-2110
2406,vgg16_dim_2406,0.0,0.0,2867,2211,656
2405,vgg16_dim_2405,0.0,0.0,2867,2211,656
2404,vgg16_dim_2404,0.0,0.0,2867,2211,656
2403,vgg16_dim_2403,0.0,0.0,2867,2211,656
2402,vgg16_dim_2402,0.00033362269158005993,0.0,317,2211,-1894
2401,vgg16_dim_2401,0.0,0.0,2867,2211,656
2400,vgg16_dim_2400,0.0001978282962074564,0.0,660,2211,-1551
2431,vgg16_dim_2431,0.0,0.0,2867,2211,656
2429,vgg16_dim_2429,0.00021114162285164337,0.0,600,2211,-1611
2428,vgg16_dim_2428,0.0,0.0,2867,2211,656
2427,vgg16_dim_2427,0.0,0.0,2867,2211,656
2426,vgg16_dim_2426,0.00014547559133240353,0.0,1038,2211,-1173
2425,vgg16_dim_2425,0.0,0.0,2867,2211,656
2424,vgg16_dim_2424,0.0,0.0,2867,2211,656
2423,vgg16_dim_2423,0.0001963578454523831,0.0,676,2211,-1535
2422,vgg16_dim_2422,0.0,0.0,2867,2211,656
2421,vgg16_dim_2421,0.0,0.0,2867,2211,656
2420,vgg16_dim_2420,0.00044310820728753653,0.0,160,2211,-2051
2419,vgg16_dim_2419,0.0,0.0,2867,2211,656
2418,vgg16_dim_2418,0.0,0.0,2867,2211,656
2417,vgg16_dim_2417,0.00018008845325884554,0.0,795,2211,-1416
2416,vgg16_dim_2416,0.0,0.0,2867,2211,656
2446,vgg16_dim_2446,0.0,0.0,2867,2211,656
2445,vgg16_dim_2445,0.0,0.0,2867,2211,656
2444,vgg16_dim_2444,0.00020300051825272803,0.0,629,2211,-1582
2443,vgg16_dim_2443,0.00011300090822446602,0.0,1170,2211,-1041
2442,vgg16_dim_2442,0.0,0.0,2867,2211,656
2441,vgg16_dim_2441,0.00022909900132902272,0.0,524,2211,-1687
2440,vgg16_dim_2440,0.0002145036921980748,0.0,584,2211,-1627
2439,vgg16_dim_2439,0.0,0.0,2867,2211,656
2438,vgg16_dim_2438,0.0,0.0,2867,2211,656
2437,vgg16_dim_2437,0.0005102155321704701,0.0,119,2211,-2092
2436,vgg16_dim_2436,2.660500140965846e-05,0.0,1409,2211,-802
2435,vgg16_dim_2435,0.0,0.0,2867,2211,656
2433,vgg16_dim_2433,0.00041693592779436906,0.0,181,2211,-2030
2463,vgg16_dim_2463,0.0,0.0,2867,2211,656
2461,vgg16_dim_2461,0.00017150113706189277,0.0,865,2211,-1346
2460,vgg16_dim_2460,0.0,0.0,2867,2211,656
2458,vgg16_dim_2458,0.00017556816600857307,0.0,829,2211,-1382
2457,vgg16_dim_2457,0.0,0.0,2867,2211,656
2456,vgg16_dim_2456,0.0,0.0,2867,2211,656
2455,vgg16_dim_2455,2.0897314333574902e-05,0.0,1578,2211,-633
2454,vgg16_dim_2454,0.0001294629391128802,0.0,1124,2211,-1087
2453,vgg16_dim_2453,2.3922465019907698e-05,0.0,1472,2211,-739
2452,vgg16_dim_2452,0.0,0.0,2867,2211,656
2451,vgg16_dim_2451,0.0,0.0,2867,2211,656
2450,vgg16_dim_2450,0.0,0.0,2867,2211,656
2449,vgg16_dim_2449,0.0003409143815204759,0.0,301,2211,-1910
2448,vgg16_dim_2448,0.0,0.0,2867,2211,656
2479,vgg16_dim_2479,0.00039161511886400447,0.0,223,2211,-1988
2478,vgg16_dim_2478,0.00029879161272509854,0.0,394,2211,-1817
2477,vgg16_dim_2477,0.0,0.0,2867,2211,656
2476,vgg16_dim_2476,0.0,0.0,2867,2211,656
2475,vgg16_dim_2475,0.0,0.0,2867,2211,656
2474,vgg16_dim_2474,0.0,0.0,2867,2211,656
2473,vgg16_dim_2473,0.0,0.0,2867,2211,656
2472,vgg16_dim_2472,0.0,0.0,2867,2211,656
2471,vgg16_dim_2471,0.0003021168681633727,0.0,386,2211,-1825
2470,vgg16_dim_2470,0.0,0.0,2867,2211,656
2469,vgg16_dim_2469,0.0,0.0,2867,2211,656
2468,vgg16_dim_2468,0.0,0.0,2867,2211,656
2467,vgg16_dim_2467,0.0,0.0,2867,2211,656
2466,vgg16_dim_2466,0.0,0.0,2867,2211,656
2465,vgg16_dim_2465,0.0,0.0,2867,2211,656
2464,vgg16_dim_2464,0.0,0.0,2867,2211,656
175,vgg16_dim_175,0.0,0.0,2867,2211,656
174,vgg16_dim_174,0.0,0.0,2867,2211,656
173,vgg16_dim_173,0.0,0.0,2867,2211,656
172,vgg16_dim_172,0.00017876815454099474,0.0,807,2211,-1404
171,vgg16_dim_171,0.0,0.0,2867,2211,656
170,vgg16_dim_170,0.0,0.0,2867,2211,656
169,vgg16_dim_169,2.464765602402866e-05,0.0,1441,2211,-770
168,vgg16_dim_168,2.2692781901169007e-05,0.0,1521,2211,-690
166,vgg16_dim_166,0.0,0.0,2867,2211,656
165,vgg16_dim_165,0.0,0.0,2867,2211,656
164,vgg16_dim_164,0.0002457309795054255,0.0,480,2211,-1731
163,vgg16_dim_163,0.0001895025381835962,0.0,722,2211,-1489
162,vgg16_dim_162,0.00026027417191182897,0.0,454,2211,-1757
161,vgg16_dim_161,0.0003741257822175865,0.0,242,2211,-1969
160,vgg16_dim_160,0.0,0.0,2867,2211,656
2495,vgg16_dim_2495,0.00032260043798469607,0.0,338,2211,-1873
2494,vgg16_dim_2494,2.0188896470601583e-05,0.0,1588,2211,-623
2493,vgg16_dim_2493,0.00022420900486596948,0.0,544,2211,-1667
2492,vgg16_dim_2492,0.0,0.0,2867,2211,656
2491,vgg16_dim_2491,0.0,0.0,2867,2211,656
2490,vgg16_dim_2490,8.56962963695821e-05,0.0,1254,2211,-957
2489,vgg16_dim_2489,0.0,0.0,2867,2211,656
2488,vgg16_dim_2488,0.00010049734621134457,0.0,1223,2211,-988
2486,vgg16_dim_2486,0.0,0.0,2867,2211,656
2485,vgg16_dim_2485,0.0,0.0,2867,2211,656
2484,vgg16_dim_2484,0.0,0.0,2867,2211,656
2483,vgg16_dim_2483,0.000198320896276937,0.0,659,2211,-1552
2482,vgg16_dim_2482,0.0,0.0,2867,2211,656
2481,vgg16_dim_2481,0.0,0.0,2867,2211,656
2480,vgg16_dim_2480,0.0,0.0,2867,2211,656
2511,vgg16_dim_2511,0.0,0.0,2867,2211,656
2510,vgg16_dim_2510,0.00017659706754735984,0.0,818,2211,-1393
2509,vgg16_dim_2509,0.0,0.0,2867,2211,656
2508,vgg16_dim_2508,0.0,0.0,2867,2211,656
2507,vgg16_dim_2507,0.0,0.0,2867,2211,656
2506,vgg16_dim_2506,0.0,0.0,2867,2211,656
2505,vgg16_dim_2505,0.0001424137771604084,0.0,1054,2211,-1157
2504,vgg16_dim_2504,0.00015801092515834093,0.0,968,2211,-1243
2503,vgg16_dim_2503,0.0,0.0,2867,2211,656
2502,vgg16_dim_2502,0.0,0.0,2867,2211,656
2501,vgg16_dim_2501,0.0,0.0,2867,2211,656
2500,vgg16_dim_2500,0.00018917998290249798,0.0,725,2211,-1486
2499,vgg16_dim_2499,8.118570800887607e-05,0.0,1274,2211,-937
2498,vgg16_dim_2498,0.0,0.0,2867,2211,656
2497,vgg16_dim_2497,0.0,0.0,2867,2211,656
2496,vgg16_dim_2496,0.0,0.0,2867,2211,656
2527,vgg16_dim_2527,0.0001050713705428567,0.0,1200,2211,-1011
2526,vgg16_dim_2526,0.0,0.0,2867,2211,656
2525,vgg16_dim_2525,0.0,0.0,2867,2211,656
2524,vgg16_dim_2524,0.0,0.0,2867,2211,656
2523,vgg16_dim_2523,0.0,0.0,2867,2211,656
2522,vgg16_dim_2522,0.00025223328451482954,0.0,466,2211,-1745
2521,vgg16_dim_2521,0.0,0.0,2867,2211,656
2520,vgg16_dim_2520,0.0,0.0,2867,2211,656
2519,vgg16_dim_2519,0.0,0.0,2867,2211,656
2518,vgg16_dim_2518,0.0,0.0,2867,2211,656
2516,vgg16_dim_2516,0.0,0.0,2867,2211,656
2515,vgg16_dim_2515,0.0,0.0,2867,2211,656
2514,vgg16_dim_2514,0.0,0.0,2867,2211,656
2513,vgg16_dim_2513,0.0001991204788606921,0.0,652,2211,-1559
2512,vgg16_dim_2512,0.0,0.0,2867,2211,656
2543,vgg16_dim_2543,0.0,0.0,2867,2211,656
2541,vgg16_dim_2541,0.0,0.0,2867,2211,656
2540,vgg16_dim_2540,0.0,0.0,2867,2211,656
2539,vgg16_dim_2539,0.0,0.0,2867,2211,656
2538,vgg16_dim_2538,0.0,0.0,2867,2211,656
2537,vgg16_dim_2537,0.0,0.0,2867,2211,656
2535,vgg16_dim_2535,0.000129850651836671,0.0,1123,2211,-1088
2534,vgg16_dim_2534,5.017163023465323e-05,0.0,1364,2211,-847
2533,vgg16_dim_2533,2.5203226980929504e-05,0.0,1425,2211,-786
2531,vgg16_dim_2531,0.0,0.0,2867,2211,656
2530,vgg16_dim_2530,0.0,0.0,2867,2211,656
2529,vgg16_dim_2529,0.0,0.0,2867,2211,656
2528,vgg16_dim_2528,0.0,0.0,2867,2211,656
2559,vgg16_dim_2559,0.00023631494934197125,0.0,506,2211,-1705
2558,vgg16_dim_2558,2.4726995610341542e-05,0.0,1439,2211,-772
2557,vgg16_dim_2557,0.0,0.0,2867,2211,656
2556,vgg16_dim_2556,0.0,0.0,2867,2211,656
2555,vgg16_dim_2555,0.0,0.0,2867,2211,656
2554,vgg16_dim_2554,0.0,0.0,2867,2211,656
2553,vgg16_dim_2553,0.00018758822765873828,0.0,738,2211,-1473
2552,vgg16_dim_2552,0.00015940862577725796,0.0,958,2211,-1253
2551,vgg16_dim_2551,0.00011830725765472842,0.0,1155,2211,-1056
2550,vgg16_dim_2550,0.0,0.0,2867,2211,656
2549,vgg16_dim_2549,0.0,0.0,2867,2211,656
2548,vgg16_dim_2548,2.2457468809913977e-05,0.0,1532,2211,-679
2547,vgg16_dim_2547,2.3355372225711553e-05,0.0,1495,2211,-716
2546,vgg16_dim_2546,0.0,0.0,2867,2211,656
2545,vgg16_dim_2545,0.0,0.0,2867,2211,656
2544,vgg16_dim_2544,0.00014992916211647103,0.0,1007,2211,-1204
2575,vgg16_dim_2575,0.0,0.0,2867,2211,656
2574,vgg16_dim_2574,0.0,0.0,2867,2211,656
2573,vgg16_dim_2573,5.324741669768509e-05,0.0,1358,2211,-853
2572,vgg16_dim_2572,0.0,0.0,2867,2211,656
2571,vgg16_dim_2571,2.529207161102096e-05,0.0,1423,2211,-788
2570,vgg16_dim_2570,0.0002247058526587352,0.0,543,2211,-1668
2569,vgg16_dim_2569,0.0,0.0,2867,2211,656
2568,vgg16_dim_2568,0.0006272656422868697,0.0,68,2211,-2143
2567,vgg16_dim_2567,0.0,0.0,2867,2211,656
2566,vgg16_dim_2566,2.4462282468479675e-05,0.0,1449,2211,-762
2565,vgg16_dim_2565,0.0,0.0,2867,2211,656
2564,vgg16_dim_2564,0.0,0.0,2867,2211,656
2563,vgg16_dim_2563,2.2782784138816287e-05,0.0,1517,2211,-694
2562,vgg16_dim_2562,0.00018320239541114037,0.0,773,2211,-1438
2561,vgg16_dim_2561,0.0001726033562996426,0.0,859,2211,-1352
2560,vgg16_dim_2560,0.0,0.0,2867,2211,656
2591,vgg16_dim_2591,0.0,0.0,2867,2211,656
2590,vgg16_dim_2590,0.0,0.0,2867,2211,656
2589,vgg16_dim_2589,0.00010433868764113743,0.0,1206,2211,-1005
2588,vgg16_dim_2588,0.0,0.0,2867,2211,656
2587,vgg16_dim_2587,0.0,0.0,2867,2211,656
2585,vgg16_dim_2585,0.0,0.0,2867,2211,656
2584,vgg16_dim_2584,0.0,0.0,2867,2211,656
2583,vgg16_dim_2583,0.0,0.0,2867,2211,656
2582,vgg16_dim_2582,8.547555038282752e-05,0.0,1256,2211,-955
2581,vgg16_dim_2581,0.0,0.0,2867,2211,656
2580,vgg16_dim_2580,0.0,0.0,2867,2211,656
2579,vgg16_dim_2579,0.0,0.0,2867,2211,656
2578,vgg16_dim_2578,0.00016447767568430848,0.0,920,2211,-1291
2577,vgg16_dim_2577,0.0,0.0,2867,2211,656
2576,vgg16_dim_2576,0.0,0.0,2867,2211,656
2607,vgg16_dim_2607,0.0003934427642713059,0.0,218,2211,-1993
2606,vgg16_dim_2606,0.0,0.0,2867,2211,656
2605,vgg16_dim_2605,0.0001960995628531533,0.0,677,2211,-1534
2604,vgg16_dim_2604,0.0001888432188851647,0.0,731,2211,-1480
2603,vgg16_dim_2603,0.0005205004432936122,0.0,113,2211,-2098
2602,vgg16_dim_2602,0.0,0.0,2867,2211,656
2601,vgg16_dim_2601,0.0,0.0,2867,2211,656
2600,vgg16_dim_2600,0.0,0.0,2867,2211,656
2599,vgg16_dim_2599,2.1301539327205083e-05,0.0,1573,2211,-638
2598,vgg16_dim_2598,6.09837286948081e-05,0.0,1322,2211,-889
2597,vgg16_dim_2597,0.0002363239476028104,0.0,505,2211,-1706
2596,vgg16_dim_2596,0.0,0.0,2867,2211,656
2595,vgg16_dim_2595,0.00033127042173634343,0.0,325,2211,-1886
2594,vgg16_dim_2594,0.0005634646879289938,0.0,92,2211,-2119
2593,vgg16_dim_2593,0.000160051397916792,0.0,951,2211,-1260
2592,vgg16_dim_2592,0.00018231750994966565,0.0,781,2211,-1430
2623,vgg16_dim_2623,0.0,0.0,2867,2211,656
2622,vgg16_dim_2622,0.0,0.0,2867,2211,656
2621,vgg16_dim_2621,0.00016262447407396183,0.0,934,2211,-1277
2620,vgg16_dim_2620,0.0,0.0,2867,2211,656
2619,vgg16_dim_2619,0.0,0.0,2867,2211,656
2618,vgg16_dim_2618,0.00014139241175583551,0.0,1060,2211,-1151
2617,vgg16_dim_2617,0.00019753125372053848,0.0,664,2211,-1547
2615,vgg16_dim_2615,0.0003336534690197953,0.0,316,2211,-1895
2614,vgg16_dim_2614,0.0,0.0,2867,2211,656
2613,vgg16_dim_2613,0.0,0.0,2867,2211,656
2612,vgg16_dim_2612,0.0,0.0,2867,2211,656
2611,vgg16_dim_2611,0.000347235712494416,0.0,295,2211,-1916
2609,vgg16_dim_2609,0.00020946429499696823,0.0,606,2211,-1605
2608,vgg16_dim_2608,0.0,0.0,2867,2211,656
2638,vgg16_dim_2638,2.2549173405972328e-05,0.0,1527,2211,-684
2637,vgg16_dim_2637,5.652047036356181e-05,0.0,1345,2211,-866
2636,vgg16_dim_2636,0.0,0.0,2867,2211,656
2634,vgg16_dim_2634,2.102131527797222e-05,0.0,1577,2211,-634
2633,vgg16_dim_2633,2.12580404835008e-05,0.0,1574,2211,-637
2632,vgg16_dim_2632,0.0,0.0,2867,2211,656
2631,vgg16_dim_2631,0.0003839402099601931,0.0,233,2211,-1978
2630,vgg16_dim_2630,0.0,0.0,2867,2211,656
2629,vgg16_dim_2629,0.0,0.0,2867,2211,656
2628,vgg16_dim_2628,0.0,0.0,2867,2211,656
2627,vgg16_dim_2627,0.0,0.0,2867,2211,656
2626,vgg16_dim_2626,0.0,0.0,2867,2211,656
2625,vgg16_dim_2625,0.00016240099901167394,0.0,937,2211,-1274
2624,vgg16_dim_2624,0.0,0.0,2867,2211,656
2655,vgg16_dim_2655,0.0,0.0,2867,2211,656
2654,vgg16_dim_2654,0.00018076859184518743,0.0,787,2211,-1424
2653,vgg16_dim_2653,0.0,0.0,2867,2211,656
2652,vgg16_dim_2652,0.0,0.0,2867,2211,656
2651,vgg16_dim_2651,0.0,0.0,2867,2211,656
2650,vgg16_dim_2650,0.0,0.0,2867,2211,656
2649,vgg16_dim_2649,0.0,0.0,2867,2211,656
2648,vgg16_dim_2648,0.0,0.0,2867,2211,656
2644,vgg16_dim_2644,0.0,0.0,2867,2211,656
2643,vgg16_dim_2643,0.0,0.0,2867,2211,656
2642,vgg16_dim_2642,2.1518194742059728e-05,0.0,1565,2211,-646
2641,vgg16_dim_2641,0.0,0.0,2867,2211,656
2640,vgg16_dim_2640,0.0,0.0,2867,2211,656
2671,vgg16_dim_2671,0.0,0.0,2867,2211,656
2670,vgg16_dim_2670,0.0,0.0,2867,2211,656
2669,vgg16_dim_2669,0.0002237728367781303,0.0,545,2211,-1666
2667,vgg16_dim_2667,0.00022947867005905853,0.0,523,2211,-1688
2666,vgg16_dim_2666,0.0,0.0,2867,2211,656
2665,vgg16_dim_2665,0.0,0.0,2867,2211,656
2664,vgg16_dim_2664,0.0,0.0,2867,2211,656
2663,vgg16_dim_2663,0.0,0.0,2867,2211,656
2662,vgg16_dim_2662,0.0,0.0,2867,2211,656
2661,vgg16_dim_2661,0.0,0.0,2867,2211,656
2660,vgg16_dim_2660,8.444724460373085e-05,0.0,1260,2211,-951
2659,vgg16_dim_2659,0.0,0.0,2867,2211,656
2658,vgg16_dim_2658,0.0,0.0,2867,2211,656
2656,vgg16_dim_2656,0.0,0.0,2867,2211,656
159,vgg16_dim_159,0.0,0.0,2867,2211,656
158,vgg16_dim_158,0.0,0.0,2867,2211,656
157,vgg16_dim_157,0.00014179579767300448,0.0,1057,2211,-1154
156,vgg16_dim_156,0.0,0.0,2867,2211,656
155,vgg16_dim_155,0.0,0.0,2867,2211,656
153,vgg16_dim_153,0.0,0.0,2867,2211,656
152,vgg16_dim_152,0.0,0.0,2867,2211,656
151,vgg16_dim_151,0.00013436376456603784,0.0,1101,2211,-1110
150,vgg16_dim_150,0.0,0.0,2867,2211,656
149,vgg16_dim_149,0.0,0.0,2867,2211,656
148,vgg16_dim_148,0.0,0.0,2867,2211,656
147,vgg16_dim_147,0.0,0.0,2867,2211,656
146,vgg16_dim_146,0.0,0.0,2867,2211,656
145,vgg16_dim_145,0.00014735980079890268,0.0,1030,2211,-1181
144,vgg16_dim_144,0.0,0.0,2867,2211,656
2686,vgg16_dim_2686,0.00016600823190486487,0.0,910,2211,-1301
2685,vgg16_dim_2685,0.0,0.0,2867,2211,656
2684,vgg16_dim_2684,0.0,0.0,2867,2211,656
2682,vgg16_dim_2682,0.0002939080069356501,0.0,399,2211,-1812
2681,vgg16_dim_2681,0.0,0.0,2867,2211,656
2680,vgg16_dim_2680,0.00016827298623054825,0.0,886,2211,-1325
2679,vgg16_dim_2679,0.0,0.0,2867,2211,656
2678,vgg16_dim_2678,0.0,0.0,2867,2211,656
2677,vgg16_dim_2677,0.0,0.0,2867,2211,656
2676,vgg16_dim_2676,0.0,0.0,2867,2211,656
2675,vgg16_dim_2675,0.0,0.0,2867,2211,656
2674,vgg16_dim_2674,0.0,0.0,2867,2211,656
2673,vgg16_dim_2673,0.0,0.0,2867,2211,656
2672,vgg16_dim_2672,0.00024254876789103993,0.0,490,2211,-1721
2703,vgg16_dim_2703,0.0,0.0,2867,2211,656
2702,vgg16_dim_2702,0.0,0.0,2867,2211,656
2701,vgg16_dim_2701,0.0,0.0,2867,2211,656
2700,vgg16_dim_2700,0.0,0.0,2867,2211,656
2698,vgg16_dim_2698,0.00010718222634789865,0.0,1195,2211,-1016
2697,vgg16_dim_2697,0.0,0.0,2867,2211,656
2696,vgg16_dim_2696,0.00018979671857408933,0.0,721,2211,-1490
2695,vgg16_dim_2695,0.0,0.0,2867,2211,656
2694,vgg16_dim_2694,0.0,0.0,2867,2211,656
2693,vgg16_dim_2693,9.348817059450987e-05,0.0,1238,2211,-973
2692,vgg16_dim_2692,0.0,0.0,2867,2211,656
2691,vgg16_dim_2691,0.0,0.0,2867,2211,656
2690,vgg16_dim_2690,0.0,0.0,2867,2211,656
2689,vgg16_dim_2689,5.128140751171016e-05,0.0,1360,2211,-851
2688,vgg16_dim_2688,2.2609768426192685e-05,0.0,1525,2211,-686
2719,vgg16_dim_2719,0.0,0.0,2867,2211,656
2718,vgg16_dim_2718,0.0,0.0,2867,2211,656
2717,vgg16_dim_2717,0.0,0.0,2867,2211,656
2716,vgg16_dim_2716,0.0,0.0,2867,2211,656
2715,vgg16_dim_2715,0.0002142018327762565,0.0,585,2211,-1626
2713,vgg16_dim_2713,0.0,0.0,2867,2211,656
2712,vgg16_dim_2712,0.000573963020090732,0.0,89,2211,-2122
2711,vgg16_dim_2711,0.0,0.0,2867,2211,656
2710,vgg16_dim_2710,0.0,0.0,2867,2211,656
2709,vgg16_dim_2709,0.0,0.0,2867,2211,656
2708,vgg16_dim_2708,0.0,0.0,2867,2211,656
2707,vgg16_dim_2707,2.3164287039638386e-05,0.0,1501,2211,-710
2706,vgg16_dim_2706,2.307281118550723e-05,0.0,1506,2211,-705
2705,vgg16_dim_2705,2.6795104072334057e-05,0.0,1408,2211,-803
2704,vgg16_dim_2704,0.0,0.0,2867,2211,656
2735,vgg16_dim_2735,5.829539407664431e-05,0.0,1335,2211,-876
2734,vgg16_dim_2734,5.048414060347376e-05,0.0,1363,2211,-848
2733,vgg16_dim_2733,0.0,0.0,2867,2211,656
2732,vgg16_dim_2732,0.0002706011810487866,0.0,438,2211,-1773
2731,vgg16_dim_2731,0.0,0.0,2867,2211,656
2730,vgg16_dim_2730,0.0,0.0,2867,2211,656
2729,vgg16_dim_2729,0.00017092687614232545,0.0,869,2211,-1342
2728,vgg16_dim_2728,0.0,0.0,2867,2211,656
2727,vgg16_dim_2727,0.0,0.0,2867,2211,656
2726,vgg16_dim_2726,0.0,0.0,2867,2211,656
2725,vgg16_dim_2725,0.0,0.0,2867,2211,656
2724,vgg16_dim_2724,0.0,0.0,2867,2211,656
2723,vgg16_dim_2723,0.00017433932956760565,0.0,845,2211,-1366
2722,vgg16_dim_2722,0.00027136855770227745,0.0,435,2211,-1776
2721,vgg16_dim_2721,0.0,0.0,2867,2211,656
2720,vgg16_dim_2720,0.0,0.0,2867,2211,656
2751,vgg16_dim_2751,0.0002629187113052378,0.0,452,2211,-1759
2750,vgg16_dim_2750,0.0,0.0,2867,2211,656
2749,vgg16_dim_2749,0.00015031849711730875,0.0,1005,2211,-1206
2748,vgg16_dim_2748,0.00017237621361918302,0.0,860,2211,-1351
2747,vgg16_dim_2747,0.0,0.0,2867,2211,656
2746,vgg16_dim_2746,0.0,0.0,2867,2211,656
2745,vgg16_dim_2745,0.00017533936554744406,0.0,832,2211,-1379
2744,vgg16_dim_2744,0.0,0.0,2867,2211,656
2742,vgg16_dim_2742,0.0,0.0,2867,2211,656
2741,vgg16_dim_2741,0.0,0.0,2867,2211,656
2740,vgg16_dim_2740,0.00016109483431188355,0.0,945,2211,-1266
2739,vgg16_dim_2739,0.0,0.0,2867,2211,656
2738,vgg16_dim_2738,9.915124942701928e-05,0.0,1227,2211,-984
2737,vgg16_dim_2737,0.00021293854511075818,0.0,591,2211,-1620
2736,vgg16_dim_2736,2.7495747149829758e-05,0.0,1401,2211,-810
2767,vgg16_dim_2767,0.00013537499634312946,0.0,1093,2211,-1118
2766,vgg16_dim_2766,0.0,0.0,2867,2211,656
2764,vgg16_dim_2764,0.0,0.0,2867,2211,656
2763,vgg16_dim_2763,0.0,0.0,2867,2211,656
2762,vgg16_dim_2762,0.0,0.0,2867,2211,656
2761,vgg16_dim_2761,0.0,0.0,2867,2211,656
2759,vgg16_dim_2759,0.0,0.0,2867,2211,656
2758,vgg16_dim_2758,0.0001985753769547496,0.0,657,2211,-1554
2757,vgg16_dim_2757,0.0,0.0,2867,2211,656
2756,vgg16_dim_2756,4.09320575477263e-05,0.0,1397,2211,-814
2755,vgg16_dim_2755,0.0,0.0,2867,2211,656
2754,vgg16_dim_2754,0.0,0.0,2867,2211,656
2753,vgg16_dim_2753,0.0,0.0,2867,2211,656
2783,vgg16_dim_2783,0.0,0.0,2867,2211,656
2782,vgg16_dim_2782,0.0,0.0,2867,2211,656
2781,vgg16_dim_2781,7.084472295317962e-05,0.0,1301,2211,-910
2780,vgg16_dim_2780,0.0,0.0,2867,2211,656
2779,vgg16_dim_2779,0.0,0.0,2867,2211,656
2778,vgg16_dim_2778,0.0,0.0,2867,2211,656
2777,vgg16_dim_2777,0.0002837169866653843,0.0,421,2211,-1790
2776,vgg16_dim_2776,7.985228216320086e-06,0.0,1604,2211,-607
2775,vgg16_dim_2775,0.00018667665398073484,0.0,746,2211,-1465
2774,vgg16_dim_2774,0.0,0.0,2867,2211,656
2773,vgg16_dim_2773,4.6675428445796964e-05,0.0,1375,2211,-836
2772,vgg16_dim_2772,0.0,0.0,2867,2211,656
2771,vgg16_dim_2771,0.0,0.0,2867,2211,656
2770,vgg16_dim_2770,0.0,0.0,2867,2211,656
2769,vgg16_dim_2769,0.00024002911128035402,0.0,496,2211,-1715
2768,vgg16_dim_2768,0.0,0.0,2867,2211,656
2799,vgg16_dim_2799,0.0,0.0,2867,2211,656
2798,vgg16_dim_2798,0.0,0.0,2867,2211,656
2797,vgg16_dim_2797,0.00013221040138066125,0.0,1114,2211,-1097
2796,vgg16_dim_2796,8.455903515539475e-05,0.0,1259,2211,-952
2795,vgg16_dim_2795,0.0,0.0,2867,2211,656
2794,vgg16_dim_2794,0.0,0.0,2867,2211,656
2793,vgg16_dim_2793,2.0771225008834832e-05,0.0,1581,2211,-630
2792,vgg16_dim_2792,0.00016182528781030127,0.0,941,2211,-1270
2791,vgg16_dim_2791,0.00010923620302529815,0.0,1185,2211,-1026
2790,vgg16_dim_2790,0.0,0.0,2867,2211,656
2789,vgg16_dim_2789,0.00015994842042358175,0.0,953,2211,-1258
2788,vgg16_dim_2788,0.0,0.0,2867,2211,656
2787,vgg16_dim_2787,0.00018502187766743623,0.0,755,2211,-1456
2786,vgg16_dim_2786,0.0,0.0,2867,2211,656
2785,vgg16_dim_2785,0.0,0.0,2867,2211,656
2784,vgg16_dim_2784,0.0,0.0,2867,2211,656
2815,vgg16_dim_2815,0.00041358099716496863,0.0,186,2211,-2025
2814,vgg16_dim_2814,0.00014335514924409203,0.0,1047,2211,-1164
2813,vgg16_dim_2813,0.0,0.0,2867,2211,656
2812,vgg16_dim_2812,0.0,0.0,2867,2211,656
2811,vgg16_dim_2811,0.0,0.0,2867,2211,656
2807,vgg16_dim_2807,0.0,0.0,2867,2211,656
2806,vgg16_dim_2806,0.0,0.0,2867,2211,656
2805,vgg16_dim_2805,0.0,0.0,2867,2211,656
2804,vgg16_dim_2804,0.0001781184748002513,0.0,811,2211,-1400
2803,vgg16_dim_2803,0.0,0.0,2867,2211,656
2802,vgg16_dim_2802,0.0,0.0,2867,2211,656
2801,vgg16_dim_2801,0.0,0.0,2867,2211,656
2800,vgg16_dim_2800,0.0,0.0,2867,2211,656
2831,vgg16_dim_2831,0.0,0.0,2867,2211,656
2830,vgg16_dim_2830,0.0,0.0,2867,2211,656
2829,vgg16_dim_2829,0.0,0.0,2867,2211,656
2828,vgg16_dim_2828,0.000217232907485153,0.0,577,2211,-1634
2827,vgg16_dim_2827,0.0,0.0,2867,2211,656
2826,vgg16_dim_2826,0.0,0.0,2867,2211,656
2825,vgg16_dim_2825,0.0,0.0,2867,2211,656
2824,vgg16_dim_2824,0.0,0.0,2867,2211,656
2823,vgg16_dim_2823,0.0,0.0,2867,2211,656
2822,vgg16_dim_2822,0.000162489206796701,0.0,936,2211,-1275
2821,vgg16_dim_2821,0.0,0.0,2867,2211,656
2820,vgg16_dim_2820,0.0004788750236842133,0.0,136,2211,-2075
2819,vgg16_dim_2819,2.4389255859162707e-05,0.0,1452,2211,-759
2818,vgg16_dim_2818,0.0012251249911653275,0.0,19,2211,-2192
2817,vgg16_dim_2817,0.0,0.0,2867,2211,656
2816,vgg16_dim_2816,0.0,0.0,2867,2211,656
2847,vgg16_dim_2847,0.0,0.0,2867,2211,656
2846,vgg16_dim_2846,7.961304026199564e-05,0.0,1279,2211,-932
2845,vgg16_dim_2845,0.0,0.0,2867,2211,656
2844,vgg16_dim_2844,0.0,0.0,2867,2211,656
2843,vgg16_dim_2843,0.0,0.0,2867,2211,656
2842,vgg16_dim_2842,0.0003710356154741769,0.0,247,2211,-1964
2841,vgg16_dim_2841,0.0,0.0,2867,2211,656
2840,vgg16_dim_2840,0.0,0.0,2867,2211,656
2839,vgg16_dim_2839,0.0,0.0,2867,2211,656
2838,vgg16_dim_2838,0.0,0.0,2867,2211,656
2837,vgg16_dim_2837,0.0001941106619279373,0.0,695,2211,-1516
2836,vgg16_dim_2836,0.0,0.0,2867,2211,656
2835,vgg16_dim_2835,0.0,0.0,2867,2211,656
2834,vgg16_dim_2834,0.00014015341263072414,0.0,1067,2211,-1144
2833,vgg16_dim_2833,0.00020555108199011568,0.0,619,2211,-1592
2832,vgg16_dim_2832,0.0,0.0,2867,2211,656
2863,vgg16_dim_2863,0.0,0.0,2867,2211,656
2862,vgg16_dim_2862,0.00036111261258092454,0.0,261,2211,-1950
2861,vgg16_dim_2861,0.0,0.0,2867,2211,656
2860,vgg16_dim_2860,0.0,0.0,2867,2211,656
2859,vgg16_dim_2859,0.0,0.0,2867,2211,656
2858,vgg16_dim_2858,0.0,0.0,2867,2211,656
2856,vgg16_dim_2856,0.0001433171338445458,0.0,1048,2211,-1163
2855,vgg16_dim_2855,0.0,0.0,2867,2211,656
2854,vgg16_dim_2854,4.799994826593403e-05,0.0,1371,2211,-840
2853,vgg16_dim_2853,0.0,0.0,2867,2211,656
2852,vgg16_dim_2852,0.0,0.0,2867,2211,656
2851,vgg16_dim_2851,0.0,0.0,2867,2211,656
2850,vgg16_dim_2850,0.0002308181334021935,0.0,518,2211,-1693
2849,vgg16_dim_2849,0.0003696345580411613,0.0,249,2211,-1962
2848,vgg16_dim_2848,5.4849100640291364e-05,0.0,1352,2211,-859
2879,vgg16_dim_2879,0.0002021836364538762,0.0,633,2211,-1578
2878,vgg16_dim_2878,0.0,0.0,2867,2211,656
2877,vgg16_dim_2877,0.0,0.0,2867,2211,656
2876,vgg16_dim_2876,0.0,0.0,2867,2211,656
2874,vgg16_dim_2874,0.0006062039640982339,0.0,79,2211,-2132
2873,vgg16_dim_2873,0.0,0.0,2867,2211,656
2872,vgg16_dim_2872,0.0,0.0,2867,2211,656
2871,vgg16_dim_2871,0.0,0.0,2867,2211,656
2870,vgg16_dim_2870,0.00014646820514299956,0.0,1032,2211,-1179
2869,vgg16_dim_2869,0.0,0.0,2867,2211,656
2868,vgg16_dim_2868,0.0,0.0,2867,2211,656
2867,vgg16_dim_2867,0.0,0.0,2867,2211,656
2865,vgg16_dim_2865,0.0,0.0,2867,2211,656
2864,vgg16_dim_2864,0.00024196441947322523,0.0,491,2211,-1720
2895,vgg16_dim_2895,0.0,0.0,2867,2211,656
2894,vgg16_dim_2894,0.00038432937761316273,0.0,232,2211,-1979
2893,vgg16_dim_2893,0.0,0.0,2867,2211,656
2892,vgg16_dim_2892,0.00024567938718142234,0.0,483,2211,-1728
2891,vgg16_dim_2891,0.0,0.0,2867,2211,656
2890,vgg16_dim_2890,0.00013515251616389332,0.0,1095,2211,-1116
2889,vgg16_dim_2889,0.0,0.0,2867,2211,656
2888,vgg16_dim_2888,0.0,0.0,2867,2211,656
2887,vgg16_dim_2887,2.0326926225449303e-05,0.0,1586,2211,-625
2886,vgg16_dim_2886,0.0,0.0,2867,2211,656
2885,vgg16_dim_2885,0.0003006722914587736,0.0,389,2211,-1822
2884,vgg16_dim_2884,0.0,0.0,2867,2211,656
2883,vgg16_dim_2883,0.00024463556624875876,0.0,485,2211,-1726
2882,vgg16_dim_2882,0.0,0.0,2867,2211,656
2881,vgg16_dim_2881,0.0003160082247164408,0.0,355,2211,-1856
143,vgg16_dim_143,0.0,0.0,2867,2211,656
142,vgg16_dim_142,0.0,0.0,2867,2211,656
141,vgg16_dim_141,0.0,0.0,2867,2211,656
140,vgg16_dim_140,0.0,0.0,2867,2211,656
139,vgg16_dim_139,0.0,0.0,2867,2211,656
138,vgg16_dim_138,0.0,0.0,2867,2211,656
137,vgg16_dim_137,0.0,0.0,2867,2211,656
136,vgg16_dim_136,0.0,0.0,2867,2211,656
135,vgg16_dim_135,0.0,0.0,2867,2211,656
134,vgg16_dim_134,0.0002025897636196914,0.0,631,2211,-1580
133,vgg16_dim_133,0.00016001661348960818,0.0,952,2211,-1259
131,vgg16_dim_131,0.0,0.0,2867,2211,656
130,vgg16_dim_130,0.0,0.0,2867,2211,656
129,vgg16_dim_129,0.0,0.0,2867,2211,656
128,vgg16_dim_128,0.0,0.0,2867,2211,656
2911,vgg16_dim_2911,0.0,0.0,2867,2211,656
2910,vgg16_dim_2910,0.0,0.0,2867,2211,656
2909,vgg16_dim_2909,0.0,0.0,2867,2211,656
2908,vgg16_dim_2908,4.336631009324388e-05,0.0,1387,2211,-824
2907,vgg16_dim_2907,0.0,0.0,2867,2211,656
2906,vgg16_dim_2906,0.0,0.0,2867,2211,656
2905,vgg16_dim_2905,0.00016959541653253674,0.0,878,2211,-1333
2904,vgg16_dim_2904,0.0,0.0,2867,2211,656
2903,vgg16_dim_2903,0.00014134074710280516,0.0,1061,2211,-1150
2902,vgg16_dim_2902,0.0,0.0,2867,2211,656
2901,vgg16_dim_2901,0.0,0.0,2867,2211,656
2900,vgg16_dim_2900,0.0,0.0,2867,2211,656
2899,vgg16_dim_2899,0.0,0.0,2867,2211,656
2898,vgg16_dim_2898,0.0,0.0,2867,2211,656
2896,vgg16_dim_2896,0.0,0.0,2867,2211,656
2927,vgg16_dim_2927,0.0,0.0,2867,2211,656
2926,vgg16_dim_2926,0.0,0.0,2867,2211,656
2925,vgg16_dim_2925,0.0,0.0,2867,2211,656
2924,vgg16_dim_2924,0.0002053459251759866,0.0,621,2211,-1590
2923,vgg16_dim_2923,2.311796897299289e-05,0.0,1505,2211,-706
2922,vgg16_dim_2922,0.0,0.0,2867,2211,656
2921,vgg16_dim_2921,0.0,0.0,2867,2211,656
2920,vgg16_dim_2920,0.00044339780326995516,0.0,159,2211,-2052
2919,vgg16_dim_2919,0.0,0.0,2867,2211,656
2918,vgg16_dim_2918,0.0,0.0,2867,2211,656
2917,vgg16_dim_2917,0.0,0.0,2867,2211,656
2915,vgg16_dim_2915,0.00018846132192603199,0.0,733,2211,-1478
2914,vgg16_dim_2914,0.0,0.0,2867,2211,656
2913,vgg16_dim_2913,0.0,0.0,2867,2211,656
2912,vgg16_dim_2912,0.0,0.0,2867,2211,656
2943,vgg16_dim_2943,0.0,0.0,2867,2211,656
2942,vgg16_dim_2942,0.00028817394072086803,0.0,412,2211,-1799
2941,vgg16_dim_2941,1.9311094599983702e-05,0.0,1597,2211,-614
2939,vgg16_dim_2939,0.0,0.0,2867,2211,656
2938,vgg16_dim_2938,0.0,0.0,2867,2211,656
2937,vgg16_dim_2937,0.0,0.0,2867,2211,656
2936,vgg16_dim_2936,0.0,0.0,2867,2211,656
2935,vgg16_dim_2935,0.0,0.0,2867,2211,656
2934,vgg16_dim_2934,0.0,0.0,2867,2211,656
2933,vgg16_dim_2933,0.0,0.0,2867,2211,656
2932,vgg16_dim_2932,0.00023195442244944542,0.0,515,2211,-1696
2931,vgg16_dim_2931,0.000110323813157642,0.0,1182,2211,-1029
2930,vgg16_dim_2930,0.0,0.0,2867,2211,656
2929,vgg16_dim_2929,0.0,0.0,2867,2211,656
2928,vgg16_dim_2928,0.00014338545323718178,0.0,1046,2211,-1165
2959,vgg16_dim_2959,0.0,0.0,2867,2211,656
2958,vgg16_dim_2958,0.0,0.0,2867,2211,656
2957,vgg16_dim_2957,0.0,0.0,2867,2211,656
2956,vgg16_dim_2956,0.0,0.0,2867,2211,656
2955,vgg16_dim_2955,0.0,0.0,2867,2211,656
2954,vgg16_dim_2954,0.0,0.0,2867,2211,656
2953,vgg16_dim_2953,0.0,0.0,2867,2211,656
2952,vgg16_dim_2952,0.00028126031607107494,0.0,423,2211,-1788
2951,vgg16_dim_2951,0.0,0.0,2867,2211,656
2950,vgg16_dim_2950,0.0,0.0,2867,2211,656
2947,vgg16_dim_2947,1.9131181160766188e-05,0.0,1599,2211,-612
2945,vgg16_dim_2945,0.0,0.0,2867,2211,656
2944,vgg16_dim_2944,4.7190837842616616e-05,0.0,1373,2211,-838
2975,vgg16_dim_2975,0.0,0.0,2867,2211,656
2974,vgg16_dim_2974,0.0,0.0,2867,2211,656
2973,vgg16_dim_2973,0.0,0.0,2867,2211,656
2972,vgg16_dim_2972,0.0,0.0,2867,2211,656
2971,vgg16_dim_2971,0.00017370310351726435,0.0,851,2211,-1360
2970,vgg16_dim_2970,0.00017002759160964737,0.0,875,2211,-1336
2967,vgg16_dim_2967,0.0,0.0,2867,2211,656
2966,vgg16_dim_2966,0.0,0.0,2867,2211,656
2965,vgg16_dim_2965,0.0,0.0,2867,2211,656
2964,vgg16_dim_2964,0.0,0.0,2867,2211,656
2963,vgg16_dim_2963,2.3579296620068963e-05,0.0,1486,2211,-725
2962,vgg16_dim_2962,0.0,0.0,2867,2211,656
2961,vgg16_dim_2961,0.0,0.0,2867,2211,656
2991,vgg16_dim_2991,0.0,0.0,2867,2211,656
2990,vgg16_dim_2990,0.0,0.0,2867,2211,656
2989,vgg16_dim_2989,0.0,0.0,2867,2211,656
2988,vgg16_dim_2988,0.0,0.0,2867,2211,656
2986,vgg16_dim_2986,0.0,0.0,2867,2211,656
2985,vgg16_dim_2985,0.0,0.0,2867,2211,656
2984,vgg16_dim_2984,0.0,0.0,2867,2211,656
2983,vgg16_dim_2983,0.0,0.0,2867,2211,656
2982,vgg16_dim_2982,2.4564153424218826e-05,0.0,1444,2211,-767
2981,vgg16_dim_2981,0.00015872011517078708,0.0,962,2211,-1249
2980,vgg16_dim_2980,0.0,0.0,2867,2211,656
2979,vgg16_dim_2979,4.521773120364347e-05,0.0,1381,2211,-830
2978,vgg16_dim_2978,0.0,0.0,2867,2211,656
2977,vgg16_dim_2977,0.00034089660018144495,0.0,302,2211,-1909
2976,vgg16_dim_2976,0.0002717293756878297,0.0,434,2211,-1777
3007,vgg16_dim_3007,0.0,0.0,2867,2211,656
3006,vgg16_dim_3006,0.0,0.0,2867,2211,656
3005,vgg16_dim_3005,0.0,0.0,2867,2211,656
3004,vgg16_dim_3004,0.00016488929220279407,0.0,915,2211,-1296
3003,vgg16_dim_3003,0.0002191802704319453,0.0,566,2211,-1645
3002,vgg16_dim_3002,0.0,0.0,2867,2211,656
3001,vgg16_dim_3001,0.0003836686581238189,0.0,234,2211,-1977
3000,vgg16_dim_3000,0.0,0.0,2867,2211,656
2998,vgg16_dim_2998,0.0,0.0,2867,2211,656
2997,vgg16_dim_2997,0.0,0.0,2867,2211,656
2996,vgg16_dim_2996,0.0001118613644860009,0.0,1175,2211,-1036
2994,vgg16_dim_2994,0.0,0.0,2867,2211,656
2993,vgg16_dim_2993,0.0,0.0,2867,2211,656
2992,vgg16_dim_2992,0.000218561121304891,0.0,570,2211,-1641
3023,vgg16_dim_3023,0.0,0.0,2867,2211,656
3022,vgg16_dim_3022,0.00014796598375875866,0.0,1023,2211,-1188
3021,vgg16_dim_3021,0.0,0.0,2867,2211,656
3020,vgg16_dim_3020,0.0,0.0,2867,2211,656
3019,vgg16_dim_3019,0.0,0.0,2867,2211,656
3018,vgg16_dim_3018,0.0,0.0,2867,2211,656
3016,vgg16_dim_3016,0.0,0.0,2867,2211,656
3015,vgg16_dim_3015,0.0,0.0,2867,2211,656
3014,vgg16_dim_3014,0.0,0.0,2867,2211,656
3013,vgg16_dim_3013,0.0004305284888787309,0.0,167,2211,-2044
3012,vgg16_dim_3012,0.0003944000414046383,0.0,214,2211,-1997
3010,vgg16_dim_3010,0.0,0.0,2867,2211,656
3009,vgg16_dim_3009,2.0020400015815158e-05,0.0,1592,2211,-619
127,vgg16_dim_127,0.0,0.0,2867,2211,656
126,vgg16_dim_126,0.0,0.0,2867,2211,656
125,vgg16_dim_125,0.0002116753468130422,0.0,596,2211,-1615
124,vgg16_dim_124,0.00027440961051963445,0.0,431,2211,-1780
123,vgg16_dim_123,0.0001941112474638114,0.0,694,2211,-1517
122,vgg16_dim_122,0.0,0.0,2867,2211,656
120,vgg16_dim_120,0.0,0.0,2867,2211,656
119,vgg16_dim_119,0.0,0.0,2867,2211,656
118,vgg16_dim_118,4.694795096978872e-05,0.0,1374,2211,-837
117,vgg16_dim_117,0.00014030375101978398,0.0,1065,2211,-1146
116,vgg16_dim_116,0.0,0.0,2867,2211,656
115,vgg16_dim_115,0.0,0.0,2867,2211,656
114,vgg16_dim_114,0.0006094232825529466,0.0,77,2211,-2134
113,vgg16_dim_113,0.0,0.0,2867,2211,656
112,vgg16_dim_112,0.0,0.0,2867,2211,656
3039,vgg16_dim_3039,2.3521392577327038e-05,0.0,1491,2211,-720
3038,vgg16_dim_3038,0.0,0.0,2867,2211,656
3037,vgg16_dim_3037,0.00013918847494754358,0.0,1073,2211,-1138
3036,vgg16_dim_3036,0.0,0.0,2867,2211,656
3035,vgg16_dim_3035,2.166037716424582e-05,0.0,1559,2211,-652
3034,vgg16_dim_3034,0.0,0.0,2867,2211,656
3033,vgg16_dim_3033,0.0004278671153245539,0.0,169,2211,-2042
3032,vgg16_dim_3032,0.0,0.0,2867,2211,656
3031,vgg16_dim_3031,0.0,0.0,2867,2211,656
3030,vgg16_dim_3030,8.431298198944408e-05,0.0,1261,2211,-950
3029,vgg16_dim_3029,2.2236837682986086e-05,0.0,1540,2211,-671
3027,vgg16_dim_3027,0.00012790694334393363,0.0,1134,2211,-1077
3026,vgg16_dim_3026,0.00031399111251124344,0.0,359,2211,-1852
3025,vgg16_dim_3025,0.0,0.0,2867,2211,656
3024,vgg16_dim_3024,0.0,0.0,2867,2211,656
3055,vgg16_dim_3055,0.0,0.0,2867,2211,656
3053,vgg16_dim_3053,0.00015910973541153465,0.0,959,2211,-1252
3052,vgg16_dim_3052,9.373632902139833e-05,0.0,1236,2211,-975
3051,vgg16_dim_3051,0.0,0.0,2867,2211,656
3050,vgg16_dim_3050,0.0,0.0,2867,2211,656
3049,vgg16_dim_3049,0.00010403827261464209,0.0,1207,2211,-1004
3048,vgg16_dim_3048,0.0,0.0,2867,2211,656
3047,vgg16_dim_3047,0.00035438527014429406,0.0,275,2211,-1936
3046,vgg16_dim_3046,0.0002024322520628549,0.0,632,2211,-1579
3045,vgg16_dim_3045,0.0,0.0,2867,2211,656
3044,vgg16_dim_3044,0.0001673636832349219,0.0,897,2211,-1314
3043,vgg16_dim_3043,0.0,0.0,2867,2211,656
3042,vgg16_dim_3042,0.0,0.0,2867,2211,656
3041,vgg16_dim_3041,0.0,0.0,2867,2211,656
3040,vgg16_dim_3040,0.00028075356624483803,0.0,424,2211,-1787
3071,vgg16_dim_3071,0.0,0.0,2867,2211,656
3070,vgg16_dim_3070,0.0,0.0,2867,2211,656
3069,vgg16_dim_3069,0.0,0.0,2867,2211,656
3068,vgg16_dim_3068,0.0,0.0,2867,2211,656
3067,vgg16_dim_3067,0.0,0.0,2867,2211,656
3066,vgg16_dim_3066,0.0,0.0,2867,2211,656
3065,vgg16_dim_3065,0.0,0.0,2867,2211,656
3064,vgg16_dim_3064,0.0,0.0,2867,2211,656
3062,vgg16_dim_3062,0.0,0.0,2867,2211,656
3061,vgg16_dim_3061,0.0,0.0,2867,2211,656
3060,vgg16_dim_3060,0.0,0.0,2867,2211,656
3059,vgg16_dim_3059,0.0,0.0,2867,2211,656
3058,vgg16_dim_3058,0.0,0.0,2867,2211,656
3057,vgg16_dim_3057,5.937402040371635e-05,0.0,1330,2211,-881
3056,vgg16_dim_3056,0.00027068519878892396,0.0,437,2211,-1774
3087,vgg16_dim_3087,0.00022777967367265222,0.0,535,2211,-1676
3086,vgg16_dim_3086,0.0,0.0,2867,2211,656
3084,vgg16_dim_3084,0.00012746315302360369,0.0,1138,2211,-1073
3083,vgg16_dim_3083,0.0,0.0,2867,2211,656
3082,vgg16_dim_3082,0.00014012295570571423,0.0,1068,2211,-1143
3081,vgg16_dim_3081,0.0002857272774948522,0.0,419,2211,-1792
3080,vgg16_dim_3080,0.0,0.0,2867,2211,656
3079,vgg16_dim_3079,0.0,0.0,2867,2211,656
3078,vgg16_dim_3078,0.00010573648554765153,0.0,1197,2211,-1014
3077,vgg16_dim_3077,2.4027887908908997e-05,0.0,1464,2211,-747
3076,vgg16_dim_3076,2.6433592288691677e-05,0.0,1411,2211,-800
3075,vgg16_dim_3075,0.0,0.0,2867,2211,656
3074,vgg16_dim_3074,0.0004539855741255974,0.0,150,2211,-2061
3073,vgg16_dim_3073,0.0,0.0,2867,2211,656
3072,vgg16_dim_3072,0.0,0.0,2867,2211,656
3103,vgg16_dim_3103,0.0,0.0,2867,2211,656
3102,vgg16_dim_3102,0.0,0.0,2867,2211,656
3101,vgg16_dim_3101,0.0,0.0,2867,2211,656
3100,vgg16_dim_3100,0.0,0.0,2867,2211,656
3099,vgg16_dim_3099,0.0,0.0,2867,2211,656
3098,vgg16_dim_3098,0.00010520561665855329,0.0,1199,2211,-1012
3097,vgg16_dim_3097,0.0,0.0,2867,2211,656
3096,vgg16_dim_3096,0.0,0.0,2867,2211,656
3095,vgg16_dim_3095,0.0,0.0,2867,2211,656
3094,vgg16_dim_3094,0.0,0.0,2867,2211,656
3092,vgg16_dim_3092,0.0001870022350389753,0.0,743,2211,-1468
3091,vgg16_dim_3091,6.860155977449366e-05,0.0,1306,2211,-905
3090,vgg16_dim_3090,0.0,0.0,2867,2211,656
3089,vgg16_dim_3089,0.0,0.0,2867,2211,656
3119,vgg16_dim_3119,0.00027092079729708785,0.0,436,2211,-1775
3118,vgg16_dim_3118,0.00016625437424243455,0.0,906,2211,-1305
3117,vgg16_dim_3117,0.0,0.0,2867,2211,656
3116,vgg16_dim_3116,0.0,0.0,2867,2211,656
3115,vgg16_dim_3115,0.0002450326116444412,0.0,484,2211,-1727
3114,vgg16_dim_3114,0.0,0.0,2867,2211,656
3113,vgg16_dim_3113,0.0001910907772485846,0.0,714,2211,-1497
3112,vgg16_dim_3112,0.00016697670636330955,0.0,901,2211,-1310
3111,vgg16_dim_3111,0.0,0.0,2867,2211,656
3110,vgg16_dim_3110,0.0,0.0,2867,2211,656
3109,vgg16_dim_3109,0.0,0.0,2867,2211,656
3108,vgg16_dim_3108,0.0,0.0,2867,2211,656
3107,vgg16_dim_3107,0.00019961599499825462,0.0,647,2211,-1564
3106,vgg16_dim_3106,0.0,0.0,2867,2211,656
3105,vgg16_dim_3105,0.0,0.0,2867,2211,656
3104,vgg16_dim_3104,0.0,0.0,2867,2211,656
3135,vgg16_dim_3135,0.00010090351514824919,0.0,1221,2211,-990
3134,vgg16_dim_3134,0.0,0.0,2867,2211,656
3133,vgg16_dim_3133,0.0,0.0,2867,2211,656
3132,vgg16_dim_3132,0.0,0.0,2867,2211,656
3131,vgg16_dim_3131,0.0,0.0,2867,2211,656
3130,vgg16_dim_3130,0.000784875206035403,0.0,42,2211,-2169
3128,vgg16_dim_3128,0.0,0.0,2867,2211,656
3127,vgg16_dim_3127,0.0,0.0,2867,2211,656
3126,vgg16_dim_3126,2.8222583909065747e-05,0.0,1400,2211,-811
3125,vgg16_dim_3125,5.5174736435841634e-05,0.0,1349,2211,-862
3124,vgg16_dim_3124,9.1292033267982e-05,0.0,1239,2211,-972
3123,vgg16_dim_3123,0.0,0.0,2867,2211,656
3122,vgg16_dim_3122,0.0,0.0,2867,2211,656
3121,vgg16_dim_3121,0.0,0.0,2867,2211,656
3120,vgg16_dim_3120,0.0,0.0,2867,2211,656
3151,vgg16_dim_3151,0.0,0.0,2867,2211,656
3150,vgg16_dim_3150,0.0,0.0,2867,2211,656
3149,vgg16_dim_3149,0.0,0.0,2867,2211,656
3148,vgg16_dim_3148,0.0,0.0,2867,2211,656
3147,vgg16_dim_3147,0.0,0.0,2867,2211,656
3146,vgg16_dim_3146,0.00015879292700502596,0.0,961,2211,-1250
3145,vgg16_dim_3145,0.0,0.0,2867,2211,656
3144,vgg16_dim_3144,4.5028297185421024e-05,0.0,1382,2211,-829
3143,vgg16_dim_3143,0.0,0.0,2867,2211,656
3142,vgg16_dim_3142,0.00017665047797977716,0.0,817,2211,-1394
3140,vgg16_dim_3140,0.00012847145418020024,0.0,1129,2211,-1082
3139,vgg16_dim_3139,0.00011587995093740833,0.0,1160,2211,-1051
3138,vgg16_dim_3138,0.0,0.0,2867,2211,656
3137,vgg16_dim_3137,0.0,0.0,2867,2211,656
3136,vgg16_dim_3136,0.0002787011470370236,0.0,426,2211,-1785
3167,vgg16_dim_3167,0.00034170691011283064,0.0,300,2211,-1911
3165,vgg16_dim_3165,2.5312958187277177e-05,0.0,1422,2211,-789
3164,vgg16_dim_3164,2.5145258968870895e-05,0.0,1426,2211,-785
3163,vgg16_dim_3163,0.0,0.0,2867,2211,656
3161,vgg16_dim_3161,0.00010858432964025627,0.0,1189,2211,-1022
3160,vgg16_dim_3160,0.00020270902083384002,0.0,630,2211,-1581
3159,vgg16_dim_3159,0.0,0.0,2867,2211,656
3158,vgg16_dim_3158,0.0002103190333204723,0.0,602,2211,-1609
3157,vgg16_dim_3157,0.0,0.0,2867,2211,656
3156,vgg16_dim_3156,0.0,0.0,2867,2211,656
3155,vgg16_dim_3155,0.0001022146704491367,0.0,1218,2211,-993
3154,vgg16_dim_3154,0.0,0.0,2867,2211,656
3153,vgg16_dim_3153,0.0,0.0,2867,2211,656
3152,vgg16_dim_3152,0.0,0.0,2867,2211,656
3183,vgg16_dim_3183,2.430046849329216e-05,0.0,1455,2211,-756
3182,vgg16_dim_3182,0.0,0.0,2867,2211,656
3180,vgg16_dim_3180,8.232306155490495e-05,0.0,1267,2211,-944
3179,vgg16_dim_3179,0.00010894068385030704,0.0,1186,2211,-1025
3178,vgg16_dim_3178,0.0,0.0,2867,2211,656
3177,vgg16_dim_3177,0.0,0.0,2867,2211,656
3176,vgg16_dim_3176,0.0,0.0,2867,2211,656
3174,vgg16_dim_3174,0.0,0.0,2867,2211,656
3173,vgg16_dim_3173,0.0,0.0,2867,2211,656
3172,vgg16_dim_3172,0.0,0.0,2867,2211,656
3171,vgg16_dim_3171,0.0002918502466933168,0.0,403,2211,-1808
3170,vgg16_dim_3170,2.1760129764912837e-05,0.0,1553,2211,-658
3168,vgg16_dim_3168,0.0,0.0,2867,2211,656
110,vgg16_dim_110,0.0001356499642066958,0.0,1091,2211,-1120
108,vgg16_dim_108,0.0,0.0,2867,2211,656
107,vgg16_dim_107,0.0,0.0,2867,2211,656
106,vgg16_dim_106,0.0001834616499951395,0.0,770,2211,-1441
105,vgg16_dim_105,0.0,0.0,2867,2211,656
104,vgg16_dim_104,0.0,0.0,2867,2211,656
102,vgg16_dim_102,0.00016757593066352123,0.0,892,2211,-1319
101,vgg16_dim_101,0.0,0.0,2867,2211,656
100,vgg16_dim_100,0.0,0.0,2867,2211,656
99,vgg16_dim_99,0.0,0.0,2867,2211,656
98,vgg16_dim_98,0.0,0.0,2867,2211,656
97,vgg16_dim_97,2.4481887185987823e-05,0.0,1448,2211,-763
96,vgg16_dim_96,0.0,0.0,2867,2211,656
3199,vgg16_dim_3199,0.0,0.0,2867,2211,656
3196,vgg16_dim_3196,0.0,0.0,2867,2211,656
3195,vgg16_dim_3195,0.0,0.0,2867,2211,656
3194,vgg16_dim_3194,0.0,0.0,2867,2211,656
3193,vgg16_dim_3193,8.36264732235652e-05,0.0,1262,2211,-949
3191,vgg16_dim_3191,0.0,0.0,2867,2211,656
3190,vgg16_dim_3190,0.0,0.0,2867,2211,656
3188,vgg16_dim_3188,0.00021970188359858502,0.0,560,2211,-1651
3187,vgg16_dim_3187,0.00016388472063163568,0.0,924,2211,-1287
3186,vgg16_dim_3186,0.0,0.0,2867,2211,656
3185,vgg16_dim_3185,0.00012032147267323401,0.0,1152,2211,-1059
3184,vgg16_dim_3184,0.0,0.0,2867,2211,656
3215,vgg16_dim_3215,0.0,0.0,2867,2211,656
3214,vgg16_dim_3214,2.2780527303500586e-05,0.0,1518,2211,-693
3213,vgg16_dim_3213,0.0,0.0,2867,2211,656
3212,vgg16_dim_3212,0.00018742383004281046,0.0,741,2211,-1470
3211,vgg16_dim_3211,0.00015166760307496374,0.0,999,2211,-1212
3210,vgg16_dim_3210,0.0,0.0,2867,2211,656
3209,vgg16_dim_3209,0.0,0.0,2867,2211,656
3208,vgg16_dim_3208,2.3180535228810286e-05,0.0,1500,2211,-711
3207,vgg16_dim_3207,0.0,0.0,2867,2211,656
3206,vgg16_dim_3206,0.0,0.0,2867,2211,656
3204,vgg16_dim_3204,0.0,0.0,2867,2211,656
3203,vgg16_dim_3203,0.0,0.0,2867,2211,656
3202,vgg16_dim_3202,8.860829364401736e-05,0.0,1242,2211,-969
3201,vgg16_dim_3201,0.0,0.0,2867,2211,656
3200,vgg16_dim_3200,0.0,0.0,2867,2211,656
3231,vgg16_dim_3231,2.1679788720764552e-05,0.0,1557,2211,-654
3230,vgg16_dim_3230,0.0,0.0,2867,2211,656
3229,vgg16_dim_3229,0.0013012470057315539,0.0,18,2211,-2193
3228,vgg16_dim_3228,0.0,0.0,2867,2211,656
3227,vgg16_dim_3227,0.0,0.0,2867,2211,656
3226,vgg16_dim_3226,0.0,0.0,2867,2211,656
3225,vgg16_dim_3225,0.0,0.0,2867,2211,656
3224,vgg16_dim_3224,0.0,0.0,2867,2211,656
3223,vgg16_dim_3223,0.0001044043831642121,0.0,1203,2211,-1008
3222,vgg16_dim_3222,0.0,0.0,2867,2211,656
3221,vgg16_dim_3221,0.0,0.0,2867,2211,656
3220,vgg16_dim_3220,0.0,0.0,2867,2211,656
3219,vgg16_dim_3219,0.0,0.0,2867,2211,656
3218,vgg16_dim_3218,0.00010731571992058278,0.0,1194,2211,-1017
3216,vgg16_dim_3216,0.00018110953117019357,0.0,785,2211,-1426
3247,vgg16_dim_3247,0.0,0.0,2867,2211,656
3246,vgg16_dim_3246,0.0003214189370849737,0.0,341,2211,-1870
3245,vgg16_dim_3245,0.0,0.0,2867,2211,656
3244,vgg16_dim_3244,0.00039373653745455796,0.0,217,2211,-1994
3243,vgg16_dim_3243,0.0,0.0,2867,2211,656
3242,vgg16_dim_3242,0.0,0.0,2867,2211,656
3241,vgg16_dim_3241,0.00014367892482578803,0.0,1044,2211,-1167
3240,vgg16_dim_3240,2.554430912287979e-05,0.0,1419,2211,-792
3239,vgg16_dim_3239,0.00020162894347140796,0.0,636,2211,-1575
3238,vgg16_dim_3238,0.0,0.0,2867,2211,656
3237,vgg16_dim_3237,0.0,0.0,2867,2211,656
3236,vgg16_dim_3236,0.0,0.0,2867,2211,656
3235,vgg16_dim_3235,0.0,0.0,2867,2211,656
3234,vgg16_dim_3234,0.0,0.0,2867,2211,656
3233,vgg16_dim_3233,0.0003801463571962837,0.0,236,2211,-1975
3232,vgg16_dim_3232,0.0,0.0,2867,2211,656
3263,vgg16_dim_3263,0.0,0.0,2867,2211,656
3262,vgg16_dim_3262,0.0,0.0,2867,2211,656
3261,vgg16_dim_3261,0.0,0.0,2867,2211,656
3260,vgg16_dim_3260,0.00019196366629496,0.0,708,2211,-1503
3258,vgg16_dim_3258,0.0,0.0,2867,2211,656
3257,vgg16_dim_3257,2.5398927377062567e-05,0.0,1421,2211,-790
3256,vgg16_dim_3256,0.0,0.0,2867,2211,656
3255,vgg16_dim_3255,0.0,0.0,2867,2211,656
3254,vgg16_dim_3254,0.00018639606386254516,0.0,749,2211,-1462
3253,vgg16_dim_3253,0.0,0.0,2867,2211,656
3251,vgg16_dim_3251,0.0,0.0,2867,2211,656
3250,vgg16_dim_3250,0.0,0.0,2867,2211,656
3249,vgg16_dim_3249,0.0,0.0,2867,2211,656
3248,vgg16_dim_3248,2.3598016060942917e-05,0.0,1482,2211,-729
3279,vgg16_dim_3279,0.0,0.0,2867,2211,656
3278,vgg16_dim_3278,0.0,0.0,2867,2211,656
3277,vgg16_dim_3277,0.0,0.0,2867,2211,656
3275,vgg16_dim_3275,0.0,0.0,2867,2211,656
3274,vgg16_dim_3274,0.0,0.0,2867,2211,656
3273,vgg16_dim_3273,0.0,0.0,2867,2211,656
3272,vgg16_dim_3272,0.0,0.0,2867,2211,656
3271,vgg16_dim_3271,0.0,0.0,2867,2211,656
3270,vgg16_dim_3270,8.82039318724674e-05,0.0,1244,2211,-967
3269,vgg16_dim_3269,2.2367542957398007e-05,0.0,1537,2211,-674
3268,vgg16_dim_3268,0.0,0.0,2867,2211,656
3267,vgg16_dim_3267,0.0,0.0,2867,2211,656
3266,vgg16_dim_3266,0.0,0.0,2867,2211,656
3264,vgg16_dim_3264,0.0,0.0,2867,2211,656
3295,vgg16_dim_3295,0.0,0.0,2867,2211,656
3294,vgg16_dim_3294,2.3603052952644616e-05,0.0,1481,2211,-730
3293,vgg16_dim_3293,0.0,0.0,2867,2211,656
3292,vgg16_dim_3292,0.0,0.0,2867,2211,656
3291,vgg16_dim_3291,0.00030587757817644826,0.0,376,2211,-1835
3290,vgg16_dim_3290,0.0002477793084955686,0.0,475,2211,-1736
3289,vgg16_dim_3289,0.0,0.0,2867,2211,656
3288,vgg16_dim_3288,2.2437828128409948e-05,0.0,1534,2211,-677
3287,vgg16_dim_3287,0.0,0.0,2867,2211,656
3285,vgg16_dim_3285,0.0,0.0,2867,2211,656
3284,vgg16_dim_3284,0.0011523610446678386,0.0,23,2211,-2188
3283,vgg16_dim_3283,0.00014595032157554557,0.0,1034,2211,-1177
3282,vgg16_dim_3282,0.0,0.0,2867,2211,656
3281,vgg16_dim_3281,0.0,0.0,2867,2211,656
3280,vgg16_dim_3280,0.0001330777851637784,0.0,1108,2211,-1103
3311,vgg16_dim_3311,7.294541371585521e-05,0.0,1297,2211,-914
3310,vgg16_dim_3310,0.00016496355869121012,0.0,914,2211,-1297
3309,vgg16_dim_3309,0.0,0.0,2867,2211,656
3308,vgg16_dim_3308,0.0,0.0,2867,2211,656
3307,vgg16_dim_3307,0.00019730500633188496,0.0,668,2211,-1543
3306,vgg16_dim_3306,0.00020147350152884702,0.0,637,2211,-1574
3305,vgg16_dim_3305,0.00021664719384751618,0.0,580,2211,-1631
3304,vgg16_dim_3304,0.0,0.0,2867,2211,656
3303,vgg16_dim_3303,0.0,0.0,2867,2211,656
3302,vgg16_dim_3302,0.0,0.0,2867,2211,656
3301,vgg16_dim_3301,0.0,0.0,2867,2211,656
3300,vgg16_dim_3300,0.0001477029727800521,0.0,1025,2211,-1186
3299,vgg16_dim_3299,0.0,0.0,2867,2211,656
3297,vgg16_dim_3297,2.682074543419258e-05,0.0,1406,2211,-805
3327,vgg16_dim_3327,0.0,0.0,2867,2211,656
3326,vgg16_dim_3326,0.0,0.0,2867,2211,656
3325,vgg16_dim_3325,0.0,0.0,2867,2211,656
3323,vgg16_dim_3323,2.3020587819781853e-05,0.0,1507,2211,-704
3322,vgg16_dim_3322,0.0,0.0,2867,2211,656
3321,vgg16_dim_3321,0.00032770403344938503,0.0,330,2211,-1881
3320,vgg16_dim_3320,0.0,0.0,2867,2211,656
3319,vgg16_dim_3319,0.0002688497637136605,0.0,441,2211,-1770
3318,vgg16_dim_3318,0.0,0.0,2867,2211,656
3317,vgg16_dim_3317,0.0,0.0,2867,2211,656
3316,vgg16_dim_3316,0.0,0.0,2867,2211,656
3315,vgg16_dim_3315,0.0,0.0,2867,2211,656
3314,vgg16_dim_3314,0.0,0.0,2867,2211,656
3313,vgg16_dim_3313,0.00010836524923626666,0.0,1190,2211,-1021
3312,vgg16_dim_3312,0.0,0.0,2867,2211,656
3343,vgg16_dim_3343,0.0,0.0,2867,2211,656
3342,vgg16_dim_3342,0.0,0.0,2867,2211,656
3341,vgg16_dim_3341,0.0,0.0,2867,2211,656
3340,vgg16_dim_3340,2.6129007177773546e-05,0.0,1414,2211,-797
3339,vgg16_dim_3339,0.0,0.0,2867,2211,656
3338,vgg16_dim_3338,0.0,0.0,2867,2211,656
3337,vgg16_dim_3337,0.0,0.0,2867,2211,656
3335,vgg16_dim_3335,0.0,0.0,2867,2211,656
3334,vgg16_dim_3334,0.00014915476302827633,0.0,1014,2211,-1197
3333,vgg16_dim_3333,0.0,0.0,2867,2211,656
3332,vgg16_dim_3332,0.0,0.0,2867,2211,656
3331,vgg16_dim_3331,0.0,0.0,2867,2211,656
3330,vgg16_dim_3330,0.00017310658482044976,0.0,855,2211,-1356
3329,vgg16_dim_3329,0.0,0.0,2867,2211,656
3328,vgg16_dim_3328,0.0,0.0,2867,2211,656
95,vgg16_dim_95,0.0,0.0,2867,2211,656
94,vgg16_dim_94,0.0,0.0,2867,2211,656
93,vgg16_dim_93,0.0003774566380623766,0.0,239,2211,-1972
92,vgg16_dim_92,0.0,0.0,2867,2211,656
91,vgg16_dim_91,0.0,0.0,2867,2211,656
90,vgg16_dim_90,0.0,0.0,2867,2211,656
89,vgg16_dim_89,0.0,0.0,2867,2211,656
88,vgg16_dim_88,0.0,0.0,2867,2211,656
87,vgg16_dim_87,0.0,0.0,2867,2211,656
86,vgg16_dim_86,5.6837341684345915e-05,0.0,1344,2211,-867
85,vgg16_dim_85,0.0,0.0,2867,2211,656
84,vgg16_dim_84,0.0004075391556379843,0.0,201,2211,-2010
83,vgg16_dim_83,0.0005180603566140354,0.0,114,2211,-2097
82,vgg16_dim_82,0.0002861653770292708,0.0,418,2211,-1793
81,vgg16_dim_81,6.003027635454685e-05,0.0,1327,2211,-884
80,vgg16_dim_80,0.00019093421644807238,0.0,715,2211,-1496
3359,vgg16_dim_3359,0.0,0.0,2867,2211,656
3358,vgg16_dim_3358,0.00031256784571614217,0.0,361,2211,-1850
3357,vgg16_dim_3357,9.354365514100179e-05,0.0,1237,2211,-974
3356,vgg16_dim_3356,0.0,0.0,2867,2211,656
3355,vgg16_dim_3355,0.00033669990953245725,0.0,311,2211,-1900
3354,vgg16_dim_3354,0.0,0.0,2867,2211,656
3353,vgg16_dim_3353,0.0,0.0,2867,2211,656
3352,vgg16_dim_3352,0.0,0.0,2867,2211,656
3350,vgg16_dim_3350,0.0,0.0,2867,2211,656
3349,vgg16_dim_3349,0.00015368627849286068,0.0,993,2211,-1218
3348,vgg16_dim_3348,0.0,0.0,2867,2211,656
3347,vgg16_dim_3347,0.0,0.0,2867,2211,656
3346,vgg16_dim_3346,0.0001292245130026375,0.0,1125,2211,-1086
3375,vgg16_dim_3375,0.0,0.0,2867,2211,656
3374,vgg16_dim_3374,0.0,0.0,2867,2211,656
3373,vgg16_dim_3373,0.0,0.0,2867,2211,656
3372,vgg16_dim_3372,0.0,0.0,2867,2211,656
3371,vgg16_dim_3371,0.0,0.0,2867,2211,656
3370,vgg16_dim_3370,0.00014262630232299747,0.0,1052,2211,-1159
3369,vgg16_dim_3369,0.00021295117093769994,0.0,590,2211,-1621
3368,vgg16_dim_3368,0.0,0.0,2867,2211,656
3367,vgg16_dim_3367,0.0,0.0,2867,2211,656
3366,vgg16_dim_3366,0.0,0.0,2867,2211,656
3365,vgg16_dim_3365,0.0,0.0,2867,2211,656
3364,vgg16_dim_3364,0.0,0.0,2867,2211,656
3363,vgg16_dim_3363,0.00018535715127258103,0.0,754,2211,-1457
3362,vgg16_dim_3362,0.0,0.0,2867,2211,656
3360,vgg16_dim_3360,0.0,0.0,2867,2211,656
3391,vgg16_dim_3391,0.00010436268102380994,0.0,1205,2211,-1006
3390,vgg16_dim_3390,0.0001375944733963564,0.0,1078,2211,-1133
3388,vgg16_dim_3388,2.3006710203899182e-05,0.0,1508,2211,-703
3387,vgg16_dim_3387,0.0,0.0,2867,2211,656
3386,vgg16_dim_3386,0.0,0.0,2867,2211,656
3384,vgg16_dim_3384,0.00026303851426875204,0.0,450,2211,-1761
3383,vgg16_dim_3383,0.0,0.0,2867,2211,656
3382,vgg16_dim_3382,0.00024005526788808366,0.0,495,2211,-1716
3381,vgg16_dim_3381,0.0,0.0,2867,2211,656
3380,vgg16_dim_3380,0.0,0.0,2867,2211,656
3379,vgg16_dim_3379,5.894621625097549e-05,0.0,1333,2211,-878
3378,vgg16_dim_3378,0.0001122258789473416,0.0,1173,2211,-1038
3377,vgg16_dim_3377,0.0001784897355827935,0.0,809,2211,-1402
3376,vgg16_dim_3376,0.0,0.0,2867,2211,656
3407,vgg16_dim_3407,0.0,0.0,2867,2211,656
3406,vgg16_dim_3406,0.0,0.0,2867,2211,656
3405,vgg16_dim_3405,0.0001658790531639193,0.0,912,2211,-1299
3404,vgg16_dim_3404,0.0,0.0,2867,2211,656
3403,vgg16_dim_3403,0.0,0.0,2867,2211,656
3402,vgg16_dim_3402,0.0,0.0,2867,2211,656
3401,vgg16_dim_3401,0.0002782562425997127,0.0,428,2211,-1783
3400,vgg16_dim_3400,0.0,0.0,2867,2211,656
3399,vgg16_dim_3399,5.691389240131484e-05,0.0,1342,2211,-869
3398,vgg16_dim_3398,0.0,0.0,2867,2211,656
3397,vgg16_dim_3397,0.0,0.0,2867,2211,656
3395,vgg16_dim_3395,0.0,0.0,2867,2211,656
3394,vgg16_dim_3394,0.0,0.0,2867,2211,656
3393,vgg16_dim_3393,0.0,0.0,2867,2211,656
3392,vgg16_dim_3392,0.0,0.0,2867,2211,656
3423,vgg16_dim_3423,0.0,0.0,2867,2211,656
3422,vgg16_dim_3422,0.00019938232632273417,0.0,650,2211,-1561
3421,vgg16_dim_3421,0.0,0.0,2867,2211,656
3420,vgg16_dim_3420,0.0001939190215177062,0.0,696,2211,-1515
3419,vgg16_dim_3419,0.0,0.0,2867,2211,656
3418,vgg16_dim_3418,0.0,0.0,2867,2211,656
3417,vgg16_dim_3417,0.0,0.0,2867,2211,656
3416,vgg16_dim_3416,0.0,0.0,2867,2211,656
3415,vgg16_dim_3415,0.00021779543144330812,0.0,575,2211,-1636
3414,vgg16_dim_3414,0.00024892176524946664,0.0,472,2211,-1739
3413,vgg16_dim_3413,0.0,0.0,2867,2211,656
3412,vgg16_dim_3412,0.0,0.0,2867,2211,656
3411,vgg16_dim_3411,0.0,0.0,2867,2211,656
3410,vgg16_dim_3410,0.0,0.0,2867,2211,656
3409,vgg16_dim_3409,0.0,0.0,2867,2211,656
3408,vgg16_dim_3408,0.0,0.0,2867,2211,656
3439,vgg16_dim_3439,0.0003128014225020855,0.0,360,2211,-1851
3437,vgg16_dim_3437,0.0,0.0,2867,2211,656
3436,vgg16_dim_3436,0.0002911617018425142,0.0,406,2211,-1805
3435,vgg16_dim_3435,0.0,0.0,2867,2211,656
3434,vgg16_dim_3434,0.0003912316781159528,0.0,224,2211,-1987
3433,vgg16_dim_3433,0.0,0.0,2867,2211,656
3432,vgg16_dim_3432,2.502055670084685e-05,0.0,1433,2211,-778
3431,vgg16_dim_3431,0.0,0.0,2867,2211,656
3430,vgg16_dim_3430,0.00013297308132039157,0.0,1109,2211,-1102
3429,vgg16_dim_3429,0.0,0.0,2867,2211,656
3428,vgg16_dim_3428,0.0,0.0,2867,2211,656
3427,vgg16_dim_3427,0.0,0.0,2867,2211,656
3426,vgg16_dim_3426,5.088067481294625e-05,0.0,1362,2211,-849
3425,vgg16_dim_3425,0.0,0.0,2867,2211,656
3424,vgg16_dim_3424,0.0,0.0,2867,2211,656
3455,vgg16_dim_3455,0.00020586872049232886,0.0,617,2211,-1594
3454,vgg16_dim_3454,0.00012882798409571844,0.0,1128,2211,-1083
3453,vgg16_dim_3453,0.0,0.0,2867,2211,656
3452,vgg16_dim_3452,0.0,0.0,2867,2211,656
3451,vgg16_dim_3451,0.0,0.0,2867,2211,656
3450,vgg16_dim_3450,0.0,0.0,2867,2211,656
3449,vgg16_dim_3449,0.0,0.0,2867,2211,656
3447,vgg16_dim_3447,0.0,0.0,2867,2211,656
3446,vgg16_dim_3446,0.00016267491316164428,0.0,933,2211,-1278
3445,vgg16_dim_3445,2.3597566092718506e-05,0.0,1483,2211,-728
3444,vgg16_dim_3444,2.1502849049445153e-05,0.0,1566,2211,-645
3443,vgg16_dim_3443,0.0,0.0,2867,2211,656
3442,vgg16_dim_3442,0.0,0.0,2867,2211,656
3441,vgg16_dim_3441,0.0,0.0,2867,2211,656
3440,vgg16_dim_3440,0.0,0.0,2867,2211,656
3471,vgg16_dim_3471,0.0,0.0,2867,2211,656
3470,vgg16_dim_3470,0.0,0.0,2867,2211,656
3469,vgg16_dim_3469,0.0,0.0,2867,2211,656
3468,vgg16_dim_3468,0.0,0.0,2867,2211,656
3466,vgg16_dim_3466,0.00014930811014093144,0.0,1011,2211,-1200
3465,vgg16_dim_3465,0.0002109808493031268,0.0,601,2211,-1610
3464,vgg16_dim_3464,0.0001585782184306822,0.0,963,2211,-1248
3463,vgg16_dim_3463,0.0002010183642541009,0.0,639,2211,-1572
3462,vgg16_dim_3462,0.0,0.0,2867,2211,656
3461,vgg16_dim_3461,0.0,0.0,2867,2211,656
3460,vgg16_dim_3460,0.00030368239934492995,0.0,381,2211,-1830
3459,vgg16_dim_3459,0.0006112903163805267,0.0,76,2211,-2135
3458,vgg16_dim_3458,0.00017427313445904152,0.0,846,2211,-1365
3457,vgg16_dim_3457,0.0,0.0,2867,2211,656
3456,vgg16_dim_3456,0.0,0.0,2867,2211,656
3487,vgg16_dim_3487,0.0,0.0,2867,2211,656
3485,vgg16_dim_3485,0.0001030243034040874,0.0,1212,2211,-999
3484,vgg16_dim_3484,0.0,0.0,2867,2211,656
3483,vgg16_dim_3483,0.00018584286955247224,0.0,752,2211,-1459
3482,vgg16_dim_3482,0.0,0.0,2867,2211,656
3481,vgg16_dim_3481,0.0,0.0,2867,2211,656
3480,vgg16_dim_3480,0.0,0.0,2867,2211,656
3479,vgg16_dim_3479,0.0,0.0,2867,2211,656
3476,vgg16_dim_3476,0.0,0.0,2867,2211,656
3475,vgg16_dim_3475,0.0,0.0,2867,2211,656
3474,vgg16_dim_3474,0.00017966667507025318,0.0,799,2211,-1412
3473,vgg16_dim_3473,0.0,0.0,2867,2211,656
3472,vgg16_dim_3472,0.0,0.0,2867,2211,656
3502,vgg16_dim_3502,0.0,0.0,2867,2211,656
3501,vgg16_dim_3501,0.0,0.0,2867,2211,656
3500,vgg16_dim_3500,0.0002904407925948781,0.0,409,2211,-1802
3499,vgg16_dim_3499,0.0,0.0,2867,2211,656
3498,vgg16_dim_3498,0.0,0.0,2867,2211,656
3497,vgg16_dim_3497,0.00016418843572732668,0.0,922,2211,-1289
3496,vgg16_dim_3496,0.00019862277238889302,0.0,656,2211,-1555
3495,vgg16_dim_3495,0.00018090957831597688,0.0,786,2211,-1425
3494,vgg16_dim_3494,0.0,0.0,2867,2211,656
3493,vgg16_dim_3493,4.786783415561977e-05,0.0,1372,2211,-839
3492,vgg16_dim_3492,0.0003233238777495294,0.0,337,2211,-1874
3491,vgg16_dim_3491,0.00010880047165923452,0.0,1188,2211,-1023
3490,vgg16_dim_3490,0.0,0.0,2867,2211,656
3489,vgg16_dim_3489,0.00017083590972895012,0.0,871,2211,-1340
3488,vgg16_dim_3488,0.0,0.0,2867,2211,656
3518,vgg16_dim_3518,0.00024026537830024636,0.0,494,2211,-1717
3517,vgg16_dim_3517,0.0,0.0,2867,2211,656
3516,vgg16_dim_3516,0.0005239840984757029,0.0,111,2211,-2100
3515,vgg16_dim_3515,0.0003982387651190855,0.0,213,2211,-1998
3514,vgg16_dim_3514,0.0,0.0,2867,2211,656
3513,vgg16_dim_3513,0.0,0.0,2867,2211,656
3512,vgg16_dim_3512,0.0,0.0,2867,2211,656
3511,vgg16_dim_3511,0.0,0.0,2867,2211,656
3510,vgg16_dim_3510,2.3694552761360817e-05,0.0,1475,2211,-736
3509,vgg16_dim_3509,0.0,0.0,2867,2211,656
3507,vgg16_dim_3507,0.0002283990704085691,0.0,529,2211,-1682
3506,vgg16_dim_3506,0.0,0.0,2867,2211,656
3505,vgg16_dim_3505,0.0,0.0,2867,2211,656
3504,vgg16_dim_3504,0.00017541600306988478,0.0,830,2211,-1381
3535,vgg16_dim_3535,0.0,0.0,2867,2211,656
3534,vgg16_dim_3534,0.00017451331411901297,0.0,841,2211,-1370
3533,vgg16_dim_3533,0.00017771037531242586,0.0,814,2211,-1397
3532,vgg16_dim_3532,0.0002591386893455871,0.0,459,2211,-1752
3531,vgg16_dim_3531,0.0,0.0,2867,2211,656
3530,vgg16_dim_3530,0.0,0.0,2867,2211,656
3529,vgg16_dim_3529,0.00035599562926097857,0.0,270,2211,-1941
3528,vgg16_dim_3528,0.0,0.0,2867,2211,656
3527,vgg16_dim_3527,0.0,0.0,2867,2211,656
3526,vgg16_dim_3526,0.0,0.0,2867,2211,656
3525,vgg16_dim_3525,0.0001791168598676312,0.0,805,2211,-1406
3524,vgg16_dim_3524,0.0,0.0,2867,2211,656
3523,vgg16_dim_3523,0.0,0.0,2867,2211,656
3522,vgg16_dim_3522,0.0,0.0,2867,2211,656
3521,vgg16_dim_3521,0.0,0.0,2867,2211,656
3520,vgg16_dim_3520,0.0,0.0,2867,2211,656
79,vgg16_dim_79,0.0002184386895229295,0.0,572,2211,-1639
78,vgg16_dim_78,0.00016921329550011736,0.0,879,2211,-1332
77,vgg16_dim_77,0.0,0.0,2867,2211,656
76,vgg16_dim_76,0.0,0.0,2867,2211,656
75,vgg16_dim_75,0.0,0.0,2867,2211,656
74,vgg16_dim_74,2.146179697472364e-05,0.0,1567,2211,-644
73,vgg16_dim_73,0.0,0.0,2867,2211,656
72,vgg16_dim_72,0.0,0.0,2867,2211,656
71,vgg16_dim_71,0.0,0.0,2867,2211,656
70,vgg16_dim_70,2.2687366565819502e-05,0.0,1522,2211,-689
68,vgg16_dim_68,0.0,0.0,2867,2211,656
67,vgg16_dim_67,0.0,0.0,2867,2211,656
66,vgg16_dim_66,0.0,0.0,2867,2211,656
65,vgg16_dim_65,0.00017489964530627983,0.0,836,2211,-1375
64,vgg16_dim_64,0.0,0.0,2867,2211,656
3551,vgg16_dim_3551,0.0,0.0,2867,2211,656
3550,vgg16_dim_3550,0.0,0.0,2867,2211,656
3549,vgg16_dim_3549,0.0,0.0,2867,2211,656
3547,vgg16_dim_3547,0.0008370538505913372,0.0,36,2211,-2175
3546,vgg16_dim_3546,0.0,0.0,2867,2211,656
3545,vgg16_dim_3545,0.0,0.0,2867,2211,656
3544,vgg16_dim_3544,0.0,0.0,2867,2211,656
3543,vgg16_dim_3543,0.0,0.0,2867,2211,656
3542,vgg16_dim_3542,0.0,0.0,2867,2211,656
3541,vgg16_dim_3541,0.00018300807443998631,0.0,777,2211,-1434
3540,vgg16_dim_3540,0.0,0.0,2867,2211,656
3538,vgg16_dim_3538,0.0,0.0,2867,2211,656
3536,vgg16_dim_3536,0.00011482875355450229,0.0,1164,2211,-1047
3567,vgg16_dim_3567,0.0,0.0,2867,2211,656
3566,vgg16_dim_3566,0.0,0.0,2867,2211,656
3565,vgg16_dim_3565,2.641086526929187e-05,0.0,1412,2211,-799
3564,vgg16_dim_3564,0.0,0.0,2867,2211,656
3563,vgg16_dim_3563,0.0,0.0,2867,2211,656
3562,vgg16_dim_3562,0.0,0.0,2867,2211,656
3561,vgg16_dim_3561,0.00022534366247365964,0.0,540,2211,-1671
3560,vgg16_dim_3560,0.0,0.0,2867,2211,656
3559,vgg16_dim_3559,0.0,0.0,2867,2211,656
3558,vgg16_dim_3558,0.0,0.0,2867,2211,656
3557,vgg16_dim_3557,0.0,0.0,2867,2211,656
3556,vgg16_dim_3556,0.0002306862734487927,0.0,520,2211,-1691
3555,vgg16_dim_3555,2.528125885895604e-05,0.0,1424,2211,-787
3554,vgg16_dim_3554,8.040055373796414e-05,0.0,1278,2211,-933
3552,vgg16_dim_3552,0.0,0.0,2867,2211,656
3583,vgg16_dim_3583,0.0,0.0,2867,2211,656
3581,vgg16_dim_3581,0.0,0.0,2867,2211,656
3580,vgg16_dim_3580,0.00030390708133218796,0.0,380,2211,-1831
3579,vgg16_dim_3579,0.0,0.0,2867,2211,656
3578,vgg16_dim_3578,0.0,0.0,2867,2211,656
3577,vgg16_dim_3577,0.0,0.0,2867,2211,656
3575,vgg16_dim_3575,0.0,0.0,2867,2211,656
3574,vgg16_dim_3574,0.0,0.0,2867,2211,656
3573,vgg16_dim_3573,0.0,0.0,2867,2211,656
3572,vgg16_dim_3572,0.0,0.0,2867,2211,656
3570,vgg16_dim_3570,0.0,0.0,2867,2211,656
3569,vgg16_dim_3569,0.00033301018377819336,0.0,321,2211,-1890
3568,vgg16_dim_3568,6.327886740922618e-05,0.0,1317,2211,-894
3599,vgg16_dim_3599,0.0,0.0,2867,2211,656
3598,vgg16_dim_3598,0.00010201674717913709,0.0,1219,2211,-992
3597,vgg16_dim_3597,0.0,0.0,2867,2211,656
3596,vgg16_dim_3596,0.0,0.0,2867,2211,656
3595,vgg16_dim_3595,0.0,0.0,2867,2211,656
3594,vgg16_dim_3594,0.0,0.0,2867,2211,656
3593,vgg16_dim_3593,0.00010565508009347859,0.0,1198,2211,-1013
3592,vgg16_dim_3592,6.066139842002219e-05,0.0,1324,2211,-887
3591,vgg16_dim_3591,0.0,0.0,2867,2211,656
3589,vgg16_dim_3589,0.0,0.0,2867,2211,656
3588,vgg16_dim_3588,0.00034998260897020845,0.0,289,2211,-1922
3587,vgg16_dim_3587,0.0002879944303602378,0.0,413,2211,-1798
3586,vgg16_dim_3586,0.0,0.0,2867,2211,656
3585,vgg16_dim_3585,0.0,0.0,2867,2211,656
3584,vgg16_dim_3584,7.755183977341804e-05,0.0,1287,2211,-924
3615,vgg16_dim_3615,0.0,0.0,2867,2211,656
3614,vgg16_dim_3614,2.709977558033692e-05,0.0,1403,2211,-808
3613,vgg16_dim_3613,0.0,0.0,2867,2211,656
3612,vgg16_dim_3612,0.0,0.0,2867,2211,656
3611,vgg16_dim_3611,0.0,0.0,2867,2211,656
3610,vgg16_dim_3610,0.0,0.0,2867,2211,656
3608,vgg16_dim_3608,0.0,0.0,2867,2211,656
3607,vgg16_dim_3607,0.0,0.0,2867,2211,656
3606,vgg16_dim_3606,2.1434136744351087e-05,0.0,1569,2211,-642
3605,vgg16_dim_3605,0.0,0.0,2867,2211,656
3604,vgg16_dim_3604,0.00016474296836644888,0.0,916,2211,-1295
3603,vgg16_dim_3603,0.00016657401164802275,0.0,905,2211,-1306
3602,vgg16_dim_3602,0.0,0.0,2867,2211,656
3600,vgg16_dim_3600,0.00019954009484902743,0.0,648,2211,-1563
3631,vgg16_dim_3631,0.0003438081523604602,0.0,297,2211,-1914
3630,vgg16_dim_3630,0.0,0.0,2867,2211,656
3629,vgg16_dim_3629,0.0002005183660673519,0.0,642,2211,-1569
3628,vgg16_dim_3628,0.0,0.0,2867,2211,656
3627,vgg16_dim_3627,0.0,0.0,2867,2211,656
3626,vgg16_dim_3626,0.0,0.0,2867,2211,656
3625,vgg16_dim_3625,0.0004378784538109599,0.0,163,2211,-2048
3624,vgg16_dim_3624,0.0,0.0,2867,2211,656
3623,vgg16_dim_3623,0.0,0.0,2867,2211,656
3622,vgg16_dim_3622,0.0,0.0,2867,2211,656
3621,vgg16_dim_3621,0.0,0.0,2867,2211,656
3620,vgg16_dim_3620,0.00013706533881436262,0.0,1083,2211,-1128
3619,vgg16_dim_3619,0.0,0.0,2867,2211,656
3618,vgg16_dim_3618,0.0,0.0,2867,2211,656
3617,vgg16_dim_3617,0.0,0.0,2867,2211,656
3647,vgg16_dim_3647,0.0,0.0,2867,2211,656
3646,vgg16_dim_3646,0.0,0.0,2867,2211,656
3645,vgg16_dim_3645,0.0002691719423621992,0.0,439,2211,-1772
3643,vgg16_dim_3643,0.00019489505464795166,0.0,686,2211,-1525
3642,vgg16_dim_3642,0.0,0.0,2867,2211,656
3641,vgg16_dim_3641,0.00024569117719571413,0.0,481,2211,-1730
3640,vgg16_dim_3640,0.0,0.0,2867,2211,656
3639,vgg16_dim_3639,0.0,0.0,2867,2211,656
3638,vgg16_dim_3638,0.0001423379431539322,0.0,1055,2211,-1156
3637,vgg16_dim_3637,0.0,0.0,2867,2211,656
3636,vgg16_dim_3636,0.0,0.0,2867,2211,656
3635,vgg16_dim_3635,0.0,0.0,2867,2211,656
3634,vgg16_dim_3634,0.0,0.0,2867,2211,656
3633,vgg16_dim_3633,0.0006157007526872099,0.0,74,2211,-2137
3632,vgg16_dim_3632,0.0,0.0,2867,2211,656
3663,vgg16_dim_3663,0.00018315669018511595,0.0,775,2211,-1436
3662,vgg16_dim_3662,0.0,0.0,2867,2211,656
3661,vgg16_dim_3661,0.0,0.0,2867,2211,656
3660,vgg16_dim_3660,0.0001879031641428226,0.0,736,2211,-1475
3659,vgg16_dim_3659,0.0,0.0,2867,2211,656
3658,vgg16_dim_3658,0.0,0.0,2867,2211,656
3657,vgg16_dim_3657,0.0,0.0,2867,2211,656
3656,vgg16_dim_3656,0.00028474788124676633,0.0,420,2211,-1791
3655,vgg16_dim_3655,0.0001999460233925056,0.0,643,2211,-1568
3654,vgg16_dim_3654,0.0,0.0,2867,2211,656
3653,vgg16_dim_3653,0.0002053928366796995,0.0,620,2211,-1591
3652,vgg16_dim_3652,0.00030704372561389493,0.0,373,2211,-1838
3651,vgg16_dim_3651,0.0,0.0,2867,2211,656
3650,vgg16_dim_3650,0.0,0.0,2867,2211,656
3649,vgg16_dim_3649,2.4420643346236876e-05,0.0,1450,2211,-761
3648,vgg16_dim_3648,0.0,0.0,2867,2211,656
3679,vgg16_dim_3679,0.0,0.0,2867,2211,656
3678,vgg16_dim_3678,0.0,0.0,2867,2211,656
3677,vgg16_dim_3677,0.0,0.0,2867,2211,656
3676,vgg16_dim_3676,0.0,0.0,2867,2211,656
3675,vgg16_dim_3675,0.0,0.0,2867,2211,656
3674,vgg16_dim_3674,0.0004640687575940539,0.0,144,2211,-2067
3673,vgg16_dim_3673,0.0001233161231906027,0.0,1149,2211,-1062
3672,vgg16_dim_3672,0.0,0.0,2867,2211,656
3671,vgg16_dim_3671,0.0,0.0,2867,2211,656
3669,vgg16_dim_3669,0.0001683218730364971,0.0,885,2211,-1326
3668,vgg16_dim_3668,2.494536193644741e-05,0.0,1435,2211,-776
3667,vgg16_dim_3667,0.00031645293035244764,0.0,354,2211,-1857
3665,vgg16_dim_3665,7.804419413254587e-05,0.0,1285,2211,-926
3664,vgg16_dim_3664,0.00043510043783817566,0.0,165,2211,-2046
3695,vgg16_dim_3695,0.00034026566612338087,0.0,304,2211,-1907
3694,vgg16_dim_3694,0.0001439472391162356,0.0,1041,2211,-1170
3693,vgg16_dim_3693,0.00015685977459598436,0.0,976,2211,-1235
3692,vgg16_dim_3692,0.0,0.0,2867,2211,656
3691,vgg16_dim_3691,0.0001562794758496101,0.0,980,2211,-1231
3690,vgg16_dim_3690,0.00010438770942567466,0.0,1204,2211,-1007
3689,vgg16_dim_3689,0.0,0.0,2867,2211,656
3688,vgg16_dim_3688,2.2653107676101726e-05,0.0,1523,2211,-688
3686,vgg16_dim_3686,0.0003538882073674541,0.0,279,2211,-1932
3685,vgg16_dim_3685,0.0,0.0,2867,2211,656
3684,vgg16_dim_3684,0.0,0.0,2867,2211,656
3683,vgg16_dim_3683,0.00012388810604630398,0.0,1146,2211,-1065
3682,vgg16_dim_3682,0.0,0.0,2867,2211,656
3680,vgg16_dim_3680,0.0,0.0,2867,2211,656
63,vgg16_dim_63,0.0,0.0,2867,2211,656
62,vgg16_dim_62,0.0,0.0,2867,2211,656
61,vgg16_dim_61,0.0,0.0,2867,2211,656
60,vgg16_dim_60,0.0,0.0,2867,2211,656
59,vgg16_dim_59,0.0,0.0,2867,2211,656
58,vgg16_dim_58,0.00013431838501512072,0.0,1102,2211,-1109
57,vgg16_dim_57,0.0,0.0,2867,2211,656
56,vgg16_dim_56,0.0006149669928005448,0.0,75,2211,-2136
55,vgg16_dim_55,0.0,0.0,2867,2211,656
54,vgg16_dim_54,0.0,0.0,2867,2211,656
53,vgg16_dim_53,0.0005263790856297641,0.0,110,2211,-2101
52,vgg16_dim_52,0.0,0.0,2867,2211,656
51,vgg16_dim_51,0.0,0.0,2867,2211,656
50,vgg16_dim_50,0.0001141725926926184,0.0,1167,2211,-1044
49,vgg16_dim_49,0.0,0.0,2867,2211,656
48,vgg16_dim_48,0.0,0.0,2867,2211,656
3711,vgg16_dim_3711,0.0,0.0,2867,2211,656
3710,vgg16_dim_3710,0.0,0.0,2867,2211,656
3709,vgg16_dim_3709,0.0,0.0,2867,2211,656
3708,vgg16_dim_3708,0.0,0.0,2867,2211,656
3707,vgg16_dim_3707,0.0,0.0,2867,2211,656
3706,vgg16_dim_3706,0.0,0.0,2867,2211,656
3705,vgg16_dim_3705,0.00011376145256439901,0.0,1169,2211,-1042
3703,vgg16_dim_3703,0.0,0.0,2867,2211,656
3702,vgg16_dim_3702,0.0,0.0,2867,2211,656
3701,vgg16_dim_3701,0.0,0.0,2867,2211,656
3700,vgg16_dim_3700,0.0,0.0,2867,2211,656
3698,vgg16_dim_3698,8.185243799691787e-05,0.0,1273,2211,-938
3697,vgg16_dim_3697,0.0,0.0,2867,2211,656
3696,vgg16_dim_3696,0.00013753686436551594,0.0,1079,2211,-1132
3727,vgg16_dim_3727,0.0002307930645994033,0.0,519,2211,-1692
3726,vgg16_dim_3726,0.0,0.0,2867,2211,656
3725,vgg16_dim_3725,0.0,0.0,2867,2211,656
3724,vgg16_dim_3724,0.00032157513671876017,0.0,340,2211,-1871
3723,vgg16_dim_3723,0.0002083022633079629,0.0,607,2211,-1604
3722,vgg16_dim_3722,0.00010380159380194691,0.0,1208,2211,-1003
3721,vgg16_dim_3721,0.0,0.0,2867,2211,656
3720,vgg16_dim_3720,2.2065363514593182e-05,0.0,1543,2211,-668
3719,vgg16_dim_3719,2.6954826826491967e-05,0.0,1404,2211,-807
3718,vgg16_dim_3718,0.0,0.0,2867,2211,656
3717,vgg16_dim_3717,0.0005341096010319721,0.0,106,2211,-2105
3716,vgg16_dim_3716,0.0,0.0,2867,2211,656
3715,vgg16_dim_3715,0.0,0.0,2867,2211,656
3714,vgg16_dim_3714,5.520819282979908e-05,0.0,1348,2211,-863
3713,vgg16_dim_3713,8.812764563179617e-05,0.0,1245,2211,-966
3712,vgg16_dim_3712,8.22790019845091e-05,0.0,1268,2211,-943
3743,vgg16_dim_3743,0.00016008223772493317,0.0,950,2211,-1261
3742,vgg16_dim_3742,0.0,0.0,2867,2211,656
3741,vgg16_dim_3741,0.0007594914597381071,0.0,47,2211,-2164
3740,vgg16_dim_3740,0.0,0.0,2867,2211,656
3739,vgg16_dim_3739,0.0,0.0,2867,2211,656
3738,vgg16_dim_3738,0.0,0.0,2867,2211,656
3737,vgg16_dim_3737,0.0,0.0,2867,2211,656
3736,vgg16_dim_3736,0.0,0.0,2867,2211,656
3734,vgg16_dim_3734,0.0,0.0,2867,2211,656
3733,vgg16_dim_3733,0.00041240173985689874,0.0,191,2211,-2020
3732,vgg16_dim_3732,0.00017573530544560216,0.0,826,2211,-1385
3731,vgg16_dim_3731,0.00029542535086759175,0.0,396,2211,-1815
3730,vgg16_dim_3730,0.0,0.0,2867,2211,656
3729,vgg16_dim_3729,0.00030803091172795305,0.0,372,2211,-1839
3759,vgg16_dim_3759,0.0,0.0,2867,2211,656
3758,vgg16_dim_3758,0.0,0.0,2867,2211,656
3757,vgg16_dim_3757,0.0002969707187472535,0.0,395,2211,-1816
3756,vgg16_dim_3756,0.0,0.0,2867,2211,656
3755,vgg16_dim_3755,2.1156529818090257e-05,0.0,1576,2211,-635
3754,vgg16_dim_3754,2.3314264725575995e-05,0.0,1496,2211,-715
3752,vgg16_dim_3752,2.180462028319251e-05,0.0,1551,2211,-660
3751,vgg16_dim_3751,0.0,0.0,2867,2211,656
3750,vgg16_dim_3750,0.0,0.0,2867,2211,656
3749,vgg16_dim_3749,0.0001964131215361823,0.0,674,2211,-1537
3748,vgg16_dim_3748,4.419074156634059e-05,0.0,1386,2211,-825
3747,vgg16_dim_3747,0.0,0.0,2867,2211,656
3746,vgg16_dim_3746,0.0,0.0,2867,2211,656
3745,vgg16_dim_3745,0.0,0.0,2867,2211,656
3744,vgg16_dim_3744,0.0,0.0,2867,2211,656
3775,vgg16_dim_3775,9.07136786175922e-05,0.0,1240,2211,-971
3774,vgg16_dim_3774,0.0,0.0,2867,2211,656
3773,vgg16_dim_3773,0.0,0.0,2867,2211,656
3772,vgg16_dim_3772,0.00014747933085151703,0.0,1028,2211,-1183
3771,vgg16_dim_3771,0.0002194993690997779,0.0,562,2211,-1649
3770,vgg16_dim_3770,0.0,0.0,2867,2211,656
3769,vgg16_dim_3769,0.00020666355517192877,0.0,614,2211,-1597
3768,vgg16_dim_3768,0.0003546758416802706,0.0,273,2211,-1938
3767,vgg16_dim_3767,0.0,0.0,2867,2211,656
3766,vgg16_dim_3766,0.0,0.0,2867,2211,656
3765,vgg16_dim_3765,0.0,0.0,2867,2211,656
3764,vgg16_dim_3764,0.0,0.0,2867,2211,656
3763,vgg16_dim_3763,0.0,0.0,2867,2211,656
3762,vgg16_dim_3762,0.00035758020349233293,0.0,267,2211,-1944
3761,vgg16_dim_3761,0.0,0.0,2867,2211,656
3760,vgg16_dim_3760,0.0,0.0,2867,2211,656
3791,vgg16_dim_3791,0.0,0.0,2867,2211,656
3790,vgg16_dim_3790,0.0,0.0,2867,2211,656
3789,vgg16_dim_3789,0.0,0.0,2867,2211,656
3788,vgg16_dim_3788,0.0001843689055137087,0.0,761,2211,-1450
3787,vgg16_dim_3787,0.0,0.0,2867,2211,656
3786,vgg16_dim_3786,0.0,0.0,2867,2211,656
3784,vgg16_dim_3784,0.0,0.0,2867,2211,656
3783,vgg16_dim_3783,0.0,0.0,2867,2211,656
3782,vgg16_dim_3782,0.0,0.0,2867,2211,656
3781,vgg16_dim_3781,0.0,0.0,2867,2211,656
3780,vgg16_dim_3780,0.00017523397004116313,0.0,833,2211,-1378
3779,vgg16_dim_3779,0.0,0.0,2867,2211,656
3778,vgg16_dim_3778,0.0,0.0,2867,2211,656
3777,vgg16_dim_3777,0.00013870428856343047,0.0,1075,2211,-1136
3776,vgg16_dim_3776,0.0,0.0,2867,2211,656
3807,vgg16_dim_3807,0.0,0.0,2867,2211,656
3806,vgg16_dim_3806,7.912698269832434e-05,0.0,1282,2211,-929
3805,vgg16_dim_3805,0.0,0.0,2867,2211,656
3804,vgg16_dim_3804,0.0,0.0,2867,2211,656
3802,vgg16_dim_3802,0.0,0.0,2867,2211,656
3800,vgg16_dim_3800,6.028726036946795e-05,0.0,1325,2211,-886
3799,vgg16_dim_3799,0.00019942669511100993,0.0,649,2211,-1562
3798,vgg16_dim_3798,0.0,0.0,2867,2211,656
3797,vgg16_dim_3797,0.0,0.0,2867,2211,656
3796,vgg16_dim_3796,0.0,0.0,2867,2211,656
3795,vgg16_dim_3795,0.0,0.0,2867,2211,656
3794,vgg16_dim_3794,0.0,0.0,2867,2211,656
3793,vgg16_dim_3793,2.2508912549081068e-05,0.0,1528,2211,-683
3792,vgg16_dim_3792,0.0,0.0,2867,2211,656
3822,vgg16_dim_3822,2.490751804452582e-05,0.0,1437,2211,-774
3820,vgg16_dim_3820,0.0,0.0,2867,2211,656
3819,vgg16_dim_3819,0.00015026716353353384,0.0,1006,2211,-1205
3818,vgg16_dim_3818,0.0,0.0,2867,2211,656
3817,vgg16_dim_3817,0.0,0.0,2867,2211,656
3816,vgg16_dim_3816,0.0003197237720833989,0.0,344,2211,-1867
3814,vgg16_dim_3814,0.0,0.0,2867,2211,656
3813,vgg16_dim_3813,2.2971897872134993e-05,0.0,1510,2211,-701
3812,vgg16_dim_3812,0.0,0.0,2867,2211,656
3811,vgg16_dim_3811,0.0,0.0,2867,2211,656
3810,vgg16_dim_3810,0.00015158761476674796,0.0,1001,2211,-1210
3809,vgg16_dim_3809,0.0,0.0,2867,2211,656
3808,vgg16_dim_3808,0.0,0.0,2867,2211,656
3839,vgg16_dim_3839,0.0,0.0,2867,2211,656
3838,vgg16_dim_3838,0.000228622287989046,0.0,526,2211,-1685
3837,vgg16_dim_3837,0.0003522248703079434,0.0,283,2211,-1928
3835,vgg16_dim_3835,0.0,0.0,2867,2211,656
3834,vgg16_dim_3834,0.0,0.0,2867,2211,656
3833,vgg16_dim_3833,0.00030549091351129255,0.0,377,2211,-1834
3832,vgg16_dim_3832,0.0,0.0,2867,2211,656
3831,vgg16_dim_3831,0.0,0.0,2867,2211,656
3830,vgg16_dim_3830,0.0006942764330674689,0.0,57,2211,-2154
3829,vgg16_dim_3829,0.0,0.0,2867,2211,656
3828,vgg16_dim_3828,5.771216026023393e-05,0.0,1337,2211,-874
3827,vgg16_dim_3827,0.0,0.0,2867,2211,656
3826,vgg16_dim_3826,0.0,0.0,2867,2211,656
3825,vgg16_dim_3825,2.505192894132566e-05,0.0,1430,2211,-781
3824,vgg16_dim_3824,0.0001799246623639764,0.0,797,2211,-1414
3854,vgg16_dim_3854,0.0,0.0,2867,2211,656
3852,vgg16_dim_3852,0.0,0.0,2867,2211,656
3850,vgg16_dim_3850,0.0004012380003824841,0.0,206,2211,-2005
3849,vgg16_dim_3849,0.0,0.0,2867,2211,656
3848,vgg16_dim_3848,0.0003993644629094015,0.0,210,2211,-2001
3847,vgg16_dim_3847,0.0,0.0,2867,2211,656
3846,vgg16_dim_3846,0.0,0.0,2867,2211,656
3845,vgg16_dim_3845,0.0,0.0,2867,2211,656
3844,vgg16_dim_3844,0.00036435508663889996,0.0,259,2211,-1952
3842,vgg16_dim_3842,4.4854372924320474e-05,0.0,1383,2211,-828
3841,vgg16_dim_3841,0.0,0.0,2867,2211,656
3840,vgg16_dim_3840,0.0,0.0,2867,2211,656
47,vgg16_dim_47,0.00017056942424041875,0.0,872,2211,-1339
46,vgg16_dim_46,0.0,0.0,2867,2211,656
45,vgg16_dim_45,0.0,0.0,2867,2211,656
44,vgg16_dim_44,0.0,0.0,2867,2211,656
43,vgg16_dim_43,0.0,0.0,2867,2211,656
42,vgg16_dim_42,0.0,0.0,2867,2211,656
41,vgg16_dim_41,0.0,0.0,2867,2211,656
40,vgg16_dim_40,0.0,0.0,2867,2211,656
39,vgg16_dim_39,0.0,0.0,2867,2211,656
38,vgg16_dim_38,2.3590240766439066e-05,0.0,1484,2211,-727
37,vgg16_dim_37,7.69261430839037e-05,0.0,1289,2211,-922
36,vgg16_dim_36,0.00024652826325754606,0.0,479,2211,-1732
35,vgg16_dim_35,0.0001326194966632847,0.0,1111,2211,-1100
34,vgg16_dim_34,0.0,0.0,2867,2211,656
33,vgg16_dim_33,0.0,0.0,2867,2211,656
32,vgg16_dim_32,0.00018908373083385076,0.0,726,2211,-1485
3871,vgg16_dim_3871,0.0,0.0,2867,2211,656
3869,vgg16_dim_3869,0.0,0.0,2867,2211,656
3868,vgg16_dim_3868,0.0,0.0,2867,2211,656
3867,vgg16_dim_3867,0.00013452803228811944,0.0,1099,2211,-1112
3865,vgg16_dim_3865,0.0,0.0,2867,2211,656
3864,vgg16_dim_3864,0.0005008550048137824,0.0,124,2211,-2087
3863,vgg16_dim_3863,0.00011181520576348279,0.0,1176,2211,-1035
3862,vgg16_dim_3862,0.0,0.0,2867,2211,656
3861,vgg16_dim_3861,0.00017277252762279075,0.0,857,2211,-1354
3860,vgg16_dim_3860,0.0,0.0,2867,2211,656
3859,vgg16_dim_3859,0.00018348599514070264,0.0,769,2211,-1442
3858,vgg16_dim_3858,0.0,0.0,2867,2211,656
3856,vgg16_dim_3856,0.0,0.0,2867,2211,656
3887,vgg16_dim_3887,0.00035440999035220554,0.0,274,2211,-1937
3886,vgg16_dim_3886,0.0,0.0,2867,2211,656
3885,vgg16_dim_3885,0.0,0.0,2867,2211,656
3884,vgg16_dim_3884,0.0,0.0,2867,2211,656
3883,vgg16_dim_3883,0.0,0.0,2867,2211,656
3882,vgg16_dim_3882,0.000554053568799849,0.0,97,2211,-2114
3880,vgg16_dim_3880,0.0,0.0,2867,2211,656
3879,vgg16_dim_3879,0.0008063968097681069,0.0,39,2211,-2172
3878,vgg16_dim_3878,5.970421480753551e-05,0.0,1328,2211,-883
3877,vgg16_dim_3877,0.0,0.0,2867,2211,656
3876,vgg16_dim_3876,0.0,0.0,2867,2211,656
3875,vgg16_dim_3875,0.0,0.0,2867,2211,656
3874,vgg16_dim_3874,0.00022740961911327291,0.0,537,2211,-1674
3873,vgg16_dim_3873,0.0001686407153448376,0.0,883,2211,-1328
3872,vgg16_dim_3872,0.0,0.0,2867,2211,656
3903,vgg16_dim_3903,0.0,0.0,2867,2211,656
3902,vgg16_dim_3902,0.0002336076431601251,0.0,510,2211,-1701
3901,vgg16_dim_3901,0.0,0.0,2867,2211,656
3900,vgg16_dim_3900,0.00015451695360396182,0.0,989,2211,-1222
3899,vgg16_dim_3899,0.0,0.0,2867,2211,656
3898,vgg16_dim_3898,0.0,0.0,2867,2211,656
3897,vgg16_dim_3897,0.00019319598592327454,0.0,699,2211,-1512
3896,vgg16_dim_3896,0.0,0.0,2867,2211,656
3895,vgg16_dim_3895,0.00018851100719525084,0.0,732,2211,-1479
3894,vgg16_dim_3894,0.0,0.0,2867,2211,656
3893,vgg16_dim_3893,0.0004403253128120087,0.0,161,2211,-2050
3892,vgg16_dim_3892,0.00013134040670380383,0.0,1117,2211,-1094
3891,vgg16_dim_3891,0.0,0.0,2867,2211,656
3890,vgg16_dim_3890,0.0,0.0,2867,2211,656
3889,vgg16_dim_3889,0.0,0.0,2867,2211,656
3888,vgg16_dim_3888,0.0,0.0,2867,2211,656
3918,vgg16_dim_3918,0.0,0.0,2867,2211,656
3917,vgg16_dim_3917,0.0,0.0,2867,2211,656
3916,vgg16_dim_3916,0.0,0.0,2867,2211,656
3915,vgg16_dim_3915,0.0,0.0,2867,2211,656
3914,vgg16_dim_3914,0.0,0.0,2867,2211,656
3913,vgg16_dim_3913,0.0,0.0,2867,2211,656
3912,vgg16_dim_3912,0.0003484434513937568,0.0,291,2211,-1920
3911,vgg16_dim_3911,0.0,0.0,2867,2211,656
3910,vgg16_dim_3910,0.0002179953744565804,0.0,574,2211,-1637
3909,vgg16_dim_3909,0.0,0.0,2867,2211,656
3908,vgg16_dim_3908,0.0,0.0,2867,2211,656
3907,vgg16_dim_3907,0.0,0.0,2867,2211,656
3906,vgg16_dim_3906,0.0,0.0,2867,2211,656
3905,vgg16_dim_3905,0.0001661703895568254,0.0,909,2211,-1302
3904,vgg16_dim_3904,0.00017473748658293243,0.0,837,2211,-1374
3935,vgg16_dim_3935,2.3675562482826883e-05,0.0,1477,2211,-734
3934,vgg16_dim_3934,0.00024426672946753795,0.0,488,2211,-1723
3933,vgg16_dim_3933,6.952843596762259e-05,0.0,1304,2211,-907
3932,vgg16_dim_3932,0.0,0.0,2867,2211,656
3931,vgg16_dim_3931,0.00020310322967116137,0.0,628,2211,-1583
3930,vgg16_dim_3930,5.507528632310626e-05,0.0,1350,2211,-861
3929,vgg16_dim_3929,0.00016432718803806572,0.0,921,2211,-1290
3928,vgg16_dim_3928,0.0,0.0,2867,2211,656
3927,vgg16_dim_3927,0.0,0.0,2867,2211,656
3926,vgg16_dim_3926,0.0,0.0,2867,2211,656
3925,vgg16_dim_3925,0.0,0.0,2867,2211,656
3924,vgg16_dim_3924,0.0,0.0,2867,2211,656
3923,vgg16_dim_3923,0.0,0.0,2867,2211,656
3922,vgg16_dim_3922,0.0001018541004074291,0.0,1220,2211,-991
3921,vgg16_dim_3921,0.0,0.0,2867,2211,656
3920,vgg16_dim_3920,0.0003844813487452672,0.0,231,2211,-1980
3951,vgg16_dim_3951,0.0,0.0,2867,2211,656
3950,vgg16_dim_3950,0.0,0.0,2867,2211,656
3948,vgg16_dim_3948,2.3495412008600232e-05,0.0,1492,2211,-719
3947,vgg16_dim_3947,2.5050701819866453e-05,0.0,1431,2211,-780
3946,vgg16_dim_3946,0.00019586741455931227,0.0,679,2211,-1532
3945,vgg16_dim_3945,0.0,0.0,2867,2211,656
3944,vgg16_dim_3944,0.0,0.0,2867,2211,656
3943,vgg16_dim_3943,0.0001957822377496634,0.0,680,2211,-1531
3942,vgg16_dim_3942,0.0,0.0,2867,2211,656
3941,vgg16_dim_3941,0.0,0.0,2867,2211,656
3940,vgg16_dim_3940,9.65444547726421e-05,0.0,1233,2211,-978
3939,vgg16_dim_3939,0.0001794477733079917,0.0,801,2211,-1410
3938,vgg16_dim_3938,0.0,0.0,2867,2211,656
3937,vgg16_dim_3937,0.0,0.0,2867,2211,656
3936,vgg16_dim_3936,0.00017097680781282587,0.0,868,2211,-1343
3967,vgg16_dim_3967,0.0,0.0,2867,2211,656
3966,vgg16_dim_3966,2.3210140479019415e-05,0.0,1499,2211,-712
3965,vgg16_dim_3965,2.056133501832334e-05,0.0,1582,2211,-629
3963,vgg16_dim_3963,0.00019542901467365994,0.0,683,2211,-1528
3962,vgg16_dim_3962,2.274365385943759e-05,0.0,1520,2211,-691
3961,vgg16_dim_3961,0.0,0.0,2867,2211,656
3960,vgg16_dim_3960,0.00033832257982492083,0.0,309,2211,-1902
3959,vgg16_dim_3959,0.0,0.0,2867,2211,656
3958,vgg16_dim_3958,0.0005887683508110092,0.0,84,2211,-2127
3957,vgg16_dim_3957,0.0,0.0,2867,2211,656
3956,vgg16_dim_3956,0.0,0.0,2867,2211,656
3954,vgg16_dim_3954,0.0,0.0,2867,2211,656
3953,vgg16_dim_3953,0.0,0.0,2867,2211,656
3952,vgg16_dim_3952,0.00018388264413260892,0.0,767,2211,-1444
3983,vgg16_dim_3983,0.00021819450103092286,0.0,573,2211,-1638
3982,vgg16_dim_3982,0.00022159951261690525,0.0,551,2211,-1660
3981,vgg16_dim_3981,0.0,0.0,2867,2211,656
3980,vgg16_dim_3980,0.0,0.0,2867,2211,656
3979,vgg16_dim_3979,0.0,0.0,2867,2211,656
3978,vgg16_dim_3978,0.0,0.0,2867,2211,656
3977,vgg16_dim_3977,2.1667173111851542e-05,0.0,1558,2211,-653
3976,vgg16_dim_3976,0.0,0.0,2867,2211,656
3974,vgg16_dim_3974,2.4171786739957466e-05,0.0,1457,2211,-754
3973,vgg16_dim_3973,0.0,0.0,2867,2211,656
3972,vgg16_dim_3972,0.0001731666959777931,0.0,854,2211,-1357
3971,vgg16_dim_3971,0.0,0.0,2867,2211,656
3970,vgg16_dim_3970,0.00018062984710071715,0.0,790,2211,-1421
3969,vgg16_dim_3969,0.00023002595931424807,0.0,521,2211,-1690
3968,vgg16_dim_3968,0.0,0.0,2867,2211,656
3999,vgg16_dim_3999,0.0,0.0,2867,2211,656
3998,vgg16_dim_3998,0.0,0.0,2867,2211,656
3997,vgg16_dim_3997,0.00019436424265427868,0.0,690,2211,-1521
3996,vgg16_dim_3996,0.0,0.0,2867,2211,656
3994,vgg16_dim_3994,0.0,0.0,2867,2211,656
3993,vgg16_dim_3993,0.0,0.0,2867,2211,656
3992,vgg16_dim_3992,0.0002878429822482222,0.0,415,2211,-1796
3991,vgg16_dim_3991,5.713185673650879e-05,0.0,1341,2211,-870
3990,vgg16_dim_3990,0.0,0.0,2867,2211,656
3989,vgg16_dim_3989,0.0,0.0,2867,2211,656
3988,vgg16_dim_3988,0.0,0.0,2867,2211,656
3987,vgg16_dim_3987,0.0,0.0,2867,2211,656
3986,vgg16_dim_3986,0.0,0.0,2867,2211,656
3985,vgg16_dim_3985,2.440012711738756e-05,0.0,1451,2211,-760
3984,vgg16_dim_3984,0.0,0.0,2867,2211,656
4015,vgg16_dim_4015,0.0,0.0,2867,2211,656
4014,vgg16_dim_4014,0.0,0.0,2867,2211,656
4013,vgg16_dim_4013,7.80336959744376e-05,0.0,1286,2211,-925
4012,vgg16_dim_4012,0.0,0.0,2867,2211,656
4011,vgg16_dim_4011,0.0,0.0,2867,2211,656
4010,vgg16_dim_4010,0.0,0.0,2867,2211,656
4009,vgg16_dim_4009,0.0,0.0,2867,2211,656
4008,vgg16_dim_4008,0.0,0.0,2867,2211,656
4007,vgg16_dim_4007,0.00013084948626391246,0.0,1118,2211,-1093
4006,vgg16_dim_4006,0.0,0.0,2867,2211,656
4005,vgg16_dim_4005,0.00016313405398364457,0.0,929,2211,-1282
4004,vgg16_dim_4004,0.00031070690770802236,0.0,365,2211,-1846
4003,vgg16_dim_4003,0.0004124110511707634,0.0,190,2211,-2021
4002,vgg16_dim_4002,0.0,0.0,2867,2211,656
4001,vgg16_dim_4001,0.00038811059327404143,0.0,229,2211,-1982
4000,vgg16_dim_4000,0.0,0.0,2867,2211,656
4031,vgg16_dim_4031,0.00022832066543068731,0.0,530,2211,-1681
4030,vgg16_dim_4030,0.0,0.0,2867,2211,656
4029,vgg16_dim_4029,0.0,0.0,2867,2211,656
4028,vgg16_dim_4028,0.0,0.0,2867,2211,656
4027,vgg16_dim_4027,0.0,0.0,2867,2211,656
4026,vgg16_dim_4026,2.4214090289910106e-05,0.0,1456,2211,-755
4025,vgg16_dim_4025,0.00010786978276086775,0.0,1192,2211,-1019
4024,vgg16_dim_4024,0.0,0.0,2867,2211,656
4023,vgg16_dim_4023,0.0,0.0,2867,2211,656
4021,vgg16_dim_4021,0.0003568379082246129,0.0,269,2211,-1942
4020,vgg16_dim_4020,0.0,0.0,2867,2211,656
4019,vgg16_dim_4019,0.0,0.0,2867,2211,656
4018,vgg16_dim_4018,0.00035564698984297364,0.0,271,2211,-1940
4017,vgg16_dim_4017,0.00017441151017734673,0.0,843,2211,-1368
4016,vgg16_dim_4016,0.00018750723897050005,0.0,740,2211,-1471
4047,vgg16_dim_4047,0.0,0.0,2867,2211,656
4046,vgg16_dim_4046,0.0,0.0,2867,2211,656
4045,vgg16_dim_4045,0.0001475622103150058,0.0,1026,2211,-1185
4044,vgg16_dim_4044,0.0001934267683298714,0.0,698,2211,-1513
4043,vgg16_dim_4043,0.0,0.0,2867,2211,656
4042,vgg16_dim_4042,0.00030962858865356626,0.0,367,2211,-1844
4041,vgg16_dim_4041,0.0,0.0,2867,2211,656
4040,vgg16_dim_4040,0.0,0.0,2867,2211,656
4039,vgg16_dim_4039,0.0,0.0,2867,2211,656
4038,vgg16_dim_4038,0.0,0.0,2867,2211,656
4037,vgg16_dim_4037,0.0,0.0,2867,2211,656
4036,vgg16_dim_4036,0.0003788948648305126,0.0,238,2211,-1973
4035,vgg16_dim_4035,0.0,0.0,2867,2211,656
4034,vgg16_dim_4034,0.0,0.0,2867,2211,656
4033,vgg16_dim_4033,0.0,0.0,2867,2211,656
4032,vgg16_dim_4032,0.0,0.0,2867,2211,656
4063,vgg16_dim_4063,0.0,0.0,2867,2211,656
4062,vgg16_dim_4062,0.0,0.0,2867,2211,656
4061,vgg16_dim_4061,0.0,0.0,2867,2211,656
4060,vgg16_dim_4060,0.0,0.0,2867,2211,656
4059,vgg16_dim_4059,0.0,0.0,2867,2211,656
4058,vgg16_dim_4058,0.00013965972754621648,0.0,1072,2211,-1139
4057,vgg16_dim_4057,0.0,0.0,2867,2211,656
4056,vgg16_dim_4056,0.0,0.0,2867,2211,656
4055,vgg16_dim_4055,0.0,0.0,2867,2211,656
4054,vgg16_dim_4054,0.0,0.0,2867,2211,656
4053,vgg16_dim_4053,0.0,0.0,2867,2211,656
4052,vgg16_dim_4052,0.0,0.0,2867,2211,656
4051,vgg16_dim_4051,0.0,0.0,2867,2211,656
4050,vgg16_dim_4050,0.0,0.0,2867,2211,656
4049,vgg16_dim_4049,0.0,0.0,2867,2211,656
4048,vgg16_dim_4048,2.396896863507295e-05,0.0,1468,2211,-743
4079,vgg16_dim_4079,0.00014059066152910673,0.0,1064,2211,-1147
4078,vgg16_dim_4078,0.0,0.0,2867,2211,656
4077,vgg16_dim_4077,0.00017509427295048674,0.0,835,2211,-1376
4076,vgg16_dim_4076,0.00011140314913883873,0.0,1178,2211,-1033
4075,vgg16_dim_4075,0.0,0.0,2867,2211,656
4074,vgg16_dim_4074,0.0,0.0,2867,2211,656
4073,vgg16_dim_4073,0.0,0.0,2867,2211,656
4071,vgg16_dim_4071,0.0,0.0,2867,2211,656
4070,vgg16_dim_4070,0.0,0.0,2867,2211,656
4069,vgg16_dim_4069,0.00022362420601386917,0.0,546,2211,-1665
4068,vgg16_dim_4068,0.0,0.0,2867,2211,656
4067,vgg16_dim_4067,0.0,0.0,2867,2211,656
4066,vgg16_dim_4066,0.0003061351170561998,0.0,375,2211,-1836
4065,vgg16_dim_4065,0.0,0.0,2867,2211,656
4064,vgg16_dim_4064,0.00017914081256196132,0.0,804,2211,-1407
4095,vgg16_dim_4095,0.0,0.0,2867,2211,656
4094,vgg16_dim_4094,0.0,0.0,2867,2211,656
4093,vgg16_dim_4093,0.000197425930095896,0.0,667,2211,-1544
4092,vgg16_dim_4092,0.00029055682291897957,0.0,408,2211,-1803
4091,vgg16_dim_4091,0.00012750736689666473,0.0,1137,2211,-1074
4090,vgg16_dim_4090,0.00012557144268377605,0.0,1141,2211,-1070
4089,vgg16_dim_4089,0.00038604676667938125,0.0,230,2211,-1981
4088,vgg16_dim_4088,0.0,0.0,2867,2211,656
4087,vgg16_dim_4087,0.0,0.0,2867,2211,656
4086,vgg16_dim_4086,0.0003911225804207657,0.0,225,2211,-1986
4085,vgg16_dim_4085,0.000191812992959554,0.0,710,2211,-1501
4084,vgg16_dim_4084,0.0004523137586535873,0.0,151,2211,-2060
4083,vgg16_dim_4083,0.0,0.0,2867,2211,656
4082,vgg16_dim_4082,0.0,0.0,2867,2211,656
4081,vgg16_dim_4081,0.0001726412666719169,0.0,858,2211,-1353
4111,num_non_ad_iframes,0.00016229333924116938,0.0,938,2211,-1273
4110,num_advertisement_iframes,0.00014129619204281317,0.0,1062,2211,-1149
4109,word_count,0.00012364879423998768,0.0,1147,2211,-1064
4108,num_headings,2.4509956037533186e-05,0.0,1446,2211,-765
4107,num_paragraphs,0.0003112317972879306,0.0,362,2211,-1849
4106,num_forms,0.0,0.0,2867,2211,656
4104,num_images,0.00042128360764603364,0.0,177,2211,-2034
4103,num_links,0.0004949689690182039,0.0,127,2211,-2084
4102,dom_depth,0.0,0.0,2867,2211,656
4101,whitespace_ratio,0.0,0.0,2867,2211,656
4100,brightness_variance,0.00015782349929469632,0.0,970,2211,-1241
4098,colour_variance,0.0,0.0,2867,2211,656
4096,edge_density,0.0,0.0,2867,2211,656
31,vgg16_dim_31,0.0,0.0,2867,2211,656
30,vgg16_dim_30,0.0,0.0,2867,2211,656
29,vgg16_dim_29,0.0,0.0,2867,2211,656
28,vgg16_dim_28,0.0003183182986328104,0.0,348,2211,-1863
27,vgg16_dim_27,0.0,0.0,2867,2211,656
26,vgg16_dim_26,0.0,0.0,2867,2211,656
25,vgg16_dim_25,0.0,0.0,2867,2211,656
24,vgg16_dim_24,0.0,0.0,2867,2211,656
23,vgg16_dim_23,0.0,0.0,2867,2211,656
22,vgg16_dim_22,0.0,0.0,2867,2211,656
21,vgg16_dim_21,0.0,0.0,2867,2211,656
20,vgg16_dim_20,0.0,0.0,2867,2211,656
19,vgg16_dim_19,0.0,0.0,2867,2211,656
18,vgg16_dim_18,0.0,0.0,2867,2211,656
17,vgg16_dim_17,0.0,0.0,2867,2211,656
16,vgg16_dim_16,0.0,0.0,2867,2211,656
0,vgg16_dim_0,4.831808532248305e-05,0.0,1370,2211,-841
