,Feature,Global_Impact,Error_Impact,Global_Rank,Error_Rank,Rank_Shift
840,resnet50_dim_840,0.030436278383940328,0.024622072685994045,1,1,0
980,resnet50_dim_980,0.005519038918676076,0.011846352995115076,6,2,4
1689,resnet50_dim_1689,0.008245414082898158,0.010657715445778445,2,3,-1
1062,resnet50_dim_1062,0.007597468776093425,0.010131601562887588,3,4,-1
1641,resnet50_dim_1641,0.003313230442678429,0.010006649550403575,12,5,7
508,resnet50_dim_508,0.00542208106080362,0.009222060718474168,7,6,1
1778,resnet50_dim_1778,0.004955980698882019,0.008255711592772703,8,7,1
1425,resnet50_dim_1425,0.004195698353145701,0.0077770388515090464,9,8,1
56,resnet50_dim_56,0.003866003030103294,0.007727229026751575,10,9,1
243,resnet50_dim_243,0.0064098979026279024,0.007149453027461197,4,10,-6
786,resnet50_dim_786,0.003802749936466671,0.006117309329022535,11,11,0
1012,resnet50_dim_1012,0.0019143642793352487,0.005627421238328813,22,12,10
1847,resnet50_dim_1847,0.0031938929564037733,0.00522899297111415,13,13,0
1467,resnet50_dim_1467,0.0013007376665437212,0.004920808366548879,26,14,12
134,resnet50_dim_134,0.0005881171442695818,0.004795257066501304,78,15,63
326,resnet50_dim_326,0.005627002220245228,0.004619729559551527,5,16,-11
703,resnet50_dim_703,0.0003912515917834828,0.004313271796943773,177,17,160
1229,resnet50_dim_1229,0.0010232583226735706,0.00399505699384562,30,18,12
464,resnet50_dim_464,0.0025717409397401254,0.0039565034769796946,16,19,-3
1574,resnet50_dim_1574,0.0009312441269127905,0.0038740222205786126,36,20,16
794,resnet50_dim_794,0.0012379413990730589,0.003536777128648571,27,21,6
253,resnet50_dim_253,0.0007451521155987774,0.003512434568362774,50,22,28
1792,resnet50_dim_1792,0.0002850428896915266,0.0035095905793269214,317,23,294
147,resnet50_dim_147,0.0007607399602015611,0.003443580960665032,48,24,24
1993,resnet50_dim_1993,0.0006941435816118803,0.0031816930437512936,60,25,35
1189,resnet50_dim_1189,0.0008405887660769978,0.002948036454346508,42,26,16
1049,resnet50_dim_1049,0.00022982401051149383,0.002829708129422768,436,27,409
188,resnet50_dim_188,0.00021855445477858568,0.0026909517244613364,479,28,451
1043,resnet50_dim_1043,0.0004925828513986132,0.002629676876814771,108,29,79
235,resnet50_dim_235,0.0006204984906805735,0.002626908486819419,72,30,42
835,resnet50_dim_835,0.0005598394781532976,0.002612733577959486,86,31,55
889,resnet50_dim_889,0.00036331739810180905,0.002598613339210876,202,32,170
608,resnet50_dim_608,0.002597773481927051,0.002521918592598846,15,33,-18
632,resnet50_dim_632,0.0002226825915203287,0.0025081849379029,462,34,428
98,resnet50_dim_98,0.0003200185030922623,0.002465927010022092,261,35,226
15,resnet50_dim_15,0.00019583515925636596,0.0024112203983440057,575,36,539
72,resnet50_dim_72,0.00043059671226270254,0.002402633835894478,147,37,110
879,resnet50_dim_879,0.0008303916592676206,0.0023887633922554624,43,38,5
401,resnet50_dim_401,0.00035503036837044867,0.0023495799631656706,211,39,172
1207,resnet50_dim_1207,0.0021092775502074353,0.002341574980282738,20,40,-20
1463,resnet50_dim_1463,0.00020915655383502355,0.00228314594364693,512,41,471
1299,resnet50_dim_1299,0.0002058673478440596,0.00223959447204941,527,42,485
1821,resnet50_dim_1821,0.00024738206053150037,0.0022298323416707843,395,43,352
748,resnet50_dim_748,0.0007550288705783124,0.0022296269922293696,49,44,5
1182,resnet50_dim_1182,0.0006270095638591157,0.002204765229610442,70,45,25
1407,resnet50_dim_1407,0.0025447784615304464,0.0021832223128081915,17,46,-29
297,resnet50_dim_297,0.0013078406175693258,0.0021524760929961385,25,47,-22
1954,resnet50_dim_1954,0.00017322672384896193,0.002132854037390344,678,48,630
534,resnet50_dim_534,0.0005884849236302075,0.0021235692708082635,76,49,27
1738,resnet50_dim_1738,0.0007450501310239378,0.0021113782535896065,51,50,1
688,resnet50_dim_688,0.00018991077210601506,0.0021029865961164425,602,51,551
392,resnet50_dim_392,0.00016991058625996885,0.0020920240933258666,695,52,643
97,resnet50_dim_97,0.0004336366395976311,0.002054224035763505,144,53,91
1646,resnet50_dim_1646,0.00036059131557607927,0.0019697605694711973,204,54,150
364,resnet50_dim_364,0.00015904454724971308,0.0019582359880120923,742,55,687
1057,resnet50_dim_1057,0.00029530955928493775,0.001956369392290214,298,56,242
349,resnet50_dim_349,0.00015777813524099803,0.0019426432901547882,747,57,690
1015,resnet50_dim_1015,0.0002871915500842297,0.0019255683351241616,314,58,256
1190,resnet50_dim_1190,0.00034406090428913585,0.0019252749380136332,231,59,172
722,resnet50_dim_722,0.0007856431574888758,0.001891500294878561,45,60,-15
27,resnet50_dim_27,0.00014728632632714353,0.0018134628929029548,777,61,716
489,resnet50_dim_489,0.00014460281807148682,0.0017804221975051815,786,62,724
1432,resnet50_dim_1432,0.00013782447682034966,0.0016969638708505552,804,63,741
1579,resnet50_dim_1579,0.0006827421795588736,0.001673569860046953,62,64,-2
1378,resnet50_dim_1378,0.00013152846284718238,0.0016194441988059331,828,65,763
1185,resnet50_dim_1185,0.0003357451431735065,0.001542942102545297,241,66,175
1796,resnet50_dim_1796,0.0005440860721127021,0.001526271670422955,91,67,24
533,resnet50_dim_533,0.00012313776988808235,0.0015161337917470139,852,68,784
661,resnet50_dim_661,0.0003549835354070559,0.001499995381576387,212,69,143
653,resnet50_dim_653,0.0002785938405214977,0.0014904348468721173,330,70,260
162,resnet50_dim_162,0.0004770654896753838,0.001404346526839498,118,71,47
724,resnet50_dim_724,0.00027738460650417,0.0013762501583853774,332,72,260
1602,resnet50_dim_1602,0.00013441216212202822,0.0013636391627405975,815,73,742
198,resnet50_dim_198,0.00027739583492188195,0.0013135786616525122,331,74,257
504,resnet50_dim_504,0.00020109972754079185,0.0012713479663585072,551,75,476
1910,resnet50_dim_1910,0.00029734824378977,0.0012468489412143866,294,76,218
192,resnet50_dim_192,9.945286129229934e-05,0.0012245133546614356,934,77,857
657,resnet50_dim_657,0.00032290169497873667,0.0012160570288150786,256,78,178
2043,resnet50_dim_2043,0.00021326506712970693,0.0012143976660316136,502,79,423
281,resnet50_dim_281,0.00016491147022405512,0.0011473594061159602,715,80,635
1608,resnet50_dim_1608,0.00013270034338624598,0.0011214772512113265,821,81,740
1295,resnet50_dim_1295,8.944098716637303e-05,0.001101242154485968,969,82,887
976,resnet50_dim_976,0.00031578937961533734,0.0010938461842284347,266,83,183
1963,resnet50_dim_1963,8.823572077385672e-05,0.0010864023120281108,976,84,892
826,resnet50_dim_826,0.00019034260527801434,0.0010707129057745308,596,85,511
1080,resnet50_dim_1080,0.00040013517667285243,0.0010577723473089414,170,86,84
1715,resnet50_dim_1715,0.0007236467903375868,0.0010494874077870819,55,87,-32
496,resnet50_dim_496,0.00028379161924225056,0.0010202666305179815,318,88,230
1239,resnet50_dim_1239,0.00027385249129914,0.0010154970417757102,340,89,251
958,resnet50_dim_958,0.000461078126458951,0.001005611467025285,127,90,37
733,resnet50_dim_733,0.00010170668152751214,0.00097489107666785,927,91,836
455,resnet50_dim_455,7.835990628047063e-05,0.0009648063460782947,1007,92,915
1578,resnet50_dim_1578,7.530407232577363e-05,0.0009271813905110879,1017,93,924
1360,resnet50_dim_1360,7.511068689228526e-05,0.0009248003323612622,1018,94,924
1223,resnet50_dim_1223,0.0002659136254590618,0.0008787479334069322,356,95,261
836,resnet50_dim_836,0.00030338122104079176,0.0008699870409411571,279,96,183
1203,resnet50_dim_1203,7.044191327128622e-05,0.0008673160571527116,1030,97,933
175,resnet50_dim_175,6.978002387979915e-05,0.0008591665440200271,1033,98,935
946,resnet50_dim_946,6.911021688805891e-05,0.0008509195454342253,1037,99,938
766,resnet50_dim_766,6.852061585106962e-05,0.0008436600826662947,1039,100,939
33,resnet50_dim_33,8.926784429782712e-05,0.0008407234984575336,971,101,870
242,resnet50_dim_242,0.00019475531789715564,0.0008371029029610971,581,102,479
317,resnet50_dim_317,9.028847091312375e-05,0.0008342930046508272,965,103,862
14,resnet50_dim_14,6.557286926352638e-05,0.0008073659528071686,1054,104,950
209,resnet50_dim_209,0.0007792788777469872,0.0008016713475524906,46,105,-59
1867,resnet50_dim_1867,8.37310689146108e-05,0.0007724470827834385,991,106,885
1215,resnet50_dim_1215,0.0006306942350188861,0.0007705257975850335,69,107,-38
685,resnet50_dim_685,0.0001712992593331116,0.0007598509551147961,689,108,581
1503,resnet50_dim_1503,0.0005129206674776921,0.0007408198198597262,104,109,-5
901,resnet50_dim_901,0.00026968891305675956,0.0007278668421722277,351,110,241
866,resnet50_dim_866,5.8691316311009596e-05,0.0007226368320793057,1075,111,964
471,resnet50_dim_471,5.8539697981019366e-05,0.0007207700313913009,1076,112,964
1583,resnet50_dim_1583,0.0021184821672457304,0.0007144219513146545,19,113,-94
817,resnet50_dim_817,0.0001900583368681697,0.0006927906148397382,601,114,487
965,resnet50_dim_965,0.0007365790260815037,0.0006203650288533422,54,115,-61
1855,resnet50_dim_1855,6.738850386572441e-05,0.0005737659742903169,1043,116,927
1289,resnet50_dim_1289,0.00041716738137773866,0.0005499786519357399,158,117,41
1687,resnet50_dim_1687,0.0002903658026138875,0.000519580462299247,309,118,191
769,resnet50_dim_769,0.00010445887157759111,0.0005154806143313297,917,119,798
1852,resnet50_dim_1852,0.0006579020163884577,0.0005021929718705319,64,120,-56
1721,resnet50_dim_1721,0.0006400044468817246,0.00047665406693641227,66,121,-55
1428,resnet50_dim_1428,0.00030140689354998535,0.0004038568909362616,284,122,162
32,resnet50_dim_32,4.934831002588991e-05,0.00034439250167604744,1090,123,967
1658,resnet50_dim_1658,4.745918069614414e-05,0.00033717406902059114,1099,124,975
562,resnet50_dim_562,2.7233351998168208e-05,0.0003353106464774461,1163,125,1038
83,resnet50_dim_83,2.7121414991430038e-05,0.0003339324220819823,1166,126,1040
1774,resnet50_dim_1774,0.0004170235959877974,0.0003272872147224469,159,127,32
1572,resnet50_dim_1572,7.370324968752388e-05,0.0003265832751266438,1022,128,894
2078,unlabelled_link_ratio,2.6315459266603068e-05,0.0003240090922200503,1169,129,1040
603,resnet50_dim_603,2.6194895659772105e-05,0.00032252465281094406,1171,130,1041
1807,resnet50_dim_1807,0.0002917559000451929,0.0003147677902727939,304,131,173
1039,resnet50_dim_1039,0.0005045469594193464,0.00030919215191916027,106,132,-26
1822,resnet50_dim_1822,4.202597524765276e-05,0.00030463900573251835,1130,133,997
1199,resnet50_dim_1199,8.901315731393541e-05,0.00030456671193071033,974,134,840
1415,resnet50_dim_1415,4.7370838011953506e-05,0.00030439587426095844,1101,135,966
1099,resnet50_dim_1099,0.000474003060495658,0.00030250742885287615,120,136,-16
737,resnet50_dim_737,0.0002807166164324486,0.00030123901054595513,324,137,187
1893,resnet50_dim_1893,0.00018476803829436676,0.0003008514029931521,623,138,485
1761,resnet50_dim_1761,0.00010282118464818204,0.0002973183721447303,922,139,783
1482,resnet50_dim_1482,0.0002026772017786828,0.0002965562420766174,542,140,402
463,resnet50_dim_463,4.550222606270711e-05,0.0002956373253693189,1110,141,969
641,resnet50_dim_641,0.0005151060802966798,0.00029490890708660166,103,142,-39
1383,resnet50_dim_1383,2.379276903667324e-05,0.00029294846876403926,1217,143,1074
1887,resnet50_dim_1887,2.3684249764024874e-05,0.00029161232521955627,1223,144,1079
1966,resnet50_dim_1966,0.000536835623630019,0.00029096658895852494,94,145,-51
1756,resnet50_dim_1756,0.00014277222459368758,0.0002909440510135554,791,146,645
237,resnet50_dim_237,4.313370694987659e-05,0.00029093947529326903,1125,147,978
970,resnet50_dim_970,4.4349967602797906e-05,0.0002902087862219209,1119,148,971
1259,resnet50_dim_1259,2.3341445065064226e-05,0.0002873915423636033,1238,149,1089
472,resnet50_dim_472,2.3302289369100904e-05,0.0002869094378570549,1239,150,1089
2066,num_aria_label,0.0002526869507342266,0.0002855068489609036,379,151,228
408,resnet50_dim_408,2.318732518263944e-05,0.0002854939413112481,1243,152,1091
446,resnet50_dim_446,2.3037837195229022e-05,0.00028365337046625736,1251,153,1098
885,resnet50_dim_885,2.299287103315307e-05,0.00028309972459569717,1255,154,1101
2017,resnet50_dim_2017,4.118200859464552e-05,0.0002817489739424363,1142,155,987
1091,resnet50_dim_1091,2.2686281078122555e-05,0.00027932483577438396,1267,156,1111
1918,resnet50_dim_1918,0.00014975318869439236,0.00027917960323304084,770,157,613
1520,resnet50_dim_1520,2.2626180504377758e-05,0.00027858484746015117,1271,158,1113
912,resnet50_dim_912,2.2522114795607352e-05,0.0002773035384209155,1277,159,1118
505,resnet50_dim_505,0.00038768948595603597,0.00027632079588633105,179,160,19
1326,resnet50_dim_1326,2.24050357485113e-05,0.0002758620026535454,1283,161,1122
286,resnet50_dim_286,2.237241290639023e-05,0.0002754603339099297,1288,162,1126
827,resnet50_dim_827,2.2287238492317964e-05,0.00027441162393666493,1292,163,1129
174,resnet50_dim_174,4.6184372701184493e-05,0.0002743543178171709,1108,164,944
1664,resnet50_dim_1664,4.158875105366596e-05,0.00027309054834907576,1137,165,972
1001,resnet50_dim_1001,0.0001591502026522971,0.0002721400065617635,741,166,575
698,resnet50_dim_698,4.1781379609123316e-05,0.0002715094201344289,1135,167,968
720,resnet50_dim_720,0.00012387710101919214,0.0002678857671949856,850,168,682
1875,resnet50_dim_1875,0.0004426330180528238,0.00026659026945332595,134,169,-35
1449,resnet50_dim_1449,0.00020406537920041707,0.0002634086757196843,532,170,362
2,resnet50_dim_2,2.137017384529344e-05,0.00026312026547017545,1324,171,1153
1456,resnet50_dim_1456,4.8692366923889866e-05,0.0002622782276417653,1093,172,921
1479,resnet50_dim_1479,2.119674487264389e-05,0.00026098492124442793,1336,173,1163
330,resnet50_dim_330,0.00023791203577374097,0.00026027980718688513,414,174,240
292,resnet50_dim_292,0.00024627874332162376,0.00025962564747810253,397,175,222
517,resnet50_dim_517,5.9886913586096526e-05,0.0002570252429879452,1071,176,895
1853,resnet50_dim_1853,0.00031689445604761137,0.00025688280927208944,265,177,88
1059,resnet50_dim_1059,0.00011966946589340992,0.0002563953909755008,866,178,688
1218,resnet50_dim_1218,0.00016708937175074543,0.0002555248990244891,708,179,529
54,resnet50_dim_54,0.00026225538465886095,0.0002526024942246677,360,180,180
847,resnet50_dim_847,0.00015881264099233813,0.00025200770463189255,743,181,562
1831,resnet50_dim_1831,4.0357714649561025e-05,0.00024971175426567326,1146,182,964
189,resnet50_dim_189,3.24137308782921e-05,0.0002479252868758507,1158,183,975
1857,resnet50_dim_1857,0.00016060387694831114,0.0002474858861028926,732,184,548
743,resnet50_dim_743,0.00022756182344940706,0.00024423646843391335,447,185,262
205,resnet50_dim_205,0.00041163288070578314,0.00024334589304295456,162,186,-24
1969,resnet50_dim_1969,0.0003832253999647817,0.0002362995727466094,186,187,-1
742,resnet50_dim_742,7.648776532809926e-05,0.00023229643640835143,1013,188,825
604,resnet50_dim_604,0.0006021059143440355,0.00023218925057268085,73,189,-116
891,resnet50_dim_891,0.0005401125813370678,0.00023157145931705325,93,190,-97
658,resnet50_dim_658,1.876652826041629e-05,0.00023106287920637554,1399,191,1208
29,resnet50_dim_29,0.00022747225640682884,0.00022875548933772746,448,192,256
1678,resnet50_dim_1678,0.00027317486014802133,0.00022843530365223783,342,193,149
1638,resnet50_dim_1638,9.868252619600196e-05,0.00022628155537233696,938,194,744
1445,resnet50_dim_1445,0.0002310892408757472,0.00022506271258691062,433,195,238
224,resnet50_dim_224,0.00042979745382730694,0.00021680276021560573,149,196,-47
2011,resnet50_dim_2011,0.0009556640506132776,0.00021536546802308757,34,197,-163
197,resnet50_dim_197,0.0026083442817169257,0.00021091016329515902,14,198,-184
24,resnet50_dim_24,3.6974586945213124e-05,0.00019954543830662526,1154,199,955
1533,resnet50_dim_1533,0.0005598544276322573,0.0001792305360875089,85,200,-115
1660,resnet50_dim_1660,0.0007394048097850646,0.0001732699186907347,53,201,-148
927,resnet50_dim_927,1.1190677334304532e-05,0.00013778521467862456,1421,202,1219
874,resnet50_dim_874,5.352819720884316e-05,0.00013478326864660686,1083,203,880
1136,resnet50_dim_1136,0.0003401108018384396,0.00011010878625025504,237,204,33
359,resnet50_dim_359,7.591727462105445e-06,9.34731443771733e-05,1422,205,1217
1599,resnet50_dim_1599,9.698329384432573e-05,8.082534160118453e-05,944,206,738
1431,resnet50_dim_1431,0.0008841574476782285,6.549523620344542e-05,39,207,-168
2072,heading_level_skips,0.0001160828889750843,0.0,877,1144,-267
2073,empty_heading_count,0.00040968385539032643,0.0,163,1144,-981
2074,has_main_landmark,0.0001562318140211744,0.0,752,1144,-392
2075,has_nav_landmark,2.082047473083826e-05,0.0,1352,1144,208
2076,semantic_element_ratio,0.0,0.0,1752,1144,608
2077,unlabelled_button_ratio,0.0,0.0,1752,1144,608
2079,unlabelled_input_ratio,0.00023425620035916086,0.0,424,1144,-720
2064,num_aria_attributes,0.00016985832116913398,0.0,696,1144,-448
2065,aria_attribute_density,0.0,0.0,1752,1144,608
2067,num_aria_labelledby,0.00020370438437269762,0.0,534,1144,-610
2068,num_aria_hidden,0.0,0.0,1752,1144,608
2069,num_aria_live,0.0005622642771237914,0.0,83,1144,-1061
2070,num_images_without_alt,0.0,0.0,1752,1144,608
2071,alt_text_coverage,0.00013057079905363851,0.0,832,1144,-312
2056,num_images,0.0,0.0,1752,1144,608
2057,num_buttons,0.0,0.0,1752,1144,608
2058,num_forms,0.0,0.0,1752,1144,608
2059,num_paragraphs,0.0001789244772459062,0.0,654,1144,-490
2060,num_headings,0.0,0.0,1752,1144,608
2061,word_count,0.0,0.0,1752,1144,608
2062,num_advertisement_iframes,0.00018150403620017976,0.0,641,1144,-503
2063,num_non_ad_iframes,4.8286288021716853e-05,0.0,1096,1144,-48
2048,edge_density,0.0,0.0,1752,1144,608
2049,contrast,0.0,0.0,1752,1144,608
2050,colour_variance,0.00019809555723617942,0.0,563,1144,-581
2051,text_density_proxy,0.0,0.0,1752,1144,608
2052,brightness_variance,0.0003941387757441046,0.0,174,1144,-970
2053,whitespace_ratio,0.00020114912806717193,0.0,550,1144,-594
2054,dom_depth,0.0,0.0,1752,1144,608
2055,num_links,2.0375374695507894e-05,0.0,1368,1144,224
25,resnet50_dim_25,0.0,0.0,1752,1144,608
26,resnet50_dim_26,2.2280393313321064e-05,0.0,1293,1144,149
28,resnet50_dim_28,0.0002181561231873807,0.0,481,1144,-663
30,resnet50_dim_30,4.099382637237397e-05,0.0,1144,1144,0
31,resnet50_dim_31,0.0,0.0,1752,1144,608
16,resnet50_dim_16,0.0001840297928960282,0.0,628,1144,-516
17,resnet50_dim_17,9.700225493563665e-05,0.0,943,1144,-201
18,resnet50_dim_18,5.6907711630801984e-05,0.0,1079,1144,-65
19,resnet50_dim_19,0.0,0.0,1752,1144,608
20,resnet50_dim_20,7.942856119132233e-05,0.0,1001,1144,-143
21,resnet50_dim_21,0.00013556699171150176,0.0,808,1144,-336
22,resnet50_dim_22,0.0002301257156770817,0.0,434,1144,-710
23,resnet50_dim_23,0.00017306114626964344,0.0,681,1144,-463
8,resnet50_dim_8,2.2311204951470577e-05,0.0,1289,1144,145
9,resnet50_dim_9,0.0,0.0,1752,1144,608
10,resnet50_dim_10,0.0002090803439715317,0.0,515,1144,-629
11,resnet50_dim_11,4.139812355615958e-05,0.0,1140,1144,-4
12,resnet50_dim_12,0.00010963300404452894,0.0,901,1144,-243
13,resnet50_dim_13,0.00012418730765531975,0.0,849,1144,-295
2080,average_paragraph_word_count,0.0,0.0,1752,1144,608
1,resnet50_dim_1,0.0,0.0,1752,1144,608
3,resnet50_dim_3,0.0002797214117623471,0.0,328,1144,-816
4,resnet50_dim_4,6.56910747310233e-05,0.0,1052,1144,-92
5,resnet50_dim_5,0.0004284447707107943,0.0,151,1144,-993
6,resnet50_dim_6,0.0,0.0,1752,1144,608
7,resnet50_dim_7,0.00019739505419313658,0.0,566,1144,-578
248,resnet50_dim_248,0.0002313640936706095,0.0,432,1144,-712
249,resnet50_dim_249,6.57972409573603e-05,0.0,1051,1144,-93
250,resnet50_dim_250,5.038221587487043e-05,0.0,1087,1144,-57
251,resnet50_dim_251,2.0740389411513663e-05,0.0,1355,1144,211
252,resnet50_dim_252,2.1192304120129694e-05,0.0,1337,1144,193
254,resnet50_dim_254,8.300762841522529e-05,0.0,993,1144,-151
255,resnet50_dim_255,0.0,0.0,1752,1144,608
240,resnet50_dim_240,0.0,0.0,1752,1144,608
241,resnet50_dim_241,1.9645177906605672e-05,0.0,1381,1144,237
244,resnet50_dim_244,2.3394789414291297e-05,0.0,1237,1144,93
245,resnet50_dim_245,0.0005505354949113887,0.0,90,1144,-1054
246,resnet50_dim_246,2.310010491658697e-05,0.0,1248,1144,104
247,resnet50_dim_247,0.00013866332105426938,0.0,798,1144,-346
232,resnet50_dim_232,0.0,0.0,1752,1144,608
233,resnet50_dim_233,2.0556096199362533e-05,0.0,1361,1144,217
234,resnet50_dim_234,0.00034418641341462194,0.0,230,1144,-914
236,resnet50_dim_236,0.00037362294713858674,0.0,194,1144,-950
238,resnet50_dim_238,9.472271590037134e-05,0.0,952,1144,-192
239,resnet50_dim_239,0.0002662564951079463,0.0,355,1144,-789
225,resnet50_dim_225,0.0,0.0,1752,1144,608
226,resnet50_dim_226,0.0,0.0,1752,1144,608
227,resnet50_dim_227,0.00013458856061314805,0.0,814,1144,-330
228,resnet50_dim_228,0.00029939937692311506,0.0,288,1144,-856
229,resnet50_dim_229,3.59611110605495e-05,0.0,1156,1144,12
230,resnet50_dim_230,0.00019476817984551235,0.0,579,1144,-565
231,resnet50_dim_231,2.1575447557150343e-05,0.0,1318,1144,174
280,resnet50_dim_280,0.0003062176222001237,0.0,276,1144,-868
282,resnet50_dim_282,1.9896853975508666e-05,0.0,1375,1144,231
283,resnet50_dim_283,2.590795731756523e-05,0.0,1177,1144,33
284,resnet50_dim_284,0.0,0.0,1752,1144,608
285,resnet50_dim_285,0.0,0.0,1752,1144,608
287,resnet50_dim_287,0.0001475942796234626,0.0,775,1144,-369
272,resnet50_dim_272,1.888405038806574e-05,0.0,1396,1144,252
273,resnet50_dim_273,9.871167959798039e-05,0.0,937,1144,-207
274,resnet50_dim_274,8.192057850436164e-05,0.0,995,1144,-149
275,resnet50_dim_275,0.00020471895394873462,0.0,531,1144,-613
276,resnet50_dim_276,0.0001792472337545991,0.0,650,1144,-494
277,resnet50_dim_277,0.00023514797655360442,0.0,420,1144,-724
278,resnet50_dim_278,0.00013860235786020638,0.0,799,1144,-345
279,resnet50_dim_279,0.00010038500509746798,0.0,931,1144,-213
264,resnet50_dim_264,0.0,0.0,1752,1144,608
265,resnet50_dim_265,0.0002162820791964897,0.0,495,1144,-649
266,resnet50_dim_266,0.0004216935193445111,0.0,155,1144,-989
267,resnet50_dim_267,2.248874632886826e-05,0.0,1280,1144,136
268,resnet50_dim_268,0.0,0.0,1752,1144,608
269,resnet50_dim_269,0.0,0.0,1752,1144,608
270,resnet50_dim_270,0.00023249400970966862,0.0,429,1144,-715
271,resnet50_dim_271,4.5204584399800426e-05,0.0,1112,1144,-32
256,resnet50_dim_256,0.00018664090360103055,0.0,616,1144,-528
257,resnet50_dim_257,0.0,0.0,1752,1144,608
258,resnet50_dim_258,2.6154561381610198e-05,0.0,1172,1144,28
259,resnet50_dim_259,0.00016894076782007973,0.0,701,1144,-443
260,resnet50_dim_260,0.00016796011945565477,0.0,703,1144,-441
261,resnet50_dim_261,1.8492493787358958e-05,0.0,1404,1144,260
262,resnet50_dim_262,0.0,0.0,1752,1144,608
263,resnet50_dim_263,0.0,0.0,1752,1144,608
312,resnet50_dim_312,0.00040384036689437993,0.0,166,1144,-978
313,resnet50_dim_313,0.00019979061287414044,0.0,556,1144,-588
314,resnet50_dim_314,0.00018700448371750247,0.0,611,1144,-533
315,resnet50_dim_315,0.0,0.0,1752,1144,608
316,resnet50_dim_316,0.00016940516831690552,0.0,698,1144,-446
318,resnet50_dim_318,0.0,0.0,1752,1144,608
319,resnet50_dim_319,0.0,0.0,1752,1144,608
304,resnet50_dim_304,0.00020915784737842366,0.0,511,1144,-633
305,resnet50_dim_305,0.000522755867577115,0.0,98,1144,-1046
306,resnet50_dim_306,0.0002062404151670358,0.0,524,1144,-620
307,resnet50_dim_307,0.0,0.0,1752,1144,608
308,resnet50_dim_308,0.0,0.0,1752,1144,608
309,resnet50_dim_309,0.00029832038954575896,0.0,289,1144,-855
310,resnet50_dim_310,1.6735411963097727e-05,0.0,1416,1144,272
311,resnet50_dim_311,0.00023238202628711138,0.0,430,1144,-714
296,resnet50_dim_296,2.2504468382368623e-05,0.0,1279,1144,135
298,resnet50_dim_298,0.0003890466522627373,0.0,178,1144,-966
299,resnet50_dim_299,0.0,0.0,1752,1144,608
300,resnet50_dim_300,0.00045856702267962565,0.0,128,1144,-1016
301,resnet50_dim_301,0.0,0.0,1752,1144,608
302,resnet50_dim_302,0.00011668906356555144,0.0,875,1144,-269
303,resnet50_dim_303,0.0003328926004405405,0.0,245,1144,-899
288,resnet50_dim_288,7.594401637540299e-05,0.0,1015,1144,-129
289,resnet50_dim_289,0.0,0.0,1752,1144,608
290,resnet50_dim_290,0.00027311142027313203,0.0,343,1144,-801
291,resnet50_dim_291,3.830640211470309e-05,0.0,1153,1144,9
293,resnet50_dim_293,0.0,0.0,1752,1144,608
294,resnet50_dim_294,0.0,0.0,1752,1144,608
295,resnet50_dim_295,0.00019893521511270179,0.0,559,1144,-585
344,resnet50_dim_344,2.5758228793420878e-05,0.0,1182,1144,38
345,resnet50_dim_345,0.0,0.0,1752,1144,608
346,resnet50_dim_346,1.953127856570207e-05,0.0,1386,1144,242
347,resnet50_dim_347,0.0,0.0,1752,1144,608
348,resnet50_dim_348,0.0,0.0,1752,1144,608
350,resnet50_dim_350,0.00046721722810441537,0.0,123,1144,-1021
351,resnet50_dim_351,0.00017316732798724804,0.0,679,1144,-465
336,resnet50_dim_336,2.2377351046665077e-05,0.0,1287,1144,143
337,resnet50_dim_337,2.3202517279800065e-05,0.0,1242,1144,98
338,resnet50_dim_338,0.0023766057865336,0.0,18,1144,-1126
339,resnet50_dim_339,0.0006865667570642846,0.0,61,1144,-1083
340,resnet50_dim_340,2.3797654086051783e-05,0.0,1216,1144,72
341,resnet50_dim_341,0.00015927569107579342,0.0,739,1144,-405
342,resnet50_dim_342,1.962225056480734e-05,0.0,1383,1144,239
343,resnet50_dim_343,2.1237177075903277e-05,0.0,1334,1144,190
328,resnet50_dim_328,0.0,0.0,1752,1144,608
329,resnet50_dim_329,0.0003963973113268459,0.0,173,1144,-971
331,resnet50_dim_331,6.970119021424345e-05,0.0,1035,1144,-109
332,resnet50_dim_332,2.2147109427552204e-05,0.0,1296,1144,152
333,resnet50_dim_333,0.00023476379040988918,0.0,423,1144,-721
334,resnet50_dim_334,2.309814588807601e-05,0.0,1249,1144,105
335,resnet50_dim_335,0.00026188528323539765,0.0,363,1144,-781
320,resnet50_dim_320,0.0001383178244454441,0.0,802,1144,-342
321,resnet50_dim_321,0.0,0.0,1752,1144,608
322,resnet50_dim_322,0.0,0.0,1752,1144,608
323,resnet50_dim_323,0.00020138938609794594,0.0,548,1144,-596
324,resnet50_dim_324,2.5401147237459658e-05,0.0,1187,1144,43
325,resnet50_dim_325,0.00012636563556373264,0.0,843,1144,-301
327,resnet50_dim_327,2.1983875598070404e-05,0.0,1306,1144,162
376,resnet50_dim_376,6.744126090192792e-05,0.0,1042,1144,-102
377,resnet50_dim_377,2.375001196238283e-05,0.0,1218,1144,74
378,resnet50_dim_378,0.00028284516208613243,0.0,321,1144,-823
379,resnet50_dim_379,1.9945564694908638e-05,0.0,1373,1144,229
380,resnet50_dim_380,0.0,0.0,1752,1144,608
381,resnet50_dim_381,0.00036580646013881663,0.0,200,1144,-944
382,resnet50_dim_382,0.0,0.0,1752,1144,608
383,resnet50_dim_383,0.00032404670095926457,0.0,254,1144,-890
368,resnet50_dim_368,1.6551257562744032e-05,0.0,1418,1144,274
369,resnet50_dim_369,0.0,0.0,1752,1144,608
370,resnet50_dim_370,8.834961387871964e-05,0.0,975,1144,-169
371,resnet50_dim_371,2.576127961066313e-05,0.0,1181,1144,37
372,resnet50_dim_372,0.0005568830423688424,0.0,89,1144,-1055
373,resnet50_dim_373,3.909738766828649e-05,0.0,1149,1144,5
374,resnet50_dim_374,0.0,0.0,1752,1144,608
375,resnet50_dim_375,2.0854714712497268e-05,0.0,1350,1144,206
360,resnet50_dim_360,0.0003136163632929091,0.0,268,1144,-876
361,resnet50_dim_361,0.0002048366180402589,0.0,530,1144,-614
362,resnet50_dim_362,0.0,0.0,1752,1144,608
363,resnet50_dim_363,0.00013280091606317505,0.0,820,1144,-324
365,resnet50_dim_365,1.756317168918875e-05,0.0,1411,1144,267
366,resnet50_dim_366,0.0,0.0,1752,1144,608
367,resnet50_dim_367,2.593857470416104e-05,0.0,1176,1144,32
352,resnet50_dim_352,0.00025593283322478913,0.0,371,1144,-773
353,resnet50_dim_353,0.0005711294273319908,0.0,80,1144,-1064
354,resnet50_dim_354,1.877717813814366e-05,0.0,1398,1144,254
355,resnet50_dim_355,4.7771367967452434e-05,0.0,1098,1144,-46
356,resnet50_dim_356,0.00022563375950753788,0.0,456,1144,-688
357,resnet50_dim_357,0.00013243057775950927,0.0,822,1144,-322
358,resnet50_dim_358,0.0,0.0,1752,1144,608
409,resnet50_dim_409,1.936278997584983e-05,0.0,1388,1144,244
410,resnet50_dim_410,0.0,0.0,1752,1144,608
411,resnet50_dim_411,0.0,0.0,1752,1144,608
412,resnet50_dim_412,0.0,0.0,1752,1144,608
413,resnet50_dim_413,2.161314302711224e-05,0.0,1316,1144,172
414,resnet50_dim_414,0.0,0.0,1752,1144,608
415,resnet50_dim_415,0.00023740224848947992,0.0,416,1144,-728
400,resnet50_dim_400,2.2115954804395532e-05,0.0,1300,1144,156
402,resnet50_dim_402,0.0002110525153869661,0.0,507,1144,-637
403,resnet50_dim_403,0.00031450848438439096,0.0,267,1144,-877
404,resnet50_dim_404,2.1002789463075956e-05,0.0,1344,1144,200
405,resnet50_dim_405,0.0,0.0,1752,1144,608
406,resnet50_dim_406,0.0,0.0,1752,1144,608
407,resnet50_dim_407,0.00019007309803403434,0.0,600,1144,-544
393,resnet50_dim_393,1.9702599887612633e-05,0.0,1380,1144,236
394,resnet50_dim_394,0.0,0.0,1752,1144,608
395,resnet50_dim_395,0.0,0.0,1752,1144,608
396,resnet50_dim_396,1.8394138180149106e-05,0.0,1406,1144,262
397,resnet50_dim_397,2.1354788518031982e-05,0.0,1325,1144,181
398,resnet50_dim_398,0.0,0.0,1752,1144,608
399,resnet50_dim_399,0.0003514660065279725,0.0,219,1144,-925
384,resnet50_dim_384,0.0,0.0,1752,1144,608
385,resnet50_dim_385,0.00035694287654629574,0.0,208,1144,-936
386,resnet50_dim_386,9.532592946741289e-05,0.0,949,1144,-195
387,resnet50_dim_387,0.0,0.0,1752,1144,608
388,resnet50_dim_388,0.0,0.0,1752,1144,608
389,resnet50_dim_389,1.9237823650580122e-05,0.0,1391,1144,247
390,resnet50_dim_390,0.0,0.0,1752,1144,608
391,resnet50_dim_391,0.00047831117958827555,0.0,117,1144,-1027
440,resnet50_dim_440,0.00011825081632557333,0.0,871,1144,-273
441,resnet50_dim_441,0.0,0.0,1752,1144,608
442,resnet50_dim_442,0.00020813093787812973,0.0,518,1144,-626
443,resnet50_dim_443,0.00022138200666356938,0.0,466,1144,-678
444,resnet50_dim_444,0.00022625628731792028,0.0,455,1144,-689
445,resnet50_dim_445,0.0,0.0,1752,1144,608
447,resnet50_dim_447,0.0,0.0,1752,1144,608
432,resnet50_dim_432,0.0002298867397508598,0.0,435,1144,-709
433,resnet50_dim_433,0.00038623224899996916,0.0,182,1144,-962
434,resnet50_dim_434,2.483328555337355e-05,0.0,1196,1144,52
435,resnet50_dim_435,0.0003569683275859298,0.0,207,1144,-937
436,resnet50_dim_436,0.0,0.0,1752,1144,608
437,resnet50_dim_437,0.0,0.0,1752,1144,608
438,resnet50_dim_438,2.4329751906437412e-05,0.0,1204,1144,60
439,resnet50_dim_439,0.00034801435053806744,0.0,221,1144,-923
424,resnet50_dim_424,2.357937736316297e-05,0.0,1226,1144,82
425,resnet50_dim_425,9.615565535602207e-05,0.0,947,1144,-197
426,resnet50_dim_426,0.0,0.0,1752,1144,608
427,resnet50_dim_427,0.0,0.0,1752,1144,608
428,resnet50_dim_428,0.0,0.0,1752,1144,608
429,resnet50_dim_429,0.00011066761050245564,0.0,894,1144,-250
430,resnet50_dim_430,0.00021710976334220056,0.0,490,1144,-654
431,resnet50_dim_431,0.0,0.0,1752,1144,608
416,resnet50_dim_416,0.0005074580921543351,0.0,105,1144,-1039
417,resnet50_dim_417,0.00010020433899594047,0.0,932,1144,-212
418,resnet50_dim_418,0.00017562097381770085,0.0,669,1144,-475
419,resnet50_dim_419,0.00015577254692677122,0.0,754,1144,-390
420,resnet50_dim_420,4.507420022864076e-05,0.0,1114,1144,-30
421,resnet50_dim_421,2.3520354294683853e-05,0.0,1230,1144,86
422,resnet50_dim_422,0.0,0.0,1752,1144,608
423,resnet50_dim_423,0.0,0.0,1752,1144,608
473,resnet50_dim_473,1.9597242225929878e-05,0.0,1385,1144,241
474,resnet50_dim_474,0.0,0.0,1752,1144,608
475,resnet50_dim_475,2.536025502655145e-05,0.0,1189,1144,45
476,resnet50_dim_476,0.0001850426621405456,0.0,621,1144,-523
477,resnet50_dim_477,0.00035554508049100104,0.0,210,1144,-934
478,resnet50_dim_478,0.0,0.0,1752,1144,608
479,resnet50_dim_479,0.00028303648092130036,0.0,320,1144,-824
465,resnet50_dim_465,0.00015236394289663892,0.0,764,1144,-380
466,resnet50_dim_466,0.0,0.0,1752,1144,608
467,resnet50_dim_467,7.095157611469423e-05,0.0,1029,1144,-115
468,resnet50_dim_468,0.0,0.0,1752,1144,608
469,resnet50_dim_469,0.0001947210203828278,0.0,582,1144,-562
470,resnet50_dim_470,0.0002134711410336708,0.0,501,1144,-643
456,resnet50_dim_456,2.6405254783413096e-05,0.0,1168,1144,24
457,resnet50_dim_457,2.508365404992773e-05,0.0,1192,1144,48
458,resnet50_dim_458,0.0,0.0,1752,1144,608
459,resnet50_dim_459,6.431205394757966e-05,0.0,1060,1144,-84
460,resnet50_dim_460,0.0,0.0,1752,1144,608
461,resnet50_dim_461,0.00022690554484541684,0.0,450,1144,-694
462,resnet50_dim_462,0.0,0.0,1752,1144,608
448,resnet50_dim_448,6.28496047222483e-05,0.0,1063,1144,-81
449,resnet50_dim_449,0.0,0.0,1752,1144,608
450,resnet50_dim_450,0.00010280396802973288,0.0,923,1144,-221
451,resnet50_dim_451,4.2997411277010036e-05,0.0,1126,1144,-18
452,resnet50_dim_452,0.00022900072600061464,0.0,442,1144,-702
453,resnet50_dim_453,9.645889033277822e-05,0.0,946,1144,-198
454,resnet50_dim_454,5.830891454565944e-05,0.0,1077,1144,-67
506,resnet50_dim_506,0.0,0.0,1752,1144,608
507,resnet50_dim_507,0.0,0.0,1752,1144,608
509,resnet50_dim_509,0.0,0.0,1752,1144,608
510,resnet50_dim_510,0.0,0.0,1752,1144,608
511,resnet50_dim_511,0.0,0.0,1752,1144,608
497,resnet50_dim_497,0.0,0.0,1752,1144,608
498,resnet50_dim_498,0.0003318438180105389,0.0,247,1144,-897
499,resnet50_dim_499,0.0,0.0,1752,1144,608
500,resnet50_dim_500,0.0,0.0,1752,1144,608
501,resnet50_dim_501,0.0,0.0,1752,1144,608
502,resnet50_dim_502,0.0,0.0,1752,1144,608
503,resnet50_dim_503,0.00018148839702808225,0.0,642,1144,-502
488,resnet50_dim_488,0.00017709409337763286,0.0,664,1144,-480
490,resnet50_dim_490,4.618981496415576e-05,0.0,1107,1144,-37
491,resnet50_dim_491,2.4624493199212658e-05,0.0,1200,1144,56
492,resnet50_dim_492,0.0,0.0,1752,1144,608
493,resnet50_dim_493,0.0,0.0,1752,1144,608
494,resnet50_dim_494,2.2383122806344696e-05,0.0,1285,1144,141
495,resnet50_dim_495,2.7178195442894148e-05,0.0,1165,1144,21
480,resnet50_dim_480,0.0,0.0,1752,1144,608
481,resnet50_dim_481,2.111252266720602e-05,0.0,1340,1144,196
482,resnet50_dim_482,2.047069598333523e-05,0.0,1364,1144,220
483,resnet50_dim_483,0.0,0.0,1752,1144,608
484,resnet50_dim_484,2.3037455670183182e-05,0.0,1252,1144,108
485,resnet50_dim_485,0.00014611039561126615,0.0,781,1144,-363
486,resnet50_dim_486,0.00018872513088984892,0.0,603,1144,-541
487,resnet50_dim_487,0.0002483733259357214,0.0,394,1144,-750
536,resnet50_dim_536,0.0,0.0,1752,1144,608
537,resnet50_dim_537,0.0001010472104994397,0.0,928,1144,-216
538,resnet50_dim_538,9.968602925381672e-05,0.0,933,1144,-211
539,resnet50_dim_539,0.0,0.0,1752,1144,608
540,resnet50_dim_540,0.00011105787537981096,0.0,893,1144,-251
541,resnet50_dim_541,0.00015616870249824739,0.0,753,1144,-391
542,resnet50_dim_542,0.0,0.0,1752,1144,608
543,resnet50_dim_543,0.00015924079999824828,0.0,740,1144,-404
528,resnet50_dim_528,0.0002741834173869661,0.0,338,1144,-806
529,resnet50_dim_529,2.1306572748658663e-05,0.0,1331,1144,187
530,resnet50_dim_530,0.0002225405607699636,0.0,463,1144,-681
531,resnet50_dim_531,0.0,0.0,1752,1144,608
532,resnet50_dim_532,0.0002181086058125571,0.0,484,1144,-660
535,resnet50_dim_535,0.0,0.0,1752,1144,608
520,resnet50_dim_520,0.00017336727434749845,0.0,677,1144,-467
521,resnet50_dim_521,0.00011874605650589394,0.0,868,1144,-276
522,resnet50_dim_522,0.0,0.0,1752,1144,608
523,resnet50_dim_523,0.0,0.0,1752,1144,608
524,resnet50_dim_524,0.0,0.0,1752,1144,608
525,resnet50_dim_525,1.8759518007000864e-05,0.0,1400,1144,256
526,resnet50_dim_526,0.0,0.0,1752,1144,608
527,resnet50_dim_527,9.032599179415935e-05,0.0,964,1144,-180
512,resnet50_dim_512,0.00037243244213718885,0.0,196,1144,-948
513,resnet50_dim_513,0.0,0.0,1752,1144,608
514,resnet50_dim_514,0.0002668093124756061,0.0,354,1144,-790
515,resnet50_dim_515,0.0,0.0,1752,1144,608
516,resnet50_dim_516,0.0,0.0,1752,1144,608
518,resnet50_dim_518,0.00018177457090676983,0.0,638,1144,-506
519,resnet50_dim_519,0.0001932946304300667,0.0,585,1144,-559
568,resnet50_dim_568,0.0001808573262556292,0.0,646,1144,-498
569,resnet50_dim_569,0.00021806706510748902,0.0,485,1144,-659
570,resnet50_dim_570,2.297879491432326e-05,0.0,1256,1144,112
571,resnet50_dim_571,0.0,0.0,1752,1144,608
572,resnet50_dim_572,0.0,0.0,1752,1144,608
573,resnet50_dim_573,0.0,0.0,1752,1144,608
574,resnet50_dim_574,0.00011444259775995583,0.0,882,1144,-262
575,resnet50_dim_575,0.00026960445412650767,0.0,352,1144,-792
560,resnet50_dim_560,0.0,0.0,1752,1144,608
561,resnet50_dim_561,6.385518213889083e-05,0.0,1061,1144,-83
563,resnet50_dim_563,0.0,0.0,1752,1144,608
564,resnet50_dim_564,0.0,0.0,1752,1144,608
565,resnet50_dim_565,0.0002017043609277939,0.0,546,1144,-598
566,resnet50_dim_566,0.0,0.0,1752,1144,608
567,resnet50_dim_567,0.00019126205282448053,0.0,594,1144,-550
552,resnet50_dim_552,0.0,0.0,1752,1144,608
553,resnet50_dim_553,0.0,0.0,1752,1144,608
554,resnet50_dim_554,0.0,0.0,1752,1144,608
555,resnet50_dim_555,0.00017423581265499,0.0,672,1144,-472
556,resnet50_dim_556,0.00014016326402025987,0.0,795,1144,-349
557,resnet50_dim_557,0.0002949408189591962,0.0,301,1144,-843
558,resnet50_dim_558,0.0,0.0,1752,1144,608
559,resnet50_dim_559,0.0,0.0,1752,1144,608
544,resnet50_dim_544,0.00017256425595944347,0.0,682,1144,-462
545,resnet50_dim_545,0.0002485868805659459,0.0,393,1144,-751
546,resnet50_dim_546,0.0004240231481399401,0.0,153,1144,-991
547,resnet50_dim_547,2.4693495930410086e-05,0.0,1197,1144,53
548,resnet50_dim_548,0.00042454855879940943,0.0,152,1144,-992
549,resnet50_dim_549,0.0,0.0,1752,1144,608
550,resnet50_dim_550,0.0,0.0,1752,1144,608
551,resnet50_dim_551,6.371405326529463e-05,0.0,1062,1144,-82
216,resnet50_dim_216,0.0,0.0,1752,1144,608
217,resnet50_dim_217,2.067701540091619e-05,0.0,1359,1144,215
218,resnet50_dim_218,0.0,0.0,1752,1144,608
219,resnet50_dim_219,7.13626704709134e-05,0.0,1028,1144,-116
220,resnet50_dim_220,0.0,0.0,1752,1144,608
221,resnet50_dim_221,0.00038616943813099986,0.0,183,1144,-961
222,resnet50_dim_222,2.1910313348719925e-05,0.0,1308,1144,164
223,resnet50_dim_223,0.00020322006851826322,0.0,537,1144,-607
208,resnet50_dim_208,6.930321850565804e-05,0.0,1036,1144,-108
210,resnet50_dim_210,0.0,0.0,1752,1144,608
211,resnet50_dim_211,0.00010212426625721144,0.0,925,1144,-219
212,resnet50_dim_212,0.00015992270062291895,0.0,736,1144,-408
213,resnet50_dim_213,0.0,0.0,1752,1144,608
214,resnet50_dim_214,0.00017064307508514435,0.0,690,1144,-454
215,resnet50_dim_215,2.44545147716292e-05,0.0,1203,1144,59
200,resnet50_dim_200,0.00018186843216589266,0.0,637,1144,-507
201,resnet50_dim_201,0.0,0.0,1752,1144,608
202,resnet50_dim_202,0.000132053541510487,0.0,824,1144,-320
203,resnet50_dim_203,7.962396555245835e-05,0.0,1000,1144,-144
204,resnet50_dim_204,0.0,0.0,1752,1144,608
206,resnet50_dim_206,0.00020301705597180103,0.0,539,1144,-605
207,resnet50_dim_207,2.355655385994122e-05,0.0,1228,1144,84
193,resnet50_dim_193,0.00015277198422109357,0.0,763,1144,-381
194,resnet50_dim_194,0.00010903947807707994,0.0,904,1144,-240
195,resnet50_dim_195,0.0008685513411823135,0.0,40,1144,-1104
196,resnet50_dim_196,0.00010173989735578196,0.0,926,1144,-218
199,resnet50_dim_199,8.695407371809388e-05,0.0,980,1144,-164
600,resnet50_dim_600,0.0003263277227241051,0.0,250,1144,-894
601,resnet50_dim_601,2.582931090051067e-05,0.0,1179,1144,35
602,resnet50_dim_602,4.17836608756889e-05,0.0,1134,1144,-10
605,resnet50_dim_605,0.0,0.0,1752,1144,608
606,resnet50_dim_606,0.00019264870648675212,0.0,586,1144,-558
607,resnet50_dim_607,0.0,0.0,1752,1144,608
592,resnet50_dim_592,0.00024435012221670074,0.0,401,1144,-743
593,resnet50_dim_593,4.148501433116003e-05,0.0,1138,1144,-6
594,resnet50_dim_594,0.0,0.0,1752,1144,608
595,resnet50_dim_595,2.625687922503941e-05,0.0,1170,1144,26
596,resnet50_dim_596,0.0,0.0,1752,1144,608
597,resnet50_dim_597,0.0003473271105569583,0.0,223,1144,-921
598,resnet50_dim_598,0.0,0.0,1752,1144,608
599,resnet50_dim_599,0.00036510233769675485,0.0,201,1144,-943
584,resnet50_dim_584,0.00011010579753576274,0.0,899,1144,-245
585,resnet50_dim_585,0.0,0.0,1752,1144,608
586,resnet50_dim_586,0.00036642497744250325,0.0,199,1144,-945
587,resnet50_dim_587,0.0,0.0,1752,1144,608
588,resnet50_dim_588,1.2745952211000606e-05,0.0,1420,1144,276
589,resnet50_dim_589,0.00030564212413017284,0.0,277,1144,-867
590,resnet50_dim_590,0.0,0.0,1752,1144,608
591,resnet50_dim_591,9.452282606681524e-05,0.0,954,1144,-190
576,resnet50_dim_576,2.1002121287338368e-05,0.0,1345,1144,201
577,resnet50_dim_577,0.0,0.0,1752,1144,608
578,resnet50_dim_578,4.27100986937254e-05,0.0,1127,1144,-17
579,resnet50_dim_579,0.0,0.0,1752,1144,608
580,resnet50_dim_580,0.0,0.0,1752,1144,608
581,resnet50_dim_581,0.0001785560432754201,0.0,659,1144,-485
582,resnet50_dim_582,0.0,0.0,1752,1144,608
583,resnet50_dim_583,0.00012527276640183753,0.0,846,1144,-298
633,resnet50_dim_633,1.8930789907465995e-05,0.0,1395,1144,251
634,resnet50_dim_634,0.00015691736867289315,0.0,751,1144,-393
635,resnet50_dim_635,0.0,0.0,1752,1144,608
636,resnet50_dim_636,0.00016492609476577972,0.0,714,1144,-430
637,resnet50_dim_637,0.0,0.0,1752,1144,608
638,resnet50_dim_638,0.0,0.0,1752,1144,608
639,resnet50_dim_639,0.0,0.0,1752,1144,608
624,resnet50_dim_624,0.0002388939055103892,0.0,411,1144,-733
625,resnet50_dim_625,0.00017681095489086675,0.0,665,1144,-479
626,resnet50_dim_626,0.00024912655974424126,0.0,387,1144,-757
627,resnet50_dim_627,0.0,0.0,1752,1144,608
628,resnet50_dim_628,0.0002267096275029757,0.0,452,1144,-692
629,resnet50_dim_629,0.0003861015500107284,0.0,184,1144,-960
630,resnet50_dim_630,0.0,0.0,1752,1144,608
631,resnet50_dim_631,0.0003558180859522561,0.0,209,1144,-935
616,resnet50_dim_616,0.00012934146199453914,0.0,837,1144,-307
617,resnet50_dim_617,4.5207334811090984e-05,0.0,1111,1144,-33
618,resnet50_dim_618,0.00034895742879968554,0.0,220,1144,-924
619,resnet50_dim_619,0.0002372239595448233,0.0,417,1144,-727
620,resnet50_dim_620,0.0,0.0,1752,1144,608
621,resnet50_dim_621,0.00022674290232454323,0.0,451,1144,-693
622,resnet50_dim_622,0.00019646926793517468,0.0,572,1144,-572
623,resnet50_dim_623,0.00019017781543500802,0.0,598,1144,-546
609,resnet50_dim_609,0.0,0.0,1752,1144,608
610,resnet50_dim_610,2.5990433602684574e-05,0.0,1175,1144,31
611,resnet50_dim_611,0.00012706149423163916,0.0,841,1144,-303
612,resnet50_dim_612,2.0647947751274434e-05,0.0,1360,1144,216
613,resnet50_dim_613,0.0,0.0,1752,1144,608
614,resnet50_dim_614,2.2577982965517858e-05,0.0,1273,1144,129
615,resnet50_dim_615,0.0001233605784161698,0.0,851,1144,-293
664,resnet50_dim_664,0.0,0.0,1752,1144,608
665,resnet50_dim_665,1.9626713757468864e-05,0.0,1382,1144,238
666,resnet50_dim_666,9.520282117733074e-05,0.0,950,1144,-194
667,resnet50_dim_667,0.00034341431547606655,0.0,235,1144,-909
668,resnet50_dim_668,2.086653767346671e-05,0.0,1349,1144,205
669,resnet50_dim_669,0.00019931290970244265,0.0,558,1144,-586
670,resnet50_dim_670,0.0,0.0,1752,1144,608
671,resnet50_dim_671,8.64392554192104e-05,0.0,982,1144,-162
656,resnet50_dim_656,0.0002912707178236167,0.0,305,1144,-839
659,resnet50_dim_659,0.0,0.0,1752,1144,608
660,resnet50_dim_660,0.0,0.0,1752,1144,608
662,resnet50_dim_662,0.00018845247818691178,0.0,605,1144,-539
663,resnet50_dim_663,0.00034344359812646494,0.0,234,1144,-910
648,resnet50_dim_648,0.0002976440399728362,0.0,290,1144,-854
649,resnet50_dim_649,0.0003518942454157593,0.0,218,1144,-926
650,resnet50_dim_650,0.000102827178459028,0.0,921,1144,-223
651,resnet50_dim_651,0.0,0.0,1752,1144,608
652,resnet50_dim_652,0.0,0.0,1752,1144,608
654,resnet50_dim_654,0.00016364911123182681,0.0,720,1144,-424
655,resnet50_dim_655,0.00021925447877037323,0.0,477,1144,-667
640,resnet50_dim_640,5.0382086939180315e-05,0.0,1088,1144,-56
642,resnet50_dim_642,0.0005931187737681897,0.0,74,1144,-1070
643,resnet50_dim_643,0.0002610933531683151,0.0,366,1144,-778
644,resnet50_dim_644,6.645293115982907e-05,0.0,1048,1144,-96
645,resnet50_dim_645,0.00034432960899341786,0.0,229,1144,-915
646,resnet50_dim_646,0.0,0.0,1752,1144,608
647,resnet50_dim_647,2.371185324951282e-05,0.0,1220,1144,76
696,resnet50_dim_696,0.0,0.0,1752,1144,608
697,resnet50_dim_697,0.0,0.0,1752,1144,608
699,resnet50_dim_699,0.0004125748173975715,0.0,161,1144,-983
700,resnet50_dim_700,0.0,0.0,1752,1144,608
701,resnet50_dim_701,2.4015748047349774e-05,0.0,1208,1144,64
702,resnet50_dim_702,0.0,0.0,1752,1144,608
689,resnet50_dim_689,0.0,0.0,1752,1144,608
690,resnet50_dim_690,0.0,0.0,1752,1144,608
691,resnet50_dim_691,0.0,0.0,1752,1144,608
692,resnet50_dim_692,0.00039359508045918863,0.0,175,1144,-969
693,resnet50_dim_693,2.6074101399692436e-05,0.0,1173,1144,29
694,resnet50_dim_694,0.0009772526602863936,0.0,32,1144,-1112
695,resnet50_dim_695,0.0,0.0,1752,1144,608
680,resnet50_dim_680,2.3861779803637984e-05,0.0,1214,1144,70
681,resnet50_dim_681,0.0,0.0,1752,1144,608
682,resnet50_dim_682,6.889123377998405e-05,0.0,1038,1144,-106
683,resnet50_dim_683,2.2733839274130174e-05,0.0,1264,1144,120
684,resnet50_dim_684,0.0002729605493199301,0.0,344,1144,-800
686,resnet50_dim_686,8.50579066012601e-05,0.0,985,1144,-159
687,resnet50_dim_687,8.394857377436307e-05,0.0,990,1144,-154
672,resnet50_dim_672,0.0,0.0,1752,1144,608
673,resnet50_dim_673,0.00024235574297350808,0.0,406,1144,-738
674,resnet50_dim_674,0.0003016707941458503,0.0,282,1144,-862
675,resnet50_dim_675,0.0,0.0,1752,1144,608
676,resnet50_dim_676,0.0002577882340919327,0.0,369,1144,-775
677,resnet50_dim_677,0.0,0.0,1752,1144,608
678,resnet50_dim_678,0.0,0.0,1752,1144,608
679,resnet50_dim_679,0.0002523409485250909,0.0,380,1144,-764
728,resnet50_dim_728,0.0,0.0,1752,1144,608
729,resnet50_dim_729,2.2120787796749644e-05,0.0,1299,1144,155
730,resnet50_dim_730,0.0,0.0,1752,1144,608
731,resnet50_dim_731,0.0,0.0,1752,1144,608
732,resnet50_dim_732,0.0002975666616791382,0.0,293,1144,-851
734,resnet50_dim_734,8.452810584757636e-05,0.0,987,1144,-157
735,resnet50_dim_735,7.732083871949076e-05,0.0,1010,1144,-134
721,resnet50_dim_721,4.137169172874248e-05,0.0,1141,1144,-3
723,resnet50_dim_723,0.0,0.0,1752,1144,608
725,resnet50_dim_725,0.0,0.0,1752,1144,608
726,resnet50_dim_726,0.0,0.0,1752,1144,608
727,resnet50_dim_727,2.3129450818842728e-05,0.0,1247,1144,103
712,resnet50_dim_712,2.3171457143556867e-05,0.0,1245,1144,101
713,resnet50_dim_713,0.0002630484866730693,0.0,358,1144,-786
714,resnet50_dim_714,2.1989191208994868e-05,0.0,1305,1144,161
715,resnet50_dim_715,0.0,0.0,1752,1144,608
716,resnet50_dim_716,0.0001576837645826763,0.0,748,1144,-396
717,resnet50_dim_717,0.0007437480969103526,0.0,52,1144,-1092
718,resnet50_dim_718,0.0,0.0,1752,1144,608
719,resnet50_dim_719,0.00019835339913511105,0.0,561,1144,-583
704,resnet50_dim_704,0.00024910401942864917,0.0,388,1144,-756
705,resnet50_dim_705,0.0,0.0,1752,1144,608
706,resnet50_dim_706,0.0,0.0,1752,1144,608
707,resnet50_dim_707,0.0003069229203372349,0.0,275,1144,-869
708,resnet50_dim_708,0.0,0.0,1752,1144,608
709,resnet50_dim_709,0.00014491909748904022,0.0,785,1144,-359
710,resnet50_dim_710,0.00016299255359864654,0.0,723,1144,-421
711,resnet50_dim_711,0.0,0.0,1752,1144,608
760,resnet50_dim_760,0.0,0.0,1752,1144,608
761,resnet50_dim_761,0.0,0.0,1752,1144,608
762,resnet50_dim_762,0.0,0.0,1752,1144,608
763,resnet50_dim_763,0.00010347962475796837,0.0,918,1144,-226
764,resnet50_dim_764,0.00014733801819375624,0.0,776,1144,-368
765,resnet50_dim_765,0.0002486689801880376,0.0,392,1144,-752
767,resnet50_dim_767,0.0003415497080539487,0.0,236,1144,-908
752,resnet50_dim_752,0.0,0.0,1752,1144,608
753,resnet50_dim_753,0.00014332557552211293,0.0,790,1144,-354
754,resnet50_dim_754,0.00011054840514580272,0.0,895,1144,-249
755,resnet50_dim_755,0.00010962475149391506,0.0,902,1144,-242
756,resnet50_dim_756,0.00010873802190906995,0.0,905,1144,-239
757,resnet50_dim_757,0.0,0.0,1752,1144,608
758,resnet50_dim_758,0.0,0.0,1752,1144,608
759,resnet50_dim_759,0.0,0.0,1752,1144,608
744,resnet50_dim_744,0.0,0.0,1752,1144,608
745,resnet50_dim_745,0.0002489142783062634,0.0,389,1144,-755
746,resnet50_dim_746,2.5663888380818865e-05,0.0,1183,1144,39
747,resnet50_dim_747,0.0,0.0,1752,1144,608
749,resnet50_dim_749,0.0,0.0,1752,1144,608
750,resnet50_dim_750,0.00018863632349682132,0.0,604,1144,-540
751,resnet50_dim_751,0.00011391766457884516,0.0,885,1144,-259
736,resnet50_dim_736,0.0001384231721123176,0.0,801,1144,-343
738,resnet50_dim_738,0.00020727026833899744,0.0,522,1144,-622
739,resnet50_dim_739,9.16827489980895e-05,0.0,956,1144,-188
740,resnet50_dim_740,9.01443878907361e-05,0.0,966,1144,-178
741,resnet50_dim_741,0.0,0.0,1752,1144,608
792,resnet50_dim_792,0.0,0.0,1752,1144,608
793,resnet50_dim_793,0.0005691000487721908,0.0,82,1144,-1062
795,resnet50_dim_795,0.0,0.0,1752,1144,608
796,resnet50_dim_796,0.00010056460200156276,0.0,930,1144,-214
797,resnet50_dim_797,0.0001848503226193549,0.0,622,1144,-522
798,resnet50_dim_798,0.00018138376823270596,0.0,643,1144,-501
799,resnet50_dim_799,0.0,0.0,1752,1144,608
784,resnet50_dim_784,0.0,0.0,1752,1144,608
785,resnet50_dim_785,2.1118578437919918e-05,0.0,1339,1144,195
787,resnet50_dim_787,2.0491140625900882e-05,0.0,1362,1144,218
788,resnet50_dim_788,0.0001496474165648915,0.0,772,1144,-372
789,resnet50_dim_789,2.465619584404442e-05,0.0,1199,1144,55
790,resnet50_dim_790,0.0,0.0,1752,1144,608
791,resnet50_dim_791,2.1033452271891945e-05,0.0,1341,1144,197
776,resnet50_dim_776,0.00013688245622094935,0.0,806,1144,-338
777,resnet50_dim_777,0.0002760475830856123,0.0,335,1144,-809
778,resnet50_dim_778,0.0001613585997362298,0.0,729,1144,-415
779,resnet50_dim_779,0.00023635838487413881,0.0,419,1144,-725
780,resnet50_dim_780,0.0,0.0,1752,1144,608
781,resnet50_dim_781,0.0,0.0,1752,1144,608
782,resnet50_dim_782,0.0002997951397992418,0.0,287,1144,-857
783,resnet50_dim_783,0.0,0.0,1752,1144,608
768,resnet50_dim_768,0.0,0.0,1752,1144,608
770,resnet50_dim_770,2.3004444729984425e-05,0.0,1254,1144,110
771,resnet50_dim_771,0.00021579166651243032,0.0,498,1144,-646
772,resnet50_dim_772,2.2761120882323548e-05,0.0,1263,1144,119
773,resnet50_dim_773,0.00019183535082257082,0.0,588,1144,-556
774,resnet50_dim_774,0.0,0.0,1752,1144,608
775,resnet50_dim_775,0.000261380595705303,0.0,365,1144,-779
184,resnet50_dim_184,0.0002619742988334507,0.0,362,1144,-782
185,resnet50_dim_185,0.0,0.0,1752,1144,608
186,resnet50_dim_186,1.975988614646196e-05,0.0,1378,1144,234
187,resnet50_dim_187,2.255460179815166e-05,0.0,1276,1144,132
190,resnet50_dim_190,0.00016685568360939987,0.0,710,1144,-434
191,resnet50_dim_191,0.0001582041941748738,0.0,744,1144,-400
176,resnet50_dim_176,0.0001283067493514552,0.0,839,1144,-305
177,resnet50_dim_177,0.0,0.0,1752,1144,608
178,resnet50_dim_178,0.00014972433132533992,0.0,771,1144,-373
179,resnet50_dim_179,0.00024590446418151833,0.0,399,1144,-745
180,resnet50_dim_180,2.560268041819116e-05,0.0,1184,1144,40
181,resnet50_dim_181,0.00024247472743343498,0.0,405,1144,-739
182,resnet50_dim_182,0.00013175597026740288,0.0,827,1144,-317
183,resnet50_dim_183,0.00032127667242516205,0.0,258,1144,-886
168,resnet50_dim_168,0.0,0.0,1752,1144,608
169,resnet50_dim_169,0.00017496575602037935,0.0,670,1144,-474
170,resnet50_dim_170,0.0001127517625460278,0.0,887,1144,-257
171,resnet50_dim_171,0.0,0.0,1752,1144,608
172,resnet50_dim_172,2.2922562664679187e-05,0.0,1258,1144,114
173,resnet50_dim_173,1.9403428870101447e-05,0.0,1387,1144,243
160,resnet50_dim_160,0.0,0.0,1752,1144,608
161,resnet50_dim_161,0.00029704529440948167,0.0,295,1144,-849
163,resnet50_dim_163,0.0,0.0,1752,1144,608
164,resnet50_dim_164,0.0,0.0,1752,1144,608
165,resnet50_dim_165,0.0001614987128794325,0.0,727,1144,-417
166,resnet50_dim_166,0.0002548990493782628,0.0,375,1144,-769
167,resnet50_dim_167,0.0,0.0,1752,1144,608
824,resnet50_dim_824,0.00011204419852547621,0.0,891,1144,-253
825,resnet50_dim_825,0.0,0.0,1752,1144,608
828,resnet50_dim_828,0.0,0.0,1752,1144,608
829,resnet50_dim_829,0.0,0.0,1752,1144,608
830,resnet50_dim_830,9.035059756243692e-05,0.0,962,1144,-182
831,resnet50_dim_831,2.1307440314672535e-05,0.0,1330,1144,186
816,resnet50_dim_816,0.0,0.0,1752,1144,608
818,resnet50_dim_818,0.0,0.0,1752,1144,608
819,resnet50_dim_819,0.0,0.0,1752,1144,608
820,resnet50_dim_820,0.000518316716999194,0.0,100,1144,-1044
821,resnet50_dim_821,0.0,0.0,1752,1144,608
822,resnet50_dim_822,0.00011504709779967802,0.0,881,1144,-263
823,resnet50_dim_823,6.989594022380332e-05,0.0,1032,1144,-112
808,resnet50_dim_808,0.00028360386227115774,0.0,319,1144,-825
809,resnet50_dim_809,0.0,0.0,1752,1144,608
810,resnet50_dim_810,2.11899391539857e-05,0.0,1338,1144,194
811,resnet50_dim_811,0.0,0.0,1752,1144,608
812,resnet50_dim_812,0.00022108453558677157,0.0,468,1144,-676
813,resnet50_dim_813,0.00011037929417324748,0.0,897,1144,-247
814,resnet50_dim_814,0.0,0.0,1752,1144,608
815,resnet50_dim_815,7.751536457551025e-05,0.0,1009,1144,-135
800,resnet50_dim_800,4.39194030286233e-05,0.0,1122,1144,-22
801,resnet50_dim_801,2.2631772949415282e-05,0.0,1270,1144,126
802,resnet50_dim_802,7.859590221932039e-05,0.0,1006,1144,-138
803,resnet50_dim_803,0.00015139905878512242,0.0,767,1144,-377
804,resnet50_dim_804,0.0,0.0,1752,1144,608
805,resnet50_dim_805,0.0,0.0,1752,1144,608
806,resnet50_dim_806,0.00032080259176933934,0.0,260,1144,-884
807,resnet50_dim_807,2.50426607113236e-05,0.0,1194,1144,50
856,resnet50_dim_856,0.0001574824059146806,0.0,749,1144,-395
857,resnet50_dim_857,2.5360501575142593e-05,0.0,1188,1144,44
858,resnet50_dim_858,0.0,0.0,1752,1144,608
859,resnet50_dim_859,5.806639288505347e-05,0.0,1078,1144,-66
860,resnet50_dim_860,0.00024316197056609704,0.0,403,1144,-741
861,resnet50_dim_861,0.0003965138046792091,0.0,172,1144,-972
862,resnet50_dim_862,0.00015525623301842744,0.0,756,1144,-388
863,resnet50_dim_863,0.00020405842473394755,0.0,533,1144,-611
848,resnet50_dim_848,0.0,0.0,1752,1144,608
849,resnet50_dim_849,0.0002187423845454867,0.0,478,1144,-666
850,resnet50_dim_850,0.00013460664663455277,0.0,813,1144,-331
851,resnet50_dim_851,0.0,0.0,1752,1144,608
852,resnet50_dim_852,0.0,0.0,1752,1144,608
853,resnet50_dim_853,2.1558018448842344e-05,0.0,1319,1144,175
854,resnet50_dim_854,0.0,0.0,1752,1144,608
855,resnet50_dim_855,4.7284648934842755e-05,0.0,1103,1144,-41
841,resnet50_dim_841,0.00020225129188171828,0.0,545,1144,-599
842,resnet50_dim_842,6.46570793921098e-05,0.0,1056,1144,-88
843,resnet50_dim_843,0.0,0.0,1752,1144,608
844,resnet50_dim_844,5.039376809721873e-05,0.0,1086,1144,-58
845,resnet50_dim_845,0.0,0.0,1752,1144,608
846,resnet50_dim_846,0.00012062340387694838,0.0,862,1144,-282
832,resnet50_dim_832,0.0,0.0,1752,1144,608
833,resnet50_dim_833,0.00012024895284449565,0.0,865,1144,-279
834,resnet50_dim_834,0.00019592737778283595,0.0,573,1144,-571
837,resnet50_dim_837,0.0001733689085893114,0.0,676,1144,-468
838,resnet50_dim_838,9.109371682100319e-05,0.0,959,1144,-185
839,resnet50_dim_839,0.0,0.0,1752,1144,608
888,resnet50_dim_888,0.0,0.0,1752,1144,608
890,resnet50_dim_890,0.0,0.0,1752,1144,608
892,resnet50_dim_892,0.0,0.0,1752,1144,608
893,resnet50_dim_893,0.00027046320907772494,0.0,349,1144,-795
894,resnet50_dim_894,0.0,0.0,1752,1144,608
895,resnet50_dim_895,0.0004176172057004447,0.0,157,1144,-987
880,resnet50_dim_880,0.0,0.0,1752,1144,608
881,resnet50_dim_881,0.00024152054724671973,0.0,408,1144,-736
882,resnet50_dim_882,6.0542102451103676e-05,0.0,1069,1144,-75
883,resnet50_dim_883,2.1936255549323156e-05,0.0,1307,1144,163
884,resnet50_dim_884,0.0,0.0,1752,1144,608
886,resnet50_dim_886,0.0,0.0,1752,1144,608
887,resnet50_dim_887,0.00025548258871239016,0.0,372,1144,-772
872,resnet50_dim_872,0.0,0.0,1752,1144,608
873,resnet50_dim_873,0.00047067290834637684,0.0,122,1144,-1022
875,resnet50_dim_875,0.00037285113996331286,0.0,195,1144,-949
876,resnet50_dim_876,2.205742619145192e-05,0.0,1303,1144,159
877,resnet50_dim_877,0.0,0.0,1752,1144,608
878,resnet50_dim_878,0.00011627479399389311,0.0,876,1144,-268
864,resnet50_dim_864,0.00019665114541213096,0.0,570,1144,-574
865,resnet50_dim_865,1.686191469970216e-05,0.0,1414,1144,270
867,resnet50_dim_867,0.0,0.0,1752,1144,608
868,resnet50_dim_868,0.00030055160792269214,0.0,285,1144,-859
869,resnet50_dim_869,5.207212953500283e-05,0.0,1084,1144,-60
870,resnet50_dim_870,0.00022966396902413162,0.0,439,1144,-705
871,resnet50_dim_871,0.00024420476052539427,0.0,402,1144,-742
920,resnet50_dim_920,2.1206669635218196e-05,0.0,1335,1144,191
921,resnet50_dim_921,0.0,0.0,1752,1144,608
922,resnet50_dim_922,0.0007662354597132395,0.0,47,1144,-1097
923,resnet50_dim_923,0.0,0.0,1752,1144,608
924,resnet50_dim_924,0.0007094164446191713,0.0,59,1144,-1085
925,resnet50_dim_925,0.0,0.0,1752,1144,608
926,resnet50_dim_926,0.0,0.0,1752,1144,608
913,resnet50_dim_913,2.0455130495908357e-05,0.0,1365,1144,221
914,resnet50_dim_914,0.0004318120242794151,0.0,145,1144,-999
915,resnet50_dim_915,0.00025427326885521257,0.0,377,1144,-767
916,resnet50_dim_916,0.00018565851818714703,0.0,619,1144,-525
917,resnet50_dim_917,0.0001335916480585442,0.0,817,1144,-327
918,resnet50_dim_918,0.0,0.0,1752,1144,608
919,resnet50_dim_919,0.00014458933387299157,0.0,787,1144,-357
904,resnet50_dim_904,0.0,0.0,1752,1144,608
905,resnet50_dim_905,2.3983890205842144e-05,0.0,1210,1144,66
906,resnet50_dim_906,0.0,0.0,1752,1144,608
907,resnet50_dim_907,0.0,0.0,1752,1144,608
908,resnet50_dim_908,0.00041848192231898037,0.0,156,1144,-988
909,resnet50_dim_909,2.4484169055716537e-05,0.0,1202,1144,58
910,resnet50_dim_910,0.0,0.0,1752,1144,608
911,resnet50_dim_911,0.0,0.0,1752,1144,608
896,resnet50_dim_896,4.719844658652549e-05,0.0,1104,1144,-40
897,resnet50_dim_897,0.00021275602533228866,0.0,503,1144,-641
898,resnet50_dim_898,0.00029690318029364265,0.0,296,1144,-848
899,resnet50_dim_899,0.0003631608141554224,0.0,203,1144,-941
900,resnet50_dim_900,2.229807631496073e-05,0.0,1291,1144,147
902,resnet50_dim_902,0.00034680864698510226,0.0,224,1144,-920
903,resnet50_dim_903,0.00026090450416056676,0.0,367,1144,-777
952,resnet50_dim_952,0.0,0.0,1752,1144,608
953,resnet50_dim_953,0.00021700517967148707,0.0,491,1144,-653
954,resnet50_dim_954,4.325538593802783e-05,0.0,1123,1144,-21
955,resnet50_dim_955,0.00019694014210063206,0.0,569,1144,-575
956,resnet50_dim_956,0.0,0.0,1752,1144,608
957,resnet50_dim_957,0.00012155553229388651,0.0,858,1144,-286
959,resnet50_dim_959,4.4760499841536635e-05,0.0,1116,1144,-28
944,resnet50_dim_944,0.00020909845770939738,0.0,514,1144,-630
945,resnet50_dim_945,0.00014060810825248862,0.0,794,1144,-350
947,resnet50_dim_947,8.029795970695427e-05,0.0,997,1144,-147
948,resnet50_dim_948,0.0,0.0,1752,1144,608
949,resnet50_dim_949,1.663587515731402e-05,0.0,1417,1144,273
950,resnet50_dim_950,0.0,0.0,1752,1144,608
951,resnet50_dim_951,2.3451421061243783e-05,0.0,1235,1144,91
936,resnet50_dim_936,0.0,0.0,1752,1144,608
937,resnet50_dim_937,0.0001491821993317212,0.0,773,1144,-371
938,resnet50_dim_938,0.00013050004482098636,0.0,833,1144,-311
939,resnet50_dim_939,0.0003454544435515647,0.0,227,1144,-917
940,resnet50_dim_940,0.0,0.0,1752,1144,608
941,resnet50_dim_941,2.132797967150682e-05,0.0,1328,1144,184
942,resnet50_dim_942,0.0,0.0,1752,1144,608
943,resnet50_dim_943,0.00020320296555964841,0.0,538,1144,-606
928,resnet50_dim_928,0.00035874992266156965,0.0,206,1144,-938
929,resnet50_dim_929,0.00015404643465289196,0.0,760,1144,-384
930,resnet50_dim_930,0.0,0.0,1752,1144,608
931,resnet50_dim_931,0.00010058148352718067,0.0,929,1144,-215
932,resnet50_dim_932,0.0003015338454255811,0.0,283,1144,-861
933,resnet50_dim_933,0.00029760547017297607,0.0,291,1144,-853
934,resnet50_dim_934,0.0001676336947866388,0.0,706,1144,-438
935,resnet50_dim_935,0.0,0.0,1752,1144,608
984,resnet50_dim_984,0.0,0.0,1752,1144,608
985,resnet50_dim_985,0.0,0.0,1752,1144,608
986,resnet50_dim_986,0.0,0.0,1752,1144,608
987,resnet50_dim_987,0.0,0.0,1752,1144,608
988,resnet50_dim_988,2.823183759164997e-05,0.0,1160,1144,16
989,resnet50_dim_989,0.0002638942987752607,0.0,357,1144,-787
990,resnet50_dim_990,0.0,0.0,1752,1144,608
991,resnet50_dim_991,0.0,0.0,1752,1144,608
977,resnet50_dim_977,0.0,0.0,1752,1144,608
978,resnet50_dim_978,0.0,0.0,1752,1144,608
979,resnet50_dim_979,0.00013427823002910077,0.0,816,1144,-328
981,resnet50_dim_981,0.00022737035246087831,0.0,449,1144,-695
982,resnet50_dim_982,0.0001076653886060085,0.0,908,1144,-236
983,resnet50_dim_983,0.0,0.0,1752,1144,608
968,resnet50_dim_968,0.0,0.0,1752,1144,608
969,resnet50_dim_969,0.0,0.0,1752,1144,608
971,resnet50_dim_971,0.0001514485399241116,0.0,766,1144,-378
972,resnet50_dim_972,1.676250844030238e-05,0.0,1415,1144,271
973,resnet50_dim_973,0.0,0.0,1752,1144,608
974,resnet50_dim_974,0.00019698390817850508,0.0,568,1144,-576
975,resnet50_dim_975,0.0009061940583137735,0.0,38,1144,-1106
960,resnet50_dim_960,0.0,0.0,1752,1144,608
961,resnet50_dim_961,0.0,0.0,1752,1144,608
962,resnet50_dim_962,4.180588805778894e-05,0.0,1133,1144,-11
963,resnet50_dim_963,0.00043007098628842084,0.0,148,1144,-996
964,resnet50_dim_964,0.0,0.0,1752,1144,608
966,resnet50_dim_966,5.9626887522907646e-05,0.0,1072,1144,-72
967,resnet50_dim_967,0.0,0.0,1752,1144,608
1016,resnet50_dim_1016,0.0,0.0,1752,1144,608
1017,resnet50_dim_1017,0.0001578606637836317,0.0,746,1144,-398
1018,resnet50_dim_1018,0.0,0.0,1752,1144,608
1019,resnet50_dim_1019,0.0,0.0,1752,1144,608
1020,resnet50_dim_1020,2.282065125080164e-05,0.0,1262,1144,118
1021,resnet50_dim_1021,2.257004519441686e-05,0.0,1274,1144,130
1022,resnet50_dim_1022,0.0,0.0,1752,1144,608
1023,resnet50_dim_1023,0.0,0.0,1752,1144,608
1008,resnet50_dim_1008,0.0,0.0,1752,1144,608
1009,resnet50_dim_1009,0.0,0.0,1752,1144,608
1010,resnet50_dim_1010,2.672207701611972e-05,0.0,1167,1144,23
1011,resnet50_dim_1011,1.9218305017854867e-05,0.0,1392,1144,248
1013,resnet50_dim_1013,0.0,0.0,1752,1144,608
1014,resnet50_dim_1014,7.272878462447115e-05,0.0,1024,1144,-120
1000,resnet50_dim_1000,0.00029041744625243513,0.0,308,1144,-836
1002,resnet50_dim_1002,0.00016793825582450298,0.0,704,1144,-440
1003,resnet50_dim_1003,0.00012037701285356755,0.0,864,1144,-280
1004,resnet50_dim_1004,0.0,0.0,1752,1144,608
1005,resnet50_dim_1005,0.00019168136155050692,0.0,590,1144,-554
1006,resnet50_dim_1006,9.937760405295575e-05,0.0,935,1144,-209
1007,resnet50_dim_1007,0.0,0.0,1752,1144,608
992,resnet50_dim_992,0.0007199231082780181,0.0,56,1144,-1088
993,resnet50_dim_993,0.0,0.0,1752,1144,608
994,resnet50_dim_994,4.6813363725010784e-05,0.0,1105,1144,-39
995,resnet50_dim_995,0.00042387218379551537,0.0,154,1144,-990
996,resnet50_dim_996,0.0001921080731010902,0.0,587,1144,-557
997,resnet50_dim_997,0.0,0.0,1752,1144,608
998,resnet50_dim_998,0.00021424573721194346,0.0,500,1144,-644
999,resnet50_dim_999,4.317762241150526e-05,0.0,1124,1144,-20
1048,resnet50_dim_1048,0.00010613065040289737,0.0,914,1144,-230
1050,resnet50_dim_1050,0.0,0.0,1752,1144,608
1051,resnet50_dim_1051,4.143919546322843e-05,0.0,1139,1144,-5
1052,resnet50_dim_1052,0.00018619867445979302,0.0,617,1144,-527
1053,resnet50_dim_1053,7.895683791058893e-05,0.0,1002,1144,-142
1054,resnet50_dim_1054,0.0,0.0,1752,1144,608
1055,resnet50_dim_1055,0.0,0.0,1752,1144,608
1040,resnet50_dim_1040,0.0,0.0,1752,1144,608
1041,resnet50_dim_1041,0.0,0.0,1752,1144,608
1042,resnet50_dim_1042,0.0004856835856918984,0.0,113,1144,-1031
1044,resnet50_dim_1044,0.0,0.0,1752,1144,608
1045,resnet50_dim_1045,0.0001786733658336617,0.0,657,1144,-487
1046,resnet50_dim_1046,0.0,0.0,1752,1144,608
1047,resnet50_dim_1047,0.00021823125025633203,0.0,480,1144,-664
1032,resnet50_dim_1032,8.656672584283168e-05,0.0,981,1144,-163
1033,resnet50_dim_1033,5.007151843613482e-05,0.0,1089,1144,-55
1034,resnet50_dim_1034,0.00018570124327565998,0.0,618,1144,-526
1035,resnet50_dim_1035,0.00019163973959712832,0.0,591,1144,-553
1036,resnet50_dim_1036,0.0,0.0,1752,1144,608
1037,resnet50_dim_1037,2.828113324717209e-05,0.0,1159,1144,15
1038,resnet50_dim_1038,0.00023808437712319715,0.0,413,1144,-731
1024,resnet50_dim_1024,1.9267832269231932e-05,0.0,1390,1144,246
1025,resnet50_dim_1025,0.0005173012559786292,0.0,102,1144,-1042
1026,resnet50_dim_1026,0.00020922704796286887,0.0,510,1144,-634
1027,resnet50_dim_1027,2.512379522786079e-05,0.0,1191,1144,47
1028,resnet50_dim_1028,0.00019713989573200445,0.0,567,1144,-577
1029,resnet50_dim_1029,0.00011427685266581473,0.0,883,1144,-261
1030,resnet50_dim_1030,0.00019857224116991322,0.0,560,1144,-584
1031,resnet50_dim_1031,0.0002492368871942809,0.0,385,1144,-759
1081,resnet50_dim_1081,0.0,0.0,1752,1144,608
1082,resnet50_dim_1082,0.0005032378013986019,0.0,107,1144,-1037
1083,resnet50_dim_1083,0.0,0.0,1752,1144,608
1084,resnet50_dim_1084,0.0,0.0,1752,1144,608
1085,resnet50_dim_1085,0.0,0.0,1752,1144,608
1086,resnet50_dim_1086,7.411398930719298e-05,0.0,1020,1144,-124
1087,resnet50_dim_1087,0.0,0.0,1752,1144,608
1072,resnet50_dim_1072,0.00021759333466347787,0.0,487,1144,-657
1073,resnet50_dim_1073,0.0,0.0,1752,1144,608
1074,resnet50_dim_1074,0.00022019368198073996,0.0,471,1144,-673
1075,resnet50_dim_1075,0.0,0.0,1752,1144,608
1076,resnet50_dim_1076,0.0002383260847541906,0.0,412,1144,-732
1077,resnet50_dim_1077,0.0,0.0,1752,1144,608
1078,resnet50_dim_1078,0.00044128832481504223,0.0,137,1144,-1007
1079,resnet50_dim_1079,0.00020070333260461512,0.0,553,1144,-591
1064,resnet50_dim_1064,0.00045664798815896846,0.0,129,1144,-1015
1065,resnet50_dim_1065,0.0,0.0,1752,1144,608
1066,resnet50_dim_1066,0.0,0.0,1752,1144,608
1067,resnet50_dim_1067,0.0,0.0,1752,1144,608
1068,resnet50_dim_1068,7.886321140060624e-05,0.0,1004,1144,-140
1069,resnet50_dim_1069,0.0,0.0,1752,1144,608
1070,resnet50_dim_1070,0.0,0.0,1752,1144,608
1071,resnet50_dim_1071,0.00032546865286902163,0.0,251,1144,-893
1056,resnet50_dim_1056,9.809257723187763e-05,0.0,939,1144,-205
1058,resnet50_dim_1058,0.0,0.0,1752,1144,608
1060,resnet50_dim_1060,0.00018300977735838497,0.0,632,1144,-512
1061,resnet50_dim_1061,1.6866047590555385e-05,0.0,1413,1144,269
1063,resnet50_dim_1063,0.00027476850231856575,0.0,336,1144,-808
152,resnet50_dim_152,0.00013550862564403664,0.0,809,1144,-335
153,resnet50_dim_153,0.00020250681814515116,0.0,543,1144,-601
154,resnet50_dim_154,0.0,0.0,1752,1144,608
155,resnet50_dim_155,0.0003549024980914633,0.0,213,1144,-931
156,resnet50_dim_156,0.0,0.0,1752,1144,608
157,resnet50_dim_157,0.0001650577666604482,0.0,713,1144,-431
158,resnet50_dim_158,2.0941142570959113e-05,0.0,1348,1144,204
159,resnet50_dim_159,2.3692499473958544e-05,0.0,1222,1144,78
144,resnet50_dim_144,0.0,0.0,1752,1144,608
145,resnet50_dim_145,0.0,0.0,1752,1144,608
146,resnet50_dim_146,0.000161366226991483,0.0,728,1144,-416
148,resnet50_dim_148,0.0001385966356802008,0.0,800,1144,-344
149,resnet50_dim_149,0.00018429561915370079,0.0,627,1144,-517
150,resnet50_dim_150,0.00021814319723941712,0.0,482,1144,-662
151,resnet50_dim_151,0.00018682910874998448,0.0,614,1144,-530
136,resnet50_dim_136,0.00019820740550348425,0.0,562,1144,-582
137,resnet50_dim_137,0.0,0.0,1752,1144,608
138,resnet50_dim_138,0.0,0.0,1752,1144,608
139,resnet50_dim_139,0.0,0.0,1752,1144,608
140,resnet50_dim_140,0.00011220977462851816,0.0,890,1144,-254
141,resnet50_dim_141,0.0,0.0,1752,1144,608
142,resnet50_dim_142,0.0,0.0,1752,1144,608
143,resnet50_dim_143,6.735731606514525e-05,0.0,1045,1144,-99
128,resnet50_dim_128,0.0002702840556544162,0.0,350,1144,-794
129,resnet50_dim_129,0.0004160706275455039,0.0,160,1144,-984
130,resnet50_dim_130,0.0005911160813825795,0.0,75,1144,-1069
131,resnet50_dim_131,0.0003543148194305157,0.0,216,1144,-928
132,resnet50_dim_132,0.00016916499834016818,0.0,700,1144,-444
133,resnet50_dim_133,0.0,0.0,1752,1144,608
135,resnet50_dim_135,0.00018219687417419283,0.0,635,1144,-509
1112,resnet50_dim_1112,2.205488753198758e-05,0.0,1304,1144,160
1113,resnet50_dim_1113,4.196121113847811e-05,0.0,1132,1144,-12
1114,resnet50_dim_1114,5.099969423277151e-05,0.0,1085,1144,-59
1115,resnet50_dim_1115,0.0005585982381616369,0.0,88,1144,-1056
1116,resnet50_dim_1116,0.00014987992671727457,0.0,769,1144,-375
1117,resnet50_dim_1117,0.00029446655012175534,0.0,302,1144,-842
1118,resnet50_dim_1118,0.0,0.0,1752,1144,608
1119,resnet50_dim_1119,0.0,0.0,1752,1144,608
1104,resnet50_dim_1104,0.0,0.0,1752,1144,608
1105,resnet50_dim_1105,0.00017868501365618313,0.0,656,1144,-488
1106,resnet50_dim_1106,7.615508193526126e-05,0.0,1014,1144,-130
1107,resnet50_dim_1107,0.00021626379202678637,0.0,496,1144,-648
1108,resnet50_dim_1108,2.3557742855766627e-05,0.0,1227,1144,83
1109,resnet50_dim_1109,0.0,0.0,1752,1144,608
1110,resnet50_dim_1110,0.00018104309565613564,0.0,645,1144,-499
1111,resnet50_dim_1111,0.0,0.0,1752,1144,608
1096,resnet50_dim_1096,6.208230401782106e-05,0.0,1065,1144,-79
1097,resnet50_dim_1097,0.00012137923092022896,0.0,859,1144,-285
1098,resnet50_dim_1098,0.0,0.0,1752,1144,608
1100,resnet50_dim_1100,0.0,0.0,1752,1144,608
1101,resnet50_dim_1101,0.00013196179981290616,0.0,825,1144,-319
1102,resnet50_dim_1102,2.1621291858659828e-05,0.0,1314,1144,170
1103,resnet50_dim_1103,7.886973471090024e-05,0.0,1003,1144,-141
1088,resnet50_dim_1088,0.00024913417176373613,0.0,386,1144,-758
1089,resnet50_dim_1089,0.00010299100608561849,0.0,919,1144,-225
1090,resnet50_dim_1090,5.988728646945641e-05,0.0,1070,1144,-74
1092,resnet50_dim_1092,2.127672722561673e-05,0.0,1332,1144,188
1093,resnet50_dim_1093,0.0,0.0,1752,1144,608
1094,resnet50_dim_1094,0.0,0.0,1752,1144,608
1095,resnet50_dim_1095,0.0,0.0,1752,1144,608
1144,resnet50_dim_1144,0.0,0.0,1752,1144,608
1145,resnet50_dim_1145,0.0,0.0,1752,1144,608
1146,resnet50_dim_1146,8.132099195931711e-05,0.0,996,1144,-148
1147,resnet50_dim_1147,0.0,0.0,1752,1144,608
1148,resnet50_dim_1148,0.00014387487189975975,0.0,789,1144,-355
1149,resnet50_dim_1149,0.0002174340242772195,0.0,488,1144,-656
1150,resnet50_dim_1150,0.0,0.0,1752,1144,608
1151,resnet50_dim_1151,2.2261897413013753e-05,0.0,1294,1144,150
1137,resnet50_dim_1137,0.00023478824619788222,0.0,422,1144,-722
1138,resnet50_dim_1138,0.00013510449357240608,0.0,811,1144,-333
1139,resnet50_dim_1139,0.0,0.0,1752,1144,608
1140,resnet50_dim_1140,0.0,0.0,1752,1144,608
1141,resnet50_dim_1141,0.0001731295519884509,0.0,680,1144,-464
1142,resnet50_dim_1142,0.0,0.0,1752,1144,608
1143,resnet50_dim_1143,0.0003053822693505758,0.0,278,1144,-866
1128,resnet50_dim_1128,0.0002951280282463486,0.0,300,1144,-844
1129,resnet50_dim_1129,2.3999295655568738e-05,0.0,1209,1144,65
1130,resnet50_dim_1130,4.822005803495206e-05,0.0,1097,1144,-47
1131,resnet50_dim_1131,0.0005244773398007369,0.0,97,1144,-1047
1132,resnet50_dim_1132,2.3264214357886746e-05,0.0,1240,1144,96
1133,resnet50_dim_1133,0.0,0.0,1752,1144,608
1134,resnet50_dim_1134,0.00038142828182253537,0.0,188,1144,-956
1135,resnet50_dim_1135,0.00031690529650815394,0.0,264,1144,-880
1120,resnet50_dim_1120,0.0,0.0,1752,1144,608
1121,resnet50_dim_1121,0.00022390183411719817,0.0,460,1144,-684
1122,resnet50_dim_1122,7.97786374300063e-05,0.0,998,1144,-146
1123,resnet50_dim_1123,4.513693791681778e-05,0.0,1113,1144,-31
1124,resnet50_dim_1124,0.00019957762715343887,0.0,557,1144,-587
1125,resnet50_dim_1125,0.00025002941869396126,0.0,383,1144,-761
1126,resnet50_dim_1126,0.00023913580549874495,0.0,410,1144,-734
1127,resnet50_dim_1127,0.0,0.0,1752,1144,608
1176,resnet50_dim_1176,0.0,0.0,1752,1144,608
1177,resnet50_dim_1177,2.188066470417997e-05,0.0,1311,1144,167
1178,resnet50_dim_1178,0.0001308582213804428,0.0,830,1144,-314
1179,resnet50_dim_1179,0.0,0.0,1752,1144,608
1180,resnet50_dim_1180,2.0701904367452132e-05,0.0,1357,1144,213
1181,resnet50_dim_1181,0.0,0.0,1752,1144,608
1183,resnet50_dim_1183,2.300542311729782e-05,0.0,1253,1144,109
1168,resnet50_dim_1168,0.00027986265042494125,0.0,327,1144,-817
1169,resnet50_dim_1169,0.00032092219741923614,0.0,259,1144,-885
1170,resnet50_dim_1170,0.0,0.0,1752,1144,608
1171,resnet50_dim_1171,0.0,0.0,1752,1144,608
1172,resnet50_dim_1172,0.0001794745572775792,0.0,649,1144,-495
1173,resnet50_dim_1173,0.00016192075017759398,0.0,726,1144,-418
1174,resnet50_dim_1174,0.00017370397992252815,0.0,674,1144,-470
1175,resnet50_dim_1175,0.0,0.0,1752,1144,608
1160,resnet50_dim_1160,0.0,0.0,1752,1144,608
1161,resnet50_dim_1161,0.0,0.0,1752,1144,608
1162,resnet50_dim_1162,0.0002864280070588914,0.0,316,1144,-828
1163,resnet50_dim_1163,0.00019432995792618957,0.0,583,1144,-561
1164,resnet50_dim_1164,0.00013646911129176913,0.0,807,1144,-337
1165,resnet50_dim_1165,0.0,0.0,1752,1144,608
1166,resnet50_dim_1166,0.00029250401327816217,0.0,303,1144,-841
1167,resnet50_dim_1167,0.0006460222810625334,0.0,65,1144,-1079
1152,resnet50_dim_1152,0.0,0.0,1752,1144,608
1153,resnet50_dim_1153,0.0002200834310004672,0.0,473,1144,-671
1154,resnet50_dim_1154,0.00017912374662595223,0.0,651,1144,-493
1155,resnet50_dim_1155,2.7802251429743937e-05,0.0,1161,1144,17
1156,resnet50_dim_1156,0.00017241288270261593,0.0,684,1144,-460
1157,resnet50_dim_1157,6.568258569089117e-05,0.0,1053,1144,-91
1158,resnet50_dim_1158,0.0005590926915309806,0.0,87,1144,-1057
1159,resnet50_dim_1159,0.00010229668295657957,0.0,924,1144,-220
1208,resnet50_dim_1208,0.0005425134888616105,0.0,92,1144,-1052
1209,resnet50_dim_1209,0.0004360561732518998,0.0,140,1144,-1004
1210,resnet50_dim_1210,2.102456762135944e-05,0.0,1342,1144,198
1211,resnet50_dim_1211,0.0,0.0,1752,1144,608
1212,resnet50_dim_1212,0.00019025900612868507,0.0,597,1144,-547
1213,resnet50_dim_1213,0.0,0.0,1752,1144,608
1214,resnet50_dim_1214,0.00015092950067565212,0.0,768,1144,-376
1200,resnet50_dim_1200,0.0003816114958569426,0.0,187,1144,-957
1201,resnet50_dim_1201,1.88121569381939e-05,0.0,1397,1144,253
1202,resnet50_dim_1202,6.131795388352398e-05,0.0,1067,1144,-77
1204,resnet50_dim_1204,6.645013971976152e-05,0.0,1049,1144,-95
1205,resnet50_dim_1205,0.0,0.0,1752,1144,608
1206,resnet50_dim_1206,2.1457530417947216e-05,0.0,1323,1144,179
1192,resnet50_dim_1192,0.00019062400214444318,0.0,595,1144,-549
1193,resnet50_dim_1193,3.693409000680964e-05,0.0,1155,1144,11
1194,resnet50_dim_1194,4.594782092059685e-05,0.0,1109,1144,-35
1195,resnet50_dim_1195,0.0003127815201185423,0.0,270,1144,-874
1196,resnet50_dim_1196,0.0006240751317368978,0.0,71,1144,-1073
1197,resnet50_dim_1197,0.0003707667084241654,0.0,197,1144,-947
1198,resnet50_dim_1198,2.5798840028022273e-05,0.0,1180,1144,36
1184,resnet50_dim_1184,2.3610817708583177e-05,0.0,1225,1144,81
1186,resnet50_dim_1186,0.0,0.0,1752,1144,608
1187,resnet50_dim_1187,0.00018449772085568246,0.0,626,1144,-518
1188,resnet50_dim_1188,0.0,0.0,1752,1144,608
1191,resnet50_dim_1191,9.659423957068035e-05,0.0,945,1144,-199
1240,resnet50_dim_1240,0.000343629589758511,0.0,233,1144,-911
1241,resnet50_dim_1241,2.352804193479456e-05,0.0,1229,1144,85
1242,resnet50_dim_1242,0.0002673212597650397,0.0,353,1144,-791
1243,resnet50_dim_1243,0.0,0.0,1752,1144,608
1244,resnet50_dim_1244,1.4746337358157037e-05,0.0,1419,1144,275
1245,resnet50_dim_1245,0.0002067282595672906,0.0,523,1144,-621
1246,resnet50_dim_1246,0.0,0.0,1752,1144,608
1247,resnet50_dim_1247,0.0,0.0,1752,1144,608
1232,resnet50_dim_1232,0.0002769981148695811,0.0,333,1144,-811
1233,resnet50_dim_1233,0.0,0.0,1752,1144,608
1234,resnet50_dim_1234,1.9807341508949167e-05,0.0,1377,1144,233
1235,resnet50_dim_1235,0.0,0.0,1752,1144,608
1236,resnet50_dim_1236,0.00017897285635743644,0.0,653,1144,-491
1237,resnet50_dim_1237,0.0003349217720902935,0.0,243,1144,-901
1238,resnet50_dim_1238,0.00016036311212840615,0.0,734,1144,-410
1224,resnet50_dim_1224,0.0,0.0,1752,1144,608
1225,resnet50_dim_1225,0.00017481191206400072,0.0,671,1144,-473
1226,resnet50_dim_1226,0.00023920019589927324,0.0,409,1144,-735
1227,resnet50_dim_1227,0.00012944800989096104,0.0,836,1144,-308
1228,resnet50_dim_1228,2.3439764379781584e-05,0.0,1236,1144,92
1230,resnet50_dim_1230,0.0,0.0,1752,1144,608
1231,resnet50_dim_1231,0.0,0.0,1752,1144,608
1216,resnet50_dim_1216,0.0001348163948992656,0.0,812,1144,-332
1217,resnet50_dim_1217,2.255560518276331e-05,0.0,1275,1144,131
1219,resnet50_dim_1219,0.0,0.0,1752,1144,608
1220,resnet50_dim_1220,0.0,0.0,1752,1144,608
1221,resnet50_dim_1221,0.000273810874959853,0.0,341,1144,-803
1222,resnet50_dim_1222,9.919786237268674e-05,0.0,936,1144,-208
1272,resnet50_dim_1272,0.000318573890388597,0.0,262,1144,-882
1273,resnet50_dim_1273,7.873529722807552e-05,0.0,1005,1144,-139
1274,resnet50_dim_1274,0.0,0.0,1752,1144,608
1275,resnet50_dim_1275,0.00020929466845442122,0.0,509,1144,-635
1276,resnet50_dim_1276,0.0,0.0,1752,1144,608
1277,resnet50_dim_1277,6.582961161393523e-05,0.0,1050,1144,-94
1278,resnet50_dim_1278,2.599106563395914e-05,0.0,1174,1144,30
1279,resnet50_dim_1279,2.1018930310478804e-05,0.0,1343,1144,199
1264,resnet50_dim_1264,0.00011287644271630342,0.0,886,1144,-258
1265,resnet50_dim_1265,0.00035457623288330894,0.0,214,1144,-930
1266,resnet50_dim_1266,0.0,0.0,1752,1144,608
1267,resnet50_dim_1267,9.474496126760676e-05,0.0,951,1144,-193
1268,resnet50_dim_1268,0.0,0.0,1752,1144,608
1269,resnet50_dim_1269,2.2854310758162708e-05,0.0,1261,1144,117
1270,resnet50_dim_1270,0.00022479653590810685,0.0,458,1144,-686
1271,resnet50_dim_1271,0.0002248927813095494,0.0,457,1144,-687
1256,resnet50_dim_1256,0.0,0.0,1752,1144,608
1257,resnet50_dim_1257,0.0,0.0,1752,1144,608
1258,resnet50_dim_1258,0.0,0.0,1752,1144,608
1260,resnet50_dim_1260,1.8969833376850663e-05,0.0,1394,1144,250
1261,resnet50_dim_1261,0.0,0.0,1752,1144,608
1262,resnet50_dim_1262,8.909466523282111e-05,0.0,973,1144,-171
1263,resnet50_dim_1263,0.00015208650068034146,0.0,765,1144,-379
1248,resnet50_dim_1248,0.00016487674689515198,0.0,716,1144,-428
1249,resnet50_dim_1249,0.0,0.0,1752,1144,608
1250,resnet50_dim_1250,0.00025510394725673585,0.0,374,1144,-770
1251,resnet50_dim_1251,0.0,0.0,1752,1144,608
1252,resnet50_dim_1252,0.0001876005810872551,0.0,608,1144,-536
1253,resnet50_dim_1253,0.0,0.0,1752,1144,608
1254,resnet50_dim_1254,0.00013347787768709096,0.0,818,1144,-326
1255,resnet50_dim_1255,0.00017812394288779475,0.0,662,1144,-482
1304,resnet50_dim_1304,0.0,0.0,1752,1144,608
1305,resnet50_dim_1305,0.0,0.0,1752,1144,608
1306,resnet50_dim_1306,0.000338104124696687,0.0,240,1144,-904
1307,resnet50_dim_1307,0.0,0.0,1752,1144,608
1308,resnet50_dim_1308,0.0,0.0,1752,1144,608
1309,resnet50_dim_1309,0.00026223224408144336,0.0,361,1144,-783
1310,resnet50_dim_1310,2.1502224302124995e-05,0.0,1321,1144,177
1311,resnet50_dim_1311,0.0,0.0,1752,1144,608
1296,resnet50_dim_1296,0.00023368585963870006,0.0,426,1144,-718
1297,resnet50_dim_1297,9.083332061521117e-05,0.0,961,1144,-183
1298,resnet50_dim_1298,0.00018352283989055636,0.0,631,1144,-513
1300,resnet50_dim_1300,0.00022041025771191606,0.0,470,1144,-674
1301,resnet50_dim_1301,0.0005209806206616817,0.0,99,1144,-1045
1302,resnet50_dim_1302,0.00044353325957454244,0.0,133,1144,-1011
1303,resnet50_dim_1303,0.0,0.0,1752,1144,608
1288,resnet50_dim_1288,0.0007113148018309921,0.0,58,1144,-1086
1290,resnet50_dim_1290,2.3919956435543448e-05,0.0,1212,1144,68
1291,resnet50_dim_1291,0.00017009262487492245,0.0,693,1144,-451
1292,resnet50_dim_1292,0.00013787376267850688,0.0,803,1144,-341
1293,resnet50_dim_1293,0.00016281145221361197,0.0,724,1144,-420
1294,resnet50_dim_1294,0.00043083389826056254,0.0,146,1144,-998
1280,resnet50_dim_1280,0.0002738820463023511,0.0,339,1144,-805
1281,resnet50_dim_1281,0.0002908393318688163,0.0,307,1144,-837
1282,resnet50_dim_1282,0.0004360795422192045,0.0,139,1144,-1005
1283,resnet50_dim_1283,0.0002206220077439177,0.0,469,1144,-675
1284,resnet50_dim_1284,0.0,0.0,1752,1144,608
1285,resnet50_dim_1285,7.713118906261814e-05,0.0,1011,1144,-133
1286,resnet50_dim_1286,0.0,0.0,1752,1144,608
1287,resnet50_dim_1287,0.0,0.0,1752,1144,608
1336,resnet50_dim_1336,1.7928094035672493e-05,0.0,1407,1144,263
1337,resnet50_dim_1337,0.0,0.0,1752,1144,608
1338,resnet50_dim_1338,0.0009504534130037365,0.0,35,1144,-1109
1339,resnet50_dim_1339,0.0002509894126997947,0.0,382,1144,-762
1340,resnet50_dim_1340,4.472581286727701e-05,0.0,1117,1144,-27
1341,resnet50_dim_1341,0.0,0.0,1752,1144,608
1342,resnet50_dim_1342,0.0002181415875687122,0.0,483,1144,-661
1343,resnet50_dim_1343,0.0005335074062256005,0.0,95,1144,-1049
1328,resnet50_dim_1328,0.0,0.0,1752,1144,608
1329,resnet50_dim_1329,0.0,0.0,1752,1144,608
1330,resnet50_dim_1330,0.0,0.0,1752,1144,608
1331,resnet50_dim_1331,2.1353087944607844e-05,0.0,1326,1144,182
1332,resnet50_dim_1332,3.3503644827599138e-06,0.0,1423,1144,279
1333,resnet50_dim_1333,0.0003806540747975483,0.0,189,1144,-955
1334,resnet50_dim_1334,0.0,0.0,1752,1144,608
1335,resnet50_dim_1335,7.393461276630866e-05,0.0,1021,1144,-123
1320,resnet50_dim_1320,2.084014963694165e-05,0.0,1351,1144,207
1321,resnet50_dim_1321,0.0,0.0,1752,1144,608
1322,resnet50_dim_1322,0.0001682888730754191,0.0,702,1144,-442
1323,resnet50_dim_1323,0.00017131924614559776,0.0,688,1144,-456
1324,resnet50_dim_1324,2.2133799813671855e-05,0.0,1298,1144,154
1325,resnet50_dim_1325,0.0,0.0,1752,1144,608
1327,resnet50_dim_1327,0.00032731446096326343,0.0,249,1144,-895
1312,resnet50_dim_1312,0.0,0.0,1752,1144,608
1313,resnet50_dim_1313,7.59016921551442e-05,0.0,1016,1144,-128
1314,resnet50_dim_1314,0.0001761407183903053,0.0,666,1144,-478
1315,resnet50_dim_1315,0.0001307003735141379,0.0,831,1144,-313
1316,resnet50_dim_1316,0.0,0.0,1752,1144,608
1317,resnet50_dim_1317,0.0004629193561638396,0.0,126,1144,-1018
1318,resnet50_dim_1318,0.0,0.0,1752,1144,608
1319,resnet50_dim_1319,0.0001422531318778318,0.0,792,1144,-352
1368,resnet50_dim_1368,0.0004478468131788636,0.0,131,1144,-1013
1369,resnet50_dim_1369,0.0,0.0,1752,1144,608
1370,resnet50_dim_1370,0.00022667839584041176,0.0,453,1144,-691
1371,resnet50_dim_1371,0.00017988737149062927,0.0,647,1144,-497
1372,resnet50_dim_1372,0.00029996918382521625,0.0,286,1144,-858
1373,resnet50_dim_1373,0.0001246211995068023,0.0,847,1144,-297
1374,resnet50_dim_1374,0.0003107104590968011,0.0,271,1144,-873
1375,resnet50_dim_1375,0.00048749342738585086,0.0,110,1144,-1034
1361,resnet50_dim_1361,0.0002201753322370312,0.0,472,1144,-672
1362,resnet50_dim_1362,0.00018685919832808285,0.0,613,1144,-531
1363,resnet50_dim_1363,6.668617759817703e-05,0.0,1047,1144,-97
1364,resnet50_dim_1364,2.346539808033074e-05,0.0,1234,1144,90
1365,resnet50_dim_1365,0.000117788752983365,0.0,874,1144,-270
1366,resnet50_dim_1366,0.0,0.0,1752,1144,608
1367,resnet50_dim_1367,0.0,0.0,1752,1144,608
1352,resnet50_dim_1352,0.0004337807229041604,0.0,143,1144,-1001
1353,resnet50_dim_1353,0.0,0.0,1752,1144,608
1354,resnet50_dim_1354,0.0,0.0,1752,1144,608
1355,resnet50_dim_1355,2.3822912874160524e-05,0.0,1215,1144,71
1356,resnet50_dim_1356,0.0,0.0,1752,1144,608
1357,resnet50_dim_1357,2.124520845566055e-05,0.0,1333,1144,189
1358,resnet50_dim_1358,0.00018532008408347265,0.0,620,1144,-524
1359,resnet50_dim_1359,8.796118789553887e-05,0.0,979,1144,-165
1344,resnet50_dim_1344,0.00017835659253696569,0.0,661,1144,-483
1345,resnet50_dim_1345,2.3161565569983798e-05,0.0,1246,1144,102
1346,resnet50_dim_1346,0.0,0.0,1752,1144,608
1347,resnet50_dim_1347,8.20134879405639e-05,0.0,994,1144,-150
1348,resnet50_dim_1348,0.0,0.0,1752,1144,608
1349,resnet50_dim_1349,0.0,0.0,1752,1144,608
1350,resnet50_dim_1350,0.00038505983365646313,0.0,185,1144,-959
1351,resnet50_dim_1351,0.0,0.0,1752,1144,608
1400,resnet50_dim_1400,0.00016452325855154413,0.0,718,1144,-426
1401,resnet50_dim_1401,0.0,0.0,1752,1144,608
1402,resnet50_dim_1402,0.0004753864471616831,0.0,119,1144,-1025
1403,resnet50_dim_1403,2.348076547615813e-05,0.0,1233,1144,89
1404,resnet50_dim_1404,0.00020366527287621707,0.0,535,1144,-609
1405,resnet50_dim_1405,0.0,0.0,1752,1144,608
1406,resnet50_dim_1406,2.550354835608713e-05,0.0,1186,1144,42
1392,resnet50_dim_1392,0.0,0.0,1752,1144,608
1393,resnet50_dim_1393,0.0,0.0,1752,1144,608
1394,resnet50_dim_1394,1.843856368758477e-05,0.0,1405,1144,261
1395,resnet50_dim_1395,0.00021680212459080774,0.0,492,1144,-652
1396,resnet50_dim_1396,0.0,0.0,1752,1144,608
1397,resnet50_dim_1397,7.71244197074801e-05,0.0,1012,1144,-132
1398,resnet50_dim_1398,0.0003464564902602698,0.0,225,1144,-919
1399,resnet50_dim_1399,0.0,0.0,1752,1144,608
1384,resnet50_dim_1384,0.0,0.0,1752,1144,608
1385,resnet50_dim_1385,7.457581134300112e-05,0.0,1019,1144,-125
1386,resnet50_dim_1386,0.00028021720938115844,0.0,326,1144,-818
1387,resnet50_dim_1387,6.189936081123492e-05,0.0,1066,1144,-78
1388,resnet50_dim_1388,0.0,0.0,1752,1144,608
1389,resnet50_dim_1389,0.00022479507408811432,0.0,459,1144,-685
1390,resnet50_dim_1390,0.0,0.0,1752,1144,608
1391,resnet50_dim_1391,0.00010293799746759034,0.0,920,1144,-224
1376,resnet50_dim_1376,0.0,0.0,1752,1144,608
1377,resnet50_dim_1377,0.0,0.0,1752,1144,608
1379,resnet50_dim_1379,0.0,0.0,1752,1144,608
1380,resnet50_dim_1380,0.00022175360687105833,0.0,465,1144,-679
1381,resnet50_dim_1381,0.0004818631838527733,0.0,115,1144,-1029
1382,resnet50_dim_1382,0.0,0.0,1752,1144,608
1433,resnet50_dim_1433,0.0,0.0,1752,1144,608
1434,resnet50_dim_1434,0.0,0.0,1752,1144,608
1435,resnet50_dim_1435,0.0004658225572456328,0.0,124,1144,-1020
1436,resnet50_dim_1436,0.0,0.0,1752,1144,608
1437,resnet50_dim_1437,0.0,0.0,1752,1144,608
1438,resnet50_dim_1438,0.0001817688845503421,0.0,639,1144,-505
1439,resnet50_dim_1439,0.00016102969798081462,0.0,731,1144,-413
1424,resnet50_dim_1424,0.00044496508855602115,0.0,132,1144,-1012
1426,resnet50_dim_1426,0.0,0.0,1752,1144,608
1427,resnet50_dim_1427,0.0,0.0,1752,1144,608
1429,resnet50_dim_1429,0.00025293528375554676,0.0,378,1144,-766
1430,resnet50_dim_1430,0.0002121508585453018,0.0,504,1144,-640
1416,resnet50_dim_1416,0.00035454380581701443,0.0,215,1144,-929
1417,resnet50_dim_1417,0.00016053022283188796,0.0,733,1144,-411
1418,resnet50_dim_1418,0.00032457314587798947,0.0,252,1144,-892
1419,resnet50_dim_1419,0.00012972862844208948,0.0,834,1144,-310
1420,resnet50_dim_1420,0.0,0.0,1752,1144,608
1421,resnet50_dim_1421,3.8731768211671616e-05,0.0,1151,1144,7
1422,resnet50_dim_1422,0.0,0.0,1752,1144,608
1423,resnet50_dim_1423,5.582956423747834e-05,0.0,1081,1144,-63
1408,resnet50_dim_1408,0.00019139889377028035,0.0,592,1144,-552
1409,resnet50_dim_1409,6.790467850040833e-05,0.0,1041,1144,-103
1410,resnet50_dim_1410,2.389286545393981e-05,0.0,1213,1144,69
1411,resnet50_dim_1411,2.286745014888466e-05,0.0,1260,1144,116
1412,resnet50_dim_1412,0.00018194711034568594,0.0,636,1144,-508
1413,resnet50_dim_1413,0.00027450427740070176,0.0,337,1144,-807
1414,resnet50_dim_1414,0.00013536654785161812,0.0,810,1144,-334
120,resnet50_dim_120,0.0,0.0,1752,1144,608
121,resnet50_dim_121,2.251451874809862e-05,0.0,1278,1144,134
122,resnet50_dim_122,0.0,0.0,1752,1144,608
123,resnet50_dim_123,0.0,0.0,1752,1144,608
124,resnet50_dim_124,0.00045294314800533713,0.0,130,1144,-1014
125,resnet50_dim_125,9.032958051577871e-05,0.0,963,1144,-181
126,resnet50_dim_126,0.0002718791594548736,0.0,346,1144,-798
127,resnet50_dim_127,0.00017237094050168554,0.0,685,1144,-459
112,resnet50_dim_112,0.0001557219057833295,0.0,755,1144,-389
113,resnet50_dim_113,3.858625684196689e-05,0.0,1152,1144,8
114,resnet50_dim_114,0.0,0.0,1752,1144,608
115,resnet50_dim_115,2.0966952630558e-05,0.0,1346,1144,202
116,resnet50_dim_116,2.5529121374386188e-05,0.0,1185,1144,41
117,resnet50_dim_117,0.0,0.0,1752,1144,608
118,resnet50_dim_118,0.0,0.0,1752,1144,608
119,resnet50_dim_119,0.0004827097804432994,0.0,114,1144,-1030
104,resnet50_dim_104,0.0,0.0,1752,1144,608
105,resnet50_dim_105,0.0,0.0,1752,1144,608
106,resnet50_dim_106,0.0002224865196942046,0.0,464,1144,-680
107,resnet50_dim_107,0.0002615935870448736,0.0,364,1144,-780
108,resnet50_dim_108,4.5063521015442404e-05,0.0,1115,1144,-29
109,resnet50_dim_109,0.00015430200597665189,0.0,758,1144,-386
110,resnet50_dim_110,0.0002487991851860374,0.0,391,1144,-753
111,resnet50_dim_111,0.0,0.0,1752,1144,608
96,resnet50_dim_96,0.0003457578708517301,0.0,226,1144,-918
99,resnet50_dim_99,0.000229742028947386,0.0,437,1144,-707
100,resnet50_dim_100,2.131285876470937e-05,0.0,1329,1144,185
101,resnet50_dim_101,0.0,0.0,1752,1144,608
102,resnet50_dim_102,0.00017852211318101165,0.0,660,1144,-484
103,resnet50_dim_103,0.00013907089527723357,0.0,796,1144,-348
1464,resnet50_dim_1464,2.037744168590196e-05,0.0,1367,1144,223
1465,resnet50_dim_1465,0.0,0.0,1752,1144,608
1466,resnet50_dim_1466,0.00016120148790977945,0.0,730,1144,-414
1468,resnet50_dim_1468,2.240664733952473e-05,0.0,1282,1144,138
1469,resnet50_dim_1469,0.0,0.0,1752,1144,608
1470,resnet50_dim_1470,0.0002591094747546893,0.0,368,1144,-776
1471,resnet50_dim_1471,8.36421295551806e-05,0.0,992,1144,-152
1457,resnet50_dim_1457,0.00015745281002788308,0.0,750,1144,-394
1458,resnet50_dim_1458,0.00022128961235544058,0.0,467,1144,-677
1459,resnet50_dim_1459,0.0016424971115325212,0.0,23,1144,-1121
1460,resnet50_dim_1460,0.0,0.0,1752,1144,608
1461,resnet50_dim_1461,0.0003105122517826943,0.0,272,1144,-872
1462,resnet50_dim_1462,2.7320466848356488e-05,0.0,1162,1144,18
1448,resnet50_dim_1448,0.0,0.0,1752,1144,608
1450,resnet50_dim_1450,8.982627788029647e-05,0.0,968,1144,-176
1451,resnet50_dim_1451,0.00020301458192436398,0.0,540,1144,-604
1452,resnet50_dim_1452,0.0004369667873421488,0.0,138,1144,-1006
1453,resnet50_dim_1453,0.00023384496373486937,0.0,425,1144,-719
1454,resnet50_dim_1454,0.0002891493790524543,0.0,311,1144,-833
1455,resnet50_dim_1455,0.00012532471108216142,0.0,845,1144,-299
1440,resnet50_dim_1440,0.0,0.0,1752,1144,608
1441,resnet50_dim_1441,2.208197733041843e-05,0.0,1301,1144,157
1442,resnet50_dim_1442,0.0,0.0,1752,1144,608
1443,resnet50_dim_1443,2.4318923526681917e-05,0.0,1205,1144,61
1444,resnet50_dim_1444,0.0,0.0,1752,1144,608
1446,resnet50_dim_1446,6.432998361936456e-05,0.0,1059,1144,-85
1447,resnet50_dim_1447,2.3187030884707074e-05,0.0,1244,1144,100
1496,resnet50_dim_1496,0.0,0.0,1752,1144,608
1497,resnet50_dim_1497,0.0,0.0,1752,1144,608
1498,resnet50_dim_1498,0.00020132603776678014,0.0,549,1144,-595
1499,resnet50_dim_1499,0.00021141668668770745,0.0,506,1144,-638
1500,resnet50_dim_1500,0.0,0.0,1752,1144,608
1501,resnet50_dim_1501,4.843731701807802e-05,0.0,1094,1144,-50
1502,resnet50_dim_1502,0.0002496587762193289,0.0,384,1144,-760
1488,resnet50_dim_1488,2.0684788733052283e-05,0.0,1358,1144,214
1489,resnet50_dim_1489,0.00019172323593778543,0.0,589,1144,-555
1490,resnet50_dim_1490,6.972073219272971e-05,0.0,1034,1144,-110
1491,resnet50_dim_1491,0.00022760507622340733,0.0,446,1144,-698
1492,resnet50_dim_1492,2.495703196237324e-05,0.0,1195,1144,51
1493,resnet50_dim_1493,0.00011027609787907843,0.0,898,1144,-246
1494,resnet50_dim_1494,0.0001948098193618281,0.0,578,1144,-566
1495,resnet50_dim_1495,2.2895949237020228e-05,0.0,1259,1144,115
1480,resnet50_dim_1480,0.0,0.0,1752,1144,608
1481,resnet50_dim_1481,0.00019740865595610984,0.0,565,1144,-579
1483,resnet50_dim_1483,0.0,0.0,1752,1144,608
1484,resnet50_dim_1484,0.00014509393037816064,0.0,784,1144,-360
1485,resnet50_dim_1485,2.2475224024743083e-05,0.0,1281,1144,137
1486,resnet50_dim_1486,0.000387524164335743,0.0,181,1144,-963
1487,resnet50_dim_1487,0.0,0.0,1752,1144,608
1472,resnet50_dim_1472,0.0,0.0,1752,1144,608
1473,resnet50_dim_1473,0.0,0.0,1752,1144,608
1474,resnet50_dim_1474,0.0003916155579189531,0.0,176,1144,-968
1475,resnet50_dim_1475,0.00011143180859902747,0.0,892,1144,-252
1476,resnet50_dim_1476,0.0002467889686329442,0.0,396,1144,-748
1477,resnet50_dim_1477,9.468329584507493e-05,0.0,953,1144,-191
1478,resnet50_dim_1478,2.1858662929129943e-05,0.0,1312,1144,168
1528,resnet50_dim_1528,0.00023783864713248967,0.0,415,1144,-729
1529,resnet50_dim_1529,2.2597041373861992e-05,0.0,1272,1144,128
1530,resnet50_dim_1530,2.468118672749232e-05,0.0,1198,1144,54
1531,resnet50_dim_1531,0.0,0.0,1752,1144,608
1532,resnet50_dim_1532,0.0,0.0,1752,1144,608
1534,resnet50_dim_1534,0.0,0.0,1752,1144,608
1535,resnet50_dim_1535,0.0,0.0,1752,1144,608
1521,resnet50_dim_1521,0.0,0.0,1752,1144,608
1522,resnet50_dim_1522,1.995554426396431e-05,0.0,1372,1144,228
1523,resnet50_dim_1523,4.211283627441029e-05,0.0,1129,1144,-15
1524,resnet50_dim_1524,0.0,0.0,1752,1144,608
1525,resnet50_dim_1525,0.0,0.0,1752,1144,608
1526,resnet50_dim_1526,0.0003384313678047028,0.0,239,1144,-905
1527,resnet50_dim_1527,0.0,0.0,1752,1144,608
1512,resnet50_dim_1512,0.0002006623595342734,0.0,554,1144,-590
1513,resnet50_dim_1513,0.0,0.0,1752,1144,608
1514,resnet50_dim_1514,0.00027651495099021816,0.0,334,1144,-810
1515,resnet50_dim_1515,2.3242824225380122e-05,0.0,1241,1144,97
1516,resnet50_dim_1516,8.497711021896283e-05,0.0,986,1144,-158
1517,resnet50_dim_1517,0.00016339154534036874,0.0,721,1144,-423
1518,resnet50_dim_1518,0.0002076642599760608,0.0,521,1144,-623
1519,resnet50_dim_1519,7.169360072286396e-05,0.0,1026,1144,-118
1504,resnet50_dim_1504,2.308814081000591e-05,0.0,1250,1144,106
1505,resnet50_dim_1505,0.00011248333237734696,0.0,889,1144,-255
1506,resnet50_dim_1506,4.109350924233787e-05,0.0,1143,1144,-1
1507,resnet50_dim_1507,0.0,0.0,1752,1144,608
1508,resnet50_dim_1508,0.00010645861054464024,0.0,913,1144,-231
1509,resnet50_dim_1509,0.00020596910295826972,0.0,526,1144,-618
1510,resnet50_dim_1510,0.00012132699394906765,0.0,860,1144,-284
1511,resnet50_dim_1511,0.00014836320072022786,0.0,774,1144,-370
1560,resnet50_dim_1560,0.0,0.0,1752,1144,608
1561,resnet50_dim_1561,2.2978459429362324e-05,0.0,1257,1144,113
1562,resnet50_dim_1562,0.0,0.0,1752,1144,608
1563,resnet50_dim_1563,0.0,0.0,1752,1144,608
1564,resnet50_dim_1564,8.931717155937926e-05,0.0,970,1144,-174
1565,resnet50_dim_1565,2.723112832092298e-05,0.0,1164,1144,20
1566,resnet50_dim_1566,0.00017354155339698667,0.0,675,1144,-469
1567,resnet50_dim_1567,6.4483454321813e-05,0.0,1058,1144,-86
1552,resnet50_dim_1552,0.00014576765385668713,0.0,782,1144,-362
1553,resnet50_dim_1553,0.0002911724266107344,0.0,306,1144,-838
1554,resnet50_dim_1554,0.0,0.0,1752,1144,608
1555,resnet50_dim_1555,0.0002049168515942427,0.0,529,1144,-615
1556,resnet50_dim_1556,0.0,0.0,1752,1144,608
1557,resnet50_dim_1557,0.00011264497224390431,0.0,888,1144,-256
1558,resnet50_dim_1558,0.0,0.0,1752,1144,608
1559,resnet50_dim_1559,4.836757453548494e-05,0.0,1095,1144,-49
1544,resnet50_dim_1544,0.00010692003366005243,0.0,912,1144,-232
1545,resnet50_dim_1545,6.736391431647537e-05,0.0,1044,1144,-100
1546,resnet50_dim_1546,8.920234808726667e-05,0.0,972,1144,-172
1547,resnet50_dim_1547,0.00028130977136426574,0.0,323,1144,-821
1548,resnet50_dim_1548,6.267402178416229e-05,0.0,1064,1144,-80
1549,resnet50_dim_1549,0.0,0.0,1752,1144,608
1550,resnet50_dim_1550,0.000219941417680564,0.0,474,1144,-670
1551,resnet50_dim_1551,0.0,0.0,1752,1144,608
1536,resnet50_dim_1536,0.0001222448770110731,0.0,855,1144,-289
1537,resnet50_dim_1537,0.0001870300668110826,0.0,609,1144,-535
1538,resnet50_dim_1538,0.000856149051501166,0.0,41,1144,-1103
1539,resnet50_dim_1539,0.0,0.0,1752,1144,608
1540,resnet50_dim_1540,0.0001722002191650386,0.0,686,1144,-458
1541,resnet50_dim_1541,0.0,0.0,1752,1144,608
1542,resnet50_dim_1542,0.0005881967617036888,0.0,77,1144,-1067
1543,resnet50_dim_1543,0.00011837889413317718,0.0,870,1144,-274
1592,resnet50_dim_1592,0.00020912991123755547,0.0,513,1144,-631
1593,resnet50_dim_1593,0.0,0.0,1752,1144,608
1594,resnet50_dim_1594,2.515766892750921e-05,0.0,1190,1144,46
1595,resnet50_dim_1595,0.0,0.0,1752,1144,608
1596,resnet50_dim_1596,0.0,0.0,1752,1144,608
1597,resnet50_dim_1597,0.0003436492746991846,0.0,232,1144,-912
1598,resnet50_dim_1598,0.0002889073359909677,0.0,312,1144,-832
1584,resnet50_dim_1584,0.00015473561557019652,0.0,757,1144,-387
1585,resnet50_dim_1585,0.0002542997836218529,0.0,376,1144,-768
1586,resnet50_dim_1586,0.0003325427331869736,0.0,246,1144,-898
1587,resnet50_dim_1587,1.9738471964161275e-05,0.0,1379,1144,235
1588,resnet50_dim_1588,0.0,0.0,1752,1144,608
1589,resnet50_dim_1589,2.348438132765141e-05,0.0,1232,1144,88
1590,resnet50_dim_1590,6.837727131836652e-05,0.0,1040,1144,-104
1591,resnet50_dim_1591,0.0,0.0,1752,1144,608
1576,resnet50_dim_1576,0.0,0.0,1752,1144,608
1577,resnet50_dim_1577,0.0001603025267612263,0.0,735,1144,-409
1580,resnet50_dim_1580,0.0,0.0,1752,1144,608
1581,resnet50_dim_1581,0.0003025894148099914,0.0,280,1144,-864
1582,resnet50_dim_1582,0.0,0.0,1752,1144,608
1568,resnet50_dim_1568,0.0,0.0,1752,1144,608
1569,resnet50_dim_1569,0.00014662654326740948,0.0,780,1144,-364
1570,resnet50_dim_1570,0.0,0.0,1752,1144,608
1571,resnet50_dim_1571,2.272003513611898e-05,0.0,1266,1144,122
1573,resnet50_dim_1573,0.00018700990103658833,0.0,610,1144,-534
1575,resnet50_dim_1575,6.458069047061767e-05,0.0,1057,1144,-87
1624,resnet50_dim_1624,0.0,0.0,1752,1144,608
1625,resnet50_dim_1625,0.00018824370692348917,0.0,606,1144,-538
1626,resnet50_dim_1626,0.0008225178918161512,0.0,44,1144,-1100
1627,resnet50_dim_1627,0.0,0.0,1752,1144,608
1628,resnet50_dim_1628,0.0,0.0,1752,1144,608
1629,resnet50_dim_1629,0.0,0.0,1752,1144,608
1630,resnet50_dim_1630,0.0,0.0,1752,1144,608
1631,resnet50_dim_1631,0.0003230874283674783,0.0,255,1144,-889
1616,resnet50_dim_1616,0.0009101618939787854,0.0,37,1144,-1107
1617,resnet50_dim_1617,0.0,0.0,1752,1144,608
1618,resnet50_dim_1618,0.0,0.0,1752,1144,608
1619,resnet50_dim_1619,0.0003971762756390325,0.0,171,1144,-973
1620,resnet50_dim_1620,0.0,0.0,1752,1144,608
1621,resnet50_dim_1621,2.1595540698472956e-05,0.0,1317,1144,173
1622,resnet50_dim_1622,7.777921188382246e-05,0.0,1008,1144,-136
1623,resnet50_dim_1623,0.0,0.0,1752,1144,608
1609,resnet50_dim_1609,0.00012930963659075914,0.0,838,1144,-306
1610,resnet50_dim_1610,0.0002443564442613461,0.0,400,1144,-744
1611,resnet50_dim_1611,0.0,0.0,1752,1144,608
1612,resnet50_dim_1612,0.0,0.0,1752,1144,608
1613,resnet50_dim_1613,2.3749347818154943e-05,0.0,1219,1144,75
1614,resnet50_dim_1614,0.00022972044797024433,0.0,438,1144,-706
1615,resnet50_dim_1615,4.21132273922397e-05,0.0,1128,1144,-16
1600,resnet50_dim_1600,0.0,0.0,1752,1144,608
1601,resnet50_dim_1601,0.0,0.0,1752,1144,608
1603,resnet50_dim_1603,0.0001455715730494142,0.0,783,1144,-361
1604,resnet50_dim_1604,9.570123011760276e-05,0.0,948,1144,-196
1605,resnet50_dim_1605,0.00013288490117257758,0.0,819,1144,-325
1606,resnet50_dim_1606,1.9607684563791836e-05,0.0,1384,1144,240
1607,resnet50_dim_1607,0.0002329834839621467,0.0,428,1144,-716
1656,resnet50_dim_1656,0.0,0.0,1752,1144,608
1657,resnet50_dim_1657,0.0,0.0,1752,1144,608
1659,resnet50_dim_1659,0.0,0.0,1752,1144,608
1661,resnet50_dim_1661,2.456486058804015e-05,0.0,1201,1144,57
1662,resnet50_dim_1662,3.905591242370612e-05,0.0,1150,1144,6
1663,resnet50_dim_1663,0.0001786218669498244,0.0,658,1144,-486
1648,resnet50_dim_1648,0.0,0.0,1752,1144,608
1649,resnet50_dim_1649,0.0003171473254969709,0.0,263,1144,-881
1650,resnet50_dim_1650,6.110999111870767e-05,0.0,1068,1144,-76
1651,resnet50_dim_1651,0.00022868194758542105,0.0,443,1144,-701
1652,resnet50_dim_1652,0.0,0.0,1752,1144,608
1653,resnet50_dim_1653,0.0003099646678954749,0.0,273,1144,-871
1654,resnet50_dim_1654,6.54756070721122e-05,0.0,1055,1144,-89
1655,resnet50_dim_1655,0.0002015249811000672,0.0,547,1144,-597
1640,resnet50_dim_1640,0.0001071031278445494,0.0,911,1144,-233
1642,resnet50_dim_1642,0.0,0.0,1752,1144,608
1643,resnet50_dim_1643,0.00010725466991940374,0.0,909,1144,-235
1644,resnet50_dim_1644,0.0001699414303352981,0.0,694,1144,-450
1645,resnet50_dim_1645,0.0,0.0,1752,1144,608
1647,resnet50_dim_1647,0.0009756126194916672,0.0,33,1144,-1111
1632,resnet50_dim_1632,2.414730397453697e-05,0.0,1207,1144,63
1633,resnet50_dim_1633,0.0,0.0,1752,1144,608
1634,resnet50_dim_1634,0.00020108910544270434,0.0,552,1144,-592
1635,resnet50_dim_1635,0.00012461153480175925,0.0,848,1144,-296
1636,resnet50_dim_1636,0.0,0.0,1752,1144,608
1637,resnet50_dim_1637,0.0002163311164830955,0.0,494,1144,-650
1639,resnet50_dim_1639,0.0003787301735633588,0.0,190,1144,-954
1688,resnet50_dim_1688,0.0,0.0,1752,1144,608
1690,resnet50_dim_1690,0.00034793365867222205,0.0,222,1144,-922
1691,resnet50_dim_1691,0.0,0.0,1752,1144,608
1692,resnet50_dim_1692,2.132818317516859e-05,0.0,1327,1144,183
1693,resnet50_dim_1693,0.00027066085413343687,0.0,348,1144,-796
1694,resnet50_dim_1694,0.0,0.0,1752,1144,608
1695,resnet50_dim_1695,0.0,0.0,1752,1144,608
1680,resnet50_dim_1680,0.00016691905854296756,0.0,709,1144,-435
1681,resnet50_dim_1681,0.00011404590540539266,0.0,884,1144,-260
1682,resnet50_dim_1682,0.00021485162045903794,0.0,499,1144,-645
1683,resnet50_dim_1683,4.427273169503108e-05,0.0,1120,1144,-24
1684,resnet50_dim_1684,8.421905906245735e-05,0.0,989,1144,-155
1685,resnet50_dim_1685,0.0,0.0,1752,1144,608
1686,resnet50_dim_1686,2.070589064980743e-05,0.0,1356,1144,212
1672,resnet50_dim_1672,2.0109670452392545e-05,0.0,1371,1144,227
1673,resnet50_dim_1673,0.00020239339792559754,0.0,544,1144,-600
1674,resnet50_dim_1674,0.00034460529490110906,0.0,228,1144,-916
1675,resnet50_dim_1675,0.00017246315942603588,0.0,683,1144,-461
1676,resnet50_dim_1676,0.0,0.0,1752,1144,608
1677,resnet50_dim_1677,0.00021726170082678629,0.0,489,1144,-655
1679,resnet50_dim_1679,0.00023486360563376742,0.0,421,1144,-723
1665,resnet50_dim_1665,2.5834044709030014e-05,0.0,1178,1144,34
1666,resnet50_dim_1666,0.0004296115437492589,0.0,150,1144,-994
1667,resnet50_dim_1667,0.0001697760987641829,0.0,697,1144,-447
1668,resnet50_dim_1668,0.0,0.0,1752,1144,608
1669,resnet50_dim_1669,0.00016317803297981545,0.0,722,1144,-422
1670,resnet50_dim_1670,1.8586608516150522e-05,0.0,1402,1144,258
1671,resnet50_dim_1671,0.0,0.0,1752,1144,608
1720,resnet50_dim_1720,0.00012166744498322378,0.0,857,1144,-287
1722,resnet50_dim_1722,0.00019649030947980025,0.0,571,1144,-573
1723,resnet50_dim_1723,1.734560820843419e-05,0.0,1412,1144,268
1724,resnet50_dim_1724,0.0,0.0,1752,1144,608
1725,resnet50_dim_1725,0.0,0.0,1752,1144,608
1726,resnet50_dim_1726,0.0,0.0,1752,1144,608
1727,resnet50_dim_1727,4.407002351863366e-05,0.0,1121,1144,-23
1712,resnet50_dim_1712,0.0,0.0,1752,1144,608
1713,resnet50_dim_1713,0.00033368473955218647,0.0,244,1144,-900
1714,resnet50_dim_1714,0.0002792904907814636,0.0,329,1144,-815
1716,resnet50_dim_1716,0.0,0.0,1752,1144,608
1717,resnet50_dim_1717,0.00018275915953906453,0.0,633,1144,-511
1718,resnet50_dim_1718,0.0,0.0,1752,1144,608
1719,resnet50_dim_1719,0.0,0.0,1752,1144,608
1704,resnet50_dim_1704,2.0958350365898113e-05,0.0,1347,1144,203
1705,resnet50_dim_1705,0.00010520118312289971,0.0,916,1144,-228
1706,resnet50_dim_1706,0.00019592029509945394,0.0,574,1144,-570
1707,resnet50_dim_1707,0.00032440979469445906,0.0,253,1144,-891
1708,resnet50_dim_1708,2.506188727417518e-05,0.0,1193,1144,49
1709,resnet50_dim_1709,0.0001220104288722064,0.0,856,1144,-288
1710,resnet50_dim_1710,0.00013127823109829816,0.0,829,1144,-315
1711,resnet50_dim_1711,0.00033966699776379446,0.0,238,1144,-906
1696,resnet50_dim_1696,0.0,0.0,1752,1144,608
1697,resnet50_dim_1697,0.00018121921849011913,0.0,644,1144,-500
1698,resnet50_dim_1698,0.0,0.0,1752,1144,608
1699,resnet50_dim_1699,0.00011821491832409849,0.0,873,1144,-271
1700,resnet50_dim_1700,0.0,0.0,1752,1144,608
1701,resnet50_dim_1701,0.00011823577404800733,0.0,872,1144,-272
1702,resnet50_dim_1702,0.00018383984756846242,0.0,629,1144,-515
1703,resnet50_dim_1703,0.0,0.0,1752,1144,608
1752,resnet50_dim_1752,0.0,0.0,1752,1144,608
1753,resnet50_dim_1753,0.0,0.0,1752,1144,608
1754,resnet50_dim_1754,0.00019802276842049304,0.0,564,1144,-580
1755,resnet50_dim_1755,0.0010591748935345482,0.0,28,1144,-1116
1757,resnet50_dim_1757,4.196160546909069e-05,0.0,1131,1144,-13
1758,resnet50_dim_1758,0.0,0.0,1752,1144,608
1759,resnet50_dim_1759,0.00048074983641144264,0.0,116,1144,-1028
1744,resnet50_dim_1744,0.0003701942442911923,0.0,198,1144,-946
1745,resnet50_dim_1745,0.0,0.0,1752,1144,608
1746,resnet50_dim_1746,7.97085397901296e-05,0.0,999,1144,-145
1747,resnet50_dim_1747,0.0005174978994768544,0.0,101,1144,-1043
1748,resnet50_dim_1748,0.0,0.0,1752,1144,608
1749,resnet50_dim_1749,0.0,0.0,1752,1144,608
1750,resnet50_dim_1750,5.407050716020519e-05,0.0,1082,1144,-62
1751,resnet50_dim_1751,0.00012677590165266587,0.0,842,1144,-302
1736,resnet50_dim_1736,0.0001717256122566594,0.0,687,1144,-457
1737,resnet50_dim_1737,0.0004870478117696604,0.0,112,1144,-1032
1739,resnet50_dim_1739,0.00017410859670182689,0.0,673,1144,-471
1740,resnet50_dim_1740,8.807231290249565e-05,0.0,978,1144,-166
1741,resnet50_dim_1741,0.0,0.0,1752,1144,608
1742,resnet50_dim_1742,0.0,0.0,1752,1144,608
1743,resnet50_dim_1743,0.0004065027887130056,0.0,165,1144,-979
1728,resnet50_dim_1728,0.0,0.0,1752,1144,608
1729,resnet50_dim_1729,0.0,0.0,1752,1144,608
1730,resnet50_dim_1730,0.0,0.0,1752,1144,608
1731,resnet50_dim_1731,0.00022907708164763557,0.0,441,1144,-703
1732,resnet50_dim_1732,0.0,0.0,1752,1144,608
1733,resnet50_dim_1733,0.0001942444117849182,0.0,584,1144,-560
1734,resnet50_dim_1734,0.00013897235425082243,0.0,797,1144,-347
1735,resnet50_dim_1735,0.00017952104241218575,0.0,648,1144,-496
88,resnet50_dim_88,0.0,0.0,1752,1144,608
89,resnet50_dim_89,0.00017757456736447168,0.0,663,1144,-481
90,resnet50_dim_90,0.00024887624767488405,0.0,390,1144,-754
91,resnet50_dim_91,0.0,0.0,1752,1144,608
92,resnet50_dim_92,0.0,0.0,1752,1144,608
93,resnet50_dim_93,0.0005613972465944971,0.0,84,1144,-1060
94,resnet50_dim_94,0.00018698677767730131,0.0,612,1144,-532
95,resnet50_dim_95,0.0,0.0,1752,1144,608
80,resnet50_dim_80,0.0,0.0,1752,1144,608
81,resnet50_dim_81,0.0,0.0,1752,1144,608
82,resnet50_dim_82,2.2381429151996246e-05,0.0,1286,1144,142
84,resnet50_dim_84,0.0,0.0,1752,1144,608
85,resnet50_dim_85,5.895822864237179e-05,0.0,1073,1144,-71
86,resnet50_dim_86,0.0013354593265763983,0.0,24,1144,-1120
87,resnet50_dim_87,0.0,0.0,1752,1144,608
73,resnet50_dim_73,0.0,0.0,1752,1144,608
74,resnet50_dim_74,0.00010725419778528967,0.0,910,1144,-234
75,resnet50_dim_75,0.0,0.0,1752,1144,608
76,resnet50_dim_76,0.00027230497552062333,0.0,345,1144,-799
77,resnet50_dim_77,2.3695878232693443e-05,0.0,1221,1144,77
78,resnet50_dim_78,1.8636005575505358e-05,0.0,1401,1144,257
79,resnet50_dim_79,0.00017041179673179193,0.0,691,1144,-453
64,resnet50_dim_64,0.00044152955317382393,0.0,136,1144,-1008
65,resnet50_dim_65,0.0002560079495587747,0.0,370,1144,-774
66,resnet50_dim_66,2.1461322838689765e-05,0.0,1322,1144,178
67,resnet50_dim_67,2.0800094772916044e-05,0.0,1353,1144,209
68,resnet50_dim_68,3.973744145186556e-05,0.0,1147,1144,3
69,resnet50_dim_69,0.00017604821990098012,0.0,667,1144,-477
70,resnet50_dim_70,0.00012809891676631574,0.0,840,1144,-304
71,resnet50_dim_71,9.355414017414319e-05,0.0,955,1144,-189
1784,resnet50_dim_1784,0.00020807553777406178,0.0,519,1144,-625
1785,resnet50_dim_1785,0.00012288602707296762,0.0,854,1144,-290
1786,resnet50_dim_1786,1.912178678677389e-05,0.0,1393,1144,249
1787,resnet50_dim_1787,7.156000608863845e-05,0.0,1027,1144,-117
1788,resnet50_dim_1788,0.00012076458138459873,0.0,861,1144,-283
1789,resnet50_dim_1789,0.0,0.0,1752,1144,608
1790,resnet50_dim_1790,0.00015395486015233175,0.0,761,1144,-383
1791,resnet50_dim_1791,0.0003766865631944043,0.0,192,1144,-952
1776,resnet50_dim_1776,0.0,0.0,1752,1144,608
1777,resnet50_dim_1777,0.0003769415698478424,0.0,191,1144,-953
1779,resnet50_dim_1779,0.0,0.0,1752,1144,608
1780,resnet50_dim_1780,0.0,0.0,1752,1144,608
1781,resnet50_dim_1781,0.00021929607491981198,0.0,476,1144,-668
1782,resnet50_dim_1782,0.00021678051613078662,0.0,493,1144,-651
1783,resnet50_dim_1783,0.0,0.0,1752,1144,608
1768,resnet50_dim_1768,2.239187428893265e-05,0.0,1284,1144,140
1769,resnet50_dim_1769,0.00022916238803217878,0.0,440,1144,-704
1770,resnet50_dim_1770,0.0,0.0,1752,1144,608
1771,resnet50_dim_1771,0.00023645049003633776,0.0,418,1144,-726
1772,resnet50_dim_1772,0.0,0.0,1752,1144,608
1773,resnet50_dim_1773,0.0,0.0,1752,1144,608
1775,resnet50_dim_1775,0.0,0.0,1752,1144,608
1760,resnet50_dim_1760,0.0,0.0,1752,1144,608
1762,resnet50_dim_1762,0.0,0.0,1752,1144,608
1763,resnet50_dim_1763,0.0003539576841469356,0.0,217,1144,-927
1764,resnet50_dim_1764,3.9228264959706266e-05,0.0,1148,1144,4
1765,resnet50_dim_1765,7.3569744736225e-05,0.0,1023,1144,-121
1766,resnet50_dim_1766,0.0,0.0,1752,1144,608
1767,resnet50_dim_1767,1.932750158568171e-05,0.0,1389,1144,245
1816,resnet50_dim_1816,0.0,0.0,1752,1144,608
1817,resnet50_dim_1817,2.1521710855889515e-05,0.0,1320,1144,176
1818,resnet50_dim_1818,0.00018167472431664388,0.0,640,1144,-504
1819,resnet50_dim_1819,2.167895997114023e-05,0.0,1313,1144,169
1820,resnet50_dim_1820,0.0,0.0,1752,1144,608
1823,resnet50_dim_1823,0.0,0.0,1752,1144,608
1808,resnet50_dim_1808,0.0,0.0,1752,1144,608
1809,resnet50_dim_1809,0.0,0.0,1752,1144,608
1810,resnet50_dim_1810,0.0,0.0,1752,1144,608
1811,resnet50_dim_1811,9.124300454240154e-05,0.0,957,1144,-187
1812,resnet50_dim_1812,0.00011868577889948336,0.0,869,1144,-275
1813,resnet50_dim_1813,0.0,0.0,1752,1144,608
1814,resnet50_dim_1814,2.2664837927286424e-05,0.0,1268,1144,124
1815,resnet50_dim_1815,0.0,0.0,1752,1144,608
1800,resnet50_dim_1800,0.00014717222177821715,0.0,778,1144,-366
1801,resnet50_dim_1801,0.00016460610835605013,0.0,717,1144,-427
1802,resnet50_dim_1802,0.0,0.0,1752,1144,608
1803,resnet50_dim_1803,0.00010781695035792293,0.0,907,1144,-237
1804,resnet50_dim_1804,0.00020842519497081676,0.0,517,1144,-627
1805,resnet50_dim_1805,0.00030963330736693927,0.0,274,1144,-870
1806,resnet50_dim_1806,0.000489941629768389,0.0,109,1144,-1035
1793,resnet50_dim_1793,4.9095513517355364e-05,0.0,1091,1144,-53
1794,resnet50_dim_1794,0.0002462320158540191,0.0,398,1144,-746
1795,resnet50_dim_1795,0.00012304751969891513,0.0,853,1144,-291
1797,resnet50_dim_1797,0.0001097501008474853,0.0,900,1144,-244
1798,resnet50_dim_1798,0.00011956447788474575,0.0,867,1144,-277
1799,resnet50_dim_1799,0.000578585043626728,0.0,79,1144,-1065
1848,resnet50_dim_1848,0.00020549604981648516,0.0,528,1144,-616
1849,resnet50_dim_1849,0.00020610699853190084,0.0,525,1144,-619
1850,resnet50_dim_1850,0.0,0.0,1752,1144,608
1851,resnet50_dim_1851,0.0,0.0,1752,1144,608
1854,resnet50_dim_1854,0.0,0.0,1752,1144,608
1840,resnet50_dim_1840,0.00011591008383024028,0.0,879,1144,-265
1841,resnet50_dim_1841,0.0,0.0,1752,1144,608
1842,resnet50_dim_1842,2.0445170820341204e-05,0.0,1366,1144,222
1843,resnet50_dim_1843,0.0001581983393798787,0.0,745,1144,-399
1844,resnet50_dim_1844,0.0,0.0,1752,1144,608
1845,resnet50_dim_1845,0.0,0.0,1752,1144,608
1846,resnet50_dim_1846,0.00014663322930008946,0.0,779,1144,-365
1832,resnet50_dim_1832,0.0,0.0,1752,1144,608
1833,resnet50_dim_1833,0.0,0.0,1752,1144,608
1834,resnet50_dim_1834,0.0,0.0,1752,1144,608
1835,resnet50_dim_1835,0.00040861575828682876,0.0,164,1144,-980
1836,resnet50_dim_1836,0.0006689576644860963,0.0,63,1144,-1081
1837,resnet50_dim_1837,7.237081897528402e-05,0.0,1025,1144,-119
1838,resnet50_dim_1838,0.00020271000115208742,0.0,541,1144,-603
1839,resnet50_dim_1839,0.0006315212009672588,0.0,68,1144,-1076
1824,resnet50_dim_1824,1.7783160316862913e-05,0.0,1409,1144,265
1825,resnet50_dim_1825,4.177896956813902e-05,0.0,1136,1144,-8
1826,resnet50_dim_1826,0.00040351195432778705,0.0,167,1144,-977
1827,resnet50_dim_1827,0.0,0.0,1752,1144,608
1828,resnet50_dim_1828,8.423647240713625e-05,0.0,988,1144,-156
1829,resnet50_dim_1829,0.00056966272790707,0.0,81,1144,-1063
1830,resnet50_dim_1830,0.0001416370532729299,0.0,793,1144,-351
1880,resnet50_dim_1880,0.00012052843782172692,0.0,863,1144,-281
1881,resnet50_dim_1881,0.00010542456735754651,0.0,915,1144,-229
1882,resnet50_dim_1882,0.0,0.0,1752,1144,608
1883,resnet50_dim_1883,0.00022627987678937778,0.0,454,1144,-690
1884,resnet50_dim_1884,0.0,0.0,1752,1144,608
1885,resnet50_dim_1885,0.0002975863597600414,0.0,292,1144,-852
1886,resnet50_dim_1886,0.0,0.0,1752,1144,608
1872,resnet50_dim_1872,0.0,0.0,1752,1144,608
1873,resnet50_dim_1873,9.701790426669319e-05,0.0,942,1144,-202
1874,resnet50_dim_1874,0.0,0.0,1752,1144,608
1876,resnet50_dim_1876,0.00026296391762409884,0.0,359,1144,-785
1877,resnet50_dim_1877,1.8548295870180365e-05,0.0,1403,1144,259
1878,resnet50_dim_1878,0.0004425191087651603,0.0,135,1144,-1009
1879,resnet50_dim_1879,0.0,0.0,1752,1144,608
1864,resnet50_dim_1864,4.869362195586644e-05,0.0,1092,1144,-52
1865,resnet50_dim_1865,0.00020004332108008974,0.0,555,1144,-589
1866,resnet50_dim_1866,0.0,0.0,1752,1144,608
1868,resnet50_dim_1868,0.0,0.0,1752,1144,608
1869,resnet50_dim_1869,0.0,0.0,1752,1144,608
1870,resnet50_dim_1870,0.0,0.0,1752,1144,608
1871,resnet50_dim_1871,2.351432665556045e-05,0.0,1231,1144,87
1856,resnet50_dim_1856,0.0,0.0,1752,1144,608
1858,resnet50_dim_1858,0.0006366179643850797,0.0,67,1144,-1077
1859,resnet50_dim_1859,0.0003021439816103773,0.0,281,1144,-863
1860,resnet50_dim_1860,0.00028815437604340187,0.0,313,1144,-831
1861,resnet50_dim_1861,0.0,0.0,1752,1144,608
1862,resnet50_dim_1862,0.0,0.0,1752,1144,608
1863,resnet50_dim_1863,0.0001678158488374122,0.0,705,1144,-439
1912,resnet50_dim_1912,1.767060706760797e-05,0.0,1410,1144,266
1913,resnet50_dim_1913,0.0,0.0,1752,1144,608
1914,resnet50_dim_1914,0.0,0.0,1752,1144,608
1915,resnet50_dim_1915,2.2304738903970577e-05,0.0,1290,1144,146
1916,resnet50_dim_1916,0.0,0.0,1752,1144,608
1917,resnet50_dim_1917,0.00016720731918608083,0.0,707,1144,-437
1919,resnet50_dim_1919,0.0,0.0,1752,1144,608
1904,resnet50_dim_1904,0.00021176510031123254,0.0,505,1144,-639
1905,resnet50_dim_1905,8.993874147437408e-05,0.0,967,1144,-177
1906,resnet50_dim_1906,0.0002322521716108167,0.0,431,1144,-713
1907,resnet50_dim_1907,0.0,0.0,1752,1144,608
1908,resnet50_dim_1908,0.00017903088089372832,0.0,652,1144,-492
1909,resnet50_dim_1909,0.0,0.0,1752,1144,608
1911,resnet50_dim_1911,0.00024307523659672782,0.0,404,1144,-740
1896,resnet50_dim_1896,0.00012609095155862905,0.0,844,1144,-300
1897,resnet50_dim_1897,0.0,0.0,1752,1144,608
1898,resnet50_dim_1898,0.0,0.0,1752,1144,608
1899,resnet50_dim_1899,0.00020348936914364556,0.0,536,1144,-608
1900,resnet50_dim_1900,0.0,0.0,1752,1144,608
1901,resnet50_dim_1901,0.0,0.0,1752,1144,608
1902,resnet50_dim_1902,0.0,0.0,1752,1144,608
1903,resnet50_dim_1903,0.0,0.0,1752,1144,608
1888,resnet50_dim_1888,0.0,0.0,1752,1144,608
1889,resnet50_dim_1889,2.3668514558069413e-05,0.0,1224,1144,80
1890,resnet50_dim_1890,0.0,0.0,1752,1144,608
1891,resnet50_dim_1891,0.00023333132698785694,0.0,427,1144,-717
1892,resnet50_dim_1892,0.0,0.0,1752,1144,608
1894,resnet50_dim_1894,0.001016971374441645,0.0,31,1144,-1113
1895,resnet50_dim_1895,0.0,0.0,1752,1144,608
1944,resnet50_dim_1944,0.0,0.0,1752,1144,608
1945,resnet50_dim_1945,4.671813791536627e-05,0.0,1106,1144,-38
1946,resnet50_dim_1946,0.00035954419534748976,0.0,205,1144,-939
1947,resnet50_dim_1947,1.99101858254782e-05,0.0,1374,1144,230
1948,resnet50_dim_1948,0.0003741938221150091,0.0,193,1144,-951
1949,resnet50_dim_1949,0.00016563132770873787,0.0,711,1144,-433
1950,resnet50_dim_1950,0.0,0.0,1752,1144,608
1951,resnet50_dim_1951,0.0,0.0,1752,1144,608
1936,resnet50_dim_1936,0.00043438002455037844,0.0,142,1144,-1002
1937,resnet50_dim_1937,0.00016426523323374414,0.0,719,1144,-425
1938,resnet50_dim_1938,0.0010341886429785121,0.0,29,1144,-1115
1939,resnet50_dim_1939,0.000154279022575534,0.0,759,1144,-385
1940,resnet50_dim_1940,4.735503642733009e-05,0.0,1102,1144,-42
1941,resnet50_dim_1941,2.2640310331139153e-05,0.0,1269,1144,125
1942,resnet50_dim_1942,0.0,0.0,1752,1144,608
1943,resnet50_dim_1943,0.0,0.0,1752,1144,608
1928,resnet50_dim_1928,5.886358127744778e-05,0.0,1074,1144,-70
1929,resnet50_dim_1929,0.0,0.0,1752,1144,608
1930,resnet50_dim_1930,8.814675864385349e-05,0.0,977,1144,-167
1931,resnet50_dim_1931,0.00018770225376924852,0.0,607,1144,-537
1932,resnet50_dim_1932,2.075668717916255e-05,0.0,1354,1144,210
1933,resnet50_dim_1933,0.00022795152138940108,0.0,444,1144,-700
1934,resnet50_dim_1934,2.0475249338925788e-05,0.0,1363,1144,219
1935,resnet50_dim_1935,9.732366419650394e-05,0.0,941,1144,-203
1920,resnet50_dim_1920,0.0,0.0,1752,1144,608
1921,resnet50_dim_1921,8.612808478252705e-05,0.0,983,1144,-161
1922,resnet50_dim_1922,0.0003129363711702467,0.0,269,1144,-875
1923,resnet50_dim_1923,0.00025183119438228755,0.0,381,1144,-763
1924,resnet50_dim_1924,3.578879895266912e-05,0.0,1157,1144,13
1925,resnet50_dim_1925,2.430848638441416e-05,0.0,1206,1144,62
1926,resnet50_dim_1926,0.0002713387704573051,0.0,347,1144,-797
1927,resnet50_dim_1927,2.2072670751936e-05,0.0,1302,1144,158
1976,resnet50_dim_1976,0.0,0.0,1752,1144,608
1977,resnet50_dim_1977,0.00018354530860194293,0.0,630,1144,-514
1978,resnet50_dim_1978,0.00022272953724555183,0.0,461,1144,-683
1979,resnet50_dim_1979,0.0,0.0,1752,1144,608
1980,resnet50_dim_1980,2.1887747556888956e-05,0.0,1310,1144,166
1981,resnet50_dim_1981,0.0,0.0,1752,1144,608
1982,resnet50_dim_1982,0.0004870484189738758,0.0,111,1144,-1033
1983,resnet50_dim_1983,2.017996061665979e-05,0.0,1370,1144,226
1968,resnet50_dim_1968,0.000209063538766151,0.0,516,1144,-628
1970,resnet50_dim_1970,0.0004023244383390926,0.0,169,1144,-975
1971,resnet50_dim_1971,0.00016558981056493513,0.0,712,1144,-432
1972,resnet50_dim_1972,0.00016935549519856753,0.0,699,1144,-445
1973,resnet50_dim_1973,0.00018458773537585575,0.0,625,1144,-519
1974,resnet50_dim_1974,9.806625343993228e-05,0.0,940,1144,-204
1975,resnet50_dim_1975,0.0,0.0,1752,1144,608
1960,resnet50_dim_1960,1.7800387573230412e-05,0.0,1408,1144,264
1961,resnet50_dim_1961,0.0,0.0,1752,1144,608
1962,resnet50_dim_1962,0.00029516426714461556,0.0,299,1144,-845
1964,resnet50_dim_1964,0.00038757352854944125,0.0,180,1144,-964
1965,resnet50_dim_1965,0.0001104590037042684,0.0,896,1144,-248
1967,resnet50_dim_1967,9.114129061943694e-05,0.0,958,1144,-186
1952,resnet50_dim_1952,0.0001947647869925666,0.0,580,1144,-564
1953,resnet50_dim_1953,0.00010914918015162858,0.0,903,1144,-241
1955,resnet50_dim_1955,4.462498866650555e-05,0.0,1118,1144,-26
1956,resnet50_dim_1956,6.992372120887897e-05,0.0,1031,1144,-113
1957,resnet50_dim_1957,0.000144021833667166,0.0,788,1144,-356
1958,resnet50_dim_1958,0.0,0.0,1752,1144,608
1959,resnet50_dim_1959,0.00021070321186970276,0.0,508,1144,-636
2008,resnet50_dim_2008,0.00021971479259034338,0.0,475,1144,-669
2009,resnet50_dim_2009,0.00013715657120204206,0.0,805,1144,-339
2010,resnet50_dim_2010,0.0,0.0,1752,1144,608
2012,resnet50_dim_2012,0.0,0.0,1752,1144,608
2013,resnet50_dim_2013,0.00024159870402063783,0.0,407,1144,-737
2014,resnet50_dim_2014,0.0002805723348447652,0.0,325,1144,-819
2015,resnet50_dim_2015,0.0,0.0,1752,1144,608
2000,resnet50_dim_2000,0.0,0.0,1752,1144,608
2001,resnet50_dim_2001,0.0002554751850985713,0.0,373,1144,-771
2002,resnet50_dim_2002,0.0,0.0,1752,1144,608
2003,resnet50_dim_2003,0.0,0.0,1752,1144,608
2004,resnet50_dim_2004,9.102956737177232e-05,0.0,960,1144,-184
2005,resnet50_dim_2005,0.0,0.0,1752,1144,608
2006,resnet50_dim_2006,0.00021777091964579587,0.0,486,1144,-658
2007,resnet50_dim_2007,4.066987791732165e-05,0.0,1145,1144,1
1992,resnet50_dim_1992,0.0,0.0,1752,1144,608
1994,resnet50_dim_1994,0.0002815344727921993,0.0,322,1144,-822
1995,resnet50_dim_1995,0.00018233517237822478,0.0,634,1144,-510
1996,resnet50_dim_1996,0.0,0.0,1752,1144,608
1997,resnet50_dim_1997,0.0,0.0,1752,1144,608
1998,resnet50_dim_1998,0.0002954656015071081,0.0,297,1144,-847
1999,resnet50_dim_1999,0.00028644193569239213,0.0,315,1144,-829
1984,resnet50_dim_1984,0.00019482041355817068,0.0,577,1144,-567
1985,resnet50_dim_1985,0.00017598062207063768,0.0,668,1144,-476
1986,resnet50_dim_1986,0.00047155831976336435,0.0,121,1144,-1023
1987,resnet50_dim_1987,2.395814145772468e-05,0.0,1211,1144,67
1988,resnet50_dim_1988,0.0019693599985728463,0.0,21,1144,-1123
1989,resnet50_dim_1989,0.0,0.0,1752,1144,608
1990,resnet50_dim_1990,0.0,0.0,1752,1144,608
1991,resnet50_dim_1991,0.00011596057663787247,0.0,878,1144,-266
2040,resnet50_dim_2040,0.00011539517915425685,0.0,880,1144,-264
2041,resnet50_dim_2041,0.0,0.0,1752,1144,608
2042,resnet50_dim_2042,0.00013242641717466487,0.0,823,1144,-321
2044,resnet50_dim_2044,2.161351031226412e-05,0.0,1315,1144,171
2045,resnet50_dim_2045,8.523207384939516e-05,0.0,984,1144,-160
2046,resnet50_dim_2046,0.0,0.0,1752,1144,608
2047,resnet50_dim_2047,0.0,0.0,1752,1144,608
2032,resnet50_dim_2032,4.7451505180408346e-05,0.0,1100,1144,-44
2033,resnet50_dim_2033,0.0,0.0,1752,1144,608
2034,resnet50_dim_2034,0.00010848234600981838,0.0,906,1144,-238
2035,resnet50_dim_2035,0.0,0.0,1752,1144,608
2036,resnet50_dim_2036,0.00019008125650097767,0.0,599,1144,-545
2037,resnet50_dim_2037,0.0002898500574123156,0.0,310,1144,-834
2038,resnet50_dim_2038,0.0,0.0,1752,1144,608
2039,resnet50_dim_2039,0.0,0.0,1752,1144,608
2024,resnet50_dim_2024,0.0,0.0,1752,1144,608
2025,resnet50_dim_2025,0.0001595794216659674,0.0,737,1144,-407
2026,resnet50_dim_2026,0.0001317735303793498,0.0,826,1144,-318
2027,resnet50_dim_2027,0.0004645536720898528,0.0,125,1144,-1019
2028,resnet50_dim_2028,0.0,0.0,1752,1144,608
2029,resnet50_dim_2029,0.0,0.0,1752,1144,608
2030,resnet50_dim_2030,2.2141623270257027e-05,0.0,1297,1144,153
2031,resnet50_dim_2031,0.0,0.0,1752,1144,608
2016,resnet50_dim_2016,0.0004034364883169248,0.0,168,1144,-976
2018,resnet50_dim_2018,0.00017010243067077367,0.0,692,1144,-452
2019,resnet50_dim_2019,0.0,0.0,1752,1144,608
2020,resnet50_dim_2020,0.0,0.0,1752,1144,608
2021,resnet50_dim_2021,0.00019128758212679574,0.0,593,1144,-551
2022,resnet50_dim_2022,0.0005311294934619008,0.0,96,1144,-1048
2023,resnet50_dim_2023,0.00016202555980988936,0.0,725,1144,-419
57,resnet50_dim_57,0.0,0.0,1752,1144,608
58,resnet50_dim_58,0.00022772487267940753,0.0,445,1144,-699
59,resnet50_dim_59,2.2723189813338193e-05,0.0,1265,1144,121
60,resnet50_dim_60,0.0,0.0,1752,1144,608
61,resnet50_dim_61,0.0,0.0,1752,1144,608
62,resnet50_dim_62,0.0007147828302636616,0.0,57,1144,-1087
63,resnet50_dim_63,0.00019519793787094088,0.0,576,1144,-568
48,resnet50_dim_48,0.0,0.0,1752,1144,608
49,resnet50_dim_49,0.0,0.0,1752,1144,608
50,resnet50_dim_50,5.678085546478594e-05,0.0,1080,1144,-64
51,resnet50_dim_51,0.0001538082239451137,0.0,762,1144,-382
52,resnet50_dim_52,0.0001787121903051972,0.0,655,1144,-489
53,resnet50_dim_53,2.221780075517734e-05,0.0,1295,1144,151
55,resnet50_dim_55,2.0232834061824132e-05,0.0,1369,1144,225
40,resnet50_dim_40,2.19063783790722e-05,0.0,1309,1144,165
41,resnet50_dim_41,0.00020779296070310335,0.0,520,1144,-624
42,resnet50_dim_42,6.715650535496993e-05,0.0,1046,1144,-98
43,resnet50_dim_43,0.00018673318889891362,0.0,615,1144,-529
44,resnet50_dim_44,1.983496610455119e-05,0.0,1376,1144,232
45,resnet50_dim_45,0.00021619766228422394,0.0,497,1144,-647
46,resnet50_dim_46,0.0001847573051486845,0.0,624,1144,-520
47,resnet50_dim_47,0.0004345483163800875,0.0,141,1144,-1003
34,resnet50_dim_34,0.00032839700349110434,0.0,248,1144,-896
35,resnet50_dim_35,0.0003228429224360447,0.0,257,1144,-887
36,resnet50_dim_36,0.0,0.0,1752,1144,608
37,resnet50_dim_37,0.0003353409716527357,0.0,242,1144,-902
38,resnet50_dim_38,0.00012967736165802416,0.0,835,1144,-309
39,resnet50_dim_39,0.00015953330589758374,0.0,738,1144,-406
0,resnet50_dim_0,0.0,0.0,1752,1144,608
