,Feature,Global_Impact,Error_Impact,Global_Rank,Error_Rank,Rank_Shift
3666,vgg16_dim_3666,0.00879627840585997,0.006822564917755574,1,1,0
3077,vgg16_dim_3077,0.00671509710958026,0.005994377352341038,2,2,0
585,vgg16_dim_585,0.004801117598940011,0.005054986101284005,5,3,2
2542,vgg16_dim_2542,0.00409942521935861,0.005046861044856708,9,4,5
1476,vgg16_dim_1476,0.004880128966183329,0.004759907505625264,4,5,-1
2024,vgg16_dim_2024,0.005562877209125623,0.0046505897454784785,3,6,-3
38,vgg16_dim_38,0.0047288396524401725,0.003986417435910823,6,7,-1
2646,vgg16_dim_2646,0.004049254681421272,0.0038741057460944515,10,8,2
150,vgg16_dim_150,0.00452538464507587,0.0038490806432003115,7,9,-2
432,vgg16_dim_432,0.0034440813400589136,0.0038063631971665493,17,10,7
1252,vgg16_dim_1252,0.0032541571015185407,0.0036589569118478404,20,11,9
1799,vgg16_dim_1799,0.003859081188104135,0.0036462235069007628,12,12,0
185,vgg16_dim_185,0.0028086565852280987,0.003419959759886804,33,13,20
3735,vgg16_dim_3735,0.004257191326737216,0.003416130280048399,8,14,-6
428,vgg16_dim_428,0.0029157986363016974,0.003356985564434773,28,15,13
4051,vgg16_dim_4051,0.003174026266651923,0.003179562005680188,24,16,8
3485,vgg16_dim_3485,0.002925470124053173,0.0031786306495032,27,17,10
3882,vgg16_dim_3882,0.0038138435089834924,0.003157982991522417,13,18,-5
3313,vgg16_dim_3313,0.0030556106729183116,0.0031404553623754017,25,19,6
3169,vgg16_dim_3169,0.002863722799332476,0.0030736665953466353,30,20,10
2479,vgg16_dim_2479,0.003996890861248624,0.0030524642006752437,11,21,-10
3893,vgg16_dim_3893,0.0022192870556821285,0.0029666124630175128,53,22,31
3175,vgg16_dim_3175,0.0036026880525337228,0.0029317191589480485,15,23,-8
1402,vgg16_dim_1402,0.0032045699682179156,0.0028466880977342252,22,24,-2
3879,vgg16_dim_3879,0.0032406024856040656,0.0028183771812660408,21,25,-4
2073,vgg16_dim_2073,0.0032859576701377777,0.00280934609092075,19,26,-7
3753,vgg16_dim_3753,0.002302510526707142,0.0027297666468613416,50,27,23
1820,vgg16_dim_1820,0.0021390132545228762,0.002714415473800796,59,28,31
3192,vgg16_dim_3192,0.0036499791700375446,0.0026884685945218847,14,29,-15
1181,vgg16_dim_1181,0.003462826938313797,0.0026827719653265093,16,30,-14
1744,vgg16_dim_1744,0.00202234016002799,0.0026488226459527348,65,31,34
595,vgg16_dim_595,0.0018150869711825149,0.0025792375630011165,80,32,48
2826,vgg16_dim_2826,0.0020934110294685473,0.0025696042464582046,62,33,29
2045,vgg16_dim_2045,0.002725835893484728,0.0025469049629713203,36,34,2
744,vgg16_dim_744,0.0024555618256940884,0.00254498097830637,43,35,8
121,vgg16_dim_121,0.0024037904843711793,0.002525036543354677,46,36,10
673,vgg16_dim_673,0.002553981389228104,0.0025082609499327323,38,37,1
3460,vgg16_dim_3460,0.0017471451953407061,0.0024788744468297406,86,38,48
437,vgg16_dim_437,0.0019558948386899345,0.002469924353289331,69,39,30
133,vgg16_dim_133,0.0028162515720328383,0.0024503985230950403,32,40,-8
366,vgg16_dim_366,0.0023702565645509393,0.002413396875684211,47,41,6
2268,vgg16_dim_2268,0.00243477268401183,0.0023976739748369064,45,42,3
538,vgg16_dim_538,0.0027801640487286707,0.0023951276351949005,35,43,-8
423,vgg16_dim_423,0.0030517981483176985,0.002390935773248565,26,44,-18
2992,vgg16_dim_2992,0.002805167166903894,0.002347463119320984,34,45,-11
1604,vgg16_dim_1604,0.0029071797267817908,0.0023243005864047833,29,46,-17
3955,vgg16_dim_3955,0.002071916786551533,0.002293449167095198,63,47,16
3378,vgg16_dim_3378,0.0032000185358486387,0.0022884321377414016,23,48,-25
2115,vgg16_dim_2115,0.002821515017449271,0.0022528257299505665,31,49,-18
1054,vgg16_dim_1054,0.0025869461195839392,0.002194223048324192,37,50,-13
463,vgg16_dim_463,0.0018373145524027978,0.0021941188715376195,78,51,27
2398,vgg16_dim_2398,0.002102922641039997,0.0021755416229826997,61,52,9
3598,vgg16_dim_3598,0.0025518422266515967,0.002164105738029217,39,53,-14
525,vgg16_dim_525,0.002349369631454658,0.0021636677083488472,48,54,-6
3653,vgg16_dim_3653,0.00336920656706835,0.0021521621691635057,18,55,-37
2753,vgg16_dim_2753,0.0024542491967227357,0.0021364642256725985,44,56,-12
82,vgg16_dim_82,0.0014303953041840125,0.002123788579284472,108,57,51
3818,vgg16_dim_3818,0.0019448889880336383,0.0021173989457070708,70,58,12
2818,vgg16_dim_2818,0.002519171826820098,0.002110520698142156,41,59,-18
1311,vgg16_dim_1311,0.002116730390971862,0.002042661115305201,60,60,0
2409,vgg16_dim_2409,0.001446852501836055,0.001992125719318115,104,61,43
1215,vgg16_dim_1215,0.001963056891614174,0.001977108341349544,68,62,6
1599,vgg16_dim_1599,0.0025317626595893943,0.0019446776200832204,40,63,-23
3741,vgg16_dim_3741,0.0015114893065305156,0.0018596312208093411,98,64,34
1729,vgg16_dim_1729,0.001758022554967533,0.001832609378574857,84,65,19
643,vgg16_dim_643,0.002151845829978443,0.001811772008375367,57,66,-9
1690,vgg16_dim_1690,0.001409597043562586,0.0018113624718064116,112,67,45
3728,vgg16_dim_3728,0.002496171958300868,0.001790838905462197,42,68,-26
491,vgg16_dim_491,0.0013406976172181525,0.0017850408409406482,120,69,51
2847,vgg16_dim_2847,0.001328368724085161,0.001761771032668108,124,70,54
2259,vgg16_dim_2259,0.0022442947932047592,0.0017550753914374745,52,71,-19
4001,vgg16_dim_4001,0.002335418887162422,0.0017372463337524506,49,72,-23
259,vgg16_dim_259,0.001981760029403676,0.0017340946831502812,66,73,-7
1743,vgg16_dim_1743,0.0014058957153354466,0.0017202779648018967,113,74,39
3633,vgg16_dim_3633,0.0013294379200305068,0.0017185911831832468,123,75,48
2714,vgg16_dim_2714,0.0014100898448361802,0.0017028265280868502,111,76,35
2695,vgg16_dim_2695,0.0021852065188983382,0.0016979946305136098,54,77,-23
425,vgg16_dim_425,0.0017945333789802867,0.001696592549533754,82,78,4
2138,vgg16_dim_2138,0.001921187782167564,0.0016905057430241567,73,79,-6
118,vgg16_dim_118,0.0022729649088938835,0.0016870388400366252,51,80,-29
3408,vgg16_dim_3408,0.0018076693607462365,0.001686247112631558,81,81,0
3172,vgg16_dim_3172,0.0013302133781723767,0.0016847194114440734,122,82,40
443,vgg16_dim_443,0.0012663877423656363,0.0016740781920121534,129,83,46
323,vgg16_dim_323,0.001384853680149507,0.0016632774688402213,118,84,34
3815,vgg16_dim_3815,0.002149694301539867,0.0016597772882446982,58,85,-27
3124,vgg16_dim_3124,0.0018390346737324724,0.0016561472699482532,77,86,-9
2107,vgg16_dim_2107,0.0018684031962117069,0.0016350673848409822,75,87,-12
3995,vgg16_dim_3995,0.0019172516842005732,0.0016245261175449833,74,88,-14
3547,vgg16_dim_3547,0.0016109200966459257,0.0016217727471783661,94,89,5
3242,vgg16_dim_3242,0.001924993992827961,0.001608080928939293,71,90,-19
2559,vgg16_dim_2559,0.001979030605944723,0.0015894396534867881,67,91,-24
3670,vgg16_dim_3670,0.0021736268253375354,0.001568151297460398,55,92,-37
244,vgg16_dim_244,0.0017388760979251316,0.0015662528014979181,87,93,-6
1222,vgg16_dim_1222,0.0016550420922701499,0.0015622814282567374,92,94,-2
1065,vgg16_dim_1065,0.0017487092147914886,0.0015587726961168002,85,95,-10
638,vgg16_dim_638,0.001393933074246872,0.0015585153220188824,117,96,21
3162,vgg16_dim_3162,0.0013652304635051948,0.0015512319993407921,119,97,22
3520,vgg16_dim_3520,0.0017095776689574765,0.0015445443112686475,89,98,-9
281,vgg16_dim_281,0.001529819870084827,0.0015383353782652779,97,99,-2
1815,vgg16_dim_1815,0.0014668905417293601,0.0015268383355004685,100,100,0
1559,vgg16_dim_1559,0.0014033218978198776,0.001525257297439624,114,101,13
3909,vgg16_dim_3909,0.002159160387457895,0.0015137366293775899,56,102,-46
3451,vgg16_dim_3451,0.0012389147553738432,0.0015104459425099436,134,103,31
1661,vgg16_dim_1661,0.0011635231618195056,0.0015082001733344283,142,104,38
2323,vgg16_dim_2323,0.0010633676596967397,0.001504594868807432,152,105,47
156,vgg16_dim_156,0.0020626280587260257,0.0014873749678412961,64,106,-42
3914,vgg16_dim_3914,0.0019215207554977637,0.0014856212228422448,72,107,-35
4022,vgg16_dim_4022,0.0012428899576647115,0.0014805871696844362,133,108,25
2971,vgg16_dim_2971,0.0010568806808989562,0.0014741012805280917,153,109,44
3823,vgg16_dim_3823,0.0014570724750787543,0.0014727579351046646,101,110,-9
3525,vgg16_dim_3525,0.0016679642983570301,0.0014722658133433921,90,111,-21
3286,vgg16_dim_3286,0.001310051104566812,0.0014667834745659446,127,112,15
4010,vgg16_dim_4010,0.001243104343697024,0.001452823690660484,132,113,19
3008,vgg16_dim_3008,0.0018251810064277378,0.0014506905312978715,79,114,-35
1965,vgg16_dim_1965,0.0009819069664463204,0.0014440426998007171,170,115,55
2900,vgg16_dim_2900,0.0014491668684107968,0.0014408234375147633,103,116,-13
1787,vgg16_dim_1787,0.001661423982821208,0.001438146472068888,91,117,-26
3120,vgg16_dim_3120,0.0010529579404100376,0.0014257617708418376,155,118,37
597,vgg16_dim_597,0.0014454434153508148,0.0014104212753936825,105,119,-14
1975,vgg16_dim_1975,0.0010367876000677836,0.001406712352409654,160,120,40
1973,vgg16_dim_1973,0.0011012199990531094,0.0013958014597742535,147,121,26
3336,vgg16_dim_3336,0.0014128511124342782,0.0013933908545224866,110,122,-12
944,vgg16_dim_944,0.0010241098646735325,0.0013857604915476563,163,123,40
710,vgg16_dim_710,0.0015862461822793647,0.0013686923054694361,96,124,-28
941,vgg16_dim_941,0.0013247045308344774,0.001367604245441808,125,125,0
3118,vgg16_dim_3118,0.0010283215903982266,0.001348074016571187,161,126,35
1603,vgg16_dim_1603,0.0014692261400341081,0.00134781188591593,99,127,-28
2792,vgg16_dim_2792,0.001054433657079686,0.001342172772707961,154,128,26
4005,vgg16_dim_4005,0.0009458315136763504,0.0013280045877556233,183,129,54
1908,vgg16_dim_1908,0.0018626290941567518,0.0013230239222231216,76,130,-54
2536,vgg16_dim_2536,0.001649374456620787,0.0013215221296285862,93,131,-38
1291,vgg16_dim_1291,0.0014398025087971591,0.001309371302847477,106,132,-26
1021,vgg16_dim_1021,0.0017119176810287617,0.001307381124074716,88,133,-45
3071,vgg16_dim_3071,0.0014315185072214913,0.0013073612826635808,107,134,-27
346,vgg16_dim_346,0.0010053343456328568,0.0013064461905569935,168,135,33
1804,vgg16_dim_1804,0.0012485206645649286,0.0012928532692915067,131,136,-5
3922,vgg16_dim_3922,0.0014507519218111215,0.001281215666972187,102,137,-35
1420,vgg16_dim_1420,0.0014033004993896556,0.0012576355660143062,115,138,-23
1437,vgg16_dim_1437,0.001589388760172032,0.001244385655596229,95,139,-44
1102,vgg16_dim_1102,0.0014162683022978157,0.001243295961087988,109,140,-31
1143,vgg16_dim_1143,0.0011653760483976185,0.0012358090022641,140,141,-1
2426,vgg16_dim_2426,0.0010947016951493801,0.0012311444313420406,148,142,6
2488,vgg16_dim_2488,0.0008434525332718453,0.001221320602081196,205,143,62
841,vgg16_dim_841,0.0008646585107797912,0.0012130376926880084,200,144,56
1640,vgg16_dim_1640,0.0009655969371241824,0.0012078951196099299,174,145,29
7,vgg16_dim_7,0.001051667463991817,0.0011991972284338768,156,146,10
1579,vgg16_dim_1579,0.001165346534446478,0.001194103623631868,141,147,-6
3790,vgg16_dim_3790,0.000938449661585966,0.0011766861852696524,184,148,36
889,vgg16_dim_889,0.0009089197446232631,0.0011713537300080238,191,149,42
720,vgg16_dim_720,0.0011927372262541729,0.0011708896783756218,137,150,-13
676,vgg16_dim_676,0.000904110743195108,0.0011671071607180685,193,151,42
284,vgg16_dim_284,0.001008685938039901,0.0011659789480131682,166,152,14
1708,vgg16_dim_1708,0.0007844863457959214,0.001136373044055176,219,153,66
905,vgg16_dim_905,0.000956901615146912,0.0011261765066203232,179,154,25
3551,vgg16_dim_3551,0.0009179528046885125,0.0011239463515290119,189,155,34
467,vgg16_dim_467,0.0012384855123228733,0.0011212678882853622,135,156,-21
4026,vgg16_dim_4026,0.0013094830890783388,0.0011097097516038093,128,157,-29
2325,vgg16_dim_2325,0.0013995430351928673,0.0011030192629163946,116,158,-42
1175,vgg16_dim_1175,0.0010898415501511714,0.001074210985101797,149,159,-10
1241,vgg16_dim_1241,0.0009362339264663015,0.0010716177414081315,185,160,25
3723,vgg16_dim_3723,0.0007943602498883546,0.001066801659767149,215,161,54
4031,vgg16_dim_4031,0.000954525797276191,0.0010643769260240254,180,162,18
641,vgg16_dim_641,0.0009814812476311666,0.0010638671337902816,171,163,8
1075,vgg16_dim_1075,0.0008705450983579227,0.0010542179691193068,198,164,34
1598,vgg16_dim_1598,0.0008091036304379359,0.001050799039996642,213,165,48
3436,vgg16_dim_3436,0.0009069271512494524,0.0010475741536002396,192,166,26
1704,vgg16_dim_1704,0.0006371970743732907,0.0010391768304847014,257,167,90
1630,vgg16_dim_1630,0.0010246862751869326,0.0010344998581065514,162,168,-6
2577,vgg16_dim_2577,0.0013390440345345484,0.0010240643914507025,121,169,-48
3559,vgg16_dim_3559,0.000849393534041159,0.0010111452595631444,204,170,34
661,vgg16_dim_661,0.0008158494020676406,0.0010106768712234537,210,171,39
3644,vgg16_dim_3644,0.0007787708999617427,0.001009135442218976,220,172,48
3821,vgg16_dim_3821,0.001121520877109077,0.0010069459393916543,145,173,-28
1185,vgg16_dim_1185,0.0012618585674338532,0.0010015418492433335,130,174,-44
2968,vgg16_dim_2968,0.0010881188489474116,0.000982989335481659,150,175,-25
3588,vgg16_dim_3588,0.0010135719212888764,0.000979259288414614,165,176,-11
56,vgg16_dim_56,0.0010462716408194683,0.0009786695632692044,158,177,-19
2187,vgg16_dim_2187,0.0007477622637187456,0.0009775620220772812,228,178,50
315,vgg16_dim_315,0.000774402307495574,0.0009768745657081563,221,179,42
3594,vgg16_dim_3594,0.0008769439014437822,0.0009621286241740956,197,180,17
3324,vgg16_dim_3324,0.001045116433766895,0.0009602691033214618,159,181,-22
2454,vgg16_dim_2454,0.001314056992572844,0.0009577243791605629,126,182,-56
1764,vgg16_dim_1764,0.0011777732843926306,0.0009510316437440319,138,183,-45
1268,vgg16_dim_1268,0.0009668676157395768,0.0009463380749642465,173,184,-11
41,vgg16_dim_41,0.0006590348706909859,0.0009454561007668777,249,185,64
2766,vgg16_dim_2766,0.000959677997462146,0.0009288838039098398,177,186,-9
3465,vgg16_dim_3465,0.000919829642431553,0.0009261901952070521,188,187,1
2444,vgg16_dim_2444,0.0011020978514881994,0.0009256914840414142,146,188,-42
758,vgg16_dim_758,0.000751871158780722,0.000922677147279715,225,189,36
3087,vgg16_dim_3087,0.0008387704682473663,0.000903201326854215,207,190,17
3217,vgg16_dim_3217,0.0017828897672720564,0.0009010533398172882,83,191,-108
1381,vgg16_dim_1381,0.0008555924665168771,0.0008855741212014729,202,192,10
3553,vgg16_dim_3553,0.0006946529325371809,0.0008830420849778072,239,193,46
84,vgg16_dim_84,0.0006083915883299504,0.0008779585445737886,266,194,72
1749,vgg16_dim_1749,0.0006551789885856503,0.0008774358460388716,253,195,58
114,vgg16_dim_114,0.0012112780248853758,0.0008680272206359718,136,196,-60
2772,vgg16_dim_2772,0.0011482311795555078,0.0008660902749946772,143,197,-54
2627,vgg16_dim_2627,0.0005672672502468102,0.0008652082140672404,275,198,77
1412,vgg16_dim_1412,0.0010032285711277272,0.0008638955664295434,169,199,-30
2064,vgg16_dim_2064,0.0006092533696751436,0.0008599614519194007,265,200,65
3046,vgg16_dim_3046,0.0011443968983234534,0.0008578828554698262,144,201,-57
233,vgg16_dim_233,0.0006568333482333341,0.0008497832826763122,251,202,49
3576,vgg16_dim_3576,0.0009491779945796332,0.0008431134684332934,182,203,-21
1791,vgg16_dim_1791,0.0009143619871438079,0.0008381345786264918,190,204,-14
2017,vgg16_dim_2017,0.0007455173665147721,0.0008274199178772368,229,205,24
3796,vgg16_dim_3796,0.00059462868679209,0.0008212971888693194,269,206,63
1308,vgg16_dim_1308,0.0008353325038761326,0.000816342410759733,208,207,1
1046,vgg16_dim_1046,0.0009525786626608826,0.0008124836951898129,181,208,-27
2225,vgg16_dim_2225,0.0006808100362230017,0.0008083637312699207,242,209,33
3392,vgg16_dim_3392,0.0008965818312102943,0.0008067932879586617,196,210,-14
70,vgg16_dim_70,0.000499401805547754,0.000805585629644699,296,211,85
1404,vgg16_dim_1404,0.0006558981517584328,0.000803077852980949,252,212,40
621,vgg16_dim_621,0.0008507060519801968,0.0007893562392164191,203,213,-10
3048,vgg16_dim_3048,0.0008685325745885844,0.0007790447862308891,199,214,-15
2327,vgg16_dim_2327,0.0005840744231529774,0.000778932324350873,270,215,55
1454,vgg16_dim_1454,0.0007715405485222927,0.0007781723053121154,222,216,6
703,vgg16_dim_703,0.0005279877318945864,0.0007773999377160976,283,217,66
4093,vgg16_dim_4093,0.0009613272176859806,0.000771988496847758,176,218,-42
3755,vgg16_dim_3755,0.0010228658543993902,0.0007718618515384639,164,219,-55
1123,vgg16_dim_1123,0.0009236354176075574,0.0007688331483710703,187,220,-33
3740,vgg16_dim_3740,0.0009590047906987998,0.0007669374513735194,178,221,-43
3092,vgg16_dim_3092,0.0006254442543544122,0.0007653765855479497,259,222,37
2148,vgg16_dim_2148,0.0005387373368563905,0.0007627235747519392,280,223,57
2562,vgg16_dim_2562,0.0007514094758677588,0.0007626692219435191,226,224,2
2392,vgg16_dim_2392,0.0007848410829757664,0.0007615821970079894,218,225,-7
2549,vgg16_dim_2549,0.0006466908217067477,0.0007560193592800912,255,226,29
2402,vgg16_dim_2402,0.0008995845927665229,0.0007497515281524725,194,227,-33
3420,vgg16_dim_3420,0.0008144021527223237,0.0007479320390542404,211,228,-17
397,vgg16_dim_397,0.0003161799301099411,0.0007394920796734263,376,229,147
2248,vgg16_dim_2248,0.0006765169148981231,0.0007382093799286718,245,230,15
3859,vgg16_dim_3859,0.0005720094241933692,0.0007341382896827713,273,231,42
446,vgg16_dim_446,0.0008244252038915466,0.0007277235913537647,209,232,-23
409,vgg16_dim_409,0.0007903917722687408,0.0007237638064791201,216,233,-17
3052,vgg16_dim_3052,0.0010054209978683476,0.0007201529029930128,167,234,-67
611,vgg16_dim_611,0.0006588561356088111,0.0007199395799518287,250,235,15
1174,vgg16_dim_1174,0.0007228073214251067,0.0007179680538276308,233,236,-3
3996,vgg16_dim_3996,0.0007438272074449406,0.0007176701209854431,231,237,-6
1171,vgg16_dim_1171,0.0007443607950583436,0.0007161231459297806,230,238,-8
3554,vgg16_dim_3554,0.0007564439042110697,0.0007116393578513156,224,239,-15
2434,vgg16_dim_2434,0.0005395328399415309,0.0007088145642097761,279,240,39
264,vgg16_dim_264,0.0004920904002990472,0.0007041228472018924,301,241,60
286,vgg16_dim_286,0.000981328494584802,0.000702401648524951,172,242,-70
1941,vgg16_dim_1941,0.0005182109125038981,0.0007010136445955234,288,243,45
3917,vgg16_dim_3917,0.0006991831291211393,0.000700492266146425,238,244,-6
2589,vgg16_dim_2589,0.0006885345300314183,0.0006970333525793709,240,245,-5
2029,vgg16_dim_2029,0.0005083780039736727,0.0006900599943106549,292,246,46
2383,vgg16_dim_2383,0.0009244459601828479,0.0006889793438441188,186,247,-61
553,vgg16_dim_553,0.0004978127935499185,0.0006886022554107018,297,248,49
962,vgg16_dim_962,0.0005186678120973281,0.0006877578920938117,287,249,38
2721,vgg16_dim_2721,0.0006992496054195598,0.0006844848274030702,237,250,-13
2706,vgg16_dim_2706,0.0007670298794546033,0.000679753753003981,223,251,-28
1170,vgg16_dim_1170,0.00046360839975139096,0.000678975278826778,318,252,66
78,vgg16_dim_78,0.0010513480779644996,0.0006786678690801313,157,253,-96
1366,vgg16_dim_1366,0.0007480145778062951,0.0006765258832713969,227,254,-27
131,vgg16_dim_131,0.0006645806298131434,0.0006751407140096081,248,255,-7
2905,vgg16_dim_2905,0.0008127352024068576,0.000674195482963392,212,256,-44
2533,vgg16_dim_2533,0.0004908199526608678,0.0006732299909482172,304,257,47
1554,vgg16_dim_1554,0.000574872788704557,0.0006686017743289193,272,258,14
399,vgg16_dim_399,0.0005262516239757906,0.0006671099237522603,285,259,26
3236,vgg16_dim_3236,0.000665054633239563,0.0006662554448920677,247,260,-13
1015,vgg16_dim_1015,0.00043298842256695455,0.0006659750666970889,328,261,67
2642,vgg16_dim_2642,0.0006805630714641765,0.000665738920491554,243,262,-19
405,vgg16_dim_405,0.0007860186793886063,0.000663724703804705,217,263,-46
1832,vgg16_dim_1832,0.0005055458152603647,0.0006608208777555585,294,264,30
2883,vgg16_dim_2883,0.0006796365770906064,0.0006585187296501199,244,265,-21
1029,vgg16_dim_1029,0.0005959919819191318,0.0006521005579172057,267,266,1
1419,vgg16_dim_1419,0.0008969813818838375,0.000649526015553566,195,267,-72
4064,vgg16_dim_4064,0.00047149464760525293,0.000648865919182499,313,268,45
1312,vgg16_dim_1312,0.0005408497130894862,0.0006475489055317114,278,269,9
2261,vgg16_dim_2261,0.0004912130351533117,0.0006464888497387763,303,270,33
3668,vgg16_dim_3668,0.0009633550285994655,0.0006460073262979265,175,271,-96
1779,vgg16_dim_1779,0.0007078169680486031,0.0006458093023048712,236,272,-36
524,vgg16_dim_524,0.0004478808885112014,0.0006420197354053853,324,273,51
667,vgg16_dim_667,0.0005278641096507456,0.0006416988392513851,284,274,10
3960,vgg16_dim_3960,0.0005085544200198139,0.0006411526869637366,291,275,16
290,vgg16_dim_290,0.0004966286947833018,0.0006390570151129973,299,276,23
602,vgg16_dim_602,0.0005152682594014783,0.0006372761507594776,289,277,12
451,vgg16_dim_451,0.000733414655137887,0.0006321138077724343,232,278,-46
242,vgg16_dim_242,0.0005760214330650106,0.0006318548126153507,271,279,-8
298,vgg16_dim_298,0.0008390293752353407,0.0006131231378009111,206,280,-74
2777,vgg16_dim_2777,0.00048586130245747766,0.0006125078747684225,308,281,27
2459,vgg16_dim_2459,0.00046845816704009225,0.0006122866547370651,315,282,33
3491,vgg16_dim_3491,0.0005494271879888461,0.0006059714749760856,277,283,-6
1269,vgg16_dim_1269,0.0005061111598046217,0.0005990170484654242,293,284,9
2317,vgg16_dim_2317,0.0010662980893535023,0.0005986855625216778,151,285,-134
572,vgg16_dim_572,0.0003633226531514319,0.0005951524925917364,352,286,66
564,vgg16_dim_564,0.00047851519451513864,0.0005928570367829681,311,287,24
2810,vgg16_dim_2810,0.0011750739888175905,0.0005920110349899151,139,288,-149
2040,vgg16_dim_2040,0.00048601790039616897,0.0005857722596918615,306,289,17
884,vgg16_dim_884,0.0004968960772841368,0.0005857696209247927,298,290,8
4063,vgg16_dim_4063,0.0007143630744028343,0.0005853962430439763,235,291,-56
2677,vgg16_dim_2677,0.00027863448985510444,0.0005819800965388897,403,292,111
760,vgg16_dim_760,0.000624471535125061,0.0005799427770677587,261,293,-32
1632,vgg16_dim_1632,0.0004624495125625839,0.0005791116591689377,320,294,26
2421,vgg16_dim_2421,0.0004414657267316661,0.0005783171660248584,325,295,30
558,vgg16_dim_558,0.00046633729487988276,0.0005756903495394381,317,296,21
134,vgg16_dim_134,0.0005187344672155502,0.0005741692347129155,286,297,-11
276,vgg16_dim_276,0.00035868053157334925,0.0005738746507089574,353,298,55
314,vgg16_dim_314,0.000421045961991682,0.0005732733769596839,329,299,30
459,vgg16_dim_459,0.00047911199710250885,0.0005701864548139052,310,300,10
2815,vgg16_dim_2815,0.0002893583336776379,0.0005692583147899847,395,301,94
1082,vgg16_dim_1082,0.000613505176780183,0.0005681130084509009,263,302,-39
4036,vgg16_dim_4036,0.0006855761396268577,0.0005631628686256584,241,303,-62
1871,vgg16_dim_1871,0.0005104779301874564,0.0005561181365227855,290,304,-14
3141,vgg16_dim_3141,0.0007965428749459252,0.0005513064312775209,214,305,-91
938,vgg16_dim_938,0.0005307430214135378,0.000545828078542842,282,306,-24
1367,vgg16_dim_1367,0.0005684932465012555,0.0005449258888953088,274,307,-33
2570,vgg16_dim_2570,0.00041877882214772595,0.0005434745012209176,331,308,23
2026,vgg16_dim_2026,0.0004149912809184057,0.0005410487757040016,335,309,26
2458,vgg16_dim_2458,0.0003958235188644767,0.0005388641190081135,344,310,34
1502,vgg16_dim_1502,0.00041869748247035283,0.00053655255723795,332,311,21
3733,vgg16_dim_3733,0.00041557369804407087,0.0005311671293247823,334,312,22
1313,vgg16_dim_1313,0.0006250953201735747,0.0005284656525487548,260,313,-53
488,vgg16_dim_488,0.000668695445184585,0.000527841382817819,246,314,-68
966,vgg16_dim_966,0.0004919971239994842,0.000525698661051651,302,315,-13
2291,vgg16_dim_2291,0.0006381187298281256,0.000520971129486087,256,316,-60
2949,vgg16_dim_2949,0.0006542502695817958,0.0005208834793538605,254,317,-63
1507,vgg16_dim_1507,0.00041383668748925395,0.0005174943367859158,336,318,18
2443,vgg16_dim_2443,0.0005365684715762209,0.0005168484395891272,281,319,-38
3969,vgg16_dim_3969,0.0006280427040341803,0.0005073466654894985,258,320,-62
110,vgg16_dim_110,0.00045107639751049166,0.0005065616865545257,322,321,1
754,vgg16_dim_754,0.0007170335731651467,0.0005028938931736417,234,322,-88
768,vgg16_dim_768,0.00041963414157517585,0.0005027237503536916,330,323,7
1370,vgg16_dim_1370,0.00046720417088146483,0.0004979019025616915,316,324,-8
2897,vgg16_dim_2897,0.00022662633109700345,0.0004916281811774479,441,325,116
3216,vgg16_dim_3216,0.00039737492259175574,0.000490459238353758,343,326,17
1101,vgg16_dim_1101,0.0004181564148137686,0.00048601357763412633,333,327,6
1573,vgg16_dim_1573,0.0004133675590603883,0.0004684568771225011,337,328,9
795,vgg16_dim_795,0.0003229020152138325,0.00046404397158775754,373,329,44
2715,vgg16_dim_2715,0.0003193047946000592,0.0004617492330080398,375,330,45
2386,vgg16_dim_2386,0.0003795561348120608,0.00045878765109874805,348,331,17
193,vgg16_dim_193,0.0003519098810486717,0.00045679575369094133,358,332,26
316,vgg16_dim_316,0.0002686732302073948,0.0004567171393927365,410,333,77
2220,vgg16_dim_2220,0.00043956128583973555,0.0004563827943398102,326,334,-8
870,vgg16_dim_870,0.0003417040093529937,0.00045468719954004866,364,335,29
1190,vgg16_dim_1190,0.00025668763981558275,0.000454637950264384,421,336,85
1122,vgg16_dim_1122,0.0003571905793121222,0.000452933332889068,356,337,19
3214,vgg16_dim_3214,0.0003402241464858591,0.0004515047330437872,365,338,27
1049,vgg16_dim_1049,0.0004338339105525466,0.00045141658210574544,327,339,-12
681,vgg16_dim_681,0.00035138527706968947,0.0004496991154021861,359,340,19
2765,vgg16_dim_2765,0.0003713932811566274,0.00044759088844929313,350,341,9
1641,vgg16_dim_1641,0.00031223193764380277,0.0004392824282821217,378,342,36
47,vgg16_dim_47,0.00032003387417721434,0.00042853165463255797,374,343,31
215,vgg16_dim_215,0.0003955552004424085,0.00042519613836159586,345,344,1
3833,vgg16_dim_3833,0.00037972690868489907,0.0004247885596251957,347,345,2
1482,vgg16_dim_1482,0.00035808028985910133,0.0004240039186457948,355,346,9
1368,vgg16_dim_1368,0.00034300446531678223,0.00042202333639691325,363,347,16
1794,vgg16_dim_1794,0.0003272770719020097,0.0004162399499509528,371,348,23
3581,vgg16_dim_3581,0.00018002513729865291,0.0004147971851575529,487,349,138
623,vgg16_dim_623,0.00021099407753935592,0.0004111629341566908,454,350,104
3208,vgg16_dim_3208,0.0004927422875717137,0.00040968305156797086,300,351,-51
3912,vgg16_dim_3912,0.0002805058719587601,0.0004091084317963444,402,352,50
4085,vgg16_dim_4085,0.0003570246690057612,0.0004078780178632441,357,353,4
3140,vgg16_dim_3140,0.00019916577686461843,0.00040132572327409953,466,354,112
1126,vgg16_dim_1126,0.00033387238060436457,0.00039627529024043246,367,355,12
1740,vgg16_dim_1740,0.00023991225236063969,0.0003959369810290578,431,356,75
1719,vgg16_dim_1719,0.0003151739964030912,0.000394287947180512,377,357,20
81,vgg16_dim_81,0.0004635913919332037,0.00039281130547286436,319,358,-39
144,vgg16_dim_144,0.0003274412692303052,0.000392435872608303,370,359,11
689,vgg16_dim_689,0.0003332517321644267,0.00039160120837591314,368,360,8
2863,vgg16_dim_2863,0.00033852317212256113,0.0003895893403232979,366,361,5
3843,vgg16_dim_3843,0.000859211266444045,0.0003861068862199837,201,362,-161
2431,vgg16_dim_2431,0.000308836069431587,0.00037830908400360145,382,363,19
89,vgg16_dim_89,0.000610639644577126,0.0003755382762691861,264,364,-100
3641,vgg16_dim_3641,0.00035849528979712793,0.000371129427849206,354,365,-11
2953,vgg16_dim_2953,0.0002959407535867886,0.0003690945114480636,391,366,25
825,vgg16_dim_825,0.0002765963087149246,0.00036747978569599935,404,367,37
1319,vgg16_dim_1319,0.00022822248116547596,0.00036704737056902746,439,368,71
3673,vgg16_dim_3673,0.00020754794985308687,0.0003658207439506741,457,369,88
2941,vgg16_dim_2941,0.00019131212530429237,0.000357712132819272,471,370,101
1398,vgg16_dim_1398,0.0002806990391825642,0.00035705598137319484,401,371,30
498,vgg16_dim_498,0.00030311095756016066,0.0003548342762874587,387,372,15
822,vgg16_dim_822,0.000488724495051896,0.00035365306263090453,305,373,-68
3816,vgg16_dim_3816,0.0003061235001835339,0.0003514102944651771,383,374,9
3568,vgg16_dim_3568,0.000237125510659279,0.00035079966091597863,433,375,58
1735,vgg16_dim_1735,0.00026892562630892957,0.0003455599745688368,409,376,33
1110,vgg16_dim_1110,0.00018357806447842964,0.0003453524668377799,481,377,104
194,vgg16_dim_194,0.00045126477294050695,0.0003412093442773835,321,378,-57
3863,vgg16_dim_3863,0.00029100930634172467,0.00033728509167696213,393,379,14
792,vgg16_dim_792,0.00022240585211911717,0.0003361040030479037,447,380,67
1246,vgg16_dim_1246,0.00025175157889236106,0.0003331058500839781,425,381,44
998,vgg16_dim_998,0.00019959653608299035,0.0003318530108962861,465,382,83
1333,vgg16_dim_1333,0.0001746024403478269,0.0003299399376344076,491,383,108
1356,vgg16_dim_1356,0.0002979302834347432,0.00032554560608758285,389,384,5
1456,vgg16_dim_1456,0.00039959852374045105,0.00032204105613835104,341,385,-44
2615,vgg16_dim_2615,0.00021789068881213706,0.0003181150617175206,451,386,65
3731,vgg16_dim_3731,0.00031150276176571487,0.0003154602036038323,379,387,-8
3817,vgg16_dim_3817,0.00015129086559640442,0.00031389477841501994,518,388,130
685,vgg16_dim_685,0.00024025233880991772,0.0003120872570960537,430,389,41
2202,vgg16_dim_2202,0.000348067212381466,0.00031115035803807987,360,390,-30
810,vgg16_dim_810,0.0002908478868726482,0.0003108082122606684,394,391,3
692,vgg16_dim_692,0.0002460068103587618,0.00030430516368360415,427,392,35
4109,word_count,0.00012336482561904434,0.00030183656677072057,559,393,166
2942,vgg16_dim_2942,0.00039132567876270765,0.0003008667105587701,346,394,-48
4073,vgg16_dim_4073,0.00015542980419131397,0.0002985996977996645,515,395,120
292,vgg16_dim_292,0.00026139133722326855,0.0002981745038321515,419,396,23
3328,vgg16_dim_3328,0.00025610297343898244,0.00028760727792265966,422,397,25
1910,vgg16_dim_1910,0.000270659525033768,0.0002869623660138258,407,398,9
817,vgg16_dim_817,0.00026510304541680046,0.0002865320510364914,417,399,18
1967,vgg16_dim_1967,0.0005526652920155092,0.00028485457819455026,276,400,-124
3503,vgg16_dim_3503,0.00011720319808411204,0.0002844943306010581,577,401,176
167,vgg16_dim_167,0.00020535225192519832,0.0002820851408930627,459,402,57
2683,vgg16_dim_2683,0.0002058922785333869,0.00027650196913862245,458,403,55
3088,vgg16_dim_3088,0.00028172319604623,0.00027555328458772583,400,404,-4
2189,vgg16_dim_2189,0.00036427212409747645,0.0002731375959353498,351,405,-54
3009,vgg16_dim_3009,0.00018065016341661742,0.0002663620180921579,486,406,80
3229,vgg16_dim_3229,0.0002674501755365,0.0002663567788710486,412,407,5
2565,vgg16_dim_2565,0.00017396587396551586,0.00026616780265866023,492,408,84
2510,vgg16_dim_2510,0.0004120800700954326,0.00026362125234871296,338,409,-71
3609,vgg16_dim_3609,0.00015180435534865156,0.0002599594576815302,517,410,107
2224,vgg16_dim_2224,0.0002442594824988499,0.00025786412655031706,429,411,18
2491,vgg16_dim_2491,0.00023626450123443221,0.00025609540872506656,435,412,23
584,vgg16_dim_584,0.00029790941877608695,0.00025209524577313305,390,413,-23
2420,vgg16_dim_2420,0.00010898855780949619,0.0002516253255248996,598,414,184
971,vgg16_dim_971,0.00012929600676731473,0.00024999484148869103,541,415,126
2931,vgg16_dim_2931,0.00022821573448880087,0.00024846990209573326,440,416,24
707,vgg16_dim_707,0.00015909064254665626,0.00024738856043233506,509,417,92
518,vgg16_dim_518,0.00033251222012416914,0.00024220564654899664,369,418,-49
159,vgg16_dim_159,0.00015556788866796328,0.00024177903535275283,514,419,95
1317,vgg16_dim_1317,0.00020477009821385012,0.00023992110356181012,461,420,41
945,vgg16_dim_945,0.0004019830470384509,0.0002387722067550185,340,421,-81
690,vgg16_dim_690,0.0003229752636773916,0.00023865912484460593,372,422,-50
1670,vgg16_dim_1670,0.00025227108956629653,0.00023761334998242606,424,423,1
3211,vgg16_dim_3211,0.000112321546403346,0.00023731389249448862,591,424,167
4126,unlabelled_link_ratio,0.00020079558248437796,0.00023672770169604025,464,425,39
83,vgg16_dim_83,0.0001845525614022406,0.00023617233059560687,479,426,53
168,vgg16_dim_168,0.0001282262079438497,0.0002340474420325482,545,427,118
2978,vgg16_dim_2978,0.0004695630677377827,0.00023402597144619623,314,428,-114
4104,num_images,0.00013315360198775088,0.000232889632363838,535,429,106
1969,vgg16_dim_1969,0.00031006122277414764,0.00023181375861541602,380,430,-50
97,vgg16_dim_97,0.00013808787937000236,0.0002306186936444735,530,431,99
3853,vgg16_dim_3853,0.00014157719130161844,0.0002294885165088649,526,432,94
566,vgg16_dim_566,0.00021256353199929152,0.0002290301438715062,453,433,20
1254,vgg16_dim_1254,0.00040333765619961627,0.00022826239442538728,339,434,-95
650,vgg16_dim_650,0.0005048468440799974,0.0002263514865472479,295,435,-140
3699,vgg16_dim_3699,0.0005958629503654022,0.0002260380930724757,268,436,-168
2722,vgg16_dim_2722,0.0002658464936654392,0.00022211321367148065,416,437,-21
3683,vgg16_dim_3683,0.0002836115582574241,0.00022141919815108673,399,438,-39
1286,vgg16_dim_1286,0.0002244229356999267,0.0002198477418782447,445,439,6
1922,vgg16_dim_1922,0.00023070676903432852,0.0002180639231336932,438,440,-2
3177,vgg16_dim_3177,0.00030953321482266857,0.0002173260784084649,381,441,-60
3166,vgg16_dim_3166,0.0002048919544380149,0.00021537870787102843,460,442,18
3135,vgg16_dim_3135,0.0003758590060798709,0.00021430229646044184,349,443,-94
3296,vgg16_dim_3296,0.00019043275798136627,0.00021400048665866993,472,444,28
2449,vgg16_dim_2449,0.00013040850796408926,0.0002139123958237755,537,445,92
3967,vgg16_dim_3967,0.00012052269547896383,0.0002126941652321525,568,446,122
2003,vgg16_dim_2003,0.0001351056775191324,0.00021186081874774549,533,447,86
1828,vgg16_dim_1828,0.00030038011278987514,0.00021041075616036375,388,448,-60
3174,vgg16_dim_3174,0.00011816722805648226,0.00020754470839953783,575,449,126
1845,vgg16_dim_1845,0.00011491545627514807,0.00020721445926906082,584,450,134
2712,vgg16_dim_2712,0.0006194203384460438,0.00020699937437158143,262,451,-189
3269,vgg16_dim_3269,0.00045002206523357105,0.0002042348688394318,323,452,-129
1086,vgg16_dim_1086,0.00026428971149859037,0.0002016930613707055,418,453,-35
3647,vgg16_dim_3647,0.0001366094841089078,0.00020052779148857237,532,454,78
4060,vgg16_dim_4060,0.00034559135979462944,0.00020045553485750745,362,455,-93
829,vgg16_dim_829,8.380675943132398e-05,0.00020017503677634412,663,456,207
607,vgg16_dim_607,0.00011615654992783793,0.000198345009947965,581,457,124
3621,vgg16_dim_3621,0.0001840116456097291,0.00019545725418985795,480,458,22
1321,vgg16_dim_1321,0.0001707789325876357,0.00019425791736131355,495,459,36
2082,vgg16_dim_2082,0.00026827355016467735,0.00019358105452520712,411,460,-49
3838,vgg16_dim_3838,0.00011697392684046347,0.00019304425193737758,578,461,117
4113,aria_attribute_density,0.00012392530897919872,0.00019296430702181536,556,462,94
2008,vgg16_dim_2008,0.00016119903139834643,0.00019235056382369304,505,463,42
2614,vgg16_dim_2614,8.477454368245195e-05,0.00019146289333897838,657,464,193
1587,vgg16_dim_1587,0.00023877817064497182,0.00019081403036638856,432,465,-33
3952,vgg16_dim_3952,0.0001277994337406583,0.00018779669181463038,547,466,81
1470,vgg16_dim_1470,0.0002660409886179993,0.00018658817596799916,415,467,-52
395,vgg16_dim_395,0.0001223239790603369,0.00018528906855194344,562,468,94
184,vgg16_dim_184,0.00021391270335423675,0.00018459878077557327,452,469,-17
4029,vgg16_dim_4029,6.849644756410817e-05,0.0001845409069759481,711,470,241
361,vgg16_dim_361,8.541864696686984e-05,0.0001844922960119031,653,471,182
2006,vgg16_dim_2006,0.00012756109288001593,0.0001826141199973948,549,472,77
2470,vgg16_dim_2470,0.00039756653400502485,0.00018092800999915118,342,473,-131
95,vgg16_dim_95,0.0001239934886826398,0.0001798982633487926,555,474,81
2626,vgg16_dim_2626,0.00016300636685853996,0.00017953888739650705,504,475,29
1072,vgg16_dim_1072,0.0001714998315382355,0.0001784983762673942,494,476,18
3490,vgg16_dim_3490,0.0002666911851147395,0.00017815095759850214,414,477,-63
2358,vgg16_dim_2358,0.00011647950868028903,0.00017811618538164222,579,478,101
2201,vgg16_dim_2201,0.0002840926861505436,0.00017780109815856545,398,479,-81
3457,vgg16_dim_3457,0.00016840040799921989,0.00017701789009081278,498,480,18
1160,vgg16_dim_1160,0.00011854731899565104,0.00017612508246939558,572,481,91
2159,vgg16_dim_2159,0.00011357944845472967,0.00017445525080504474,587,482,105
1242,vgg16_dim_1242,0.00013039322704453763,0.00017435514395627158,538,483,55
2104,vgg16_dim_2104,0.00015824189045312236,0.00017375285177449788,511,484,27
3716,vgg16_dim_3716,0.00011627193581393879,0.0001736698498310264,580,485,95
2752,vgg16_dim_2752,0.00027473361279896754,0.0001735857196813809,405,486,-81
3571,vgg16_dim_3571,7.691570923656992e-05,0.00017340781111614491,680,487,193
1682,vgg16_dim_1682,4.253988156849581e-05,0.00017291920313684226,841,488,353
2593,vgg16_dim_2593,0.00011259131540128771,0.00017285109453256048,589,489,100
2241,vgg16_dim_2241,6.386380009143723e-05,0.00017276870888951714,728,490,238
3874,vgg16_dim_3874,9.851995098569699e-05,0.00017130189233303706,616,491,125
2505,vgg16_dim_2505,9.511162516244146e-05,0.0001706682305102554,625,492,133
1389,vgg16_dim_1389,0.0003045767824846142,0.00017027101082214965,386,493,-107
990,vgg16_dim_990,6.895752376783456e-05,0.00017018701878352923,709,494,215
1945,vgg16_dim_1945,8.009522025874582e-05,0.00017015417162909873,671,495,176
235,vgg16_dim_235,0.00013175816529853711,0.00016983044734348405,536,496,40
1364,vgg16_dim_1364,0.00018852157267379769,0.00016937369204115434,474,497,-23
154,vgg16_dim_154,0.0001833231123102539,0.00016931456852889893,483,498,-15
2696,vgg16_dim_2696,0.000305206387244309,0.00016894405600091406,384,499,-115
2260,vgg16_dim_2260,0.00013664919904095166,0.00016752073719464156,531,500,31
582,vgg16_dim_582,0.00047964415351192685,0.00016729836943061484,309,501,-192
2213,vgg16_dim_2213,5.862151360830638e-05,0.0001671357395983443,752,502,250
3556,vgg16_dim_3556,9.863141079726403e-05,0.00016668855308738084,615,503,112
885,vgg16_dim_885,0.00010589662939462693,0.00016573178272295765,604,504,100
1473,vgg16_dim_1473,0.00022496084954876715,0.00016489754830932237,443,505,-62
1451,vgg16_dim_1451,0.00016352106911614593,0.00016267648076566198,503,506,-3
1818,vgg16_dim_1818,7.233855812087266e-05,0.00016192312011096058,696,507,189
497,vgg16_dim_497,0.00019913111950395398,0.0001619099833884166,467,508,-41
225,vgg16_dim_225,0.0002505444460718994,0.00016022219268227908,426,509,-83
4046,vgg16_dim_4046,0.00047340510137445336,0.00016006674406474474,312,510,-198
867,vgg16_dim_867,8.833145509713082e-05,0.00016003552722134817,646,511,135
2395,vgg16_dim_2395,0.00018606361082220234,0.00015951393978845364,476,512,-36
3319,vgg16_dim_3319,0.00028621782281012826,0.00015946802413346903,397,513,-116
3180,vgg16_dim_3180,0.00011834172975583922,0.00015896370175714128,573,514,59
2738,vgg16_dim_2738,0.00012848708591855777,0.00015880150584512983,543,515,28
1563,vgg16_dim_1563,0.00019444796899591242,0.00015860532603976404,469,516,-47
1856,vgg16_dim_1856,0.0002669970641049731,0.0001569523857589583,413,517,-104
4076,vgg16_dim_4076,0.0002458527137307725,0.00015481367586131874,428,518,-90
2025,vgg16_dim_2025,0.00026112474423213106,0.00015356053140111488,420,519,-99
3276,vgg16_dim_3276,0.0001464648618198867,0.0001533669908819024,521,520,1
3583,vgg16_dim_3583,7.68893766741789e-05,0.00015119241759013781,681,521,160
924,vgg16_dim_924,0.00014443843338611558,0.00015091962435339378,523,522,1
2948,vgg16_dim_2948,0.00013421057107832604,0.00014929039864133894,534,523,11
3385,vgg16_dim_3385,0.00028707885781088056,0.00014891185807588766,396,524,-128
1839,vgg16_dim_1839,7.058795914662997e-05,0.00014870260537709385,703,525,178
2002,vgg16_dim_2002,0.00013019551500586456,0.0001480635968806358,539,526,13
844,vgg16_dim_844,8.994445587734324e-05,0.00014797842933534706,641,527,114
2141,vgg16_dim_2141,0.00017676978861055776,0.00014650975867568018,489,528,-39
2478,vgg16_dim_2478,7.461458282217827e-05,0.00014407327621362336,688,529,159
4116,num_aria_hidden,7.974540548086913e-05,0.00014336725135374366,673,530,143
2374,vgg16_dim_2374,0.00018313034742243714,0.00014252025511570508,484,531,-47
414,vgg16_dim_414,0.00018348887470919406,0.00014182407820271584,482,532,-50
1166,vgg16_dim_1166,0.00012138951393294268,0.00014151466536447063,565,533,32
124,vgg16_dim_124,0.0001226462896716608,0.00014117897197593121,561,534,27
3602,vgg16_dim_3602,0.00011573341817429535,0.0001385080488412904,582,535,47
3467,vgg16_dim_3467,9.088454475329786e-05,0.00013664490850882964,637,536,101
1251,vgg16_dim_1251,0.00022604150080149518,0.00013607691403772678,442,537,-95
237,vgg16_dim_237,0.00022099819455316235,0.0001359888227636103,448,538,-90
1273,vgg16_dim_1273,0.0002556155835535218,0.00013558186494013806,423,539,-116
3848,vgg16_dim_3848,0.00016448911835890048,0.0001353045763756821,502,540,-38
2881,vgg16_dim_2881,0.0004859590077719919,0.00013484491883091057,307,541,-234
3290,vgg16_dim_3290,9.648838699081098e-05,0.00013474880289283996,618,542,76
171,vgg16_dim_171,0.00014000247340458164,0.0001344152148815017,527,543,-16
1198,vgg16_dim_1198,0.00010535813007510652,0.0001343219993565926,605,544,61
2020,vgg16_dim_2020,8.762834415083815e-05,0.0001342237088364955,649,545,104
1114,vgg16_dim_1114,0.00012751626668799787,0.00013409105928362329,550,546,4
2547,vgg16_dim_2547,4.7581917779542784e-05,0.0001335646492362036,804,547,257
1724,vgg16_dim_1724,9.200288619850811e-05,0.00013227041560780265,631,548,83
629,vgg16_dim_629,0.00018731948499421813,0.0001317043689544409,475,549,-74
698,vgg16_dim_698,0.00016496974723042939,0.00013112415799806308,501,550,-49
649,vgg16_dim_649,0.0001596571630380625,0.00013111393588249593,508,551,-43
2190,vgg16_dim_2190,0.00010283669051964358,0.00013004222802415587,607,552,55
1857,vgg16_dim_1857,0.00010034899505996278,0.00012921219061424178,613,553,60
1667,vgg16_dim_1667,0.0001215057911165753,0.00012858387799564324,564,554,10
877,vgg16_dim_877,0.00020949433295557298,0.0001285035940628486,456,555,-99
2341,vgg16_dim_2341,9.903489723566292e-05,0.0001285030258657633,614,556,58
3662,vgg16_dim_3662,0.00015842128107485047,0.000127351535752327,510,557,-47
123,vgg16_dim_123,0.0001020229400227175,0.00012645180720913612,608,558,50
3189,vgg16_dim_3189,0.00012822297632391372,0.00012613064019187227,546,559,-13
364,vgg16_dim_364,0.00011097588655700504,0.00012578905331964502,595,560,35
1680,vgg16_dim_1680,7.277551932817993e-05,0.0001253571294167579,695,561,134
1669,vgg16_dim_1669,0.0001276411099807406,0.00012400102173059998,548,562,-14
511,vgg16_dim_511,0.00012410594335923012,0.0001239439446214871,554,563,-9
2682,vgg16_dim_2682,0.00012350241150156578,0.00012368237691945345,558,564,-6
54,vgg16_dim_54,0.00026918182053587786,0.00012341411597528755,408,565,-157
1116,vgg16_dim_1116,0.00012628146121051212,0.00012332443107206274,551,566,-15
3150,vgg16_dim_3150,9.565377719909317e-05,0.00012248798010120203,623,567,56
869,vgg16_dim_869,0.00012099113108802632,0.00012234461049089054,566,568,-2
1469,vgg16_dim_1469,0.00011248920407220572,0.00012198271389060253,590,569,21
3069,vgg16_dim_3069,8.471535985469856e-05,0.00012146686701853125,658,570,88
4110,num_advertisement_iframes,4.542092674022086e-05,0.00012128003399106591,819,571,248
182,vgg16_dim_182,7.829744226724895e-05,0.00012104795050381016,676,572,104
1721,vgg16_dim_1721,3.5040046905420835e-05,0.00012076606536915039,896,573,323
3801,vgg16_dim_3801,0.00010616119870956066,0.00012061959817517543,603,574,29
2038,vgg16_dim_2038,6.393443147348024e-05,0.00012050865691169508,727,575,152
1890,vgg16_dim_1890,9.623670999435728e-05,0.00011919464213190713,620,576,44
2552,vgg16_dim_2552,0.00023554288690922793,0.0001185203237442275,436,577,-141
330,vgg16_dim_330,7.817725711650218e-05,0.00011820124347364015,677,578,99
1927,vgg16_dim_1927,9.701567208873184e-05,0.00011775423472868256,617,579,38
2390,vgg16_dim_2390,0.00011878852664016713,0.00011715397300131237,571,580,-9
1972,vgg16_dim_1972,5.187365917035081e-05,0.00011711611525570574,781,581,200
177,vgg16_dim_177,0.0001143400562992477,0.000117064176671964,585,582,3
3477,vgg16_dim_3477,0.00010847903070952295,0.00011662765518700939,599,583,16
3850,vgg16_dim_3850,4.199476101233314e-05,0.00011585252912102747,846,584,262
3903,vgg16_dim_3903,0.0003460137791479333,0.00011576954661676162,361,585,-224
3582,vgg16_dim_3582,8.918311700603773e-05,0.000115466968895849,643,586,57
445,vgg16_dim_445,4.987513451759883e-05,0.00011475594016098297,795,587,208
1061,vgg16_dim_1061,7.554602891103833e-05,0.00011434161718561048,686,588,98
2950,vgg16_dim_2950,5.241067174582808e-05,0.00011432609148501812,778,589,189
3785,vgg16_dim_3785,9.06494781247537e-05,0.00011406777622657796,638,590,48
581,vgg16_dim_581,0.000223844537849799,0.0001135794269188617,446,591,-145
1859,vgg16_dim_1859,9.64056749409323e-05,0.00011323629285260062,619,592,27
3634,vgg16_dim_3634,0.0001198204984005797,0.00011266624324328945,569,593,-24
3401,vgg16_dim_3401,0.0003050713438141792,0.0001122780501110646,385,594,-209
2168,vgg16_dim_2168,6.17477806483694e-05,0.00011186736648017656,739,595,144
670,vgg16_dim_670,0.0001133947966330821,0.00011092179418918397,588,596,-8
2210,vgg16_dim_2210,0.0001297857253016439,0.00011013127374164322,540,597,-57
4112,num_aria_attributes,4.607695092811141e-05,0.00011011861558536126,815,598,217
2601,vgg16_dim_2601,0.0001008809321273783,0.00010897039728140613,612,599,13
1261,vgg16_dim_1261,0.00019312426839768835,0.00010893205262692239,470,600,-130
1710,vgg16_dim_1710,6.740532745933674e-05,0.00010888632637289678,716,601,115
4125,unlabelled_button_ratio,7.283405592209705e-05,0.00010674013935068442,694,602,92
2720,vgg16_dim_2720,4.689801580779949e-05,0.00010647192115792814,808,603,205
824,vgg16_dim_824,7.107892973513048e-05,0.00010639525741871715,701,604,97
700,vgg16_dim_700,8.423550719887712e-05,0.00010521200819304582,661,605,56
3056,vgg16_dim_3056,3.3170381370311486e-05,0.0001049919759576041,907,606,301
3422,vgg16_dim_3422,4.825175184963415e-05,0.00010485169214773931,800,607,193
1592,vgg16_dim_1592,9.116245985584107e-05,0.0001047770347756904,636,608,28
3616,vgg16_dim_3616,0.00010102033002327302,0.00010436275328929538,610,609,1
2743,vgg16_dim_2743,8.875830138756346e-05,0.00010420301198816458,644,610,34
3183,vgg16_dim_3183,0.00018516124406696562,0.00010406476512738357,477,611,-134
3430,vgg16_dim_3430,0.00015821573765443327,0.00010360814359608804,512,612,-100
3941,vgg16_dim_3941,7.72285847989348e-05,0.00010328581602459142,679,613,66
3775,vgg16_dim_3775,5.236296613178333e-05,0.00010320219316858751,779,614,165
49,vgg16_dim_49,0.00023282685060434837,0.00010273501834421273,437,615,-178
1228,vgg16_dim_1228,5.971567164118362e-05,0.00010235346136853351,747,616,131
2605,vgg16_dim_2605,0.00017505912135454981,0.00010203605802197431,490,617,-127
1540,vgg16_dim_1540,0.00023651566123089767,0.00010197741616102112,434,618,-184
960,vgg16_dim_960,0.00010652632495270223,0.00010100936403187541,601,619,-18
864,vgg16_dim_864,0.00011821835653242733,0.0001006308744230363,574,620,-46
2850,vgg16_dim_2850,0.0001092495901068289,0.00010017184750947746,597,621,-24
2704,vgg16_dim_2704,9.020039454044217e-05,0.00010001789135818163,640,622,18
1155,vgg16_dim_1155,4.0635428355944085e-05,9.996266679859154e-05,858,623,235
1382,vgg16_dim_1382,0.00013875511480187898,9.992932164765356e-05,529,624,-95
1278,vgg16_dim_1278,5.958963930146396e-05,9.99104345337251e-05,749,625,124
50,vgg16_dim_50,7.219320383470282e-05,9.877242465436229e-05,697,626,71
3513,vgg16_dim_3513,0.0001221344807548671,9.818397699761373e-05,563,627,-64
4071,vgg16_dim_4071,0.00021990019086861663,9.809462695359174e-05,449,628,-179
3439,vgg16_dim_3439,7.387575137588223e-05,9.773898829333772e-05,689,629,60
1707,vgg16_dim_1707,4.8630130558162257e-05,9.768171829363681e-05,798,630,168
1798,vgg16_dim_1798,9.62013736936066e-05,9.732330478487846e-05,621,631,-10
2055,vgg16_dim_2055,0.0001603862937860432,9.67249020108273e-05,507,632,-125
3463,vgg16_dim_3463,0.00012916299740198248,9.63296905061276e-05,542,633,-91
3942,vgg16_dim_3942,5.08174289808991e-05,9.540292136415586e-05,789,634,155
72,vgg16_dim_72,0.00014973835778212823,9.509063293058255e-05,519,635,-116
3762,vgg16_dim_3762,0.0001790560169638234,9.380230735803885e-05,488,636,-148
3870,vgg16_dim_3870,0.00013945794413476272,9.287557470865318e-05,528,637,-109
957,vgg16_dim_957,8.092787762528926e-05,9.252368337721842e-05,670,638,32
1663,vgg16_dim_1663,6.689351351611057e-05,9.13188396373997e-05,718,639,79
2324,vgg16_dim_2324,3.295154716187754e-05,9.118774122963594e-05,910,640,270
1918,vgg16_dim_1918,7.809005053187666e-05,9.110620286272261e-05,678,641,37
2340,vgg16_dim_2340,0.00012500318662407855,9.090966589979764e-05,553,642,-89
896,vgg16_dim_896,7.350249998212089e-05,9.055460237756939e-05,690,643,47
620,vgg16_dim_620,6.727758934394075e-05,8.988890712292463e-05,717,644,73
2172,vgg16_dim_2172,8.540176838766464e-05,8.927608135932126e-05,654,645,9
1017,vgg16_dim_1017,4.481170326877378e-05,8.917352809018093e-05,827,646,181
2167,vgg16_dim_2167,8.434803046604974e-05,8.878985629570537e-05,659,647,12
3539,vgg16_dim_3539,6.780335416160423e-05,8.874648933346469e-05,713,648,65
4111,num_non_ad_iframes,8.25610171445803e-05,8.826464092250064e-05,666,649,17
3130,vgg16_dim_3130,5.282640090963132e-05,8.793241263408692e-05,775,650,125
1986,vgg16_dim_1986,8.822275793599895e-05,8.73770189248744e-05,647,651,-4
3007,vgg16_dim_3007,8.364503946038638e-05,8.731036462051376e-05,665,652,13
2982,vgg16_dim_2982,6.074159227190061e-05,8.539926861675025e-05,743,653,90
1349,vgg16_dim_1349,4.190943586934873e-05,8.483077130052638e-05,848,654,194
517,vgg16_dim_517,6.904182929227114e-05,8.454618664327946e-05,708,655,53
3365,vgg16_dim_3365,6.283688006545238e-05,8.451173320799348e-05,732,656,76
3376,vgg16_dim_3376,7.666615340633234e-05,8.366216352634195e-05,683,657,26
3937,vgg16_dim_3937,5.403018030629358e-05,8.342477366010326e-05,770,658,112
4007,vgg16_dim_4007,4.717468924031977e-05,8.323604065904746e-05,806,659,147
303,vgg16_dim_303,3.4143385951100975e-05,8.322949957544775e-05,900,660,240
3027,vgg16_dim_3027,0.00022488265198957377,8.280235597159084e-05,444,661,-217
965,vgg16_dim_965,4.376772597335824e-05,8.263361721143447e-05,832,662,170
2800,vgg16_dim_2800,2.5043059974420765e-05,8.251375495395177e-05,959,663,296
1649,vgg16_dim_1649,0.0001696269444154003,8.238742833578954e-05,497,664,-167
1292,vgg16_dim_1292,8.500846902251878e-05,8.224281088142557e-05,656,665,-9
3864,vgg16_dim_3864,4.1246203480547446e-05,8.210591581919897e-05,854,666,188
3305,vgg16_dim_3305,0.00016966173748892438,8.196627252459972e-05,496,667,-171
530,vgg16_dim_530,5.3146547379901065e-05,8.168958520096543e-05,774,668,106
1728,vgg16_dim_1728,7.104301657707767e-05,8.0649084053864e-05,702,669,33
3866,vgg16_dim_3866,4.496704147538318e-05,8.035864773777388e-05,826,670,156
786,vgg16_dim_786,5.114723654568017e-05,7.98328911257472e-05,784,671,113
1495,vgg16_dim_1495,3.4371843381291325e-05,7.915546744113805e-05,897,672,225
1094,vgg16_dim_1094,5.39805338607474e-05,7.90460759516276e-05,771,673,98
404,vgg16_dim_404,9.437317052935241e-05,7.835667687864562e-05,626,674,-48
3579,vgg16_dim_3579,3.5224633251300776e-05,7.808608950760846e-05,894,675,219
2551,vgg16_dim_2551,3.420839028634412e-05,7.609906625525403e-05,898,676,222
544,vgg16_dim_544,3.17953511420714e-05,7.58914576022694e-05,918,677,241
969,vgg16_dim_969,4.7510255488730857e-05,7.564452848945154e-05,805,678,127
1645,vgg16_dim_1645,0.00019666411732111586,7.553074959157101e-05,468,679,-211
2170,vgg16_dim_2170,9.179597672997962e-05,7.526638911269139e-05,632,680,-48
363,vgg16_dim_363,8.158937190130726e-05,7.515172018931271e-05,669,681,-12
333,vgg16_dim_333,4.5124111329263906e-05,7.491322490555287e-05,823,682,141
3093,vgg16_dim_3093,7.148544836753773e-05,7.408378571554967e-05,700,683,17
1900,vgg16_dim_1900,0.00016765311318787512,7.407858115730245e-05,499,684,-185
1111,vgg16_dim_1111,0.00015636054954299992,7.405788001170417e-05,513,685,-172
840,vgg16_dim_840,6.055198439382094e-05,7.391969064029332e-05,744,686,58
2628,vgg16_dim_2628,8.394878801779856e-05,7.383224817412807e-05,662,687,-25
1414,vgg16_dim_1414,2.2217941402102707e-05,7.356702030350146e-05,974,688,286
2000,vgg16_dim_2000,8.426597675049173e-05,7.27319296464465e-05,660,689,-29
1624,vgg16_dim_1624,2.792055334936709e-05,7.2495016434666e-05,941,690,251
263,vgg16_dim_263,0.00014271537329341464,7.244671277216996e-05,525,691,-166
1004,vgg16_dim_1004,6.193810777660656e-05,7.184993019411302e-05,738,692,46
1701,vgg16_dim_1701,4.573211227393429e-05,7.178662655358624e-05,818,693,125
172,vgg16_dim_172,7.841718523694046e-05,7.17743406582001e-05,675,694,-19
307,vgg16_dim_307,9.545595680054507e-05,7.163482502882325e-05,624,695,-71
3867,vgg16_dim_3867,0.00011813232318498584,7.15932057803764e-05,576,696,-120
2548,vgg16_dim_2548,1.7636009309736604e-05,7.153393370726386e-05,999,697,302
2755,vgg16_dim_2755,9.34095597782329e-05,7.153311372251439e-05,627,698,-71
2555,vgg16_dim_2555,0.00014717376187929404,7.148575167515393e-05,520,699,-179
220,vgg16_dim_220,9.253082782231804e-05,7.063187176606047e-05,630,700,-70
3113,vgg16_dim_3113,0.0001236087246492099,7.035377673633395e-05,557,701,-144
2944,vgg16_dim_2944,4.507452593024268e-05,7.032620540379814e-05,824,702,122
2500,vgg16_dim_2500,4.021774886632324e-05,6.990507242832294e-05,861,703,158
833,vgg16_dim_833,2.2925526520404067e-05,6.990058822447143e-05,970,704,266
3218,vgg16_dim_3218,6.088418958443094e-05,6.962234108949049e-05,741,705,36
3504,vgg16_dim_3504,7.50746667631158e-05,6.961657418796705e-05,687,706,-19
3550,vgg16_dim_3550,8.519141587628949e-05,6.934612614741918e-05,655,707,-52
1157,vgg16_dim_1157,5.579047486585149e-05,6.930203737889948e-05,765,708,57
2638,vgg16_dim_2638,4.989776421242459e-05,6.838364838238198e-05,794,709,85
1426,vgg16_dim_1426,3.833613470469592e-05,6.815893757863994e-05,875,710,165
2987,vgg16_dim_2987,5.82051032782908e-05,6.815643114084492e-05,755,711,44
3693,vgg16_dim_3693,3.9522025012053333e-05,6.814657356272606e-05,866,712,154
3126,vgg16_dim_3126,5.6186056076713043e-05,6.804853499310996e-05,763,713,50
2771,vgg16_dim_2771,7.592826289442385e-05,6.799698706398832e-05,685,714,-29
2976,vgg16_dim_2976,9.587700859705779e-05,6.784824059509985e-05,622,715,-93
371,vgg16_dim_371,3.8183161945412555e-05,6.773331281388552e-05,877,716,161
201,vgg16_dim_201,7.185723326393304e-05,6.756252948799893e-05,699,717,-18
3561,vgg16_dim_3561,0.00027126223882150124,6.748617491130916e-05,406,718,-312
3600,vgg16_dim_3600,0.00021093295258916515,6.700126464960734e-05,455,719,-264
4100,brightness_variance,2.725914745261652e-05,6.688216474910486e-05,942,720,222
3603,vgg16_dim_3603,4.2248932196138504e-05,6.66275547327056e-05,845,721,124
3656,vgg16_dim_3656,6.244552995214894e-05,6.648272332257538e-05,736,722,14
3100,vgg16_dim_3100,3.0231094514098383e-05,6.648217091444716e-05,926,723,203
2981,vgg16_dim_2981,2.34367794816434e-05,6.620427863806705e-05,966,724,242
696,vgg16_dim_696,7.306615656863595e-05,6.593723251354813e-05,692,725,-33
482,vgg16_dim_482,3.833271858773229e-05,6.569165937315709e-05,876,726,150
4032,vgg16_dim_4032,4.242472220504477e-05,6.545625371141726e-05,843,727,116
32,vgg16_dim_32,5.898057719890272e-05,6.513949227088287e-05,750,728,22
3351,vgg16_dim_3351,5.962324570795323e-05,6.428322156095431e-05,748,729,19
4118,num_images_without_alt,0.00018092738754315916,6.407736691537744e-05,485,730,-245
1011,vgg16_dim_1011,5.039112592719464e-05,6.404903994703966e-05,792,731,61
3415,vgg16_dim_3415,5.860823125671827e-05,6.39596696802372e-05,754,732,22
3346,vgg16_dim_3346,0.0002935289255918601,6.390085901321803e-05,392,733,-341
3887,vgg16_dim_3887,7.297517932646482e-05,6.385766277084162e-05,693,734,-41
3714,vgg16_dim_3714,3.5350337732959965e-05,6.355791281375369e-05,893,735,158
838,vgg16_dim_838,6.351573186336348e-05,6.334039941451995e-05,729,736,-7
3379,vgg16_dim_3379,4.107360512403058e-05,6.316301217873589e-05,856,737,119
3830,vgg16_dim_3830,4.6588250782243545e-05,6.28088362506203e-05,811,738,73
3844,vgg16_dim_3844,3.24327975597951e-05,6.23440040062255e-05,914,739,175
1642,vgg16_dim_1642,0.00014384965826357625,6.166949474309217e-05,524,740,-216
3593,vgg16_dim_3593,2.866575198614162e-05,6.153248604624829e-05,933,741,192
861,vgg16_dim_861,0.00010144177506331497,6.108077845984959e-05,609,742,-133
1585,vgg16_dim_1585,6.09630724861507e-05,6.093168758936354e-05,740,743,-3
3982,vgg16_dim_3982,5.0902903585432715e-05,6.024759968996881e-05,787,744,43
532,vgg16_dim_532,4.458046409123281e-05,6.015020539458723e-05,829,745,84
836,vgg16_dim_836,6.24860163091606e-05,6.01348820727577e-05,733,746,-13
3565,vgg16_dim_3565,0.00014608820516300215,5.995131817561345e-05,522,747,-225
1200,vgg16_dim_1200,3.575416505235416e-05,5.9907108975237e-05,886,748,138
4103,num_links,4.1074073733079883e-05,5.9740869019063836e-05,855,749,106
2751,vgg16_dim_2751,3.875271869218253e-05,5.973356070211058e-05,873,750,123
1543,vgg16_dim_1543,4.5829550401395296e-05,5.9425688881994215e-05,816,751,65
3358,vgg16_dim_3358,3.682457649887944e-05,5.926632239569799e-05,883,752,131
2563,vgg16_dim_2563,4.633382988588728e-05,5.900072849773631e-05,813,753,60
3391,vgg16_dim_3391,3.914749753301403e-05,5.89022827717417e-05,869,754,115
3170,vgg16_dim_3170,3.135089805102926e-05,5.885697794797769e-05,919,755,164
2164,vgg16_dim_2164,2.0296539658112326e-05,5.8430709019546736e-05,986,756,230
1,vgg16_dim_1,0.00016703506431723448,5.842794896303774e-05,500,757,-257
3281,vgg16_dim_3281,5.216566870432824e-05,5.826040599213258e-05,780,758,22
3261,vgg16_dim_3261,5.631569198838727e-05,5.818026194709626e-05,762,759,3
1782,vgg16_dim_1782,9.149727053414105e-05,5.753352338325941e-05,634,760,-126
680,vgg16_dim_680,4.061994213577376e-05,5.7501322740151136e-05,859,761,98
2924,vgg16_dim_2924,0.00017359530181794994,5.748830739227574e-05,493,762,-269
800,vgg16_dim_800,5.6567007242994015e-05,5.7340099593824436e-05,761,763,-2
3715,vgg16_dim_3715,0.00010737255631880092,5.7275228852320805e-05,600,764,-164
3412,vgg16_dim_3412,6.304969566067097e-05,5.71017532772661e-05,731,765,-34
1139,vgg16_dim_1139,2.9347039962953186e-05,5.705069202644362e-05,930,766,164
2145,vgg16_dim_2145,6.017572403527814e-05,5.67822147379002e-05,746,767,-21
3856,vgg16_dim_3856,0.00021964724382680728,5.667828612849217e-05,450,768,-318
3161,vgg16_dim_3161,6.878552881681794e-05,5.6629694947931107e-05,710,769,-59
3280,vgg16_dim_3280,2.2747073600089006e-05,5.659463676622305e-05,972,770,202
3037,vgg16_dim_3037,0.0001611110612195641,5.6187063046960125e-05,506,771,-265
2033,vgg16_dim_2033,2.414774347097824e-05,5.575211509982529e-05,962,772,190
431,vgg16_dim_431,4.797053977124279e-05,5.5473071697402385e-05,803,773,30
2763,vgg16_dim_2763,6.76245080296134e-05,5.5127511718806356e-05,714,774,-60
3284,vgg16_dim_3284,7.865960028479039e-05,5.46041956596024e-05,674,775,-101
282,vgg16_dim_282,6.454316268708403e-05,5.430510950195711e-05,725,776,-51
4009,vgg16_dim_4009,5.10722631230594e-05,5.42795718773836e-05,786,777,9
427,vgg16_dim_427,5.75846988235968e-05,5.405982200463256e-05,757,778,-21
3044,vgg16_dim_3044,5.40363617074047e-05,5.404731245937599e-05,769,779,-10
80,vgg16_dim_80,4.251806038668759e-05,5.393584205448825e-05,842,780,62
745,vgg16_dim_745,2.4301916859320674e-05,5.3434910664613566e-05,961,781,180
1018,vgg16_dim_1018,4.848153140619526e-05,5.293364381431887e-05,799,782,17
3197,vgg16_dim_3197,2.8628737916393802e-05,5.272037686803077e-05,934,783,151
3782,vgg16_dim_3782,3.535270470246022e-05,5.245482554662039e-05,892,784,108
2439,vgg16_dim_2439,4.038620493392355e-05,5.20916555407153e-05,860,785,75
4072,vgg16_dim_4072,6.601444643530557e-05,5.193707829930736e-05,720,786,-66
2140,vgg16_dim_2140,0.00010638130148920292,5.1545064902944335e-05,602,787,-185
613,vgg16_dim_613,0.00011206054120780768,5.142898043374384e-05,592,788,-196
1524,vgg16_dim_1524,0.00012559585824717802,5.126129156821502e-05,552,789,-237
1141,vgg16_dim_1141,8.934750617708768e-05,5.080686730914307e-05,642,790,-148
60,vgg16_dim_60,5.349144540511102e-05,5.068186643266686e-05,773,791,-18
3084,vgg16_dim_3084,3.8980051579825124e-05,5.048169680729849e-05,871,792,79
3997,vgg16_dim_3997,2.7239520712491678e-05,5.031505947035723e-05,943,793,150
294,vgg16_dim_294,1.5536109464994074e-05,5.0298496026573716e-05,1016,794,222
3091,vgg16_dim_3091,6.4656699477529e-05,4.967163441232553e-05,724,795,-71
3920,vgg16_dim_3920,4.5262951079612826e-05,4.9400393904557824e-05,821,796,25
535,vgg16_dim_535,0.00010367516935306946,4.935795391314045e-05,606,797,-191
1000,vgg16_dim_1000,8.550606932154346e-05,4.920126735903804e-05,652,798,-146
3839,vgg16_dim_3839,8.1963439525204e-05,4.9200288868438863e-05,667,799,-132
2283,vgg16_dim_2283,1.8765898772344188e-05,4.90391426415943e-05,993,800,193
2569,vgg16_dim_2569,3.4076288406969426e-05,4.872626550751999e-05,902,801,101
2354,vgg16_dim_2354,6.328155616672698e-05,4.8681804897536693e-05,730,802,-72
2689,vgg16_dim_2689,8.789798867516881e-05,4.833904837389053e-05,648,803,-155
2889,vgg16_dim_2889,6.245754806250911e-05,4.822115871828528e-05,735,804,-69
1005,vgg16_dim_1005,5.603157984346118e-05,4.782879819558109e-05,764,805,-41
1763,vgg16_dim_1763,7.671774065751246e-05,4.764054717063006e-05,682,806,-124
1916,vgg16_dim_1916,7.214942509237352e-05,4.748735098425332e-05,698,807,-109
86,vgg16_dim_86,7.654886840683888e-05,4.712671398272763e-05,684,808,-124
586,vgg16_dim_586,0.00012843969545943756,4.690274836310179e-05,544,809,-265
2553,vgg16_dim_2553,4.468394434595029e-05,4.689526786174519e-05,828,810,18
2081,vgg16_dim_2081,3.5558780308789155e-05,4.6567979963134596e-05,888,811,77
1899,vgg16_dim_1899,0.00010097710578944921,4.6141875411943027e-05,611,812,-201
3030,vgg16_dim_3030,0.00011138982611418672,4.606156476525742e-05,594,813,-219
2513,vgg16_dim_2513,0.00011375569473375316,4.561341546296171e-05,586,814,-228
3178,vgg16_dim_3178,4.375229262758449e-05,4.5583457418001e-05,833,815,18
198,vgg16_dim_198,6.661774313411231e-05,4.529844498287845e-05,719,816,-97
1627,vgg16_dim_1627,4.186676809126814e-05,4.528308479087126e-05,850,817,33
2489,vgg16_dim_2489,6.928804400477989e-05,4.527155174360995e-05,705,818,-113
2022,vgg16_dim_2022,4.302837879309945e-05,4.486783899575566e-05,839,819,20
917,vgg16_dim_917,0.00011181993116265976,4.472009435089284e-05,593,820,-227
1444,vgg16_dim_1444,2.6129685422306623e-05,4.466942990241773e-05,951,821,130
2820,vgg16_dim_2820,0.00011510673018801576,4.449262768807144e-05,583,822,-239
3722,vgg16_dim_3722,4.681745166281126e-05,4.4443204910748527e-05,809,823,-14
3080,vgg16_dim_3080,5.0820808757289896e-05,4.418305798192391e-05,788,824,-36
3267,vgg16_dim_3267,5.2791718932590316e-05,4.3870243836273816e-05,776,825,-49
3264,vgg16_dim_3264,6.753480678464466e-05,4.3001068824852905e-05,715,826,-111
2363,vgg16_dim_2363,4.453528422932106e-05,4.297092952817097e-05,830,827,3
391,vgg16_dim_391,0.00018992928119227796,4.2965236764425116e-05,473,828,-355
592,vgg16_dim_592,4.995004558563559e-05,4.2935176360587654e-05,793,829,-36
3497,vgg16_dim_3497,4.184572339549665e-05,4.269735304435515e-05,851,830,21
3221,vgg16_dim_3221,3.574751694995685e-05,4.2094396228828435e-05,887,831,56
3772,vgg16_dim_3772,0.00020158432857902747,4.2023810534801766e-05,463,832,-369
2240,vgg16_dim_2240,8.569496161852787e-05,4.200183837902758e-05,651,833,-182
1048,vgg16_dim_1048,4.501274332796047e-05,4.1991792163573546e-05,825,834,-9
2387,vgg16_dim_2387,0.00012065537424802077,4.192256242485552e-05,567,835,-268
3144,vgg16_dim_3144,2.391651555342779e-05,4.188518292611688e-05,963,836,127
2362,vgg16_dim_2362,0.00010988894083278074,4.178574242793224e-05,596,837,-241
3388,vgg16_dim_3388,3.627843294778718e-05,4.1692379930492266e-05,884,838,46
436,vgg16_dim_436,4.154217527148741e-05,4.153359774689973e-05,853,839,14
442,vgg16_dim_442,6.820438275228118e-05,4.104923011224683e-05,712,840,-128
502,vgg16_dim_502,3.1910315624831566e-05,4.021247688750852e-05,917,841,76
1487,vgg16_dim_1487,1.7549619517584836e-05,4.008188435776447e-05,1002,842,160
1496,vgg16_dim_1496,4.0973956737922924e-05,3.993427158287596e-05,857,843,14
3836,vgg16_dim_3836,3.1954251557031186e-05,3.979597827863534e-05,916,844,72
726,vgg16_dim_726,0.00015404061069120917,3.92855447388708e-05,516,845,-329
4098,colour_variance,2.0975996152721693e-05,3.924974089180673e-05,981,846,135
752,vgg16_dim_752,8.837534413344599e-05,3.905568709545663e-05,645,847,-202
62,vgg16_dim_62,4.320582597362289e-05,3.900112655860196e-05,838,848,-10
69,vgg16_dim_69,5.039988654794988e-05,3.899799065203372e-05,791,849,-58
4084,vgg16_dim_4084,5.8926864795602856e-05,3.8994667541543804e-05,751,850,-99
1830,vgg16_dim_1830,2.2212618079952538e-05,3.898002233652005e-05,975,851,124
2568,vgg16_dim_2568,5.784078285769319e-05,3.8920370033368476e-05,756,852,-96
1897,vgg16_dim_1897,3.838448147513922e-05,3.8620299178008125e-05,874,853,21
1237,vgg16_dim_1237,3.728410101615969e-05,3.841960562522259e-05,882,854,28
2143,vgg16_dim_2143,2.3128764205570654e-05,3.837774802320891e-05,969,855,114
2117,vgg16_dim_2117,3.5476531292209226e-05,3.823152383813895e-05,889,856,33
275,vgg16_dim_275,2.1198071081379287e-05,3.806237886997633e-05,980,857,123
3359,vgg16_dim_3359,7.312412966590755e-05,3.793621431166926e-05,691,858,-167
2842,vgg16_dim_2842,3.606823264251427e-05,3.7784013899981795e-05,885,859,26
2205,vgg16_dim_2205,4.360139682693131e-05,3.776080562330815e-05,836,860,-24
1069,vgg16_dim_1069,5.4987175712661625e-05,3.746144866174336e-05,768,861,-93
3726,vgg16_dim_3726,9.045208033866493e-05,3.729564413312617e-05,639,862,-223
882,vgg16_dim_882,2.559463372458421e-05,3.719033450052652e-05,954,863,91
253,vgg16_dim_253,4.18966010257054e-05,3.708407161713543e-05,849,864,-15
289,vgg16_dim_289,6.0877445671032725e-05,3.70137127747849e-05,742,865,-123
3523,vgg16_dim_3523,3.057051054429036e-05,3.689045275978294e-05,924,866,58
3752,vgg16_dim_3752,8.195053214927972e-05,3.689000067041619e-05,668,867,-199
555,vgg16_dim_555,3.388340230588494e-05,3.666151417795194e-05,905,868,37
126,vgg16_dim_126,0.0002023634449424243,3.664128112372489e-05,462,869,-407
91,vgg16_dim_91,2.6454130062135372e-05,3.641924855999283e-05,949,870,79
915,vgg16_dim_915,2.5173706281331787e-05,3.639410564518913e-05,957,871,86
1532,vgg16_dim_1532,4.277733999990579e-05,3.624019396209149e-05,840,872,-32
3557,vgg16_dim_3557,7.998723507494293e-05,3.622955634945646e-05,672,873,-201
1248,vgg16_dim_1248,3.9014687991609676e-05,3.596001989005824e-05,870,874,-4
2203,vgg16_dim_2203,6.516319874269083e-05,3.538268967733677e-05,722,875,-153
2603,vgg16_dim_2603,4.521256447348514e-05,3.53802642673283e-05,822,876,-54
947,vgg16_dim_947,6.227616904220275e-05,3.53217314493968e-05,737,877,-140
2086,vgg16_dim_2086,2.0377223211374214e-05,3.529939635192729e-05,984,878,106
3382,vgg16_dim_3382,1.84679236266891e-05,3.510620596482412e-05,995,879,116
1952,vgg16_dim_1952,2.6606807846865248e-05,3.4828417289747826e-05,948,880,68
2226,vgg16_dim_2226,4.5296742259677416e-05,3.479881590455283e-05,820,881,-61
3518,vgg16_dim_3518,9.308071012916109e-05,3.478834424310155e-05,629,882,-253
396,vgg16_dim_396,3.9256555743774586e-05,3.47831135430017e-05,867,883,-16
1895,vgg16_dim_1895,2.9451754084926382e-05,3.454645129735275e-05,929,884,45
3320,vgg16_dim_3320,3.785021619742699e-05,3.45285093906977e-05,880,885,-5
3929,vgg16_dim_3929,7.006091719320965e-05,3.3959294439380624e-05,704,886,-182
3254,vgg16_dim_3254,9.325929110182976e-05,3.3841527046080224e-05,628,887,-259
2854,vgg16_dim_2854,2.3367540005848236e-05,3.378574229750254e-05,967,888,79
2940,vgg16_dim_2940,5.712760112658886e-05,3.3485105562372586e-05,759,889,-130
594,vgg16_dim_594,3.5456890508552065e-05,3.242468183518166e-05,890,890,0
1994,vgg16_dim_1994,0.00011945138418018623,3.1933380466794226e-05,570,891,-321
2255,vgg16_dim_2255,6.913374905877046e-05,3.18914086540525e-05,706,892,-186
1435,vgg16_dim_1435,6.41138020728842e-05,3.156232999802876e-05,726,893,-167
3681,vgg16_dim_3681,2.2788216389260866e-05,3.154211255548067e-05,971,894,77
1084,vgg16_dim_1084,9.13398591537984e-05,3.096781908397473e-05,635,895,-260
1475,vgg16_dim_1475,3.953372130251308e-05,3.093912157881419e-05,865,896,-31
4106,num_forms,2.360874538930471e-05,3.085417972313919e-05,964,897,67
2963,vgg16_dim_2963,6.557547883538873e-05,3.041609375044444e-05,721,898,-177
3560,vgg16_dim_3560,1.656602111566429e-05,3.0346788404176932e-05,1010,899,111
3078,vgg16_dim_3078,2.816763985128744e-05,3.026067757474454e-05,937,900,37
2879,vgg16_dim_2879,1.9958822354003664e-05,3.0146720928017952e-05,987,901,86
1801,vgg16_dim_1801,4.91463129534049e-05,2.9884771465298416e-05,796,902,-106
4004,vgg16_dim_4004,3.263041423342075e-05,2.9825158790539213e-05,912,903,9
3370,vgg16_dim_3370,1.8924219892877545e-05,2.937222669850574e-05,991,904,87
967,vgg16_dim_967,5.146424883952046e-05,2.9237179317423802e-05,782,905,-123
2891,vgg16_dim_2891,0.0001232797559474548,2.9202781778475977e-05,560,906,-346
3271,vgg16_dim_3271,4.883109643521187e-06,2.898009047828712e-05,1064,907,157
4120,heading_level_skips,1.2750231698051683e-05,2.8806989496980343e-05,1030,908,122
3010,vgg16_dim_3010,2.134764849244288e-05,2.8700566026184087e-05,979,909,70
763,vgg16_dim_763,1.773808100827647e-05,2.8587615088128078e-05,997,910,87
1201,vgg16_dim_1201,2.6118743275915465e-05,2.847705141342303e-05,952,911,41
2035,vgg16_dim_2035,4.61623657101185e-05,2.8256251612366062e-05,814,912,-98
2476,vgg16_dim_2476,1.6452209489179738e-05,2.8235255794458812e-05,1012,913,99
3266,vgg16_dim_3266,5.0814948279239825e-05,2.7723796844850837e-05,790,914,-124
2595,vgg16_dim_2595,3.992902039439123e-05,2.7670675551665465e-05,863,915,-52
830,vgg16_dim_830,2.902460481949979e-05,2.665632623076546e-05,932,916,16
2996,vgg16_dim_2996,4.634582289446647e-05,2.636460601207068e-05,812,917,-105
559,vgg16_dim_559,3.315720207437564e-05,2.6278206137409945e-05,908,918,-10
2979,vgg16_dim_2979,9.156147546242063e-05,2.6184161415494468e-05,633,919,-286
2031,vgg16_dim_2031,3.880929880474217e-05,2.601185787912939e-05,872,920,-48
4048,vgg16_dim_4048,8.368044717323752e-05,2.5377148244139235e-05,664,921,-257
2410,vgg16_dim_2410,2.0325802096606503e-05,2.535023807068898e-05,985,922,63
604,vgg16_dim_604,2.792295650373395e-05,2.521803858233927e-05,940,923,17
775,vgg16_dim_775,2.905942808749491e-05,2.4996099777705093e-05,931,924,7
3471,vgg16_dim_3471,3.060761322715815e-05,2.463663322837862e-05,923,925,-2
338,vgg16_dim_338,2.689122616967109e-05,2.4622545064151846e-05,945,926,19
812,vgg16_dim_812,1.1805511341535291e-05,2.445184094695179e-05,1036,927,109
728,vgg16_dim_728,1.3568640778905527e-05,2.4325672700132294e-05,1025,928,97
3590,vgg16_dim_3590,2.666575185750988e-05,2.425404127727954e-05,947,929,18
2989,vgg16_dim_2989,3.0428012161079927e-05,2.4168114860310153e-05,925,930,-5
61,vgg16_dim_61,6.492219516635819e-05,2.385848510378696e-05,723,931,-208
117,vgg16_dim_117,1.3922920582468547e-05,2.3687863145806465e-05,1022,932,90
3814,vgg16_dim_3814,3.39436533167293e-05,2.3520543173769026e-05,904,933,-29
3806,vgg16_dim_3806,6.24793429124159e-05,2.3493597586965104e-05,734,934,-200
742,vgg16_dim_742,3.7946214278650364e-05,2.2883613627472884e-05,879,935,-56
3158,vgg16_dim_3158,5.862079828447795e-05,2.25988021097146e-05,753,936,-183
3589,vgg16_dim_3589,4.671917525840094e-05,2.23162019651408e-05,810,937,-127
1154,vgg16_dim_1154,1.3192481658453678e-05,2.223491829433857e-05,1027,938,89
1942,vgg16_dim_1942,1.213151409618321e-05,2.1951591199842805e-05,1034,939,95
4124,semantic_element_ratio,3.916405393355988e-05,2.1605815638869278e-05,868,940,-72
1071,vgg16_dim_1071,2.806896655366045e-05,2.118982508865013e-05,938,941,-3
709,vgg16_dim_709,4.800258104976389e-05,2.118915679645604e-05,802,942,-140
3486,vgg16_dim_3486,4.003181858966295e-05,2.0965639293623275e-05,862,943,-81
3936,vgg16_dim_3936,1.103582390904593e-05,2.0901124788744024e-05,1039,944,95
106,vgg16_dim_106,2.504510770485445e-05,2.0810217610160017e-05,958,945,13
1756,vgg16_dim_1756,1.0746178291105815e-05,2.077071604797397e-05,1041,946,95
3470,vgg16_dim_3470,1.88451796413387e-05,2.0386683050692543e-05,992,947,45
1509,vgg16_dim_1509,2.6348366694789963e-05,2.0371320244959625e-05,950,948,2
2384,vgg16_dim_2384,2.803032209790291e-05,2.012980734732235e-05,939,949,-10
1530,vgg16_dim_1530,3.5089768982467095e-05,1.998204413334403e-05,895,950,-55
3841,vgg16_dim_3841,2.4363999452569087e-05,1.9863543858059854e-05,960,951,9
3039,vgg16_dim_3039,3.808836870671828e-05,1.963262247688274e-05,878,952,-74
1372,vgg16_dim_1372,5.5484112290248585e-05,1.9587228886196862e-05,767,953,-186
1250,vgg16_dim_1250,5.271936278328076e-05,1.9584689220916312e-05,777,954,-177
374,vgg16_dim_374,5.575213108365938e-05,1.935698939739639e-05,766,955,-189
4096,edge_density,1.2543413468350434e-05,1.8914487901331487e-05,1031,956,75
2670,vgg16_dim_2670,1.6466314811292548e-05,1.8711483528998326e-05,1011,957,54
2326,vgg16_dim_2326,3.407989929674673e-05,1.8676411871509848e-05,901,958,-57
2112,vgg16_dim_2112,2.1988527706827604e-05,1.8577041728185396e-05,977,959,18
1182,vgg16_dim_1182,3.303395265211291e-05,1.8364108729299777e-05,909,960,-51
1673,vgg16_dim_1673,2.5714454317464042e-05,1.8216860652475055e-05,953,961,-8
2445,vgg16_dim_2445,1.9791013248881803e-05,1.8160401612465366e-05,988,962,26
1868,vgg16_dim_1868,3.126074148193622e-05,1.8131596444799122e-05,920,963,-43
3934,vgg16_dim_3934,4.427757163530804e-05,1.8067567897095772e-05,831,964,-133
3962,vgg16_dim_3962,4.365866416200289e-05,1.8025181684279384e-05,834,965,-131
2610,vgg16_dim_2610,5.1131434022855445e-05,1.7867682838206477e-05,785,966,-181
3001,vgg16_dim_3001,1.7662975852882003e-05,1.7328035428910494e-05,998,967,31
3231,vgg16_dim_3231,0.00018503898158465302,1.716443515094582e-05,478,968,-490
1923,vgg16_dim_1923,5.712977983916286e-05,1.714671973656794e-05,758,969,-211
2345,vgg16_dim_2345,1.6897831746557432e-05,1.710967638808573e-05,1007,970,37
1318,vgg16_dim_1318,1.7546657630732854e-05,1.7097927946908992e-05,1003,971,32
3965,vgg16_dim_3965,1.6696989497335286e-05,1.6880931515722276e-05,1009,972,37
1184,vgg16_dim_1184,4.1704854339462686e-05,1.6766790934053798e-05,852,973,-121
1550,vgg16_dim_1550,1.194554665334263e-05,1.6444303585525754e-05,1035,974,61
1503,vgg16_dim_1503,4.708980557261833e-05,1.639609815981943e-05,807,975,-168
2951,vgg16_dim_2951,3.545434447733103e-05,1.6270651587269914e-05,891,976,-85
3777,vgg16_dim_3777,3.291911096340573e-05,1.622670906378021e-05,911,977,-66
3233,vgg16_dim_3233,2.819370089701384e-05,1.6147139759099896e-05,936,978,-42
2406,vgg16_dim_2406,5.668607208645519e-05,1.604197344335695e-05,760,979,-219
2544,vgg16_dim_2544,4.8903720846321553e-05,1.6025666039386664e-05,797,980,-183
3629,vgg16_dim_3629,6.907927439293281e-05,1.577721495645371e-05,707,981,-274
166,vgg16_dim_166,1.561072087326358e-05,1.5748042415916884e-05,1014,982,32
645,vgg16_dim_645,3.416742210481066e-05,1.5236259701348445e-05,899,983,-84
1588,vgg16_dim_1588,1.531990652307296e-05,1.4947034689624868e-05,1017,984,33
1064,vgg16_dim_1064,5.116042514280934e-05,1.4827425182812685e-05,783,985,-202
1562,vgg16_dim_1562,4.362274918841284e-05,1.4496888905151968e-05,835,986,-151
2440,vgg16_dim_2440,1.6372385908747603e-05,1.4376864897458402e-05,1013,987,26
1266,vgg16_dim_1266,3.732364978742783e-05,1.4237113500693718e-05,881,988,-107
3956,vgg16_dim_3956,8.760320785668928e-05,1.3977385623495479e-05,650,989,-339
1500,vgg16_dim_1500,1.007705104864205e-05,1.382491616436699e-05,1045,990,55
2056,vgg16_dim_2056,2.5523103260652724e-05,1.3727000575234014e-05,955,991,-36
1783,vgg16_dim_1783,1.959802675760669e-05,1.355310603637426e-05,989,992,-3
2232,vgg16_dim_2232,5.380158525213507e-05,1.3526589440217604e-05,772,993,-221
1485,vgg16_dim_1485,1.697188759170501e-05,1.336825112787575e-05,1006,994,12
3119,vgg16_dim_3119,2.6826377211198922e-05,1.3357564671482784e-05,946,995,-49
3363,vgg16_dim_3363,3.988092401438096e-05,1.3326412492111536e-05,864,996,-132
1644,vgg16_dim_1644,3.243027418619364e-05,1.3134010195970353e-05,915,997,-82
1233,vgg16_dim_1233,1.1220857491560284e-05,1.2896539677826228e-05,1038,998,40
983,vgg16_dim_983,1.0274291881064035e-05,1.279275296285433e-05,1043,999,44
3390,vgg16_dim_3390,3.2548771930320785e-05,1.2566355760479774e-05,913,1000,-87
2018,vgg16_dim_2018,2.8215797662566583e-05,1.2546792686030242e-05,935,1001,-66
64,vgg16_dim_64,7.069550403374462e-06,1.2519906512762946e-05,1058,1002,56
348,vgg16_dim_348,1.3717719516212696e-05,1.2369928744609569e-05,1024,1003,21
2401,vgg16_dim_2401,9.692495839762493e-06,1.2297598957390963e-05,1048,1004,44
565,vgg16_dim_565,3.117406591136943e-05,1.2230217487193036e-05,921,1005,-84
1235,vgg16_dim_1235,1.553929487574258e-05,1.2036857821704843e-05,1015,1006,9
1471,vgg16_dim_1471,2.254507013943096e-05,1.1965662177824519e-05,973,1007,-34
4014,vgg16_dim_4014,2.9732842757366262e-05,1.19172596780334e-05,928,1008,-80
1635,vgg16_dim_1635,2.0611115323506756e-05,1.1884545208192896e-05,983,1009,-26
953,vgg16_dim_953,2.696597229796447e-05,1.1840816813038053e-05,944,1010,-66
3145,vgg16_dim_3145,1.280786373695932e-05,1.1823815469638662e-05,1028,1011,17
2199,vgg16_dim_2199,1.1738708876635937e-05,1.1652628107904465e-05,1037,1012,25
1035,vgg16_dim_1035,1.4429945125835622e-05,1.142973629780753e-05,1019,1013,6
904,vgg16_dim_904,2.5285378019555575e-05,1.0949907512940397e-05,956,1014,-58
975,vgg16_dim_975,2.3554893787686103e-05,1.0671298714761546e-05,965,1015,-50
3669,vgg16_dim_3669,3.3959623218792285e-05,1.0617453854783798e-05,903,1016,-113
2032,vgg16_dim_2032,1.381123512742324e-05,1.042739038847316e-05,1023,1017,6
4025,vgg16_dim_4025,1.7583342127053742e-05,1.0148030642870741e-05,1001,1018,-17
3011,vgg16_dim_3011,4.816658149130567e-05,1.0130619524952658e-05,801,1019,-218
2534,vgg16_dim_2534,3.074125595639957e-05,1.0064560493584519e-05,922,1020,-98
546,vgg16_dim_546,8.984317829972118e-06,1.0026295237659707e-05,1050,1021,29
344,vgg16_dim_344,1.4548888471915314e-05,9.931226963693882e-06,1018,1022,-4
780,vgg16_dim_780,1.8709936255102878e-05,9.790662621868163e-06,994,1023,-29
1172,vgg16_dim_1172,2.3272523669206516e-05,9.663998471588413e-06,968,1024,-56
44,vgg16_dim_44,1.4240190127202416e-05,9.636265823261908e-06,1020,1025,-5
2822,vgg16_dim_2822,2.9788817357174395e-05,9.388691214913195e-06,927,1026,-99
1979,vgg16_dim_1979,6.040074685912542e-05,9.28406194758277e-06,745,1027,-282
2679,vgg16_dim_2679,2.0659878087886795e-05,9.21709594800778e-06,982,1028,-46
3978,vgg16_dim_3978,4.195935775428548e-05,9.111528795251135e-06,847,1029,-182
1964,vgg16_dim_1964,1.0216396372940955e-05,8.974553094497039e-06,1044,1030,14
1752,vgg16_dim_1752,9.868253300030212e-06,8.97166136957161e-06,1046,1031,15
2415,vgg16_dim_2415,1.0923091397147607e-05,8.888677691946587e-06,1040,1032,8
3129,vgg16_dim_3129,1.6869800616880945e-05,8.728216476247218e-06,1008,1033,-25
3454,vgg16_dim_3454,4.578943571142317e-05,8.319459872415762e-06,817,1034,-217
3006,vgg16_dim_3006,9.610523902684574e-06,8.295999198567315e-06,1049,1035,14
2781,vgg16_dim_2781,7.203128294434293e-06,8.18997609105022e-06,1057,1036,21
2609,vgg16_dim_2609,2.16499925383326e-05,7.759247013707548e-06,978,1037,-59
3795,vgg16_dim_3795,3.32401420960428e-05,7.692613044129977e-06,906,1038,-132
481,vgg16_dim_481,1.953934151396259e-05,7.622779026282716e-06,990,1039,-49
3536,vgg16_dim_3536,4.2352268922722934e-05,7.487356320918775e-06,844,1040,-196
866,vgg16_dim_866,1.3555503364105606e-05,7.235202269344079e-06,1026,1041,-15
2686,vgg16_dim_2686,1.2399729103770235e-05,7.152524858221602e-06,1032,1042,-10
1416,vgg16_dim_1416,1.2265204071960531e-05,7.096391852562551e-06,1033,1043,-10
2360,vgg16_dim_2360,1.2771397295465702e-05,7.053664271072696e-06,1029,1044,-15
1887,vgg16_dim_1887,1.7134298149638434e-05,6.848512077061033e-06,1005,1045,-40
1755,vgg16_dim_1755,7.956589296075333e-06,6.844150131303226e-06,1053,1046,7
1874,vgg16_dim_1874,1.051167486099885e-05,6.797525516258481e-06,1042,1047,-5
868,vgg16_dim_868,8.700009412652347e-06,6.264367926204169e-06,1051,1048,3
875,vgg16_dim_875,7.312402465894292e-06,6.201437136727759e-06,1055,1049,6
3438,vgg16_dim_3438,9.70859602001278e-06,6.179554269877631e-06,1047,1050,-3
4035,vgg16_dim_4035,2.2090968798709573e-05,6.0305971098894624e-06,976,1051,-75
2467,vgg16_dim_2467,7.961735873483021e-06,5.263491829988404e-06,1052,1052,0
2782,vgg16_dim_2782,1.8309103357318584e-05,4.95592571310172e-06,996,1053,-57
674,vgg16_dim_674,1.3929226548340178e-05,4.787550372044782e-06,1021,1054,-33
2630,vgg16_dim_2630,4.685681696609849e-06,4.629946486995388e-06,1067,1055,12
3352,vgg16_dim_3352,1.7142796341392472e-05,4.289469516370422e-06,1004,1056,-52
978,vgg16_dim_978,7.596976378654581e-06,4.250847039880435e-06,1054,1057,-3
3482,vgg16_dim_3482,6.898290693665071e-06,4.169368045861031e-06,1060,1058,2
400,vgg16_dim_400,1.7593233537888025e-05,3.978969391628493e-06,1000,1059,-59
2885,vgg16_dim_2885,3.4490400323535447e-06,3.92401887774742e-06,1070,1060,10
213,vgg16_dim_213,5.607471260534755e-06,3.5502564816634624e-06,1063,1061,2
2344,vgg16_dim_2344,4.2434949027763815e-06,3.4830788643666502e-06,1069,1062,7
794,vgg16_dim_794,4.419998651381192e-06,3.439282190648744e-06,1068,1063,5
1083,vgg16_dim_1083,5.687753032508616e-06,3.3650440133692588e-06,1062,1064,-2
2791,vgg16_dim_2791,4.718478380634644e-06,3.331360647760494e-06,1066,1065,1
576,vgg16_dim_576,4.772435274211214e-06,3.299389994816378e-06,1065,1066,-1
472,vgg16_dim_472,6.3964182959833725e-06,3.259241702962387e-06,1061,1067,-6
3241,vgg16_dim_3241,4.3530670966203745e-05,3.218860966324794e-06,837,1068,-231
2183,vgg16_dim_2183,7.264441179443461e-06,3.1118905379648727e-06,1056,1069,-13
1395,vgg16_dim_1395,6.960451047730292e-06,2.8221758962048664e-06,1059,1070,-11
3367,vgg16_dim_3367,3.39248877744301e-19,6.409548137340777e-19,1087,1071,16
1741,vgg16_dim_1741,1.0595737221206688e-18,6.351086255491067e-19,1071,1072,-1
1001,vgg16_dim_1001,8.080837638793716e-19,5.537934626126939e-19,1075,1073,2
355,vgg16_dim_355,8.275640884463437e-19,5.308073136126948e-19,1073,1074,-1
952,vgg16_dim_952,8.365417777553131e-19,5.197792768092271e-19,1072,1075,-3
2635,vgg16_dim_2635,3.1650081185797233e-19,4.921427508439103e-19,1090,1076,14
2067,vgg16_dim_2067,2.5015993019552385e-19,4.591915083468019e-19,1096,1077,19
2266,vgg16_dim_2266,7.163806232751091e-19,4.538767918150102e-19,1077,1078,-1
1675,vgg16_dim_1675,2.5417294585087416e-19,4.336808689942018e-19,1095,1079,16
1130,vgg16_dim_1130,8.229663190812137e-19,4.315549823814851e-19,1074,1080,-6
3732,vgg16_dim_3732,7.609594943265435e-19,4.2730320915605177e-19,1076,1081,-5
2472,vgg16_dim_2472,6.678116680863549e-19,4.161423044392892e-19,1079,1082,-3
2604,vgg16_dim_2604,6.697837786369842e-19,4.0710728633524333e-19,1078,1083,-5
901,vgg16_dim_901,6.147481353636083e-19,3.51037026924841e-19,1081,1084,-3
937,vgg16_dim_937,2.0750730665865756e-19,3.406733296878472e-19,1099,1085,14
4128,average_paragraph_word_count,1.9279673784204481e-19,3.380159714219514e-19,1100,1086,14
4077,vgg16_dim_4077,1.8056277297273397e-19,3.1755431277455336e-19,1102,1087,15
1379,vgg16_dim_1379,5.008472853057509e-19,3.002814840462304e-19,1082,1088,-6
1107,vgg16_dim_1107,1.5373862975647089e-19,2.9430242794796473e-19,1108,1089,19
1003,vgg16_dim_1003,1.5332012955241292e-19,2.7530231634680944e-19,1109,1090,19
706,vgg16_dim_706,1.7106912450807664e-19,2.6892465650865944e-19,1104,1091,13
2758,vgg16_dim_2758,6.203276603444222e-19,2.5869382718496045e-19,1080,1092,-12
732,vgg16_dim_732,4.0889476444290587e-19,2.5122000706212835e-19,1084,1093,-9
352,vgg16_dim_352,4.589972648999546e-19,2.4022518723698433e-19,1083,1094,-11
1549,vgg16_dim_1549,1.323048264972694e-19,2.3766747990605955e-19,1114,1095,19
3765,vgg16_dim_3765,1.629399013662384e-19,2.226866226820717e-19,1105,1096,9
1197,vgg16_dim_1197,3.2497400777026917e-19,2.162425288872743e-19,1089,1097,-8
3493,vgg16_dim_3493,3.0904233561852838e-19,2.0753968056646544e-19,1091,1098,-7
2347,vgg16_dim_2347,2.957707195583341e-19,2.0036481324854666e-19,1092,1099,-7
3053,vgg16_dim_3053,3.2883796855842075e-19,1.907983234913216e-19,1088,1100,-12
1374,vgg16_dim_1374,3.72728894068938e-19,1.8382275804334503e-19,1085,1101,-16
619,vgg16_dim_619,3.7047013954292655e-19,1.7937168294796947e-19,1086,1102,-16
3884,vgg16_dim_3884,2.8597179525989477e-19,1.764984143229696e-19,1093,1103,-10
2179,vgg16_dim_2179,1.4547755038595685e-19,1.466861762774506e-19,1112,1104,8
3878,vgg16_dim_3878,8.735761793746889e-20,1.3525953573409847e-19,1124,1105,19
3736,vgg16_dim_3736,2.622219086796054e-19,1.310077625086651e-19,1094,1106,-12
2902,vgg16_dim_2902,6.58134567477453e-20,1.2715459302311615e-19,1127,1107,20
3964,vgg16_dim_3964,1.8282152749874543e-19,1.2476297058380988e-19,1101,1108,-7
2005,vgg16_dim_2005,1.1649211159531223e-19,1.243643668439255e-19,1116,1109,7
3898,vgg16_dim_3898,1.2928789865637212e-19,1.22769951884388e-19,1115,1110,5
334,vgg16_dim_334,1.4616549592687405e-19,1.1532934873987964e-19,1111,1111,0
36,vgg16_dim_36,2.221605466801939e-19,1.1263877349566009e-19,1097,1112,-15
526,vgg16_dim_526,2.1063889208970773e-19,1.110111415577989e-19,1098,1113,-15
2456,vgg16_dim_2456,1.7356865997340912e-19,1.0523138732947543e-19,1103,1114,-11
3028,vgg16_dim_3028,9.744175299141348e-20,9.818938792485144e-20,1120,1115,5
3389,vgg16_dim_3389,1.5043075828056068e-19,9.672784087860873e-20,1110,1116,-6
3368,vgg16_dim_3368,8.844686504392112e-20,9.593063339883997e-20,1123,1117,6
2970,vgg16_dim_2970,1.584109265552002e-19,9.566489757225039e-20,1107,1118,-11
3832,vgg16_dim_3832,5.725426764283383e-20,9.247606765317537e-20,1132,1119,13
3947,vgg16_dim_3947,1.5859437869944477e-19,9.114738852022746e-20,1106,1120,-14
1028,vgg16_dim_1028,1.0611559968647783e-19,8.928723773410036e-20,1118,1121,-3
4086,vgg16_dim_4086,9.057949622076444e-20,8.928723773410036e-20,1122,1121,1
4099,text_density_proxy,1.3780265794509937e-19,8.535102580274215e-20,1113,1123,-10
2427,vgg16_dim_2427,9.43861282138396e-20,8.290957789595033e-20,1121,1124,-3
1883,vgg16_dim_1883,4.4716460159617885e-20,8.131516293641283e-20,1137,1125,12
3259,vgg16_dim_3259,7.952650453002812e-20,8.02522196300545e-20,1126,1126,0
2583,vgg16_dim_2583,8.148141644213448e-20,7.566827662138416e-20,1125,1127,-2
163,vgg16_dim_163,4.3684541848242086e-20,6.590248499421693e-20,1138,1128,10
631,vgg16_dim_631,1.1080509512373007e-19,6.48395416878586e-20,1117,1129,-12
1878,vgg16_dim_1878,6.193803020057841e-20,6.351086255491068e-20,1129,1130,-1
3188,vgg16_dim_3188,1.0111652875581285e-19,6.291295694508412e-20,1119,1131,-12
2719,vgg16_dim_2719,3.669042884891724e-20,6.111924011560442e-20,1141,1132,9
612,vgg16_dim_612,5.63771370781644e-20,6.032203263583567e-20,1133,1133,0
1408,vgg16_dim_1408,6.044748152859116e-20,5.846188184970857e-20,1130,1134,-4
3102,vgg16_dim_3102,3.4213824901615324e-20,5.500731610404397e-20,1143,1135,8
1388,vgg16_dim_1388,5.527642421269688e-20,5.3678636971096055e-20,1135,1136,-1
1504,vgg16_dim_1504,5.950728928933765e-20,5.28814294913273e-20,1131,1137,-6
934,vgg16_dim_934,6.2121482344823e-20,4.8895392092483534e-20,1128,1138,-10
1326,vgg16_dim_1326,3.9551135723231256e-20,4.5772996130055916e-20,1140,1139,1
1074,vgg16_dim_1074,2.712225295066054e-20,4.504222260693456e-20,1145,1140,5
3207,vgg16_dim_3207,4.100155423866502e-20,4.039184564161683e-20,1139,1141,-2
2787,vgg16_dim_2787,5.1730638237219487e-20,3.66881525585245e-20,1136,1142,-6
2625,vgg16_dim_2625,5.563186274217077e-20,3.667154406936265e-20,1134,1143,-9
109,vgg16_dim_109,3.2883796855842075e-20,3.0293884231212625e-20,1144,1144,0
1730,vgg16_dim_1730,1.5570500742759255e-20,2.657358265895844e-20,1148,1145,3
1516,vgg16_dim_1516,2.3206696246940155e-20,2.4447696046241767e-20,1146,1146,0
871,vgg16_dim_871,1.394236296258855e-20,2.371692252312041e-20,1151,1147,4
1565,vgg16_dim_1565,1.8643324158856073e-20,2.3119016913293844e-20,1147,1148,-1
3684,vgg16_dim_3684,1.0886738185014662e-20,2.285328108670426e-20,1152,1149,3
528,vgg16_dim_528,3.518268153840705e-20,1.826933807803393e-20,1142,1150,-8
4074,vgg16_dim_4074,1.403122259495702e-20,1.5744847725432878e-20,1150,1151,-1
2495,vgg16_dim_2495,5.595290399459879e-21,1.0097961410404208e-20,1157,1152,5
1377,vgg16_dim_1377,5.774442884073733e-21,9.765791627167227e-21,1156,1153,3
2432,vgg16_dim_2432,2.9581658259439523e-21,8.902150190751078e-21,1163,1154,9
890,vgg16_dim_890,1.0066936415421667e-20,7.706338971097948e-21,1153,1155,-2
1440,vgg16_dim_1440,1.4360863166646512e-20,7.307735231213571e-21,1149,1156,-7
335,vgg16_dim_335,7.352417968552556e-21,6.676612643063309e-21,1154,1157,-3
1863,vgg16_dim_1863,6.882321848925805e-21,4.882895813583614e-21,1155,1158,-3
4119,alt_text_coverage,5.343043701123573e-21,4.6503769653177274e-21,1158,1159,-1
3992,vgg16_dim_3992,2.774713681699366e-21,4.384641138728143e-21,1164,1160,4
3105,vgg16_dim_3105,3.373799590248093e-21,3.3549148106935034e-21,1162,1161,1
766,vgg16_dim_766,1.98644274939841e-21,3.188829919075013e-21,1166,1162,4
3484,vgg16_dim_3484,4.774055409989974e-21,3.0642662503611454e-21,1160,1163,-3
899,vgg16_dim_899,1.0706152480523897e-21,2.9230940924854288e-21,1170,1164,6
2147,vgg16_dim_2147,1.1179115039904471e-21,2.026235677745581e-21,1169,1165,4
2407,vgg16_dim_2407,1.1408430220210203e-21,1.926584742774487e-21,1168,1166,2
2065,vgg16_dim_2065,4.652231720452553e-21,1.893367764450789e-21,1161,1167,-6
2376,vgg16_dim_2376,1.0462505101449057e-21,1.793716829479695e-21,1172,1168,4
1265,vgg16_dim_1265,5.119461400325483e-21,1.760499851155997e-21,1159,1169,-10
1330,vgg16_dim_1330,2.013673927059716e-21,1.4615470462427144e-21,1165,1170,-5
2517,vgg16_dim_2517,4.0345139535039856e-22,1.0795517955201866e-21,1176,1171,5
2578,vgg16_dim_2578,4.872947581496821e-22,1.0297263280346395e-21,1175,1172,3
2918,vgg16_dim_2918,1.051983389652549e-21,9.965093497109416e-22,1171,1173,-2
587,vgg16_dim_587,1.3171290668810524e-21,7.141650339595081e-22,1167,1174,-7
1858,vgg16_dim_1858,6.682387676096744e-22,6.31122588150263e-22,1173,1175,-2
2742,vgg16_dim_2742,5.962194687949052e-22,5.314716531791688e-22,1174,1176,-2
1873,vgg16_dim_1873,1.7915248461385371e-22,3.653867615606786e-22,1178,1177,1
155,vgg16_dim_155,3.998683456581215e-22,3.4877827239882953e-22,1177,1178,-1
4121,empty_heading_count,0.0,0.0,2654,2654,0
4122,has_main_landmark,0.0,0.0,2654,2654,0
4123,has_nav_landmark,0.0,0.0,2654,2654,0
4127,unlabelled_input_ratio,0.0,0.0,2654,2654,0
4114,num_aria_label,0.0,0.0,2654,2654,0
4115,num_aria_labelledby,0.0,0.0,2654,2654,0
4117,num_aria_live,0.0,0.0,2654,2654,0
4105,num_buttons,0.0,0.0,2654,2654,0
4107,num_paragraphs,0.0,0.0,2654,2654,0
4108,num_headings,0.0,0.0,2654,2654,0
4097,contrast,0.0,0.0,2654,2654,0
4101,whitespace_ratio,0.0,0.0,2654,2654,0
4102,dom_depth,0.0,0.0,2654,2654,0
24,vgg16_dim_24,0.0,0.0,2654,2654,0
25,vgg16_dim_25,0.0,0.0,2654,2654,0
26,vgg16_dim_26,0.0,0.0,2654,2654,0
27,vgg16_dim_27,0.0,0.0,2654,2654,0
28,vgg16_dim_28,0.0,0.0,2654,2654,0
29,vgg16_dim_29,0.0,0.0,2654,2654,0
30,vgg16_dim_30,0.0,0.0,2654,2654,0
31,vgg16_dim_31,0.0,0.0,2654,2654,0
16,vgg16_dim_16,0.0,0.0,2654,2654,0
17,vgg16_dim_17,0.0,0.0,2654,2654,0
18,vgg16_dim_18,0.0,0.0,2654,2654,0
19,vgg16_dim_19,0.0,0.0,2654,2654,0
20,vgg16_dim_20,0.0,0.0,2654,2654,0
21,vgg16_dim_21,0.0,0.0,2654,2654,0
22,vgg16_dim_22,0.0,0.0,2654,2654,0
23,vgg16_dim_23,0.0,0.0,2654,2654,0
8,vgg16_dim_8,0.0,0.0,2654,2654,0
9,vgg16_dim_9,0.0,0.0,2654,2654,0
10,vgg16_dim_10,0.0,0.0,2654,2654,0
11,vgg16_dim_11,0.0,0.0,2654,2654,0
12,vgg16_dim_12,0.0,0.0,2654,2654,0
13,vgg16_dim_13,0.0,0.0,2654,2654,0
14,vgg16_dim_14,0.0,0.0,2654,2654,0
15,vgg16_dim_15,0.0,0.0,2654,2654,0
2,vgg16_dim_2,0.0,0.0,2654,2654,0
3,vgg16_dim_3,0.0,0.0,2654,2654,0
4,vgg16_dim_4,0.0,0.0,2654,2654,0
5,vgg16_dim_5,0.0,0.0,2654,2654,0
6,vgg16_dim_6,0.0,0.0,2654,2654,0
1208,vgg16_dim_1208,0.0,0.0,2654,2654,0
1209,vgg16_dim_1209,0.0,0.0,2654,2654,0
1210,vgg16_dim_1210,0.0,0.0,2654,2654,0
1211,vgg16_dim_1211,0.0,0.0,2654,2654,0
1212,vgg16_dim_1212,0.0,0.0,2654,2654,0
1213,vgg16_dim_1213,0.0,0.0,2654,2654,0
1214,vgg16_dim_1214,0.0,0.0,2654,2654,0
1202,vgg16_dim_1202,0.0,0.0,2654,2654,0
1203,vgg16_dim_1203,0.0,0.0,2654,2654,0
1204,vgg16_dim_1204,0.0,0.0,2654,2654,0
1205,vgg16_dim_1205,0.0,0.0,2654,2654,0
1206,vgg16_dim_1206,0.0,0.0,2654,2654,0
1207,vgg16_dim_1207,0.0,0.0,2654,2654,0
1192,vgg16_dim_1192,0.0,0.0,2654,2654,0
1193,vgg16_dim_1193,0.0,0.0,2654,2654,0
1194,vgg16_dim_1194,0.0,0.0,2654,2654,0
1195,vgg16_dim_1195,0.0,0.0,2654,2654,0
1196,vgg16_dim_1196,0.0,0.0,2654,2654,0
1199,vgg16_dim_1199,0.0,0.0,2654,2654,0
1186,vgg16_dim_1186,0.0,0.0,2654,2654,0
1187,vgg16_dim_1187,0.0,0.0,2654,2654,0
1188,vgg16_dim_1188,0.0,0.0,2654,2654,0
1189,vgg16_dim_1189,0.0,0.0,2654,2654,0
1191,vgg16_dim_1191,0.0,0.0,2654,2654,0
1240,vgg16_dim_1240,0.0,0.0,2654,2654,0
1243,vgg16_dim_1243,0.0,0.0,2654,2654,0
1244,vgg16_dim_1244,0.0,0.0,2654,2654,0
1245,vgg16_dim_1245,0.0,0.0,2654,2654,0
1247,vgg16_dim_1247,0.0,0.0,2654,2654,0
1232,vgg16_dim_1232,0.0,0.0,2654,2654,0
1234,vgg16_dim_1234,0.0,0.0,2654,2654,0
1236,vgg16_dim_1236,0.0,0.0,2654,2654,0
1238,vgg16_dim_1238,0.0,0.0,2654,2654,0
1239,vgg16_dim_1239,0.0,0.0,2654,2654,0
1224,vgg16_dim_1224,0.0,0.0,2654,2654,0
1225,vgg16_dim_1225,0.0,0.0,2654,2654,0
1226,vgg16_dim_1226,0.0,0.0,2654,2654,0
1227,vgg16_dim_1227,0.0,0.0,2654,2654,0
1229,vgg16_dim_1229,0.0,0.0,2654,2654,0
1230,vgg16_dim_1230,0.0,0.0,2654,2654,0
1231,vgg16_dim_1231,0.0,0.0,2654,2654,0
1216,vgg16_dim_1216,0.0,0.0,2654,2654,0
1217,vgg16_dim_1217,0.0,0.0,2654,2654,0
1218,vgg16_dim_1218,0.0,0.0,2654,2654,0
1219,vgg16_dim_1219,0.0,0.0,2654,2654,0
1220,vgg16_dim_1220,0.0,0.0,2654,2654,0
1221,vgg16_dim_1221,0.0,0.0,2654,2654,0
1223,vgg16_dim_1223,0.0,0.0,2654,2654,0
1176,vgg16_dim_1176,0.0,0.0,2654,2654,0
1177,vgg16_dim_1177,0.0,0.0,2654,2654,0
1178,vgg16_dim_1178,0.0,0.0,2654,2654,0
1179,vgg16_dim_1179,0.0,0.0,2654,2654,0
1180,vgg16_dim_1180,0.0,0.0,2654,2654,0
1183,vgg16_dim_1183,0.0,0.0,2654,2654,0
1168,vgg16_dim_1168,0.0,0.0,2654,2654,0
1169,vgg16_dim_1169,0.0,0.0,2654,2654,0
1173,vgg16_dim_1173,0.0,0.0,2654,2654,0
1161,vgg16_dim_1161,0.0,0.0,2654,2654,0
1162,vgg16_dim_1162,0.0,0.0,2654,2654,0
1163,vgg16_dim_1163,0.0,0.0,2654,2654,0
1164,vgg16_dim_1164,0.0,0.0,2654,2654,0
1165,vgg16_dim_1165,0.0,0.0,2654,2654,0
1167,vgg16_dim_1167,0.0,0.0,2654,2654,0
1152,vgg16_dim_1152,0.0,0.0,2654,2654,0
1153,vgg16_dim_1153,0.0,0.0,2654,2654,0
1156,vgg16_dim_1156,0.0,0.0,2654,2654,0
1158,vgg16_dim_1158,0.0,0.0,2654,2654,0
1159,vgg16_dim_1159,0.0,0.0,2654,2654,0
1272,vgg16_dim_1272,0.0,0.0,2654,2654,0
1274,vgg16_dim_1274,0.0,0.0,2654,2654,0
1275,vgg16_dim_1275,0.0,0.0,2654,2654,0
1276,vgg16_dim_1276,0.0,0.0,2654,2654,0
1277,vgg16_dim_1277,0.0,0.0,2654,2654,0
1279,vgg16_dim_1279,0.0,0.0,2654,2654,0
1264,vgg16_dim_1264,0.0,0.0,2654,2654,0
1267,vgg16_dim_1267,0.0,0.0,2654,2654,0
1270,vgg16_dim_1270,0.0,0.0,2654,2654,0
1271,vgg16_dim_1271,0.0,0.0,2654,2654,0
1256,vgg16_dim_1256,0.0,0.0,2654,2654,0
1257,vgg16_dim_1257,0.0,0.0,2654,2654,0
1258,vgg16_dim_1258,0.0,0.0,2654,2654,0
1259,vgg16_dim_1259,0.0,0.0,2654,2654,0
1260,vgg16_dim_1260,0.0,0.0,2654,2654,0
1262,vgg16_dim_1262,0.0,0.0,2654,2654,0
1263,vgg16_dim_1263,0.0,0.0,2654,2654,0
1249,vgg16_dim_1249,0.0,0.0,2654,2654,0
1253,vgg16_dim_1253,0.0,0.0,2654,2654,0
1255,vgg16_dim_1255,0.0,0.0,2654,2654,0
1304,vgg16_dim_1304,0.0,0.0,2654,2654,0
1305,vgg16_dim_1305,0.0,0.0,2654,2654,0
1306,vgg16_dim_1306,0.0,0.0,2654,2654,0
1307,vgg16_dim_1307,0.0,0.0,2654,2654,0
1309,vgg16_dim_1309,0.0,0.0,2654,2654,0
1310,vgg16_dim_1310,0.0,0.0,2654,2654,0
1296,vgg16_dim_1296,0.0,0.0,2654,2654,0
1297,vgg16_dim_1297,0.0,0.0,2654,2654,0
1298,vgg16_dim_1298,0.0,0.0,2654,2654,0
1299,vgg16_dim_1299,0.0,0.0,2654,2654,0
1300,vgg16_dim_1300,0.0,0.0,2654,2654,0
1301,vgg16_dim_1301,0.0,0.0,2654,2654,0
1302,vgg16_dim_1302,0.0,0.0,2654,2654,0
1303,vgg16_dim_1303,0.0,0.0,2654,2654,0
1288,vgg16_dim_1288,0.0,0.0,2654,2654,0
1289,vgg16_dim_1289,0.0,0.0,2654,2654,0
1290,vgg16_dim_1290,0.0,0.0,2654,2654,0
1293,vgg16_dim_1293,0.0,0.0,2654,2654,0
1294,vgg16_dim_1294,0.0,0.0,2654,2654,0
1295,vgg16_dim_1295,0.0,0.0,2654,2654,0
1280,vgg16_dim_1280,0.0,0.0,2654,2654,0
1281,vgg16_dim_1281,0.0,0.0,2654,2654,0
1282,vgg16_dim_1282,0.0,0.0,2654,2654,0
1283,vgg16_dim_1283,0.0,0.0,2654,2654,0
1284,vgg16_dim_1284,0.0,0.0,2654,2654,0
1285,vgg16_dim_1285,0.0,0.0,2654,2654,0
1287,vgg16_dim_1287,0.0,0.0,2654,2654,0
1336,vgg16_dim_1336,0.0,0.0,2654,2654,0
1337,vgg16_dim_1337,0.0,0.0,2654,2654,0
1338,vgg16_dim_1338,0.0,0.0,2654,2654,0
1339,vgg16_dim_1339,0.0,0.0,2654,2654,0
1340,vgg16_dim_1340,0.0,0.0,2654,2654,0
1341,vgg16_dim_1341,0.0,0.0,2654,2654,0
1342,vgg16_dim_1342,0.0,0.0,2654,2654,0
1343,vgg16_dim_1343,0.0,0.0,2654,2654,0
1328,vgg16_dim_1328,0.0,0.0,2654,2654,0
1329,vgg16_dim_1329,0.0,0.0,2654,2654,0
1331,vgg16_dim_1331,0.0,0.0,2654,2654,0
1332,vgg16_dim_1332,0.0,0.0,2654,2654,0
1334,vgg16_dim_1334,0.0,0.0,2654,2654,0
1335,vgg16_dim_1335,0.0,0.0,2654,2654,0
1320,vgg16_dim_1320,0.0,0.0,2654,2654,0
1322,vgg16_dim_1322,0.0,0.0,2654,2654,0
1323,vgg16_dim_1323,0.0,0.0,2654,2654,0
1324,vgg16_dim_1324,0.0,0.0,2654,2654,0
1325,vgg16_dim_1325,0.0,0.0,2654,2654,0
1327,vgg16_dim_1327,0.0,0.0,2654,2654,0
1314,vgg16_dim_1314,0.0,0.0,2654,2654,0
1315,vgg16_dim_1315,0.0,0.0,2654,2654,0
1316,vgg16_dim_1316,0.0,0.0,2654,2654,0
1144,vgg16_dim_1144,0.0,0.0,2654,2654,0
1145,vgg16_dim_1145,0.0,0.0,2654,2654,0
1146,vgg16_dim_1146,0.0,0.0,2654,2654,0
1147,vgg16_dim_1147,0.0,0.0,2654,2654,0
1148,vgg16_dim_1148,0.0,0.0,2654,2654,0
1149,vgg16_dim_1149,0.0,0.0,2654,2654,0
1150,vgg16_dim_1150,0.0,0.0,2654,2654,0
1151,vgg16_dim_1151,0.0,0.0,2654,2654,0
1136,vgg16_dim_1136,0.0,0.0,2654,2654,0
1137,vgg16_dim_1137,0.0,0.0,2654,2654,0
1138,vgg16_dim_1138,0.0,0.0,2654,2654,0
1140,vgg16_dim_1140,0.0,0.0,2654,2654,0
1142,vgg16_dim_1142,0.0,0.0,2654,2654,0
1128,vgg16_dim_1128,0.0,0.0,2654,2654,0
1129,vgg16_dim_1129,0.0,0.0,2654,2654,0
1131,vgg16_dim_1131,0.0,0.0,2654,2654,0
1132,vgg16_dim_1132,0.0,0.0,2654,2654,0
1133,vgg16_dim_1133,0.0,0.0,2654,2654,0
1134,vgg16_dim_1134,0.0,0.0,2654,2654,0
1135,vgg16_dim_1135,0.0,0.0,2654,2654,0
1120,vgg16_dim_1120,0.0,0.0,2654,2654,0
1121,vgg16_dim_1121,0.0,0.0,2654,2654,0
1124,vgg16_dim_1124,0.0,0.0,2654,2654,0
1125,vgg16_dim_1125,0.0,0.0,2654,2654,0
1127,vgg16_dim_1127,0.0,0.0,2654,2654,0
1369,vgg16_dim_1369,0.0,0.0,2654,2654,0
1371,vgg16_dim_1371,0.0,0.0,2654,2654,0
1373,vgg16_dim_1373,0.0,0.0,2654,2654,0
1375,vgg16_dim_1375,0.0,0.0,2654,2654,0
1360,vgg16_dim_1360,0.0,0.0,2654,2654,0
1361,vgg16_dim_1361,0.0,0.0,2654,2654,0
1362,vgg16_dim_1362,0.0,0.0,2654,2654,0
1363,vgg16_dim_1363,0.0,0.0,2654,2654,0
1365,vgg16_dim_1365,0.0,0.0,2654,2654,0
1352,vgg16_dim_1352,0.0,0.0,2654,2654,0
1353,vgg16_dim_1353,0.0,0.0,2654,2654,0
1354,vgg16_dim_1354,0.0,0.0,2654,2654,0
1355,vgg16_dim_1355,0.0,0.0,2654,2654,0
1357,vgg16_dim_1357,0.0,0.0,2654,2654,0
1358,vgg16_dim_1358,0.0,0.0,2654,2654,0
1359,vgg16_dim_1359,0.0,0.0,2654,2654,0
1344,vgg16_dim_1344,0.0,0.0,2654,2654,0
1345,vgg16_dim_1345,0.0,0.0,2654,2654,0
1346,vgg16_dim_1346,0.0,0.0,2654,2654,0
1347,vgg16_dim_1347,0.0,0.0,2654,2654,0
1348,vgg16_dim_1348,0.0,0.0,2654,2654,0
1350,vgg16_dim_1350,0.0,0.0,2654,2654,0
1351,vgg16_dim_1351,0.0,0.0,2654,2654,0
1400,vgg16_dim_1400,0.0,0.0,2654,2654,0
1401,vgg16_dim_1401,0.0,0.0,2654,2654,0
1403,vgg16_dim_1403,0.0,0.0,2654,2654,0
1405,vgg16_dim_1405,0.0,0.0,2654,2654,0
1406,vgg16_dim_1406,0.0,0.0,2654,2654,0
1407,vgg16_dim_1407,0.0,0.0,2654,2654,0
1392,vgg16_dim_1392,0.0,0.0,2654,2654,0
1393,vgg16_dim_1393,0.0,0.0,2654,2654,0
1394,vgg16_dim_1394,0.0,0.0,2654,2654,0
1396,vgg16_dim_1396,0.0,0.0,2654,2654,0
1397,vgg16_dim_1397,0.0,0.0,2654,2654,0
1399,vgg16_dim_1399,0.0,0.0,2654,2654,0
1384,vgg16_dim_1384,0.0,0.0,2654,2654,0
1385,vgg16_dim_1385,0.0,0.0,2654,2654,0
1386,vgg16_dim_1386,0.0,0.0,2654,2654,0
1387,vgg16_dim_1387,0.0,0.0,2654,2654,0
1390,vgg16_dim_1390,0.0,0.0,2654,2654,0
1391,vgg16_dim_1391,0.0,0.0,2654,2654,0
1376,vgg16_dim_1376,0.0,0.0,2654,2654,0
1378,vgg16_dim_1378,0.0,0.0,2654,2654,0
1380,vgg16_dim_1380,0.0,0.0,2654,2654,0
1383,vgg16_dim_1383,0.0,0.0,2654,2654,0
1432,vgg16_dim_1432,0.0,0.0,2654,2654,0
1433,vgg16_dim_1433,0.0,0.0,2654,2654,0
1434,vgg16_dim_1434,0.0,0.0,2654,2654,0
1436,vgg16_dim_1436,0.0,0.0,2654,2654,0
1438,vgg16_dim_1438,0.0,0.0,2654,2654,0
1439,vgg16_dim_1439,0.0,0.0,2654,2654,0
1424,vgg16_dim_1424,0.0,0.0,2654,2654,0
1425,vgg16_dim_1425,0.0,0.0,2654,2654,0
1427,vgg16_dim_1427,0.0,0.0,2654,2654,0
1428,vgg16_dim_1428,0.0,0.0,2654,2654,0
1429,vgg16_dim_1429,0.0,0.0,2654,2654,0
1430,vgg16_dim_1430,0.0,0.0,2654,2654,0
1431,vgg16_dim_1431,0.0,0.0,2654,2654,0
1417,vgg16_dim_1417,0.0,0.0,2654,2654,0
1418,vgg16_dim_1418,0.0,0.0,2654,2654,0
1421,vgg16_dim_1421,0.0,0.0,2654,2654,0
1422,vgg16_dim_1422,0.0,0.0,2654,2654,0
1423,vgg16_dim_1423,0.0,0.0,2654,2654,0
1409,vgg16_dim_1409,0.0,0.0,2654,2654,0
1410,vgg16_dim_1410,0.0,0.0,2654,2654,0
1411,vgg16_dim_1411,0.0,0.0,2654,2654,0
1413,vgg16_dim_1413,0.0,0.0,2654,2654,0
1415,vgg16_dim_1415,0.0,0.0,2654,2654,0
1112,vgg16_dim_1112,0.0,0.0,2654,2654,0
1113,vgg16_dim_1113,0.0,0.0,2654,2654,0
1115,vgg16_dim_1115,0.0,0.0,2654,2654,0
1117,vgg16_dim_1117,0.0,0.0,2654,2654,0
1118,vgg16_dim_1118,0.0,0.0,2654,2654,0
1119,vgg16_dim_1119,0.0,0.0,2654,2654,0
1104,vgg16_dim_1104,0.0,0.0,2654,2654,0
1105,vgg16_dim_1105,0.0,0.0,2654,2654,0
1106,vgg16_dim_1106,0.0,0.0,2654,2654,0
1108,vgg16_dim_1108,0.0,0.0,2654,2654,0
1109,vgg16_dim_1109,0.0,0.0,2654,2654,0
1096,vgg16_dim_1096,0.0,0.0,2654,2654,0
1097,vgg16_dim_1097,0.0,0.0,2654,2654,0
1098,vgg16_dim_1098,0.0,0.0,2654,2654,0
1099,vgg16_dim_1099,0.0,0.0,2654,2654,0
1100,vgg16_dim_1100,0.0,0.0,2654,2654,0
1103,vgg16_dim_1103,0.0,0.0,2654,2654,0
1088,vgg16_dim_1088,0.0,0.0,2654,2654,0
1089,vgg16_dim_1089,0.0,0.0,2654,2654,0
1090,vgg16_dim_1090,0.0,0.0,2654,2654,0
1091,vgg16_dim_1091,0.0,0.0,2654,2654,0
1092,vgg16_dim_1092,0.0,0.0,2654,2654,0
1093,vgg16_dim_1093,0.0,0.0,2654,2654,0
1095,vgg16_dim_1095,0.0,0.0,2654,2654,0
1464,vgg16_dim_1464,0.0,0.0,2654,2654,0
1465,vgg16_dim_1465,0.0,0.0,2654,2654,0
1466,vgg16_dim_1466,0.0,0.0,2654,2654,0
1467,vgg16_dim_1467,0.0,0.0,2654,2654,0
1468,vgg16_dim_1468,0.0,0.0,2654,2654,0
1457,vgg16_dim_1457,0.0,0.0,2654,2654,0
1458,vgg16_dim_1458,0.0,0.0,2654,2654,0
1459,vgg16_dim_1459,0.0,0.0,2654,2654,0
1460,vgg16_dim_1460,0.0,0.0,2654,2654,0
1461,vgg16_dim_1461,0.0,0.0,2654,2654,0
1462,vgg16_dim_1462,0.0,0.0,2654,2654,0
1463,vgg16_dim_1463,0.0,0.0,2654,2654,0
1448,vgg16_dim_1448,0.0,0.0,2654,2654,0
1449,vgg16_dim_1449,0.0,0.0,2654,2654,0
1450,vgg16_dim_1450,0.0,0.0,2654,2654,0
1452,vgg16_dim_1452,0.0,0.0,2654,2654,0
1453,vgg16_dim_1453,0.0,0.0,2654,2654,0
1455,vgg16_dim_1455,0.0,0.0,2654,2654,0
1441,vgg16_dim_1441,0.0,0.0,2654,2654,0
1442,vgg16_dim_1442,0.0,0.0,2654,2654,0
1443,vgg16_dim_1443,0.0,0.0,2654,2654,0
1445,vgg16_dim_1445,0.0,0.0,2654,2654,0
1446,vgg16_dim_1446,0.0,0.0,2654,2654,0
1447,vgg16_dim_1447,0.0,0.0,2654,2654,0
1497,vgg16_dim_1497,0.0,0.0,2654,2654,0
1498,vgg16_dim_1498,0.0,0.0,2654,2654,0
1499,vgg16_dim_1499,0.0,0.0,2654,2654,0
1501,vgg16_dim_1501,0.0,0.0,2654,2654,0
1488,vgg16_dim_1488,0.0,0.0,2654,2654,0
1489,vgg16_dim_1489,0.0,0.0,2654,2654,0
1490,vgg16_dim_1490,0.0,0.0,2654,2654,0
1491,vgg16_dim_1491,0.0,0.0,2654,2654,0
1492,vgg16_dim_1492,0.0,0.0,2654,2654,0
1493,vgg16_dim_1493,0.0,0.0,2654,2654,0
1494,vgg16_dim_1494,0.0,0.0,2654,2654,0
1480,vgg16_dim_1480,0.0,0.0,2654,2654,0
1481,vgg16_dim_1481,0.0,0.0,2654,2654,0
1483,vgg16_dim_1483,0.0,0.0,2654,2654,0
1484,vgg16_dim_1484,0.0,0.0,2654,2654,0
1486,vgg16_dim_1486,0.0,0.0,2654,2654,0
1472,vgg16_dim_1472,0.0,0.0,2654,2654,0
1474,vgg16_dim_1474,0.0,0.0,2654,2654,0
1477,vgg16_dim_1477,0.0,0.0,2654,2654,0
1478,vgg16_dim_1478,0.0,0.0,2654,2654,0
1479,vgg16_dim_1479,0.0,0.0,2654,2654,0
1080,vgg16_dim_1080,0.0,0.0,2654,2654,0
1081,vgg16_dim_1081,0.0,0.0,2654,2654,0
1085,vgg16_dim_1085,0.0,0.0,2654,2654,0
1087,vgg16_dim_1087,0.0,0.0,2654,2654,0
1073,vgg16_dim_1073,0.0,0.0,2654,2654,0
1076,vgg16_dim_1076,0.0,0.0,2654,2654,0
1077,vgg16_dim_1077,0.0,0.0,2654,2654,0
1078,vgg16_dim_1078,0.0,0.0,2654,2654,0
1079,vgg16_dim_1079,0.0,0.0,2654,2654,0
1066,vgg16_dim_1066,0.0,0.0,2654,2654,0
1067,vgg16_dim_1067,0.0,0.0,2654,2654,0
1068,vgg16_dim_1068,0.0,0.0,2654,2654,0
1070,vgg16_dim_1070,0.0,0.0,2654,2654,0
1056,vgg16_dim_1056,0.0,0.0,2654,2654,0
1057,vgg16_dim_1057,0.0,0.0,2654,2654,0
1058,vgg16_dim_1058,0.0,0.0,2654,2654,0
1059,vgg16_dim_1059,0.0,0.0,2654,2654,0
1060,vgg16_dim_1060,0.0,0.0,2654,2654,0
1062,vgg16_dim_1062,0.0,0.0,2654,2654,0
1063,vgg16_dim_1063,0.0,0.0,2654,2654,0
1528,vgg16_dim_1528,0.0,0.0,2654,2654,0
1529,vgg16_dim_1529,0.0,0.0,2654,2654,0
1531,vgg16_dim_1531,0.0,0.0,2654,2654,0
1533,vgg16_dim_1533,0.0,0.0,2654,2654,0
1534,vgg16_dim_1534,0.0,0.0,2654,2654,0
1535,vgg16_dim_1535,0.0,0.0,2654,2654,0
1520,vgg16_dim_1520,0.0,0.0,2654,2654,0
1521,vgg16_dim_1521,0.0,0.0,2654,2654,0
1522,vgg16_dim_1522,0.0,0.0,2654,2654,0
1523,vgg16_dim_1523,0.0,0.0,2654,2654,0
1525,vgg16_dim_1525,0.0,0.0,2654,2654,0
1526,vgg16_dim_1526,0.0,0.0,2654,2654,0
1527,vgg16_dim_1527,0.0,0.0,2654,2654,0
1512,vgg16_dim_1512,0.0,0.0,2654,2654,0
1513,vgg16_dim_1513,0.0,0.0,2654,2654,0
1514,vgg16_dim_1514,0.0,0.0,2654,2654,0
1515,vgg16_dim_1515,0.0,0.0,2654,2654,0
1517,vgg16_dim_1517,0.0,0.0,2654,2654,0
1518,vgg16_dim_1518,0.0,0.0,2654,2654,0
1519,vgg16_dim_1519,0.0,0.0,2654,2654,0
1505,vgg16_dim_1505,0.0,0.0,2654,2654,0
1506,vgg16_dim_1506,0.0,0.0,2654,2654,0
1508,vgg16_dim_1508,0.0,0.0,2654,2654,0
1510,vgg16_dim_1510,0.0,0.0,2654,2654,0
1511,vgg16_dim_1511,0.0,0.0,2654,2654,0
1560,vgg16_dim_1560,0.0,0.0,2654,2654,0
1561,vgg16_dim_1561,0.0,0.0,2654,2654,0
1564,vgg16_dim_1564,0.0,0.0,2654,2654,0
1566,vgg16_dim_1566,0.0,0.0,2654,2654,0
1567,vgg16_dim_1567,0.0,0.0,2654,2654,0
1552,vgg16_dim_1552,0.0,0.0,2654,2654,0
1553,vgg16_dim_1553,0.0,0.0,2654,2654,0
1555,vgg16_dim_1555,0.0,0.0,2654,2654,0
1556,vgg16_dim_1556,0.0,0.0,2654,2654,0
1557,vgg16_dim_1557,0.0,0.0,2654,2654,0
1558,vgg16_dim_1558,0.0,0.0,2654,2654,0
1544,vgg16_dim_1544,0.0,0.0,2654,2654,0
1545,vgg16_dim_1545,0.0,0.0,2654,2654,0
1546,vgg16_dim_1546,0.0,0.0,2654,2654,0
1547,vgg16_dim_1547,0.0,0.0,2654,2654,0
1548,vgg16_dim_1548,0.0,0.0,2654,2654,0
1551,vgg16_dim_1551,0.0,0.0,2654,2654,0
1536,vgg16_dim_1536,0.0,0.0,2654,2654,0
1537,vgg16_dim_1537,0.0,0.0,2654,2654,0
1538,vgg16_dim_1538,0.0,0.0,2654,2654,0
1539,vgg16_dim_1539,0.0,0.0,2654,2654,0
1541,vgg16_dim_1541,0.0,0.0,2654,2654,0
1542,vgg16_dim_1542,0.0,0.0,2654,2654,0
1593,vgg16_dim_1593,0.0,0.0,2654,2654,0
1594,vgg16_dim_1594,0.0,0.0,2654,2654,0
1595,vgg16_dim_1595,0.0,0.0,2654,2654,0
1596,vgg16_dim_1596,0.0,0.0,2654,2654,0
1597,vgg16_dim_1597,0.0,0.0,2654,2654,0
1584,vgg16_dim_1584,0.0,0.0,2654,2654,0
1586,vgg16_dim_1586,0.0,0.0,2654,2654,0
1589,vgg16_dim_1589,0.0,0.0,2654,2654,0
1590,vgg16_dim_1590,0.0,0.0,2654,2654,0
1591,vgg16_dim_1591,0.0,0.0,2654,2654,0
1576,vgg16_dim_1576,0.0,0.0,2654,2654,0
1577,vgg16_dim_1577,0.0,0.0,2654,2654,0
1578,vgg16_dim_1578,0.0,0.0,2654,2654,0
1580,vgg16_dim_1580,0.0,0.0,2654,2654,0
1581,vgg16_dim_1581,0.0,0.0,2654,2654,0
1582,vgg16_dim_1582,0.0,0.0,2654,2654,0
1583,vgg16_dim_1583,0.0,0.0,2654,2654,0
1568,vgg16_dim_1568,0.0,0.0,2654,2654,0
1569,vgg16_dim_1569,0.0,0.0,2654,2654,0
1570,vgg16_dim_1570,0.0,0.0,2654,2654,0
1571,vgg16_dim_1571,0.0,0.0,2654,2654,0
1572,vgg16_dim_1572,0.0,0.0,2654,2654,0
1574,vgg16_dim_1574,0.0,0.0,2654,2654,0
1575,vgg16_dim_1575,0.0,0.0,2654,2654,0
1625,vgg16_dim_1625,0.0,0.0,2654,2654,0
1626,vgg16_dim_1626,0.0,0.0,2654,2654,0
1628,vgg16_dim_1628,0.0,0.0,2654,2654,0
1629,vgg16_dim_1629,0.0,0.0,2654,2654,0
1631,vgg16_dim_1631,0.0,0.0,2654,2654,0
1616,vgg16_dim_1616,0.0,0.0,2654,2654,0
1617,vgg16_dim_1617,0.0,0.0,2654,2654,0
1618,vgg16_dim_1618,0.0,0.0,2654,2654,0
1619,vgg16_dim_1619,0.0,0.0,2654,2654,0
1620,vgg16_dim_1620,0.0,0.0,2654,2654,0
1621,vgg16_dim_1621,0.0,0.0,2654,2654,0
1622,vgg16_dim_1622,0.0,0.0,2654,2654,0
1623,vgg16_dim_1623,0.0,0.0,2654,2654,0
1608,vgg16_dim_1608,0.0,0.0,2654,2654,0
1609,vgg16_dim_1609,0.0,0.0,2654,2654,0
1610,vgg16_dim_1610,0.0,0.0,2654,2654,0
1611,vgg16_dim_1611,0.0,0.0,2654,2654,0
1612,vgg16_dim_1612,0.0,0.0,2654,2654,0
1613,vgg16_dim_1613,0.0,0.0,2654,2654,0
1614,vgg16_dim_1614,0.0,0.0,2654,2654,0
1615,vgg16_dim_1615,0.0,0.0,2654,2654,0
1600,vgg16_dim_1600,0.0,0.0,2654,2654,0
1601,vgg16_dim_1601,0.0,0.0,2654,2654,0
1602,vgg16_dim_1602,0.0,0.0,2654,2654,0
1605,vgg16_dim_1605,0.0,0.0,2654,2654,0
1606,vgg16_dim_1606,0.0,0.0,2654,2654,0
1607,vgg16_dim_1607,0.0,0.0,2654,2654,0
1050,vgg16_dim_1050,0.0,0.0,2654,2654,0
1051,vgg16_dim_1051,0.0,0.0,2654,2654,0
1052,vgg16_dim_1052,0.0,0.0,2654,2654,0
1053,vgg16_dim_1053,0.0,0.0,2654,2654,0
1055,vgg16_dim_1055,0.0,0.0,2654,2654,0
1040,vgg16_dim_1040,0.0,0.0,2654,2654,0
1041,vgg16_dim_1041,0.0,0.0,2654,2654,0
1042,vgg16_dim_1042,0.0,0.0,2654,2654,0
1043,vgg16_dim_1043,0.0,0.0,2654,2654,0
1044,vgg16_dim_1044,0.0,0.0,2654,2654,0
1045,vgg16_dim_1045,0.0,0.0,2654,2654,0
1047,vgg16_dim_1047,0.0,0.0,2654,2654,0
1032,vgg16_dim_1032,0.0,0.0,2654,2654,0
1033,vgg16_dim_1033,0.0,0.0,2654,2654,0
1034,vgg16_dim_1034,0.0,0.0,2654,2654,0
1036,vgg16_dim_1036,0.0,0.0,2654,2654,0
1037,vgg16_dim_1037,0.0,0.0,2654,2654,0
1038,vgg16_dim_1038,0.0,0.0,2654,2654,0
1039,vgg16_dim_1039,0.0,0.0,2654,2654,0
1024,vgg16_dim_1024,0.0,0.0,2654,2654,0
1025,vgg16_dim_1025,0.0,0.0,2654,2654,0
1026,vgg16_dim_1026,0.0,0.0,2654,2654,0
1027,vgg16_dim_1027,0.0,0.0,2654,2654,0
1030,vgg16_dim_1030,0.0,0.0,2654,2654,0
1031,vgg16_dim_1031,0.0,0.0,2654,2654,0
1656,vgg16_dim_1656,0.0,0.0,2654,2654,0
1657,vgg16_dim_1657,0.0,0.0,2654,2654,0
1658,vgg16_dim_1658,0.0,0.0,2654,2654,0
1659,vgg16_dim_1659,0.0,0.0,2654,2654,0
1660,vgg16_dim_1660,0.0,0.0,2654,2654,0
1662,vgg16_dim_1662,0.0,0.0,2654,2654,0
1648,vgg16_dim_1648,0.0,0.0,2654,2654,0
1650,vgg16_dim_1650,0.0,0.0,2654,2654,0
1651,vgg16_dim_1651,0.0,0.0,2654,2654,0
1652,vgg16_dim_1652,0.0,0.0,2654,2654,0
1653,vgg16_dim_1653,0.0,0.0,2654,2654,0
1654,vgg16_dim_1654,0.0,0.0,2654,2654,0
1655,vgg16_dim_1655,0.0,0.0,2654,2654,0
1643,vgg16_dim_1643,0.0,0.0,2654,2654,0
1646,vgg16_dim_1646,0.0,0.0,2654,2654,0
1647,vgg16_dim_1647,0.0,0.0,2654,2654,0
1633,vgg16_dim_1633,0.0,0.0,2654,2654,0
1634,vgg16_dim_1634,0.0,0.0,2654,2654,0
1636,vgg16_dim_1636,0.0,0.0,2654,2654,0
1637,vgg16_dim_1637,0.0,0.0,2654,2654,0
1638,vgg16_dim_1638,0.0,0.0,2654,2654,0
1639,vgg16_dim_1639,0.0,0.0,2654,2654,0
1688,vgg16_dim_1688,0.0,0.0,2654,2654,0
1689,vgg16_dim_1689,0.0,0.0,2654,2654,0
1691,vgg16_dim_1691,0.0,0.0,2654,2654,0
1692,vgg16_dim_1692,0.0,0.0,2654,2654,0
1693,vgg16_dim_1693,0.0,0.0,2654,2654,0
1694,vgg16_dim_1694,0.0,0.0,2654,2654,0
1695,vgg16_dim_1695,0.0,0.0,2654,2654,0
1681,vgg16_dim_1681,0.0,0.0,2654,2654,0
1683,vgg16_dim_1683,0.0,0.0,2654,2654,0
1684,vgg16_dim_1684,0.0,0.0,2654,2654,0
1685,vgg16_dim_1685,0.0,0.0,2654,2654,0
1686,vgg16_dim_1686,0.0,0.0,2654,2654,0
1687,vgg16_dim_1687,0.0,0.0,2654,2654,0
1672,vgg16_dim_1672,0.0,0.0,2654,2654,0
1674,vgg16_dim_1674,0.0,0.0,2654,2654,0
1676,vgg16_dim_1676,0.0,0.0,2654,2654,0
1677,vgg16_dim_1677,0.0,0.0,2654,2654,0
1678,vgg16_dim_1678,0.0,0.0,2654,2654,0
1679,vgg16_dim_1679,0.0,0.0,2654,2654,0
1664,vgg16_dim_1664,0.0,0.0,2654,2654,0
1665,vgg16_dim_1665,0.0,0.0,2654,2654,0
1666,vgg16_dim_1666,0.0,0.0,2654,2654,0
1668,vgg16_dim_1668,0.0,0.0,2654,2654,0
1671,vgg16_dim_1671,0.0,0.0,2654,2654,0
1016,vgg16_dim_1016,0.0,0.0,2654,2654,0
1019,vgg16_dim_1019,0.0,0.0,2654,2654,0
1020,vgg16_dim_1020,0.0,0.0,2654,2654,0
1022,vgg16_dim_1022,0.0,0.0,2654,2654,0
1023,vgg16_dim_1023,0.0,0.0,2654,2654,0
1008,vgg16_dim_1008,0.0,0.0,2654,2654,0
1009,vgg16_dim_1009,0.0,0.0,2654,2654,0
1010,vgg16_dim_1010,0.0,0.0,2654,2654,0
1012,vgg16_dim_1012,0.0,0.0,2654,2654,0
1013,vgg16_dim_1013,0.0,0.0,2654,2654,0
1014,vgg16_dim_1014,0.0,0.0,2654,2654,0
1002,vgg16_dim_1002,0.0,0.0,2654,2654,0
1006,vgg16_dim_1006,0.0,0.0,2654,2654,0
1007,vgg16_dim_1007,0.0,0.0,2654,2654,0
992,vgg16_dim_992,0.0,0.0,2654,2654,0
993,vgg16_dim_993,0.0,0.0,2654,2654,0
994,vgg16_dim_994,0.0,0.0,2654,2654,0
995,vgg16_dim_995,0.0,0.0,2654,2654,0
996,vgg16_dim_996,0.0,0.0,2654,2654,0
997,vgg16_dim_997,0.0,0.0,2654,2654,0
999,vgg16_dim_999,0.0,0.0,2654,2654,0
1720,vgg16_dim_1720,0.0,0.0,2654,2654,0
1722,vgg16_dim_1722,0.0,0.0,2654,2654,0
1723,vgg16_dim_1723,0.0,0.0,2654,2654,0
1725,vgg16_dim_1725,0.0,0.0,2654,2654,0
1726,vgg16_dim_1726,0.0,0.0,2654,2654,0
1727,vgg16_dim_1727,0.0,0.0,2654,2654,0
1712,vgg16_dim_1712,0.0,0.0,2654,2654,0
1713,vgg16_dim_1713,0.0,0.0,2654,2654,0
1714,vgg16_dim_1714,0.0,0.0,2654,2654,0
1715,vgg16_dim_1715,0.0,0.0,2654,2654,0
1716,vgg16_dim_1716,0.0,0.0,2654,2654,0
1717,vgg16_dim_1717,0.0,0.0,2654,2654,0
1718,vgg16_dim_1718,0.0,0.0,2654,2654,0
1705,vgg16_dim_1705,0.0,0.0,2654,2654,0
1706,vgg16_dim_1706,0.0,0.0,2654,2654,0
1709,vgg16_dim_1709,0.0,0.0,2654,2654,0
1711,vgg16_dim_1711,0.0,0.0,2654,2654,0
1696,vgg16_dim_1696,0.0,0.0,2654,2654,0
1697,vgg16_dim_1697,0.0,0.0,2654,2654,0
1698,vgg16_dim_1698,0.0,0.0,2654,2654,0
1699,vgg16_dim_1699,0.0,0.0,2654,2654,0
1700,vgg16_dim_1700,0.0,0.0,2654,2654,0
1702,vgg16_dim_1702,0.0,0.0,2654,2654,0
1703,vgg16_dim_1703,0.0,0.0,2654,2654,0
1753,vgg16_dim_1753,0.0,0.0,2654,2654,0
1754,vgg16_dim_1754,0.0,0.0,2654,2654,0
1757,vgg16_dim_1757,0.0,0.0,2654,2654,0
1758,vgg16_dim_1758,0.0,0.0,2654,2654,0
1759,vgg16_dim_1759,0.0,0.0,2654,2654,0
1745,vgg16_dim_1745,0.0,0.0,2654,2654,0
1746,vgg16_dim_1746,0.0,0.0,2654,2654,0
1747,vgg16_dim_1747,0.0,0.0,2654,2654,0
1748,vgg16_dim_1748,0.0,0.0,2654,2654,0
1750,vgg16_dim_1750,0.0,0.0,2654,2654,0
1751,vgg16_dim_1751,0.0,0.0,2654,2654,0
1736,vgg16_dim_1736,0.0,0.0,2654,2654,0
1737,vgg16_dim_1737,0.0,0.0,2654,2654,0
1738,vgg16_dim_1738,0.0,0.0,2654,2654,0
1739,vgg16_dim_1739,0.0,0.0,2654,2654,0
1742,vgg16_dim_1742,0.0,0.0,2654,2654,0
1731,vgg16_dim_1731,0.0,0.0,2654,2654,0
1732,vgg16_dim_1732,0.0,0.0,2654,2654,0
1733,vgg16_dim_1733,0.0,0.0,2654,2654,0
1734,vgg16_dim_1734,0.0,0.0,2654,2654,0
984,vgg16_dim_984,0.0,0.0,2654,2654,0
985,vgg16_dim_985,0.0,0.0,2654,2654,0
986,vgg16_dim_986,0.0,0.0,2654,2654,0
987,vgg16_dim_987,0.0,0.0,2654,2654,0
988,vgg16_dim_988,0.0,0.0,2654,2654,0
989,vgg16_dim_989,0.0,0.0,2654,2654,0
991,vgg16_dim_991,0.0,0.0,2654,2654,0
976,vgg16_dim_976,0.0,0.0,2654,2654,0
977,vgg16_dim_977,0.0,0.0,2654,2654,0
979,vgg16_dim_979,0.0,0.0,2654,2654,0
980,vgg16_dim_980,0.0,0.0,2654,2654,0
981,vgg16_dim_981,0.0,0.0,2654,2654,0
982,vgg16_dim_982,0.0,0.0,2654,2654,0
968,vgg16_dim_968,0.0,0.0,2654,2654,0
970,vgg16_dim_970,0.0,0.0,2654,2654,0
972,vgg16_dim_972,0.0,0.0,2654,2654,0
973,vgg16_dim_973,0.0,0.0,2654,2654,0
974,vgg16_dim_974,0.0,0.0,2654,2654,0
961,vgg16_dim_961,0.0,0.0,2654,2654,0
963,vgg16_dim_963,0.0,0.0,2654,2654,0
964,vgg16_dim_964,0.0,0.0,2654,2654,0
1784,vgg16_dim_1784,0.0,0.0,2654,2654,0
1785,vgg16_dim_1785,0.0,0.0,2654,2654,0
1786,vgg16_dim_1786,0.0,0.0,2654,2654,0
1788,vgg16_dim_1788,0.0,0.0,2654,2654,0
1789,vgg16_dim_1789,0.0,0.0,2654,2654,0
1790,vgg16_dim_1790,0.0,0.0,2654,2654,0
1776,vgg16_dim_1776,0.0,0.0,2654,2654,0
1777,vgg16_dim_1777,0.0,0.0,2654,2654,0
1778,vgg16_dim_1778,0.0,0.0,2654,2654,0
1780,vgg16_dim_1780,0.0,0.0,2654,2654,0
1781,vgg16_dim_1781,0.0,0.0,2654,2654,0
1768,vgg16_dim_1768,0.0,0.0,2654,2654,0
1769,vgg16_dim_1769,0.0,0.0,2654,2654,0
1770,vgg16_dim_1770,0.0,0.0,2654,2654,0
1771,vgg16_dim_1771,0.0,0.0,2654,2654,0
1772,vgg16_dim_1772,0.0,0.0,2654,2654,0
1773,vgg16_dim_1773,0.0,0.0,2654,2654,0
1774,vgg16_dim_1774,0.0,0.0,2654,2654,0
1775,vgg16_dim_1775,0.0,0.0,2654,2654,0
1760,vgg16_dim_1760,0.0,0.0,2654,2654,0
1761,vgg16_dim_1761,0.0,0.0,2654,2654,0
1762,vgg16_dim_1762,0.0,0.0,2654,2654,0
1765,vgg16_dim_1765,0.0,0.0,2654,2654,0
1766,vgg16_dim_1766,0.0,0.0,2654,2654,0
1767,vgg16_dim_1767,0.0,0.0,2654,2654,0
1816,vgg16_dim_1816,0.0,0.0,2654,2654,0
1817,vgg16_dim_1817,0.0,0.0,2654,2654,0
1819,vgg16_dim_1819,0.0,0.0,2654,2654,0
1821,vgg16_dim_1821,0.0,0.0,2654,2654,0
1822,vgg16_dim_1822,0.0,0.0,2654,2654,0
1823,vgg16_dim_1823,0.0,0.0,2654,2654,0
1808,vgg16_dim_1808,0.0,0.0,2654,2654,0
1809,vgg16_dim_1809,0.0,0.0,2654,2654,0
1810,vgg16_dim_1810,0.0,0.0,2654,2654,0
1811,vgg16_dim_1811,0.0,0.0,2654,2654,0
1812,vgg16_dim_1812,0.0,0.0,2654,2654,0
1813,vgg16_dim_1813,0.0,0.0,2654,2654,0
1814,vgg16_dim_1814,0.0,0.0,2654,2654,0
1800,vgg16_dim_1800,0.0,0.0,2654,2654,0
1802,vgg16_dim_1802,0.0,0.0,2654,2654,0
1803,vgg16_dim_1803,0.0,0.0,2654,2654,0
1805,vgg16_dim_1805,0.0,0.0,2654,2654,0
1806,vgg16_dim_1806,0.0,0.0,2654,2654,0
1807,vgg16_dim_1807,0.0,0.0,2654,2654,0
1792,vgg16_dim_1792,0.0,0.0,2654,2654,0
1793,vgg16_dim_1793,0.0,0.0,2654,2654,0
1795,vgg16_dim_1795,0.0,0.0,2654,2654,0
1796,vgg16_dim_1796,0.0,0.0,2654,2654,0
1797,vgg16_dim_1797,0.0,0.0,2654,2654,0
1848,vgg16_dim_1848,0.0,0.0,2654,2654,0
1849,vgg16_dim_1849,0.0,0.0,2654,2654,0
1850,vgg16_dim_1850,0.0,0.0,2654,2654,0
1851,vgg16_dim_1851,0.0,0.0,2654,2654,0
1852,vgg16_dim_1852,0.0,0.0,2654,2654,0
1853,vgg16_dim_1853,0.0,0.0,2654,2654,0
1854,vgg16_dim_1854,0.0,0.0,2654,2654,0
1855,vgg16_dim_1855,0.0,0.0,2654,2654,0
1840,vgg16_dim_1840,0.0,0.0,2654,2654,0
1841,vgg16_dim_1841,0.0,0.0,2654,2654,0
1842,vgg16_dim_1842,0.0,0.0,2654,2654,0
1843,vgg16_dim_1843,0.0,0.0,2654,2654,0
1844,vgg16_dim_1844,0.0,0.0,2654,2654,0
1846,vgg16_dim_1846,0.0,0.0,2654,2654,0
1847,vgg16_dim_1847,0.0,0.0,2654,2654,0
1833,vgg16_dim_1833,0.0,0.0,2654,2654,0
1834,vgg16_dim_1834,0.0,0.0,2654,2654,0
1835,vgg16_dim_1835,0.0,0.0,2654,2654,0
1836,vgg16_dim_1836,0.0,0.0,2654,2654,0
1837,vgg16_dim_1837,0.0,0.0,2654,2654,0
1838,vgg16_dim_1838,0.0,0.0,2654,2654,0
1824,vgg16_dim_1824,0.0,0.0,2654,2654,0
1825,vgg16_dim_1825,0.0,0.0,2654,2654,0
1826,vgg16_dim_1826,0.0,0.0,2654,2654,0
1827,vgg16_dim_1827,0.0,0.0,2654,2654,0
1829,vgg16_dim_1829,0.0,0.0,2654,2654,0
1831,vgg16_dim_1831,0.0,0.0,2654,2654,0
954,vgg16_dim_954,0.0,0.0,2654,2654,0
955,vgg16_dim_955,0.0,0.0,2654,2654,0
956,vgg16_dim_956,0.0,0.0,2654,2654,0
958,vgg16_dim_958,0.0,0.0,2654,2654,0
959,vgg16_dim_959,0.0,0.0,2654,2654,0
946,vgg16_dim_946,0.0,0.0,2654,2654,0
948,vgg16_dim_948,0.0,0.0,2654,2654,0
949,vgg16_dim_949,0.0,0.0,2654,2654,0
950,vgg16_dim_950,0.0,0.0,2654,2654,0
951,vgg16_dim_951,0.0,0.0,2654,2654,0
936,vgg16_dim_936,0.0,0.0,2654,2654,0
939,vgg16_dim_939,0.0,0.0,2654,2654,0
940,vgg16_dim_940,0.0,0.0,2654,2654,0
942,vgg16_dim_942,0.0,0.0,2654,2654,0
943,vgg16_dim_943,0.0,0.0,2654,2654,0
928,vgg16_dim_928,0.0,0.0,2654,2654,0
929,vgg16_dim_929,0.0,0.0,2654,2654,0
930,vgg16_dim_930,0.0,0.0,2654,2654,0
931,vgg16_dim_931,0.0,0.0,2654,2654,0
932,vgg16_dim_932,0.0,0.0,2654,2654,0
933,vgg16_dim_933,0.0,0.0,2654,2654,0
935,vgg16_dim_935,0.0,0.0,2654,2654,0
1880,vgg16_dim_1880,0.0,0.0,2654,2654,0
1881,vgg16_dim_1881,0.0,0.0,2654,2654,0
1882,vgg16_dim_1882,0.0,0.0,2654,2654,0
1884,vgg16_dim_1884,0.0,0.0,2654,2654,0
1885,vgg16_dim_1885,0.0,0.0,2654,2654,0
1886,vgg16_dim_1886,0.0,0.0,2654,2654,0
1872,vgg16_dim_1872,0.0,0.0,2654,2654,0
1875,vgg16_dim_1875,0.0,0.0,2654,2654,0
1876,vgg16_dim_1876,0.0,0.0,2654,2654,0
1877,vgg16_dim_1877,0.0,0.0,2654,2654,0
1879,vgg16_dim_1879,0.0,0.0,2654,2654,0
1864,vgg16_dim_1864,0.0,0.0,2654,2654,0
1865,vgg16_dim_1865,0.0,0.0,2654,2654,0
1866,vgg16_dim_1866,0.0,0.0,2654,2654,0
1867,vgg16_dim_1867,0.0,0.0,2654,2654,0
1869,vgg16_dim_1869,0.0,0.0,2654,2654,0
1870,vgg16_dim_1870,0.0,0.0,2654,2654,0
1860,vgg16_dim_1860,0.0,0.0,2654,2654,0
1861,vgg16_dim_1861,0.0,0.0,2654,2654,0
1862,vgg16_dim_1862,0.0,0.0,2654,2654,0
1912,vgg16_dim_1912,0.0,0.0,2654,2654,0
1913,vgg16_dim_1913,0.0,0.0,2654,2654,0
1914,vgg16_dim_1914,0.0,0.0,2654,2654,0
1915,vgg16_dim_1915,0.0,0.0,2654,2654,0
1917,vgg16_dim_1917,0.0,0.0,2654,2654,0
1919,vgg16_dim_1919,0.0,0.0,2654,2654,0
1904,vgg16_dim_1904,0.0,0.0,2654,2654,0
1905,vgg16_dim_1905,0.0,0.0,2654,2654,0
1906,vgg16_dim_1906,0.0,0.0,2654,2654,0
1907,vgg16_dim_1907,0.0,0.0,2654,2654,0
1909,vgg16_dim_1909,0.0,0.0,2654,2654,0
1911,vgg16_dim_1911,0.0,0.0,2654,2654,0
1896,vgg16_dim_1896,0.0,0.0,2654,2654,0
1898,vgg16_dim_1898,0.0,0.0,2654,2654,0
1901,vgg16_dim_1901,0.0,0.0,2654,2654,0
1902,vgg16_dim_1902,0.0,0.0,2654,2654,0
1903,vgg16_dim_1903,0.0,0.0,2654,2654,0
1888,vgg16_dim_1888,0.0,0.0,2654,2654,0
1889,vgg16_dim_1889,0.0,0.0,2654,2654,0
1891,vgg16_dim_1891,0.0,0.0,2654,2654,0
1892,vgg16_dim_1892,0.0,0.0,2654,2654,0
1893,vgg16_dim_1893,0.0,0.0,2654,2654,0
1894,vgg16_dim_1894,0.0,0.0,2654,2654,0
1944,vgg16_dim_1944,0.0,0.0,2654,2654,0
1946,vgg16_dim_1946,0.0,0.0,2654,2654,0
1947,vgg16_dim_1947,0.0,0.0,2654,2654,0
1948,vgg16_dim_1948,0.0,0.0,2654,2654,0
1949,vgg16_dim_1949,0.0,0.0,2654,2654,0
1950,vgg16_dim_1950,0.0,0.0,2654,2654,0
1951,vgg16_dim_1951,0.0,0.0,2654,2654,0
1936,vgg16_dim_1936,0.0,0.0,2654,2654,0
1937,vgg16_dim_1937,0.0,0.0,2654,2654,0
1938,vgg16_dim_1938,0.0,0.0,2654,2654,0
1939,vgg16_dim_1939,0.0,0.0,2654,2654,0
1940,vgg16_dim_1940,0.0,0.0,2654,2654,0
1943,vgg16_dim_1943,0.0,0.0,2654,2654,0
1928,vgg16_dim_1928,0.0,0.0,2654,2654,0
1929,vgg16_dim_1929,0.0,0.0,2654,2654,0
1930,vgg16_dim_1930,0.0,0.0,2654,2654,0
1931,vgg16_dim_1931,0.0,0.0,2654,2654,0
1932,vgg16_dim_1932,0.0,0.0,2654,2654,0
1933,vgg16_dim_1933,0.0,0.0,2654,2654,0
1934,vgg16_dim_1934,0.0,0.0,2654,2654,0
1935,vgg16_dim_1935,0.0,0.0,2654,2654,0
1920,vgg16_dim_1920,0.0,0.0,2654,2654,0
1921,vgg16_dim_1921,0.0,0.0,2654,2654,0
1924,vgg16_dim_1924,0.0,0.0,2654,2654,0
1925,vgg16_dim_1925,0.0,0.0,2654,2654,0
1926,vgg16_dim_1926,0.0,0.0,2654,2654,0
920,vgg16_dim_920,0.0,0.0,2654,2654,0
921,vgg16_dim_921,0.0,0.0,2654,2654,0
922,vgg16_dim_922,0.0,0.0,2654,2654,0
923,vgg16_dim_923,0.0,0.0,2654,2654,0
925,vgg16_dim_925,0.0,0.0,2654,2654,0
926,vgg16_dim_926,0.0,0.0,2654,2654,0
927,vgg16_dim_927,0.0,0.0,2654,2654,0
912,vgg16_dim_912,0.0,0.0,2654,2654,0
913,vgg16_dim_913,0.0,0.0,2654,2654,0
914,vgg16_dim_914,0.0,0.0,2654,2654,0
916,vgg16_dim_916,0.0,0.0,2654,2654,0
918,vgg16_dim_918,0.0,0.0,2654,2654,0
919,vgg16_dim_919,0.0,0.0,2654,2654,0
906,vgg16_dim_906,0.0,0.0,2654,2654,0
907,vgg16_dim_907,0.0,0.0,2654,2654,0
908,vgg16_dim_908,0.0,0.0,2654,2654,0
909,vgg16_dim_909,0.0,0.0,2654,2654,0
910,vgg16_dim_910,0.0,0.0,2654,2654,0
911,vgg16_dim_911,0.0,0.0,2654,2654,0
897,vgg16_dim_897,0.0,0.0,2654,2654,0
898,vgg16_dim_898,0.0,0.0,2654,2654,0
900,vgg16_dim_900,0.0,0.0,2654,2654,0
902,vgg16_dim_902,0.0,0.0,2654,2654,0
903,vgg16_dim_903,0.0,0.0,2654,2654,0
1976,vgg16_dim_1976,0.0,0.0,2654,2654,0
1977,vgg16_dim_1977,0.0,0.0,2654,2654,0
1978,vgg16_dim_1978,0.0,0.0,2654,2654,0
1980,vgg16_dim_1980,0.0,0.0,2654,2654,0
1981,vgg16_dim_1981,0.0,0.0,2654,2654,0
1982,vgg16_dim_1982,0.0,0.0,2654,2654,0
1983,vgg16_dim_1983,0.0,0.0,2654,2654,0
1968,vgg16_dim_1968,0.0,0.0,2654,2654,0
1970,vgg16_dim_1970,0.0,0.0,2654,2654,0
1971,vgg16_dim_1971,0.0,0.0,2654,2654,0
1974,vgg16_dim_1974,0.0,0.0,2654,2654,0
1960,vgg16_dim_1960,0.0,0.0,2654,2654,0
1961,vgg16_dim_1961,0.0,0.0,2654,2654,0
1962,vgg16_dim_1962,0.0,0.0,2654,2654,0
1963,vgg16_dim_1963,0.0,0.0,2654,2654,0
1966,vgg16_dim_1966,0.0,0.0,2654,2654,0
1953,vgg16_dim_1953,0.0,0.0,2654,2654,0
1954,vgg16_dim_1954,0.0,0.0,2654,2654,0
1955,vgg16_dim_1955,0.0,0.0,2654,2654,0
1956,vgg16_dim_1956,0.0,0.0,2654,2654,0
1957,vgg16_dim_1957,0.0,0.0,2654,2654,0
1958,vgg16_dim_1958,0.0,0.0,2654,2654,0
1959,vgg16_dim_1959,0.0,0.0,2654,2654,0
2009,vgg16_dim_2009,0.0,0.0,2654,2654,0
2010,vgg16_dim_2010,0.0,0.0,2654,2654,0
2011,vgg16_dim_2011,0.0,0.0,2654,2654,0
2012,vgg16_dim_2012,0.0,0.0,2654,2654,0
2013,vgg16_dim_2013,0.0,0.0,2654,2654,0
2014,vgg16_dim_2014,0.0,0.0,2654,2654,0
2015,vgg16_dim_2015,0.0,0.0,2654,2654,0
2001,vgg16_dim_2001,0.0,0.0,2654,2654,0
2004,vgg16_dim_2004,0.0,0.0,2654,2654,0
2007,vgg16_dim_2007,0.0,0.0,2654,2654,0
1992,vgg16_dim_1992,0.0,0.0,2654,2654,0
1993,vgg16_dim_1993,0.0,0.0,2654,2654,0
1995,vgg16_dim_1995,0.0,0.0,2654,2654,0
1996,vgg16_dim_1996,0.0,0.0,2654,2654,0
1997,vgg16_dim_1997,0.0,0.0,2654,2654,0
1998,vgg16_dim_1998,0.0,0.0,2654,2654,0
1999,vgg16_dim_1999,0.0,0.0,2654,2654,0
1984,vgg16_dim_1984,0.0,0.0,2654,2654,0
1985,vgg16_dim_1985,0.0,0.0,2654,2654,0
1987,vgg16_dim_1987,0.0,0.0,2654,2654,0
1988,vgg16_dim_1988,0.0,0.0,2654,2654,0
1989,vgg16_dim_1989,0.0,0.0,2654,2654,0
1990,vgg16_dim_1990,0.0,0.0,2654,2654,0
1991,vgg16_dim_1991,0.0,0.0,2654,2654,0
888,vgg16_dim_888,0.0,0.0,2654,2654,0
891,vgg16_dim_891,0.0,0.0,2654,2654,0
892,vgg16_dim_892,0.0,0.0,2654,2654,0
893,vgg16_dim_893,0.0,0.0,2654,2654,0
894,vgg16_dim_894,0.0,0.0,2654,2654,0
895,vgg16_dim_895,0.0,0.0,2654,2654,0
880,vgg16_dim_880,0.0,0.0,2654,2654,0
881,vgg16_dim_881,0.0,0.0,2654,2654,0
883,vgg16_dim_883,0.0,0.0,2654,2654,0
886,vgg16_dim_886,0.0,0.0,2654,2654,0
887,vgg16_dim_887,0.0,0.0,2654,2654,0
872,vgg16_dim_872,0.0,0.0,2654,2654,0
873,vgg16_dim_873,0.0,0.0,2654,2654,0
874,vgg16_dim_874,0.0,0.0,2654,2654,0
876,vgg16_dim_876,0.0,0.0,2654,2654,0
878,vgg16_dim_878,0.0,0.0,2654,2654,0
879,vgg16_dim_879,0.0,0.0,2654,2654,0
865,vgg16_dim_865,0.0,0.0,2654,2654,0
2041,vgg16_dim_2041,0.0,0.0,2654,2654,0
2042,vgg16_dim_2042,0.0,0.0,2654,2654,0
2043,vgg16_dim_2043,0.0,0.0,2654,2654,0
2044,vgg16_dim_2044,0.0,0.0,2654,2654,0
2046,vgg16_dim_2046,0.0,0.0,2654,2654,0
2047,vgg16_dim_2047,0.0,0.0,2654,2654,0
2034,vgg16_dim_2034,0.0,0.0,2654,2654,0
2036,vgg16_dim_2036,0.0,0.0,2654,2654,0
2037,vgg16_dim_2037,0.0,0.0,2654,2654,0
2039,vgg16_dim_2039,0.0,0.0,2654,2654,0
2027,vgg16_dim_2027,0.0,0.0,2654,2654,0
2028,vgg16_dim_2028,0.0,0.0,2654,2654,0
2030,vgg16_dim_2030,0.0,0.0,2654,2654,0
2016,vgg16_dim_2016,0.0,0.0,2654,2654,0
2019,vgg16_dim_2019,0.0,0.0,2654,2654,0
2021,vgg16_dim_2021,0.0,0.0,2654,2654,0
2023,vgg16_dim_2023,0.0,0.0,2654,2654,0
2072,vgg16_dim_2072,0.0,0.0,2654,2654,0
2074,vgg16_dim_2074,0.0,0.0,2654,2654,0
2075,vgg16_dim_2075,0.0,0.0,2654,2654,0
2076,vgg16_dim_2076,0.0,0.0,2654,2654,0
2077,vgg16_dim_2077,0.0,0.0,2654,2654,0
2078,vgg16_dim_2078,0.0,0.0,2654,2654,0
2079,vgg16_dim_2079,0.0,0.0,2654,2654,0
2066,vgg16_dim_2066,0.0,0.0,2654,2654,0
2068,vgg16_dim_2068,0.0,0.0,2654,2654,0
2069,vgg16_dim_2069,0.0,0.0,2654,2654,0
2070,vgg16_dim_2070,0.0,0.0,2654,2654,0
2071,vgg16_dim_2071,0.0,0.0,2654,2654,0
2057,vgg16_dim_2057,0.0,0.0,2654,2654,0
2058,vgg16_dim_2058,0.0,0.0,2654,2654,0
2059,vgg16_dim_2059,0.0,0.0,2654,2654,0
2060,vgg16_dim_2060,0.0,0.0,2654,2654,0
2061,vgg16_dim_2061,0.0,0.0,2654,2654,0
2062,vgg16_dim_2062,0.0,0.0,2654,2654,0
2063,vgg16_dim_2063,0.0,0.0,2654,2654,0
2048,vgg16_dim_2048,0.0,0.0,2654,2654,0
2049,vgg16_dim_2049,0.0,0.0,2654,2654,0
2050,vgg16_dim_2050,0.0,0.0,2654,2654,0
2051,vgg16_dim_2051,0.0,0.0,2654,2654,0
2052,vgg16_dim_2052,0.0,0.0,2654,2654,0
2053,vgg16_dim_2053,0.0,0.0,2654,2654,0
2054,vgg16_dim_2054,0.0,0.0,2654,2654,0
2105,vgg16_dim_2105,0.0,0.0,2654,2654,0
2106,vgg16_dim_2106,0.0,0.0,2654,2654,0
2108,vgg16_dim_2108,0.0,0.0,2654,2654,0
2109,vgg16_dim_2109,0.0,0.0,2654,2654,0
2110,vgg16_dim_2110,0.0,0.0,2654,2654,0
2111,vgg16_dim_2111,0.0,0.0,2654,2654,0
2096,vgg16_dim_2096,0.0,0.0,2654,2654,0
2097,vgg16_dim_2097,0.0,0.0,2654,2654,0
2098,vgg16_dim_2098,0.0,0.0,2654,2654,0
2099,vgg16_dim_2099,0.0,0.0,2654,2654,0
2100,vgg16_dim_2100,0.0,0.0,2654,2654,0
2101,vgg16_dim_2101,0.0,0.0,2654,2654,0
2102,vgg16_dim_2102,0.0,0.0,2654,2654,0
2103,vgg16_dim_2103,0.0,0.0,2654,2654,0
2088,vgg16_dim_2088,0.0,0.0,2654,2654,0
2089,vgg16_dim_2089,0.0,0.0,2654,2654,0
2090,vgg16_dim_2090,0.0,0.0,2654,2654,0
2091,vgg16_dim_2091,0.0,0.0,2654,2654,0
2092,vgg16_dim_2092,0.0,0.0,2654,2654,0
2093,vgg16_dim_2093,0.0,0.0,2654,2654,0
2094,vgg16_dim_2094,0.0,0.0,2654,2654,0
2095,vgg16_dim_2095,0.0,0.0,2654,2654,0
2080,vgg16_dim_2080,0.0,0.0,2654,2654,0
2083,vgg16_dim_2083,0.0,0.0,2654,2654,0
2084,vgg16_dim_2084,0.0,0.0,2654,2654,0
2085,vgg16_dim_2085,0.0,0.0,2654,2654,0
2087,vgg16_dim_2087,0.0,0.0,2654,2654,0
856,vgg16_dim_856,0.0,0.0,2654,2654,0
857,vgg16_dim_857,0.0,0.0,2654,2654,0
858,vgg16_dim_858,0.0,0.0,2654,2654,0
859,vgg16_dim_859,0.0,0.0,2654,2654,0
860,vgg16_dim_860,0.0,0.0,2654,2654,0
862,vgg16_dim_862,0.0,0.0,2654,2654,0
863,vgg16_dim_863,0.0,0.0,2654,2654,0
848,vgg16_dim_848,0.0,0.0,2654,2654,0
849,vgg16_dim_849,0.0,0.0,2654,2654,0
850,vgg16_dim_850,0.0,0.0,2654,2654,0
851,vgg16_dim_851,0.0,0.0,2654,2654,0
852,vgg16_dim_852,0.0,0.0,2654,2654,0
853,vgg16_dim_853,0.0,0.0,2654,2654,0
854,vgg16_dim_854,0.0,0.0,2654,2654,0
855,vgg16_dim_855,0.0,0.0,2654,2654,0
842,vgg16_dim_842,0.0,0.0,2654,2654,0
843,vgg16_dim_843,0.0,0.0,2654,2654,0
845,vgg16_dim_845,0.0,0.0,2654,2654,0
846,vgg16_dim_846,0.0,0.0,2654,2654,0
847,vgg16_dim_847,0.0,0.0,2654,2654,0
832,vgg16_dim_832,0.0,0.0,2654,2654,0
834,vgg16_dim_834,0.0,0.0,2654,2654,0
835,vgg16_dim_835,0.0,0.0,2654,2654,0
837,vgg16_dim_837,0.0,0.0,2654,2654,0
839,vgg16_dim_839,0.0,0.0,2654,2654,0
2136,vgg16_dim_2136,0.0,0.0,2654,2654,0
2137,vgg16_dim_2137,0.0,0.0,2654,2654,0
2139,vgg16_dim_2139,0.0,0.0,2654,2654,0
2142,vgg16_dim_2142,0.0,0.0,2654,2654,0
2128,vgg16_dim_2128,0.0,0.0,2654,2654,0
2129,vgg16_dim_2129,0.0,0.0,2654,2654,0
2130,vgg16_dim_2130,0.0,0.0,2654,2654,0
2131,vgg16_dim_2131,0.0,0.0,2654,2654,0
2132,vgg16_dim_2132,0.0,0.0,2654,2654,0
2133,vgg16_dim_2133,0.0,0.0,2654,2654,0
2134,vgg16_dim_2134,0.0,0.0,2654,2654,0
2135,vgg16_dim_2135,0.0,0.0,2654,2654,0
2120,vgg16_dim_2120,0.0,0.0,2654,2654,0
2121,vgg16_dim_2121,0.0,0.0,2654,2654,0
2122,vgg16_dim_2122,0.0,0.0,2654,2654,0
2123,vgg16_dim_2123,0.0,0.0,2654,2654,0
2124,vgg16_dim_2124,0.0,0.0,2654,2654,0
2125,vgg16_dim_2125,0.0,0.0,2654,2654,0
2126,vgg16_dim_2126,0.0,0.0,2654,2654,0
2127,vgg16_dim_2127,0.0,0.0,2654,2654,0
2113,vgg16_dim_2113,0.0,0.0,2654,2654,0
2114,vgg16_dim_2114,0.0,0.0,2654,2654,0
2116,vgg16_dim_2116,0.0,0.0,2654,2654,0
2118,vgg16_dim_2118,0.0,0.0,2654,2654,0
2119,vgg16_dim_2119,0.0,0.0,2654,2654,0
2169,vgg16_dim_2169,0.0,0.0,2654,2654,0
2171,vgg16_dim_2171,0.0,0.0,2654,2654,0
2173,vgg16_dim_2173,0.0,0.0,2654,2654,0
2174,vgg16_dim_2174,0.0,0.0,2654,2654,0
2175,vgg16_dim_2175,0.0,0.0,2654,2654,0
2160,vgg16_dim_2160,0.0,0.0,2654,2654,0
2161,vgg16_dim_2161,0.0,0.0,2654,2654,0
2162,vgg16_dim_2162,0.0,0.0,2654,2654,0
2163,vgg16_dim_2163,0.0,0.0,2654,2654,0
2165,vgg16_dim_2165,0.0,0.0,2654,2654,0
2166,vgg16_dim_2166,0.0,0.0,2654,2654,0
2152,vgg16_dim_2152,0.0,0.0,2654,2654,0
2153,vgg16_dim_2153,0.0,0.0,2654,2654,0
2154,vgg16_dim_2154,0.0,0.0,2654,2654,0
2155,vgg16_dim_2155,0.0,0.0,2654,2654,0
2156,vgg16_dim_2156,0.0,0.0,2654,2654,0
2157,vgg16_dim_2157,0.0,0.0,2654,2654,0
2158,vgg16_dim_2158,0.0,0.0,2654,2654,0
2144,vgg16_dim_2144,0.0,0.0,2654,2654,0
2146,vgg16_dim_2146,0.0,0.0,2654,2654,0
2149,vgg16_dim_2149,0.0,0.0,2654,2654,0
2150,vgg16_dim_2150,0.0,0.0,2654,2654,0
2151,vgg16_dim_2151,0.0,0.0,2654,2654,0
2200,vgg16_dim_2200,0.0,0.0,2654,2654,0
2204,vgg16_dim_2204,0.0,0.0,2654,2654,0
2206,vgg16_dim_2206,0.0,0.0,2654,2654,0
2207,vgg16_dim_2207,0.0,0.0,2654,2654,0
2192,vgg16_dim_2192,0.0,0.0,2654,2654,0
2193,vgg16_dim_2193,0.0,0.0,2654,2654,0
2194,vgg16_dim_2194,0.0,0.0,2654,2654,0
2195,vgg16_dim_2195,0.0,0.0,2654,2654,0
2196,vgg16_dim_2196,0.0,0.0,2654,2654,0
2197,vgg16_dim_2197,0.0,0.0,2654,2654,0
2198,vgg16_dim_2198,0.0,0.0,2654,2654,0
2184,vgg16_dim_2184,0.0,0.0,2654,2654,0
2185,vgg16_dim_2185,0.0,0.0,2654,2654,0
2186,vgg16_dim_2186,0.0,0.0,2654,2654,0
2188,vgg16_dim_2188,0.0,0.0,2654,2654,0
2191,vgg16_dim_2191,0.0,0.0,2654,2654,0
2176,vgg16_dim_2176,0.0,0.0,2654,2654,0
2177,vgg16_dim_2177,0.0,0.0,2654,2654,0
2178,vgg16_dim_2178,0.0,0.0,2654,2654,0
2180,vgg16_dim_2180,0.0,0.0,2654,2654,0
2181,vgg16_dim_2181,0.0,0.0,2654,2654,0
2182,vgg16_dim_2182,0.0,0.0,2654,2654,0
826,vgg16_dim_826,0.0,0.0,2654,2654,0
827,vgg16_dim_827,0.0,0.0,2654,2654,0
828,vgg16_dim_828,0.0,0.0,2654,2654,0
831,vgg16_dim_831,0.0,0.0,2654,2654,0
816,vgg16_dim_816,0.0,0.0,2654,2654,0
818,vgg16_dim_818,0.0,0.0,2654,2654,0
819,vgg16_dim_819,0.0,0.0,2654,2654,0
820,vgg16_dim_820,0.0,0.0,2654,2654,0
821,vgg16_dim_821,0.0,0.0,2654,2654,0
823,vgg16_dim_823,0.0,0.0,2654,2654,0
808,vgg16_dim_808,0.0,0.0,2654,2654,0
809,vgg16_dim_809,0.0,0.0,2654,2654,0
811,vgg16_dim_811,0.0,0.0,2654,2654,0
813,vgg16_dim_813,0.0,0.0,2654,2654,0
814,vgg16_dim_814,0.0,0.0,2654,2654,0
815,vgg16_dim_815,0.0,0.0,2654,2654,0
801,vgg16_dim_801,0.0,0.0,2654,2654,0
802,vgg16_dim_802,0.0,0.0,2654,2654,0
803,vgg16_dim_803,0.0,0.0,2654,2654,0
804,vgg16_dim_804,0.0,0.0,2654,2654,0
805,vgg16_dim_805,0.0,0.0,2654,2654,0
806,vgg16_dim_806,0.0,0.0,2654,2654,0
807,vgg16_dim_807,0.0,0.0,2654,2654,0
2233,vgg16_dim_2233,0.0,0.0,2654,2654,0
2234,vgg16_dim_2234,0.0,0.0,2654,2654,0
2235,vgg16_dim_2235,0.0,0.0,2654,2654,0
2236,vgg16_dim_2236,0.0,0.0,2654,2654,0
2237,vgg16_dim_2237,0.0,0.0,2654,2654,0
2238,vgg16_dim_2238,0.0,0.0,2654,2654,0
2239,vgg16_dim_2239,0.0,0.0,2654,2654,0
2227,vgg16_dim_2227,0.0,0.0,2654,2654,0
2228,vgg16_dim_2228,0.0,0.0,2654,2654,0
2229,vgg16_dim_2229,0.0,0.0,2654,2654,0
2230,vgg16_dim_2230,0.0,0.0,2654,2654,0
2231,vgg16_dim_2231,0.0,0.0,2654,2654,0
2216,vgg16_dim_2216,0.0,0.0,2654,2654,0
2217,vgg16_dim_2217,0.0,0.0,2654,2654,0
2218,vgg16_dim_2218,0.0,0.0,2654,2654,0
2219,vgg16_dim_2219,0.0,0.0,2654,2654,0
2221,vgg16_dim_2221,0.0,0.0,2654,2654,0
2222,vgg16_dim_2222,0.0,0.0,2654,2654,0
2223,vgg16_dim_2223,0.0,0.0,2654,2654,0
2208,vgg16_dim_2208,0.0,0.0,2654,2654,0
2209,vgg16_dim_2209,0.0,0.0,2654,2654,0
2211,vgg16_dim_2211,0.0,0.0,2654,2654,0
2212,vgg16_dim_2212,0.0,0.0,2654,2654,0
2214,vgg16_dim_2214,0.0,0.0,2654,2654,0
2215,vgg16_dim_2215,0.0,0.0,2654,2654,0
2264,vgg16_dim_2264,0.0,0.0,2654,2654,0
2265,vgg16_dim_2265,0.0,0.0,2654,2654,0
2267,vgg16_dim_2267,0.0,0.0,2654,2654,0
2269,vgg16_dim_2269,0.0,0.0,2654,2654,0
2270,vgg16_dim_2270,0.0,0.0,2654,2654,0
2271,vgg16_dim_2271,0.0,0.0,2654,2654,0
2256,vgg16_dim_2256,0.0,0.0,2654,2654,0
2257,vgg16_dim_2257,0.0,0.0,2654,2654,0
2258,vgg16_dim_2258,0.0,0.0,2654,2654,0
2262,vgg16_dim_2262,0.0,0.0,2654,2654,0
2263,vgg16_dim_2263,0.0,0.0,2654,2654,0
2249,vgg16_dim_2249,0.0,0.0,2654,2654,0
2250,vgg16_dim_2250,0.0,0.0,2654,2654,0
2251,vgg16_dim_2251,0.0,0.0,2654,2654,0
2252,vgg16_dim_2252,0.0,0.0,2654,2654,0
2253,vgg16_dim_2253,0.0,0.0,2654,2654,0
2254,vgg16_dim_2254,0.0,0.0,2654,2654,0
2242,vgg16_dim_2242,0.0,0.0,2654,2654,0
2243,vgg16_dim_2243,0.0,0.0,2654,2654,0
2244,vgg16_dim_2244,0.0,0.0,2654,2654,0
2245,vgg16_dim_2245,0.0,0.0,2654,2654,0
2246,vgg16_dim_2246,0.0,0.0,2654,2654,0
2247,vgg16_dim_2247,0.0,0.0,2654,2654,0
2296,vgg16_dim_2296,0.0,0.0,2654,2654,0
2297,vgg16_dim_2297,0.0,0.0,2654,2654,0
2298,vgg16_dim_2298,0.0,0.0,2654,2654,0
2299,vgg16_dim_2299,0.0,0.0,2654,2654,0
2300,vgg16_dim_2300,0.0,0.0,2654,2654,0
2301,vgg16_dim_2301,0.0,0.0,2654,2654,0
2302,vgg16_dim_2302,0.0,0.0,2654,2654,0
2303,vgg16_dim_2303,0.0,0.0,2654,2654,0
2288,vgg16_dim_2288,0.0,0.0,2654,2654,0
2289,vgg16_dim_2289,0.0,0.0,2654,2654,0
2290,vgg16_dim_2290,0.0,0.0,2654,2654,0
2292,vgg16_dim_2292,0.0,0.0,2654,2654,0
2293,vgg16_dim_2293,0.0,0.0,2654,2654,0
2294,vgg16_dim_2294,0.0,0.0,2654,2654,0
2295,vgg16_dim_2295,0.0,0.0,2654,2654,0
2280,vgg16_dim_2280,0.0,0.0,2654,2654,0
2281,vgg16_dim_2281,0.0,0.0,2654,2654,0
2282,vgg16_dim_2282,0.0,0.0,2654,2654,0
2284,vgg16_dim_2284,0.0,0.0,2654,2654,0
2285,vgg16_dim_2285,0.0,0.0,2654,2654,0
2286,vgg16_dim_2286,0.0,0.0,2654,2654,0
2287,vgg16_dim_2287,0.0,0.0,2654,2654,0
2272,vgg16_dim_2272,0.0,0.0,2654,2654,0
2273,vgg16_dim_2273,0.0,0.0,2654,2654,0
2274,vgg16_dim_2274,0.0,0.0,2654,2654,0
2275,vgg16_dim_2275,0.0,0.0,2654,2654,0
2276,vgg16_dim_2276,0.0,0.0,2654,2654,0
2277,vgg16_dim_2277,0.0,0.0,2654,2654,0
2278,vgg16_dim_2278,0.0,0.0,2654,2654,0
2279,vgg16_dim_2279,0.0,0.0,2654,2654,0
2328,vgg16_dim_2328,0.0,0.0,2654,2654,0
2329,vgg16_dim_2329,0.0,0.0,2654,2654,0
2330,vgg16_dim_2330,0.0,0.0,2654,2654,0
2331,vgg16_dim_2331,0.0,0.0,2654,2654,0
2332,vgg16_dim_2332,0.0,0.0,2654,2654,0
2333,vgg16_dim_2333,0.0,0.0,2654,2654,0
2334,vgg16_dim_2334,0.0,0.0,2654,2654,0
2335,vgg16_dim_2335,0.0,0.0,2654,2654,0
2320,vgg16_dim_2320,0.0,0.0,2654,2654,0
2321,vgg16_dim_2321,0.0,0.0,2654,2654,0
2322,vgg16_dim_2322,0.0,0.0,2654,2654,0
2312,vgg16_dim_2312,0.0,0.0,2654,2654,0
2313,vgg16_dim_2313,0.0,0.0,2654,2654,0
2314,vgg16_dim_2314,0.0,0.0,2654,2654,0
2315,vgg16_dim_2315,0.0,0.0,2654,2654,0
2316,vgg16_dim_2316,0.0,0.0,2654,2654,0
2318,vgg16_dim_2318,0.0,0.0,2654,2654,0
2319,vgg16_dim_2319,0.0,0.0,2654,2654,0
2304,vgg16_dim_2304,0.0,0.0,2654,2654,0
2305,vgg16_dim_2305,0.0,0.0,2654,2654,0
2306,vgg16_dim_2306,0.0,0.0,2654,2654,0
2307,vgg16_dim_2307,0.0,0.0,2654,2654,0
2308,vgg16_dim_2308,0.0,0.0,2654,2654,0
2309,vgg16_dim_2309,0.0,0.0,2654,2654,0
2310,vgg16_dim_2310,0.0,0.0,2654,2654,0
2311,vgg16_dim_2311,0.0,0.0,2654,2654,0
793,vgg16_dim_793,0.0,0.0,2654,2654,0
796,vgg16_dim_796,0.0,0.0,2654,2654,0
797,vgg16_dim_797,0.0,0.0,2654,2654,0
798,vgg16_dim_798,0.0,0.0,2654,2654,0
799,vgg16_dim_799,0.0,0.0,2654,2654,0
784,vgg16_dim_784,0.0,0.0,2654,2654,0
785,vgg16_dim_785,0.0,0.0,2654,2654,0
787,vgg16_dim_787,0.0,0.0,2654,2654,0
788,vgg16_dim_788,0.0,0.0,2654,2654,0
789,vgg16_dim_789,0.0,0.0,2654,2654,0
790,vgg16_dim_790,0.0,0.0,2654,2654,0
791,vgg16_dim_791,0.0,0.0,2654,2654,0
776,vgg16_dim_776,0.0,0.0,2654,2654,0
777,vgg16_dim_777,0.0,0.0,2654,2654,0
778,vgg16_dim_778,0.0,0.0,2654,2654,0
779,vgg16_dim_779,0.0,0.0,2654,2654,0
781,vgg16_dim_781,0.0,0.0,2654,2654,0
782,vgg16_dim_782,0.0,0.0,2654,2654,0
783,vgg16_dim_783,0.0,0.0,2654,2654,0
769,vgg16_dim_769,0.0,0.0,2654,2654,0
770,vgg16_dim_770,0.0,0.0,2654,2654,0
771,vgg16_dim_771,0.0,0.0,2654,2654,0
772,vgg16_dim_772,0.0,0.0,2654,2654,0
773,vgg16_dim_773,0.0,0.0,2654,2654,0
774,vgg16_dim_774,0.0,0.0,2654,2654,0
2361,vgg16_dim_2361,0.0,0.0,2654,2654,0
2364,vgg16_dim_2364,0.0,0.0,2654,2654,0
2365,vgg16_dim_2365,0.0,0.0,2654,2654,0
2366,vgg16_dim_2366,0.0,0.0,2654,2654,0
2367,vgg16_dim_2367,0.0,0.0,2654,2654,0
2352,vgg16_dim_2352,0.0,0.0,2654,2654,0
2353,vgg16_dim_2353,0.0,0.0,2654,2654,0
2355,vgg16_dim_2355,0.0,0.0,2654,2654,0
2356,vgg16_dim_2356,0.0,0.0,2654,2654,0
2357,vgg16_dim_2357,0.0,0.0,2654,2654,0
2359,vgg16_dim_2359,0.0,0.0,2654,2654,0
2346,vgg16_dim_2346,0.0,0.0,2654,2654,0
2348,vgg16_dim_2348,0.0,0.0,2654,2654,0
2349,vgg16_dim_2349,0.0,0.0,2654,2654,0
2350,vgg16_dim_2350,0.0,0.0,2654,2654,0
2351,vgg16_dim_2351,0.0,0.0,2654,2654,0
2336,vgg16_dim_2336,0.0,0.0,2654,2654,0
2337,vgg16_dim_2337,0.0,0.0,2654,2654,0
2338,vgg16_dim_2338,0.0,0.0,2654,2654,0
2339,vgg16_dim_2339,0.0,0.0,2654,2654,0
2342,vgg16_dim_2342,0.0,0.0,2654,2654,0
2343,vgg16_dim_2343,0.0,0.0,2654,2654,0
2393,vgg16_dim_2393,0.0,0.0,2654,2654,0
2394,vgg16_dim_2394,0.0,0.0,2654,2654,0
2396,vgg16_dim_2396,0.0,0.0,2654,2654,0
2397,vgg16_dim_2397,0.0,0.0,2654,2654,0
2399,vgg16_dim_2399,0.0,0.0,2654,2654,0
2385,vgg16_dim_2385,0.0,0.0,2654,2654,0
2388,vgg16_dim_2388,0.0,0.0,2654,2654,0
2389,vgg16_dim_2389,0.0,0.0,2654,2654,0
2391,vgg16_dim_2391,0.0,0.0,2654,2654,0
2377,vgg16_dim_2377,0.0,0.0,2654,2654,0
2378,vgg16_dim_2378,0.0,0.0,2654,2654,0
2379,vgg16_dim_2379,0.0,0.0,2654,2654,0
2380,vgg16_dim_2380,0.0,0.0,2654,2654,0
2381,vgg16_dim_2381,0.0,0.0,2654,2654,0
2382,vgg16_dim_2382,0.0,0.0,2654,2654,0
2368,vgg16_dim_2368,0.0,0.0,2654,2654,0
2369,vgg16_dim_2369,0.0,0.0,2654,2654,0
2370,vgg16_dim_2370,0.0,0.0,2654,2654,0
2371,vgg16_dim_2371,0.0,0.0,2654,2654,0
2372,vgg16_dim_2372,0.0,0.0,2654,2654,0
2373,vgg16_dim_2373,0.0,0.0,2654,2654,0
2375,vgg16_dim_2375,0.0,0.0,2654,2654,0
761,vgg16_dim_761,0.0,0.0,2654,2654,0
762,vgg16_dim_762,0.0,0.0,2654,2654,0
764,vgg16_dim_764,0.0,0.0,2654,2654,0
765,vgg16_dim_765,0.0,0.0,2654,2654,0
767,vgg16_dim_767,0.0,0.0,2654,2654,0
753,vgg16_dim_753,0.0,0.0,2654,2654,0
755,vgg16_dim_755,0.0,0.0,2654,2654,0
756,vgg16_dim_756,0.0,0.0,2654,2654,0
757,vgg16_dim_757,0.0,0.0,2654,2654,0
759,vgg16_dim_759,0.0,0.0,2654,2654,0
746,vgg16_dim_746,0.0,0.0,2654,2654,0
747,vgg16_dim_747,0.0,0.0,2654,2654,0
748,vgg16_dim_748,0.0,0.0,2654,2654,0
749,vgg16_dim_749,0.0,0.0,2654,2654,0
750,vgg16_dim_750,0.0,0.0,2654,2654,0
751,vgg16_dim_751,0.0,0.0,2654,2654,0
736,vgg16_dim_736,0.0,0.0,2654,2654,0
737,vgg16_dim_737,0.0,0.0,2654,2654,0
738,vgg16_dim_738,0.0,0.0,2654,2654,0
739,vgg16_dim_739,0.0,0.0,2654,2654,0
740,vgg16_dim_740,0.0,0.0,2654,2654,0
741,vgg16_dim_741,0.0,0.0,2654,2654,0
743,vgg16_dim_743,0.0,0.0,2654,2654,0
2424,vgg16_dim_2424,0.0,0.0,2654,2654,0
2425,vgg16_dim_2425,0.0,0.0,2654,2654,0
2428,vgg16_dim_2428,0.0,0.0,2654,2654,0
2429,vgg16_dim_2429,0.0,0.0,2654,2654,0
2430,vgg16_dim_2430,0.0,0.0,2654,2654,0
2416,vgg16_dim_2416,0.0,0.0,2654,2654,0
2417,vgg16_dim_2417,0.0,0.0,2654,2654,0
2418,vgg16_dim_2418,0.0,0.0,2654,2654,0
2419,vgg16_dim_2419,0.0,0.0,2654,2654,0
2422,vgg16_dim_2422,0.0,0.0,2654,2654,0
2423,vgg16_dim_2423,0.0,0.0,2654,2654,0
2408,vgg16_dim_2408,0.0,0.0,2654,2654,0
2411,vgg16_dim_2411,0.0,0.0,2654,2654,0
2412,vgg16_dim_2412,0.0,0.0,2654,2654,0
2413,vgg16_dim_2413,0.0,0.0,2654,2654,0
2414,vgg16_dim_2414,0.0,0.0,2654,2654,0
2400,vgg16_dim_2400,0.0,0.0,2654,2654,0
2403,vgg16_dim_2403,0.0,0.0,2654,2654,0
2404,vgg16_dim_2404,0.0,0.0,2654,2654,0
2405,vgg16_dim_2405,0.0,0.0,2654,2654,0
2457,vgg16_dim_2457,0.0,0.0,2654,2654,0
2460,vgg16_dim_2460,0.0,0.0,2654,2654,0
2461,vgg16_dim_2461,0.0,0.0,2654,2654,0
2462,vgg16_dim_2462,0.0,0.0,2654,2654,0
2463,vgg16_dim_2463,0.0,0.0,2654,2654,0
2448,vgg16_dim_2448,0.0,0.0,2654,2654,0
2450,vgg16_dim_2450,0.0,0.0,2654,2654,0
2451,vgg16_dim_2451,0.0,0.0,2654,2654,0
2452,vgg16_dim_2452,0.0,0.0,2654,2654,0
2453,vgg16_dim_2453,0.0,0.0,2654,2654,0
2455,vgg16_dim_2455,0.0,0.0,2654,2654,0
2441,vgg16_dim_2441,0.0,0.0,2654,2654,0
2442,vgg16_dim_2442,0.0,0.0,2654,2654,0
2446,vgg16_dim_2446,0.0,0.0,2654,2654,0
2447,vgg16_dim_2447,0.0,0.0,2654,2654,0
2433,vgg16_dim_2433,0.0,0.0,2654,2654,0
2435,vgg16_dim_2435,0.0,0.0,2654,2654,0
2436,vgg16_dim_2436,0.0,0.0,2654,2654,0
2437,vgg16_dim_2437,0.0,0.0,2654,2654,0
2438,vgg16_dim_2438,0.0,0.0,2654,2654,0
729,vgg16_dim_729,0.0,0.0,2654,2654,0
730,vgg16_dim_730,0.0,0.0,2654,2654,0
731,vgg16_dim_731,0.0,0.0,2654,2654,0
733,vgg16_dim_733,0.0,0.0,2654,2654,0
734,vgg16_dim_734,0.0,0.0,2654,2654,0
735,vgg16_dim_735,0.0,0.0,2654,2654,0
721,vgg16_dim_721,0.0,0.0,2654,2654,0
722,vgg16_dim_722,0.0,0.0,2654,2654,0
723,vgg16_dim_723,0.0,0.0,2654,2654,0
724,vgg16_dim_724,0.0,0.0,2654,2654,0
725,vgg16_dim_725,0.0,0.0,2654,2654,0
727,vgg16_dim_727,0.0,0.0,2654,2654,0
712,vgg16_dim_712,0.0,0.0,2654,2654,0
713,vgg16_dim_713,0.0,0.0,2654,2654,0
714,vgg16_dim_714,0.0,0.0,2654,2654,0
715,vgg16_dim_715,0.0,0.0,2654,2654,0
716,vgg16_dim_716,0.0,0.0,2654,2654,0
717,vgg16_dim_717,0.0,0.0,2654,2654,0
718,vgg16_dim_718,0.0,0.0,2654,2654,0
719,vgg16_dim_719,0.0,0.0,2654,2654,0
704,vgg16_dim_704,0.0,0.0,2654,2654,0
705,vgg16_dim_705,0.0,0.0,2654,2654,0
708,vgg16_dim_708,0.0,0.0,2654,2654,0
711,vgg16_dim_711,0.0,0.0,2654,2654,0
2490,vgg16_dim_2490,0.0,0.0,2654,2654,0
2492,vgg16_dim_2492,0.0,0.0,2654,2654,0
2493,vgg16_dim_2493,0.0,0.0,2654,2654,0
2494,vgg16_dim_2494,0.0,0.0,2654,2654,0
2480,vgg16_dim_2480,0.0,0.0,2654,2654,0
2481,vgg16_dim_2481,0.0,0.0,2654,2654,0
2482,vgg16_dim_2482,0.0,0.0,2654,2654,0
2483,vgg16_dim_2483,0.0,0.0,2654,2654,0
2484,vgg16_dim_2484,0.0,0.0,2654,2654,0
2485,vgg16_dim_2485,0.0,0.0,2654,2654,0
2486,vgg16_dim_2486,0.0,0.0,2654,2654,0
2487,vgg16_dim_2487,0.0,0.0,2654,2654,0
2473,vgg16_dim_2473,0.0,0.0,2654,2654,0
2474,vgg16_dim_2474,0.0,0.0,2654,2654,0
2475,vgg16_dim_2475,0.0,0.0,2654,2654,0
2477,vgg16_dim_2477,0.0,0.0,2654,2654,0
2464,vgg16_dim_2464,0.0,0.0,2654,2654,0
2465,vgg16_dim_2465,0.0,0.0,2654,2654,0
2466,vgg16_dim_2466,0.0,0.0,2654,2654,0
2468,vgg16_dim_2468,0.0,0.0,2654,2654,0
2469,vgg16_dim_2469,0.0,0.0,2654,2654,0
2471,vgg16_dim_2471,0.0,0.0,2654,2654,0
2520,vgg16_dim_2520,0.0,0.0,2654,2654,0
2521,vgg16_dim_2521,0.0,0.0,2654,2654,0
2522,vgg16_dim_2522,0.0,0.0,2654,2654,0
2523,vgg16_dim_2523,0.0,0.0,2654,2654,0
2524,vgg16_dim_2524,0.0,0.0,2654,2654,0
2525,vgg16_dim_2525,0.0,0.0,2654,2654,0
2526,vgg16_dim_2526,0.0,0.0,2654,2654,0
2527,vgg16_dim_2527,0.0,0.0,2654,2654,0
2512,vgg16_dim_2512,0.0,0.0,2654,2654,0
2514,vgg16_dim_2514,0.0,0.0,2654,2654,0
2515,vgg16_dim_2515,0.0,0.0,2654,2654,0
2516,vgg16_dim_2516,0.0,0.0,2654,2654,0
2518,vgg16_dim_2518,0.0,0.0,2654,2654,0
2519,vgg16_dim_2519,0.0,0.0,2654,2654,0
2504,vgg16_dim_2504,0.0,0.0,2654,2654,0
2506,vgg16_dim_2506,0.0,0.0,2654,2654,0
2507,vgg16_dim_2507,0.0,0.0,2654,2654,0
2508,vgg16_dim_2508,0.0,0.0,2654,2654,0
2509,vgg16_dim_2509,0.0,0.0,2654,2654,0
2511,vgg16_dim_2511,0.0,0.0,2654,2654,0
2496,vgg16_dim_2496,0.0,0.0,2654,2654,0
2497,vgg16_dim_2497,0.0,0.0,2654,2654,0
2498,vgg16_dim_2498,0.0,0.0,2654,2654,0
2499,vgg16_dim_2499,0.0,0.0,2654,2654,0
2501,vgg16_dim_2501,0.0,0.0,2654,2654,0
2502,vgg16_dim_2502,0.0,0.0,2654,2654,0
2503,vgg16_dim_2503,0.0,0.0,2654,2654,0
697,vgg16_dim_697,0.0,0.0,2654,2654,0
699,vgg16_dim_699,0.0,0.0,2654,2654,0
701,vgg16_dim_701,0.0,0.0,2654,2654,0
702,vgg16_dim_702,0.0,0.0,2654,2654,0
688,vgg16_dim_688,0.0,0.0,2654,2654,0
691,vgg16_dim_691,0.0,0.0,2654,2654,0
693,vgg16_dim_693,0.0,0.0,2654,2654,0
694,vgg16_dim_694,0.0,0.0,2654,2654,0
695,vgg16_dim_695,0.0,0.0,2654,2654,0
682,vgg16_dim_682,0.0,0.0,2654,2654,0
683,vgg16_dim_683,0.0,0.0,2654,2654,0
684,vgg16_dim_684,0.0,0.0,2654,2654,0
686,vgg16_dim_686,0.0,0.0,2654,2654,0
687,vgg16_dim_687,0.0,0.0,2654,2654,0
672,vgg16_dim_672,0.0,0.0,2654,2654,0
675,vgg16_dim_675,0.0,0.0,2654,2654,0
677,vgg16_dim_677,0.0,0.0,2654,2654,0
678,vgg16_dim_678,0.0,0.0,2654,2654,0
679,vgg16_dim_679,0.0,0.0,2654,2654,0
2554,vgg16_dim_2554,0.0,0.0,2654,2654,0
2556,vgg16_dim_2556,0.0,0.0,2654,2654,0
2557,vgg16_dim_2557,0.0,0.0,2654,2654,0
2558,vgg16_dim_2558,0.0,0.0,2654,2654,0
2545,vgg16_dim_2545,0.0,0.0,2654,2654,0
2546,vgg16_dim_2546,0.0,0.0,2654,2654,0
2550,vgg16_dim_2550,0.0,0.0,2654,2654,0
2537,vgg16_dim_2537,0.0,0.0,2654,2654,0
2538,vgg16_dim_2538,0.0,0.0,2654,2654,0
2539,vgg16_dim_2539,0.0,0.0,2654,2654,0
2540,vgg16_dim_2540,0.0,0.0,2654,2654,0
2541,vgg16_dim_2541,0.0,0.0,2654,2654,0
2543,vgg16_dim_2543,0.0,0.0,2654,2654,0
2528,vgg16_dim_2528,0.0,0.0,2654,2654,0
2529,vgg16_dim_2529,0.0,0.0,2654,2654,0
2530,vgg16_dim_2530,0.0,0.0,2654,2654,0
2531,vgg16_dim_2531,0.0,0.0,2654,2654,0
2532,vgg16_dim_2532,0.0,0.0,2654,2654,0
2535,vgg16_dim_2535,0.0,0.0,2654,2654,0
2584,vgg16_dim_2584,0.0,0.0,2654,2654,0
2585,vgg16_dim_2585,0.0,0.0,2654,2654,0
2586,vgg16_dim_2586,0.0,0.0,2654,2654,0
2587,vgg16_dim_2587,0.0,0.0,2654,2654,0
2588,vgg16_dim_2588,0.0,0.0,2654,2654,0
2590,vgg16_dim_2590,0.0,0.0,2654,2654,0
2591,vgg16_dim_2591,0.0,0.0,2654,2654,0
2576,vgg16_dim_2576,0.0,0.0,2654,2654,0
2579,vgg16_dim_2579,0.0,0.0,2654,2654,0
2580,vgg16_dim_2580,0.0,0.0,2654,2654,0
2581,vgg16_dim_2581,0.0,0.0,2654,2654,0
2582,vgg16_dim_2582,0.0,0.0,2654,2654,0
2571,vgg16_dim_2571,0.0,0.0,2654,2654,0
2572,vgg16_dim_2572,0.0,0.0,2654,2654,0
2573,vgg16_dim_2573,0.0,0.0,2654,2654,0
2574,vgg16_dim_2574,0.0,0.0,2654,2654,0
2575,vgg16_dim_2575,0.0,0.0,2654,2654,0
2560,vgg16_dim_2560,0.0,0.0,2654,2654,0
2561,vgg16_dim_2561,0.0,0.0,2654,2654,0
2564,vgg16_dim_2564,0.0,0.0,2654,2654,0
2566,vgg16_dim_2566,0.0,0.0,2654,2654,0
2567,vgg16_dim_2567,0.0,0.0,2654,2654,0
664,vgg16_dim_664,0.0,0.0,2654,2654,0
665,vgg16_dim_665,0.0,0.0,2654,2654,0
666,vgg16_dim_666,0.0,0.0,2654,2654,0
668,vgg16_dim_668,0.0,0.0,2654,2654,0
669,vgg16_dim_669,0.0,0.0,2654,2654,0
671,vgg16_dim_671,0.0,0.0,2654,2654,0
656,vgg16_dim_656,0.0,0.0,2654,2654,0
657,vgg16_dim_657,0.0,0.0,2654,2654,0
658,vgg16_dim_658,0.0,0.0,2654,2654,0
659,vgg16_dim_659,0.0,0.0,2654,2654,0
660,vgg16_dim_660,0.0,0.0,2654,2654,0
662,vgg16_dim_662,0.0,0.0,2654,2654,0
663,vgg16_dim_663,0.0,0.0,2654,2654,0
648,vgg16_dim_648,0.0,0.0,2654,2654,0
651,vgg16_dim_651,0.0,0.0,2654,2654,0
652,vgg16_dim_652,0.0,0.0,2654,2654,0
653,vgg16_dim_653,0.0,0.0,2654,2654,0
654,vgg16_dim_654,0.0,0.0,2654,2654,0
655,vgg16_dim_655,0.0,0.0,2654,2654,0
640,vgg16_dim_640,0.0,0.0,2654,2654,0
642,vgg16_dim_642,0.0,0.0,2654,2654,0
644,vgg16_dim_644,0.0,0.0,2654,2654,0
646,vgg16_dim_646,0.0,0.0,2654,2654,0
647,vgg16_dim_647,0.0,0.0,2654,2654,0
2616,vgg16_dim_2616,0.0,0.0,2654,2654,0
2617,vgg16_dim_2617,0.0,0.0,2654,2654,0
2618,vgg16_dim_2618,0.0,0.0,2654,2654,0
2619,vgg16_dim_2619,0.0,0.0,2654,2654,0
2620,vgg16_dim_2620,0.0,0.0,2654,2654,0
2621,vgg16_dim_2621,0.0,0.0,2654,2654,0
2622,vgg16_dim_2622,0.0,0.0,2654,2654,0
2623,vgg16_dim_2623,0.0,0.0,2654,2654,0
2608,vgg16_dim_2608,0.0,0.0,2654,2654,0
2611,vgg16_dim_2611,0.0,0.0,2654,2654,0
2612,vgg16_dim_2612,0.0,0.0,2654,2654,0
2613,vgg16_dim_2613,0.0,0.0,2654,2654,0
2600,vgg16_dim_2600,0.0,0.0,2654,2654,0
2602,vgg16_dim_2602,0.0,0.0,2654,2654,0
2606,vgg16_dim_2606,0.0,0.0,2654,2654,0
2607,vgg16_dim_2607,0.0,0.0,2654,2654,0
2592,vgg16_dim_2592,0.0,0.0,2654,2654,0
2594,vgg16_dim_2594,0.0,0.0,2654,2654,0
2596,vgg16_dim_2596,0.0,0.0,2654,2654,0
2597,vgg16_dim_2597,0.0,0.0,2654,2654,0
2598,vgg16_dim_2598,0.0,0.0,2654,2654,0
2599,vgg16_dim_2599,0.0,0.0,2654,2654,0
2648,vgg16_dim_2648,0.0,0.0,2654,2654,0
2649,vgg16_dim_2649,0.0,0.0,2654,2654,0
2650,vgg16_dim_2650,0.0,0.0,2654,2654,0
2651,vgg16_dim_2651,0.0,0.0,2654,2654,0
2652,vgg16_dim_2652,0.0,0.0,2654,2654,0
2653,vgg16_dim_2653,0.0,0.0,2654,2654,0
2654,vgg16_dim_2654,0.0,0.0,2654,2654,0
2655,vgg16_dim_2655,0.0,0.0,2654,2654,0
2640,vgg16_dim_2640,0.0,0.0,2654,2654,0
2641,vgg16_dim_2641,0.0,0.0,2654,2654,0
2643,vgg16_dim_2643,0.0,0.0,2654,2654,0
2644,vgg16_dim_2644,0.0,0.0,2654,2654,0
2645,vgg16_dim_2645,0.0,0.0,2654,2654,0
2647,vgg16_dim_2647,0.0,0.0,2654,2654,0
2632,vgg16_dim_2632,0.0,0.0,2654,2654,0
2633,vgg16_dim_2633,0.0,0.0,2654,2654,0
2634,vgg16_dim_2634,0.0,0.0,2654,2654,0
2636,vgg16_dim_2636,0.0,0.0,2654,2654,0
2637,vgg16_dim_2637,0.0,0.0,2654,2654,0
2639,vgg16_dim_2639,0.0,0.0,2654,2654,0
2624,vgg16_dim_2624,0.0,0.0,2654,2654,0
2629,vgg16_dim_2629,0.0,0.0,2654,2654,0
2631,vgg16_dim_2631,0.0,0.0,2654,2654,0
2680,vgg16_dim_2680,0.0,0.0,2654,2654,0
2681,vgg16_dim_2681,0.0,0.0,2654,2654,0
2684,vgg16_dim_2684,0.0,0.0,2654,2654,0
2685,vgg16_dim_2685,0.0,0.0,2654,2654,0
2687,vgg16_dim_2687,0.0,0.0,2654,2654,0
2672,vgg16_dim_2672,0.0,0.0,2654,2654,0
2673,vgg16_dim_2673,0.0,0.0,2654,2654,0
2674,vgg16_dim_2674,0.0,0.0,2654,2654,0
2675,vgg16_dim_2675,0.0,0.0,2654,2654,0
2676,vgg16_dim_2676,0.0,0.0,2654,2654,0
2678,vgg16_dim_2678,0.0,0.0,2654,2654,0
2664,vgg16_dim_2664,0.0,0.0,2654,2654,0
2665,vgg16_dim_2665,0.0,0.0,2654,2654,0
2666,vgg16_dim_2666,0.0,0.0,2654,2654,0
2667,vgg16_dim_2667,0.0,0.0,2654,2654,0
2668,vgg16_dim_2668,0.0,0.0,2654,2654,0
2669,vgg16_dim_2669,0.0,0.0,2654,2654,0
2671,vgg16_dim_2671,0.0,0.0,2654,2654,0
2656,vgg16_dim_2656,0.0,0.0,2654,2654,0
2657,vgg16_dim_2657,0.0,0.0,2654,2654,0
2658,vgg16_dim_2658,0.0,0.0,2654,2654,0
2659,vgg16_dim_2659,0.0,0.0,2654,2654,0
2660,vgg16_dim_2660,0.0,0.0,2654,2654,0
2661,vgg16_dim_2661,0.0,0.0,2654,2654,0
2662,vgg16_dim_2662,0.0,0.0,2654,2654,0
2663,vgg16_dim_2663,0.0,0.0,2654,2654,0
632,vgg16_dim_632,0.0,0.0,2654,2654,0
633,vgg16_dim_633,0.0,0.0,2654,2654,0
634,vgg16_dim_634,0.0,0.0,2654,2654,0
635,vgg16_dim_635,0.0,0.0,2654,2654,0
636,vgg16_dim_636,0.0,0.0,2654,2654,0
637,vgg16_dim_637,0.0,0.0,2654,2654,0
639,vgg16_dim_639,0.0,0.0,2654,2654,0
624,vgg16_dim_624,0.0,0.0,2654,2654,0
625,vgg16_dim_625,0.0,0.0,2654,2654,0
626,vgg16_dim_626,0.0,0.0,2654,2654,0
627,vgg16_dim_627,0.0,0.0,2654,2654,0
628,vgg16_dim_628,0.0,0.0,2654,2654,0
630,vgg16_dim_630,0.0,0.0,2654,2654,0
616,vgg16_dim_616,0.0,0.0,2654,2654,0
617,vgg16_dim_617,0.0,0.0,2654,2654,0
618,vgg16_dim_618,0.0,0.0,2654,2654,0
622,vgg16_dim_622,0.0,0.0,2654,2654,0
608,vgg16_dim_608,0.0,0.0,2654,2654,0
609,vgg16_dim_609,0.0,0.0,2654,2654,0
610,vgg16_dim_610,0.0,0.0,2654,2654,0
614,vgg16_dim_614,0.0,0.0,2654,2654,0
615,vgg16_dim_615,0.0,0.0,2654,2654,0
2713,vgg16_dim_2713,0.0,0.0,2654,2654,0
2716,vgg16_dim_2716,0.0,0.0,2654,2654,0
2717,vgg16_dim_2717,0.0,0.0,2654,2654,0
2718,vgg16_dim_2718,0.0,0.0,2654,2654,0
2705,vgg16_dim_2705,0.0,0.0,2654,2654,0
2707,vgg16_dim_2707,0.0,0.0,2654,2654,0
2708,vgg16_dim_2708,0.0,0.0,2654,2654,0
2709,vgg16_dim_2709,0.0,0.0,2654,2654,0
2710,vgg16_dim_2710,0.0,0.0,2654,2654,0
2711,vgg16_dim_2711,0.0,0.0,2654,2654,0
2697,vgg16_dim_2697,0.0,0.0,2654,2654,0
2698,vgg16_dim_2698,0.0,0.0,2654,2654,0
2699,vgg16_dim_2699,0.0,0.0,2654,2654,0
2700,vgg16_dim_2700,0.0,0.0,2654,2654,0
2701,vgg16_dim_2701,0.0,0.0,2654,2654,0
2702,vgg16_dim_2702,0.0,0.0,2654,2654,0
2703,vgg16_dim_2703,0.0,0.0,2654,2654,0
2688,vgg16_dim_2688,0.0,0.0,2654,2654,0
2690,vgg16_dim_2690,0.0,0.0,2654,2654,0
2691,vgg16_dim_2691,0.0,0.0,2654,2654,0
2692,vgg16_dim_2692,0.0,0.0,2654,2654,0
2693,vgg16_dim_2693,0.0,0.0,2654,2654,0
2694,vgg16_dim_2694,0.0,0.0,2654,2654,0
2744,vgg16_dim_2744,0.0,0.0,2654,2654,0
2745,vgg16_dim_2745,0.0,0.0,2654,2654,0
2746,vgg16_dim_2746,0.0,0.0,2654,2654,0
2747,vgg16_dim_2747,0.0,0.0,2654,2654,0
2748,vgg16_dim_2748,0.0,0.0,2654,2654,0
2749,vgg16_dim_2749,0.0,0.0,2654,2654,0
2750,vgg16_dim_2750,0.0,0.0,2654,2654,0
2736,vgg16_dim_2736,0.0,0.0,2654,2654,0
2737,vgg16_dim_2737,0.0,0.0,2654,2654,0
2739,vgg16_dim_2739,0.0,0.0,2654,2654,0
2740,vgg16_dim_2740,0.0,0.0,2654,2654,0
2741,vgg16_dim_2741,0.0,0.0,2654,2654,0
2728,vgg16_dim_2728,0.0,0.0,2654,2654,0
2729,vgg16_dim_2729,0.0,0.0,2654,2654,0
2730,vgg16_dim_2730,0.0,0.0,2654,2654,0
2731,vgg16_dim_2731,0.0,0.0,2654,2654,0
2732,vgg16_dim_2732,0.0,0.0,2654,2654,0
2733,vgg16_dim_2733,0.0,0.0,2654,2654,0
2734,vgg16_dim_2734,0.0,0.0,2654,2654,0
2735,vgg16_dim_2735,0.0,0.0,2654,2654,0
2723,vgg16_dim_2723,0.0,0.0,2654,2654,0
2724,vgg16_dim_2724,0.0,0.0,2654,2654,0
2725,vgg16_dim_2725,0.0,0.0,2654,2654,0
2726,vgg16_dim_2726,0.0,0.0,2654,2654,0
2727,vgg16_dim_2727,0.0,0.0,2654,2654,0
600,vgg16_dim_600,0.0,0.0,2654,2654,0
601,vgg16_dim_601,0.0,0.0,2654,2654,0
603,vgg16_dim_603,0.0,0.0,2654,2654,0
605,vgg16_dim_605,0.0,0.0,2654,2654,0
606,vgg16_dim_606,0.0,0.0,2654,2654,0
593,vgg16_dim_593,0.0,0.0,2654,2654,0
596,vgg16_dim_596,0.0,0.0,2654,2654,0
598,vgg16_dim_598,0.0,0.0,2654,2654,0
599,vgg16_dim_599,0.0,0.0,2654,2654,0
588,vgg16_dim_588,0.0,0.0,2654,2654,0
589,vgg16_dim_589,0.0,0.0,2654,2654,0
590,vgg16_dim_590,0.0,0.0,2654,2654,0
591,vgg16_dim_591,0.0,0.0,2654,2654,0
577,vgg16_dim_577,0.0,0.0,2654,2654,0
578,vgg16_dim_578,0.0,0.0,2654,2654,0
579,vgg16_dim_579,0.0,0.0,2654,2654,0
580,vgg16_dim_580,0.0,0.0,2654,2654,0
583,vgg16_dim_583,0.0,0.0,2654,2654,0
2776,vgg16_dim_2776,0.0,0.0,2654,2654,0
2778,vgg16_dim_2778,0.0,0.0,2654,2654,0
2779,vgg16_dim_2779,0.0,0.0,2654,2654,0
2780,vgg16_dim_2780,0.0,0.0,2654,2654,0
2783,vgg16_dim_2783,0.0,0.0,2654,2654,0
2768,vgg16_dim_2768,0.0,0.0,2654,2654,0
2769,vgg16_dim_2769,0.0,0.0,2654,2654,0
2770,vgg16_dim_2770,0.0,0.0,2654,2654,0
2773,vgg16_dim_2773,0.0,0.0,2654,2654,0
2774,vgg16_dim_2774,0.0,0.0,2654,2654,0
2775,vgg16_dim_2775,0.0,0.0,2654,2654,0
2760,vgg16_dim_2760,0.0,0.0,2654,2654,0
2761,vgg16_dim_2761,0.0,0.0,2654,2654,0
2762,vgg16_dim_2762,0.0,0.0,2654,2654,0
2764,vgg16_dim_2764,0.0,0.0,2654,2654,0
2767,vgg16_dim_2767,0.0,0.0,2654,2654,0
2754,vgg16_dim_2754,0.0,0.0,2654,2654,0
2756,vgg16_dim_2756,0.0,0.0,2654,2654,0
2757,vgg16_dim_2757,0.0,0.0,2654,2654,0
2759,vgg16_dim_2759,0.0,0.0,2654,2654,0
2808,vgg16_dim_2808,0.0,0.0,2654,2654,0
2809,vgg16_dim_2809,0.0,0.0,2654,2654,0
2811,vgg16_dim_2811,0.0,0.0,2654,2654,0
2812,vgg16_dim_2812,0.0,0.0,2654,2654,0
2813,vgg16_dim_2813,0.0,0.0,2654,2654,0
2814,vgg16_dim_2814,0.0,0.0,2654,2654,0
2801,vgg16_dim_2801,0.0,0.0,2654,2654,0
2802,vgg16_dim_2802,0.0,0.0,2654,2654,0
2803,vgg16_dim_2803,0.0,0.0,2654,2654,0
2804,vgg16_dim_2804,0.0,0.0,2654,2654,0
2805,vgg16_dim_2805,0.0,0.0,2654,2654,0
2806,vgg16_dim_2806,0.0,0.0,2654,2654,0
2807,vgg16_dim_2807,0.0,0.0,2654,2654,0
2793,vgg16_dim_2793,0.0,0.0,2654,2654,0
2794,vgg16_dim_2794,0.0,0.0,2654,2654,0
2795,vgg16_dim_2795,0.0,0.0,2654,2654,0
2796,vgg16_dim_2796,0.0,0.0,2654,2654,0
2797,vgg16_dim_2797,0.0,0.0,2654,2654,0
2798,vgg16_dim_2798,0.0,0.0,2654,2654,0
2799,vgg16_dim_2799,0.0,0.0,2654,2654,0
2784,vgg16_dim_2784,0.0,0.0,2654,2654,0
2785,vgg16_dim_2785,0.0,0.0,2654,2654,0
2786,vgg16_dim_2786,0.0,0.0,2654,2654,0
2788,vgg16_dim_2788,0.0,0.0,2654,2654,0
2789,vgg16_dim_2789,0.0,0.0,2654,2654,0
2790,vgg16_dim_2790,0.0,0.0,2654,2654,0
2840,vgg16_dim_2840,0.0,0.0,2654,2654,0
2841,vgg16_dim_2841,0.0,0.0,2654,2654,0
2843,vgg16_dim_2843,0.0,0.0,2654,2654,0
2844,vgg16_dim_2844,0.0,0.0,2654,2654,0
2845,vgg16_dim_2845,0.0,0.0,2654,2654,0
2846,vgg16_dim_2846,0.0,0.0,2654,2654,0
2832,vgg16_dim_2832,0.0,0.0,2654,2654,0
2833,vgg16_dim_2833,0.0,0.0,2654,2654,0
2834,vgg16_dim_2834,0.0,0.0,2654,2654,0
2835,vgg16_dim_2835,0.0,0.0,2654,2654,0
2836,vgg16_dim_2836,0.0,0.0,2654,2654,0
2837,vgg16_dim_2837,0.0,0.0,2654,2654,0
2838,vgg16_dim_2838,0.0,0.0,2654,2654,0
2839,vgg16_dim_2839,0.0,0.0,2654,2654,0
2824,vgg16_dim_2824,0.0,0.0,2654,2654,0
2825,vgg16_dim_2825,0.0,0.0,2654,2654,0
2827,vgg16_dim_2827,0.0,0.0,2654,2654,0
2828,vgg16_dim_2828,0.0,0.0,2654,2654,0
2829,vgg16_dim_2829,0.0,0.0,2654,2654,0
2830,vgg16_dim_2830,0.0,0.0,2654,2654,0
2831,vgg16_dim_2831,0.0,0.0,2654,2654,0
2816,vgg16_dim_2816,0.0,0.0,2654,2654,0
2817,vgg16_dim_2817,0.0,0.0,2654,2654,0
2819,vgg16_dim_2819,0.0,0.0,2654,2654,0
2821,vgg16_dim_2821,0.0,0.0,2654,2654,0
2823,vgg16_dim_2823,0.0,0.0,2654,2654,0
2872,vgg16_dim_2872,0.0,0.0,2654,2654,0
2873,vgg16_dim_2873,0.0,0.0,2654,2654,0
2874,vgg16_dim_2874,0.0,0.0,2654,2654,0
2875,vgg16_dim_2875,0.0,0.0,2654,2654,0
2876,vgg16_dim_2876,0.0,0.0,2654,2654,0
2877,vgg16_dim_2877,0.0,0.0,2654,2654,0
2878,vgg16_dim_2878,0.0,0.0,2654,2654,0
2864,vgg16_dim_2864,0.0,0.0,2654,2654,0
2865,vgg16_dim_2865,0.0,0.0,2654,2654,0
2866,vgg16_dim_2866,0.0,0.0,2654,2654,0
2867,vgg16_dim_2867,0.0,0.0,2654,2654,0
2868,vgg16_dim_2868,0.0,0.0,2654,2654,0
2869,vgg16_dim_2869,0.0,0.0,2654,2654,0
2870,vgg16_dim_2870,0.0,0.0,2654,2654,0
2871,vgg16_dim_2871,0.0,0.0,2654,2654,0
2856,vgg16_dim_2856,0.0,0.0,2654,2654,0
2857,vgg16_dim_2857,0.0,0.0,2654,2654,0
2858,vgg16_dim_2858,0.0,0.0,2654,2654,0
2859,vgg16_dim_2859,0.0,0.0,2654,2654,0
2860,vgg16_dim_2860,0.0,0.0,2654,2654,0
2861,vgg16_dim_2861,0.0,0.0,2654,2654,0
2862,vgg16_dim_2862,0.0,0.0,2654,2654,0
2848,vgg16_dim_2848,0.0,0.0,2654,2654,0
2849,vgg16_dim_2849,0.0,0.0,2654,2654,0
2851,vgg16_dim_2851,0.0,0.0,2654,2654,0
2852,vgg16_dim_2852,0.0,0.0,2654,2654,0
2853,vgg16_dim_2853,0.0,0.0,2654,2654,0
2855,vgg16_dim_2855,0.0,0.0,2654,2654,0
568,vgg16_dim_568,0.0,0.0,2654,2654,0
569,vgg16_dim_569,0.0,0.0,2654,2654,0
570,vgg16_dim_570,0.0,0.0,2654,2654,0
571,vgg16_dim_571,0.0,0.0,2654,2654,0
573,vgg16_dim_573,0.0,0.0,2654,2654,0
574,vgg16_dim_574,0.0,0.0,2654,2654,0
575,vgg16_dim_575,0.0,0.0,2654,2654,0
560,vgg16_dim_560,0.0,0.0,2654,2654,0
561,vgg16_dim_561,0.0,0.0,2654,2654,0
562,vgg16_dim_562,0.0,0.0,2654,2654,0
563,vgg16_dim_563,0.0,0.0,2654,2654,0
567,vgg16_dim_567,0.0,0.0,2654,2654,0
552,vgg16_dim_552,0.0,0.0,2654,2654,0
554,vgg16_dim_554,0.0,0.0,2654,2654,0
556,vgg16_dim_556,0.0,0.0,2654,2654,0
557,vgg16_dim_557,0.0,0.0,2654,2654,0
545,vgg16_dim_545,0.0,0.0,2654,2654,0
547,vgg16_dim_547,0.0,0.0,2654,2654,0
548,vgg16_dim_548,0.0,0.0,2654,2654,0
549,vgg16_dim_549,0.0,0.0,2654,2654,0
550,vgg16_dim_550,0.0,0.0,2654,2654,0
551,vgg16_dim_551,0.0,0.0,2654,2654,0
2904,vgg16_dim_2904,0.0,0.0,2654,2654,0
2906,vgg16_dim_2906,0.0,0.0,2654,2654,0
2907,vgg16_dim_2907,0.0,0.0,2654,2654,0
2908,vgg16_dim_2908,0.0,0.0,2654,2654,0
2909,vgg16_dim_2909,0.0,0.0,2654,2654,0
2910,vgg16_dim_2910,0.0,0.0,2654,2654,0
2911,vgg16_dim_2911,0.0,0.0,2654,2654,0
2896,vgg16_dim_2896,0.0,0.0,2654,2654,0
2898,vgg16_dim_2898,0.0,0.0,2654,2654,0
2899,vgg16_dim_2899,0.0,0.0,2654,2654,0
2901,vgg16_dim_2901,0.0,0.0,2654,2654,0
2903,vgg16_dim_2903,0.0,0.0,2654,2654,0
2888,vgg16_dim_2888,0.0,0.0,2654,2654,0
2890,vgg16_dim_2890,0.0,0.0,2654,2654,0
2892,vgg16_dim_2892,0.0,0.0,2654,2654,0
2893,vgg16_dim_2893,0.0,0.0,2654,2654,0
2894,vgg16_dim_2894,0.0,0.0,2654,2654,0
2895,vgg16_dim_2895,0.0,0.0,2654,2654,0
2880,vgg16_dim_2880,0.0,0.0,2654,2654,0
2882,vgg16_dim_2882,0.0,0.0,2654,2654,0
2884,vgg16_dim_2884,0.0,0.0,2654,2654,0
2886,vgg16_dim_2886,0.0,0.0,2654,2654,0
2887,vgg16_dim_2887,0.0,0.0,2654,2654,0
2936,vgg16_dim_2936,0.0,0.0,2654,2654,0
2937,vgg16_dim_2937,0.0,0.0,2654,2654,0
2938,vgg16_dim_2938,0.0,0.0,2654,2654,0
2939,vgg16_dim_2939,0.0,0.0,2654,2654,0
2943,vgg16_dim_2943,0.0,0.0,2654,2654,0
2928,vgg16_dim_2928,0.0,0.0,2654,2654,0
2929,vgg16_dim_2929,0.0,0.0,2654,2654,0
2930,vgg16_dim_2930,0.0,0.0,2654,2654,0
2932,vgg16_dim_2932,0.0,0.0,2654,2654,0
2933,vgg16_dim_2933,0.0,0.0,2654,2654,0
2934,vgg16_dim_2934,0.0,0.0,2654,2654,0
2935,vgg16_dim_2935,0.0,0.0,2654,2654,0
2920,vgg16_dim_2920,0.0,0.0,2654,2654,0
2921,vgg16_dim_2921,0.0,0.0,2654,2654,0
2922,vgg16_dim_2922,0.0,0.0,2654,2654,0
2923,vgg16_dim_2923,0.0,0.0,2654,2654,0
2925,vgg16_dim_2925,0.0,0.0,2654,2654,0
2926,vgg16_dim_2926,0.0,0.0,2654,2654,0
2927,vgg16_dim_2927,0.0,0.0,2654,2654,0
2912,vgg16_dim_2912,0.0,0.0,2654,2654,0
2913,vgg16_dim_2913,0.0,0.0,2654,2654,0
2914,vgg16_dim_2914,0.0,0.0,2654,2654,0
2915,vgg16_dim_2915,0.0,0.0,2654,2654,0
2916,vgg16_dim_2916,0.0,0.0,2654,2654,0
2917,vgg16_dim_2917,0.0,0.0,2654,2654,0
2919,vgg16_dim_2919,0.0,0.0,2654,2654,0
536,vgg16_dim_536,0.0,0.0,2654,2654,0
537,vgg16_dim_537,0.0,0.0,2654,2654,0
539,vgg16_dim_539,0.0,0.0,2654,2654,0
540,vgg16_dim_540,0.0,0.0,2654,2654,0
541,vgg16_dim_541,0.0,0.0,2654,2654,0
542,vgg16_dim_542,0.0,0.0,2654,2654,0
543,vgg16_dim_543,0.0,0.0,2654,2654,0
529,vgg16_dim_529,0.0,0.0,2654,2654,0
531,vgg16_dim_531,0.0,0.0,2654,2654,0
533,vgg16_dim_533,0.0,0.0,2654,2654,0
534,vgg16_dim_534,0.0,0.0,2654,2654,0
520,vgg16_dim_520,0.0,0.0,2654,2654,0
521,vgg16_dim_521,0.0,0.0,2654,2654,0
522,vgg16_dim_522,0.0,0.0,2654,2654,0
523,vgg16_dim_523,0.0,0.0,2654,2654,0
527,vgg16_dim_527,0.0,0.0,2654,2654,0
512,vgg16_dim_512,0.0,0.0,2654,2654,0
513,vgg16_dim_513,0.0,0.0,2654,2654,0
514,vgg16_dim_514,0.0,0.0,2654,2654,0
515,vgg16_dim_515,0.0,0.0,2654,2654,0
516,vgg16_dim_516,0.0,0.0,2654,2654,0
519,vgg16_dim_519,0.0,0.0,2654,2654,0
2969,vgg16_dim_2969,0.0,0.0,2654,2654,0
2972,vgg16_dim_2972,0.0,0.0,2654,2654,0
2973,vgg16_dim_2973,0.0,0.0,2654,2654,0
2974,vgg16_dim_2974,0.0,0.0,2654,2654,0
2975,vgg16_dim_2975,0.0,0.0,2654,2654,0
2960,vgg16_dim_2960,0.0,0.0,2654,2654,0
2961,vgg16_dim_2961,0.0,0.0,2654,2654,0
2962,vgg16_dim_2962,0.0,0.0,2654,2654,0
2964,vgg16_dim_2964,0.0,0.0,2654,2654,0
2965,vgg16_dim_2965,0.0,0.0,2654,2654,0
2966,vgg16_dim_2966,0.0,0.0,2654,2654,0
2967,vgg16_dim_2967,0.0,0.0,2654,2654,0
2952,vgg16_dim_2952,0.0,0.0,2654,2654,0
2954,vgg16_dim_2954,0.0,0.0,2654,2654,0
2955,vgg16_dim_2955,0.0,0.0,2654,2654,0
2956,vgg16_dim_2956,0.0,0.0,2654,2654,0
2957,vgg16_dim_2957,0.0,0.0,2654,2654,0
2958,vgg16_dim_2958,0.0,0.0,2654,2654,0
2959,vgg16_dim_2959,0.0,0.0,2654,2654,0
2945,vgg16_dim_2945,0.0,0.0,2654,2654,0
2946,vgg16_dim_2946,0.0,0.0,2654,2654,0
2947,vgg16_dim_2947,0.0,0.0,2654,2654,0
3000,vgg16_dim_3000,0.0,0.0,2654,2654,0
3002,vgg16_dim_3002,0.0,0.0,2654,2654,0
3003,vgg16_dim_3003,0.0,0.0,2654,2654,0
3004,vgg16_dim_3004,0.0,0.0,2654,2654,0
3005,vgg16_dim_3005,0.0,0.0,2654,2654,0
2993,vgg16_dim_2993,0.0,0.0,2654,2654,0
2994,vgg16_dim_2994,0.0,0.0,2654,2654,0
2995,vgg16_dim_2995,0.0,0.0,2654,2654,0
2997,vgg16_dim_2997,0.0,0.0,2654,2654,0
2998,vgg16_dim_2998,0.0,0.0,2654,2654,0
2999,vgg16_dim_2999,0.0,0.0,2654,2654,0
2984,vgg16_dim_2984,0.0,0.0,2654,2654,0
2985,vgg16_dim_2985,0.0,0.0,2654,2654,0
2986,vgg16_dim_2986,0.0,0.0,2654,2654,0
2988,vgg16_dim_2988,0.0,0.0,2654,2654,0
2990,vgg16_dim_2990,0.0,0.0,2654,2654,0
2991,vgg16_dim_2991,0.0,0.0,2654,2654,0
2977,vgg16_dim_2977,0.0,0.0,2654,2654,0
2980,vgg16_dim_2980,0.0,0.0,2654,2654,0
2983,vgg16_dim_2983,0.0,0.0,2654,2654,0
3032,vgg16_dim_3032,0.0,0.0,2654,2654,0
3033,vgg16_dim_3033,0.0,0.0,2654,2654,0
3034,vgg16_dim_3034,0.0,0.0,2654,2654,0
3035,vgg16_dim_3035,0.0,0.0,2654,2654,0
3036,vgg16_dim_3036,0.0,0.0,2654,2654,0
3038,vgg16_dim_3038,0.0,0.0,2654,2654,0
3024,vgg16_dim_3024,0.0,0.0,2654,2654,0
3025,vgg16_dim_3025,0.0,0.0,2654,2654,0
3026,vgg16_dim_3026,0.0,0.0,2654,2654,0
3029,vgg16_dim_3029,0.0,0.0,2654,2654,0
3031,vgg16_dim_3031,0.0,0.0,2654,2654,0
3016,vgg16_dim_3016,0.0,0.0,2654,2654,0
3017,vgg16_dim_3017,0.0,0.0,2654,2654,0
3018,vgg16_dim_3018,0.0,0.0,2654,2654,0
3019,vgg16_dim_3019,0.0,0.0,2654,2654,0
3020,vgg16_dim_3020,0.0,0.0,2654,2654,0
3021,vgg16_dim_3021,0.0,0.0,2654,2654,0
3022,vgg16_dim_3022,0.0,0.0,2654,2654,0
3023,vgg16_dim_3023,0.0,0.0,2654,2654,0
3012,vgg16_dim_3012,0.0,0.0,2654,2654,0
3013,vgg16_dim_3013,0.0,0.0,2654,2654,0
3014,vgg16_dim_3014,0.0,0.0,2654,2654,0
3015,vgg16_dim_3015,0.0,0.0,2654,2654,0
504,vgg16_dim_504,0.0,0.0,2654,2654,0
505,vgg16_dim_505,0.0,0.0,2654,2654,0
506,vgg16_dim_506,0.0,0.0,2654,2654,0
507,vgg16_dim_507,0.0,0.0,2654,2654,0
508,vgg16_dim_508,0.0,0.0,2654,2654,0
509,vgg16_dim_509,0.0,0.0,2654,2654,0
510,vgg16_dim_510,0.0,0.0,2654,2654,0
496,vgg16_dim_496,0.0,0.0,2654,2654,0
499,vgg16_dim_499,0.0,0.0,2654,2654,0
500,vgg16_dim_500,0.0,0.0,2654,2654,0
501,vgg16_dim_501,0.0,0.0,2654,2654,0
503,vgg16_dim_503,0.0,0.0,2654,2654,0
489,vgg16_dim_489,0.0,0.0,2654,2654,0
490,vgg16_dim_490,0.0,0.0,2654,2654,0
492,vgg16_dim_492,0.0,0.0,2654,2654,0
493,vgg16_dim_493,0.0,0.0,2654,2654,0
494,vgg16_dim_494,0.0,0.0,2654,2654,0
495,vgg16_dim_495,0.0,0.0,2654,2654,0
480,vgg16_dim_480,0.0,0.0,2654,2654,0
483,vgg16_dim_483,0.0,0.0,2654,2654,0
484,vgg16_dim_484,0.0,0.0,2654,2654,0
485,vgg16_dim_485,0.0,0.0,2654,2654,0
486,vgg16_dim_486,0.0,0.0,2654,2654,0
487,vgg16_dim_487,0.0,0.0,2654,2654,0
3064,vgg16_dim_3064,0.0,0.0,2654,2654,0
3065,vgg16_dim_3065,0.0,0.0,2654,2654,0
3066,vgg16_dim_3066,0.0,0.0,2654,2654,0
3067,vgg16_dim_3067,0.0,0.0,2654,2654,0
3068,vgg16_dim_3068,0.0,0.0,2654,2654,0
3070,vgg16_dim_3070,0.0,0.0,2654,2654,0
3057,vgg16_dim_3057,0.0,0.0,2654,2654,0
3058,vgg16_dim_3058,0.0,0.0,2654,2654,0
3059,vgg16_dim_3059,0.0,0.0,2654,2654,0
3060,vgg16_dim_3060,0.0,0.0,2654,2654,0
3061,vgg16_dim_3061,0.0,0.0,2654,2654,0
3062,vgg16_dim_3062,0.0,0.0,2654,2654,0
3063,vgg16_dim_3063,0.0,0.0,2654,2654,0
3049,vgg16_dim_3049,0.0,0.0,2654,2654,0
3050,vgg16_dim_3050,0.0,0.0,2654,2654,0
3051,vgg16_dim_3051,0.0,0.0,2654,2654,0
3054,vgg16_dim_3054,0.0,0.0,2654,2654,0
3055,vgg16_dim_3055,0.0,0.0,2654,2654,0
3040,vgg16_dim_3040,0.0,0.0,2654,2654,0
3041,vgg16_dim_3041,0.0,0.0,2654,2654,0
3042,vgg16_dim_3042,0.0,0.0,2654,2654,0
3043,vgg16_dim_3043,0.0,0.0,2654,2654,0
3045,vgg16_dim_3045,0.0,0.0,2654,2654,0
3047,vgg16_dim_3047,0.0,0.0,2654,2654,0
3096,vgg16_dim_3096,0.0,0.0,2654,2654,0
3097,vgg16_dim_3097,0.0,0.0,2654,2654,0
3098,vgg16_dim_3098,0.0,0.0,2654,2654,0
3099,vgg16_dim_3099,0.0,0.0,2654,2654,0
3101,vgg16_dim_3101,0.0,0.0,2654,2654,0
3103,vgg16_dim_3103,0.0,0.0,2654,2654,0
3089,vgg16_dim_3089,0.0,0.0,2654,2654,0
3090,vgg16_dim_3090,0.0,0.0,2654,2654,0
3094,vgg16_dim_3094,0.0,0.0,2654,2654,0
3095,vgg16_dim_3095,0.0,0.0,2654,2654,0
3081,vgg16_dim_3081,0.0,0.0,2654,2654,0
3082,vgg16_dim_3082,0.0,0.0,2654,2654,0
3083,vgg16_dim_3083,0.0,0.0,2654,2654,0
3085,vgg16_dim_3085,0.0,0.0,2654,2654,0
3086,vgg16_dim_3086,0.0,0.0,2654,2654,0
3072,vgg16_dim_3072,0.0,0.0,2654,2654,0
3073,vgg16_dim_3073,0.0,0.0,2654,2654,0
3074,vgg16_dim_3074,0.0,0.0,2654,2654,0
3075,vgg16_dim_3075,0.0,0.0,2654,2654,0
3076,vgg16_dim_3076,0.0,0.0,2654,2654,0
3079,vgg16_dim_3079,0.0,0.0,2654,2654,0
3128,vgg16_dim_3128,0.0,0.0,2654,2654,0
3131,vgg16_dim_3131,0.0,0.0,2654,2654,0
3132,vgg16_dim_3132,0.0,0.0,2654,2654,0
3133,vgg16_dim_3133,0.0,0.0,2654,2654,0
3134,vgg16_dim_3134,0.0,0.0,2654,2654,0
3121,vgg16_dim_3121,0.0,0.0,2654,2654,0
3122,vgg16_dim_3122,0.0,0.0,2654,2654,0
3123,vgg16_dim_3123,0.0,0.0,2654,2654,0
3125,vgg16_dim_3125,0.0,0.0,2654,2654,0
3127,vgg16_dim_3127,0.0,0.0,2654,2654,0
3112,vgg16_dim_3112,0.0,0.0,2654,2654,0
3114,vgg16_dim_3114,0.0,0.0,2654,2654,0
3115,vgg16_dim_3115,0.0,0.0,2654,2654,0
3116,vgg16_dim_3116,0.0,0.0,2654,2654,0
3117,vgg16_dim_3117,0.0,0.0,2654,2654,0
3104,vgg16_dim_3104,0.0,0.0,2654,2654,0
3106,vgg16_dim_3106,0.0,0.0,2654,2654,0
3107,vgg16_dim_3107,0.0,0.0,2654,2654,0
3108,vgg16_dim_3108,0.0,0.0,2654,2654,0
3109,vgg16_dim_3109,0.0,0.0,2654,2654,0
3110,vgg16_dim_3110,0.0,0.0,2654,2654,0
3111,vgg16_dim_3111,0.0,0.0,2654,2654,0
473,vgg16_dim_473,0.0,0.0,2654,2654,0
474,vgg16_dim_474,0.0,0.0,2654,2654,0
475,vgg16_dim_475,0.0,0.0,2654,2654,0
476,vgg16_dim_476,0.0,0.0,2654,2654,0
477,vgg16_dim_477,0.0,0.0,2654,2654,0
478,vgg16_dim_478,0.0,0.0,2654,2654,0
479,vgg16_dim_479,0.0,0.0,2654,2654,0
464,vgg16_dim_464,0.0,0.0,2654,2654,0
465,vgg16_dim_465,0.0,0.0,2654,2654,0
466,vgg16_dim_466,0.0,0.0,2654,2654,0
468,vgg16_dim_468,0.0,0.0,2654,2654,0
469,vgg16_dim_469,0.0,0.0,2654,2654,0
470,vgg16_dim_470,0.0,0.0,2654,2654,0
471,vgg16_dim_471,0.0,0.0,2654,2654,0
456,vgg16_dim_456,0.0,0.0,2654,2654,0
457,vgg16_dim_457,0.0,0.0,2654,2654,0
458,vgg16_dim_458,0.0,0.0,2654,2654,0
460,vgg16_dim_460,0.0,0.0,2654,2654,0
461,vgg16_dim_461,0.0,0.0,2654,2654,0
462,vgg16_dim_462,0.0,0.0,2654,2654,0
448,vgg16_dim_448,0.0,0.0,2654,2654,0
449,vgg16_dim_449,0.0,0.0,2654,2654,0
450,vgg16_dim_450,0.0,0.0,2654,2654,0
452,vgg16_dim_452,0.0,0.0,2654,2654,0
453,vgg16_dim_453,0.0,0.0,2654,2654,0
454,vgg16_dim_454,0.0,0.0,2654,2654,0
455,vgg16_dim_455,0.0,0.0,2654,2654,0
3160,vgg16_dim_3160,0.0,0.0,2654,2654,0
3163,vgg16_dim_3163,0.0,0.0,2654,2654,0
3164,vgg16_dim_3164,0.0,0.0,2654,2654,0
3165,vgg16_dim_3165,0.0,0.0,2654,2654,0
3167,vgg16_dim_3167,0.0,0.0,2654,2654,0
3152,vgg16_dim_3152,0.0,0.0,2654,2654,0
3153,vgg16_dim_3153,0.0,0.0,2654,2654,0
3154,vgg16_dim_3154,0.0,0.0,2654,2654,0
3155,vgg16_dim_3155,0.0,0.0,2654,2654,0
3156,vgg16_dim_3156,0.0,0.0,2654,2654,0
3157,vgg16_dim_3157,0.0,0.0,2654,2654,0
3159,vgg16_dim_3159,0.0,0.0,2654,2654,0
3146,vgg16_dim_3146,0.0,0.0,2654,2654,0
3147,vgg16_dim_3147,0.0,0.0,2654,2654,0
3148,vgg16_dim_3148,0.0,0.0,2654,2654,0
3149,vgg16_dim_3149,0.0,0.0,2654,2654,0
3151,vgg16_dim_3151,0.0,0.0,2654,2654,0
3136,vgg16_dim_3136,0.0,0.0,2654,2654,0
3137,vgg16_dim_3137,0.0,0.0,2654,2654,0
3138,vgg16_dim_3138,0.0,0.0,2654,2654,0
3139,vgg16_dim_3139,0.0,0.0,2654,2654,0
3142,vgg16_dim_3142,0.0,0.0,2654,2654,0
3143,vgg16_dim_3143,0.0,0.0,2654,2654,0
440,vgg16_dim_440,0.0,0.0,2654,2654,0
441,vgg16_dim_441,0.0,0.0,2654,2654,0
444,vgg16_dim_444,0.0,0.0,2654,2654,0
447,vgg16_dim_447,0.0,0.0,2654,2654,0
433,vgg16_dim_433,0.0,0.0,2654,2654,0
434,vgg16_dim_434,0.0,0.0,2654,2654,0
435,vgg16_dim_435,0.0,0.0,2654,2654,0
438,vgg16_dim_438,0.0,0.0,2654,2654,0
439,vgg16_dim_439,0.0,0.0,2654,2654,0
424,vgg16_dim_424,0.0,0.0,2654,2654,0
426,vgg16_dim_426,0.0,0.0,2654,2654,0
429,vgg16_dim_429,0.0,0.0,2654,2654,0
430,vgg16_dim_430,0.0,0.0,2654,2654,0
416,vgg16_dim_416,0.0,0.0,2654,2654,0
417,vgg16_dim_417,0.0,0.0,2654,2654,0
418,vgg16_dim_418,0.0,0.0,2654,2654,0
419,vgg16_dim_419,0.0,0.0,2654,2654,0
420,vgg16_dim_420,0.0,0.0,2654,2654,0
421,vgg16_dim_421,0.0,0.0,2654,2654,0
422,vgg16_dim_422,0.0,0.0,2654,2654,0
3193,vgg16_dim_3193,0.0,0.0,2654,2654,0
3194,vgg16_dim_3194,0.0,0.0,2654,2654,0
3195,vgg16_dim_3195,0.0,0.0,2654,2654,0
3196,vgg16_dim_3196,0.0,0.0,2654,2654,0
3198,vgg16_dim_3198,0.0,0.0,2654,2654,0
3199,vgg16_dim_3199,0.0,0.0,2654,2654,0
3184,vgg16_dim_3184,0.0,0.0,2654,2654,0
3185,vgg16_dim_3185,0.0,0.0,2654,2654,0
3186,vgg16_dim_3186,0.0,0.0,2654,2654,0
3187,vgg16_dim_3187,0.0,0.0,2654,2654,0
3190,vgg16_dim_3190,0.0,0.0,2654,2654,0
3191,vgg16_dim_3191,0.0,0.0,2654,2654,0
3176,vgg16_dim_3176,0.0,0.0,2654,2654,0
3179,vgg16_dim_3179,0.0,0.0,2654,2654,0
3181,vgg16_dim_3181,0.0,0.0,2654,2654,0
3182,vgg16_dim_3182,0.0,0.0,2654,2654,0
3168,vgg16_dim_3168,0.0,0.0,2654,2654,0
3171,vgg16_dim_3171,0.0,0.0,2654,2654,0
3173,vgg16_dim_3173,0.0,0.0,2654,2654,0
3224,vgg16_dim_3224,0.0,0.0,2654,2654,0
3225,vgg16_dim_3225,0.0,0.0,2654,2654,0
3226,vgg16_dim_3226,0.0,0.0,2654,2654,0
3227,vgg16_dim_3227,0.0,0.0,2654,2654,0
3228,vgg16_dim_3228,0.0,0.0,2654,2654,0
3230,vgg16_dim_3230,0.0,0.0,2654,2654,0
3219,vgg16_dim_3219,0.0,0.0,2654,2654,0
3220,vgg16_dim_3220,0.0,0.0,2654,2654,0
3222,vgg16_dim_3222,0.0,0.0,2654,2654,0
3223,vgg16_dim_3223,0.0,0.0,2654,2654,0
3209,vgg16_dim_3209,0.0,0.0,2654,2654,0
3210,vgg16_dim_3210,0.0,0.0,2654,2654,0
3212,vgg16_dim_3212,0.0,0.0,2654,2654,0
3213,vgg16_dim_3213,0.0,0.0,2654,2654,0
3215,vgg16_dim_3215,0.0,0.0,2654,2654,0
3200,vgg16_dim_3200,0.0,0.0,2654,2654,0
3201,vgg16_dim_3201,0.0,0.0,2654,2654,0
3202,vgg16_dim_3202,0.0,0.0,2654,2654,0
3203,vgg16_dim_3203,0.0,0.0,2654,2654,0
3204,vgg16_dim_3204,0.0,0.0,2654,2654,0
3205,vgg16_dim_3205,0.0,0.0,2654,2654,0
3206,vgg16_dim_3206,0.0,0.0,2654,2654,0
3256,vgg16_dim_3256,0.0,0.0,2654,2654,0
3257,vgg16_dim_3257,0.0,0.0,2654,2654,0
3258,vgg16_dim_3258,0.0,0.0,2654,2654,0
3260,vgg16_dim_3260,0.0,0.0,2654,2654,0
3262,vgg16_dim_3262,0.0,0.0,2654,2654,0
3263,vgg16_dim_3263,0.0,0.0,2654,2654,0
3248,vgg16_dim_3248,0.0,0.0,2654,2654,0
3249,vgg16_dim_3249,0.0,0.0,2654,2654,0
3250,vgg16_dim_3250,0.0,0.0,2654,2654,0
3251,vgg16_dim_3251,0.0,0.0,2654,2654,0
3252,vgg16_dim_3252,0.0,0.0,2654,2654,0
3253,vgg16_dim_3253,0.0,0.0,2654,2654,0
3255,vgg16_dim_3255,0.0,0.0,2654,2654,0
3240,vgg16_dim_3240,0.0,0.0,2654,2654,0
3243,vgg16_dim_3243,0.0,0.0,2654,2654,0
3244,vgg16_dim_3244,0.0,0.0,2654,2654,0
3245,vgg16_dim_3245,0.0,0.0,2654,2654,0
3246,vgg16_dim_3246,0.0,0.0,2654,2654,0
3247,vgg16_dim_3247,0.0,0.0,2654,2654,0
3232,vgg16_dim_3232,0.0,0.0,2654,2654,0
3234,vgg16_dim_3234,0.0,0.0,2654,2654,0
3235,vgg16_dim_3235,0.0,0.0,2654,2654,0
3237,vgg16_dim_3237,0.0,0.0,2654,2654,0
3238,vgg16_dim_3238,0.0,0.0,2654,2654,0
3239,vgg16_dim_3239,0.0,0.0,2654,2654,0
408,vgg16_dim_408,0.0,0.0,2654,2654,0
410,vgg16_dim_410,0.0,0.0,2654,2654,0
411,vgg16_dim_411,0.0,0.0,2654,2654,0
412,vgg16_dim_412,0.0,0.0,2654,2654,0
413,vgg16_dim_413,0.0,0.0,2654,2654,0
415,vgg16_dim_415,0.0,0.0,2654,2654,0
401,vgg16_dim_401,0.0,0.0,2654,2654,0
402,vgg16_dim_402,0.0,0.0,2654,2654,0
403,vgg16_dim_403,0.0,0.0,2654,2654,0
406,vgg16_dim_406,0.0,0.0,2654,2654,0
407,vgg16_dim_407,0.0,0.0,2654,2654,0
392,vgg16_dim_392,0.0,0.0,2654,2654,0
393,vgg16_dim_393,0.0,0.0,2654,2654,0
394,vgg16_dim_394,0.0,0.0,2654,2654,0
398,vgg16_dim_398,0.0,0.0,2654,2654,0
384,vgg16_dim_384,0.0,0.0,2654,2654,0
385,vgg16_dim_385,0.0,0.0,2654,2654,0
386,vgg16_dim_386,0.0,0.0,2654,2654,0
387,vgg16_dim_387,0.0,0.0,2654,2654,0
388,vgg16_dim_388,0.0,0.0,2654,2654,0
389,vgg16_dim_389,0.0,0.0,2654,2654,0
390,vgg16_dim_390,0.0,0.0,2654,2654,0
3288,vgg16_dim_3288,0.0,0.0,2654,2654,0
3289,vgg16_dim_3289,0.0,0.0,2654,2654,0
3291,vgg16_dim_3291,0.0,0.0,2654,2654,0
3292,vgg16_dim_3292,0.0,0.0,2654,2654,0
3293,vgg16_dim_3293,0.0,0.0,2654,2654,0
3294,vgg16_dim_3294,0.0,0.0,2654,2654,0
3295,vgg16_dim_3295,0.0,0.0,2654,2654,0
3282,vgg16_dim_3282,0.0,0.0,2654,2654,0
3283,vgg16_dim_3283,0.0,0.0,2654,2654,0
3285,vgg16_dim_3285,0.0,0.0,2654,2654,0
3287,vgg16_dim_3287,0.0,0.0,2654,2654,0
3272,vgg16_dim_3272,0.0,0.0,2654,2654,0
3273,vgg16_dim_3273,0.0,0.0,2654,2654,0
3274,vgg16_dim_3274,0.0,0.0,2654,2654,0
3275,vgg16_dim_3275,0.0,0.0,2654,2654,0
3277,vgg16_dim_3277,0.0,0.0,2654,2654,0
3278,vgg16_dim_3278,0.0,0.0,2654,2654,0
3279,vgg16_dim_3279,0.0,0.0,2654,2654,0
3265,vgg16_dim_3265,0.0,0.0,2654,2654,0
3268,vgg16_dim_3268,0.0,0.0,2654,2654,0
3270,vgg16_dim_3270,0.0,0.0,2654,2654,0
3321,vgg16_dim_3321,0.0,0.0,2654,2654,0
3322,vgg16_dim_3322,0.0,0.0,2654,2654,0
3323,vgg16_dim_3323,0.0,0.0,2654,2654,0
3325,vgg16_dim_3325,0.0,0.0,2654,2654,0
3326,vgg16_dim_3326,0.0,0.0,2654,2654,0
3327,vgg16_dim_3327,0.0,0.0,2654,2654,0
3312,vgg16_dim_3312,0.0,0.0,2654,2654,0
3314,vgg16_dim_3314,0.0,0.0,2654,2654,0
3315,vgg16_dim_3315,0.0,0.0,2654,2654,0
3316,vgg16_dim_3316,0.0,0.0,2654,2654,0
3317,vgg16_dim_3317,0.0,0.0,2654,2654,0
3318,vgg16_dim_3318,0.0,0.0,2654,2654,0
3304,vgg16_dim_3304,0.0,0.0,2654,2654,0
3306,vgg16_dim_3306,0.0,0.0,2654,2654,0
3307,vgg16_dim_3307,0.0,0.0,2654,2654,0
3308,vgg16_dim_3308,0.0,0.0,2654,2654,0
3309,vgg16_dim_3309,0.0,0.0,2654,2654,0
3310,vgg16_dim_3310,0.0,0.0,2654,2654,0
3311,vgg16_dim_3311,0.0,0.0,2654,2654,0
3297,vgg16_dim_3297,0.0,0.0,2654,2654,0
3298,vgg16_dim_3298,0.0,0.0,2654,2654,0
3299,vgg16_dim_3299,0.0,0.0,2654,2654,0
3300,vgg16_dim_3300,0.0,0.0,2654,2654,0
3301,vgg16_dim_3301,0.0,0.0,2654,2654,0
3302,vgg16_dim_3302,0.0,0.0,2654,2654,0
3303,vgg16_dim_3303,0.0,0.0,2654,2654,0
3353,vgg16_dim_3353,0.0,0.0,2654,2654,0
3354,vgg16_dim_3354,0.0,0.0,2654,2654,0
3355,vgg16_dim_3355,0.0,0.0,2654,2654,0
3356,vgg16_dim_3356,0.0,0.0,2654,2654,0
3357,vgg16_dim_3357,0.0,0.0,2654,2654,0
3344,vgg16_dim_3344,0.0,0.0,2654,2654,0
3345,vgg16_dim_3345,0.0,0.0,2654,2654,0
3347,vgg16_dim_3347,0.0,0.0,2654,2654,0
3348,vgg16_dim_3348,0.0,0.0,2654,2654,0
3349,vgg16_dim_3349,0.0,0.0,2654,2654,0
3350,vgg16_dim_3350,0.0,0.0,2654,2654,0
3337,vgg16_dim_3337,0.0,0.0,2654,2654,0
3338,vgg16_dim_3338,0.0,0.0,2654,2654,0
3339,vgg16_dim_3339,0.0,0.0,2654,2654,0
3340,vgg16_dim_3340,0.0,0.0,2654,2654,0
3341,vgg16_dim_3341,0.0,0.0,2654,2654,0
3342,vgg16_dim_3342,0.0,0.0,2654,2654,0
3343,vgg16_dim_3343,0.0,0.0,2654,2654,0
3329,vgg16_dim_3329,0.0,0.0,2654,2654,0
3330,vgg16_dim_3330,0.0,0.0,2654,2654,0
3331,vgg16_dim_3331,0.0,0.0,2654,2654,0
3332,vgg16_dim_3332,0.0,0.0,2654,2654,0
3333,vgg16_dim_3333,0.0,0.0,2654,2654,0
3334,vgg16_dim_3334,0.0,0.0,2654,2654,0
3335,vgg16_dim_3335,0.0,0.0,2654,2654,0
376,vgg16_dim_376,0.0,0.0,2654,2654,0
377,vgg16_dim_377,0.0,0.0,2654,2654,0
378,vgg16_dim_378,0.0,0.0,2654,2654,0
379,vgg16_dim_379,0.0,0.0,2654,2654,0
380,vgg16_dim_380,0.0,0.0,2654,2654,0
381,vgg16_dim_381,0.0,0.0,2654,2654,0
382,vgg16_dim_382,0.0,0.0,2654,2654,0
383,vgg16_dim_383,0.0,0.0,2654,2654,0
368,vgg16_dim_368,0.0,0.0,2654,2654,0
369,vgg16_dim_369,0.0,0.0,2654,2654,0
370,vgg16_dim_370,0.0,0.0,2654,2654,0
372,vgg16_dim_372,0.0,0.0,2654,2654,0
373,vgg16_dim_373,0.0,0.0,2654,2654,0
375,vgg16_dim_375,0.0,0.0,2654,2654,0
360,vgg16_dim_360,0.0,0.0,2654,2654,0
362,vgg16_dim_362,0.0,0.0,2654,2654,0
365,vgg16_dim_365,0.0,0.0,2654,2654,0
367,vgg16_dim_367,0.0,0.0,2654,2654,0
353,vgg16_dim_353,0.0,0.0,2654,2654,0
354,vgg16_dim_354,0.0,0.0,2654,2654,0
356,vgg16_dim_356,0.0,0.0,2654,2654,0
357,vgg16_dim_357,0.0,0.0,2654,2654,0
358,vgg16_dim_358,0.0,0.0,2654,2654,0
359,vgg16_dim_359,0.0,0.0,2654,2654,0
3384,vgg16_dim_3384,0.0,0.0,2654,2654,0
3386,vgg16_dim_3386,0.0,0.0,2654,2654,0
3387,vgg16_dim_3387,0.0,0.0,2654,2654,0
3377,vgg16_dim_3377,0.0,0.0,2654,2654,0
3380,vgg16_dim_3380,0.0,0.0,2654,2654,0
3381,vgg16_dim_3381,0.0,0.0,2654,2654,0
3383,vgg16_dim_3383,0.0,0.0,2654,2654,0
3369,vgg16_dim_3369,0.0,0.0,2654,2654,0
3371,vgg16_dim_3371,0.0,0.0,2654,2654,0
3372,vgg16_dim_3372,0.0,0.0,2654,2654,0
3373,vgg16_dim_3373,0.0,0.0,2654,2654,0
3374,vgg16_dim_3374,0.0,0.0,2654,2654,0
3375,vgg16_dim_3375,0.0,0.0,2654,2654,0
3360,vgg16_dim_3360,0.0,0.0,2654,2654,0
3361,vgg16_dim_3361,0.0,0.0,2654,2654,0
3362,vgg16_dim_3362,0.0,0.0,2654,2654,0
3364,vgg16_dim_3364,0.0,0.0,2654,2654,0
3366,vgg16_dim_3366,0.0,0.0,2654,2654,0
3416,vgg16_dim_3416,0.0,0.0,2654,2654,0
3417,vgg16_dim_3417,0.0,0.0,2654,2654,0
3418,vgg16_dim_3418,0.0,0.0,2654,2654,0
3419,vgg16_dim_3419,0.0,0.0,2654,2654,0
3421,vgg16_dim_3421,0.0,0.0,2654,2654,0
3423,vgg16_dim_3423,0.0,0.0,2654,2654,0
3409,vgg16_dim_3409,0.0,0.0,2654,2654,0
3410,vgg16_dim_3410,0.0,0.0,2654,2654,0
3411,vgg16_dim_3411,0.0,0.0,2654,2654,0
3413,vgg16_dim_3413,0.0,0.0,2654,2654,0
3414,vgg16_dim_3414,0.0,0.0,2654,2654,0
3400,vgg16_dim_3400,0.0,0.0,2654,2654,0
3402,vgg16_dim_3402,0.0,0.0,2654,2654,0
3403,vgg16_dim_3403,0.0,0.0,2654,2654,0
3404,vgg16_dim_3404,0.0,0.0,2654,2654,0
3405,vgg16_dim_3405,0.0,0.0,2654,2654,0
3406,vgg16_dim_3406,0.0,0.0,2654,2654,0
3407,vgg16_dim_3407,0.0,0.0,2654,2654,0
3393,vgg16_dim_3393,0.0,0.0,2654,2654,0
3394,vgg16_dim_3394,0.0,0.0,2654,2654,0
3395,vgg16_dim_3395,0.0,0.0,2654,2654,0
3396,vgg16_dim_3396,0.0,0.0,2654,2654,0
3397,vgg16_dim_3397,0.0,0.0,2654,2654,0
3398,vgg16_dim_3398,0.0,0.0,2654,2654,0
3399,vgg16_dim_3399,0.0,0.0,2654,2654,0
345,vgg16_dim_345,0.0,0.0,2654,2654,0
347,vgg16_dim_347,0.0,0.0,2654,2654,0
349,vgg16_dim_349,0.0,0.0,2654,2654,0
350,vgg16_dim_350,0.0,0.0,2654,2654,0
351,vgg16_dim_351,0.0,0.0,2654,2654,0
336,vgg16_dim_336,0.0,0.0,2654,2654,0
337,vgg16_dim_337,0.0,0.0,2654,2654,0
339,vgg16_dim_339,0.0,0.0,2654,2654,0
340,vgg16_dim_340,0.0,0.0,2654,2654,0
341,vgg16_dim_341,0.0,0.0,2654,2654,0
342,vgg16_dim_342,0.0,0.0,2654,2654,0
343,vgg16_dim_343,0.0,0.0,2654,2654,0
328,vgg16_dim_328,0.0,0.0,2654,2654,0
329,vgg16_dim_329,0.0,0.0,2654,2654,0
331,vgg16_dim_331,0.0,0.0,2654,2654,0
332,vgg16_dim_332,0.0,0.0,2654,2654,0
320,vgg16_dim_320,0.0,0.0,2654,2654,0
321,vgg16_dim_321,0.0,0.0,2654,2654,0
322,vgg16_dim_322,0.0,0.0,2654,2654,0
324,vgg16_dim_324,0.0,0.0,2654,2654,0
325,vgg16_dim_325,0.0,0.0,2654,2654,0
326,vgg16_dim_326,0.0,0.0,2654,2654,0
327,vgg16_dim_327,0.0,0.0,2654,2654,0
3448,vgg16_dim_3448,0.0,0.0,2654,2654,0
3449,vgg16_dim_3449,0.0,0.0,2654,2654,0
3450,vgg16_dim_3450,0.0,0.0,2654,2654,0
3452,vgg16_dim_3452,0.0,0.0,2654,2654,0
3453,vgg16_dim_3453,0.0,0.0,2654,2654,0
3455,vgg16_dim_3455,0.0,0.0,2654,2654,0
3440,vgg16_dim_3440,0.0,0.0,2654,2654,0
3441,vgg16_dim_3441,0.0,0.0,2654,2654,0
3442,vgg16_dim_3442,0.0,0.0,2654,2654,0
3443,vgg16_dim_3443,0.0,0.0,2654,2654,0
3444,vgg16_dim_3444,0.0,0.0,2654,2654,0
3445,vgg16_dim_3445,0.0,0.0,2654,2654,0
3446,vgg16_dim_3446,0.0,0.0,2654,2654,0
3447,vgg16_dim_3447,0.0,0.0,2654,2654,0
3432,vgg16_dim_3432,0.0,0.0,2654,2654,0
3433,vgg16_dim_3433,0.0,0.0,2654,2654,0
3434,vgg16_dim_3434,0.0,0.0,2654,2654,0
3435,vgg16_dim_3435,0.0,0.0,2654,2654,0
3437,vgg16_dim_3437,0.0,0.0,2654,2654,0
3424,vgg16_dim_3424,0.0,0.0,2654,2654,0
3425,vgg16_dim_3425,0.0,0.0,2654,2654,0
3426,vgg16_dim_3426,0.0,0.0,2654,2654,0
3427,vgg16_dim_3427,0.0,0.0,2654,2654,0
3428,vgg16_dim_3428,0.0,0.0,2654,2654,0
3429,vgg16_dim_3429,0.0,0.0,2654,2654,0
3431,vgg16_dim_3431,0.0,0.0,2654,2654,0
3480,vgg16_dim_3480,0.0,0.0,2654,2654,0
3481,vgg16_dim_3481,0.0,0.0,2654,2654,0
3483,vgg16_dim_3483,0.0,0.0,2654,2654,0
3487,vgg16_dim_3487,0.0,0.0,2654,2654,0
3472,vgg16_dim_3472,0.0,0.0,2654,2654,0
3473,vgg16_dim_3473,0.0,0.0,2654,2654,0
3474,vgg16_dim_3474,0.0,0.0,2654,2654,0
3475,vgg16_dim_3475,0.0,0.0,2654,2654,0
3476,vgg16_dim_3476,0.0,0.0,2654,2654,0
3478,vgg16_dim_3478,0.0,0.0,2654,2654,0
3479,vgg16_dim_3479,0.0,0.0,2654,2654,0
3464,vgg16_dim_3464,0.0,0.0,2654,2654,0
3466,vgg16_dim_3466,0.0,0.0,2654,2654,0
3468,vgg16_dim_3468,0.0,0.0,2654,2654,0
3469,vgg16_dim_3469,0.0,0.0,2654,2654,0
3456,vgg16_dim_3456,0.0,0.0,2654,2654,0
3458,vgg16_dim_3458,0.0,0.0,2654,2654,0
3459,vgg16_dim_3459,0.0,0.0,2654,2654,0
3461,vgg16_dim_3461,0.0,0.0,2654,2654,0
3462,vgg16_dim_3462,0.0,0.0,2654,2654,0
3512,vgg16_dim_3512,0.0,0.0,2654,2654,0
3514,vgg16_dim_3514,0.0,0.0,2654,2654,0
3515,vgg16_dim_3515,0.0,0.0,2654,2654,0
3516,vgg16_dim_3516,0.0,0.0,2654,2654,0
3517,vgg16_dim_3517,0.0,0.0,2654,2654,0
3519,vgg16_dim_3519,0.0,0.0,2654,2654,0
3505,vgg16_dim_3505,0.0,0.0,2654,2654,0
3506,vgg16_dim_3506,0.0,0.0,2654,2654,0
3507,vgg16_dim_3507,0.0,0.0,2654,2654,0
3508,vgg16_dim_3508,0.0,0.0,2654,2654,0
3509,vgg16_dim_3509,0.0,0.0,2654,2654,0
3510,vgg16_dim_3510,0.0,0.0,2654,2654,0
3511,vgg16_dim_3511,0.0,0.0,2654,2654,0
3496,vgg16_dim_3496,0.0,0.0,2654,2654,0
3498,vgg16_dim_3498,0.0,0.0,2654,2654,0
3499,vgg16_dim_3499,0.0,0.0,2654,2654,0
3500,vgg16_dim_3500,0.0,0.0,2654,2654,0
3501,vgg16_dim_3501,0.0,0.0,2654,2654,0
3502,vgg16_dim_3502,0.0,0.0,2654,2654,0
3488,vgg16_dim_3488,0.0,0.0,2654,2654,0
3489,vgg16_dim_3489,0.0,0.0,2654,2654,0
3492,vgg16_dim_3492,0.0,0.0,2654,2654,0
3494,vgg16_dim_3494,0.0,0.0,2654,2654,0
3495,vgg16_dim_3495,0.0,0.0,2654,2654,0
312,vgg16_dim_312,0.0,0.0,2654,2654,0
313,vgg16_dim_313,0.0,0.0,2654,2654,0
317,vgg16_dim_317,0.0,0.0,2654,2654,0
318,vgg16_dim_318,0.0,0.0,2654,2654,0
319,vgg16_dim_319,0.0,0.0,2654,2654,0
304,vgg16_dim_304,0.0,0.0,2654,2654,0
305,vgg16_dim_305,0.0,0.0,2654,2654,0
306,vgg16_dim_306,0.0,0.0,2654,2654,0
308,vgg16_dim_308,0.0,0.0,2654,2654,0
309,vgg16_dim_309,0.0,0.0,2654,2654,0
310,vgg16_dim_310,0.0,0.0,2654,2654,0
311,vgg16_dim_311,0.0,0.0,2654,2654,0
296,vgg16_dim_296,0.0,0.0,2654,2654,0
297,vgg16_dim_297,0.0,0.0,2654,2654,0
299,vgg16_dim_299,0.0,0.0,2654,2654,0
300,vgg16_dim_300,0.0,0.0,2654,2654,0
301,vgg16_dim_301,0.0,0.0,2654,2654,0
302,vgg16_dim_302,0.0,0.0,2654,2654,0
288,vgg16_dim_288,0.0,0.0,2654,2654,0
291,vgg16_dim_291,0.0,0.0,2654,2654,0
293,vgg16_dim_293,0.0,0.0,2654,2654,0
295,vgg16_dim_295,0.0,0.0,2654,2654,0
3544,vgg16_dim_3544,0.0,0.0,2654,2654,0
3545,vgg16_dim_3545,0.0,0.0,2654,2654,0
3546,vgg16_dim_3546,0.0,0.0,2654,2654,0
3548,vgg16_dim_3548,0.0,0.0,2654,2654,0
3549,vgg16_dim_3549,0.0,0.0,2654,2654,0
3537,vgg16_dim_3537,0.0,0.0,2654,2654,0
3538,vgg16_dim_3538,0.0,0.0,2654,2654,0
3540,vgg16_dim_3540,0.0,0.0,2654,2654,0
3541,vgg16_dim_3541,0.0,0.0,2654,2654,0
3542,vgg16_dim_3542,0.0,0.0,2654,2654,0
3543,vgg16_dim_3543,0.0,0.0,2654,2654,0
3528,vgg16_dim_3528,0.0,0.0,2654,2654,0
3529,vgg16_dim_3529,0.0,0.0,2654,2654,0
3530,vgg16_dim_3530,0.0,0.0,2654,2654,0
3531,vgg16_dim_3531,0.0,0.0,2654,2654,0
3532,vgg16_dim_3532,0.0,0.0,2654,2654,0
3533,vgg16_dim_3533,0.0,0.0,2654,2654,0
3534,vgg16_dim_3534,0.0,0.0,2654,2654,0
3535,vgg16_dim_3535,0.0,0.0,2654,2654,0
3521,vgg16_dim_3521,0.0,0.0,2654,2654,0
3522,vgg16_dim_3522,0.0,0.0,2654,2654,0
3524,vgg16_dim_3524,0.0,0.0,2654,2654,0
3526,vgg16_dim_3526,0.0,0.0,2654,2654,0
3527,vgg16_dim_3527,0.0,0.0,2654,2654,0
3577,vgg16_dim_3577,0.0,0.0,2654,2654,0
3578,vgg16_dim_3578,0.0,0.0,2654,2654,0
3580,vgg16_dim_3580,0.0,0.0,2654,2654,0
3569,vgg16_dim_3569,0.0,0.0,2654,2654,0
3570,vgg16_dim_3570,0.0,0.0,2654,2654,0
3572,vgg16_dim_3572,0.0,0.0,2654,2654,0
3573,vgg16_dim_3573,0.0,0.0,2654,2654,0
3574,vgg16_dim_3574,0.0,0.0,2654,2654,0
3575,vgg16_dim_3575,0.0,0.0,2654,2654,0
3562,vgg16_dim_3562,0.0,0.0,2654,2654,0
3563,vgg16_dim_3563,0.0,0.0,2654,2654,0
3564,vgg16_dim_3564,0.0,0.0,2654,2654,0
3566,vgg16_dim_3566,0.0,0.0,2654,2654,0
3567,vgg16_dim_3567,0.0,0.0,2654,2654,0
3552,vgg16_dim_3552,0.0,0.0,2654,2654,0
3555,vgg16_dim_3555,0.0,0.0,2654,2654,0
3558,vgg16_dim_3558,0.0,0.0,2654,2654,0
280,vgg16_dim_280,0.0,0.0,2654,2654,0
283,vgg16_dim_283,0.0,0.0,2654,2654,0
285,vgg16_dim_285,0.0,0.0,2654,2654,0
287,vgg16_dim_287,0.0,0.0,2654,2654,0
272,vgg16_dim_272,0.0,0.0,2654,2654,0
273,vgg16_dim_273,0.0,0.0,2654,2654,0
274,vgg16_dim_274,0.0,0.0,2654,2654,0
277,vgg16_dim_277,0.0,0.0,2654,2654,0
278,vgg16_dim_278,0.0,0.0,2654,2654,0
279,vgg16_dim_279,0.0,0.0,2654,2654,0
265,vgg16_dim_265,0.0,0.0,2654,2654,0
266,vgg16_dim_266,0.0,0.0,2654,2654,0
267,vgg16_dim_267,0.0,0.0,2654,2654,0
268,vgg16_dim_268,0.0,0.0,2654,2654,0
269,vgg16_dim_269,0.0,0.0,2654,2654,0
270,vgg16_dim_270,0.0,0.0,2654,2654,0
271,vgg16_dim_271,0.0,0.0,2654,2654,0
256,vgg16_dim_256,0.0,0.0,2654,2654,0
257,vgg16_dim_257,0.0,0.0,2654,2654,0
258,vgg16_dim_258,0.0,0.0,2654,2654,0
260,vgg16_dim_260,0.0,0.0,2654,2654,0
261,vgg16_dim_261,0.0,0.0,2654,2654,0
262,vgg16_dim_262,0.0,0.0,2654,2654,0
3608,vgg16_dim_3608,0.0,0.0,2654,2654,0
3610,vgg16_dim_3610,0.0,0.0,2654,2654,0
3611,vgg16_dim_3611,0.0,0.0,2654,2654,0
3612,vgg16_dim_3612,0.0,0.0,2654,2654,0
3613,vgg16_dim_3613,0.0,0.0,2654,2654,0
3614,vgg16_dim_3614,0.0,0.0,2654,2654,0
3615,vgg16_dim_3615,0.0,0.0,2654,2654,0
3601,vgg16_dim_3601,0.0,0.0,2654,2654,0
3604,vgg16_dim_3604,0.0,0.0,2654,2654,0
3605,vgg16_dim_3605,0.0,0.0,2654,2654,0
3606,vgg16_dim_3606,0.0,0.0,2654,2654,0
3607,vgg16_dim_3607,0.0,0.0,2654,2654,0
3592,vgg16_dim_3592,0.0,0.0,2654,2654,0
3595,vgg16_dim_3595,0.0,0.0,2654,2654,0
3596,vgg16_dim_3596,0.0,0.0,2654,2654,0
3597,vgg16_dim_3597,0.0,0.0,2654,2654,0
3599,vgg16_dim_3599,0.0,0.0,2654,2654,0
3584,vgg16_dim_3584,0.0,0.0,2654,2654,0
3585,vgg16_dim_3585,0.0,0.0,2654,2654,0
3586,vgg16_dim_3586,0.0,0.0,2654,2654,0
3587,vgg16_dim_3587,0.0,0.0,2654,2654,0
3591,vgg16_dim_3591,0.0,0.0,2654,2654,0
3640,vgg16_dim_3640,0.0,0.0,2654,2654,0
3642,vgg16_dim_3642,0.0,0.0,2654,2654,0
3643,vgg16_dim_3643,0.0,0.0,2654,2654,0
3645,vgg16_dim_3645,0.0,0.0,2654,2654,0
3646,vgg16_dim_3646,0.0,0.0,2654,2654,0
3632,vgg16_dim_3632,0.0,0.0,2654,2654,0
3635,vgg16_dim_3635,0.0,0.0,2654,2654,0
3636,vgg16_dim_3636,0.0,0.0,2654,2654,0
3637,vgg16_dim_3637,0.0,0.0,2654,2654,0
3638,vgg16_dim_3638,0.0,0.0,2654,2654,0
3639,vgg16_dim_3639,0.0,0.0,2654,2654,0
3624,vgg16_dim_3624,0.0,0.0,2654,2654,0
3625,vgg16_dim_3625,0.0,0.0,2654,2654,0
3626,vgg16_dim_3626,0.0,0.0,2654,2654,0
3627,vgg16_dim_3627,0.0,0.0,2654,2654,0
3628,vgg16_dim_3628,0.0,0.0,2654,2654,0
3630,vgg16_dim_3630,0.0,0.0,2654,2654,0
3631,vgg16_dim_3631,0.0,0.0,2654,2654,0
3617,vgg16_dim_3617,0.0,0.0,2654,2654,0
3618,vgg16_dim_3618,0.0,0.0,2654,2654,0
3619,vgg16_dim_3619,0.0,0.0,2654,2654,0
3620,vgg16_dim_3620,0.0,0.0,2654,2654,0
3622,vgg16_dim_3622,0.0,0.0,2654,2654,0
3623,vgg16_dim_3623,0.0,0.0,2654,2654,0
3672,vgg16_dim_3672,0.0,0.0,2654,2654,0
3674,vgg16_dim_3674,0.0,0.0,2654,2654,0
3675,vgg16_dim_3675,0.0,0.0,2654,2654,0
3676,vgg16_dim_3676,0.0,0.0,2654,2654,0
3677,vgg16_dim_3677,0.0,0.0,2654,2654,0
3678,vgg16_dim_3678,0.0,0.0,2654,2654,0
3679,vgg16_dim_3679,0.0,0.0,2654,2654,0
3664,vgg16_dim_3664,0.0,0.0,2654,2654,0
3665,vgg16_dim_3665,0.0,0.0,2654,2654,0
3667,vgg16_dim_3667,0.0,0.0,2654,2654,0
3671,vgg16_dim_3671,0.0,0.0,2654,2654,0
3657,vgg16_dim_3657,0.0,0.0,2654,2654,0
3658,vgg16_dim_3658,0.0,0.0,2654,2654,0
3659,vgg16_dim_3659,0.0,0.0,2654,2654,0
3660,vgg16_dim_3660,0.0,0.0,2654,2654,0
3661,vgg16_dim_3661,0.0,0.0,2654,2654,0
3663,vgg16_dim_3663,0.0,0.0,2654,2654,0
3648,vgg16_dim_3648,0.0,0.0,2654,2654,0
3649,vgg16_dim_3649,0.0,0.0,2654,2654,0
3650,vgg16_dim_3650,0.0,0.0,2654,2654,0
3651,vgg16_dim_3651,0.0,0.0,2654,2654,0
3652,vgg16_dim_3652,0.0,0.0,2654,2654,0
3654,vgg16_dim_3654,0.0,0.0,2654,2654,0
3655,vgg16_dim_3655,0.0,0.0,2654,2654,0
248,vgg16_dim_248,0.0,0.0,2654,2654,0
249,vgg16_dim_249,0.0,0.0,2654,2654,0
250,vgg16_dim_250,0.0,0.0,2654,2654,0
251,vgg16_dim_251,0.0,0.0,2654,2654,0
252,vgg16_dim_252,0.0,0.0,2654,2654,0
254,vgg16_dim_254,0.0,0.0,2654,2654,0
255,vgg16_dim_255,0.0,0.0,2654,2654,0
240,vgg16_dim_240,0.0,0.0,2654,2654,0
241,vgg16_dim_241,0.0,0.0,2654,2654,0
243,vgg16_dim_243,0.0,0.0,2654,2654,0
245,vgg16_dim_245,0.0,0.0,2654,2654,0
246,vgg16_dim_246,0.0,0.0,2654,2654,0
247,vgg16_dim_247,0.0,0.0,2654,2654,0
232,vgg16_dim_232,0.0,0.0,2654,2654,0
234,vgg16_dim_234,0.0,0.0,2654,2654,0
236,vgg16_dim_236,0.0,0.0,2654,2654,0
238,vgg16_dim_238,0.0,0.0,2654,2654,0
239,vgg16_dim_239,0.0,0.0,2654,2654,0
224,vgg16_dim_224,0.0,0.0,2654,2654,0
226,vgg16_dim_226,0.0,0.0,2654,2654,0
227,vgg16_dim_227,0.0,0.0,2654,2654,0
228,vgg16_dim_228,0.0,0.0,2654,2654,0
229,vgg16_dim_229,0.0,0.0,2654,2654,0
230,vgg16_dim_230,0.0,0.0,2654,2654,0
231,vgg16_dim_231,0.0,0.0,2654,2654,0
3704,vgg16_dim_3704,0.0,0.0,2654,2654,0
3705,vgg16_dim_3705,0.0,0.0,2654,2654,0
3706,vgg16_dim_3706,0.0,0.0,2654,2654,0
3707,vgg16_dim_3707,0.0,0.0,2654,2654,0
3708,vgg16_dim_3708,0.0,0.0,2654,2654,0
3709,vgg16_dim_3709,0.0,0.0,2654,2654,0
3710,vgg16_dim_3710,0.0,0.0,2654,2654,0
3711,vgg16_dim_3711,0.0,0.0,2654,2654,0
3696,vgg16_dim_3696,0.0,0.0,2654,2654,0
3697,vgg16_dim_3697,0.0,0.0,2654,2654,0
3698,vgg16_dim_3698,0.0,0.0,2654,2654,0
3700,vgg16_dim_3700,0.0,0.0,2654,2654,0
3701,vgg16_dim_3701,0.0,0.0,2654,2654,0
3702,vgg16_dim_3702,0.0,0.0,2654,2654,0
3703,vgg16_dim_3703,0.0,0.0,2654,2654,0
3688,vgg16_dim_3688,0.0,0.0,2654,2654,0
3689,vgg16_dim_3689,0.0,0.0,2654,2654,0
3690,vgg16_dim_3690,0.0,0.0,2654,2654,0
3691,vgg16_dim_3691,0.0,0.0,2654,2654,0
3692,vgg16_dim_3692,0.0,0.0,2654,2654,0
3694,vgg16_dim_3694,0.0,0.0,2654,2654,0
3695,vgg16_dim_3695,0.0,0.0,2654,2654,0
3680,vgg16_dim_3680,0.0,0.0,2654,2654,0
3682,vgg16_dim_3682,0.0,0.0,2654,2654,0
3685,vgg16_dim_3685,0.0,0.0,2654,2654,0
3686,vgg16_dim_3686,0.0,0.0,2654,2654,0
3687,vgg16_dim_3687,0.0,0.0,2654,2654,0
3737,vgg16_dim_3737,0.0,0.0,2654,2654,0
3738,vgg16_dim_3738,0.0,0.0,2654,2654,0
3739,vgg16_dim_3739,0.0,0.0,2654,2654,0
3742,vgg16_dim_3742,0.0,0.0,2654,2654,0
3743,vgg16_dim_3743,0.0,0.0,2654,2654,0
3729,vgg16_dim_3729,0.0,0.0,2654,2654,0
3730,vgg16_dim_3730,0.0,0.0,2654,2654,0
3734,vgg16_dim_3734,0.0,0.0,2654,2654,0
3720,vgg16_dim_3720,0.0,0.0,2654,2654,0
3721,vgg16_dim_3721,0.0,0.0,2654,2654,0
3724,vgg16_dim_3724,0.0,0.0,2654,2654,0
3725,vgg16_dim_3725,0.0,0.0,2654,2654,0
3727,vgg16_dim_3727,0.0,0.0,2654,2654,0
3712,vgg16_dim_3712,0.0,0.0,2654,2654,0
3713,vgg16_dim_3713,0.0,0.0,2654,2654,0
3717,vgg16_dim_3717,0.0,0.0,2654,2654,0
3718,vgg16_dim_3718,0.0,0.0,2654,2654,0
3719,vgg16_dim_3719,0.0,0.0,2654,2654,0
216,vgg16_dim_216,0.0,0.0,2654,2654,0
217,vgg16_dim_217,0.0,0.0,2654,2654,0
218,vgg16_dim_218,0.0,0.0,2654,2654,0
219,vgg16_dim_219,0.0,0.0,2654,2654,0
221,vgg16_dim_221,0.0,0.0,2654,2654,0
222,vgg16_dim_222,0.0,0.0,2654,2654,0
223,vgg16_dim_223,0.0,0.0,2654,2654,0
208,vgg16_dim_208,0.0,0.0,2654,2654,0
209,vgg16_dim_209,0.0,0.0,2654,2654,0
210,vgg16_dim_210,0.0,0.0,2654,2654,0
211,vgg16_dim_211,0.0,0.0,2654,2654,0
212,vgg16_dim_212,0.0,0.0,2654,2654,0
214,vgg16_dim_214,0.0,0.0,2654,2654,0
200,vgg16_dim_200,0.0,0.0,2654,2654,0
202,vgg16_dim_202,0.0,0.0,2654,2654,0
203,vgg16_dim_203,0.0,0.0,2654,2654,0
204,vgg16_dim_204,0.0,0.0,2654,2654,0
205,vgg16_dim_205,0.0,0.0,2654,2654,0
206,vgg16_dim_206,0.0,0.0,2654,2654,0
207,vgg16_dim_207,0.0,0.0,2654,2654,0
192,vgg16_dim_192,0.0,0.0,2654,2654,0
195,vgg16_dim_195,0.0,0.0,2654,2654,0
196,vgg16_dim_196,0.0,0.0,2654,2654,0
197,vgg16_dim_197,0.0,0.0,2654,2654,0
199,vgg16_dim_199,0.0,0.0,2654,2654,0
3768,vgg16_dim_3768,0.0,0.0,2654,2654,0
3769,vgg16_dim_3769,0.0,0.0,2654,2654,0
3770,vgg16_dim_3770,0.0,0.0,2654,2654,0
3771,vgg16_dim_3771,0.0,0.0,2654,2654,0
3773,vgg16_dim_3773,0.0,0.0,2654,2654,0
3774,vgg16_dim_3774,0.0,0.0,2654,2654,0
3760,vgg16_dim_3760,0.0,0.0,2654,2654,0
3761,vgg16_dim_3761,0.0,0.0,2654,2654,0
3763,vgg16_dim_3763,0.0,0.0,2654,2654,0
3764,vgg16_dim_3764,0.0,0.0,2654,2654,0
3766,vgg16_dim_3766,0.0,0.0,2654,2654,0
3767,vgg16_dim_3767,0.0,0.0,2654,2654,0
3754,vgg16_dim_3754,0.0,0.0,2654,2654,0
3756,vgg16_dim_3756,0.0,0.0,2654,2654,0
3757,vgg16_dim_3757,0.0,0.0,2654,2654,0
3758,vgg16_dim_3758,0.0,0.0,2654,2654,0
3759,vgg16_dim_3759,0.0,0.0,2654,2654,0
3744,vgg16_dim_3744,0.0,0.0,2654,2654,0
3745,vgg16_dim_3745,0.0,0.0,2654,2654,0
3746,vgg16_dim_3746,0.0,0.0,2654,2654,0
3747,vgg16_dim_3747,0.0,0.0,2654,2654,0
3748,vgg16_dim_3748,0.0,0.0,2654,2654,0
3749,vgg16_dim_3749,0.0,0.0,2654,2654,0
3750,vgg16_dim_3750,0.0,0.0,2654,2654,0
3751,vgg16_dim_3751,0.0,0.0,2654,2654,0
3800,vgg16_dim_3800,0.0,0.0,2654,2654,0
3802,vgg16_dim_3802,0.0,0.0,2654,2654,0
3803,vgg16_dim_3803,0.0,0.0,2654,2654,0
3804,vgg16_dim_3804,0.0,0.0,2654,2654,0
3805,vgg16_dim_3805,0.0,0.0,2654,2654,0
3807,vgg16_dim_3807,0.0,0.0,2654,2654,0
3792,vgg16_dim_3792,0.0,0.0,2654,2654,0
3793,vgg16_dim_3793,0.0,0.0,2654,2654,0
3794,vgg16_dim_3794,0.0,0.0,2654,2654,0
3797,vgg16_dim_3797,0.0,0.0,2654,2654,0
3798,vgg16_dim_3798,0.0,0.0,2654,2654,0
3799,vgg16_dim_3799,0.0,0.0,2654,2654,0
3784,vgg16_dim_3784,0.0,0.0,2654,2654,0
3786,vgg16_dim_3786,0.0,0.0,2654,2654,0
3787,vgg16_dim_3787,0.0,0.0,2654,2654,0
3788,vgg16_dim_3788,0.0,0.0,2654,2654,0
3789,vgg16_dim_3789,0.0,0.0,2654,2654,0
3791,vgg16_dim_3791,0.0,0.0,2654,2654,0
3776,vgg16_dim_3776,0.0,0.0,2654,2654,0
3778,vgg16_dim_3778,0.0,0.0,2654,2654,0
3779,vgg16_dim_3779,0.0,0.0,2654,2654,0
3780,vgg16_dim_3780,0.0,0.0,2654,2654,0
3781,vgg16_dim_3781,0.0,0.0,2654,2654,0
3783,vgg16_dim_3783,0.0,0.0,2654,2654,0
3834,vgg16_dim_3834,0.0,0.0,2654,2654,0
3835,vgg16_dim_3835,0.0,0.0,2654,2654,0
3837,vgg16_dim_3837,0.0,0.0,2654,2654,0
3824,vgg16_dim_3824,0.0,0.0,2654,2654,0
3825,vgg16_dim_3825,0.0,0.0,2654,2654,0
3826,vgg16_dim_3826,0.0,0.0,2654,2654,0
3827,vgg16_dim_3827,0.0,0.0,2654,2654,0
3828,vgg16_dim_3828,0.0,0.0,2654,2654,0
3829,vgg16_dim_3829,0.0,0.0,2654,2654,0
3831,vgg16_dim_3831,0.0,0.0,2654,2654,0
3819,vgg16_dim_3819,0.0,0.0,2654,2654,0
3820,vgg16_dim_3820,0.0,0.0,2654,2654,0
3822,vgg16_dim_3822,0.0,0.0,2654,2654,0
3808,vgg16_dim_3808,0.0,0.0,2654,2654,0
3809,vgg16_dim_3809,0.0,0.0,2654,2654,0
3810,vgg16_dim_3810,0.0,0.0,2654,2654,0
3811,vgg16_dim_3811,0.0,0.0,2654,2654,0
3812,vgg16_dim_3812,0.0,0.0,2654,2654,0
3813,vgg16_dim_3813,0.0,0.0,2654,2654,0
186,vgg16_dim_186,0.0,0.0,2654,2654,0
187,vgg16_dim_187,0.0,0.0,2654,2654,0
188,vgg16_dim_188,0.0,0.0,2654,2654,0
189,vgg16_dim_189,0.0,0.0,2654,2654,0
190,vgg16_dim_190,0.0,0.0,2654,2654,0
191,vgg16_dim_191,0.0,0.0,2654,2654,0
176,vgg16_dim_176,0.0,0.0,2654,2654,0
178,vgg16_dim_178,0.0,0.0,2654,2654,0
179,vgg16_dim_179,0.0,0.0,2654,2654,0
180,vgg16_dim_180,0.0,0.0,2654,2654,0
181,vgg16_dim_181,0.0,0.0,2654,2654,0
183,vgg16_dim_183,0.0,0.0,2654,2654,0
169,vgg16_dim_169,0.0,0.0,2654,2654,0
170,vgg16_dim_170,0.0,0.0,2654,2654,0
173,vgg16_dim_173,0.0,0.0,2654,2654,0
174,vgg16_dim_174,0.0,0.0,2654,2654,0
175,vgg16_dim_175,0.0,0.0,2654,2654,0
160,vgg16_dim_160,0.0,0.0,2654,2654,0
161,vgg16_dim_161,0.0,0.0,2654,2654,0
162,vgg16_dim_162,0.0,0.0,2654,2654,0
164,vgg16_dim_164,0.0,0.0,2654,2654,0
165,vgg16_dim_165,0.0,0.0,2654,2654,0
3865,vgg16_dim_3865,0.0,0.0,2654,2654,0
3868,vgg16_dim_3868,0.0,0.0,2654,2654,0
3869,vgg16_dim_3869,0.0,0.0,2654,2654,0
3871,vgg16_dim_3871,0.0,0.0,2654,2654,0
3857,vgg16_dim_3857,0.0,0.0,2654,2654,0
3858,vgg16_dim_3858,0.0,0.0,2654,2654,0
3860,vgg16_dim_3860,0.0,0.0,2654,2654,0
3861,vgg16_dim_3861,0.0,0.0,2654,2654,0
3862,vgg16_dim_3862,0.0,0.0,2654,2654,0
3849,vgg16_dim_3849,0.0,0.0,2654,2654,0
3851,vgg16_dim_3851,0.0,0.0,2654,2654,0
3852,vgg16_dim_3852,0.0,0.0,2654,2654,0
3854,vgg16_dim_3854,0.0,0.0,2654,2654,0
3855,vgg16_dim_3855,0.0,0.0,2654,2654,0
3840,vgg16_dim_3840,0.0,0.0,2654,2654,0
3842,vgg16_dim_3842,0.0,0.0,2654,2654,0
3845,vgg16_dim_3845,0.0,0.0,2654,2654,0
3846,vgg16_dim_3846,0.0,0.0,2654,2654,0
3847,vgg16_dim_3847,0.0,0.0,2654,2654,0
3896,vgg16_dim_3896,0.0,0.0,2654,2654,0
3897,vgg16_dim_3897,0.0,0.0,2654,2654,0
3899,vgg16_dim_3899,0.0,0.0,2654,2654,0
3900,vgg16_dim_3900,0.0,0.0,2654,2654,0
3901,vgg16_dim_3901,0.0,0.0,2654,2654,0
3902,vgg16_dim_3902,0.0,0.0,2654,2654,0
3888,vgg16_dim_3888,0.0,0.0,2654,2654,0
3889,vgg16_dim_3889,0.0,0.0,2654,2654,0
3890,vgg16_dim_3890,0.0,0.0,2654,2654,0
3891,vgg16_dim_3891,0.0,0.0,2654,2654,0
3892,vgg16_dim_3892,0.0,0.0,2654,2654,0
3894,vgg16_dim_3894,0.0,0.0,2654,2654,0
3895,vgg16_dim_3895,0.0,0.0,2654,2654,0
3880,vgg16_dim_3880,0.0,0.0,2654,2654,0
3881,vgg16_dim_3881,0.0,0.0,2654,2654,0
3883,vgg16_dim_3883,0.0,0.0,2654,2654,0
3885,vgg16_dim_3885,0.0,0.0,2654,2654,0
3886,vgg16_dim_3886,0.0,0.0,2654,2654,0
3872,vgg16_dim_3872,0.0,0.0,2654,2654,0
3873,vgg16_dim_3873,0.0,0.0,2654,2654,0
3875,vgg16_dim_3875,0.0,0.0,2654,2654,0
3876,vgg16_dim_3876,0.0,0.0,2654,2654,0
3877,vgg16_dim_3877,0.0,0.0,2654,2654,0
152,vgg16_dim_152,0.0,0.0,2654,2654,0
153,vgg16_dim_153,0.0,0.0,2654,2654,0
157,vgg16_dim_157,0.0,0.0,2654,2654,0
158,vgg16_dim_158,0.0,0.0,2654,2654,0
145,vgg16_dim_145,0.0,0.0,2654,2654,0
146,vgg16_dim_146,0.0,0.0,2654,2654,0
147,vgg16_dim_147,0.0,0.0,2654,2654,0
148,vgg16_dim_148,0.0,0.0,2654,2654,0
149,vgg16_dim_149,0.0,0.0,2654,2654,0
151,vgg16_dim_151,0.0,0.0,2654,2654,0
136,vgg16_dim_136,0.0,0.0,2654,2654,0
137,vgg16_dim_137,0.0,0.0,2654,2654,0
138,vgg16_dim_138,0.0,0.0,2654,2654,0
139,vgg16_dim_139,0.0,0.0,2654,2654,0
140,vgg16_dim_140,0.0,0.0,2654,2654,0
141,vgg16_dim_141,0.0,0.0,2654,2654,0
142,vgg16_dim_142,0.0,0.0,2654,2654,0
143,vgg16_dim_143,0.0,0.0,2654,2654,0
128,vgg16_dim_128,0.0,0.0,2654,2654,0
129,vgg16_dim_129,0.0,0.0,2654,2654,0
130,vgg16_dim_130,0.0,0.0,2654,2654,0
132,vgg16_dim_132,0.0,0.0,2654,2654,0
135,vgg16_dim_135,0.0,0.0,2654,2654,0
3928,vgg16_dim_3928,0.0,0.0,2654,2654,0
3930,vgg16_dim_3930,0.0,0.0,2654,2654,0
3931,vgg16_dim_3931,0.0,0.0,2654,2654,0
3932,vgg16_dim_3932,0.0,0.0,2654,2654,0
3933,vgg16_dim_3933,0.0,0.0,2654,2654,0
3935,vgg16_dim_3935,0.0,0.0,2654,2654,0
3921,vgg16_dim_3921,0.0,0.0,2654,2654,0
3923,vgg16_dim_3923,0.0,0.0,2654,2654,0
3924,vgg16_dim_3924,0.0,0.0,2654,2654,0
3925,vgg16_dim_3925,0.0,0.0,2654,2654,0
3926,vgg16_dim_3926,0.0,0.0,2654,2654,0
3927,vgg16_dim_3927,0.0,0.0,2654,2654,0
3913,vgg16_dim_3913,0.0,0.0,2654,2654,0
3915,vgg16_dim_3915,0.0,0.0,2654,2654,0
3916,vgg16_dim_3916,0.0,0.0,2654,2654,0
3918,vgg16_dim_3918,0.0,0.0,2654,2654,0
3919,vgg16_dim_3919,0.0,0.0,2654,2654,0
3904,vgg16_dim_3904,0.0,0.0,2654,2654,0
3905,vgg16_dim_3905,0.0,0.0,2654,2654,0
3906,vgg16_dim_3906,0.0,0.0,2654,2654,0
3907,vgg16_dim_3907,0.0,0.0,2654,2654,0
3908,vgg16_dim_3908,0.0,0.0,2654,2654,0
3910,vgg16_dim_3910,0.0,0.0,2654,2654,0
3911,vgg16_dim_3911,0.0,0.0,2654,2654,0
3961,vgg16_dim_3961,0.0,0.0,2654,2654,0
3963,vgg16_dim_3963,0.0,0.0,2654,2654,0
3966,vgg16_dim_3966,0.0,0.0,2654,2654,0
3953,vgg16_dim_3953,0.0,0.0,2654,2654,0
3954,vgg16_dim_3954,0.0,0.0,2654,2654,0
3957,vgg16_dim_3957,0.0,0.0,2654,2654,0
3958,vgg16_dim_3958,0.0,0.0,2654,2654,0
3959,vgg16_dim_3959,0.0,0.0,2654,2654,0
3944,vgg16_dim_3944,0.0,0.0,2654,2654,0
3945,vgg16_dim_3945,0.0,0.0,2654,2654,0
3946,vgg16_dim_3946,0.0,0.0,2654,2654,0
3948,vgg16_dim_3948,0.0,0.0,2654,2654,0
3949,vgg16_dim_3949,0.0,0.0,2654,2654,0
3950,vgg16_dim_3950,0.0,0.0,2654,2654,0
3951,vgg16_dim_3951,0.0,0.0,2654,2654,0
3938,vgg16_dim_3938,0.0,0.0,2654,2654,0
3939,vgg16_dim_3939,0.0,0.0,2654,2654,0
3940,vgg16_dim_3940,0.0,0.0,2654,2654,0
3943,vgg16_dim_3943,0.0,0.0,2654,2654,0
120,vgg16_dim_120,0.0,0.0,2654,2654,0
122,vgg16_dim_122,0.0,0.0,2654,2654,0
125,vgg16_dim_125,0.0,0.0,2654,2654,0
127,vgg16_dim_127,0.0,0.0,2654,2654,0
112,vgg16_dim_112,0.0,0.0,2654,2654,0
113,vgg16_dim_113,0.0,0.0,2654,2654,0
115,vgg16_dim_115,0.0,0.0,2654,2654,0
116,vgg16_dim_116,0.0,0.0,2654,2654,0
119,vgg16_dim_119,0.0,0.0,2654,2654,0
104,vgg16_dim_104,0.0,0.0,2654,2654,0
105,vgg16_dim_105,0.0,0.0,2654,2654,0
107,vgg16_dim_107,0.0,0.0,2654,2654,0
108,vgg16_dim_108,0.0,0.0,2654,2654,0
111,vgg16_dim_111,0.0,0.0,2654,2654,0
96,vgg16_dim_96,0.0,0.0,2654,2654,0
98,vgg16_dim_98,0.0,0.0,2654,2654,0
99,vgg16_dim_99,0.0,0.0,2654,2654,0
100,vgg16_dim_100,0.0,0.0,2654,2654,0
101,vgg16_dim_101,0.0,0.0,2654,2654,0
102,vgg16_dim_102,0.0,0.0,2654,2654,0
103,vgg16_dim_103,0.0,0.0,2654,2654,0
3993,vgg16_dim_3993,0.0,0.0,2654,2654,0
3994,vgg16_dim_3994,0.0,0.0,2654,2654,0
3998,vgg16_dim_3998,0.0,0.0,2654,2654,0
3999,vgg16_dim_3999,0.0,0.0,2654,2654,0
3984,vgg16_dim_3984,0.0,0.0,2654,2654,0
3985,vgg16_dim_3985,0.0,0.0,2654,2654,0
3986,vgg16_dim_3986,0.0,0.0,2654,2654,0
3987,vgg16_dim_3987,0.0,0.0,2654,2654,0
3988,vgg16_dim_3988,0.0,0.0,2654,2654,0
3989,vgg16_dim_3989,0.0,0.0,2654,2654,0
3990,vgg16_dim_3990,0.0,0.0,2654,2654,0
3991,vgg16_dim_3991,0.0,0.0,2654,2654,0
3976,vgg16_dim_3976,0.0,0.0,2654,2654,0
3977,vgg16_dim_3977,0.0,0.0,2654,2654,0
3979,vgg16_dim_3979,0.0,0.0,2654,2654,0
3980,vgg16_dim_3980,0.0,0.0,2654,2654,0
3981,vgg16_dim_3981,0.0,0.0,2654,2654,0
3983,vgg16_dim_3983,0.0,0.0,2654,2654,0
3968,vgg16_dim_3968,0.0,0.0,2654,2654,0
3970,vgg16_dim_3970,0.0,0.0,2654,2654,0
3971,vgg16_dim_3971,0.0,0.0,2654,2654,0
3972,vgg16_dim_3972,0.0,0.0,2654,2654,0
3973,vgg16_dim_3973,0.0,0.0,2654,2654,0
3974,vgg16_dim_3974,0.0,0.0,2654,2654,0
3975,vgg16_dim_3975,0.0,0.0,2654,2654,0
4024,vgg16_dim_4024,0.0,0.0,2654,2654,0
4027,vgg16_dim_4027,0.0,0.0,2654,2654,0
4028,vgg16_dim_4028,0.0,0.0,2654,2654,0
4030,vgg16_dim_4030,0.0,0.0,2654,2654,0
4016,vgg16_dim_4016,0.0,0.0,2654,2654,0
4017,vgg16_dim_4017,0.0,0.0,2654,2654,0
4018,vgg16_dim_4018,0.0,0.0,2654,2654,0
4019,vgg16_dim_4019,0.0,0.0,2654,2654,0
4020,vgg16_dim_4020,0.0,0.0,2654,2654,0
4021,vgg16_dim_4021,0.0,0.0,2654,2654,0
4023,vgg16_dim_4023,0.0,0.0,2654,2654,0
4008,vgg16_dim_4008,0.0,0.0,2654,2654,0
4011,vgg16_dim_4011,0.0,0.0,2654,2654,0
4012,vgg16_dim_4012,0.0,0.0,2654,2654,0
4013,vgg16_dim_4013,0.0,0.0,2654,2654,0
4015,vgg16_dim_4015,0.0,0.0,2654,2654,0
4000,vgg16_dim_4000,0.0,0.0,2654,2654,0
4002,vgg16_dim_4002,0.0,0.0,2654,2654,0
4003,vgg16_dim_4003,0.0,0.0,2654,2654,0
4006,vgg16_dim_4006,0.0,0.0,2654,2654,0
88,vgg16_dim_88,0.0,0.0,2654,2654,0
90,vgg16_dim_90,0.0,0.0,2654,2654,0
92,vgg16_dim_92,0.0,0.0,2654,2654,0
93,vgg16_dim_93,0.0,0.0,2654,2654,0
94,vgg16_dim_94,0.0,0.0,2654,2654,0
85,vgg16_dim_85,0.0,0.0,2654,2654,0
87,vgg16_dim_87,0.0,0.0,2654,2654,0
73,vgg16_dim_73,0.0,0.0,2654,2654,0
74,vgg16_dim_74,0.0,0.0,2654,2654,0
75,vgg16_dim_75,0.0,0.0,2654,2654,0
76,vgg16_dim_76,0.0,0.0,2654,2654,0
77,vgg16_dim_77,0.0,0.0,2654,2654,0
79,vgg16_dim_79,0.0,0.0,2654,2654,0
65,vgg16_dim_65,0.0,0.0,2654,2654,0
66,vgg16_dim_66,0.0,0.0,2654,2654,0
67,vgg16_dim_67,0.0,0.0,2654,2654,0
68,vgg16_dim_68,0.0,0.0,2654,2654,0
71,vgg16_dim_71,0.0,0.0,2654,2654,0
4056,vgg16_dim_4056,0.0,0.0,2654,2654,0
4057,vgg16_dim_4057,0.0,0.0,2654,2654,0
4058,vgg16_dim_4058,0.0,0.0,2654,2654,0
4059,vgg16_dim_4059,0.0,0.0,2654,2654,0
4061,vgg16_dim_4061,0.0,0.0,2654,2654,0
4062,vgg16_dim_4062,0.0,0.0,2654,2654,0
4049,vgg16_dim_4049,0.0,0.0,2654,2654,0
4050,vgg16_dim_4050,0.0,0.0,2654,2654,0
4052,vgg16_dim_4052,0.0,0.0,2654,2654,0
4053,vgg16_dim_4053,0.0,0.0,2654,2654,0
4054,vgg16_dim_4054,0.0,0.0,2654,2654,0
4055,vgg16_dim_4055,0.0,0.0,2654,2654,0
4040,vgg16_dim_4040,0.0,0.0,2654,2654,0
4041,vgg16_dim_4041,0.0,0.0,2654,2654,0
4042,vgg16_dim_4042,0.0,0.0,2654,2654,0
4043,vgg16_dim_4043,0.0,0.0,2654,2654,0
4044,vgg16_dim_4044,0.0,0.0,2654,2654,0
4045,vgg16_dim_4045,0.0,0.0,2654,2654,0
4047,vgg16_dim_4047,0.0,0.0,2654,2654,0
4033,vgg16_dim_4033,0.0,0.0,2654,2654,0
4034,vgg16_dim_4034,0.0,0.0,2654,2654,0
4037,vgg16_dim_4037,0.0,0.0,2654,2654,0
4038,vgg16_dim_4038,0.0,0.0,2654,2654,0
4039,vgg16_dim_4039,0.0,0.0,2654,2654,0
4088,vgg16_dim_4088,0.0,0.0,2654,2654,0
4089,vgg16_dim_4089,0.0,0.0,2654,2654,0
4090,vgg16_dim_4090,0.0,0.0,2654,2654,0
4091,vgg16_dim_4091,0.0,0.0,2654,2654,0
4092,vgg16_dim_4092,0.0,0.0,2654,2654,0
4094,vgg16_dim_4094,0.0,0.0,2654,2654,0
4095,vgg16_dim_4095,0.0,0.0,2654,2654,0
4080,vgg16_dim_4080,0.0,0.0,2654,2654,0
4081,vgg16_dim_4081,0.0,0.0,2654,2654,0
4082,vgg16_dim_4082,0.0,0.0,2654,2654,0
4083,vgg16_dim_4083,0.0,0.0,2654,2654,0
4087,vgg16_dim_4087,0.0,0.0,2654,2654,0
4075,vgg16_dim_4075,0.0,0.0,2654,2654,0
4078,vgg16_dim_4078,0.0,0.0,2654,2654,0
4079,vgg16_dim_4079,0.0,0.0,2654,2654,0
4065,vgg16_dim_4065,0.0,0.0,2654,2654,0
4066,vgg16_dim_4066,0.0,0.0,2654,2654,0
4067,vgg16_dim_4067,0.0,0.0,2654,2654,0
4068,vgg16_dim_4068,0.0,0.0,2654,2654,0
4069,vgg16_dim_4069,0.0,0.0,2654,2654,0
4070,vgg16_dim_4070,0.0,0.0,2654,2654,0
57,vgg16_dim_57,0.0,0.0,2654,2654,0
58,vgg16_dim_58,0.0,0.0,2654,2654,0
59,vgg16_dim_59,0.0,0.0,2654,2654,0
63,vgg16_dim_63,0.0,0.0,2654,2654,0
48,vgg16_dim_48,0.0,0.0,2654,2654,0
51,vgg16_dim_51,0.0,0.0,2654,2654,0
52,vgg16_dim_52,0.0,0.0,2654,2654,0
53,vgg16_dim_53,0.0,0.0,2654,2654,0
55,vgg16_dim_55,0.0,0.0,2654,2654,0
40,vgg16_dim_40,0.0,0.0,2654,2654,0
42,vgg16_dim_42,0.0,0.0,2654,2654,0
43,vgg16_dim_43,0.0,0.0,2654,2654,0
45,vgg16_dim_45,0.0,0.0,2654,2654,0
46,vgg16_dim_46,0.0,0.0,2654,2654,0
33,vgg16_dim_33,0.0,0.0,2654,2654,0
34,vgg16_dim_34,0.0,0.0,2654,2654,0
35,vgg16_dim_35,0.0,0.0,2654,2654,0
37,vgg16_dim_37,0.0,0.0,2654,2654,0
39,vgg16_dim_39,0.0,0.0,2654,2654,0
0,vgg16_dim_0,0.0,0.0,2654,2654,0
