,Feature,Global_Impact,Error_Impact,Global_Rank,Error_Rank,Rank_Shift
1080,resnet50_dim_1080,0.002608355872209073,0.0029271191302172404,11,1,10
1450,resnet50_dim_1450,0.003289495167678526,0.002862821574809276,2,2,0
1846,resnet50_dim_1846,0.002696817877696477,0.0028130291561376305,10,3,7
1361,resnet50_dim_1361,0.00293301377693612,0.002794951570685218,6,4,2
1764,resnet50_dim_1764,0.002833054855100654,0.002690030376768609,9,5,4
229,resnet50_dim_229,0.0025398996523045606,0.0026728009553541794,12,6,6
1503,resnet50_dim_1503,0.0024933760829348546,0.002482124481690676,14,7,7
1497,resnet50_dim_1497,0.0035788459174006947,0.0024760078328592908,1,8,-7
538,resnet50_dim_538,0.002365776672071355,0.0024726082141908,16,9,7
801,resnet50_dim_801,0.0031137609876245235,0.0023854843016491703,3,10,-7
2028,resnet50_dim_2028,0.0029484673242533475,0.0023817393662604676,5,11,-6
380,resnet50_dim_380,0.0016129197747893306,0.002326651159958898,51,12,39
1428,resnet50_dim_1428,0.0019607035112650414,0.0022437058281662573,27,13,14
597,resnet50_dim_597,0.0013450345825659358,0.0022226594256481197,87,14,73
1894,resnet50_dim_1894,0.0018096526885632886,0.002197388768887065,35,15,20
238,resnet50_dim_238,0.0028636072703777738,0.0021836703350270326,8,16,-8
1518,resnet50_dim_1518,0.0020583861653878234,0.002153984708735877,24,17,7
968,resnet50_dim_968,0.0016193938916040321,0.002152379102109809,49,18,31
1196,resnet50_dim_1196,0.0021687317769202184,0.002131444186166319,20,19,1
206,resnet50_dim_206,0.00190833072928848,0.002080180665619701,30,20,10
1360,resnet50_dim_1360,0.0014101032785797636,0.0020794147435737754,73,21,52
1385,resnet50_dim_1385,0.002316025141161454,0.0020727585903031905,17,22,-5
1988,resnet50_dim_1988,0.001717444100637696,0.002023375634931344,43,23,20
748,resnet50_dim_748,0.0020714766077505396,0.002011277159189555,23,24,-1
1720,resnet50_dim_1720,0.0020732139619280064,0.0019121725050213517,22,25,-3
243,resnet50_dim_243,0.0018505732121615066,0.0018562591392123782,34,26,8
1892,resnet50_dim_1892,0.001865845704880476,0.0018373616514629145,32,27,5
836,resnet50_dim_836,0.002865038099779924,0.001822431093568057,7,28,-21
2015,resnet50_dim_2015,0.0014366592414423451,0.0018059925098252109,68,29,39
965,resnet50_dim_965,0.0013064397294280821,0.0018042445031844214,92,30,62
1669,resnet50_dim_1669,0.0016072209184896007,0.0018021359289193976,52,31,21
1294,resnet50_dim_1294,0.0017705865290302727,0.0018019913758144037,37,32,5
1907,resnet50_dim_1907,0.00199900862741092,0.0017927745973482549,26,33,-7
1429,resnet50_dim_1429,0.0015293111616398003,0.001760400151546611,60,34,26
1821,resnet50_dim_1821,0.001742133260337223,0.0017577526670675627,39,35,4
1062,resnet50_dim_1062,0.0022343060948080556,0.0017420489738564702,18,36,-18
1531,resnet50_dim_1531,0.0017191332181358673,0.0017363797694238082,41,37,4
1349,resnet50_dim_1349,0.003077494308940498,0.0017274443543770655,4,38,-34
674,resnet50_dim_674,0.0017140193736484418,0.0017046671009344574,44,39,5
25,resnet50_dim_25,0.0014895088253358828,0.0016884551347963073,62,40,22
586,resnet50_dim_586,0.0015794687394682628,0.0016463673698901803,55,41,14
1323,resnet50_dim_1323,0.0020250419952711975,0.0016410573834024491,25,42,-17
608,resnet50_dim_608,0.0025169732697758697,0.0016391055921597556,13,43,-30
1506,resnet50_dim_1506,0.0019248131073126536,0.001599664021791518,29,44,-15
1317,resnet50_dim_1317,0.0015097707837168825,0.0015931527057670646,61,45,16
602,resnet50_dim_602,0.002216231060780984,0.0015898333248919496,19,46,-27
199,resnet50_dim_199,0.001260376612113449,0.0015873648307490472,97,47,50
1212,resnet50_dim_1212,0.0015369331866476436,0.001584367422349219,58,48,10
1689,resnet50_dim_1689,0.0016156887502998198,0.0015818117763148885,50,49,1
1906,resnet50_dim_1906,0.0019368154124857764,0.0015801479631162491,28,50,-22
416,resnet50_dim_416,0.0010950224562477082,0.0015795100791011066,127,51,76
1662,resnet50_dim_1662,0.001663905784127369,0.0015620650767190249,46,52,-6
279,resnet50_dim_279,0.001345601645496257,0.001560470930102406,86,53,33
1229,resnet50_dim_1229,0.0012239456569527903,0.0015276631638096545,100,54,46
840,resnet50_dim_840,0.0012514771014753563,0.001499561123173385,98,55,43
512,resnet50_dim_512,0.0011524857293780956,0.0014905911916843885,118,56,62
1387,resnet50_dim_1387,0.001372285681726011,0.0014897317258261828,82,57,25
1005,resnet50_dim_1005,0.0009408419635512915,0.0014877444376357018,161,58,103
303,resnet50_dim_303,0.0018053868179147238,0.0014843646201243568,36,59,-23
296,resnet50_dim_296,0.0015614821136293242,0.0014837928925327893,57,60,-3
103,resnet50_dim_103,0.0014042834540936066,0.0014615064626009309,74,61,13
1836,resnet50_dim_1836,0.002082642895105782,0.0014529911443815274,21,62,-41
460,resnet50_dim_460,0.0010192332778762704,0.001445223930828289,145,63,82
661,resnet50_dim_661,0.001090960152138544,0.0014342768401228686,129,64,65
712,resnet50_dim_712,0.0011421775648736837,0.0014191888156741743,124,65,59
430,resnet50_dim_430,0.0018961179948543763,0.0014028472102290556,31,66,-35
1392,resnet50_dim_1392,0.001427670427000742,0.0013919415690618088,69,67,2
535,resnet50_dim_535,0.0011851475458430059,0.0013877434277567025,108,68,40
113,resnet50_dim_113,0.0014608604038143778,0.0013831515113399968,66,69,-3
575,resnet50_dim_575,0.0013521707728532673,0.001379022729233096,84,70,14
458,resnet50_dim_458,0.0009826220345022217,0.0013724185287766978,153,71,82
2002,resnet50_dim_2002,0.0017322588943981102,0.0013655445399701346,40,72,-32
18,resnet50_dim_18,0.0012073652844409256,0.001352568840263449,105,73,32
153,resnet50_dim_153,0.0016633457624179856,0.001344554269978006,47,74,-27
1529,resnet50_dim_1529,0.0007740466499637253,0.0013358286925650316,213,75,138
1215,resnet50_dim_1215,0.001378186006983323,0.0013320021498180806,81,76,5
624,resnet50_dim_624,0.0013138486204641359,0.001322773683379944,90,77,13
372,resnet50_dim_372,0.001367149117509501,0.001321873777651886,83,78,5
1099,resnet50_dim_1099,0.00245280822833473,0.001320299475380932,15,79,-64
1873,resnet50_dim_1873,0.0011583880862307344,0.001305432216362441,115,80,35
164,resnet50_dim_164,0.0010143741111439857,0.0012920184620155296,147,81,66
212,resnet50_dim_212,0.0010741748417189092,0.0012854440644638667,133,82,51
1619,resnet50_dim_1619,0.0011480625249510367,0.0012850008013988124,122,83,39
1850,resnet50_dim_1850,0.0013178348234509525,0.0012816480460766627,89,84,5
27,resnet50_dim_27,0.0007360400358265421,0.0012748632155197722,231,85,146
276,resnet50_dim_276,0.0013482144586888128,0.0012732893110381028,85,86,-1
1533,resnet50_dim_1533,0.0011474082251748084,0.0012611830942498383,123,87,36
1103,resnet50_dim_1103,0.0013956038396274995,0.0012591296480908053,77,88,-11
1626,resnet50_dim_1626,0.0009059591517361681,0.001255588506545235,169,89,80
1350,resnet50_dim_1350,0.0013893268075639363,0.0012535065445549302,78,90,-12
368,resnet50_dim_368,0.0009605440920649247,0.0012487355384812715,156,91,65
932,resnet50_dim_932,0.0014002859763285835,0.0012458460769808096,75,92,-17
56,resnet50_dim_56,0.0010048862439778524,0.001245259575588775,148,93,55
1166,resnet50_dim_1166,0.0010588515003813232,0.0012425199635684937,137,94,43
298,resnet50_dim_298,0.0010500787021292543,0.0012418943357660453,142,95,47
175,resnet50_dim_175,0.0004571805554464196,0.0012282966163510308,377,96,281
178,resnet50_dim_178,0.0015839353596520307,0.0012167587922208706,54,97,-43
1312,resnet50_dim_1312,0.0018567227900437894,0.0012144744280695643,33,98,-65
1256,resnet50_dim_1256,0.0008520170877397183,0.001209534020541058,188,99,89
356,resnet50_dim_356,0.0009990686550402053,0.0012039027525026903,149,100,49
260,resnet50_dim_260,0.000750881063858575,0.0012033292058524015,224,101,123
966,resnet50_dim_966,0.0017186884342938382,0.0011993009595030254,42,102,-60
383,resnet50_dim_383,0.0015341452163569723,0.001187161800879264,59,103,-44
1953,resnet50_dim_1953,0.001475743153382564,0.0011843773470088768,64,104,-40
732,resnet50_dim_732,0.001226574694299351,0.0011815249934728099,99,105,-6
1674,resnet50_dim_1674,0.0013839805464760915,0.001179902336980652,79,106,-27
1622,resnet50_dim_1622,0.0012201852956782325,0.0011785242282547801,102,107,-5
1206,resnet50_dim_1206,0.0010694676559700263,0.0011622459079290311,135,108,27
1687,resnet50_dim_1687,0.0009426679663510955,0.0011622251079214793,160,109,51
980,resnet50_dim_980,0.001421310221844285,0.0011618719662793236,71,110,-39
58,resnet50_dim_58,0.001152701060796958,0.0011470774244890368,117,111,6
1859,resnet50_dim_1859,0.0014820653935369976,0.0011419013395447388,63,112,-49
1537,resnet50_dim_1537,0.0013132019231837163,0.0011380319040990427,91,113,-22
649,resnet50_dim_649,0.0009174949668944722,0.0011322121673097909,166,114,52
1882,resnet50_dim_1882,0.0007516273033297092,0.0011279009307440457,223,115,108
622,resnet50_dim_622,0.0005598096798109302,0.0011259523101991064,332,116,216
1853,resnet50_dim_1853,0.0010575030687003117,0.001120771121933387,138,117,21
967,resnet50_dim_967,0.0008297722848436177,0.001120516708280492,200,118,82
1082,resnet50_dim_1082,0.001579346582160033,0.0011054713417491958,56,119,-63
1249,resnet50_dim_1249,0.0006028159180268037,0.0011050292155572045,296,120,176
679,resnet50_dim_679,0.0008377333973546272,0.0011013655876990903,196,121,75
1031,resnet50_dim_1031,0.0009649146976550421,0.0010947618758457886,155,122,33
701,resnet50_dim_701,0.0010833809418728051,0.001083173320843278,131,123,8
2009,resnet50_dim_2009,0.0009142249575960819,0.0010812154087179366,167,124,43
1658,resnet50_dim_1658,0.0007999202767148155,0.0010799767598804815,207,125,82
520,resnet50_dim_520,0.0010191783834298412,0.0010772350121685938,146,126,20
864,resnet50_dim_864,0.0008643942497386823,0.0010709878832876835,185,127,58
1666,resnet50_dim_1666,0.001397544091959233,0.0010646203432832786,76,128,-52
249,resnet50_dim_249,0.0011688962395124737,0.0010645189476060012,113,129,-16
482,resnet50_dim_482,0.0007423043335714086,0.0010558494404379318,228,130,98
108,resnet50_dim_108,0.0009561172342753354,0.001055207046606673,157,131,26
26,resnet50_dim_26,0.0009070061022997379,0.0010551901076615092,168,132,36
331,resnet50_dim_331,0.0009192209232650058,0.0010479851894831702,165,133,32
1492,resnet50_dim_1492,0.000939016174987936,0.0010465212301465692,163,134,29
157,resnet50_dim_157,0.0012714803509846226,0.0010437129827773088,93,135,-42
757,resnet50_dim_757,0.0016619620768195524,0.0010418742094502817,48,136,-88
1909,resnet50_dim_1909,0.0013449004717354933,0.0010380761781922097,88,137,-49
1167,resnet50_dim_1167,0.0009012136969491855,0.0010277165521831015,170,138,32
220,resnet50_dim_220,0.0009959100849143928,0.0010256638125883222,150,139,11
670,resnet50_dim_670,0.0010965049314591332,0.0010173858981201516,126,140,-14
641,resnet50_dim_641,0.0009484583514988355,0.0010108560768976567,158,141,17
1929,resnet50_dim_1929,0.0008816516222093242,0.00100895937557554,178,142,36
401,resnet50_dim_401,0.0006716288010093161,0.00100559281775459,261,143,118
45,resnet50_dim_45,0.000839513900796137,0.0010055369388702402,194,144,50
336,resnet50_dim_336,0.0009467940514396316,0.0010019371361956386,159,145,14
2022,resnet50_dim_2022,0.0007883527055504122,0.0009995479892832397,211,146,65
392,resnet50_dim_392,0.0008425181973030617,0.00099752687002548,192,147,45
1939,resnet50_dim_1939,0.0014271566689261648,0.0009968578111348785,70,148,-78
98,resnet50_dim_98,0.0011511490281145003,0.000993769628797298,119,149,-30
1613,resnet50_dim_1613,0.0008682590352422592,0.0009869354236966645,183,150,33
437,resnet50_dim_437,0.0010810302943403817,0.0009863720210313896,132,151,-19
122,resnet50_dim_122,0.000992812578279391,0.0009809786247458837,151,152,-1
1333,resnet50_dim_1333,0.0007888509261757867,0.000980260174081482,210,153,57
1793,resnet50_dim_1793,0.0011978402137890534,0.0009782918489542193,107,154,-47
1449,resnet50_dim_1449,0.0012669784034171781,0.0009731883176731924,95,155,-60
1508,resnet50_dim_1508,0.001670039749853051,0.0009703400892409035,45,156,-111
332,resnet50_dim_332,0.0006043368440324322,0.0009657737855452459,295,157,138
1133,resnet50_dim_1133,0.0006704301431667627,0.0009651149397917289,262,158,104
988,resnet50_dim_988,0.0005761293638495297,0.0009642466472470821,317,159,158
853,resnet50_dim_853,0.0007656284457934908,0.0009622054362248986,215,160,55
998,resnet50_dim_998,0.0010710788423027226,0.0009618342746005327,134,161,-27
1561,resnet50_dim_1561,0.0007412764388815787,0.0009573757826122977,229,162,67
716,resnet50_dim_716,0.0006944992349784265,0.0009424392188988554,248,163,85
203,resnet50_dim_203,0.0007342985245268196,0.0009421464864363409,232,164,68
1523,resnet50_dim_1523,0.0006862860158667517,0.0009319698590149105,254,165,89
1733,resnet50_dim_1733,0.0016024408969434302,0.0009308908570129823,53,166,-113
1710,resnet50_dim_1710,0.0006849667733463389,0.0009298346273581787,257,167,90
1943,resnet50_dim_1943,0.0011626664923188464,0.0009256962085123539,114,168,-54
326,resnet50_dim_326,0.0005837039600138844,0.0009254955029795269,309,169,140
1322,resnet50_dim_1322,0.0014657575104321545,0.0009235189316500244,65,170,-105
250,resnet50_dim_250,0.0017629941315757968,0.000923163877263264,38,171,-133
143,resnet50_dim_143,0.0007212291727983012,0.0009216114186703838,237,172,65
414,resnet50_dim_414,0.0006446498466563719,0.0009126171486963927,276,173,103
750,resnet50_dim_750,0.001458663773036969,0.0009067389354765361,67,174,-107
1310,resnet50_dim_1310,0.0007853695649522593,0.0009066967372841438,212,175,37
1259,resnet50_dim_1259,0.000878634074616194,0.0009010107545760446,180,176,4
1058,resnet50_dim_1058,0.0010278865332992997,0.0008998255749373193,144,177,-33
1672,resnet50_dim_1672,0.0009695238617816031,0.0008987609784596464,154,178,-24
547,resnet50_dim_547,0.001179601371054552,0.0008973541714949327,109,179,-70
1918,resnet50_dim_1918,0.0008878228748911527,0.0008972428490670261,174,180,-6
1847,resnet50_dim_1847,0.0008435016826144594,0.0008958247575773228,190,181,9
1,resnet50_dim_1,0.0014106070560934308,0.0008940960729067702,72,182,-110
1264,resnet50_dim_1264,0.0009894668184020814,0.0008887765402488375,152,183,-31
1992,resnet50_dim_1992,0.0010651532226343592,0.0008771859148026153,136,184,-48
560,resnet50_dim_560,0.0006303162949303199,0.0008757320516408012,282,185,97
1270,resnet50_dim_1270,0.0008694840784976523,0.0008724469003195042,182,186,-4
197,resnet50_dim_197,0.0008876512014395839,0.0008722409285749769,176,187,-11
464,resnet50_dim_464,0.0005196101082710167,0.0008698667054393686,349,188,161
993,resnet50_dim_993,0.0009343627522092182,0.0008698094450243597,164,189,-25
1224,resnet50_dim_1224,0.0008861723861498116,0.0008663070216927855,177,190,-13
1791,resnet50_dim_1791,0.0005355299290984563,0.0008618378400650901,343,191,152
33,resnet50_dim_33,0.0006505241332989722,0.0008607094175754348,273,192,81
522,resnet50_dim_522,0.0008079917142674966,0.0008589916571966077,204,193,11
847,resnet50_dim_847,0.0008248875617609274,0.0008588942203278168,203,194,9
558,resnet50_dim_558,0.0010500851262473497,0.0008588241533216616,141,195,-54
1257,resnet50_dim_1257,0.0007287423626886435,0.0008587033383874428,233,196,37
1723,resnet50_dim_1723,0.0008877352436584083,0.0008578853452802599,175,197,-22
1179,resnet50_dim_1179,0.0012099291976496516,0.0008550364574782209,103,198,-95
1469,resnet50_dim_1469,0.0008929380855166923,0.0008540868972794375,173,199,-26
994,resnet50_dim_994,0.0007635410883953247,0.0008524316633614256,217,200,17
465,resnet50_dim_465,0.000765505957129961,0.000850939424785799,216,201,15
377,resnet50_dim_377,0.0005694667624989982,0.0008381236057679064,324,202,122
1701,resnet50_dim_1701,0.0006185319788721186,0.0008379353324169011,286,203,83
1698,resnet50_dim_1698,0.0007890026818017702,0.0008367622176744039,209,204,5
379,resnet50_dim_379,0.0011689900494255198,0.0008365705519176661,112,205,-93
653,resnet50_dim_653,0.0005997272824153562,0.0008246183343154765,298,206,92
193,resnet50_dim_193,0.0012690767658011342,0.0008212571361566239,94,207,-113
1336,resnet50_dim_1336,0.00041975358979875837,0.000820602129962436,403,208,195
1204,resnet50_dim_1204,0.00029476889062345963,0.0008178177897271334,549,209,340
1608,resnet50_dim_1608,0.0006782625726085235,0.0008115311462362668,260,210,50
2011,resnet50_dim_2011,0.0006937388036235177,0.0008098641101157342,250,211,39
1248,resnet50_dim_1248,0.0011485644762243383,0.0008073445522136752,121,212,-91
1362,resnet50_dim_1362,0.000634553277799304,0.0008067797247558461,280,213,67
1448,resnet50_dim_1448,0.0009003500915514022,0.0008064369525559924,171,214,-43
1778,resnet50_dim_1778,0.001207738147330972,0.0008045763642908332,104,215,-111
1207,resnet50_dim_1207,0.0010554912054294115,0.0008030843632930916,139,216,-77
64,resnet50_dim_64,0.0005912963247450154,0.0007997750969333891,305,217,88
1745,resnet50_dim_1745,0.0011528778897010683,0.0007973757144692085,116,218,-102
1730,resnet50_dim_1730,0.0007282037201954534,0.0007959331388858387,234,219,15
1535,resnet50_dim_1535,0.0007899830878474027,0.0007953141740265168,208,220,-12
1579,resnet50_dim_1579,0.0005720019702703909,0.0007948883164673524,323,221,102
391,resnet50_dim_391,0.0005659193663545162,0.0007888717057725581,327,222,105
1923,resnet50_dim_1923,0.0005666801495452331,0.0007876992281403344,325,223,102
663,resnet50_dim_663,0.00055889047553713,0.0007853931937199531,333,224,109
1683,resnet50_dim_1683,0.0005795936654731041,0.0007840222427110681,312,225,87
1734,resnet50_dim_1734,0.0006869749841225513,0.0007818575049078489,253,226,27
856,resnet50_dim_856,0.0007176047593806008,0.000778261041721044,239,227,12
90,resnet50_dim_90,0.0010928210086400003,0.0007770233584076715,128,228,-100
1012,resnet50_dim_1012,0.00043545043428875013,0.000771509106159844,391,229,162
1888,resnet50_dim_1888,0.0009391340788242537,0.0007643242245057394,162,230,-68
1459,resnet50_dim_1459,0.0005084708116999423,0.0007634882115949517,356,231,125
657,resnet50_dim_657,0.001083910377893546,0.0007563715418819267,130,232,-102
1480,resnet50_dim_1480,0.000825426337799049,0.0007530754005866662,202,233,-31
916,resnet50_dim_916,0.0006156622053981552,0.0007529887490465736,289,234,55
1478,resnet50_dim_1478,0.0006871388450809323,0.0007489403824418373,252,235,17
1409,resnet50_dim_1409,0.0013787813645732812,0.0007469544864530198,80,236,-156
978,resnet50_dim_978,0.0005142114452915424,0.0007463518894891578,351,237,114
1493,resnet50_dim_1493,0.0007669088657283095,0.0007461077111988003,214,238,-24
1288,resnet50_dim_1288,0.0005342253646159493,0.0007412307852590677,344,239,105
330,resnet50_dim_330,0.000705516021745274,0.0007309492128092342,243,240,3
508,resnet50_dim_508,0.0007450500320473347,0.0007286401032441249,226,241,-15
1564,resnet50_dim_1564,0.0007632015850200382,0.0007256713394955396,219,242,-23
1347,resnet50_dim_1347,0.0006514027441374819,0.0007255677169010995,272,243,29
898,resnet50_dim_898,0.000837747096765622,0.0007246328401146334,195,244,-49
446,resnet50_dim_446,0.0008956229472444164,0.00072171519513559,172,245,-73
961,resnet50_dim_961,0.0008276994138836125,0.0007178032365835987,201,246,-45
878,resnet50_dim_878,0.0006109688288191558,0.0007177846496332776,291,247,44
1445,resnet50_dim_1445,0.0005523420612336257,0.0007176834464406041,336,248,88
1210,resnet50_dim_1210,0.0004156772907836199,0.0007168663652868536,405,249,156
1419,resnet50_dim_1419,0.0006654581333052479,0.0007165245767513608,264,250,14
304,resnet50_dim_304,0.0008532094946534896,0.000716105923359163,187,251,-64
1488,resnet50_dim_1488,0.000543375055967057,0.0007159445732992534,340,252,88
1983,resnet50_dim_1983,0.0008306355342971085,0.0007136725695549744,199,253,-54
1583,resnet50_dim_1583,0.0010513231529236907,0.0007133907059478764,140,254,-114
1993,resnet50_dim_1993,0.0006182414445034532,0.000712276806053887,287,255,32
1200,resnet50_dim_1200,0.000560370574100565,0.0007110147993466965,331,256,75
1638,resnet50_dim_1638,0.0005245603588955688,0.0007106073914028743,347,257,90
860,resnet50_dim_860,0.0012005689263863946,0.000707483316284728,106,258,-152
785,resnet50_dim_785,0.0011788263643670268,0.0007065311125591155,110,259,-149
211,resnet50_dim_211,0.00039908959825385774,0.0007057796617438958,423,260,163
322,resnet50_dim_322,0.0007061278578417682,0.0007035539307508637,242,261,-19
492,resnet50_dim_492,0.0005121563035204517,0.0006994193068584559,353,262,91
722,resnet50_dim_722,0.0007633218596609318,0.0006951181284078522,218,263,-45
684,resnet50_dim_684,0.0005723187163776953,0.0006930517132447018,322,264,58
195,resnet50_dim_195,0.0005069659605735225,0.0006881612166982195,357,265,92
341,resnet50_dim_341,0.0006577175677367187,0.0006875714423484134,268,266,2
720,resnet50_dim_720,0.0008353123788482184,0.0006859929732636083,197,267,-70
1157,resnet50_dim_1157,0.0006861132832784047,0.0006850253200912324,255,268,-13
935,resnet50_dim_935,0.0008718138149180206,0.000682663365135277,181,269,-88
552,resnet50_dim_552,0.0005281502085014141,0.0006816808575371811,346,270,76
1528,resnet50_dim_1528,0.000561785849551237,0.0006762667628264397,330,271,59
1225,resnet50_dim_1225,0.00040740588367378053,0.0006713834792051317,415,272,143
1088,resnet50_dim_1088,0.0012662044371586523,0.0006698290655150088,96,273,-177
30,resnet50_dim_30,0.0003972604395261846,0.00066780033639692,425,274,151
931,resnet50_dim_931,0.000294808418853076,0.0006658055339326619,548,275,273
234,resnet50_dim_234,0.0005975722349621652,0.0006642514737821673,301,276,25
411,resnet50_dim_411,0.001038435237124351,0.0006595731640095107,143,277,-134
1597,resnet50_dim_1597,0.00038712848363746903,0.0006591858940648029,432,278,154
892,resnet50_dim_892,0.0004255798930354781,0.0006579235903736995,399,279,120
1502,resnet50_dim_1502,0.0006393656923231031,0.0006578509561560688,277,280,-3
123,resnet50_dim_123,0.0008046397354495084,0.00065520474130617,206,281,-75
239,resnet50_dim_239,0.0007599621212326342,0.0006551613998386787,221,282,-61
1753,resnet50_dim_1753,0.0004839875407794394,0.0006544346682742178,370,283,87
395,resnet50_dim_395,0.0006471807997515789,0.0006538450252072612,275,284,-9
983,resnet50_dim_983,0.0011777624201215425,0.0006538261006995867,111,285,-174
513,resnet50_dim_513,0.0005938533247669275,0.0006513766201718046,303,286,17
1938,resnet50_dim_1938,0.0008425602636928306,0.0006513515510390291,191,287,-96
79,resnet50_dim_79,0.00027977176282106657,0.0006501357832503414,566,288,278
1085,resnet50_dim_1085,0.0011392039544054515,0.0006477041623090497,125,289,-164
540,resnet50_dim_540,0.0005022644989333484,0.0006452899869261637,361,290,71
1872,resnet50_dim_1872,0.0007483096355243354,0.0006440779705356624,225,291,-66
1266,resnet50_dim_1266,0.0006226435567008737,0.0006430231043924858,284,292,-8
1284,resnet50_dim_1284,0.000448787904121412,0.0006401201395070216,380,293,87
1910,resnet50_dim_1910,0.000598871067805633,0.0006386789378711959,299,294,5
48,resnet50_dim_48,0.0008673111381360069,0.0006366408755142682,184,295,-111
518,resnet50_dim_518,0.0011505606946091201,0.0006364928485671363,120,296,-176
1176,resnet50_dim_1176,0.0004431690502142006,0.0006359374242081793,387,297,90
1049,resnet50_dim_1049,0.0005579933018372671,0.0006346740335321877,334,298,36
737,resnet50_dim_737,0.0006115765284028526,0.0006334725707951471,290,299,-9
567,resnet50_dim_567,0.0007521728681500757,0.0006325635421059532,222,300,-78
1969,resnet50_dim_1969,0.0005632234529897746,0.000629752978527473,329,301,28
1594,resnet50_dim_1594,0.00035041422315371405,0.0006283134545057036,472,302,170
1917,resnet50_dim_1917,0.000760685638097162,0.0006277482271187975,220,303,-83
1702,resnet50_dim_1702,0.00043534466237647783,0.0006259668708072497,392,304,88
358,resnet50_dim_358,0.00035135807206282215,0.0006259283251222514,471,305,166
1552,resnet50_dim_1552,0.0004442009746748291,0.0006257512746388697,384,306,78
951,resnet50_dim_951,0.0004610654775799269,0.000620627202015617,376,307,69
797,resnet50_dim_797,0.000727378909339082,0.0006196115187125052,235,308,-73
13,resnet50_dim_13,0.0004402237760666761,0.0006185644466180896,389,309,80
495,resnet50_dim_495,0.00041519932018136427,0.0006145366085150916,406,310,96
762,resnet50_dim_762,0.00040441025834567006,0.0006143812210865641,418,311,107
359,resnet50_dim_359,0.0005776525264087758,0.0006116872846730527,314,312,2
21,resnet50_dim_21,0.0008074031155684362,0.0006098288627746255,205,313,-108
1724,resnet50_dim_1724,0.00030622863275128927,0.0006086446822163293,531,314,217
906,resnet50_dim_906,0.0003535823583584642,0.000599753125845733,468,315,153
305,resnet50_dim_305,0.0003237125533841219,0.0005988687428403693,510,316,194
1999,resnet50_dim_1999,0.00042268452243420147,0.0005986813215391691,402,317,85
1946,resnet50_dim_1946,0.0004349114734365459,0.0005965102545412921,393,318,75
1047,resnet50_dim_1047,0.0012237844172005687,0.000596268198420229,101,319,-218
517,resnet50_dim_517,0.0005021690985158467,0.0005949436860276253,362,320,42
218,resnet50_dim_218,0.0004044911247683066,0.0005918936737533888,417,321,96
914,resnet50_dim_914,0.0006855767881033703,0.0005917138545148327,256,322,-66
574,resnet50_dim_574,0.0005166787814743648,0.0005909491981564188,350,323,27
542,resnet50_dim_542,0.0008606338040107929,0.0005880560705595256,186,324,-138
338,resnet50_dim_338,0.0004000814473550881,0.000587119381981256,422,325,97
870,resnet50_dim_870,0.0006358532812938878,0.0005864064463509021,278,326,-48
1692,resnet50_dim_1692,0.0006946372813253636,0.0005859246778709343,247,327,-80
913,resnet50_dim_913,0.0004077430830546091,0.0005838334820263681,414,328,86
874,resnet50_dim_874,0.0007411170724048792,0.0005791283179777706,230,329,-99
1563,resnet50_dim_1563,0.00045184697864735234,0.0005777985489959671,379,330,49
388,resnet50_dim_388,0.0004131502945922115,0.0005776389684189066,409,331,78
360,resnet50_dim_360,0.0003962936179040485,0.0005765818522171781,426,332,94
1030,resnet50_dim_1030,0.00034827067895775674,0.0005758951124240185,476,333,143
1914,resnet50_dim_1914,0.00041091624233727307,0.0005757113179131064,411,334,77
798,resnet50_dim_798,0.00037419710973912355,0.0005754749939891609,442,335,107
254,resnet50_dim_254,0.0006205758872398316,0.0005722361206977161,285,336,-51
1971,resnet50_dim_1971,0.0005134963085901403,0.0005716469283325819,352,337,15
1320,resnet50_dim_1320,0.0004231756365577093,0.000569329020659122,401,338,63
490,resnet50_dim_490,0.00031497451911772356,0.0005689898754986674,521,339,182
327,resnet50_dim_327,0.0002876388429686434,0.0005668666505467579,559,340,219
634,resnet50_dim_634,0.000585588061532916,0.0005654980692175751,308,341,-33
1628,resnet50_dim_1628,0.0002966775778909334,0.0005648198475260859,544,342,202
53,resnet50_dim_53,0.0005039023203401506,0.0005617226871403548,359,343,16
486,resnet50_dim_486,0.0007050800870607621,0.0005616418199158518,244,344,-100
294,resnet50_dim_294,0.0005774884360991777,0.0005610256732984802,315,345,-30
1641,resnet50_dim_1641,0.00031699358820213967,0.0005600463905000654,517,346,171
357,resnet50_dim_357,0.00036100089575273294,0.0005590142979230982,457,347,110
923,resnet50_dim_923,0.0005664757075627979,0.0005576624892404074,326,348,-22
1788,resnet50_dim_1788,0.00035010539760158617,0.0005562427270964799,474,349,125
273,resnet50_dim_273,0.0003576955059861781,0.0005547753136424259,463,350,113
1936,resnet50_dim_1936,0.00046229633454729363,0.0005533480943064246,375,351,24
1617,resnet50_dim_1617,0.0003335583094928932,0.0005530626818298226,499,352,147
69,resnet50_dim_69,0.0003474270687086325,0.0005530024453477674,477,353,124
1757,resnet50_dim_1757,0.00041895678703335483,0.000551920771396467,404,354,50
1740,resnet50_dim_1740,0.00037506533848124894,0.000551125499072042,441,355,86
2026,resnet50_dim_2026,0.000498292601355753,0.0005511244758779663,363,356,7
1477,resnet50_dim_1477,0.0003175104017610801,0.0005501208809266449,516,357,159
637,resnet50_dim_637,0.0006941048575291897,0.000550043226809056,249,358,-109
1150,resnet50_dim_1150,0.00032718292404503653,0.000548206057644266,506,359,147
2029,resnet50_dim_2029,0.0005950693642129721,0.0005473664607277943,302,360,-58
1238,resnet50_dim_1238,0.0007012772129064033,0.000542611461441219,245,361,-116
1852,resnet50_dim_1852,0.0004300669709575484,0.00054195630446693,398,362,36
1096,resnet50_dim_1096,0.0005106923166977998,0.0005416755891991786,355,363,-8
618,resnet50_dim_618,0.0008796552860008003,0.0005397714608137232,179,364,-185
1407,resnet50_dim_1407,0.0004145345379407283,0.0005370299311215579,407,365,42
1068,resnet50_dim_1068,0.0004547741240890931,0.0005367130183775606,378,366,12
809,resnet50_dim_809,0.00029924687033763315,0.0005365844044733577,540,367,173
315,resnet50_dim_315,0.0005655675724548415,0.0005361636262776185,328,368,-40
1243,resnet50_dim_1243,0.0007093825041148901,0.0005350871573034097,241,369,-128
1431,resnet50_dim_1431,0.00026322345493650056,0.0005342759653185796,586,370,216
1899,resnet50_dim_1899,0.0005825746972021315,0.0005338980269478945,310,371,-61
727,resnet50_dim_727,0.00037170011733698457,0.0005325642659779371,445,372,73
1721,resnet50_dim_1721,0.0003562715441733296,0.0005316807192931221,464,373,91
1441,resnet50_dim_1441,0.0005930164696920681,0.0005294054789907718,304,374,-70
2045,resnet50_dim_2045,0.0005023168901212299,0.0005288737825954599,360,375,-15
1656,resnet50_dim_1656,0.0004965579813065852,0.0005275223255704249,364,376,-12
233,resnet50_dim_233,0.0007433608930964007,0.0005243318181523728,227,377,-150
1782,resnet50_dim_1782,0.0004123222014335657,0.0005239416647339707,410,378,32
743,resnet50_dim_743,0.00029025263822479567,0.0005231636438863237,555,379,176
443,resnet50_dim_443,0.00037559392240788696,0.0005198945861377276,440,380,60
277,resnet50_dim_277,0.0003405920088580179,0.0005187667930042312,490,381,109
1711,resnet50_dim_1711,0.0006281266241737354,0.0005128702298439027,283,382,-99
1675,resnet50_dim_1675,0.00029011328215829276,0.0005125595126349821,556,383,173
1466,resnet50_dim_1466,0.00035579044296854187,0.0005124795346175349,465,384,81
1514,resnet50_dim_1514,0.0004877025222129846,0.0005120994655012005,368,385,-17
183,resnet50_dim_183,0.00039073280693937727,0.0005120256613942606,429,386,43
895,resnet50_dim_895,0.0006166882874729452,0.0005115124671839027,288,387,-99
1211,resnet50_dim_1211,0.0005111690875094215,0.0005108228236210006,354,388,-34
883,resnet50_dim_883,0.0003430402359578081,0.0005095520996396645,486,389,97
652,resnet50_dim_652,0.0003829371177709215,0.0005092328504419291,437,390,47
915,resnet50_dim_915,0.000680561984635557,0.0005085002549052405,258,391,-133
1574,resnet50_dim_1574,0.0003440779911185089,0.0005077557062671272,483,392,91
413,resnet50_dim_413,0.00023870748122377077,0.0005063352411215845,632,393,239
2034,resnet50_dim_2034,0.0006346341872008518,0.0005062468901776504,279,394,-115
1228,resnet50_dim_1228,0.0003715047902648541,0.0005060837733466824,446,395,51
854,resnet50_dim_854,0.0002962026238618405,0.0005053536595829302,545,396,149
91,resnet50_dim_91,0.0003829917282784501,0.0005050417159417321,436,397,39
469,resnet50_dim_469,0.0005763942177756304,0.0005044655415804841,316,398,-82
1299,resnet50_dim_1299,0.0006782630305478493,0.0005025750072892693,259,399,-140
2013,resnet50_dim_2013,0.0005824146599735303,0.0005020765890032103,311,400,-89
1570,resnet50_dim_1570,0.0005787373672356586,0.0004982894877146064,313,401,-88
1573,resnet50_dim_1573,0.0006691409031235706,0.0004947909783931544,263,402,-139
941,resnet50_dim_941,0.0005864600585382406,0.0004947680915906556,306,403,-97
311,resnet50_dim_311,0.000433732462506497,0.0004935022690305463,396,404,-8
912,resnet50_dim_912,0.0003979816453371191,0.000493353486844945,424,405,19
118,resnet50_dim_118,0.00024441493199173746,0.0004924600514638284,627,406,221
943,resnet50_dim_943,0.00034726468872047547,0.0004919930483262684,478,407,71
442,resnet50_dim_442,0.0002153219343207571,0.0004909111441483104,669,408,261
1163,resnet50_dim_1163,0.0005743581937335649,0.0004908607754542284,320,409,-89
1560,resnet50_dim_1560,0.0006586680841216428,0.0004905549593438318,267,410,-143
1089,resnet50_dim_1089,0.0001818168940856004,0.0004902805663906691,731,411,320
376,resnet50_dim_376,0.0005391193093156864,0.0004897946131878445,341,412,-71
1261,resnet50_dim_1261,0.0004957917459343833,0.0004884861374090591,365,413,-48
814,resnet50_dim_814,0.00025869563866147557,0.0004873655214431369,600,414,186
825,resnet50_dim_825,0.0008402760180511659,0.00048668450096855443,193,415,-222
1423,resnet50_dim_1423,0.00040494185986655293,0.0004842476802388237,416,416,0
1267,resnet50_dim_1267,0.00044810224858846044,0.0004826812386566451,381,417,-36
230,resnet50_dim_230,0.0004108913377717289,0.0004814605937115473,412,418,-6
171,resnet50_dim_171,0.0006600436644015839,0.0004812168380803348,266,419,-153
903,resnet50_dim_903,0.00033370678662881793,0.00048033038161549154,498,420,78
299,resnet50_dim_299,0.0007209313041471325,0.00047985131493358566,238,421,-183
648,resnet50_dim_648,0.0006043379978562725,0.00047934967764228214,294,422,-128
2019,resnet50_dim_2019,0.0006045659975704644,0.000479305633427474,293,423,-130
808,resnet50_dim_808,0.0006547314822948415,0.0004792066241540493,269,424,-155
1473,resnet50_dim_1473,0.00032853310082391713,0.0004773310016625074,501,425,76
1824,resnet50_dim_1824,0.0003165024795386531,0.00047711120524098296,518,426,92
960,resnet50_dim_960,0.00026626939376030964,0.0004741498249697297,583,427,156
533,resnet50_dim_533,0.0003317961166322006,0.0004733881730215363,500,428,72
755,resnet50_dim_755,0.00034299494896197254,0.0004729794141270564,487,429,58
1000,resnet50_dim_1000,0.0003906727208744187,0.0004705888960444433,430,430,0
1616,resnet50_dim_1616,0.0004134519935551524,0.0004701290167952769,408,431,-23
10,resnet50_dim_10,0.0004679430765343577,0.00046939982663046694,372,432,-60
833,resnet50_dim_833,0.0005205966359490731,0.00046909438958410795,348,433,-85
1777,resnet50_dim_1777,0.00013309815515954944,0.00046688633555171365,892,434,458
1550,resnet50_dim_1550,0.0005761248040421039,0.00046674285739761533,318,435,-117
1534,resnet50_dim_1534,0.00034616990350003505,0.0004637823924470974,480,436,44
1982,resnet50_dim_1982,0.0003922714533656514,0.00046090097381004506,428,437,-9
1315,resnet50_dim_1315,0.0003728072651747032,0.0004604730515480183,443,438,5
1912,resnet50_dim_1912,0.0003886205380316052,0.0004592489307924439,431,439,-8
851,resnet50_dim_851,0.0003943348660708612,0.00045895387363610287,427,440,-13
1035,resnet50_dim_1035,0.0006004490064262188,0.00045867278733797566,297,441,-144
908,resnet50_dim_908,0.0003723597233131498,0.0004586515936147501,444,442,2
235,resnet50_dim_235,0.0003280158223539248,0.00045798882599252833,504,443,61
1634,resnet50_dim_1634,0.0002958904588810769,0.00045795644697414816,546,444,102
1472,resnet50_dim_1472,0.0003018146308886936,0.000456955560569428,537,445,92
451,resnet50_dim_451,0.0004912443127231632,0.0004566495232638971,366,446,-80
1784,resnet50_dim_1784,0.0003627191418294775,0.00045508682199821445,454,447,7
1291,resnet50_dim_1291,0.0008338892300982675,0.0004538745601567061,198,448,-250
1483,resnet50_dim_1483,0.00036372674738556466,0.00045181402349233035,453,449,4
1144,resnet50_dim_1144,0.0004344915364623579,0.00045118164252190714,394,450,-56
1510,resnet50_dim_1510,0.0003854506961867641,0.00045026901269887623,433,451,-18
1964,resnet50_dim_1964,0.0003656211055403644,0.0004490266697403958,452,452,0
531,resnet50_dim_531,0.000362187033845695,0.0004480297367086828,455,453,2
1678,resnet50_dim_1678,0.0003502719184626937,0.00044256264316900685,473,454,19
613,resnet50_dim_613,0.00030970546027390863,0.0004423355337031003,526,455,71
1398,resnet50_dim_1398,0.0007124849370560303,0.00044219063085457525,240,456,-216
1884,resnet50_dim_1884,0.0005504695997400406,0.000440872056977094,338,457,-119
1437,resnet50_dim_1437,0.00025902455277823286,0.0004404984860084662,597,458,139
1913,resnet50_dim_1913,0.000248126689208571,0.00043957658549324054,616,459,157
1198,resnet50_dim_1198,0.00024678840634175816,0.0004386373080890644,618,460,158
1340,resnet50_dim_1340,0.00019990034080933692,0.0004383583061677034,692,461,231
990,resnet50_dim_990,0.00030468318523683193,0.00043768732048040244,533,462,71
50,resnet50_dim_50,0.0004025528015106863,0.00043732758498366226,421,463,-42
1302,resnet50_dim_1302,0.0003179366550452359,0.0004336229225858211,514,464,50
1433,resnet50_dim_1433,0.00035789656462529006,0.0004313265787126594,459,465,-6
889,resnet50_dim_889,0.00024966157318919476,0.00043048846897742745,613,466,147
1293,resnet50_dim_1293,0.000143142070237936,0.00043002975812678776,847,467,380
714,resnet50_dim_714,0.0002617519075210906,0.0004289085988928218,589,468,121
1693,resnet50_dim_1693,0.0004432846277344595,0.00042888067251278594,386,469,-83
1985,resnet50_dim_1985,0.00032015904354045464,0.00042856825911202865,512,470,42
146,resnet50_dim_146,0.0003431037739616597,0.00042828315598705325,485,471,14
1779,resnet50_dim_1779,0.0003679934991554348,0.0004244520531322779,449,472,-23
2007,resnet50_dim_2007,0.00031530323818818317,0.00042321459030343156,519,473,46
1844,resnet50_dim_1844,0.00030234662960919924,0.0004231307031293889,536,474,62
5,resnet50_dim_5,0.0002613907369086248,0.00042250232230249844,593,475,118
780,resnet50_dim_780,0.0003840343802886263,0.0004219410211866747,435,476,-41
544,resnet50_dim_544,0.00027054514325544393,0.00042104614340100923,578,477,101
841,resnet50_dim_841,5.921484646275055e-05,0.00041858931494120395,1321,478,843
1194,resnet50_dim_1194,0.0002989478556459833,0.00041826545392247434,541,479,62
557,resnet50_dim_557,0.00023861094529972984,0.0004180015551757582,633,480,153
1835,resnet50_dim_1835,0.00016876971136535823,0.0004169202639221231,761,481,280
1920,resnet50_dim_1920,0.0003803627450276721,0.0004168304345651043,438,482,-44
529,resnet50_dim_529,0.0003134617762907821,0.0004164834712488987,522,483,39
266,resnet50_dim_266,0.00019676237794852863,0.000416080950871649,696,484,212
1306,resnet50_dim_1306,0.00020209886432580635,0.0004153537904121144,688,485,203
692,resnet50_dim_692,0.00024011171899524446,0.0004146282243732167,629,486,143
1496,resnet50_dim_1496,0.0003362484100362854,0.00041404761987660693,495,487,8
1916,resnet50_dim_1916,0.000408456572075747,0.00041306777352244454,413,488,-75
407,resnet50_dim_407,0.00030685903235439004,0.00041299305935822375,530,489,41
1172,resnet50_dim_1172,0.0003375275886457188,0.0004124169405650862,494,490,4
1540,resnet50_dim_1540,0.0002785939529911431,0.00041140784380814453,568,491,77
765,resnet50_dim_765,0.0003431908092286619,0.0004099801567276406,484,492,-8
390,resnet50_dim_390,0.0002931564925162381,0.00040968436374006785,552,493,59
1060,resnet50_dim_1060,0.00021559133753323376,0.0004083465628775948,668,494,174
1845,resnet50_dim_1845,0.00017138047395064907,0.0004060470430487113,755,495,260
1439,resnet50_dim_1439,0.00027579155508740763,0.0004041219049460519,571,496,75
1748,resnet50_dim_1748,0.000305719150117398,0.00040406770358259115,532,497,35
1995,resnet50_dim_1995,0.00031179766008042353,0.00040297480716736735,523,498,25
1486,resnet50_dim_1486,0.0003673859707825248,0.00040217750724365006,450,499,-49
263,resnet50_dim_263,0.00017308523616052501,0.00040144656611912686,747,500,247
1408,resnet50_dim_1408,0.00024645312936079556,0.00040138330591178587,619,501,118
1544,resnet50_dim_1544,0.0002588607173125963,0.0003993303769209852,599,502,97
1328,resnet50_dim_1328,0.00032827477946601987,0.0003988718580705259,503,503,0
1304,resnet50_dim_1304,0.00026192704478814207,0.00039830269984312145,588,504,84
309,resnet50_dim_309,0.00024008014525392002,0.00039699309743499545,630,505,125
1615,resnet50_dim_1615,0.0001772912270533653,0.00039684846222295045,741,506,235
1958,resnet50_dim_1958,0.00023526494140466308,0.0003968257197999173,641,507,134
95,resnet50_dim_95,0.0003102623597836735,0.0003952319002687165,525,508,17
1602,resnet50_dim_1602,0.0005379147129579192,0.00039462127941187667,342,509,-167
1239,resnet50_dim_1239,0.0006619268855820909,0.00039389306449289885,265,510,-245
1783,resnet50_dim_1783,0.00031846976696913587,0.00039350588298115834,513,511,2
1413,resnet50_dim_1413,0.00017576165638941564,0.0003927016953869404,744,512,232
1556,resnet50_dim_1556,0.0003383252376620365,0.0003926025898305051,493,513,-20
1071,resnet50_dim_1071,0.00025901027885687417,0.00039214484528685405,598,514,84
200,resnet50_dim_200,0.0002574743883435772,0.0003918189129417339,602,515,87
1446,resnet50_dim_1446,0.0002454335930735548,0.0003896517074431409,623,516,107
921,resnet50_dim_921,0.0002616980690204913,0.00038767057857171046,591,517,74
470,resnet50_dim_470,0.0008520009566661456,0.0003873595681563468,189,518,-329
818,resnet50_dim_818,0.00016371892647229396,0.00038699769670466394,775,519,256
1768,resnet50_dim_1768,0.0003248663685021963,0.00038627679850611525,507,520,-13
187,resnet50_dim_187,0.00016694290577501562,0.0003860670483663774,765,521,244
628,resnet50_dim_628,0.00034986925484664763,0.0003845083192066791,475,522,-47
1857,resnet50_dim_1857,0.0002854573482963729,0.00038340739914919384,562,523,39
1175,resnet50_dim_1175,0.0005743125200882552,0.0003831466612375154,321,524,-203
1961,resnet50_dim_1961,0.0003178458365631953,0.00038314232598098244,515,525,-10
1839,resnet50_dim_1839,0.000248074064745505,0.00038176831426138503,617,526,91
673,resnet50_dim_673,0.00021854224689473142,0.00037929868940177105,663,527,136
252,resnet50_dim_252,0.0002519529773567158,0.0003766457390172682,608,528,80
507,resnet50_dim_507,0.00030024609437513753,0.0003764151645969108,538,529,9
708,resnet50_dim_708,0.0003397257872448806,0.0003753207848776809,492,530,-38
1980,resnet50_dim_1980,0.00019678969946911997,0.000375140015637671,695,531,164
1749,resnet50_dim_1749,0.0006980191720792796,0.0003738679954201915,246,532,-286
337,resnet50_dim_337,0.0002496905303142164,0.00037358700154343355,612,533,79
1186,resnet50_dim_1186,0.0005521001891558459,0.00037275788366297394,337,534,-197
694,resnet50_dim_694,0.0004235243324669316,0.00037158061125632555,400,535,-135
300,resnet50_dim_300,0.00034425687566467345,0.0003705547012864223,482,536,-54
1519,resnet50_dim_1519,0.0002682518965908748,0.0003682329613435563,579,537,42
425,resnet50_dim_425,0.00024580408762336355,0.0003680082160609193,621,538,83
1763,resnet50_dim_1763,0.0004429823515901417,0.0003674344680192607,388,539,-151
61,resnet50_dim_61,0.0003515876025259294,0.00036667622630895,470,540,-70
410,resnet50_dim_410,0.00023443723305065624,0.00036604394911318966,644,541,103
1020,resnet50_dim_1020,0.00018048779919139786,0.0003653207594372767,732,542,190
963,resnet50_dim_963,0.00035411448612667797,0.00036427783052399786,467,543,-76
262,resnet50_dim_262,0.00013813569688448404,0.0003638611950757825,872,544,328
1275,resnet50_dim_1275,0.00020304309017268472,0.0003623876847905225,686,545,141
1329,resnet50_dim_1329,0.0006889347203259264,0.0003613741243202089,251,546,-295
1708,resnet50_dim_1708,0.00057438452979977,0.000360867936480676,319,547,-228
1700,resnet50_dim_1700,0.0003767044990436195,0.0003585748054207617,439,548,-109
1858,resnet50_dim_1858,0.0002801334909058171,0.0003584960316231582,565,549,16
681,resnet50_dim_681,0.0004030521046637126,0.00035842269353320185,420,550,-130
1251,resnet50_dim_1251,0.0002835885012371221,0.0003574309282611643,563,551,12
918,resnet50_dim_918,0.0005551119592554116,0.00035674286156709166,335,552,-217
1876,resnet50_dim_1876,0.00027234550957644084,0.0003567206888328189,576,553,23
450,resnet50_dim_450,0.00036600919976470433,0.00035643061275218116,451,554,-103
1242,resnet50_dim_1242,0.0002762069398119952,0.0003560321054629919,570,555,15
1789,resnet50_dim_1789,0.00037057698353523384,0.0003559244006788752,447,556,-109
1665,resnet50_dim_1665,0.00024489696086109965,0.00035588387642579097,625,557,68
1828,resnet50_dim_1828,0.0003611699257544627,0.00035574441403498546,456,558,-102
904,resnet50_dim_904,0.00021926488761296402,0.0003548912156804791,661,559,102
62,resnet50_dim_62,0.00021769608712592371,0.0003520626677960827,665,560,105
1262,resnet50_dim_1262,0.0005861829062746699,0.00035193016630084595,307,561,-254
384,resnet50_dim_384,0.0004039331238908763,0.0003517220962764026,419,562,-143
297,resnet50_dim_297,0.00015727470869573895,0.0003510269396714262,794,563,231
775,resnet50_dim_775,0.00044403852591583096,0.00034995269765630523,385,564,-179
1260,resnet50_dim_1260,0.0002780163022772222,0.0003492077230559,569,565,4
970,resnet50_dim_970,0.00028974523572078675,0.00034911893368007015,557,566,-9
57,resnet50_dim_57,0.0006536840493729947,0.0003480802711874571,270,567,-297
1972,resnet50_dim_1972,0.0002159735501500994,0.00034802765367543056,667,568,99
831,resnet50_dim_831,0.00022819320309653353,0.0003479102347072339,651,569,82
505,resnet50_dim_505,0.00015286270477308695,0.00034778828011417017,804,570,234
972,resnet50_dim_972,0.00025977277394027744,0.00034729167744111965,595,571,24
412,resnet50_dim_412,0.0002393380203835402,0.0003472265319891516,631,572,59
709,resnet50_dim_709,0.0003285157115531972,0.00034626980962728987,502,573,-71
669,resnet50_dim_669,0.0005496450365494229,0.00034516059113443915,339,574,-235
506,resnet50_dim_506,0.0002537838950205518,0.0003444174364612656,605,575,30
528,resnet50_dim_528,0.00035333534111215656,0.00034421942439085025,469,576,-107
1056,resnet50_dim_1056,0.00021855697734505733,0.00034336529426978735,662,577,85
839,resnet50_dim_839,0.00025845762624385877,0.00034270039574073563,601,578,23
1785,resnet50_dim_1785,0.00014850531166281947,0.00034198338068795845,826,579,247
626,resnet50_dim_626,0.0002038562723090263,0.00034176566255916205,684,580,104
1592,resnet50_dim_1592,0.0003461876932085775,0.0003414091949441825,479,581,-102
756,resnet50_dim_756,0.00043128289084096925,0.00034039324310776784,397,582,-185
366,resnet50_dim_366,0.000307895391602618,0.0003401199923864504,529,583,-54
723,resnet50_dim_723,0.0004652136402123317,0.00033940532833111255,374,584,-210
191,resnet50_dim_191,0.0002284041441713519,0.00033812562324025134,650,585,65
1967,resnet50_dim_1967,0.00047634310636020634,0.00033793647234247476,371,586,-215
660,resnet50_dim_660,0.00035504696749353866,0.0003360965181535005,466,587,-121
1007,resnet50_dim_1007,0.00027133184233848605,0.00033594469699615927,577,588,-11
155,resnet50_dim_155,0.0007249564478266691,0.0003345932462644394,236,589,-353
1843,resnet50_dim_1843,0.0006533927419637863,0.00033354446457076084,271,590,-319
616,resnet50_dim_616,0.00038533830546647876,0.0003328868975507377,434,591,-157
1878,resnet50_dim_1878,0.00025030083631450166,0.0003326395375260902,609,592,17
1794,resnet50_dim_1794,0.000533598527120111,0.00033162529529930047,345,593,-248
1213,resnet50_dim_1213,0.00025228700021311633,0.00033158883886364354,607,594,13
2,resnet50_dim_2,0.0002802252698461406,0.0003305784303387691,564,595,-31
753,resnet50_dim_753,0.0001588396562877103,0.00033020704964513404,789,596,193
1430,resnet50_dim_1430,0.0002744474619780623,0.0003298413943765536,573,597,-24
569,resnet50_dim_569,0.00025013606862558637,0.0003295413656170586,611,598,13
813,resnet50_dim_813,0.00023239242526483335,0.0003284909187243091,647,599,48
1643,resnet50_dim_1643,0.0002451631144389878,0.00032774472673964203,624,600,24
1253,resnet50_dim_1253,0.0006105343286991035,0.00032758060194311087,292,601,-309
49,resnet50_dim_49,0.0003273123770064458,0.00032752832875727097,505,602,-97
2012,resnet50_dim_2012,0.00011568881428171514,0.00032743651963049744,968,603,365
1690,resnet50_dim_1690,0.00023768078194180003,0.00032742074083083687,635,604,31
42,resnet50_dim_42,0.00021304551532366688,0.0003274081401917716,674,605,69
1189,resnet50_dim_1189,0.0002616495195452402,0.0003259927971396164,592,606,-14
280,resnet50_dim_280,0.00013698788652165896,0.0003227413099819317,876,607,269
1425,resnet50_dim_1425,0.0001723803739378278,0.00032272417693944387,750,608,142
1043,resnet50_dim_1043,0.000487876111647948,0.000322522006262593,367,609,-242
213,resnet50_dim_213,0.00034591966909252637,0.0003216286126847066,481,610,-129
1725,resnet50_dim_1725,0.00016081291557086018,0.00032142274225329564,783,611,172
1440,resnet50_dim_1440,0.0002348019068068848,0.00032064924832728414,643,612,31
1705,resnet50_dim_1705,0.00017123829780010078,0.0003205843459491996,756,613,143
1457,resnet50_dim_1457,0.00011757702402274566,0.0003187034545451639,961,614,347
888,resnet50_dim_888,0.0001985151797889458,0.0003183314539607117,693,615,78
568,resnet50_dim_568,0.0004863582519859896,0.00031786161374107815,369,616,-247
1601,resnet50_dim_1601,0.00018883570671118,0.0003175709324566426,711,617,94
1934,resnet50_dim_1934,0.00015032853418825787,0.00031629171597675565,818,618,200
1677,resnet50_dim_1677,0.0002143250686259398,0.00031471833242273964,671,619,52
202,resnet50_dim_202,0.0004477935782607279,0.00031400864635482714,382,620,-238
1890,resnet50_dim_1890,0.0006482259000312118,0.0003122539634541383,274,621,-347
418,resnet50_dim_418,0.00022115059256908268,0.0003121862901513374,658,622,36
1158,resnet50_dim_1158,0.00012141810645449402,0.0003111498065250935,941,623,318
1161,resnet50_dim_1161,0.00014519108638403163,0.00031106893745659164,839,624,215
167,resnet50_dim_167,0.0003578585581259005,0.0003096934526835904,460,625,-165
1017,resnet50_dim_1017,0.0002286415331316608,0.00030952844213347794,649,626,23
1142,resnet50_dim_1142,0.0002733020077495376,0.00030881107118756944,575,627,-52
1659,resnet50_dim_1659,0.0001278793612784577,0.0003078316827548061,913,628,285
176,resnet50_dim_176,0.00018872648486881706,0.00030683388943856204,712,629,83
1381,resnet50_dim_1381,0.0002787830865414592,0.0003053585078540545,567,630,-63
205,resnet50_dim_205,0.00018589211644787427,0.0003047889558850551,723,631,92
1625,resnet50_dim_1625,0.00015479330157010455,0.0003044531726947812,800,632,168
796,resnet50_dim_796,0.0003402649519600153,0.0003033043186619613,491,633,-142
1880,resnet50_dim_1880,0.00023809784819476287,0.00030295516952627295,634,634,0
928,resnet50_dim_928,0.00023144773895232573,0.0003023823579466556,648,635,13
1352,resnet50_dim_1352,0.00016364094838095057,0.00030210484986203473,776,636,140
827,resnet50_dim_827,0.0001010013480293675,0.00030182815596530943,1043,637,406
631,resnet50_dim_631,0.0002617363191297026,0.0003001267277156865,590,638,-48
511,resnet50_dim_511,0.0002659537934568677,0.0002990641434259487,585,639,-54
1075,resnet50_dim_1075,0.00011207795317114166,0.0002987726407304959,987,640,347
1758,resnet50_dim_1758,0.0003152050687552537,0.000298692996816022,520,641,-121
2003,resnet50_dim_2003,0.00026771531589429365,0.0002977207624865837,581,642,-61
1815,resnet50_dim_1815,0.00014643979411512674,0.00029534371632754567,834,643,191
997,resnet50_dim_997,0.0002681310458400505,0.0002930405290581542,580,644,-64
632,resnet50_dim_632,0.0001414900388649822,0.00029174754793877386,856,645,211
476,resnet50_dim_476,0.00014835422693733333,0.00029149005792334574,827,646,181
1941,resnet50_dim_1941,0.00020756350532937485,0.0002907232447277828,679,647,32
473,resnet50_dim_473,0.00022540959217431637,0.00029013437215831827,654,648,6
1624,resnet50_dim_1624,0.0002981078721862408,0.00029002432834769853,542,649,-107
580,resnet50_dim_580,0.00026614304002770336,0.00028935280142067493,584,650,-66
503,resnet50_dim_503,0.00018685067770340104,0.0002888099902563523,719,651,68
1775,resnet50_dim_1775,0.00021470439702322798,0.0002869577412098968,670,652,18
494,resnet50_dim_494,0.00032446962668179204,0.0002868094605967535,509,653,-144
409,resnet50_dim_409,0.00016193812527873756,0.0002863711890061303,780,654,126
19,resnet50_dim_19,0.000207539944569658,0.0002858296957105938,680,655,25
948,resnet50_dim_948,0.0002857726631238652,0.00028580216376393274,560,656,-96
1177,resnet50_dim_1177,0.00021936422196010977,0.0002857237650325385,660,657,3
1378,resnet50_dim_1378,0.00032116522842460306,0.00028528783179424254,511,658,-147
896,resnet50_dim_896,0.0002492317235294222,0.0002848217870293078,615,659,-44
947,resnet50_dim_947,0.00034280877908686376,0.0002835059960653353,489,660,-171
241,resnet50_dim_241,0.00019528703502512632,0.00028231872879630953,702,661,41
179,resnet50_dim_179,0.00019079644078077217,0.00028210132849907705,706,662,44
1555,resnet50_dim_1555,0.00017040811606159153,0.0002798378508615993,759,663,96
922,resnet50_dim_922,8.585377049701411e-05,0.00027836124222395647,1128,664,464
1123,resnet50_dim_1123,0.00013950430130328997,0.0002782331388393634,866,665,201
956,resnet50_dim_956,0.00022337305233512817,0.00027814822426768817,656,666,-10
811,resnet50_dim_811,0.00019323392231683658,0.00027737529383461854,704,667,37
891,resnet50_dim_891,0.00013940041448080629,0.0002770703274156914,867,668,199
1898,resnet50_dim_1898,0.00019613971158933245,0.00027578567175443004,699,669,30
1282,resnet50_dim_1282,0.00017054454041627657,0.00027411368854077565,758,670,88
1463,resnet50_dim_1463,0.00015242947880576895,0.00027328009611599574,809,671,138
996,resnet50_dim_996,0.00013612527498515898,0.00027288027131319937,881,672,209
843,resnet50_dim_843,0.0002529246449041638,0.0002722690294445482,606,673,-67
1516,resnet50_dim_1516,0.00018032519499808488,0.00027207894149232305,733,674,59
909,resnet50_dim_909,0.00015235534060912184,0.00027121715682337495,810,675,135
905,resnet50_dim_905,0.00011832040401923245,0.0002707519198001063,956,676,280
2036,resnet50_dim_2036,0.0001876276420912176,0.00027031607524977185,716,677,39
1832,resnet50_dim_1832,0.00015926319018963307,0.00026976188388036027,787,678,109
1022,resnet50_dim_1022,0.00021772081212839632,0.00026929107124097786,664,679,-15
1190,resnet50_dim_1190,0.00025965964798548225,0.00026910105981307783,596,680,-84
1737,resnet50_dim_1737,0.00017740956723896298,0.00026887564830953433,740,681,59
80,resnet50_dim_80,0.00021759186522322388,0.0002683042907848923,666,682,-16
224,resnet50_dim_224,0.0005048560950460741,0.00026727148345916633,358,683,-325
1759,resnet50_dim_1759,0.00012485040316272814,0.0002668000738759935,928,684,244
2017,resnet50_dim_2017,0.0003026441657990801,0.0002666473682137367,535,685,-150
1002,resnet50_dim_1002,0.0002939865934933988,0.0002655760775746103,550,686,-136
1548,resnet50_dim_1548,0.00015138134647693709,0.00026554763581150494,813,687,126
1330,resnet50_dim_1330,0.00013614653992961474,0.00026529155582471033,880,688,192
1376,resnet50_dim_1376,0.00011542406803164047,0.0002647172366635768,971,689,282
445,resnet50_dim_445,0.00017559681257511175,0.000264183494831265,745,690,55
1482,resnet50_dim_1482,0.00024178020512276218,0.00026381056987411476,628,691,-63
589,resnet50_dim_589,0.00022140106478208446,0.00026363902593747583,657,692,-35
387,resnet50_dim_387,0.0001473843521262763,0.0002635117234377906,832,693,139
271,resnet50_dim_271,0.00024954961903662985,0.0002633120766718229,614,694,-80
1637,resnet50_dim_1637,0.00019338700943935416,0.00026312268741784944,703,695,8
957,resnet50_dim_957,0.00018839422876590657,0.00026260782982011696,714,696,18
1731,resnet50_dim_1731,0.00013047969762444773,0.00026089464219316167,902,697,205
1926,resnet50_dim_1926,0.00011988771073621372,0.00026023772505279403,949,698,251
1695,resnet50_dim_1695,0.00017281609914241773,0.0002601255687822708,748,699,49
1803,resnet50_dim_1803,0.00020506632431762747,0.0002594809990223178,681,700,-19
196,resnet50_dim_196,0.00026277647104071587,0.00025878876281857293,587,701,-114
1272,resnet50_dim_1272,0.00023565472797040208,0.00025759647985017117,639,702,-63
958,resnet50_dim_958,0.00022672575857685042,0.0002574732029764773,652,703,-51
1605,resnet50_dim_1605,0.00011484119198271528,0.00025746060126361696,975,704,271
1948,resnet50_dim_1948,0.0003345433426864281,0.0002566983189664914,497,705,-208
100,resnet50_dim_100,0.0002928027295051061,0.0002566310049299422,553,706,-153
1110,resnet50_dim_1110,7.823078104843742e-05,0.0002565939336003335,1182,707,475
120,resnet50_dim_120,0.00023660956177306457,0.00025640364981709823,637,708,-71
713,resnet50_dim_713,0.00010663363480893803,0.0002561770537476777,1015,709,306
12,resnet50_dim_12,0.0006344516514327161,0.0002550520254525193,281,710,-429
838,resnet50_dim_838,0.0001000142903021496,0.0002534919733438482,1049,711,338
1221,resnet50_dim_1221,0.0001481905356371114,0.00025318237560473044,828,712,116
1451,resnet50_dim_1451,0.0002353591868575709,0.0002531813081489005,640,713,-73
140,resnet50_dim_140,0.0001528004553993714,0.00025253363861477005,806,714,92
1682,resnet50_dim_1682,0.0002016900363686321,0.0002523565200531988,689,715,-26
1848,resnet50_dim_1848,0.00010798656516428341,0.000251627991641988,1007,716,291
2031,resnet50_dim_2031,0.00019038557710802088,0.00025147498263200404,707,717,-10
504,resnet50_dim_504,0.0001428989674136794,0.00024993462455711745,849,718,131
1083,resnet50_dim_1083,8.396240278025374e-05,0.00024991644601900546,1141,719,422
995,resnet50_dim_995,8.216243344611422e-05,0.0002488766920225232,1150,720,430
571,resnet50_dim_571,9.749547572198026e-05,0.00024758921076319964,1068,721,347
488,resnet50_dim_488,0.00043616330986549914,0.0002471104188566377,390,722,-332
1849,resnet50_dim_1849,0.0001073542484157274,0.00024632644088416544,1013,723,290
1081,resnet50_dim_1081,0.00013724175230098848,0.00024547999169855113,874,724,150
1019,resnet50_dim_1019,0.00013260644908219654,0.0002444933865795077,894,725,169
1766,resnet50_dim_1766,9.791443892745569e-05,0.00024251954413362364,1064,726,338
340,resnet50_dim_340,0.0001358545230158604,0.00024246606291929688,883,727,156
1755,resnet50_dim_1755,0.0004676112423639416,0.00024236427706406075,373,728,-355
44,resnet50_dim_44,0.00015685564917814263,0.0002422851800631336,796,729,67
147,resnet50_dim_147,0.00020351517557086254,0.00024203284743050892,685,730,-45
786,resnet50_dim_786,0.000189356134572068,0.00024199532986843726,709,731,-22
427,resnet50_dim_427,0.00015298019174147436,0.00024198683478095128,803,732,71
501,resnet50_dim_501,0.0003578271344443608,0.00024182131586821705,461,733,-272
1780,resnet50_dim_1780,0.00011553736855059052,0.00024156254482368445,969,734,235
759,resnet50_dim_759,0.0003589157913986199,0.00024155852468558668,458,735,-277
158,resnet50_dim_158,0.00018949966440812586,0.00024136727206549872,708,736,-28
463,resnet50_dim_463,0.00013000077254863586,0.00024074402655699186,904,737,167
1806,resnet50_dim_1806,0.00028548683104586027,0.00024049065353957486,561,738,-177
566,resnet50_dim_566,0.00015019135902197967,0.00024039337418742035,819,739,80
1765,resnet50_dim_1765,0.00016488263424173076,0.00023985677974690462,773,740,33
1524,resnet50_dim_1524,0.00010855796229193175,0.0002388687100365043,1000,741,259
2079,unlabelled_input_ratio,0.0002339670642878493,0.00023781306219157323,646,742,-96
1587,resnet50_dim_1587,0.00023683068885558045,0.0002373454309006906,636,743,-107
1728,resnet50_dim_1728,0.00011244998407724171,0.00023715083091565816,985,744,241
1922,resnet50_dim_1922,0.00029971134017069644,0.00023710631849883915,539,745,-206
182,resnet50_dim_182,0.0001829497366765579,0.0002357673976472715,728,746,-18
1869,resnet50_dim_1869,0.00016261536161577697,0.0002350052924665021,779,747,32
1538,resnet50_dim_1538,0.00011350757925511521,0.00023459243558142766,978,748,230
39,resnet50_dim_39,0.00044511791412132483,0.00023379640250583875,383,749,-366
1814,resnet50_dim_1814,0.00019548225725830697,0.00023378809310264226,700,750,-50
174,resnet50_dim_174,0.0001983659645199257,0.00023375201292986326,694,751,-57
744,resnet50_dim_744,0.0003114422371636596,0.00023294027526422374,524,752,-228
94,resnet50_dim_94,0.00012530304028093357,0.00023290936478137885,924,753,171
462,resnet50_dim_462,0.00016673665301158348,0.00023276853871620934,766,754,12
371,resnet50_dim_371,0.00017995700316859626,0.000231942061790708,734,755,-21
1269,resnet50_dim_1269,0.00016536117661324973,0.00023178194945351865,772,756,16
768,resnet50_dim_768,0.00013709989114123628,0.00023157789546423286,875,757,118
1551,resnet50_dim_1551,9.323598149429516e-05,0.0002304296789036369,1092,758,334
664,resnet50_dim_664,6.631901448656867e-05,0.0002301866382385228,1275,759,516
1280,resnet50_dim_1280,0.0001864452691035614,0.0002286057354456041,722,760,-38
8,resnet50_dim_8,0.0001341634976289102,0.00022858780435962596,888,761,127
1232,resnet50_dim_1232,0.000342875645675923,0.00022846700924281514,488,762,-274
93,resnet50_dim_93,0.0001585200064293152,0.00022809683925228128,790,763,27
1105,resnet50_dim_1105,0.00015649271637499618,0.00022751267099055598,797,764,33
328,resnet50_dim_328,6.74570271042633e-05,0.00022735645618147225,1265,765,500
1679,resnet50_dim_1679,0.00015336268269250996,0.00022689842018601772,801,766,35
1481,resnet50_dim_1481,9.06603449392e-05,0.00022596031195940306,1103,767,336
817,resnet50_dim_817,0.0002141578114041213,0.00022570980887606621,672,768,-96
885,resnet50_dim_885,0.00014119419071037656,0.00022483254884094446,860,769,91
945,resnet50_dim_945,0.00013109043463187887,0.00022415119760606572,900,770,130
876,resnet50_dim_876,0.00018648752963319485,0.0002237200798861794,721,771,-50
1112,resnet50_dim_1112,0.000179136768768301,0.00022301293971936648,737,772,-35
1928,resnet50_dim_1928,0.0001892012200904604,0.0002224812016862548,710,773,-63
114,resnet50_dim_114,0.00015302049770609882,0.000221028222580666,802,774,28
603,resnet50_dim_603,0.0002895844799120655,0.00022072591150560798,558,775,-217
60,resnet50_dim_60,0.00023660019473352876,0.0002193598273875997,638,776,-138
1443,resnet50_dim_1443,0.0001380613413051558,0.00021900559622352114,873,777,96
457,resnet50_dim_457,0.00016614061933209993,0.00021838632321880414,769,778,-9
1609,resnet50_dim_1609,9.053850869580714e-05,0.00021791776144097742,1105,779,326
1966,resnet50_dim_1966,0.0002559421946081127,0.00021682875267469218,603,780,-177
934,resnet50_dim_934,8.611194397471238e-05,0.0002162958130446554,1124,781,343
1365,resnet50_dim_1365,0.0001212064292985722,0.00021564417687720586,942,782,160
121,resnet50_dim_121,0.00010801635847655327,0.00021537581339848327,1005,783,222
969,resnet50_dim_969,0.0001029055338622492,0.0002153096807172172,1035,784,251
687,resnet50_dim_687,9.135558688663946e-05,0.0002148655583310248,1098,785,313
1694,resnet50_dim_1694,0.00011124949583333627,0.00021403850380333214,993,786,207
1467,resnet50_dim_1467,0.00012650327857225804,0.00021255859933608104,920,787,133
884,resnet50_dim_884,0.00015264962834162028,0.00021231278653203184,807,788,19
1521,resnet50_dim_1521,0.0001303671506791851,0.00021185451121466433,903,789,114
150,resnet50_dim_150,0.00014053420814902644,0.00021118601536764976,864,790,74
565,resnet50_dim_565,8.636165479817866e-05,0.00021070164275409877,1122,791,331
650,resnet50_dim_650,0.00019533706504035582,0.00021060780132819556,701,792,-91
159,resnet50_dim_159,0.0001428980230751623,0.0002105577294318557,850,793,57
683,resnet50_dim_683,0.0005977300214532262,0.0002101397849885361,300,794,-494
1254,resnet50_dim_1254,0.00014906483465686158,0.00020998788005617084,824,795,29
920,resnet50_dim_920,0.00012788785619048275,0.00020990490095456376,912,796,116
543,resnet50_dim_543,8.017232559750044e-05,0.0002098500644029944,1168,797,371
1591,resnet50_dim_1591,0.00013127246616499272,0.00020967539900051992,899,798,101
1646,resnet50_dim_1646,0.00012950577548326417,0.00020881225563141646,908,799,109
7,resnet50_dim_7,0.00023495379407541234,0.00020728616651989007,642,800,-158
761,resnet50_dim_761,0.00011883614419788094,0.00020713051562628598,955,801,154
1975,resnet50_dim_1975,0.00015893212873779164,0.00020678315528344307,788,802,-14
1612,resnet50_dim_1612,0.00018454730410075477,0.0002066478335133801,727,803,-76
678,resnet50_dim_678,0.00017753374170634354,0.00020663070096164346,739,804,-65
1048,resnet50_dim_1048,0.0003686201896126818,0.0002065448659339488,448,805,-357
1726,resnet50_dim_1726,0.00012976042658827293,0.00020620025886791953,907,806,101
937,resnet50_dim_937,0.00017251057531513688,0.00020619887229867965,749,807,-58
190,resnet50_dim_190,0.00011827289627817312,0.0002053620668596217,958,808,150
1952,resnet50_dim_1952,0.00015285690959928808,0.0002050107334389394,805,809,-4
1581,resnet50_dim_1581,0.00016698743096091572,0.00020499306965536675,764,810,-46
219,resnet50_dim_219,4.1214110044266e-05,0.00020453741175867316,1503,811,692
1109,resnet50_dim_1109,0.00018529572445812962,0.00020446933533844745,725,812,-87
710,resnet50_dim_710,9.411125156011285e-05,0.0002041150563278892,1085,813,272
112,resnet50_dim_112,0.0001451806499129151,0.00020410342628620782,840,814,26
1977,resnet50_dim_1977,0.0002610289337914016,0.0002038373705280522,594,815,-221
848,resnet50_dim_848,0.00015591756715118728,0.00020284694747578296,799,816,-17
1520,resnet50_dim_1520,9.425715075807439e-05,0.00020259459825811547,1083,817,266
1327,resnet50_dim_1327,0.00029688414250659493,0.0002023620963975804,543,818,-275
1355,resnet50_dim_1355,4.563493172457471e-05,0.00020226906829223226,1459,819,640
400,resnet50_dim_400,0.0002939008485899762,0.00020224035399020153,551,820,-269
156,resnet50_dim_156,6.915625561023797e-05,0.0002017832283023815,1248,821,427
630,resnet50_dim_630,0.00017664203006829325,0.00020115297114404074,743,822,-79
739,resnet50_dim_739,0.00011496913776952274,0.00020114018853167122,973,823,150
198,resnet50_dim_198,0.0004341574510640012,0.00020077909085425348,395,824,-429
370,resnet50_dim_370,0.000129805802732809,0.00020001882697579887,906,825,81
1813,resnet50_dim_1813,0.0001426028225368031,0.00019957058638901242,851,826,25
1631,resnet50_dim_1631,0.00013178087762498694,0.00019927668676997986,898,827,71
1434,resnet50_dim_1434,9.755693546363953e-05,0.00019917212250300683,1066,828,238
1522,resnet50_dim_1522,0.00014101712992711297,0.0001988557661719657,861,829,32
1951,resnet50_dim_1951,0.0001478934084408818,0.00019848530991783253,829,830,-1
348,resnet50_dim_348,0.00019104997253442966,0.00019790132555848962,705,831,-126
1237,resnet50_dim_1237,8.555547726952599e-05,0.00019663275212443041,1132,832,300
67,resnet50_dim_67,0.00017967149062183256,0.00019576210402176338,735,833,-98
1796,resnet50_dim_1796,0.00014414326673144133,0.00019537349246690378,842,834,8
1130,resnet50_dim_1130,0.00016721003674189484,0.00019493765458967118,763,835,-72
1129,resnet50_dim_1129,0.0001250314234197766,0.0001946520777127064,926,836,90
1321,resnet50_dim_1321,0.00016660376828162444,0.00019445655490526225,767,837,-70
1717,resnet50_dim_1717,0.0001226526620450922,0.0001939023681284794,937,838,99
1505,resnet50_dim_1505,0.00010774403341951901,0.00019376229232765968,1009,839,170
378,resnet50_dim_378,0.00014076302713095644,0.00019363166736134754,863,840,23
1386,resnet50_dim_1386,0.0001124869254333072,0.00019362984635727177,984,841,143
1401,resnet50_dim_1401,0.00014355841076516178,0.0001936073638847771,843,842,1
1773,resnet50_dim_1773,0.00015945044378134492,0.00019295579365019423,786,843,-57
1819,resnet50_dim_1819,0.0002456286114545926,0.00019295025612672847,622,844,-222
1026,resnet50_dim_1026,3.2984408306560086e-05,0.0001918030380059022,1585,845,740
655,resnet50_dim_655,0.00014142140589561446,0.0001914044251118747,857,846,11
1084,resnet50_dim_1084,0.00016017262143197772,0.00018945986753758794,785,847,-62
209,resnet50_dim_209,0.00020766625234021666,0.0001894125302207083,678,848,-170
283,resnet50_dim_283,0.0001290551946549841,0.0001893676668511812,909,849,60
1855,resnet50_dim_1855,0.0001322244870405808,0.0001891033143448952,896,850,46
962,resnet50_dim_962,0.00015759552105618289,0.00018903769994777045,791,851,-60
2050,colour_variance,0.0001793090450287435,0.00018879287188755113,736,852,-116
365,resnet50_dim_365,0.00014624752036475672,0.00018840285318589547,835,853,-18
1476,resnet50_dim_1476,0.0001488182777479898,0.0001882688245544218,825,854,-29
1499,resnet50_dim_1499,9.863242872510166e-05,0.0001867867204653005,1059,855,204
559,resnet50_dim_559,0.00014559725100978736,0.0001867225655312709,836,856,-20
871,resnet50_dim_871,9.346023754046224e-05,0.00018648801414924203,1086,857,229
577,resnet50_dim_577,0.00012253850359030975,0.00018586808625031982,939,858,81
1127,resnet50_dim_1127,9.829338074154642e-05,0.00018580838506219226,1062,859,203
1140,resnet50_dim_1140,7.277896311030341e-05,0.00018555049660353275,1219,860,359
863,resnet50_dim_863,0.0001144975027766909,0.0001847463601979425,977,861,116
160,resnet50_dim_160,0.00014472496306411716,0.00018468771981578665,841,862,-21
1301,resnet50_dim_1301,0.0001693249888448221,0.0001846377258519643,760,863,-103
1379,resnet50_dim_1379,6.856774854700784e-05,0.00018453433090881145,1253,864,389
1908,resnet50_dim_1908,7.020300100077348e-05,0.00018438503535475056,1239,865,374
1308,resnet50_dim_1308,0.00012370001594660019,0.00018367681070259226,935,866,69
2048,edge_density,0.0001035186223470359,0.00018360390615643386,1031,867,164
1125,resnet50_dim_1125,0.00012570062757770548,0.00018354762157395742,922,868,54
929,resnet50_dim_929,9.961552549531449e-05,0.00018303783532377387,1051,869,182
869,resnet50_dim_869,0.00018216663520164098,0.00018222618077319347,730,870,-140
436,resnet50_dim_436,7.164252406562331e-05,0.00018200281366221742,1229,871,358
730,resnet50_dim_730,0.00010250554910152115,0.00018147838961525618,1037,872,165
886,resnet50_dim_886,6.272249918474976e-05,0.0001812168176780665,1296,873,423
911,resnet50_dim_911,0.00014339472277806998,0.00018082994492814777,844,874,-30
54,resnet50_dim_54,9.318895364707846e-05,0.00018014930688126324,1093,875,218
658,resnet50_dim_658,0.00011316305760499956,0.00018009365662211412,980,876,104
1300,resnet50_dim_1300,0.0001171819127274613,0.00018003469321089022,963,877,86
2057,num_buttons,9.673918349321423e-05,0.00017970380261484416,1072,878,194
251,resnet50_dim_251,0.00012017666459317274,0.00017963400194708593,947,879,68
596,resnet50_dim_596,0.00014951749751785452,0.00017962756881590556,822,880,-58
1742,resnet50_dim_1742,0.00019625641433005333,0.00017910947037297903,698,881,-183
1271,resnet50_dim_1271,7.404120553278164e-05,0.00017904036636674957,1209,882,327
1746,resnet50_dim_1746,0.00010480007953775453,0.0001781961204606539,1027,883,144
1044,resnet50_dim_1044,0.00011693639477228303,0.00017795574101350963,965,884,81
1668,resnet50_dim_1668,0.00011144107567430228,0.00017775393248415465,990,885,105
216,resnet50_dim_216,0.00010514844147265305,0.00017739033167788625,1024,886,138
1812,resnet50_dim_1812,0.0001123080355679017,0.0001769010357275534,986,887,99
1799,resnet50_dim_1799,9.887599878098814e-05,0.00017657217795003904,1057,888,169
1003,resnet50_dim_1003,0.00014305525879826857,0.0001764387577293856,848,889,-41
1868,resnet50_dim_1868,8.901355045049748e-05,0.00017606186199746216,1109,890,219
662,resnet50_dim_662,0.00014525710478843583,0.00017601422794128013,838,891,-53
84,resnet50_dim_84,0.0001363732302622064,0.00017594148570347631,878,892,-14
459,resnet50_dim_459,0.000119754826057834,0.00017589883451306633,950,893,57
1921,resnet50_dim_1921,0.0001166137487527904,0.0001752987943631997,966,894,72
1014,resnet50_dim_1014,0.0001337440062775148,0.00017436618671336235,889,895,-6
350,resnet50_dim_350,0.00010141313558506267,0.00017433072896731185,1041,896,145
1470,resnet50_dim_1470,0.00010670651994822323,0.00017422992234755264,1014,897,117
556,resnet50_dim_556,0.0001526082784360088,0.00017414120610567045,808,898,-90
1335,resnet50_dim_1335,7.862619279662476e-05,0.00017413631696894656,1176,899,277
399,resnet50_dim_399,0.0001346755975733927,0.00017400693454219034,886,900,-14
1334,resnet50_dim_1334,7.615735032037102e-05,0.00017393570399272803,1195,901,294
11,resnet50_dim_11,0.0001499368140919647,0.00017325529884229778,820,902,-82
1707,resnet50_dim_1707,0.00016055875630504194,0.0001723453823126275,784,903,-119
237,resnet50_dim_237,0.00022064539565788837,0.0001721385121237472,659,904,-245
352,resnet50_dim_352,9.497350730950774e-05,0.00017209552217432877,1077,905,172
43,resnet50_dim_43,0.00010004897726528125,0.00017204502014695185,1048,906,142
1652,resnet50_dim_1652,7.107896016710906e-05,0.00017137992366094912,1234,907,327
73,resnet50_dim_73,9.749391090162722e-05,0.0001702665784576683,1069,908,161
907,resnet50_dim_907,0.00017808769300473005,0.0001702317653450817,738,909,-171
1395,resnet50_dim_1395,8.639284998124544e-05,0.00017015813586460896,1121,910,211
799,resnet50_dim_799,9.420597113112435e-05,0.0001699965868303597,1084,911,173
1326,resnet50_dim_1326,8.134542859062446e-05,0.0001697092738527382,1157,912,245
1599,resnet50_dim_1599,6.210313753409976e-05,0.0001690539194743122,1301,913,388
1781,resnet50_dim_1781,0.00021213994149292168,0.0001689987007849759,675,914,-239
629,resnet50_dim_629,0.00018853145161690452,0.00016815250084686683,713,915,-202
1132,resnet50_dim_1132,0.00014210364187547828,0.00016788117082212314,855,916,-61
758,resnet50_dim_758,0.00010424882587139672,0.00016787626621231078,1030,917,113
489,resnet50_dim_489,8.0539730236808e-05,0.00016747795018134457,1165,918,247
1801,resnet50_dim_1801,0.00015739032617580678,0.00016745521366787796,793,919,-126
1412,resnet50_dim_1412,0.0002447087088375257,0.00016640318704250637,626,920,-294
2042,resnet50_dim_2042,9.088308204891221e-05,0.00016598453248580324,1102,921,181
421,resnet50_dim_421,0.00020888539207631498,0.0001652801207462454,677,922,-245
939,resnet50_dim_939,4.5086085515542376e-05,0.00016518138413023918,1465,923,542
1738,resnet50_dim_1738,9.885647277742726e-05,0.0001644222732979384,1058,924,134
721,resnet50_dim_721,4.628183834220902e-05,0.00016425292971629967,1453,925,528
78,resnet50_dim_78,8.33604553770652e-05,0.00016391951385882458,1145,926,219
1771,resnet50_dim_1771,0.00017166278763064275,0.00016354876237137896,754,927,-173
424,resnet50_dim_424,0.00011255695027630254,0.00016339877784857294,983,928,55
1289,resnet50_dim_1289,0.00017056635580716862,0.00016334215663405335,757,929,-172
363,resnet50_dim_363,0.00014325249153241857,0.00016313489858147263,846,930,-84
133,resnet50_dim_133,0.00014128270432089697,0.00016159455799499126,858,931,-73
926,resnet50_dim_926,6.822828177320068e-05,0.00016118371580139864,1255,932,323
1542,resnet50_dim_1542,0.00013483788612169895,0.0001610759994985626,885,933,-48
41,resnet50_dim_41,0.0001631595444206285,0.00016037945678828712,778,934,-156
1199,resnet50_dim_1199,0.00015596638109501885,0.00015963730551565188,798,935,-137
1268,resnet50_dim_1268,7.334390717531744e-05,0.0001595856794139128,1214,936,278
516,resnet50_dim_516,0.00011831220869513196,0.00015941055762144782,957,937,20
301,resnet50_dim_301,0.00014329941828950898,0.00015938303782444597,845,938,-93
1566,resnet50_dim_1566,0.0001309152661114258,0.00015850160316464932,901,939,-38
1279,resnet50_dim_1279,0.00016626166551335936,0.00015839842222547295,768,940,-172
1435,resnet50_dim_1435,0.0002462584839029938,0.00015835800293289505,620,941,-321
1128,resnet50_dim_1128,0.00011795845498697239,0.00015830421769027616,960,942,18
105,resnet50_dim_105,0.00016344565046043065,0.00015776730254457336,777,943,-166
128,resnet50_dim_128,0.0001335694484330726,0.00015712689915363764,890,944,-54
474,resnet50_dim_474,7.822360850677975e-05,0.00015697278153593041,1183,945,238
24,resnet50_dim_24,0.0001101705693923626,0.00015684230974082647,995,946,49
1865,resnet50_dim_1865,0.00012055830846898933,0.00015654744079907497,945,947,-2
2038,resnet50_dim_2038,0.00010764260827744755,0.00015647906180798584,1010,948,62
2016,resnet50_dim_2016,0.00012304952518245454,0.0001558971668024099,936,949,-13
1052,resnet50_dim_1052,8.368061631338462e-05,0.00015588551318350736,1142,950,192
455,resnet50_dim_455,0.00013456580446544644,0.00015556343010993825,887,951,-64
1143,resnet50_dim_1143,9.9303106006124e-05,0.0001554383905775764,1054,952,102
369,resnet50_dim_369,0.00018526060987198093,0.0001551540633827441,726,953,-227
1208,resnet50_dim_1208,0.00020053640119661257,0.0001545872767355414,690,954,-264
938,resnet50_dim_938,8.593081527433838e-05,0.000154420242748479,1127,955,172
479,resnet50_dim_479,0.00011266499362119822,0.00015408427004560336,982,956,26
477,resnet50_dim_477,7.3097441212883e-05,0.00015372611145219646,1216,957,259
2000,resnet50_dim_2000,0.00010451636097496254,0.00015263517791358141,1028,958,70
1203,resnet50_dim_1203,0.00014256716980139554,0.00015261268279270188,852,959,-107
1235,resnet50_dim_1235,9.82983716067307e-05,0.0001525920603173429,1061,960,101
1013,resnet50_dim_1013,8.786797754695258e-05,0.00015236671879603292,1117,961,156
1595,resnet50_dim_1595,0.00011541203372595154,0.00015193938004914994,972,962,10
1507,resnet50_dim_1507,0.00016103184827251553,0.0001516119336692342,782,963,-181
554,resnet50_dim_554,0.00011485989255795348,0.00015119606763797414,974,964,10
1074,resnet50_dim_1074,0.00013917070058340624,0.00015103919344577522,868,965,-97
499,resnet50_dim_499,7.720449365725623e-05,0.00015095965788690412,1189,966,223
1541,resnet50_dim_1541,9.472574794721225e-05,0.00015066195452313966,1080,967,113
139,resnet50_dim_139,9.045217821672947e-05,0.00015046294631110714,1106,968,138
890,resnet50_dim_890,0.00035774803618869946,0.00015022517956405073,462,969,-507
1358,resnet50_dim_1358,0.00010067751517455818,0.0001501816888930653,1046,970,76
97,resnet50_dim_97,0.00010847105259429044,0.00014987958511174172,1001,971,30
2054,dom_depth,0.0002744127595661088,0.0001489717772115255,574,972,-398
718,resnet50_dim_718,8.315616502384443e-05,0.0001485586448735831,1147,973,174
2049,contrast,0.0001424605894076617,0.00014777939005805656,853,974,-121
1716,resnet50_dim_1716,0.00012535616127541335,0.00014777650706338682,923,975,-52
110,resnet50_dim_110,7.838891319414026e-05,0.00014760647543553713,1179,976,203
452,resnet50_dim_452,0.00012406874569074013,0.00014753700536925186,933,977,-44
1397,resnet50_dim_1397,6.470011068228747e-05,0.00014733610571781338,1288,978,310
1715,resnet50_dim_1715,0.00026632114356930437,0.00014727388836232943,582,979,-397
1354,resnet50_dim_1354,0.0001053430875242944,0.00014713541181943566,1021,980,41
924,resnet50_dim_924,0.00020011990089629876,0.0001470520849880775,691,981,-290
480,resnet50_dim_480,0.0001192038705703808,0.00014653500573431213,953,982,-29
703,resnet50_dim_703,8.10432453811365e-05,0.00014639678471264838,1163,983,180
1415,resnet50_dim_1415,0.00017194689965307488,0.00014630942708093711,753,984,-231
940,resnet50_dim_940,4.6507776285963734e-05,0.0001457126123309963,1451,985,466
1078,resnet50_dim_1078,0.00012470697653027226,0.00014535125703449495,929,986,-57
9,resnet50_dim_9,0.0003089991198217617,0.00014524567032505537,528,987,-459
1021,resnet50_dim_1021,0.00012787009498128215,0.0001446807019468711,914,988,-74
1091,resnet50_dim_1091,9.323978379543174e-05,0.00014435794034295377,1091,989,102
55,resnet50_dim_55,7.741001004242481e-05,0.00014434185196852723,1186,990,196
204,resnet50_dim_204,0.00010838027202604784,0.0001443115087885234,1003,991,12
344,resnet50_dim_344,0.00010845888352911487,0.0001439966117002496,1002,992,10
417,resnet50_dim_417,0.00033577845277908447,0.00014388468911076803,496,993,-497
810,resnet50_dim_810,7.863064094947965e-05,0.0001436044601536894,1175,994,181
1114,resnet50_dim_1114,9.822439733817967e-05,0.00014325957818202262,1063,995,68
1072,resnet50_dim_1072,0.00013531998243712418,0.00014325932171471397,884,996,-112
1025,resnet50_dim_1025,9.339627377689784e-05,0.00014320510331670554,1087,997,90
1231,resnet50_dim_1231,7.656322571873594e-05,0.0001426729670622811,1192,998,194
35,resnet50_dim_35,3.082179609623516e-05,0.00014253079783269163,1608,999,609
1095,resnet50_dim_1095,0.0003036251303657009,0.00014229379854161712,534,1000,-466
245,resnet50_dim_245,0.0001453826363274153,0.0001420500106186024,837,1001,-164
1547,resnet50_dim_1547,4.7370274424744195e-05,0.0001420471273318917,1434,1002,432
17,resnet50_dim_17,0.00018711598439398306,0.00014203751602873168,718,1003,-285
1841,resnet50_dim_1841,9.675122738532477e-05,0.00014195167276288354,1071,1004,67
812,resnet50_dim_812,0.00016800048643959945,0.00014185830447667737,762,1005,-243
1618,resnet50_dim_1618,6.71701250793965e-05,0.00014137191970935978,1271,1006,265
320,resnet50_dim_320,7.700778355992017e-05,0.00014111694296940367,1190,1007,183
1962,resnet50_dim_1962,8.877265433432862e-05,0.00014104206716428915,1110,1008,102
1889,resnet50_dim_1889,8.44401902274166e-05,0.00014057537297652042,1139,1009,130
829,resnet50_dim_829,0.00012501068712517338,0.00014037453647769516,927,1010,-83
881,resnet50_dim_881,0.00016174700951315758,0.00014026180398957045,781,1011,-230
231,resnet50_dim_231,0.00012180664192071727,0.00013954804691715674,940,1012,-72
1116,resnet50_dim_1116,6.098972087133629e-05,0.00013952870597161234,1306,1013,293
1970,resnet50_dim_1970,0.00012654743685011852,0.00013936420705467742,919,1014,-95
1313,resnet50_dim_1313,0.00010986066632981383,0.00013912356440347806,996,1015,-19
964,resnet50_dim_964,6.534596789517677e-05,0.00013816829751855868,1284,1016,268
217,resnet50_dim_217,0.00010569784575162263,0.00013815179006236426,1020,1017,3
312,resnet50_dim_312,2.620420114819697e-05,0.00013758988413901339,1670,1018,652
944,resnet50_dim_944,0.0001866139669114224,0.00013750792704640441,720,1019,-299
284,resnet50_dim_284,0.00015037793820009648,0.0001367449576254267,817,1020,-203
31,resnet50_dim_31,4.434210076648783e-05,0.00013664205138362478,1471,1021,450
1760,resnet50_dim_1760,8.007299404370713e-05,0.00013627077733334295,1169,1022,147
1287,resnet50_dim_1287,7.818728034142962e-05,0.00013596032408069825,1184,1023,161
1135,resnet50_dim_1135,0.0001105764585484286,0.00013568938984009478,994,1024,-30
992,resnet50_dim_992,0.00029097651815970647,0.00013514412266137486,554,1025,-471
614,resnet50_dim_614,5.7123808989569814e-05,0.00013480570591319568,1337,1026,311
429,resnet50_dim_429,0.00012256196739997993,0.00013474445579526783,938,1027,-89
527,resnet50_dim_527,0.00011177704417285995,0.00013446358995226903,989,1028,-39
310,resnet50_dim_310,0.00010807614148954167,0.0001343178333049725,1004,1029,-25
1344,resnet50_dim_1344,0.00011138064783142724,0.00013428750841289143,991,1030,-39
1991,resnet50_dim_1991,6.776403334550275e-05,0.00013426630055796555,1261,1031,230
1417,resnet50_dim_1417,8.943866345867891e-05,0.00013407370518588168,1108,1032,76
793,resnet50_dim_793,3.8286556997444924e-05,0.00013402358310764652,1528,1033,495
1527,resnet50_dim_1527,0.0001277889592557024,0.00013384617533511252,915,1034,-119
1997,resnet50_dim_1997,8.466622787808618e-05,0.0001337942071400098,1137,1035,102
453,resnet50_dim_453,0.0002245848473877787,0.0001330058943330192,655,1036,-381
2023,resnet50_dim_2023,0.0002502771179646042,0.0001324683790341467,610,1037,-427
865,resnet50_dim_865,8.288096816793934e-05,0.00013202222469132913,1149,1038,111
1373,resnet50_dim_1373,0.00011914542038034007,0.00013192741821945643,954,1039,-85
1393,resnet50_dim_1393,6.72929367144327e-05,0.00013176869493168025,1269,1040,229
96,resnet50_dim_96,7.50039743178679e-05,0.00013175772047747554,1201,1041,160
781,resnet50_dim_781,4.627297283590984e-05,0.00013145551750997703,1454,1042,412
1797,resnet50_dim_1797,0.00018745327017864017,0.00013121212785665624,717,1043,-326
1389,resnet50_dim_1389,5.77532215135498e-05,0.00013093012813791455,1332,1044,288
151,resnet50_dim_151,2.1956629213628755e-05,0.0001304685446606797,1721,1045,676
2021,resnet50_dim_2021,7.652459031050515e-05,0.00012995776946378017,1193,1046,147
1098,resnet50_dim_1098,7.442801974875003e-05,0.00012977276615505067,1207,1047,160
1750,resnet50_dim_1750,9.582305919412009e-05,0.0001296471362544818,1076,1048,28
1719,resnet50_dim_1719,8.335577113188257e-05,0.0001295032491248184,1146,1049,97
706,resnet50_dim_706,0.00012832463977205413,0.00012930456937337062,911,1050,-139
1332,resnet50_dim_1332,5.613184951054992e-05,0.00012926181116518223,1344,1051,293
255,resnet50_dim_255,8.5820639388667e-05,0.00012885831219288586,1129,1052,77
484,resnet50_dim_484,9.754868179747954e-05,0.00012798359278412728,1067,1053,14
1087,resnet50_dim_1087,0.00014220455293291077,0.00012728652194232118,854,1054,-200
1086,resnet50_dim_1086,0.00010351511227136098,0.00012667236747983024,1032,1055,-23
70,resnet50_dim_70,5.888877691162941e-05,0.00012599218161312448,1324,1056,268
201,resnet50_dim_201,3.472095975304088e-05,0.00012586767737962968,1563,1057,506
1515,resnet50_dim_1515,0.00020481515673271368,0.0001252757128259803,682,1058,-376
733,resnet50_dim_733,9.606200515502585e-05,0.00012505086746775527,1074,1059,15
1830,resnet50_dim_1830,0.00014090620760262993,0.00012444616016212527,862,1060,-198
698,resnet50_dim_698,0.00012687373708966055,0.0001244183419017452,917,1061,-144
1222,resnet50_dim_1222,7.024639937909653e-05,0.00012431039076993064,1238,1062,176
1111,resnet50_dim_1111,3.6392051232189206e-05,0.00012402164748424844,1546,1063,483
1549,resnet50_dim_1549,6.509555817730486e-05,0.00012342680882499263,1286,1064,222
72,resnet50_dim_72,0.0001051408569078422,0.0001232816105008808,1025,1065,-40
1559,resnet50_dim_1559,0.00017216927463065162,0.00012265693193782141,751,1066,-315
225,resnet50_dim_225,7.235102934540551e-05,0.0001222441447731899,1224,1067,157
1029,resnet50_dim_1029,5.154788727772622e-05,0.00012206541428654552,1391,1068,323
1530,resnet50_dim_1530,7.864825503365004e-05,0.00012141479976339737,1174,1069,105
834,resnet50_dim_834,6.55143577548662e-05,0.00012133672543776213,1281,1070,211
1879,resnet50_dim_1879,9.280502098961848e-05,0.00012109837220209124,1096,1071,25
1145,resnet50_dim_1145,0.00011294914486923559,0.00012106977087470377,981,1072,-91
1372,resnet50_dim_1372,6.984337891990365e-05,0.00012086748896442794,1241,1073,168
803,resnet50_dim_803,9.780003557167064e-05,0.00012061188182275153,1065,1074,-9
334,resnet50_dim_334,0.00010125449454303229,0.00012049780432285571,1042,1075,-33
832,resnet50_dim_832,0.00012093920672069491,0.00012028924838208286,943,1076,-133
1170,resnet50_dim_1170,8.135281462442646e-05,0.00012016548354784098,1156,1077,79
627,resnet50_dim_627,4.202992004033332e-05,0.00011923686605876253,1498,1078,420
152,resnet50_dim_152,0.00015209662224494318,0.00011916224396036415,812,1079,-267
244,resnet50_dim_244,5.065166639696924e-05,0.00011890369620632682,1399,1080,319
2043,resnet50_dim_2043,0.00017376890049160737,0.00011881572263127832,746,1081,-335
1651,resnet50_dim_1651,9.123490378601241e-05,0.00011858883603336984,1099,1082,17
82,resnet50_dim_82,0.00010751266697213823,0.00011854644749362058,1011,1083,-72
129,resnet50_dim_129,0.0001112935711528837,0.00011835407012067539,992,1084,-92
588,resnet50_dim_588,0.00016447935066979996,0.00011803575698760208,774,1085,-311
1118,resnet50_dim_1118,4.567064245438466e-05,0.00011800592287435424,1458,1086,372
1571,resnet50_dim_1571,5.0007990868839396e-05,0.00011797423452439955,1407,1087,320
1153,resnet50_dim_1153,8.049060896504476e-05,0.0001177312730347532,1166,1088,78
1219,resnet50_dim_1219,5.9669600895362007e-05,0.00011702548826527248,1315,1089,226
1795,resnet50_dim_1795,0.000113404756853183,0.00011691976903990605,979,1090,-111
735,resnet50_dim_735,4.865899384416521e-05,0.00011672775781113773,1421,1091,330
1896,resnet50_dim_1896,6.007104961651285e-05,0.00011651547295894803,1310,1092,218
286,resnet50_dim_286,0.0001329882417527828,0.00011636173950418438,893,1093,-200
1148,resnet50_dim_1148,8.435045958532679e-05,0.00011621679177720214,1140,1094,46
88,resnet50_dim_88,0.00027501445818031814,0.00011601059384999209,572,1095,-523
1957,resnet50_dim_1957,5.3366394237554234e-05,0.00011599077535198805,1366,1096,270
842,resnet50_dim_842,4.655532743533081e-05,0.00011527880041726043,1449,1097,352
1856,resnet50_dim_1856,3.2265448758237395e-05,0.00011496983918216938,1594,1098,496
1338,resnet50_dim_1338,0.00013672005534878115,0.00011483439614347208,877,1099,-222
102,resnet50_dim_102,5.866317235972863e-05,0.00011478214750907689,1327,1100,227
1009,resnet50_dim_1009,8.021800771622078e-05,0.00011452958661100916,1167,1101,66
2001,resnet50_dim_2001,0.00018809214299766487,0.00011424661392934188,715,1102,-387
1227,resnet50_dim_1227,0.0001721369264298092,0.00011417592587678729,752,1103,-351
689,resnet50_dim_689,9.093596303525938e-05,0.00011417249142407959,1101,1104,-3
1829,resnet50_dim_1829,5.3154203528582544e-05,0.00011396125074584294,1369,1105,264
861,resnet50_dim_861,0.00014749334520989727,0.00011386386293125791,830,1106,-276
1851,resnet50_dim_1851,5.869123415948538e-05,0.000113624076751425,1326,1107,219
500,resnet50_dim_500,7.377774191245416e-05,0.00011311806270216323,1211,1108,103
976,resnet50_dim_976,6.437574322687831e-05,0.00011255345850285004,1291,1109,182
1363,resnet50_dim_1363,0.00013204196937445888,0.00011253519052816892,897,1110,-213
1319,resnet50_dim_1319,5.628649776755644e-05,0.00011245184048659109,1343,1111,232
28,resnet50_dim_28,0.00014723737314096172,0.00011225436842341935,833,1112,-279
1862,resnet50_dim_1862,0.0001522483442185882,0.00011220371128630355,811,1113,-302
483,resnet50_dim_483,0.00010798614740670173,0.00011220319535330945,1008,1114,-106
215,resnet50_dim_215,4.736683810359612e-05,0.00011211093065310423,1435,1115,320
537,resnet50_dim_537,0.00010313503608670317,0.0001115568727196684,1034,1116,-82
1874,resnet50_dim_1874,7.780302663184797e-05,0.00011151528679319103,1185,1117,68
1011,resnet50_dim_1011,0.0001771348213630101,0.00011084663354338575,742,1118,-376
1636,resnet50_dim_1636,9.316817527020093e-05,0.00011080344141317987,1094,1119,-25
1274,resnet50_dim_1274,7.5624333681953e-05,0.00011037991159799271,1199,1120,79
389,resnet50_dim_389,8.681683722650075e-05,0.00011009954826148611,1120,1121,-1
468,resnet50_dim_468,0.00013315014830395076,0.00010990391778821803,891,1122,-231
1462,resnet50_dim_1462,1.6948316670381884e-05,0.00010986914138864587,1780,1123,657
1500,resnet50_dim_1500,0.00012417157452729408,0.00010957493709744915,932,1124,-192
1546,resnet50_dim_1546,9.93198623409583e-05,0.00010941364459076113,1052,1125,-73
1887,resnet50_dim_1887,5.949317535552775e-05,0.000108947254575879,1319,1126,193
428,resnet50_dim_428,7.694428843380898e-05,0.00010886124136875342,1191,1127,64
1762,resnet50_dim_1762,6.815935105788118e-05,0.00010833857753148567,1256,1128,128
894,resnet50_dim_894,6.950220954517686e-05,0.00010818925575177215,1245,1129,116
1761,resnet50_dim_1761,0.00010172664877799818,0.00010813198543060467,1040,1130,-90
227,resnet50_dim_227,0.0001062457091588117,0.00010785175103652227,1019,1131,-112
253,resnet50_dim_253,0.00016544814128586905,0.00010783507585962354,770,1132,-362
257,resnet50_dim_257,7.829462729675964e-05,0.00010777346027176047,1181,1133,48
1100,resnet50_dim_1100,8.85803800959878e-05,0.00010771572908307455,1111,1134,-23
16,resnet50_dim_16,9.441562032020141e-05,0.00010760555969469812,1082,1135,-53
805,resnet50_dim_805,7.258976806322582e-05,0.00010750970422071573,1223,1136,87
1960,resnet50_dim_1960,7.560524190570642e-05,0.00010748703226695146,1200,1137,63
29,resnet50_dim_29,5.2849146926907064e-05,0.000107390583649001,1373,1138,235
316,resnet50_dim_316,7.183878871774972e-05,0.00010735703321236314,1228,1139,89
1940,resnet50_dim_1940,0.00013257918804805032,0.00010721004522607012,895,1140,-245
1840,resnet50_dim_1840,7.260226535107758e-05,0.00010714426703547601,1222,1141,81
275,resnet50_dim_275,8.830621744161234e-05,0.0001070639026547203,1113,1142,-29
1741,resnet50_dim_1741,5.985142082361717e-05,0.0001065810096399485,1314,1143,171
1073,resnet50_dim_1073,6.784550904440316e-05,0.0001065502530597806,1259,1144,115
381,resnet50_dim_381,8.595170635569434e-05,0.00010622926942922588,1126,1145,-19
36,resnet50_dim_36,2.607037397154302e-05,0.00010598997612352738,1672,1146,526
77,resnet50_dim_77,0.00015058488666034098,0.0001058485440331819,816,1147,-331
642,resnet50_dim_642,4.577151118644678e-05,0.0001058301754990494,1456,1148,308
638,resnet50_dim_638,8.78917537730586e-05,0.00010569796128722384,1116,1149,-33
259,resnet50_dim_259,9.054764682176565e-05,0.00010559170525979719,1104,1150,-46
1436,resnet50_dim_1436,0.0001298829224684015,0.00010539267632571434,905,1151,-246
1989,resnet50_dim_1989,6.954014329342375e-05,0.00010522244812810086,1244,1152,92
1405,resnet50_dim_1405,9.268824269280442e-05,0.0001051544452089318,1097,1153,-56
478,resnet50_dim_478,5.4090719600851514e-05,0.00010512759877079237,1360,1154,206
1168,resnet50_dim_1168,5.817479400246126e-05,0.00010502989290114006,1330,1155,175
867,resnet50_dim_867,6.63567996024671e-05,0.00010501487684164596,1274,1156,118
849,resnet50_dim_849,4.148233811663535e-05,0.00010478569416357003,1502,1157,345
339,resnet50_dim_339,3.498045640121595e-05,0.00010446685988084483,1558,1158,400
598,resnet50_dim_598,6.627893658802433e-05,0.0001043957305407187,1276,1159,117
1647,resnet50_dim_1647,0.00011546198082938943,0.00010431441985731107,970,1160,-190
466,resnet50_dim_466,9.970754235033248e-05,0.00010364749584212206,1050,1161,-111
180,resnet50_dim_180,5.28392221712741e-05,0.0001036321366419986,1374,1162,212
181,resnet50_dim_181,6.210263807476553e-05,0.00010359354961595928,1302,1163,139
1164,resnet50_dim_1164,8.794436926437235e-05,0.00010335780768966075,1115,1164,-49
1664,resnet50_dim_1664,5.202920088117522e-05,0.00010288675626117444,1386,1165,221
1391,resnet50_dim_1391,4.024633016933087e-05,0.0001027223791230517,1513,1166,347
599,resnet50_dim_599,5.381141524211622e-05,0.00010247469930255199,1362,1167,195
189,resnet50_dim_189,0.00012503666931052503,0.00010225755753651901,925,1168,-243
625,resnet50_dim_625,3.450729970777113e-05,0.00010210870863884702,1568,1169,399
1162,resnet50_dim_1162,8.610669776895262e-05,0.00010174037327407248,1125,1170,-45
1182,resnet50_dim_1182,2.0032973876934077e-05,0.0001012543143285866,1745,1171,574
438,resnet50_dim_438,8.465106862987168e-05,0.0001012311410612211,1138,1172,-34
1244,resnet50_dim_1244,8.197791497491162e-05,0.0001011947338582294,1152,1173,-21
1041,resnet50_dim_1041,8.092962150114005e-05,0.000101111300932447,1164,1174,-10
1963,resnet50_dim_1963,3.075528409985387e-05,0.00010097676372511264,1611,1175,436
1247,resnet50_dim_1247,8.987323067324723e-05,0.00010095975048475964,1107,1176,-69
524,resnet50_dim_524,0.0001509846484366734,0.00010066339486034774,814,1177,-363
1640,resnet50_dim_1640,2.2675589572712457e-05,0.00010046405680767387,1713,1178,535
665,resnet50_dim_665,6.57647224935009e-05,9.983966225820112e-05,1280,1179,101
548,resnet50_dim_548,0.00010016561432798127,9.970240170202332e-05,1047,1180,-133
207,resnet50_dim_207,6.733552691423679e-05,9.965647955118141e-05,1267,1181,86
2076,semantic_element_ratio,4.665948995215864e-05,9.956041763642566e-05,1447,1182,265
258,resnet50_dim_258,0.0001496589398155306,9.938937893399413e-05,821,1183,-362
1345,resnet50_dim_1345,7.08730437165837e-05,9.92354894178072e-05,1235,1184,51
526,resnet50_dim_526,8.357851457731176e-05,9.916483997984858e-05,1143,1185,-42
2006,resnet50_dim_2006,7.45741876684061e-05,9.893184582398501e-05,1203,1186,17
1141,resnet50_dim_1141,5.963588458690131e-05,9.887466424463564e-05,1317,1187,130
317,resnet50_dim_317,6.434398655574219e-05,9.877494238566999e-05,1292,1188,104
1278,resnet50_dim_1278,9.33875506576037e-05,9.870581443982301e-05,1089,1189,-100
214,resnet50_dim_214,8.306672683999124e-05,9.859790492680525e-05,1148,1190,-42
647,resnet50_dim_647,5.959529411220974e-05,9.857307446768151e-05,1318,1191,127
530,resnet50_dim_530,0.0001064615362414293,9.852677075242111e-05,1016,1192,-176
402,resnet50_dim_402,0.00010073803776812604,9.839509928324735e-05,1045,1193,-148
1718,resnet50_dim_1718,0.00012461739324271277,9.818685207455669e-05,931,1194,-263
686,resnet50_dim_686,7.448112378630204e-05,9.786072535844779e-05,1206,1195,11
467,resnet50_dim_467,3.211617138963286e-05,9.755722622445162e-05,1595,1196,399
736,resnet50_dim_736,7.224083034990796e-05,9.748983746162505e-05,1225,1197,28
2025,resnet50_dim_2025,6.732419283204897e-05,9.74852662728195e-05,1268,1198,70
2041,resnet50_dim_2041,4.781505813212587e-05,9.693941138177511e-05,1429,1199,230
1399,resnet50_dim_1399,9.334628483641124e-05,9.691299802891324e-05,1090,1200,-110
1369,resnet50_dim_1369,3.477860511836592e-05,9.690485195638414e-05,1562,1201,361
760,resnet50_dim_760,8.127778092864768e-05,9.682914739098789e-05,1159,1202,-43
771,resnet50_dim_771,5.026636007616889e-05,9.63034904320387e-05,1402,1203,199
1802,resnet50_dim_1802,0.000136050580942873,9.606790138662303e-05,882,1204,-322
422,resnet50_dim_422,8.485423439104678e-05,9.60264676878146e-05,1135,1205,-70
1065,resnet50_dim_1065,5.224839337893776e-05,9.575327536228232e-05,1382,1206,176
142,resnet50_dim_142,8.753542978651078e-05,9.511093556418469e-05,1118,1207,-89
1339,resnet50_dim_1339,7.264890440459427e-05,9.51040787434607e-05,1221,1208,13
76,resnet50_dim_76,0.00011816729808511861,9.495111795607581e-05,959,1209,-250
784,resnet50_dim_784,4.418673558882742e-05,9.485374422997379e-05,1474,1210,264
887,resnet50_dim_887,6.688482720509971e-05,9.468908739500952e-05,1273,1211,62
456,resnet50_dim_456,7.367245055771388e-05,9.390290109051362e-05,1212,1212,0
707,resnet50_dim_707,9.837772476797889e-05,9.387278050053756e-05,1060,1213,-153
2008,resnet50_dim_2008,0.00030942116870777886,9.381958219199511e-05,527,1214,-687
1149,resnet50_dim_1149,6.89493376529188e-05,9.353743495415294e-05,1252,1215,37
1905,resnet50_dim_1905,0.00010079173931765348,9.333666948321274e-05,1044,1216,-172
553,resnet50_dim_553,0.00018536684310319253,9.327205738163854e-05,724,1217,-493
1932,resnet50_dim_1932,6.807119102278614e-05,9.304279141228103e-05,1257,1218,39
1767,resnet50_dim_1767,3.082444326888375e-05,9.262726430396522e-05,1607,1219,388
269,resnet50_dim_269,5.2337887159048823e-05,9.254723217375874e-05,1381,1220,161
1681,resnet50_dim_1681,4.722495489657963e-05,9.251299891496154e-05,1436,1221,215
959,resnet50_dim_959,5.4443200758671996e-05,9.236327081999693e-05,1354,1222,132
1461,resnet50_dim_1461,5.997858827666717e-05,9.19968212790188e-05,1311,1223,88
1714,resnet50_dim_1714,0.00020246930698955678,9.188463327037711e-05,687,1224,-537
1736,resnet50_dim_1736,0.00019664376703019317,9.165294269418423e-05,697,1225,-528
1644,resnet50_dim_1644,7.004114444440849e-05,9.095823652919122e-05,1240,1226,14
75,resnet50_dim_75,0.0001018978000633221,9.080068767906622e-05,1039,1227,-188
1368,resnet50_dim_1368,7.085012526695264e-05,8.95257569322769e-05,1236,1228,8
3,resnet50_dim_3,7.586946555669912e-05,8.942843906274846e-05,1196,1229,-33
1223,resnet50_dim_1223,7.57681338551116e-05,8.93053821980955e-05,1198,1230,-32
541,resnet50_dim_541,4.709736382388146e-05,8.93007834224172e-05,1441,1231,210
329,resnet50_dim_329,4.059670930854132e-05,8.923600398227754e-05,1508,1232,276
2062,num_advertisement_iframes,7.290137754489601e-05,8.919804188894625e-05,1218,1233,-15
1456,resnet50_dim_1456,4.4918066407709104e-05,8.884804090408757e-05,1466,1234,232
1018,resnet50_dim_1018,6.269824565570433e-05,8.849193816577646e-05,1297,1235,62
594,resnet50_dim_594,3.8141499383073366e-05,8.826386214248436e-05,1532,1236,296
954,resnet50_dim_954,3.857089995470719e-05,8.808462821256796e-05,1526,1237,289
1562,resnet50_dim_1562,0.00013837553078024093,8.803806456648993e-05,871,1238,-367
644,resnet50_dim_644,2.971655927068829e-05,8.758821743847859e-05,1626,1239,387
475,resnet50_dim_475,9.480769802591944e-05,8.742427251505042e-05,1078,1240,-162
333,resnet50_dim_333,4.763987136234799e-05,8.731044142505255e-05,1430,1241,189
290,resnet50_dim_290,9.703623868112865e-05,8.720674995434972e-05,1070,1242,-172
1484,resnet50_dim_1484,0.00020405519848724782,8.702492030652048e-05,683,1243,-560
534,resnet50_dim_534,4.73869592062845e-05,8.696606984164295e-05,1433,1244,189
1404,resnet50_dim_1404,3.4371441283131496e-05,8.692359388022924e-05,1571,1245,326
763,resnet50_dim_763,4.549620445754356e-05,8.679147027252644e-05,1462,1246,216
671,resnet50_dim_671,8.213824916286634e-05,8.66705559308692e-05,1151,1247,-96
2047,resnet50_dim_2047,7.195306612856777e-05,8.662165663026146e-05,1227,1248,-21
873,resnet50_dim_873,2.946380049281848e-05,8.656410888702725e-05,1631,1249,382
130,resnet50_dim_130,5.837867851185547e-05,8.65404876166107e-05,1329,1250,79
101,resnet50_dim_101,4.338475142202594e-05,8.64546014912639e-05,1483,1251,232
1897,resnet50_dim_1897,4.93121776649282e-05,8.633954872219958e-05,1416,1252,164
573,resnet50_dim_573,0.00013624251011383834,8.627537492703916e-05,879,1253,-374
165,resnet50_dim_165,9.890886829843436e-05,8.603700636662225e-05,1056,1254,-198
974,resnet50_dim_974,7.127430019827497e-05,8.588422673533533e-05,1232,1255,-23
89,resnet50_dim_89,3.865611995182804e-05,8.579224584022968e-05,1524,1256,268
879,resnet50_dim_879,0.0001571498906257332,8.575408316158332e-05,795,1257,-462
1281,resnet50_dim_1281,8.574402363021288e-05,8.551886798975142e-05,1130,1258,-128
615,resnet50_dim_615,4.7213156725710755e-05,8.55051639989726e-05,1437,1259,178
1973,resnet50_dim_1973,5.6881782163074136e-05,8.549589179274422e-05,1339,1260,79
546,resnet50_dim_546,0.00011477156427141008,8.545976814701848e-05,976,1261,-285
1180,resnet50_dim_1180,0.00010799393106730425,8.539971748576625e-05,1006,1262,-256
1388,resnet50_dim_1388,6.955048542145784e-05,8.538621118242734e-05,1243,1263,-20
1136,resnet50_dim_1136,7.274282067282759e-05,8.537592323935523e-05,1220,1264,-44
936,resnet50_dim_936,4.43270227718435e-05,8.518222132803364e-05,1472,1265,207
292,resnet50_dim_292,3.7056420508238e-05,8.514610004599929e-05,1538,1266,272
1314,resnet50_dim_1314,4.324612706020177e-05,8.505152108270544e-05,1485,1267,218
952,resnet50_dim_952,0.00014909241938191684,8.501491437202915e-05,823,1268,-445
386,resnet50_dim_386,7.737623805966749e-05,8.477821719824032e-05,1187,1269,-82
1263,resnet50_dim_1263,5.5291571609316415e-05,8.472107681475806e-05,1348,1270,78
788,resnet50_dim_788,9.597619306853907e-05,8.456892882787619e-05,1075,1271,-196
1817,resnet50_dim_1817,8.195687531612096e-05,8.450709161048718e-05,1153,1272,-119
975,resnet50_dim_975,6.547605439866119e-05,8.403337742892274e-05,1282,1273,9
946,resnet50_dim_946,5.9648939352366266e-05,8.389142145481275e-05,1316,1274,42
1639,resnet50_dim_1639,7.847147633083693e-05,8.388648480691613e-05,1178,1275,-97
22,resnet50_dim_22,7.855334798538448e-05,8.383991198397889e-05,1177,1276,-99
1598,resnet50_dim_1598,5.3787775566746464e-05,8.368027131380219e-05,1363,1277,86
2014,resnet50_dim_2014,6.93498651738565e-05,8.353732000826488e-05,1247,1278,-31
1474,resnet50_dim_1474,4.958995194729276e-05,8.34637331887902e-05,1411,1279,132
408,resnet50_dim_408,0.00010348745552605373,8.341380945625849e-05,1033,1280,-247
702,resnet50_dim_702,8.488250392672934e-05,8.327091085946556e-05,1134,1281,-147
570,resnet50_dim_570,0.0001085880810966001,8.302336976719444e-05,999,1282,-283
1744,resnet50_dim_1744,0.00022558515019074056,8.301252655157015e-05,653,1283,-630
83,resnet50_dim_83,3.431186003530648e-05,8.293859921521614e-05,1572,1284,288
1545,resnet50_dim_1545,7.292871826222613e-05,8.293124431480665e-05,1217,1285,-68
859,resnet50_dim_859,0.00020960794834043255,8.272769619933648e-05,676,1286,-610
242,resnet50_dim_242,6.359146355011746e-05,8.246182829957628e-05,1294,1287,7
893,resnet50_dim_893,4.183883090408899e-05,8.24366253551095e-05,1500,1288,212
385,resnet50_dim_385,5.143712932614446e-05,8.237080846666965e-05,1393,1289,104
1394,resnet50_dim_1394,7.339913818001193e-05,8.209841804077467e-05,1213,1290,-77
59,resnet50_dim_59,3.408464995508506e-05,8.20768242477519e-05,1576,1291,285
790,resnet50_dim_790,4.7865223267097386e-05,8.190327785939851e-05,1428,1292,136
63,resnet50_dim_63,0.0001507303115578382,8.164094069542208e-05,815,1293,-478
1807,resnet50_dim_1807,1.0597473326949935e-05,8.140675292932509e-05,1845,1294,551
1343,resnet50_dim_1343,9.339416435715775e-05,8.123249871406912e-05,1088,1295,-207
1604,resnet50_dim_1604,4.7103882877722684e-05,8.115900304642832e-05,1440,1296,144
1568,resnet50_dim_1568,8.168138582143588e-05,8.110094540573642e-05,1155,1297,-142
1501,resnet50_dim_1501,0.00010516753777024013,8.092964419333913e-05,1023,1298,-275
724,resnet50_dim_724,7.111574700337796e-05,8.090221317458613e-05,1233,1299,-66
2027,resnet50_dim_2027,9.472872044507932e-05,8.062534077167651e-05,1079,1300,-221
87,resnet50_dim_87,5.7498195365945166e-05,8.05910099637445e-05,1335,1301,34
1316,resnet50_dim_1316,3.263728882376991e-05,8.046938424285481e-05,1588,1302,286
1603,resnet50_dim_1603,3.677562066394999e-05,8.036017660982122e-05,1543,1303,240
361,resnet50_dim_361,1.872218152165941e-05,8.029020724530415e-05,1765,1304,461
677,resnet50_dim_677,3.724027105294562e-05,8.028595387722487e-05,1537,1305,232
515,resnet50_dim_515,3.687265664800493e-05,8.024286214972757e-05,1540,1306,234
858,resnet50_dim_858,8.108841304627497e-05,8.010829331407146e-05,1162,1307,-145
1800,resnet50_dim_1800,5.0236454647959605e-05,7.947618793689362e-05,1403,1308,95
697,resnet50_dim_697,6.462333128036343e-05,7.930357872327309e-05,1289,1309,-20
420,resnet50_dim_420,4.2431681068073026e-05,7.929533504668006e-05,1493,1310,183
1230,resnet50_dim_1230,0.00010483444417732565,7.913776064894166e-05,1026,1311,-285
1039,resnet50_dim_1039,0.00012469603535058068,7.896525998328295e-05,930,1312,-382
454,resnet50_dim_454,2.1393309185511032e-05,7.881153333206635e-05,1730,1313,417
256,resnet50_dim_256,7.983156727662367e-05,7.878106412696833e-05,1170,1314,-144
981,resnet50_dim_981,5.487431397034679e-05,7.8743111652755e-05,1349,1315,34
880,resnet50_dim_880,5.114505110003652e-05,7.847458916270408e-05,1396,1316,80
1432,resnet50_dim_1432,3.9785902395691746e-05,7.766107403231638e-05,1516,1317,199
132,resnet50_dim_132,0.00018283712260583102,7.753101858400543e-05,729,1318,-589
1585,resnet50_dim_1585,6.040832489665102e-05,7.711702985402943e-05,1309,1319,-10
1001,resnet50_dim_1001,8.801869146532328e-05,7.66998851950942e-05,1114,1320,-206
440,resnet50_dim_440,0.00010632716595833583,7.668808559675713e-05,1018,1321,-303
1184,resnet50_dim_1184,4.6064503604601636e-05,7.665305808617552e-05,1455,1322,133
1752,resnet50_dim_1752,2.4007610580772366e-05,7.635525311189553e-05,1694,1323,371
1416,resnet50_dim_1416,0.00012890944317570026,7.631310173994122e-05,910,1324,-414
1079,resnet50_dim_1079,4.674529361929822e-05,7.60421148858018e-05,1445,1325,120
1903,resnet50_dim_1903,7.624556280647377e-05,7.594120074107667e-05,1194,1326,-132
1217,resnet50_dim_1217,3.590659589767741e-05,7.589423822380941e-05,1549,1327,222
38,resnet50_dim_38,3.98761218290893e-05,7.558029811312776e-05,1515,1328,187
740,resnet50_dim_740,5.0485818838599656e-05,7.536743322337849e-05,1400,1329,71
987,resnet50_dim_987,7.333346435020019e-05,7.514780911017458e-05,1215,1330,-115
734,resnet50_dim_734,2.845078018532541e-05,7.508336985385773e-05,1641,1331,310
444,resnet50_dim_444,5.763077356200339e-05,7.508307227329039e-05,1334,1332,2
1645,resnet50_dim_1645,5.204839671762913e-05,7.490174471548716e-05,1385,1333,52
137,resnet50_dim_137,7.135845522586231e-05,7.48070186305183e-05,1231,1334,-103
1364,resnet50_dim_1364,2.9607836970887555e-05,7.472500122168176e-05,1627,1335,292
1171,resnet50_dim_1171,0.0003245243775856184,7.461982480475959e-05,508,1336,-828
2024,resnet50_dim_2024,4.927477602104632e-05,7.440980259902062e-05,1418,1337,81
1447,resnet50_dim_1447,0.00011703630675961372,7.419040882785738e-05,964,1338,-374
675,resnet50_dim_675,8.480645738693372e-05,7.415986799185128e-05,1136,1339,-203
1101,resnet50_dim_1101,6.610950309828073e-05,7.413333365499628e-05,1278,1340,-62
875,resnet50_dim_875,2.166921085916002e-05,7.410931319924489e-05,1724,1341,383
1959,resnet50_dim_1959,3.312708167360179e-05,7.354981924259482e-05,1582,1342,240
1045,resnet50_dim_1045,4.791769926057166e-05,7.350201602973483e-05,1426,1343,83
1064,resnet50_dim_1064,5.5758434052331035e-05,7.346025571426639e-05,1347,1344,3
2040,resnet50_dim_2040,4.672960872196044e-05,7.337857559302951e-05,1446,1345,101
461,resnet50_dim_461,1.658790587126046e-05,7.331985158485245e-05,1786,1346,440
1346,resnet50_dim_1346,5.987618454164423e-05,7.326499272006302e-05,1312,1347,-35
1578,resnet50_dim_1578,7.060727903239113e-05,7.307179600850455e-05,1237,1348,-111
1113,resnet50_dim_1113,0.00011752364845422618,7.260020258693494e-05,962,1349,-387
1351,resnet50_dim_1351,5.3141455042735485e-05,7.227506900333085e-05,1370,1350,20
138,resnet50_dim_138,9.464595939149546e-05,7.223315223506124e-05,1081,1351,-270
584,resnet50_dim_584,3.057772211891778e-05,7.208109237598337e-05,1613,1352,261
1871,resnet50_dim_1871,1.4593440573781119e-05,7.180578913891924e-05,1805,1353,452
434,resnet50_dim_434,2.5102042922509227e-05,7.171848270977925e-05,1684,1354,330
66,resnet50_dim_66,5.281383072153518e-05,7.167881100509011e-05,1375,1355,20
1950,resnet50_dim_1950,4.3715845935400184e-05,7.157228603581134e-05,1478,1356,122
523,resnet50_dim_523,3.8419037003636665e-05,7.147139317833084e-05,1527,1357,170
1063,resnet50_dim_1063,0.00010451556986549366,7.140031064641652e-05,1029,1358,-329
1151,resnet50_dim_1151,2.8572208403017276e-05,7.127605963744967e-05,1640,1359,281
2020,resnet50_dim_2020,0.00012036588130432847,7.119618955615143e-05,946,1360,-414
868,resnet50_dim_868,2.5363913694272553e-05,7.118118191817945e-05,1680,1361,319
1042,resnet50_dim_1042,5.848171962088756e-05,7.11509419766269e-05,1328,1362,-34
1236,resnet50_dim_1236,1.7836242061961374e-05,7.088019322445736e-05,1776,1363,413
746,resnet50_dim_746,3.5836132517022766e-05,7.076122476102492e-05,1550,1364,186
726,resnet50_dim_726,0.0001474464978938353,7.019726218081275e-05,831,1365,-534
351,resnet50_dim_351,8.17767347026362e-05,6.977501631709432e-05,1154,1366,-212
1539,resnet50_dim_1539,2.7577656076952464e-05,6.95772809275982e-05,1651,1367,284
688,resnet50_dim_688,0.00010927428945385854,6.954014647519977e-05,998,1368,-370
1743,resnet50_dim_1743,0.0001263553472625013,6.947115807011831e-05,921,1369,-448
1285,resnet50_dim_1285,4.5715772029556575e-05,6.93094719261038e-05,1457,1370,87
949,resnet50_dim_949,9.096437791072542e-05,6.924415212583743e-05,1100,1371,-271
295,resnet50_dim_295,3.771087835902807e-05,6.91947323480482e-05,1535,1372,163
1051,resnet50_dim_1051,8.559979222266493e-05,6.91546859063561e-05,1131,1373,-242
1032,resnet50_dim_1032,2.988977866312592e-05,6.908044104149636e-05,1624,1374,250
20,resnet50_dim_20,4.679239160183889e-05,6.890793694153467e-05,1444,1375,69
1077,resnet50_dim_1077,5.121919405739486e-05,6.882967150873303e-05,1395,1376,19
704,resnet50_dim_704,2.370692262947101e-05,6.874688244038438e-05,1698,1377,321
419,resnet50_dim_419,5.1822424381570703e-05,6.858013871827653e-05,1390,1378,12
1124,resnet50_dim_1124,8.353029815423917e-05,6.823091687867746e-05,1144,1379,-235
741,resnet50_dim_741,5.3268135985092414e-05,6.817398469526481e-05,1367,1380,-13
185,resnet50_dim_185,0.00010287317194253817,6.785978430308568e-05,1036,1381,-345
690,resnet50_dim_690,2.311977801585488e-05,6.774195151557856e-05,1704,1382,322
1292,resnet50_dim_1292,6.328484150565989e-05,6.745189250554405e-05,1295,1383,-88
1455,resnet50_dim_1455,3.970375176999928e-05,6.740115959815496e-05,1517,1384,133
1676,resnet50_dim_1676,2.6610416240406777e-05,6.707367823773755e-05,1662,1385,277
1403,resnet50_dim_1403,9.93072026510326e-05,6.702127885146894e-05,1053,1386,-333
281,resnet50_dim_281,7.197789401144467e-05,6.659383053924497e-05,1226,1387,-161
1754,resnet50_dim_1754,6.759471803866718e-05,6.65205799531349e-05,1263,1388,-125
85,resnet50_dim_85,4.7481725817977195e-05,6.630268338677495e-05,1432,1389,43
432,resnet50_dim_432,0.00012738555724637826,6.628696237112764e-05,916,1390,-474
1798,resnet50_dim_1798,6.728551073542112e-05,6.628638202531669e-05,1270,1391,-121
2005,resnet50_dim_2005,7.451592677772601e-05,6.579199061375369e-05,1204,1392,-188
769,resnet50_dim_769,4.434412554351328e-05,6.56901372660879e-05,1470,1393,77
248,resnet50_dim_248,2.152666071786526e-05,6.55791334453684e-05,1727,1394,333
46,resnet50_dim_46,5.445372116008343e-05,6.557612892832259e-05,1353,1395,-42
1787,resnet50_dim_1787,1.9473539851578403e-05,6.55276017369063e-05,1754,1396,358
1706,resnet50_dim_1706,5.390183476333812e-05,6.520816417890341e-05,1361,1397,-36
1102,resnet50_dim_1102,5.683406003577851e-05,6.499297314521544e-05,1340,1398,-58
1567,resnet50_dim_1567,5.647626004856467e-05,6.470658276368076e-05,1341,1399,-58
1046,resnet50_dim_1046,4.170243233214145e-05,6.464806002920578e-05,1501,1400,101
604,resnet50_dim_604,7.158287455242091e-05,6.45822559654409e-05,1230,1401,-171
1119,resnet50_dim_1119,4.314911161751588e-05,6.446153899176845e-05,1487,1402,85
1629,resnet50_dim_1629,3.4608637550612724e-05,6.439006507784861e-05,1565,1403,162
971,resnet50_dim_971,8.620702727958065e-05,6.436718646128005e-05,1123,1404,-281
68,resnet50_dim_68,2.9924036011480822e-05,6.422168693743159e-05,1623,1405,218
646,resnet50_dim_646,2.9423094117130077e-05,6.386878643913127e-05,1632,1406,226
375,resnet50_dim_375,3.3097646487976086e-05,6.38127521987322e-05,1583,1407,176
977,resnet50_dim_977,0.0001238485156143684,6.371498032191598e-05,934,1408,-474
822,resnet50_dim_822,4.253107701803267e-05,6.347386403451881e-05,1492,1409,83
1747,resnet50_dim_1747,6.094801715903841e-05,6.33700395744803e-05,1307,1410,-103
1654,resnet50_dim_1654,2.4228090346398707e-05,6.329701302448796e-05,1691,1411,280
930,resnet50_dim_930,8.517816048549886e-05,6.291356528539414e-05,1133,1412,-279
1577,resnet50_dim_1577,1.6150998850215687e-05,6.28525010474504e-05,1790,1413,377
1498,resnet50_dim_1498,8.844974504263714e-05,6.273172468165201e-05,1112,1414,-302
1174,resnet50_dim_1174,0.00011941736356512417,6.262811809002272e-05,951,1415,-464
1986,resnet50_dim_1986,0.00011631560753039222,6.246758817198969e-05,967,1416,-449
2070,num_images_without_alt,0.0001391639188825301,6.21997542115728e-05,869,1417,-548
342,resnet50_dim_342,4.094492996036379e-05,6.156737816083778e-05,1504,1418,86
1576,resnet50_dim_1576,0.00010934494442761931,6.155464994489323e-05,997,1419,-422
828,resnet50_dim_828,5.2192158889104454e-05,6.146786090800388e-05,1384,1420,-36
1826,resnet50_dim_1826,2.448816908333192e-05,6.14226016087529e-05,1689,1421,268
1331,resnet50_dim_1331,3.197911895702608e-05,6.124754591264509e-05,1596,1422,174
1930,resnet50_dim_1930,0.0001575430098529177,6.100240919902509e-05,792,1423,-631
51,resnet50_dim_51,3.451984334653733e-05,6.098259816938045e-05,1567,1424,143
1904,resnet50_dim_1904,3.89077124440214e-05,6.0756102830636725e-05,1523,1425,98
1823,resnet50_dim_1823,6.581841706204499e-05,6.0727791598045925e-05,1279,1426,-147
321,resnet50_dim_321,4.386920818834761e-05,6.055354744229935e-05,1477,1427,50
1359,resnet50_dim_1359,4.936628082649611e-05,6.03839774378738e-05,1415,1428,-13
1536,resnet50_dim_1536,3.805834804121083e-05,6.009101565465481e-05,1533,1429,104
270,resnet50_dim_270,2.5791611488453268e-05,6.00782710572789e-05,1677,1430,247
188,resnet50_dim_188,8.124335344599747e-05,5.9779208225461136e-05,1161,1431,-270
1414,resnet50_dim_1414,3.681412869118029e-05,5.964871439239493e-05,1542,1432,110
1491,resnet50_dim_1491,3.553657218438026e-05,5.948266261680948e-05,1552,1433,119
1875,resnet50_dim_1875,5.276539847287442e-05,5.908419094948334e-05,1376,1434,-58
0,resnet50_dim_0,4.710886552226799e-05,5.9041750509433605e-05,1439,1435,4
1066,resnet50_dim_1066,5.308016411470827e-05,5.897344797771085e-05,1372,1436,-64
240,resnet50_dim_240,3.94039486825102e-05,5.8888164541954256e-05,1519,1437,82
1729,resnet50_dim_1729,2.511898720284592e-05,5.888748659146957e-05,1683,1438,245
1630,resnet50_dim_1630,4.8893405930472024e-05,5.882391125204028e-05,1419,1439,-20
1305,resnet50_dim_1305,4.2055102206690224e-05,5.848307941410883e-05,1497,1440,57
362,resnet50_dim_362,5.721850957025855e-05,5.84608420722751e-05,1336,1441,-105
985,resnet50_dim_985,4.324597171390323e-05,5.8444966001380156e-05,1486,1442,44
1838,resnet50_dim_1838,9.296273939182561e-05,5.8187034703557516e-05,1095,1443,-348
1348,resnet50_dim_1348,3.2507999982815525e-05,5.8116494952640854e-05,1590,1444,146
1318,resnet50_dim_1318,1.8191130798254503e-05,5.80086272196625e-05,1771,1445,326
1870,resnet50_dim_1870,0.00012007780926422143,5.793357366957162e-05,948,1446,-498
1487,resnet50_dim_1487,3.567923719779218e-05,5.7860292653560096e-05,1551,1447,104
1061,resnet50_dim_1061,5.13725758106106e-05,5.7584679900989895e-05,1394,1448,-54
1727,resnet50_dim_1727,4.085131104015352e-05,5.742671376181277e-05,1505,1449,56
1295,resnet50_dim_1295,6.0995268419143217e-05,5.7393932094965364e-05,1305,1450,-145
1863,resnet50_dim_1863,5.927280478922271e-05,5.7361025564457325e-05,1320,1451,-131
659,resnet50_dim_659,6.623583330441106e-05,5.733457354077899e-05,1277,1452,-175
590,resnet50_dim_590,4.3092097892160625e-05,5.708258705424174e-05,1488,1453,35
1057,resnet50_dim_1057,5.901769990556518e-05,5.7054667800563525e-05,1323,1454,-131
1543,resnet50_dim_1543,5.152152075506635e-05,5.68021752897882e-05,1392,1455,-63
1422,resnet50_dim_1422,4.5432911187213546e-05,5.67680605698447e-05,1463,1456,7
1686,resnet50_dim_1686,5.3192886485602856e-05,5.676254140558881e-05,1368,1457,-89
1185,resnet50_dim_1185,2.911536531295265e-05,5.6683625411917674e-05,1634,1458,176
1134,resnet50_dim_1134,4.056418146164411e-05,5.600957810484079e-05,1509,1459,50
278,resnet50_dim_278,6.0934492391365247e-05,5.588120495912488e-05,1308,1460,-152
1974,resnet50_dim_1974,4.008234978658694e-05,5.555663099448448e-05,1514,1461,53
405,resnet50_dim_405,3.0268386047338898e-05,5.5505378439915044e-05,1617,1462,155
268,resnet50_dim_268,7.392825633671386e-05,5.544048572906754e-05,1210,1463,-253
1137,resnet50_dim_1137,3.308589815316917e-05,5.542436755309917e-05,1584,1464,120
1933,resnet50_dim_1933,6.740238943224527e-05,5.518653331243163e-05,1266,1465,-199
519,resnet50_dim_519,3.4608413468967666e-05,5.488941287945926e-05,1566,1466,100
2051,text_density_proxy,6.908577138140306e-05,5.468207869771713e-05,1249,1467,-218
1252,resnet50_dim_1252,4.530599239161344e-05,5.450892597507848e-05,1464,1468,-4
1120,resnet50_dim_1120,2.3035033360173343e-05,5.441373179598756e-05,1706,1469,237
982,resnet50_dim_982,7.909950216047105e-05,5.4373205348315794e-05,1173,1470,-297
1590,resnet50_dim_1590,2.809274853073106e-05,5.4102849293944225e-05,1646,1471,175
1816,resnet50_dim_1816,4.955649446317551e-05,5.399514811744357e-05,1412,1472,-60
1968,resnet50_dim_1968,9.929759598117082e-05,5.397028370098299e-05,1055,1473,-418
1623,resnet50_dim_1623,2.7333054345715852e-05,5.380399396345108e-05,1653,1474,179
1165,resnet50_dim_1165,3.013295327922368e-05,5.3665458431929416e-05,1618,1475,143
1494,resnet50_dim_1494,4.928549875542941e-05,5.3545733204848266e-05,1417,1476,-59
154,resnet50_dim_154,6.948383405207872e-05,5.31425315409448e-05,1246,1477,-231
1234,resnet50_dim_1234,5.480281676011022e-05,5.308504426137559e-05,1350,1478,-128
1990,resnet50_dim_1990,5.089570037900662e-05,5.283717584710325e-05,1398,1479,-81
1965,resnet50_dim_1965,4.2122953936321754e-05,5.264326997693306e-05,1496,1480,16
272,resnet50_dim_272,0.00016544052644616497,5.252260795879727e-05,771,1481,-710
1867,resnet50_dim_1867,5.2587635790778643e-05,5.246455794931857e-05,1378,1482,-104
1866,resnet50_dim_1866,6.530195855599986e-05,5.2251242600004076e-05,1285,1483,-198
973,resnet50_dim_973,3.2357197866106314e-05,5.218156522391827e-05,1593,1484,109
509,resnet50_dim_509,5.691692908981803e-05,5.214305738240206e-05,1338,1485,-147
619,resnet50_dim_619,2.049134008836079e-05,5.214143155627142e-05,1740,1486,254
1610,resnet50_dim_1610,5.220041406392004e-05,5.198822632528834e-05,1383,1487,-104
1827,resnet50_dim_1827,6.259533721643916e-05,5.19764904073486e-05,1299,1488,-189
86,resnet50_dim_86,6.544149797081453e-05,5.190438198069226e-05,1283,1489,-206
666,resnet50_dim_666,3.380262894841166e-05,5.1841721372527414e-05,1578,1490,88
148,resnet50_dim_148,5.645531348369218e-05,5.17788370583426e-05,1342,1491,-149
1633,resnet50_dim_1633,1.7978534783355277e-05,5.166678529629251e-05,1775,1492,283
821,resnet50_dim_821,6.780496126594082e-05,5.1535654558324494e-05,1260,1493,-233
667,resnet50_dim_667,6.378678122907827e-05,5.151773720763706e-05,1293,1494,-201
1371,resnet50_dim_1371,5.434859799742195e-05,5.148926097109114e-05,1357,1495,-138
532,resnet50_dim_532,0.0002133763303230286,5.1116862661209356e-05,673,1496,-823
447,resnet50_dim_447,0.00013998889214759683,5.1008517994667007e-05,865,1497,-632
145,resnet50_dim_145,7.586816285330503e-05,5.0994789617790925e-05,1197,1498,-301
1895,resnet50_dim_1895,2.8745573465165847e-05,5.092035652398963e-05,1638,1499,139
1808,resnet50_dim_1808,2.307469202597917e-05,5.0796408837421294e-05,1705,1500,205
382,resnet50_dim_382,2.7175580793618653e-05,5.0769822488398537e-05,1655,1501,154
1680,resnet50_dim_1680,5.98577717809585e-05,5.07276388344658e-05,1313,1502,-189
173,resnet50_dim_173,4.703628959433476e-05,5.0690449338252185e-05,1442,1503,-61
1015,resnet50_dim_1015,5.420512426841205e-05,5.049255575287094e-05,1358,1504,-146
394,resnet50_dim_394,6.976126297267282e-05,5.04514045326977e-05,1242,1505,-263
950,resnet50_dim_950,1.1800828766187853e-05,4.913948735252712e-05,1832,1506,326
1596,resnet50_dim_1596,3.6190494659501806e-05,4.896513680954536e-05,1547,1507,40
897,resnet50_dim_897,4.3528307174238655e-05,4.8649188076182755e-05,1481,1508,-27
1479,resnet50_dim_1479,5.476052656116594e-05,4.783527132013492e-05,1351,1509,-158
731,resnet50_dim_731,4.078456466444185e-05,4.7693096374698876e-05,1506,1510,-4
1195,resnet50_dim_1195,1.3027216091069542e-05,4.75965996564993e-05,1816,1511,305
208,resnet50_dim_208,3.66487034486737e-05,4.744444577009622e-05,1544,1512,32
792,resnet50_dim_792,6.755353616897422e-05,4.742746683989084e-05,1264,1513,-249
1290,resnet50_dim_1290,2.9560316451623384e-05,4.7358198297340526e-05,1629,1514,115
221,resnet50_dim_221,7.73690090294248e-05,4.7191188354007165e-05,1188,1515,-327
1033,resnet50_dim_1033,5.18734976888078e-05,4.7188318856248536e-05,1389,1516,-127
2035,resnet50_dim_2035,7.830118973287493e-05,4.7013817940422836e-05,1180,1517,-337
1218,resnet50_dim_1218,2.5692876721978345e-05,4.6955810069773684e-05,1678,1518,160
551,resnet50_dim_551,1.5609794350621985e-05,4.6514937523122e-05,1795,1519,276
1978,resnet50_dim_1978,4.660401996865392e-05,4.627523166951666e-05,1448,1520,-72
1772,resnet50_dim_1772,3.5225635456918106e-05,4.6198911373859715e-05,1554,1521,33
1945,resnet50_dim_1945,5.448315510663134e-05,4.602517181199499e-05,1352,1522,-170
728,resnet50_dim_728,3.520918664713826e-05,4.5766066476301455e-05,1555,1523,32
1255,resnet50_dim_1255,3.262473763060549e-05,4.559531524174486e-05,1589,1524,65
621,resnet50_dim_621,4.463567941577915e-05,4.5510818843316404e-05,1467,1525,-58
942,resnet50_dim_942,2.6464161005128513e-05,4.543560834877945e-05,1665,1526,139
1495,resnet50_dim_1495,2.6354502350394774e-05,4.505489550438318e-05,1668,1527,141
1465,resnet50_dim_1465,5.313854809613853e-05,4.4979473558696235e-05,1371,1528,-157
1586,resnet50_dim_1586,1.0549113505771028e-05,4.476385844773686e-05,1847,1529,318
919,resnet50_dim_919,4.649626316205449e-05,4.442626959211103e-05,1452,1530,-78
1696,resnet50_dim_1696,3.535672091527771e-05,4.43796458197734e-05,1553,1531,22
802,resnet50_dim_802,3.800336944798404e-05,4.433083046574833e-05,1534,1532,2
481,resnet50_dim_481,1.9897583081071283e-05,4.432102448812453e-05,1748,1533,215
576,resnet50_dim_576,2.932063847510279e-05,4.411908778206991e-05,1633,1534,99
1296,resnet50_dim_1296,5.3603696249437866e-05,4.392329102261971e-05,1364,1535,-171
1657,resnet50_dim_1657,4.6801408235068574e-05,4.391862505603047e-05,1443,1536,-93
1511,resnet50_dim_1511,4.714325587193467e-05,4.390531925212833e-05,1438,1537,-99
1751,resnet50_dim_1751,8.133644800492432e-05,4.3901171123033724e-05,1158,1538,-380
953,resnet50_dim_953,3.3424763582087016e-05,4.357888989140516e-05,1580,1539,41
289,resnet50_dim_289,4.23550102049848e-05,4.353132572549373e-05,1495,1540,-45
562,resnet50_dim_562,6.71402688361708e-05,4.341634098417487e-05,1272,1541,-269
910,resnet50_dim_910,4.269494333343359e-05,4.331867175402822e-05,1491,1542,-51
1526,resnet50_dim_1526,4.0460787412821634e-05,4.3252534894528185e-05,1511,1543,-32
1146,resnet50_dim_1146,4.436583350289894e-05,4.315775236313764e-05,1468,1544,-76
846,resnet50_dim_846,3.44325461766851e-05,4.307451183535712e-05,1570,1545,25
1987,resnet50_dim_1987,4.757867996669719e-05,4.294804449007238e-05,1431,1546,-115
116,resnet50_dim_116,0.00014126653604403297,4.2740519141373574e-05,859,1547,-688
161,resnet50_dim_161,6.147110073136572e-05,4.271094350705255e-05,1304,1548,-244
789,resnet50_dim_789,2.657754749769729e-05,4.270407975312922e-05,1663,1549,114
656,resnet50_dim_656,3.492936205035731e-05,4.253593966676516e-05,1560,1550,10
398,resnet50_dim_398,0.00010207656760119856,4.216097910826174e-05,1038,1551,-513
1377,resnet50_dim_1377,5.34158698076865e-05,4.2095208910579593e-05,1365,1552,-187
1589,resnet50_dim_1589,2.3364435808996613e-05,4.198006909612043e-05,1702,1553,149
291,resnet50_dim_291,3.099230337951883e-05,4.1676123427278827e-05,1606,1554,52
794,resnet50_dim_794,5.193578487274414e-05,4.1562701753579264e-05,1387,1555,-168
1059,resnet50_dim_1059,5.099689762264766e-05,4.149830695901852e-05,1397,1556,-159
917,resnet50_dim_917,2.482266008170567e-05,4.1489591326288765e-05,1685,1557,128
1947,resnet50_dim_1947,0.00010637517030487763,4.144143900205552e-05,1017,1558,-541
1825,resnet50_dim_1825,5.8000265583604066e-05,4.133664138246705e-05,1331,1559,-228
1097,resnet50_dim_1097,2.1735440751613556e-05,4.115826801626393e-05,1723,1560,163
579,resnet50_dim_579,4.9373180693187826e-05,4.109566370482165e-05,1414,1561,-147
162,resnet50_dim_162,0.00013877095881637601,4.10083271107557e-05,870,1562,-692
210,resnet50_dim_210,0.0001052326401383384,4.0935962482509965e-05,1022,1563,-541
693,resnet50_dim_693,1.6693874805968494e-05,4.091742079173759e-05,1784,1564,220
1893,resnet50_dim_1893,3.26490443284241e-05,4.0418114278420716e-05,1587,1565,22
1357,resnet50_dim_1357,0.0002954251104306609,4.040139222040019e-05,547,1566,-1019
2010,resnet50_dim_2010,3.470892168167748e-05,4.037526533133639e-05,1564,1567,-3
1722,resnet50_dim_1722,5.188091698421118e-05,4.0373056094630305e-05,1388,1568,-180
1883,resnet50_dim_1883,3.0812413669171294e-05,4.025959245324491e-05,1609,1569,40
1122,resnet50_dim_1122,7.448499106536206e-05,4.020171607022078e-05,1205,1570,-365
1996,resnet50_dim_1996,1.2757380607709891e-05,3.986227750156898e-05,1817,1571,246
1400,resnet50_dim_1400,3.349296347975068e-05,3.9822813344533345e-05,1579,1572,7
850,resnet50_dim_850,3.24254567198544e-05,3.96685145133959e-05,1591,1573,18
600,resnet50_dim_600,5.8879565052905504e-05,3.9610395456832626e-05,1325,1574,-249
1265,resnet50_dim_1265,0.00011928050874640118,3.954695989915829e-05,952,1575,-623
1246,resnet50_dim_1246,6.898874867731648e-05,3.9382631233648214e-05,1251,1576,-325
404,resnet50_dim_404,3.958068289684838e-05,3.937448885826395e-05,1518,1577,-59
882,resnet50_dim_882,4.371288917237906e-05,3.926659106212636e-05,1479,1578,-99
872,resnet50_dim_872,3.9046879646715174e-05,3.908145202991744e-05,1521,1579,-58
1055,resnet50_dim_1055,3.063245766745892e-05,3.896980658663516e-05,1612,1580,32
106,resnet50_dim_106,2.2526790226291257e-05,3.86723368763607e-05,1715,1581,134
1107,resnet50_dim_1107,2.3612158554173385e-05,3.846526095200522e-05,1699,1582,117
862,resnet50_dim_862,2.7716072923210822e-05,3.844575452462377e-05,1650,1583,67
1756,resnet50_dim_1756,6.441440212257136e-05,3.773929393795668e-05,1290,1584,-294
1277,resnet50_dim_1277,2.122929408941089e-05,3.7689065429007154e-05,1732,1585,147
415,resnet50_dim_415,8.762844839707167e-06,3.767951392991267e-05,1865,1586,279
610,resnet50_dim_610,4.237151526395757e-05,3.750774608240538e-05,1494,1587,-93
1040,resnet50_dim_1040,7.803978012794438e-06,3.743111163693448e-05,1877,1588,289
2004,resnet50_dim_2004,5.7667523441236375e-05,3.7310050146346474e-05,1333,1589,-256
1504,resnet50_dim_1504,4.823306895370849e-05,3.71386736487708e-05,1423,1590,-167
2078,unlabelled_link_ratio,2.999766375674066e-05,3.7101095122816067e-05,1622,1591,31
1370,resnet50_dim_1370,2.4189784399826114e-05,3.695774146010917e-05,1693,1592,101
2060,num_headings,4.8283443590718796e-05,3.690537496600675e-05,1422,1593,-171
1442,resnet50_dim_1442,3.107339190148339e-05,3.6810982284312424e-05,1605,1594,11
620,resnet50_dim_620,1.8716151396443957e-05,3.678834298533669e-05,1766,1595,171
1156,resnet50_dim_1156,4.553893924568652e-05,3.669675297824512e-05,1461,1596,-135
877,resnet50_dim_877,2.249849910594057e-05,3.650293161936123e-05,1716,1597,119
1226,resnet50_dim_1226,5.4369586949750156e-05,3.632205981887649e-05,1356,1598,-242
591,resnet50_dim_591,2.6520770381098317e-05,3.611710575823765e-05,1664,1599,65
1614,resnet50_dim_1614,6.265707655262345e-05,3.6050789756453724e-05,1298,1600,-302
1010,resnet50_dim_1010,2.272429016834932e-05,3.5967055225334386e-05,1711,1601,110
1891,resnet50_dim_1891,4.362871746029423e-05,3.59425336284054e-05,1480,1602,-122
1209,resnet50_dim_1209,3.654704087397682e-05,3.5911626589917236e-05,1545,1603,-58
601,resnet50_dim_601,4.0526746460840085e-05,3.586116958352094e-05,1510,1604,-94
1877,resnet50_dim_1877,3.169952006769059e-05,3.583226968205441e-05,1600,1605,-5
824,resnet50_dim_824,2.9868974419100254e-05,3.561096713156899e-05,1625,1606,19
555,resnet50_dim_555,3.44927564681139e-05,3.557439545743526e-05,1569,1607,-38
2039,resnet50_dim_2039,2.646014308585463e-05,3.551911183044789e-05,1666,1608,58
1811,resnet50_dim_1811,3.0078233136701688e-05,3.545206699239301e-05,1620,1609,11
1565,resnet50_dim_1565,1.9330071765637354e-05,3.5271601632354065e-05,1756,1610,146
1902,resnet50_dim_1902,2.4595330530849887e-05,3.5162454216779565e-05,1688,1611,77
1090,resnet50_dim_1090,2.90178355526047e-05,3.5111572953086576e-05,1635,1612,23
1067,resnet50_dim_1067,2.476727764845979e-05,3.5083393517395186e-05,1687,1613,74
1024,resnet50_dim_1024,8.125187536013851e-05,3.5049154737305735e-05,1160,1614,-454
2065,aria_attribute_density,4.4355105844085834e-05,3.4903272015329574e-05,1469,1615,-146
643,resnet50_dim_643,3.160442346552801e-05,3.471818286654674e-05,1601,1616,-15
396,resnet50_dim_396,4.807493706672611e-05,3.4670712881456e-05,1424,1617,-193
373,resnet50_dim_373,2.061468432125276e-05,3.452218269051358e-05,1737,1618,119
274,resnet50_dim_274,3.180124199754861e-05,3.450352915159215e-05,1598,1619,-21
1240,resnet50_dim_1240,4.1982295989913886e-05,3.4318608513131735e-05,1499,1620,-121
1611,resnet50_dim_1611,2.6386454169032556e-05,3.4262147520979886e-05,1667,1621,46
435,resnet50_dim_435,2.8434916816080152e-05,3.424372124932103e-05,1642,1622,20
1108,resnet50_dim_1108,7.644798280164546e-06,3.360705101039144e-05,1879,1623,256
572,resnet50_dim_572,2.73734399722873e-05,3.351239204900574e-05,1652,1624,28
581,resnet50_dim_581,5.030368870594139e-05,3.350897995537131e-05,1401,1625,-224
1860,resnet50_dim_1860,6.792174626151392e-05,3.3470064100227265e-05,1258,1626,-368
119,resnet50_dim_119,2.164981716412094e-05,3.336352207659828e-05,1726,1627,99
471,resnet50_dim_471,3.173189827636797e-05,3.323628435898099e-05,1599,1628,-29
1188,resnet50_dim_1188,6.247627944791268e-05,3.3215489760539225e-05,1300,1629,-329
1606,resnet50_dim_1606,2.196333793706547e-05,3.3100346645946964e-05,1720,1630,90
826,resnet50_dim_826,9.657006953107489e-05,3.28885598054327e-05,1073,1631,-558
623,resnet50_dim_623,3.857163083244028e-05,3.284594637113297e-05,1525,1632,-107
1525,resnet50_dim_1525,5.020647992530583e-05,3.26473541904961e-05,1405,1633,-228
654,resnet50_dim_654,2.2411751636938287e-05,3.259827986116932e-05,1717,1634,83
2080,average_paragraph_word_count,3.826186851863929e-05,3.2430524092504115e-05,1530,1635,-105
1402,resnet50_dim_1402,4.326707646417688e-05,3.236748583309724e-05,1484,1636,-152
816,resnet50_dim_816,0.00023434423249944796,3.2287794128364404e-05,645,1637,-992
1553,resnet50_dim_1553,5.020801130094161e-05,3.226331552392624e-05,1404,1638,-234
325,resnet50_dim_325,3.410968408518027e-05,3.2225066882576155e-05,1575,1639,-64
1117,resnet50_dim_1117,3.9250557142411096e-05,3.22213470647811e-05,1520,1640,-120
117,resnet50_dim_117,3.132960150348722e-05,3.212489316058428e-05,1603,1641,-38
246,resnet50_dim_246,2.950362049162442e-05,3.1924527191768445e-05,1630,1642,-12
1307,resnet50_dim_1307,3.768328818531419e-05,3.1892315206962926e-05,1536,1643,-107
1169,resnet50_dim_1169,4.807085789670244e-05,3.1802909738371656e-05,1425,1644,-219
1663,resnet50_dim_1663,2.1237239493224226e-05,3.175552662170494e-05,1731,1645,86
127,resnet50_dim_127,3.684439167982405e-05,3.160352864052593e-05,1541,1646,-105
633,resnet50_dim_633,5.4398966755528296e-05,3.1560025937551785e-05,1355,1647,-292
1427,resnet50_dim_1427,2.8129444087830705e-05,3.152019803251212e-05,1645,1648,-3
1513,resnet50_dim_1513,1.2602055358840175e-05,3.146058727971029e-05,1822,1649,173
104,resnet50_dim_104,2.5836576722541036e-05,3.105053114522737e-05,1675,1650,25
2053,whitespace_ratio,6.488775148487443e-05,3.086579597955683e-05,1287,1651,-364
1532,resnet50_dim_1532,2.8251462971962587e-05,3.065706714295162e-05,1644,1652,-8
37,resnet50_dim_37,0.00011188680577953652,3.0611392163194336e-05,988,1653,-665
1684,resnet50_dim_1684,4.977593268086114e-05,3.0382909882765298e-05,1408,1654,-246
1919,resnet50_dim_1919,4.351441040468751e-05,3.0038347172205666e-05,1482,1655,-173
223,resnet50_dim_223,2.2782879289589422e-05,2.9767270892305672e-05,1710,1656,54
1582,resnet50_dim_1582,2.7833459615381e-05,2.9750389966547496e-05,1649,1657,-8
1509,resnet50_dim_1509,1.610362175751468e-05,2.9685024467019063e-05,1792,1658,134
319,resnet50_dim_319,1.4161499994431739e-05,2.949856030825901e-05,1809,1659,150
355,resnet50_dim_355,4.8807675635372636e-05,2.9469627763247688e-05,1420,1660,-240
1297,resnet50_dim_1297,4.969367496922014e-05,2.9458705524561033e-05,1409,1661,-252
1881,resnet50_dim_1881,1.4425151671879869e-05,2.8990213588575485e-05,1806,1662,144
287,resnet50_dim_287,2.7030955193716753e-05,2.8806363758327664e-05,1658,1663,-5
525,resnet50_dim_525,2.0736317993794006e-05,2.8791102179803365e-05,1735,1664,71
1147,resnet50_dim_1147,1.6110640013086934e-05,2.842455485587513e-05,1791,1665,126
578,resnet50_dim_578,3.429401415195761e-05,2.8346453617994525e-05,1573,1666,-93
166,resnet50_dim_166,2.695724629697736e-05,2.8145639694287493e-05,1659,1667,-8
314,resnet50_dim_314,1.9111351055222076e-05,2.8122100858954146e-05,1759,1668,91
1554,resnet50_dim_1554,8.042999915584336e-06,2.8042362913601277e-05,1873,1669,204
2046,resnet50_dim_2046,2.1653949818446453e-05,2.7967967930374586e-05,1725,1670,55
1770,resnet50_dim_1770,9.745082927630946e-06,2.7764954686038988e-05,1852,1671,181
1216,resnet50_dim_1216,2.5813641153284166e-05,2.7760029189988532e-05,1676,1672,4
1250,resnet50_dim_1250,2.1878591390922385e-05,2.7677012598738418e-05,1722,1673,49
1820,resnet50_dim_1820,6.203980097708714e-05,2.7588414133713177e-05,1303,1674,-371
1648,resnet50_dim_1648,5.590348788438496e-05,2.7579431332262128e-05,1346,1675,-329
1453,resnet50_dim_1453,2.803018797666974e-05,2.745604134575511e-05,1647,1676,-29
1093,resnet50_dim_1093,1.9344772358922136e-05,2.745485119644871e-05,1755,1677,78
1635,resnet50_dim_1635,5.269087231752833e-05,2.7392032550024512e-05,1377,1678,-301
1593,resnet50_dim_1593,5.604459794565169e-05,2.7364016645012233e-05,1345,1679,-334
852,resnet50_dim_852,1.8657320574740708e-05,2.7155263184768182e-05,1767,1680,87
347,resnet50_dim_347,4.066060978945949e-05,2.7100844107372566e-05,1507,1681,-174
23,resnet50_dim_23,1.88930709117417e-05,2.7038408758706114e-05,1764,1682,82
1245,resnet50_dim_1245,1.7068409844718598e-05,2.6994838911720557e-05,1778,1683,95
668,resnet50_dim_668,1.8921183589573947e-05,2.695173173741283e-05,1763,1684,79
699,resnet50_dim_699,1.669382204047182e-05,2.6855776136471247e-05,1785,1685,100
901,resnet50_dim_901,1.6753577600104885e-05,2.685357596064733e-05,1782,1686,96
1298,resnet50_dim_1298,5.0083164970270275e-05,2.6593123317268e-05,1406,1687,-281
1460,resnet50_dim_1460,2.255643150671615e-05,2.659009826438115e-05,1714,1688,26
2061,word_count,2.828204545921639e-05,2.6350778980623733e-05,1643,1689,-46
1126,resnet50_dim_1126,6.773458553233147e-05,2.584395153818855e-05,1262,1690,-428
2071,alt_text_coverage,4.6513359364451635e-05,2.580004010264103e-05,1450,1691,-241
71,resnet50_dim_71,4.9679817773471434e-05,2.5490406511537643e-05,1410,1692,-282
1886,resnet50_dim_1886,1.9023263283754997e-05,2.489175753379049e-05,1761,1693,68
1805,resnet50_dim_1805,3.500737154825804e-05,2.4690369850794826e-05,1557,1694,-137
564,resnet50_dim_564,2.3175715067410975e-05,2.4584975784098437e-05,1703,1695,8
1490,resnet50_dim_1490,0.0001206096532159165,2.437662066661731e-05,944,1696,-752
1944,resnet50_dim_1944,2.711582280429048e-05,2.390915432240622e-05,1657,1697,-40
645,resnet50_dim_645,1.9923141929381698e-05,2.372704150051194e-05,1746,1698,48
778,resnet50_dim_778,3.4834758862612566e-05,2.3550578235393588e-05,1561,1699,-138
1955,resnet50_dim_1955,2.2985913209207538e-05,2.352336636609996e-05,1707,1700,7
587,resnet50_dim_587,3.0797717690740635e-05,2.3451646959554356e-05,1610,1701,-91
691,resnet50_dim_691,1.4849519948821773e-05,2.3392608137799852e-05,1802,1702,100
1688,resnet50_dim_1688,2.6745747001622416e-05,2.3265191873651216e-05,1660,1703,-43
1367,resnet50_dim_1367,1.629741518472209e-05,2.322001159388561e-05,1789,1704,85
1620,resnet50_dim_1620,2.0992889625086625e-05,2.2981492148514035e-05,1733,1705,28
1341,resnet50_dim_1341,2.4190985348696063e-05,2.282014543491833e-05,1692,1706,-14
2030,resnet50_dim_2030,1.9688805798140468e-05,2.2790460967061814e-05,1752,1707,45
431,resnet50_dim_431,8.705492263173653e-06,2.2718538346703403e-05,1866,1708,158
607,resnet50_dim_607,2.595350617283855e-05,2.2540400306774644e-05,1674,1709,-35
612,resnet50_dim_612,3.2844718895345135e-05,2.2518712930508567e-05,1586,1710,-124
1792,resnet50_dim_1792,7.954108903447809e-05,2.246692443688909e-05,1172,1711,-539
1311,resnet50_dim_1311,2.3873792932879855e-05,2.2353644304499508e-05,1696,1712,-16
15,resnet50_dim_15,2.5147689058252492e-05,2.233283626175395e-05,1682,1713,-31
1588,resnet50_dim_1588,1.641634945104152e-05,2.2298001827774513e-05,1788,1714,74
1998,resnet50_dim_1998,1.3783744277740706e-05,2.1805152465970132e-05,1810,1715,95
1374,resnet50_dim_1374,1.524552163271481e-05,2.1745718047720535e-05,1797,1716,81
639,resnet50_dim_639,2.432109995229922e-05,2.1738061423684065e-05,1690,1717,-27
1984,resnet50_dim_1984,3.0356036641913372e-05,2.167187881564169e-05,1616,1718,-102
169,resnet50_dim_169,7.470354266018994e-05,2.16705495720126e-05,1202,1719,-517
115,resnet50_dim_115,2.0966713173016643e-05,2.154178823915964e-05,1734,1720,14
989,resnet50_dim_989,9.321934218008535e-06,2.1489262122572627e-05,1857,1721,136
767,resnet50_dim_767,2.4820039490128777e-05,2.13837247556718e-05,1686,1722,-36
1069,resnet50_dim_1069,1.2751741952868415e-05,2.1249314167445588e-05,1819,1723,96
676,resnet50_dim_676,1.8106473587460456e-05,2.1226745592153023e-05,1772,1724,48
845,resnet50_dim_845,2.7954762618401748e-05,2.1182460068580788e-05,1648,1725,-77
14,resnet50_dim_14,4.947494915870263e-05,2.1077123013106708e-05,1413,1726,-313
111,resnet50_dim_111,3.333661304592832e-05,2.10239047289795e-05,1581,1727,-146
521,resnet50_dim_521,2.673018504735477e-05,2.0988237981840163e-05,1661,1728,-67
1671,resnet50_dim_1671,1.2378663785029666e-05,2.096898955372762e-05,1825,1729,96
1366,resnet50_dim_1366,1.9102765070911552e-05,2.0846059451292112e-05,1760,1730,30
293,resnet50_dim_293,2.0085310120174066e-05,2.0734484075388005e-05,1744,1731,13
1517,resnet50_dim_1517,1.540215703573185e-05,2.0563829202579202e-05,1796,1732,64
1050,resnet50_dim_1050,4.4174111543476855e-05,2.0542498912721663e-05,1475,1733,-258
1173,resnet50_dim_1173,4.030229338396547e-05,2.0540211837023644e-05,1512,1734,-222
609,resnet50_dim_609,2.728274175133473e-05,2.0414801996245447e-05,1654,1735,-81
820,resnet50_dim_820,1.6557054202944976e-05,2.0388961835646437e-05,1787,1736,51
807,resnet50_dim_807,3.9038463060968335e-05,2.0286459549417392e-05,1522,1737,-215
349,resnet50_dim_349,2.8666449412537718e-05,2.0008670523022118e-05,1639,1738,-99
1558,resnet50_dim_1558,4.4298847918644445e-05,1.9866522158113808e-05,1473,1739,-266
636,resnet50_dim_636,2.3394171275406435e-05,1.9774971195727708e-05,1700,1740,-40
1935,resnet50_dim_1935,1.2627654519949715e-05,1.9518027641587727e-05,1821,1741,80
32,resnet50_dim_32,2.045598046516376e-05,1.941598427971238e-05,1741,1742,-1
267,resnet50_dim_267,3.825976221147722e-05,1.933879122887691e-05,1531,1743,-212
1732,resnet50_dim_1732,2.6061896378104846e-05,1.889620846134134e-05,1673,1744,-71
343,resnet50_dim_343,1.1842186485719429e-05,1.8775659332118e-05,1830,1745,85
1653,resnet50_dim_1653,9.737470171245423e-06,1.8614433580652374e-05,1853,1746,107
2067,num_aria_labelledby,1.7049952199773652e-05,1.8568468922422938e-05,1779,1747,32
585,resnet50_dim_585,5.341271302369661e-06,1.8514985388656118e-05,1906,1748,158
2044,resnet50_dim_2044,9.410173494368345e-06,1.8414904276304468e-05,1855,1749,106
1410,resnet50_dim_1410,1.4993225847723514e-05,1.8382910479252587e-05,1800,1750,50
393,resnet50_dim_393,2.0666878710074554e-05,1.8345129086152295e-05,1736,1751,-15
285,resnet50_dim_285,2.0380775024525922e-05,1.826103431642002e-05,1742,1752,-10
1131,resnet50_dim_1131,2.288474692845327e-05,1.8260242821742858e-05,1709,1753,-44
172,resnet50_dim_172,1.7378700722333136e-05,1.816921369116162e-05,1777,1754,23
134,resnet50_dim_134,3.0380406349402715e-05,1.8014248637553702e-05,1615,1755,-140
1464,resnet50_dim_1464,1.4688908703254754e-05,1.8011152400521047e-05,1803,1756,47
47,resnet50_dim_47,2.146869376459574e-05,1.784430804084918e-05,1728,1757,-29
485,resnet50_dim_485,1.3772385016683943e-05,1.7686203500266612e-05,1811,1758,53
1104,resnet50_dim_1104,2.7131896144968733e-05,1.740057407968817e-05,1656,1759,-103
1187,resnet50_dim_1187,2.901374102303097e-05,1.7154208727666097e-05,1636,1760,-124
1713,resnet50_dim_1713,1.4319118706862594e-05,1.6735955656924138e-05,1807,1761,46
510,resnet50_dim_510,2.5684755441325618e-05,1.6722496420331498e-05,1679,1762,-83
1580,resnet50_dim_1580,2.1426373616538956e-05,1.6624043989884478e-05,1729,1763,-34
1160,resnet50_dim_1160,1.965183639979492e-05,1.6380537402156452e-05,1753,1764,-11
1660,resnet50_dim_1660,6.906791648638889e-05,1.6239285588562925e-05,1250,1765,-515
406,resnet50_dim_406,3.918021948703188e-06,1.611728836971572e-05,1919,1766,153
1735,resnet50_dim_1735,3.238861867556789e-05,1.594841532045043e-05,1592,1767,-175
900,resnet50_dim_900,0.00010741899192438225,1.5826002888646906e-05,1012,1768,-756
1569,resnet50_dim_1569,8.25732963802716e-06,1.5728941014237824e-05,1870,1769,101
640,resnet50_dim_640,3.7412085586972244e-06,1.5713391665481504e-05,1923,1770,153
742,resnet50_dim_742,1.3716859316605458e-05,1.5447412060604144e-05,1812,1771,41
282,resnet50_dim_282,1.1646690840049055e-05,1.5241404200608863e-05,1836,1772,64
1831,resnet50_dim_1831,1.4657889328070276e-05,1.5154465452507199e-05,1804,1773,31
1038,resnet50_dim_1038,5.419260563355722e-05,1.5018684905447773e-05,1359,1774,-415
1818,resnet50_dim_1818,1.9287352312278584e-05,1.4990094881711261e-05,1757,1775,-18
40,resnet50_dim_40,4.2956432548825784e-05,1.4792539956009363e-05,1490,1776,-286
806,resnet50_dim_806,7.956912313576703e-05,1.4737304733833936e-05,1171,1777,-606
1704,resnet50_dim_1704,3.761751594510966e-06,1.441716227084848e-05,1922,1778,144
1834,resnet50_dim_1834,8.877893142124422e-06,1.410037356046872e-05,1864,1779,85
1924,resnet50_dim_1924,6.85105918987892e-05,1.3884885921823982e-05,1254,1780,-526
168,resnet50_dim_168,1.0782659553209682e-05,1.3789079126316494e-05,1841,1781,60
1956,resnet50_dim_1956,3.0118862219512566e-05,1.3788759035544185e-05,1619,1782,-163
866,resnet50_dim_866,3.5920001184640725e-05,1.3601928833652137e-05,1548,1783,-235
318,resnet50_dim_318,3.391723032146593e-05,1.3507672905198266e-05,1577,1784,-207
1121,resnet50_dim_1121,5.40408964153902e-06,1.3196732294273499e-05,1903,1785,118
1699,resnet50_dim_1699,3.505239138807795e-05,1.3145927846747807e-05,1556,1786,-230
592,resnet50_dim_592,1.4219647456641278e-05,1.304078156432224e-05,1808,1787,21
74,resnet50_dim_74,4.13176042630603e-06,1.300262337376307e-05,1917,1788,129
837,resnet50_dim_837,6.9819925115312115e-06,1.2955608406395204e-05,1883,1789,94
1201,resnet50_dim_1201,6.843640548069611e-06,1.2944697923791749e-05,1885,1790,95
1325,resnet50_dim_1325,5.586524244966665e-06,1.29366206001754e-05,1899,1791,108
1205,resnet50_dim_1205,1.3046745350981476e-05,1.2919904019957864e-05,1815,1792,23
984,resnet50_dim_984,8.237879320228682e-06,1.2879934085642481e-05,1871,1793,78
764,resnet50_dim_764,1.9901500528163595e-05,1.2797923736254856e-05,1747,1794,-47
1438,resnet50_dim_1438,1.5159897380499428e-05,1.2624743202734263e-05,1798,1795,3
1070,resnet50_dim_1070,1.0732061831804018e-05,1.2621677099898836e-05,1842,1796,46
1054,resnet50_dim_1054,4.300966922044054e-05,1.2615616690093089e-05,1489,1797,-308
2077,unlabelled_button_ratio,2.894725187416421e-05,1.2501115018605332e-05,1637,1798,-161
1426,resnet50_dim_1426,3.0516422490637236e-05,1.2494421547329144e-05,1614,1799,-185
583,resnet50_dim_583,7.78797148387821e-06,1.249000035042356e-05,1878,1800,78
1004,resnet50_dim_1004,1.4891172965206846e-05,1.223059052577873e-05,1801,1801,0
1421,resnet50_dim_1421,9.262006803139261e-06,1.2204777095717389e-05,1858,1802,56
1276,resnet50_dim_1276,1.1802830511076962e-05,1.2096784131678638e-05,1831,1803,28
774,resnet50_dim_774,1.98549191351841e-05,1.2083279119433454e-05,1749,1804,-55
1342,resnet50_dim_1342,1.798110660852951e-05,1.204736273545244e-05,1774,1805,-31
1383,resnet50_dim_1383,7.438441465099545e-05,1.183105650267844e-05,1208,1806,-598
345,resnet50_dim_345,1.2112406545735446e-05,1.1676331364669749e-05,1827,1807,20
1572,resnet50_dim_1572,1.5141947513134853e-05,1.1666349129611258e-05,1799,1808,-9
226,resnet50_dim_226,1.1495234711091958e-05,1.1658169519220144e-05,1837,1809,28
819,resnet50_dim_819,3.1320363847545624e-05,1.164916854586615e-05,1604,1810,-206
1420,resnet50_dim_1420,3.79724453988816e-06,1.15722415811985e-05,1921,1811,110
192,resnet50_dim_192,1.6886639019524694e-05,1.1284899311089692e-05,1781,1812,-31
1627,resnet50_dim_1627,2.268647815112973e-05,1.0953300512171821e-05,1712,1813,-101
2037,resnet50_dim_2037,8.91325976347047e-06,1.0781697035751198e-05,1862,1814,48
1833,resnet50_dim_1833,2.957030948495228e-05,1.065156468785272e-05,1628,1815,-187
779,resnet50_dim_779,1.861348150972824e-05,1.0633098578987925e-05,1768,1816,-48
1008,resnet50_dim_1008,5.2352007378462725e-05,1.0620024801556183e-05,1380,1817,-437
1854,resnet50_dim_1854,2.371540887055414e-05,1.0618807723717876e-05,1697,1818,-121
2018,resnet50_dim_2018,1.1673421383206284e-05,1.0468526902947494e-05,1835,1819,16
184,resnet50_dim_184,7.046216054900404e-06,1.0285680071389633e-05,1882,1820,62
1444,resnet50_dim_1444,8.907341976899785e-06,1.0267437670649904e-05,1863,1821,42
955,resnet50_dim_955,1.2058796784745322e-05,1.0134753165668723e-05,1828,1822,6
1106,resnet50_dim_1106,1.1702367503406903e-05,9.974592517802388e-06,1834,1823,11
1810,resnet50_dim_1810,1.193949654284704e-05,9.916485262597003e-06,1829,1824,5
1233,resnet50_dim_1233,1.2566330271424317e-05,9.764512930217018e-06,1823,1825,-2
144,resnet50_dim_144,1.2509383624328676e-05,9.584586107183744e-06,1824,1826,-2
549,resnet50_dim_549,4.789051432084075e-05,9.56999882156705e-06,1427,1827,-400
2052,brightness_variance,4.3900998365923336e-05,9.561191357031231e-06,1476,1828,-352
1406,resnet50_dim_1406,1.3266031648260067e-05,9.53721708282375e-06,1814,1829,-15
1053,resnet50_dim_1053,2.0292263106745e-05,9.484973745848727e-06,1743,1830,-87
81,resnet50_dim_81,2.9419148195338423e-06,9.350026151827782e-06,1929,1831,98
550,resnet50_dim_550,1.8964830144293713e-05,9.271869395335578e-06,1762,1832,-70
1286,resnet50_dim_1286,1.0988783123251778e-05,9.240733856842193e-06,1838,1833,5
1034,resnet50_dim_1034,4.558539300453661e-05,9.123875490654583e-06,1460,1834,-374
1016,resnet50_dim_1016,2.058289515993351e-05,9.092859752060025e-06,1738,1835,-97
747,resnet50_dim_747,4.910100187221921e-06,9.070354755852686e-06,1912,1836,76
448,resnet50_dim_448,1.3619347758169393e-05,8.981214321113995e-06,1813,1837,-24
1468,resnet50_dim_1468,1.0694351343954999e-05,8.950175607457707e-06,1843,1838,5
496,resnet50_dim_496,4.5051355532406336e-06,8.939514337024475e-06,1916,1839,77
999,resnet50_dim_999,1.061497649110329e-05,8.921999763941755e-06,1844,1840,4
749,resnet50_dim_749,5.244222598388634e-06,8.70605344378406e-06,1909,1841,68
99,resnet50_dim_99,8.028447780523867e-06,8.704188418472493e-06,1875,1842,33
491,resnet50_dim_491,8.627087173302548e-06,8.546793002496069e-06,1867,1843,24
236,resnet50_dim_236,9.644486372520557e-06,8.513773582404226e-06,1854,1844,10
738,resnet50_dim_738,2.3922069876485317e-05,8.428193757456138e-06,1695,1845,-150
441,resnet50_dim_441,1.803868329664989e-05,8.412616907165033e-06,1773,1846,-73
131,resnet50_dim_131,1.0301250584483112e-05,8.400158602032548e-06,1849,1847,2
766,resnet50_dim_766,2.294518406821051e-05,8.391225487090786e-06,1708,1848,-140
1976,resnet50_dim_1976,1.0577578630634013e-05,8.195927079629738e-06,1846,1849,-3
536,resnet50_dim_536,1.09011106867492e-05,7.918739776166287e-06,1840,1850,-10
1655,resnet50_dim_1655,1.9216505806460782e-05,7.790761157652095e-06,1758,1851,-93
925,resnet50_dim_925,5.793208931289325e-06,7.700829005555193e-06,1897,1852,45
617,resnet50_dim_617,4.8606866254847984e-06,7.655243122198421e-06,1913,1853,60
986,resnet50_dim_986,1.1780997512086568e-05,7.639326475595372e-06,1833,1854,-21
672,resnet50_dim_672,3.146960561502971e-05,7.5890164158393966e-06,1602,1855,-253
1661,resnet50_dim_1661,6.510213224370273e-06,7.554502484681725e-06,1888,1856,32
1159,resnet50_dim_1159,5.137200253975838e-06,7.415900477893514e-06,1911,1857,54
247,resnet50_dim_247,6.112016416853646e-06,7.406454183616688e-06,1894,1858,36
498,resnet50_dim_498,1.0430147720654497e-05,7.338280615752384e-06,1848,1859,-11
685,resnet50_dim_685,5.21770397951927e-06,7.221735769041866e-06,1910,1860,50
563,resnet50_dim_563,5.943220091288707e-06,7.06047132788526e-06,1895,1861,34
1901,resnet50_dim_1901,1.578569500722472e-05,7.018875169568058e-06,1793,1862,-69
1790,resnet50_dim_1790,1.6694644898793753e-05,6.928037057032379e-06,1783,1863,-80
1337,resnet50_dim_1337,0.00025466583228981725,6.587758407962543e-06,604,1864,-1260
354,resnet50_dim_354,5.535014372946352e-06,6.481331342255413e-06,1900,1865,35
232,resnet50_dim_232,3.827411824469891e-05,6.458623092682733e-06,1529,1866,-337
1382,resnet50_dim_1382,8.070558058365598e-06,6.388921467899659e-06,1872,1867,5
1937,resnet50_dim_1937,3.1768558676258156e-06,6.063849630870737e-06,1928,1868,60
1202,resnet50_dim_1202,1.093392497470011e-05,6.017405044325893e-06,1839,1869,-30
1691,resnet50_dim_1691,4.7289214965533656e-06,5.916651824882068e-06,1915,1870,45
791,resnet50_dim_791,3.950611690507288e-06,5.85434248746722e-06,1918,1871,47
1353,resnet50_dim_1353,2.234474742322153e-05,5.847595656002653e-06,1718,1872,-154
1390,resnet50_dim_1390,1.268166780784177e-05,5.734748515580067e-06,1820,1873,-53
1885,resnet50_dim_1885,1.98090964622973e-05,5.713900065624267e-06,1750,1874,-124
1649,resnet50_dim_1649,1.8368347081114982e-05,5.698647949760956e-06,1770,1875,-105
1942,resnet50_dim_1942,4.750804785937274e-06,5.635980861846071e-06,1914,1876,38
177,resnet50_dim_177,8.316423091790408e-06,5.6223950793891585e-06,1869,1877,-8
635,resnet50_dim_635,3.427245948349932e-05,5.583744471570033e-06,1574,1878,-304
170,resnet50_dim_170,8.535665859453484e-06,5.504534410552727e-06,1868,1879,-11
729,resnet50_dim_729,9.993297450066315e-06,5.491284191394256e-06,1851,1880,-29
1954,resnet50_dim_1954,2.049625886447293e-05,5.352360677075736e-06,1739,1881,-142
1712,resnet50_dim_1712,6.797250539621901e-06,5.328126300957195e-06,1886,1882,4
582,resnet50_dim_582,8.696574671725269e-05,5.127230719773318e-06,1119,1883,-764
6,resnet50_dim_6,9.094031662352207e-06,5.118243758668308e-06,1859,1884,-25
2068,num_aria_hidden,6.945431455091364e-06,4.964334653166128e-06,1884,1885,-1
335,resnet50_dim_335,1.0220421583039226e-05,4.842021079415943e-06,1850,1886,-36
1076,resnet50_dim_1076,5.418833568614558e-06,4.83110202877218e-06,1902,1887,15
595,resnet50_dim_595,2.587418900125213e-06,4.79866873020675e-06,1931,1888,43
1192,resnet50_dim_1192,1.2286769228423367e-05,4.7459913767948735e-06,1826,1889,-63
264,resnet50_dim_264,3.49296904881977e-06,4.7158491256402375e-06,1925,1890,35
1809,resnet50_dim_1809,5.378904032277765e-06,4.599758882028383e-06,1905,1891,14
787,resnet50_dim_787,7.858866202072771e-06,4.5111639361373825e-06,1876,1892,-16
1324,resnet50_dim_1324,0.00012675138228890356,4.430443562926737e-06,918,1893,-975
711,resnet50_dim_711,3.1930312800076416e-05,4.341059982408162e-06,1597,1894,-297
1979,resnet50_dim_1979,1.2753838752266261e-05,4.20173661940817e-06,1818,1895,-77
4,resnet50_dim_4,8.929512829878927e-06,3.976766806536724e-06,1861,1896,-35
783,resnet50_dim_783,5.255571307177163e-06,3.861579831246071e-06,1908,1897,11
109,resnet50_dim_109,3.640429363374652e-06,3.827304226872222e-06,1924,1898,26
1949,resnet50_dim_1949,3.006518335073127e-05,3.8004141077366037e-06,1621,1899,-278
823,resnet50_dim_823,2.6254608665194645e-05,3.7793828005704153e-06,1669,1900,-231
1512,resnet50_dim_1512,2.097327388596746e-06,3.4439631211331645e-06,1934,1901,33
1981,resnet50_dim_1981,2.358116290979914e-06,3.2357559303127737e-06,1933,1902,31
1804,resnet50_dim_1804,6.368466310771847e-06,3.2314312299864438e-06,1889,1903,-14
795,resnet50_dim_795,5.832663611373651e-06,3.072593047666045e-06,1896,1904,-8
539,resnet50_dim_539,1.445786517165208e-06,3.0698666363609137e-06,1935,1905,30
222,resnet50_dim_222,1.574400928668709e-05,3.057831741772774e-06,1794,1906,-112
682,resnet50_dim_682,9.370868377555036e-06,3.050107271920342e-06,1856,1907,-51
1155,resnet50_dim_1155,5.401236200592437e-06,3.005534797437415e-06,1904,1908,-4
1396,resnet50_dim_1396,6.311338870256851e-06,2.9401397084761567e-06,1891,1909,-18
1283,resnet50_dim_1283,3.6989483526629456e-05,2.923099914944466e-06,1539,1910,-371
835,resnet50_dim_835,3.8690245873123155e-06,2.876701933744371e-06,1920,1911,9
449,resnet50_dim_449,6.31005941532056e-06,2.7807226565952324e-06,1892,1912,-20
307,resnet50_dim_307,6.317088210119996e-06,2.7518377021333114e-06,1890,1913,-23
651,resnet50_dim_651,2.610912203245364e-05,2.7329701509703375e-06,1671,1914,-243
323,resnet50_dim_323,5.643722742223255e-06,2.6109331917252903e-06,1898,1915,-17
1309,resnet50_dim_1309,5.25622949695947e-05,2.5994687591040674e-06,1379,1916,-537
92,resnet50_dim_92,2.818676425474657e-06,2.480869823544981e-06,1930,1917,13
815,resnet50_dim_815,2.5208918088704037e-06,2.3919689865054907e-06,1932,1918,14
364,resnet50_dim_364,7.2475781987212254e-06,2.380143045744654e-06,1881,1919,-38
1384,resnet50_dim_1384,6.113153263812365e-06,2.355318958014834e-06,1893,1920,-27
1027,resnet50_dim_1027,1.969392596489539e-05,2.322016222122404e-06,1751,1921,-170
1709,resnet50_dim_1709,2.2013508865595953e-05,2.290800004481968e-06,1719,1922,-203
745,resnet50_dim_745,5.488845627088335e-06,2.2697145772284853e-06,1901,1923,-22
1454,resnet50_dim_1454,8.988071739923334e-06,2.236855771832248e-06,1860,1924,-64
1915,resnet50_dim_1915,8.036529886972217e-06,2.226683023421586e-06,1874,1925,-51
770,resnet50_dim_770,3.416836103378634e-06,2.206087419675449e-06,1926,1926,0
777,resnet50_dim_777,3.497741351302662e-05,2.1866717358753927e-06,1559,1927,-368
439,resnet50_dim_439,2.523534778339672e-05,2.103786078586097e-06,1681,1928,-247
1575,resnet50_dim_1575,6.728739643420792e-06,2.100912918595335e-06,1887,1929,-42
1632,resnet50_dim_1632,1.2365414019739213e-06,2.0794292463782455e-06,1936,1930,6
754,resnet50_dim_754,1.8415708008034384e-05,2.0532623307999966e-06,1769,1931,-162
1092,resnet50_dim_1092,2.338110484783509e-05,2.017413128968757e-06,1701,1932,-231
725,resnet50_dim_725,3.2228289882127217e-06,1.815265201971073e-06,1927,1933,-6
1303,resnet50_dim_1303,5.326603437834481e-06,1.5127644486389883e-06,1907,1934,-27
804,resnet50_dim_804,7.257245223708441e-06,1.3735640287269237e-06,1880,1935,-55
593,resnet50_dim_593,5.91526256784622e-05,7.132932570211848e-07,1322,1936,-614
1380,resnet50_dim_1380,3.4465283329019333e-19,1.106715416609895e-19,1937,1937,0
149,resnet50_dim_149,2.1364578739146666e-19,6.675214033449679e-20,1938,1938,0
1822,resnet50_dim_1822,1.5755242784893059e-19,6.5072934667133e-20,1939,1939,0
1197,resnet50_dim_1197,6.987161882921832e-20,4.0219204767434453e-20,1941,1940,1
1356,resnet50_dim_1356,1.190948388917823e-19,3.619951332476273e-20,1940,1941,-1
1769,resnet50_dim_1769,5.992811847569559e-20,2.115353334064029e-20,1942,1942,0
695,resnet50_dim_695,4.438198247084382e-20,1.8060748566126232e-20,1943,1943,0
1931,resnet50_dim_1931,1.0370779029326764e-20,1.500882941626041e-20,1945,1944,1
705,resnet50_dim_705,4.036663783319352e-21,1.239714449555965e-20,1952,1945,7
2075,has_nav_landmark,6.879455409171982e-21,1.2244827167325325e-20,1948,1946,2
397,resnet50_dim_397,4.412884001008444e-21,1.071422377140966e-20,1951,1947,4
472,resnet50_dim_472,3.2645165746336422e-21,1.0454169796375444e-20,1955,1948,7
261,resnet50_dim_261,6.085451597363383e-21,9.555126054114301e-21,1949,1949,0
2032,resnet50_dim_2032,5.216382894501578e-21,8.433178904680973e-21,1950,1950,0
927,resnet50_dim_927,7.376424401490812e-21,6.122413583662662e-21,1947,1951,-4
751,resnet50_dim_751,3.423245676001517e-21,5.438843135001297e-21,1954,1952,2
2066,num_aria_label,7.590332468119754e-21,4.784993140629556e-21,1946,1953,-7
1489,resnet50_dim_1489,2.095367460043633e-21,4.458068143443686e-21,1958,1954,4
1458,resnet50_dim_1458,2.1292272796356514e-21,3.328690880437952e-21,1956,1955,1
1214,resnet50_dim_1214,3.859661128520864e-21,3.046346564686519e-21,1953,1956,-3
1925,resnet50_dim_1925,1.092292698690666e-20,2.637690318204181e-21,1944,1957,-13
487,resnet50_dim_487,6.137764122870628e-22,1.8538133363153328e-21,1966,1958,8
1418,resnet50_dim_1418,1.4303534371570081e-21,1.6346249859293515e-21,1960,1959,1
700,resnet50_dim_700,8.047529608854309e-22,1.344850556605512e-21,1964,1960,4
493,resnet50_dim_493,1.2898978892197466e-21,9.80774991557611e-22,1962,1961,1
502,resnet50_dim_502,9.253225830305544e-22,9.659147644127986e-22,1963,1962,1
426,resnet50_dim_426,1.371591422203664e-21,8.32172720109488e-22,1961,1963,-2
265,resnet50_dim_265,2.0985922047666824e-21,6.798553918751622e-22,1957,1964,-7
1900,resnet50_dim_1900,7.554860276166211e-22,6.297021252614207e-22,1965,1965,0
126,resnet50_dim_126,3.568717493507966e-22,4.532369279167747e-22,1967,1966,1
1154,resnet50_dim_1154,1.1859894481437115e-22,1.393146294826152e-22,1969,1967,2
1424,resnet50_dim_1424,1.798870098007705e-21,9.84490048343814e-23,1959,1968,-9
136,resnet50_dim_136,2.60846017597771e-22,5.944090857924914e-23,1968,1969,-1
1667,resnet50_dim_1667,0.0,0.0,2025,2025,0
1673,resnet50_dim_1673,0.0,0.0,2025,2025,0
1685,resnet50_dim_1685,0.0,0.0,2025,2025,0
1670,resnet50_dim_1670,0.0,0.0,2025,2025,0
772,resnet50_dim_772,0.0,0.0,2025,2025,0
1697,resnet50_dim_1697,0.0,0.0,2025,2025,0
288,resnet50_dim_288,0.0,0.0,2025,2025,0
302,resnet50_dim_302,0.0,0.0,2025,2025,0
308,resnet50_dim_308,0.0,0.0,2025,2025,0
1703,resnet50_dim_1703,0.0,0.0,2025,2025,0
991,resnet50_dim_991,0.0,0.0,2025,2025,0
1774,resnet50_dim_1774,0.0,0.0,2025,2025,0
1776,resnet50_dim_1776,0.0,0.0,2025,2025,0
979,resnet50_dim_979,0.0,0.0,2025,2025,0
1739,resnet50_dim_1739,0.0,0.0,2025,2025,0
830,resnet50_dim_830,0.0,0.0,2025,2025,0
752,resnet50_dim_752,0.0,0.0,2025,2025,0
1621,resnet50_dim_1621,0.0,0.0,2025,2025,0
1600,resnet50_dim_1600,0.0,0.0,2025,2025,0
1557,resnet50_dim_1557,0.0,0.0,2025,2025,0
1584,resnet50_dim_1584,0.0,0.0,2025,2025,0
403,resnet50_dim_403,0.0,0.0,2025,2025,0
433,resnet50_dim_433,0.0,0.0,2025,2025,0
324,resnet50_dim_324,0.0,0.0,2025,2025,0
346,resnet50_dim_346,0.0,0.0,2025,2025,0
1028,resnet50_dim_1028,0.0,0.0,2025,2025,0
1037,resnet50_dim_1037,0.0,0.0,2025,2025,0
1864,resnet50_dim_1864,0.0,0.0,2025,2025,0
1036,resnet50_dim_1036,0.0,0.0,2025,2025,0
194,resnet50_dim_194,0.0,0.0,2025,2025,0
1837,resnet50_dim_1837,0.0,0.0,2025,2025,0
1842,resnet50_dim_1842,0.0,0.0,2025,2025,0
313,resnet50_dim_313,0.0,0.0,2025,2025,0
306,resnet50_dim_306,0.0,0.0,2025,2025,0
163,resnet50_dim_163,0.0,0.0,2025,2025,0
773,resnet50_dim_773,0.0,0.0,2025,2025,0
1786,resnet50_dim_1786,0.0,0.0,2025,2025,0
228,resnet50_dim_228,0.0,0.0,2025,2025,0
776,resnet50_dim_776,0.0,0.0,2025,2025,0
782,resnet50_dim_782,0.0,0.0,2025,2025,0
2069,num_aria_live,0.0,0.0,2025,2025,0
1023,resnet50_dim_1023,0.0,0.0,2025,2025,0
1006,resnet50_dim_1006,0.0,0.0,2025,2025,0
2059,num_paragraphs,0.0,0.0,2025,2025,0
2058,num_forms,0.0,0.0,2025,2025,0
2056,num_images,0.0,0.0,2025,2025,0
2073,empty_heading_count,0.0,0.0,2025,2025,0
52,resnet50_dim_52,0.0,0.0,2025,2025,0
2074,has_main_landmark,0.0,0.0,2025,2025,0
2064,num_aria_attributes,0.0,0.0,2025,2025,0
34,resnet50_dim_34,0.0,0.0,2025,2025,0
497,resnet50_dim_497,0.0,0.0,2025,2025,0
1178,resnet50_dim_1178,0.0,0.0,2025,2025,0
1181,resnet50_dim_1181,0.0,0.0,2025,2025,0
1183,resnet50_dim_1183,0.0,0.0,2025,2025,0
1911,resnet50_dim_1911,0.0,0.0,2025,2025,0
715,resnet50_dim_715,0.0,0.0,2025,2025,0
717,resnet50_dim_717,0.0,0.0,2025,2025,0
719,resnet50_dim_719,0.0,0.0,2025,2025,0
141,resnet50_dim_141,0.0,0.0,2025,2025,0
423,resnet50_dim_423,0.0,0.0,2025,2025,0
1094,resnet50_dim_1094,0.0,0.0,2025,2025,0
1138,resnet50_dim_1138,0.0,0.0,2025,2025,0
125,resnet50_dim_125,0.0,0.0,2025,2025,0
124,resnet50_dim_124,0.0,0.0,2025,2025,0
1927,resnet50_dim_1927,0.0,0.0,2025,2025,0
1861,resnet50_dim_1861,0.0,0.0,2025,2025,0
1139,resnet50_dim_1139,0.0,0.0,2025,2025,0
135,resnet50_dim_135,0.0,0.0,2025,2025,0
1115,resnet50_dim_1115,0.0,0.0,2025,2025,0
933,resnet50_dim_933,0.0,0.0,2025,2025,0
1607,resnet50_dim_1607,0.0,0.0,2025,2025,0
1642,resnet50_dim_1642,0.0,0.0,2025,2025,0
1650,resnet50_dim_1650,0.0,0.0,2025,2025,0
186,resnet50_dim_186,0.0,0.0,2025,2025,0
353,resnet50_dim_353,0.0,0.0,2025,2025,0
367,resnet50_dim_367,0.0,0.0,2025,2025,0
800,resnet50_dim_800,0.0,0.0,2025,2025,0
374,resnet50_dim_374,0.0,0.0,2025,2025,0
902,resnet50_dim_902,0.0,0.0,2025,2025,0
1475,resnet50_dim_1475,0.0,0.0,2025,2025,0
696,resnet50_dim_696,0.0,0.0,2025,2025,0
844,resnet50_dim_844,0.0,0.0,2025,2025,0
1411,resnet50_dim_1411,0.0,0.0,2025,2025,0
1452,resnet50_dim_1452,0.0,0.0,2025,2025,0
1152,resnet50_dim_1152,0.0,0.0,2025,2025,0
680,resnet50_dim_680,0.0,0.0,2025,2025,0
855,resnet50_dim_855,0.0,0.0,2025,2025,0
857,resnet50_dim_857,0.0,0.0,2025,2025,0
514,resnet50_dim_514,0.0,0.0,2025,2025,0
1485,resnet50_dim_1485,0.0,0.0,2025,2025,0
899,resnet50_dim_899,0.0,0.0,2025,2025,0
1471,resnet50_dim_1471,0.0,0.0,2025,2025,0
1241,resnet50_dim_1241,0.0,0.0,2025,2025,0
1191,resnet50_dim_1191,0.0,0.0,2025,2025,0
1220,resnet50_dim_1220,0.0,0.0,2025,2025,0
1193,resnet50_dim_1193,0.0,0.0,2025,2025,0
561,resnet50_dim_561,0.0,0.0,2025,2025,0
545,resnet50_dim_545,0.0,0.0,2025,2025,0
1994,resnet50_dim_1994,0.0,0.0,2025,2025,0
107,resnet50_dim_107,0.0,0.0,2025,2025,0
65,resnet50_dim_65,0.0,0.0,2025,2025,0
1375,resnet50_dim_1375,0.0,0.0,2025,2025,0
606,resnet50_dim_606,0.0,0.0,2025,2025,0
1258,resnet50_dim_1258,0.0,0.0,2025,2025,0
1273,resnet50_dim_1273,0.0,0.0,2025,2025,0
605,resnet50_dim_605,0.0,0.0,2025,2025,0
611,resnet50_dim_611,0.0,0.0,2025,2025,0
2055,num_links,0.0,0.0,2025,2025,0
2063,num_non_ad_iframes,0.0,0.0,2025,2025,0
2072,heading_level_skips,0.0,0.0,2025,2025,0
2033,resnet50_dim_2033,0.0,0.0,2025,2025,0
