num_links,num_images,num_scripts,num_iframes,num_buttons,num_forms,num_paragraphs,num_headings,text_length,word_count,dom_depth,num_advertisement_iframes,advertisement_iframes,num_non_ad_iframes,id,website,page_type
419,187,52,25,12,1,65,45,36431,5570,23,18,"[{'tag': 'iframe', 'src': 'https://ads.independent.com.mt/www/delivery/afr.php?resize=1&zoneid=32&target=_blank&cb=297', 'aria_label': None, 'class': ['tmiads'], 'id': 'a735fbc0', 'text': ''}, {'tag': 'iframe', 'src': 'https://ads.independent.com.mt/www/delivery/afr.php?zoneid=103&cb=175', 'aria_label': None, 'class': ['tmiads'], 'id': 'a0d81251', 'text': ''}, {'tag': 'iframe', 'src': 'https://ads.independent.com.mt/www/delivery/afr.php?resize=1&zoneid=9&target=_blank&cb=196', 'aria_label': None, 'class': ['tmiads'], 'id': 'a94be7f3', 'text': ''}, {'tag': 'iframe', 'src': 'https://ads.independent.com.mt/www/delivery/afr.php?resize=1&zoneid=10&target=_blank&cb=64', 'aria_label': None, 'class': ['tmiads'], 'id': 'a7d8fb45', 'text': ''}, {'tag': 'iframe', 'src': 'https://ads.independent.com.mt/www/delivery/afr.php?resize=1&zoneid=146&target=_blank&cb=218', 'aria_label': None, 'class': ['tmiads'], 'id': 'a94be7f3', 'text': ''}, {'tag': 'iframe', 'src': 'https://ads.independent.com.mt/www/delivery/afr.php?zoneid=147&cb=8', 'aria_label': None, 'class': ['tmiads'], 'id': 'a65e2a3a', 'text': ''}, {'tag': 'iframe', 'src': 'https://ads.independent.com.mt/www/delivery/afr.php?resize=1&zoneid=146&target=_blank&cb=218', 'aria_label': None, 'class': ['tmiads'], 'id': 'a94be7f3', 'text': ''}, {'tag': 'iframe', 'src': 'https://ads.independent.com.mt/www/delivery/afr.php?resize=1&zoneid=5&target=_blank&cb=95', 'aria_label': None, 'class': ['tmiads'], 'id': 'a6868fa4', 'text': ''}, {'tag': 'iframe', 'src': 'https://ads.independent.com.mt/www/delivery/afr.php?zoneid=17&cb=158', 'aria_label': None, 'class': ['tmiads'], 'id': 'ac72d028', 'text': ''}, {'tag': 'iframe', 'src': 'https://ads.independent.com.mt/www/delivery/afr.php?zoneid=12&cb=238', 'aria_label': None, 'class': ['tmiads'], 'id': 'af2737e4', 'text': ''}, {'tag': 'iframe', 'src': 'https://ads.independent.com.mt/www/delivery/afr.php?resize=1&zoneid=13&target=_blank&cb=85', 'aria_label': None, 'class': ['tmiads'], 'id': 'a86ac61d', 'text': ''}, {'tag': 'iframe', 'src': 'https://ads.independent.com.mt/www/delivery/afr.php?zoneid=147&cb=244', 'aria_label': None, 'class': ['tmiads'], 'id': 'a65e2a3a', 'text': ''}, {'tag': 'iframe', 'src': 'https://ads.independent.com.mt/www/delivery/afr.php?resize=1&zoneid=6&target=_blank&cb=227', 'aria_label': None, 'class': ['tmiads'], 'id': 'a486284e', 'text': ''}, {'tag': 'iframe', 'src': 'https://ads.independent.com.mt/www/delivery/afr.php?resize=1&zoneid=14&target=_blank&cb=159', 'aria_label': None, 'class': ['tmiads'], 'id': 'a8e28c82', 'text': ''}, {'tag': 'iframe', 'src': 'https://ads.independent.com.mt/www/delivery/afr.php?resize=1&zoneid=15&target=_blank&cb=254', 'aria_label': None, 'class': ['tmiads'], 'id': 'a5aefaca', 'text': ''}, {'tag': 'iframe', 'src': 'https://ads.independent.com.mt/www/delivery/afr.php?zoneid=147&cb=250', 'aria_label': None, 'class': ['tmiads'], 'id': 'a65e2a3a', 'text': ''}, {'tag': 'iframe', 'src': 'https://ads.independent.com.mt/www/delivery/afr.php?resize=1&zoneid=16&target=_blank&cb=201', 'aria_label': None, 'class': ['tmiads'], 'id': 'a4798ae8', 'text': ''}, {'tag': 'iframe', 'src': 'https://ads.independent.com.mt/www/delivery/afr.php?resize=1&zoneid=7&target=_blank&cb=186', 'aria_label': None, 'class': ['tmiads'], 'id': 'a3c00537', 'text': ''}]",7,001,independent,home_page
419,187,52,25,12,1,65,45,36431,5570,23,18,"[{'tag': 'iframe', 'src': 'https://ads.independent.com.mt/www/delivery/afr.php?resize=1&zoneid=32&target=_blank&cb=297', 'aria_label': None, 'class': ['tmiads'], 'id': 'a735fbc0', 'text': ''}, {'tag': 'iframe', 'src': 'https://ads.independent.com.mt/www/delivery/afr.php?zoneid=103&cb=175', 'aria_label': None, 'class': ['tmiads'], 'id': 'a0d81251', 'text': ''}, {'tag': 'iframe', 'src': 'https://ads.independent.com.mt/www/delivery/afr.php?resize=1&zoneid=9&target=_blank&cb=196', 'aria_label': None, 'class': ['tmiads'], 'id': 'a94be7f3', 'text': ''}, {'tag': 'iframe', 'src': 'https://ads.independent.com.mt/www/delivery/afr.php?resize=1&zoneid=10&target=_blank&cb=64', 'aria_label': None, 'class': ['tmiads'], 'id': 'a7d8fb45', 'text': ''}, {'tag': 'iframe', 'src': 'https://ads.independent.com.mt/www/delivery/afr.php?resize=1&zoneid=146&target=_blank&cb=218', 'aria_label': None, 'class': ['tmiads'], 'id': 'a94be7f3', 'text': ''}, {'tag': 'iframe', 'src': 'https://ads.independent.com.mt/www/delivery/afr.php?zoneid=147&cb=8', 'aria_label': None, 'class': ['tmiads'], 'id': 'a65e2a3a', 'text': ''}, {'tag': 'iframe', 'src': 'https://ads.independent.com.mt/www/delivery/afr.php?resize=1&zoneid=146&target=_blank&cb=218', 'aria_label': None, 'class': ['tmiads'], 'id': 'a94be7f3', 'text': ''}, {'tag': 'iframe', 'src': 'https://ads.independent.com.mt/www/delivery/afr.php?resize=1&zoneid=5&target=_blank&cb=95', 'aria_label': None, 'class': ['tmiads'], 'id': 'a6868fa4', 'text': ''}, {'tag': 'iframe', 'src': 'https://ads.independent.com.mt/www/delivery/afr.php?zoneid=17&cb=158', 'aria_label': None, 'class': ['tmiads'], 'id': 'ac72d028', 'text': ''}, {'tag': 'iframe', 'src': 'https://ads.independent.com.mt/www/delivery/afr.php?zoneid=12&cb=238', 'aria_label': None, 'class': ['tmiads'], 'id': 'af2737e4', 'text': ''}, {'tag': 'iframe', 'src': 'https://ads.independent.com.mt/www/delivery/afr.php?resize=1&zoneid=13&target=_blank&cb=85', 'aria_label': None, 'class': ['tmiads'], 'id': 'a86ac61d', 'text': ''}, {'tag': 'iframe', 'src': 'https://ads.independent.com.mt/www/delivery/afr.php?zoneid=147&cb=244', 'aria_label': None, 'class': ['tmiads'], 'id': 'a65e2a3a', 'text': ''}, {'tag': 'iframe', 'src': 'https://ads.independent.com.mt/www/delivery/afr.php?resize=1&zoneid=6&target=_blank&cb=227', 'aria_label': None, 'class': ['tmiads'], 'id': 'a486284e', 'text': ''}, {'tag': 'iframe', 'src': 'https://ads.independent.com.mt/www/delivery/afr.php?resize=1&zoneid=14&target=_blank&cb=159', 'aria_label': None, 'class': ['tmiads'], 'id': 'a8e28c82', 'text': ''}, {'tag': 'iframe', 'src': 'https://ads.independent.com.mt/www/delivery/afr.php?resize=1&zoneid=15&target=_blank&cb=254', 'aria_label': None, 'class': ['tmiads'], 'id': 'a5aefaca', 'text': ''}, {'tag': 'iframe', 'src': 'https://ads.independent.com.mt/www/delivery/afr.php?zoneid=147&cb=250', 'aria_label': None, 'class': ['tmiads'], 'id': 'a65e2a3a', 'text': ''}, {'tag': 'iframe', 'src': 'https://ads.independent.com.mt/www/delivery/afr.php?resize=1&zoneid=16&target=_blank&cb=201', 'aria_label': None, 'class': ['tmiads'], 'id': 'a4798ae8', 'text': ''}, {'tag': 'iframe', 'src': 'https://ads.independent.com.mt/www/delivery/afr.php?resize=1&zoneid=7&target=_blank&cb=186', 'aria_label': None, 'class': ['tmiads'], 'id': 'a3c00537', 'text': ''}]",7,002,independent,home_page
419,187,52,25,12,1,65,45,36431,5570,23,18,"[{'tag': 'iframe', 'src': 'https://ads.independent.com.mt/www/delivery/afr.php?resize=1&zoneid=32&target=_blank&cb=297', 'aria_label': None, 'class': ['tmiads'], 'id': 'a735fbc0', 'text': ''}, {'tag': 'iframe', 'src': 'https://ads.independent.com.mt/www/delivery/afr.php?zoneid=103&cb=175', 'aria_label': None, 'class': ['tmiads'], 'id': 'a0d81251', 'text': ''}, {'tag': 'iframe', 'src': 'https://ads.independent.com.mt/www/delivery/afr.php?resize=1&zoneid=9&target=_blank&cb=196', 'aria_label': None, 'class': ['tmiads'], 'id': 'a94be7f3', 'text': ''}, {'tag': 'iframe', 'src': 'https://ads.independent.com.mt/www/delivery/afr.php?resize=1&zoneid=10&target=_blank&cb=64', 'aria_label': None, 'class': ['tmiads'], 'id': 'a7d8fb45', 'text': ''}, {'tag': 'iframe', 'src': 'https://ads.independent.com.mt/www/delivery/afr.php?resize=1&zoneid=146&target=_blank&cb=218', 'aria_label': None, 'class': ['tmiads'], 'id': 'a94be7f3', 'text': ''}, {'tag': 'iframe', 'src': 'https://ads.independent.com.mt/www/delivery/afr.php?zoneid=147&cb=8', 'aria_label': None, 'class': ['tmiads'], 'id': 'a65e2a3a', 'text': ''}, {'tag': 'iframe', 'src': 'https://ads.independent.com.mt/www/delivery/afr.php?resize=1&zoneid=146&target=_blank&cb=218', 'aria_label': None, 'class': ['tmiads'], 'id': 'a94be7f3', 'text': ''}, {'tag': 'iframe', 'src': 'https://ads.independent.com.mt/www/delivery/afr.php?resize=1&zoneid=5&target=_blank&cb=95', 'aria_label': None, 'class': ['tmiads'], 'id': 'a6868fa4', 'text': ''}, {'tag': 'iframe', 'src': 'https://ads.independent.com.mt/www/delivery/afr.php?zoneid=17&cb=158', 'aria_label': None, 'class': ['tmiads'], 'id': 'ac72d028', 'text': ''}, {'tag': 'iframe', 'src': 'https://ads.independent.com.mt/www/delivery/afr.php?zoneid=12&cb=238', 'aria_label': None, 'class': ['tmiads'], 'id': 'af2737e4', 'text': ''}, {'tag': 'iframe', 'src': 'https://ads.independent.com.mt/www/delivery/afr.php?resize=1&zoneid=13&target=_blank&cb=85', 'aria_label': None, 'class': ['tmiads'], 'id': 'a86ac61d', 'text': ''}, {'tag': 'iframe', 'src': 'https://ads.independent.com.mt/www/delivery/afr.php?zoneid=147&cb=244', 'aria_label': None, 'class': ['tmiads'], 'id': 'a65e2a3a', 'text': ''}, {'tag': 'iframe', 'src': 'https://ads.independent.com.mt/www/delivery/afr.php?resize=1&zoneid=6&target=_blank&cb=227', 'aria_label': None, 'class': ['tmiads'], 'id': 'a486284e', 'text': ''}, {'tag': 'iframe', 'src': 'https://ads.independent.com.mt/www/delivery/afr.php?resize=1&zoneid=14&target=_blank&cb=159', 'aria_label': None, 'class': ['tmiads'], 'id': 'a8e28c82', 'text': ''}, {'tag': 'iframe', 'src': 'https://ads.independent.com.mt/www/delivery/afr.php?resize=1&zoneid=15&target=_blank&cb=254', 'aria_label': None, 'class': ['tmiads'], 'id': 'a5aefaca', 'text': ''}, {'tag': 'iframe', 'src': 'https://ads.independent.com.mt/www/delivery/afr.php?zoneid=147&cb=250', 'aria_label': None, 'class': ['tmiads'], 'id': 'a65e2a3a', 'text': ''}, {'tag': 'iframe', 'src': 'https://ads.independent.com.mt/www/delivery/afr.php?resize=1&zoneid=16&target=_blank&cb=201', 'aria_label': None, 'class': ['tmiads'], 'id': 'a4798ae8', 'text': ''}, {'tag': 'iframe', 'src': 'https://ads.independent.com.mt/www/delivery/afr.php?resize=1&zoneid=7&target=_blank&cb=186', 'aria_label': None, 'class': ['tmiads'], 'id': 'a3c00537', 'text': ''}]",7,003,independent,home_page
419,187,52,25,12,1,65,45,36431,5570,23,18,"[{'tag': 'iframe', 'src': 'https://ads.independent.com.mt/www/delivery/afr.php?resize=1&zoneid=32&target=_blank&cb=297', 'aria_label': None, 'class': ['tmiads'], 'id': 'a735fbc0', 'text': ''}, {'tag': 'iframe', 'src': 'https://ads.independent.com.mt/www/delivery/afr.php?zoneid=103&cb=175', 'aria_label': None, 'class': ['tmiads'], 'id': 'a0d81251', 'text': ''}, {'tag': 'iframe', 'src': 'https://ads.independent.com.mt/www/delivery/afr.php?resize=1&zoneid=9&target=_blank&cb=196', 'aria_label': None, 'class': ['tmiads'], 'id': 'a94be7f3', 'text': ''}, {'tag': 'iframe', 'src': 'https://ads.independent.com.mt/www/delivery/afr.php?resize=1&zoneid=10&target=_blank&cb=64', 'aria_label': None, 'class': ['tmiads'], 'id': 'a7d8fb45', 'text': ''}, {'tag': 'iframe', 'src': 'https://ads.independent.com.mt/www/delivery/afr.php?resize=1&zoneid=146&target=_blank&cb=218', 'aria_label': None, 'class': ['tmiads'], 'id': 'a94be7f3', 'text': ''}, {'tag': 'iframe', 'src': 'https://ads.independent.com.mt/www/delivery/afr.php?zoneid=147&cb=8', 'aria_label': None, 'class': ['tmiads'], 'id': 'a65e2a3a', 'text': ''}, {'tag': 'iframe', 'src': 'https://ads.independent.com.mt/www/delivery/afr.php?resize=1&zoneid=146&target=_blank&cb=218', 'aria_label': None, 'class': ['tmiads'], 'id': 'a94be7f3', 'text': ''}, {'tag': 'iframe', 'src': 'https://ads.independent.com.mt/www/delivery/afr.php?resize=1&zoneid=5&target=_blank&cb=95', 'aria_label': None, 'class': ['tmiads'], 'id': 'a6868fa4', 'text': ''}, {'tag': 'iframe', 'src': 'https://ads.independent.com.mt/www/delivery/afr.php?zoneid=17&cb=158', 'aria_label': None, 'class': ['tmiads'], 'id': 'ac72d028', 'text': ''}, {'tag': 'iframe', 'src': 'https://ads.independent.com.mt/www/delivery/afr.php?zoneid=12&cb=238', 'aria_label': None, 'class': ['tmiads'], 'id': 'af2737e4', 'text': ''}, {'tag': 'iframe', 'src': 'https://ads.independent.com.mt/www/delivery/afr.php?resize=1&zoneid=13&target=_blank&cb=85', 'aria_label': None, 'class': ['tmiads'], 'id': 'a86ac61d', 'text': ''}, {'tag': 'iframe', 'src': 'https://ads.independent.com.mt/www/delivery/afr.php?zoneid=147&cb=244', 'aria_label': None, 'class': ['tmiads'], 'id': 'a65e2a3a', 'text': ''}, {'tag': 'iframe', 'src': 'https://ads.independent.com.mt/www/delivery/afr.php?resize=1&zoneid=6&target=_blank&cb=227', 'aria_label': None, 'class': ['tmiads'], 'id': 'a486284e', 'text': ''}, {'tag': 'iframe', 'src': 'https://ads.independent.com.mt/www/delivery/afr.php?resize=1&zoneid=14&target=_blank&cb=159', 'aria_label': None, 'class': ['tmiads'], 'id': 'a8e28c82', 'text': ''}, {'tag': 'iframe', 'src': 'https://ads.independent.com.mt/www/delivery/afr.php?resize=1&zoneid=15&target=_blank&cb=254', 'aria_label': None, 'class': ['tmiads'], 'id': 'a5aefaca', 'text': ''}, {'tag': 'iframe', 'src': 'https://ads.independent.com.mt/www/delivery/afr.php?zoneid=147&cb=250', 'aria_label': None, 'class': ['tmiads'], 'id': 'a65e2a3a', 'text': ''}, {'tag': 'iframe', 'src': 'https://ads.independent.com.mt/www/delivery/afr.php?resize=1&zoneid=16&target=_blank&cb=201', 'aria_label': None, 'class': ['tmiads'], 'id': 'a4798ae8', 'text': ''}, {'tag': 'iframe', 'src': 'https://ads.independent.com.mt/www/delivery/afr.php?resize=1&zoneid=7&target=_blank&cb=186', 'aria_label': None, 'class': ['tmiads'], 'id': 'a3c00537', 'text': ''}]",7,004,independent,home_page
419,187,52,25,12,1,65,45,36431,5570,23,18,"[{'tag': 'iframe', 'src': 'https://ads.independent.com.mt/www/delivery/afr.php?resize=1&zoneid=32&target=_blank&cb=297', 'aria_label': None, 'class': ['tmiads'], 'id': 'a735fbc0', 'text': ''}, {'tag': 'iframe', 'src': 'https://ads.independent.com.mt/www/delivery/afr.php?zoneid=103&cb=175', 'aria_label': None, 'class': ['tmiads'], 'id': 'a0d81251', 'text': ''}, {'tag': 'iframe', 'src': 'https://ads.independent.com.mt/www/delivery/afr.php?resize=1&zoneid=9&target=_blank&cb=196', 'aria_label': None, 'class': ['tmiads'], 'id': 'a94be7f3', 'text': ''}, {'tag': 'iframe', 'src': 'https://ads.independent.com.mt/www/delivery/afr.php?resize=1&zoneid=10&target=_blank&cb=64', 'aria_label': None, 'class': ['tmiads'], 'id': 'a7d8fb45', 'text': ''}, {'tag': 'iframe', 'src': 'https://ads.independent.com.mt/www/delivery/afr.php?resize=1&zoneid=146&target=_blank&cb=218', 'aria_label': None, 'class': ['tmiads'], 'id': 'a94be7f3', 'text': ''}, {'tag': 'iframe', 'src': 'https://ads.independent.com.mt/www/delivery/afr.php?zoneid=147&cb=8', 'aria_label': None, 'class': ['tmiads'], 'id': 'a65e2a3a', 'text': ''}, {'tag': 'iframe', 'src': 'https://ads.independent.com.mt/www/delivery/afr.php?resize=1&zoneid=146&target=_blank&cb=218', 'aria_label': None, 'class': ['tmiads'], 'id': 'a94be7f3', 'text': ''}, {'tag': 'iframe', 'src': 'https://ads.independent.com.mt/www/delivery/afr.php?resize=1&zoneid=5&target=_blank&cb=95', 'aria_label': None, 'class': ['tmiads'], 'id': 'a6868fa4', 'text': ''}, {'tag': 'iframe', 'src': 'https://ads.independent.com.mt/www/delivery/afr.php?zoneid=17&cb=158', 'aria_label': None, 'class': ['tmiads'], 'id': 'ac72d028', 'text': ''}, {'tag': 'iframe', 'src': 'https://ads.independent.com.mt/www/delivery/afr.php?zoneid=12&cb=238', 'aria_label': None, 'class': ['tmiads'], 'id': 'af2737e4', 'text': ''}, {'tag': 'iframe', 'src': 'https://ads.independent.com.mt/www/delivery/afr.php?resize=1&zoneid=13&target=_blank&cb=85', 'aria_label': None, 'class': ['tmiads'], 'id': 'a86ac61d', 'text': ''}, {'tag': 'iframe', 'src': 'https://ads.independent.com.mt/www/delivery/afr.php?zoneid=147&cb=244', 'aria_label': None, 'class': ['tmiads'], 'id': 'a65e2a3a', 'text': ''}, {'tag': 'iframe', 'src': 'https://ads.independent.com.mt/www/delivery/afr.php?resize=1&zoneid=6&target=_blank&cb=227', 'aria_label': None, 'class': ['tmiads'], 'id': 'a486284e', 'text': ''}, {'tag': 'iframe', 'src': 'https://ads.independent.com.mt/www/delivery/afr.php?resize=1&zoneid=14&target=_blank&cb=159', 'aria_label': None, 'class': ['tmiads'], 'id': 'a8e28c82', 'text': ''}, {'tag': 'iframe', 'src': 'https://ads.independent.com.mt/www/delivery/afr.php?resize=1&zoneid=15&target=_blank&cb=254', 'aria_label': None, 'class': ['tmiads'], 'id': 'a5aefaca', 'text': ''}, {'tag': 'iframe', 'src': 'https://ads.independent.com.mt/www/delivery/afr.php?zoneid=147&cb=250', 'aria_label': None, 'class': ['tmiads'], 'id': 'a65e2a3a', 'text': ''}, {'tag': 'iframe', 'src': 'https://ads.independent.com.mt/www/delivery/afr.php?resize=1&zoneid=16&target=_blank&cb=201', 'aria_label': None, 'class': ['tmiads'], 'id': 'a4798ae8', 'text': ''}, {'tag': 'iframe', 'src': 'https://ads.independent.com.mt/www/delivery/afr.php?resize=1&zoneid=7&target=_blank&cb=186', 'aria_label': None, 'class': ['tmiads'], 'id': 'a3c00537', 'text': ''}]",7,005,independent,home_page
419,187,52,25,12,1,65,45,36431,5570,23,18,"[{'tag': 'iframe', 'src': 'https://ads.independent.com.mt/www/delivery/afr.php?resize=1&zoneid=32&target=_blank&cb=297', 'aria_label': None, 'class': ['tmiads'], 'id': 'a735fbc0', 'text': ''}, {'tag': 'iframe', 'src': 'https://ads.independent.com.mt/www/delivery/afr.php?zoneid=103&cb=175', 'aria_label': None, 'class': ['tmiads'], 'id': 'a0d81251', 'text': ''}, {'tag': 'iframe', 'src': 'https://ads.independent.com.mt/www/delivery/afr.php?resize=1&zoneid=9&target=_blank&cb=196', 'aria_label': None, 'class': ['tmiads'], 'id': 'a94be7f3', 'text': ''}, {'tag': 'iframe', 'src': 'https://ads.independent.com.mt/www/delivery/afr.php?resize=1&zoneid=10&target=_blank&cb=64', 'aria_label': None, 'class': ['tmiads'], 'id': 'a7d8fb45', 'text': ''}, {'tag': 'iframe', 'src': 'https://ads.independent.com.mt/www/delivery/afr.php?resize=1&zoneid=146&target=_blank&cb=218', 'aria_label': None, 'class': ['tmiads'], 'id': 'a94be7f3', 'text': ''}, {'tag': 'iframe', 'src': 'https://ads.independent.com.mt/www/delivery/afr.php?zoneid=147&cb=8', 'aria_label': None, 'class': ['tmiads'], 'id': 'a65e2a3a', 'text': ''}, {'tag': 'iframe', 'src': 'https://ads.independent.com.mt/www/delivery/afr.php?resize=1&zoneid=146&target=_blank&cb=218', 'aria_label': None, 'class': ['tmiads'], 'id': 'a94be7f3', 'text': ''}, {'tag': 'iframe', 'src': 'https://ads.independent.com.mt/www/delivery/afr.php?resize=1&zoneid=5&target=_blank&cb=95', 'aria_label': None, 'class': ['tmiads'], 'id': 'a6868fa4', 'text': ''}, {'tag': 'iframe', 'src': 'https://ads.independent.com.mt/www/delivery/afr.php?zoneid=17&cb=158', 'aria_label': None, 'class': ['tmiads'], 'id': 'ac72d028', 'text': ''}, {'tag': 'iframe', 'src': 'https://ads.independent.com.mt/www/delivery/afr.php?zoneid=12&cb=238', 'aria_label': None, 'class': ['tmiads'], 'id': 'af2737e4', 'text': ''}, {'tag': 'iframe', 'src': 'https://ads.independent.com.mt/www/delivery/afr.php?resize=1&zoneid=13&target=_blank&cb=85', 'aria_label': None, 'class': ['tmiads'], 'id': 'a86ac61d', 'text': ''}, {'tag': 'iframe', 'src': 'https://ads.independent.com.mt/www/delivery/afr.php?zoneid=147&cb=244', 'aria_label': None, 'class': ['tmiads'], 'id': 'a65e2a3a', 'text': ''}, {'tag': 'iframe', 'src': 'https://ads.independent.com.mt/www/delivery/afr.php?resize=1&zoneid=6&target=_blank&cb=227', 'aria_label': None, 'class': ['tmiads'], 'id': 'a486284e', 'text': ''}, {'tag': 'iframe', 'src': 'https://ads.independent.com.mt/www/delivery/afr.php?resize=1&zoneid=14&target=_blank&cb=159', 'aria_label': None, 'class': ['tmiads'], 'id': 'a8e28c82', 'text': ''}, {'tag': 'iframe', 'src': 'https://ads.independent.com.mt/www/delivery/afr.php?resize=1&zoneid=15&target=_blank&cb=254', 'aria_label': None, 'class': ['tmiads'], 'id': 'a5aefaca', 'text': ''}, {'tag': 'iframe', 'src': 'https://ads.independent.com.mt/www/delivery/afr.php?zoneid=147&cb=250', 'aria_label': None, 'class': ['tmiads'], 'id': 'a65e2a3a', 'text': ''}, {'tag': 'iframe', 'src': 'https://ads.independent.com.mt/www/delivery/afr.php?resize=1&zoneid=16&target=_blank&cb=201', 'aria_label': None, 'class': ['tmiads'], 'id': 'a4798ae8', 'text': ''}, {'tag': 'iframe', 'src': 'https://ads.independent.com.mt/www/delivery/afr.php?resize=1&zoneid=7&target=_blank&cb=186', 'aria_label': None, 'class': ['tmiads'], 'id': 'a3c00537', 'text': ''}]",7,006,independent,home_page
419,187,52,25,12,1,65,45,36431,5570,23,18,"[{'tag': 'iframe', 'src': 'https://ads.independent.com.mt/www/delivery/afr.php?resize=1&zoneid=32&target=_blank&cb=297', 'aria_label': None, 'class': ['tmiads'], 'id': 'a735fbc0', 'text': ''}, {'tag': 'iframe', 'src': 'https://ads.independent.com.mt/www/delivery/afr.php?zoneid=103&cb=175', 'aria_label': None, 'class': ['tmiads'], 'id': 'a0d81251', 'text': ''}, {'tag': 'iframe', 'src': 'https://ads.independent.com.mt/www/delivery/afr.php?resize=1&zoneid=9&target=_blank&cb=196', 'aria_label': None, 'class': ['tmiads'], 'id': 'a94be7f3', 'text': ''}, {'tag': 'iframe', 'src': 'https://ads.independent.com.mt/www/delivery/afr.php?resize=1&zoneid=10&target=_blank&cb=64', 'aria_label': None, 'class': ['tmiads'], 'id': 'a7d8fb45', 'text': ''}, {'tag': 'iframe', 'src': 'https://ads.independent.com.mt/www/delivery/afr.php?resize=1&zoneid=146&target=_blank&cb=218', 'aria_label': None, 'class': ['tmiads'], 'id': 'a94be7f3', 'text': ''}, {'tag': 'iframe', 'src': 'https://ads.independent.com.mt/www/delivery/afr.php?zoneid=147&cb=8', 'aria_label': None, 'class': ['tmiads'], 'id': 'a65e2a3a', 'text': ''}, {'tag': 'iframe', 'src': 'https://ads.independent.com.mt/www/delivery/afr.php?resize=1&zoneid=146&target=_blank&cb=218', 'aria_label': None, 'class': ['tmiads'], 'id': 'a94be7f3', 'text': ''}, {'tag': 'iframe', 'src': 'https://ads.independent.com.mt/www/delivery/afr.php?resize=1&zoneid=5&target=_blank&cb=95', 'aria_label': None, 'class': ['tmiads'], 'id': 'a6868fa4', 'text': ''}, {'tag': 'iframe', 'src': 'https://ads.independent.com.mt/www/delivery/afr.php?zoneid=17&cb=158', 'aria_label': None, 'class': ['tmiads'], 'id': 'ac72d028', 'text': ''}, {'tag': 'iframe', 'src': 'https://ads.independent.com.mt/www/delivery/afr.php?zoneid=12&cb=238', 'aria_label': None, 'class': ['tmiads'], 'id': 'af2737e4', 'text': ''}, {'tag': 'iframe', 'src': 'https://ads.independent.com.mt/www/delivery/afr.php?resize=1&zoneid=13&target=_blank&cb=85', 'aria_label': None, 'class': ['tmiads'], 'id': 'a86ac61d', 'text': ''}, {'tag': 'iframe', 'src': 'https://ads.independent.com.mt/www/delivery/afr.php?zoneid=147&cb=244', 'aria_label': None, 'class': ['tmiads'], 'id': 'a65e2a3a', 'text': ''}, {'tag': 'iframe', 'src': 'https://ads.independent.com.mt/www/delivery/afr.php?resize=1&zoneid=6&target=_blank&cb=227', 'aria_label': None, 'class': ['tmiads'], 'id': 'a486284e', 'text': ''}, {'tag': 'iframe', 'src': 'https://ads.independent.com.mt/www/delivery/afr.php?resize=1&zoneid=14&target=_blank&cb=159', 'aria_label': None, 'class': ['tmiads'], 'id': 'a8e28c82', 'text': ''}, {'tag': 'iframe', 'src': 'https://ads.independent.com.mt/www/delivery/afr.php?resize=1&zoneid=15&target=_blank&cb=254', 'aria_label': None, 'class': ['tmiads'], 'id': 'a5aefaca', 'text': ''}, {'tag': 'iframe', 'src': 'https://ads.independent.com.mt/www/delivery/afr.php?zoneid=147&cb=250', 'aria_label': None, 'class': ['tmiads'], 'id': 'a65e2a3a', 'text': ''}, {'tag': 'iframe', 'src': 'https://ads.independent.com.mt/www/delivery/afr.php?resize=1&zoneid=16&target=_blank&cb=201', 'aria_label': None, 'class': ['tmiads'], 'id': 'a4798ae8', 'text': ''}, {'tag': 'iframe', 'src': 'https://ads.independent.com.mt/www/delivery/afr.php?resize=1&zoneid=7&target=_blank&cb=186', 'aria_label': None, 'class': ['tmiads'], 'id': 'a3c00537', 'text': ''}]",7,007,independent,home_page
419,187,52,25,12,1,65,45,36431,5570,23,18,"[{'tag': 'iframe', 'src': 'https://ads.independent.com.mt/www/delivery/afr.php?resize=1&zoneid=32&target=_blank&cb=297', 'aria_label': None, 'class': ['tmiads'], 'id': 'a735fbc0', 'text': ''}, {'tag': 'iframe', 'src': 'https://ads.independent.com.mt/www/delivery/afr.php?zoneid=103&cb=175', 'aria_label': None, 'class': ['tmiads'], 'id': 'a0d81251', 'text': ''}, {'tag': 'iframe', 'src': 'https://ads.independent.com.mt/www/delivery/afr.php?resize=1&zoneid=9&target=_blank&cb=196', 'aria_label': None, 'class': ['tmiads'], 'id': 'a94be7f3', 'text': ''}, {'tag': 'iframe', 'src': 'https://ads.independent.com.mt/www/delivery/afr.php?resize=1&zoneid=10&target=_blank&cb=64', 'aria_label': None, 'class': ['tmiads'], 'id': 'a7d8fb45', 'text': ''}, {'tag': 'iframe', 'src': 'https://ads.independent.com.mt/www/delivery/afr.php?resize=1&zoneid=146&target=_blank&cb=218', 'aria_label': None, 'class': ['tmiads'], 'id': 'a94be7f3', 'text': ''}, {'tag': 'iframe', 'src': 'https://ads.independent.com.mt/www/delivery/afr.php?zoneid=147&cb=8', 'aria_label': None, 'class': ['tmiads'], 'id': 'a65e2a3a', 'text': ''}, {'tag': 'iframe', 'src': 'https://ads.independent.com.mt/www/delivery/afr.php?resize=1&zoneid=146&target=_blank&cb=218', 'aria_label': None, 'class': ['tmiads'], 'id': 'a94be7f3', 'text': ''}, {'tag': 'iframe', 'src': 'https://ads.independent.com.mt/www/delivery/afr.php?resize=1&zoneid=5&target=_blank&cb=95', 'aria_label': None, 'class': ['tmiads'], 'id': 'a6868fa4', 'text': ''}, {'tag': 'iframe', 'src': 'https://ads.independent.com.mt/www/delivery/afr.php?zoneid=17&cb=158', 'aria_label': None, 'class': ['tmiads'], 'id': 'ac72d028', 'text': ''}, {'tag': 'iframe', 'src': 'https://ads.independent.com.mt/www/delivery/afr.php?zoneid=12&cb=238', 'aria_label': None, 'class': ['tmiads'], 'id': 'af2737e4', 'text': ''}, {'tag': 'iframe', 'src': 'https://ads.independent.com.mt/www/delivery/afr.php?resize=1&zoneid=13&target=_blank&cb=85', 'aria_label': None, 'class': ['tmiads'], 'id': 'a86ac61d', 'text': ''}, {'tag': 'iframe', 'src': 'https://ads.independent.com.mt/www/delivery/afr.php?zoneid=147&cb=244', 'aria_label': None, 'class': ['tmiads'], 'id': 'a65e2a3a', 'text': ''}, {'tag': 'iframe', 'src': 'https://ads.independent.com.mt/www/delivery/afr.php?resize=1&zoneid=6&target=_blank&cb=227', 'aria_label': None, 'class': ['tmiads'], 'id': 'a486284e', 'text': ''}, {'tag': 'iframe', 'src': 'https://ads.independent.com.mt/www/delivery/afr.php?resize=1&zoneid=14&target=_blank&cb=159', 'aria_label': None, 'class': ['tmiads'], 'id': 'a8e28c82', 'text': ''}, {'tag': 'iframe', 'src': 'https://ads.independent.com.mt/www/delivery/afr.php?resize=1&zoneid=15&target=_blank&cb=254', 'aria_label': None, 'class': ['tmiads'], 'id': 'a5aefaca', 'text': ''}, {'tag': 'iframe', 'src': 'https://ads.independent.com.mt/www/delivery/afr.php?zoneid=147&cb=250', 'aria_label': None, 'class': ['tmiads'], 'id': 'a65e2a3a', 'text': ''}, {'tag': 'iframe', 'src': 'https://ads.independent.com.mt/www/delivery/afr.php?resize=1&zoneid=16&target=_blank&cb=201', 'aria_label': None, 'class': ['tmiads'], 'id': 'a4798ae8', 'text': ''}, {'tag': 'iframe', 'src': 'https://ads.independent.com.mt/www/delivery/afr.php?resize=1&zoneid=7&target=_blank&cb=186', 'aria_label': None, 'class': ['tmiads'], 'id': 'a3c00537', 'text': ''}]",7,008,independent,home_page
419,187,52,25,12,1,65,45,36431,5570,23,18,"[{'tag': 'iframe', 'src': 'https://ads.independent.com.mt/www/delivery/afr.php?resize=1&zoneid=32&target=_blank&cb=297', 'aria_label': None, 'class': ['tmiads'], 'id': 'a735fbc0', 'text': ''}, {'tag': 'iframe', 'src': 'https://ads.independent.com.mt/www/delivery/afr.php?zoneid=103&cb=175', 'aria_label': None, 'class': ['tmiads'], 'id': 'a0d81251', 'text': ''}, {'tag': 'iframe', 'src': 'https://ads.independent.com.mt/www/delivery/afr.php?resize=1&zoneid=9&target=_blank&cb=196', 'aria_label': None, 'class': ['tmiads'], 'id': 'a94be7f3', 'text': ''}, {'tag': 'iframe', 'src': 'https://ads.independent.com.mt/www/delivery/afr.php?resize=1&zoneid=10&target=_blank&cb=64', 'aria_label': None, 'class': ['tmiads'], 'id': 'a7d8fb45', 'text': ''}, {'tag': 'iframe', 'src': 'https://ads.independent.com.mt/www/delivery/afr.php?resize=1&zoneid=146&target=_blank&cb=218', 'aria_label': None, 'class': ['tmiads'], 'id': 'a94be7f3', 'text': ''}, {'tag': 'iframe', 'src': 'https://ads.independent.com.mt/www/delivery/afr.php?zoneid=147&cb=8', 'aria_label': None, 'class': ['tmiads'], 'id': 'a65e2a3a', 'text': ''}, {'tag': 'iframe', 'src': 'https://ads.independent.com.mt/www/delivery/afr.php?resize=1&zoneid=146&target=_blank&cb=218', 'aria_label': None, 'class': ['tmiads'], 'id': 'a94be7f3', 'text': ''}, {'tag': 'iframe', 'src': 'https://ads.independent.com.mt/www/delivery/afr.php?resize=1&zoneid=5&target=_blank&cb=95', 'aria_label': None, 'class': ['tmiads'], 'id': 'a6868fa4', 'text': ''}, {'tag': 'iframe', 'src': 'https://ads.independent.com.mt/www/delivery/afr.php?zoneid=17&cb=158', 'aria_label': None, 'class': ['tmiads'], 'id': 'ac72d028', 'text': ''}, {'tag': 'iframe', 'src': 'https://ads.independent.com.mt/www/delivery/afr.php?zoneid=12&cb=238', 'aria_label': None, 'class': ['tmiads'], 'id': 'af2737e4', 'text': ''}, {'tag': 'iframe', 'src': 'https://ads.independent.com.mt/www/delivery/afr.php?resize=1&zoneid=13&target=_blank&cb=85', 'aria_label': None, 'class': ['tmiads'], 'id': 'a86ac61d', 'text': ''}, {'tag': 'iframe', 'src': 'https://ads.independent.com.mt/www/delivery/afr.php?zoneid=147&cb=244', 'aria_label': None, 'class': ['tmiads'], 'id': 'a65e2a3a', 'text': ''}, {'tag': 'iframe', 'src': 'https://ads.independent.com.mt/www/delivery/afr.php?resize=1&zoneid=6&target=_blank&cb=227', 'aria_label': None, 'class': ['tmiads'], 'id': 'a486284e', 'text': ''}, {'tag': 'iframe', 'src': 'https://ads.independent.com.mt/www/delivery/afr.php?resize=1&zoneid=14&target=_blank&cb=159', 'aria_label': None, 'class': ['tmiads'], 'id': 'a8e28c82', 'text': ''}, {'tag': 'iframe', 'src': 'https://ads.independent.com.mt/www/delivery/afr.php?resize=1&zoneid=15&target=_blank&cb=254', 'aria_label': None, 'class': ['tmiads'], 'id': 'a5aefaca', 'text': ''}, {'tag': 'iframe', 'src': 'https://ads.independent.com.mt/www/delivery/afr.php?zoneid=147&cb=250', 'aria_label': None, 'class': ['tmiads'], 'id': 'a65e2a3a', 'text': ''}, {'tag': 'iframe', 'src': 'https://ads.independent.com.mt/www/delivery/afr.php?resize=1&zoneid=16&target=_blank&cb=201', 'aria_label': None, 'class': ['tmiads'], 'id': 'a4798ae8', 'text': ''}, {'tag': 'iframe', 'src': 'https://ads.independent.com.mt/www/delivery/afr.php?resize=1&zoneid=7&target=_blank&cb=186', 'aria_label': None, 'class': ['tmiads'], 'id': 'a3c00537', 'text': ''}]",7,009,independent,home_page
419,187,52,25,12,1,65,45,36431,5570,23,18,"[{'tag': 'iframe', 'src': 'https://ads.independent.com.mt/www/delivery/afr.php?resize=1&zoneid=32&target=_blank&cb=297', 'aria_label': None, 'class': ['tmiads'], 'id': 'a735fbc0', 'text': ''}, {'tag': 'iframe', 'src': 'https://ads.independent.com.mt/www/delivery/afr.php?zoneid=103&cb=175', 'aria_label': None, 'class': ['tmiads'], 'id': 'a0d81251', 'text': ''}, {'tag': 'iframe', 'src': 'https://ads.independent.com.mt/www/delivery/afr.php?resize=1&zoneid=9&target=_blank&cb=196', 'aria_label': None, 'class': ['tmiads'], 'id': 'a94be7f3', 'text': ''}, {'tag': 'iframe', 'src': 'https://ads.independent.com.mt/www/delivery/afr.php?resize=1&zoneid=10&target=_blank&cb=64', 'aria_label': None, 'class': ['tmiads'], 'id': 'a7d8fb45', 'text': ''}, {'tag': 'iframe', 'src': 'https://ads.independent.com.mt/www/delivery/afr.php?resize=1&zoneid=146&target=_blank&cb=218', 'aria_label': None, 'class': ['tmiads'], 'id': 'a94be7f3', 'text': ''}, {'tag': 'iframe', 'src': 'https://ads.independent.com.mt/www/delivery/afr.php?zoneid=147&cb=8', 'aria_label': None, 'class': ['tmiads'], 'id': 'a65e2a3a', 'text': ''}, {'tag': 'iframe', 'src': 'https://ads.independent.com.mt/www/delivery/afr.php?resize=1&zoneid=146&target=_blank&cb=218', 'aria_label': None, 'class': ['tmiads'], 'id': 'a94be7f3', 'text': ''}, {'tag': 'iframe', 'src': 'https://ads.independent.com.mt/www/delivery/afr.php?resize=1&zoneid=5&target=_blank&cb=95', 'aria_label': None, 'class': ['tmiads'], 'id': 'a6868fa4', 'text': ''}, {'tag': 'iframe', 'src': 'https://ads.independent.com.mt/www/delivery/afr.php?zoneid=17&cb=158', 'aria_label': None, 'class': ['tmiads'], 'id': 'ac72d028', 'text': ''}, {'tag': 'iframe', 'src': 'https://ads.independent.com.mt/www/delivery/afr.php?zoneid=12&cb=238', 'aria_label': None, 'class': ['tmiads'], 'id': 'af2737e4', 'text': ''}, {'tag': 'iframe', 'src': 'https://ads.independent.com.mt/www/delivery/afr.php?resize=1&zoneid=13&target=_blank&cb=85', 'aria_label': None, 'class': ['tmiads'], 'id': 'a86ac61d', 'text': ''}, {'tag': 'iframe', 'src': 'https://ads.independent.com.mt/www/delivery/afr.php?zoneid=147&cb=244', 'aria_label': None, 'class': ['tmiads'], 'id': 'a65e2a3a', 'text': ''}, {'tag': 'iframe', 'src': 'https://ads.independent.com.mt/www/delivery/afr.php?resize=1&zoneid=6&target=_blank&cb=227', 'aria_label': None, 'class': ['tmiads'], 'id': 'a486284e', 'text': ''}, {'tag': 'iframe', 'src': 'https://ads.independent.com.mt/www/delivery/afr.php?resize=1&zoneid=14&target=_blank&cb=159', 'aria_label': None, 'class': ['tmiads'], 'id': 'a8e28c82', 'text': ''}, {'tag': 'iframe', 'src': 'https://ads.independent.com.mt/www/delivery/afr.php?resize=1&zoneid=15&target=_blank&cb=254', 'aria_label': None, 'class': ['tmiads'], 'id': 'a5aefaca', 'text': ''}, {'tag': 'iframe', 'src': 'https://ads.independent.com.mt/www/delivery/afr.php?zoneid=147&cb=250', 'aria_label': None, 'class': ['tmiads'], 'id': 'a65e2a3a', 'text': ''}, {'tag': 'iframe', 'src': 'https://ads.independent.com.mt/www/delivery/afr.php?resize=1&zoneid=16&target=_blank&cb=201', 'aria_label': None, 'class': ['tmiads'], 'id': 'a4798ae8', 'text': ''}, {'tag': 'iframe', 'src': 'https://ads.independent.com.mt/www/delivery/afr.php?resize=1&zoneid=7&target=_blank&cb=186', 'aria_label': None, 'class': ['tmiads'], 'id': 'a3c00537', 'text': ''}]",7,010,independent,home_page
419,187,52,25,12,1,65,45,36431,5570,23,18,"[{'tag': 'iframe', 'src': 'https://ads.independent.com.mt/www/delivery/afr.php?resize=1&zoneid=32&target=_blank&cb=297', 'aria_label': None, 'class': ['tmiads'], 'id': 'a735fbc0', 'text': ''}, {'tag': 'iframe', 'src': 'https://ads.independent.com.mt/www/delivery/afr.php?zoneid=103&cb=175', 'aria_label': None, 'class': ['tmiads'], 'id': 'a0d81251', 'text': ''}, {'tag': 'iframe', 'src': 'https://ads.independent.com.mt/www/delivery/afr.php?resize=1&zoneid=9&target=_blank&cb=196', 'aria_label': None, 'class': ['tmiads'], 'id': 'a94be7f3', 'text': ''}, {'tag': 'iframe', 'src': 'https://ads.independent.com.mt/www/delivery/afr.php?resize=1&zoneid=10&target=_blank&cb=64', 'aria_label': None, 'class': ['tmiads'], 'id': 'a7d8fb45', 'text': ''}, {'tag': 'iframe', 'src': 'https://ads.independent.com.mt/www/delivery/afr.php?resize=1&zoneid=146&target=_blank&cb=218', 'aria_label': None, 'class': ['tmiads'], 'id': 'a94be7f3', 'text': ''}, {'tag': 'iframe', 'src': 'https://ads.independent.com.mt/www/delivery/afr.php?zoneid=147&cb=8', 'aria_label': None, 'class': ['tmiads'], 'id': 'a65e2a3a', 'text': ''}, {'tag': 'iframe', 'src': 'https://ads.independent.com.mt/www/delivery/afr.php?resize=1&zoneid=146&target=_blank&cb=218', 'aria_label': None, 'class': ['tmiads'], 'id': 'a94be7f3', 'text': ''}, {'tag': 'iframe', 'src': 'https://ads.independent.com.mt/www/delivery/afr.php?resize=1&zoneid=5&target=_blank&cb=95', 'aria_label': None, 'class': ['tmiads'], 'id': 'a6868fa4', 'text': ''}, {'tag': 'iframe', 'src': 'https://ads.independent.com.mt/www/delivery/afr.php?zoneid=17&cb=158', 'aria_label': None, 'class': ['tmiads'], 'id': 'ac72d028', 'text': ''}, {'tag': 'iframe', 'src': 'https://ads.independent.com.mt/www/delivery/afr.php?zoneid=12&cb=238', 'aria_label': None, 'class': ['tmiads'], 'id': 'af2737e4', 'text': ''}, {'tag': 'iframe', 'src': 'https://ads.independent.com.mt/www/delivery/afr.php?resize=1&zoneid=13&target=_blank&cb=85', 'aria_label': None, 'class': ['tmiads'], 'id': 'a86ac61d', 'text': ''}, {'tag': 'iframe', 'src': 'https://ads.independent.com.mt/www/delivery/afr.php?zoneid=147&cb=244', 'aria_label': None, 'class': ['tmiads'], 'id': 'a65e2a3a', 'text': ''}, {'tag': 'iframe', 'src': 'https://ads.independent.com.mt/www/delivery/afr.php?resize=1&zoneid=6&target=_blank&cb=227', 'aria_label': None, 'class': ['tmiads'], 'id': 'a486284e', 'text': ''}, {'tag': 'iframe', 'src': 'https://ads.independent.com.mt/www/delivery/afr.php?resize=1&zoneid=14&target=_blank&cb=159', 'aria_label': None, 'class': ['tmiads'], 'id': 'a8e28c82', 'text': ''}, {'tag': 'iframe', 'src': 'https://ads.independent.com.mt/www/delivery/afr.php?resize=1&zoneid=15&target=_blank&cb=254', 'aria_label': None, 'class': ['tmiads'], 'id': 'a5aefaca', 'text': ''}, {'tag': 'iframe', 'src': 'https://ads.independent.com.mt/www/delivery/afr.php?zoneid=147&cb=250', 'aria_label': None, 'class': ['tmiads'], 'id': 'a65e2a3a', 'text': ''}, {'tag': 'iframe', 'src': 'https://ads.independent.com.mt/www/delivery/afr.php?resize=1&zoneid=16&target=_blank&cb=201', 'aria_label': None, 'class': ['tmiads'], 'id': 'a4798ae8', 'text': ''}, {'tag': 'iframe', 'src': 'https://ads.independent.com.mt/www/delivery/afr.php?resize=1&zoneid=7&target=_blank&cb=186', 'aria_label': None, 'class': ['tmiads'], 'id': 'a3c00537', 'text': ''}]",7,011,independent,home_page
419,187,52,25,12,1,65,45,36431,5570,23,18,"[{'tag': 'iframe', 'src': 'https://ads.independent.com.mt/www/delivery/afr.php?resize=1&zoneid=32&target=_blank&cb=297', 'aria_label': None, 'class': ['tmiads'], 'id': 'a735fbc0', 'text': ''}, {'tag': 'iframe', 'src': 'https://ads.independent.com.mt/www/delivery/afr.php?zoneid=103&cb=175', 'aria_label': None, 'class': ['tmiads'], 'id': 'a0d81251', 'text': ''}, {'tag': 'iframe', 'src': 'https://ads.independent.com.mt/www/delivery/afr.php?resize=1&zoneid=9&target=_blank&cb=196', 'aria_label': None, 'class': ['tmiads'], 'id': 'a94be7f3', 'text': ''}, {'tag': 'iframe', 'src': 'https://ads.independent.com.mt/www/delivery/afr.php?resize=1&zoneid=10&target=_blank&cb=64', 'aria_label': None, 'class': ['tmiads'], 'id': 'a7d8fb45', 'text': ''}, {'tag': 'iframe', 'src': 'https://ads.independent.com.mt/www/delivery/afr.php?resize=1&zoneid=146&target=_blank&cb=218', 'aria_label': None, 'class': ['tmiads'], 'id': 'a94be7f3', 'text': ''}, {'tag': 'iframe', 'src': 'https://ads.independent.com.mt/www/delivery/afr.php?zoneid=147&cb=8', 'aria_label': None, 'class': ['tmiads'], 'id': 'a65e2a3a', 'text': ''}, {'tag': 'iframe', 'src': 'https://ads.independent.com.mt/www/delivery/afr.php?resize=1&zoneid=146&target=_blank&cb=218', 'aria_label': None, 'class': ['tmiads'], 'id': 'a94be7f3', 'text': ''}, {'tag': 'iframe', 'src': 'https://ads.independent.com.mt/www/delivery/afr.php?resize=1&zoneid=5&target=_blank&cb=95', 'aria_label': None, 'class': ['tmiads'], 'id': 'a6868fa4', 'text': ''}, {'tag': 'iframe', 'src': 'https://ads.independent.com.mt/www/delivery/afr.php?zoneid=17&cb=158', 'aria_label': None, 'class': ['tmiads'], 'id': 'ac72d028', 'text': ''}, {'tag': 'iframe', 'src': 'https://ads.independent.com.mt/www/delivery/afr.php?zoneid=12&cb=238', 'aria_label': None, 'class': ['tmiads'], 'id': 'af2737e4', 'text': ''}, {'tag': 'iframe', 'src': 'https://ads.independent.com.mt/www/delivery/afr.php?resize=1&zoneid=13&target=_blank&cb=85', 'aria_label': None, 'class': ['tmiads'], 'id': 'a86ac61d', 'text': ''}, {'tag': 'iframe', 'src': 'https://ads.independent.com.mt/www/delivery/afr.php?zoneid=147&cb=244', 'aria_label': None, 'class': ['tmiads'], 'id': 'a65e2a3a', 'text': ''}, {'tag': 'iframe', 'src': 'https://ads.independent.com.mt/www/delivery/afr.php?resize=1&zoneid=6&target=_blank&cb=227', 'aria_label': None, 'class': ['tmiads'], 'id': 'a486284e', 'text': ''}, {'tag': 'iframe', 'src': 'https://ads.independent.com.mt/www/delivery/afr.php?resize=1&zoneid=14&target=_blank&cb=159', 'aria_label': None, 'class': ['tmiads'], 'id': 'a8e28c82', 'text': ''}, {'tag': 'iframe', 'src': 'https://ads.independent.com.mt/www/delivery/afr.php?resize=1&zoneid=15&target=_blank&cb=254', 'aria_label': None, 'class': ['tmiads'], 'id': 'a5aefaca', 'text': ''}, {'tag': 'iframe', 'src': 'https://ads.independent.com.mt/www/delivery/afr.php?zoneid=147&cb=250', 'aria_label': None, 'class': ['tmiads'], 'id': 'a65e2a3a', 'text': ''}, {'tag': 'iframe', 'src': 'https://ads.independent.com.mt/www/delivery/afr.php?resize=1&zoneid=16&target=_blank&cb=201', 'aria_label': None, 'class': ['tmiads'], 'id': 'a4798ae8', 'text': ''}, {'tag': 'iframe', 'src': 'https://ads.independent.com.mt/www/delivery/afr.php?resize=1&zoneid=7&target=_blank&cb=186', 'aria_label': None, 'class': ['tmiads'], 'id': 'a3c00537', 'text': ''}]",7,012,independent,home_page
419,187,52,25,12,1,65,45,36431,5570,23,18,"[{'tag': 'iframe', 'src': 'https://ads.independent.com.mt/www/delivery/afr.php?resize=1&zoneid=32&target=_blank&cb=297', 'aria_label': None, 'class': ['tmiads'], 'id': 'a735fbc0', 'text': ''}, {'tag': 'iframe', 'src': 'https://ads.independent.com.mt/www/delivery/afr.php?zoneid=103&cb=175', 'aria_label': None, 'class': ['tmiads'], 'id': 'a0d81251', 'text': ''}, {'tag': 'iframe', 'src': 'https://ads.independent.com.mt/www/delivery/afr.php?resize=1&zoneid=9&target=_blank&cb=196', 'aria_label': None, 'class': ['tmiads'], 'id': 'a94be7f3', 'text': ''}, {'tag': 'iframe', 'src': 'https://ads.independent.com.mt/www/delivery/afr.php?resize=1&zoneid=10&target=_blank&cb=64', 'aria_label': None, 'class': ['tmiads'], 'id': 'a7d8fb45', 'text': ''}, {'tag': 'iframe', 'src': 'https://ads.independent.com.mt/www/delivery/afr.php?resize=1&zoneid=146&target=_blank&cb=218', 'aria_label': None, 'class': ['tmiads'], 'id': 'a94be7f3', 'text': ''}, {'tag': 'iframe', 'src': 'https://ads.independent.com.mt/www/delivery/afr.php?zoneid=147&cb=8', 'aria_label': None, 'class': ['tmiads'], 'id': 'a65e2a3a', 'text': ''}, {'tag': 'iframe', 'src': 'https://ads.independent.com.mt/www/delivery/afr.php?resize=1&zoneid=146&target=_blank&cb=218', 'aria_label': None, 'class': ['tmiads'], 'id': 'a94be7f3', 'text': ''}, {'tag': 'iframe', 'src': 'https://ads.independent.com.mt/www/delivery/afr.php?resize=1&zoneid=5&target=_blank&cb=95', 'aria_label': None, 'class': ['tmiads'], 'id': 'a6868fa4', 'text': ''}, {'tag': 'iframe', 'src': 'https://ads.independent.com.mt/www/delivery/afr.php?zoneid=17&cb=158', 'aria_label': None, 'class': ['tmiads'], 'id': 'ac72d028', 'text': ''}, {'tag': 'iframe', 'src': 'https://ads.independent.com.mt/www/delivery/afr.php?zoneid=12&cb=238', 'aria_label': None, 'class': ['tmiads'], 'id': 'af2737e4', 'text': ''}, {'tag': 'iframe', 'src': 'https://ads.independent.com.mt/www/delivery/afr.php?resize=1&zoneid=13&target=_blank&cb=85', 'aria_label': None, 'class': ['tmiads'], 'id': 'a86ac61d', 'text': ''}, {'tag': 'iframe', 'src': 'https://ads.independent.com.mt/www/delivery/afr.php?zoneid=147&cb=244', 'aria_label': None, 'class': ['tmiads'], 'id': 'a65e2a3a', 'text': ''}, {'tag': 'iframe', 'src': 'https://ads.independent.com.mt/www/delivery/afr.php?resize=1&zoneid=6&target=_blank&cb=227', 'aria_label': None, 'class': ['tmiads'], 'id': 'a486284e', 'text': ''}, {'tag': 'iframe', 'src': 'https://ads.independent.com.mt/www/delivery/afr.php?resize=1&zoneid=14&target=_blank&cb=159', 'aria_label': None, 'class': ['tmiads'], 'id': 'a8e28c82', 'text': ''}, {'tag': 'iframe', 'src': 'https://ads.independent.com.mt/www/delivery/afr.php?resize=1&zoneid=15&target=_blank&cb=254', 'aria_label': None, 'class': ['tmiads'], 'id': 'a5aefaca', 'text': ''}, {'tag': 'iframe', 'src': 'https://ads.independent.com.mt/www/delivery/afr.php?zoneid=147&cb=250', 'aria_label': None, 'class': ['tmiads'], 'id': 'a65e2a3a', 'text': ''}, {'tag': 'iframe', 'src': 'https://ads.independent.com.mt/www/delivery/afr.php?resize=1&zoneid=16&target=_blank&cb=201', 'aria_label': None, 'class': ['tmiads'], 'id': 'a4798ae8', 'text': ''}, {'tag': 'iframe', 'src': 'https://ads.independent.com.mt/www/delivery/afr.php?resize=1&zoneid=7&target=_blank&cb=186', 'aria_label': None, 'class': ['tmiads'], 'id': 'a3c00537', 'text': ''}]",7,013,independent,home_page
419,187,52,25,12,1,65,45,36431,5570,23,18,"[{'tag': 'iframe', 'src': 'https://ads.independent.com.mt/www/delivery/afr.php?resize=1&zoneid=32&target=_blank&cb=297', 'aria_label': None, 'class': ['tmiads'], 'id': 'a735fbc0', 'text': ''}, {'tag': 'iframe', 'src': 'https://ads.independent.com.mt/www/delivery/afr.php?zoneid=103&cb=175', 'aria_label': None, 'class': ['tmiads'], 'id': 'a0d81251', 'text': ''}, {'tag': 'iframe', 'src': 'https://ads.independent.com.mt/www/delivery/afr.php?resize=1&zoneid=9&target=_blank&cb=196', 'aria_label': None, 'class': ['tmiads'], 'id': 'a94be7f3', 'text': ''}, {'tag': 'iframe', 'src': 'https://ads.independent.com.mt/www/delivery/afr.php?resize=1&zoneid=10&target=_blank&cb=64', 'aria_label': None, 'class': ['tmiads'], 'id': 'a7d8fb45', 'text': ''}, {'tag': 'iframe', 'src': 'https://ads.independent.com.mt/www/delivery/afr.php?resize=1&zoneid=146&target=_blank&cb=218', 'aria_label': None, 'class': ['tmiads'], 'id': 'a94be7f3', 'text': ''}, {'tag': 'iframe', 'src': 'https://ads.independent.com.mt/www/delivery/afr.php?zoneid=147&cb=8', 'aria_label': None, 'class': ['tmiads'], 'id': 'a65e2a3a', 'text': ''}, {'tag': 'iframe', 'src': 'https://ads.independent.com.mt/www/delivery/afr.php?resize=1&zoneid=146&target=_blank&cb=218', 'aria_label': None, 'class': ['tmiads'], 'id': 'a94be7f3', 'text': ''}, {'tag': 'iframe', 'src': 'https://ads.independent.com.mt/www/delivery/afr.php?resize=1&zoneid=5&target=_blank&cb=95', 'aria_label': None, 'class': ['tmiads'], 'id': 'a6868fa4', 'text': ''}, {'tag': 'iframe', 'src': 'https://ads.independent.com.mt/www/delivery/afr.php?zoneid=17&cb=158', 'aria_label': None, 'class': ['tmiads'], 'id': 'ac72d028', 'text': ''}, {'tag': 'iframe', 'src': 'https://ads.independent.com.mt/www/delivery/afr.php?zoneid=12&cb=238', 'aria_label': None, 'class': ['tmiads'], 'id': 'af2737e4', 'text': ''}, {'tag': 'iframe', 'src': 'https://ads.independent.com.mt/www/delivery/afr.php?resize=1&zoneid=13&target=_blank&cb=85', 'aria_label': None, 'class': ['tmiads'], 'id': 'a86ac61d', 'text': ''}, {'tag': 'iframe', 'src': 'https://ads.independent.com.mt/www/delivery/afr.php?zoneid=147&cb=244', 'aria_label': None, 'class': ['tmiads'], 'id': 'a65e2a3a', 'text': ''}, {'tag': 'iframe', 'src': 'https://ads.independent.com.mt/www/delivery/afr.php?resize=1&zoneid=6&target=_blank&cb=227', 'aria_label': None, 'class': ['tmiads'], 'id': 'a486284e', 'text': ''}, {'tag': 'iframe', 'src': 'https://ads.independent.com.mt/www/delivery/afr.php?resize=1&zoneid=14&target=_blank&cb=159', 'aria_label': None, 'class': ['tmiads'], 'id': 'a8e28c82', 'text': ''}, {'tag': 'iframe', 'src': 'https://ads.independent.com.mt/www/delivery/afr.php?resize=1&zoneid=15&target=_blank&cb=254', 'aria_label': None, 'class': ['tmiads'], 'id': 'a5aefaca', 'text': ''}, {'tag': 'iframe', 'src': 'https://ads.independent.com.mt/www/delivery/afr.php?zoneid=147&cb=250', 'aria_label': None, 'class': ['tmiads'], 'id': 'a65e2a3a', 'text': ''}, {'tag': 'iframe', 'src': 'https://ads.independent.com.mt/www/delivery/afr.php?resize=1&zoneid=16&target=_blank&cb=201', 'aria_label': None, 'class': ['tmiads'], 'id': 'a4798ae8', 'text': ''}, {'tag': 'iframe', 'src': 'https://ads.independent.com.mt/www/delivery/afr.php?resize=1&zoneid=7&target=_blank&cb=186', 'aria_label': None, 'class': ['tmiads'], 'id': 'a3c00537', 'text': ''}]",7,014,independent,home_page
419,187,52,25,12,1,65,45,36431,5570,23,18,"[{'tag': 'iframe', 'src': 'https://ads.independent.com.mt/www/delivery/afr.php?resize=1&zoneid=32&target=_blank&cb=297', 'aria_label': None, 'class': ['tmiads'], 'id': 'a735fbc0', 'text': ''}, {'tag': 'iframe', 'src': 'https://ads.independent.com.mt/www/delivery/afr.php?zoneid=103&cb=175', 'aria_label': None, 'class': ['tmiads'], 'id': 'a0d81251', 'text': ''}, {'tag': 'iframe', 'src': 'https://ads.independent.com.mt/www/delivery/afr.php?resize=1&zoneid=9&target=_blank&cb=196', 'aria_label': None, 'class': ['tmiads'], 'id': 'a94be7f3', 'text': ''}, {'tag': 'iframe', 'src': 'https://ads.independent.com.mt/www/delivery/afr.php?resize=1&zoneid=10&target=_blank&cb=64', 'aria_label': None, 'class': ['tmiads'], 'id': 'a7d8fb45', 'text': ''}, {'tag': 'iframe', 'src': 'https://ads.independent.com.mt/www/delivery/afr.php?resize=1&zoneid=146&target=_blank&cb=218', 'aria_label': None, 'class': ['tmiads'], 'id': 'a94be7f3', 'text': ''}, {'tag': 'iframe', 'src': 'https://ads.independent.com.mt/www/delivery/afr.php?zoneid=147&cb=8', 'aria_label': None, 'class': ['tmiads'], 'id': 'a65e2a3a', 'text': ''}, {'tag': 'iframe', 'src': 'https://ads.independent.com.mt/www/delivery/afr.php?resize=1&zoneid=146&target=_blank&cb=218', 'aria_label': None, 'class': ['tmiads'], 'id': 'a94be7f3', 'text': ''}, {'tag': 'iframe', 'src': 'https://ads.independent.com.mt/www/delivery/afr.php?resize=1&zoneid=5&target=_blank&cb=95', 'aria_label': None, 'class': ['tmiads'], 'id': 'a6868fa4', 'text': ''}, {'tag': 'iframe', 'src': 'https://ads.independent.com.mt/www/delivery/afr.php?zoneid=17&cb=158', 'aria_label': None, 'class': ['tmiads'], 'id': 'ac72d028', 'text': ''}, {'tag': 'iframe', 'src': 'https://ads.independent.com.mt/www/delivery/afr.php?zoneid=12&cb=238', 'aria_label': None, 'class': ['tmiads'], 'id': 'af2737e4', 'text': ''}, {'tag': 'iframe', 'src': 'https://ads.independent.com.mt/www/delivery/afr.php?resize=1&zoneid=13&target=_blank&cb=85', 'aria_label': None, 'class': ['tmiads'], 'id': 'a86ac61d', 'text': ''}, {'tag': 'iframe', 'src': 'https://ads.independent.com.mt/www/delivery/afr.php?zoneid=147&cb=244', 'aria_label': None, 'class': ['tmiads'], 'id': 'a65e2a3a', 'text': ''}, {'tag': 'iframe', 'src': 'https://ads.independent.com.mt/www/delivery/afr.php?resize=1&zoneid=6&target=_blank&cb=227', 'aria_label': None, 'class': ['tmiads'], 'id': 'a486284e', 'text': ''}, {'tag': 'iframe', 'src': 'https://ads.independent.com.mt/www/delivery/afr.php?resize=1&zoneid=14&target=_blank&cb=159', 'aria_label': None, 'class': ['tmiads'], 'id': 'a8e28c82', 'text': ''}, {'tag': 'iframe', 'src': 'https://ads.independent.com.mt/www/delivery/afr.php?resize=1&zoneid=15&target=_blank&cb=254', 'aria_label': None, 'class': ['tmiads'], 'id': 'a5aefaca', 'text': ''}, {'tag': 'iframe', 'src': 'https://ads.independent.com.mt/www/delivery/afr.php?zoneid=147&cb=250', 'aria_label': None, 'class': ['tmiads'], 'id': 'a65e2a3a', 'text': ''}, {'tag': 'iframe', 'src': 'https://ads.independent.com.mt/www/delivery/afr.php?resize=1&zoneid=16&target=_blank&cb=201', 'aria_label': None, 'class': ['tmiads'], 'id': 'a4798ae8', 'text': ''}, {'tag': 'iframe', 'src': 'https://ads.independent.com.mt/www/delivery/afr.php?resize=1&zoneid=7&target=_blank&cb=186', 'aria_label': None, 'class': ['tmiads'], 'id': 'a3c00537', 'text': ''}]",7,015,independent,home_page
419,187,52,25,12,1,65,45,36431,5570,23,18,"[{'tag': 'iframe', 'src': 'https://ads.independent.com.mt/www/delivery/afr.php?resize=1&zoneid=32&target=_blank&cb=297', 'aria_label': None, 'class': ['tmiads'], 'id': 'a735fbc0', 'text': ''}, {'tag': 'iframe', 'src': 'https://ads.independent.com.mt/www/delivery/afr.php?zoneid=103&cb=175', 'aria_label': None, 'class': ['tmiads'], 'id': 'a0d81251', 'text': ''}, {'tag': 'iframe', 'src': 'https://ads.independent.com.mt/www/delivery/afr.php?resize=1&zoneid=9&target=_blank&cb=196', 'aria_label': None, 'class': ['tmiads'], 'id': 'a94be7f3', 'text': ''}, {'tag': 'iframe', 'src': 'https://ads.independent.com.mt/www/delivery/afr.php?resize=1&zoneid=10&target=_blank&cb=64', 'aria_label': None, 'class': ['tmiads'], 'id': 'a7d8fb45', 'text': ''}, {'tag': 'iframe', 'src': 'https://ads.independent.com.mt/www/delivery/afr.php?resize=1&zoneid=146&target=_blank&cb=218', 'aria_label': None, 'class': ['tmiads'], 'id': 'a94be7f3', 'text': ''}, {'tag': 'iframe', 'src': 'https://ads.independent.com.mt/www/delivery/afr.php?zoneid=147&cb=8', 'aria_label': None, 'class': ['tmiads'], 'id': 'a65e2a3a', 'text': ''}, {'tag': 'iframe', 'src': 'https://ads.independent.com.mt/www/delivery/afr.php?resize=1&zoneid=146&target=_blank&cb=218', 'aria_label': None, 'class': ['tmiads'], 'id': 'a94be7f3', 'text': ''}, {'tag': 'iframe', 'src': 'https://ads.independent.com.mt/www/delivery/afr.php?resize=1&zoneid=5&target=_blank&cb=95', 'aria_label': None, 'class': ['tmiads'], 'id': 'a6868fa4', 'text': ''}, {'tag': 'iframe', 'src': 'https://ads.independent.com.mt/www/delivery/afr.php?zoneid=17&cb=158', 'aria_label': None, 'class': ['tmiads'], 'id': 'ac72d028', 'text': ''}, {'tag': 'iframe', 'src': 'https://ads.independent.com.mt/www/delivery/afr.php?zoneid=12&cb=238', 'aria_label': None, 'class': ['tmiads'], 'id': 'af2737e4', 'text': ''}, {'tag': 'iframe', 'src': 'https://ads.independent.com.mt/www/delivery/afr.php?resize=1&zoneid=13&target=_blank&cb=85', 'aria_label': None, 'class': ['tmiads'], 'id': 'a86ac61d', 'text': ''}, {'tag': 'iframe', 'src': 'https://ads.independent.com.mt/www/delivery/afr.php?zoneid=147&cb=244', 'aria_label': None, 'class': ['tmiads'], 'id': 'a65e2a3a', 'text': ''}, {'tag': 'iframe', 'src': 'https://ads.independent.com.mt/www/delivery/afr.php?resize=1&zoneid=6&target=_blank&cb=227', 'aria_label': None, 'class': ['tmiads'], 'id': 'a486284e', 'text': ''}, {'tag': 'iframe', 'src': 'https://ads.independent.com.mt/www/delivery/afr.php?resize=1&zoneid=14&target=_blank&cb=159', 'aria_label': None, 'class': ['tmiads'], 'id': 'a8e28c82', 'text': ''}, {'tag': 'iframe', 'src': 'https://ads.independent.com.mt/www/delivery/afr.php?resize=1&zoneid=15&target=_blank&cb=254', 'aria_label': None, 'class': ['tmiads'], 'id': 'a5aefaca', 'text': ''}, {'tag': 'iframe', 'src': 'https://ads.independent.com.mt/www/delivery/afr.php?zoneid=147&cb=250', 'aria_label': None, 'class': ['tmiads'], 'id': 'a65e2a3a', 'text': ''}, {'tag': 'iframe', 'src': 'https://ads.independent.com.mt/www/delivery/afr.php?resize=1&zoneid=16&target=_blank&cb=201', 'aria_label': None, 'class': ['tmiads'], 'id': 'a4798ae8', 'text': ''}, {'tag': 'iframe', 'src': 'https://ads.independent.com.mt/www/delivery/afr.php?resize=1&zoneid=7&target=_blank&cb=186', 'aria_label': None, 'class': ['tmiads'], 'id': 'a3c00537', 'text': ''}]",7,016,independent,home_page
419,187,52,25,12,1,65,45,36431,5570,23,18,"[{'tag': 'iframe', 'src': 'https://ads.independent.com.mt/www/delivery/afr.php?resize=1&zoneid=32&target=_blank&cb=297', 'aria_label': None, 'class': ['tmiads'], 'id': 'a735fbc0', 'text': ''}, {'tag': 'iframe', 'src': 'https://ads.independent.com.mt/www/delivery/afr.php?zoneid=103&cb=175', 'aria_label': None, 'class': ['tmiads'], 'id': 'a0d81251', 'text': ''}, {'tag': 'iframe', 'src': 'https://ads.independent.com.mt/www/delivery/afr.php?resize=1&zoneid=9&target=_blank&cb=196', 'aria_label': None, 'class': ['tmiads'], 'id': 'a94be7f3', 'text': ''}, {'tag': 'iframe', 'src': 'https://ads.independent.com.mt/www/delivery/afr.php?resize=1&zoneid=10&target=_blank&cb=64', 'aria_label': None, 'class': ['tmiads'], 'id': 'a7d8fb45', 'text': ''}, {'tag': 'iframe', 'src': 'https://ads.independent.com.mt/www/delivery/afr.php?resize=1&zoneid=146&target=_blank&cb=218', 'aria_label': None, 'class': ['tmiads'], 'id': 'a94be7f3', 'text': ''}, {'tag': 'iframe', 'src': 'https://ads.independent.com.mt/www/delivery/afr.php?zoneid=147&cb=8', 'aria_label': None, 'class': ['tmiads'], 'id': 'a65e2a3a', 'text': ''}, {'tag': 'iframe', 'src': 'https://ads.independent.com.mt/www/delivery/afr.php?resize=1&zoneid=146&target=_blank&cb=218', 'aria_label': None, 'class': ['tmiads'], 'id': 'a94be7f3', 'text': ''}, {'tag': 'iframe', 'src': 'https://ads.independent.com.mt/www/delivery/afr.php?resize=1&zoneid=5&target=_blank&cb=95', 'aria_label': None, 'class': ['tmiads'], 'id': 'a6868fa4', 'text': ''}, {'tag': 'iframe', 'src': 'https://ads.independent.com.mt/www/delivery/afr.php?zoneid=17&cb=158', 'aria_label': None, 'class': ['tmiads'], 'id': 'ac72d028', 'text': ''}, {'tag': 'iframe', 'src': 'https://ads.independent.com.mt/www/delivery/afr.php?zoneid=12&cb=238', 'aria_label': None, 'class': ['tmiads'], 'id': 'af2737e4', 'text': ''}, {'tag': 'iframe', 'src': 'https://ads.independent.com.mt/www/delivery/afr.php?resize=1&zoneid=13&target=_blank&cb=85', 'aria_label': None, 'class': ['tmiads'], 'id': 'a86ac61d', 'text': ''}, {'tag': 'iframe', 'src': 'https://ads.independent.com.mt/www/delivery/afr.php?zoneid=147&cb=244', 'aria_label': None, 'class': ['tmiads'], 'id': 'a65e2a3a', 'text': ''}, {'tag': 'iframe', 'src': 'https://ads.independent.com.mt/www/delivery/afr.php?resize=1&zoneid=6&target=_blank&cb=227', 'aria_label': None, 'class': ['tmiads'], 'id': 'a486284e', 'text': ''}, {'tag': 'iframe', 'src': 'https://ads.independent.com.mt/www/delivery/afr.php?resize=1&zoneid=14&target=_blank&cb=159', 'aria_label': None, 'class': ['tmiads'], 'id': 'a8e28c82', 'text': ''}, {'tag': 'iframe', 'src': 'https://ads.independent.com.mt/www/delivery/afr.php?resize=1&zoneid=15&target=_blank&cb=254', 'aria_label': None, 'class': ['tmiads'], 'id': 'a5aefaca', 'text': ''}, {'tag': 'iframe', 'src': 'https://ads.independent.com.mt/www/delivery/afr.php?zoneid=147&cb=250', 'aria_label': None, 'class': ['tmiads'], 'id': 'a65e2a3a', 'text': ''}, {'tag': 'iframe', 'src': 'https://ads.independent.com.mt/www/delivery/afr.php?resize=1&zoneid=16&target=_blank&cb=201', 'aria_label': None, 'class': ['tmiads'], 'id': 'a4798ae8', 'text': ''}, {'tag': 'iframe', 'src': 'https://ads.independent.com.mt/www/delivery/afr.php?resize=1&zoneid=7&target=_blank&cb=186', 'aria_label': None, 'class': ['tmiads'], 'id': 'a3c00537', 'text': ''}]",7,017,independent,home_page
419,187,52,25,12,1,65,45,36431,5570,23,18,"[{'tag': 'iframe', 'src': 'https://ads.independent.com.mt/www/delivery/afr.php?resize=1&zoneid=32&target=_blank&cb=297', 'aria_label': None, 'class': ['tmiads'], 'id': 'a735fbc0', 'text': ''}, {'tag': 'iframe', 'src': 'https://ads.independent.com.mt/www/delivery/afr.php?zoneid=103&cb=175', 'aria_label': None, 'class': ['tmiads'], 'id': 'a0d81251', 'text': ''}, {'tag': 'iframe', 'src': 'https://ads.independent.com.mt/www/delivery/afr.php?resize=1&zoneid=9&target=_blank&cb=196', 'aria_label': None, 'class': ['tmiads'], 'id': 'a94be7f3', 'text': ''}, {'tag': 'iframe', 'src': 'https://ads.independent.com.mt/www/delivery/afr.php?resize=1&zoneid=10&target=_blank&cb=64', 'aria_label': None, 'class': ['tmiads'], 'id': 'a7d8fb45', 'text': ''}, {'tag': 'iframe', 'src': 'https://ads.independent.com.mt/www/delivery/afr.php?resize=1&zoneid=146&target=_blank&cb=218', 'aria_label': None, 'class': ['tmiads'], 'id': 'a94be7f3', 'text': ''}, {'tag': 'iframe', 'src': 'https://ads.independent.com.mt/www/delivery/afr.php?zoneid=147&cb=8', 'aria_label': None, 'class': ['tmiads'], 'id': 'a65e2a3a', 'text': ''}, {'tag': 'iframe', 'src': 'https://ads.independent.com.mt/www/delivery/afr.php?resize=1&zoneid=146&target=_blank&cb=218', 'aria_label': None, 'class': ['tmiads'], 'id': 'a94be7f3', 'text': ''}, {'tag': 'iframe', 'src': 'https://ads.independent.com.mt/www/delivery/afr.php?resize=1&zoneid=5&target=_blank&cb=95', 'aria_label': None, 'class': ['tmiads'], 'id': 'a6868fa4', 'text': ''}, {'tag': 'iframe', 'src': 'https://ads.independent.com.mt/www/delivery/afr.php?zoneid=17&cb=158', 'aria_label': None, 'class': ['tmiads'], 'id': 'ac72d028', 'text': ''}, {'tag': 'iframe', 'src': 'https://ads.independent.com.mt/www/delivery/afr.php?zoneid=12&cb=238', 'aria_label': None, 'class': ['tmiads'], 'id': 'af2737e4', 'text': ''}, {'tag': 'iframe', 'src': 'https://ads.independent.com.mt/www/delivery/afr.php?resize=1&zoneid=13&target=_blank&cb=85', 'aria_label': None, 'class': ['tmiads'], 'id': 'a86ac61d', 'text': ''}, {'tag': 'iframe', 'src': 'https://ads.independent.com.mt/www/delivery/afr.php?zoneid=147&cb=244', 'aria_label': None, 'class': ['tmiads'], 'id': 'a65e2a3a', 'text': ''}, {'tag': 'iframe', 'src': 'https://ads.independent.com.mt/www/delivery/afr.php?resize=1&zoneid=6&target=_blank&cb=227', 'aria_label': None, 'class': ['tmiads'], 'id': 'a486284e', 'text': ''}, {'tag': 'iframe', 'src': 'https://ads.independent.com.mt/www/delivery/afr.php?resize=1&zoneid=14&target=_blank&cb=159', 'aria_label': None, 'class': ['tmiads'], 'id': 'a8e28c82', 'text': ''}, {'tag': 'iframe', 'src': 'https://ads.independent.com.mt/www/delivery/afr.php?resize=1&zoneid=15&target=_blank&cb=254', 'aria_label': None, 'class': ['tmiads'], 'id': 'a5aefaca', 'text': ''}, {'tag': 'iframe', 'src': 'https://ads.independent.com.mt/www/delivery/afr.php?zoneid=147&cb=250', 'aria_label': None, 'class': ['tmiads'], 'id': 'a65e2a3a', 'text': ''}, {'tag': 'iframe', 'src': 'https://ads.independent.com.mt/www/delivery/afr.php?resize=1&zoneid=16&target=_blank&cb=201', 'aria_label': None, 'class': ['tmiads'], 'id': 'a4798ae8', 'text': ''}, {'tag': 'iframe', 'src': 'https://ads.independent.com.mt/www/delivery/afr.php?resize=1&zoneid=7&target=_blank&cb=186', 'aria_label': None, 'class': ['tmiads'], 'id': 'a3c00537', 'text': ''}]",7,018,independent,home_page
419,187,52,25,12,1,65,45,36431,5570,23,18,"[{'tag': 'iframe', 'src': 'https://ads.independent.com.mt/www/delivery/afr.php?resize=1&zoneid=32&target=_blank&cb=297', 'aria_label': None, 'class': ['tmiads'], 'id': 'a735fbc0', 'text': ''}, {'tag': 'iframe', 'src': 'https://ads.independent.com.mt/www/delivery/afr.php?zoneid=103&cb=175', 'aria_label': None, 'class': ['tmiads'], 'id': 'a0d81251', 'text': ''}, {'tag': 'iframe', 'src': 'https://ads.independent.com.mt/www/delivery/afr.php?resize=1&zoneid=9&target=_blank&cb=196', 'aria_label': None, 'class': ['tmiads'], 'id': 'a94be7f3', 'text': ''}, {'tag': 'iframe', 'src': 'https://ads.independent.com.mt/www/delivery/afr.php?resize=1&zoneid=10&target=_blank&cb=64', 'aria_label': None, 'class': ['tmiads'], 'id': 'a7d8fb45', 'text': ''}, {'tag': 'iframe', 'src': 'https://ads.independent.com.mt/www/delivery/afr.php?resize=1&zoneid=146&target=_blank&cb=218', 'aria_label': None, 'class': ['tmiads'], 'id': 'a94be7f3', 'text': ''}, {'tag': 'iframe', 'src': 'https://ads.independent.com.mt/www/delivery/afr.php?zoneid=147&cb=8', 'aria_label': None, 'class': ['tmiads'], 'id': 'a65e2a3a', 'text': ''}, {'tag': 'iframe', 'src': 'https://ads.independent.com.mt/www/delivery/afr.php?resize=1&zoneid=146&target=_blank&cb=218', 'aria_label': None, 'class': ['tmiads'], 'id': 'a94be7f3', 'text': ''}, {'tag': 'iframe', 'src': 'https://ads.independent.com.mt/www/delivery/afr.php?resize=1&zoneid=5&target=_blank&cb=95', 'aria_label': None, 'class': ['tmiads'], 'id': 'a6868fa4', 'text': ''}, {'tag': 'iframe', 'src': 'https://ads.independent.com.mt/www/delivery/afr.php?zoneid=17&cb=158', 'aria_label': None, 'class': ['tmiads'], 'id': 'ac72d028', 'text': ''}, {'tag': 'iframe', 'src': 'https://ads.independent.com.mt/www/delivery/afr.php?zoneid=12&cb=238', 'aria_label': None, 'class': ['tmiads'], 'id': 'af2737e4', 'text': ''}, {'tag': 'iframe', 'src': 'https://ads.independent.com.mt/www/delivery/afr.php?resize=1&zoneid=13&target=_blank&cb=85', 'aria_label': None, 'class': ['tmiads'], 'id': 'a86ac61d', 'text': ''}, {'tag': 'iframe', 'src': 'https://ads.independent.com.mt/www/delivery/afr.php?zoneid=147&cb=244', 'aria_label': None, 'class': ['tmiads'], 'id': 'a65e2a3a', 'text': ''}, {'tag': 'iframe', 'src': 'https://ads.independent.com.mt/www/delivery/afr.php?resize=1&zoneid=6&target=_blank&cb=227', 'aria_label': None, 'class': ['tmiads'], 'id': 'a486284e', 'text': ''}, {'tag': 'iframe', 'src': 'https://ads.independent.com.mt/www/delivery/afr.php?resize=1&zoneid=14&target=_blank&cb=159', 'aria_label': None, 'class': ['tmiads'], 'id': 'a8e28c82', 'text': ''}, {'tag': 'iframe', 'src': 'https://ads.independent.com.mt/www/delivery/afr.php?resize=1&zoneid=15&target=_blank&cb=254', 'aria_label': None, 'class': ['tmiads'], 'id': 'a5aefaca', 'text': ''}, {'tag': 'iframe', 'src': 'https://ads.independent.com.mt/www/delivery/afr.php?zoneid=147&cb=250', 'aria_label': None, 'class': ['tmiads'], 'id': 'a65e2a3a', 'text': ''}, {'tag': 'iframe', 'src': 'https://ads.independent.com.mt/www/delivery/afr.php?resize=1&zoneid=16&target=_blank&cb=201', 'aria_label': None, 'class': ['tmiads'], 'id': 'a4798ae8', 'text': ''}, {'tag': 'iframe', 'src': 'https://ads.independent.com.mt/www/delivery/afr.php?resize=1&zoneid=7&target=_blank&cb=186', 'aria_label': None, 'class': ['tmiads'], 'id': 'a3c00537', 'text': ''}]",7,019,independent,home_page
419,187,52,25,12,1,65,45,36431,5570,23,18,"[{'tag': 'iframe', 'src': 'https://ads.independent.com.mt/www/delivery/afr.php?resize=1&zoneid=32&target=_blank&cb=297', 'aria_label': None, 'class': ['tmiads'], 'id': 'a735fbc0', 'text': ''}, {'tag': 'iframe', 'src': 'https://ads.independent.com.mt/www/delivery/afr.php?zoneid=103&cb=175', 'aria_label': None, 'class': ['tmiads'], 'id': 'a0d81251', 'text': ''}, {'tag': 'iframe', 'src': 'https://ads.independent.com.mt/www/delivery/afr.php?resize=1&zoneid=9&target=_blank&cb=196', 'aria_label': None, 'class': ['tmiads'], 'id': 'a94be7f3', 'text': ''}, {'tag': 'iframe', 'src': 'https://ads.independent.com.mt/www/delivery/afr.php?resize=1&zoneid=10&target=_blank&cb=64', 'aria_label': None, 'class': ['tmiads'], 'id': 'a7d8fb45', 'text': ''}, {'tag': 'iframe', 'src': 'https://ads.independent.com.mt/www/delivery/afr.php?resize=1&zoneid=146&target=_blank&cb=218', 'aria_label': None, 'class': ['tmiads'], 'id': 'a94be7f3', 'text': ''}, {'tag': 'iframe', 'src': 'https://ads.independent.com.mt/www/delivery/afr.php?zoneid=147&cb=8', 'aria_label': None, 'class': ['tmiads'], 'id': 'a65e2a3a', 'text': ''}, {'tag': 'iframe', 'src': 'https://ads.independent.com.mt/www/delivery/afr.php?resize=1&zoneid=146&target=_blank&cb=218', 'aria_label': None, 'class': ['tmiads'], 'id': 'a94be7f3', 'text': ''}, {'tag': 'iframe', 'src': 'https://ads.independent.com.mt/www/delivery/afr.php?resize=1&zoneid=5&target=_blank&cb=95', 'aria_label': None, 'class': ['tmiads'], 'id': 'a6868fa4', 'text': ''}, {'tag': 'iframe', 'src': 'https://ads.independent.com.mt/www/delivery/afr.php?zoneid=17&cb=158', 'aria_label': None, 'class': ['tmiads'], 'id': 'ac72d028', 'text': ''}, {'tag': 'iframe', 'src': 'https://ads.independent.com.mt/www/delivery/afr.php?zoneid=12&cb=238', 'aria_label': None, 'class': ['tmiads'], 'id': 'af2737e4', 'text': ''}, {'tag': 'iframe', 'src': 'https://ads.independent.com.mt/www/delivery/afr.php?resize=1&zoneid=13&target=_blank&cb=85', 'aria_label': None, 'class': ['tmiads'], 'id': 'a86ac61d', 'text': ''}, {'tag': 'iframe', 'src': 'https://ads.independent.com.mt/www/delivery/afr.php?zoneid=147&cb=244', 'aria_label': None, 'class': ['tmiads'], 'id': 'a65e2a3a', 'text': ''}, {'tag': 'iframe', 'src': 'https://ads.independent.com.mt/www/delivery/afr.php?resize=1&zoneid=6&target=_blank&cb=227', 'aria_label': None, 'class': ['tmiads'], 'id': 'a486284e', 'text': ''}, {'tag': 'iframe', 'src': 'https://ads.independent.com.mt/www/delivery/afr.php?resize=1&zoneid=14&target=_blank&cb=159', 'aria_label': None, 'class': ['tmiads'], 'id': 'a8e28c82', 'text': ''}, {'tag': 'iframe', 'src': 'https://ads.independent.com.mt/www/delivery/afr.php?resize=1&zoneid=15&target=_blank&cb=254', 'aria_label': None, 'class': ['tmiads'], 'id': 'a5aefaca', 'text': ''}, {'tag': 'iframe', 'src': 'https://ads.independent.com.mt/www/delivery/afr.php?zoneid=147&cb=250', 'aria_label': None, 'class': ['tmiads'], 'id': 'a65e2a3a', 'text': ''}, {'tag': 'iframe', 'src': 'https://ads.independent.com.mt/www/delivery/afr.php?resize=1&zoneid=16&target=_blank&cb=201', 'aria_label': None, 'class': ['tmiads'], 'id': 'a4798ae8', 'text': ''}, {'tag': 'iframe', 'src': 'https://ads.independent.com.mt/www/delivery/afr.php?resize=1&zoneid=7&target=_blank&cb=186', 'aria_label': None, 'class': ['tmiads'], 'id': 'a3c00537', 'text': ''}]",7,020,independent,home_page
419,187,52,25,12,1,65,45,36431,5570,23,18,"[{'tag': 'iframe', 'src': 'https://ads.independent.com.mt/www/delivery/afr.php?resize=1&zoneid=32&target=_blank&cb=297', 'aria_label': None, 'class': ['tmiads'], 'id': 'a735fbc0', 'text': ''}, {'tag': 'iframe', 'src': 'https://ads.independent.com.mt/www/delivery/afr.php?zoneid=103&cb=175', 'aria_label': None, 'class': ['tmiads'], 'id': 'a0d81251', 'text': ''}, {'tag': 'iframe', 'src': 'https://ads.independent.com.mt/www/delivery/afr.php?resize=1&zoneid=9&target=_blank&cb=196', 'aria_label': None, 'class': ['tmiads'], 'id': 'a94be7f3', 'text': ''}, {'tag': 'iframe', 'src': 'https://ads.independent.com.mt/www/delivery/afr.php?resize=1&zoneid=10&target=_blank&cb=64', 'aria_label': None, 'class': ['tmiads'], 'id': 'a7d8fb45', 'text': ''}, {'tag': 'iframe', 'src': 'https://ads.independent.com.mt/www/delivery/afr.php?resize=1&zoneid=146&target=_blank&cb=218', 'aria_label': None, 'class': ['tmiads'], 'id': 'a94be7f3', 'text': ''}, {'tag': 'iframe', 'src': 'https://ads.independent.com.mt/www/delivery/afr.php?zoneid=147&cb=8', 'aria_label': None, 'class': ['tmiads'], 'id': 'a65e2a3a', 'text': ''}, {'tag': 'iframe', 'src': 'https://ads.independent.com.mt/www/delivery/afr.php?resize=1&zoneid=146&target=_blank&cb=218', 'aria_label': None, 'class': ['tmiads'], 'id': 'a94be7f3', 'text': ''}, {'tag': 'iframe', 'src': 'https://ads.independent.com.mt/www/delivery/afr.php?resize=1&zoneid=5&target=_blank&cb=95', 'aria_label': None, 'class': ['tmiads'], 'id': 'a6868fa4', 'text': ''}, {'tag': 'iframe', 'src': 'https://ads.independent.com.mt/www/delivery/afr.php?zoneid=17&cb=158', 'aria_label': None, 'class': ['tmiads'], 'id': 'ac72d028', 'text': ''}, {'tag': 'iframe', 'src': 'https://ads.independent.com.mt/www/delivery/afr.php?zoneid=12&cb=238', 'aria_label': None, 'class': ['tmiads'], 'id': 'af2737e4', 'text': ''}, {'tag': 'iframe', 'src': 'https://ads.independent.com.mt/www/delivery/afr.php?resize=1&zoneid=13&target=_blank&cb=85', 'aria_label': None, 'class': ['tmiads'], 'id': 'a86ac61d', 'text': ''}, {'tag': 'iframe', 'src': 'https://ads.independent.com.mt/www/delivery/afr.php?zoneid=147&cb=244', 'aria_label': None, 'class': ['tmiads'], 'id': 'a65e2a3a', 'text': ''}, {'tag': 'iframe', 'src': 'https://ads.independent.com.mt/www/delivery/afr.php?resize=1&zoneid=6&target=_blank&cb=227', 'aria_label': None, 'class': ['tmiads'], 'id': 'a486284e', 'text': ''}, {'tag': 'iframe', 'src': 'https://ads.independent.com.mt/www/delivery/afr.php?resize=1&zoneid=14&target=_blank&cb=159', 'aria_label': None, 'class': ['tmiads'], 'id': 'a8e28c82', 'text': ''}, {'tag': 'iframe', 'src': 'https://ads.independent.com.mt/www/delivery/afr.php?resize=1&zoneid=15&target=_blank&cb=254', 'aria_label': None, 'class': ['tmiads'], 'id': 'a5aefaca', 'text': ''}, {'tag': 'iframe', 'src': 'https://ads.independent.com.mt/www/delivery/afr.php?zoneid=147&cb=250', 'aria_label': None, 'class': ['tmiads'], 'id': 'a65e2a3a', 'text': ''}, {'tag': 'iframe', 'src': 'https://ads.independent.com.mt/www/delivery/afr.php?resize=1&zoneid=16&target=_blank&cb=201', 'aria_label': None, 'class': ['tmiads'], 'id': 'a4798ae8', 'text': ''}, {'tag': 'iframe', 'src': 'https://ads.independent.com.mt/www/delivery/afr.php?resize=1&zoneid=7&target=_blank&cb=186', 'aria_label': None, 'class': ['tmiads'], 'id': 'a3c00537', 'text': ''}]",7,021,independent,home_page
419,187,52,25,12,1,65,45,36431,5570,23,18,"[{'tag': 'iframe', 'src': 'https://ads.independent.com.mt/www/delivery/afr.php?resize=1&zoneid=32&target=_blank&cb=297', 'aria_label': None, 'class': ['tmiads'], 'id': 'a735fbc0', 'text': ''}, {'tag': 'iframe', 'src': 'https://ads.independent.com.mt/www/delivery/afr.php?zoneid=103&cb=175', 'aria_label': None, 'class': ['tmiads'], 'id': 'a0d81251', 'text': ''}, {'tag': 'iframe', 'src': 'https://ads.independent.com.mt/www/delivery/afr.php?resize=1&zoneid=9&target=_blank&cb=196', 'aria_label': None, 'class': ['tmiads'], 'id': 'a94be7f3', 'text': ''}, {'tag': 'iframe', 'src': 'https://ads.independent.com.mt/www/delivery/afr.php?resize=1&zoneid=10&target=_blank&cb=64', 'aria_label': None, 'class': ['tmiads'], 'id': 'a7d8fb45', 'text': ''}, {'tag': 'iframe', 'src': 'https://ads.independent.com.mt/www/delivery/afr.php?resize=1&zoneid=146&target=_blank&cb=218', 'aria_label': None, 'class': ['tmiads'], 'id': 'a94be7f3', 'text': ''}, {'tag': 'iframe', 'src': 'https://ads.independent.com.mt/www/delivery/afr.php?zoneid=147&cb=8', 'aria_label': None, 'class': ['tmiads'], 'id': 'a65e2a3a', 'text': ''}, {'tag': 'iframe', 'src': 'https://ads.independent.com.mt/www/delivery/afr.php?resize=1&zoneid=146&target=_blank&cb=218', 'aria_label': None, 'class': ['tmiads'], 'id': 'a94be7f3', 'text': ''}, {'tag': 'iframe', 'src': 'https://ads.independent.com.mt/www/delivery/afr.php?resize=1&zoneid=5&target=_blank&cb=95', 'aria_label': None, 'class': ['tmiads'], 'id': 'a6868fa4', 'text': ''}, {'tag': 'iframe', 'src': 'https://ads.independent.com.mt/www/delivery/afr.php?zoneid=17&cb=158', 'aria_label': None, 'class': ['tmiads'], 'id': 'ac72d028', 'text': ''}, {'tag': 'iframe', 'src': 'https://ads.independent.com.mt/www/delivery/afr.php?zoneid=12&cb=238', 'aria_label': None, 'class': ['tmiads'], 'id': 'af2737e4', 'text': ''}, {'tag': 'iframe', 'src': 'https://ads.independent.com.mt/www/delivery/afr.php?resize=1&zoneid=13&target=_blank&cb=85', 'aria_label': None, 'class': ['tmiads'], 'id': 'a86ac61d', 'text': ''}, {'tag': 'iframe', 'src': 'https://ads.independent.com.mt/www/delivery/afr.php?zoneid=147&cb=244', 'aria_label': None, 'class': ['tmiads'], 'id': 'a65e2a3a', 'text': ''}, {'tag': 'iframe', 'src': 'https://ads.independent.com.mt/www/delivery/afr.php?resize=1&zoneid=6&target=_blank&cb=227', 'aria_label': None, 'class': ['tmiads'], 'id': 'a486284e', 'text': ''}, {'tag': 'iframe', 'src': 'https://ads.independent.com.mt/www/delivery/afr.php?resize=1&zoneid=14&target=_blank&cb=159', 'aria_label': None, 'class': ['tmiads'], 'id': 'a8e28c82', 'text': ''}, {'tag': 'iframe', 'src': 'https://ads.independent.com.mt/www/delivery/afr.php?resize=1&zoneid=15&target=_blank&cb=254', 'aria_label': None, 'class': ['tmiads'], 'id': 'a5aefaca', 'text': ''}, {'tag': 'iframe', 'src': 'https://ads.independent.com.mt/www/delivery/afr.php?zoneid=147&cb=250', 'aria_label': None, 'class': ['tmiads'], 'id': 'a65e2a3a', 'text': ''}, {'tag': 'iframe', 'src': 'https://ads.independent.com.mt/www/delivery/afr.php?resize=1&zoneid=16&target=_blank&cb=201', 'aria_label': None, 'class': ['tmiads'], 'id': 'a4798ae8', 'text': ''}, {'tag': 'iframe', 'src': 'https://ads.independent.com.mt/www/delivery/afr.php?resize=1&zoneid=7&target=_blank&cb=186', 'aria_label': None, 'class': ['tmiads'], 'id': 'a3c00537', 'text': ''}]",7,022,independent,home_page
419,187,52,25,12,1,65,45,36431,5570,23,18,"[{'tag': 'iframe', 'src': 'https://ads.independent.com.mt/www/delivery/afr.php?resize=1&zoneid=32&target=_blank&cb=297', 'aria_label': None, 'class': ['tmiads'], 'id': 'a735fbc0', 'text': ''}, {'tag': 'iframe', 'src': 'https://ads.independent.com.mt/www/delivery/afr.php?zoneid=103&cb=175', 'aria_label': None, 'class': ['tmiads'], 'id': 'a0d81251', 'text': ''}, {'tag': 'iframe', 'src': 'https://ads.independent.com.mt/www/delivery/afr.php?resize=1&zoneid=9&target=_blank&cb=196', 'aria_label': None, 'class': ['tmiads'], 'id': 'a94be7f3', 'text': ''}, {'tag': 'iframe', 'src': 'https://ads.independent.com.mt/www/delivery/afr.php?resize=1&zoneid=10&target=_blank&cb=64', 'aria_label': None, 'class': ['tmiads'], 'id': 'a7d8fb45', 'text': ''}, {'tag': 'iframe', 'src': 'https://ads.independent.com.mt/www/delivery/afr.php?resize=1&zoneid=146&target=_blank&cb=218', 'aria_label': None, 'class': ['tmiads'], 'id': 'a94be7f3', 'text': ''}, {'tag': 'iframe', 'src': 'https://ads.independent.com.mt/www/delivery/afr.php?zoneid=147&cb=8', 'aria_label': None, 'class': ['tmiads'], 'id': 'a65e2a3a', 'text': ''}, {'tag': 'iframe', 'src': 'https://ads.independent.com.mt/www/delivery/afr.php?resize=1&zoneid=146&target=_blank&cb=218', 'aria_label': None, 'class': ['tmiads'], 'id': 'a94be7f3', 'text': ''}, {'tag': 'iframe', 'src': 'https://ads.independent.com.mt/www/delivery/afr.php?resize=1&zoneid=5&target=_blank&cb=95', 'aria_label': None, 'class': ['tmiads'], 'id': 'a6868fa4', 'text': ''}, {'tag': 'iframe', 'src': 'https://ads.independent.com.mt/www/delivery/afr.php?zoneid=17&cb=158', 'aria_label': None, 'class': ['tmiads'], 'id': 'ac72d028', 'text': ''}, {'tag': 'iframe', 'src': 'https://ads.independent.com.mt/www/delivery/afr.php?zoneid=12&cb=238', 'aria_label': None, 'class': ['tmiads'], 'id': 'af2737e4', 'text': ''}, {'tag': 'iframe', 'src': 'https://ads.independent.com.mt/www/delivery/afr.php?resize=1&zoneid=13&target=_blank&cb=85', 'aria_label': None, 'class': ['tmiads'], 'id': 'a86ac61d', 'text': ''}, {'tag': 'iframe', 'src': 'https://ads.independent.com.mt/www/delivery/afr.php?zoneid=147&cb=244', 'aria_label': None, 'class': ['tmiads'], 'id': 'a65e2a3a', 'text': ''}, {'tag': 'iframe', 'src': 'https://ads.independent.com.mt/www/delivery/afr.php?resize=1&zoneid=6&target=_blank&cb=227', 'aria_label': None, 'class': ['tmiads'], 'id': 'a486284e', 'text': ''}, {'tag': 'iframe', 'src': 'https://ads.independent.com.mt/www/delivery/afr.php?resize=1&zoneid=14&target=_blank&cb=159', 'aria_label': None, 'class': ['tmiads'], 'id': 'a8e28c82', 'text': ''}, {'tag': 'iframe', 'src': 'https://ads.independent.com.mt/www/delivery/afr.php?resize=1&zoneid=15&target=_blank&cb=254', 'aria_label': None, 'class': ['tmiads'], 'id': 'a5aefaca', 'text': ''}, {'tag': 'iframe', 'src': 'https://ads.independent.com.mt/www/delivery/afr.php?zoneid=147&cb=250', 'aria_label': None, 'class': ['tmiads'], 'id': 'a65e2a3a', 'text': ''}, {'tag': 'iframe', 'src': 'https://ads.independent.com.mt/www/delivery/afr.php?resize=1&zoneid=16&target=_blank&cb=201', 'aria_label': None, 'class': ['tmiads'], 'id': 'a4798ae8', 'text': ''}, {'tag': 'iframe', 'src': 'https://ads.independent.com.mt/www/delivery/afr.php?resize=1&zoneid=7&target=_blank&cb=186', 'aria_label': None, 'class': ['tmiads'], 'id': 'a3c00537', 'text': ''}]",7,023,independent,home_page
419,187,52,25,12,1,65,45,36431,5570,23,18,"[{'tag': 'iframe', 'src': 'https://ads.independent.com.mt/www/delivery/afr.php?resize=1&zoneid=32&target=_blank&cb=297', 'aria_label': None, 'class': ['tmiads'], 'id': 'a735fbc0', 'text': ''}, {'tag': 'iframe', 'src': 'https://ads.independent.com.mt/www/delivery/afr.php?zoneid=103&cb=175', 'aria_label': None, 'class': ['tmiads'], 'id': 'a0d81251', 'text': ''}, {'tag': 'iframe', 'src': 'https://ads.independent.com.mt/www/delivery/afr.php?resize=1&zoneid=9&target=_blank&cb=196', 'aria_label': None, 'class': ['tmiads'], 'id': 'a94be7f3', 'text': ''}, {'tag': 'iframe', 'src': 'https://ads.independent.com.mt/www/delivery/afr.php?resize=1&zoneid=10&target=_blank&cb=64', 'aria_label': None, 'class': ['tmiads'], 'id': 'a7d8fb45', 'text': ''}, {'tag': 'iframe', 'src': 'https://ads.independent.com.mt/www/delivery/afr.php?resize=1&zoneid=146&target=_blank&cb=218', 'aria_label': None, 'class': ['tmiads'], 'id': 'a94be7f3', 'text': ''}, {'tag': 'iframe', 'src': 'https://ads.independent.com.mt/www/delivery/afr.php?zoneid=147&cb=8', 'aria_label': None, 'class': ['tmiads'], 'id': 'a65e2a3a', 'text': ''}, {'tag': 'iframe', 'src': 'https://ads.independent.com.mt/www/delivery/afr.php?resize=1&zoneid=146&target=_blank&cb=218', 'aria_label': None, 'class': ['tmiads'], 'id': 'a94be7f3', 'text': ''}, {'tag': 'iframe', 'src': 'https://ads.independent.com.mt/www/delivery/afr.php?resize=1&zoneid=5&target=_blank&cb=95', 'aria_label': None, 'class': ['tmiads'], 'id': 'a6868fa4', 'text': ''}, {'tag': 'iframe', 'src': 'https://ads.independent.com.mt/www/delivery/afr.php?zoneid=17&cb=158', 'aria_label': None, 'class': ['tmiads'], 'id': 'ac72d028', 'text': ''}, {'tag': 'iframe', 'src': 'https://ads.independent.com.mt/www/delivery/afr.php?zoneid=12&cb=238', 'aria_label': None, 'class': ['tmiads'], 'id': 'af2737e4', 'text': ''}, {'tag': 'iframe', 'src': 'https://ads.independent.com.mt/www/delivery/afr.php?resize=1&zoneid=13&target=_blank&cb=85', 'aria_label': None, 'class': ['tmiads'], 'id': 'a86ac61d', 'text': ''}, {'tag': 'iframe', 'src': 'https://ads.independent.com.mt/www/delivery/afr.php?zoneid=147&cb=244', 'aria_label': None, 'class': ['tmiads'], 'id': 'a65e2a3a', 'text': ''}, {'tag': 'iframe', 'src': 'https://ads.independent.com.mt/www/delivery/afr.php?resize=1&zoneid=6&target=_blank&cb=227', 'aria_label': None, 'class': ['tmiads'], 'id': 'a486284e', 'text': ''}, {'tag': 'iframe', 'src': 'https://ads.independent.com.mt/www/delivery/afr.php?resize=1&zoneid=14&target=_blank&cb=159', 'aria_label': None, 'class': ['tmiads'], 'id': 'a8e28c82', 'text': ''}, {'tag': 'iframe', 'src': 'https://ads.independent.com.mt/www/delivery/afr.php?resize=1&zoneid=15&target=_blank&cb=254', 'aria_label': None, 'class': ['tmiads'], 'id': 'a5aefaca', 'text': ''}, {'tag': 'iframe', 'src': 'https://ads.independent.com.mt/www/delivery/afr.php?zoneid=147&cb=250', 'aria_label': None, 'class': ['tmiads'], 'id': 'a65e2a3a', 'text': ''}, {'tag': 'iframe', 'src': 'https://ads.independent.com.mt/www/delivery/afr.php?resize=1&zoneid=16&target=_blank&cb=201', 'aria_label': None, 'class': ['tmiads'], 'id': 'a4798ae8', 'text': ''}, {'tag': 'iframe', 'src': 'https://ads.independent.com.mt/www/delivery/afr.php?resize=1&zoneid=7&target=_blank&cb=186', 'aria_label': None, 'class': ['tmiads'], 'id': 'a3c00537', 'text': ''}]",7,024,independent,home_page
419,187,52,25,12,1,65,45,36431,5570,23,18,"[{'tag': 'iframe', 'src': 'https://ads.independent.com.mt/www/delivery/afr.php?resize=1&zoneid=32&target=_blank&cb=297', 'aria_label': None, 'class': ['tmiads'], 'id': 'a735fbc0', 'text': ''}, {'tag': 'iframe', 'src': 'https://ads.independent.com.mt/www/delivery/afr.php?zoneid=103&cb=175', 'aria_label': None, 'class': ['tmiads'], 'id': 'a0d81251', 'text': ''}, {'tag': 'iframe', 'src': 'https://ads.independent.com.mt/www/delivery/afr.php?resize=1&zoneid=9&target=_blank&cb=196', 'aria_label': None, 'class': ['tmiads'], 'id': 'a94be7f3', 'text': ''}, {'tag': 'iframe', 'src': 'https://ads.independent.com.mt/www/delivery/afr.php?resize=1&zoneid=10&target=_blank&cb=64', 'aria_label': None, 'class': ['tmiads'], 'id': 'a7d8fb45', 'text': ''}, {'tag': 'iframe', 'src': 'https://ads.independent.com.mt/www/delivery/afr.php?resize=1&zoneid=146&target=_blank&cb=218', 'aria_label': None, 'class': ['tmiads'], 'id': 'a94be7f3', 'text': ''}, {'tag': 'iframe', 'src': 'https://ads.independent.com.mt/www/delivery/afr.php?zoneid=147&cb=8', 'aria_label': None, 'class': ['tmiads'], 'id': 'a65e2a3a', 'text': ''}, {'tag': 'iframe', 'src': 'https://ads.independent.com.mt/www/delivery/afr.php?resize=1&zoneid=146&target=_blank&cb=218', 'aria_label': None, 'class': ['tmiads'], 'id': 'a94be7f3', 'text': ''}, {'tag': 'iframe', 'src': 'https://ads.independent.com.mt/www/delivery/afr.php?resize=1&zoneid=5&target=_blank&cb=95', 'aria_label': None, 'class': ['tmiads'], 'id': 'a6868fa4', 'text': ''}, {'tag': 'iframe', 'src': 'https://ads.independent.com.mt/www/delivery/afr.php?zoneid=17&cb=158', 'aria_label': None, 'class': ['tmiads'], 'id': 'ac72d028', 'text': ''}, {'tag': 'iframe', 'src': 'https://ads.independent.com.mt/www/delivery/afr.php?zoneid=12&cb=238', 'aria_label': None, 'class': ['tmiads'], 'id': 'af2737e4', 'text': ''}, {'tag': 'iframe', 'src': 'https://ads.independent.com.mt/www/delivery/afr.php?resize=1&zoneid=13&target=_blank&cb=85', 'aria_label': None, 'class': ['tmiads'], 'id': 'a86ac61d', 'text': ''}, {'tag': 'iframe', 'src': 'https://ads.independent.com.mt/www/delivery/afr.php?zoneid=147&cb=244', 'aria_label': None, 'class': ['tmiads'], 'id': 'a65e2a3a', 'text': ''}, {'tag': 'iframe', 'src': 'https://ads.independent.com.mt/www/delivery/afr.php?resize=1&zoneid=6&target=_blank&cb=227', 'aria_label': None, 'class': ['tmiads'], 'id': 'a486284e', 'text': ''}, {'tag': 'iframe', 'src': 'https://ads.independent.com.mt/www/delivery/afr.php?resize=1&zoneid=14&target=_blank&cb=159', 'aria_label': None, 'class': ['tmiads'], 'id': 'a8e28c82', 'text': ''}, {'tag': 'iframe', 'src': 'https://ads.independent.com.mt/www/delivery/afr.php?resize=1&zoneid=15&target=_blank&cb=254', 'aria_label': None, 'class': ['tmiads'], 'id': 'a5aefaca', 'text': ''}, {'tag': 'iframe', 'src': 'https://ads.independent.com.mt/www/delivery/afr.php?zoneid=147&cb=250', 'aria_label': None, 'class': ['tmiads'], 'id': 'a65e2a3a', 'text': ''}, {'tag': 'iframe', 'src': 'https://ads.independent.com.mt/www/delivery/afr.php?resize=1&zoneid=16&target=_blank&cb=201', 'aria_label': None, 'class': ['tmiads'], 'id': 'a4798ae8', 'text': ''}, {'tag': 'iframe', 'src': 'https://ads.independent.com.mt/www/delivery/afr.php?resize=1&zoneid=7&target=_blank&cb=186', 'aria_label': None, 'class': ['tmiads'], 'id': 'a3c00537', 'text': ''}]",7,025,independent,home_page
419,187,52,25,12,1,65,45,36431,5570,23,18,"[{'tag': 'iframe', 'src': 'https://ads.independent.com.mt/www/delivery/afr.php?resize=1&zoneid=32&target=_blank&cb=297', 'aria_label': None, 'class': ['tmiads'], 'id': 'a735fbc0', 'text': ''}, {'tag': 'iframe', 'src': 'https://ads.independent.com.mt/www/delivery/afr.php?zoneid=103&cb=175', 'aria_label': None, 'class': ['tmiads'], 'id': 'a0d81251', 'text': ''}, {'tag': 'iframe', 'src': 'https://ads.independent.com.mt/www/delivery/afr.php?resize=1&zoneid=9&target=_blank&cb=196', 'aria_label': None, 'class': ['tmiads'], 'id': 'a94be7f3', 'text': ''}, {'tag': 'iframe', 'src': 'https://ads.independent.com.mt/www/delivery/afr.php?resize=1&zoneid=10&target=_blank&cb=64', 'aria_label': None, 'class': ['tmiads'], 'id': 'a7d8fb45', 'text': ''}, {'tag': 'iframe', 'src': 'https://ads.independent.com.mt/www/delivery/afr.php?resize=1&zoneid=146&target=_blank&cb=218', 'aria_label': None, 'class': ['tmiads'], 'id': 'a94be7f3', 'text': ''}, {'tag': 'iframe', 'src': 'https://ads.independent.com.mt/www/delivery/afr.php?zoneid=147&cb=8', 'aria_label': None, 'class': ['tmiads'], 'id': 'a65e2a3a', 'text': ''}, {'tag': 'iframe', 'src': 'https://ads.independent.com.mt/www/delivery/afr.php?resize=1&zoneid=146&target=_blank&cb=218', 'aria_label': None, 'class': ['tmiads'], 'id': 'a94be7f3', 'text': ''}, {'tag': 'iframe', 'src': 'https://ads.independent.com.mt/www/delivery/afr.php?resize=1&zoneid=5&target=_blank&cb=95', 'aria_label': None, 'class': ['tmiads'], 'id': 'a6868fa4', 'text': ''}, {'tag': 'iframe', 'src': 'https://ads.independent.com.mt/www/delivery/afr.php?zoneid=17&cb=158', 'aria_label': None, 'class': ['tmiads'], 'id': 'ac72d028', 'text': ''}, {'tag': 'iframe', 'src': 'https://ads.independent.com.mt/www/delivery/afr.php?zoneid=12&cb=238', 'aria_label': None, 'class': ['tmiads'], 'id': 'af2737e4', 'text': ''}, {'tag': 'iframe', 'src': 'https://ads.independent.com.mt/www/delivery/afr.php?resize=1&zoneid=13&target=_blank&cb=85', 'aria_label': None, 'class': ['tmiads'], 'id': 'a86ac61d', 'text': ''}, {'tag': 'iframe', 'src': 'https://ads.independent.com.mt/www/delivery/afr.php?zoneid=147&cb=244', 'aria_label': None, 'class': ['tmiads'], 'id': 'a65e2a3a', 'text': ''}, {'tag': 'iframe', 'src': 'https://ads.independent.com.mt/www/delivery/afr.php?resize=1&zoneid=6&target=_blank&cb=227', 'aria_label': None, 'class': ['tmiads'], 'id': 'a486284e', 'text': ''}, {'tag': 'iframe', 'src': 'https://ads.independent.com.mt/www/delivery/afr.php?resize=1&zoneid=14&target=_blank&cb=159', 'aria_label': None, 'class': ['tmiads'], 'id': 'a8e28c82', 'text': ''}, {'tag': 'iframe', 'src': 'https://ads.independent.com.mt/www/delivery/afr.php?resize=1&zoneid=15&target=_blank&cb=254', 'aria_label': None, 'class': ['tmiads'], 'id': 'a5aefaca', 'text': ''}, {'tag': 'iframe', 'src': 'https://ads.independent.com.mt/www/delivery/afr.php?zoneid=147&cb=250', 'aria_label': None, 'class': ['tmiads'], 'id': 'a65e2a3a', 'text': ''}, {'tag': 'iframe', 'src': 'https://ads.independent.com.mt/www/delivery/afr.php?resize=1&zoneid=16&target=_blank&cb=201', 'aria_label': None, 'class': ['tmiads'], 'id': 'a4798ae8', 'text': ''}, {'tag': 'iframe', 'src': 'https://ads.independent.com.mt/www/delivery/afr.php?resize=1&zoneid=7&target=_blank&cb=186', 'aria_label': None, 'class': ['tmiads'], 'id': 'a3c00537', 'text': ''}]",7,026,independent,home_page
419,187,52,25,12,1,65,45,36431,5570,23,18,"[{'tag': 'iframe', 'src': 'https://ads.independent.com.mt/www/delivery/afr.php?resize=1&zoneid=32&target=_blank&cb=297', 'aria_label': None, 'class': ['tmiads'], 'id': 'a735fbc0', 'text': ''}, {'tag': 'iframe', 'src': 'https://ads.independent.com.mt/www/delivery/afr.php?zoneid=103&cb=175', 'aria_label': None, 'class': ['tmiads'], 'id': 'a0d81251', 'text': ''}, {'tag': 'iframe', 'src': 'https://ads.independent.com.mt/www/delivery/afr.php?resize=1&zoneid=9&target=_blank&cb=196', 'aria_label': None, 'class': ['tmiads'], 'id': 'a94be7f3', 'text': ''}, {'tag': 'iframe', 'src': 'https://ads.independent.com.mt/www/delivery/afr.php?resize=1&zoneid=10&target=_blank&cb=64', 'aria_label': None, 'class': ['tmiads'], 'id': 'a7d8fb45', 'text': ''}, {'tag': 'iframe', 'src': 'https://ads.independent.com.mt/www/delivery/afr.php?resize=1&zoneid=146&target=_blank&cb=218', 'aria_label': None, 'class': ['tmiads'], 'id': 'a94be7f3', 'text': ''}, {'tag': 'iframe', 'src': 'https://ads.independent.com.mt/www/delivery/afr.php?zoneid=147&cb=8', 'aria_label': None, 'class': ['tmiads'], 'id': 'a65e2a3a', 'text': ''}, {'tag': 'iframe', 'src': 'https://ads.independent.com.mt/www/delivery/afr.php?resize=1&zoneid=146&target=_blank&cb=218', 'aria_label': None, 'class': ['tmiads'], 'id': 'a94be7f3', 'text': ''}, {'tag': 'iframe', 'src': 'https://ads.independent.com.mt/www/delivery/afr.php?resize=1&zoneid=5&target=_blank&cb=95', 'aria_label': None, 'class': ['tmiads'], 'id': 'a6868fa4', 'text': ''}, {'tag': 'iframe', 'src': 'https://ads.independent.com.mt/www/delivery/afr.php?zoneid=17&cb=158', 'aria_label': None, 'class': ['tmiads'], 'id': 'ac72d028', 'text': ''}, {'tag': 'iframe', 'src': 'https://ads.independent.com.mt/www/delivery/afr.php?zoneid=12&cb=238', 'aria_label': None, 'class': ['tmiads'], 'id': 'af2737e4', 'text': ''}, {'tag': 'iframe', 'src': 'https://ads.independent.com.mt/www/delivery/afr.php?resize=1&zoneid=13&target=_blank&cb=85', 'aria_label': None, 'class': ['tmiads'], 'id': 'a86ac61d', 'text': ''}, {'tag': 'iframe', 'src': 'https://ads.independent.com.mt/www/delivery/afr.php?zoneid=147&cb=244', 'aria_label': None, 'class': ['tmiads'], 'id': 'a65e2a3a', 'text': ''}, {'tag': 'iframe', 'src': 'https://ads.independent.com.mt/www/delivery/afr.php?resize=1&zoneid=6&target=_blank&cb=227', 'aria_label': None, 'class': ['tmiads'], 'id': 'a486284e', 'text': ''}, {'tag': 'iframe', 'src': 'https://ads.independent.com.mt/www/delivery/afr.php?resize=1&zoneid=14&target=_blank&cb=159', 'aria_label': None, 'class': ['tmiads'], 'id': 'a8e28c82', 'text': ''}, {'tag': 'iframe', 'src': 'https://ads.independent.com.mt/www/delivery/afr.php?resize=1&zoneid=15&target=_blank&cb=254', 'aria_label': None, 'class': ['tmiads'], 'id': 'a5aefaca', 'text': ''}, {'tag': 'iframe', 'src': 'https://ads.independent.com.mt/www/delivery/afr.php?zoneid=147&cb=250', 'aria_label': None, 'class': ['tmiads'], 'id': 'a65e2a3a', 'text': ''}, {'tag': 'iframe', 'src': 'https://ads.independent.com.mt/www/delivery/afr.php?resize=1&zoneid=16&target=_blank&cb=201', 'aria_label': None, 'class': ['tmiads'], 'id': 'a4798ae8', 'text': ''}, {'tag': 'iframe', 'src': 'https://ads.independent.com.mt/www/delivery/afr.php?resize=1&zoneid=7&target=_blank&cb=186', 'aria_label': None, 'class': ['tmiads'], 'id': 'a3c00537', 'text': ''}]",7,027,independent,home_page
419,187,52,25,12,1,65,45,36431,5570,23,18,"[{'tag': 'iframe', 'src': 'https://ads.independent.com.mt/www/delivery/afr.php?resize=1&zoneid=32&target=_blank&cb=297', 'aria_label': None, 'class': ['tmiads'], 'id': 'a735fbc0', 'text': ''}, {'tag': 'iframe', 'src': 'https://ads.independent.com.mt/www/delivery/afr.php?zoneid=103&cb=175', 'aria_label': None, 'class': ['tmiads'], 'id': 'a0d81251', 'text': ''}, {'tag': 'iframe', 'src': 'https://ads.independent.com.mt/www/delivery/afr.php?resize=1&zoneid=9&target=_blank&cb=196', 'aria_label': None, 'class': ['tmiads'], 'id': 'a94be7f3', 'text': ''}, {'tag': 'iframe', 'src': 'https://ads.independent.com.mt/www/delivery/afr.php?resize=1&zoneid=10&target=_blank&cb=64', 'aria_label': None, 'class': ['tmiads'], 'id': 'a7d8fb45', 'text': ''}, {'tag': 'iframe', 'src': 'https://ads.independent.com.mt/www/delivery/afr.php?resize=1&zoneid=146&target=_blank&cb=218', 'aria_label': None, 'class': ['tmiads'], 'id': 'a94be7f3', 'text': ''}, {'tag': 'iframe', 'src': 'https://ads.independent.com.mt/www/delivery/afr.php?zoneid=147&cb=8', 'aria_label': None, 'class': ['tmiads'], 'id': 'a65e2a3a', 'text': ''}, {'tag': 'iframe', 'src': 'https://ads.independent.com.mt/www/delivery/afr.php?resize=1&zoneid=146&target=_blank&cb=218', 'aria_label': None, 'class': ['tmiads'], 'id': 'a94be7f3', 'text': ''}, {'tag': 'iframe', 'src': 'https://ads.independent.com.mt/www/delivery/afr.php?resize=1&zoneid=5&target=_blank&cb=95', 'aria_label': None, 'class': ['tmiads'], 'id': 'a6868fa4', 'text': ''}, {'tag': 'iframe', 'src': 'https://ads.independent.com.mt/www/delivery/afr.php?zoneid=17&cb=158', 'aria_label': None, 'class': ['tmiads'], 'id': 'ac72d028', 'text': ''}, {'tag': 'iframe', 'src': 'https://ads.independent.com.mt/www/delivery/afr.php?zoneid=12&cb=238', 'aria_label': None, 'class': ['tmiads'], 'id': 'af2737e4', 'text': ''}, {'tag': 'iframe', 'src': 'https://ads.independent.com.mt/www/delivery/afr.php?resize=1&zoneid=13&target=_blank&cb=85', 'aria_label': None, 'class': ['tmiads'], 'id': 'a86ac61d', 'text': ''}, {'tag': 'iframe', 'src': 'https://ads.independent.com.mt/www/delivery/afr.php?zoneid=147&cb=244', 'aria_label': None, 'class': ['tmiads'], 'id': 'a65e2a3a', 'text': ''}, {'tag': 'iframe', 'src': 'https://ads.independent.com.mt/www/delivery/afr.php?resize=1&zoneid=6&target=_blank&cb=227', 'aria_label': None, 'class': ['tmiads'], 'id': 'a486284e', 'text': ''}, {'tag': 'iframe', 'src': 'https://ads.independent.com.mt/www/delivery/afr.php?resize=1&zoneid=14&target=_blank&cb=159', 'aria_label': None, 'class': ['tmiads'], 'id': 'a8e28c82', 'text': ''}, {'tag': 'iframe', 'src': 'https://ads.independent.com.mt/www/delivery/afr.php?resize=1&zoneid=15&target=_blank&cb=254', 'aria_label': None, 'class': ['tmiads'], 'id': 'a5aefaca', 'text': ''}, {'tag': 'iframe', 'src': 'https://ads.independent.com.mt/www/delivery/afr.php?zoneid=147&cb=250', 'aria_label': None, 'class': ['tmiads'], 'id': 'a65e2a3a', 'text': ''}, {'tag': 'iframe', 'src': 'https://ads.independent.com.mt/www/delivery/afr.php?resize=1&zoneid=16&target=_blank&cb=201', 'aria_label': None, 'class': ['tmiads'], 'id': 'a4798ae8', 'text': ''}, {'tag': 'iframe', 'src': 'https://ads.independent.com.mt/www/delivery/afr.php?resize=1&zoneid=7&target=_blank&cb=186', 'aria_label': None, 'class': ['tmiads'], 'id': 'a3c00537', 'text': ''}]",7,028,independent,home_page
419,187,52,25,12,1,65,45,36431,5570,23,18,"[{'tag': 'iframe', 'src': 'https://ads.independent.com.mt/www/delivery/afr.php?resize=1&zoneid=32&target=_blank&cb=297', 'aria_label': None, 'class': ['tmiads'], 'id': 'a735fbc0', 'text': ''}, {'tag': 'iframe', 'src': 'https://ads.independent.com.mt/www/delivery/afr.php?zoneid=103&cb=175', 'aria_label': None, 'class': ['tmiads'], 'id': 'a0d81251', 'text': ''}, {'tag': 'iframe', 'src': 'https://ads.independent.com.mt/www/delivery/afr.php?resize=1&zoneid=9&target=_blank&cb=196', 'aria_label': None, 'class': ['tmiads'], 'id': 'a94be7f3', 'text': ''}, {'tag': 'iframe', 'src': 'https://ads.independent.com.mt/www/delivery/afr.php?resize=1&zoneid=10&target=_blank&cb=64', 'aria_label': None, 'class': ['tmiads'], 'id': 'a7d8fb45', 'text': ''}, {'tag': 'iframe', 'src': 'https://ads.independent.com.mt/www/delivery/afr.php?resize=1&zoneid=146&target=_blank&cb=218', 'aria_label': None, 'class': ['tmiads'], 'id': 'a94be7f3', 'text': ''}, {'tag': 'iframe', 'src': 'https://ads.independent.com.mt/www/delivery/afr.php?zoneid=147&cb=8', 'aria_label': None, 'class': ['tmiads'], 'id': 'a65e2a3a', 'text': ''}, {'tag': 'iframe', 'src': 'https://ads.independent.com.mt/www/delivery/afr.php?resize=1&zoneid=146&target=_blank&cb=218', 'aria_label': None, 'class': ['tmiads'], 'id': 'a94be7f3', 'text': ''}, {'tag': 'iframe', 'src': 'https://ads.independent.com.mt/www/delivery/afr.php?resize=1&zoneid=5&target=_blank&cb=95', 'aria_label': None, 'class': ['tmiads'], 'id': 'a6868fa4', 'text': ''}, {'tag': 'iframe', 'src': 'https://ads.independent.com.mt/www/delivery/afr.php?zoneid=17&cb=158', 'aria_label': None, 'class': ['tmiads'], 'id': 'ac72d028', 'text': ''}, {'tag': 'iframe', 'src': 'https://ads.independent.com.mt/www/delivery/afr.php?zoneid=12&cb=238', 'aria_label': None, 'class': ['tmiads'], 'id': 'af2737e4', 'text': ''}, {'tag': 'iframe', 'src': 'https://ads.independent.com.mt/www/delivery/afr.php?resize=1&zoneid=13&target=_blank&cb=85', 'aria_label': None, 'class': ['tmiads'], 'id': 'a86ac61d', 'text': ''}, {'tag': 'iframe', 'src': 'https://ads.independent.com.mt/www/delivery/afr.php?zoneid=147&cb=244', 'aria_label': None, 'class': ['tmiads'], 'id': 'a65e2a3a', 'text': ''}, {'tag': 'iframe', 'src': 'https://ads.independent.com.mt/www/delivery/afr.php?resize=1&zoneid=6&target=_blank&cb=227', 'aria_label': None, 'class': ['tmiads'], 'id': 'a486284e', 'text': ''}, {'tag': 'iframe', 'src': 'https://ads.independent.com.mt/www/delivery/afr.php?resize=1&zoneid=14&target=_blank&cb=159', 'aria_label': None, 'class': ['tmiads'], 'id': 'a8e28c82', 'text': ''}, {'tag': 'iframe', 'src': 'https://ads.independent.com.mt/www/delivery/afr.php?resize=1&zoneid=15&target=_blank&cb=254', 'aria_label': None, 'class': ['tmiads'], 'id': 'a5aefaca', 'text': ''}, {'tag': 'iframe', 'src': 'https://ads.independent.com.mt/www/delivery/afr.php?zoneid=147&cb=250', 'aria_label': None, 'class': ['tmiads'], 'id': 'a65e2a3a', 'text': ''}, {'tag': 'iframe', 'src': 'https://ads.independent.com.mt/www/delivery/afr.php?resize=1&zoneid=16&target=_blank&cb=201', 'aria_label': None, 'class': ['tmiads'], 'id': 'a4798ae8', 'text': ''}, {'tag': 'iframe', 'src': 'https://ads.independent.com.mt/www/delivery/afr.php?resize=1&zoneid=7&target=_blank&cb=186', 'aria_label': None, 'class': ['tmiads'], 'id': 'a3c00537', 'text': ''}]",7,029,independent,home_page
419,187,52,25,12,1,65,45,36431,5570,23,18,"[{'tag': 'iframe', 'src': 'https://ads.independent.com.mt/www/delivery/afr.php?resize=1&zoneid=32&target=_blank&cb=297', 'aria_label': None, 'class': ['tmiads'], 'id': 'a735fbc0', 'text': ''}, {'tag': 'iframe', 'src': 'https://ads.independent.com.mt/www/delivery/afr.php?zoneid=103&cb=175', 'aria_label': None, 'class': ['tmiads'], 'id': 'a0d81251', 'text': ''}, {'tag': 'iframe', 'src': 'https://ads.independent.com.mt/www/delivery/afr.php?resize=1&zoneid=9&target=_blank&cb=196', 'aria_label': None, 'class': ['tmiads'], 'id': 'a94be7f3', 'text': ''}, {'tag': 'iframe', 'src': 'https://ads.independent.com.mt/www/delivery/afr.php?resize=1&zoneid=10&target=_blank&cb=64', 'aria_label': None, 'class': ['tmiads'], 'id': 'a7d8fb45', 'text': ''}, {'tag': 'iframe', 'src': 'https://ads.independent.com.mt/www/delivery/afr.php?resize=1&zoneid=146&target=_blank&cb=218', 'aria_label': None, 'class': ['tmiads'], 'id': 'a94be7f3', 'text': ''}, {'tag': 'iframe', 'src': 'https://ads.independent.com.mt/www/delivery/afr.php?zoneid=147&cb=8', 'aria_label': None, 'class': ['tmiads'], 'id': 'a65e2a3a', 'text': ''}, {'tag': 'iframe', 'src': 'https://ads.independent.com.mt/www/delivery/afr.php?resize=1&zoneid=146&target=_blank&cb=218', 'aria_label': None, 'class': ['tmiads'], 'id': 'a94be7f3', 'text': ''}, {'tag': 'iframe', 'src': 'https://ads.independent.com.mt/www/delivery/afr.php?resize=1&zoneid=5&target=_blank&cb=95', 'aria_label': None, 'class': ['tmiads'], 'id': 'a6868fa4', 'text': ''}, {'tag': 'iframe', 'src': 'https://ads.independent.com.mt/www/delivery/afr.php?zoneid=17&cb=158', 'aria_label': None, 'class': ['tmiads'], 'id': 'ac72d028', 'text': ''}, {'tag': 'iframe', 'src': 'https://ads.independent.com.mt/www/delivery/afr.php?zoneid=12&cb=238', 'aria_label': None, 'class': ['tmiads'], 'id': 'af2737e4', 'text': ''}, {'tag': 'iframe', 'src': 'https://ads.independent.com.mt/www/delivery/afr.php?resize=1&zoneid=13&target=_blank&cb=85', 'aria_label': None, 'class': ['tmiads'], 'id': 'a86ac61d', 'text': ''}, {'tag': 'iframe', 'src': 'https://ads.independent.com.mt/www/delivery/afr.php?zoneid=147&cb=244', 'aria_label': None, 'class': ['tmiads'], 'id': 'a65e2a3a', 'text': ''}, {'tag': 'iframe', 'src': 'https://ads.independent.com.mt/www/delivery/afr.php?resize=1&zoneid=6&target=_blank&cb=227', 'aria_label': None, 'class': ['tmiads'], 'id': 'a486284e', 'text': ''}, {'tag': 'iframe', 'src': 'https://ads.independent.com.mt/www/delivery/afr.php?resize=1&zoneid=14&target=_blank&cb=159', 'aria_label': None, 'class': ['tmiads'], 'id': 'a8e28c82', 'text': ''}, {'tag': 'iframe', 'src': 'https://ads.independent.com.mt/www/delivery/afr.php?resize=1&zoneid=15&target=_blank&cb=254', 'aria_label': None, 'class': ['tmiads'], 'id': 'a5aefaca', 'text': ''}, {'tag': 'iframe', 'src': 'https://ads.independent.com.mt/www/delivery/afr.php?zoneid=147&cb=250', 'aria_label': None, 'class': ['tmiads'], 'id': 'a65e2a3a', 'text': ''}, {'tag': 'iframe', 'src': 'https://ads.independent.com.mt/www/delivery/afr.php?resize=1&zoneid=16&target=_blank&cb=201', 'aria_label': None, 'class': ['tmiads'], 'id': 'a4798ae8', 'text': ''}, {'tag': 'iframe', 'src': 'https://ads.independent.com.mt/www/delivery/afr.php?resize=1&zoneid=7&target=_blank&cb=186', 'aria_label': None, 'class': ['tmiads'], 'id': 'a3c00537', 'text': ''}]",7,030,independent,home_page
419,187,52,25,12,1,65,45,36431,5570,23,18,"[{'tag': 'iframe', 'src': 'https://ads.independent.com.mt/www/delivery/afr.php?resize=1&zoneid=32&target=_blank&cb=297', 'aria_label': None, 'class': ['tmiads'], 'id': 'a735fbc0', 'text': ''}, {'tag': 'iframe', 'src': 'https://ads.independent.com.mt/www/delivery/afr.php?zoneid=103&cb=175', 'aria_label': None, 'class': ['tmiads'], 'id': 'a0d81251', 'text': ''}, {'tag': 'iframe', 'src': 'https://ads.independent.com.mt/www/delivery/afr.php?resize=1&zoneid=9&target=_blank&cb=196', 'aria_label': None, 'class': ['tmiads'], 'id': 'a94be7f3', 'text': ''}, {'tag': 'iframe', 'src': 'https://ads.independent.com.mt/www/delivery/afr.php?resize=1&zoneid=10&target=_blank&cb=64', 'aria_label': None, 'class': ['tmiads'], 'id': 'a7d8fb45', 'text': ''}, {'tag': 'iframe', 'src': 'https://ads.independent.com.mt/www/delivery/afr.php?resize=1&zoneid=146&target=_blank&cb=218', 'aria_label': None, 'class': ['tmiads'], 'id': 'a94be7f3', 'text': ''}, {'tag': 'iframe', 'src': 'https://ads.independent.com.mt/www/delivery/afr.php?zoneid=147&cb=8', 'aria_label': None, 'class': ['tmiads'], 'id': 'a65e2a3a', 'text': ''}, {'tag': 'iframe', 'src': 'https://ads.independent.com.mt/www/delivery/afr.php?resize=1&zoneid=146&target=_blank&cb=218', 'aria_label': None, 'class': ['tmiads'], 'id': 'a94be7f3', 'text': ''}, {'tag': 'iframe', 'src': 'https://ads.independent.com.mt/www/delivery/afr.php?resize=1&zoneid=5&target=_blank&cb=95', 'aria_label': None, 'class': ['tmiads'], 'id': 'a6868fa4', 'text': ''}, {'tag': 'iframe', 'src': 'https://ads.independent.com.mt/www/delivery/afr.php?zoneid=17&cb=158', 'aria_label': None, 'class': ['tmiads'], 'id': 'ac72d028', 'text': ''}, {'tag': 'iframe', 'src': 'https://ads.independent.com.mt/www/delivery/afr.php?zoneid=12&cb=238', 'aria_label': None, 'class': ['tmiads'], 'id': 'af2737e4', 'text': ''}, {'tag': 'iframe', 'src': 'https://ads.independent.com.mt/www/delivery/afr.php?resize=1&zoneid=13&target=_blank&cb=85', 'aria_label': None, 'class': ['tmiads'], 'id': 'a86ac61d', 'text': ''}, {'tag': 'iframe', 'src': 'https://ads.independent.com.mt/www/delivery/afr.php?zoneid=147&cb=244', 'aria_label': None, 'class': ['tmiads'], 'id': 'a65e2a3a', 'text': ''}, {'tag': 'iframe', 'src': 'https://ads.independent.com.mt/www/delivery/afr.php?resize=1&zoneid=6&target=_blank&cb=227', 'aria_label': None, 'class': ['tmiads'], 'id': 'a486284e', 'text': ''}, {'tag': 'iframe', 'src': 'https://ads.independent.com.mt/www/delivery/afr.php?resize=1&zoneid=14&target=_blank&cb=159', 'aria_label': None, 'class': ['tmiads'], 'id': 'a8e28c82', 'text': ''}, {'tag': 'iframe', 'src': 'https://ads.independent.com.mt/www/delivery/afr.php?resize=1&zoneid=15&target=_blank&cb=254', 'aria_label': None, 'class': ['tmiads'], 'id': 'a5aefaca', 'text': ''}, {'tag': 'iframe', 'src': 'https://ads.independent.com.mt/www/delivery/afr.php?zoneid=147&cb=250', 'aria_label': None, 'class': ['tmiads'], 'id': 'a65e2a3a', 'text': ''}, {'tag': 'iframe', 'src': 'https://ads.independent.com.mt/www/delivery/afr.php?resize=1&zoneid=16&target=_blank&cb=201', 'aria_label': None, 'class': ['tmiads'], 'id': 'a4798ae8', 'text': ''}, {'tag': 'iframe', 'src': 'https://ads.independent.com.mt/www/delivery/afr.php?resize=1&zoneid=7&target=_blank&cb=186', 'aria_label': None, 'class': ['tmiads'], 'id': 'a3c00537', 'text': ''}]",7,031,independent,home_page
419,187,52,25,12,1,65,45,36431,5570,23,18,"[{'tag': 'iframe', 'src': 'https://ads.independent.com.mt/www/delivery/afr.php?resize=1&zoneid=32&target=_blank&cb=297', 'aria_label': None, 'class': ['tmiads'], 'id': 'a735fbc0', 'text': ''}, {'tag': 'iframe', 'src': 'https://ads.independent.com.mt/www/delivery/afr.php?zoneid=103&cb=175', 'aria_label': None, 'class': ['tmiads'], 'id': 'a0d81251', 'text': ''}, {'tag': 'iframe', 'src': 'https://ads.independent.com.mt/www/delivery/afr.php?resize=1&zoneid=9&target=_blank&cb=196', 'aria_label': None, 'class': ['tmiads'], 'id': 'a94be7f3', 'text': ''}, {'tag': 'iframe', 'src': 'https://ads.independent.com.mt/www/delivery/afr.php?resize=1&zoneid=10&target=_blank&cb=64', 'aria_label': None, 'class': ['tmiads'], 'id': 'a7d8fb45', 'text': ''}, {'tag': 'iframe', 'src': 'https://ads.independent.com.mt/www/delivery/afr.php?resize=1&zoneid=146&target=_blank&cb=218', 'aria_label': None, 'class': ['tmiads'], 'id': 'a94be7f3', 'text': ''}, {'tag': 'iframe', 'src': 'https://ads.independent.com.mt/www/delivery/afr.php?zoneid=147&cb=8', 'aria_label': None, 'class': ['tmiads'], 'id': 'a65e2a3a', 'text': ''}, {'tag': 'iframe', 'src': 'https://ads.independent.com.mt/www/delivery/afr.php?resize=1&zoneid=146&target=_blank&cb=218', 'aria_label': None, 'class': ['tmiads'], 'id': 'a94be7f3', 'text': ''}, {'tag': 'iframe', 'src': 'https://ads.independent.com.mt/www/delivery/afr.php?resize=1&zoneid=5&target=_blank&cb=95', 'aria_label': None, 'class': ['tmiads'], 'id': 'a6868fa4', 'text': ''}, {'tag': 'iframe', 'src': 'https://ads.independent.com.mt/www/delivery/afr.php?zoneid=17&cb=158', 'aria_label': None, 'class': ['tmiads'], 'id': 'ac72d028', 'text': ''}, {'tag': 'iframe', 'src': 'https://ads.independent.com.mt/www/delivery/afr.php?zoneid=12&cb=238', 'aria_label': None, 'class': ['tmiads'], 'id': 'af2737e4', 'text': ''}, {'tag': 'iframe', 'src': 'https://ads.independent.com.mt/www/delivery/afr.php?resize=1&zoneid=13&target=_blank&cb=85', 'aria_label': None, 'class': ['tmiads'], 'id': 'a86ac61d', 'text': ''}, {'tag': 'iframe', 'src': 'https://ads.independent.com.mt/www/delivery/afr.php?zoneid=147&cb=244', 'aria_label': None, 'class': ['tmiads'], 'id': 'a65e2a3a', 'text': ''}, {'tag': 'iframe', 'src': 'https://ads.independent.com.mt/www/delivery/afr.php?resize=1&zoneid=6&target=_blank&cb=227', 'aria_label': None, 'class': ['tmiads'], 'id': 'a486284e', 'text': ''}, {'tag': 'iframe', 'src': 'https://ads.independent.com.mt/www/delivery/afr.php?resize=1&zoneid=14&target=_blank&cb=159', 'aria_label': None, 'class': ['tmiads'], 'id': 'a8e28c82', 'text': ''}, {'tag': 'iframe', 'src': 'https://ads.independent.com.mt/www/delivery/afr.php?resize=1&zoneid=15&target=_blank&cb=254', 'aria_label': None, 'class': ['tmiads'], 'id': 'a5aefaca', 'text': ''}, {'tag': 'iframe', 'src': 'https://ads.independent.com.mt/www/delivery/afr.php?zoneid=147&cb=250', 'aria_label': None, 'class': ['tmiads'], 'id': 'a65e2a3a', 'text': ''}, {'tag': 'iframe', 'src': 'https://ads.independent.com.mt/www/delivery/afr.php?resize=1&zoneid=16&target=_blank&cb=201', 'aria_label': None, 'class': ['tmiads'], 'id': 'a4798ae8', 'text': ''}, {'tag': 'iframe', 'src': 'https://ads.independent.com.mt/www/delivery/afr.php?resize=1&zoneid=7&target=_blank&cb=186', 'aria_label': None, 'class': ['tmiads'], 'id': 'a3c00537', 'text': ''}]",7,032,independent,home_page
419,187,52,25,12,1,65,45,36431,5570,23,18,"[{'tag': 'iframe', 'src': 'https://ads.independent.com.mt/www/delivery/afr.php?resize=1&zoneid=32&target=_blank&cb=297', 'aria_label': None, 'class': ['tmiads'], 'id': 'a735fbc0', 'text': ''}, {'tag': 'iframe', 'src': 'https://ads.independent.com.mt/www/delivery/afr.php?zoneid=103&cb=175', 'aria_label': None, 'class': ['tmiads'], 'id': 'a0d81251', 'text': ''}, {'tag': 'iframe', 'src': 'https://ads.independent.com.mt/www/delivery/afr.php?resize=1&zoneid=9&target=_blank&cb=196', 'aria_label': None, 'class': ['tmiads'], 'id': 'a94be7f3', 'text': ''}, {'tag': 'iframe', 'src': 'https://ads.independent.com.mt/www/delivery/afr.php?resize=1&zoneid=10&target=_blank&cb=64', 'aria_label': None, 'class': ['tmiads'], 'id': 'a7d8fb45', 'text': ''}, {'tag': 'iframe', 'src': 'https://ads.independent.com.mt/www/delivery/afr.php?resize=1&zoneid=146&target=_blank&cb=218', 'aria_label': None, 'class': ['tmiads'], 'id': 'a94be7f3', 'text': ''}, {'tag': 'iframe', 'src': 'https://ads.independent.com.mt/www/delivery/afr.php?zoneid=147&cb=8', 'aria_label': None, 'class': ['tmiads'], 'id': 'a65e2a3a', 'text': ''}, {'tag': 'iframe', 'src': 'https://ads.independent.com.mt/www/delivery/afr.php?resize=1&zoneid=146&target=_blank&cb=218', 'aria_label': None, 'class': ['tmiads'], 'id': 'a94be7f3', 'text': ''}, {'tag': 'iframe', 'src': 'https://ads.independent.com.mt/www/delivery/afr.php?resize=1&zoneid=5&target=_blank&cb=95', 'aria_label': None, 'class': ['tmiads'], 'id': 'a6868fa4', 'text': ''}, {'tag': 'iframe', 'src': 'https://ads.independent.com.mt/www/delivery/afr.php?zoneid=17&cb=158', 'aria_label': None, 'class': ['tmiads'], 'id': 'ac72d028', 'text': ''}, {'tag': 'iframe', 'src': 'https://ads.independent.com.mt/www/delivery/afr.php?zoneid=12&cb=238', 'aria_label': None, 'class': ['tmiads'], 'id': 'af2737e4', 'text': ''}, {'tag': 'iframe', 'src': 'https://ads.independent.com.mt/www/delivery/afr.php?resize=1&zoneid=13&target=_blank&cb=85', 'aria_label': None, 'class': ['tmiads'], 'id': 'a86ac61d', 'text': ''}, {'tag': 'iframe', 'src': 'https://ads.independent.com.mt/www/delivery/afr.php?zoneid=147&cb=244', 'aria_label': None, 'class': ['tmiads'], 'id': 'a65e2a3a', 'text': ''}, {'tag': 'iframe', 'src': 'https://ads.independent.com.mt/www/delivery/afr.php?resize=1&zoneid=6&target=_blank&cb=227', 'aria_label': None, 'class': ['tmiads'], 'id': 'a486284e', 'text': ''}, {'tag': 'iframe', 'src': 'https://ads.independent.com.mt/www/delivery/afr.php?resize=1&zoneid=14&target=_blank&cb=159', 'aria_label': None, 'class': ['tmiads'], 'id': 'a8e28c82', 'text': ''}, {'tag': 'iframe', 'src': 'https://ads.independent.com.mt/www/delivery/afr.php?resize=1&zoneid=15&target=_blank&cb=254', 'aria_label': None, 'class': ['tmiads'], 'id': 'a5aefaca', 'text': ''}, {'tag': 'iframe', 'src': 'https://ads.independent.com.mt/www/delivery/afr.php?zoneid=147&cb=250', 'aria_label': None, 'class': ['tmiads'], 'id': 'a65e2a3a', 'text': ''}, {'tag': 'iframe', 'src': 'https://ads.independent.com.mt/www/delivery/afr.php?resize=1&zoneid=16&target=_blank&cb=201', 'aria_label': None, 'class': ['tmiads'], 'id': 'a4798ae8', 'text': ''}, {'tag': 'iframe', 'src': 'https://ads.independent.com.mt/www/delivery/afr.php?resize=1&zoneid=7&target=_blank&cb=186', 'aria_label': None, 'class': ['tmiads'], 'id': 'a3c00537', 'text': ''}]",7,033,independent,home_page
419,187,52,25,12,1,65,45,36431,5570,23,18,"[{'tag': 'iframe', 'src': 'https://ads.independent.com.mt/www/delivery/afr.php?resize=1&zoneid=32&target=_blank&cb=297', 'aria_label': None, 'class': ['tmiads'], 'id': 'a735fbc0', 'text': ''}, {'tag': 'iframe', 'src': 'https://ads.independent.com.mt/www/delivery/afr.php?zoneid=103&cb=175', 'aria_label': None, 'class': ['tmiads'], 'id': 'a0d81251', 'text': ''}, {'tag': 'iframe', 'src': 'https://ads.independent.com.mt/www/delivery/afr.php?resize=1&zoneid=9&target=_blank&cb=196', 'aria_label': None, 'class': ['tmiads'], 'id': 'a94be7f3', 'text': ''}, {'tag': 'iframe', 'src': 'https://ads.independent.com.mt/www/delivery/afr.php?resize=1&zoneid=10&target=_blank&cb=64', 'aria_label': None, 'class': ['tmiads'], 'id': 'a7d8fb45', 'text': ''}, {'tag': 'iframe', 'src': 'https://ads.independent.com.mt/www/delivery/afr.php?resize=1&zoneid=146&target=_blank&cb=218', 'aria_label': None, 'class': ['tmiads'], 'id': 'a94be7f3', 'text': ''}, {'tag': 'iframe', 'src': 'https://ads.independent.com.mt/www/delivery/afr.php?zoneid=147&cb=8', 'aria_label': None, 'class': ['tmiads'], 'id': 'a65e2a3a', 'text': ''}, {'tag': 'iframe', 'src': 'https://ads.independent.com.mt/www/delivery/afr.php?resize=1&zoneid=146&target=_blank&cb=218', 'aria_label': None, 'class': ['tmiads'], 'id': 'a94be7f3', 'text': ''}, {'tag': 'iframe', 'src': 'https://ads.independent.com.mt/www/delivery/afr.php?resize=1&zoneid=5&target=_blank&cb=95', 'aria_label': None, 'class': ['tmiads'], 'id': 'a6868fa4', 'text': ''}, {'tag': 'iframe', 'src': 'https://ads.independent.com.mt/www/delivery/afr.php?zoneid=17&cb=158', 'aria_label': None, 'class': ['tmiads'], 'id': 'ac72d028', 'text': ''}, {'tag': 'iframe', 'src': 'https://ads.independent.com.mt/www/delivery/afr.php?zoneid=12&cb=238', 'aria_label': None, 'class': ['tmiads'], 'id': 'af2737e4', 'text': ''}, {'tag': 'iframe', 'src': 'https://ads.independent.com.mt/www/delivery/afr.php?resize=1&zoneid=13&target=_blank&cb=85', 'aria_label': None, 'class': ['tmiads'], 'id': 'a86ac61d', 'text': ''}, {'tag': 'iframe', 'src': 'https://ads.independent.com.mt/www/delivery/afr.php?zoneid=147&cb=244', 'aria_label': None, 'class': ['tmiads'], 'id': 'a65e2a3a', 'text': ''}, {'tag': 'iframe', 'src': 'https://ads.independent.com.mt/www/delivery/afr.php?resize=1&zoneid=6&target=_blank&cb=227', 'aria_label': None, 'class': ['tmiads'], 'id': 'a486284e', 'text': ''}, {'tag': 'iframe', 'src': 'https://ads.independent.com.mt/www/delivery/afr.php?resize=1&zoneid=14&target=_blank&cb=159', 'aria_label': None, 'class': ['tmiads'], 'id': 'a8e28c82', 'text': ''}, {'tag': 'iframe', 'src': 'https://ads.independent.com.mt/www/delivery/afr.php?resize=1&zoneid=15&target=_blank&cb=254', 'aria_label': None, 'class': ['tmiads'], 'id': 'a5aefaca', 'text': ''}, {'tag': 'iframe', 'src': 'https://ads.independent.com.mt/www/delivery/afr.php?zoneid=147&cb=250', 'aria_label': None, 'class': ['tmiads'], 'id': 'a65e2a3a', 'text': ''}, {'tag': 'iframe', 'src': 'https://ads.independent.com.mt/www/delivery/afr.php?resize=1&zoneid=16&target=_blank&cb=201', 'aria_label': None, 'class': ['tmiads'], 'id': 'a4798ae8', 'text': ''}, {'tag': 'iframe', 'src': 'https://ads.independent.com.mt/www/delivery/afr.php?resize=1&zoneid=7&target=_blank&cb=186', 'aria_label': None, 'class': ['tmiads'], 'id': 'a3c00537', 'text': ''}]",7,034,independent,home_page
135,30,40,11,0,1,20,12,4772,746,16,7,"[{'tag': 'iframe', 'src': 'https://ads.independent.com.mt/www/delivery/afr.php?resize=1&zoneid=33&target=_blank&cb=7', 'aria_label': None, 'class': ['tmiads'], 'id': 'a5559624', 'text': ''}, {'tag': 'iframe', 'src': 'https://ads.independent.com.mt/www/delivery/afr.php?zoneid=108&cb=3', 'aria_label': None, 'class': ['tmiads'], 'id': 'a8127595', 'text': ''}, {'tag': 'iframe', 'src': 'https://ads.independent.com.mt/www/delivery/afr.php?zoneid=105&cb=188', 'aria_label': None, 'class': ['tmiads'], 'id': 'a301feba', 'text': ''}, {'tag': 'iframe', 'src': 'https://ads.independent.com.mt/www/delivery/afr.php?resize=1&zoneid=19&target=_blank&cb=288', 'aria_label': None, 'class': ['tmiads'], 'id': 'a3f5f1e3', 'text': ''}, {'tag': 'iframe', 'src': 'https://ads.independent.com.mt/www/delivery/afr.php?zoneid=104&cb=107', 'aria_label': None, 'class': ['tmiads'], 'id': 'a7ef03f2', 'text': ''}, {'tag': 'iframe', 'src': 'https://ads.independent.com.mt/www/delivery/afr.php?zoneid=147&cb=276', 'aria_label': None, 'class': ['tmiads'], 'id': 'a65e2a3a', 'text': ''}, {'tag': 'iframe', 'src': 'https://ads.independent.com.mt/www/delivery/afr.php?resize=1&zoneid=18&target=_blank&cb=45', 'aria_label': None, 'class': ['tmiads'], 'id': 'afd0542d', 'text': ''}]",4,035,independent,news_listing
135,30,40,11,0,1,20,12,4772,746,16,7,"[{'tag': 'iframe', 'src': 'https://ads.independent.com.mt/www/delivery/afr.php?resize=1&zoneid=33&target=_blank&cb=7', 'aria_label': None, 'class': ['tmiads'], 'id': 'a5559624', 'text': ''}, {'tag': 'iframe', 'src': 'https://ads.independent.com.mt/www/delivery/afr.php?zoneid=108&cb=3', 'aria_label': None, 'class': ['tmiads'], 'id': 'a8127595', 'text': ''}, {'tag': 'iframe', 'src': 'https://ads.independent.com.mt/www/delivery/afr.php?zoneid=105&cb=188', 'aria_label': None, 'class': ['tmiads'], 'id': 'a301feba', 'text': ''}, {'tag': 'iframe', 'src': 'https://ads.independent.com.mt/www/delivery/afr.php?resize=1&zoneid=19&target=_blank&cb=288', 'aria_label': None, 'class': ['tmiads'], 'id': 'a3f5f1e3', 'text': ''}, {'tag': 'iframe', 'src': 'https://ads.independent.com.mt/www/delivery/afr.php?zoneid=104&cb=107', 'aria_label': None, 'class': ['tmiads'], 'id': 'a7ef03f2', 'text': ''}, {'tag': 'iframe', 'src': 'https://ads.independent.com.mt/www/delivery/afr.php?zoneid=147&cb=276', 'aria_label': None, 'class': ['tmiads'], 'id': 'a65e2a3a', 'text': ''}, {'tag': 'iframe', 'src': 'https://ads.independent.com.mt/www/delivery/afr.php?resize=1&zoneid=18&target=_blank&cb=45', 'aria_label': None, 'class': ['tmiads'], 'id': 'afd0542d', 'text': ''}]",4,036,independent,news_listing
135,30,40,11,0,1,20,12,4772,746,16,7,"[{'tag': 'iframe', 'src': 'https://ads.independent.com.mt/www/delivery/afr.php?resize=1&zoneid=33&target=_blank&cb=7', 'aria_label': None, 'class': ['tmiads'], 'id': 'a5559624', 'text': ''}, {'tag': 'iframe', 'src': 'https://ads.independent.com.mt/www/delivery/afr.php?zoneid=108&cb=3', 'aria_label': None, 'class': ['tmiads'], 'id': 'a8127595', 'text': ''}, {'tag': 'iframe', 'src': 'https://ads.independent.com.mt/www/delivery/afr.php?zoneid=105&cb=188', 'aria_label': None, 'class': ['tmiads'], 'id': 'a301feba', 'text': ''}, {'tag': 'iframe', 'src': 'https://ads.independent.com.mt/www/delivery/afr.php?resize=1&zoneid=19&target=_blank&cb=288', 'aria_label': None, 'class': ['tmiads'], 'id': 'a3f5f1e3', 'text': ''}, {'tag': 'iframe', 'src': 'https://ads.independent.com.mt/www/delivery/afr.php?zoneid=104&cb=107', 'aria_label': None, 'class': ['tmiads'], 'id': 'a7ef03f2', 'text': ''}, {'tag': 'iframe', 'src': 'https://ads.independent.com.mt/www/delivery/afr.php?zoneid=147&cb=276', 'aria_label': None, 'class': ['tmiads'], 'id': 'a65e2a3a', 'text': ''}, {'tag': 'iframe', 'src': 'https://ads.independent.com.mt/www/delivery/afr.php?resize=1&zoneid=18&target=_blank&cb=45', 'aria_label': None, 'class': ['tmiads'], 'id': 'afd0542d', 'text': ''}]",4,037,independent,news_listing
135,30,40,11,0,1,20,12,4772,746,16,7,"[{'tag': 'iframe', 'src': 'https://ads.independent.com.mt/www/delivery/afr.php?resize=1&zoneid=33&target=_blank&cb=7', 'aria_label': None, 'class': ['tmiads'], 'id': 'a5559624', 'text': ''}, {'tag': 'iframe', 'src': 'https://ads.independent.com.mt/www/delivery/afr.php?zoneid=108&cb=3', 'aria_label': None, 'class': ['tmiads'], 'id': 'a8127595', 'text': ''}, {'tag': 'iframe', 'src': 'https://ads.independent.com.mt/www/delivery/afr.php?zoneid=105&cb=188', 'aria_label': None, 'class': ['tmiads'], 'id': 'a301feba', 'text': ''}, {'tag': 'iframe', 'src': 'https://ads.independent.com.mt/www/delivery/afr.php?resize=1&zoneid=19&target=_blank&cb=288', 'aria_label': None, 'class': ['tmiads'], 'id': 'a3f5f1e3', 'text': ''}, {'tag': 'iframe', 'src': 'https://ads.independent.com.mt/www/delivery/afr.php?zoneid=104&cb=107', 'aria_label': None, 'class': ['tmiads'], 'id': 'a7ef03f2', 'text': ''}, {'tag': 'iframe', 'src': 'https://ads.independent.com.mt/www/delivery/afr.php?zoneid=147&cb=276', 'aria_label': None, 'class': ['tmiads'], 'id': 'a65e2a3a', 'text': ''}, {'tag': 'iframe', 'src': 'https://ads.independent.com.mt/www/delivery/afr.php?resize=1&zoneid=18&target=_blank&cb=45', 'aria_label': None, 'class': ['tmiads'], 'id': 'afd0542d', 'text': ''}]",4,038,independent,news_listing
135,30,40,11,0,1,20,12,4772,746,16,7,"[{'tag': 'iframe', 'src': 'https://ads.independent.com.mt/www/delivery/afr.php?resize=1&zoneid=33&target=_blank&cb=7', 'aria_label': None, 'class': ['tmiads'], 'id': 'a5559624', 'text': ''}, {'tag': 'iframe', 'src': 'https://ads.independent.com.mt/www/delivery/afr.php?zoneid=108&cb=3', 'aria_label': None, 'class': ['tmiads'], 'id': 'a8127595', 'text': ''}, {'tag': 'iframe', 'src': 'https://ads.independent.com.mt/www/delivery/afr.php?zoneid=105&cb=188', 'aria_label': None, 'class': ['tmiads'], 'id': 'a301feba', 'text': ''}, {'tag': 'iframe', 'src': 'https://ads.independent.com.mt/www/delivery/afr.php?resize=1&zoneid=19&target=_blank&cb=288', 'aria_label': None, 'class': ['tmiads'], 'id': 'a3f5f1e3', 'text': ''}, {'tag': 'iframe', 'src': 'https://ads.independent.com.mt/www/delivery/afr.php?zoneid=104&cb=107', 'aria_label': None, 'class': ['tmiads'], 'id': 'a7ef03f2', 'text': ''}, {'tag': 'iframe', 'src': 'https://ads.independent.com.mt/www/delivery/afr.php?zoneid=147&cb=276', 'aria_label': None, 'class': ['tmiads'], 'id': 'a65e2a3a', 'text': ''}, {'tag': 'iframe', 'src': 'https://ads.independent.com.mt/www/delivery/afr.php?resize=1&zoneid=18&target=_blank&cb=45', 'aria_label': None, 'class': ['tmiads'], 'id': 'afd0542d', 'text': ''}]",4,039,independent,news_listing
135,30,40,11,0,1,20,12,4772,746,16,7,"[{'tag': 'iframe', 'src': 'https://ads.independent.com.mt/www/delivery/afr.php?resize=1&zoneid=33&target=_blank&cb=7', 'aria_label': None, 'class': ['tmiads'], 'id': 'a5559624', 'text': ''}, {'tag': 'iframe', 'src': 'https://ads.independent.com.mt/www/delivery/afr.php?zoneid=108&cb=3', 'aria_label': None, 'class': ['tmiads'], 'id': 'a8127595', 'text': ''}, {'tag': 'iframe', 'src': 'https://ads.independent.com.mt/www/delivery/afr.php?zoneid=105&cb=188', 'aria_label': None, 'class': ['tmiads'], 'id': 'a301feba', 'text': ''}, {'tag': 'iframe', 'src': 'https://ads.independent.com.mt/www/delivery/afr.php?resize=1&zoneid=19&target=_blank&cb=288', 'aria_label': None, 'class': ['tmiads'], 'id': 'a3f5f1e3', 'text': ''}, {'tag': 'iframe', 'src': 'https://ads.independent.com.mt/www/delivery/afr.php?zoneid=104&cb=107', 'aria_label': None, 'class': ['tmiads'], 'id': 'a7ef03f2', 'text': ''}, {'tag': 'iframe', 'src': 'https://ads.independent.com.mt/www/delivery/afr.php?zoneid=147&cb=276', 'aria_label': None, 'class': ['tmiads'], 'id': 'a65e2a3a', 'text': ''}, {'tag': 'iframe', 'src': 'https://ads.independent.com.mt/www/delivery/afr.php?resize=1&zoneid=18&target=_blank&cb=45', 'aria_label': None, 'class': ['tmiads'], 'id': 'afd0542d', 'text': ''}]",4,040,independent,news_listing
135,30,40,11,0,1,20,12,4772,746,16,7,"[{'tag': 'iframe', 'src': 'https://ads.independent.com.mt/www/delivery/afr.php?resize=1&zoneid=33&target=_blank&cb=7', 'aria_label': None, 'class': ['tmiads'], 'id': 'a5559624', 'text': ''}, {'tag': 'iframe', 'src': 'https://ads.independent.com.mt/www/delivery/afr.php?zoneid=108&cb=3', 'aria_label': None, 'class': ['tmiads'], 'id': 'a8127595', 'text': ''}, {'tag': 'iframe', 'src': 'https://ads.independent.com.mt/www/delivery/afr.php?zoneid=105&cb=188', 'aria_label': None, 'class': ['tmiads'], 'id': 'a301feba', 'text': ''}, {'tag': 'iframe', 'src': 'https://ads.independent.com.mt/www/delivery/afr.php?resize=1&zoneid=19&target=_blank&cb=288', 'aria_label': None, 'class': ['tmiads'], 'id': 'a3f5f1e3', 'text': ''}, {'tag': 'iframe', 'src': 'https://ads.independent.com.mt/www/delivery/afr.php?zoneid=104&cb=107', 'aria_label': None, 'class': ['tmiads'], 'id': 'a7ef03f2', 'text': ''}, {'tag': 'iframe', 'src': 'https://ads.independent.com.mt/www/delivery/afr.php?zoneid=147&cb=276', 'aria_label': None, 'class': ['tmiads'], 'id': 'a65e2a3a', 'text': ''}, {'tag': 'iframe', 'src': 'https://ads.independent.com.mt/www/delivery/afr.php?resize=1&zoneid=18&target=_blank&cb=45', 'aria_label': None, 'class': ['tmiads'], 'id': 'afd0542d', 'text': ''}]",4,041,independent,news_listing
135,30,40,11,0,1,20,12,4772,746,16,7,"[{'tag': 'iframe', 'src': 'https://ads.independent.com.mt/www/delivery/afr.php?resize=1&zoneid=33&target=_blank&cb=7', 'aria_label': None, 'class': ['tmiads'], 'id': 'a5559624', 'text': ''}, {'tag': 'iframe', 'src': 'https://ads.independent.com.mt/www/delivery/afr.php?zoneid=108&cb=3', 'aria_label': None, 'class': ['tmiads'], 'id': 'a8127595', 'text': ''}, {'tag': 'iframe', 'src': 'https://ads.independent.com.mt/www/delivery/afr.php?zoneid=105&cb=188', 'aria_label': None, 'class': ['tmiads'], 'id': 'a301feba', 'text': ''}, {'tag': 'iframe', 'src': 'https://ads.independent.com.mt/www/delivery/afr.php?resize=1&zoneid=19&target=_blank&cb=288', 'aria_label': None, 'class': ['tmiads'], 'id': 'a3f5f1e3', 'text': ''}, {'tag': 'iframe', 'src': 'https://ads.independent.com.mt/www/delivery/afr.php?zoneid=104&cb=107', 'aria_label': None, 'class': ['tmiads'], 'id': 'a7ef03f2', 'text': ''}, {'tag': 'iframe', 'src': 'https://ads.independent.com.mt/www/delivery/afr.php?zoneid=147&cb=276', 'aria_label': None, 'class': ['tmiads'], 'id': 'a65e2a3a', 'text': ''}, {'tag': 'iframe', 'src': 'https://ads.independent.com.mt/www/delivery/afr.php?resize=1&zoneid=18&target=_blank&cb=45', 'aria_label': None, 'class': ['tmiads'], 'id': 'afd0542d', 'text': ''}]",4,042,independent,news_listing
135,30,40,11,0,1,20,12,4721,747,16,7,"[{'tag': 'iframe', 'src': 'https://ads.independent.com.mt/www/delivery/afr.php?resize=1&zoneid=33&target=_blank&cb=75', 'aria_label': None, 'class': ['tmiads'], 'id': 'a5559624', 'text': ''}, {'tag': 'iframe', 'src': 'https://ads.independent.com.mt/www/delivery/afr.php?zoneid=108&cb=243', 'aria_label': None, 'class': ['tmiads'], 'id': 'a8127595', 'text': ''}, {'tag': 'iframe', 'src': 'https://ads.independent.com.mt/www/delivery/afr.php?zoneid=105&cb=122', 'aria_label': None, 'class': ['tmiads'], 'id': 'a301feba', 'text': ''}, {'tag': 'iframe', 'src': 'https://ads.independent.com.mt/www/delivery/afr.php?resize=1&zoneid=19&target=_blank&cb=189', 'aria_label': None, 'class': ['tmiads'], 'id': 'a3f5f1e3', 'text': ''}, {'tag': 'iframe', 'src': 'https://ads.independent.com.mt/www/delivery/afr.php?zoneid=104&cb=148', 'aria_label': None, 'class': ['tmiads'], 'id': 'a7ef03f2', 'text': ''}, {'tag': 'iframe', 'src': 'https://ads.independent.com.mt/www/delivery/afr.php?zoneid=147&cb=150', 'aria_label': None, 'class': ['tmiads'], 'id': 'a65e2a3a', 'text': ''}, {'tag': 'iframe', 'src': 'https://ads.independent.com.mt/www/delivery/afr.php?resize=1&zoneid=18&target=_blank&cb=231', 'aria_label': None, 'class': ['tmiads'], 'id': 'afd0542d', 'text': ''}]",4,043,independent,news_listing
135,30,40,11,0,1,20,12,4721,747,16,7,"[{'tag': 'iframe', 'src': 'https://ads.independent.com.mt/www/delivery/afr.php?resize=1&zoneid=33&target=_blank&cb=75', 'aria_label': None, 'class': ['tmiads'], 'id': 'a5559624', 'text': ''}, {'tag': 'iframe', 'src': 'https://ads.independent.com.mt/www/delivery/afr.php?zoneid=108&cb=243', 'aria_label': None, 'class': ['tmiads'], 'id': 'a8127595', 'text': ''}, {'tag': 'iframe', 'src': 'https://ads.independent.com.mt/www/delivery/afr.php?zoneid=105&cb=122', 'aria_label': None, 'class': ['tmiads'], 'id': 'a301feba', 'text': ''}, {'tag': 'iframe', 'src': 'https://ads.independent.com.mt/www/delivery/afr.php?resize=1&zoneid=19&target=_blank&cb=189', 'aria_label': None, 'class': ['tmiads'], 'id': 'a3f5f1e3', 'text': ''}, {'tag': 'iframe', 'src': 'https://ads.independent.com.mt/www/delivery/afr.php?zoneid=104&cb=148', 'aria_label': None, 'class': ['tmiads'], 'id': 'a7ef03f2', 'text': ''}, {'tag': 'iframe', 'src': 'https://ads.independent.com.mt/www/delivery/afr.php?zoneid=147&cb=150', 'aria_label': None, 'class': ['tmiads'], 'id': 'a65e2a3a', 'text': ''}, {'tag': 'iframe', 'src': 'https://ads.independent.com.mt/www/delivery/afr.php?resize=1&zoneid=18&target=_blank&cb=231', 'aria_label': None, 'class': ['tmiads'], 'id': 'afd0542d', 'text': ''}]",4,044,independent,news_listing
135,30,40,11,0,1,20,12,4721,747,16,7,"[{'tag': 'iframe', 'src': 'https://ads.independent.com.mt/www/delivery/afr.php?resize=1&zoneid=33&target=_blank&cb=75', 'aria_label': None, 'class': ['tmiads'], 'id': 'a5559624', 'text': ''}, {'tag': 'iframe', 'src': 'https://ads.independent.com.mt/www/delivery/afr.php?zoneid=108&cb=243', 'aria_label': None, 'class': ['tmiads'], 'id': 'a8127595', 'text': ''}, {'tag': 'iframe', 'src': 'https://ads.independent.com.mt/www/delivery/afr.php?zoneid=105&cb=122', 'aria_label': None, 'class': ['tmiads'], 'id': 'a301feba', 'text': ''}, {'tag': 'iframe', 'src': 'https://ads.independent.com.mt/www/delivery/afr.php?resize=1&zoneid=19&target=_blank&cb=189', 'aria_label': None, 'class': ['tmiads'], 'id': 'a3f5f1e3', 'text': ''}, {'tag': 'iframe', 'src': 'https://ads.independent.com.mt/www/delivery/afr.php?zoneid=104&cb=148', 'aria_label': None, 'class': ['tmiads'], 'id': 'a7ef03f2', 'text': ''}, {'tag': 'iframe', 'src': 'https://ads.independent.com.mt/www/delivery/afr.php?zoneid=147&cb=150', 'aria_label': None, 'class': ['tmiads'], 'id': 'a65e2a3a', 'text': ''}, {'tag': 'iframe', 'src': 'https://ads.independent.com.mt/www/delivery/afr.php?resize=1&zoneid=18&target=_blank&cb=231', 'aria_label': None, 'class': ['tmiads'], 'id': 'afd0542d', 'text': ''}]",4,045,independent,news_listing
135,30,40,11,0,1,20,12,4721,747,16,7,"[{'tag': 'iframe', 'src': 'https://ads.independent.com.mt/www/delivery/afr.php?resize=1&zoneid=33&target=_blank&cb=75', 'aria_label': None, 'class': ['tmiads'], 'id': 'a5559624', 'text': ''}, {'tag': 'iframe', 'src': 'https://ads.independent.com.mt/www/delivery/afr.php?zoneid=108&cb=243', 'aria_label': None, 'class': ['tmiads'], 'id': 'a8127595', 'text': ''}, {'tag': 'iframe', 'src': 'https://ads.independent.com.mt/www/delivery/afr.php?zoneid=105&cb=122', 'aria_label': None, 'class': ['tmiads'], 'id': 'a301feba', 'text': ''}, {'tag': 'iframe', 'src': 'https://ads.independent.com.mt/www/delivery/afr.php?resize=1&zoneid=19&target=_blank&cb=189', 'aria_label': None, 'class': ['tmiads'], 'id': 'a3f5f1e3', 'text': ''}, {'tag': 'iframe', 'src': 'https://ads.independent.com.mt/www/delivery/afr.php?zoneid=104&cb=148', 'aria_label': None, 'class': ['tmiads'], 'id': 'a7ef03f2', 'text': ''}, {'tag': 'iframe', 'src': 'https://ads.independent.com.mt/www/delivery/afr.php?zoneid=147&cb=150', 'aria_label': None, 'class': ['tmiads'], 'id': 'a65e2a3a', 'text': ''}, {'tag': 'iframe', 'src': 'https://ads.independent.com.mt/www/delivery/afr.php?resize=1&zoneid=18&target=_blank&cb=231', 'aria_label': None, 'class': ['tmiads'], 'id': 'afd0542d', 'text': ''}]",4,046,independent,news_listing
135,30,40,11,0,1,20,12,4721,747,16,7,"[{'tag': 'iframe', 'src': 'https://ads.independent.com.mt/www/delivery/afr.php?resize=1&zoneid=33&target=_blank&cb=75', 'aria_label': None, 'class': ['tmiads'], 'id': 'a5559624', 'text': ''}, {'tag': 'iframe', 'src': 'https://ads.independent.com.mt/www/delivery/afr.php?zoneid=108&cb=243', 'aria_label': None, 'class': ['tmiads'], 'id': 'a8127595', 'text': ''}, {'tag': 'iframe', 'src': 'https://ads.independent.com.mt/www/delivery/afr.php?zoneid=105&cb=122', 'aria_label': None, 'class': ['tmiads'], 'id': 'a301feba', 'text': ''}, {'tag': 'iframe', 'src': 'https://ads.independent.com.mt/www/delivery/afr.php?resize=1&zoneid=19&target=_blank&cb=189', 'aria_label': None, 'class': ['tmiads'], 'id': 'a3f5f1e3', 'text': ''}, {'tag': 'iframe', 'src': 'https://ads.independent.com.mt/www/delivery/afr.php?zoneid=104&cb=148', 'aria_label': None, 'class': ['tmiads'], 'id': 'a7ef03f2', 'text': ''}, {'tag': 'iframe', 'src': 'https://ads.independent.com.mt/www/delivery/afr.php?zoneid=147&cb=150', 'aria_label': None, 'class': ['tmiads'], 'id': 'a65e2a3a', 'text': ''}, {'tag': 'iframe', 'src': 'https://ads.independent.com.mt/www/delivery/afr.php?resize=1&zoneid=18&target=_blank&cb=231', 'aria_label': None, 'class': ['tmiads'], 'id': 'afd0542d', 'text': ''}]",4,047,independent,news_listing
135,30,40,11,0,1,20,12,4721,747,16,7,"[{'tag': 'iframe', 'src': 'https://ads.independent.com.mt/www/delivery/afr.php?resize=1&zoneid=33&target=_blank&cb=75', 'aria_label': None, 'class': ['tmiads'], 'id': 'a5559624', 'text': ''}, {'tag': 'iframe', 'src': 'https://ads.independent.com.mt/www/delivery/afr.php?zoneid=108&cb=243', 'aria_label': None, 'class': ['tmiads'], 'id': 'a8127595', 'text': ''}, {'tag': 'iframe', 'src': 'https://ads.independent.com.mt/www/delivery/afr.php?zoneid=105&cb=122', 'aria_label': None, 'class': ['tmiads'], 'id': 'a301feba', 'text': ''}, {'tag': 'iframe', 'src': 'https://ads.independent.com.mt/www/delivery/afr.php?resize=1&zoneid=19&target=_blank&cb=189', 'aria_label': None, 'class': ['tmiads'], 'id': 'a3f5f1e3', 'text': ''}, {'tag': 'iframe', 'src': 'https://ads.independent.com.mt/www/delivery/afr.php?zoneid=104&cb=148', 'aria_label': None, 'class': ['tmiads'], 'id': 'a7ef03f2', 'text': ''}, {'tag': 'iframe', 'src': 'https://ads.independent.com.mt/www/delivery/afr.php?zoneid=147&cb=150', 'aria_label': None, 'class': ['tmiads'], 'id': 'a65e2a3a', 'text': ''}, {'tag': 'iframe', 'src': 'https://ads.independent.com.mt/www/delivery/afr.php?resize=1&zoneid=18&target=_blank&cb=231', 'aria_label': None, 'class': ['tmiads'], 'id': 'afd0542d', 'text': ''}]",4,048,independent,news_listing
135,30,40,11,0,1,20,12,4721,747,16,7,"[{'tag': 'iframe', 'src': 'https://ads.independent.com.mt/www/delivery/afr.php?resize=1&zoneid=33&target=_blank&cb=75', 'aria_label': None, 'class': ['tmiads'], 'id': 'a5559624', 'text': ''}, {'tag': 'iframe', 'src': 'https://ads.independent.com.mt/www/delivery/afr.php?zoneid=108&cb=243', 'aria_label': None, 'class': ['tmiads'], 'id': 'a8127595', 'text': ''}, {'tag': 'iframe', 'src': 'https://ads.independent.com.mt/www/delivery/afr.php?zoneid=105&cb=122', 'aria_label': None, 'class': ['tmiads'], 'id': 'a301feba', 'text': ''}, {'tag': 'iframe', 'src': 'https://ads.independent.com.mt/www/delivery/afr.php?resize=1&zoneid=19&target=_blank&cb=189', 'aria_label': None, 'class': ['tmiads'], 'id': 'a3f5f1e3', 'text': ''}, {'tag': 'iframe', 'src': 'https://ads.independent.com.mt/www/delivery/afr.php?zoneid=104&cb=148', 'aria_label': None, 'class': ['tmiads'], 'id': 'a7ef03f2', 'text': ''}, {'tag': 'iframe', 'src': 'https://ads.independent.com.mt/www/delivery/afr.php?zoneid=147&cb=150', 'aria_label': None, 'class': ['tmiads'], 'id': 'a65e2a3a', 'text': ''}, {'tag': 'iframe', 'src': 'https://ads.independent.com.mt/www/delivery/afr.php?resize=1&zoneid=18&target=_blank&cb=231', 'aria_label': None, 'class': ['tmiads'], 'id': 'afd0542d', 'text': ''}]",4,049,independent,news_listing
135,30,40,11,0,1,20,12,4785,756,16,7,"[{'tag': 'iframe', 'src': 'https://ads.independent.com.mt/www/delivery/afr.php?resize=1&zoneid=33&target=_blank&cb=91', 'aria_label': None, 'class': ['tmiads'], 'id': 'a5559624', 'text': ''}, {'tag': 'iframe', 'src': 'https://ads.independent.com.mt/www/delivery/afr.php?zoneid=108&cb=83', 'aria_label': None, 'class': ['tmiads'], 'id': 'a8127595', 'text': ''}, {'tag': 'iframe', 'src': 'https://ads.independent.com.mt/www/delivery/afr.php?zoneid=105&cb=222', 'aria_label': None, 'class': ['tmiads'], 'id': 'a301feba', 'text': ''}, {'tag': 'iframe', 'src': 'https://ads.independent.com.mt/www/delivery/afr.php?resize=1&zoneid=19&target=_blank&cb=66', 'aria_label': None, 'class': ['tmiads'], 'id': 'a3f5f1e3', 'text': ''}, {'tag': 'iframe', 'src': 'https://ads.independent.com.mt/www/delivery/afr.php?zoneid=104&cb=116', 'aria_label': None, 'class': ['tmiads'], 'id': 'a7ef03f2', 'text': ''}, {'tag': 'iframe', 'src': 'https://ads.independent.com.mt/www/delivery/afr.php?zoneid=147&cb=152', 'aria_label': None, 'class': ['tmiads'], 'id': 'a65e2a3a', 'text': ''}, {'tag': 'iframe', 'src': 'https://ads.independent.com.mt/www/delivery/afr.php?resize=1&zoneid=18&target=_blank&cb=51', 'aria_label': None, 'class': ['tmiads'], 'id': 'afd0542d', 'text': ''}]",4,050,independent,news_listing
135,30,40,11,0,1,20,12,4785,756,16,7,"[{'tag': 'iframe', 'src': 'https://ads.independent.com.mt/www/delivery/afr.php?resize=1&zoneid=33&target=_blank&cb=91', 'aria_label': None, 'class': ['tmiads'], 'id': 'a5559624', 'text': ''}, {'tag': 'iframe', 'src': 'https://ads.independent.com.mt/www/delivery/afr.php?zoneid=108&cb=83', 'aria_label': None, 'class': ['tmiads'], 'id': 'a8127595', 'text': ''}, {'tag': 'iframe', 'src': 'https://ads.independent.com.mt/www/delivery/afr.php?zoneid=105&cb=222', 'aria_label': None, 'class': ['tmiads'], 'id': 'a301feba', 'text': ''}, {'tag': 'iframe', 'src': 'https://ads.independent.com.mt/www/delivery/afr.php?resize=1&zoneid=19&target=_blank&cb=66', 'aria_label': None, 'class': ['tmiads'], 'id': 'a3f5f1e3', 'text': ''}, {'tag': 'iframe', 'src': 'https://ads.independent.com.mt/www/delivery/afr.php?zoneid=104&cb=116', 'aria_label': None, 'class': ['tmiads'], 'id': 'a7ef03f2', 'text': ''}, {'tag': 'iframe', 'src': 'https://ads.independent.com.mt/www/delivery/afr.php?zoneid=147&cb=152', 'aria_label': None, 'class': ['tmiads'], 'id': 'a65e2a3a', 'text': ''}, {'tag': 'iframe', 'src': 'https://ads.independent.com.mt/www/delivery/afr.php?resize=1&zoneid=18&target=_blank&cb=51', 'aria_label': None, 'class': ['tmiads'], 'id': 'afd0542d', 'text': ''}]",4,051,independent,news_listing
135,30,40,11,0,1,20,12,4785,756,16,7,"[{'tag': 'iframe', 'src': 'https://ads.independent.com.mt/www/delivery/afr.php?resize=1&zoneid=33&target=_blank&cb=91', 'aria_label': None, 'class': ['tmiads'], 'id': 'a5559624', 'text': ''}, {'tag': 'iframe', 'src': 'https://ads.independent.com.mt/www/delivery/afr.php?zoneid=108&cb=83', 'aria_label': None, 'class': ['tmiads'], 'id': 'a8127595', 'text': ''}, {'tag': 'iframe', 'src': 'https://ads.independent.com.mt/www/delivery/afr.php?zoneid=105&cb=222', 'aria_label': None, 'class': ['tmiads'], 'id': 'a301feba', 'text': ''}, {'tag': 'iframe', 'src': 'https://ads.independent.com.mt/www/delivery/afr.php?resize=1&zoneid=19&target=_blank&cb=66', 'aria_label': None, 'class': ['tmiads'], 'id': 'a3f5f1e3', 'text': ''}, {'tag': 'iframe', 'src': 'https://ads.independent.com.mt/www/delivery/afr.php?zoneid=104&cb=116', 'aria_label': None, 'class': ['tmiads'], 'id': 'a7ef03f2', 'text': ''}, {'tag': 'iframe', 'src': 'https://ads.independent.com.mt/www/delivery/afr.php?zoneid=147&cb=152', 'aria_label': None, 'class': ['tmiads'], 'id': 'a65e2a3a', 'text': ''}, {'tag': 'iframe', 'src': 'https://ads.independent.com.mt/www/delivery/afr.php?resize=1&zoneid=18&target=_blank&cb=51', 'aria_label': None, 'class': ['tmiads'], 'id': 'afd0542d', 'text': ''}]",4,052,independent,news_listing
135,30,40,11,0,1,20,12,4785,756,16,7,"[{'tag': 'iframe', 'src': 'https://ads.independent.com.mt/www/delivery/afr.php?resize=1&zoneid=33&target=_blank&cb=91', 'aria_label': None, 'class': ['tmiads'], 'id': 'a5559624', 'text': ''}, {'tag': 'iframe', 'src': 'https://ads.independent.com.mt/www/delivery/afr.php?zoneid=108&cb=83', 'aria_label': None, 'class': ['tmiads'], 'id': 'a8127595', 'text': ''}, {'tag': 'iframe', 'src': 'https://ads.independent.com.mt/www/delivery/afr.php?zoneid=105&cb=222', 'aria_label': None, 'class': ['tmiads'], 'id': 'a301feba', 'text': ''}, {'tag': 'iframe', 'src': 'https://ads.independent.com.mt/www/delivery/afr.php?resize=1&zoneid=19&target=_blank&cb=66', 'aria_label': None, 'class': ['tmiads'], 'id': 'a3f5f1e3', 'text': ''}, {'tag': 'iframe', 'src': 'https://ads.independent.com.mt/www/delivery/afr.php?zoneid=104&cb=116', 'aria_label': None, 'class': ['tmiads'], 'id': 'a7ef03f2', 'text': ''}, {'tag': 'iframe', 'src': 'https://ads.independent.com.mt/www/delivery/afr.php?zoneid=147&cb=152', 'aria_label': None, 'class': ['tmiads'], 'id': 'a65e2a3a', 'text': ''}, {'tag': 'iframe', 'src': 'https://ads.independent.com.mt/www/delivery/afr.php?resize=1&zoneid=18&target=_blank&cb=51', 'aria_label': None, 'class': ['tmiads'], 'id': 'afd0542d', 'text': ''}]",4,053,independent,news_listing
135,30,40,11,0,1,20,12,4785,756,16,7,"[{'tag': 'iframe', 'src': 'https://ads.independent.com.mt/www/delivery/afr.php?resize=1&zoneid=33&target=_blank&cb=91', 'aria_label': None, 'class': ['tmiads'], 'id': 'a5559624', 'text': ''}, {'tag': 'iframe', 'src': 'https://ads.independent.com.mt/www/delivery/afr.php?zoneid=108&cb=83', 'aria_label': None, 'class': ['tmiads'], 'id': 'a8127595', 'text': ''}, {'tag': 'iframe', 'src': 'https://ads.independent.com.mt/www/delivery/afr.php?zoneid=105&cb=222', 'aria_label': None, 'class': ['tmiads'], 'id': 'a301feba', 'text': ''}, {'tag': 'iframe', 'src': 'https://ads.independent.com.mt/www/delivery/afr.php?resize=1&zoneid=19&target=_blank&cb=66', 'aria_label': None, 'class': ['tmiads'], 'id': 'a3f5f1e3', 'text': ''}, {'tag': 'iframe', 'src': 'https://ads.independent.com.mt/www/delivery/afr.php?zoneid=104&cb=116', 'aria_label': None, 'class': ['tmiads'], 'id': 'a7ef03f2', 'text': ''}, {'tag': 'iframe', 'src': 'https://ads.independent.com.mt/www/delivery/afr.php?zoneid=147&cb=152', 'aria_label': None, 'class': ['tmiads'], 'id': 'a65e2a3a', 'text': ''}, {'tag': 'iframe', 'src': 'https://ads.independent.com.mt/www/delivery/afr.php?resize=1&zoneid=18&target=_blank&cb=51', 'aria_label': None, 'class': ['tmiads'], 'id': 'afd0542d', 'text': ''}]",4,054,independent,news_listing
135,30,40,11,0,1,20,12,4785,756,16,7,"[{'tag': 'iframe', 'src': 'https://ads.independent.com.mt/www/delivery/afr.php?resize=1&zoneid=33&target=_blank&cb=91', 'aria_label': None, 'class': ['tmiads'], 'id': 'a5559624', 'text': ''}, {'tag': 'iframe', 'src': 'https://ads.independent.com.mt/www/delivery/afr.php?zoneid=108&cb=83', 'aria_label': None, 'class': ['tmiads'], 'id': 'a8127595', 'text': ''}, {'tag': 'iframe', 'src': 'https://ads.independent.com.mt/www/delivery/afr.php?zoneid=105&cb=222', 'aria_label': None, 'class': ['tmiads'], 'id': 'a301feba', 'text': ''}, {'tag': 'iframe', 'src': 'https://ads.independent.com.mt/www/delivery/afr.php?resize=1&zoneid=19&target=_blank&cb=66', 'aria_label': None, 'class': ['tmiads'], 'id': 'a3f5f1e3', 'text': ''}, {'tag': 'iframe', 'src': 'https://ads.independent.com.mt/www/delivery/afr.php?zoneid=104&cb=116', 'aria_label': None, 'class': ['tmiads'], 'id': 'a7ef03f2', 'text': ''}, {'tag': 'iframe', 'src': 'https://ads.independent.com.mt/www/delivery/afr.php?zoneid=147&cb=152', 'aria_label': None, 'class': ['tmiads'], 'id': 'a65e2a3a', 'text': ''}, {'tag': 'iframe', 'src': 'https://ads.independent.com.mt/www/delivery/afr.php?resize=1&zoneid=18&target=_blank&cb=51', 'aria_label': None, 'class': ['tmiads'], 'id': 'afd0542d', 'text': ''}]",4,055,independent,news_listing
135,30,40,11,0,1,20,12,4785,756,16,7,"[{'tag': 'iframe', 'src': 'https://ads.independent.com.mt/www/delivery/afr.php?resize=1&zoneid=33&target=_blank&cb=91', 'aria_label': None, 'class': ['tmiads'], 'id': 'a5559624', 'text': ''}, {'tag': 'iframe', 'src': 'https://ads.independent.com.mt/www/delivery/afr.php?zoneid=108&cb=83', 'aria_label': None, 'class': ['tmiads'], 'id': 'a8127595', 'text': ''}, {'tag': 'iframe', 'src': 'https://ads.independent.com.mt/www/delivery/afr.php?zoneid=105&cb=222', 'aria_label': None, 'class': ['tmiads'], 'id': 'a301feba', 'text': ''}, {'tag': 'iframe', 'src': 'https://ads.independent.com.mt/www/delivery/afr.php?resize=1&zoneid=19&target=_blank&cb=66', 'aria_label': None, 'class': ['tmiads'], 'id': 'a3f5f1e3', 'text': ''}, {'tag': 'iframe', 'src': 'https://ads.independent.com.mt/www/delivery/afr.php?zoneid=104&cb=116', 'aria_label': None, 'class': ['tmiads'], 'id': 'a7ef03f2', 'text': ''}, {'tag': 'iframe', 'src': 'https://ads.independent.com.mt/www/delivery/afr.php?zoneid=147&cb=152', 'aria_label': None, 'class': ['tmiads'], 'id': 'a65e2a3a', 'text': ''}, {'tag': 'iframe', 'src': 'https://ads.independent.com.mt/www/delivery/afr.php?resize=1&zoneid=18&target=_blank&cb=51', 'aria_label': None, 'class': ['tmiads'], 'id': 'afd0542d', 'text': ''}]",4,056,independent,news_listing
135,30,40,11,0,1,20,12,4785,756,16,7,"[{'tag': 'iframe', 'src': 'https://ads.independent.com.mt/www/delivery/afr.php?resize=1&zoneid=33&target=_blank&cb=91', 'aria_label': None, 'class': ['tmiads'], 'id': 'a5559624', 'text': ''}, {'tag': 'iframe', 'src': 'https://ads.independent.com.mt/www/delivery/afr.php?zoneid=108&cb=83', 'aria_label': None, 'class': ['tmiads'], 'id': 'a8127595', 'text': ''}, {'tag': 'iframe', 'src': 'https://ads.independent.com.mt/www/delivery/afr.php?zoneid=105&cb=222', 'aria_label': None, 'class': ['tmiads'], 'id': 'a301feba', 'text': ''}, {'tag': 'iframe', 'src': 'https://ads.independent.com.mt/www/delivery/afr.php?resize=1&zoneid=19&target=_blank&cb=66', 'aria_label': None, 'class': ['tmiads'], 'id': 'a3f5f1e3', 'text': ''}, {'tag': 'iframe', 'src': 'https://ads.independent.com.mt/www/delivery/afr.php?zoneid=104&cb=116', 'aria_label': None, 'class': ['tmiads'], 'id': 'a7ef03f2', 'text': ''}, {'tag': 'iframe', 'src': 'https://ads.independent.com.mt/www/delivery/afr.php?zoneid=147&cb=152', 'aria_label': None, 'class': ['tmiads'], 'id': 'a65e2a3a', 'text': ''}, {'tag': 'iframe', 'src': 'https://ads.independent.com.mt/www/delivery/afr.php?resize=1&zoneid=18&target=_blank&cb=51', 'aria_label': None, 'class': ['tmiads'], 'id': 'afd0542d', 'text': ''}]",4,057,independent,news_listing
135,30,40,11,0,1,20,12,4967,762,16,7,"[{'tag': 'iframe', 'src': 'https://ads.independent.com.mt/www/delivery/afr.php?resize=1&zoneid=33&target=_blank&cb=226', 'aria_label': None, 'class': ['tmiads'], 'id': 'a5559624', 'text': ''}, {'tag': 'iframe', 'src': 'https://ads.independent.com.mt/www/delivery/afr.php?zoneid=108&cb=199', 'aria_label': None, 'class': ['tmiads'], 'id': 'a8127595', 'text': ''}, {'tag': 'iframe', 'src': 'https://ads.independent.com.mt/www/delivery/afr.php?zoneid=105&cb=250', 'aria_label': None, 'class': ['tmiads'], 'id': 'a301feba', 'text': ''}, {'tag': 'iframe', 'src': 'https://ads.independent.com.mt/www/delivery/afr.php?resize=1&zoneid=19&target=_blank&cb=258', 'aria_label': None, 'class': ['tmiads'], 'id': 'a3f5f1e3', 'text': ''}, {'tag': 'iframe', 'src': 'https://ads.independent.com.mt/www/delivery/afr.php?zoneid=104&cb=17', 'aria_label': None, 'class': ['tmiads'], 'id': 'a7ef03f2', 'text': ''}, {'tag': 'iframe', 'src': 'https://ads.independent.com.mt/www/delivery/afr.php?zoneid=147&cb=245', 'aria_label': None, 'class': ['tmiads'], 'id': 'a65e2a3a', 'text': ''}, {'tag': 'iframe', 'src': 'https://ads.independent.com.mt/www/delivery/afr.php?resize=1&zoneid=18&target=_blank&cb=264', 'aria_label': None, 'class': ['tmiads'], 'id': 'afd0542d', 'text': ''}]",4,058,independent,news_listing
135,30,40,11,0,1,20,12,4967,762,16,7,"[{'tag': 'iframe', 'src': 'https://ads.independent.com.mt/www/delivery/afr.php?resize=1&zoneid=33&target=_blank&cb=226', 'aria_label': None, 'class': ['tmiads'], 'id': 'a5559624', 'text': ''}, {'tag': 'iframe', 'src': 'https://ads.independent.com.mt/www/delivery/afr.php?zoneid=108&cb=199', 'aria_label': None, 'class': ['tmiads'], 'id': 'a8127595', 'text': ''}, {'tag': 'iframe', 'src': 'https://ads.independent.com.mt/www/delivery/afr.php?zoneid=105&cb=250', 'aria_label': None, 'class': ['tmiads'], 'id': 'a301feba', 'text': ''}, {'tag': 'iframe', 'src': 'https://ads.independent.com.mt/www/delivery/afr.php?resize=1&zoneid=19&target=_blank&cb=258', 'aria_label': None, 'class': ['tmiads'], 'id': 'a3f5f1e3', 'text': ''}, {'tag': 'iframe', 'src': 'https://ads.independent.com.mt/www/delivery/afr.php?zoneid=104&cb=17', 'aria_label': None, 'class': ['tmiads'], 'id': 'a7ef03f2', 'text': ''}, {'tag': 'iframe', 'src': 'https://ads.independent.com.mt/www/delivery/afr.php?zoneid=147&cb=245', 'aria_label': None, 'class': ['tmiads'], 'id': 'a65e2a3a', 'text': ''}, {'tag': 'iframe', 'src': 'https://ads.independent.com.mt/www/delivery/afr.php?resize=1&zoneid=18&target=_blank&cb=264', 'aria_label': None, 'class': ['tmiads'], 'id': 'afd0542d', 'text': ''}]",4,059,independent,news_listing
135,30,40,11,0,1,20,12,4967,762,16,7,"[{'tag': 'iframe', 'src': 'https://ads.independent.com.mt/www/delivery/afr.php?resize=1&zoneid=33&target=_blank&cb=226', 'aria_label': None, 'class': ['tmiads'], 'id': 'a5559624', 'text': ''}, {'tag': 'iframe', 'src': 'https://ads.independent.com.mt/www/delivery/afr.php?zoneid=108&cb=199', 'aria_label': None, 'class': ['tmiads'], 'id': 'a8127595', 'text': ''}, {'tag': 'iframe', 'src': 'https://ads.independent.com.mt/www/delivery/afr.php?zoneid=105&cb=250', 'aria_label': None, 'class': ['tmiads'], 'id': 'a301feba', 'text': ''}, {'tag': 'iframe', 'src': 'https://ads.independent.com.mt/www/delivery/afr.php?resize=1&zoneid=19&target=_blank&cb=258', 'aria_label': None, 'class': ['tmiads'], 'id': 'a3f5f1e3', 'text': ''}, {'tag': 'iframe', 'src': 'https://ads.independent.com.mt/www/delivery/afr.php?zoneid=104&cb=17', 'aria_label': None, 'class': ['tmiads'], 'id': 'a7ef03f2', 'text': ''}, {'tag': 'iframe', 'src': 'https://ads.independent.com.mt/www/delivery/afr.php?zoneid=147&cb=245', 'aria_label': None, 'class': ['tmiads'], 'id': 'a65e2a3a', 'text': ''}, {'tag': 'iframe', 'src': 'https://ads.independent.com.mt/www/delivery/afr.php?resize=1&zoneid=18&target=_blank&cb=264', 'aria_label': None, 'class': ['tmiads'], 'id': 'afd0542d', 'text': ''}]",4,060,independent,news_listing
135,30,40,11,0,1,20,12,4967,762,16,7,"[{'tag': 'iframe', 'src': 'https://ads.independent.com.mt/www/delivery/afr.php?resize=1&zoneid=33&target=_blank&cb=226', 'aria_label': None, 'class': ['tmiads'], 'id': 'a5559624', 'text': ''}, {'tag': 'iframe', 'src': 'https://ads.independent.com.mt/www/delivery/afr.php?zoneid=108&cb=199', 'aria_label': None, 'class': ['tmiads'], 'id': 'a8127595', 'text': ''}, {'tag': 'iframe', 'src': 'https://ads.independent.com.mt/www/delivery/afr.php?zoneid=105&cb=250', 'aria_label': None, 'class': ['tmiads'], 'id': 'a301feba', 'text': ''}, {'tag': 'iframe', 'src': 'https://ads.independent.com.mt/www/delivery/afr.php?resize=1&zoneid=19&target=_blank&cb=258', 'aria_label': None, 'class': ['tmiads'], 'id': 'a3f5f1e3', 'text': ''}, {'tag': 'iframe', 'src': 'https://ads.independent.com.mt/www/delivery/afr.php?zoneid=104&cb=17', 'aria_label': None, 'class': ['tmiads'], 'id': 'a7ef03f2', 'text': ''}, {'tag': 'iframe', 'src': 'https://ads.independent.com.mt/www/delivery/afr.php?zoneid=147&cb=245', 'aria_label': None, 'class': ['tmiads'], 'id': 'a65e2a3a', 'text': ''}, {'tag': 'iframe', 'src': 'https://ads.independent.com.mt/www/delivery/afr.php?resize=1&zoneid=18&target=_blank&cb=264', 'aria_label': None, 'class': ['tmiads'], 'id': 'afd0542d', 'text': ''}]",4,061,independent,news_listing
135,30,40,11,0,1,20,12,4967,762,16,7,"[{'tag': 'iframe', 'src': 'https://ads.independent.com.mt/www/delivery/afr.php?resize=1&zoneid=33&target=_blank&cb=226', 'aria_label': None, 'class': ['tmiads'], 'id': 'a5559624', 'text': ''}, {'tag': 'iframe', 'src': 'https://ads.independent.com.mt/www/delivery/afr.php?zoneid=108&cb=199', 'aria_label': None, 'class': ['tmiads'], 'id': 'a8127595', 'text': ''}, {'tag': 'iframe', 'src': 'https://ads.independent.com.mt/www/delivery/afr.php?zoneid=105&cb=250', 'aria_label': None, 'class': ['tmiads'], 'id': 'a301feba', 'text': ''}, {'tag': 'iframe', 'src': 'https://ads.independent.com.mt/www/delivery/afr.php?resize=1&zoneid=19&target=_blank&cb=258', 'aria_label': None, 'class': ['tmiads'], 'id': 'a3f5f1e3', 'text': ''}, {'tag': 'iframe', 'src': 'https://ads.independent.com.mt/www/delivery/afr.php?zoneid=104&cb=17', 'aria_label': None, 'class': ['tmiads'], 'id': 'a7ef03f2', 'text': ''}, {'tag': 'iframe', 'src': 'https://ads.independent.com.mt/www/delivery/afr.php?zoneid=147&cb=245', 'aria_label': None, 'class': ['tmiads'], 'id': 'a65e2a3a', 'text': ''}, {'tag': 'iframe', 'src': 'https://ads.independent.com.mt/www/delivery/afr.php?resize=1&zoneid=18&target=_blank&cb=264', 'aria_label': None, 'class': ['tmiads'], 'id': 'afd0542d', 'text': ''}]",4,062,independent,news_listing
135,30,40,11,0,1,20,12,4967,762,16,7,"[{'tag': 'iframe', 'src': 'https://ads.independent.com.mt/www/delivery/afr.php?resize=1&zoneid=33&target=_blank&cb=226', 'aria_label': None, 'class': ['tmiads'], 'id': 'a5559624', 'text': ''}, {'tag': 'iframe', 'src': 'https://ads.independent.com.mt/www/delivery/afr.php?zoneid=108&cb=199', 'aria_label': None, 'class': ['tmiads'], 'id': 'a8127595', 'text': ''}, {'tag': 'iframe', 'src': 'https://ads.independent.com.mt/www/delivery/afr.php?zoneid=105&cb=250', 'aria_label': None, 'class': ['tmiads'], 'id': 'a301feba', 'text': ''}, {'tag': 'iframe', 'src': 'https://ads.independent.com.mt/www/delivery/afr.php?resize=1&zoneid=19&target=_blank&cb=258', 'aria_label': None, 'class': ['tmiads'], 'id': 'a3f5f1e3', 'text': ''}, {'tag': 'iframe', 'src': 'https://ads.independent.com.mt/www/delivery/afr.php?zoneid=104&cb=17', 'aria_label': None, 'class': ['tmiads'], 'id': 'a7ef03f2', 'text': ''}, {'tag': 'iframe', 'src': 'https://ads.independent.com.mt/www/delivery/afr.php?zoneid=147&cb=245', 'aria_label': None, 'class': ['tmiads'], 'id': 'a65e2a3a', 'text': ''}, {'tag': 'iframe', 'src': 'https://ads.independent.com.mt/www/delivery/afr.php?resize=1&zoneid=18&target=_blank&cb=264', 'aria_label': None, 'class': ['tmiads'], 'id': 'afd0542d', 'text': ''}]",4,063,independent,news_listing
135,30,40,11,0,1,20,12,4967,762,16,7,"[{'tag': 'iframe', 'src': 'https://ads.independent.com.mt/www/delivery/afr.php?resize=1&zoneid=33&target=_blank&cb=226', 'aria_label': None, 'class': ['tmiads'], 'id': 'a5559624', 'text': ''}, {'tag': 'iframe', 'src': 'https://ads.independent.com.mt/www/delivery/afr.php?zoneid=108&cb=199', 'aria_label': None, 'class': ['tmiads'], 'id': 'a8127595', 'text': ''}, {'tag': 'iframe', 'src': 'https://ads.independent.com.mt/www/delivery/afr.php?zoneid=105&cb=250', 'aria_label': None, 'class': ['tmiads'], 'id': 'a301feba', 'text': ''}, {'tag': 'iframe', 'src': 'https://ads.independent.com.mt/www/delivery/afr.php?resize=1&zoneid=19&target=_blank&cb=258', 'aria_label': None, 'class': ['tmiads'], 'id': 'a3f5f1e3', 'text': ''}, {'tag': 'iframe', 'src': 'https://ads.independent.com.mt/www/delivery/afr.php?zoneid=104&cb=17', 'aria_label': None, 'class': ['tmiads'], 'id': 'a7ef03f2', 'text': ''}, {'tag': 'iframe', 'src': 'https://ads.independent.com.mt/www/delivery/afr.php?zoneid=147&cb=245', 'aria_label': None, 'class': ['tmiads'], 'id': 'a65e2a3a', 'text': ''}, {'tag': 'iframe', 'src': 'https://ads.independent.com.mt/www/delivery/afr.php?resize=1&zoneid=18&target=_blank&cb=264', 'aria_label': None, 'class': ['tmiads'], 'id': 'afd0542d', 'text': ''}]",4,064,independent,news_listing
135,30,40,11,0,1,20,12,4846,761,16,7,"[{'tag': 'iframe', 'src': 'https://ads.independent.com.mt/www/delivery/afr.php?resize=1&zoneid=33&target=_blank&cb=74', 'aria_label': None, 'class': ['tmiads'], 'id': 'a5559624', 'text': ''}, {'tag': 'iframe', 'src': 'https://ads.independent.com.mt/www/delivery/afr.php?zoneid=108&cb=50', 'aria_label': None, 'class': ['tmiads'], 'id': 'a8127595', 'text': ''}, {'tag': 'iframe', 'src': 'https://ads.independent.com.mt/www/delivery/afr.php?zoneid=105&cb=66', 'aria_label': None, 'class': ['tmiads'], 'id': 'a301feba', 'text': ''}, {'tag': 'iframe', 'src': 'https://ads.independent.com.mt/www/delivery/afr.php?resize=1&zoneid=19&target=_blank&cb=279', 'aria_label': None, 'class': ['tmiads'], 'id': 'a3f5f1e3', 'text': ''}, {'tag': 'iframe', 'src': 'https://ads.independent.com.mt/www/delivery/afr.php?zoneid=104&cb=41', 'aria_label': None, 'class': ['tmiads'], 'id': 'a7ef03f2', 'text': ''}, {'tag': 'iframe', 'src': 'https://ads.independent.com.mt/www/delivery/afr.php?zoneid=147&cb=213', 'aria_label': None, 'class': ['tmiads'], 'id': 'a65e2a3a', 'text': ''}, {'tag': 'iframe', 'src': 'https://ads.independent.com.mt/www/delivery/afr.php?resize=1&zoneid=18&target=_blank&cb=117', 'aria_label': None, 'class': ['tmiads'], 'id': 'afd0542d', 'text': ''}]",4,065,independent,news_listing
135,30,40,11,0,1,20,12,4846,761,16,7,"[{'tag': 'iframe', 'src': 'https://ads.independent.com.mt/www/delivery/afr.php?resize=1&zoneid=33&target=_blank&cb=74', 'aria_label': None, 'class': ['tmiads'], 'id': 'a5559624', 'text': ''}, {'tag': 'iframe', 'src': 'https://ads.independent.com.mt/www/delivery/afr.php?zoneid=108&cb=50', 'aria_label': None, 'class': ['tmiads'], 'id': 'a8127595', 'text': ''}, {'tag': 'iframe', 'src': 'https://ads.independent.com.mt/www/delivery/afr.php?zoneid=105&cb=66', 'aria_label': None, 'class': ['tmiads'], 'id': 'a301feba', 'text': ''}, {'tag': 'iframe', 'src': 'https://ads.independent.com.mt/www/delivery/afr.php?resize=1&zoneid=19&target=_blank&cb=279', 'aria_label': None, 'class': ['tmiads'], 'id': 'a3f5f1e3', 'text': ''}, {'tag': 'iframe', 'src': 'https://ads.independent.com.mt/www/delivery/afr.php?zoneid=104&cb=41', 'aria_label': None, 'class': ['tmiads'], 'id': 'a7ef03f2', 'text': ''}, {'tag': 'iframe', 'src': 'https://ads.independent.com.mt/www/delivery/afr.php?zoneid=147&cb=213', 'aria_label': None, 'class': ['tmiads'], 'id': 'a65e2a3a', 'text': ''}, {'tag': 'iframe', 'src': 'https://ads.independent.com.mt/www/delivery/afr.php?resize=1&zoneid=18&target=_blank&cb=117', 'aria_label': None, 'class': ['tmiads'], 'id': 'afd0542d', 'text': ''}]",4,066,independent,news_listing
135,30,40,11,0,1,20,12,4846,761,16,7,"[{'tag': 'iframe', 'src': 'https://ads.independent.com.mt/www/delivery/afr.php?resize=1&zoneid=33&target=_blank&cb=74', 'aria_label': None, 'class': ['tmiads'], 'id': 'a5559624', 'text': ''}, {'tag': 'iframe', 'src': 'https://ads.independent.com.mt/www/delivery/afr.php?zoneid=108&cb=50', 'aria_label': None, 'class': ['tmiads'], 'id': 'a8127595', 'text': ''}, {'tag': 'iframe', 'src': 'https://ads.independent.com.mt/www/delivery/afr.php?zoneid=105&cb=66', 'aria_label': None, 'class': ['tmiads'], 'id': 'a301feba', 'text': ''}, {'tag': 'iframe', 'src': 'https://ads.independent.com.mt/www/delivery/afr.php?resize=1&zoneid=19&target=_blank&cb=279', 'aria_label': None, 'class': ['tmiads'], 'id': 'a3f5f1e3', 'text': ''}, {'tag': 'iframe', 'src': 'https://ads.independent.com.mt/www/delivery/afr.php?zoneid=104&cb=41', 'aria_label': None, 'class': ['tmiads'], 'id': 'a7ef03f2', 'text': ''}, {'tag': 'iframe', 'src': 'https://ads.independent.com.mt/www/delivery/afr.php?zoneid=147&cb=213', 'aria_label': None, 'class': ['tmiads'], 'id': 'a65e2a3a', 'text': ''}, {'tag': 'iframe', 'src': 'https://ads.independent.com.mt/www/delivery/afr.php?resize=1&zoneid=18&target=_blank&cb=117', 'aria_label': None, 'class': ['tmiads'], 'id': 'afd0542d', 'text': ''}]",4,067,independent,news_listing
135,30,40,11,0,1,20,12,4846,761,16,7,"[{'tag': 'iframe', 'src': 'https://ads.independent.com.mt/www/delivery/afr.php?resize=1&zoneid=33&target=_blank&cb=74', 'aria_label': None, 'class': ['tmiads'], 'id': 'a5559624', 'text': ''}, {'tag': 'iframe', 'src': 'https://ads.independent.com.mt/www/delivery/afr.php?zoneid=108&cb=50', 'aria_label': None, 'class': ['tmiads'], 'id': 'a8127595', 'text': ''}, {'tag': 'iframe', 'src': 'https://ads.independent.com.mt/www/delivery/afr.php?zoneid=105&cb=66', 'aria_label': None, 'class': ['tmiads'], 'id': 'a301feba', 'text': ''}, {'tag': 'iframe', 'src': 'https://ads.independent.com.mt/www/delivery/afr.php?resize=1&zoneid=19&target=_blank&cb=279', 'aria_label': None, 'class': ['tmiads'], 'id': 'a3f5f1e3', 'text': ''}, {'tag': 'iframe', 'src': 'https://ads.independent.com.mt/www/delivery/afr.php?zoneid=104&cb=41', 'aria_label': None, 'class': ['tmiads'], 'id': 'a7ef03f2', 'text': ''}, {'tag': 'iframe', 'src': 'https://ads.independent.com.mt/www/delivery/afr.php?zoneid=147&cb=213', 'aria_label': None, 'class': ['tmiads'], 'id': 'a65e2a3a', 'text': ''}, {'tag': 'iframe', 'src': 'https://ads.independent.com.mt/www/delivery/afr.php?resize=1&zoneid=18&target=_blank&cb=117', 'aria_label': None, 'class': ['tmiads'], 'id': 'afd0542d', 'text': ''}]",4,068,independent,news_listing
135,30,40,11,0,1,20,12,4846,761,16,7,"[{'tag': 'iframe', 'src': 'https://ads.independent.com.mt/www/delivery/afr.php?resize=1&zoneid=33&target=_blank&cb=74', 'aria_label': None, 'class': ['tmiads'], 'id': 'a5559624', 'text': ''}, {'tag': 'iframe', 'src': 'https://ads.independent.com.mt/www/delivery/afr.php?zoneid=108&cb=50', 'aria_label': None, 'class': ['tmiads'], 'id': 'a8127595', 'text': ''}, {'tag': 'iframe', 'src': 'https://ads.independent.com.mt/www/delivery/afr.php?zoneid=105&cb=66', 'aria_label': None, 'class': ['tmiads'], 'id': 'a301feba', 'text': ''}, {'tag': 'iframe', 'src': 'https://ads.independent.com.mt/www/delivery/afr.php?resize=1&zoneid=19&target=_blank&cb=279', 'aria_label': None, 'class': ['tmiads'], 'id': 'a3f5f1e3', 'text': ''}, {'tag': 'iframe', 'src': 'https://ads.independent.com.mt/www/delivery/afr.php?zoneid=104&cb=41', 'aria_label': None, 'class': ['tmiads'], 'id': 'a7ef03f2', 'text': ''}, {'tag': 'iframe', 'src': 'https://ads.independent.com.mt/www/delivery/afr.php?zoneid=147&cb=213', 'aria_label': None, 'class': ['tmiads'], 'id': 'a65e2a3a', 'text': ''}, {'tag': 'iframe', 'src': 'https://ads.independent.com.mt/www/delivery/afr.php?resize=1&zoneid=18&target=_blank&cb=117', 'aria_label': None, 'class': ['tmiads'], 'id': 'afd0542d', 'text': ''}]",4,069,independent,news_listing
135,30,40,11,0,1,20,12,4846,761,16,7,"[{'tag': 'iframe', 'src': 'https://ads.independent.com.mt/www/delivery/afr.php?resize=1&zoneid=33&target=_blank&cb=74', 'aria_label': None, 'class': ['tmiads'], 'id': 'a5559624', 'text': ''}, {'tag': 'iframe', 'src': 'https://ads.independent.com.mt/www/delivery/afr.php?zoneid=108&cb=50', 'aria_label': None, 'class': ['tmiads'], 'id': 'a8127595', 'text': ''}, {'tag': 'iframe', 'src': 'https://ads.independent.com.mt/www/delivery/afr.php?zoneid=105&cb=66', 'aria_label': None, 'class': ['tmiads'], 'id': 'a301feba', 'text': ''}, {'tag': 'iframe', 'src': 'https://ads.independent.com.mt/www/delivery/afr.php?resize=1&zoneid=19&target=_blank&cb=279', 'aria_label': None, 'class': ['tmiads'], 'id': 'a3f5f1e3', 'text': ''}, {'tag': 'iframe', 'src': 'https://ads.independent.com.mt/www/delivery/afr.php?zoneid=104&cb=41', 'aria_label': None, 'class': ['tmiads'], 'id': 'a7ef03f2', 'text': ''}, {'tag': 'iframe', 'src': 'https://ads.independent.com.mt/www/delivery/afr.php?zoneid=147&cb=213', 'aria_label': None, 'class': ['tmiads'], 'id': 'a65e2a3a', 'text': ''}, {'tag': 'iframe', 'src': 'https://ads.independent.com.mt/www/delivery/afr.php?resize=1&zoneid=18&target=_blank&cb=117', 'aria_label': None, 'class': ['tmiads'], 'id': 'afd0542d', 'text': ''}]",4,070,independent,news_listing
135,30,40,11,0,1,20,12,4846,761,16,7,"[{'tag': 'iframe', 'src': 'https://ads.independent.com.mt/www/delivery/afr.php?resize=1&zoneid=33&target=_blank&cb=74', 'aria_label': None, 'class': ['tmiads'], 'id': 'a5559624', 'text': ''}, {'tag': 'iframe', 'src': 'https://ads.independent.com.mt/www/delivery/afr.php?zoneid=108&cb=50', 'aria_label': None, 'class': ['tmiads'], 'id': 'a8127595', 'text': ''}, {'tag': 'iframe', 'src': 'https://ads.independent.com.mt/www/delivery/afr.php?zoneid=105&cb=66', 'aria_label': None, 'class': ['tmiads'], 'id': 'a301feba', 'text': ''}, {'tag': 'iframe', 'src': 'https://ads.independent.com.mt/www/delivery/afr.php?resize=1&zoneid=19&target=_blank&cb=279', 'aria_label': None, 'class': ['tmiads'], 'id': 'a3f5f1e3', 'text': ''}, {'tag': 'iframe', 'src': 'https://ads.independent.com.mt/www/delivery/afr.php?zoneid=104&cb=41', 'aria_label': None, 'class': ['tmiads'], 'id': 'a7ef03f2', 'text': ''}, {'tag': 'iframe', 'src': 'https://ads.independent.com.mt/www/delivery/afr.php?zoneid=147&cb=213', 'aria_label': None, 'class': ['tmiads'], 'id': 'a65e2a3a', 'text': ''}, {'tag': 'iframe', 'src': 'https://ads.independent.com.mt/www/delivery/afr.php?resize=1&zoneid=18&target=_blank&cb=117', 'aria_label': None, 'class': ['tmiads'], 'id': 'afd0542d', 'text': ''}]",4,071,independent,news_listing
135,30,40,11,0,1,20,12,4846,761,16,7,"[{'tag': 'iframe', 'src': 'https://ads.independent.com.mt/www/delivery/afr.php?resize=1&zoneid=33&target=_blank&cb=74', 'aria_label': None, 'class': ['tmiads'], 'id': 'a5559624', 'text': ''}, {'tag': 'iframe', 'src': 'https://ads.independent.com.mt/www/delivery/afr.php?zoneid=108&cb=50', 'aria_label': None, 'class': ['tmiads'], 'id': 'a8127595', 'text': ''}, {'tag': 'iframe', 'src': 'https://ads.independent.com.mt/www/delivery/afr.php?zoneid=105&cb=66', 'aria_label': None, 'class': ['tmiads'], 'id': 'a301feba', 'text': ''}, {'tag': 'iframe', 'src': 'https://ads.independent.com.mt/www/delivery/afr.php?resize=1&zoneid=19&target=_blank&cb=279', 'aria_label': None, 'class': ['tmiads'], 'id': 'a3f5f1e3', 'text': ''}, {'tag': 'iframe', 'src': 'https://ads.independent.com.mt/www/delivery/afr.php?zoneid=104&cb=41', 'aria_label': None, 'class': ['tmiads'], 'id': 'a7ef03f2', 'text': ''}, {'tag': 'iframe', 'src': 'https://ads.independent.com.mt/www/delivery/afr.php?zoneid=147&cb=213', 'aria_label': None, 'class': ['tmiads'], 'id': 'a65e2a3a', 'text': ''}, {'tag': 'iframe', 'src': 'https://ads.independent.com.mt/www/delivery/afr.php?resize=1&zoneid=18&target=_blank&cb=117', 'aria_label': None, 'class': ['tmiads'], 'id': 'afd0542d', 'text': ''}]",4,072,independent,news_listing
135,30,40,11,0,1,20,12,4754,750,16,7,"[{'tag': 'iframe', 'src': 'https://ads.independent.com.mt/www/delivery/afr.php?resize=1&zoneid=33&target=_blank&cb=34', 'aria_label': None, 'class': ['tmiads'], 'id': 'a5559624', 'text': ''}, {'tag': 'iframe', 'src': 'https://ads.independent.com.mt/www/delivery/afr.php?zoneid=108&cb=296', 'aria_label': None, 'class': ['tmiads'], 'id': 'a8127595', 'text': ''}, {'tag': 'iframe', 'src': 'https://ads.independent.com.mt/www/delivery/afr.php?zoneid=105&cb=180', 'aria_label': None, 'class': ['tmiads'], 'id': 'a301feba', 'text': ''}, {'tag': 'iframe', 'src': 'https://ads.independent.com.mt/www/delivery/afr.php?resize=1&zoneid=19&target=_blank&cb=271', 'aria_label': None, 'class': ['tmiads'], 'id': 'a3f5f1e3', 'text': ''}, {'tag': 'iframe', 'src': 'https://ads.independent.com.mt/www/delivery/afr.php?zoneid=104&cb=173', 'aria_label': None, 'class': ['tmiads'], 'id': 'a7ef03f2', 'text': ''}, {'tag': 'iframe', 'src': 'https://ads.independent.com.mt/www/delivery/afr.php?zoneid=147&cb=73', 'aria_label': None, 'class': ['tmiads'], 'id': 'a65e2a3a', 'text': ''}, {'tag': 'iframe', 'src': 'https://ads.independent.com.mt/www/delivery/afr.php?resize=1&zoneid=18&target=_blank&cb=190', 'aria_label': None, 'class': ['tmiads'], 'id': 'afd0542d', 'text': ''}]",4,073,independent,news_listing
135,30,40,11,0,1,20,12,4754,750,16,7,"[{'tag': 'iframe', 'src': 'https://ads.independent.com.mt/www/delivery/afr.php?resize=1&zoneid=33&target=_blank&cb=34', 'aria_label': None, 'class': ['tmiads'], 'id': 'a5559624', 'text': ''}, {'tag': 'iframe', 'src': 'https://ads.independent.com.mt/www/delivery/afr.php?zoneid=108&cb=296', 'aria_label': None, 'class': ['tmiads'], 'id': 'a8127595', 'text': ''}, {'tag': 'iframe', 'src': 'https://ads.independent.com.mt/www/delivery/afr.php?zoneid=105&cb=180', 'aria_label': None, 'class': ['tmiads'], 'id': 'a301feba', 'text': ''}, {'tag': 'iframe', 'src': 'https://ads.independent.com.mt/www/delivery/afr.php?resize=1&zoneid=19&target=_blank&cb=271', 'aria_label': None, 'class': ['tmiads'], 'id': 'a3f5f1e3', 'text': ''}, {'tag': 'iframe', 'src': 'https://ads.independent.com.mt/www/delivery/afr.php?zoneid=104&cb=173', 'aria_label': None, 'class': ['tmiads'], 'id': 'a7ef03f2', 'text': ''}, {'tag': 'iframe', 'src': 'https://ads.independent.com.mt/www/delivery/afr.php?zoneid=147&cb=73', 'aria_label': None, 'class': ['tmiads'], 'id': 'a65e2a3a', 'text': ''}, {'tag': 'iframe', 'src': 'https://ads.independent.com.mt/www/delivery/afr.php?resize=1&zoneid=18&target=_blank&cb=190', 'aria_label': None, 'class': ['tmiads'], 'id': 'afd0542d', 'text': ''}]",4,074,independent,news_listing
135,30,40,11,0,1,20,12,4754,750,16,7,"[{'tag': 'iframe', 'src': 'https://ads.independent.com.mt/www/delivery/afr.php?resize=1&zoneid=33&target=_blank&cb=34', 'aria_label': None, 'class': ['tmiads'], 'id': 'a5559624', 'text': ''}, {'tag': 'iframe', 'src': 'https://ads.independent.com.mt/www/delivery/afr.php?zoneid=108&cb=296', 'aria_label': None, 'class': ['tmiads'], 'id': 'a8127595', 'text': ''}, {'tag': 'iframe', 'src': 'https://ads.independent.com.mt/www/delivery/afr.php?zoneid=105&cb=180', 'aria_label': None, 'class': ['tmiads'], 'id': 'a301feba', 'text': ''}, {'tag': 'iframe', 'src': 'https://ads.independent.com.mt/www/delivery/afr.php?resize=1&zoneid=19&target=_blank&cb=271', 'aria_label': None, 'class': ['tmiads'], 'id': 'a3f5f1e3', 'text': ''}, {'tag': 'iframe', 'src': 'https://ads.independent.com.mt/www/delivery/afr.php?zoneid=104&cb=173', 'aria_label': None, 'class': ['tmiads'], 'id': 'a7ef03f2', 'text': ''}, {'tag': 'iframe', 'src': 'https://ads.independent.com.mt/www/delivery/afr.php?zoneid=147&cb=73', 'aria_label': None, 'class': ['tmiads'], 'id': 'a65e2a3a', 'text': ''}, {'tag': 'iframe', 'src': 'https://ads.independent.com.mt/www/delivery/afr.php?resize=1&zoneid=18&target=_blank&cb=190', 'aria_label': None, 'class': ['tmiads'], 'id': 'afd0542d', 'text': ''}]",4,075,independent,news_listing
135,30,40,11,0,1,20,12,4754,750,16,7,"[{'tag': 'iframe', 'src': 'https://ads.independent.com.mt/www/delivery/afr.php?resize=1&zoneid=33&target=_blank&cb=34', 'aria_label': None, 'class': ['tmiads'], 'id': 'a5559624', 'text': ''}, {'tag': 'iframe', 'src': 'https://ads.independent.com.mt/www/delivery/afr.php?zoneid=108&cb=296', 'aria_label': None, 'class': ['tmiads'], 'id': 'a8127595', 'text': ''}, {'tag': 'iframe', 'src': 'https://ads.independent.com.mt/www/delivery/afr.php?zoneid=105&cb=180', 'aria_label': None, 'class': ['tmiads'], 'id': 'a301feba', 'text': ''}, {'tag': 'iframe', 'src': 'https://ads.independent.com.mt/www/delivery/afr.php?resize=1&zoneid=19&target=_blank&cb=271', 'aria_label': None, 'class': ['tmiads'], 'id': 'a3f5f1e3', 'text': ''}, {'tag': 'iframe', 'src': 'https://ads.independent.com.mt/www/delivery/afr.php?zoneid=104&cb=173', 'aria_label': None, 'class': ['tmiads'], 'id': 'a7ef03f2', 'text': ''}, {'tag': 'iframe', 'src': 'https://ads.independent.com.mt/www/delivery/afr.php?zoneid=147&cb=73', 'aria_label': None, 'class': ['tmiads'], 'id': 'a65e2a3a', 'text': ''}, {'tag': 'iframe', 'src': 'https://ads.independent.com.mt/www/delivery/afr.php?resize=1&zoneid=18&target=_blank&cb=190', 'aria_label': None, 'class': ['tmiads'], 'id': 'afd0542d', 'text': ''}]",4,076,independent,news_listing
135,30,40,11,0,1,20,12,4754,750,16,7,"[{'tag': 'iframe', 'src': 'https://ads.independent.com.mt/www/delivery/afr.php?resize=1&zoneid=33&target=_blank&cb=34', 'aria_label': None, 'class': ['tmiads'], 'id': 'a5559624', 'text': ''}, {'tag': 'iframe', 'src': 'https://ads.independent.com.mt/www/delivery/afr.php?zoneid=108&cb=296', 'aria_label': None, 'class': ['tmiads'], 'id': 'a8127595', 'text': ''}, {'tag': 'iframe', 'src': 'https://ads.independent.com.mt/www/delivery/afr.php?zoneid=105&cb=180', 'aria_label': None, 'class': ['tmiads'], 'id': 'a301feba', 'text': ''}, {'tag': 'iframe', 'src': 'https://ads.independent.com.mt/www/delivery/afr.php?resize=1&zoneid=19&target=_blank&cb=271', 'aria_label': None, 'class': ['tmiads'], 'id': 'a3f5f1e3', 'text': ''}, {'tag': 'iframe', 'src': 'https://ads.independent.com.mt/www/delivery/afr.php?zoneid=104&cb=173', 'aria_label': None, 'class': ['tmiads'], 'id': 'a7ef03f2', 'text': ''}, {'tag': 'iframe', 'src': 'https://ads.independent.com.mt/www/delivery/afr.php?zoneid=147&cb=73', 'aria_label': None, 'class': ['tmiads'], 'id': 'a65e2a3a', 'text': ''}, {'tag': 'iframe', 'src': 'https://ads.independent.com.mt/www/delivery/afr.php?resize=1&zoneid=18&target=_blank&cb=190', 'aria_label': None, 'class': ['tmiads'], 'id': 'afd0542d', 'text': ''}]",4,077,independent,news_listing
135,30,40,11,0,1,20,12,4754,750,16,7,"[{'tag': 'iframe', 'src': 'https://ads.independent.com.mt/www/delivery/afr.php?resize=1&zoneid=33&target=_blank&cb=34', 'aria_label': None, 'class': ['tmiads'], 'id': 'a5559624', 'text': ''}, {'tag': 'iframe', 'src': 'https://ads.independent.com.mt/www/delivery/afr.php?zoneid=108&cb=296', 'aria_label': None, 'class': ['tmiads'], 'id': 'a8127595', 'text': ''}, {'tag': 'iframe', 'src': 'https://ads.independent.com.mt/www/delivery/afr.php?zoneid=105&cb=180', 'aria_label': None, 'class': ['tmiads'], 'id': 'a301feba', 'text': ''}, {'tag': 'iframe', 'src': 'https://ads.independent.com.mt/www/delivery/afr.php?resize=1&zoneid=19&target=_blank&cb=271', 'aria_label': None, 'class': ['tmiads'], 'id': 'a3f5f1e3', 'text': ''}, {'tag': 'iframe', 'src': 'https://ads.independent.com.mt/www/delivery/afr.php?zoneid=104&cb=173', 'aria_label': None, 'class': ['tmiads'], 'id': 'a7ef03f2', 'text': ''}, {'tag': 'iframe', 'src': 'https://ads.independent.com.mt/www/delivery/afr.php?zoneid=147&cb=73', 'aria_label': None, 'class': ['tmiads'], 'id': 'a65e2a3a', 'text': ''}, {'tag': 'iframe', 'src': 'https://ads.independent.com.mt/www/delivery/afr.php?resize=1&zoneid=18&target=_blank&cb=190', 'aria_label': None, 'class': ['tmiads'], 'id': 'afd0542d', 'text': ''}]",4,078,independent,news_listing
135,30,40,11,0,1,20,12,4754,750,16,7,"[{'tag': 'iframe', 'src': 'https://ads.independent.com.mt/www/delivery/afr.php?resize=1&zoneid=33&target=_blank&cb=34', 'aria_label': None, 'class': ['tmiads'], 'id': 'a5559624', 'text': ''}, {'tag': 'iframe', 'src': 'https://ads.independent.com.mt/www/delivery/afr.php?zoneid=108&cb=296', 'aria_label': None, 'class': ['tmiads'], 'id': 'a8127595', 'text': ''}, {'tag': 'iframe', 'src': 'https://ads.independent.com.mt/www/delivery/afr.php?zoneid=105&cb=180', 'aria_label': None, 'class': ['tmiads'], 'id': 'a301feba', 'text': ''}, {'tag': 'iframe', 'src': 'https://ads.independent.com.mt/www/delivery/afr.php?resize=1&zoneid=19&target=_blank&cb=271', 'aria_label': None, 'class': ['tmiads'], 'id': 'a3f5f1e3', 'text': ''}, {'tag': 'iframe', 'src': 'https://ads.independent.com.mt/www/delivery/afr.php?zoneid=104&cb=173', 'aria_label': None, 'class': ['tmiads'], 'id': 'a7ef03f2', 'text': ''}, {'tag': 'iframe', 'src': 'https://ads.independent.com.mt/www/delivery/afr.php?zoneid=147&cb=73', 'aria_label': None, 'class': ['tmiads'], 'id': 'a65e2a3a', 'text': ''}, {'tag': 'iframe', 'src': 'https://ads.independent.com.mt/www/delivery/afr.php?resize=1&zoneid=18&target=_blank&cb=190', 'aria_label': None, 'class': ['tmiads'], 'id': 'afd0542d', 'text': ''}]",4,079,independent,news_listing
135,30,40,11,0,1,20,12,4772,746,16,7,"[{'tag': 'iframe', 'src': 'https://ads.independent.com.mt/www/delivery/afr.php?resize=1&zoneid=33&target=_blank&cb=7', 'aria_label': None, 'class': ['tmiads'], 'id': 'a5559624', 'text': ''}, {'tag': 'iframe', 'src': 'https://ads.independent.com.mt/www/delivery/afr.php?zoneid=108&cb=3', 'aria_label': None, 'class': ['tmiads'], 'id': 'a8127595', 'text': ''}, {'tag': 'iframe', 'src': 'https://ads.independent.com.mt/www/delivery/afr.php?zoneid=105&cb=188', 'aria_label': None, 'class': ['tmiads'], 'id': 'a301feba', 'text': ''}, {'tag': 'iframe', 'src': 'https://ads.independent.com.mt/www/delivery/afr.php?resize=1&zoneid=19&target=_blank&cb=288', 'aria_label': None, 'class': ['tmiads'], 'id': 'a3f5f1e3', 'text': ''}, {'tag': 'iframe', 'src': 'https://ads.independent.com.mt/www/delivery/afr.php?zoneid=104&cb=107', 'aria_label': None, 'class': ['tmiads'], 'id': 'a7ef03f2', 'text': ''}, {'tag': 'iframe', 'src': 'https://ads.independent.com.mt/www/delivery/afr.php?zoneid=147&cb=276', 'aria_label': None, 'class': ['tmiads'], 'id': 'a65e2a3a', 'text': ''}, {'tag': 'iframe', 'src': 'https://ads.independent.com.mt/www/delivery/afr.php?resize=1&zoneid=18&target=_blank&cb=45', 'aria_label': None, 'class': ['tmiads'], 'id': 'afd0542d', 'text': ''}]",4,080,independent,news_listing
135,30,40,11,0,1,20,12,4772,746,16,7,"[{'tag': 'iframe', 'src': 'https://ads.independent.com.mt/www/delivery/afr.php?resize=1&zoneid=33&target=_blank&cb=7', 'aria_label': None, 'class': ['tmiads'], 'id': 'a5559624', 'text': ''}, {'tag': 'iframe', 'src': 'https://ads.independent.com.mt/www/delivery/afr.php?zoneid=108&cb=3', 'aria_label': None, 'class': ['tmiads'], 'id': 'a8127595', 'text': ''}, {'tag': 'iframe', 'src': 'https://ads.independent.com.mt/www/delivery/afr.php?zoneid=105&cb=188', 'aria_label': None, 'class': ['tmiads'], 'id': 'a301feba', 'text': ''}, {'tag': 'iframe', 'src': 'https://ads.independent.com.mt/www/delivery/afr.php?resize=1&zoneid=19&target=_blank&cb=288', 'aria_label': None, 'class': ['tmiads'], 'id': 'a3f5f1e3', 'text': ''}, {'tag': 'iframe', 'src': 'https://ads.independent.com.mt/www/delivery/afr.php?zoneid=104&cb=107', 'aria_label': None, 'class': ['tmiads'], 'id': 'a7ef03f2', 'text': ''}, {'tag': 'iframe', 'src': 'https://ads.independent.com.mt/www/delivery/afr.php?zoneid=147&cb=276', 'aria_label': None, 'class': ['tmiads'], 'id': 'a65e2a3a', 'text': ''}, {'tag': 'iframe', 'src': 'https://ads.independent.com.mt/www/delivery/afr.php?resize=1&zoneid=18&target=_blank&cb=45', 'aria_label': None, 'class': ['tmiads'], 'id': 'afd0542d', 'text': ''}]",4,081,independent,news_listing
135,30,40,11,0,1,20,12,4772,746,16,7,"[{'tag': 'iframe', 'src': 'https://ads.independent.com.mt/www/delivery/afr.php?resize=1&zoneid=33&target=_blank&cb=7', 'aria_label': None, 'class': ['tmiads'], 'id': 'a5559624', 'text': ''}, {'tag': 'iframe', 'src': 'https://ads.independent.com.mt/www/delivery/afr.php?zoneid=108&cb=3', 'aria_label': None, 'class': ['tmiads'], 'id': 'a8127595', 'text': ''}, {'tag': 'iframe', 'src': 'https://ads.independent.com.mt/www/delivery/afr.php?zoneid=105&cb=188', 'aria_label': None, 'class': ['tmiads'], 'id': 'a301feba', 'text': ''}, {'tag': 'iframe', 'src': 'https://ads.independent.com.mt/www/delivery/afr.php?resize=1&zoneid=19&target=_blank&cb=288', 'aria_label': None, 'class': ['tmiads'], 'id': 'a3f5f1e3', 'text': ''}, {'tag': 'iframe', 'src': 'https://ads.independent.com.mt/www/delivery/afr.php?zoneid=104&cb=107', 'aria_label': None, 'class': ['tmiads'], 'id': 'a7ef03f2', 'text': ''}, {'tag': 'iframe', 'src': 'https://ads.independent.com.mt/www/delivery/afr.php?zoneid=147&cb=276', 'aria_label': None, 'class': ['tmiads'], 'id': 'a65e2a3a', 'text': ''}, {'tag': 'iframe', 'src': 'https://ads.independent.com.mt/www/delivery/afr.php?resize=1&zoneid=18&target=_blank&cb=45', 'aria_label': None, 'class': ['tmiads'], 'id': 'afd0542d', 'text': ''}]",4,082,independent,news_listing
135,30,40,11,0,1,20,12,4772,746,16,7,"[{'tag': 'iframe', 'src': 'https://ads.independent.com.mt/www/delivery/afr.php?resize=1&zoneid=33&target=_blank&cb=7', 'aria_label': None, 'class': ['tmiads'], 'id': 'a5559624', 'text': ''}, {'tag': 'iframe', 'src': 'https://ads.independent.com.mt/www/delivery/afr.php?zoneid=108&cb=3', 'aria_label': None, 'class': ['tmiads'], 'id': 'a8127595', 'text': ''}, {'tag': 'iframe', 'src': 'https://ads.independent.com.mt/www/delivery/afr.php?zoneid=105&cb=188', 'aria_label': None, 'class': ['tmiads'], 'id': 'a301feba', 'text': ''}, {'tag': 'iframe', 'src': 'https://ads.independent.com.mt/www/delivery/afr.php?resize=1&zoneid=19&target=_blank&cb=288', 'aria_label': None, 'class': ['tmiads'], 'id': 'a3f5f1e3', 'text': ''}, {'tag': 'iframe', 'src': 'https://ads.independent.com.mt/www/delivery/afr.php?zoneid=104&cb=107', 'aria_label': None, 'class': ['tmiads'], 'id': 'a7ef03f2', 'text': ''}, {'tag': 'iframe', 'src': 'https://ads.independent.com.mt/www/delivery/afr.php?zoneid=147&cb=276', 'aria_label': None, 'class': ['tmiads'], 'id': 'a65e2a3a', 'text': ''}, {'tag': 'iframe', 'src': 'https://ads.independent.com.mt/www/delivery/afr.php?resize=1&zoneid=18&target=_blank&cb=45', 'aria_label': None, 'class': ['tmiads'], 'id': 'afd0542d', 'text': ''}]",4,083,independent,news_listing
135,30,40,11,0,1,20,12,4772,746,16,7,"[{'tag': 'iframe', 'src': 'https://ads.independent.com.mt/www/delivery/afr.php?resize=1&zoneid=33&target=_blank&cb=7', 'aria_label': None, 'class': ['tmiads'], 'id': 'a5559624', 'text': ''}, {'tag': 'iframe', 'src': 'https://ads.independent.com.mt/www/delivery/afr.php?zoneid=108&cb=3', 'aria_label': None, 'class': ['tmiads'], 'id': 'a8127595', 'text': ''}, {'tag': 'iframe', 'src': 'https://ads.independent.com.mt/www/delivery/afr.php?zoneid=105&cb=188', 'aria_label': None, 'class': ['tmiads'], 'id': 'a301feba', 'text': ''}, {'tag': 'iframe', 'src': 'https://ads.independent.com.mt/www/delivery/afr.php?resize=1&zoneid=19&target=_blank&cb=288', 'aria_label': None, 'class': ['tmiads'], 'id': 'a3f5f1e3', 'text': ''}, {'tag': 'iframe', 'src': 'https://ads.independent.com.mt/www/delivery/afr.php?zoneid=104&cb=107', 'aria_label': None, 'class': ['tmiads'], 'id': 'a7ef03f2', 'text': ''}, {'tag': 'iframe', 'src': 'https://ads.independent.com.mt/www/delivery/afr.php?zoneid=147&cb=276', 'aria_label': None, 'class': ['tmiads'], 'id': 'a65e2a3a', 'text': ''}, {'tag': 'iframe', 'src': 'https://ads.independent.com.mt/www/delivery/afr.php?resize=1&zoneid=18&target=_blank&cb=45', 'aria_label': None, 'class': ['tmiads'], 'id': 'afd0542d', 'text': ''}]",4,084,independent,news_listing
135,30,40,11,0,1,20,12,4772,746,16,7,"[{'tag': 'iframe', 'src': 'https://ads.independent.com.mt/www/delivery/afr.php?resize=1&zoneid=33&target=_blank&cb=7', 'aria_label': None, 'class': ['tmiads'], 'id': 'a5559624', 'text': ''}, {'tag': 'iframe', 'src': 'https://ads.independent.com.mt/www/delivery/afr.php?zoneid=108&cb=3', 'aria_label': None, 'class': ['tmiads'], 'id': 'a8127595', 'text': ''}, {'tag': 'iframe', 'src': 'https://ads.independent.com.mt/www/delivery/afr.php?zoneid=105&cb=188', 'aria_label': None, 'class': ['tmiads'], 'id': 'a301feba', 'text': ''}, {'tag': 'iframe', 'src': 'https://ads.independent.com.mt/www/delivery/afr.php?resize=1&zoneid=19&target=_blank&cb=288', 'aria_label': None, 'class': ['tmiads'], 'id': 'a3f5f1e3', 'text': ''}, {'tag': 'iframe', 'src': 'https://ads.independent.com.mt/www/delivery/afr.php?zoneid=104&cb=107', 'aria_label': None, 'class': ['tmiads'], 'id': 'a7ef03f2', 'text': ''}, {'tag': 'iframe', 'src': 'https://ads.independent.com.mt/www/delivery/afr.php?zoneid=147&cb=276', 'aria_label': None, 'class': ['tmiads'], 'id': 'a65e2a3a', 'text': ''}, {'tag': 'iframe', 'src': 'https://ads.independent.com.mt/www/delivery/afr.php?resize=1&zoneid=18&target=_blank&cb=45', 'aria_label': None, 'class': ['tmiads'], 'id': 'afd0542d', 'text': ''}]",4,085,independent,news_listing
135,30,40,11,0,1,20,12,4772,746,16,7,"[{'tag': 'iframe', 'src': 'https://ads.independent.com.mt/www/delivery/afr.php?resize=1&zoneid=33&target=_blank&cb=7', 'aria_label': None, 'class': ['tmiads'], 'id': 'a5559624', 'text': ''}, {'tag': 'iframe', 'src': 'https://ads.independent.com.mt/www/delivery/afr.php?zoneid=108&cb=3', 'aria_label': None, 'class': ['tmiads'], 'id': 'a8127595', 'text': ''}, {'tag': 'iframe', 'src': 'https://ads.independent.com.mt/www/delivery/afr.php?zoneid=105&cb=188', 'aria_label': None, 'class': ['tmiads'], 'id': 'a301feba', 'text': ''}, {'tag': 'iframe', 'src': 'https://ads.independent.com.mt/www/delivery/afr.php?resize=1&zoneid=19&target=_blank&cb=288', 'aria_label': None, 'class': ['tmiads'], 'id': 'a3f5f1e3', 'text': ''}, {'tag': 'iframe', 'src': 'https://ads.independent.com.mt/www/delivery/afr.php?zoneid=104&cb=107', 'aria_label': None, 'class': ['tmiads'], 'id': 'a7ef03f2', 'text': ''}, {'tag': 'iframe', 'src': 'https://ads.independent.com.mt/www/delivery/afr.php?zoneid=147&cb=276', 'aria_label': None, 'class': ['tmiads'], 'id': 'a65e2a3a', 'text': ''}, {'tag': 'iframe', 'src': 'https://ads.independent.com.mt/www/delivery/afr.php?resize=1&zoneid=18&target=_blank&cb=45', 'aria_label': None, 'class': ['tmiads'], 'id': 'afd0542d', 'text': ''}]",4,086,independent,news_listing
135,30,40,11,0,1,20,12,4721,747,16,7,"[{'tag': 'iframe', 'src': 'https://ads.independent.com.mt/www/delivery/afr.php?resize=1&zoneid=33&target=_blank&cb=75', 'aria_label': None, 'class': ['tmiads'], 'id': 'a5559624', 'text': ''}, {'tag': 'iframe', 'src': 'https://ads.independent.com.mt/www/delivery/afr.php?zoneid=108&cb=243', 'aria_label': None, 'class': ['tmiads'], 'id': 'a8127595', 'text': ''}, {'tag': 'iframe', 'src': 'https://ads.independent.com.mt/www/delivery/afr.php?zoneid=105&cb=122', 'aria_label': None, 'class': ['tmiads'], 'id': 'a301feba', 'text': ''}, {'tag': 'iframe', 'src': 'https://ads.independent.com.mt/www/delivery/afr.php?resize=1&zoneid=19&target=_blank&cb=189', 'aria_label': None, 'class': ['tmiads'], 'id': 'a3f5f1e3', 'text': ''}, {'tag': 'iframe', 'src': 'https://ads.independent.com.mt/www/delivery/afr.php?zoneid=104&cb=148', 'aria_label': None, 'class': ['tmiads'], 'id': 'a7ef03f2', 'text': ''}, {'tag': 'iframe', 'src': 'https://ads.independent.com.mt/www/delivery/afr.php?zoneid=147&cb=150', 'aria_label': None, 'class': ['tmiads'], 'id': 'a65e2a3a', 'text': ''}, {'tag': 'iframe', 'src': 'https://ads.independent.com.mt/www/delivery/afr.php?resize=1&zoneid=18&target=_blank&cb=231', 'aria_label': None, 'class': ['tmiads'], 'id': 'afd0542d', 'text': ''}]",4,087,independent,news_listing
135,30,40,11,0,1,20,12,4721,747,16,7,"[{'tag': 'iframe', 'src': 'https://ads.independent.com.mt/www/delivery/afr.php?resize=1&zoneid=33&target=_blank&cb=75', 'aria_label': None, 'class': ['tmiads'], 'id': 'a5559624', 'text': ''}, {'tag': 'iframe', 'src': 'https://ads.independent.com.mt/www/delivery/afr.php?zoneid=108&cb=243', 'aria_label': None, 'class': ['tmiads'], 'id': 'a8127595', 'text': ''}, {'tag': 'iframe', 'src': 'https://ads.independent.com.mt/www/delivery/afr.php?zoneid=105&cb=122', 'aria_label': None, 'class': ['tmiads'], 'id': 'a301feba', 'text': ''}, {'tag': 'iframe', 'src': 'https://ads.independent.com.mt/www/delivery/afr.php?resize=1&zoneid=19&target=_blank&cb=189', 'aria_label': None, 'class': ['tmiads'], 'id': 'a3f5f1e3', 'text': ''}, {'tag': 'iframe', 'src': 'https://ads.independent.com.mt/www/delivery/afr.php?zoneid=104&cb=148', 'aria_label': None, 'class': ['tmiads'], 'id': 'a7ef03f2', 'text': ''}, {'tag': 'iframe', 'src': 'https://ads.independent.com.mt/www/delivery/afr.php?zoneid=147&cb=150', 'aria_label': None, 'class': ['tmiads'], 'id': 'a65e2a3a', 'text': ''}, {'tag': 'iframe', 'src': 'https://ads.independent.com.mt/www/delivery/afr.php?resize=1&zoneid=18&target=_blank&cb=231', 'aria_label': None, 'class': ['tmiads'], 'id': 'afd0542d', 'text': ''}]",4,088,independent,news_listing
135,30,40,11,0,1,20,12,4721,747,16,7,"[{'tag': 'iframe', 'src': 'https://ads.independent.com.mt/www/delivery/afr.php?resize=1&zoneid=33&target=_blank&cb=75', 'aria_label': None, 'class': ['tmiads'], 'id': 'a5559624', 'text': ''}, {'tag': 'iframe', 'src': 'https://ads.independent.com.mt/www/delivery/afr.php?zoneid=108&cb=243', 'aria_label': None, 'class': ['tmiads'], 'id': 'a8127595', 'text': ''}, {'tag': 'iframe', 'src': 'https://ads.independent.com.mt/www/delivery/afr.php?zoneid=105&cb=122', 'aria_label': None, 'class': ['tmiads'], 'id': 'a301feba', 'text': ''}, {'tag': 'iframe', 'src': 'https://ads.independent.com.mt/www/delivery/afr.php?resize=1&zoneid=19&target=_blank&cb=189', 'aria_label': None, 'class': ['tmiads'], 'id': 'a3f5f1e3', 'text': ''}, {'tag': 'iframe', 'src': 'https://ads.independent.com.mt/www/delivery/afr.php?zoneid=104&cb=148', 'aria_label': None, 'class': ['tmiads'], 'id': 'a7ef03f2', 'text': ''}, {'tag': 'iframe', 'src': 'https://ads.independent.com.mt/www/delivery/afr.php?zoneid=147&cb=150', 'aria_label': None, 'class': ['tmiads'], 'id': 'a65e2a3a', 'text': ''}, {'tag': 'iframe', 'src': 'https://ads.independent.com.mt/www/delivery/afr.php?resize=1&zoneid=18&target=_blank&cb=231', 'aria_label': None, 'class': ['tmiads'], 'id': 'afd0542d', 'text': ''}]",4,089,independent,news_listing
135,30,40,11,0,1,20,12,4721,747,16,7,"[{'tag': 'iframe', 'src': 'https://ads.independent.com.mt/www/delivery/afr.php?resize=1&zoneid=33&target=_blank&cb=75', 'aria_label': None, 'class': ['tmiads'], 'id': 'a5559624', 'text': ''}, {'tag': 'iframe', 'src': 'https://ads.independent.com.mt/www/delivery/afr.php?zoneid=108&cb=243', 'aria_label': None, 'class': ['tmiads'], 'id': 'a8127595', 'text': ''}, {'tag': 'iframe', 'src': 'https://ads.independent.com.mt/www/delivery/afr.php?zoneid=105&cb=122', 'aria_label': None, 'class': ['tmiads'], 'id': 'a301feba', 'text': ''}, {'tag': 'iframe', 'src': 'https://ads.independent.com.mt/www/delivery/afr.php?resize=1&zoneid=19&target=_blank&cb=189', 'aria_label': None, 'class': ['tmiads'], 'id': 'a3f5f1e3', 'text': ''}, {'tag': 'iframe', 'src': 'https://ads.independent.com.mt/www/delivery/afr.php?zoneid=104&cb=148', 'aria_label': None, 'class': ['tmiads'], 'id': 'a7ef03f2', 'text': ''}, {'tag': 'iframe', 'src': 'https://ads.independent.com.mt/www/delivery/afr.php?zoneid=147&cb=150', 'aria_label': None, 'class': ['tmiads'], 'id': 'a65e2a3a', 'text': ''}, {'tag': 'iframe', 'src': 'https://ads.independent.com.mt/www/delivery/afr.php?resize=1&zoneid=18&target=_blank&cb=231', 'aria_label': None, 'class': ['tmiads'], 'id': 'afd0542d', 'text': ''}]",4,090,independent,news_listing
135,30,40,11,0,1,20,12,4721,747,16,7,"[{'tag': 'iframe', 'src': 'https://ads.independent.com.mt/www/delivery/afr.php?resize=1&zoneid=33&target=_blank&cb=75', 'aria_label': None, 'class': ['tmiads'], 'id': 'a5559624', 'text': ''}, {'tag': 'iframe', 'src': 'https://ads.independent.com.mt/www/delivery/afr.php?zoneid=108&cb=243', 'aria_label': None, 'class': ['tmiads'], 'id': 'a8127595', 'text': ''}, {'tag': 'iframe', 'src': 'https://ads.independent.com.mt/www/delivery/afr.php?zoneid=105&cb=122', 'aria_label': None, 'class': ['tmiads'], 'id': 'a301feba', 'text': ''}, {'tag': 'iframe', 'src': 'https://ads.independent.com.mt/www/delivery/afr.php?resize=1&zoneid=19&target=_blank&cb=189', 'aria_label': None, 'class': ['tmiads'], 'id': 'a3f5f1e3', 'text': ''}, {'tag': 'iframe', 'src': 'https://ads.independent.com.mt/www/delivery/afr.php?zoneid=104&cb=148', 'aria_label': None, 'class': ['tmiads'], 'id': 'a7ef03f2', 'text': ''}, {'tag': 'iframe', 'src': 'https://ads.independent.com.mt/www/delivery/afr.php?zoneid=147&cb=150', 'aria_label': None, 'class': ['tmiads'], 'id': 'a65e2a3a', 'text': ''}, {'tag': 'iframe', 'src': 'https://ads.independent.com.mt/www/delivery/afr.php?resize=1&zoneid=18&target=_blank&cb=231', 'aria_label': None, 'class': ['tmiads'], 'id': 'afd0542d', 'text': ''}]",4,091,independent,news_listing
135,30,40,11,0,1,20,12,4721,747,16,7,"[{'tag': 'iframe', 'src': 'https://ads.independent.com.mt/www/delivery/afr.php?resize=1&zoneid=33&target=_blank&cb=75', 'aria_label': None, 'class': ['tmiads'], 'id': 'a5559624', 'text': ''}, {'tag': 'iframe', 'src': 'https://ads.independent.com.mt/www/delivery/afr.php?zoneid=108&cb=243', 'aria_label': None, 'class': ['tmiads'], 'id': 'a8127595', 'text': ''}, {'tag': 'iframe', 'src': 'https://ads.independent.com.mt/www/delivery/afr.php?zoneid=105&cb=122', 'aria_label': None, 'class': ['tmiads'], 'id': 'a301feba', 'text': ''}, {'tag': 'iframe', 'src': 'https://ads.independent.com.mt/www/delivery/afr.php?resize=1&zoneid=19&target=_blank&cb=189', 'aria_label': None, 'class': ['tmiads'], 'id': 'a3f5f1e3', 'text': ''}, {'tag': 'iframe', 'src': 'https://ads.independent.com.mt/www/delivery/afr.php?zoneid=104&cb=148', 'aria_label': None, 'class': ['tmiads'], 'id': 'a7ef03f2', 'text': ''}, {'tag': 'iframe', 'src': 'https://ads.independent.com.mt/www/delivery/afr.php?zoneid=147&cb=150', 'aria_label': None, 'class': ['tmiads'], 'id': 'a65e2a3a', 'text': ''}, {'tag': 'iframe', 'src': 'https://ads.independent.com.mt/www/delivery/afr.php?resize=1&zoneid=18&target=_blank&cb=231', 'aria_label': None, 'class': ['tmiads'], 'id': 'afd0542d', 'text': ''}]",4,092,independent,news_listing
210,55,45,12,12,1,24,12,29508,3719,23,7,"[{'tag': 'iframe', 'src': 'https://ads.independent.com.mt/www/delivery/afr.php?resize=1&zoneid=33&target=_blank&cb=130', 'aria_label': None, 'class': ['tmiads'], 'id': 'a5559624', 'text': ''}, {'tag': 'iframe', 'src': 'https://ads.independent.com.mt/www/delivery/afr.php?zoneid=108&cb=102', 'aria_label': None, 'class': ['tmiads'], 'id': 'a8127595', 'text': ''}, {'tag': 'iframe', 'src': 'https://ads.independent.com.mt/www/delivery/afr.php?zoneid=105&cb=191', 'aria_label': None, 'class': ['tmiads'], 'id': 'a301feba', 'text': ''}, {'tag': 'iframe', 'src': 'https://ads.independent.com.mt/www/delivery/afr.php?resize=1&zoneid=19&target=_blank&cb=227', 'aria_label': None, 'class': ['tmiads'], 'id': 'a3f5f1e3', 'text': ''}, {'tag': 'iframe', 'src': 'https://ads.independent.com.mt/www/delivery/afr.php?zoneid=104&cb=206', 'aria_label': None, 'class': ['tmiads'], 'id': 'a7ef03f2', 'text': ''}, {'tag': 'iframe', 'src': 'https://ads.independent.com.mt/www/delivery/afr.php?zoneid=147&cb=69', 'aria_label': None, 'class': ['tmiads'], 'id': 'a65e2a3a', 'text': ''}, {'tag': 'iframe', 'src': 'https://ads.independent.com.mt/www/delivery/afr.php?resize=1&zoneid=18&target=_blank&cb=281', 'aria_label': None, 'class': ['tmiads'], 'id': 'afd0542d', 'text': ''}]",5,093,independent,news_listing
210,55,45,12,12,1,24,12,29508,3719,23,7,"[{'tag': 'iframe', 'src': 'https://ads.independent.com.mt/www/delivery/afr.php?resize=1&zoneid=33&target=_blank&cb=130', 'aria_label': None, 'class': ['tmiads'], 'id': 'a5559624', 'text': ''}, {'tag': 'iframe', 'src': 'https://ads.independent.com.mt/www/delivery/afr.php?zoneid=108&cb=102', 'aria_label': None, 'class': ['tmiads'], 'id': 'a8127595', 'text': ''}, {'tag': 'iframe', 'src': 'https://ads.independent.com.mt/www/delivery/afr.php?zoneid=105&cb=191', 'aria_label': None, 'class': ['tmiads'], 'id': 'a301feba', 'text': ''}, {'tag': 'iframe', 'src': 'https://ads.independent.com.mt/www/delivery/afr.php?resize=1&zoneid=19&target=_blank&cb=227', 'aria_label': None, 'class': ['tmiads'], 'id': 'a3f5f1e3', 'text': ''}, {'tag': 'iframe', 'src': 'https://ads.independent.com.mt/www/delivery/afr.php?zoneid=104&cb=206', 'aria_label': None, 'class': ['tmiads'], 'id': 'a7ef03f2', 'text': ''}, {'tag': 'iframe', 'src': 'https://ads.independent.com.mt/www/delivery/afr.php?zoneid=147&cb=69', 'aria_label': None, 'class': ['tmiads'], 'id': 'a65e2a3a', 'text': ''}, {'tag': 'iframe', 'src': 'https://ads.independent.com.mt/www/delivery/afr.php?resize=1&zoneid=18&target=_blank&cb=281', 'aria_label': None, 'class': ['tmiads'], 'id': 'afd0542d', 'text': ''}]",5,094,independent,news_listing
210,55,45,12,12,1,24,12,29508,3719,23,7,"[{'tag': 'iframe', 'src': 'https://ads.independent.com.mt/www/delivery/afr.php?resize=1&zoneid=33&target=_blank&cb=130', 'aria_label': None, 'class': ['tmiads'], 'id': 'a5559624', 'text': ''}, {'tag': 'iframe', 'src': 'https://ads.independent.com.mt/www/delivery/afr.php?zoneid=108&cb=102', 'aria_label': None, 'class': ['tmiads'], 'id': 'a8127595', 'text': ''}, {'tag': 'iframe', 'src': 'https://ads.independent.com.mt/www/delivery/afr.php?zoneid=105&cb=191', 'aria_label': None, 'class': ['tmiads'], 'id': 'a301feba', 'text': ''}, {'tag': 'iframe', 'src': 'https://ads.independent.com.mt/www/delivery/afr.php?resize=1&zoneid=19&target=_blank&cb=227', 'aria_label': None, 'class': ['tmiads'], 'id': 'a3f5f1e3', 'text': ''}, {'tag': 'iframe', 'src': 'https://ads.independent.com.mt/www/delivery/afr.php?zoneid=104&cb=206', 'aria_label': None, 'class': ['tmiads'], 'id': 'a7ef03f2', 'text': ''}, {'tag': 'iframe', 'src': 'https://ads.independent.com.mt/www/delivery/afr.php?zoneid=147&cb=69', 'aria_label': None, 'class': ['tmiads'], 'id': 'a65e2a3a', 'text': ''}, {'tag': 'iframe', 'src': 'https://ads.independent.com.mt/www/delivery/afr.php?resize=1&zoneid=18&target=_blank&cb=281', 'aria_label': None, 'class': ['tmiads'], 'id': 'afd0542d', 'text': ''}]",5,095,independent,news_listing
210,55,45,12,12,1,24,12,29508,3719,23,7,"[{'tag': 'iframe', 'src': 'https://ads.independent.com.mt/www/delivery/afr.php?resize=1&zoneid=33&target=_blank&cb=130', 'aria_label': None, 'class': ['tmiads'], 'id': 'a5559624', 'text': ''}, {'tag': 'iframe', 'src': 'https://ads.independent.com.mt/www/delivery/afr.php?zoneid=108&cb=102', 'aria_label': None, 'class': ['tmiads'], 'id': 'a8127595', 'text': ''}, {'tag': 'iframe', 'src': 'https://ads.independent.com.mt/www/delivery/afr.php?zoneid=105&cb=191', 'aria_label': None, 'class': ['tmiads'], 'id': 'a301feba', 'text': ''}, {'tag': 'iframe', 'src': 'https://ads.independent.com.mt/www/delivery/afr.php?resize=1&zoneid=19&target=_blank&cb=227', 'aria_label': None, 'class': ['tmiads'], 'id': 'a3f5f1e3', 'text': ''}, {'tag': 'iframe', 'src': 'https://ads.independent.com.mt/www/delivery/afr.php?zoneid=104&cb=206', 'aria_label': None, 'class': ['tmiads'], 'id': 'a7ef03f2', 'text': ''}, {'tag': 'iframe', 'src': 'https://ads.independent.com.mt/www/delivery/afr.php?zoneid=147&cb=69', 'aria_label': None, 'class': ['tmiads'], 'id': 'a65e2a3a', 'text': ''}, {'tag': 'iframe', 'src': 'https://ads.independent.com.mt/www/delivery/afr.php?resize=1&zoneid=18&target=_blank&cb=281', 'aria_label': None, 'class': ['tmiads'], 'id': 'afd0542d', 'text': ''}]",5,096,independent,news_listing
210,55,45,12,12,1,24,12,29508,3719,23,7,"[{'tag': 'iframe', 'src': 'https://ads.independent.com.mt/www/delivery/afr.php?resize=1&zoneid=33&target=_blank&cb=130', 'aria_label': None, 'class': ['tmiads'], 'id': 'a5559624', 'text': ''}, {'tag': 'iframe', 'src': 'https://ads.independent.com.mt/www/delivery/afr.php?zoneid=108&cb=102', 'aria_label': None, 'class': ['tmiads'], 'id': 'a8127595', 'text': ''}, {'tag': 'iframe', 'src': 'https://ads.independent.com.mt/www/delivery/afr.php?zoneid=105&cb=191', 'aria_label': None, 'class': ['tmiads'], 'id': 'a301feba', 'text': ''}, {'tag': 'iframe', 'src': 'https://ads.independent.com.mt/www/delivery/afr.php?resize=1&zoneid=19&target=_blank&cb=227', 'aria_label': None, 'class': ['tmiads'], 'id': 'a3f5f1e3', 'text': ''}, {'tag': 'iframe', 'src': 'https://ads.independent.com.mt/www/delivery/afr.php?zoneid=104&cb=206', 'aria_label': None, 'class': ['tmiads'], 'id': 'a7ef03f2', 'text': ''}, {'tag': 'iframe', 'src': 'https://ads.independent.com.mt/www/delivery/afr.php?zoneid=147&cb=69', 'aria_label': None, 'class': ['tmiads'], 'id': 'a65e2a3a', 'text': ''}, {'tag': 'iframe', 'src': 'https://ads.independent.com.mt/www/delivery/afr.php?resize=1&zoneid=18&target=_blank&cb=281', 'aria_label': None, 'class': ['tmiads'], 'id': 'afd0542d', 'text': ''}]",5,097,independent,news_listing
210,55,45,12,12,1,24,12,29508,3719,23,7,"[{'tag': 'iframe', 'src': 'https://ads.independent.com.mt/www/delivery/afr.php?resize=1&zoneid=33&target=_blank&cb=130', 'aria_label': None, 'class': ['tmiads'], 'id': 'a5559624', 'text': ''}, {'tag': 'iframe', 'src': 'https://ads.independent.com.mt/www/delivery/afr.php?zoneid=108&cb=102', 'aria_label': None, 'class': ['tmiads'], 'id': 'a8127595', 'text': ''}, {'tag': 'iframe', 'src': 'https://ads.independent.com.mt/www/delivery/afr.php?zoneid=105&cb=191', 'aria_label': None, 'class': ['tmiads'], 'id': 'a301feba', 'text': ''}, {'tag': 'iframe', 'src': 'https://ads.independent.com.mt/www/delivery/afr.php?resize=1&zoneid=19&target=_blank&cb=227', 'aria_label': None, 'class': ['tmiads'], 'id': 'a3f5f1e3', 'text': ''}, {'tag': 'iframe', 'src': 'https://ads.independent.com.mt/www/delivery/afr.php?zoneid=104&cb=206', 'aria_label': None, 'class': ['tmiads'], 'id': 'a7ef03f2', 'text': ''}, {'tag': 'iframe', 'src': 'https://ads.independent.com.mt/www/delivery/afr.php?zoneid=147&cb=69', 'aria_label': None, 'class': ['tmiads'], 'id': 'a65e2a3a', 'text': ''}, {'tag': 'iframe', 'src': 'https://ads.independent.com.mt/www/delivery/afr.php?resize=1&zoneid=18&target=_blank&cb=281', 'aria_label': None, 'class': ['tmiads'], 'id': 'afd0542d', 'text': ''}]",5,098,independent,news_listing
135,30,40,11,0,1,20,12,4966,763,16,7,"[{'tag': 'iframe', 'src': 'https://ads.independent.com.mt/www/delivery/afr.php?resize=1&zoneid=33&target=_blank&cb=68', 'aria_label': None, 'class': ['tmiads'], 'id': 'a5559624', 'text': ''}, {'tag': 'iframe', 'src': 'https://ads.independent.com.mt/www/delivery/afr.php?zoneid=108&cb=172', 'aria_label': None, 'class': ['tmiads'], 'id': 'a8127595', 'text': ''}, {'tag': 'iframe', 'src': 'https://ads.independent.com.mt/www/delivery/afr.php?zoneid=105&cb=118', 'aria_label': None, 'class': ['tmiads'], 'id': 'a301feba', 'text': ''}, {'tag': 'iframe', 'src': 'https://ads.independent.com.mt/www/delivery/afr.php?resize=1&zoneid=19&target=_blank&cb=20', 'aria_label': None, 'class': ['tmiads'], 'id': 'a3f5f1e3', 'text': ''}, {'tag': 'iframe', 'src': 'https://ads.independent.com.mt/www/delivery/afr.php?zoneid=104&cb=260', 'aria_label': None, 'class': ['tmiads'], 'id': 'a7ef03f2', 'text': ''}, {'tag': 'iframe', 'src': 'https://ads.independent.com.mt/www/delivery/afr.php?zoneid=147&cb=204', 'aria_label': None, 'class': ['tmiads'], 'id': 'a65e2a3a', 'text': ''}, {'tag': 'iframe', 'src': 'https://ads.independent.com.mt/www/delivery/afr.php?resize=1&zoneid=18&target=_blank&cb=232', 'aria_label': None, 'class': ['tmiads'], 'id': 'afd0542d', 'text': ''}]",4,099,independent,news_listing
135,30,40,11,0,1,20,12,4966,763,16,7,"[{'tag': 'iframe', 'src': 'https://ads.independent.com.mt/www/delivery/afr.php?resize=1&zoneid=33&target=_blank&cb=68', 'aria_label': None, 'class': ['tmiads'], 'id': 'a5559624', 'text': ''}, {'tag': 'iframe', 'src': 'https://ads.independent.com.mt/www/delivery/afr.php?zoneid=108&cb=172', 'aria_label': None, 'class': ['tmiads'], 'id': 'a8127595', 'text': ''}, {'tag': 'iframe', 'src': 'https://ads.independent.com.mt/www/delivery/afr.php?zoneid=105&cb=118', 'aria_label': None, 'class': ['tmiads'], 'id': 'a301feba', 'text': ''}, {'tag': 'iframe', 'src': 'https://ads.independent.com.mt/www/delivery/afr.php?resize=1&zoneid=19&target=_blank&cb=20', 'aria_label': None, 'class': ['tmiads'], 'id': 'a3f5f1e3', 'text': ''}, {'tag': 'iframe', 'src': 'https://ads.independent.com.mt/www/delivery/afr.php?zoneid=104&cb=260', 'aria_label': None, 'class': ['tmiads'], 'id': 'a7ef03f2', 'text': ''}, {'tag': 'iframe', 'src': 'https://ads.independent.com.mt/www/delivery/afr.php?zoneid=147&cb=204', 'aria_label': None, 'class': ['tmiads'], 'id': 'a65e2a3a', 'text': ''}, {'tag': 'iframe', 'src': 'https://ads.independent.com.mt/www/delivery/afr.php?resize=1&zoneid=18&target=_blank&cb=232', 'aria_label': None, 'class': ['tmiads'], 'id': 'afd0542d', 'text': ''}]",4,100,independent,news_listing
135,30,40,11,0,1,20,12,4966,763,16,7,"[{'tag': 'iframe', 'src': 'https://ads.independent.com.mt/www/delivery/afr.php?resize=1&zoneid=33&target=_blank&cb=68', 'aria_label': None, 'class': ['tmiads'], 'id': 'a5559624', 'text': ''}, {'tag': 'iframe', 'src': 'https://ads.independent.com.mt/www/delivery/afr.php?zoneid=108&cb=172', 'aria_label': None, 'class': ['tmiads'], 'id': 'a8127595', 'text': ''}, {'tag': 'iframe', 'src': 'https://ads.independent.com.mt/www/delivery/afr.php?zoneid=105&cb=118', 'aria_label': None, 'class': ['tmiads'], 'id': 'a301feba', 'text': ''}, {'tag': 'iframe', 'src': 'https://ads.independent.com.mt/www/delivery/afr.php?resize=1&zoneid=19&target=_blank&cb=20', 'aria_label': None, 'class': ['tmiads'], 'id': 'a3f5f1e3', 'text': ''}, {'tag': 'iframe', 'src': 'https://ads.independent.com.mt/www/delivery/afr.php?zoneid=104&cb=260', 'aria_label': None, 'class': ['tmiads'], 'id': 'a7ef03f2', 'text': ''}, {'tag': 'iframe', 'src': 'https://ads.independent.com.mt/www/delivery/afr.php?zoneid=147&cb=204', 'aria_label': None, 'class': ['tmiads'], 'id': 'a65e2a3a', 'text': ''}, {'tag': 'iframe', 'src': 'https://ads.independent.com.mt/www/delivery/afr.php?resize=1&zoneid=18&target=_blank&cb=232', 'aria_label': None, 'class': ['tmiads'], 'id': 'afd0542d', 'text': ''}]",4,101,independent,news_listing
197,33,62,22,0,1,17,2,7720,1252,23,8,"[{'tag': 'iframe', 'src': 'https://ads.independent.com.mt/www/delivery/afr.php?resize=1&zoneid=31&target=_blank&cb=38', 'aria_label': None, 'class': ['tmiads'], 'id': 'af5023f7', 'text': ''}, {'tag': 'iframe', 'src': 'https://ads.independent.com.mt/www/delivery/afr.php?zoneid=96&cb=270', 'aria_label': None, 'class': ['tmiads'], 'id': 'a843ba79', 'text': ''}, {'tag': 'iframe', 'src': 'https://ads.independent.com.mt/www/delivery/afr.php?zoneid=93&cb=231', 'aria_label': None, 'class': ['tmiads'], 'id': 'a5c2371e', 'text': ''}, {'tag': 'iframe', 'src': 'https://ads.independent.com.mt/www/delivery/afr.php?resize=1&zoneid=22&target=_blank&cb=12', 'aria_label': None, 'class': ['tmiads'], 'id': 'ad1ea670', 'text': ''}, {'tag': 'iframe', 'src': 'https://ads.independent.com.mt/www/delivery/afr.php?resize=1&zoneid=21&target=_blank&cb=77', 'aria_label': None, 'class': ['tmiads'], 'id': 'a7c93e83', 'text': ''}, {'tag': 'iframe', 'src': 'http://ads.independent.com.mt/www/delivery/afr.php?zoneid=92&cb=107', 'aria_label': None, 'class': ['tmiads'], 'id': 'a537fbf2', 'text': ''}, {'tag': 'iframe', 'src': 'https://ads.independent.com.mt/www/delivery/afr.php?zoneid=147&cb=95', 'aria_label': None, 'class': ['tmiads'], 'id': 'a65e2a3a', 'text': ''}, {'tag': 'iframe', 'src': 'https://ads.independent.com.mt/www/delivery/afr.php?resize=1&zoneid=20&target=_blank&cb=217', 'aria_label': None, 'class': ['tmiads'], 'id': 'a7652f8a', 'text': ''}]",14,102,independent,article_pages
197,33,62,22,0,1,17,2,7720,1252,23,8,"[{'tag': 'iframe', 'src': 'https://ads.independent.com.mt/www/delivery/afr.php?resize=1&zoneid=31&target=_blank&cb=38', 'aria_label': None, 'class': ['tmiads'], 'id': 'af5023f7', 'text': ''}, {'tag': 'iframe', 'src': 'https://ads.independent.com.mt/www/delivery/afr.php?zoneid=96&cb=270', 'aria_label': None, 'class': ['tmiads'], 'id': 'a843ba79', 'text': ''}, {'tag': 'iframe', 'src': 'https://ads.independent.com.mt/www/delivery/afr.php?zoneid=93&cb=231', 'aria_label': None, 'class': ['tmiads'], 'id': 'a5c2371e', 'text': ''}, {'tag': 'iframe', 'src': 'https://ads.independent.com.mt/www/delivery/afr.php?resize=1&zoneid=22&target=_blank&cb=12', 'aria_label': None, 'class': ['tmiads'], 'id': 'ad1ea670', 'text': ''}, {'tag': 'iframe', 'src': 'https://ads.independent.com.mt/www/delivery/afr.php?resize=1&zoneid=21&target=_blank&cb=77', 'aria_label': None, 'class': ['tmiads'], 'id': 'a7c93e83', 'text': ''}, {'tag': 'iframe', 'src': 'http://ads.independent.com.mt/www/delivery/afr.php?zoneid=92&cb=107', 'aria_label': None, 'class': ['tmiads'], 'id': 'a537fbf2', 'text': ''}, {'tag': 'iframe', 'src': 'https://ads.independent.com.mt/www/delivery/afr.php?zoneid=147&cb=95', 'aria_label': None, 'class': ['tmiads'], 'id': 'a65e2a3a', 'text': ''}, {'tag': 'iframe', 'src': 'https://ads.independent.com.mt/www/delivery/afr.php?resize=1&zoneid=20&target=_blank&cb=217', 'aria_label': None, 'class': ['tmiads'], 'id': 'a7652f8a', 'text': ''}]",14,103,independent,article_pages
197,33,62,22,0,1,17,2,7720,1252,23,8,"[{'tag': 'iframe', 'src': 'https://ads.independent.com.mt/www/delivery/afr.php?resize=1&zoneid=31&target=_blank&cb=38', 'aria_label': None, 'class': ['tmiads'], 'id': 'af5023f7', 'text': ''}, {'tag': 'iframe', 'src': 'https://ads.independent.com.mt/www/delivery/afr.php?zoneid=96&cb=270', 'aria_label': None, 'class': ['tmiads'], 'id': 'a843ba79', 'text': ''}, {'tag': 'iframe', 'src': 'https://ads.independent.com.mt/www/delivery/afr.php?zoneid=93&cb=231', 'aria_label': None, 'class': ['tmiads'], 'id': 'a5c2371e', 'text': ''}, {'tag': 'iframe', 'src': 'https://ads.independent.com.mt/www/delivery/afr.php?resize=1&zoneid=22&target=_blank&cb=12', 'aria_label': None, 'class': ['tmiads'], 'id': 'ad1ea670', 'text': ''}, {'tag': 'iframe', 'src': 'https://ads.independent.com.mt/www/delivery/afr.php?resize=1&zoneid=21&target=_blank&cb=77', 'aria_label': None, 'class': ['tmiads'], 'id': 'a7c93e83', 'text': ''}, {'tag': 'iframe', 'src': 'http://ads.independent.com.mt/www/delivery/afr.php?zoneid=92&cb=107', 'aria_label': None, 'class': ['tmiads'], 'id': 'a537fbf2', 'text': ''}, {'tag': 'iframe', 'src': 'https://ads.independent.com.mt/www/delivery/afr.php?zoneid=147&cb=95', 'aria_label': None, 'class': ['tmiads'], 'id': 'a65e2a3a', 'text': ''}, {'tag': 'iframe', 'src': 'https://ads.independent.com.mt/www/delivery/afr.php?resize=1&zoneid=20&target=_blank&cb=217', 'aria_label': None, 'class': ['tmiads'], 'id': 'a7652f8a', 'text': ''}]",14,104,independent,article_pages
197,33,62,22,0,1,17,2,7720,1252,23,8,"[{'tag': 'iframe', 'src': 'https://ads.independent.com.mt/www/delivery/afr.php?resize=1&zoneid=31&target=_blank&cb=38', 'aria_label': None, 'class': ['tmiads'], 'id': 'af5023f7', 'text': ''}, {'tag': 'iframe', 'src': 'https://ads.independent.com.mt/www/delivery/afr.php?zoneid=96&cb=270', 'aria_label': None, 'class': ['tmiads'], 'id': 'a843ba79', 'text': ''}, {'tag': 'iframe', 'src': 'https://ads.independent.com.mt/www/delivery/afr.php?zoneid=93&cb=231', 'aria_label': None, 'class': ['tmiads'], 'id': 'a5c2371e', 'text': ''}, {'tag': 'iframe', 'src': 'https://ads.independent.com.mt/www/delivery/afr.php?resize=1&zoneid=22&target=_blank&cb=12', 'aria_label': None, 'class': ['tmiads'], 'id': 'ad1ea670', 'text': ''}, {'tag': 'iframe', 'src': 'https://ads.independent.com.mt/www/delivery/afr.php?resize=1&zoneid=21&target=_blank&cb=77', 'aria_label': None, 'class': ['tmiads'], 'id': 'a7c93e83', 'text': ''}, {'tag': 'iframe', 'src': 'http://ads.independent.com.mt/www/delivery/afr.php?zoneid=92&cb=107', 'aria_label': None, 'class': ['tmiads'], 'id': 'a537fbf2', 'text': ''}, {'tag': 'iframe', 'src': 'https://ads.independent.com.mt/www/delivery/afr.php?zoneid=147&cb=95', 'aria_label': None, 'class': ['tmiads'], 'id': 'a65e2a3a', 'text': ''}, {'tag': 'iframe', 'src': 'https://ads.independent.com.mt/www/delivery/afr.php?resize=1&zoneid=20&target=_blank&cb=217', 'aria_label': None, 'class': ['tmiads'], 'id': 'a7652f8a', 'text': ''}]",14,105,independent,article_pages
197,33,62,22,0,1,17,2,7720,1252,23,8,"[{'tag': 'iframe', 'src': 'https://ads.independent.com.mt/www/delivery/afr.php?resize=1&zoneid=31&target=_blank&cb=38', 'aria_label': None, 'class': ['tmiads'], 'id': 'af5023f7', 'text': ''}, {'tag': 'iframe', 'src': 'https://ads.independent.com.mt/www/delivery/afr.php?zoneid=96&cb=270', 'aria_label': None, 'class': ['tmiads'], 'id': 'a843ba79', 'text': ''}, {'tag': 'iframe', 'src': 'https://ads.independent.com.mt/www/delivery/afr.php?zoneid=93&cb=231', 'aria_label': None, 'class': ['tmiads'], 'id': 'a5c2371e', 'text': ''}, {'tag': 'iframe', 'src': 'https://ads.independent.com.mt/www/delivery/afr.php?resize=1&zoneid=22&target=_blank&cb=12', 'aria_label': None, 'class': ['tmiads'], 'id': 'ad1ea670', 'text': ''}, {'tag': 'iframe', 'src': 'https://ads.independent.com.mt/www/delivery/afr.php?resize=1&zoneid=21&target=_blank&cb=77', 'aria_label': None, 'class': ['tmiads'], 'id': 'a7c93e83', 'text': ''}, {'tag': 'iframe', 'src': 'http://ads.independent.com.mt/www/delivery/afr.php?zoneid=92&cb=107', 'aria_label': None, 'class': ['tmiads'], 'id': 'a537fbf2', 'text': ''}, {'tag': 'iframe', 'src': 'https://ads.independent.com.mt/www/delivery/afr.php?zoneid=147&cb=95', 'aria_label': None, 'class': ['tmiads'], 'id': 'a65e2a3a', 'text': ''}, {'tag': 'iframe', 'src': 'https://ads.independent.com.mt/www/delivery/afr.php?resize=1&zoneid=20&target=_blank&cb=217', 'aria_label': None, 'class': ['tmiads'], 'id': 'a7652f8a', 'text': ''}]",14,106,independent,article_pages
197,33,62,22,0,1,17,2,7720,1252,23,8,"[{'tag': 'iframe', 'src': 'https://ads.independent.com.mt/www/delivery/afr.php?resize=1&zoneid=31&target=_blank&cb=38', 'aria_label': None, 'class': ['tmiads'], 'id': 'af5023f7', 'text': ''}, {'tag': 'iframe', 'src': 'https://ads.independent.com.mt/www/delivery/afr.php?zoneid=96&cb=270', 'aria_label': None, 'class': ['tmiads'], 'id': 'a843ba79', 'text': ''}, {'tag': 'iframe', 'src': 'https://ads.independent.com.mt/www/delivery/afr.php?zoneid=93&cb=231', 'aria_label': None, 'class': ['tmiads'], 'id': 'a5c2371e', 'text': ''}, {'tag': 'iframe', 'src': 'https://ads.independent.com.mt/www/delivery/afr.php?resize=1&zoneid=22&target=_blank&cb=12', 'aria_label': None, 'class': ['tmiads'], 'id': 'ad1ea670', 'text': ''}, {'tag': 'iframe', 'src': 'https://ads.independent.com.mt/www/delivery/afr.php?resize=1&zoneid=21&target=_blank&cb=77', 'aria_label': None, 'class': ['tmiads'], 'id': 'a7c93e83', 'text': ''}, {'tag': 'iframe', 'src': 'http://ads.independent.com.mt/www/delivery/afr.php?zoneid=92&cb=107', 'aria_label': None, 'class': ['tmiads'], 'id': 'a537fbf2', 'text': ''}, {'tag': 'iframe', 'src': 'https://ads.independent.com.mt/www/delivery/afr.php?zoneid=147&cb=95', 'aria_label': None, 'class': ['tmiads'], 'id': 'a65e2a3a', 'text': ''}, {'tag': 'iframe', 'src': 'https://ads.independent.com.mt/www/delivery/afr.php?resize=1&zoneid=20&target=_blank&cb=217', 'aria_label': None, 'class': ['tmiads'], 'id': 'a7652f8a', 'text': ''}]",14,107,independent,article_pages
197,33,62,22,0,1,17,2,7720,1252,23,8,"[{'tag': 'iframe', 'src': 'https://ads.independent.com.mt/www/delivery/afr.php?resize=1&zoneid=31&target=_blank&cb=38', 'aria_label': None, 'class': ['tmiads'], 'id': 'af5023f7', 'text': ''}, {'tag': 'iframe', 'src': 'https://ads.independent.com.mt/www/delivery/afr.php?zoneid=96&cb=270', 'aria_label': None, 'class': ['tmiads'], 'id': 'a843ba79', 'text': ''}, {'tag': 'iframe', 'src': 'https://ads.independent.com.mt/www/delivery/afr.php?zoneid=93&cb=231', 'aria_label': None, 'class': ['tmiads'], 'id': 'a5c2371e', 'text': ''}, {'tag': 'iframe', 'src': 'https://ads.independent.com.mt/www/delivery/afr.php?resize=1&zoneid=22&target=_blank&cb=12', 'aria_label': None, 'class': ['tmiads'], 'id': 'ad1ea670', 'text': ''}, {'tag': 'iframe', 'src': 'https://ads.independent.com.mt/www/delivery/afr.php?resize=1&zoneid=21&target=_blank&cb=77', 'aria_label': None, 'class': ['tmiads'], 'id': 'a7c93e83', 'text': ''}, {'tag': 'iframe', 'src': 'http://ads.independent.com.mt/www/delivery/afr.php?zoneid=92&cb=107', 'aria_label': None, 'class': ['tmiads'], 'id': 'a537fbf2', 'text': ''}, {'tag': 'iframe', 'src': 'https://ads.independent.com.mt/www/delivery/afr.php?zoneid=147&cb=95', 'aria_label': None, 'class': ['tmiads'], 'id': 'a65e2a3a', 'text': ''}, {'tag': 'iframe', 'src': 'https://ads.independent.com.mt/www/delivery/afr.php?resize=1&zoneid=20&target=_blank&cb=217', 'aria_label': None, 'class': ['tmiads'], 'id': 'a7652f8a', 'text': ''}]",14,108,independent,article_pages
197,33,62,22,0,1,17,2,7720,1252,23,8,"[{'tag': 'iframe', 'src': 'https://ads.independent.com.mt/www/delivery/afr.php?resize=1&zoneid=31&target=_blank&cb=38', 'aria_label': None, 'class': ['tmiads'], 'id': 'af5023f7', 'text': ''}, {'tag': 'iframe', 'src': 'https://ads.independent.com.mt/www/delivery/afr.php?zoneid=96&cb=270', 'aria_label': None, 'class': ['tmiads'], 'id': 'a843ba79', 'text': ''}, {'tag': 'iframe', 'src': 'https://ads.independent.com.mt/www/delivery/afr.php?zoneid=93&cb=231', 'aria_label': None, 'class': ['tmiads'], 'id': 'a5c2371e', 'text': ''}, {'tag': 'iframe', 'src': 'https://ads.independent.com.mt/www/delivery/afr.php?resize=1&zoneid=22&target=_blank&cb=12', 'aria_label': None, 'class': ['tmiads'], 'id': 'ad1ea670', 'text': ''}, {'tag': 'iframe', 'src': 'https://ads.independent.com.mt/www/delivery/afr.php?resize=1&zoneid=21&target=_blank&cb=77', 'aria_label': None, 'class': ['tmiads'], 'id': 'a7c93e83', 'text': ''}, {'tag': 'iframe', 'src': 'http://ads.independent.com.mt/www/delivery/afr.php?zoneid=92&cb=107', 'aria_label': None, 'class': ['tmiads'], 'id': 'a537fbf2', 'text': ''}, {'tag': 'iframe', 'src': 'https://ads.independent.com.mt/www/delivery/afr.php?zoneid=147&cb=95', 'aria_label': None, 'class': ['tmiads'], 'id': 'a65e2a3a', 'text': ''}, {'tag': 'iframe', 'src': 'https://ads.independent.com.mt/www/delivery/afr.php?resize=1&zoneid=20&target=_blank&cb=217', 'aria_label': None, 'class': ['tmiads'], 'id': 'a7652f8a', 'text': ''}]",14,109,independent,article_pages
197,33,62,22,0,1,17,2,7720,1252,23,8,"[{'tag': 'iframe', 'src': 'https://ads.independent.com.mt/www/delivery/afr.php?resize=1&zoneid=31&target=_blank&cb=38', 'aria_label': None, 'class': ['tmiads'], 'id': 'af5023f7', 'text': ''}, {'tag': 'iframe', 'src': 'https://ads.independent.com.mt/www/delivery/afr.php?zoneid=96&cb=270', 'aria_label': None, 'class': ['tmiads'], 'id': 'a843ba79', 'text': ''}, {'tag': 'iframe', 'src': 'https://ads.independent.com.mt/www/delivery/afr.php?zoneid=93&cb=231', 'aria_label': None, 'class': ['tmiads'], 'id': 'a5c2371e', 'text': ''}, {'tag': 'iframe', 'src': 'https://ads.independent.com.mt/www/delivery/afr.php?resize=1&zoneid=22&target=_blank&cb=12', 'aria_label': None, 'class': ['tmiads'], 'id': 'ad1ea670', 'text': ''}, {'tag': 'iframe', 'src': 'https://ads.independent.com.mt/www/delivery/afr.php?resize=1&zoneid=21&target=_blank&cb=77', 'aria_label': None, 'class': ['tmiads'], 'id': 'a7c93e83', 'text': ''}, {'tag': 'iframe', 'src': 'http://ads.independent.com.mt/www/delivery/afr.php?zoneid=92&cb=107', 'aria_label': None, 'class': ['tmiads'], 'id': 'a537fbf2', 'text': ''}, {'tag': 'iframe', 'src': 'https://ads.independent.com.mt/www/delivery/afr.php?zoneid=147&cb=95', 'aria_label': None, 'class': ['tmiads'], 'id': 'a65e2a3a', 'text': ''}, {'tag': 'iframe', 'src': 'https://ads.independent.com.mt/www/delivery/afr.php?resize=1&zoneid=20&target=_blank&cb=217', 'aria_label': None, 'class': ['tmiads'], 'id': 'a7652f8a', 'text': ''}]",14,110,independent,article_pages
197,33,62,22,0,1,17,2,7720,1252,23,8,"[{'tag': 'iframe', 'src': 'https://ads.independent.com.mt/www/delivery/afr.php?resize=1&zoneid=31&target=_blank&cb=38', 'aria_label': None, 'class': ['tmiads'], 'id': 'af5023f7', 'text': ''}, {'tag': 'iframe', 'src': 'https://ads.independent.com.mt/www/delivery/afr.php?zoneid=96&cb=270', 'aria_label': None, 'class': ['tmiads'], 'id': 'a843ba79', 'text': ''}, {'tag': 'iframe', 'src': 'https://ads.independent.com.mt/www/delivery/afr.php?zoneid=93&cb=231', 'aria_label': None, 'class': ['tmiads'], 'id': 'a5c2371e', 'text': ''}, {'tag': 'iframe', 'src': 'https://ads.independent.com.mt/www/delivery/afr.php?resize=1&zoneid=22&target=_blank&cb=12', 'aria_label': None, 'class': ['tmiads'], 'id': 'ad1ea670', 'text': ''}, {'tag': 'iframe', 'src': 'https://ads.independent.com.mt/www/delivery/afr.php?resize=1&zoneid=21&target=_blank&cb=77', 'aria_label': None, 'class': ['tmiads'], 'id': 'a7c93e83', 'text': ''}, {'tag': 'iframe', 'src': 'http://ads.independent.com.mt/www/delivery/afr.php?zoneid=92&cb=107', 'aria_label': None, 'class': ['tmiads'], 'id': 'a537fbf2', 'text': ''}, {'tag': 'iframe', 'src': 'https://ads.independent.com.mt/www/delivery/afr.php?zoneid=147&cb=95', 'aria_label': None, 'class': ['tmiads'], 'id': 'a65e2a3a', 'text': ''}, {'tag': 'iframe', 'src': 'https://ads.independent.com.mt/www/delivery/afr.php?resize=1&zoneid=20&target=_blank&cb=217', 'aria_label': None, 'class': ['tmiads'], 'id': 'a7652f8a', 'text': ''}]",14,111,independent,article_pages
197,33,62,22,0,1,17,2,7720,1252,23,8,"[{'tag': 'iframe', 'src': 'https://ads.independent.com.mt/www/delivery/afr.php?resize=1&zoneid=31&target=_blank&cb=38', 'aria_label': None, 'class': ['tmiads'], 'id': 'af5023f7', 'text': ''}, {'tag': 'iframe', 'src': 'https://ads.independent.com.mt/www/delivery/afr.php?zoneid=96&cb=270', 'aria_label': None, 'class': ['tmiads'], 'id': 'a843ba79', 'text': ''}, {'tag': 'iframe', 'src': 'https://ads.independent.com.mt/www/delivery/afr.php?zoneid=93&cb=231', 'aria_label': None, 'class': ['tmiads'], 'id': 'a5c2371e', 'text': ''}, {'tag': 'iframe', 'src': 'https://ads.independent.com.mt/www/delivery/afr.php?resize=1&zoneid=22&target=_blank&cb=12', 'aria_label': None, 'class': ['tmiads'], 'id': 'ad1ea670', 'text': ''}, {'tag': 'iframe', 'src': 'https://ads.independent.com.mt/www/delivery/afr.php?resize=1&zoneid=21&target=_blank&cb=77', 'aria_label': None, 'class': ['tmiads'], 'id': 'a7c93e83', 'text': ''}, {'tag': 'iframe', 'src': 'http://ads.independent.com.mt/www/delivery/afr.php?zoneid=92&cb=107', 'aria_label': None, 'class': ['tmiads'], 'id': 'a537fbf2', 'text': ''}, {'tag': 'iframe', 'src': 'https://ads.independent.com.mt/www/delivery/afr.php?zoneid=147&cb=95', 'aria_label': None, 'class': ['tmiads'], 'id': 'a65e2a3a', 'text': ''}, {'tag': 'iframe', 'src': 'https://ads.independent.com.mt/www/delivery/afr.php?resize=1&zoneid=20&target=_blank&cb=217', 'aria_label': None, 'class': ['tmiads'], 'id': 'a7652f8a', 'text': ''}]",14,112,independent,article_pages
197,33,62,22,0,1,17,2,7720,1252,23,8,"[{'tag': 'iframe', 'src': 'https://ads.independent.com.mt/www/delivery/afr.php?resize=1&zoneid=31&target=_blank&cb=38', 'aria_label': None, 'class': ['tmiads'], 'id': 'af5023f7', 'text': ''}, {'tag': 'iframe', 'src': 'https://ads.independent.com.mt/www/delivery/afr.php?zoneid=96&cb=270', 'aria_label': None, 'class': ['tmiads'], 'id': 'a843ba79', 'text': ''}, {'tag': 'iframe', 'src': 'https://ads.independent.com.mt/www/delivery/afr.php?zoneid=93&cb=231', 'aria_label': None, 'class': ['tmiads'], 'id': 'a5c2371e', 'text': ''}, {'tag': 'iframe', 'src': 'https://ads.independent.com.mt/www/delivery/afr.php?resize=1&zoneid=22&target=_blank&cb=12', 'aria_label': None, 'class': ['tmiads'], 'id': 'ad1ea670', 'text': ''}, {'tag': 'iframe', 'src': 'https://ads.independent.com.mt/www/delivery/afr.php?resize=1&zoneid=21&target=_blank&cb=77', 'aria_label': None, 'class': ['tmiads'], 'id': 'a7c93e83', 'text': ''}, {'tag': 'iframe', 'src': 'http://ads.independent.com.mt/www/delivery/afr.php?zoneid=92&cb=107', 'aria_label': None, 'class': ['tmiads'], 'id': 'a537fbf2', 'text': ''}, {'tag': 'iframe', 'src': 'https://ads.independent.com.mt/www/delivery/afr.php?zoneid=147&cb=95', 'aria_label': None, 'class': ['tmiads'], 'id': 'a65e2a3a', 'text': ''}, {'tag': 'iframe', 'src': 'https://ads.independent.com.mt/www/delivery/afr.php?resize=1&zoneid=20&target=_blank&cb=217', 'aria_label': None, 'class': ['tmiads'], 'id': 'a7652f8a', 'text': ''}]",14,113,independent,article_pages
197,33,62,22,0,1,42,5,13355,2157,23,8,"[{'tag': 'iframe', 'src': 'https://ads.independent.com.mt/www/delivery/afr.php?zoneid=36&cb=139', 'aria_label': None, 'class': ['tmiads'], 'id': 'af87707c', 'text': ''}, {'tag': 'iframe', 'src': 'https://ads.independent.com.mt/www/delivery/afr.php?zoneid=144&cb=9', 'aria_label': None, 'class': ['tmiads'], 'id': 'a7d95b78', 'text': ''}, {'tag': 'iframe', 'src': 'https://ads.independent.com.mt/www/delivery/afr.php?zoneid=141&cb=41', 'aria_label': None, 'class': ['tmiads'], 'id': 'a1353246', 'text': ''}, {'tag': 'iframe', 'src': 'https://ads.independent.com.mt/www/delivery/afr.php?resize=1&zoneid=22&target=_blank&cb=59', 'aria_label': None, 'class': ['tmiads'], 'id': 'ad1ea670', 'text': ''}, {'tag': 'iframe', 'src': 'https://ads.independent.com.mt/www/delivery/afr.php?zoneid=35&cb=196', 'aria_label': None, 'class': ['tmiads'], 'id': 'abcfa804', 'text': ''}, {'tag': 'iframe', 'src': 'https://ads.independent.com.mt/www/delivery/afr.php?zoneid=140&cb=46', 'aria_label': None, 'class': ['tmiads'], 'id': 'afcbf42a', 'text': ''}, {'tag': 'iframe', 'src': 'https://ads.independent.com.mt/www/delivery/afr.php?zoneid=147&cb=28', 'aria_label': None, 'class': ['tmiads'], 'id': 'a65e2a3a', 'text': ''}, {'tag': 'iframe', 'src': 'https://ads.independent.com.mt/www/delivery/afr.php?zoneid=34&cb=113', 'aria_label': None, 'class': ['tmiads'], 'id': 'ac264775', 'text': ''}]",14,114,independent,article_pages
197,33,62,22,0,1,42,5,13355,2157,23,8,"[{'tag': 'iframe', 'src': 'https://ads.independent.com.mt/www/delivery/afr.php?zoneid=36&cb=139', 'aria_label': None, 'class': ['tmiads'], 'id': 'af87707c', 'text': ''}, {'tag': 'iframe', 'src': 'https://ads.independent.com.mt/www/delivery/afr.php?zoneid=144&cb=9', 'aria_label': None, 'class': ['tmiads'], 'id': 'a7d95b78', 'text': ''}, {'tag': 'iframe', 'src': 'https://ads.independent.com.mt/www/delivery/afr.php?zoneid=141&cb=41', 'aria_label': None, 'class': ['tmiads'], 'id': 'a1353246', 'text': ''}, {'tag': 'iframe', 'src': 'https://ads.independent.com.mt/www/delivery/afr.php?resize=1&zoneid=22&target=_blank&cb=59', 'aria_label': None, 'class': ['tmiads'], 'id': 'ad1ea670', 'text': ''}, {'tag': 'iframe', 'src': 'https://ads.independent.com.mt/www/delivery/afr.php?zoneid=35&cb=196', 'aria_label': None, 'class': ['tmiads'], 'id': 'abcfa804', 'text': ''}, {'tag': 'iframe', 'src': 'https://ads.independent.com.mt/www/delivery/afr.php?zoneid=140&cb=46', 'aria_label': None, 'class': ['tmiads'], 'id': 'afcbf42a', 'text': ''}, {'tag': 'iframe', 'src': 'https://ads.independent.com.mt/www/delivery/afr.php?zoneid=147&cb=28', 'aria_label': None, 'class': ['tmiads'], 'id': 'a65e2a3a', 'text': ''}, {'tag': 'iframe', 'src': 'https://ads.independent.com.mt/www/delivery/afr.php?zoneid=34&cb=113', 'aria_label': None, 'class': ['tmiads'], 'id': 'ac264775', 'text': ''}]",14,115,independent,article_pages
197,33,62,22,0,1,42,5,13355,2157,23,8,"[{'tag': 'iframe', 'src': 'https://ads.independent.com.mt/www/delivery/afr.php?zoneid=36&cb=139', 'aria_label': None, 'class': ['tmiads'], 'id': 'af87707c', 'text': ''}, {'tag': 'iframe', 'src': 'https://ads.independent.com.mt/www/delivery/afr.php?zoneid=144&cb=9', 'aria_label': None, 'class': ['tmiads'], 'id': 'a7d95b78', 'text': ''}, {'tag': 'iframe', 'src': 'https://ads.independent.com.mt/www/delivery/afr.php?zoneid=141&cb=41', 'aria_label': None, 'class': ['tmiads'], 'id': 'a1353246', 'text': ''}, {'tag': 'iframe', 'src': 'https://ads.independent.com.mt/www/delivery/afr.php?resize=1&zoneid=22&target=_blank&cb=59', 'aria_label': None, 'class': ['tmiads'], 'id': 'ad1ea670', 'text': ''}, {'tag': 'iframe', 'src': 'https://ads.independent.com.mt/www/delivery/afr.php?zoneid=35&cb=196', 'aria_label': None, 'class': ['tmiads'], 'id': 'abcfa804', 'text': ''}, {'tag': 'iframe', 'src': 'https://ads.independent.com.mt/www/delivery/afr.php?zoneid=140&cb=46', 'aria_label': None, 'class': ['tmiads'], 'id': 'afcbf42a', 'text': ''}, {'tag': 'iframe', 'src': 'https://ads.independent.com.mt/www/delivery/afr.php?zoneid=147&cb=28', 'aria_label': None, 'class': ['tmiads'], 'id': 'a65e2a3a', 'text': ''}, {'tag': 'iframe', 'src': 'https://ads.independent.com.mt/www/delivery/afr.php?zoneid=34&cb=113', 'aria_label': None, 'class': ['tmiads'], 'id': 'ac264775', 'text': ''}]",14,116,independent,article_pages
197,33,62,22,0,1,42,5,13355,2157,23,8,"[{'tag': 'iframe', 'src': 'https://ads.independent.com.mt/www/delivery/afr.php?zoneid=36&cb=139', 'aria_label': None, 'class': ['tmiads'], 'id': 'af87707c', 'text': ''}, {'tag': 'iframe', 'src': 'https://ads.independent.com.mt/www/delivery/afr.php?zoneid=144&cb=9', 'aria_label': None, 'class': ['tmiads'], 'id': 'a7d95b78', 'text': ''}, {'tag': 'iframe', 'src': 'https://ads.independent.com.mt/www/delivery/afr.php?zoneid=141&cb=41', 'aria_label': None, 'class': ['tmiads'], 'id': 'a1353246', 'text': ''}, {'tag': 'iframe', 'src': 'https://ads.independent.com.mt/www/delivery/afr.php?resize=1&zoneid=22&target=_blank&cb=59', 'aria_label': None, 'class': ['tmiads'], 'id': 'ad1ea670', 'text': ''}, {'tag': 'iframe', 'src': 'https://ads.independent.com.mt/www/delivery/afr.php?zoneid=35&cb=196', 'aria_label': None, 'class': ['tmiads'], 'id': 'abcfa804', 'text': ''}, {'tag': 'iframe', 'src': 'https://ads.independent.com.mt/www/delivery/afr.php?zoneid=140&cb=46', 'aria_label': None, 'class': ['tmiads'], 'id': 'afcbf42a', 'text': ''}, {'tag': 'iframe', 'src': 'https://ads.independent.com.mt/www/delivery/afr.php?zoneid=147&cb=28', 'aria_label': None, 'class': ['tmiads'], 'id': 'a65e2a3a', 'text': ''}, {'tag': 'iframe', 'src': 'https://ads.independent.com.mt/www/delivery/afr.php?zoneid=34&cb=113', 'aria_label': None, 'class': ['tmiads'], 'id': 'ac264775', 'text': ''}]",14,117,independent,article_pages
197,33,62,22,0,1,42,5,13355,2157,23,8,"[{'tag': 'iframe', 'src': 'https://ads.independent.com.mt/www/delivery/afr.php?zoneid=36&cb=139', 'aria_label': None, 'class': ['tmiads'], 'id': 'af87707c', 'text': ''}, {'tag': 'iframe', 'src': 'https://ads.independent.com.mt/www/delivery/afr.php?zoneid=144&cb=9', 'aria_label': None, 'class': ['tmiads'], 'id': 'a7d95b78', 'text': ''}, {'tag': 'iframe', 'src': 'https://ads.independent.com.mt/www/delivery/afr.php?zoneid=141&cb=41', 'aria_label': None, 'class': ['tmiads'], 'id': 'a1353246', 'text': ''}, {'tag': 'iframe', 'src': 'https://ads.independent.com.mt/www/delivery/afr.php?resize=1&zoneid=22&target=_blank&cb=59', 'aria_label': None, 'class': ['tmiads'], 'id': 'ad1ea670', 'text': ''}, {'tag': 'iframe', 'src': 'https://ads.independent.com.mt/www/delivery/afr.php?zoneid=35&cb=196', 'aria_label': None, 'class': ['tmiads'], 'id': 'abcfa804', 'text': ''}, {'tag': 'iframe', 'src': 'https://ads.independent.com.mt/www/delivery/afr.php?zoneid=140&cb=46', 'aria_label': None, 'class': ['tmiads'], 'id': 'afcbf42a', 'text': ''}, {'tag': 'iframe', 'src': 'https://ads.independent.com.mt/www/delivery/afr.php?zoneid=147&cb=28', 'aria_label': None, 'class': ['tmiads'], 'id': 'a65e2a3a', 'text': ''}, {'tag': 'iframe', 'src': 'https://ads.independent.com.mt/www/delivery/afr.php?zoneid=34&cb=113', 'aria_label': None, 'class': ['tmiads'], 'id': 'ac264775', 'text': ''}]",14,118,independent,article_pages
197,33,62,22,0,1,42,5,13355,2157,23,8,"[{'tag': 'iframe', 'src': 'https://ads.independent.com.mt/www/delivery/afr.php?zoneid=36&cb=139', 'aria_label': None, 'class': ['tmiads'], 'id': 'af87707c', 'text': ''}, {'tag': 'iframe', 'src': 'https://ads.independent.com.mt/www/delivery/afr.php?zoneid=144&cb=9', 'aria_label': None, 'class': ['tmiads'], 'id': 'a7d95b78', 'text': ''}, {'tag': 'iframe', 'src': 'https://ads.independent.com.mt/www/delivery/afr.php?zoneid=141&cb=41', 'aria_label': None, 'class': ['tmiads'], 'id': 'a1353246', 'text': ''}, {'tag': 'iframe', 'src': 'https://ads.independent.com.mt/www/delivery/afr.php?resize=1&zoneid=22&target=_blank&cb=59', 'aria_label': None, 'class': ['tmiads'], 'id': 'ad1ea670', 'text': ''}, {'tag': 'iframe', 'src': 'https://ads.independent.com.mt/www/delivery/afr.php?zoneid=35&cb=196', 'aria_label': None, 'class': ['tmiads'], 'id': 'abcfa804', 'text': ''}, {'tag': 'iframe', 'src': 'https://ads.independent.com.mt/www/delivery/afr.php?zoneid=140&cb=46', 'aria_label': None, 'class': ['tmiads'], 'id': 'afcbf42a', 'text': ''}, {'tag': 'iframe', 'src': 'https://ads.independent.com.mt/www/delivery/afr.php?zoneid=147&cb=28', 'aria_label': None, 'class': ['tmiads'], 'id': 'a65e2a3a', 'text': ''}, {'tag': 'iframe', 'src': 'https://ads.independent.com.mt/www/delivery/afr.php?zoneid=34&cb=113', 'aria_label': None, 'class': ['tmiads'], 'id': 'ac264775', 'text': ''}]",14,119,independent,article_pages
197,33,62,22,0,1,42,5,13355,2157,23,8,"[{'tag': 'iframe', 'src': 'https://ads.independent.com.mt/www/delivery/afr.php?zoneid=36&cb=139', 'aria_label': None, 'class': ['tmiads'], 'id': 'af87707c', 'text': ''}, {'tag': 'iframe', 'src': 'https://ads.independent.com.mt/www/delivery/afr.php?zoneid=144&cb=9', 'aria_label': None, 'class': ['tmiads'], 'id': 'a7d95b78', 'text': ''}, {'tag': 'iframe', 'src': 'https://ads.independent.com.mt/www/delivery/afr.php?zoneid=141&cb=41', 'aria_label': None, 'class': ['tmiads'], 'id': 'a1353246', 'text': ''}, {'tag': 'iframe', 'src': 'https://ads.independent.com.mt/www/delivery/afr.php?resize=1&zoneid=22&target=_blank&cb=59', 'aria_label': None, 'class': ['tmiads'], 'id': 'ad1ea670', 'text': ''}, {'tag': 'iframe', 'src': 'https://ads.independent.com.mt/www/delivery/afr.php?zoneid=35&cb=196', 'aria_label': None, 'class': ['tmiads'], 'id': 'abcfa804', 'text': ''}, {'tag': 'iframe', 'src': 'https://ads.independent.com.mt/www/delivery/afr.php?zoneid=140&cb=46', 'aria_label': None, 'class': ['tmiads'], 'id': 'afcbf42a', 'text': ''}, {'tag': 'iframe', 'src': 'https://ads.independent.com.mt/www/delivery/afr.php?zoneid=147&cb=28', 'aria_label': None, 'class': ['tmiads'], 'id': 'a65e2a3a', 'text': ''}, {'tag': 'iframe', 'src': 'https://ads.independent.com.mt/www/delivery/afr.php?zoneid=34&cb=113', 'aria_label': None, 'class': ['tmiads'], 'id': 'ac264775', 'text': ''}]",14,120,independent,article_pages
197,33,62,22,0,1,42,5,13355,2157,23,8,"[{'tag': 'iframe', 'src': 'https://ads.independent.com.mt/www/delivery/afr.php?zoneid=36&cb=139', 'aria_label': None, 'class': ['tmiads'], 'id': 'af87707c', 'text': ''}, {'tag': 'iframe', 'src': 'https://ads.independent.com.mt/www/delivery/afr.php?zoneid=144&cb=9', 'aria_label': None, 'class': ['tmiads'], 'id': 'a7d95b78', 'text': ''}, {'tag': 'iframe', 'src': 'https://ads.independent.com.mt/www/delivery/afr.php?zoneid=141&cb=41', 'aria_label': None, 'class': ['tmiads'], 'id': 'a1353246', 'text': ''}, {'tag': 'iframe', 'src': 'https://ads.independent.com.mt/www/delivery/afr.php?resize=1&zoneid=22&target=_blank&cb=59', 'aria_label': None, 'class': ['tmiads'], 'id': 'ad1ea670', 'text': ''}, {'tag': 'iframe', 'src': 'https://ads.independent.com.mt/www/delivery/afr.php?zoneid=35&cb=196', 'aria_label': None, 'class': ['tmiads'], 'id': 'abcfa804', 'text': ''}, {'tag': 'iframe', 'src': 'https://ads.independent.com.mt/www/delivery/afr.php?zoneid=140&cb=46', 'aria_label': None, 'class': ['tmiads'], 'id': 'afcbf42a', 'text': ''}, {'tag': 'iframe', 'src': 'https://ads.independent.com.mt/www/delivery/afr.php?zoneid=147&cb=28', 'aria_label': None, 'class': ['tmiads'], 'id': 'a65e2a3a', 'text': ''}, {'tag': 'iframe', 'src': 'https://ads.independent.com.mt/www/delivery/afr.php?zoneid=34&cb=113', 'aria_label': None, 'class': ['tmiads'], 'id': 'ac264775', 'text': ''}]",14,121,independent,article_pages
197,33,62,22,0,1,42,5,13355,2157,23,8,"[{'tag': 'iframe', 'src': 'https://ads.independent.com.mt/www/delivery/afr.php?zoneid=36&cb=139', 'aria_label': None, 'class': ['tmiads'], 'id': 'af87707c', 'text': ''}, {'tag': 'iframe', 'src': 'https://ads.independent.com.mt/www/delivery/afr.php?zoneid=144&cb=9', 'aria_label': None, 'class': ['tmiads'], 'id': 'a7d95b78', 'text': ''}, {'tag': 'iframe', 'src': 'https://ads.independent.com.mt/www/delivery/afr.php?zoneid=141&cb=41', 'aria_label': None, 'class': ['tmiads'], 'id': 'a1353246', 'text': ''}, {'tag': 'iframe', 'src': 'https://ads.independent.com.mt/www/delivery/afr.php?resize=1&zoneid=22&target=_blank&cb=59', 'aria_label': None, 'class': ['tmiads'], 'id': 'ad1ea670', 'text': ''}, {'tag': 'iframe', 'src': 'https://ads.independent.com.mt/www/delivery/afr.php?zoneid=35&cb=196', 'aria_label': None, 'class': ['tmiads'], 'id': 'abcfa804', 'text': ''}, {'tag': 'iframe', 'src': 'https://ads.independent.com.mt/www/delivery/afr.php?zoneid=140&cb=46', 'aria_label': None, 'class': ['tmiads'], 'id': 'afcbf42a', 'text': ''}, {'tag': 'iframe', 'src': 'https://ads.independent.com.mt/www/delivery/afr.php?zoneid=147&cb=28', 'aria_label': None, 'class': ['tmiads'], 'id': 'a65e2a3a', 'text': ''}, {'tag': 'iframe', 'src': 'https://ads.independent.com.mt/www/delivery/afr.php?zoneid=34&cb=113', 'aria_label': None, 'class': ['tmiads'], 'id': 'ac264775', 'text': ''}]",14,122,independent,article_pages
197,33,62,22,0,1,42,5,13355,2157,23,8,"[{'tag': 'iframe', 'src': 'https://ads.independent.com.mt/www/delivery/afr.php?zoneid=36&cb=139', 'aria_label': None, 'class': ['tmiads'], 'id': 'af87707c', 'text': ''}, {'tag': 'iframe', 'src': 'https://ads.independent.com.mt/www/delivery/afr.php?zoneid=144&cb=9', 'aria_label': None, 'class': ['tmiads'], 'id': 'a7d95b78', 'text': ''}, {'tag': 'iframe', 'src': 'https://ads.independent.com.mt/www/delivery/afr.php?zoneid=141&cb=41', 'aria_label': None, 'class': ['tmiads'], 'id': 'a1353246', 'text': ''}, {'tag': 'iframe', 'src': 'https://ads.independent.com.mt/www/delivery/afr.php?resize=1&zoneid=22&target=_blank&cb=59', 'aria_label': None, 'class': ['tmiads'], 'id': 'ad1ea670', 'text': ''}, {'tag': 'iframe', 'src': 'https://ads.independent.com.mt/www/delivery/afr.php?zoneid=35&cb=196', 'aria_label': None, 'class': ['tmiads'], 'id': 'abcfa804', 'text': ''}, {'tag': 'iframe', 'src': 'https://ads.independent.com.mt/www/delivery/afr.php?zoneid=140&cb=46', 'aria_label': None, 'class': ['tmiads'], 'id': 'afcbf42a', 'text': ''}, {'tag': 'iframe', 'src': 'https://ads.independent.com.mt/www/delivery/afr.php?zoneid=147&cb=28', 'aria_label': None, 'class': ['tmiads'], 'id': 'a65e2a3a', 'text': ''}, {'tag': 'iframe', 'src': 'https://ads.independent.com.mt/www/delivery/afr.php?zoneid=34&cb=113', 'aria_label': None, 'class': ['tmiads'], 'id': 'ac264775', 'text': ''}]",14,123,independent,article_pages
197,33,62,22,0,1,42,5,13355,2157,23,8,"[{'tag': 'iframe', 'src': 'https://ads.independent.com.mt/www/delivery/afr.php?zoneid=36&cb=139', 'aria_label': None, 'class': ['tmiads'], 'id': 'af87707c', 'text': ''}, {'tag': 'iframe', 'src': 'https://ads.independent.com.mt/www/delivery/afr.php?zoneid=144&cb=9', 'aria_label': None, 'class': ['tmiads'], 'id': 'a7d95b78', 'text': ''}, {'tag': 'iframe', 'src': 'https://ads.independent.com.mt/www/delivery/afr.php?zoneid=141&cb=41', 'aria_label': None, 'class': ['tmiads'], 'id': 'a1353246', 'text': ''}, {'tag': 'iframe', 'src': 'https://ads.independent.com.mt/www/delivery/afr.php?resize=1&zoneid=22&target=_blank&cb=59', 'aria_label': None, 'class': ['tmiads'], 'id': 'ad1ea670', 'text': ''}, {'tag': 'iframe', 'src': 'https://ads.independent.com.mt/www/delivery/afr.php?zoneid=35&cb=196', 'aria_label': None, 'class': ['tmiads'], 'id': 'abcfa804', 'text': ''}, {'tag': 'iframe', 'src': 'https://ads.independent.com.mt/www/delivery/afr.php?zoneid=140&cb=46', 'aria_label': None, 'class': ['tmiads'], 'id': 'afcbf42a', 'text': ''}, {'tag': 'iframe', 'src': 'https://ads.independent.com.mt/www/delivery/afr.php?zoneid=147&cb=28', 'aria_label': None, 'class': ['tmiads'], 'id': 'a65e2a3a', 'text': ''}, {'tag': 'iframe', 'src': 'https://ads.independent.com.mt/www/delivery/afr.php?zoneid=34&cb=113', 'aria_label': None, 'class': ['tmiads'], 'id': 'ac264775', 'text': ''}]",14,124,independent,article_pages
197,33,62,22,0,1,42,5,13355,2157,23,8,"[{'tag': 'iframe', 'src': 'https://ads.independent.com.mt/www/delivery/afr.php?zoneid=36&cb=139', 'aria_label': None, 'class': ['tmiads'], 'id': 'af87707c', 'text': ''}, {'tag': 'iframe', 'src': 'https://ads.independent.com.mt/www/delivery/afr.php?zoneid=144&cb=9', 'aria_label': None, 'class': ['tmiads'], 'id': 'a7d95b78', 'text': ''}, {'tag': 'iframe', 'src': 'https://ads.independent.com.mt/www/delivery/afr.php?zoneid=141&cb=41', 'aria_label': None, 'class': ['tmiads'], 'id': 'a1353246', 'text': ''}, {'tag': 'iframe', 'src': 'https://ads.independent.com.mt/www/delivery/afr.php?resize=1&zoneid=22&target=_blank&cb=59', 'aria_label': None, 'class': ['tmiads'], 'id': 'ad1ea670', 'text': ''}, {'tag': 'iframe', 'src': 'https://ads.independent.com.mt/www/delivery/afr.php?zoneid=35&cb=196', 'aria_label': None, 'class': ['tmiads'], 'id': 'abcfa804', 'text': ''}, {'tag': 'iframe', 'src': 'https://ads.independent.com.mt/www/delivery/afr.php?zoneid=140&cb=46', 'aria_label': None, 'class': ['tmiads'], 'id': 'afcbf42a', 'text': ''}, {'tag': 'iframe', 'src': 'https://ads.independent.com.mt/www/delivery/afr.php?zoneid=147&cb=28', 'aria_label': None, 'class': ['tmiads'], 'id': 'a65e2a3a', 'text': ''}, {'tag': 'iframe', 'src': 'https://ads.independent.com.mt/www/delivery/afr.php?zoneid=34&cb=113', 'aria_label': None, 'class': ['tmiads'], 'id': 'ac264775', 'text': ''}]",14,125,independent,article_pages
197,33,62,22,0,1,42,5,13355,2157,23,8,"[{'tag': 'iframe', 'src': 'https://ads.independent.com.mt/www/delivery/afr.php?zoneid=36&cb=139', 'aria_label': None, 'class': ['tmiads'], 'id': 'af87707c', 'text': ''}, {'tag': 'iframe', 'src': 'https://ads.independent.com.mt/www/delivery/afr.php?zoneid=144&cb=9', 'aria_label': None, 'class': ['tmiads'], 'id': 'a7d95b78', 'text': ''}, {'tag': 'iframe', 'src': 'https://ads.independent.com.mt/www/delivery/afr.php?zoneid=141&cb=41', 'aria_label': None, 'class': ['tmiads'], 'id': 'a1353246', 'text': ''}, {'tag': 'iframe', 'src': 'https://ads.independent.com.mt/www/delivery/afr.php?resize=1&zoneid=22&target=_blank&cb=59', 'aria_label': None, 'class': ['tmiads'], 'id': 'ad1ea670', 'text': ''}, {'tag': 'iframe', 'src': 'https://ads.independent.com.mt/www/delivery/afr.php?zoneid=35&cb=196', 'aria_label': None, 'class': ['tmiads'], 'id': 'abcfa804', 'text': ''}, {'tag': 'iframe', 'src': 'https://ads.independent.com.mt/www/delivery/afr.php?zoneid=140&cb=46', 'aria_label': None, 'class': ['tmiads'], 'id': 'afcbf42a', 'text': ''}, {'tag': 'iframe', 'src': 'https://ads.independent.com.mt/www/delivery/afr.php?zoneid=147&cb=28', 'aria_label': None, 'class': ['tmiads'], 'id': 'a65e2a3a', 'text': ''}, {'tag': 'iframe', 'src': 'https://ads.independent.com.mt/www/delivery/afr.php?zoneid=34&cb=113', 'aria_label': None, 'class': ['tmiads'], 'id': 'ac264775', 'text': ''}]",14,126,independent,article_pages
197,33,62,22,0,1,42,5,13355,2157,23,8,"[{'tag': 'iframe', 'src': 'https://ads.independent.com.mt/www/delivery/afr.php?zoneid=36&cb=139', 'aria_label': None, 'class': ['tmiads'], 'id': 'af87707c', 'text': ''}, {'tag': 'iframe', 'src': 'https://ads.independent.com.mt/www/delivery/afr.php?zoneid=144&cb=9', 'aria_label': None, 'class': ['tmiads'], 'id': 'a7d95b78', 'text': ''}, {'tag': 'iframe', 'src': 'https://ads.independent.com.mt/www/delivery/afr.php?zoneid=141&cb=41', 'aria_label': None, 'class': ['tmiads'], 'id': 'a1353246', 'text': ''}, {'tag': 'iframe', 'src': 'https://ads.independent.com.mt/www/delivery/afr.php?resize=1&zoneid=22&target=_blank&cb=59', 'aria_label': None, 'class': ['tmiads'], 'id': 'ad1ea670', 'text': ''}, {'tag': 'iframe', 'src': 'https://ads.independent.com.mt/www/delivery/afr.php?zoneid=35&cb=196', 'aria_label': None, 'class': ['tmiads'], 'id': 'abcfa804', 'text': ''}, {'tag': 'iframe', 'src': 'https://ads.independent.com.mt/www/delivery/afr.php?zoneid=140&cb=46', 'aria_label': None, 'class': ['tmiads'], 'id': 'afcbf42a', 'text': ''}, {'tag': 'iframe', 'src': 'https://ads.independent.com.mt/www/delivery/afr.php?zoneid=147&cb=28', 'aria_label': None, 'class': ['tmiads'], 'id': 'a65e2a3a', 'text': ''}, {'tag': 'iframe', 'src': 'https://ads.independent.com.mt/www/delivery/afr.php?zoneid=34&cb=113', 'aria_label': None, 'class': ['tmiads'], 'id': 'ac264775', 'text': ''}]",14,127,independent,article_pages
197,33,62,22,0,1,42,5,13355,2157,23,8,"[{'tag': 'iframe', 'src': 'https://ads.independent.com.mt/www/delivery/afr.php?zoneid=36&cb=139', 'aria_label': None, 'class': ['tmiads'], 'id': 'af87707c', 'text': ''}, {'tag': 'iframe', 'src': 'https://ads.independent.com.mt/www/delivery/afr.php?zoneid=144&cb=9', 'aria_label': None, 'class': ['tmiads'], 'id': 'a7d95b78', 'text': ''}, {'tag': 'iframe', 'src': 'https://ads.independent.com.mt/www/delivery/afr.php?zoneid=141&cb=41', 'aria_label': None, 'class': ['tmiads'], 'id': 'a1353246', 'text': ''}, {'tag': 'iframe', 'src': 'https://ads.independent.com.mt/www/delivery/afr.php?resize=1&zoneid=22&target=_blank&cb=59', 'aria_label': None, 'class': ['tmiads'], 'id': 'ad1ea670', 'text': ''}, {'tag': 'iframe', 'src': 'https://ads.independent.com.mt/www/delivery/afr.php?zoneid=35&cb=196', 'aria_label': None, 'class': ['tmiads'], 'id': 'abcfa804', 'text': ''}, {'tag': 'iframe', 'src': 'https://ads.independent.com.mt/www/delivery/afr.php?zoneid=140&cb=46', 'aria_label': None, 'class': ['tmiads'], 'id': 'afcbf42a', 'text': ''}, {'tag': 'iframe', 'src': 'https://ads.independent.com.mt/www/delivery/afr.php?zoneid=147&cb=28', 'aria_label': None, 'class': ['tmiads'], 'id': 'a65e2a3a', 'text': ''}, {'tag': 'iframe', 'src': 'https://ads.independent.com.mt/www/delivery/afr.php?zoneid=34&cb=113', 'aria_label': None, 'class': ['tmiads'], 'id': 'ac264775', 'text': ''}]",14,128,independent,article_pages
197,33,62,22,0,1,42,5,13355,2157,23,8,"[{'tag': 'iframe', 'src': 'https://ads.independent.com.mt/www/delivery/afr.php?zoneid=36&cb=139', 'aria_label': None, 'class': ['tmiads'], 'id': 'af87707c', 'text': ''}, {'tag': 'iframe', 'src': 'https://ads.independent.com.mt/www/delivery/afr.php?zoneid=144&cb=9', 'aria_label': None, 'class': ['tmiads'], 'id': 'a7d95b78', 'text': ''}, {'tag': 'iframe', 'src': 'https://ads.independent.com.mt/www/delivery/afr.php?zoneid=141&cb=41', 'aria_label': None, 'class': ['tmiads'], 'id': 'a1353246', 'text': ''}, {'tag': 'iframe', 'src': 'https://ads.independent.com.mt/www/delivery/afr.php?resize=1&zoneid=22&target=_blank&cb=59', 'aria_label': None, 'class': ['tmiads'], 'id': 'ad1ea670', 'text': ''}, {'tag': 'iframe', 'src': 'https://ads.independent.com.mt/www/delivery/afr.php?zoneid=35&cb=196', 'aria_label': None, 'class': ['tmiads'], 'id': 'abcfa804', 'text': ''}, {'tag': 'iframe', 'src': 'https://ads.independent.com.mt/www/delivery/afr.php?zoneid=140&cb=46', 'aria_label': None, 'class': ['tmiads'], 'id': 'afcbf42a', 'text': ''}, {'tag': 'iframe', 'src': 'https://ads.independent.com.mt/www/delivery/afr.php?zoneid=147&cb=28', 'aria_label': None, 'class': ['tmiads'], 'id': 'a65e2a3a', 'text': ''}, {'tag': 'iframe', 'src': 'https://ads.independent.com.mt/www/delivery/afr.php?zoneid=34&cb=113', 'aria_label': None, 'class': ['tmiads'], 'id': 'ac264775', 'text': ''}]",14,129,independent,article_pages
197,33,62,22,0,1,42,5,13355,2157,23,8,"[{'tag': 'iframe', 'src': 'https://ads.independent.com.mt/www/delivery/afr.php?zoneid=36&cb=139', 'aria_label': None, 'class': ['tmiads'], 'id': 'af87707c', 'text': ''}, {'tag': 'iframe', 'src': 'https://ads.independent.com.mt/www/delivery/afr.php?zoneid=144&cb=9', 'aria_label': None, 'class': ['tmiads'], 'id': 'a7d95b78', 'text': ''}, {'tag': 'iframe', 'src': 'https://ads.independent.com.mt/www/delivery/afr.php?zoneid=141&cb=41', 'aria_label': None, 'class': ['tmiads'], 'id': 'a1353246', 'text': ''}, {'tag': 'iframe', 'src': 'https://ads.independent.com.mt/www/delivery/afr.php?resize=1&zoneid=22&target=_blank&cb=59', 'aria_label': None, 'class': ['tmiads'], 'id': 'ad1ea670', 'text': ''}, {'tag': 'iframe', 'src': 'https://ads.independent.com.mt/www/delivery/afr.php?zoneid=35&cb=196', 'aria_label': None, 'class': ['tmiads'], 'id': 'abcfa804', 'text': ''}, {'tag': 'iframe', 'src': 'https://ads.independent.com.mt/www/delivery/afr.php?zoneid=140&cb=46', 'aria_label': None, 'class': ['tmiads'], 'id': 'afcbf42a', 'text': ''}, {'tag': 'iframe', 'src': 'https://ads.independent.com.mt/www/delivery/afr.php?zoneid=147&cb=28', 'aria_label': None, 'class': ['tmiads'], 'id': 'a65e2a3a', 'text': ''}, {'tag': 'iframe', 'src': 'https://ads.independent.com.mt/www/delivery/afr.php?zoneid=34&cb=113', 'aria_label': None, 'class': ['tmiads'], 'id': 'ac264775', 'text': ''}]",14,130,independent,article_pages
197,33,62,22,0,1,42,5,13355,2157,23,8,"[{'tag': 'iframe', 'src': 'https://ads.independent.com.mt/www/delivery/afr.php?zoneid=36&cb=139', 'aria_label': None, 'class': ['tmiads'], 'id': 'af87707c', 'text': ''}, {'tag': 'iframe', 'src': 'https://ads.independent.com.mt/www/delivery/afr.php?zoneid=144&cb=9', 'aria_label': None, 'class': ['tmiads'], 'id': 'a7d95b78', 'text': ''}, {'tag': 'iframe', 'src': 'https://ads.independent.com.mt/www/delivery/afr.php?zoneid=141&cb=41', 'aria_label': None, 'class': ['tmiads'], 'id': 'a1353246', 'text': ''}, {'tag': 'iframe', 'src': 'https://ads.independent.com.mt/www/delivery/afr.php?resize=1&zoneid=22&target=_blank&cb=59', 'aria_label': None, 'class': ['tmiads'], 'id': 'ad1ea670', 'text': ''}, {'tag': 'iframe', 'src': 'https://ads.independent.com.mt/www/delivery/afr.php?zoneid=35&cb=196', 'aria_label': None, 'class': ['tmiads'], 'id': 'abcfa804', 'text': ''}, {'tag': 'iframe', 'src': 'https://ads.independent.com.mt/www/delivery/afr.php?zoneid=140&cb=46', 'aria_label': None, 'class': ['tmiads'], 'id': 'afcbf42a', 'text': ''}, {'tag': 'iframe', 'src': 'https://ads.independent.com.mt/www/delivery/afr.php?zoneid=147&cb=28', 'aria_label': None, 'class': ['tmiads'], 'id': 'a65e2a3a', 'text': ''}, {'tag': 'iframe', 'src': 'https://ads.independent.com.mt/www/delivery/afr.php?zoneid=34&cb=113', 'aria_label': None, 'class': ['tmiads'], 'id': 'ac264775', 'text': ''}]",14,131,independent,article_pages
197,33,62,22,0,1,42,5,13355,2157,23,8,"[{'tag': 'iframe', 'src': 'https://ads.independent.com.mt/www/delivery/afr.php?zoneid=36&cb=139', 'aria_label': None, 'class': ['tmiads'], 'id': 'af87707c', 'text': ''}, {'tag': 'iframe', 'src': 'https://ads.independent.com.mt/www/delivery/afr.php?zoneid=144&cb=9', 'aria_label': None, 'class': ['tmiads'], 'id': 'a7d95b78', 'text': ''}, {'tag': 'iframe', 'src': 'https://ads.independent.com.mt/www/delivery/afr.php?zoneid=141&cb=41', 'aria_label': None, 'class': ['tmiads'], 'id': 'a1353246', 'text': ''}, {'tag': 'iframe', 'src': 'https://ads.independent.com.mt/www/delivery/afr.php?resize=1&zoneid=22&target=_blank&cb=59', 'aria_label': None, 'class': ['tmiads'], 'id': 'ad1ea670', 'text': ''}, {'tag': 'iframe', 'src': 'https://ads.independent.com.mt/www/delivery/afr.php?zoneid=35&cb=196', 'aria_label': None, 'class': ['tmiads'], 'id': 'abcfa804', 'text': ''}, {'tag': 'iframe', 'src': 'https://ads.independent.com.mt/www/delivery/afr.php?zoneid=140&cb=46', 'aria_label': None, 'class': ['tmiads'], 'id': 'afcbf42a', 'text': ''}, {'tag': 'iframe', 'src': 'https://ads.independent.com.mt/www/delivery/afr.php?zoneid=147&cb=28', 'aria_label': None, 'class': ['tmiads'], 'id': 'a65e2a3a', 'text': ''}, {'tag': 'iframe', 'src': 'https://ads.independent.com.mt/www/delivery/afr.php?zoneid=34&cb=113', 'aria_label': None, 'class': ['tmiads'], 'id': 'ac264775', 'text': ''}]",14,132,independent,article_pages
197,33,62,22,0,1,42,5,13355,2157,23,8,"[{'tag': 'iframe', 'src': 'https://ads.independent.com.mt/www/delivery/afr.php?zoneid=36&cb=139', 'aria_label': None, 'class': ['tmiads'], 'id': 'af87707c', 'text': ''}, {'tag': 'iframe', 'src': 'https://ads.independent.com.mt/www/delivery/afr.php?zoneid=144&cb=9', 'aria_label': None, 'class': ['tmiads'], 'id': 'a7d95b78', 'text': ''}, {'tag': 'iframe', 'src': 'https://ads.independent.com.mt/www/delivery/afr.php?zoneid=141&cb=41', 'aria_label': None, 'class': ['tmiads'], 'id': 'a1353246', 'text': ''}, {'tag': 'iframe', 'src': 'https://ads.independent.com.mt/www/delivery/afr.php?resize=1&zoneid=22&target=_blank&cb=59', 'aria_label': None, 'class': ['tmiads'], 'id': 'ad1ea670', 'text': ''}, {'tag': 'iframe', 'src': 'https://ads.independent.com.mt/www/delivery/afr.php?zoneid=35&cb=196', 'aria_label': None, 'class': ['tmiads'], 'id': 'abcfa804', 'text': ''}, {'tag': 'iframe', 'src': 'https://ads.independent.com.mt/www/delivery/afr.php?zoneid=140&cb=46', 'aria_label': None, 'class': ['tmiads'], 'id': 'afcbf42a', 'text': ''}, {'tag': 'iframe', 'src': 'https://ads.independent.com.mt/www/delivery/afr.php?zoneid=147&cb=28', 'aria_label': None, 'class': ['tmiads'], 'id': 'a65e2a3a', 'text': ''}, {'tag': 'iframe', 'src': 'https://ads.independent.com.mt/www/delivery/afr.php?zoneid=34&cb=113', 'aria_label': None, 'class': ['tmiads'], 'id': 'ac264775', 'text': ''}]",14,133,independent,article_pages
197,33,62,22,0,1,42,5,13355,2157,23,8,"[{'tag': 'iframe', 'src': 'https://ads.independent.com.mt/www/delivery/afr.php?zoneid=36&cb=139', 'aria_label': None, 'class': ['tmiads'], 'id': 'af87707c', 'text': ''}, {'tag': 'iframe', 'src': 'https://ads.independent.com.mt/www/delivery/afr.php?zoneid=144&cb=9', 'aria_label': None, 'class': ['tmiads'], 'id': 'a7d95b78', 'text': ''}, {'tag': 'iframe', 'src': 'https://ads.independent.com.mt/www/delivery/afr.php?zoneid=141&cb=41', 'aria_label': None, 'class': ['tmiads'], 'id': 'a1353246', 'text': ''}, {'tag': 'iframe', 'src': 'https://ads.independent.com.mt/www/delivery/afr.php?resize=1&zoneid=22&target=_blank&cb=59', 'aria_label': None, 'class': ['tmiads'], 'id': 'ad1ea670', 'text': ''}, {'tag': 'iframe', 'src': 'https://ads.independent.com.mt/www/delivery/afr.php?zoneid=35&cb=196', 'aria_label': None, 'class': ['tmiads'], 'id': 'abcfa804', 'text': ''}, {'tag': 'iframe', 'src': 'https://ads.independent.com.mt/www/delivery/afr.php?zoneid=140&cb=46', 'aria_label': None, 'class': ['tmiads'], 'id': 'afcbf42a', 'text': ''}, {'tag': 'iframe', 'src': 'https://ads.independent.com.mt/www/delivery/afr.php?zoneid=147&cb=28', 'aria_label': None, 'class': ['tmiads'], 'id': 'a65e2a3a', 'text': ''}, {'tag': 'iframe', 'src': 'https://ads.independent.com.mt/www/delivery/afr.php?zoneid=34&cb=113', 'aria_label': None, 'class': ['tmiads'], 'id': 'ac264775', 'text': ''}]",14,134,independent,article_pages
197,33,62,22,0,1,42,5,13355,2157,23,8,"[{'tag': 'iframe', 'src': 'https://ads.independent.com.mt/www/delivery/afr.php?zoneid=36&cb=139', 'aria_label': None, 'class': ['tmiads'], 'id': 'af87707c', 'text': ''}, {'tag': 'iframe', 'src': 'https://ads.independent.com.mt/www/delivery/afr.php?zoneid=144&cb=9', 'aria_label': None, 'class': ['tmiads'], 'id': 'a7d95b78', 'text': ''}, {'tag': 'iframe', 'src': 'https://ads.independent.com.mt/www/delivery/afr.php?zoneid=141&cb=41', 'aria_label': None, 'class': ['tmiads'], 'id': 'a1353246', 'text': ''}, {'tag': 'iframe', 'src': 'https://ads.independent.com.mt/www/delivery/afr.php?resize=1&zoneid=22&target=_blank&cb=59', 'aria_label': None, 'class': ['tmiads'], 'id': 'ad1ea670', 'text': ''}, {'tag': 'iframe', 'src': 'https://ads.independent.com.mt/www/delivery/afr.php?zoneid=35&cb=196', 'aria_label': None, 'class': ['tmiads'], 'id': 'abcfa804', 'text': ''}, {'tag': 'iframe', 'src': 'https://ads.independent.com.mt/www/delivery/afr.php?zoneid=140&cb=46', 'aria_label': None, 'class': ['tmiads'], 'id': 'afcbf42a', 'text': ''}, {'tag': 'iframe', 'src': 'https://ads.independent.com.mt/www/delivery/afr.php?zoneid=147&cb=28', 'aria_label': None, 'class': ['tmiads'], 'id': 'a65e2a3a', 'text': ''}, {'tag': 'iframe', 'src': 'https://ads.independent.com.mt/www/delivery/afr.php?zoneid=34&cb=113', 'aria_label': None, 'class': ['tmiads'], 'id': 'ac264775', 'text': ''}]",14,135,independent,article_pages
197,33,62,22,0,1,42,5,13355,2157,23,8,"[{'tag': 'iframe', 'src': 'https://ads.independent.com.mt/www/delivery/afr.php?zoneid=36&cb=139', 'aria_label': None, 'class': ['tmiads'], 'id': 'af87707c', 'text': ''}, {'tag': 'iframe', 'src': 'https://ads.independent.com.mt/www/delivery/afr.php?zoneid=144&cb=9', 'aria_label': None, 'class': ['tmiads'], 'id': 'a7d95b78', 'text': ''}, {'tag': 'iframe', 'src': 'https://ads.independent.com.mt/www/delivery/afr.php?zoneid=141&cb=41', 'aria_label': None, 'class': ['tmiads'], 'id': 'a1353246', 'text': ''}, {'tag': 'iframe', 'src': 'https://ads.independent.com.mt/www/delivery/afr.php?resize=1&zoneid=22&target=_blank&cb=59', 'aria_label': None, 'class': ['tmiads'], 'id': 'ad1ea670', 'text': ''}, {'tag': 'iframe', 'src': 'https://ads.independent.com.mt/www/delivery/afr.php?zoneid=35&cb=196', 'aria_label': None, 'class': ['tmiads'], 'id': 'abcfa804', 'text': ''}, {'tag': 'iframe', 'src': 'https://ads.independent.com.mt/www/delivery/afr.php?zoneid=140&cb=46', 'aria_label': None, 'class': ['tmiads'], 'id': 'afcbf42a', 'text': ''}, {'tag': 'iframe', 'src': 'https://ads.independent.com.mt/www/delivery/afr.php?zoneid=147&cb=28', 'aria_label': None, 'class': ['tmiads'], 'id': 'a65e2a3a', 'text': ''}, {'tag': 'iframe', 'src': 'https://ads.independent.com.mt/www/delivery/afr.php?zoneid=34&cb=113', 'aria_label': None, 'class': ['tmiads'], 'id': 'ac264775', 'text': ''}]",14,136,independent,article_pages
197,33,62,22,0,1,42,5,13355,2157,23,8,"[{'tag': 'iframe', 'src': 'https://ads.independent.com.mt/www/delivery/afr.php?zoneid=36&cb=139', 'aria_label': None, 'class': ['tmiads'], 'id': 'af87707c', 'text': ''}, {'tag': 'iframe', 'src': 'https://ads.independent.com.mt/www/delivery/afr.php?zoneid=144&cb=9', 'aria_label': None, 'class': ['tmiads'], 'id': 'a7d95b78', 'text': ''}, {'tag': 'iframe', 'src': 'https://ads.independent.com.mt/www/delivery/afr.php?zoneid=141&cb=41', 'aria_label': None, 'class': ['tmiads'], 'id': 'a1353246', 'text': ''}, {'tag': 'iframe', 'src': 'https://ads.independent.com.mt/www/delivery/afr.php?resize=1&zoneid=22&target=_blank&cb=59', 'aria_label': None, 'class': ['tmiads'], 'id': 'ad1ea670', 'text': ''}, {'tag': 'iframe', 'src': 'https://ads.independent.com.mt/www/delivery/afr.php?zoneid=35&cb=196', 'aria_label': None, 'class': ['tmiads'], 'id': 'abcfa804', 'text': ''}, {'tag': 'iframe', 'src': 'https://ads.independent.com.mt/www/delivery/afr.php?zoneid=140&cb=46', 'aria_label': None, 'class': ['tmiads'], 'id': 'afcbf42a', 'text': ''}, {'tag': 'iframe', 'src': 'https://ads.independent.com.mt/www/delivery/afr.php?zoneid=147&cb=28', 'aria_label': None, 'class': ['tmiads'], 'id': 'a65e2a3a', 'text': ''}, {'tag': 'iframe', 'src': 'https://ads.independent.com.mt/www/delivery/afr.php?zoneid=34&cb=113', 'aria_label': None, 'class': ['tmiads'], 'id': 'ac264775', 'text': ''}]",14,137,independent,article_pages
197,33,62,22,0,1,42,5,13355,2157,23,8,"[{'tag': 'iframe', 'src': 'https://ads.independent.com.mt/www/delivery/afr.php?zoneid=36&cb=139', 'aria_label': None, 'class': ['tmiads'], 'id': 'af87707c', 'text': ''}, {'tag': 'iframe', 'src': 'https://ads.independent.com.mt/www/delivery/afr.php?zoneid=144&cb=9', 'aria_label': None, 'class': ['tmiads'], 'id': 'a7d95b78', 'text': ''}, {'tag': 'iframe', 'src': 'https://ads.independent.com.mt/www/delivery/afr.php?zoneid=141&cb=41', 'aria_label': None, 'class': ['tmiads'], 'id': 'a1353246', 'text': ''}, {'tag': 'iframe', 'src': 'https://ads.independent.com.mt/www/delivery/afr.php?resize=1&zoneid=22&target=_blank&cb=59', 'aria_label': None, 'class': ['tmiads'], 'id': 'ad1ea670', 'text': ''}, {'tag': 'iframe', 'src': 'https://ads.independent.com.mt/www/delivery/afr.php?zoneid=35&cb=196', 'aria_label': None, 'class': ['tmiads'], 'id': 'abcfa804', 'text': ''}, {'tag': 'iframe', 'src': 'https://ads.independent.com.mt/www/delivery/afr.php?zoneid=140&cb=46', 'aria_label': None, 'class': ['tmiads'], 'id': 'afcbf42a', 'text': ''}, {'tag': 'iframe', 'src': 'https://ads.independent.com.mt/www/delivery/afr.php?zoneid=147&cb=28', 'aria_label': None, 'class': ['tmiads'], 'id': 'a65e2a3a', 'text': ''}, {'tag': 'iframe', 'src': 'https://ads.independent.com.mt/www/delivery/afr.php?zoneid=34&cb=113', 'aria_label': None, 'class': ['tmiads'], 'id': 'ac264775', 'text': ''}]",14,138,independent,article_pages
197,33,62,22,0,1,42,5,13355,2157,23,8,"[{'tag': 'iframe', 'src': 'https://ads.independent.com.mt/www/delivery/afr.php?zoneid=36&cb=139', 'aria_label': None, 'class': ['tmiads'], 'id': 'af87707c', 'text': ''}, {'tag': 'iframe', 'src': 'https://ads.independent.com.mt/www/delivery/afr.php?zoneid=144&cb=9', 'aria_label': None, 'class': ['tmiads'], 'id': 'a7d95b78', 'text': ''}, {'tag': 'iframe', 'src': 'https://ads.independent.com.mt/www/delivery/afr.php?zoneid=141&cb=41', 'aria_label': None, 'class': ['tmiads'], 'id': 'a1353246', 'text': ''}, {'tag': 'iframe', 'src': 'https://ads.independent.com.mt/www/delivery/afr.php?resize=1&zoneid=22&target=_blank&cb=59', 'aria_label': None, 'class': ['tmiads'], 'id': 'ad1ea670', 'text': ''}, {'tag': 'iframe', 'src': 'https://ads.independent.com.mt/www/delivery/afr.php?zoneid=35&cb=196', 'aria_label': None, 'class': ['tmiads'], 'id': 'abcfa804', 'text': ''}, {'tag': 'iframe', 'src': 'https://ads.independent.com.mt/www/delivery/afr.php?zoneid=140&cb=46', 'aria_label': None, 'class': ['tmiads'], 'id': 'afcbf42a', 'text': ''}, {'tag': 'iframe', 'src': 'https://ads.independent.com.mt/www/delivery/afr.php?zoneid=147&cb=28', 'aria_label': None, 'class': ['tmiads'], 'id': 'a65e2a3a', 'text': ''}, {'tag': 'iframe', 'src': 'https://ads.independent.com.mt/www/delivery/afr.php?zoneid=34&cb=113', 'aria_label': None, 'class': ['tmiads'], 'id': 'ac264775', 'text': ''}]",14,139,independent,article_pages
197,33,61,22,0,1,25,2,9329,1519,23,8,"[{'tag': 'iframe', 'src': 'https://ads.independent.com.mt/www/delivery/afr.php?zoneid=36&cb=149', 'aria_label': None, 'class': ['tmiads'], 'id': 'af87707c', 'text': ''}, {'tag': 'iframe', 'src': 'https://ads.independent.com.mt/www/delivery/afr.php?zoneid=144&cb=297', 'aria_label': None, 'class': ['tmiads'], 'id': 'a7d95b78', 'text': ''}, {'tag': 'iframe', 'src': 'https://ads.independent.com.mt/www/delivery/afr.php?zoneid=141&cb=52', 'aria_label': None, 'class': ['tmiads'], 'id': 'a1353246', 'text': ''}, {'tag': 'iframe', 'src': 'https://ads.independent.com.mt/www/delivery/afr.php?resize=1&zoneid=22&target=_blank&cb=262', 'aria_label': None, 'class': ['tmiads'], 'id': 'ad1ea670', 'text': ''}, {'tag': 'iframe', 'src': 'https://ads.independent.com.mt/www/delivery/afr.php?zoneid=35&cb=199', 'aria_label': None, 'class': ['tmiads'], 'id': 'abcfa804', 'text': ''}, {'tag': 'iframe', 'src': 'https://ads.independent.com.mt/www/delivery/afr.php?zoneid=140&cb=83', 'aria_label': None, 'class': ['tmiads'], 'id': 'afcbf42a', 'text': ''}, {'tag': 'iframe', 'src': 'https://ads.independent.com.mt/www/delivery/afr.php?zoneid=147&cb=118', 'aria_label': None, 'class': ['tmiads'], 'id': 'a65e2a3a', 'text': ''}, {'tag': 'iframe', 'src': 'https://ads.independent.com.mt/www/delivery/afr.php?zoneid=34&cb=256', 'aria_label': None, 'class': ['tmiads'], 'id': 'ac264775', 'text': ''}]",14,140,independent,article_pages
197,33,61,22,0,1,25,2,9329,1519,23,8,"[{'tag': 'iframe', 'src': 'https://ads.independent.com.mt/www/delivery/afr.php?zoneid=36&cb=149', 'aria_label': None, 'class': ['tmiads'], 'id': 'af87707c', 'text': ''}, {'tag': 'iframe', 'src': 'https://ads.independent.com.mt/www/delivery/afr.php?zoneid=144&cb=297', 'aria_label': None, 'class': ['tmiads'], 'id': 'a7d95b78', 'text': ''}, {'tag': 'iframe', 'src': 'https://ads.independent.com.mt/www/delivery/afr.php?zoneid=141&cb=52', 'aria_label': None, 'class': ['tmiads'], 'id': 'a1353246', 'text': ''}, {'tag': 'iframe', 'src': 'https://ads.independent.com.mt/www/delivery/afr.php?resize=1&zoneid=22&target=_blank&cb=262', 'aria_label': None, 'class': ['tmiads'], 'id': 'ad1ea670', 'text': ''}, {'tag': 'iframe', 'src': 'https://ads.independent.com.mt/www/delivery/afr.php?zoneid=35&cb=199', 'aria_label': None, 'class': ['tmiads'], 'id': 'abcfa804', 'text': ''}, {'tag': 'iframe', 'src': 'https://ads.independent.com.mt/www/delivery/afr.php?zoneid=140&cb=83', 'aria_label': None, 'class': ['tmiads'], 'id': 'afcbf42a', 'text': ''}, {'tag': 'iframe', 'src': 'https://ads.independent.com.mt/www/delivery/afr.php?zoneid=147&cb=118', 'aria_label': None, 'class': ['tmiads'], 'id': 'a65e2a3a', 'text': ''}, {'tag': 'iframe', 'src': 'https://ads.independent.com.mt/www/delivery/afr.php?zoneid=34&cb=256', 'aria_label': None, 'class': ['tmiads'], 'id': 'ac264775', 'text': ''}]",14,141,independent,article_pages
197,33,61,22,0,1,25,2,9329,1519,23,8,"[{'tag': 'iframe', 'src': 'https://ads.independent.com.mt/www/delivery/afr.php?zoneid=36&cb=149', 'aria_label': None, 'class': ['tmiads'], 'id': 'af87707c', 'text': ''}, {'tag': 'iframe', 'src': 'https://ads.independent.com.mt/www/delivery/afr.php?zoneid=144&cb=297', 'aria_label': None, 'class': ['tmiads'], 'id': 'a7d95b78', 'text': ''}, {'tag': 'iframe', 'src': 'https://ads.independent.com.mt/www/delivery/afr.php?zoneid=141&cb=52', 'aria_label': None, 'class': ['tmiads'], 'id': 'a1353246', 'text': ''}, {'tag': 'iframe', 'src': 'https://ads.independent.com.mt/www/delivery/afr.php?resize=1&zoneid=22&target=_blank&cb=262', 'aria_label': None, 'class': ['tmiads'], 'id': 'ad1ea670', 'text': ''}, {'tag': 'iframe', 'src': 'https://ads.independent.com.mt/www/delivery/afr.php?zoneid=35&cb=199', 'aria_label': None, 'class': ['tmiads'], 'id': 'abcfa804', 'text': ''}, {'tag': 'iframe', 'src': 'https://ads.independent.com.mt/www/delivery/afr.php?zoneid=140&cb=83', 'aria_label': None, 'class': ['tmiads'], 'id': 'afcbf42a', 'text': ''}, {'tag': 'iframe', 'src': 'https://ads.independent.com.mt/www/delivery/afr.php?zoneid=147&cb=118', 'aria_label': None, 'class': ['tmiads'], 'id': 'a65e2a3a', 'text': ''}, {'tag': 'iframe', 'src': 'https://ads.independent.com.mt/www/delivery/afr.php?zoneid=34&cb=256', 'aria_label': None, 'class': ['tmiads'], 'id': 'ac264775', 'text': ''}]",14,142,independent,article_pages
197,33,61,22,0,1,25,2,9329,1519,23,8,"[{'tag': 'iframe', 'src': 'https://ads.independent.com.mt/www/delivery/afr.php?zoneid=36&cb=149', 'aria_label': None, 'class': ['tmiads'], 'id': 'af87707c', 'text': ''}, {'tag': 'iframe', 'src': 'https://ads.independent.com.mt/www/delivery/afr.php?zoneid=144&cb=297', 'aria_label': None, 'class': ['tmiads'], 'id': 'a7d95b78', 'text': ''}, {'tag': 'iframe', 'src': 'https://ads.independent.com.mt/www/delivery/afr.php?zoneid=141&cb=52', 'aria_label': None, 'class': ['tmiads'], 'id': 'a1353246', 'text': ''}, {'tag': 'iframe', 'src': 'https://ads.independent.com.mt/www/delivery/afr.php?resize=1&zoneid=22&target=_blank&cb=262', 'aria_label': None, 'class': ['tmiads'], 'id': 'ad1ea670', 'text': ''}, {'tag': 'iframe', 'src': 'https://ads.independent.com.mt/www/delivery/afr.php?zoneid=35&cb=199', 'aria_label': None, 'class': ['tmiads'], 'id': 'abcfa804', 'text': ''}, {'tag': 'iframe', 'src': 'https://ads.independent.com.mt/www/delivery/afr.php?zoneid=140&cb=83', 'aria_label': None, 'class': ['tmiads'], 'id': 'afcbf42a', 'text': ''}, {'tag': 'iframe', 'src': 'https://ads.independent.com.mt/www/delivery/afr.php?zoneid=147&cb=118', 'aria_label': None, 'class': ['tmiads'], 'id': 'a65e2a3a', 'text': ''}, {'tag': 'iframe', 'src': 'https://ads.independent.com.mt/www/delivery/afr.php?zoneid=34&cb=256', 'aria_label': None, 'class': ['tmiads'], 'id': 'ac264775', 'text': ''}]",14,143,independent,article_pages
197,33,61,22,0,1,25,2,9329,1519,23,8,"[{'tag': 'iframe', 'src': 'https://ads.independent.com.mt/www/delivery/afr.php?zoneid=36&cb=149', 'aria_label': None, 'class': ['tmiads'], 'id': 'af87707c', 'text': ''}, {'tag': 'iframe', 'src': 'https://ads.independent.com.mt/www/delivery/afr.php?zoneid=144&cb=297', 'aria_label': None, 'class': ['tmiads'], 'id': 'a7d95b78', 'text': ''}, {'tag': 'iframe', 'src': 'https://ads.independent.com.mt/www/delivery/afr.php?zoneid=141&cb=52', 'aria_label': None, 'class': ['tmiads'], 'id': 'a1353246', 'text': ''}, {'tag': 'iframe', 'src': 'https://ads.independent.com.mt/www/delivery/afr.php?resize=1&zoneid=22&target=_blank&cb=262', 'aria_label': None, 'class': ['tmiads'], 'id': 'ad1ea670', 'text': ''}, {'tag': 'iframe', 'src': 'https://ads.independent.com.mt/www/delivery/afr.php?zoneid=35&cb=199', 'aria_label': None, 'class': ['tmiads'], 'id': 'abcfa804', 'text': ''}, {'tag': 'iframe', 'src': 'https://ads.independent.com.mt/www/delivery/afr.php?zoneid=140&cb=83', 'aria_label': None, 'class': ['tmiads'], 'id': 'afcbf42a', 'text': ''}, {'tag': 'iframe', 'src': 'https://ads.independent.com.mt/www/delivery/afr.php?zoneid=147&cb=118', 'aria_label': None, 'class': ['tmiads'], 'id': 'a65e2a3a', 'text': ''}, {'tag': 'iframe', 'src': 'https://ads.independent.com.mt/www/delivery/afr.php?zoneid=34&cb=256', 'aria_label': None, 'class': ['tmiads'], 'id': 'ac264775', 'text': ''}]",14,144,independent,article_pages
197,33,61,22,0,1,25,2,9329,1519,23,8,"[{'tag': 'iframe', 'src': 'https://ads.independent.com.mt/www/delivery/afr.php?zoneid=36&cb=149', 'aria_label': None, 'class': ['tmiads'], 'id': 'af87707c', 'text': ''}, {'tag': 'iframe', 'src': 'https://ads.independent.com.mt/www/delivery/afr.php?zoneid=144&cb=297', 'aria_label': None, 'class': ['tmiads'], 'id': 'a7d95b78', 'text': ''}, {'tag': 'iframe', 'src': 'https://ads.independent.com.mt/www/delivery/afr.php?zoneid=141&cb=52', 'aria_label': None, 'class': ['tmiads'], 'id': 'a1353246', 'text': ''}, {'tag': 'iframe', 'src': 'https://ads.independent.com.mt/www/delivery/afr.php?resize=1&zoneid=22&target=_blank&cb=262', 'aria_label': None, 'class': ['tmiads'], 'id': 'ad1ea670', 'text': ''}, {'tag': 'iframe', 'src': 'https://ads.independent.com.mt/www/delivery/afr.php?zoneid=35&cb=199', 'aria_label': None, 'class': ['tmiads'], 'id': 'abcfa804', 'text': ''}, {'tag': 'iframe', 'src': 'https://ads.independent.com.mt/www/delivery/afr.php?zoneid=140&cb=83', 'aria_label': None, 'class': ['tmiads'], 'id': 'afcbf42a', 'text': ''}, {'tag': 'iframe', 'src': 'https://ads.independent.com.mt/www/delivery/afr.php?zoneid=147&cb=118', 'aria_label': None, 'class': ['tmiads'], 'id': 'a65e2a3a', 'text': ''}, {'tag': 'iframe', 'src': 'https://ads.independent.com.mt/www/delivery/afr.php?zoneid=34&cb=256', 'aria_label': None, 'class': ['tmiads'], 'id': 'ac264775', 'text': ''}]",14,145,independent,article_pages
197,33,61,22,0,1,25,2,9329,1519,23,8,"[{'tag': 'iframe', 'src': 'https://ads.independent.com.mt/www/delivery/afr.php?zoneid=36&cb=149', 'aria_label': None, 'class': ['tmiads'], 'id': 'af87707c', 'text': ''}, {'tag': 'iframe', 'src': 'https://ads.independent.com.mt/www/delivery/afr.php?zoneid=144&cb=297', 'aria_label': None, 'class': ['tmiads'], 'id': 'a7d95b78', 'text': ''}, {'tag': 'iframe', 'src': 'https://ads.independent.com.mt/www/delivery/afr.php?zoneid=141&cb=52', 'aria_label': None, 'class': ['tmiads'], 'id': 'a1353246', 'text': ''}, {'tag': 'iframe', 'src': 'https://ads.independent.com.mt/www/delivery/afr.php?resize=1&zoneid=22&target=_blank&cb=262', 'aria_label': None, 'class': ['tmiads'], 'id': 'ad1ea670', 'text': ''}, {'tag': 'iframe', 'src': 'https://ads.independent.com.mt/www/delivery/afr.php?zoneid=35&cb=199', 'aria_label': None, 'class': ['tmiads'], 'id': 'abcfa804', 'text': ''}, {'tag': 'iframe', 'src': 'https://ads.independent.com.mt/www/delivery/afr.php?zoneid=140&cb=83', 'aria_label': None, 'class': ['tmiads'], 'id': 'afcbf42a', 'text': ''}, {'tag': 'iframe', 'src': 'https://ads.independent.com.mt/www/delivery/afr.php?zoneid=147&cb=118', 'aria_label': None, 'class': ['tmiads'], 'id': 'a65e2a3a', 'text': ''}, {'tag': 'iframe', 'src': 'https://ads.independent.com.mt/www/delivery/afr.php?zoneid=34&cb=256', 'aria_label': None, 'class': ['tmiads'], 'id': 'ac264775', 'text': ''}]",14,146,independent,article_pages
197,33,61,22,0,1,25,2,9329,1519,23,8,"[{'tag': 'iframe', 'src': 'https://ads.independent.com.mt/www/delivery/afr.php?zoneid=36&cb=149', 'aria_label': None, 'class': ['tmiads'], 'id': 'af87707c', 'text': ''}, {'tag': 'iframe', 'src': 'https://ads.independent.com.mt/www/delivery/afr.php?zoneid=144&cb=297', 'aria_label': None, 'class': ['tmiads'], 'id': 'a7d95b78', 'text': ''}, {'tag': 'iframe', 'src': 'https://ads.independent.com.mt/www/delivery/afr.php?zoneid=141&cb=52', 'aria_label': None, 'class': ['tmiads'], 'id': 'a1353246', 'text': ''}, {'tag': 'iframe', 'src': 'https://ads.independent.com.mt/www/delivery/afr.php?resize=1&zoneid=22&target=_blank&cb=262', 'aria_label': None, 'class': ['tmiads'], 'id': 'ad1ea670', 'text': ''}, {'tag': 'iframe', 'src': 'https://ads.independent.com.mt/www/delivery/afr.php?zoneid=35&cb=199', 'aria_label': None, 'class': ['tmiads'], 'id': 'abcfa804', 'text': ''}, {'tag': 'iframe', 'src': 'https://ads.independent.com.mt/www/delivery/afr.php?zoneid=140&cb=83', 'aria_label': None, 'class': ['tmiads'], 'id': 'afcbf42a', 'text': ''}, {'tag': 'iframe', 'src': 'https://ads.independent.com.mt/www/delivery/afr.php?zoneid=147&cb=118', 'aria_label': None, 'class': ['tmiads'], 'id': 'a65e2a3a', 'text': ''}, {'tag': 'iframe', 'src': 'https://ads.independent.com.mt/www/delivery/afr.php?zoneid=34&cb=256', 'aria_label': None, 'class': ['tmiads'], 'id': 'ac264775', 'text': ''}]",14,147,independent,article_pages
197,33,61,22,0,1,25,2,9329,1519,23,8,"[{'tag': 'iframe', 'src': 'https://ads.independent.com.mt/www/delivery/afr.php?zoneid=36&cb=149', 'aria_label': None, 'class': ['tmiads'], 'id': 'af87707c', 'text': ''}, {'tag': 'iframe', 'src': 'https://ads.independent.com.mt/www/delivery/afr.php?zoneid=144&cb=297', 'aria_label': None, 'class': ['tmiads'], 'id': 'a7d95b78', 'text': ''}, {'tag': 'iframe', 'src': 'https://ads.independent.com.mt/www/delivery/afr.php?zoneid=141&cb=52', 'aria_label': None, 'class': ['tmiads'], 'id': 'a1353246', 'text': ''}, {'tag': 'iframe', 'src': 'https://ads.independent.com.mt/www/delivery/afr.php?resize=1&zoneid=22&target=_blank&cb=262', 'aria_label': None, 'class': ['tmiads'], 'id': 'ad1ea670', 'text': ''}, {'tag': 'iframe', 'src': 'https://ads.independent.com.mt/www/delivery/afr.php?zoneid=35&cb=199', 'aria_label': None, 'class': ['tmiads'], 'id': 'abcfa804', 'text': ''}, {'tag': 'iframe', 'src': 'https://ads.independent.com.mt/www/delivery/afr.php?zoneid=140&cb=83', 'aria_label': None, 'class': ['tmiads'], 'id': 'afcbf42a', 'text': ''}, {'tag': 'iframe', 'src': 'https://ads.independent.com.mt/www/delivery/afr.php?zoneid=147&cb=118', 'aria_label': None, 'class': ['tmiads'], 'id': 'a65e2a3a', 'text': ''}, {'tag': 'iframe', 'src': 'https://ads.independent.com.mt/www/delivery/afr.php?zoneid=34&cb=256', 'aria_label': None, 'class': ['tmiads'], 'id': 'ac264775', 'text': ''}]",14,148,independent,article_pages
197,33,61,22,0,1,25,2,9329,1519,23,8,"[{'tag': 'iframe', 'src': 'https://ads.independent.com.mt/www/delivery/afr.php?zoneid=36&cb=149', 'aria_label': None, 'class': ['tmiads'], 'id': 'af87707c', 'text': ''}, {'tag': 'iframe', 'src': 'https://ads.independent.com.mt/www/delivery/afr.php?zoneid=144&cb=297', 'aria_label': None, 'class': ['tmiads'], 'id': 'a7d95b78', 'text': ''}, {'tag': 'iframe', 'src': 'https://ads.independent.com.mt/www/delivery/afr.php?zoneid=141&cb=52', 'aria_label': None, 'class': ['tmiads'], 'id': 'a1353246', 'text': ''}, {'tag': 'iframe', 'src': 'https://ads.independent.com.mt/www/delivery/afr.php?resize=1&zoneid=22&target=_blank&cb=262', 'aria_label': None, 'class': ['tmiads'], 'id': 'ad1ea670', 'text': ''}, {'tag': 'iframe', 'src': 'https://ads.independent.com.mt/www/delivery/afr.php?zoneid=35&cb=199', 'aria_label': None, 'class': ['tmiads'], 'id': 'abcfa804', 'text': ''}, {'tag': 'iframe', 'src': 'https://ads.independent.com.mt/www/delivery/afr.php?zoneid=140&cb=83', 'aria_label': None, 'class': ['tmiads'], 'id': 'afcbf42a', 'text': ''}, {'tag': 'iframe', 'src': 'https://ads.independent.com.mt/www/delivery/afr.php?zoneid=147&cb=118', 'aria_label': None, 'class': ['tmiads'], 'id': 'a65e2a3a', 'text': ''}, {'tag': 'iframe', 'src': 'https://ads.independent.com.mt/www/delivery/afr.php?zoneid=34&cb=256', 'aria_label': None, 'class': ['tmiads'], 'id': 'ac264775', 'text': ''}]",14,149,independent,article_pages
197,33,61,22,0,1,25,2,9329,1519,23,8,"[{'tag': 'iframe', 'src': 'https://ads.independent.com.mt/www/delivery/afr.php?zoneid=36&cb=149', 'aria_label': None, 'class': ['tmiads'], 'id': 'af87707c', 'text': ''}, {'tag': 'iframe', 'src': 'https://ads.independent.com.mt/www/delivery/afr.php?zoneid=144&cb=297', 'aria_label': None, 'class': ['tmiads'], 'id': 'a7d95b78', 'text': ''}, {'tag': 'iframe', 'src': 'https://ads.independent.com.mt/www/delivery/afr.php?zoneid=141&cb=52', 'aria_label': None, 'class': ['tmiads'], 'id': 'a1353246', 'text': ''}, {'tag': 'iframe', 'src': 'https://ads.independent.com.mt/www/delivery/afr.php?resize=1&zoneid=22&target=_blank&cb=262', 'aria_label': None, 'class': ['tmiads'], 'id': 'ad1ea670', 'text': ''}, {'tag': 'iframe', 'src': 'https://ads.independent.com.mt/www/delivery/afr.php?zoneid=35&cb=199', 'aria_label': None, 'class': ['tmiads'], 'id': 'abcfa804', 'text': ''}, {'tag': 'iframe', 'src': 'https://ads.independent.com.mt/www/delivery/afr.php?zoneid=140&cb=83', 'aria_label': None, 'class': ['tmiads'], 'id': 'afcbf42a', 'text': ''}, {'tag': 'iframe', 'src': 'https://ads.independent.com.mt/www/delivery/afr.php?zoneid=147&cb=118', 'aria_label': None, 'class': ['tmiads'], 'id': 'a65e2a3a', 'text': ''}, {'tag': 'iframe', 'src': 'https://ads.independent.com.mt/www/delivery/afr.php?zoneid=34&cb=256', 'aria_label': None, 'class': ['tmiads'], 'id': 'ac264775', 'text': ''}]",14,150,independent,article_pages
197,33,61,22,0,1,25,2,9329,1519,23,8,"[{'tag': 'iframe', 'src': 'https://ads.independent.com.mt/www/delivery/afr.php?zoneid=36&cb=149', 'aria_label': None, 'class': ['tmiads'], 'id': 'af87707c', 'text': ''}, {'tag': 'iframe', 'src': 'https://ads.independent.com.mt/www/delivery/afr.php?zoneid=144&cb=297', 'aria_label': None, 'class': ['tmiads'], 'id': 'a7d95b78', 'text': ''}, {'tag': 'iframe', 'src': 'https://ads.independent.com.mt/www/delivery/afr.php?zoneid=141&cb=52', 'aria_label': None, 'class': ['tmiads'], 'id': 'a1353246', 'text': ''}, {'tag': 'iframe', 'src': 'https://ads.independent.com.mt/www/delivery/afr.php?resize=1&zoneid=22&target=_blank&cb=262', 'aria_label': None, 'class': ['tmiads'], 'id': 'ad1ea670', 'text': ''}, {'tag': 'iframe', 'src': 'https://ads.independent.com.mt/www/delivery/afr.php?zoneid=35&cb=199', 'aria_label': None, 'class': ['tmiads'], 'id': 'abcfa804', 'text': ''}, {'tag': 'iframe', 'src': 'https://ads.independent.com.mt/www/delivery/afr.php?zoneid=140&cb=83', 'aria_label': None, 'class': ['tmiads'], 'id': 'afcbf42a', 'text': ''}, {'tag': 'iframe', 'src': 'https://ads.independent.com.mt/www/delivery/afr.php?zoneid=147&cb=118', 'aria_label': None, 'class': ['tmiads'], 'id': 'a65e2a3a', 'text': ''}, {'tag': 'iframe', 'src': 'https://ads.independent.com.mt/www/delivery/afr.php?zoneid=34&cb=256', 'aria_label': None, 'class': ['tmiads'], 'id': 'ac264775', 'text': ''}]",14,151,independent,article_pages
197,33,61,22,0,1,25,2,9329,1519,23,8,"[{'tag': 'iframe', 'src': 'https://ads.independent.com.mt/www/delivery/afr.php?zoneid=36&cb=149', 'aria_label': None, 'class': ['tmiads'], 'id': 'af87707c', 'text': ''}, {'tag': 'iframe', 'src': 'https://ads.independent.com.mt/www/delivery/afr.php?zoneid=144&cb=297', 'aria_label': None, 'class': ['tmiads'], 'id': 'a7d95b78', 'text': ''}, {'tag': 'iframe', 'src': 'https://ads.independent.com.mt/www/delivery/afr.php?zoneid=141&cb=52', 'aria_label': None, 'class': ['tmiads'], 'id': 'a1353246', 'text': ''}, {'tag': 'iframe', 'src': 'https://ads.independent.com.mt/www/delivery/afr.php?resize=1&zoneid=22&target=_blank&cb=262', 'aria_label': None, 'class': ['tmiads'], 'id': 'ad1ea670', 'text': ''}, {'tag': 'iframe', 'src': 'https://ads.independent.com.mt/www/delivery/afr.php?zoneid=35&cb=199', 'aria_label': None, 'class': ['tmiads'], 'id': 'abcfa804', 'text': ''}, {'tag': 'iframe', 'src': 'https://ads.independent.com.mt/www/delivery/afr.php?zoneid=140&cb=83', 'aria_label': None, 'class': ['tmiads'], 'id': 'afcbf42a', 'text': ''}, {'tag': 'iframe', 'src': 'https://ads.independent.com.mt/www/delivery/afr.php?zoneid=147&cb=118', 'aria_label': None, 'class': ['tmiads'], 'id': 'a65e2a3a', 'text': ''}, {'tag': 'iframe', 'src': 'https://ads.independent.com.mt/www/delivery/afr.php?zoneid=34&cb=256', 'aria_label': None, 'class': ['tmiads'], 'id': 'ac264775', 'text': ''}]",14,152,independent,article_pages
197,33,61,22,0,1,25,2,9329,1519,23,8,"[{'tag': 'iframe', 'src': 'https://ads.independent.com.mt/www/delivery/afr.php?zoneid=36&cb=149', 'aria_label': None, 'class': ['tmiads'], 'id': 'af87707c', 'text': ''}, {'tag': 'iframe', 'src': 'https://ads.independent.com.mt/www/delivery/afr.php?zoneid=144&cb=297', 'aria_label': None, 'class': ['tmiads'], 'id': 'a7d95b78', 'text': ''}, {'tag': 'iframe', 'src': 'https://ads.independent.com.mt/www/delivery/afr.php?zoneid=141&cb=52', 'aria_label': None, 'class': ['tmiads'], 'id': 'a1353246', 'text': ''}, {'tag': 'iframe', 'src': 'https://ads.independent.com.mt/www/delivery/afr.php?resize=1&zoneid=22&target=_blank&cb=262', 'aria_label': None, 'class': ['tmiads'], 'id': 'ad1ea670', 'text': ''}, {'tag': 'iframe', 'src': 'https://ads.independent.com.mt/www/delivery/afr.php?zoneid=35&cb=199', 'aria_label': None, 'class': ['tmiads'], 'id': 'abcfa804', 'text': ''}, {'tag': 'iframe', 'src': 'https://ads.independent.com.mt/www/delivery/afr.php?zoneid=140&cb=83', 'aria_label': None, 'class': ['tmiads'], 'id': 'afcbf42a', 'text': ''}, {'tag': 'iframe', 'src': 'https://ads.independent.com.mt/www/delivery/afr.php?zoneid=147&cb=118', 'aria_label': None, 'class': ['tmiads'], 'id': 'a65e2a3a', 'text': ''}, {'tag': 'iframe', 'src': 'https://ads.independent.com.mt/www/delivery/afr.php?zoneid=34&cb=256', 'aria_label': None, 'class': ['tmiads'], 'id': 'ac264775', 'text': ''}]",14,153,independent,article_pages
197,33,61,22,0,1,25,2,9329,1519,23,8,"[{'tag': 'iframe', 'src': 'https://ads.independent.com.mt/www/delivery/afr.php?zoneid=36&cb=149', 'aria_label': None, 'class': ['tmiads'], 'id': 'af87707c', 'text': ''}, {'tag': 'iframe', 'src': 'https://ads.independent.com.mt/www/delivery/afr.php?zoneid=144&cb=297', 'aria_label': None, 'class': ['tmiads'], 'id': 'a7d95b78', 'text': ''}, {'tag': 'iframe', 'src': 'https://ads.independent.com.mt/www/delivery/afr.php?zoneid=141&cb=52', 'aria_label': None, 'class': ['tmiads'], 'id': 'a1353246', 'text': ''}, {'tag': 'iframe', 'src': 'https://ads.independent.com.mt/www/delivery/afr.php?resize=1&zoneid=22&target=_blank&cb=262', 'aria_label': None, 'class': ['tmiads'], 'id': 'ad1ea670', 'text': ''}, {'tag': 'iframe', 'src': 'https://ads.independent.com.mt/www/delivery/afr.php?zoneid=35&cb=199', 'aria_label': None, 'class': ['tmiads'], 'id': 'abcfa804', 'text': ''}, {'tag': 'iframe', 'src': 'https://ads.independent.com.mt/www/delivery/afr.php?zoneid=140&cb=83', 'aria_label': None, 'class': ['tmiads'], 'id': 'afcbf42a', 'text': ''}, {'tag': 'iframe', 'src': 'https://ads.independent.com.mt/www/delivery/afr.php?zoneid=147&cb=118', 'aria_label': None, 'class': ['tmiads'], 'id': 'a65e2a3a', 'text': ''}, {'tag': 'iframe', 'src': 'https://ads.independent.com.mt/www/delivery/afr.php?zoneid=34&cb=256', 'aria_label': None, 'class': ['tmiads'], 'id': 'ac264775', 'text': ''}]",14,154,independent,article_pages
197,33,61,22,0,1,25,2,9329,1519,23,8,"[{'tag': 'iframe', 'src': 'https://ads.independent.com.mt/www/delivery/afr.php?zoneid=36&cb=149', 'aria_label': None, 'class': ['tmiads'], 'id': 'af87707c', 'text': ''}, {'tag': 'iframe', 'src': 'https://ads.independent.com.mt/www/delivery/afr.php?zoneid=144&cb=297', 'aria_label': None, 'class': ['tmiads'], 'id': 'a7d95b78', 'text': ''}, {'tag': 'iframe', 'src': 'https://ads.independent.com.mt/www/delivery/afr.php?zoneid=141&cb=52', 'aria_label': None, 'class': ['tmiads'], 'id': 'a1353246', 'text': ''}, {'tag': 'iframe', 'src': 'https://ads.independent.com.mt/www/delivery/afr.php?resize=1&zoneid=22&target=_blank&cb=262', 'aria_label': None, 'class': ['tmiads'], 'id': 'ad1ea670', 'text': ''}, {'tag': 'iframe', 'src': 'https://ads.independent.com.mt/www/delivery/afr.php?zoneid=35&cb=199', 'aria_label': None, 'class': ['tmiads'], 'id': 'abcfa804', 'text': ''}, {'tag': 'iframe', 'src': 'https://ads.independent.com.mt/www/delivery/afr.php?zoneid=140&cb=83', 'aria_label': None, 'class': ['tmiads'], 'id': 'afcbf42a', 'text': ''}, {'tag': 'iframe', 'src': 'https://ads.independent.com.mt/www/delivery/afr.php?zoneid=147&cb=118', 'aria_label': None, 'class': ['tmiads'], 'id': 'a65e2a3a', 'text': ''}, {'tag': 'iframe', 'src': 'https://ads.independent.com.mt/www/delivery/afr.php?zoneid=34&cb=256', 'aria_label': None, 'class': ['tmiads'], 'id': 'ac264775', 'text': ''}]",14,155,independent,article_pages
197,33,61,22,0,1,25,2,9329,1519,23,8,"[{'tag': 'iframe', 'src': 'https://ads.independent.com.mt/www/delivery/afr.php?zoneid=36&cb=149', 'aria_label': None, 'class': ['tmiads'], 'id': 'af87707c', 'text': ''}, {'tag': 'iframe', 'src': 'https://ads.independent.com.mt/www/delivery/afr.php?zoneid=144&cb=297', 'aria_label': None, 'class': ['tmiads'], 'id': 'a7d95b78', 'text': ''}, {'tag': 'iframe', 'src': 'https://ads.independent.com.mt/www/delivery/afr.php?zoneid=141&cb=52', 'aria_label': None, 'class': ['tmiads'], 'id': 'a1353246', 'text': ''}, {'tag': 'iframe', 'src': 'https://ads.independent.com.mt/www/delivery/afr.php?resize=1&zoneid=22&target=_blank&cb=262', 'aria_label': None, 'class': ['tmiads'], 'id': 'ad1ea670', 'text': ''}, {'tag': 'iframe', 'src': 'https://ads.independent.com.mt/www/delivery/afr.php?zoneid=35&cb=199', 'aria_label': None, 'class': ['tmiads'], 'id': 'abcfa804', 'text': ''}, {'tag': 'iframe', 'src': 'https://ads.independent.com.mt/www/delivery/afr.php?zoneid=140&cb=83', 'aria_label': None, 'class': ['tmiads'], 'id': 'afcbf42a', 'text': ''}, {'tag': 'iframe', 'src': 'https://ads.independent.com.mt/www/delivery/afr.php?zoneid=147&cb=118', 'aria_label': None, 'class': ['tmiads'], 'id': 'a65e2a3a', 'text': ''}, {'tag': 'iframe', 'src': 'https://ads.independent.com.mt/www/delivery/afr.php?zoneid=34&cb=256', 'aria_label': None, 'class': ['tmiads'], 'id': 'ac264775', 'text': ''}]",14,156,independent,article_pages
197,33,61,22,0,1,25,2,9329,1519,23,8,"[{'tag': 'iframe', 'src': 'https://ads.independent.com.mt/www/delivery/afr.php?zoneid=36&cb=149', 'aria_label': None, 'class': ['tmiads'], 'id': 'af87707c', 'text': ''}, {'tag': 'iframe', 'src': 'https://ads.independent.com.mt/www/delivery/afr.php?zoneid=144&cb=297', 'aria_label': None, 'class': ['tmiads'], 'id': 'a7d95b78', 'text': ''}, {'tag': 'iframe', 'src': 'https://ads.independent.com.mt/www/delivery/afr.php?zoneid=141&cb=52', 'aria_label': None, 'class': ['tmiads'], 'id': 'a1353246', 'text': ''}, {'tag': 'iframe', 'src': 'https://ads.independent.com.mt/www/delivery/afr.php?resize=1&zoneid=22&target=_blank&cb=262', 'aria_label': None, 'class': ['tmiads'], 'id': 'ad1ea670', 'text': ''}, {'tag': 'iframe', 'src': 'https://ads.independent.com.mt/www/delivery/afr.php?zoneid=35&cb=199', 'aria_label': None, 'class': ['tmiads'], 'id': 'abcfa804', 'text': ''}, {'tag': 'iframe', 'src': 'https://ads.independent.com.mt/www/delivery/afr.php?zoneid=140&cb=83', 'aria_label': None, 'class': ['tmiads'], 'id': 'afcbf42a', 'text': ''}, {'tag': 'iframe', 'src': 'https://ads.independent.com.mt/www/delivery/afr.php?zoneid=147&cb=118', 'aria_label': None, 'class': ['tmiads'], 'id': 'a65e2a3a', 'text': ''}, {'tag': 'iframe', 'src': 'https://ads.independent.com.mt/www/delivery/afr.php?zoneid=34&cb=256', 'aria_label': None, 'class': ['tmiads'], 'id': 'ac264775', 'text': ''}]",14,157,independent,article_pages
199,33,61,22,0,1,34,9,14029,2144,23,8,"[{'tag': 'iframe', 'src': 'https://ads.independent.com.mt/www/delivery/afr.php?zoneid=45&cb=161', 'aria_label': None, 'class': ['tmiads'], 'id': 'ab2eb8eb', 'text': ''}, {'tag': 'iframe', 'src': 'https://ads.independent.com.mt/www/delivery/afr.php?zoneid=119&cb=219', 'aria_label': None, 'class': ['tmiads'], 'id': 'a9fec59d', 'text': ''}, {'tag': 'iframe', 'src': 'https://ads.independent.com.mt/www/delivery/afr.php?zoneid=116&cb=48', 'aria_label': None, 'class': ['tmiads'], 'id': 'a8bec639', 'text': ''}, {'tag': 'iframe', 'src': 'https://ads.independent.com.mt/www/delivery/afr.php?resize=1&zoneid=22&target=_blank&cb=236', 'aria_label': None, 'class': ['tmiads'], 'id': 'ad1ea670', 'text': ''}, {'tag': 'iframe', 'src': 'https://ads.independent.com.mt/www/delivery/afr.php?zoneid=44&cb=5', 'aria_label': None, 'class': ['tmiads'], 'id': 'a578e25f', 'text': ''}, {'tag': 'iframe', 'src': 'https://ads.independent.com.mt/www/delivery/afr.php?zoneid=115&cb=213', 'aria_label': None, 'class': ['tmiads'], 'id': 'a295273c', 'text': ''}, {'tag': 'iframe', 'src': 'https://ads.independent.com.mt/www/delivery/afr.php?zoneid=147&cb=285', 'aria_label': None, 'class': ['tmiads'], 'id': 'a65e2a3a', 'text': ''}, {'tag': 'iframe', 'src': 'https://ads.independent.com.mt/www/delivery/afr.php?zoneid=43&cb=220', 'aria_label': None, 'class': ['tmiads'], 'id': 'af1935e1', 'text': ''}]",14,158,independent,article_pages
199,33,61,22,0,1,34,9,14029,2144,23,8,"[{'tag': 'iframe', 'src': 'https://ads.independent.com.mt/www/delivery/afr.php?zoneid=45&cb=161', 'aria_label': None, 'class': ['tmiads'], 'id': 'ab2eb8eb', 'text': ''}, {'tag': 'iframe', 'src': 'https://ads.independent.com.mt/www/delivery/afr.php?zoneid=119&cb=219', 'aria_label': None, 'class': ['tmiads'], 'id': 'a9fec59d', 'text': ''}, {'tag': 'iframe', 'src': 'https://ads.independent.com.mt/www/delivery/afr.php?zoneid=116&cb=48', 'aria_label': None, 'class': ['tmiads'], 'id': 'a8bec639', 'text': ''}, {'tag': 'iframe', 'src': 'https://ads.independent.com.mt/www/delivery/afr.php?resize=1&zoneid=22&target=_blank&cb=236', 'aria_label': None, 'class': ['tmiads'], 'id': 'ad1ea670', 'text': ''}, {'tag': 'iframe', 'src': 'https://ads.independent.com.mt/www/delivery/afr.php?zoneid=44&cb=5', 'aria_label': None, 'class': ['tmiads'], 'id': 'a578e25f', 'text': ''}, {'tag': 'iframe', 'src': 'https://ads.independent.com.mt/www/delivery/afr.php?zoneid=115&cb=213', 'aria_label': None, 'class': ['tmiads'], 'id': 'a295273c', 'text': ''}, {'tag': 'iframe', 'src': 'https://ads.independent.com.mt/www/delivery/afr.php?zoneid=147&cb=285', 'aria_label': None, 'class': ['tmiads'], 'id': 'a65e2a3a', 'text': ''}, {'tag': 'iframe', 'src': 'https://ads.independent.com.mt/www/delivery/afr.php?zoneid=43&cb=220', 'aria_label': None, 'class': ['tmiads'], 'id': 'af1935e1', 'text': ''}]",14,159,independent,article_pages
199,33,61,22,0,1,34,9,14029,2144,23,8,"[{'tag': 'iframe', 'src': 'https://ads.independent.com.mt/www/delivery/afr.php?zoneid=45&cb=161', 'aria_label': None, 'class': ['tmiads'], 'id': 'ab2eb8eb', 'text': ''}, {'tag': 'iframe', 'src': 'https://ads.independent.com.mt/www/delivery/afr.php?zoneid=119&cb=219', 'aria_label': None, 'class': ['tmiads'], 'id': 'a9fec59d', 'text': ''}, {'tag': 'iframe', 'src': 'https://ads.independent.com.mt/www/delivery/afr.php?zoneid=116&cb=48', 'aria_label': None, 'class': ['tmiads'], 'id': 'a8bec639', 'text': ''}, {'tag': 'iframe', 'src': 'https://ads.independent.com.mt/www/delivery/afr.php?resize=1&zoneid=22&target=_blank&cb=236', 'aria_label': None, 'class': ['tmiads'], 'id': 'ad1ea670', 'text': ''}, {'tag': 'iframe', 'src': 'https://ads.independent.com.mt/www/delivery/afr.php?zoneid=44&cb=5', 'aria_label': None, 'class': ['tmiads'], 'id': 'a578e25f', 'text': ''}, {'tag': 'iframe', 'src': 'https://ads.independent.com.mt/www/delivery/afr.php?zoneid=115&cb=213', 'aria_label': None, 'class': ['tmiads'], 'id': 'a295273c', 'text': ''}, {'tag': 'iframe', 'src': 'https://ads.independent.com.mt/www/delivery/afr.php?zoneid=147&cb=285', 'aria_label': None, 'class': ['tmiads'], 'id': 'a65e2a3a', 'text': ''}, {'tag': 'iframe', 'src': 'https://ads.independent.com.mt/www/delivery/afr.php?zoneid=43&cb=220', 'aria_label': None, 'class': ['tmiads'], 'id': 'af1935e1', 'text': ''}]",14,160,independent,article_pages
199,33,61,22,0,1,34,9,14029,2144,23,8,"[{'tag': 'iframe', 'src': 'https://ads.independent.com.mt/www/delivery/afr.php?zoneid=45&cb=161', 'aria_label': None, 'class': ['tmiads'], 'id': 'ab2eb8eb', 'text': ''}, {'tag': 'iframe', 'src': 'https://ads.independent.com.mt/www/delivery/afr.php?zoneid=119&cb=219', 'aria_label': None, 'class': ['tmiads'], 'id': 'a9fec59d', 'text': ''}, {'tag': 'iframe', 'src': 'https://ads.independent.com.mt/www/delivery/afr.php?zoneid=116&cb=48', 'aria_label': None, 'class': ['tmiads'], 'id': 'a8bec639', 'text': ''}, {'tag': 'iframe', 'src': 'https://ads.independent.com.mt/www/delivery/afr.php?resize=1&zoneid=22&target=_blank&cb=236', 'aria_label': None, 'class': ['tmiads'], 'id': 'ad1ea670', 'text': ''}, {'tag': 'iframe', 'src': 'https://ads.independent.com.mt/www/delivery/afr.php?zoneid=44&cb=5', 'aria_label': None, 'class': ['tmiads'], 'id': 'a578e25f', 'text': ''}, {'tag': 'iframe', 'src': 'https://ads.independent.com.mt/www/delivery/afr.php?zoneid=115&cb=213', 'aria_label': None, 'class': ['tmiads'], 'id': 'a295273c', 'text': ''}, {'tag': 'iframe', 'src': 'https://ads.independent.com.mt/www/delivery/afr.php?zoneid=147&cb=285', 'aria_label': None, 'class': ['tmiads'], 'id': 'a65e2a3a', 'text': ''}, {'tag': 'iframe', 'src': 'https://ads.independent.com.mt/www/delivery/afr.php?zoneid=43&cb=220', 'aria_label': None, 'class': ['tmiads'], 'id': 'af1935e1', 'text': ''}]",14,161,independent,article_pages
199,33,61,22,0,1,34,9,14029,2144,23,8,"[{'tag': 'iframe', 'src': 'https://ads.independent.com.mt/www/delivery/afr.php?zoneid=45&cb=161', 'aria_label': None, 'class': ['tmiads'], 'id': 'ab2eb8eb', 'text': ''}, {'tag': 'iframe', 'src': 'https://ads.independent.com.mt/www/delivery/afr.php?zoneid=119&cb=219', 'aria_label': None, 'class': ['tmiads'], 'id': 'a9fec59d', 'text': ''}, {'tag': 'iframe', 'src': 'https://ads.independent.com.mt/www/delivery/afr.php?zoneid=116&cb=48', 'aria_label': None, 'class': ['tmiads'], 'id': 'a8bec639', 'text': ''}, {'tag': 'iframe', 'src': 'https://ads.independent.com.mt/www/delivery/afr.php?resize=1&zoneid=22&target=_blank&cb=236', 'aria_label': None, 'class': ['tmiads'], 'id': 'ad1ea670', 'text': ''}, {'tag': 'iframe', 'src': 'https://ads.independent.com.mt/www/delivery/afr.php?zoneid=44&cb=5', 'aria_label': None, 'class': ['tmiads'], 'id': 'a578e25f', 'text': ''}, {'tag': 'iframe', 'src': 'https://ads.independent.com.mt/www/delivery/afr.php?zoneid=115&cb=213', 'aria_label': None, 'class': ['tmiads'], 'id': 'a295273c', 'text': ''}, {'tag': 'iframe', 'src': 'https://ads.independent.com.mt/www/delivery/afr.php?zoneid=147&cb=285', 'aria_label': None, 'class': ['tmiads'], 'id': 'a65e2a3a', 'text': ''}, {'tag': 'iframe', 'src': 'https://ads.independent.com.mt/www/delivery/afr.php?zoneid=43&cb=220', 'aria_label': None, 'class': ['tmiads'], 'id': 'af1935e1', 'text': ''}]",14,162,independent,article_pages
199,33,61,22,0,1,34,9,14029,2144,23,8,"[{'tag': 'iframe', 'src': 'https://ads.independent.com.mt/www/delivery/afr.php?zoneid=45&cb=161', 'aria_label': None, 'class': ['tmiads'], 'id': 'ab2eb8eb', 'text': ''}, {'tag': 'iframe', 'src': 'https://ads.independent.com.mt/www/delivery/afr.php?zoneid=119&cb=219', 'aria_label': None, 'class': ['tmiads'], 'id': 'a9fec59d', 'text': ''}, {'tag': 'iframe', 'src': 'https://ads.independent.com.mt/www/delivery/afr.php?zoneid=116&cb=48', 'aria_label': None, 'class': ['tmiads'], 'id': 'a8bec639', 'text': ''}, {'tag': 'iframe', 'src': 'https://ads.independent.com.mt/www/delivery/afr.php?resize=1&zoneid=22&target=_blank&cb=236', 'aria_label': None, 'class': ['tmiads'], 'id': 'ad1ea670', 'text': ''}, {'tag': 'iframe', 'src': 'https://ads.independent.com.mt/www/delivery/afr.php?zoneid=44&cb=5', 'aria_label': None, 'class': ['tmiads'], 'id': 'a578e25f', 'text': ''}, {'tag': 'iframe', 'src': 'https://ads.independent.com.mt/www/delivery/afr.php?zoneid=115&cb=213', 'aria_label': None, 'class': ['tmiads'], 'id': 'a295273c', 'text': ''}, {'tag': 'iframe', 'src': 'https://ads.independent.com.mt/www/delivery/afr.php?zoneid=147&cb=285', 'aria_label': None, 'class': ['tmiads'], 'id': 'a65e2a3a', 'text': ''}, {'tag': 'iframe', 'src': 'https://ads.independent.com.mt/www/delivery/afr.php?zoneid=43&cb=220', 'aria_label': None, 'class': ['tmiads'], 'id': 'af1935e1', 'text': ''}]",14,163,independent,article_pages
199,33,61,22,0,1,34,9,14029,2144,23,8,"[{'tag': 'iframe', 'src': 'https://ads.independent.com.mt/www/delivery/afr.php?zoneid=45&cb=161', 'aria_label': None, 'class': ['tmiads'], 'id': 'ab2eb8eb', 'text': ''}, {'tag': 'iframe', 'src': 'https://ads.independent.com.mt/www/delivery/afr.php?zoneid=119&cb=219', 'aria_label': None, 'class': ['tmiads'], 'id': 'a9fec59d', 'text': ''}, {'tag': 'iframe', 'src': 'https://ads.independent.com.mt/www/delivery/afr.php?zoneid=116&cb=48', 'aria_label': None, 'class': ['tmiads'], 'id': 'a8bec639', 'text': ''}, {'tag': 'iframe', 'src': 'https://ads.independent.com.mt/www/delivery/afr.php?resize=1&zoneid=22&target=_blank&cb=236', 'aria_label': None, 'class': ['tmiads'], 'id': 'ad1ea670', 'text': ''}, {'tag': 'iframe', 'src': 'https://ads.independent.com.mt/www/delivery/afr.php?zoneid=44&cb=5', 'aria_label': None, 'class': ['tmiads'], 'id': 'a578e25f', 'text': ''}, {'tag': 'iframe', 'src': 'https://ads.independent.com.mt/www/delivery/afr.php?zoneid=115&cb=213', 'aria_label': None, 'class': ['tmiads'], 'id': 'a295273c', 'text': ''}, {'tag': 'iframe', 'src': 'https://ads.independent.com.mt/www/delivery/afr.php?zoneid=147&cb=285', 'aria_label': None, 'class': ['tmiads'], 'id': 'a65e2a3a', 'text': ''}, {'tag': 'iframe', 'src': 'https://ads.independent.com.mt/www/delivery/afr.php?zoneid=43&cb=220', 'aria_label': None, 'class': ['tmiads'], 'id': 'af1935e1', 'text': ''}]",14,164,independent,article_pages
199,33,61,22,0,1,34,9,14029,2144,23,8,"[{'tag': 'iframe', 'src': 'https://ads.independent.com.mt/www/delivery/afr.php?zoneid=45&cb=161', 'aria_label': None, 'class': ['tmiads'], 'id': 'ab2eb8eb', 'text': ''}, {'tag': 'iframe', 'src': 'https://ads.independent.com.mt/www/delivery/afr.php?zoneid=119&cb=219', 'aria_label': None, 'class': ['tmiads'], 'id': 'a9fec59d', 'text': ''}, {'tag': 'iframe', 'src': 'https://ads.independent.com.mt/www/delivery/afr.php?zoneid=116&cb=48', 'aria_label': None, 'class': ['tmiads'], 'id': 'a8bec639', 'text': ''}, {'tag': 'iframe', 'src': 'https://ads.independent.com.mt/www/delivery/afr.php?resize=1&zoneid=22&target=_blank&cb=236', 'aria_label': None, 'class': ['tmiads'], 'id': 'ad1ea670', 'text': ''}, {'tag': 'iframe', 'src': 'https://ads.independent.com.mt/www/delivery/afr.php?zoneid=44&cb=5', 'aria_label': None, 'class': ['tmiads'], 'id': 'a578e25f', 'text': ''}, {'tag': 'iframe', 'src': 'https://ads.independent.com.mt/www/delivery/afr.php?zoneid=115&cb=213', 'aria_label': None, 'class': ['tmiads'], 'id': 'a295273c', 'text': ''}, {'tag': 'iframe', 'src': 'https://ads.independent.com.mt/www/delivery/afr.php?zoneid=147&cb=285', 'aria_label': None, 'class': ['tmiads'], 'id': 'a65e2a3a', 'text': ''}, {'tag': 'iframe', 'src': 'https://ads.independent.com.mt/www/delivery/afr.php?zoneid=43&cb=220', 'aria_label': None, 'class': ['tmiads'], 'id': 'af1935e1', 'text': ''}]",14,165,independent,article_pages
199,33,61,22,0,1,34,9,14029,2144,23,8,"[{'tag': 'iframe', 'src': 'https://ads.independent.com.mt/www/delivery/afr.php?zoneid=45&cb=161', 'aria_label': None, 'class': ['tmiads'], 'id': 'ab2eb8eb', 'text': ''}, {'tag': 'iframe', 'src': 'https://ads.independent.com.mt/www/delivery/afr.php?zoneid=119&cb=219', 'aria_label': None, 'class': ['tmiads'], 'id': 'a9fec59d', 'text': ''}, {'tag': 'iframe', 'src': 'https://ads.independent.com.mt/www/delivery/afr.php?zoneid=116&cb=48', 'aria_label': None, 'class': ['tmiads'], 'id': 'a8bec639', 'text': ''}, {'tag': 'iframe', 'src': 'https://ads.independent.com.mt/www/delivery/afr.php?resize=1&zoneid=22&target=_blank&cb=236', 'aria_label': None, 'class': ['tmiads'], 'id': 'ad1ea670', 'text': ''}, {'tag': 'iframe', 'src': 'https://ads.independent.com.mt/www/delivery/afr.php?zoneid=44&cb=5', 'aria_label': None, 'class': ['tmiads'], 'id': 'a578e25f', 'text': ''}, {'tag': 'iframe', 'src': 'https://ads.independent.com.mt/www/delivery/afr.php?zoneid=115&cb=213', 'aria_label': None, 'class': ['tmiads'], 'id': 'a295273c', 'text': ''}, {'tag': 'iframe', 'src': 'https://ads.independent.com.mt/www/delivery/afr.php?zoneid=147&cb=285', 'aria_label': None, 'class': ['tmiads'], 'id': 'a65e2a3a', 'text': ''}, {'tag': 'iframe', 'src': 'https://ads.independent.com.mt/www/delivery/afr.php?zoneid=43&cb=220', 'aria_label': None, 'class': ['tmiads'], 'id': 'af1935e1', 'text': ''}]",14,166,independent,article_pages
199,33,61,22,0,1,34,9,14029,2144,23,8,"[{'tag': 'iframe', 'src': 'https://ads.independent.com.mt/www/delivery/afr.php?zoneid=45&cb=161', 'aria_label': None, 'class': ['tmiads'], 'id': 'ab2eb8eb', 'text': ''}, {'tag': 'iframe', 'src': 'https://ads.independent.com.mt/www/delivery/afr.php?zoneid=119&cb=219', 'aria_label': None, 'class': ['tmiads'], 'id': 'a9fec59d', 'text': ''}, {'tag': 'iframe', 'src': 'https://ads.independent.com.mt/www/delivery/afr.php?zoneid=116&cb=48', 'aria_label': None, 'class': ['tmiads'], 'id': 'a8bec639', 'text': ''}, {'tag': 'iframe', 'src': 'https://ads.independent.com.mt/www/delivery/afr.php?resize=1&zoneid=22&target=_blank&cb=236', 'aria_label': None, 'class': ['tmiads'], 'id': 'ad1ea670', 'text': ''}, {'tag': 'iframe', 'src': 'https://ads.independent.com.mt/www/delivery/afr.php?zoneid=44&cb=5', 'aria_label': None, 'class': ['tmiads'], 'id': 'a578e25f', 'text': ''}, {'tag': 'iframe', 'src': 'https://ads.independent.com.mt/www/delivery/afr.php?zoneid=115&cb=213', 'aria_label': None, 'class': ['tmiads'], 'id': 'a295273c', 'text': ''}, {'tag': 'iframe', 'src': 'https://ads.independent.com.mt/www/delivery/afr.php?zoneid=147&cb=285', 'aria_label': None, 'class': ['tmiads'], 'id': 'a65e2a3a', 'text': ''}, {'tag': 'iframe', 'src': 'https://ads.independent.com.mt/www/delivery/afr.php?zoneid=43&cb=220', 'aria_label': None, 'class': ['tmiads'], 'id': 'af1935e1', 'text': ''}]",14,167,independent,article_pages
199,33,61,22,0,1,34,9,14029,2144,23,8,"[{'tag': 'iframe', 'src': 'https://ads.independent.com.mt/www/delivery/afr.php?zoneid=45&cb=161', 'aria_label': None, 'class': ['tmiads'], 'id': 'ab2eb8eb', 'text': ''}, {'tag': 'iframe', 'src': 'https://ads.independent.com.mt/www/delivery/afr.php?zoneid=119&cb=219', 'aria_label': None, 'class': ['tmiads'], 'id': 'a9fec59d', 'text': ''}, {'tag': 'iframe', 'src': 'https://ads.independent.com.mt/www/delivery/afr.php?zoneid=116&cb=48', 'aria_label': None, 'class': ['tmiads'], 'id': 'a8bec639', 'text': ''}, {'tag': 'iframe', 'src': 'https://ads.independent.com.mt/www/delivery/afr.php?resize=1&zoneid=22&target=_blank&cb=236', 'aria_label': None, 'class': ['tmiads'], 'id': 'ad1ea670', 'text': ''}, {'tag': 'iframe', 'src': 'https://ads.independent.com.mt/www/delivery/afr.php?zoneid=44&cb=5', 'aria_label': None, 'class': ['tmiads'], 'id': 'a578e25f', 'text': ''}, {'tag': 'iframe', 'src': 'https://ads.independent.com.mt/www/delivery/afr.php?zoneid=115&cb=213', 'aria_label': None, 'class': ['tmiads'], 'id': 'a295273c', 'text': ''}, {'tag': 'iframe', 'src': 'https://ads.independent.com.mt/www/delivery/afr.php?zoneid=147&cb=285', 'aria_label': None, 'class': ['tmiads'], 'id': 'a65e2a3a', 'text': ''}, {'tag': 'iframe', 'src': 'https://ads.independent.com.mt/www/delivery/afr.php?zoneid=43&cb=220', 'aria_label': None, 'class': ['tmiads'], 'id': 'af1935e1', 'text': ''}]",14,168,independent,article_pages
199,33,61,22,0,1,34,9,14029,2144,23,8,"[{'tag': 'iframe', 'src': 'https://ads.independent.com.mt/www/delivery/afr.php?zoneid=45&cb=161', 'aria_label': None, 'class': ['tmiads'], 'id': 'ab2eb8eb', 'text': ''}, {'tag': 'iframe', 'src': 'https://ads.independent.com.mt/www/delivery/afr.php?zoneid=119&cb=219', 'aria_label': None, 'class': ['tmiads'], 'id': 'a9fec59d', 'text': ''}, {'tag': 'iframe', 'src': 'https://ads.independent.com.mt/www/delivery/afr.php?zoneid=116&cb=48', 'aria_label': None, 'class': ['tmiads'], 'id': 'a8bec639', 'text': ''}, {'tag': 'iframe', 'src': 'https://ads.independent.com.mt/www/delivery/afr.php?resize=1&zoneid=22&target=_blank&cb=236', 'aria_label': None, 'class': ['tmiads'], 'id': 'ad1ea670', 'text': ''}, {'tag': 'iframe', 'src': 'https://ads.independent.com.mt/www/delivery/afr.php?zoneid=44&cb=5', 'aria_label': None, 'class': ['tmiads'], 'id': 'a578e25f', 'text': ''}, {'tag': 'iframe', 'src': 'https://ads.independent.com.mt/www/delivery/afr.php?zoneid=115&cb=213', 'aria_label': None, 'class': ['tmiads'], 'id': 'a295273c', 'text': ''}, {'tag': 'iframe', 'src': 'https://ads.independent.com.mt/www/delivery/afr.php?zoneid=147&cb=285', 'aria_label': None, 'class': ['tmiads'], 'id': 'a65e2a3a', 'text': ''}, {'tag': 'iframe', 'src': 'https://ads.independent.com.mt/www/delivery/afr.php?zoneid=43&cb=220', 'aria_label': None, 'class': ['tmiads'], 'id': 'af1935e1', 'text': ''}]",14,169,independent,article_pages
199,33,61,22,0,1,34,9,14029,2144,23,8,"[{'tag': 'iframe', 'src': 'https://ads.independent.com.mt/www/delivery/afr.php?zoneid=45&cb=161', 'aria_label': None, 'class': ['tmiads'], 'id': 'ab2eb8eb', 'text': ''}, {'tag': 'iframe', 'src': 'https://ads.independent.com.mt/www/delivery/afr.php?zoneid=119&cb=219', 'aria_label': None, 'class': ['tmiads'], 'id': 'a9fec59d', 'text': ''}, {'tag': 'iframe', 'src': 'https://ads.independent.com.mt/www/delivery/afr.php?zoneid=116&cb=48', 'aria_label': None, 'class': ['tmiads'], 'id': 'a8bec639', 'text': ''}, {'tag': 'iframe', 'src': 'https://ads.independent.com.mt/www/delivery/afr.php?resize=1&zoneid=22&target=_blank&cb=236', 'aria_label': None, 'class': ['tmiads'], 'id': 'ad1ea670', 'text': ''}, {'tag': 'iframe', 'src': 'https://ads.independent.com.mt/www/delivery/afr.php?zoneid=44&cb=5', 'aria_label': None, 'class': ['tmiads'], 'id': 'a578e25f', 'text': ''}, {'tag': 'iframe', 'src': 'https://ads.independent.com.mt/www/delivery/afr.php?zoneid=115&cb=213', 'aria_label': None, 'class': ['tmiads'], 'id': 'a295273c', 'text': ''}, {'tag': 'iframe', 'src': 'https://ads.independent.com.mt/www/delivery/afr.php?zoneid=147&cb=285', 'aria_label': None, 'class': ['tmiads'], 'id': 'a65e2a3a', 'text': ''}, {'tag': 'iframe', 'src': 'https://ads.independent.com.mt/www/delivery/afr.php?zoneid=43&cb=220', 'aria_label': None, 'class': ['tmiads'], 'id': 'af1935e1', 'text': ''}]",14,170,independent,article_pages
199,33,61,22,0,1,34,9,14029,2144,23,8,"[{'tag': 'iframe', 'src': 'https://ads.independent.com.mt/www/delivery/afr.php?zoneid=45&cb=161', 'aria_label': None, 'class': ['tmiads'], 'id': 'ab2eb8eb', 'text': ''}, {'tag': 'iframe', 'src': 'https://ads.independent.com.mt/www/delivery/afr.php?zoneid=119&cb=219', 'aria_label': None, 'class': ['tmiads'], 'id': 'a9fec59d', 'text': ''}, {'tag': 'iframe', 'src': 'https://ads.independent.com.mt/www/delivery/afr.php?zoneid=116&cb=48', 'aria_label': None, 'class': ['tmiads'], 'id': 'a8bec639', 'text': ''}, {'tag': 'iframe', 'src': 'https://ads.independent.com.mt/www/delivery/afr.php?resize=1&zoneid=22&target=_blank&cb=236', 'aria_label': None, 'class': ['tmiads'], 'id': 'ad1ea670', 'text': ''}, {'tag': 'iframe', 'src': 'https://ads.independent.com.mt/www/delivery/afr.php?zoneid=44&cb=5', 'aria_label': None, 'class': ['tmiads'], 'id': 'a578e25f', 'text': ''}, {'tag': 'iframe', 'src': 'https://ads.independent.com.mt/www/delivery/afr.php?zoneid=115&cb=213', 'aria_label': None, 'class': ['tmiads'], 'id': 'a295273c', 'text': ''}, {'tag': 'iframe', 'src': 'https://ads.independent.com.mt/www/delivery/afr.php?zoneid=147&cb=285', 'aria_label': None, 'class': ['tmiads'], 'id': 'a65e2a3a', 'text': ''}, {'tag': 'iframe', 'src': 'https://ads.independent.com.mt/www/delivery/afr.php?zoneid=43&cb=220', 'aria_label': None, 'class': ['tmiads'], 'id': 'af1935e1', 'text': ''}]",14,171,independent,article_pages
199,33,61,22,0,1,34,9,14029,2144,23,8,"[{'tag': 'iframe', 'src': 'https://ads.independent.com.mt/www/delivery/afr.php?zoneid=45&cb=161', 'aria_label': None, 'class': ['tmiads'], 'id': 'ab2eb8eb', 'text': ''}, {'tag': 'iframe', 'src': 'https://ads.independent.com.mt/www/delivery/afr.php?zoneid=119&cb=219', 'aria_label': None, 'class': ['tmiads'], 'id': 'a9fec59d', 'text': ''}, {'tag': 'iframe', 'src': 'https://ads.independent.com.mt/www/delivery/afr.php?zoneid=116&cb=48', 'aria_label': None, 'class': ['tmiads'], 'id': 'a8bec639', 'text': ''}, {'tag': 'iframe', 'src': 'https://ads.independent.com.mt/www/delivery/afr.php?resize=1&zoneid=22&target=_blank&cb=236', 'aria_label': None, 'class': ['tmiads'], 'id': 'ad1ea670', 'text': ''}, {'tag': 'iframe', 'src': 'https://ads.independent.com.mt/www/delivery/afr.php?zoneid=44&cb=5', 'aria_label': None, 'class': ['tmiads'], 'id': 'a578e25f', 'text': ''}, {'tag': 'iframe', 'src': 'https://ads.independent.com.mt/www/delivery/afr.php?zoneid=115&cb=213', 'aria_label': None, 'class': ['tmiads'], 'id': 'a295273c', 'text': ''}, {'tag': 'iframe', 'src': 'https://ads.independent.com.mt/www/delivery/afr.php?zoneid=147&cb=285', 'aria_label': None, 'class': ['tmiads'], 'id': 'a65e2a3a', 'text': ''}, {'tag': 'iframe', 'src': 'https://ads.independent.com.mt/www/delivery/afr.php?zoneid=43&cb=220', 'aria_label': None, 'class': ['tmiads'], 'id': 'af1935e1', 'text': ''}]",14,172,independent,article_pages
199,33,61,22,0,1,34,9,14029,2144,23,8,"[{'tag': 'iframe', 'src': 'https://ads.independent.com.mt/www/delivery/afr.php?zoneid=45&cb=161', 'aria_label': None, 'class': ['tmiads'], 'id': 'ab2eb8eb', 'text': ''}, {'tag': 'iframe', 'src': 'https://ads.independent.com.mt/www/delivery/afr.php?zoneid=119&cb=219', 'aria_label': None, 'class': ['tmiads'], 'id': 'a9fec59d', 'text': ''}, {'tag': 'iframe', 'src': 'https://ads.independent.com.mt/www/delivery/afr.php?zoneid=116&cb=48', 'aria_label': None, 'class': ['tmiads'], 'id': 'a8bec639', 'text': ''}, {'tag': 'iframe', 'src': 'https://ads.independent.com.mt/www/delivery/afr.php?resize=1&zoneid=22&target=_blank&cb=236', 'aria_label': None, 'class': ['tmiads'], 'id': 'ad1ea670', 'text': ''}, {'tag': 'iframe', 'src': 'https://ads.independent.com.mt/www/delivery/afr.php?zoneid=44&cb=5', 'aria_label': None, 'class': ['tmiads'], 'id': 'a578e25f', 'text': ''}, {'tag': 'iframe', 'src': 'https://ads.independent.com.mt/www/delivery/afr.php?zoneid=115&cb=213', 'aria_label': None, 'class': ['tmiads'], 'id': 'a295273c', 'text': ''}, {'tag': 'iframe', 'src': 'https://ads.independent.com.mt/www/delivery/afr.php?zoneid=147&cb=285', 'aria_label': None, 'class': ['tmiads'], 'id': 'a65e2a3a', 'text': ''}, {'tag': 'iframe', 'src': 'https://ads.independent.com.mt/www/delivery/afr.php?zoneid=43&cb=220', 'aria_label': None, 'class': ['tmiads'], 'id': 'af1935e1', 'text': ''}]",14,173,independent,article_pages
199,33,61,22,0,1,34,9,14029,2144,23,8,"[{'tag': 'iframe', 'src': 'https://ads.independent.com.mt/www/delivery/afr.php?zoneid=45&cb=161', 'aria_label': None, 'class': ['tmiads'], 'id': 'ab2eb8eb', 'text': ''}, {'tag': 'iframe', 'src': 'https://ads.independent.com.mt/www/delivery/afr.php?zoneid=119&cb=219', 'aria_label': None, 'class': ['tmiads'], 'id': 'a9fec59d', 'text': ''}, {'tag': 'iframe', 'src': 'https://ads.independent.com.mt/www/delivery/afr.php?zoneid=116&cb=48', 'aria_label': None, 'class': ['tmiads'], 'id': 'a8bec639', 'text': ''}, {'tag': 'iframe', 'src': 'https://ads.independent.com.mt/www/delivery/afr.php?resize=1&zoneid=22&target=_blank&cb=236', 'aria_label': None, 'class': ['tmiads'], 'id': 'ad1ea670', 'text': ''}, {'tag': 'iframe', 'src': 'https://ads.independent.com.mt/www/delivery/afr.php?zoneid=44&cb=5', 'aria_label': None, 'class': ['tmiads'], 'id': 'a578e25f', 'text': ''}, {'tag': 'iframe', 'src': 'https://ads.independent.com.mt/www/delivery/afr.php?zoneid=115&cb=213', 'aria_label': None, 'class': ['tmiads'], 'id': 'a295273c', 'text': ''}, {'tag': 'iframe', 'src': 'https://ads.independent.com.mt/www/delivery/afr.php?zoneid=147&cb=285', 'aria_label': None, 'class': ['tmiads'], 'id': 'a65e2a3a', 'text': ''}, {'tag': 'iframe', 'src': 'https://ads.independent.com.mt/www/delivery/afr.php?zoneid=43&cb=220', 'aria_label': None, 'class': ['tmiads'], 'id': 'af1935e1', 'text': ''}]",14,174,independent,article_pages
199,33,61,22,0,1,34,9,14029,2144,23,8,"[{'tag': 'iframe', 'src': 'https://ads.independent.com.mt/www/delivery/afr.php?zoneid=45&cb=161', 'aria_label': None, 'class': ['tmiads'], 'id': 'ab2eb8eb', 'text': ''}, {'tag': 'iframe', 'src': 'https://ads.independent.com.mt/www/delivery/afr.php?zoneid=119&cb=219', 'aria_label': None, 'class': ['tmiads'], 'id': 'a9fec59d', 'text': ''}, {'tag': 'iframe', 'src': 'https://ads.independent.com.mt/www/delivery/afr.php?zoneid=116&cb=48', 'aria_label': None, 'class': ['tmiads'], 'id': 'a8bec639', 'text': ''}, {'tag': 'iframe', 'src': 'https://ads.independent.com.mt/www/delivery/afr.php?resize=1&zoneid=22&target=_blank&cb=236', 'aria_label': None, 'class': ['tmiads'], 'id': 'ad1ea670', 'text': ''}, {'tag': 'iframe', 'src': 'https://ads.independent.com.mt/www/delivery/afr.php?zoneid=44&cb=5', 'aria_label': None, 'class': ['tmiads'], 'id': 'a578e25f', 'text': ''}, {'tag': 'iframe', 'src': 'https://ads.independent.com.mt/www/delivery/afr.php?zoneid=115&cb=213', 'aria_label': None, 'class': ['tmiads'], 'id': 'a295273c', 'text': ''}, {'tag': 'iframe', 'src': 'https://ads.independent.com.mt/www/delivery/afr.php?zoneid=147&cb=285', 'aria_label': None, 'class': ['tmiads'], 'id': 'a65e2a3a', 'text': ''}, {'tag': 'iframe', 'src': 'https://ads.independent.com.mt/www/delivery/afr.php?zoneid=43&cb=220', 'aria_label': None, 'class': ['tmiads'], 'id': 'af1935e1', 'text': ''}]",14,175,independent,article_pages
199,33,61,22,0,1,34,9,14029,2144,23,8,"[{'tag': 'iframe', 'src': 'https://ads.independent.com.mt/www/delivery/afr.php?zoneid=45&cb=161', 'aria_label': None, 'class': ['tmiads'], 'id': 'ab2eb8eb', 'text': ''}, {'tag': 'iframe', 'src': 'https://ads.independent.com.mt/www/delivery/afr.php?zoneid=119&cb=219', 'aria_label': None, 'class': ['tmiads'], 'id': 'a9fec59d', 'text': ''}, {'tag': 'iframe', 'src': 'https://ads.independent.com.mt/www/delivery/afr.php?zoneid=116&cb=48', 'aria_label': None, 'class': ['tmiads'], 'id': 'a8bec639', 'text': ''}, {'tag': 'iframe', 'src': 'https://ads.independent.com.mt/www/delivery/afr.php?resize=1&zoneid=22&target=_blank&cb=236', 'aria_label': None, 'class': ['tmiads'], 'id': 'ad1ea670', 'text': ''}, {'tag': 'iframe', 'src': 'https://ads.independent.com.mt/www/delivery/afr.php?zoneid=44&cb=5', 'aria_label': None, 'class': ['tmiads'], 'id': 'a578e25f', 'text': ''}, {'tag': 'iframe', 'src': 'https://ads.independent.com.mt/www/delivery/afr.php?zoneid=115&cb=213', 'aria_label': None, 'class': ['tmiads'], 'id': 'a295273c', 'text': ''}, {'tag': 'iframe', 'src': 'https://ads.independent.com.mt/www/delivery/afr.php?zoneid=147&cb=285', 'aria_label': None, 'class': ['tmiads'], 'id': 'a65e2a3a', 'text': ''}, {'tag': 'iframe', 'src': 'https://ads.independent.com.mt/www/delivery/afr.php?zoneid=43&cb=220', 'aria_label': None, 'class': ['tmiads'], 'id': 'af1935e1', 'text': ''}]",14,176,independent,article_pages
199,33,61,22,0,1,34,9,14029,2144,23,8,"[{'tag': 'iframe', 'src': 'https://ads.independent.com.mt/www/delivery/afr.php?zoneid=45&cb=161', 'aria_label': None, 'class': ['tmiads'], 'id': 'ab2eb8eb', 'text': ''}, {'tag': 'iframe', 'src': 'https://ads.independent.com.mt/www/delivery/afr.php?zoneid=119&cb=219', 'aria_label': None, 'class': ['tmiads'], 'id': 'a9fec59d', 'text': ''}, {'tag': 'iframe', 'src': 'https://ads.independent.com.mt/www/delivery/afr.php?zoneid=116&cb=48', 'aria_label': None, 'class': ['tmiads'], 'id': 'a8bec639', 'text': ''}, {'tag': 'iframe', 'src': 'https://ads.independent.com.mt/www/delivery/afr.php?resize=1&zoneid=22&target=_blank&cb=236', 'aria_label': None, 'class': ['tmiads'], 'id': 'ad1ea670', 'text': ''}, {'tag': 'iframe', 'src': 'https://ads.independent.com.mt/www/delivery/afr.php?zoneid=44&cb=5', 'aria_label': None, 'class': ['tmiads'], 'id': 'a578e25f', 'text': ''}, {'tag': 'iframe', 'src': 'https://ads.independent.com.mt/www/delivery/afr.php?zoneid=115&cb=213', 'aria_label': None, 'class': ['tmiads'], 'id': 'a295273c', 'text': ''}, {'tag': 'iframe', 'src': 'https://ads.independent.com.mt/www/delivery/afr.php?zoneid=147&cb=285', 'aria_label': None, 'class': ['tmiads'], 'id': 'a65e2a3a', 'text': ''}, {'tag': 'iframe', 'src': 'https://ads.independent.com.mt/www/delivery/afr.php?zoneid=43&cb=220', 'aria_label': None, 'class': ['tmiads'], 'id': 'af1935e1', 'text': ''}]",14,177,independent,article_pages
199,33,61,22,0,1,34,9,14029,2144,23,8,"[{'tag': 'iframe', 'src': 'https://ads.independent.com.mt/www/delivery/afr.php?zoneid=45&cb=161', 'aria_label': None, 'class': ['tmiads'], 'id': 'ab2eb8eb', 'text': ''}, {'tag': 'iframe', 'src': 'https://ads.independent.com.mt/www/delivery/afr.php?zoneid=119&cb=219', 'aria_label': None, 'class': ['tmiads'], 'id': 'a9fec59d', 'text': ''}, {'tag': 'iframe', 'src': 'https://ads.independent.com.mt/www/delivery/afr.php?zoneid=116&cb=48', 'aria_label': None, 'class': ['tmiads'], 'id': 'a8bec639', 'text': ''}, {'tag': 'iframe', 'src': 'https://ads.independent.com.mt/www/delivery/afr.php?resize=1&zoneid=22&target=_blank&cb=236', 'aria_label': None, 'class': ['tmiads'], 'id': 'ad1ea670', 'text': ''}, {'tag': 'iframe', 'src': 'https://ads.independent.com.mt/www/delivery/afr.php?zoneid=44&cb=5', 'aria_label': None, 'class': ['tmiads'], 'id': 'a578e25f', 'text': ''}, {'tag': 'iframe', 'src': 'https://ads.independent.com.mt/www/delivery/afr.php?zoneid=115&cb=213', 'aria_label': None, 'class': ['tmiads'], 'id': 'a295273c', 'text': ''}, {'tag': 'iframe', 'src': 'https://ads.independent.com.mt/www/delivery/afr.php?zoneid=147&cb=285', 'aria_label': None, 'class': ['tmiads'], 'id': 'a65e2a3a', 'text': ''}, {'tag': 'iframe', 'src': 'https://ads.independent.com.mt/www/delivery/afr.php?zoneid=43&cb=220', 'aria_label': None, 'class': ['tmiads'], 'id': 'af1935e1', 'text': ''}]",14,178,independent,article_pages
197,33,61,22,0,1,22,2,10874,1777,23,8,"[{'tag': 'iframe', 'src': 'https://ads.independent.com.mt/www/delivery/afr.php?zoneid=54&cb=173', 'aria_label': None, 'class': ['tmiads'], 'id': 'a322d2a7', 'text': ''}, {'tag': 'iframe', 'src': 'https://ads.independent.com.mt/www/delivery/afr.php?zoneid=134&cb=73', 'aria_label': None, 'class': ['tmiads'], 'id': 'a160ea73', 'text': ''}, {'tag': 'iframe', 'src': 'https://ads.independent.com.mt/www/delivery/afr.php?zoneid=131&cb=22', 'aria_label': None, 'class': ['tmiads'], 'id': 'a78ab6a6', 'text': ''}, {'tag': 'iframe', 'src': 'https://ads.independent.com.mt/www/delivery/afr.php?resize=1&zoneid=22&target=_blank&cb=73', 'aria_label': None, 'class': ['tmiads'], 'id': 'ad1ea670', 'text': ''}, {'tag': 'iframe', 'src': 'https://ads.independent.com.mt/www/delivery/afr.php?zoneid=53&cb=132', 'aria_label': None, 'class': ['tmiads'], 'id': 'a7e2bd7c', 'text': ''}, {'tag': 'iframe', 'src': 'https://ads.independent.com.mt/www/delivery/afr.php?zoneid=130&cb=228', 'aria_label': None, 'class': ['tmiads'], 'id': 'a424f3a7', 'text': ''}, {'tag': 'iframe', 'src': 'https://ads.independent.com.mt/www/delivery/afr.php?zoneid=147&cb=119', 'aria_label': None, 'class': ['tmiads'], 'id': 'a65e2a3a', 'text': ''}, {'tag': 'iframe', 'src': 'https://ads.independent.com.mt/www/delivery/afr.php?zoneid=52&cb=258', 'aria_label': None, 'class': ['tmiads'], 'id': 'a998a06f', 'text': ''}]",14,179,independent,article_pages
197,33,61,22,0,1,22,2,10874,1777,23,8,"[{'tag': 'iframe', 'src': 'https://ads.independent.com.mt/www/delivery/afr.php?zoneid=54&cb=173', 'aria_label': None, 'class': ['tmiads'], 'id': 'a322d2a7', 'text': ''}, {'tag': 'iframe', 'src': 'https://ads.independent.com.mt/www/delivery/afr.php?zoneid=134&cb=73', 'aria_label': None, 'class': ['tmiads'], 'id': 'a160ea73', 'text': ''}, {'tag': 'iframe', 'src': 'https://ads.independent.com.mt/www/delivery/afr.php?zoneid=131&cb=22', 'aria_label': None, 'class': ['tmiads'], 'id': 'a78ab6a6', 'text': ''}, {'tag': 'iframe', 'src': 'https://ads.independent.com.mt/www/delivery/afr.php?resize=1&zoneid=22&target=_blank&cb=73', 'aria_label': None, 'class': ['tmiads'], 'id': 'ad1ea670', 'text': ''}, {'tag': 'iframe', 'src': 'https://ads.independent.com.mt/www/delivery/afr.php?zoneid=53&cb=132', 'aria_label': None, 'class': ['tmiads'], 'id': 'a7e2bd7c', 'text': ''}, {'tag': 'iframe', 'src': 'https://ads.independent.com.mt/www/delivery/afr.php?zoneid=130&cb=228', 'aria_label': None, 'class': ['tmiads'], 'id': 'a424f3a7', 'text': ''}, {'tag': 'iframe', 'src': 'https://ads.independent.com.mt/www/delivery/afr.php?zoneid=147&cb=119', 'aria_label': None, 'class': ['tmiads'], 'id': 'a65e2a3a', 'text': ''}, {'tag': 'iframe', 'src': 'https://ads.independent.com.mt/www/delivery/afr.php?zoneid=52&cb=258', 'aria_label': None, 'class': ['tmiads'], 'id': 'a998a06f', 'text': ''}]",14,180,independent,article_pages
197,33,61,22,0,1,22,2,10874,1777,23,8,"[{'tag': 'iframe', 'src': 'https://ads.independent.com.mt/www/delivery/afr.php?zoneid=54&cb=173', 'aria_label': None, 'class': ['tmiads'], 'id': 'a322d2a7', 'text': ''}, {'tag': 'iframe', 'src': 'https://ads.independent.com.mt/www/delivery/afr.php?zoneid=134&cb=73', 'aria_label': None, 'class': ['tmiads'], 'id': 'a160ea73', 'text': ''}, {'tag': 'iframe', 'src': 'https://ads.independent.com.mt/www/delivery/afr.php?zoneid=131&cb=22', 'aria_label': None, 'class': ['tmiads'], 'id': 'a78ab6a6', 'text': ''}, {'tag': 'iframe', 'src': 'https://ads.independent.com.mt/www/delivery/afr.php?resize=1&zoneid=22&target=_blank&cb=73', 'aria_label': None, 'class': ['tmiads'], 'id': 'ad1ea670', 'text': ''}, {'tag': 'iframe', 'src': 'https://ads.independent.com.mt/www/delivery/afr.php?zoneid=53&cb=132', 'aria_label': None, 'class': ['tmiads'], 'id': 'a7e2bd7c', 'text': ''}, {'tag': 'iframe', 'src': 'https://ads.independent.com.mt/www/delivery/afr.php?zoneid=130&cb=228', 'aria_label': None, 'class': ['tmiads'], 'id': 'a424f3a7', 'text': ''}, {'tag': 'iframe', 'src': 'https://ads.independent.com.mt/www/delivery/afr.php?zoneid=147&cb=119', 'aria_label': None, 'class': ['tmiads'], 'id': 'a65e2a3a', 'text': ''}, {'tag': 'iframe', 'src': 'https://ads.independent.com.mt/www/delivery/afr.php?zoneid=52&cb=258', 'aria_label': None, 'class': ['tmiads'], 'id': 'a998a06f', 'text': ''}]",14,181,independent,article_pages
197,33,61,22,0,1,22,2,10874,1777,23,8,"[{'tag': 'iframe', 'src': 'https://ads.independent.com.mt/www/delivery/afr.php?zoneid=54&cb=173', 'aria_label': None, 'class': ['tmiads'], 'id': 'a322d2a7', 'text': ''}, {'tag': 'iframe', 'src': 'https://ads.independent.com.mt/www/delivery/afr.php?zoneid=134&cb=73', 'aria_label': None, 'class': ['tmiads'], 'id': 'a160ea73', 'text': ''}, {'tag': 'iframe', 'src': 'https://ads.independent.com.mt/www/delivery/afr.php?zoneid=131&cb=22', 'aria_label': None, 'class': ['tmiads'], 'id': 'a78ab6a6', 'text': ''}, {'tag': 'iframe', 'src': 'https://ads.independent.com.mt/www/delivery/afr.php?resize=1&zoneid=22&target=_blank&cb=73', 'aria_label': None, 'class': ['tmiads'], 'id': 'ad1ea670', 'text': ''}, {'tag': 'iframe', 'src': 'https://ads.independent.com.mt/www/delivery/afr.php?zoneid=53&cb=132', 'aria_label': None, 'class': ['tmiads'], 'id': 'a7e2bd7c', 'text': ''}, {'tag': 'iframe', 'src': 'https://ads.independent.com.mt/www/delivery/afr.php?zoneid=130&cb=228', 'aria_label': None, 'class': ['tmiads'], 'id': 'a424f3a7', 'text': ''}, {'tag': 'iframe', 'src': 'https://ads.independent.com.mt/www/delivery/afr.php?zoneid=147&cb=119', 'aria_label': None, 'class': ['tmiads'], 'id': 'a65e2a3a', 'text': ''}, {'tag': 'iframe', 'src': 'https://ads.independent.com.mt/www/delivery/afr.php?zoneid=52&cb=258', 'aria_label': None, 'class': ['tmiads'], 'id': 'a998a06f', 'text': ''}]",14,182,independent,article_pages
197,33,61,22,0,1,22,2,10874,1777,23,8,"[{'tag': 'iframe', 'src': 'https://ads.independent.com.mt/www/delivery/afr.php?zoneid=54&cb=173', 'aria_label': None, 'class': ['tmiads'], 'id': 'a322d2a7', 'text': ''}, {'tag': 'iframe', 'src': 'https://ads.independent.com.mt/www/delivery/afr.php?zoneid=134&cb=73', 'aria_label': None, 'class': ['tmiads'], 'id': 'a160ea73', 'text': ''}, {'tag': 'iframe', 'src': 'https://ads.independent.com.mt/www/delivery/afr.php?zoneid=131&cb=22', 'aria_label': None, 'class': ['tmiads'], 'id': 'a78ab6a6', 'text': ''}, {'tag': 'iframe', 'src': 'https://ads.independent.com.mt/www/delivery/afr.php?resize=1&zoneid=22&target=_blank&cb=73', 'aria_label': None, 'class': ['tmiads'], 'id': 'ad1ea670', 'text': ''}, {'tag': 'iframe', 'src': 'https://ads.independent.com.mt/www/delivery/afr.php?zoneid=53&cb=132', 'aria_label': None, 'class': ['tmiads'], 'id': 'a7e2bd7c', 'text': ''}, {'tag': 'iframe', 'src': 'https://ads.independent.com.mt/www/delivery/afr.php?zoneid=130&cb=228', 'aria_label': None, 'class': ['tmiads'], 'id': 'a424f3a7', 'text': ''}, {'tag': 'iframe', 'src': 'https://ads.independent.com.mt/www/delivery/afr.php?zoneid=147&cb=119', 'aria_label': None, 'class': ['tmiads'], 'id': 'a65e2a3a', 'text': ''}, {'tag': 'iframe', 'src': 'https://ads.independent.com.mt/www/delivery/afr.php?zoneid=52&cb=258', 'aria_label': None, 'class': ['tmiads'], 'id': 'a998a06f', 'text': ''}]",14,183,independent,article_pages
197,33,61,22,0,1,22,2,10874,1777,23,8,"[{'tag': 'iframe', 'src': 'https://ads.independent.com.mt/www/delivery/afr.php?zoneid=54&cb=173', 'aria_label': None, 'class': ['tmiads'], 'id': 'a322d2a7', 'text': ''}, {'tag': 'iframe', 'src': 'https://ads.independent.com.mt/www/delivery/afr.php?zoneid=134&cb=73', 'aria_label': None, 'class': ['tmiads'], 'id': 'a160ea73', 'text': ''}, {'tag': 'iframe', 'src': 'https://ads.independent.com.mt/www/delivery/afr.php?zoneid=131&cb=22', 'aria_label': None, 'class': ['tmiads'], 'id': 'a78ab6a6', 'text': ''}, {'tag': 'iframe', 'src': 'https://ads.independent.com.mt/www/delivery/afr.php?resize=1&zoneid=22&target=_blank&cb=73', 'aria_label': None, 'class': ['tmiads'], 'id': 'ad1ea670', 'text': ''}, {'tag': 'iframe', 'src': 'https://ads.independent.com.mt/www/delivery/afr.php?zoneid=53&cb=132', 'aria_label': None, 'class': ['tmiads'], 'id': 'a7e2bd7c', 'text': ''}, {'tag': 'iframe', 'src': 'https://ads.independent.com.mt/www/delivery/afr.php?zoneid=130&cb=228', 'aria_label': None, 'class': ['tmiads'], 'id': 'a424f3a7', 'text': ''}, {'tag': 'iframe', 'src': 'https://ads.independent.com.mt/www/delivery/afr.php?zoneid=147&cb=119', 'aria_label': None, 'class': ['tmiads'], 'id': 'a65e2a3a', 'text': ''}, {'tag': 'iframe', 'src': 'https://ads.independent.com.mt/www/delivery/afr.php?zoneid=52&cb=258', 'aria_label': None, 'class': ['tmiads'], 'id': 'a998a06f', 'text': ''}]",14,184,independent,article_pages
197,33,61,22,0,1,22,2,10874,1777,23,8,"[{'tag': 'iframe', 'src': 'https://ads.independent.com.mt/www/delivery/afr.php?zoneid=54&cb=173', 'aria_label': None, 'class': ['tmiads'], 'id': 'a322d2a7', 'text': ''}, {'tag': 'iframe', 'src': 'https://ads.independent.com.mt/www/delivery/afr.php?zoneid=134&cb=73', 'aria_label': None, 'class': ['tmiads'], 'id': 'a160ea73', 'text': ''}, {'tag': 'iframe', 'src': 'https://ads.independent.com.mt/www/delivery/afr.php?zoneid=131&cb=22', 'aria_label': None, 'class': ['tmiads'], 'id': 'a78ab6a6', 'text': ''}, {'tag': 'iframe', 'src': 'https://ads.independent.com.mt/www/delivery/afr.php?resize=1&zoneid=22&target=_blank&cb=73', 'aria_label': None, 'class': ['tmiads'], 'id': 'ad1ea670', 'text': ''}, {'tag': 'iframe', 'src': 'https://ads.independent.com.mt/www/delivery/afr.php?zoneid=53&cb=132', 'aria_label': None, 'class': ['tmiads'], 'id': 'a7e2bd7c', 'text': ''}, {'tag': 'iframe', 'src': 'https://ads.independent.com.mt/www/delivery/afr.php?zoneid=130&cb=228', 'aria_label': None, 'class': ['tmiads'], 'id': 'a424f3a7', 'text': ''}, {'tag': 'iframe', 'src': 'https://ads.independent.com.mt/www/delivery/afr.php?zoneid=147&cb=119', 'aria_label': None, 'class': ['tmiads'], 'id': 'a65e2a3a', 'text': ''}, {'tag': 'iframe', 'src': 'https://ads.independent.com.mt/www/delivery/afr.php?zoneid=52&cb=258', 'aria_label': None, 'class': ['tmiads'], 'id': 'a998a06f', 'text': ''}]",14,185,independent,article_pages
197,33,61,22,0,1,22,2,10874,1777,23,8,"[{'tag': 'iframe', 'src': 'https://ads.independent.com.mt/www/delivery/afr.php?zoneid=54&cb=173', 'aria_label': None, 'class': ['tmiads'], 'id': 'a322d2a7', 'text': ''}, {'tag': 'iframe', 'src': 'https://ads.independent.com.mt/www/delivery/afr.php?zoneid=134&cb=73', 'aria_label': None, 'class': ['tmiads'], 'id': 'a160ea73', 'text': ''}, {'tag': 'iframe', 'src': 'https://ads.independent.com.mt/www/delivery/afr.php?zoneid=131&cb=22', 'aria_label': None, 'class': ['tmiads'], 'id': 'a78ab6a6', 'text': ''}, {'tag': 'iframe', 'src': 'https://ads.independent.com.mt/www/delivery/afr.php?resize=1&zoneid=22&target=_blank&cb=73', 'aria_label': None, 'class': ['tmiads'], 'id': 'ad1ea670', 'text': ''}, {'tag': 'iframe', 'src': 'https://ads.independent.com.mt/www/delivery/afr.php?zoneid=53&cb=132', 'aria_label': None, 'class': ['tmiads'], 'id': 'a7e2bd7c', 'text': ''}, {'tag': 'iframe', 'src': 'https://ads.independent.com.mt/www/delivery/afr.php?zoneid=130&cb=228', 'aria_label': None, 'class': ['tmiads'], 'id': 'a424f3a7', 'text': ''}, {'tag': 'iframe', 'src': 'https://ads.independent.com.mt/www/delivery/afr.php?zoneid=147&cb=119', 'aria_label': None, 'class': ['tmiads'], 'id': 'a65e2a3a', 'text': ''}, {'tag': 'iframe', 'src': 'https://ads.independent.com.mt/www/delivery/afr.php?zoneid=52&cb=258', 'aria_label': None, 'class': ['tmiads'], 'id': 'a998a06f', 'text': ''}]",14,186,independent,article_pages
197,33,61,22,0,1,22,2,10874,1777,23,8,"[{'tag': 'iframe', 'src': 'https://ads.independent.com.mt/www/delivery/afr.php?zoneid=54&cb=173', 'aria_label': None, 'class': ['tmiads'], 'id': 'a322d2a7', 'text': ''}, {'tag': 'iframe', 'src': 'https://ads.independent.com.mt/www/delivery/afr.php?zoneid=134&cb=73', 'aria_label': None, 'class': ['tmiads'], 'id': 'a160ea73', 'text': ''}, {'tag': 'iframe', 'src': 'https://ads.independent.com.mt/www/delivery/afr.php?zoneid=131&cb=22', 'aria_label': None, 'class': ['tmiads'], 'id': 'a78ab6a6', 'text': ''}, {'tag': 'iframe', 'src': 'https://ads.independent.com.mt/www/delivery/afr.php?resize=1&zoneid=22&target=_blank&cb=73', 'aria_label': None, 'class': ['tmiads'], 'id': 'ad1ea670', 'text': ''}, {'tag': 'iframe', 'src': 'https://ads.independent.com.mt/www/delivery/afr.php?zoneid=53&cb=132', 'aria_label': None, 'class': ['tmiads'], 'id': 'a7e2bd7c', 'text': ''}, {'tag': 'iframe', 'src': 'https://ads.independent.com.mt/www/delivery/afr.php?zoneid=130&cb=228', 'aria_label': None, 'class': ['tmiads'], 'id': 'a424f3a7', 'text': ''}, {'tag': 'iframe', 'src': 'https://ads.independent.com.mt/www/delivery/afr.php?zoneid=147&cb=119', 'aria_label': None, 'class': ['tmiads'], 'id': 'a65e2a3a', 'text': ''}, {'tag': 'iframe', 'src': 'https://ads.independent.com.mt/www/delivery/afr.php?zoneid=52&cb=258', 'aria_label': None, 'class': ['tmiads'], 'id': 'a998a06f', 'text': ''}]",14,187,independent,article_pages
197,33,61,22,0,1,22,2,10874,1777,23,8,"[{'tag': 'iframe', 'src': 'https://ads.independent.com.mt/www/delivery/afr.php?zoneid=54&cb=173', 'aria_label': None, 'class': ['tmiads'], 'id': 'a322d2a7', 'text': ''}, {'tag': 'iframe', 'src': 'https://ads.independent.com.mt/www/delivery/afr.php?zoneid=134&cb=73', 'aria_label': None, 'class': ['tmiads'], 'id': 'a160ea73', 'text': ''}, {'tag': 'iframe', 'src': 'https://ads.independent.com.mt/www/delivery/afr.php?zoneid=131&cb=22', 'aria_label': None, 'class': ['tmiads'], 'id': 'a78ab6a6', 'text': ''}, {'tag': 'iframe', 'src': 'https://ads.independent.com.mt/www/delivery/afr.php?resize=1&zoneid=22&target=_blank&cb=73', 'aria_label': None, 'class': ['tmiads'], 'id': 'ad1ea670', 'text': ''}, {'tag': 'iframe', 'src': 'https://ads.independent.com.mt/www/delivery/afr.php?zoneid=53&cb=132', 'aria_label': None, 'class': ['tmiads'], 'id': 'a7e2bd7c', 'text': ''}, {'tag': 'iframe', 'src': 'https://ads.independent.com.mt/www/delivery/afr.php?zoneid=130&cb=228', 'aria_label': None, 'class': ['tmiads'], 'id': 'a424f3a7', 'text': ''}, {'tag': 'iframe', 'src': 'https://ads.independent.com.mt/www/delivery/afr.php?zoneid=147&cb=119', 'aria_label': None, 'class': ['tmiads'], 'id': 'a65e2a3a', 'text': ''}, {'tag': 'iframe', 'src': 'https://ads.independent.com.mt/www/delivery/afr.php?zoneid=52&cb=258', 'aria_label': None, 'class': ['tmiads'], 'id': 'a998a06f', 'text': ''}]",14,188,independent,article_pages
197,33,61,22,0,1,22,2,10874,1777,23,8,"[{'tag': 'iframe', 'src': 'https://ads.independent.com.mt/www/delivery/afr.php?zoneid=54&cb=173', 'aria_label': None, 'class': ['tmiads'], 'id': 'a322d2a7', 'text': ''}, {'tag': 'iframe', 'src': 'https://ads.independent.com.mt/www/delivery/afr.php?zoneid=134&cb=73', 'aria_label': None, 'class': ['tmiads'], 'id': 'a160ea73', 'text': ''}, {'tag': 'iframe', 'src': 'https://ads.independent.com.mt/www/delivery/afr.php?zoneid=131&cb=22', 'aria_label': None, 'class': ['tmiads'], 'id': 'a78ab6a6', 'text': ''}, {'tag': 'iframe', 'src': 'https://ads.independent.com.mt/www/delivery/afr.php?resize=1&zoneid=22&target=_blank&cb=73', 'aria_label': None, 'class': ['tmiads'], 'id': 'ad1ea670', 'text': ''}, {'tag': 'iframe', 'src': 'https://ads.independent.com.mt/www/delivery/afr.php?zoneid=53&cb=132', 'aria_label': None, 'class': ['tmiads'], 'id': 'a7e2bd7c', 'text': ''}, {'tag': 'iframe', 'src': 'https://ads.independent.com.mt/www/delivery/afr.php?zoneid=130&cb=228', 'aria_label': None, 'class': ['tmiads'], 'id': 'a424f3a7', 'text': ''}, {'tag': 'iframe', 'src': 'https://ads.independent.com.mt/www/delivery/afr.php?zoneid=147&cb=119', 'aria_label': None, 'class': ['tmiads'], 'id': 'a65e2a3a', 'text': ''}, {'tag': 'iframe', 'src': 'https://ads.independent.com.mt/www/delivery/afr.php?zoneid=52&cb=258', 'aria_label': None, 'class': ['tmiads'], 'id': 'a998a06f', 'text': ''}]",14,189,independent,article_pages
197,33,61,22,0,1,22,2,10874,1777,23,8,"[{'tag': 'iframe', 'src': 'https://ads.independent.com.mt/www/delivery/afr.php?zoneid=54&cb=173', 'aria_label': None, 'class': ['tmiads'], 'id': 'a322d2a7', 'text': ''}, {'tag': 'iframe', 'src': 'https://ads.independent.com.mt/www/delivery/afr.php?zoneid=134&cb=73', 'aria_label': None, 'class': ['tmiads'], 'id': 'a160ea73', 'text': ''}, {'tag': 'iframe', 'src': 'https://ads.independent.com.mt/www/delivery/afr.php?zoneid=131&cb=22', 'aria_label': None, 'class': ['tmiads'], 'id': 'a78ab6a6', 'text': ''}, {'tag': 'iframe', 'src': 'https://ads.independent.com.mt/www/delivery/afr.php?resize=1&zoneid=22&target=_blank&cb=73', 'aria_label': None, 'class': ['tmiads'], 'id': 'ad1ea670', 'text': ''}, {'tag': 'iframe', 'src': 'https://ads.independent.com.mt/www/delivery/afr.php?zoneid=53&cb=132', 'aria_label': None, 'class': ['tmiads'], 'id': 'a7e2bd7c', 'text': ''}, {'tag': 'iframe', 'src': 'https://ads.independent.com.mt/www/delivery/afr.php?zoneid=130&cb=228', 'aria_label': None, 'class': ['tmiads'], 'id': 'a424f3a7', 'text': ''}, {'tag': 'iframe', 'src': 'https://ads.independent.com.mt/www/delivery/afr.php?zoneid=147&cb=119', 'aria_label': None, 'class': ['tmiads'], 'id': 'a65e2a3a', 'text': ''}, {'tag': 'iframe', 'src': 'https://ads.independent.com.mt/www/delivery/afr.php?zoneid=52&cb=258', 'aria_label': None, 'class': ['tmiads'], 'id': 'a998a06f', 'text': ''}]",14,190,independent,article_pages
197,33,61,22,0,1,22,2,10874,1777,23,8,"[{'tag': 'iframe', 'src': 'https://ads.independent.com.mt/www/delivery/afr.php?zoneid=54&cb=173', 'aria_label': None, 'class': ['tmiads'], 'id': 'a322d2a7', 'text': ''}, {'tag': 'iframe', 'src': 'https://ads.independent.com.mt/www/delivery/afr.php?zoneid=134&cb=73', 'aria_label': None, 'class': ['tmiads'], 'id': 'a160ea73', 'text': ''}, {'tag': 'iframe', 'src': 'https://ads.independent.com.mt/www/delivery/afr.php?zoneid=131&cb=22', 'aria_label': None, 'class': ['tmiads'], 'id': 'a78ab6a6', 'text': ''}, {'tag': 'iframe', 'src': 'https://ads.independent.com.mt/www/delivery/afr.php?resize=1&zoneid=22&target=_blank&cb=73', 'aria_label': None, 'class': ['tmiads'], 'id': 'ad1ea670', 'text': ''}, {'tag': 'iframe', 'src': 'https://ads.independent.com.mt/www/delivery/afr.php?zoneid=53&cb=132', 'aria_label': None, 'class': ['tmiads'], 'id': 'a7e2bd7c', 'text': ''}, {'tag': 'iframe', 'src': 'https://ads.independent.com.mt/www/delivery/afr.php?zoneid=130&cb=228', 'aria_label': None, 'class': ['tmiads'], 'id': 'a424f3a7', 'text': ''}, {'tag': 'iframe', 'src': 'https://ads.independent.com.mt/www/delivery/afr.php?zoneid=147&cb=119', 'aria_label': None, 'class': ['tmiads'], 'id': 'a65e2a3a', 'text': ''}, {'tag': 'iframe', 'src': 'https://ads.independent.com.mt/www/delivery/afr.php?zoneid=52&cb=258', 'aria_label': None, 'class': ['tmiads'], 'id': 'a998a06f', 'text': ''}]",14,191,independent,article_pages
197,33,61,22,0,1,22,2,10874,1777,23,8,"[{'tag': 'iframe', 'src': 'https://ads.independent.com.mt/www/delivery/afr.php?zoneid=54&cb=173', 'aria_label': None, 'class': ['tmiads'], 'id': 'a322d2a7', 'text': ''}, {'tag': 'iframe', 'src': 'https://ads.independent.com.mt/www/delivery/afr.php?zoneid=134&cb=73', 'aria_label': None, 'class': ['tmiads'], 'id': 'a160ea73', 'text': ''}, {'tag': 'iframe', 'src': 'https://ads.independent.com.mt/www/delivery/afr.php?zoneid=131&cb=22', 'aria_label': None, 'class': ['tmiads'], 'id': 'a78ab6a6', 'text': ''}, {'tag': 'iframe', 'src': 'https://ads.independent.com.mt/www/delivery/afr.php?resize=1&zoneid=22&target=_blank&cb=73', 'aria_label': None, 'class': ['tmiads'], 'id': 'ad1ea670', 'text': ''}, {'tag': 'iframe', 'src': 'https://ads.independent.com.mt/www/delivery/afr.php?zoneid=53&cb=132', 'aria_label': None, 'class': ['tmiads'], 'id': 'a7e2bd7c', 'text': ''}, {'tag': 'iframe', 'src': 'https://ads.independent.com.mt/www/delivery/afr.php?zoneid=130&cb=228', 'aria_label': None, 'class': ['tmiads'], 'id': 'a424f3a7', 'text': ''}, {'tag': 'iframe', 'src': 'https://ads.independent.com.mt/www/delivery/afr.php?zoneid=147&cb=119', 'aria_label': None, 'class': ['tmiads'], 'id': 'a65e2a3a', 'text': ''}, {'tag': 'iframe', 'src': 'https://ads.independent.com.mt/www/delivery/afr.php?zoneid=52&cb=258', 'aria_label': None, 'class': ['tmiads'], 'id': 'a998a06f', 'text': ''}]",14,192,independent,article_pages
197,33,61,22,0,1,22,2,10874,1777,23,8,"[{'tag': 'iframe', 'src': 'https://ads.independent.com.mt/www/delivery/afr.php?zoneid=54&cb=173', 'aria_label': None, 'class': ['tmiads'], 'id': 'a322d2a7', 'text': ''}, {'tag': 'iframe', 'src': 'https://ads.independent.com.mt/www/delivery/afr.php?zoneid=134&cb=73', 'aria_label': None, 'class': ['tmiads'], 'id': 'a160ea73', 'text': ''}, {'tag': 'iframe', 'src': 'https://ads.independent.com.mt/www/delivery/afr.php?zoneid=131&cb=22', 'aria_label': None, 'class': ['tmiads'], 'id': 'a78ab6a6', 'text': ''}, {'tag': 'iframe', 'src': 'https://ads.independent.com.mt/www/delivery/afr.php?resize=1&zoneid=22&target=_blank&cb=73', 'aria_label': None, 'class': ['tmiads'], 'id': 'ad1ea670', 'text': ''}, {'tag': 'iframe', 'src': 'https://ads.independent.com.mt/www/delivery/afr.php?zoneid=53&cb=132', 'aria_label': None, 'class': ['tmiads'], 'id': 'a7e2bd7c', 'text': ''}, {'tag': 'iframe', 'src': 'https://ads.independent.com.mt/www/delivery/afr.php?zoneid=130&cb=228', 'aria_label': None, 'class': ['tmiads'], 'id': 'a424f3a7', 'text': ''}, {'tag': 'iframe', 'src': 'https://ads.independent.com.mt/www/delivery/afr.php?zoneid=147&cb=119', 'aria_label': None, 'class': ['tmiads'], 'id': 'a65e2a3a', 'text': ''}, {'tag': 'iframe', 'src': 'https://ads.independent.com.mt/www/delivery/afr.php?zoneid=52&cb=258', 'aria_label': None, 'class': ['tmiads'], 'id': 'a998a06f', 'text': ''}]",14,193,independent,article_pages
197,33,61,22,0,1,22,2,10874,1777,23,8,"[{'tag': 'iframe', 'src': 'https://ads.independent.com.mt/www/delivery/afr.php?zoneid=54&cb=173', 'aria_label': None, 'class': ['tmiads'], 'id': 'a322d2a7', 'text': ''}, {'tag': 'iframe', 'src': 'https://ads.independent.com.mt/www/delivery/afr.php?zoneid=134&cb=73', 'aria_label': None, 'class': ['tmiads'], 'id': 'a160ea73', 'text': ''}, {'tag': 'iframe', 'src': 'https://ads.independent.com.mt/www/delivery/afr.php?zoneid=131&cb=22', 'aria_label': None, 'class': ['tmiads'], 'id': 'a78ab6a6', 'text': ''}, {'tag': 'iframe', 'src': 'https://ads.independent.com.mt/www/delivery/afr.php?resize=1&zoneid=22&target=_blank&cb=73', 'aria_label': None, 'class': ['tmiads'], 'id': 'ad1ea670', 'text': ''}, {'tag': 'iframe', 'src': 'https://ads.independent.com.mt/www/delivery/afr.php?zoneid=53&cb=132', 'aria_label': None, 'class': ['tmiads'], 'id': 'a7e2bd7c', 'text': ''}, {'tag': 'iframe', 'src': 'https://ads.independent.com.mt/www/delivery/afr.php?zoneid=130&cb=228', 'aria_label': None, 'class': ['tmiads'], 'id': 'a424f3a7', 'text': ''}, {'tag': 'iframe', 'src': 'https://ads.independent.com.mt/www/delivery/afr.php?zoneid=147&cb=119', 'aria_label': None, 'class': ['tmiads'], 'id': 'a65e2a3a', 'text': ''}, {'tag': 'iframe', 'src': 'https://ads.independent.com.mt/www/delivery/afr.php?zoneid=52&cb=258', 'aria_label': None, 'class': ['tmiads'], 'id': 'a998a06f', 'text': ''}]",14,194,independent,article_pages
197,33,61,22,0,1,22,2,10874,1777,23,8,"[{'tag': 'iframe', 'src': 'https://ads.independent.com.mt/www/delivery/afr.php?zoneid=54&cb=173', 'aria_label': None, 'class': ['tmiads'], 'id': 'a322d2a7', 'text': ''}, {'tag': 'iframe', 'src': 'https://ads.independent.com.mt/www/delivery/afr.php?zoneid=134&cb=73', 'aria_label': None, 'class': ['tmiads'], 'id': 'a160ea73', 'text': ''}, {'tag': 'iframe', 'src': 'https://ads.independent.com.mt/www/delivery/afr.php?zoneid=131&cb=22', 'aria_label': None, 'class': ['tmiads'], 'id': 'a78ab6a6', 'text': ''}, {'tag': 'iframe', 'src': 'https://ads.independent.com.mt/www/delivery/afr.php?resize=1&zoneid=22&target=_blank&cb=73', 'aria_label': None, 'class': ['tmiads'], 'id': 'ad1ea670', 'text': ''}, {'tag': 'iframe', 'src': 'https://ads.independent.com.mt/www/delivery/afr.php?zoneid=53&cb=132', 'aria_label': None, 'class': ['tmiads'], 'id': 'a7e2bd7c', 'text': ''}, {'tag': 'iframe', 'src': 'https://ads.independent.com.mt/www/delivery/afr.php?zoneid=130&cb=228', 'aria_label': None, 'class': ['tmiads'], 'id': 'a424f3a7', 'text': ''}, {'tag': 'iframe', 'src': 'https://ads.independent.com.mt/www/delivery/afr.php?zoneid=147&cb=119', 'aria_label': None, 'class': ['tmiads'], 'id': 'a65e2a3a', 'text': ''}, {'tag': 'iframe', 'src': 'https://ads.independent.com.mt/www/delivery/afr.php?zoneid=52&cb=258', 'aria_label': None, 'class': ['tmiads'], 'id': 'a998a06f', 'text': ''}]",14,195,independent,article_pages
197,33,61,22,0,1,22,2,10874,1777,23,8,"[{'tag': 'iframe', 'src': 'https://ads.independent.com.mt/www/delivery/afr.php?zoneid=54&cb=173', 'aria_label': None, 'class': ['tmiads'], 'id': 'a322d2a7', 'text': ''}, {'tag': 'iframe', 'src': 'https://ads.independent.com.mt/www/delivery/afr.php?zoneid=134&cb=73', 'aria_label': None, 'class': ['tmiads'], 'id': 'a160ea73', 'text': ''}, {'tag': 'iframe', 'src': 'https://ads.independent.com.mt/www/delivery/afr.php?zoneid=131&cb=22', 'aria_label': None, 'class': ['tmiads'], 'id': 'a78ab6a6', 'text': ''}, {'tag': 'iframe', 'src': 'https://ads.independent.com.mt/www/delivery/afr.php?resize=1&zoneid=22&target=_blank&cb=73', 'aria_label': None, 'class': ['tmiads'], 'id': 'ad1ea670', 'text': ''}, {'tag': 'iframe', 'src': 'https://ads.independent.com.mt/www/delivery/afr.php?zoneid=53&cb=132', 'aria_label': None, 'class': ['tmiads'], 'id': 'a7e2bd7c', 'text': ''}, {'tag': 'iframe', 'src': 'https://ads.independent.com.mt/www/delivery/afr.php?zoneid=130&cb=228', 'aria_label': None, 'class': ['tmiads'], 'id': 'a424f3a7', 'text': ''}, {'tag': 'iframe', 'src': 'https://ads.independent.com.mt/www/delivery/afr.php?zoneid=147&cb=119', 'aria_label': None, 'class': ['tmiads'], 'id': 'a65e2a3a', 'text': ''}, {'tag': 'iframe', 'src': 'https://ads.independent.com.mt/www/delivery/afr.php?zoneid=52&cb=258', 'aria_label': None, 'class': ['tmiads'], 'id': 'a998a06f', 'text': ''}]",14,196,independent,article_pages
197,33,61,22,0,1,22,2,10874,1777,23,8,"[{'tag': 'iframe', 'src': 'https://ads.independent.com.mt/www/delivery/afr.php?zoneid=54&cb=173', 'aria_label': None, 'class': ['tmiads'], 'id': 'a322d2a7', 'text': ''}, {'tag': 'iframe', 'src': 'https://ads.independent.com.mt/www/delivery/afr.php?zoneid=134&cb=73', 'aria_label': None, 'class': ['tmiads'], 'id': 'a160ea73', 'text': ''}, {'tag': 'iframe', 'src': 'https://ads.independent.com.mt/www/delivery/afr.php?zoneid=131&cb=22', 'aria_label': None, 'class': ['tmiads'], 'id': 'a78ab6a6', 'text': ''}, {'tag': 'iframe', 'src': 'https://ads.independent.com.mt/www/delivery/afr.php?resize=1&zoneid=22&target=_blank&cb=73', 'aria_label': None, 'class': ['tmiads'], 'id': 'ad1ea670', 'text': ''}, {'tag': 'iframe', 'src': 'https://ads.independent.com.mt/www/delivery/afr.php?zoneid=53&cb=132', 'aria_label': None, 'class': ['tmiads'], 'id': 'a7e2bd7c', 'text': ''}, {'tag': 'iframe', 'src': 'https://ads.independent.com.mt/www/delivery/afr.php?zoneid=130&cb=228', 'aria_label': None, 'class': ['tmiads'], 'id': 'a424f3a7', 'text': ''}, {'tag': 'iframe', 'src': 'https://ads.independent.com.mt/www/delivery/afr.php?zoneid=147&cb=119', 'aria_label': None, 'class': ['tmiads'], 'id': 'a65e2a3a', 'text': ''}, {'tag': 'iframe', 'src': 'https://ads.independent.com.mt/www/delivery/afr.php?zoneid=52&cb=258', 'aria_label': None, 'class': ['tmiads'], 'id': 'a998a06f', 'text': ''}]",14,197,independent,article_pages
197,33,61,22,0,1,22,2,10874,1777,23,8,"[{'tag': 'iframe', 'src': 'https://ads.independent.com.mt/www/delivery/afr.php?zoneid=54&cb=173', 'aria_label': None, 'class': ['tmiads'], 'id': 'a322d2a7', 'text': ''}, {'tag': 'iframe', 'src': 'https://ads.independent.com.mt/www/delivery/afr.php?zoneid=134&cb=73', 'aria_label': None, 'class': ['tmiads'], 'id': 'a160ea73', 'text': ''}, {'tag': 'iframe', 'src': 'https://ads.independent.com.mt/www/delivery/afr.php?zoneid=131&cb=22', 'aria_label': None, 'class': ['tmiads'], 'id': 'a78ab6a6', 'text': ''}, {'tag': 'iframe', 'src': 'https://ads.independent.com.mt/www/delivery/afr.php?resize=1&zoneid=22&target=_blank&cb=73', 'aria_label': None, 'class': ['tmiads'], 'id': 'ad1ea670', 'text': ''}, {'tag': 'iframe', 'src': 'https://ads.independent.com.mt/www/delivery/afr.php?zoneid=53&cb=132', 'aria_label': None, 'class': ['tmiads'], 'id': 'a7e2bd7c', 'text': ''}, {'tag': 'iframe', 'src': 'https://ads.independent.com.mt/www/delivery/afr.php?zoneid=130&cb=228', 'aria_label': None, 'class': ['tmiads'], 'id': 'a424f3a7', 'text': ''}, {'tag': 'iframe', 'src': 'https://ads.independent.com.mt/www/delivery/afr.php?zoneid=147&cb=119', 'aria_label': None, 'class': ['tmiads'], 'id': 'a65e2a3a', 'text': ''}, {'tag': 'iframe', 'src': 'https://ads.independent.com.mt/www/delivery/afr.php?zoneid=52&cb=258', 'aria_label': None, 'class': ['tmiads'], 'id': 'a998a06f', 'text': ''}]",14,198,independent,article_pages
197,33,62,22,0,1,17,2,7720,1252,23,8,"[{'tag': 'iframe', 'src': 'https://ads.independent.com.mt/www/delivery/afr.php?resize=1&zoneid=31&target=_blank&cb=38', 'aria_label': None, 'class': ['tmiads'], 'id': 'af5023f7', 'text': ''}, {'tag': 'iframe', 'src': 'https://ads.independent.com.mt/www/delivery/afr.php?zoneid=96&cb=270', 'aria_label': None, 'class': ['tmiads'], 'id': 'a843ba79', 'text': ''}, {'tag': 'iframe', 'src': 'https://ads.independent.com.mt/www/delivery/afr.php?zoneid=93&cb=231', 'aria_label': None, 'class': ['tmiads'], 'id': 'a5c2371e', 'text': ''}, {'tag': 'iframe', 'src': 'https://ads.independent.com.mt/www/delivery/afr.php?resize=1&zoneid=22&target=_blank&cb=12', 'aria_label': None, 'class': ['tmiads'], 'id': 'ad1ea670', 'text': ''}, {'tag': 'iframe', 'src': 'https://ads.independent.com.mt/www/delivery/afr.php?resize=1&zoneid=21&target=_blank&cb=77', 'aria_label': None, 'class': ['tmiads'], 'id': 'a7c93e83', 'text': ''}, {'tag': 'iframe', 'src': 'http://ads.independent.com.mt/www/delivery/afr.php?zoneid=92&cb=107', 'aria_label': None, 'class': ['tmiads'], 'id': 'a537fbf2', 'text': ''}, {'tag': 'iframe', 'src': 'https://ads.independent.com.mt/www/delivery/afr.php?zoneid=147&cb=95', 'aria_label': None, 'class': ['tmiads'], 'id': 'a65e2a3a', 'text': ''}, {'tag': 'iframe', 'src': 'https://ads.independent.com.mt/www/delivery/afr.php?resize=1&zoneid=20&target=_blank&cb=217', 'aria_label': None, 'class': ['tmiads'], 'id': 'a7652f8a', 'text': ''}]",14,199,independent,article_pages
197,33,62,22,0,1,17,2,7720,1252,23,8,"[{'tag': 'iframe', 'src': 'https://ads.independent.com.mt/www/delivery/afr.php?resize=1&zoneid=31&target=_blank&cb=38', 'aria_label': None, 'class': ['tmiads'], 'id': 'af5023f7', 'text': ''}, {'tag': 'iframe', 'src': 'https://ads.independent.com.mt/www/delivery/afr.php?zoneid=96&cb=270', 'aria_label': None, 'class': ['tmiads'], 'id': 'a843ba79', 'text': ''}, {'tag': 'iframe', 'src': 'https://ads.independent.com.mt/www/delivery/afr.php?zoneid=93&cb=231', 'aria_label': None, 'class': ['tmiads'], 'id': 'a5c2371e', 'text': ''}, {'tag': 'iframe', 'src': 'https://ads.independent.com.mt/www/delivery/afr.php?resize=1&zoneid=22&target=_blank&cb=12', 'aria_label': None, 'class': ['tmiads'], 'id': 'ad1ea670', 'text': ''}, {'tag': 'iframe', 'src': 'https://ads.independent.com.mt/www/delivery/afr.php?resize=1&zoneid=21&target=_blank&cb=77', 'aria_label': None, 'class': ['tmiads'], 'id': 'a7c93e83', 'text': ''}, {'tag': 'iframe', 'src': 'http://ads.independent.com.mt/www/delivery/afr.php?zoneid=92&cb=107', 'aria_label': None, 'class': ['tmiads'], 'id': 'a537fbf2', 'text': ''}, {'tag': 'iframe', 'src': 'https://ads.independent.com.mt/www/delivery/afr.php?zoneid=147&cb=95', 'aria_label': None, 'class': ['tmiads'], 'id': 'a65e2a3a', 'text': ''}, {'tag': 'iframe', 'src': 'https://ads.independent.com.mt/www/delivery/afr.php?resize=1&zoneid=20&target=_blank&cb=217', 'aria_label': None, 'class': ['tmiads'], 'id': 'a7652f8a', 'text': ''}]",14,200,independent,article_pages
197,33,62,22,0,1,17,2,7720,1252,23,8,"[{'tag': 'iframe', 'src': 'https://ads.independent.com.mt/www/delivery/afr.php?resize=1&zoneid=31&target=_blank&cb=38', 'aria_label': None, 'class': ['tmiads'], 'id': 'af5023f7', 'text': ''}, {'tag': 'iframe', 'src': 'https://ads.independent.com.mt/www/delivery/afr.php?zoneid=96&cb=270', 'aria_label': None, 'class': ['tmiads'], 'id': 'a843ba79', 'text': ''}, {'tag': 'iframe', 'src': 'https://ads.independent.com.mt/www/delivery/afr.php?zoneid=93&cb=231', 'aria_label': None, 'class': ['tmiads'], 'id': 'a5c2371e', 'text': ''}, {'tag': 'iframe', 'src': 'https://ads.independent.com.mt/www/delivery/afr.php?resize=1&zoneid=22&target=_blank&cb=12', 'aria_label': None, 'class': ['tmiads'], 'id': 'ad1ea670', 'text': ''}, {'tag': 'iframe', 'src': 'https://ads.independent.com.mt/www/delivery/afr.php?resize=1&zoneid=21&target=_blank&cb=77', 'aria_label': None, 'class': ['tmiads'], 'id': 'a7c93e83', 'text': ''}, {'tag': 'iframe', 'src': 'http://ads.independent.com.mt/www/delivery/afr.php?zoneid=92&cb=107', 'aria_label': None, 'class': ['tmiads'], 'id': 'a537fbf2', 'text': ''}, {'tag': 'iframe', 'src': 'https://ads.independent.com.mt/www/delivery/afr.php?zoneid=147&cb=95', 'aria_label': None, 'class': ['tmiads'], 'id': 'a65e2a3a', 'text': ''}, {'tag': 'iframe', 'src': 'https://ads.independent.com.mt/www/delivery/afr.php?resize=1&zoneid=20&target=_blank&cb=217', 'aria_label': None, 'class': ['tmiads'], 'id': 'a7652f8a', 'text': ''}]",14,201,independent,article_pages
197,33,61,22,0,1,25,2,9329,1519,23,8,"[{'tag': 'iframe', 'src': 'https://ads.independent.com.mt/www/delivery/afr.php?zoneid=36&cb=149', 'aria_label': None, 'class': ['tmiads'], 'id': 'af87707c', 'text': ''}, {'tag': 'iframe', 'src': 'https://ads.independent.com.mt/www/delivery/afr.php?zoneid=144&cb=297', 'aria_label': None, 'class': ['tmiads'], 'id': 'a7d95b78', 'text': ''}, {'tag': 'iframe', 'src': 'https://ads.independent.com.mt/www/delivery/afr.php?zoneid=141&cb=52', 'aria_label': None, 'class': ['tmiads'], 'id': 'a1353246', 'text': ''}, {'tag': 'iframe', 'src': 'https://ads.independent.com.mt/www/delivery/afr.php?resize=1&zoneid=22&target=_blank&cb=262', 'aria_label': None, 'class': ['tmiads'], 'id': 'ad1ea670', 'text': ''}, {'tag': 'iframe', 'src': 'https://ads.independent.com.mt/www/delivery/afr.php?zoneid=35&cb=199', 'aria_label': None, 'class': ['tmiads'], 'id': 'abcfa804', 'text': ''}, {'tag': 'iframe', 'src': 'https://ads.independent.com.mt/www/delivery/afr.php?zoneid=140&cb=83', 'aria_label': None, 'class': ['tmiads'], 'id': 'afcbf42a', 'text': ''}, {'tag': 'iframe', 'src': 'https://ads.independent.com.mt/www/delivery/afr.php?zoneid=147&cb=118', 'aria_label': None, 'class': ['tmiads'], 'id': 'a65e2a3a', 'text': ''}, {'tag': 'iframe', 'src': 'https://ads.independent.com.mt/www/delivery/afr.php?zoneid=34&cb=256', 'aria_label': None, 'class': ['tmiads'], 'id': 'ac264775', 'text': ''}]",14,202,independent,article_pages
197,33,61,22,0,1,25,2,9329,1519,23,8,"[{'tag': 'iframe', 'src': 'https://ads.independent.com.mt/www/delivery/afr.php?zoneid=36&cb=149', 'aria_label': None, 'class': ['tmiads'], 'id': 'af87707c', 'text': ''}, {'tag': 'iframe', 'src': 'https://ads.independent.com.mt/www/delivery/afr.php?zoneid=144&cb=297', 'aria_label': None, 'class': ['tmiads'], 'id': 'a7d95b78', 'text': ''}, {'tag': 'iframe', 'src': 'https://ads.independent.com.mt/www/delivery/afr.php?zoneid=141&cb=52', 'aria_label': None, 'class': ['tmiads'], 'id': 'a1353246', 'text': ''}, {'tag': 'iframe', 'src': 'https://ads.independent.com.mt/www/delivery/afr.php?resize=1&zoneid=22&target=_blank&cb=262', 'aria_label': None, 'class': ['tmiads'], 'id': 'ad1ea670', 'text': ''}, {'tag': 'iframe', 'src': 'https://ads.independent.com.mt/www/delivery/afr.php?zoneid=35&cb=199', 'aria_label': None, 'class': ['tmiads'], 'id': 'abcfa804', 'text': ''}, {'tag': 'iframe', 'src': 'https://ads.independent.com.mt/www/delivery/afr.php?zoneid=140&cb=83', 'aria_label': None, 'class': ['tmiads'], 'id': 'afcbf42a', 'text': ''}, {'tag': 'iframe', 'src': 'https://ads.independent.com.mt/www/delivery/afr.php?zoneid=147&cb=118', 'aria_label': None, 'class': ['tmiads'], 'id': 'a65e2a3a', 'text': ''}, {'tag': 'iframe', 'src': 'https://ads.independent.com.mt/www/delivery/afr.php?zoneid=34&cb=256', 'aria_label': None, 'class': ['tmiads'], 'id': 'ac264775', 'text': ''}]",14,203,independent,article_pages
246,119,25,18,5,2,4,84,10526,1619,24,8,"[{'tag': 'iframe', 'src': None, 'aria_label': 'Advertisement', 'class': None, 'id': 'google_ads_iframe_/13474545/MT_Homepage_Leaderboard_0', 'text': ''}, {'tag': 'iframe', 'src': None, 'aria_label': 'Advertisement', 'class': None, 'id': 'google_ads_iframe_/13474545/MaltaToday_Home_RectBanner_300x250_0', 'text': ''}, {'tag': 'iframe', 'src': None, 'aria_label': 'Advertisement', 'class': None, 'id': 'google_ads_iframe_/13474545/MaltaToday_Home2_RectBanner2_0', 'text': ''}, {'tag': 'iframe', 'src': None, 'aria_label': 'Advertisement', 'class': None, 'id': 'google_ads_iframe_/13474545/MaltaToday_Home_RectBanner_300x250_1', 'text': ''}, {'tag': 'iframe', 'src': None, 'aria_label': 'Advertisement', 'class': None, 'id': 'google_ads_iframe_/13474545/MaltaToday_Home_Subsection_Leaderboard_0', 'text': ''}, {'tag': 'iframe', 'src': None, 'aria_label': 'Advertisement', 'class': None, 'id': 'google_ads_iframe_/13474545/MaltaToday_Home_Subsection_Leaderboard_1', 'text': ''}, {'tag': 'iframe', 'src': None, 'aria_label': 'Advertisement', 'class': None, 'id': 'google_ads_iframe_/13474545/MaltaToday_Home_Subsection_Leaderboard_2', 'text': ''}, {'tag': 'iframe', 'src': None, 'aria_label': 'Advertisement', 'class': None, 'id': 'google_ads_iframe_/13474545/MaltaToday_Home_Subsection_Leaderboard_5', 'text': ''}]",10,204,malta_today,home_page
246,119,25,18,5,2,4,84,10526,1619,24,8,"[{'tag': 'iframe', 'src': None, 'aria_label': 'Advertisement', 'class': None, 'id': 'google_ads_iframe_/13474545/MT_Homepage_Leaderboard_0', 'text': ''}, {'tag': 'iframe', 'src': None, 'aria_label': 'Advertisement', 'class': None, 'id': 'google_ads_iframe_/13474545/MaltaToday_Home_RectBanner_300x250_0', 'text': ''}, {'tag': 'iframe', 'src': None, 'aria_label': 'Advertisement', 'class': None, 'id': 'google_ads_iframe_/13474545/MaltaToday_Home2_RectBanner2_0', 'text': ''}, {'tag': 'iframe', 'src': None, 'aria_label': 'Advertisement', 'class': None, 'id': 'google_ads_iframe_/13474545/MaltaToday_Home_RectBanner_300x250_1', 'text': ''}, {'tag': 'iframe', 'src': None, 'aria_label': 'Advertisement', 'class': None, 'id': 'google_ads_iframe_/13474545/MaltaToday_Home_Subsection_Leaderboard_0', 'text': ''}, {'tag': 'iframe', 'src': None, 'aria_label': 'Advertisement', 'class': None, 'id': 'google_ads_iframe_/13474545/MaltaToday_Home_Subsection_Leaderboard_1', 'text': ''}, {'tag': 'iframe', 'src': None, 'aria_label': 'Advertisement', 'class': None, 'id': 'google_ads_iframe_/13474545/MaltaToday_Home_Subsection_Leaderboard_2', 'text': ''}, {'tag': 'iframe', 'src': None, 'aria_label': 'Advertisement', 'class': None, 'id': 'google_ads_iframe_/13474545/MaltaToday_Home_Subsection_Leaderboard_5', 'text': ''}]",10,205,malta_today,home_page
246,119,25,18,5,2,4,84,10526,1619,24,8,"[{'tag': 'iframe', 'src': None, 'aria_label': 'Advertisement', 'class': None, 'id': 'google_ads_iframe_/13474545/MT_Homepage_Leaderboard_0', 'text': ''}, {'tag': 'iframe', 'src': None, 'aria_label': 'Advertisement', 'class': None, 'id': 'google_ads_iframe_/13474545/MaltaToday_Home_RectBanner_300x250_0', 'text': ''}, {'tag': 'iframe', 'src': None, 'aria_label': 'Advertisement', 'class': None, 'id': 'google_ads_iframe_/13474545/MaltaToday_Home2_RectBanner2_0', 'text': ''}, {'tag': 'iframe', 'src': None, 'aria_label': 'Advertisement', 'class': None, 'id': 'google_ads_iframe_/13474545/MaltaToday_Home_RectBanner_300x250_1', 'text': ''}, {'tag': 'iframe', 'src': None, 'aria_label': 'Advertisement', 'class': None, 'id': 'google_ads_iframe_/13474545/MaltaToday_Home_Subsection_Leaderboard_0', 'text': ''}, {'tag': 'iframe', 'src': None, 'aria_label': 'Advertisement', 'class': None, 'id': 'google_ads_iframe_/13474545/MaltaToday_Home_Subsection_Leaderboard_1', 'text': ''}, {'tag': 'iframe', 'src': None, 'aria_label': 'Advertisement', 'class': None, 'id': 'google_ads_iframe_/13474545/MaltaToday_Home_Subsection_Leaderboard_2', 'text': ''}, {'tag': 'iframe', 'src': None, 'aria_label': 'Advertisement', 'class': None, 'id': 'google_ads_iframe_/13474545/MaltaToday_Home_Subsection_Leaderboard_5', 'text': ''}]",10,206,malta_today,home_page
246,119,25,18,5,2,4,84,10526,1619,24,8,"[{'tag': 'iframe', 'src': None, 'aria_label': 'Advertisement', 'class': None, 'id': 'google_ads_iframe_/13474545/MT_Homepage_Leaderboard_0', 'text': ''}, {'tag': 'iframe', 'src': None, 'aria_label': 'Advertisement', 'class': None, 'id': 'google_ads_iframe_/13474545/MaltaToday_Home_RectBanner_300x250_0', 'text': ''}, {'tag': 'iframe', 'src': None, 'aria_label': 'Advertisement', 'class': None, 'id': 'google_ads_iframe_/13474545/MaltaToday_Home2_RectBanner2_0', 'text': ''}, {'tag': 'iframe', 'src': None, 'aria_label': 'Advertisement', 'class': None, 'id': 'google_ads_iframe_/13474545/MaltaToday_Home_RectBanner_300x250_1', 'text': ''}, {'tag': 'iframe', 'src': None, 'aria_label': 'Advertisement', 'class': None, 'id': 'google_ads_iframe_/13474545/MaltaToday_Home_Subsection_Leaderboard_0', 'text': ''}, {'tag': 'iframe', 'src': None, 'aria_label': 'Advertisement', 'class': None, 'id': 'google_ads_iframe_/13474545/MaltaToday_Home_Subsection_Leaderboard_1', 'text': ''}, {'tag': 'iframe', 'src': None, 'aria_label': 'Advertisement', 'class': None, 'id': 'google_ads_iframe_/13474545/MaltaToday_Home_Subsection_Leaderboard_2', 'text': ''}, {'tag': 'iframe', 'src': None, 'aria_label': 'Advertisement', 'class': None, 'id': 'google_ads_iframe_/13474545/MaltaToday_Home_Subsection_Leaderboard_5', 'text': ''}]",10,207,malta_today,home_page
246,119,25,18,5,2,4,84,10526,1619,24,8,"[{'tag': 'iframe', 'src': None, 'aria_label': 'Advertisement', 'class': None, 'id': 'google_ads_iframe_/13474545/MT_Homepage_Leaderboard_0', 'text': ''}, {'tag': 'iframe', 'src': None, 'aria_label': 'Advertisement', 'class': None, 'id': 'google_ads_iframe_/13474545/MaltaToday_Home_RectBanner_300x250_0', 'text': ''}, {'tag': 'iframe', 'src': None, 'aria_label': 'Advertisement', 'class': None, 'id': 'google_ads_iframe_/13474545/MaltaToday_Home2_RectBanner2_0', 'text': ''}, {'tag': 'iframe', 'src': None, 'aria_label': 'Advertisement', 'class': None, 'id': 'google_ads_iframe_/13474545/MaltaToday_Home_RectBanner_300x250_1', 'text': ''}, {'tag': 'iframe', 'src': None, 'aria_label': 'Advertisement', 'class': None, 'id': 'google_ads_iframe_/13474545/MaltaToday_Home_Subsection_Leaderboard_0', 'text': ''}, {'tag': 'iframe', 'src': None, 'aria_label': 'Advertisement', 'class': None, 'id': 'google_ads_iframe_/13474545/MaltaToday_Home_Subsection_Leaderboard_1', 'text': ''}, {'tag': 'iframe', 'src': None, 'aria_label': 'Advertisement', 'class': None, 'id': 'google_ads_iframe_/13474545/MaltaToday_Home_Subsection_Leaderboard_2', 'text': ''}, {'tag': 'iframe', 'src': None, 'aria_label': 'Advertisement', 'class': None, 'id': 'google_ads_iframe_/13474545/MaltaToday_Home_Subsection_Leaderboard_5', 'text': ''}]",10,208,malta_today,home_page
246,119,25,18,5,2,4,84,10526,1619,24,8,"[{'tag': 'iframe', 'src': None, 'aria_label': 'Advertisement', 'class': None, 'id': 'google_ads_iframe_/13474545/MT_Homepage_Leaderboard_0', 'text': ''}, {'tag': 'iframe', 'src': None, 'aria_label': 'Advertisement', 'class': None, 'id': 'google_ads_iframe_/13474545/MaltaToday_Home_RectBanner_300x250_0', 'text': ''}, {'tag': 'iframe', 'src': None, 'aria_label': 'Advertisement', 'class': None, 'id': 'google_ads_iframe_/13474545/MaltaToday_Home2_RectBanner2_0', 'text': ''}, {'tag': 'iframe', 'src': None, 'aria_label': 'Advertisement', 'class': None, 'id': 'google_ads_iframe_/13474545/MaltaToday_Home_RectBanner_300x250_1', 'text': ''}, {'tag': 'iframe', 'src': None, 'aria_label': 'Advertisement', 'class': None, 'id': 'google_ads_iframe_/13474545/MaltaToday_Home_Subsection_Leaderboard_0', 'text': ''}, {'tag': 'iframe', 'src': None, 'aria_label': 'Advertisement', 'class': None, 'id': 'google_ads_iframe_/13474545/MaltaToday_Home_Subsection_Leaderboard_1', 'text': ''}, {'tag': 'iframe', 'src': None, 'aria_label': 'Advertisement', 'class': None, 'id': 'google_ads_iframe_/13474545/MaltaToday_Home_Subsection_Leaderboard_2', 'text': ''}, {'tag': 'iframe', 'src': None, 'aria_label': 'Advertisement', 'class': None, 'id': 'google_ads_iframe_/13474545/MaltaToday_Home_Subsection_Leaderboard_5', 'text': ''}]",10,209,malta_today,home_page
246,119,25,18,5,2,4,84,10526,1619,24,8,"[{'tag': 'iframe', 'src': None, 'aria_label': 'Advertisement', 'class': None, 'id': 'google_ads_iframe_/13474545/MT_Homepage_Leaderboard_0', 'text': ''}, {'tag': 'iframe', 'src': None, 'aria_label': 'Advertisement', 'class': None, 'id': 'google_ads_iframe_/13474545/MaltaToday_Home_RectBanner_300x250_0', 'text': ''}, {'tag': 'iframe', 'src': None, 'aria_label': 'Advertisement', 'class': None, 'id': 'google_ads_iframe_/13474545/MaltaToday_Home2_RectBanner2_0', 'text': ''}, {'tag': 'iframe', 'src': None, 'aria_label': 'Advertisement', 'class': None, 'id': 'google_ads_iframe_/13474545/MaltaToday_Home_RectBanner_300x250_1', 'text': ''}, {'tag': 'iframe', 'src': None, 'aria_label': 'Advertisement', 'class': None, 'id': 'google_ads_iframe_/13474545/MaltaToday_Home_Subsection_Leaderboard_0', 'text': ''}, {'tag': 'iframe', 'src': None, 'aria_label': 'Advertisement', 'class': None, 'id': 'google_ads_iframe_/13474545/MaltaToday_Home_Subsection_Leaderboard_1', 'text': ''}, {'tag': 'iframe', 'src': None, 'aria_label': 'Advertisement', 'class': None, 'id': 'google_ads_iframe_/13474545/MaltaToday_Home_Subsection_Leaderboard_2', 'text': ''}, {'tag': 'iframe', 'src': None, 'aria_label': 'Advertisement', 'class': None, 'id': 'google_ads_iframe_/13474545/MaltaToday_Home_Subsection_Leaderboard_5', 'text': ''}]",10,210,malta_today,home_page
246,119,25,18,5,2,4,84,10526,1619,24,8,"[{'tag': 'iframe', 'src': None, 'aria_label': 'Advertisement', 'class': None, 'id': 'google_ads_iframe_/13474545/MT_Homepage_Leaderboard_0', 'text': ''}, {'tag': 'iframe', 'src': None, 'aria_label': 'Advertisement', 'class': None, 'id': 'google_ads_iframe_/13474545/MaltaToday_Home_RectBanner_300x250_0', 'text': ''}, {'tag': 'iframe', 'src': None, 'aria_label': 'Advertisement', 'class': None, 'id': 'google_ads_iframe_/13474545/MaltaToday_Home2_RectBanner2_0', 'text': ''}, {'tag': 'iframe', 'src': None, 'aria_label': 'Advertisement', 'class': None, 'id': 'google_ads_iframe_/13474545/MaltaToday_Home_RectBanner_300x250_1', 'text': ''}, {'tag': 'iframe', 'src': None, 'aria_label': 'Advertisement', 'class': None, 'id': 'google_ads_iframe_/13474545/MaltaToday_Home_Subsection_Leaderboard_0', 'text': ''}, {'tag': 'iframe', 'src': None, 'aria_label': 'Advertisement', 'class': None, 'id': 'google_ads_iframe_/13474545/MaltaToday_Home_Subsection_Leaderboard_1', 'text': ''}, {'tag': 'iframe', 'src': None, 'aria_label': 'Advertisement', 'class': None, 'id': 'google_ads_iframe_/13474545/MaltaToday_Home_Subsection_Leaderboard_2', 'text': ''}, {'tag': 'iframe', 'src': None, 'aria_label': 'Advertisement', 'class': None, 'id': 'google_ads_iframe_/13474545/MaltaToday_Home_Subsection_Leaderboard_5', 'text': ''}]",10,211,malta_today,home_page
246,119,25,18,5,2,4,84,10526,1619,24,8,"[{'tag': 'iframe', 'src': None, 'aria_label': 'Advertisement', 'class': None, 'id': 'google_ads_iframe_/13474545/MT_Homepage_Leaderboard_0', 'text': ''}, {'tag': 'iframe', 'src': None, 'aria_label': 'Advertisement', 'class': None, 'id': 'google_ads_iframe_/13474545/MaltaToday_Home_RectBanner_300x250_0', 'text': ''}, {'tag': 'iframe', 'src': None, 'aria_label': 'Advertisement', 'class': None, 'id': 'google_ads_iframe_/13474545/MaltaToday_Home2_RectBanner2_0', 'text': ''}, {'tag': 'iframe', 'src': None, 'aria_label': 'Advertisement', 'class': None, 'id': 'google_ads_iframe_/13474545/MaltaToday_Home_RectBanner_300x250_1', 'text': ''}, {'tag': 'iframe', 'src': None, 'aria_label': 'Advertisement', 'class': None, 'id': 'google_ads_iframe_/13474545/MaltaToday_Home_Subsection_Leaderboard_0', 'text': ''}, {'tag': 'iframe', 'src': None, 'aria_label': 'Advertisement', 'class': None, 'id': 'google_ads_iframe_/13474545/MaltaToday_Home_Subsection_Leaderboard_1', 'text': ''}, {'tag': 'iframe', 'src': None, 'aria_label': 'Advertisement', 'class': None, 'id': 'google_ads_iframe_/13474545/MaltaToday_Home_Subsection_Leaderboard_2', 'text': ''}, {'tag': 'iframe', 'src': None, 'aria_label': 'Advertisement', 'class': None, 'id': 'google_ads_iframe_/13474545/MaltaToday_Home_Subsection_Leaderboard_5', 'text': ''}]",10,212,malta_today,home_page
246,119,25,18,5,2,4,84,10526,1619,24,8,"[{'tag': 'iframe', 'src': None, 'aria_label': 'Advertisement', 'class': None, 'id': 'google_ads_iframe_/13474545/MT_Homepage_Leaderboard_0', 'text': ''}, {'tag': 'iframe', 'src': None, 'aria_label': 'Advertisement', 'class': None, 'id': 'google_ads_iframe_/13474545/MaltaToday_Home_RectBanner_300x250_0', 'text': ''}, {'tag': 'iframe', 'src': None, 'aria_label': 'Advertisement', 'class': None, 'id': 'google_ads_iframe_/13474545/MaltaToday_Home2_RectBanner2_0', 'text': ''}, {'tag': 'iframe', 'src': None, 'aria_label': 'Advertisement', 'class': None, 'id': 'google_ads_iframe_/13474545/MaltaToday_Home_RectBanner_300x250_1', 'text': ''}, {'tag': 'iframe', 'src': None, 'aria_label': 'Advertisement', 'class': None, 'id': 'google_ads_iframe_/13474545/MaltaToday_Home_Subsection_Leaderboard_0', 'text': ''}, {'tag': 'iframe', 'src': None, 'aria_label': 'Advertisement', 'class': None, 'id': 'google_ads_iframe_/13474545/MaltaToday_Home_Subsection_Leaderboard_1', 'text': ''}, {'tag': 'iframe', 'src': None, 'aria_label': 'Advertisement', 'class': None, 'id': 'google_ads_iframe_/13474545/MaltaToday_Home_Subsection_Leaderboard_2', 'text': ''}, {'tag': 'iframe', 'src': None, 'aria_label': 'Advertisement', 'class': None, 'id': 'google_ads_iframe_/13474545/MaltaToday_Home_Subsection_Leaderboard_5', 'text': ''}]",10,213,malta_today,home_page
246,119,25,18,5,2,4,84,10526,1619,24,8,"[{'tag': 'iframe', 'src': None, 'aria_label': 'Advertisement', 'class': None, 'id': 'google_ads_iframe_/13474545/MT_Homepage_Leaderboard_0', 'text': ''}, {'tag': 'iframe', 'src': None, 'aria_label': 'Advertisement', 'class': None, 'id': 'google_ads_iframe_/13474545/MaltaToday_Home_RectBanner_300x250_0', 'text': ''}, {'tag': 'iframe', 'src': None, 'aria_label': 'Advertisement', 'class': None, 'id': 'google_ads_iframe_/13474545/MaltaToday_Home2_RectBanner2_0', 'text': ''}, {'tag': 'iframe', 'src': None, 'aria_label': 'Advertisement', 'class': None, 'id': 'google_ads_iframe_/13474545/MaltaToday_Home_RectBanner_300x250_1', 'text': ''}, {'tag': 'iframe', 'src': None, 'aria_label': 'Advertisement', 'class': None, 'id': 'google_ads_iframe_/13474545/MaltaToday_Home_Subsection_Leaderboard_0', 'text': ''}, {'tag': 'iframe', 'src': None, 'aria_label': 'Advertisement', 'class': None, 'id': 'google_ads_iframe_/13474545/MaltaToday_Home_Subsection_Leaderboard_1', 'text': ''}, {'tag': 'iframe', 'src': None, 'aria_label': 'Advertisement', 'class': None, 'id': 'google_ads_iframe_/13474545/MaltaToday_Home_Subsection_Leaderboard_2', 'text': ''}, {'tag': 'iframe', 'src': None, 'aria_label': 'Advertisement', 'class': None, 'id': 'google_ads_iframe_/13474545/MaltaToday_Home_Subsection_Leaderboard_5', 'text': ''}]",10,214,malta_today,home_page
246,119,25,18,5,2,4,84,10526,1619,24,8,"[{'tag': 'iframe', 'src': None, 'aria_label': 'Advertisement', 'class': None, 'id': 'google_ads_iframe_/13474545/MT_Homepage_Leaderboard_0', 'text': ''}, {'tag': 'iframe', 'src': None, 'aria_label': 'Advertisement', 'class': None, 'id': 'google_ads_iframe_/13474545/MaltaToday_Home_RectBanner_300x250_0', 'text': ''}, {'tag': 'iframe', 'src': None, 'aria_label': 'Advertisement', 'class': None, 'id': 'google_ads_iframe_/13474545/MaltaToday_Home2_RectBanner2_0', 'text': ''}, {'tag': 'iframe', 'src': None, 'aria_label': 'Advertisement', 'class': None, 'id': 'google_ads_iframe_/13474545/MaltaToday_Home_RectBanner_300x250_1', 'text': ''}, {'tag': 'iframe', 'src': None, 'aria_label': 'Advertisement', 'class': None, 'id': 'google_ads_iframe_/13474545/MaltaToday_Home_Subsection_Leaderboard_0', 'text': ''}, {'tag': 'iframe', 'src': None, 'aria_label': 'Advertisement', 'class': None, 'id': 'google_ads_iframe_/13474545/MaltaToday_Home_Subsection_Leaderboard_1', 'text': ''}, {'tag': 'iframe', 'src': None, 'aria_label': 'Advertisement', 'class': None, 'id': 'google_ads_iframe_/13474545/MaltaToday_Home_Subsection_Leaderboard_2', 'text': ''}, {'tag': 'iframe', 'src': None, 'aria_label': 'Advertisement', 'class': None, 'id': 'google_ads_iframe_/13474545/MaltaToday_Home_Subsection_Leaderboard_5', 'text': ''}]",10,215,malta_today,home_page
246,119,25,18,5,2,4,84,10526,1619,24,8,"[{'tag': 'iframe', 'src': None, 'aria_label': 'Advertisement', 'class': None, 'id': 'google_ads_iframe_/13474545/MT_Homepage_Leaderboard_0', 'text': ''}, {'tag': 'iframe', 'src': None, 'aria_label': 'Advertisement', 'class': None, 'id': 'google_ads_iframe_/13474545/MaltaToday_Home_RectBanner_300x250_0', 'text': ''}, {'tag': 'iframe', 'src': None, 'aria_label': 'Advertisement', 'class': None, 'id': 'google_ads_iframe_/13474545/MaltaToday_Home2_RectBanner2_0', 'text': ''}, {'tag': 'iframe', 'src': None, 'aria_label': 'Advertisement', 'class': None, 'id': 'google_ads_iframe_/13474545/MaltaToday_Home_RectBanner_300x250_1', 'text': ''}, {'tag': 'iframe', 'src': None, 'aria_label': 'Advertisement', 'class': None, 'id': 'google_ads_iframe_/13474545/MaltaToday_Home_Subsection_Leaderboard_0', 'text': ''}, {'tag': 'iframe', 'src': None, 'aria_label': 'Advertisement', 'class': None, 'id': 'google_ads_iframe_/13474545/MaltaToday_Home_Subsection_Leaderboard_1', 'text': ''}, {'tag': 'iframe', 'src': None, 'aria_label': 'Advertisement', 'class': None, 'id': 'google_ads_iframe_/13474545/MaltaToday_Home_Subsection_Leaderboard_2', 'text': ''}, {'tag': 'iframe', 'src': None, 'aria_label': 'Advertisement', 'class': None, 'id': 'google_ads_iframe_/13474545/MaltaToday_Home_Subsection_Leaderboard_5', 'text': ''}]",10,216,malta_today,home_page
246,119,25,18,5,2,4,84,10526,1619,24,8,"[{'tag': 'iframe', 'src': None, 'aria_label': 'Advertisement', 'class': None, 'id': 'google_ads_iframe_/13474545/MT_Homepage_Leaderboard_0', 'text': ''}, {'tag': 'iframe', 'src': None, 'aria_label': 'Advertisement', 'class': None, 'id': 'google_ads_iframe_/13474545/MaltaToday_Home_RectBanner_300x250_0', 'text': ''}, {'tag': 'iframe', 'src': None, 'aria_label': 'Advertisement', 'class': None, 'id': 'google_ads_iframe_/13474545/MaltaToday_Home2_RectBanner2_0', 'text': ''}, {'tag': 'iframe', 'src': None, 'aria_label': 'Advertisement', 'class': None, 'id': 'google_ads_iframe_/13474545/MaltaToday_Home_RectBanner_300x250_1', 'text': ''}, {'tag': 'iframe', 'src': None, 'aria_label': 'Advertisement', 'class': None, 'id': 'google_ads_iframe_/13474545/MaltaToday_Home_Subsection_Leaderboard_0', 'text': ''}, {'tag': 'iframe', 'src': None, 'aria_label': 'Advertisement', 'class': None, 'id': 'google_ads_iframe_/13474545/MaltaToday_Home_Subsection_Leaderboard_1', 'text': ''}, {'tag': 'iframe', 'src': None, 'aria_label': 'Advertisement', 'class': None, 'id': 'google_ads_iframe_/13474545/MaltaToday_Home_Subsection_Leaderboard_2', 'text': ''}, {'tag': 'iframe', 'src': None, 'aria_label': 'Advertisement', 'class': None, 'id': 'google_ads_iframe_/13474545/MaltaToday_Home_Subsection_Leaderboard_5', 'text': ''}]",10,217,malta_today,home_page
246,119,25,18,5,2,4,84,10526,1619,24,8,"[{'tag': 'iframe', 'src': None, 'aria_label': 'Advertisement', 'class': None, 'id': 'google_ads_iframe_/13474545/MT_Homepage_Leaderboard_0', 'text': ''}, {'tag': 'iframe', 'src': None, 'aria_label': 'Advertisement', 'class': None, 'id': 'google_ads_iframe_/13474545/MaltaToday_Home_RectBanner_300x250_0', 'text': ''}, {'tag': 'iframe', 'src': None, 'aria_label': 'Advertisement', 'class': None, 'id': 'google_ads_iframe_/13474545/MaltaToday_Home2_RectBanner2_0', 'text': ''}, {'tag': 'iframe', 'src': None, 'aria_label': 'Advertisement', 'class': None, 'id': 'google_ads_iframe_/13474545/MaltaToday_Home_RectBanner_300x250_1', 'text': ''}, {'tag': 'iframe', 'src': None, 'aria_label': 'Advertisement', 'class': None, 'id': 'google_ads_iframe_/13474545/MaltaToday_Home_Subsection_Leaderboard_0', 'text': ''}, {'tag': 'iframe', 'src': None, 'aria_label': 'Advertisement', 'class': None, 'id': 'google_ads_iframe_/13474545/MaltaToday_Home_Subsection_Leaderboard_1', 'text': ''}, {'tag': 'iframe', 'src': None, 'aria_label': 'Advertisement', 'class': None, 'id': 'google_ads_iframe_/13474545/MaltaToday_Home_Subsection_Leaderboard_2', 'text': ''}, {'tag': 'iframe', 'src': None, 'aria_label': 'Advertisement', 'class': None, 'id': 'google_ads_iframe_/13474545/MaltaToday_Home_Subsection_Leaderboard_5', 'text': ''}]",10,218,malta_today,home_page
246,119,25,18,5,2,4,84,10526,1619,24,8,"[{'tag': 'iframe', 'src': None, 'aria_label': 'Advertisement', 'class': None, 'id': 'google_ads_iframe_/13474545/MT_Homepage_Leaderboard_0', 'text': ''}, {'tag': 'iframe', 'src': None, 'aria_label': 'Advertisement', 'class': None, 'id': 'google_ads_iframe_/13474545/MaltaToday_Home_RectBanner_300x250_0', 'text': ''}, {'tag': 'iframe', 'src': None, 'aria_label': 'Advertisement', 'class': None, 'id': 'google_ads_iframe_/13474545/MaltaToday_Home2_RectBanner2_0', 'text': ''}, {'tag': 'iframe', 'src': None, 'aria_label': 'Advertisement', 'class': None, 'id': 'google_ads_iframe_/13474545/MaltaToday_Home_RectBanner_300x250_1', 'text': ''}, {'tag': 'iframe', 'src': None, 'aria_label': 'Advertisement', 'class': None, 'id': 'google_ads_iframe_/13474545/MaltaToday_Home_Subsection_Leaderboard_0', 'text': ''}, {'tag': 'iframe', 'src': None, 'aria_label': 'Advertisement', 'class': None, 'id': 'google_ads_iframe_/13474545/MaltaToday_Home_Subsection_Leaderboard_1', 'text': ''}, {'tag': 'iframe', 'src': None, 'aria_label': 'Advertisement', 'class': None, 'id': 'google_ads_iframe_/13474545/MaltaToday_Home_Subsection_Leaderboard_2', 'text': ''}, {'tag': 'iframe', 'src': None, 'aria_label': 'Advertisement', 'class': None, 'id': 'google_ads_iframe_/13474545/MaltaToday_Home_Subsection_Leaderboard_5', 'text': ''}]",10,219,malta_today,home_page
246,119,25,18,5,2,4,84,10526,1619,24,8,"[{'tag': 'iframe', 'src': None, 'aria_label': 'Advertisement', 'class': None, 'id': 'google_ads_iframe_/13474545/MT_Homepage_Leaderboard_0', 'text': ''}, {'tag': 'iframe', 'src': None, 'aria_label': 'Advertisement', 'class': None, 'id': 'google_ads_iframe_/13474545/MaltaToday_Home_RectBanner_300x250_0', 'text': ''}, {'tag': 'iframe', 'src': None, 'aria_label': 'Advertisement', 'class': None, 'id': 'google_ads_iframe_/13474545/MaltaToday_Home2_RectBanner2_0', 'text': ''}, {'tag': 'iframe', 'src': None, 'aria_label': 'Advertisement', 'class': None, 'id': 'google_ads_iframe_/13474545/MaltaToday_Home_RectBanner_300x250_1', 'text': ''}, {'tag': 'iframe', 'src': None, 'aria_label': 'Advertisement', 'class': None, 'id': 'google_ads_iframe_/13474545/MaltaToday_Home_Subsection_Leaderboard_0', 'text': ''}, {'tag': 'iframe', 'src': None, 'aria_label': 'Advertisement', 'class': None, 'id': 'google_ads_iframe_/13474545/MaltaToday_Home_Subsection_Leaderboard_1', 'text': ''}, {'tag': 'iframe', 'src': None, 'aria_label': 'Advertisement', 'class': None, 'id': 'google_ads_iframe_/13474545/MaltaToday_Home_Subsection_Leaderboard_2', 'text': ''}, {'tag': 'iframe', 'src': None, 'aria_label': 'Advertisement', 'class': None, 'id': 'google_ads_iframe_/13474545/MaltaToday_Home_Subsection_Leaderboard_5', 'text': ''}]",10,220,malta_today,home_page
246,119,25,18,5,2,4,84,10526,1619,24,8,"[{'tag': 'iframe', 'src': None, 'aria_label': 'Advertisement', 'class': None, 'id': 'google_ads_iframe_/13474545/MT_Homepage_Leaderboard_0', 'text': ''}, {'tag': 'iframe', 'src': None, 'aria_label': 'Advertisement', 'class': None, 'id': 'google_ads_iframe_/13474545/MaltaToday_Home_RectBanner_300x250_0', 'text': ''}, {'tag': 'iframe', 'src': None, 'aria_label': 'Advertisement', 'class': None, 'id': 'google_ads_iframe_/13474545/MaltaToday_Home2_RectBanner2_0', 'text': ''}, {'tag': 'iframe', 'src': None, 'aria_label': 'Advertisement', 'class': None, 'id': 'google_ads_iframe_/13474545/MaltaToday_Home_RectBanner_300x250_1', 'text': ''}, {'tag': 'iframe', 'src': None, 'aria_label': 'Advertisement', 'class': None, 'id': 'google_ads_iframe_/13474545/MaltaToday_Home_Subsection_Leaderboard_0', 'text': ''}, {'tag': 'iframe', 'src': None, 'aria_label': 'Advertisement', 'class': None, 'id': 'google_ads_iframe_/13474545/MaltaToday_Home_Subsection_Leaderboard_1', 'text': ''}, {'tag': 'iframe', 'src': None, 'aria_label': 'Advertisement', 'class': None, 'id': 'google_ads_iframe_/13474545/MaltaToday_Home_Subsection_Leaderboard_2', 'text': ''}, {'tag': 'iframe', 'src': None, 'aria_label': 'Advertisement', 'class': None, 'id': 'google_ads_iframe_/13474545/MaltaToday_Home_Subsection_Leaderboard_5', 'text': ''}]",10,221,malta_today,home_page
246,119,25,18,5,2,4,84,10526,1619,24,8,"[{'tag': 'iframe', 'src': None, 'aria_label': 'Advertisement', 'class': None, 'id': 'google_ads_iframe_/13474545/MT_Homepage_Leaderboard_0', 'text': ''}, {'tag': 'iframe', 'src': None, 'aria_label': 'Advertisement', 'class': None, 'id': 'google_ads_iframe_/13474545/MaltaToday_Home_RectBanner_300x250_0', 'text': ''}, {'tag': 'iframe', 'src': None, 'aria_label': 'Advertisement', 'class': None, 'id': 'google_ads_iframe_/13474545/MaltaToday_Home2_RectBanner2_0', 'text': ''}, {'tag': 'iframe', 'src': None, 'aria_label': 'Advertisement', 'class': None, 'id': 'google_ads_iframe_/13474545/MaltaToday_Home_RectBanner_300x250_1', 'text': ''}, {'tag': 'iframe', 'src': None, 'aria_label': 'Advertisement', 'class': None, 'id': 'google_ads_iframe_/13474545/MaltaToday_Home_Subsection_Leaderboard_0', 'text': ''}, {'tag': 'iframe', 'src': None, 'aria_label': 'Advertisement', 'class': None, 'id': 'google_ads_iframe_/13474545/MaltaToday_Home_Subsection_Leaderboard_1', 'text': ''}, {'tag': 'iframe', 'src': None, 'aria_label': 'Advertisement', 'class': None, 'id': 'google_ads_iframe_/13474545/MaltaToday_Home_Subsection_Leaderboard_2', 'text': ''}, {'tag': 'iframe', 'src': None, 'aria_label': 'Advertisement', 'class': None, 'id': 'google_ads_iframe_/13474545/MaltaToday_Home_Subsection_Leaderboard_5', 'text': ''}]",10,222,malta_today,home_page
246,119,25,18,5,2,4,84,10526,1619,24,8,"[{'tag': 'iframe', 'src': None, 'aria_label': 'Advertisement', 'class': None, 'id': 'google_ads_iframe_/13474545/MT_Homepage_Leaderboard_0', 'text': ''}, {'tag': 'iframe', 'src': None, 'aria_label': 'Advertisement', 'class': None, 'id': 'google_ads_iframe_/13474545/MaltaToday_Home_RectBanner_300x250_0', 'text': ''}, {'tag': 'iframe', 'src': None, 'aria_label': 'Advertisement', 'class': None, 'id': 'google_ads_iframe_/13474545/MaltaToday_Home2_RectBanner2_0', 'text': ''}, {'tag': 'iframe', 'src': None, 'aria_label': 'Advertisement', 'class': None, 'id': 'google_ads_iframe_/13474545/MaltaToday_Home_RectBanner_300x250_1', 'text': ''}, {'tag': 'iframe', 'src': None, 'aria_label': 'Advertisement', 'class': None, 'id': 'google_ads_iframe_/13474545/MaltaToday_Home_Subsection_Leaderboard_0', 'text': ''}, {'tag': 'iframe', 'src': None, 'aria_label': 'Advertisement', 'class': None, 'id': 'google_ads_iframe_/13474545/MaltaToday_Home_Subsection_Leaderboard_1', 'text': ''}, {'tag': 'iframe', 'src': None, 'aria_label': 'Advertisement', 'class': None, 'id': 'google_ads_iframe_/13474545/MaltaToday_Home_Subsection_Leaderboard_2', 'text': ''}, {'tag': 'iframe', 'src': None, 'aria_label': 'Advertisement', 'class': None, 'id': 'google_ads_iframe_/13474545/MaltaToday_Home_Subsection_Leaderboard_5', 'text': ''}]",10,223,malta_today,home_page
246,119,25,18,5,2,4,84,10526,1619,24,8,"[{'tag': 'iframe', 'src': None, 'aria_label': 'Advertisement', 'class': None, 'id': 'google_ads_iframe_/13474545/MT_Homepage_Leaderboard_0', 'text': ''}, {'tag': 'iframe', 'src': None, 'aria_label': 'Advertisement', 'class': None, 'id': 'google_ads_iframe_/13474545/MaltaToday_Home_RectBanner_300x250_0', 'text': ''}, {'tag': 'iframe', 'src': None, 'aria_label': 'Advertisement', 'class': None, 'id': 'google_ads_iframe_/13474545/MaltaToday_Home2_RectBanner2_0', 'text': ''}, {'tag': 'iframe', 'src': None, 'aria_label': 'Advertisement', 'class': None, 'id': 'google_ads_iframe_/13474545/MaltaToday_Home_RectBanner_300x250_1', 'text': ''}, {'tag': 'iframe', 'src': None, 'aria_label': 'Advertisement', 'class': None, 'id': 'google_ads_iframe_/13474545/MaltaToday_Home_Subsection_Leaderboard_0', 'text': ''}, {'tag': 'iframe', 'src': None, 'aria_label': 'Advertisement', 'class': None, 'id': 'google_ads_iframe_/13474545/MaltaToday_Home_Subsection_Leaderboard_1', 'text': ''}, {'tag': 'iframe', 'src': None, 'aria_label': 'Advertisement', 'class': None, 'id': 'google_ads_iframe_/13474545/MaltaToday_Home_Subsection_Leaderboard_2', 'text': ''}, {'tag': 'iframe', 'src': None, 'aria_label': 'Advertisement', 'class': None, 'id': 'google_ads_iframe_/13474545/MaltaToday_Home_Subsection_Leaderboard_5', 'text': ''}]",10,224,malta_today,home_page
246,119,25,18,5,2,4,84,10526,1619,24,8,"[{'tag': 'iframe', 'src': None, 'aria_label': 'Advertisement', 'class': None, 'id': 'google_ads_iframe_/13474545/MT_Homepage_Leaderboard_0', 'text': ''}, {'tag': 'iframe', 'src': None, 'aria_label': 'Advertisement', 'class': None, 'id': 'google_ads_iframe_/13474545/MaltaToday_Home_RectBanner_300x250_0', 'text': ''}, {'tag': 'iframe', 'src': None, 'aria_label': 'Advertisement', 'class': None, 'id': 'google_ads_iframe_/13474545/MaltaToday_Home2_RectBanner2_0', 'text': ''}, {'tag': 'iframe', 'src': None, 'aria_label': 'Advertisement', 'class': None, 'id': 'google_ads_iframe_/13474545/MaltaToday_Home_RectBanner_300x250_1', 'text': ''}, {'tag': 'iframe', 'src': None, 'aria_label': 'Advertisement', 'class': None, 'id': 'google_ads_iframe_/13474545/MaltaToday_Home_Subsection_Leaderboard_0', 'text': ''}, {'tag': 'iframe', 'src': None, 'aria_label': 'Advertisement', 'class': None, 'id': 'google_ads_iframe_/13474545/MaltaToday_Home_Subsection_Leaderboard_1', 'text': ''}, {'tag': 'iframe', 'src': None, 'aria_label': 'Advertisement', 'class': None, 'id': 'google_ads_iframe_/13474545/MaltaToday_Home_Subsection_Leaderboard_2', 'text': ''}, {'tag': 'iframe', 'src': None, 'aria_label': 'Advertisement', 'class': None, 'id': 'google_ads_iframe_/13474545/MaltaToday_Home_Subsection_Leaderboard_5', 'text': ''}]",10,225,malta_today,home_page
246,119,25,18,5,2,4,84,10526,1619,24,8,"[{'tag': 'iframe', 'src': None, 'aria_label': 'Advertisement', 'class': None, 'id': 'google_ads_iframe_/13474545/MT_Homepage_Leaderboard_0', 'text': ''}, {'tag': 'iframe', 'src': None, 'aria_label': 'Advertisement', 'class': None, 'id': 'google_ads_iframe_/13474545/MaltaToday_Home_RectBanner_300x250_0', 'text': ''}, {'tag': 'iframe', 'src': None, 'aria_label': 'Advertisement', 'class': None, 'id': 'google_ads_iframe_/13474545/MaltaToday_Home2_RectBanner2_0', 'text': ''}, {'tag': 'iframe', 'src': None, 'aria_label': 'Advertisement', 'class': None, 'id': 'google_ads_iframe_/13474545/MaltaToday_Home_RectBanner_300x250_1', 'text': ''}, {'tag': 'iframe', 'src': None, 'aria_label': 'Advertisement', 'class': None, 'id': 'google_ads_iframe_/13474545/MaltaToday_Home_Subsection_Leaderboard_0', 'text': ''}, {'tag': 'iframe', 'src': None, 'aria_label': 'Advertisement', 'class': None, 'id': 'google_ads_iframe_/13474545/MaltaToday_Home_Subsection_Leaderboard_1', 'text': ''}, {'tag': 'iframe', 'src': None, 'aria_label': 'Advertisement', 'class': None, 'id': 'google_ads_iframe_/13474545/MaltaToday_Home_Subsection_Leaderboard_2', 'text': ''}, {'tag': 'iframe', 'src': None, 'aria_label': 'Advertisement', 'class': None, 'id': 'google_ads_iframe_/13474545/MaltaToday_Home_Subsection_Leaderboard_5', 'text': ''}]",10,226,malta_today,home_page
246,119,25,18,5,2,4,84,10526,1619,24,8,"[{'tag': 'iframe', 'src': None, 'aria_label': 'Advertisement', 'class': None, 'id': 'google_ads_iframe_/13474545/MT_Homepage_Leaderboard_0', 'text': ''}, {'tag': 'iframe', 'src': None, 'aria_label': 'Advertisement', 'class': None, 'id': 'google_ads_iframe_/13474545/MaltaToday_Home_RectBanner_300x250_0', 'text': ''}, {'tag': 'iframe', 'src': None, 'aria_label': 'Advertisement', 'class': None, 'id': 'google_ads_iframe_/13474545/MaltaToday_Home2_RectBanner2_0', 'text': ''}, {'tag': 'iframe', 'src': None, 'aria_label': 'Advertisement', 'class': None, 'id': 'google_ads_iframe_/13474545/MaltaToday_Home_RectBanner_300x250_1', 'text': ''}, {'tag': 'iframe', 'src': None, 'aria_label': 'Advertisement', 'class': None, 'id': 'google_ads_iframe_/13474545/MaltaToday_Home_Subsection_Leaderboard_0', 'text': ''}, {'tag': 'iframe', 'src': None, 'aria_label': 'Advertisement', 'class': None, 'id': 'google_ads_iframe_/13474545/MaltaToday_Home_Subsection_Leaderboard_1', 'text': ''}, {'tag': 'iframe', 'src': None, 'aria_label': 'Advertisement', 'class': None, 'id': 'google_ads_iframe_/13474545/MaltaToday_Home_Subsection_Leaderboard_2', 'text': ''}, {'tag': 'iframe', 'src': None, 'aria_label': 'Advertisement', 'class': None, 'id': 'google_ads_iframe_/13474545/MaltaToday_Home_Subsection_Leaderboard_5', 'text': ''}]",10,227,malta_today,home_page
246,119,25,18,5,2,4,84,10526,1619,24,8,"[{'tag': 'iframe', 'src': None, 'aria_label': 'Advertisement', 'class': None, 'id': 'google_ads_iframe_/13474545/MT_Homepage_Leaderboard_0', 'text': ''}, {'tag': 'iframe', 'src': None, 'aria_label': 'Advertisement', 'class': None, 'id': 'google_ads_iframe_/13474545/MaltaToday_Home_RectBanner_300x250_0', 'text': ''}, {'tag': 'iframe', 'src': None, 'aria_label': 'Advertisement', 'class': None, 'id': 'google_ads_iframe_/13474545/MaltaToday_Home2_RectBanner2_0', 'text': ''}, {'tag': 'iframe', 'src': None, 'aria_label': 'Advertisement', 'class': None, 'id': 'google_ads_iframe_/13474545/MaltaToday_Home_RectBanner_300x250_1', 'text': ''}, {'tag': 'iframe', 'src': None, 'aria_label': 'Advertisement', 'class': None, 'id': 'google_ads_iframe_/13474545/MaltaToday_Home_Subsection_Leaderboard_0', 'text': ''}, {'tag': 'iframe', 'src': None, 'aria_label': 'Advertisement', 'class': None, 'id': 'google_ads_iframe_/13474545/MaltaToday_Home_Subsection_Leaderboard_1', 'text': ''}, {'tag': 'iframe', 'src': None, 'aria_label': 'Advertisement', 'class': None, 'id': 'google_ads_iframe_/13474545/MaltaToday_Home_Subsection_Leaderboard_2', 'text': ''}, {'tag': 'iframe', 'src': None, 'aria_label': 'Advertisement', 'class': None, 'id': 'google_ads_iframe_/13474545/MaltaToday_Home_Subsection_Leaderboard_5', 'text': ''}]",10,228,malta_today,home_page
246,119,25,18,5,2,4,84,10526,1619,24,8,"[{'tag': 'iframe', 'src': None, 'aria_label': 'Advertisement', 'class': None, 'id': 'google_ads_iframe_/13474545/MT_Homepage_Leaderboard_0', 'text': ''}, {'tag': 'iframe', 'src': None, 'aria_label': 'Advertisement', 'class': None, 'id': 'google_ads_iframe_/13474545/MaltaToday_Home_RectBanner_300x250_0', 'text': ''}, {'tag': 'iframe', 'src': None, 'aria_label': 'Advertisement', 'class': None, 'id': 'google_ads_iframe_/13474545/MaltaToday_Home2_RectBanner2_0', 'text': ''}, {'tag': 'iframe', 'src': None, 'aria_label': 'Advertisement', 'class': None, 'id': 'google_ads_iframe_/13474545/MaltaToday_Home_RectBanner_300x250_1', 'text': ''}, {'tag': 'iframe', 'src': None, 'aria_label': 'Advertisement', 'class': None, 'id': 'google_ads_iframe_/13474545/MaltaToday_Home_Subsection_Leaderboard_0', 'text': ''}, {'tag': 'iframe', 'src': None, 'aria_label': 'Advertisement', 'class': None, 'id': 'google_ads_iframe_/13474545/MaltaToday_Home_Subsection_Leaderboard_1', 'text': ''}, {'tag': 'iframe', 'src': None, 'aria_label': 'Advertisement', 'class': None, 'id': 'google_ads_iframe_/13474545/MaltaToday_Home_Subsection_Leaderboard_2', 'text': ''}, {'tag': 'iframe', 'src': None, 'aria_label': 'Advertisement', 'class': None, 'id': 'google_ads_iframe_/13474545/MaltaToday_Home_Subsection_Leaderboard_5', 'text': ''}]",10,229,malta_today,home_page
246,119,25,18,5,2,4,84,10526,1619,24,8,"[{'tag': 'iframe', 'src': None, 'aria_label': 'Advertisement', 'class': None, 'id': 'google_ads_iframe_/13474545/MT_Homepage_Leaderboard_0', 'text': ''}, {'tag': 'iframe', 'src': None, 'aria_label': 'Advertisement', 'class': None, 'id': 'google_ads_iframe_/13474545/MaltaToday_Home_RectBanner_300x250_0', 'text': ''}, {'tag': 'iframe', 'src': None, 'aria_label': 'Advertisement', 'class': None, 'id': 'google_ads_iframe_/13474545/MaltaToday_Home2_RectBanner2_0', 'text': ''}, {'tag': 'iframe', 'src': None, 'aria_label': 'Advertisement', 'class': None, 'id': 'google_ads_iframe_/13474545/MaltaToday_Home_RectBanner_300x250_1', 'text': ''}, {'tag': 'iframe', 'src': None, 'aria_label': 'Advertisement', 'class': None, 'id': 'google_ads_iframe_/13474545/MaltaToday_Home_Subsection_Leaderboard_0', 'text': ''}, {'tag': 'iframe', 'src': None, 'aria_label': 'Advertisement', 'class': None, 'id': 'google_ads_iframe_/13474545/MaltaToday_Home_Subsection_Leaderboard_1', 'text': ''}, {'tag': 'iframe', 'src': None, 'aria_label': 'Advertisement', 'class': None, 'id': 'google_ads_iframe_/13474545/MaltaToday_Home_Subsection_Leaderboard_2', 'text': ''}, {'tag': 'iframe', 'src': None, 'aria_label': 'Advertisement', 'class': None, 'id': 'google_ads_iframe_/13474545/MaltaToday_Home_Subsection_Leaderboard_5', 'text': ''}]",10,230,malta_today,home_page
246,119,25,18,5,2,4,84,10526,1619,24,8,"[{'tag': 'iframe', 'src': None, 'aria_label': 'Advertisement', 'class': None, 'id': 'google_ads_iframe_/13474545/MT_Homepage_Leaderboard_0', 'text': ''}, {'tag': 'iframe', 'src': None, 'aria_label': 'Advertisement', 'class': None, 'id': 'google_ads_iframe_/13474545/MaltaToday_Home_RectBanner_300x250_0', 'text': ''}, {'tag': 'iframe', 'src': None, 'aria_label': 'Advertisement', 'class': None, 'id': 'google_ads_iframe_/13474545/MaltaToday_Home2_RectBanner2_0', 'text': ''}, {'tag': 'iframe', 'src': None, 'aria_label': 'Advertisement', 'class': None, 'id': 'google_ads_iframe_/13474545/MaltaToday_Home_RectBanner_300x250_1', 'text': ''}, {'tag': 'iframe', 'src': None, 'aria_label': 'Advertisement', 'class': None, 'id': 'google_ads_iframe_/13474545/MaltaToday_Home_Subsection_Leaderboard_0', 'text': ''}, {'tag': 'iframe', 'src': None, 'aria_label': 'Advertisement', 'class': None, 'id': 'google_ads_iframe_/13474545/MaltaToday_Home_Subsection_Leaderboard_1', 'text': ''}, {'tag': 'iframe', 'src': None, 'aria_label': 'Advertisement', 'class': None, 'id': 'google_ads_iframe_/13474545/MaltaToday_Home_Subsection_Leaderboard_2', 'text': ''}, {'tag': 'iframe', 'src': None, 'aria_label': 'Advertisement', 'class': None, 'id': 'google_ads_iframe_/13474545/MaltaToday_Home_Subsection_Leaderboard_5', 'text': ''}]",10,231,malta_today,home_page
246,119,25,18,5,2,4,84,10526,1619,24,8,"[{'tag': 'iframe', 'src': None, 'aria_label': 'Advertisement', 'class': None, 'id': 'google_ads_iframe_/13474545/MT_Homepage_Leaderboard_0', 'text': ''}, {'tag': 'iframe', 'src': None, 'aria_label': 'Advertisement', 'class': None, 'id': 'google_ads_iframe_/13474545/MaltaToday_Home_RectBanner_300x250_0', 'text': ''}, {'tag': 'iframe', 'src': None, 'aria_label': 'Advertisement', 'class': None, 'id': 'google_ads_iframe_/13474545/MaltaToday_Home2_RectBanner2_0', 'text': ''}, {'tag': 'iframe', 'src': None, 'aria_label': 'Advertisement', 'class': None, 'id': 'google_ads_iframe_/13474545/MaltaToday_Home_RectBanner_300x250_1', 'text': ''}, {'tag': 'iframe', 'src': None, 'aria_label': 'Advertisement', 'class': None, 'id': 'google_ads_iframe_/13474545/MaltaToday_Home_Subsection_Leaderboard_0', 'text': ''}, {'tag': 'iframe', 'src': None, 'aria_label': 'Advertisement', 'class': None, 'id': 'google_ads_iframe_/13474545/MaltaToday_Home_Subsection_Leaderboard_1', 'text': ''}, {'tag': 'iframe', 'src': None, 'aria_label': 'Advertisement', 'class': None, 'id': 'google_ads_iframe_/13474545/MaltaToday_Home_Subsection_Leaderboard_2', 'text': ''}, {'tag': 'iframe', 'src': None, 'aria_label': 'Advertisement', 'class': None, 'id': 'google_ads_iframe_/13474545/MaltaToday_Home_Subsection_Leaderboard_5', 'text': ''}]",10,232,malta_today,home_page
246,119,25,18,5,2,4,84,10526,1619,24,8,"[{'tag': 'iframe', 'src': None, 'aria_label': 'Advertisement', 'class': None, 'id': 'google_ads_iframe_/13474545/MT_Homepage_Leaderboard_0', 'text': ''}, {'tag': 'iframe', 'src': None, 'aria_label': 'Advertisement', 'class': None, 'id': 'google_ads_iframe_/13474545/MaltaToday_Home_RectBanner_300x250_0', 'text': ''}, {'tag': 'iframe', 'src': None, 'aria_label': 'Advertisement', 'class': None, 'id': 'google_ads_iframe_/13474545/MaltaToday_Home2_RectBanner2_0', 'text': ''}, {'tag': 'iframe', 'src': None, 'aria_label': 'Advertisement', 'class': None, 'id': 'google_ads_iframe_/13474545/MaltaToday_Home_RectBanner_300x250_1', 'text': ''}, {'tag': 'iframe', 'src': None, 'aria_label': 'Advertisement', 'class': None, 'id': 'google_ads_iframe_/13474545/MaltaToday_Home_Subsection_Leaderboard_0', 'text': ''}, {'tag': 'iframe', 'src': None, 'aria_label': 'Advertisement', 'class': None, 'id': 'google_ads_iframe_/13474545/MaltaToday_Home_Subsection_Leaderboard_1', 'text': ''}, {'tag': 'iframe', 'src': None, 'aria_label': 'Advertisement', 'class': None, 'id': 'google_ads_iframe_/13474545/MaltaToday_Home_Subsection_Leaderboard_2', 'text': ''}, {'tag': 'iframe', 'src': None, 'aria_label': 'Advertisement', 'class': None, 'id': 'google_ads_iframe_/13474545/MaltaToday_Home_Subsection_Leaderboard_5', 'text': ''}]",10,233,malta_today,home_page
180,49,25,12,3,2,36,26,8807,1334,24,4,"[{'tag': 'iframe', 'src': None, 'aria_label': 'Advertisement', 'class': None, 'id': 'google_ads_iframe_/13474545/MaltaToday_News_Leaderboard_728x90_0', 'text': ''}, {'tag': 'iframe', 'src': None, 'aria_label': 'Advertisement', 'class': None, 'id': 'google_ads_iframe_/13474545/MaltaToday_News_RectBanner_300x250_0', 'text': ''}, {'tag': 'iframe', 'src': None, 'aria_label': 'Advertisement', 'class': None, 'id': 'google_ads_iframe_/13474545/MaltaToday_News_Leaderboard2_0', 'text': ''}, {'tag': 'iframe', 'src': None, 'aria_label': 'Advertisement', 'class': None, 'id': 'google_ads_iframe_/13474545/MaltaToday_News_Leaderboard2_1', 'text': ''}]",8,234,malta_today,news_listing
180,49,25,12,3,2,36,26,8807,1334,24,4,"[{'tag': 'iframe', 'src': None, 'aria_label': 'Advertisement', 'class': None, 'id': 'google_ads_iframe_/13474545/MaltaToday_News_Leaderboard_728x90_0', 'text': ''}, {'tag': 'iframe', 'src': None, 'aria_label': 'Advertisement', 'class': None, 'id': 'google_ads_iframe_/13474545/MaltaToday_News_RectBanner_300x250_0', 'text': ''}, {'tag': 'iframe', 'src': None, 'aria_label': 'Advertisement', 'class': None, 'id': 'google_ads_iframe_/13474545/MaltaToday_News_Leaderboard2_0', 'text': ''}, {'tag': 'iframe', 'src': None, 'aria_label': 'Advertisement', 'class': None, 'id': 'google_ads_iframe_/13474545/MaltaToday_News_Leaderboard2_1', 'text': ''}]",8,235,malta_today,news_listing
180,49,25,12,3,2,36,26,8807,1334,24,4,"[{'tag': 'iframe', 'src': None, 'aria_label': 'Advertisement', 'class': None, 'id': 'google_ads_iframe_/13474545/MaltaToday_News_Leaderboard_728x90_0', 'text': ''}, {'tag': 'iframe', 'src': None, 'aria_label': 'Advertisement', 'class': None, 'id': 'google_ads_iframe_/13474545/MaltaToday_News_RectBanner_300x250_0', 'text': ''}, {'tag': 'iframe', 'src': None, 'aria_label': 'Advertisement', 'class': None, 'id': 'google_ads_iframe_/13474545/MaltaToday_News_Leaderboard2_0', 'text': ''}, {'tag': 'iframe', 'src': None, 'aria_label': 'Advertisement', 'class': None, 'id': 'google_ads_iframe_/13474545/MaltaToday_News_Leaderboard2_1', 'text': ''}]",8,236,malta_today,news_listing
180,49,25,12,3,2,36,26,8807,1334,24,4,"[{'tag': 'iframe', 'src': None, 'aria_label': 'Advertisement', 'class': None, 'id': 'google_ads_iframe_/13474545/MaltaToday_News_Leaderboard_728x90_0', 'text': ''}, {'tag': 'iframe', 'src': None, 'aria_label': 'Advertisement', 'class': None, 'id': 'google_ads_iframe_/13474545/MaltaToday_News_RectBanner_300x250_0', 'text': ''}, {'tag': 'iframe', 'src': None, 'aria_label': 'Advertisement', 'class': None, 'id': 'google_ads_iframe_/13474545/MaltaToday_News_Leaderboard2_0', 'text': ''}, {'tag': 'iframe', 'src': None, 'aria_label': 'Advertisement', 'class': None, 'id': 'google_ads_iframe_/13474545/MaltaToday_News_Leaderboard2_1', 'text': ''}]",8,237,malta_today,news_listing
180,49,25,12,3,2,36,26,8807,1334,24,4,"[{'tag': 'iframe', 'src': None, 'aria_label': 'Advertisement', 'class': None, 'id': 'google_ads_iframe_/13474545/MaltaToday_News_Leaderboard_728x90_0', 'text': ''}, {'tag': 'iframe', 'src': None, 'aria_label': 'Advertisement', 'class': None, 'id': 'google_ads_iframe_/13474545/MaltaToday_News_RectBanner_300x250_0', 'text': ''}, {'tag': 'iframe', 'src': None, 'aria_label': 'Advertisement', 'class': None, 'id': 'google_ads_iframe_/13474545/MaltaToday_News_Leaderboard2_0', 'text': ''}, {'tag': 'iframe', 'src': None, 'aria_label': 'Advertisement', 'class': None, 'id': 'google_ads_iframe_/13474545/MaltaToday_News_Leaderboard2_1', 'text': ''}]",8,238,malta_today,news_listing
180,49,25,12,3,2,36,26,8807,1334,24,4,"[{'tag': 'iframe', 'src': None, 'aria_label': 'Advertisement', 'class': None, 'id': 'google_ads_iframe_/13474545/MaltaToday_News_Leaderboard_728x90_0', 'text': ''}, {'tag': 'iframe', 'src': None, 'aria_label': 'Advertisement', 'class': None, 'id': 'google_ads_iframe_/13474545/MaltaToday_News_RectBanner_300x250_0', 'text': ''}, {'tag': 'iframe', 'src': None, 'aria_label': 'Advertisement', 'class': None, 'id': 'google_ads_iframe_/13474545/MaltaToday_News_Leaderboard2_0', 'text': ''}, {'tag': 'iframe', 'src': None, 'aria_label': 'Advertisement', 'class': None, 'id': 'google_ads_iframe_/13474545/MaltaToday_News_Leaderboard2_1', 'text': ''}]",8,239,malta_today,news_listing
180,49,25,12,3,2,36,26,8807,1334,24,4,"[{'tag': 'iframe', 'src': None, 'aria_label': 'Advertisement', 'class': None, 'id': 'google_ads_iframe_/13474545/MaltaToday_News_Leaderboard_728x90_0', 'text': ''}, {'tag': 'iframe', 'src': None, 'aria_label': 'Advertisement', 'class': None, 'id': 'google_ads_iframe_/13474545/MaltaToday_News_RectBanner_300x250_0', 'text': ''}, {'tag': 'iframe', 'src': None, 'aria_label': 'Advertisement', 'class': None, 'id': 'google_ads_iframe_/13474545/MaltaToday_News_Leaderboard2_0', 'text': ''}, {'tag': 'iframe', 'src': None, 'aria_label': 'Advertisement', 'class': None, 'id': 'google_ads_iframe_/13474545/MaltaToday_News_Leaderboard2_1', 'text': ''}]",8,240,malta_today,news_listing
180,49,25,12,3,2,36,26,8807,1334,24,4,"[{'tag': 'iframe', 'src': None, 'aria_label': 'Advertisement', 'class': None, 'id': 'google_ads_iframe_/13474545/MaltaToday_News_Leaderboard_728x90_0', 'text': ''}, {'tag': 'iframe', 'src': None, 'aria_label': 'Advertisement', 'class': None, 'id': 'google_ads_iframe_/13474545/MaltaToday_News_RectBanner_300x250_0', 'text': ''}, {'tag': 'iframe', 'src': None, 'aria_label': 'Advertisement', 'class': None, 'id': 'google_ads_iframe_/13474545/MaltaToday_News_Leaderboard2_0', 'text': ''}, {'tag': 'iframe', 'src': None, 'aria_label': 'Advertisement', 'class': None, 'id': 'google_ads_iframe_/13474545/MaltaToday_News_Leaderboard2_1', 'text': ''}]",8,241,malta_today,news_listing
180,49,25,12,3,2,36,26,8807,1334,24,4,"[{'tag': 'iframe', 'src': None, 'aria_label': 'Advertisement', 'class': None, 'id': 'google_ads_iframe_/13474545/MaltaToday_News_Leaderboard_728x90_0', 'text': ''}, {'tag': 'iframe', 'src': None, 'aria_label': 'Advertisement', 'class': None, 'id': 'google_ads_iframe_/13474545/MaltaToday_News_RectBanner_300x250_0', 'text': ''}, {'tag': 'iframe', 'src': None, 'aria_label': 'Advertisement', 'class': None, 'id': 'google_ads_iframe_/13474545/MaltaToday_News_Leaderboard2_0', 'text': ''}, {'tag': 'iframe', 'src': None, 'aria_label': 'Advertisement', 'class': None, 'id': 'google_ads_iframe_/13474545/MaltaToday_News_Leaderboard2_1', 'text': ''}]",8,242,malta_today,news_listing
180,49,25,12,3,2,36,26,8807,1334,24,4,"[{'tag': 'iframe', 'src': None, 'aria_label': 'Advertisement', 'class': None, 'id': 'google_ads_iframe_/13474545/MaltaToday_News_Leaderboard_728x90_0', 'text': ''}, {'tag': 'iframe', 'src': None, 'aria_label': 'Advertisement', 'class': None, 'id': 'google_ads_iframe_/13474545/MaltaToday_News_RectBanner_300x250_0', 'text': ''}, {'tag': 'iframe', 'src': None, 'aria_label': 'Advertisement', 'class': None, 'id': 'google_ads_iframe_/13474545/MaltaToday_News_Leaderboard2_0', 'text': ''}, {'tag': 'iframe', 'src': None, 'aria_label': 'Advertisement', 'class': None, 'id': 'google_ads_iframe_/13474545/MaltaToday_News_Leaderboard2_1', 'text': ''}]",8,243,malta_today,news_listing
181,48,26,12,2,2,36,26,8432,1245,24,4,"[{'tag': 'iframe', 'src': None, 'aria_label': 'Advertisement', 'class': None, 'id': 'google_ads_iframe_/13474545/MaltaToday_News_Leaderboard_728x90_0', 'text': ''}, {'tag': 'iframe', 'src': None, 'aria_label': 'Advertisement', 'class': None, 'id': 'google_ads_iframe_/13474545/MaltaToday_News_RectBanner_300x250_0', 'text': ''}, {'tag': 'iframe', 'src': None, 'aria_label': 'Advertisement', 'class': None, 'id': 'google_ads_iframe_/13474545/MaltaToday_News_Leaderboard2_1', 'text': ''}, {'tag': 'iframe', 'src': None, 'aria_label': 'Advertisement', 'class': None, 'id': 'google_ads_iframe_/13474545/MaltaToday_News_Leaderboard2_2', 'text': ''}]",8,244,malta_today,news_listing
181,48,26,12,2,2,36,26,8432,1245,24,4,"[{'tag': 'iframe', 'src': None, 'aria_label': 'Advertisement', 'class': None, 'id': 'google_ads_iframe_/13474545/MaltaToday_News_Leaderboard_728x90_0', 'text': ''}, {'tag': 'iframe', 'src': None, 'aria_label': 'Advertisement', 'class': None, 'id': 'google_ads_iframe_/13474545/MaltaToday_News_RectBanner_300x250_0', 'text': ''}, {'tag': 'iframe', 'src': None, 'aria_label': 'Advertisement', 'class': None, 'id': 'google_ads_iframe_/13474545/MaltaToday_News_Leaderboard2_1', 'text': ''}, {'tag': 'iframe', 'src': None, 'aria_label': 'Advertisement', 'class': None, 'id': 'google_ads_iframe_/13474545/MaltaToday_News_Leaderboard2_2', 'text': ''}]",8,245,malta_today,news_listing
181,48,26,12,2,2,36,26,8432,1245,24,4,"[{'tag': 'iframe', 'src': None, 'aria_label': 'Advertisement', 'class': None, 'id': 'google_ads_iframe_/13474545/MaltaToday_News_Leaderboard_728x90_0', 'text': ''}, {'tag': 'iframe', 'src': None, 'aria_label': 'Advertisement', 'class': None, 'id': 'google_ads_iframe_/13474545/MaltaToday_News_RectBanner_300x250_0', 'text': ''}, {'tag': 'iframe', 'src': None, 'aria_label': 'Advertisement', 'class': None, 'id': 'google_ads_iframe_/13474545/MaltaToday_News_Leaderboard2_1', 'text': ''}, {'tag': 'iframe', 'src': None, 'aria_label': 'Advertisement', 'class': None, 'id': 'google_ads_iframe_/13474545/MaltaToday_News_Leaderboard2_2', 'text': ''}]",8,246,malta_today,news_listing
181,48,26,12,2,2,36,26,8432,1245,24,4,"[{'tag': 'iframe', 'src': None, 'aria_label': 'Advertisement', 'class': None, 'id': 'google_ads_iframe_/13474545/MaltaToday_News_Leaderboard_728x90_0', 'text': ''}, {'tag': 'iframe', 'src': None, 'aria_label': 'Advertisement', 'class': None, 'id': 'google_ads_iframe_/13474545/MaltaToday_News_RectBanner_300x250_0', 'text': ''}, {'tag': 'iframe', 'src': None, 'aria_label': 'Advertisement', 'class': None, 'id': 'google_ads_iframe_/13474545/MaltaToday_News_Leaderboard2_1', 'text': ''}, {'tag': 'iframe', 'src': None, 'aria_label': 'Advertisement', 'class': None, 'id': 'google_ads_iframe_/13474545/MaltaToday_News_Leaderboard2_2', 'text': ''}]",8,247,malta_today,news_listing
181,48,26,12,2,2,36,26,8432,1245,24,4,"[{'tag': 'iframe', 'src': None, 'aria_label': 'Advertisement', 'class': None, 'id': 'google_ads_iframe_/13474545/MaltaToday_News_Leaderboard_728x90_0', 'text': ''}, {'tag': 'iframe', 'src': None, 'aria_label': 'Advertisement', 'class': None, 'id': 'google_ads_iframe_/13474545/MaltaToday_News_RectBanner_300x250_0', 'text': ''}, {'tag': 'iframe', 'src': None, 'aria_label': 'Advertisement', 'class': None, 'id': 'google_ads_iframe_/13474545/MaltaToday_News_Leaderboard2_1', 'text': ''}, {'tag': 'iframe', 'src': None, 'aria_label': 'Advertisement', 'class': None, 'id': 'google_ads_iframe_/13474545/MaltaToday_News_Leaderboard2_2', 'text': ''}]",8,248,malta_today,news_listing
182,48,25,12,2,2,36,26,8326,1256,24,4,"[{'tag': 'iframe', 'src': None, 'aria_label': 'Advertisement', 'class': None, 'id': 'google_ads_iframe_/13474545/MaltaToday_News_Leaderboard_728x90_0', 'text': ''}, {'tag': 'iframe', 'src': None, 'aria_label': 'Advertisement', 'class': None, 'id': 'google_ads_iframe_/13474545/MaltaToday_News_RectBanner_300x250_0', 'text': ''}, {'tag': 'iframe', 'src': None, 'aria_label': 'Advertisement', 'class': None, 'id': 'google_ads_iframe_/13474545/MaltaToday_News_Rect3_0', 'text': ''}, {'tag': 'iframe', 'src': None, 'aria_label': 'Advertisement', 'class': None, 'id': 'google_ads_iframe_/13474545/MaltaToday_News_Leaderboard2_1', 'text': ''}]",8,249,malta_today,news_listing
182,48,25,12,2,2,36,26,8326,1256,24,4,"[{'tag': 'iframe', 'src': None, 'aria_label': 'Advertisement', 'class': None, 'id': 'google_ads_iframe_/13474545/MaltaToday_News_Leaderboard_728x90_0', 'text': ''}, {'tag': 'iframe', 'src': None, 'aria_label': 'Advertisement', 'class': None, 'id': 'google_ads_iframe_/13474545/MaltaToday_News_RectBanner_300x250_0', 'text': ''}, {'tag': 'iframe', 'src': None, 'aria_label': 'Advertisement', 'class': None, 'id': 'google_ads_iframe_/13474545/MaltaToday_News_Rect3_0', 'text': ''}, {'tag': 'iframe', 'src': None, 'aria_label': 'Advertisement', 'class': None, 'id': 'google_ads_iframe_/13474545/MaltaToday_News_Leaderboard2_1', 'text': ''}]",8,250,malta_today,news_listing
182,48,25,12,2,2,36,26,8326,1256,24,4,"[{'tag': 'iframe', 'src': None, 'aria_label': 'Advertisement', 'class': None, 'id': 'google_ads_iframe_/13474545/MaltaToday_News_Leaderboard_728x90_0', 'text': ''}, {'tag': 'iframe', 'src': None, 'aria_label': 'Advertisement', 'class': None, 'id': 'google_ads_iframe_/13474545/MaltaToday_News_RectBanner_300x250_0', 'text': ''}, {'tag': 'iframe', 'src': None, 'aria_label': 'Advertisement', 'class': None, 'id': 'google_ads_iframe_/13474545/MaltaToday_News_Rect3_0', 'text': ''}, {'tag': 'iframe', 'src': None, 'aria_label': 'Advertisement', 'class': None, 'id': 'google_ads_iframe_/13474545/MaltaToday_News_Leaderboard2_1', 'text': ''}]",8,251,malta_today,news_listing
182,48,25,12,2,2,36,26,8326,1256,24,4,"[{'tag': 'iframe', 'src': None, 'aria_label': 'Advertisement', 'class': None, 'id': 'google_ads_iframe_/13474545/MaltaToday_News_Leaderboard_728x90_0', 'text': ''}, {'tag': 'iframe', 'src': None, 'aria_label': 'Advertisement', 'class': None, 'id': 'google_ads_iframe_/13474545/MaltaToday_News_RectBanner_300x250_0', 'text': ''}, {'tag': 'iframe', 'src': None, 'aria_label': 'Advertisement', 'class': None, 'id': 'google_ads_iframe_/13474545/MaltaToday_News_Rect3_0', 'text': ''}, {'tag': 'iframe', 'src': None, 'aria_label': 'Advertisement', 'class': None, 'id': 'google_ads_iframe_/13474545/MaltaToday_News_Leaderboard2_1', 'text': ''}]",8,252,malta_today,news_listing
182,48,25,12,2,2,36,26,8326,1256,24,4,"[{'tag': 'iframe', 'src': None, 'aria_label': 'Advertisement', 'class': None, 'id': 'google_ads_iframe_/13474545/MaltaToday_News_Leaderboard_728x90_0', 'text': ''}, {'tag': 'iframe', 'src': None, 'aria_label': 'Advertisement', 'class': None, 'id': 'google_ads_iframe_/13474545/MaltaToday_News_RectBanner_300x250_0', 'text': ''}, {'tag': 'iframe', 'src': None, 'aria_label': 'Advertisement', 'class': None, 'id': 'google_ads_iframe_/13474545/MaltaToday_News_Rect3_0', 'text': ''}, {'tag': 'iframe', 'src': None, 'aria_label': 'Advertisement', 'class': None, 'id': 'google_ads_iframe_/13474545/MaltaToday_News_Leaderboard2_1', 'text': ''}]",8,253,malta_today,news_listing
182,48,25,12,2,2,36,26,8326,1256,24,4,"[{'tag': 'iframe', 'src': None, 'aria_label': 'Advertisement', 'class': None, 'id': 'google_ads_iframe_/13474545/MaltaToday_News_Leaderboard_728x90_0', 'text': ''}, {'tag': 'iframe', 'src': None, 'aria_label': 'Advertisement', 'class': None, 'id': 'google_ads_iframe_/13474545/MaltaToday_News_RectBanner_300x250_0', 'text': ''}, {'tag': 'iframe', 'src': None, 'aria_label': 'Advertisement', 'class': None, 'id': 'google_ads_iframe_/13474545/MaltaToday_News_Rect3_0', 'text': ''}, {'tag': 'iframe', 'src': None, 'aria_label': 'Advertisement', 'class': None, 'id': 'google_ads_iframe_/13474545/MaltaToday_News_Leaderboard2_1', 'text': ''}]",8,254,malta_today,news_listing
182,48,25,12,2,2,36,26,8326,1256,24,4,"[{'tag': 'iframe', 'src': None, 'aria_label': 'Advertisement', 'class': None, 'id': 'google_ads_iframe_/13474545/MaltaToday_News_Leaderboard_728x90_0', 'text': ''}, {'tag': 'iframe', 'src': None, 'aria_label': 'Advertisement', 'class': None, 'id': 'google_ads_iframe_/13474545/MaltaToday_News_RectBanner_300x250_0', 'text': ''}, {'tag': 'iframe', 'src': None, 'aria_label': 'Advertisement', 'class': None, 'id': 'google_ads_iframe_/13474545/MaltaToday_News_Rect3_0', 'text': ''}, {'tag': 'iframe', 'src': None, 'aria_label': 'Advertisement', 'class': None, 'id': 'google_ads_iframe_/13474545/MaltaToday_News_Leaderboard2_1', 'text': ''}]",8,255,malta_today,news_listing
182,48,25,12,2,2,36,26,8326,1256,24,4,"[{'tag': 'iframe', 'src': None, 'aria_label': 'Advertisement', 'class': None, 'id': 'google_ads_iframe_/13474545/MaltaToday_News_Leaderboard_728x90_0', 'text': ''}, {'tag': 'iframe', 'src': None, 'aria_label': 'Advertisement', 'class': None, 'id': 'google_ads_iframe_/13474545/MaltaToday_News_RectBanner_300x250_0', 'text': ''}, {'tag': 'iframe', 'src': None, 'aria_label': 'Advertisement', 'class': None, 'id': 'google_ads_iframe_/13474545/MaltaToday_News_Rect3_0', 'text': ''}, {'tag': 'iframe', 'src': None, 'aria_label': 'Advertisement', 'class': None, 'id': 'google_ads_iframe_/13474545/MaltaToday_News_Leaderboard2_1', 'text': ''}]",8,256,malta_today,news_listing
182,48,25,12,2,2,36,26,8326,1256,24,4,"[{'tag': 'iframe', 'src': None, 'aria_label': 'Advertisement', 'class': None, 'id': 'google_ads_iframe_/13474545/MaltaToday_News_Leaderboard_728x90_0', 'text': ''}, {'tag': 'iframe', 'src': None, 'aria_label': 'Advertisement', 'class': None, 'id': 'google_ads_iframe_/13474545/MaltaToday_News_RectBanner_300x250_0', 'text': ''}, {'tag': 'iframe', 'src': None, 'aria_label': 'Advertisement', 'class': None, 'id': 'google_ads_iframe_/13474545/MaltaToday_News_Rect3_0', 'text': ''}, {'tag': 'iframe', 'src': None, 'aria_label': 'Advertisement', 'class': None, 'id': 'google_ads_iframe_/13474545/MaltaToday_News_Leaderboard2_1', 'text': ''}]",8,257,malta_today,news_listing
182,48,25,12,2,2,36,26,8326,1256,24,4,"[{'tag': 'iframe', 'src': None, 'aria_label': 'Advertisement', 'class': None, 'id': 'google_ads_iframe_/13474545/MaltaToday_News_Leaderboard_728x90_0', 'text': ''}, {'tag': 'iframe', 'src': None, 'aria_label': 'Advertisement', 'class': None, 'id': 'google_ads_iframe_/13474545/MaltaToday_News_RectBanner_300x250_0', 'text': ''}, {'tag': 'iframe', 'src': None, 'aria_label': 'Advertisement', 'class': None, 'id': 'google_ads_iframe_/13474545/MaltaToday_News_Rect3_0', 'text': ''}, {'tag': 'iframe', 'src': None, 'aria_label': 'Advertisement', 'class': None, 'id': 'google_ads_iframe_/13474545/MaltaToday_News_Leaderboard2_1', 'text': ''}]",8,258,malta_today,news_listing
182,48,25,12,2,2,36,26,8326,1256,24,4,"[{'tag': 'iframe', 'src': None, 'aria_label': 'Advertisement', 'class': None, 'id': 'google_ads_iframe_/13474545/MaltaToday_News_Leaderboard_728x90_0', 'text': ''}, {'tag': 'iframe', 'src': None, 'aria_label': 'Advertisement', 'class': None, 'id': 'google_ads_iframe_/13474545/MaltaToday_News_RectBanner_300x250_0', 'text': ''}, {'tag': 'iframe', 'src': None, 'aria_label': 'Advertisement', 'class': None, 'id': 'google_ads_iframe_/13474545/MaltaToday_News_Rect3_0', 'text': ''}, {'tag': 'iframe', 'src': None, 'aria_label': 'Advertisement', 'class': None, 'id': 'google_ads_iframe_/13474545/MaltaToday_News_Leaderboard2_1', 'text': ''}]",8,259,malta_today,news_listing
182,48,25,12,2,2,36,26,8326,1256,24,4,"[{'tag': 'iframe', 'src': None, 'aria_label': 'Advertisement', 'class': None, 'id': 'google_ads_iframe_/13474545/MaltaToday_News_Leaderboard_728x90_0', 'text': ''}, {'tag': 'iframe', 'src': None, 'aria_label': 'Advertisement', 'class': None, 'id': 'google_ads_iframe_/13474545/MaltaToday_News_RectBanner_300x250_0', 'text': ''}, {'tag': 'iframe', 'src': None, 'aria_label': 'Advertisement', 'class': None, 'id': 'google_ads_iframe_/13474545/MaltaToday_News_Rect3_0', 'text': ''}, {'tag': 'iframe', 'src': None, 'aria_label': 'Advertisement', 'class': None, 'id': 'google_ads_iframe_/13474545/MaltaToday_News_Leaderboard2_1', 'text': ''}]",8,260,malta_today,news_listing
182,48,25,12,2,2,36,26,8326,1256,24,4,"[{'tag': 'iframe', 'src': None, 'aria_label': 'Advertisement', 'class': None, 'id': 'google_ads_iframe_/13474545/MaltaToday_News_Leaderboard_728x90_0', 'text': ''}, {'tag': 'iframe', 'src': None, 'aria_label': 'Advertisement', 'class': None, 'id': 'google_ads_iframe_/13474545/MaltaToday_News_RectBanner_300x250_0', 'text': ''}, {'tag': 'iframe', 'src': None, 'aria_label': 'Advertisement', 'class': None, 'id': 'google_ads_iframe_/13474545/MaltaToday_News_Rect3_0', 'text': ''}, {'tag': 'iframe', 'src': None, 'aria_label': 'Advertisement', 'class': None, 'id': 'google_ads_iframe_/13474545/MaltaToday_News_Leaderboard2_1', 'text': ''}]",8,261,malta_today,news_listing
182,48,25,10,2,2,36,26,8326,1256,24,2,"[{'tag': 'iframe', 'src': None, 'aria_label': 'Advertisement', 'class': None, 'id': 'google_ads_iframe_/13474545/MaltaToday_News_Leaderboard_728x90_0', 'text': ''}, {'tag': 'iframe', 'src': None, 'aria_label': 'Advertisement', 'class': None, 'id': 'google_ads_iframe_/13474545/MaltaToday_News_RectBanner_300x250_0', 'text': ''}]",8,262,malta_today,news_listing
182,48,25,10,2,2,36,26,8326,1256,24,2,"[{'tag': 'iframe', 'src': None, 'aria_label': 'Advertisement', 'class': None, 'id': 'google_ads_iframe_/13474545/MaltaToday_News_Leaderboard_728x90_0', 'text': ''}, {'tag': 'iframe', 'src': None, 'aria_label': 'Advertisement', 'class': None, 'id': 'google_ads_iframe_/13474545/MaltaToday_News_RectBanner_300x250_0', 'text': ''}]",8,263,malta_today,news_listing
182,48,25,10,2,2,36,26,8326,1256,24,2,"[{'tag': 'iframe', 'src': None, 'aria_label': 'Advertisement', 'class': None, 'id': 'google_ads_iframe_/13474545/MaltaToday_News_Leaderboard_728x90_0', 'text': ''}, {'tag': 'iframe', 'src': None, 'aria_label': 'Advertisement', 'class': None, 'id': 'google_ads_iframe_/13474545/MaltaToday_News_RectBanner_300x250_0', 'text': ''}]",8,264,malta_today,news_listing
182,48,25,10,2,2,36,26,8326,1256,24,2,"[{'tag': 'iframe', 'src': None, 'aria_label': 'Advertisement', 'class': None, 'id': 'google_ads_iframe_/13474545/MaltaToday_News_Leaderboard_728x90_0', 'text': ''}, {'tag': 'iframe', 'src': None, 'aria_label': 'Advertisement', 'class': None, 'id': 'google_ads_iframe_/13474545/MaltaToday_News_RectBanner_300x250_0', 'text': ''}]",8,265,malta_today,news_listing
182,48,25,10,2,2,36,26,8326,1256,24,2,"[{'tag': 'iframe', 'src': None, 'aria_label': 'Advertisement', 'class': None, 'id': 'google_ads_iframe_/13474545/MaltaToday_News_Leaderboard_728x90_0', 'text': ''}, {'tag': 'iframe', 'src': None, 'aria_label': 'Advertisement', 'class': None, 'id': 'google_ads_iframe_/13474545/MaltaToday_News_RectBanner_300x250_0', 'text': ''}]",8,266,malta_today,news_listing
182,48,25,10,2,2,36,26,8326,1256,24,2,"[{'tag': 'iframe', 'src': None, 'aria_label': 'Advertisement', 'class': None, 'id': 'google_ads_iframe_/13474545/MaltaToday_News_Leaderboard_728x90_0', 'text': ''}, {'tag': 'iframe', 'src': None, 'aria_label': 'Advertisement', 'class': None, 'id': 'google_ads_iframe_/13474545/MaltaToday_News_RectBanner_300x250_0', 'text': ''}]",8,267,malta_today,news_listing
182,48,25,10,2,2,36,26,8326,1256,24,2,"[{'tag': 'iframe', 'src': None, 'aria_label': 'Advertisement', 'class': None, 'id': 'google_ads_iframe_/13474545/MaltaToday_News_Leaderboard_728x90_0', 'text': ''}, {'tag': 'iframe', 'src': None, 'aria_label': 'Advertisement', 'class': None, 'id': 'google_ads_iframe_/13474545/MaltaToday_News_RectBanner_300x250_0', 'text': ''}]",8,268,malta_today,news_listing
182,48,25,10,2,2,36,26,8326,1256,24,2,"[{'tag': 'iframe', 'src': None, 'aria_label': 'Advertisement', 'class': None, 'id': 'google_ads_iframe_/13474545/MaltaToday_News_Leaderboard_728x90_0', 'text': ''}, {'tag': 'iframe', 'src': None, 'aria_label': 'Advertisement', 'class': None, 'id': 'google_ads_iframe_/13474545/MaltaToday_News_RectBanner_300x250_0', 'text': ''}]",8,269,malta_today,news_listing
182,48,25,12,2,2,36,26,8326,1256,24,4,"[{'tag': 'iframe', 'src': None, 'aria_label': 'Advertisement', 'class': None, 'id': 'google_ads_iframe_/13474545/MaltaToday_News_Leaderboard_728x90_0', 'text': ''}, {'tag': 'iframe', 'src': None, 'aria_label': 'Advertisement', 'class': None, 'id': 'google_ads_iframe_/13474545/MaltaToday_News_RectBanner_300x250_0', 'text': ''}, {'tag': 'iframe', 'src': None, 'aria_label': 'Advertisement', 'class': None, 'id': 'google_ads_iframe_/13474545/MaltaToday_News_Rect3_0', 'text': ''}, {'tag': 'iframe', 'src': None, 'aria_label': 'Advertisement', 'class': None, 'id': 'google_ads_iframe_/13474545/MaltaToday_News_Leaderboard2_2', 'text': ''}]",8,270,malta_today,news_listing
182,48,25,12,2,2,36,26,8326,1256,24,4,"[{'tag': 'iframe', 'src': None, 'aria_label': 'Advertisement', 'class': None, 'id': 'google_ads_iframe_/13474545/MaltaToday_News_Leaderboard_728x90_0', 'text': ''}, {'tag': 'iframe', 'src': None, 'aria_label': 'Advertisement', 'class': None, 'id': 'google_ads_iframe_/13474545/MaltaToday_News_RectBanner_300x250_0', 'text': ''}, {'tag': 'iframe', 'src': None, 'aria_label': 'Advertisement', 'class': None, 'id': 'google_ads_iframe_/13474545/MaltaToday_News_Rect3_0', 'text': ''}, {'tag': 'iframe', 'src': None, 'aria_label': 'Advertisement', 'class': None, 'id': 'google_ads_iframe_/13474545/MaltaToday_News_Leaderboard2_2', 'text': ''}]",8,271,malta_today,news_listing
182,48,25,12,2,2,36,26,8326,1256,24,4,"[{'tag': 'iframe', 'src': None, 'aria_label': 'Advertisement', 'class': None, 'id': 'google_ads_iframe_/13474545/MaltaToday_News_Leaderboard_728x90_0', 'text': ''}, {'tag': 'iframe', 'src': None, 'aria_label': 'Advertisement', 'class': None, 'id': 'google_ads_iframe_/13474545/MaltaToday_News_RectBanner_300x250_0', 'text': ''}, {'tag': 'iframe', 'src': None, 'aria_label': 'Advertisement', 'class': None, 'id': 'google_ads_iframe_/13474545/MaltaToday_News_Rect3_0', 'text': ''}, {'tag': 'iframe', 'src': None, 'aria_label': 'Advertisement', 'class': None, 'id': 'google_ads_iframe_/13474545/MaltaToday_News_Leaderboard2_2', 'text': ''}]",8,272,malta_today,news_listing
182,48,25,12,2,2,36,26,8326,1256,24,4,"[{'tag': 'iframe', 'src': None, 'aria_label': 'Advertisement', 'class': None, 'id': 'google_ads_iframe_/13474545/MaltaToday_News_Leaderboard_728x90_0', 'text': ''}, {'tag': 'iframe', 'src': None, 'aria_label': 'Advertisement', 'class': None, 'id': 'google_ads_iframe_/13474545/MaltaToday_News_RectBanner_300x250_0', 'text': ''}, {'tag': 'iframe', 'src': None, 'aria_label': 'Advertisement', 'class': None, 'id': 'google_ads_iframe_/13474545/MaltaToday_News_Rect3_0', 'text': ''}, {'tag': 'iframe', 'src': None, 'aria_label': 'Advertisement', 'class': None, 'id': 'google_ads_iframe_/13474545/MaltaToday_News_Leaderboard2_2', 'text': ''}]",8,273,malta_today,news_listing
182,48,25,12,2,2,36,26,8326,1256,24,4,"[{'tag': 'iframe', 'src': None, 'aria_label': 'Advertisement', 'class': None, 'id': 'google_ads_iframe_/13474545/MaltaToday_News_Leaderboard_728x90_0', 'text': ''}, {'tag': 'iframe', 'src': None, 'aria_label': 'Advertisement', 'class': None, 'id': 'google_ads_iframe_/13474545/MaltaToday_News_RectBanner_300x250_0', 'text': ''}, {'tag': 'iframe', 'src': None, 'aria_label': 'Advertisement', 'class': None, 'id': 'google_ads_iframe_/13474545/MaltaToday_News_Rect3_0', 'text': ''}, {'tag': 'iframe', 'src': None, 'aria_label': 'Advertisement', 'class': None, 'id': 'google_ads_iframe_/13474545/MaltaToday_News_Leaderboard2_2', 'text': ''}]",8,274,malta_today,news_listing
182,48,25,12,2,2,36,26,8326,1256,24,4,"[{'tag': 'iframe', 'src': None, 'aria_label': 'Advertisement', 'class': None, 'id': 'google_ads_iframe_/13474545/MaltaToday_News_Leaderboard_728x90_0', 'text': ''}, {'tag': 'iframe', 'src': None, 'aria_label': 'Advertisement', 'class': None, 'id': 'google_ads_iframe_/13474545/MaltaToday_News_RectBanner_300x250_0', 'text': ''}, {'tag': 'iframe', 'src': None, 'aria_label': 'Advertisement', 'class': None, 'id': 'google_ads_iframe_/13474545/MaltaToday_News_Rect3_0', 'text': ''}, {'tag': 'iframe', 'src': None, 'aria_label': 'Advertisement', 'class': None, 'id': 'google_ads_iframe_/13474545/MaltaToday_News_Leaderboard2_2', 'text': ''}]",8,275,malta_today,news_listing
182,48,25,12,2,2,36,26,8326,1256,24,4,"[{'tag': 'iframe', 'src': None, 'aria_label': 'Advertisement', 'class': None, 'id': 'google_ads_iframe_/13474545/MaltaToday_News_Leaderboard_728x90_0', 'text': ''}, {'tag': 'iframe', 'src': None, 'aria_label': 'Advertisement', 'class': None, 'id': 'google_ads_iframe_/13474545/MaltaToday_News_RectBanner_300x250_0', 'text': ''}, {'tag': 'iframe', 'src': None, 'aria_label': 'Advertisement', 'class': None, 'id': 'google_ads_iframe_/13474545/MaltaToday_News_Rect3_0', 'text': ''}, {'tag': 'iframe', 'src': None, 'aria_label': 'Advertisement', 'class': None, 'id': 'google_ads_iframe_/13474545/MaltaToday_News_Leaderboard2_2', 'text': ''}]",8,276,malta_today,news_listing
182,48,25,12,2,2,36,26,8326,1256,24,4,"[{'tag': 'iframe', 'src': None, 'aria_label': 'Advertisement', 'class': None, 'id': 'google_ads_iframe_/13474545/MaltaToday_News_Leaderboard_728x90_0', 'text': ''}, {'tag': 'iframe', 'src': None, 'aria_label': 'Advertisement', 'class': None, 'id': 'google_ads_iframe_/13474545/MaltaToday_News_RectBanner_300x250_0', 'text': ''}, {'tag': 'iframe', 'src': None, 'aria_label': 'Advertisement', 'class': None, 'id': 'google_ads_iframe_/13474545/MaltaToday_News_Rect3_0', 'text': ''}, {'tag': 'iframe', 'src': None, 'aria_label': 'Advertisement', 'class': None, 'id': 'google_ads_iframe_/13474545/MaltaToday_News_Leaderboard2_2', 'text': ''}]",8,277,malta_today,news_listing
190,48,24,11,3,2,36,26,8846,1312,24,3,"[{'tag': 'iframe', 'src': None, 'aria_label': 'Advertisement', 'class': None, 'id': 'google_ads_iframe_/13474545/MaltaToday_News_Leaderboard_728x90_0', 'text': ''}, {'tag': 'iframe', 'src': None, 'aria_label': 'Advertisement', 'class': None, 'id': 'google_ads_iframe_/13474545/MaltaToday_News_RectBanner_300x250_0', 'text': ''}, {'tag': 'iframe', 'src': None, 'aria_label': 'Advertisement', 'class': None, 'id': 'google_ads_iframe_/13474545/MaltaToday_News_Leaderboard2_0', 'text': ''}]",8,278,malta_today,news_listing
190,48,24,11,3,2,36,26,8846,1312,24,3,"[{'tag': 'iframe', 'src': None, 'aria_label': 'Advertisement', 'class': None, 'id': 'google_ads_iframe_/13474545/MaltaToday_News_Leaderboard_728x90_0', 'text': ''}, {'tag': 'iframe', 'src': None, 'aria_label': 'Advertisement', 'class': None, 'id': 'google_ads_iframe_/13474545/MaltaToday_News_RectBanner_300x250_0', 'text': ''}, {'tag': 'iframe', 'src': None, 'aria_label': 'Advertisement', 'class': None, 'id': 'google_ads_iframe_/13474545/MaltaToday_News_Leaderboard2_0', 'text': ''}]",8,279,malta_today,news_listing
190,48,24,11,3,2,36,26,8846,1312,24,3,"[{'tag': 'iframe', 'src': None, 'aria_label': 'Advertisement', 'class': None, 'id': 'google_ads_iframe_/13474545/MaltaToday_News_Leaderboard_728x90_0', 'text': ''}, {'tag': 'iframe', 'src': None, 'aria_label': 'Advertisement', 'class': None, 'id': 'google_ads_iframe_/13474545/MaltaToday_News_RectBanner_300x250_0', 'text': ''}, {'tag': 'iframe', 'src': None, 'aria_label': 'Advertisement', 'class': None, 'id': 'google_ads_iframe_/13474545/MaltaToday_News_Leaderboard2_0', 'text': ''}]",8,280,malta_today,news_listing
190,48,24,11,3,2,36,26,8846,1312,24,3,"[{'tag': 'iframe', 'src': None, 'aria_label': 'Advertisement', 'class': None, 'id': 'google_ads_iframe_/13474545/MaltaToday_News_Leaderboard_728x90_0', 'text': ''}, {'tag': 'iframe', 'src': None, 'aria_label': 'Advertisement', 'class': None, 'id': 'google_ads_iframe_/13474545/MaltaToday_News_RectBanner_300x250_0', 'text': ''}, {'tag': 'iframe', 'src': None, 'aria_label': 'Advertisement', 'class': None, 'id': 'google_ads_iframe_/13474545/MaltaToday_News_Leaderboard2_0', 'text': ''}]",8,281,malta_today,news_listing
190,48,24,11,3,2,36,26,8846,1312,24,3,"[{'tag': 'iframe', 'src': None, 'aria_label': 'Advertisement', 'class': None, 'id': 'google_ads_iframe_/13474545/MaltaToday_News_Leaderboard_728x90_0', 'text': ''}, {'tag': 'iframe', 'src': None, 'aria_label': 'Advertisement', 'class': None, 'id': 'google_ads_iframe_/13474545/MaltaToday_News_RectBanner_300x250_0', 'text': ''}, {'tag': 'iframe', 'src': None, 'aria_label': 'Advertisement', 'class': None, 'id': 'google_ads_iframe_/13474545/MaltaToday_News_Leaderboard2_0', 'text': ''}]",8,282,malta_today,news_listing
190,48,24,11,3,2,36,26,8846,1312,24,3,"[{'tag': 'iframe', 'src': None, 'aria_label': 'Advertisement', 'class': None, 'id': 'google_ads_iframe_/13474545/MaltaToday_News_Leaderboard_728x90_0', 'text': ''}, {'tag': 'iframe', 'src': None, 'aria_label': 'Advertisement', 'class': None, 'id': 'google_ads_iframe_/13474545/MaltaToday_News_RectBanner_300x250_0', 'text': ''}, {'tag': 'iframe', 'src': None, 'aria_label': 'Advertisement', 'class': None, 'id': 'google_ads_iframe_/13474545/MaltaToday_News_Leaderboard2_0', 'text': ''}]",8,283,malta_today,news_listing
190,48,24,11,3,2,36,26,8846,1312,24,3,"[{'tag': 'iframe', 'src': None, 'aria_label': 'Advertisement', 'class': None, 'id': 'google_ads_iframe_/13474545/MaltaToday_News_Leaderboard_728x90_0', 'text': ''}, {'tag': 'iframe', 'src': None, 'aria_label': 'Advertisement', 'class': None, 'id': 'google_ads_iframe_/13474545/MaltaToday_News_RectBanner_300x250_0', 'text': ''}, {'tag': 'iframe', 'src': None, 'aria_label': 'Advertisement', 'class': None, 'id': 'google_ads_iframe_/13474545/MaltaToday_News_Leaderboard2_0', 'text': ''}]",8,284,malta_today,news_listing
190,48,24,11,3,2,36,26,8846,1312,24,3,"[{'tag': 'iframe', 'src': None, 'aria_label': 'Advertisement', 'class': None, 'id': 'google_ads_iframe_/13474545/MaltaToday_News_Leaderboard_728x90_0', 'text': ''}, {'tag': 'iframe', 'src': None, 'aria_label': 'Advertisement', 'class': None, 'id': 'google_ads_iframe_/13474545/MaltaToday_News_RectBanner_300x250_0', 'text': ''}, {'tag': 'iframe', 'src': None, 'aria_label': 'Advertisement', 'class': None, 'id': 'google_ads_iframe_/13474545/MaltaToday_News_Leaderboard2_0', 'text': ''}]",8,285,malta_today,news_listing
190,48,24,11,3,2,36,26,8846,1312,24,3,"[{'tag': 'iframe', 'src': None, 'aria_label': 'Advertisement', 'class': None, 'id': 'google_ads_iframe_/13474545/MaltaToday_News_Leaderboard_728x90_0', 'text': ''}, {'tag': 'iframe', 'src': None, 'aria_label': 'Advertisement', 'class': None, 'id': 'google_ads_iframe_/13474545/MaltaToday_News_RectBanner_300x250_0', 'text': ''}, {'tag': 'iframe', 'src': None, 'aria_label': 'Advertisement', 'class': None, 'id': 'google_ads_iframe_/13474545/MaltaToday_News_Leaderboard2_0', 'text': ''}]",8,286,malta_today,news_listing
190,49,25,11,3,2,36,26,8390,1268,24,3,"[{'tag': 'iframe', 'src': None, 'aria_label': 'Advertisement', 'class': None, 'id': 'google_ads_iframe_/13474545/MaltaToday_News_Leaderboard_728x90_0', 'text': ''}, {'tag': 'iframe', 'src': None, 'aria_label': 'Advertisement', 'class': None, 'id': 'google_ads_iframe_/13474545/MaltaToday_News_RectBanner_300x250_0', 'text': ''}, {'tag': 'iframe', 'src': None, 'aria_label': 'Advertisement', 'class': None, 'id': 'google_ads_iframe_/13474545/MaltaToday_News_Leaderboard2_0', 'text': ''}]",8,287,malta_today,news_listing
190,49,25,11,3,2,36,26,8390,1268,24,3,"[{'tag': 'iframe', 'src': None, 'aria_label': 'Advertisement', 'class': None, 'id': 'google_ads_iframe_/13474545/MaltaToday_News_Leaderboard_728x90_0', 'text': ''}, {'tag': 'iframe', 'src': None, 'aria_label': 'Advertisement', 'class': None, 'id': 'google_ads_iframe_/13474545/MaltaToday_News_RectBanner_300x250_0', 'text': ''}, {'tag': 'iframe', 'src': None, 'aria_label': 'Advertisement', 'class': None, 'id': 'google_ads_iframe_/13474545/MaltaToday_News_Leaderboard2_0', 'text': ''}]",8,288,malta_today,news_listing
190,49,25,11,3,2,36,26,8390,1268,24,3,"[{'tag': 'iframe', 'src': None, 'aria_label': 'Advertisement', 'class': None, 'id': 'google_ads_iframe_/13474545/MaltaToday_News_Leaderboard_728x90_0', 'text': ''}, {'tag': 'iframe', 'src': None, 'aria_label': 'Advertisement', 'class': None, 'id': 'google_ads_iframe_/13474545/MaltaToday_News_RectBanner_300x250_0', 'text': ''}, {'tag': 'iframe', 'src': None, 'aria_label': 'Advertisement', 'class': None, 'id': 'google_ads_iframe_/13474545/MaltaToday_News_Leaderboard2_0', 'text': ''}]",8,289,malta_today,news_listing
190,49,25,11,3,2,36,26,8390,1268,24,3,"[{'tag': 'iframe', 'src': None, 'aria_label': 'Advertisement', 'class': None, 'id': 'google_ads_iframe_/13474545/MaltaToday_News_Leaderboard_728x90_0', 'text': ''}, {'tag': 'iframe', 'src': None, 'aria_label': 'Advertisement', 'class': None, 'id': 'google_ads_iframe_/13474545/MaltaToday_News_RectBanner_300x250_0', 'text': ''}, {'tag': 'iframe', 'src': None, 'aria_label': 'Advertisement', 'class': None, 'id': 'google_ads_iframe_/13474545/MaltaToday_News_Leaderboard2_0', 'text': ''}]",8,290,malta_today,news_listing
190,49,25,11,3,2,36,26,8390,1268,24,3,"[{'tag': 'iframe', 'src': None, 'aria_label': 'Advertisement', 'class': None, 'id': 'google_ads_iframe_/13474545/MaltaToday_News_Leaderboard_728x90_0', 'text': ''}, {'tag': 'iframe', 'src': None, 'aria_label': 'Advertisement', 'class': None, 'id': 'google_ads_iframe_/13474545/MaltaToday_News_RectBanner_300x250_0', 'text': ''}, {'tag': 'iframe', 'src': None, 'aria_label': 'Advertisement', 'class': None, 'id': 'google_ads_iframe_/13474545/MaltaToday_News_Leaderboard2_0', 'text': ''}]",8,291,malta_today,news_listing
190,49,25,11,3,2,36,26,8390,1268,24,3,"[{'tag': 'iframe', 'src': None, 'aria_label': 'Advertisement', 'class': None, 'id': 'google_ads_iframe_/13474545/MaltaToday_News_Leaderboard_728x90_0', 'text': ''}, {'tag': 'iframe', 'src': None, 'aria_label': 'Advertisement', 'class': None, 'id': 'google_ads_iframe_/13474545/MaltaToday_News_RectBanner_300x250_0', 'text': ''}, {'tag': 'iframe', 'src': None, 'aria_label': 'Advertisement', 'class': None, 'id': 'google_ads_iframe_/13474545/MaltaToday_News_Leaderboard2_0', 'text': ''}]",8,292,malta_today,news_listing
190,49,25,11,3,2,36,26,8390,1268,24,3,"[{'tag': 'iframe', 'src': None, 'aria_label': 'Advertisement', 'class': None, 'id': 'google_ads_iframe_/13474545/MaltaToday_News_Leaderboard_728x90_0', 'text': ''}, {'tag': 'iframe', 'src': None, 'aria_label': 'Advertisement', 'class': None, 'id': 'google_ads_iframe_/13474545/MaltaToday_News_RectBanner_300x250_0', 'text': ''}, {'tag': 'iframe', 'src': None, 'aria_label': 'Advertisement', 'class': None, 'id': 'google_ads_iframe_/13474545/MaltaToday_News_Leaderboard2_0', 'text': ''}]",8,293,malta_today,news_listing
190,49,25,11,3,2,36,26,8390,1268,24,3,"[{'tag': 'iframe', 'src': None, 'aria_label': 'Advertisement', 'class': None, 'id': 'google_ads_iframe_/13474545/MaltaToday_News_Leaderboard_728x90_0', 'text': ''}, {'tag': 'iframe', 'src': None, 'aria_label': 'Advertisement', 'class': None, 'id': 'google_ads_iframe_/13474545/MaltaToday_News_RectBanner_300x250_0', 'text': ''}, {'tag': 'iframe', 'src': None, 'aria_label': 'Advertisement', 'class': None, 'id': 'google_ads_iframe_/13474545/MaltaToday_News_Leaderboard2_0', 'text': ''}]",8,294,malta_today,news_listing
189,48,24,12,2,2,36,26,8737,1293,24,4,"[{'tag': 'iframe', 'src': None, 'aria_label': 'Advertisement', 'class': None, 'id': 'google_ads_iframe_/13474545/MaltaToday_News_Leaderboard_728x90_0', 'text': ''}, {'tag': 'iframe', 'src': None, 'aria_label': 'Advertisement', 'class': None, 'id': 'google_ads_iframe_/13474545/MaltaToday_News_RectBanner_300x250_0', 'text': ''}, {'tag': 'iframe', 'src': None, 'aria_label': 'Advertisement', 'class': None, 'id': 'google_ads_iframe_/13474545/MaltaToday_News_Leaderboard2_0', 'text': ''}, {'tag': 'iframe', 'src': None, 'aria_label': 'Advertisement', 'class': None, 'id': 'google_ads_iframe_/13474545/MaltaToday_News_Leaderboard2_2', 'text': ''}]",8,295,malta_today,news_listing
189,48,24,12,2,2,36,26,8737,1293,24,4,"[{'tag': 'iframe', 'src': None, 'aria_label': 'Advertisement', 'class': None, 'id': 'google_ads_iframe_/13474545/MaltaToday_News_Leaderboard_728x90_0', 'text': ''}, {'tag': 'iframe', 'src': None, 'aria_label': 'Advertisement', 'class': None, 'id': 'google_ads_iframe_/13474545/MaltaToday_News_RectBanner_300x250_0', 'text': ''}, {'tag': 'iframe', 'src': None, 'aria_label': 'Advertisement', 'class': None, 'id': 'google_ads_iframe_/13474545/MaltaToday_News_Leaderboard2_0', 'text': ''}, {'tag': 'iframe', 'src': None, 'aria_label': 'Advertisement', 'class': None, 'id': 'google_ads_iframe_/13474545/MaltaToday_News_Leaderboard2_2', 'text': ''}]",8,296,malta_today,news_listing
189,48,24,12,2,2,36,26,8737,1293,24,4,"[{'tag': 'iframe', 'src': None, 'aria_label': 'Advertisement', 'class': None, 'id': 'google_ads_iframe_/13474545/MaltaToday_News_Leaderboard_728x90_0', 'text': ''}, {'tag': 'iframe', 'src': None, 'aria_label': 'Advertisement', 'class': None, 'id': 'google_ads_iframe_/13474545/MaltaToday_News_RectBanner_300x250_0', 'text': ''}, {'tag': 'iframe', 'src': None, 'aria_label': 'Advertisement', 'class': None, 'id': 'google_ads_iframe_/13474545/MaltaToday_News_Leaderboard2_0', 'text': ''}, {'tag': 'iframe', 'src': None, 'aria_label': 'Advertisement', 'class': None, 'id': 'google_ads_iframe_/13474545/MaltaToday_News_Leaderboard2_2', 'text': ''}]",8,297,malta_today,news_listing
189,48,24,12,2,2,36,26,8737,1293,24,4,"[{'tag': 'iframe', 'src': None, 'aria_label': 'Advertisement', 'class': None, 'id': 'google_ads_iframe_/13474545/MaltaToday_News_Leaderboard_728x90_0', 'text': ''}, {'tag': 'iframe', 'src': None, 'aria_label': 'Advertisement', 'class': None, 'id': 'google_ads_iframe_/13474545/MaltaToday_News_RectBanner_300x250_0', 'text': ''}, {'tag': 'iframe', 'src': None, 'aria_label': 'Advertisement', 'class': None, 'id': 'google_ads_iframe_/13474545/MaltaToday_News_Leaderboard2_0', 'text': ''}, {'tag': 'iframe', 'src': None, 'aria_label': 'Advertisement', 'class': None, 'id': 'google_ads_iframe_/13474545/MaltaToday_News_Leaderboard2_2', 'text': ''}]",8,298,malta_today,news_listing
189,48,24,12,2,2,36,26,8737,1293,24,4,"[{'tag': 'iframe', 'src': None, 'aria_label': 'Advertisement', 'class': None, 'id': 'google_ads_iframe_/13474545/MaltaToday_News_Leaderboard_728x90_0', 'text': ''}, {'tag': 'iframe', 'src': None, 'aria_label': 'Advertisement', 'class': None, 'id': 'google_ads_iframe_/13474545/MaltaToday_News_RectBanner_300x250_0', 'text': ''}, {'tag': 'iframe', 'src': None, 'aria_label': 'Advertisement', 'class': None, 'id': 'google_ads_iframe_/13474545/MaltaToday_News_Leaderboard2_0', 'text': ''}, {'tag': 'iframe', 'src': None, 'aria_label': 'Advertisement', 'class': None, 'id': 'google_ads_iframe_/13474545/MaltaToday_News_Leaderboard2_2', 'text': ''}]",8,299,malta_today,news_listing
189,48,24,12,2,2,36,26,8737,1293,24,4,"[{'tag': 'iframe', 'src': None, 'aria_label': 'Advertisement', 'class': None, 'id': 'google_ads_iframe_/13474545/MaltaToday_News_Leaderboard_728x90_0', 'text': ''}, {'tag': 'iframe', 'src': None, 'aria_label': 'Advertisement', 'class': None, 'id': 'google_ads_iframe_/13474545/MaltaToday_News_RectBanner_300x250_0', 'text': ''}, {'tag': 'iframe', 'src': None, 'aria_label': 'Advertisement', 'class': None, 'id': 'google_ads_iframe_/13474545/MaltaToday_News_Leaderboard2_0', 'text': ''}, {'tag': 'iframe', 'src': None, 'aria_label': 'Advertisement', 'class': None, 'id': 'google_ads_iframe_/13474545/MaltaToday_News_Leaderboard2_2', 'text': ''}]",8,300,malta_today,news_listing
189,48,24,12,2,2,36,26,8737,1293,24,4,"[{'tag': 'iframe', 'src': None, 'aria_label': 'Advertisement', 'class': None, 'id': 'google_ads_iframe_/13474545/MaltaToday_News_Leaderboard_728x90_0', 'text': ''}, {'tag': 'iframe', 'src': None, 'aria_label': 'Advertisement', 'class': None, 'id': 'google_ads_iframe_/13474545/MaltaToday_News_RectBanner_300x250_0', 'text': ''}, {'tag': 'iframe', 'src': None, 'aria_label': 'Advertisement', 'class': None, 'id': 'google_ads_iframe_/13474545/MaltaToday_News_Leaderboard2_0', 'text': ''}, {'tag': 'iframe', 'src': None, 'aria_label': 'Advertisement', 'class': None, 'id': 'google_ads_iframe_/13474545/MaltaToday_News_Leaderboard2_2', 'text': ''}]",8,301,malta_today,news_listing
189,48,24,12,2,2,36,26,8737,1293,24,4,"[{'tag': 'iframe', 'src': None, 'aria_label': 'Advertisement', 'class': None, 'id': 'google_ads_iframe_/13474545/MaltaToday_News_Leaderboard_728x90_0', 'text': ''}, {'tag': 'iframe', 'src': None, 'aria_label': 'Advertisement', 'class': None, 'id': 'google_ads_iframe_/13474545/MaltaToday_News_RectBanner_300x250_0', 'text': ''}, {'tag': 'iframe', 'src': None, 'aria_label': 'Advertisement', 'class': None, 'id': 'google_ads_iframe_/13474545/MaltaToday_News_Leaderboard2_0', 'text': ''}, {'tag': 'iframe', 'src': None, 'aria_label': 'Advertisement', 'class': None, 'id': 'google_ads_iframe_/13474545/MaltaToday_News_Leaderboard2_2', 'text': ''}]",8,302,malta_today,news_listing
151,31,41,15,3,2,9,2,4632,701,24,3,"[{'tag': 'iframe', 'src': None, 'aria_label': 'Advertisement', 'class': None, 'id': 'google_ads_iframe_/13474545/MaltaToday_news_Leaderboard_728x90_0', 'text': ''}, {'tag': 'iframe', 'src': None, 'aria_label': 'Advertisement', 'class': None, 'id': 'google_ads_iframe_/13474545/MaltaToday_news_Inline_300x250_0', 'text': ''}, {'tag': 'iframe', 'src': None, 'aria_label': 'Advertisement', 'class': None, 'id': 'google_ads_iframe_/13474545/video_advert_preroll_0', 'text': ''}]",12,303,malta_today,article_pages
151,31,41,15,3,2,9,2,4632,701,24,3,"[{'tag': 'iframe', 'src': None, 'aria_label': 'Advertisement', 'class': None, 'id': 'google_ads_iframe_/13474545/MaltaToday_news_Leaderboard_728x90_0', 'text': ''}, {'tag': 'iframe', 'src': None, 'aria_label': 'Advertisement', 'class': None, 'id': 'google_ads_iframe_/13474545/MaltaToday_news_Inline_300x250_0', 'text': ''}, {'tag': 'iframe', 'src': None, 'aria_label': 'Advertisement', 'class': None, 'id': 'google_ads_iframe_/13474545/video_advert_preroll_0', 'text': ''}]",12,304,malta_today,article_pages
151,31,41,15,3,2,9,2,4632,701,24,3,"[{'tag': 'iframe', 'src': None, 'aria_label': 'Advertisement', 'class': None, 'id': 'google_ads_iframe_/13474545/MaltaToday_news_Leaderboard_728x90_0', 'text': ''}, {'tag': 'iframe', 'src': None, 'aria_label': 'Advertisement', 'class': None, 'id': 'google_ads_iframe_/13474545/MaltaToday_news_Inline_300x250_0', 'text': ''}, {'tag': 'iframe', 'src': None, 'aria_label': 'Advertisement', 'class': None, 'id': 'google_ads_iframe_/13474545/video_advert_preroll_0', 'text': ''}]",12,305,malta_today,article_pages
151,31,41,15,3,2,9,2,4632,701,24,3,"[{'tag': 'iframe', 'src': None, 'aria_label': 'Advertisement', 'class': None, 'id': 'google_ads_iframe_/13474545/MaltaToday_news_Leaderboard_728x90_0', 'text': ''}, {'tag': 'iframe', 'src': None, 'aria_label': 'Advertisement', 'class': None, 'id': 'google_ads_iframe_/13474545/MaltaToday_news_Inline_300x250_0', 'text': ''}, {'tag': 'iframe', 'src': None, 'aria_label': 'Advertisement', 'class': None, 'id': 'google_ads_iframe_/13474545/video_advert_preroll_0', 'text': ''}]",12,306,malta_today,article_pages
151,31,41,15,3,2,9,2,4632,701,24,3,"[{'tag': 'iframe', 'src': None, 'aria_label': 'Advertisement', 'class': None, 'id': 'google_ads_iframe_/13474545/MaltaToday_news_Leaderboard_728x90_0', 'text': ''}, {'tag': 'iframe', 'src': None, 'aria_label': 'Advertisement', 'class': None, 'id': 'google_ads_iframe_/13474545/MaltaToday_news_Inline_300x250_0', 'text': ''}, {'tag': 'iframe', 'src': None, 'aria_label': 'Advertisement', 'class': None, 'id': 'google_ads_iframe_/13474545/video_advert_preroll_0', 'text': ''}]",12,307,malta_today,article_pages
151,31,41,15,3,2,9,2,4632,701,24,3,"[{'tag': 'iframe', 'src': None, 'aria_label': 'Advertisement', 'class': None, 'id': 'google_ads_iframe_/13474545/MaltaToday_news_Leaderboard_728x90_0', 'text': ''}, {'tag': 'iframe', 'src': None, 'aria_label': 'Advertisement', 'class': None, 'id': 'google_ads_iframe_/13474545/MaltaToday_news_Inline_300x250_0', 'text': ''}, {'tag': 'iframe', 'src': None, 'aria_label': 'Advertisement', 'class': None, 'id': 'google_ads_iframe_/13474545/video_advert_preroll_0', 'text': ''}]",12,308,malta_today,article_pages
151,31,41,15,3,2,9,2,4632,701,24,3,"[{'tag': 'iframe', 'src': None, 'aria_label': 'Advertisement', 'class': None, 'id': 'google_ads_iframe_/13474545/MaltaToday_news_Leaderboard_728x90_0', 'text': ''}, {'tag': 'iframe', 'src': None, 'aria_label': 'Advertisement', 'class': None, 'id': 'google_ads_iframe_/13474545/MaltaToday_news_Inline_300x250_0', 'text': ''}, {'tag': 'iframe', 'src': None, 'aria_label': 'Advertisement', 'class': None, 'id': 'google_ads_iframe_/13474545/video_advert_preroll_0', 'text': ''}]",12,309,malta_today,article_pages
151,31,41,15,3,2,9,2,4632,701,24,3,"[{'tag': 'iframe', 'src': None, 'aria_label': 'Advertisement', 'class': None, 'id': 'google_ads_iframe_/13474545/MaltaToday_news_Leaderboard_728x90_0', 'text': ''}, {'tag': 'iframe', 'src': None, 'aria_label': 'Advertisement', 'class': None, 'id': 'google_ads_iframe_/13474545/MaltaToday_news_Inline_300x250_0', 'text': ''}, {'tag': 'iframe', 'src': None, 'aria_label': 'Advertisement', 'class': None, 'id': 'google_ads_iframe_/13474545/video_advert_preroll_0', 'text': ''}]",12,310,malta_today,article_pages
151,31,41,15,3,2,9,2,4632,701,24,3,"[{'tag': 'iframe', 'src': None, 'aria_label': 'Advertisement', 'class': None, 'id': 'google_ads_iframe_/13474545/MaltaToday_news_Leaderboard_728x90_0', 'text': ''}, {'tag': 'iframe', 'src': None, 'aria_label': 'Advertisement', 'class': None, 'id': 'google_ads_iframe_/13474545/MaltaToday_news_Inline_300x250_0', 'text': ''}, {'tag': 'iframe', 'src': None, 'aria_label': 'Advertisement', 'class': None, 'id': 'google_ads_iframe_/13474545/video_advert_preroll_0', 'text': ''}]",12,311,malta_today,article_pages
151,31,40,14,3,2,10,2,5259,775,24,3,"[{'tag': 'iframe', 'src': None, 'aria_label': 'Advertisement', 'class': None, 'id': 'google_ads_iframe_/13474545/MaltaToday_news_Leaderboard_728x90_0', 'text': ''}, {'tag': 'iframe', 'src': None, 'aria_label': 'Advertisement', 'class': None, 'id': 'google_ads_iframe_/13474545/ELECTION_2026_INLINE_BANNER_0', 'text': ''}, {'tag': 'iframe', 'src': None, 'aria_label': 'Advertisement', 'class': None, 'id': 'google_ads_iframe_/13474545/video_advert_preroll_0', 'text': ''}]",11,312,malta_today,article_pages
151,31,40,14,3,2,10,2,5259,775,24,3,"[{'tag': 'iframe', 'src': None, 'aria_label': 'Advertisement', 'class': None, 'id': 'google_ads_iframe_/13474545/MaltaToday_news_Leaderboard_728x90_0', 'text': ''}, {'tag': 'iframe', 'src': None, 'aria_label': 'Advertisement', 'class': None, 'id': 'google_ads_iframe_/13474545/ELECTION_2026_INLINE_BANNER_0', 'text': ''}, {'tag': 'iframe', 'src': None, 'aria_label': 'Advertisement', 'class': None, 'id': 'google_ads_iframe_/13474545/video_advert_preroll_0', 'text': ''}]",11,313,malta_today,article_pages
151,31,40,14,3,2,10,2,5259,775,24,3,"[{'tag': 'iframe', 'src': None, 'aria_label': 'Advertisement', 'class': None, 'id': 'google_ads_iframe_/13474545/MaltaToday_news_Leaderboard_728x90_0', 'text': ''}, {'tag': 'iframe', 'src': None, 'aria_label': 'Advertisement', 'class': None, 'id': 'google_ads_iframe_/13474545/ELECTION_2026_INLINE_BANNER_0', 'text': ''}, {'tag': 'iframe', 'src': None, 'aria_label': 'Advertisement', 'class': None, 'id': 'google_ads_iframe_/13474545/video_advert_preroll_0', 'text': ''}]",11,314,malta_today,article_pages
151,31,40,14,3,2,10,2,5259,775,24,3,"[{'tag': 'iframe', 'src': None, 'aria_label': 'Advertisement', 'class': None, 'id': 'google_ads_iframe_/13474545/MaltaToday_news_Leaderboard_728x90_0', 'text': ''}, {'tag': 'iframe', 'src': None, 'aria_label': 'Advertisement', 'class': None, 'id': 'google_ads_iframe_/13474545/ELECTION_2026_INLINE_BANNER_0', 'text': ''}, {'tag': 'iframe', 'src': None, 'aria_label': 'Advertisement', 'class': None, 'id': 'google_ads_iframe_/13474545/video_advert_preroll_0', 'text': ''}]",11,315,malta_today,article_pages
151,31,40,14,3,2,10,2,5259,775,24,3,"[{'tag': 'iframe', 'src': None, 'aria_label': 'Advertisement', 'class': None, 'id': 'google_ads_iframe_/13474545/MaltaToday_news_Leaderboard_728x90_0', 'text': ''}, {'tag': 'iframe', 'src': None, 'aria_label': 'Advertisement', 'class': None, 'id': 'google_ads_iframe_/13474545/ELECTION_2026_INLINE_BANNER_0', 'text': ''}, {'tag': 'iframe', 'src': None, 'aria_label': 'Advertisement', 'class': None, 'id': 'google_ads_iframe_/13474545/video_advert_preroll_0', 'text': ''}]",11,316,malta_today,article_pages
151,31,40,14,3,2,10,2,5259,775,24,3,"[{'tag': 'iframe', 'src': None, 'aria_label': 'Advertisement', 'class': None, 'id': 'google_ads_iframe_/13474545/MaltaToday_news_Leaderboard_728x90_0', 'text': ''}, {'tag': 'iframe', 'src': None, 'aria_label': 'Advertisement', 'class': None, 'id': 'google_ads_iframe_/13474545/ELECTION_2026_INLINE_BANNER_0', 'text': ''}, {'tag': 'iframe', 'src': None, 'aria_label': 'Advertisement', 'class': None, 'id': 'google_ads_iframe_/13474545/video_advert_preroll_0', 'text': ''}]",11,317,malta_today,article_pages
151,31,40,14,3,2,10,2,5259,775,24,3,"[{'tag': 'iframe', 'src': None, 'aria_label': 'Advertisement', 'class': None, 'id': 'google_ads_iframe_/13474545/MaltaToday_news_Leaderboard_728x90_0', 'text': ''}, {'tag': 'iframe', 'src': None, 'aria_label': 'Advertisement', 'class': None, 'id': 'google_ads_iframe_/13474545/ELECTION_2026_INLINE_BANNER_0', 'text': ''}, {'tag': 'iframe', 'src': None, 'aria_label': 'Advertisement', 'class': None, 'id': 'google_ads_iframe_/13474545/video_advert_preroll_0', 'text': ''}]",11,318,malta_today,article_pages
151,31,40,14,3,2,10,2,5259,775,24,3,"[{'tag': 'iframe', 'src': None, 'aria_label': 'Advertisement', 'class': None, 'id': 'google_ads_iframe_/13474545/MaltaToday_news_Leaderboard_728x90_0', 'text': ''}, {'tag': 'iframe', 'src': None, 'aria_label': 'Advertisement', 'class': None, 'id': 'google_ads_iframe_/13474545/ELECTION_2026_INLINE_BANNER_0', 'text': ''}, {'tag': 'iframe', 'src': None, 'aria_label': 'Advertisement', 'class': None, 'id': 'google_ads_iframe_/13474545/video_advert_preroll_0', 'text': ''}]",11,319,malta_today,article_pages
153,48,28,12,6,2,11,2,5901,918,24,3,"[{'tag': 'iframe', 'src': None, 'aria_label': 'Advertisement', 'class': None, 'id': 'google_ads_iframe_/13474545/MaltaToday_news_Leaderboard_728x90_0', 'text': ''}, {'tag': 'iframe', 'src': None, 'aria_label': 'Advertisement', 'class': None, 'id': 'google_ads_iframe_/13474545/ELECTION_2026_INLINE_BANNER_0', 'text': ''}, {'tag': 'iframe', 'src': None, 'aria_label': 'Advertisement', 'class': None, 'id': 'google_ads_iframe_/13474545/video_advert_preroll_0', 'text': ''}]",9,320,malta_today,article_pages
153,48,28,12,6,2,11,2,5901,918,24,3,"[{'tag': 'iframe', 'src': None, 'aria_label': 'Advertisement', 'class': None, 'id': 'google_ads_iframe_/13474545/MaltaToday_news_Leaderboard_728x90_0', 'text': ''}, {'tag': 'iframe', 'src': None, 'aria_label': 'Advertisement', 'class': None, 'id': 'google_ads_iframe_/13474545/ELECTION_2026_INLINE_BANNER_0', 'text': ''}, {'tag': 'iframe', 'src': None, 'aria_label': 'Advertisement', 'class': None, 'id': 'google_ads_iframe_/13474545/video_advert_preroll_0', 'text': ''}]",9,321,malta_today,article_pages
153,48,28,12,6,2,11,2,5901,918,24,3,"[{'tag': 'iframe', 'src': None, 'aria_label': 'Advertisement', 'class': None, 'id': 'google_ads_iframe_/13474545/MaltaToday_news_Leaderboard_728x90_0', 'text': ''}, {'tag': 'iframe', 'src': None, 'aria_label': 'Advertisement', 'class': None, 'id': 'google_ads_iframe_/13474545/ELECTION_2026_INLINE_BANNER_0', 'text': ''}, {'tag': 'iframe', 'src': None, 'aria_label': 'Advertisement', 'class': None, 'id': 'google_ads_iframe_/13474545/video_advert_preroll_0', 'text': ''}]",9,322,malta_today,article_pages
153,48,28,12,6,2,11,2,5901,918,24,3,"[{'tag': 'iframe', 'src': None, 'aria_label': 'Advertisement', 'class': None, 'id': 'google_ads_iframe_/13474545/MaltaToday_news_Leaderboard_728x90_0', 'text': ''}, {'tag': 'iframe', 'src': None, 'aria_label': 'Advertisement', 'class': None, 'id': 'google_ads_iframe_/13474545/ELECTION_2026_INLINE_BANNER_0', 'text': ''}, {'tag': 'iframe', 'src': None, 'aria_label': 'Advertisement', 'class': None, 'id': 'google_ads_iframe_/13474545/video_advert_preroll_0', 'text': ''}]",9,323,malta_today,article_pages
153,48,28,12,6,2,11,2,5901,918,24,3,"[{'tag': 'iframe', 'src': None, 'aria_label': 'Advertisement', 'class': None, 'id': 'google_ads_iframe_/13474545/MaltaToday_news_Leaderboard_728x90_0', 'text': ''}, {'tag': 'iframe', 'src': None, 'aria_label': 'Advertisement', 'class': None, 'id': 'google_ads_iframe_/13474545/ELECTION_2026_INLINE_BANNER_0', 'text': ''}, {'tag': 'iframe', 'src': None, 'aria_label': 'Advertisement', 'class': None, 'id': 'google_ads_iframe_/13474545/video_advert_preroll_0', 'text': ''}]",9,324,malta_today,article_pages
153,48,28,12,6,2,11,2,5901,918,24,3,"[{'tag': 'iframe', 'src': None, 'aria_label': 'Advertisement', 'class': None, 'id': 'google_ads_iframe_/13474545/MaltaToday_news_Leaderboard_728x90_0', 'text': ''}, {'tag': 'iframe', 'src': None, 'aria_label': 'Advertisement', 'class': None, 'id': 'google_ads_iframe_/13474545/ELECTION_2026_INLINE_BANNER_0', 'text': ''}, {'tag': 'iframe', 'src': None, 'aria_label': 'Advertisement', 'class': None, 'id': 'google_ads_iframe_/13474545/video_advert_preroll_0', 'text': ''}]",9,325,malta_today,article_pages
153,48,28,12,6,2,11,2,5901,918,24,3,"[{'tag': 'iframe', 'src': None, 'aria_label': 'Advertisement', 'class': None, 'id': 'google_ads_iframe_/13474545/MaltaToday_news_Leaderboard_728x90_0', 'text': ''}, {'tag': 'iframe', 'src': None, 'aria_label': 'Advertisement', 'class': None, 'id': 'google_ads_iframe_/13474545/ELECTION_2026_INLINE_BANNER_0', 'text': ''}, {'tag': 'iframe', 'src': None, 'aria_label': 'Advertisement', 'class': None, 'id': 'google_ads_iframe_/13474545/video_advert_preroll_0', 'text': ''}]",9,326,malta_today,article_pages
153,48,28,12,6,2,11,2,5901,918,24,3,"[{'tag': 'iframe', 'src': None, 'aria_label': 'Advertisement', 'class': None, 'id': 'google_ads_iframe_/13474545/MaltaToday_news_Leaderboard_728x90_0', 'text': ''}, {'tag': 'iframe', 'src': None, 'aria_label': 'Advertisement', 'class': None, 'id': 'google_ads_iframe_/13474545/ELECTION_2026_INLINE_BANNER_0', 'text': ''}, {'tag': 'iframe', 'src': None, 'aria_label': 'Advertisement', 'class': None, 'id': 'google_ads_iframe_/13474545/video_advert_preroll_0', 'text': ''}]",9,327,malta_today,article_pages
153,48,28,12,6,2,11,2,5901,918,24,3,"[{'tag': 'iframe', 'src': None, 'aria_label': 'Advertisement', 'class': None, 'id': 'google_ads_iframe_/13474545/MaltaToday_news_Leaderboard_728x90_0', 'text': ''}, {'tag': 'iframe', 'src': None, 'aria_label': 'Advertisement', 'class': None, 'id': 'google_ads_iframe_/13474545/ELECTION_2026_INLINE_BANNER_0', 'text': ''}, {'tag': 'iframe', 'src': None, 'aria_label': 'Advertisement', 'class': None, 'id': 'google_ads_iframe_/13474545/video_advert_preroll_0', 'text': ''}]",9,328,malta_today,article_pages
153,48,28,12,6,2,11,2,5901,918,24,3,"[{'tag': 'iframe', 'src': None, 'aria_label': 'Advertisement', 'class': None, 'id': 'google_ads_iframe_/13474545/MaltaToday_news_Leaderboard_728x90_0', 'text': ''}, {'tag': 'iframe', 'src': None, 'aria_label': 'Advertisement', 'class': None, 'id': 'google_ads_iframe_/13474545/ELECTION_2026_INLINE_BANNER_0', 'text': ''}, {'tag': 'iframe', 'src': None, 'aria_label': 'Advertisement', 'class': None, 'id': 'google_ads_iframe_/13474545/video_advert_preroll_0', 'text': ''}]",9,329,malta_today,article_pages
153,48,28,12,6,2,11,2,5901,918,24,3,"[{'tag': 'iframe', 'src': None, 'aria_label': 'Advertisement', 'class': None, 'id': 'google_ads_iframe_/13474545/MaltaToday_news_Leaderboard_728x90_0', 'text': ''}, {'tag': 'iframe', 'src': None, 'aria_label': 'Advertisement', 'class': None, 'id': 'google_ads_iframe_/13474545/ELECTION_2026_INLINE_BANNER_0', 'text': ''}, {'tag': 'iframe', 'src': None, 'aria_label': 'Advertisement', 'class': None, 'id': 'google_ads_iframe_/13474545/video_advert_preroll_0', 'text': ''}]",9,330,malta_today,article_pages
148,30,39,15,3,2,43,2,12734,1840,24,4,"[{'tag': 'iframe', 'src': None, 'aria_label': 'Advertisement', 'class': None, 'id': 'google_ads_iframe_/13474545/MaltaToday_business_Leaderboard_728x90_0', 'text': ''}, {'tag': 'iframe', 'src': None, 'aria_label': 'Advertisement', 'class': None, 'id': 'google_ads_iframe_/13474545/MaltaToday_business_Inline_300x250_0', 'text': ''}, {'tag': 'iframe', 'src': None, 'aria_label': 'Advertisement', 'class': None, 'id': 'google_ads_iframe_/13474545/MaltaToday_business_ArticleLeaderboard_0', 'text': ''}, {'tag': 'iframe', 'src': None, 'aria_label': 'Advertisement', 'class': None, 'id': 'google_ads_iframe_/13474545/video_advert_preroll_0', 'text': ''}]",11,331,malta_today,article_pages
148,30,39,15,3,2,43,2,12734,1840,24,4,"[{'tag': 'iframe', 'src': None, 'aria_label': 'Advertisement', 'class': None, 'id': 'google_ads_iframe_/13474545/MaltaToday_business_Leaderboard_728x90_0', 'text': ''}, {'tag': 'iframe', 'src': None, 'aria_label': 'Advertisement', 'class': None, 'id': 'google_ads_iframe_/13474545/MaltaToday_business_Inline_300x250_0', 'text': ''}, {'tag': 'iframe', 'src': None, 'aria_label': 'Advertisement', 'class': None, 'id': 'google_ads_iframe_/13474545/MaltaToday_business_ArticleLeaderboard_0', 'text': ''}, {'tag': 'iframe', 'src': None, 'aria_label': 'Advertisement', 'class': None, 'id': 'google_ads_iframe_/13474545/video_advert_preroll_0', 'text': ''}]",11,332,malta_today,article_pages
148,30,39,15,3,2,43,2,12734,1840,24,4,"[{'tag': 'iframe', 'src': None, 'aria_label': 'Advertisement', 'class': None, 'id': 'google_ads_iframe_/13474545/MaltaToday_business_Leaderboard_728x90_0', 'text': ''}, {'tag': 'iframe', 'src': None, 'aria_label': 'Advertisement', 'class': None, 'id': 'google_ads_iframe_/13474545/MaltaToday_business_Inline_300x250_0', 'text': ''}, {'tag': 'iframe', 'src': None, 'aria_label': 'Advertisement', 'class': None, 'id': 'google_ads_iframe_/13474545/MaltaToday_business_ArticleLeaderboard_0', 'text': ''}, {'tag': 'iframe', 'src': None, 'aria_label': 'Advertisement', 'class': None, 'id': 'google_ads_iframe_/13474545/video_advert_preroll_0', 'text': ''}]",11,333,malta_today,article_pages
148,30,39,15,3,2,43,2,12734,1840,24,4,"[{'tag': 'iframe', 'src': None, 'aria_label': 'Advertisement', 'class': None, 'id': 'google_ads_iframe_/13474545/MaltaToday_business_Leaderboard_728x90_0', 'text': ''}, {'tag': 'iframe', 'src': None, 'aria_label': 'Advertisement', 'class': None, 'id': 'google_ads_iframe_/13474545/MaltaToday_business_Inline_300x250_0', 'text': ''}, {'tag': 'iframe', 'src': None, 'aria_label': 'Advertisement', 'class': None, 'id': 'google_ads_iframe_/13474545/MaltaToday_business_ArticleLeaderboard_0', 'text': ''}, {'tag': 'iframe', 'src': None, 'aria_label': 'Advertisement', 'class': None, 'id': 'google_ads_iframe_/13474545/video_advert_preroll_0', 'text': ''}]",11,334,malta_today,article_pages
148,30,39,15,3,2,43,2,12734,1840,24,4,"[{'tag': 'iframe', 'src': None, 'aria_label': 'Advertisement', 'class': None, 'id': 'google_ads_iframe_/13474545/MaltaToday_business_Leaderboard_728x90_0', 'text': ''}, {'tag': 'iframe', 'src': None, 'aria_label': 'Advertisement', 'class': None, 'id': 'google_ads_iframe_/13474545/MaltaToday_business_Inline_300x250_0', 'text': ''}, {'tag': 'iframe', 'src': None, 'aria_label': 'Advertisement', 'class': None, 'id': 'google_ads_iframe_/13474545/MaltaToday_business_ArticleLeaderboard_0', 'text': ''}, {'tag': 'iframe', 'src': None, 'aria_label': 'Advertisement', 'class': None, 'id': 'google_ads_iframe_/13474545/video_advert_preroll_0', 'text': ''}]",11,335,malta_today,article_pages
148,30,39,15,3,2,43,2,12734,1840,24,4,"[{'tag': 'iframe', 'src': None, 'aria_label': 'Advertisement', 'class': None, 'id': 'google_ads_iframe_/13474545/MaltaToday_business_Leaderboard_728x90_0', 'text': ''}, {'tag': 'iframe', 'src': None, 'aria_label': 'Advertisement', 'class': None, 'id': 'google_ads_iframe_/13474545/MaltaToday_business_Inline_300x250_0', 'text': ''}, {'tag': 'iframe', 'src': None, 'aria_label': 'Advertisement', 'class': None, 'id': 'google_ads_iframe_/13474545/MaltaToday_business_ArticleLeaderboard_0', 'text': ''}, {'tag': 'iframe', 'src': None, 'aria_label': 'Advertisement', 'class': None, 'id': 'google_ads_iframe_/13474545/video_advert_preroll_0', 'text': ''}]",11,336,malta_today,article_pages
148,30,39,15,3,2,43,2,12734,1840,24,4,"[{'tag': 'iframe', 'src': None, 'aria_label': 'Advertisement', 'class': None, 'id': 'google_ads_iframe_/13474545/MaltaToday_business_Leaderboard_728x90_0', 'text': ''}, {'tag': 'iframe', 'src': None, 'aria_label': 'Advertisement', 'class': None, 'id': 'google_ads_iframe_/13474545/MaltaToday_business_Inline_300x250_0', 'text': ''}, {'tag': 'iframe', 'src': None, 'aria_label': 'Advertisement', 'class': None, 'id': 'google_ads_iframe_/13474545/MaltaToday_business_ArticleLeaderboard_0', 'text': ''}, {'tag': 'iframe', 'src': None, 'aria_label': 'Advertisement', 'class': None, 'id': 'google_ads_iframe_/13474545/video_advert_preroll_0', 'text': ''}]",11,337,malta_today,article_pages
148,30,39,15,3,2,43,2,12734,1840,24,4,"[{'tag': 'iframe', 'src': None, 'aria_label': 'Advertisement', 'class': None, 'id': 'google_ads_iframe_/13474545/MaltaToday_business_Leaderboard_728x90_0', 'text': ''}, {'tag': 'iframe', 'src': None, 'aria_label': 'Advertisement', 'class': None, 'id': 'google_ads_iframe_/13474545/MaltaToday_business_Inline_300x250_0', 'text': ''}, {'tag': 'iframe', 'src': None, 'aria_label': 'Advertisement', 'class': None, 'id': 'google_ads_iframe_/13474545/MaltaToday_business_ArticleLeaderboard_0', 'text': ''}, {'tag': 'iframe', 'src': None, 'aria_label': 'Advertisement', 'class': None, 'id': 'google_ads_iframe_/13474545/video_advert_preroll_0', 'text': ''}]",11,338,malta_today,article_pages
148,30,39,15,3,2,43,2,12734,1840,24,4,"[{'tag': 'iframe', 'src': None, 'aria_label': 'Advertisement', 'class': None, 'id': 'google_ads_iframe_/13474545/MaltaToday_business_Leaderboard_728x90_0', 'text': ''}, {'tag': 'iframe', 'src': None, 'aria_label': 'Advertisement', 'class': None, 'id': 'google_ads_iframe_/13474545/MaltaToday_business_Inline_300x250_0', 'text': ''}, {'tag': 'iframe', 'src': None, 'aria_label': 'Advertisement', 'class': None, 'id': 'google_ads_iframe_/13474545/MaltaToday_business_ArticleLeaderboard_0', 'text': ''}, {'tag': 'iframe', 'src': None, 'aria_label': 'Advertisement', 'class': None, 'id': 'google_ads_iframe_/13474545/video_advert_preroll_0', 'text': ''}]",11,339,malta_today,article_pages
148,30,39,15,3,2,43,2,12734,1840,24,4,"[{'tag': 'iframe', 'src': None, 'aria_label': 'Advertisement', 'class': None, 'id': 'google_ads_iframe_/13474545/MaltaToday_business_Leaderboard_728x90_0', 'text': ''}, {'tag': 'iframe', 'src': None, 'aria_label': 'Advertisement', 'class': None, 'id': 'google_ads_iframe_/13474545/MaltaToday_business_Inline_300x250_0', 'text': ''}, {'tag': 'iframe', 'src': None, 'aria_label': 'Advertisement', 'class': None, 'id': 'google_ads_iframe_/13474545/MaltaToday_business_ArticleLeaderboard_0', 'text': ''}, {'tag': 'iframe', 'src': None, 'aria_label': 'Advertisement', 'class': None, 'id': 'google_ads_iframe_/13474545/video_advert_preroll_0', 'text': ''}]",11,340,malta_today,article_pages
148,30,39,15,3,2,43,2,12734,1840,24,4,"[{'tag': 'iframe', 'src': None, 'aria_label': 'Advertisement', 'class': None, 'id': 'google_ads_iframe_/13474545/MaltaToday_business_Leaderboard_728x90_0', 'text': ''}, {'tag': 'iframe', 'src': None, 'aria_label': 'Advertisement', 'class': None, 'id': 'google_ads_iframe_/13474545/MaltaToday_business_Inline_300x250_0', 'text': ''}, {'tag': 'iframe', 'src': None, 'aria_label': 'Advertisement', 'class': None, 'id': 'google_ads_iframe_/13474545/MaltaToday_business_ArticleLeaderboard_0', 'text': ''}, {'tag': 'iframe', 'src': None, 'aria_label': 'Advertisement', 'class': None, 'id': 'google_ads_iframe_/13474545/video_advert_preroll_0', 'text': ''}]",11,341,malta_today,article_pages
148,30,39,15,3,2,43,2,12734,1840,24,4,"[{'tag': 'iframe', 'src': None, 'aria_label': 'Advertisement', 'class': None, 'id': 'google_ads_iframe_/13474545/MaltaToday_business_Leaderboard_728x90_0', 'text': ''}, {'tag': 'iframe', 'src': None, 'aria_label': 'Advertisement', 'class': None, 'id': 'google_ads_iframe_/13474545/MaltaToday_business_Inline_300x250_0', 'text': ''}, {'tag': 'iframe', 'src': None, 'aria_label': 'Advertisement', 'class': None, 'id': 'google_ads_iframe_/13474545/MaltaToday_business_ArticleLeaderboard_0', 'text': ''}, {'tag': 'iframe', 'src': None, 'aria_label': 'Advertisement', 'class': None, 'id': 'google_ads_iframe_/13474545/video_advert_preroll_0', 'text': ''}]",11,342,malta_today,article_pages
148,30,39,15,3,2,43,2,12734,1840,24,4,"[{'tag': 'iframe', 'src': None, 'aria_label': 'Advertisement', 'class': None, 'id': 'google_ads_iframe_/13474545/MaltaToday_business_Leaderboard_728x90_0', 'text': ''}, {'tag': 'iframe', 'src': None, 'aria_label': 'Advertisement', 'class': None, 'id': 'google_ads_iframe_/13474545/MaltaToday_business_Inline_300x250_0', 'text': ''}, {'tag': 'iframe', 'src': None, 'aria_label': 'Advertisement', 'class': None, 'id': 'google_ads_iframe_/13474545/MaltaToday_business_ArticleLeaderboard_0', 'text': ''}, {'tag': 'iframe', 'src': None, 'aria_label': 'Advertisement', 'class': None, 'id': 'google_ads_iframe_/13474545/video_advert_preroll_0', 'text': ''}]",11,343,malta_today,article_pages
148,30,39,15,3,2,43,2,12734,1840,24,4,"[{'tag': 'iframe', 'src': None, 'aria_label': 'Advertisement', 'class': None, 'id': 'google_ads_iframe_/13474545/MaltaToday_business_Leaderboard_728x90_0', 'text': ''}, {'tag': 'iframe', 'src': None, 'aria_label': 'Advertisement', 'class': None, 'id': 'google_ads_iframe_/13474545/MaltaToday_business_Inline_300x250_0', 'text': ''}, {'tag': 'iframe', 'src': None, 'aria_label': 'Advertisement', 'class': None, 'id': 'google_ads_iframe_/13474545/MaltaToday_business_ArticleLeaderboard_0', 'text': ''}, {'tag': 'iframe', 'src': None, 'aria_label': 'Advertisement', 'class': None, 'id': 'google_ads_iframe_/13474545/video_advert_preroll_0', 'text': ''}]",11,344,malta_today,article_pages
148,30,39,15,3,2,43,2,12734,1840,24,4,"[{'tag': 'iframe', 'src': None, 'aria_label': 'Advertisement', 'class': None, 'id': 'google_ads_iframe_/13474545/MaltaToday_business_Leaderboard_728x90_0', 'text': ''}, {'tag': 'iframe', 'src': None, 'aria_label': 'Advertisement', 'class': None, 'id': 'google_ads_iframe_/13474545/MaltaToday_business_Inline_300x250_0', 'text': ''}, {'tag': 'iframe', 'src': None, 'aria_label': 'Advertisement', 'class': None, 'id': 'google_ads_iframe_/13474545/MaltaToday_business_ArticleLeaderboard_0', 'text': ''}, {'tag': 'iframe', 'src': None, 'aria_label': 'Advertisement', 'class': None, 'id': 'google_ads_iframe_/13474545/video_advert_preroll_0', 'text': ''}]",11,345,malta_today,article_pages
148,30,39,15,3,2,43,2,12734,1840,24,4,"[{'tag': 'iframe', 'src': None, 'aria_label': 'Advertisement', 'class': None, 'id': 'google_ads_iframe_/13474545/MaltaToday_business_Leaderboard_728x90_0', 'text': ''}, {'tag': 'iframe', 'src': None, 'aria_label': 'Advertisement', 'class': None, 'id': 'google_ads_iframe_/13474545/MaltaToday_business_Inline_300x250_0', 'text': ''}, {'tag': 'iframe', 'src': None, 'aria_label': 'Advertisement', 'class': None, 'id': 'google_ads_iframe_/13474545/MaltaToday_business_ArticleLeaderboard_0', 'text': ''}, {'tag': 'iframe', 'src': None, 'aria_label': 'Advertisement', 'class': None, 'id': 'google_ads_iframe_/13474545/video_advert_preroll_0', 'text': ''}]",11,346,malta_today,article_pages
148,30,39,15,3,2,43,2,12734,1840,24,4,"[{'tag': 'iframe', 'src': None, 'aria_label': 'Advertisement', 'class': None, 'id': 'google_ads_iframe_/13474545/MaltaToday_business_Leaderboard_728x90_0', 'text': ''}, {'tag': 'iframe', 'src': None, 'aria_label': 'Advertisement', 'class': None, 'id': 'google_ads_iframe_/13474545/MaltaToday_business_Inline_300x250_0', 'text': ''}, {'tag': 'iframe', 'src': None, 'aria_label': 'Advertisement', 'class': None, 'id': 'google_ads_iframe_/13474545/MaltaToday_business_ArticleLeaderboard_0', 'text': ''}, {'tag': 'iframe', 'src': None, 'aria_label': 'Advertisement', 'class': None, 'id': 'google_ads_iframe_/13474545/video_advert_preroll_0', 'text': ''}]",11,347,malta_today,article_pages
146,30,38,15,3,2,16,2,7150,1088,24,4,"[{'tag': 'iframe', 'src': None, 'aria_label': 'Advertisement', 'class': None, 'id': 'google_ads_iframe_/13474545/MaltaToday_business_Leaderboard_728x90_0', 'text': ''}, {'tag': 'iframe', 'src': None, 'aria_label': 'Advertisement', 'class': None, 'id': 'google_ads_iframe_/13474545/MaltaToday_business_Inline_300x250_0', 'text': ''}, {'tag': 'iframe', 'src': None, 'aria_label': 'Advertisement', 'class': None, 'id': 'google_ads_iframe_/13474545/MaltaToday_business_ArticleLeaderboard_0', 'text': ''}, {'tag': 'iframe', 'src': None, 'aria_label': 'Advertisement', 'class': None, 'id': 'google_ads_iframe_/13474545/video_advert_preroll_0', 'text': ''}]",11,348,malta_today,article_pages
146,30,38,15,3,2,16,2,7150,1088,24,4,"[{'tag': 'iframe', 'src': None, 'aria_label': 'Advertisement', 'class': None, 'id': 'google_ads_iframe_/13474545/MaltaToday_business_Leaderboard_728x90_0', 'text': ''}, {'tag': 'iframe', 'src': None, 'aria_label': 'Advertisement', 'class': None, 'id': 'google_ads_iframe_/13474545/MaltaToday_business_Inline_300x250_0', 'text': ''}, {'tag': 'iframe', 'src': None, 'aria_label': 'Advertisement', 'class': None, 'id': 'google_ads_iframe_/13474545/MaltaToday_business_ArticleLeaderboard_0', 'text': ''}, {'tag': 'iframe', 'src': None, 'aria_label': 'Advertisement', 'class': None, 'id': 'google_ads_iframe_/13474545/video_advert_preroll_0', 'text': ''}]",11,349,malta_today,article_pages
146,30,38,15,3,2,16,2,7150,1088,24,4,"[{'tag': 'iframe', 'src': None, 'aria_label': 'Advertisement', 'class': None, 'id': 'google_ads_iframe_/13474545/MaltaToday_business_Leaderboard_728x90_0', 'text': ''}, {'tag': 'iframe', 'src': None, 'aria_label': 'Advertisement', 'class': None, 'id': 'google_ads_iframe_/13474545/MaltaToday_business_Inline_300x250_0', 'text': ''}, {'tag': 'iframe', 'src': None, 'aria_label': 'Advertisement', 'class': None, 'id': 'google_ads_iframe_/13474545/MaltaToday_business_ArticleLeaderboard_0', 'text': ''}, {'tag': 'iframe', 'src': None, 'aria_label': 'Advertisement', 'class': None, 'id': 'google_ads_iframe_/13474545/video_advert_preroll_0', 'text': ''}]",11,350,malta_today,article_pages
146,30,38,15,3,2,16,2,7150,1088,24,4,"[{'tag': 'iframe', 'src': None, 'aria_label': 'Advertisement', 'class': None, 'id': 'google_ads_iframe_/13474545/MaltaToday_business_Leaderboard_728x90_0', 'text': ''}, {'tag': 'iframe', 'src': None, 'aria_label': 'Advertisement', 'class': None, 'id': 'google_ads_iframe_/13474545/MaltaToday_business_Inline_300x250_0', 'text': ''}, {'tag': 'iframe', 'src': None, 'aria_label': 'Advertisement', 'class': None, 'id': 'google_ads_iframe_/13474545/MaltaToday_business_ArticleLeaderboard_0', 'text': ''}, {'tag': 'iframe', 'src': None, 'aria_label': 'Advertisement', 'class': None, 'id': 'google_ads_iframe_/13474545/video_advert_preroll_0', 'text': ''}]",11,351,malta_today,article_pages
146,30,38,15,3,2,16,2,7150,1088,24,4,"[{'tag': 'iframe', 'src': None, 'aria_label': 'Advertisement', 'class': None, 'id': 'google_ads_iframe_/13474545/MaltaToday_business_Leaderboard_728x90_0', 'text': ''}, {'tag': 'iframe', 'src': None, 'aria_label': 'Advertisement', 'class': None, 'id': 'google_ads_iframe_/13474545/MaltaToday_business_Inline_300x250_0', 'text': ''}, {'tag': 'iframe', 'src': None, 'aria_label': 'Advertisement', 'class': None, 'id': 'google_ads_iframe_/13474545/MaltaToday_business_ArticleLeaderboard_0', 'text': ''}, {'tag': 'iframe', 'src': None, 'aria_label': 'Advertisement', 'class': None, 'id': 'google_ads_iframe_/13474545/video_advert_preroll_0', 'text': ''}]",11,352,malta_today,article_pages
146,30,38,15,3,2,16,2,7150,1088,24,4,"[{'tag': 'iframe', 'src': None, 'aria_label': 'Advertisement', 'class': None, 'id': 'google_ads_iframe_/13474545/MaltaToday_business_Leaderboard_728x90_0', 'text': ''}, {'tag': 'iframe', 'src': None, 'aria_label': 'Advertisement', 'class': None, 'id': 'google_ads_iframe_/13474545/MaltaToday_business_Inline_300x250_0', 'text': ''}, {'tag': 'iframe', 'src': None, 'aria_label': 'Advertisement', 'class': None, 'id': 'google_ads_iframe_/13474545/MaltaToday_business_ArticleLeaderboard_0', 'text': ''}, {'tag': 'iframe', 'src': None, 'aria_label': 'Advertisement', 'class': None, 'id': 'google_ads_iframe_/13474545/video_advert_preroll_0', 'text': ''}]",11,353,malta_today,article_pages
146,30,38,15,3,2,16,2,7150,1088,24,4,"[{'tag': 'iframe', 'src': None, 'aria_label': 'Advertisement', 'class': None, 'id': 'google_ads_iframe_/13474545/MaltaToday_business_Leaderboard_728x90_0', 'text': ''}, {'tag': 'iframe', 'src': None, 'aria_label': 'Advertisement', 'class': None, 'id': 'google_ads_iframe_/13474545/MaltaToday_business_Inline_300x250_0', 'text': ''}, {'tag': 'iframe', 'src': None, 'aria_label': 'Advertisement', 'class': None, 'id': 'google_ads_iframe_/13474545/MaltaToday_business_ArticleLeaderboard_0', 'text': ''}, {'tag': 'iframe', 'src': None, 'aria_label': 'Advertisement', 'class': None, 'id': 'google_ads_iframe_/13474545/video_advert_preroll_0', 'text': ''}]",11,354,malta_today,article_pages
146,30,38,15,3,2,16,2,7150,1088,24,4,"[{'tag': 'iframe', 'src': None, 'aria_label': 'Advertisement', 'class': None, 'id': 'google_ads_iframe_/13474545/MaltaToday_business_Leaderboard_728x90_0', 'text': ''}, {'tag': 'iframe', 'src': None, 'aria_label': 'Advertisement', 'class': None, 'id': 'google_ads_iframe_/13474545/MaltaToday_business_Inline_300x250_0', 'text': ''}, {'tag': 'iframe', 'src': None, 'aria_label': 'Advertisement', 'class': None, 'id': 'google_ads_iframe_/13474545/MaltaToday_business_ArticleLeaderboard_0', 'text': ''}, {'tag': 'iframe', 'src': None, 'aria_label': 'Advertisement', 'class': None, 'id': 'google_ads_iframe_/13474545/video_advert_preroll_0', 'text': ''}]",11,355,malta_today,article_pages
146,30,38,15,3,2,16,2,7150,1088,24,4,"[{'tag': 'iframe', 'src': None, 'aria_label': 'Advertisement', 'class': None, 'id': 'google_ads_iframe_/13474545/MaltaToday_business_Leaderboard_728x90_0', 'text': ''}, {'tag': 'iframe', 'src': None, 'aria_label': 'Advertisement', 'class': None, 'id': 'google_ads_iframe_/13474545/MaltaToday_business_Inline_300x250_0', 'text': ''}, {'tag': 'iframe', 'src': None, 'aria_label': 'Advertisement', 'class': None, 'id': 'google_ads_iframe_/13474545/MaltaToday_business_ArticleLeaderboard_0', 'text': ''}, {'tag': 'iframe', 'src': None, 'aria_label': 'Advertisement', 'class': None, 'id': 'google_ads_iframe_/13474545/video_advert_preroll_0', 'text': ''}]",11,356,malta_today,article_pages
146,30,38,15,3,2,16,2,7150,1088,24,4,"[{'tag': 'iframe', 'src': None, 'aria_label': 'Advertisement', 'class': None, 'id': 'google_ads_iframe_/13474545/MaltaToday_business_Leaderboard_728x90_0', 'text': ''}, {'tag': 'iframe', 'src': None, 'aria_label': 'Advertisement', 'class': None, 'id': 'google_ads_iframe_/13474545/MaltaToday_business_Inline_300x250_0', 'text': ''}, {'tag': 'iframe', 'src': None, 'aria_label': 'Advertisement', 'class': None, 'id': 'google_ads_iframe_/13474545/MaltaToday_business_ArticleLeaderboard_0', 'text': ''}, {'tag': 'iframe', 'src': None, 'aria_label': 'Advertisement', 'class': None, 'id': 'google_ads_iframe_/13474545/video_advert_preroll_0', 'text': ''}]",11,357,malta_today,article_pages
146,30,38,15,3,2,16,2,7150,1088,24,4,"[{'tag': 'iframe', 'src': None, 'aria_label': 'Advertisement', 'class': None, 'id': 'google_ads_iframe_/13474545/MaltaToday_business_Leaderboard_728x90_0', 'text': ''}, {'tag': 'iframe', 'src': None, 'aria_label': 'Advertisement', 'class': None, 'id': 'google_ads_iframe_/13474545/MaltaToday_business_Inline_300x250_0', 'text': ''}, {'tag': 'iframe', 'src': None, 'aria_label': 'Advertisement', 'class': None, 'id': 'google_ads_iframe_/13474545/MaltaToday_business_ArticleLeaderboard_0', 'text': ''}, {'tag': 'iframe', 'src': None, 'aria_label': 'Advertisement', 'class': None, 'id': 'google_ads_iframe_/13474545/video_advert_preroll_0', 'text': ''}]",11,358,malta_today,article_pages
146,30,38,15,3,2,16,2,7150,1088,24,4,"[{'tag': 'iframe', 'src': None, 'aria_label': 'Advertisement', 'class': None, 'id': 'google_ads_iframe_/13474545/MaltaToday_business_Leaderboard_728x90_0', 'text': ''}, {'tag': 'iframe', 'src': None, 'aria_label': 'Advertisement', 'class': None, 'id': 'google_ads_iframe_/13474545/MaltaToday_business_Inline_300x250_0', 'text': ''}, {'tag': 'iframe', 'src': None, 'aria_label': 'Advertisement', 'class': None, 'id': 'google_ads_iframe_/13474545/MaltaToday_business_ArticleLeaderboard_0', 'text': ''}, {'tag': 'iframe', 'src': None, 'aria_label': 'Advertisement', 'class': None, 'id': 'google_ads_iframe_/13474545/video_advert_preroll_0', 'text': ''}]",11,359,malta_today,article_pages
392,49,58,0,15,2,22,80,22983,3227,21,8,"[{'tag': 'div', 'src': None, 'aria_label': None, 'class': ['ad', 'top_push_alt'], 'id': None, 'text': ''}, {'tag': 'div', 'src': None, 'aria_label': None, 'class': ['ad', 'top_push'], 'id': None, 'text': ''}, {'tag': 'div', 'src': None, 'aria_label': None, 'class': ['ad', 'home_top'], 'id': None, 'text': ''}, {'tag': 'div', 'src': None, 'aria_label': None, 'class': ['ad', 'home_mid'], 'id': None, 'text': ''}, {'tag': 'div', 'src': None, 'aria_label': None, 'class': ['ad', 'home_side2'], 'id': None, 'text': ''}, {'tag': 'div', 'src': None, 'aria_label': None, 'class': ['ad', 'home_monster'], 'id': None, 'text': ''}, {'tag': 'div', 'src': None, 'aria_label': None, 'class': ['ad', 'home_side3'], 'id': None, 'text': ''}, {'tag': 'div', 'src': None, 'aria_label': None, 'class': ['ad', 'home_foot'], 'id': None, 'text': ''}]",-8,360,newsbook,home_page
392,49,58,0,15,2,22,80,22983,3227,21,8,"[{'tag': 'div', 'src': None, 'aria_label': None, 'class': ['ad', 'top_push_alt'], 'id': None, 'text': ''}, {'tag': 'div', 'src': None, 'aria_label': None, 'class': ['ad', 'top_push'], 'id': None, 'text': ''}, {'tag': 'div', 'src': None, 'aria_label': None, 'class': ['ad', 'home_top'], 'id': None, 'text': ''}, {'tag': 'div', 'src': None, 'aria_label': None, 'class': ['ad', 'home_mid'], 'id': None, 'text': ''}, {'tag': 'div', 'src': None, 'aria_label': None, 'class': ['ad', 'home_side2'], 'id': None, 'text': ''}, {'tag': 'div', 'src': None, 'aria_label': None, 'class': ['ad', 'home_monster'], 'id': None, 'text': ''}, {'tag': 'div', 'src': None, 'aria_label': None, 'class': ['ad', 'home_side3'], 'id': None, 'text': ''}, {'tag': 'div', 'src': None, 'aria_label': None, 'class': ['ad', 'home_foot'], 'id': None, 'text': ''}]",-8,361,newsbook,home_page
392,49,58,0,15,2,22,80,22983,3227,21,8,"[{'tag': 'div', 'src': None, 'aria_label': None, 'class': ['ad', 'top_push_alt'], 'id': None, 'text': ''}, {'tag': 'div', 'src': None, 'aria_label': None, 'class': ['ad', 'top_push'], 'id': None, 'text': ''}, {'tag': 'div', 'src': None, 'aria_label': None, 'class': ['ad', 'home_top'], 'id': None, 'text': ''}, {'tag': 'div', 'src': None, 'aria_label': None, 'class': ['ad', 'home_mid'], 'id': None, 'text': ''}, {'tag': 'div', 'src': None, 'aria_label': None, 'class': ['ad', 'home_side2'], 'id': None, 'text': ''}, {'tag': 'div', 'src': None, 'aria_label': None, 'class': ['ad', 'home_monster'], 'id': None, 'text': ''}, {'tag': 'div', 'src': None, 'aria_label': None, 'class': ['ad', 'home_side3'], 'id': None, 'text': ''}, {'tag': 'div', 'src': None, 'aria_label': None, 'class': ['ad', 'home_foot'], 'id': None, 'text': ''}]",-8,362,newsbook,home_page
392,49,58,0,15,2,22,80,22983,3227,21,8,"[{'tag': 'div', 'src': None, 'aria_label': None, 'class': ['ad', 'top_push_alt'], 'id': None, 'text': ''}, {'tag': 'div', 'src': None, 'aria_label': None, 'class': ['ad', 'top_push'], 'id': None, 'text': ''}, {'tag': 'div', 'src': None, 'aria_label': None, 'class': ['ad', 'home_top'], 'id': None, 'text': ''}, {'tag': 'div', 'src': None, 'aria_label': None, 'class': ['ad', 'home_mid'], 'id': None, 'text': ''}, {'tag': 'div', 'src': None, 'aria_label': None, 'class': ['ad', 'home_side2'], 'id': None, 'text': ''}, {'tag': 'div', 'src': None, 'aria_label': None, 'class': ['ad', 'home_monster'], 'id': None, 'text': ''}, {'tag': 'div', 'src': None, 'aria_label': None, 'class': ['ad', 'home_side3'], 'id': None, 'text': ''}, {'tag': 'div', 'src': None, 'aria_label': None, 'class': ['ad', 'home_foot'], 'id': None, 'text': ''}]",-8,363,newsbook,home_page
392,49,58,0,15,2,22,80,22983,3227,21,8,"[{'tag': 'div', 'src': None, 'aria_label': None, 'class': ['ad', 'top_push_alt'], 'id': None, 'text': ''}, {'tag': 'div', 'src': None, 'aria_label': None, 'class': ['ad', 'top_push'], 'id': None, 'text': ''}, {'tag': 'div', 'src': None, 'aria_label': None, 'class': ['ad', 'home_top'], 'id': None, 'text': ''}, {'tag': 'div', 'src': None, 'aria_label': None, 'class': ['ad', 'home_mid'], 'id': None, 'text': ''}, {'tag': 'div', 'src': None, 'aria_label': None, 'class': ['ad', 'home_side2'], 'id': None, 'text': ''}, {'tag': 'div', 'src': None, 'aria_label': None, 'class': ['ad', 'home_monster'], 'id': None, 'text': ''}, {'tag': 'div', 'src': None, 'aria_label': None, 'class': ['ad', 'home_side3'], 'id': None, 'text': ''}, {'tag': 'div', 'src': None, 'aria_label': None, 'class': ['ad', 'home_foot'], 'id': None, 'text': ''}]",-8,364,newsbook,home_page
392,49,58,0,15,2,22,80,22983,3227,21,8,"[{'tag': 'div', 'src': None, 'aria_label': None, 'class': ['ad', 'top_push_alt'], 'id': None, 'text': ''}, {'tag': 'div', 'src': None, 'aria_label': None, 'class': ['ad', 'top_push'], 'id': None, 'text': ''}, {'tag': 'div', 'src': None, 'aria_label': None, 'class': ['ad', 'home_top'], 'id': None, 'text': ''}, {'tag': 'div', 'src': None, 'aria_label': None, 'class': ['ad', 'home_mid'], 'id': None, 'text': ''}, {'tag': 'div', 'src': None, 'aria_label': None, 'class': ['ad', 'home_side2'], 'id': None, 'text': ''}, {'tag': 'div', 'src': None, 'aria_label': None, 'class': ['ad', 'home_monster'], 'id': None, 'text': ''}, {'tag': 'div', 'src': None, 'aria_label': None, 'class': ['ad', 'home_side3'], 'id': None, 'text': ''}, {'tag': 'div', 'src': None, 'aria_label': None, 'class': ['ad', 'home_foot'], 'id': None, 'text': ''}]",-8,365,newsbook,home_page
392,49,58,0,15,2,22,80,22983,3227,21,8,"[{'tag': 'div', 'src': None, 'aria_label': None, 'class': ['ad', 'top_push_alt'], 'id': None, 'text': ''}, {'tag': 'div', 'src': None, 'aria_label': None, 'class': ['ad', 'top_push'], 'id': None, 'text': ''}, {'tag': 'div', 'src': None, 'aria_label': None, 'class': ['ad', 'home_top'], 'id': None, 'text': ''}, {'tag': 'div', 'src': None, 'aria_label': None, 'class': ['ad', 'home_mid'], 'id': None, 'text': ''}, {'tag': 'div', 'src': None, 'aria_label': None, 'class': ['ad', 'home_side2'], 'id': None, 'text': ''}, {'tag': 'div', 'src': None, 'aria_label': None, 'class': ['ad', 'home_monster'], 'id': None, 'text': ''}, {'tag': 'div', 'src': None, 'aria_label': None, 'class': ['ad', 'home_side3'], 'id': None, 'text': ''}, {'tag': 'div', 'src': None, 'aria_label': None, 'class': ['ad', 'home_foot'], 'id': None, 'text': ''}]",-8,366,newsbook,home_page
392,49,58,0,15,2,22,80,22983,3227,21,8,"[{'tag': 'div', 'src': None, 'aria_label': None, 'class': ['ad', 'top_push_alt'], 'id': None, 'text': ''}, {'tag': 'div', 'src': None, 'aria_label': None, 'class': ['ad', 'top_push'], 'id': None, 'text': ''}, {'tag': 'div', 'src': None, 'aria_label': None, 'class': ['ad', 'home_top'], 'id': None, 'text': ''}, {'tag': 'div', 'src': None, 'aria_label': None, 'class': ['ad', 'home_mid'], 'id': None, 'text': ''}, {'tag': 'div', 'src': None, 'aria_label': None, 'class': ['ad', 'home_side2'], 'id': None, 'text': ''}, {'tag': 'div', 'src': None, 'aria_label': None, 'class': ['ad', 'home_monster'], 'id': None, 'text': ''}, {'tag': 'div', 'src': None, 'aria_label': None, 'class': ['ad', 'home_side3'], 'id': None, 'text': ''}, {'tag': 'div', 'src': None, 'aria_label': None, 'class': ['ad', 'home_foot'], 'id': None, 'text': ''}]",-8,367,newsbook,home_page
392,49,58,0,15,2,22,80,22983,3227,21,8,"[{'tag': 'div', 'src': None, 'aria_label': None, 'class': ['ad', 'top_push_alt'], 'id': None, 'text': ''}, {'tag': 'div', 'src': None, 'aria_label': None, 'class': ['ad', 'top_push'], 'id': None, 'text': ''}, {'tag': 'div', 'src': None, 'aria_label': None, 'class': ['ad', 'home_top'], 'id': None, 'text': ''}, {'tag': 'div', 'src': None, 'aria_label': None, 'class': ['ad', 'home_mid'], 'id': None, 'text': ''}, {'tag': 'div', 'src': None, 'aria_label': None, 'class': ['ad', 'home_side2'], 'id': None, 'text': ''}, {'tag': 'div', 'src': None, 'aria_label': None, 'class': ['ad', 'home_monster'], 'id': None, 'text': ''}, {'tag': 'div', 'src': None, 'aria_label': None, 'class': ['ad', 'home_side3'], 'id': None, 'text': ''}, {'tag': 'div', 'src': None, 'aria_label': None, 'class': ['ad', 'home_foot'], 'id': None, 'text': ''}]",-8,368,newsbook,home_page
392,49,58,0,15,2,22,80,22983,3227,21,8,"[{'tag': 'div', 'src': None, 'aria_label': None, 'class': ['ad', 'top_push_alt'], 'id': None, 'text': ''}, {'tag': 'div', 'src': None, 'aria_label': None, 'class': ['ad', 'top_push'], 'id': None, 'text': ''}, {'tag': 'div', 'src': None, 'aria_label': None, 'class': ['ad', 'home_top'], 'id': None, 'text': ''}, {'tag': 'div', 'src': None, 'aria_label': None, 'class': ['ad', 'home_mid'], 'id': None, 'text': ''}, {'tag': 'div', 'src': None, 'aria_label': None, 'class': ['ad', 'home_side2'], 'id': None, 'text': ''}, {'tag': 'div', 'src': None, 'aria_label': None, 'class': ['ad', 'home_monster'], 'id': None, 'text': ''}, {'tag': 'div', 'src': None, 'aria_label': None, 'class': ['ad', 'home_side3'], 'id': None, 'text': ''}, {'tag': 'div', 'src': None, 'aria_label': None, 'class': ['ad', 'home_foot'], 'id': None, 'text': ''}]",-8,369,newsbook,home_page
392,49,58,0,15,2,22,80,22983,3227,21,8,"[{'tag': 'div', 'src': None, 'aria_label': None, 'class': ['ad', 'top_push_alt'], 'id': None, 'text': ''}, {'tag': 'div', 'src': None, 'aria_label': None, 'class': ['ad', 'top_push'], 'id': None, 'text': ''}, {'tag': 'div', 'src': None, 'aria_label': None, 'class': ['ad', 'home_top'], 'id': None, 'text': ''}, {'tag': 'div', 'src': None, 'aria_label': None, 'class': ['ad', 'home_mid'], 'id': None, 'text': ''}, {'tag': 'div', 'src': None, 'aria_label': None, 'class': ['ad', 'home_side2'], 'id': None, 'text': ''}, {'tag': 'div', 'src': None, 'aria_label': None, 'class': ['ad', 'home_monster'], 'id': None, 'text': ''}, {'tag': 'div', 'src': None, 'aria_label': None, 'class': ['ad', 'home_side3'], 'id': None, 'text': ''}, {'tag': 'div', 'src': None, 'aria_label': None, 'class': ['ad', 'home_foot'], 'id': None, 'text': ''}]",-8,370,newsbook,home_page
392,49,58,0,15,2,22,80,22983,3227,21,8,"[{'tag': 'div', 'src': None, 'aria_label': None, 'class': ['ad', 'top_push_alt'], 'id': None, 'text': ''}, {'tag': 'div', 'src': None, 'aria_label': None, 'class': ['ad', 'top_push'], 'id': None, 'text': ''}, {'tag': 'div', 'src': None, 'aria_label': None, 'class': ['ad', 'home_top'], 'id': None, 'text': ''}, {'tag': 'div', 'src': None, 'aria_label': None, 'class': ['ad', 'home_mid'], 'id': None, 'text': ''}, {'tag': 'div', 'src': None, 'aria_label': None, 'class': ['ad', 'home_side2'], 'id': None, 'text': ''}, {'tag': 'div', 'src': None, 'aria_label': None, 'class': ['ad', 'home_monster'], 'id': None, 'text': ''}, {'tag': 'div', 'src': None, 'aria_label': None, 'class': ['ad', 'home_side3'], 'id': None, 'text': ''}, {'tag': 'div', 'src': None, 'aria_label': None, 'class': ['ad', 'home_foot'], 'id': None, 'text': ''}]",-8,371,newsbook,home_page
392,49,58,0,15,2,22,80,22983,3227,21,8,"[{'tag': 'div', 'src': None, 'aria_label': None, 'class': ['ad', 'top_push_alt'], 'id': None, 'text': ''}, {'tag': 'div', 'src': None, 'aria_label': None, 'class': ['ad', 'top_push'], 'id': None, 'text': ''}, {'tag': 'div', 'src': None, 'aria_label': None, 'class': ['ad', 'home_top'], 'id': None, 'text': ''}, {'tag': 'div', 'src': None, 'aria_label': None, 'class': ['ad', 'home_mid'], 'id': None, 'text': ''}, {'tag': 'div', 'src': None, 'aria_label': None, 'class': ['ad', 'home_side2'], 'id': None, 'text': ''}, {'tag': 'div', 'src': None, 'aria_label': None, 'class': ['ad', 'home_monster'], 'id': None, 'text': ''}, {'tag': 'div', 'src': None, 'aria_label': None, 'class': ['ad', 'home_side3'], 'id': None, 'text': ''}, {'tag': 'div', 'src': None, 'aria_label': None, 'class': ['ad', 'home_foot'], 'id': None, 'text': ''}]",-8,372,newsbook,home_page
392,49,58,0,15,2,22,80,22983,3227,21,8,"[{'tag': 'div', 'src': None, 'aria_label': None, 'class': ['ad', 'top_push_alt'], 'id': None, 'text': ''}, {'tag': 'div', 'src': None, 'aria_label': None, 'class': ['ad', 'top_push'], 'id': None, 'text': ''}, {'tag': 'div', 'src': None, 'aria_label': None, 'class': ['ad', 'home_top'], 'id': None, 'text': ''}, {'tag': 'div', 'src': None, 'aria_label': None, 'class': ['ad', 'home_mid'], 'id': None, 'text': ''}, {'tag': 'div', 'src': None, 'aria_label': None, 'class': ['ad', 'home_side2'], 'id': None, 'text': ''}, {'tag': 'div', 'src': None, 'aria_label': None, 'class': ['ad', 'home_monster'], 'id': None, 'text': ''}, {'tag': 'div', 'src': None, 'aria_label': None, 'class': ['ad', 'home_side3'], 'id': None, 'text': ''}, {'tag': 'div', 'src': None, 'aria_label': None, 'class': ['ad', 'home_foot'], 'id': None, 'text': ''}]",-8,373,newsbook,home_page
392,49,58,0,15,2,22,80,22983,3227,21,8,"[{'tag': 'div', 'src': None, 'aria_label': None, 'class': ['ad', 'top_push_alt'], 'id': None, 'text': ''}, {'tag': 'div', 'src': None, 'aria_label': None, 'class': ['ad', 'top_push'], 'id': None, 'text': ''}, {'tag': 'div', 'src': None, 'aria_label': None, 'class': ['ad', 'home_top'], 'id': None, 'text': ''}, {'tag': 'div', 'src': None, 'aria_label': None, 'class': ['ad', 'home_mid'], 'id': None, 'text': ''}, {'tag': 'div', 'src': None, 'aria_label': None, 'class': ['ad', 'home_side2'], 'id': None, 'text': ''}, {'tag': 'div', 'src': None, 'aria_label': None, 'class': ['ad', 'home_monster'], 'id': None, 'text': ''}, {'tag': 'div', 'src': None, 'aria_label': None, 'class': ['ad', 'home_side3'], 'id': None, 'text': ''}, {'tag': 'div', 'src': None, 'aria_label': None, 'class': ['ad', 'home_foot'], 'id': None, 'text': ''}]",-8,374,newsbook,home_page
392,49,58,0,15,2,22,80,22983,3227,21,8,"[{'tag': 'div', 'src': None, 'aria_label': None, 'class': ['ad', 'top_push_alt'], 'id': None, 'text': ''}, {'tag': 'div', 'src': None, 'aria_label': None, 'class': ['ad', 'top_push'], 'id': None, 'text': ''}, {'tag': 'div', 'src': None, 'aria_label': None, 'class': ['ad', 'home_top'], 'id': None, 'text': ''}, {'tag': 'div', 'src': None, 'aria_label': None, 'class': ['ad', 'home_mid'], 'id': None, 'text': ''}, {'tag': 'div', 'src': None, 'aria_label': None, 'class': ['ad', 'home_side2'], 'id': None, 'text': ''}, {'tag': 'div', 'src': None, 'aria_label': None, 'class': ['ad', 'home_monster'], 'id': None, 'text': ''}, {'tag': 'div', 'src': None, 'aria_label': None, 'class': ['ad', 'home_side3'], 'id': None, 'text': ''}, {'tag': 'div', 'src': None, 'aria_label': None, 'class': ['ad', 'home_foot'], 'id': None, 'text': ''}]",-8,375,newsbook,home_page
392,49,58,0,15,2,22,80,22983,3227,21,8,"[{'tag': 'div', 'src': None, 'aria_label': None, 'class': ['ad', 'top_push_alt'], 'id': None, 'text': ''}, {'tag': 'div', 'src': None, 'aria_label': None, 'class': ['ad', 'top_push'], 'id': None, 'text': ''}, {'tag': 'div', 'src': None, 'aria_label': None, 'class': ['ad', 'home_top'], 'id': None, 'text': ''}, {'tag': 'div', 'src': None, 'aria_label': None, 'class': ['ad', 'home_mid'], 'id': None, 'text': ''}, {'tag': 'div', 'src': None, 'aria_label': None, 'class': ['ad', 'home_side2'], 'id': None, 'text': ''}, {'tag': 'div', 'src': None, 'aria_label': None, 'class': ['ad', 'home_monster'], 'id': None, 'text': ''}, {'tag': 'div', 'src': None, 'aria_label': None, 'class': ['ad', 'home_side3'], 'id': None, 'text': ''}, {'tag': 'div', 'src': None, 'aria_label': None, 'class': ['ad', 'home_foot'], 'id': None, 'text': ''}]",-8,376,newsbook,home_page
392,49,58,0,15,2,22,80,22983,3227,21,8,"[{'tag': 'div', 'src': None, 'aria_label': None, 'class': ['ad', 'top_push_alt'], 'id': None, 'text': ''}, {'tag': 'div', 'src': None, 'aria_label': None, 'class': ['ad', 'top_push'], 'id': None, 'text': ''}, {'tag': 'div', 'src': None, 'aria_label': None, 'class': ['ad', 'home_top'], 'id': None, 'text': ''}, {'tag': 'div', 'src': None, 'aria_label': None, 'class': ['ad', 'home_mid'], 'id': None, 'text': ''}, {'tag': 'div', 'src': None, 'aria_label': None, 'class': ['ad', 'home_side2'], 'id': None, 'text': ''}, {'tag': 'div', 'src': None, 'aria_label': None, 'class': ['ad', 'home_monster'], 'id': None, 'text': ''}, {'tag': 'div', 'src': None, 'aria_label': None, 'class': ['ad', 'home_side3'], 'id': None, 'text': ''}, {'tag': 'div', 'src': None, 'aria_label': None, 'class': ['ad', 'home_foot'], 'id': None, 'text': ''}]",-8,377,newsbook,home_page
392,49,58,0,15,2,22,80,22983,3227,21,8,"[{'tag': 'div', 'src': None, 'aria_label': None, 'class': ['ad', 'top_push_alt'], 'id': None, 'text': ''}, {'tag': 'div', 'src': None, 'aria_label': None, 'class': ['ad', 'top_push'], 'id': None, 'text': ''}, {'tag': 'div', 'src': None, 'aria_label': None, 'class': ['ad', 'home_top'], 'id': None, 'text': ''}, {'tag': 'div', 'src': None, 'aria_label': None, 'class': ['ad', 'home_mid'], 'id': None, 'text': ''}, {'tag': 'div', 'src': None, 'aria_label': None, 'class': ['ad', 'home_side2'], 'id': None, 'text': ''}, {'tag': 'div', 'src': None, 'aria_label': None, 'class': ['ad', 'home_monster'], 'id': None, 'text': ''}, {'tag': 'div', 'src': None, 'aria_label': None, 'class': ['ad', 'home_side3'], 'id': None, 'text': ''}, {'tag': 'div', 'src': None, 'aria_label': None, 'class': ['ad', 'home_foot'], 'id': None, 'text': ''}]",-8,378,newsbook,home_page
392,49,58,0,15,2,22,80,22983,3227,21,8,"[{'tag': 'div', 'src': None, 'aria_label': None, 'class': ['ad', 'top_push_alt'], 'id': None, 'text': ''}, {'tag': 'div', 'src': None, 'aria_label': None, 'class': ['ad', 'top_push'], 'id': None, 'text': ''}, {'tag': 'div', 'src': None, 'aria_label': None, 'class': ['ad', 'home_top'], 'id': None, 'text': ''}, {'tag': 'div', 'src': None, 'aria_label': None, 'class': ['ad', 'home_mid'], 'id': None, 'text': ''}, {'tag': 'div', 'src': None, 'aria_label': None, 'class': ['ad', 'home_side2'], 'id': None, 'text': ''}, {'tag': 'div', 'src': None, 'aria_label': None, 'class': ['ad', 'home_monster'], 'id': None, 'text': ''}, {'tag': 'div', 'src': None, 'aria_label': None, 'class': ['ad', 'home_side3'], 'id': None, 'text': ''}, {'tag': 'div', 'src': None, 'aria_label': None, 'class': ['ad', 'home_foot'], 'id': None, 'text': ''}]",-8,379,newsbook,home_page
392,49,58,0,15,2,22,80,22983,3227,21,8,"[{'tag': 'div', 'src': None, 'aria_label': None, 'class': ['ad', 'top_push_alt'], 'id': None, 'text': ''}, {'tag': 'div', 'src': None, 'aria_label': None, 'class': ['ad', 'top_push'], 'id': None, 'text': ''}, {'tag': 'div', 'src': None, 'aria_label': None, 'class': ['ad', 'home_top'], 'id': None, 'text': ''}, {'tag': 'div', 'src': None, 'aria_label': None, 'class': ['ad', 'home_mid'], 'id': None, 'text': ''}, {'tag': 'div', 'src': None, 'aria_label': None, 'class': ['ad', 'home_side2'], 'id': None, 'text': ''}, {'tag': 'div', 'src': None, 'aria_label': None, 'class': ['ad', 'home_monster'], 'id': None, 'text': ''}, {'tag': 'div', 'src': None, 'aria_label': None, 'class': ['ad', 'home_side3'], 'id': None, 'text': ''}, {'tag': 'div', 'src': None, 'aria_label': None, 'class': ['ad', 'home_foot'], 'id': None, 'text': ''}]",-8,380,newsbook,home_page
392,49,58,0,15,2,22,80,22983,3227,21,8,"[{'tag': 'div', 'src': None, 'aria_label': None, 'class': ['ad', 'top_push_alt'], 'id': None, 'text': ''}, {'tag': 'div', 'src': None, 'aria_label': None, 'class': ['ad', 'top_push'], 'id': None, 'text': ''}, {'tag': 'div', 'src': None, 'aria_label': None, 'class': ['ad', 'home_top'], 'id': None, 'text': ''}, {'tag': 'div', 'src': None, 'aria_label': None, 'class': ['ad', 'home_mid'], 'id': None, 'text': ''}, {'tag': 'div', 'src': None, 'aria_label': None, 'class': ['ad', 'home_side2'], 'id': None, 'text': ''}, {'tag': 'div', 'src': None, 'aria_label': None, 'class': ['ad', 'home_monster'], 'id': None, 'text': ''}, {'tag': 'div', 'src': None, 'aria_label': None, 'class': ['ad', 'home_side3'], 'id': None, 'text': ''}, {'tag': 'div', 'src': None, 'aria_label': None, 'class': ['ad', 'home_foot'], 'id': None, 'text': ''}]",-8,381,newsbook,home_page
392,49,58,0,15,2,22,80,22983,3227,21,8,"[{'tag': 'div', 'src': None, 'aria_label': None, 'class': ['ad', 'top_push_alt'], 'id': None, 'text': ''}, {'tag': 'div', 'src': None, 'aria_label': None, 'class': ['ad', 'top_push'], 'id': None, 'text': ''}, {'tag': 'div', 'src': None, 'aria_label': None, 'class': ['ad', 'home_top'], 'id': None, 'text': ''}, {'tag': 'div', 'src': None, 'aria_label': None, 'class': ['ad', 'home_mid'], 'id': None, 'text': ''}, {'tag': 'div', 'src': None, 'aria_label': None, 'class': ['ad', 'home_side2'], 'id': None, 'text': ''}, {'tag': 'div', 'src': None, 'aria_label': None, 'class': ['ad', 'home_monster'], 'id': None, 'text': ''}, {'tag': 'div', 'src': None, 'aria_label': None, 'class': ['ad', 'home_side3'], 'id': None, 'text': ''}, {'tag': 'div', 'src': None, 'aria_label': None, 'class': ['ad', 'home_foot'], 'id': None, 'text': ''}]",-8,382,newsbook,home_page
392,49,58,0,15,2,22,80,22983,3227,21,8,"[{'tag': 'div', 'src': None, 'aria_label': None, 'class': ['ad', 'top_push_alt'], 'id': None, 'text': ''}, {'tag': 'div', 'src': None, 'aria_label': None, 'class': ['ad', 'top_push'], 'id': None, 'text': ''}, {'tag': 'div', 'src': None, 'aria_label': None, 'class': ['ad', 'home_top'], 'id': None, 'text': ''}, {'tag': 'div', 'src': None, 'aria_label': None, 'class': ['ad', 'home_mid'], 'id': None, 'text': ''}, {'tag': 'div', 'src': None, 'aria_label': None, 'class': ['ad', 'home_side2'], 'id': None, 'text': ''}, {'tag': 'div', 'src': None, 'aria_label': None, 'class': ['ad', 'home_monster'], 'id': None, 'text': ''}, {'tag': 'div', 'src': None, 'aria_label': None, 'class': ['ad', 'home_side3'], 'id': None, 'text': ''}, {'tag': 'div', 'src': None, 'aria_label': None, 'class': ['ad', 'home_foot'], 'id': None, 'text': ''}]",-8,383,newsbook,home_page
392,49,58,0,15,2,22,80,22983,3227,21,8,"[{'tag': 'div', 'src': None, 'aria_label': None, 'class': ['ad', 'top_push_alt'], 'id': None, 'text': ''}, {'tag': 'div', 'src': None, 'aria_label': None, 'class': ['ad', 'top_push'], 'id': None, 'text': ''}, {'tag': 'div', 'src': None, 'aria_label': None, 'class': ['ad', 'home_top'], 'id': None, 'text': ''}, {'tag': 'div', 'src': None, 'aria_label': None, 'class': ['ad', 'home_mid'], 'id': None, 'text': ''}, {'tag': 'div', 'src': None, 'aria_label': None, 'class': ['ad', 'home_side2'], 'id': None, 'text': ''}, {'tag': 'div', 'src': None, 'aria_label': None, 'class': ['ad', 'home_monster'], 'id': None, 'text': ''}, {'tag': 'div', 'src': None, 'aria_label': None, 'class': ['ad', 'home_side3'], 'id': None, 'text': ''}, {'tag': 'div', 'src': None, 'aria_label': None, 'class': ['ad', 'home_foot'], 'id': None, 'text': ''}]",-8,384,newsbook,home_page
392,49,58,0,15,2,22,80,22983,3227,21,8,"[{'tag': 'div', 'src': None, 'aria_label': None, 'class': ['ad', 'top_push_alt'], 'id': None, 'text': ''}, {'tag': 'div', 'src': None, 'aria_label': None, 'class': ['ad', 'top_push'], 'id': None, 'text': ''}, {'tag': 'div', 'src': None, 'aria_label': None, 'class': ['ad', 'home_top'], 'id': None, 'text': ''}, {'tag': 'div', 'src': None, 'aria_label': None, 'class': ['ad', 'home_mid'], 'id': None, 'text': ''}, {'tag': 'div', 'src': None, 'aria_label': None, 'class': ['ad', 'home_side2'], 'id': None, 'text': ''}, {'tag': 'div', 'src': None, 'aria_label': None, 'class': ['ad', 'home_monster'], 'id': None, 'text': ''}, {'tag': 'div', 'src': None, 'aria_label': None, 'class': ['ad', 'home_side3'], 'id': None, 'text': ''}, {'tag': 'div', 'src': None, 'aria_label': None, 'class': ['ad', 'home_foot'], 'id': None, 'text': ''}]",-8,385,newsbook,home_page
392,49,58,0,15,2,22,80,22983,3227,21,8,"[{'tag': 'div', 'src': None, 'aria_label': None, 'class': ['ad', 'top_push_alt'], 'id': None, 'text': ''}, {'tag': 'div', 'src': None, 'aria_label': None, 'class': ['ad', 'top_push'], 'id': None, 'text': ''}, {'tag': 'div', 'src': None, 'aria_label': None, 'class': ['ad', 'home_top'], 'id': None, 'text': ''}, {'tag': 'div', 'src': None, 'aria_label': None, 'class': ['ad', 'home_mid'], 'id': None, 'text': ''}, {'tag': 'div', 'src': None, 'aria_label': None, 'class': ['ad', 'home_side2'], 'id': None, 'text': ''}, {'tag': 'div', 'src': None, 'aria_label': None, 'class': ['ad', 'home_monster'], 'id': None, 'text': ''}, {'tag': 'div', 'src': None, 'aria_label': None, 'class': ['ad', 'home_side3'], 'id': None, 'text': ''}, {'tag': 'div', 'src': None, 'aria_label': None, 'class': ['ad', 'home_foot'], 'id': None, 'text': ''}]",-8,386,newsbook,home_page
392,49,58,0,15,2,22,80,22983,3227,21,8,"[{'tag': 'div', 'src': None, 'aria_label': None, 'class': ['ad', 'top_push_alt'], 'id': None, 'text': ''}, {'tag': 'div', 'src': None, 'aria_label': None, 'class': ['ad', 'top_push'], 'id': None, 'text': ''}, {'tag': 'div', 'src': None, 'aria_label': None, 'class': ['ad', 'home_top'], 'id': None, 'text': ''}, {'tag': 'div', 'src': None, 'aria_label': None, 'class': ['ad', 'home_mid'], 'id': None, 'text': ''}, {'tag': 'div', 'src': None, 'aria_label': None, 'class': ['ad', 'home_side2'], 'id': None, 'text': ''}, {'tag': 'div', 'src': None, 'aria_label': None, 'class': ['ad', 'home_monster'], 'id': None, 'text': ''}, {'tag': 'div', 'src': None, 'aria_label': None, 'class': ['ad', 'home_side3'], 'id': None, 'text': ''}, {'tag': 'div', 'src': None, 'aria_label': None, 'class': ['ad', 'home_foot'], 'id': None, 'text': ''}]",-8,387,newsbook,home_page
392,49,58,0,15,2,22,80,22983,3227,21,8,"[{'tag': 'div', 'src': None, 'aria_label': None, 'class': ['ad', 'top_push_alt'], 'id': None, 'text': ''}, {'tag': 'div', 'src': None, 'aria_label': None, 'class': ['ad', 'top_push'], 'id': None, 'text': ''}, {'tag': 'div', 'src': None, 'aria_label': None, 'class': ['ad', 'home_top'], 'id': None, 'text': ''}, {'tag': 'div', 'src': None, 'aria_label': None, 'class': ['ad', 'home_mid'], 'id': None, 'text': ''}, {'tag': 'div', 'src': None, 'aria_label': None, 'class': ['ad', 'home_side2'], 'id': None, 'text': ''}, {'tag': 'div', 'src': None, 'aria_label': None, 'class': ['ad', 'home_monster'], 'id': None, 'text': ''}, {'tag': 'div', 'src': None, 'aria_label': None, 'class': ['ad', 'home_side3'], 'id': None, 'text': ''}, {'tag': 'div', 'src': None, 'aria_label': None, 'class': ['ad', 'home_foot'], 'id': None, 'text': ''}]",-8,388,newsbook,home_page
392,49,58,0,15,2,22,80,22983,3227,21,8,"[{'tag': 'div', 'src': None, 'aria_label': None, 'class': ['ad', 'top_push_alt'], 'id': None, 'text': ''}, {'tag': 'div', 'src': None, 'aria_label': None, 'class': ['ad', 'top_push'], 'id': None, 'text': ''}, {'tag': 'div', 'src': None, 'aria_label': None, 'class': ['ad', 'home_top'], 'id': None, 'text': ''}, {'tag': 'div', 'src': None, 'aria_label': None, 'class': ['ad', 'home_mid'], 'id': None, 'text': ''}, {'tag': 'div', 'src': None, 'aria_label': None, 'class': ['ad', 'home_side2'], 'id': None, 'text': ''}, {'tag': 'div', 'src': None, 'aria_label': None, 'class': ['ad', 'home_monster'], 'id': None, 'text': ''}, {'tag': 'div', 'src': None, 'aria_label': None, 'class': ['ad', 'home_side3'], 'id': None, 'text': ''}, {'tag': 'div', 'src': None, 'aria_label': None, 'class': ['ad', 'home_foot'], 'id': None, 'text': ''}]",-8,389,newsbook,home_page
392,49,58,0,15,2,22,80,22983,3227,21,8,"[{'tag': 'div', 'src': None, 'aria_label': None, 'class': ['ad', 'top_push_alt'], 'id': None, 'text': ''}, {'tag': 'div', 'src': None, 'aria_label': None, 'class': ['ad', 'top_push'], 'id': None, 'text': ''}, {'tag': 'div', 'src': None, 'aria_label': None, 'class': ['ad', 'home_top'], 'id': None, 'text': ''}, {'tag': 'div', 'src': None, 'aria_label': None, 'class': ['ad', 'home_mid'], 'id': None, 'text': ''}, {'tag': 'div', 'src': None, 'aria_label': None, 'class': ['ad', 'home_side2'], 'id': None, 'text': ''}, {'tag': 'div', 'src': None, 'aria_label': None, 'class': ['ad', 'home_monster'], 'id': None, 'text': ''}, {'tag': 'div', 'src': None, 'aria_label': None, 'class': ['ad', 'home_side3'], 'id': None, 'text': ''}, {'tag': 'div', 'src': None, 'aria_label': None, 'class': ['ad', 'home_foot'], 'id': None, 'text': ''}]",-8,390,newsbook,home_page
392,49,58,0,15,2,22,80,22983,3227,21,8,"[{'tag': 'div', 'src': None, 'aria_label': None, 'class': ['ad', 'top_push_alt'], 'id': None, 'text': ''}, {'tag': 'div', 'src': None, 'aria_label': None, 'class': ['ad', 'top_push'], 'id': None, 'text': ''}, {'tag': 'div', 'src': None, 'aria_label': None, 'class': ['ad', 'home_top'], 'id': None, 'text': ''}, {'tag': 'div', 'src': None, 'aria_label': None, 'class': ['ad', 'home_mid'], 'id': None, 'text': ''}, {'tag': 'div', 'src': None, 'aria_label': None, 'class': ['ad', 'home_side2'], 'id': None, 'text': ''}, {'tag': 'div', 'src': None, 'aria_label': None, 'class': ['ad', 'home_monster'], 'id': None, 'text': ''}, {'tag': 'div', 'src': None, 'aria_label': None, 'class': ['ad', 'home_side3'], 'id': None, 'text': ''}, {'tag': 'div', 'src': None, 'aria_label': None, 'class': ['ad', 'home_foot'], 'id': None, 'text': ''}]",-8,391,newsbook,home_page
392,49,58,0,15,2,22,80,22983,3227,21,8,"[{'tag': 'div', 'src': None, 'aria_label': None, 'class': ['ad', 'top_push_alt'], 'id': None, 'text': ''}, {'tag': 'div', 'src': None, 'aria_label': None, 'class': ['ad', 'top_push'], 'id': None, 'text': ''}, {'tag': 'div', 'src': None, 'aria_label': None, 'class': ['ad', 'home_top'], 'id': None, 'text': ''}, {'tag': 'div', 'src': None, 'aria_label': None, 'class': ['ad', 'home_mid'], 'id': None, 'text': ''}, {'tag': 'div', 'src': None, 'aria_label': None, 'class': ['ad', 'home_side2'], 'id': None, 'text': ''}, {'tag': 'div', 'src': None, 'aria_label': None, 'class': ['ad', 'home_monster'], 'id': None, 'text': ''}, {'tag': 'div', 'src': None, 'aria_label': None, 'class': ['ad', 'home_side3'], 'id': None, 'text': ''}, {'tag': 'div', 'src': None, 'aria_label': None, 'class': ['ad', 'home_foot'], 'id': None, 'text': ''}]",-8,392,newsbook,home_page
392,49,58,0,15,2,22,80,22983,3227,21,8,"[{'tag': 'div', 'src': None, 'aria_label': None, 'class': ['ad', 'top_push_alt'], 'id': None, 'text': ''}, {'tag': 'div', 'src': None, 'aria_label': None, 'class': ['ad', 'top_push'], 'id': None, 'text': ''}, {'tag': 'div', 'src': None, 'aria_label': None, 'class': ['ad', 'home_top'], 'id': None, 'text': ''}, {'tag': 'div', 'src': None, 'aria_label': None, 'class': ['ad', 'home_mid'], 'id': None, 'text': ''}, {'tag': 'div', 'src': None, 'aria_label': None, 'class': ['ad', 'home_side2'], 'id': None, 'text': ''}, {'tag': 'div', 'src': None, 'aria_label': None, 'class': ['ad', 'home_monster'], 'id': None, 'text': ''}, {'tag': 'div', 'src': None, 'aria_label': None, 'class': ['ad', 'home_side3'], 'id': None, 'text': ''}, {'tag': 'div', 'src': None, 'aria_label': None, 'class': ['ad', 'home_foot'], 'id': None, 'text': ''}]",-8,393,newsbook,home_page
392,49,58,0,15,2,22,80,22983,3227,21,8,"[{'tag': 'div', 'src': None, 'aria_label': None, 'class': ['ad', 'top_push_alt'], 'id': None, 'text': ''}, {'tag': 'div', 'src': None, 'aria_label': None, 'class': ['ad', 'top_push'], 'id': None, 'text': ''}, {'tag': 'div', 'src': None, 'aria_label': None, 'class': ['ad', 'home_top'], 'id': None, 'text': ''}, {'tag': 'div', 'src': None, 'aria_label': None, 'class': ['ad', 'home_mid'], 'id': None, 'text': ''}, {'tag': 'div', 'src': None, 'aria_label': None, 'class': ['ad', 'home_side2'], 'id': None, 'text': ''}, {'tag': 'div', 'src': None, 'aria_label': None, 'class': ['ad', 'home_monster'], 'id': None, 'text': ''}, {'tag': 'div', 'src': None, 'aria_label': None, 'class': ['ad', 'home_side3'], 'id': None, 'text': ''}, {'tag': 'div', 'src': None, 'aria_label': None, 'class': ['ad', 'home_foot'], 'id': None, 'text': ''}]",-8,394,newsbook,home_page
132,38,49,0,15,2,21,21,6728,978,16,6,"[{'tag': 'div', 'src': None, 'aria_label': None, 'class': ['ad', 'top_push_alt'], 'id': None, 'text': ''}, {'tag': 'div', 'src': None, 'aria_label': None, 'class': ['ad', 'top_push'], 'id': None, 'text': ''}, {'tag': 'div', 'src': None, 'aria_label': None, 'class': ['ad', 'cat_side1'], 'id': None, 'text': ''}, {'tag': 'div', 'src': None, 'aria_label': None, 'class': ['ad', 'allcats_side_btwn_1_2'], 'id': None, 'text': ''}, {'tag': 'div', 'src': None, 'aria_label': None, 'class': ['ad', 'cat_side2'], 'id': None, 'text': ''}, {'tag': 'div', 'src': None, 'aria_label': None, 'class': ['ad', 'cat_side3'], 'id': None, 'text': ''}]",-6,395,newsbook,news_listing
132,38,49,0,15,2,21,21,6728,978,16,6,"[{'tag': 'div', 'src': None, 'aria_label': None, 'class': ['ad', 'top_push_alt'], 'id': None, 'text': ''}, {'tag': 'div', 'src': None, 'aria_label': None, 'class': ['ad', 'top_push'], 'id': None, 'text': ''}, {'tag': 'div', 'src': None, 'aria_label': None, 'class': ['ad', 'cat_side1'], 'id': None, 'text': ''}, {'tag': 'div', 'src': None, 'aria_label': None, 'class': ['ad', 'allcats_side_btwn_1_2'], 'id': None, 'text': ''}, {'tag': 'div', 'src': None, 'aria_label': None, 'class': ['ad', 'cat_side2'], 'id': None, 'text': ''}, {'tag': 'div', 'src': None, 'aria_label': None, 'class': ['ad', 'cat_side3'], 'id': None, 'text': ''}]",-6,396,newsbook,news_listing
132,38,49,0,15,2,21,21,6728,978,16,6,"[{'tag': 'div', 'src': None, 'aria_label': None, 'class': ['ad', 'top_push_alt'], 'id': None, 'text': ''}, {'tag': 'div', 'src': None, 'aria_label': None, 'class': ['ad', 'top_push'], 'id': None, 'text': ''}, {'tag': 'div', 'src': None, 'aria_label': None, 'class': ['ad', 'cat_side1'], 'id': None, 'text': ''}, {'tag': 'div', 'src': None, 'aria_label': None, 'class': ['ad', 'allcats_side_btwn_1_2'], 'id': None, 'text': ''}, {'tag': 'div', 'src': None, 'aria_label': None, 'class': ['ad', 'cat_side2'], 'id': None, 'text': ''}, {'tag': 'div', 'src': None, 'aria_label': None, 'class': ['ad', 'cat_side3'], 'id': None, 'text': ''}]",-6,397,newsbook,news_listing
132,38,49,0,15,2,21,21,6728,978,16,6,"[{'tag': 'div', 'src': None, 'aria_label': None, 'class': ['ad', 'top_push_alt'], 'id': None, 'text': ''}, {'tag': 'div', 'src': None, 'aria_label': None, 'class': ['ad', 'top_push'], 'id': None, 'text': ''}, {'tag': 'div', 'src': None, 'aria_label': None, 'class': ['ad', 'cat_side1'], 'id': None, 'text': ''}, {'tag': 'div', 'src': None, 'aria_label': None, 'class': ['ad', 'allcats_side_btwn_1_2'], 'id': None, 'text': ''}, {'tag': 'div', 'src': None, 'aria_label': None, 'class': ['ad', 'cat_side2'], 'id': None, 'text': ''}, {'tag': 'div', 'src': None, 'aria_label': None, 'class': ['ad', 'cat_side3'], 'id': None, 'text': ''}]",-6,398,newsbook,news_listing
132,38,49,0,15,2,21,21,6728,978,16,6,"[{'tag': 'div', 'src': None, 'aria_label': None, 'class': ['ad', 'top_push_alt'], 'id': None, 'text': ''}, {'tag': 'div', 'src': None, 'aria_label': None, 'class': ['ad', 'top_push'], 'id': None, 'text': ''}, {'tag': 'div', 'src': None, 'aria_label': None, 'class': ['ad', 'cat_side1'], 'id': None, 'text': ''}, {'tag': 'div', 'src': None, 'aria_label': None, 'class': ['ad', 'allcats_side_btwn_1_2'], 'id': None, 'text': ''}, {'tag': 'div', 'src': None, 'aria_label': None, 'class': ['ad', 'cat_side2'], 'id': None, 'text': ''}, {'tag': 'div', 'src': None, 'aria_label': None, 'class': ['ad', 'cat_side3'], 'id': None, 'text': ''}]",-6,399,newsbook,news_listing
132,38,49,0,15,2,21,21,6728,978,16,6,"[{'tag': 'div', 'src': None, 'aria_label': None, 'class': ['ad', 'top_push_alt'], 'id': None, 'text': ''}, {'tag': 'div', 'src': None, 'aria_label': None, 'class': ['ad', 'top_push'], 'id': None, 'text': ''}, {'tag': 'div', 'src': None, 'aria_label': None, 'class': ['ad', 'cat_side1'], 'id': None, 'text': ''}, {'tag': 'div', 'src': None, 'aria_label': None, 'class': ['ad', 'allcats_side_btwn_1_2'], 'id': None, 'text': ''}, {'tag': 'div', 'src': None, 'aria_label': None, 'class': ['ad', 'cat_side2'], 'id': None, 'text': ''}, {'tag': 'div', 'src': None, 'aria_label': None, 'class': ['ad', 'cat_side3'], 'id': None, 'text': ''}]",-6,400,newsbook,news_listing
132,38,49,0,15,2,21,21,6728,978,16,6,"[{'tag': 'div', 'src': None, 'aria_label': None, 'class': ['ad', 'top_push_alt'], 'id': None, 'text': ''}, {'tag': 'div', 'src': None, 'aria_label': None, 'class': ['ad', 'top_push'], 'id': None, 'text': ''}, {'tag': 'div', 'src': None, 'aria_label': None, 'class': ['ad', 'cat_side1'], 'id': None, 'text': ''}, {'tag': 'div', 'src': None, 'aria_label': None, 'class': ['ad', 'allcats_side_btwn_1_2'], 'id': None, 'text': ''}, {'tag': 'div', 'src': None, 'aria_label': None, 'class': ['ad', 'cat_side2'], 'id': None, 'text': ''}, {'tag': 'div', 'src': None, 'aria_label': None, 'class': ['ad', 'cat_side3'], 'id': None, 'text': ''}]",-6,401,newsbook,news_listing
133,37,49,0,15,2,21,21,6553,955,16,6,"[{'tag': 'div', 'src': None, 'aria_label': None, 'class': ['ad', 'top_push_alt'], 'id': None, 'text': ''}, {'tag': 'div', 'src': None, 'aria_label': None, 'class': ['ad', 'top_push'], 'id': None, 'text': ''}, {'tag': 'div', 'src': None, 'aria_label': None, 'class': ['ad', 'cat_side1'], 'id': None, 'text': ''}, {'tag': 'div', 'src': None, 'aria_label': None, 'class': ['ad', 'allcats_side_btwn_1_2'], 'id': None, 'text': ''}, {'tag': 'div', 'src': None, 'aria_label': None, 'class': ['ad', 'cat_side2'], 'id': None, 'text': ''}, {'tag': 'div', 'src': None, 'aria_label': None, 'class': ['ad', 'cat_side3'], 'id': None, 'text': ''}]",-6,402,newsbook,news_listing
133,37,49,0,15,2,21,21,6553,955,16,6,"[{'tag': 'div', 'src': None, 'aria_label': None, 'class': ['ad', 'top_push_alt'], 'id': None, 'text': ''}, {'tag': 'div', 'src': None, 'aria_label': None, 'class': ['ad', 'top_push'], 'id': None, 'text': ''}, {'tag': 'div', 'src': None, 'aria_label': None, 'class': ['ad', 'cat_side1'], 'id': None, 'text': ''}, {'tag': 'div', 'src': None, 'aria_label': None, 'class': ['ad', 'allcats_side_btwn_1_2'], 'id': None, 'text': ''}, {'tag': 'div', 'src': None, 'aria_label': None, 'class': ['ad', 'cat_side2'], 'id': None, 'text': ''}, {'tag': 'div', 'src': None, 'aria_label': None, 'class': ['ad', 'cat_side3'], 'id': None, 'text': ''}]",-6,403,newsbook,news_listing
133,37,49,0,15,2,21,21,6553,955,16,6,"[{'tag': 'div', 'src': None, 'aria_label': None, 'class': ['ad', 'top_push_alt'], 'id': None, 'text': ''}, {'tag': 'div', 'src': None, 'aria_label': None, 'class': ['ad', 'top_push'], 'id': None, 'text': ''}, {'tag': 'div', 'src': None, 'aria_label': None, 'class': ['ad', 'cat_side1'], 'id': None, 'text': ''}, {'tag': 'div', 'src': None, 'aria_label': None, 'class': ['ad', 'allcats_side_btwn_1_2'], 'id': None, 'text': ''}, {'tag': 'div', 'src': None, 'aria_label': None, 'class': ['ad', 'cat_side2'], 'id': None, 'text': ''}, {'tag': 'div', 'src': None, 'aria_label': None, 'class': ['ad', 'cat_side3'], 'id': None, 'text': ''}]",-6,404,newsbook,news_listing
133,37,49,0,15,2,21,21,6553,955,16,6,"[{'tag': 'div', 'src': None, 'aria_label': None, 'class': ['ad', 'top_push_alt'], 'id': None, 'text': ''}, {'tag': 'div', 'src': None, 'aria_label': None, 'class': ['ad', 'top_push'], 'id': None, 'text': ''}, {'tag': 'div', 'src': None, 'aria_label': None, 'class': ['ad', 'cat_side1'], 'id': None, 'text': ''}, {'tag': 'div', 'src': None, 'aria_label': None, 'class': ['ad', 'allcats_side_btwn_1_2'], 'id': None, 'text': ''}, {'tag': 'div', 'src': None, 'aria_label': None, 'class': ['ad', 'cat_side2'], 'id': None, 'text': ''}, {'tag': 'div', 'src': None, 'aria_label': None, 'class': ['ad', 'cat_side3'], 'id': None, 'text': ''}]",-6,405,newsbook,news_listing
133,37,49,0,15,2,21,21,6553,955,16,6,"[{'tag': 'div', 'src': None, 'aria_label': None, 'class': ['ad', 'top_push_alt'], 'id': None, 'text': ''}, {'tag': 'div', 'src': None, 'aria_label': None, 'class': ['ad', 'top_push'], 'id': None, 'text': ''}, {'tag': 'div', 'src': None, 'aria_label': None, 'class': ['ad', 'cat_side1'], 'id': None, 'text': ''}, {'tag': 'div', 'src': None, 'aria_label': None, 'class': ['ad', 'allcats_side_btwn_1_2'], 'id': None, 'text': ''}, {'tag': 'div', 'src': None, 'aria_label': None, 'class': ['ad', 'cat_side2'], 'id': None, 'text': ''}, {'tag': 'div', 'src': None, 'aria_label': None, 'class': ['ad', 'cat_side3'], 'id': None, 'text': ''}]",-6,406,newsbook,news_listing
133,37,49,0,15,2,21,21,6553,955,16,6,"[{'tag': 'div', 'src': None, 'aria_label': None, 'class': ['ad', 'top_push_alt'], 'id': None, 'text': ''}, {'tag': 'div', 'src': None, 'aria_label': None, 'class': ['ad', 'top_push'], 'id': None, 'text': ''}, {'tag': 'div', 'src': None, 'aria_label': None, 'class': ['ad', 'cat_side1'], 'id': None, 'text': ''}, {'tag': 'div', 'src': None, 'aria_label': None, 'class': ['ad', 'allcats_side_btwn_1_2'], 'id': None, 'text': ''}, {'tag': 'div', 'src': None, 'aria_label': None, 'class': ['ad', 'cat_side2'], 'id': None, 'text': ''}, {'tag': 'div', 'src': None, 'aria_label': None, 'class': ['ad', 'cat_side3'], 'id': None, 'text': ''}]",-6,407,newsbook,news_listing
133,37,49,0,15,2,21,21,6553,955,16,6,"[{'tag': 'div', 'src': None, 'aria_label': None, 'class': ['ad', 'top_push_alt'], 'id': None, 'text': ''}, {'tag': 'div', 'src': None, 'aria_label': None, 'class': ['ad', 'top_push'], 'id': None, 'text': ''}, {'tag': 'div', 'src': None, 'aria_label': None, 'class': ['ad', 'cat_side1'], 'id': None, 'text': ''}, {'tag': 'div', 'src': None, 'aria_label': None, 'class': ['ad', 'allcats_side_btwn_1_2'], 'id': None, 'text': ''}, {'tag': 'div', 'src': None, 'aria_label': None, 'class': ['ad', 'cat_side2'], 'id': None, 'text': ''}, {'tag': 'div', 'src': None, 'aria_label': None, 'class': ['ad', 'cat_side3'], 'id': None, 'text': ''}]",-6,408,newsbook,news_listing
134,37,49,0,15,2,21,21,6480,955,16,6,"[{'tag': 'div', 'src': None, 'aria_label': None, 'class': ['ad', 'top_push_alt'], 'id': None, 'text': ''}, {'tag': 'div', 'src': None, 'aria_label': None, 'class': ['ad', 'top_push'], 'id': None, 'text': ''}, {'tag': 'div', 'src': None, 'aria_label': None, 'class': ['ad', 'cat_side1'], 'id': None, 'text': ''}, {'tag': 'div', 'src': None, 'aria_label': None, 'class': ['ad', 'allcats_side_btwn_1_2'], 'id': None, 'text': ''}, {'tag': 'div', 'src': None, 'aria_label': None, 'class': ['ad', 'cat_side2'], 'id': None, 'text': ''}, {'tag': 'div', 'src': None, 'aria_label': None, 'class': ['ad', 'cat_side3'], 'id': None, 'text': ''}]",-6,409,newsbook,news_listing
134,37,49,0,15,2,21,21,6480,955,16,6,"[{'tag': 'div', 'src': None, 'aria_label': None, 'class': ['ad', 'top_push_alt'], 'id': None, 'text': ''}, {'tag': 'div', 'src': None, 'aria_label': None, 'class': ['ad', 'top_push'], 'id': None, 'text': ''}, {'tag': 'div', 'src': None, 'aria_label': None, 'class': ['ad', 'cat_side1'], 'id': None, 'text': ''}, {'tag': 'div', 'src': None, 'aria_label': None, 'class': ['ad', 'allcats_side_btwn_1_2'], 'id': None, 'text': ''}, {'tag': 'div', 'src': None, 'aria_label': None, 'class': ['ad', 'cat_side2'], 'id': None, 'text': ''}, {'tag': 'div', 'src': None, 'aria_label': None, 'class': ['ad', 'cat_side3'], 'id': None, 'text': ''}]",-6,410,newsbook,news_listing
134,37,49,0,15,2,21,21,6480,955,16,6,"[{'tag': 'div', 'src': None, 'aria_label': None, 'class': ['ad', 'top_push_alt'], 'id': None, 'text': ''}, {'tag': 'div', 'src': None, 'aria_label': None, 'class': ['ad', 'top_push'], 'id': None, 'text': ''}, {'tag': 'div', 'src': None, 'aria_label': None, 'class': ['ad', 'cat_side1'], 'id': None, 'text': ''}, {'tag': 'div', 'src': None, 'aria_label': None, 'class': ['ad', 'allcats_side_btwn_1_2'], 'id': None, 'text': ''}, {'tag': 'div', 'src': None, 'aria_label': None, 'class': ['ad', 'cat_side2'], 'id': None, 'text': ''}, {'tag': 'div', 'src': None, 'aria_label': None, 'class': ['ad', 'cat_side3'], 'id': None, 'text': ''}]",-6,411,newsbook,news_listing
134,37,49,0,15,2,21,21,6480,955,16,6,"[{'tag': 'div', 'src': None, 'aria_label': None, 'class': ['ad', 'top_push_alt'], 'id': None, 'text': ''}, {'tag': 'div', 'src': None, 'aria_label': None, 'class': ['ad', 'top_push'], 'id': None, 'text': ''}, {'tag': 'div', 'src': None, 'aria_label': None, 'class': ['ad', 'cat_side1'], 'id': None, 'text': ''}, {'tag': 'div', 'src': None, 'aria_label': None, 'class': ['ad', 'allcats_side_btwn_1_2'], 'id': None, 'text': ''}, {'tag': 'div', 'src': None, 'aria_label': None, 'class': ['ad', 'cat_side2'], 'id': None, 'text': ''}, {'tag': 'div', 'src': None, 'aria_label': None, 'class': ['ad', 'cat_side3'], 'id': None, 'text': ''}]",-6,412,newsbook,news_listing
135,40,49,0,15,2,21,21,6628,975,16,6,"[{'tag': 'div', 'src': None, 'aria_label': None, 'class': ['ad', 'top_push_alt'], 'id': None, 'text': ''}, {'tag': 'div', 'src': None, 'aria_label': None, 'class': ['ad', 'top_push'], 'id': None, 'text': ''}, {'tag': 'div', 'src': None, 'aria_label': None, 'class': ['ad', 'cat_side1'], 'id': None, 'text': ''}, {'tag': 'div', 'src': None, 'aria_label': None, 'class': ['ad', 'allcats_side_btwn_1_2'], 'id': None, 'text': ''}, {'tag': 'div', 'src': None, 'aria_label': None, 'class': ['ad', 'cat_side2'], 'id': None, 'text': ''}, {'tag': 'div', 'src': None, 'aria_label': None, 'class': ['ad', 'cat_side3'], 'id': None, 'text': ''}]",-6,413,newsbook,news_listing
135,40,49,0,15,2,21,21,6628,975,16,6,"[{'tag': 'div', 'src': None, 'aria_label': None, 'class': ['ad', 'top_push_alt'], 'id': None, 'text': ''}, {'tag': 'div', 'src': None, 'aria_label': None, 'class': ['ad', 'top_push'], 'id': None, 'text': ''}, {'tag': 'div', 'src': None, 'aria_label': None, 'class': ['ad', 'cat_side1'], 'id': None, 'text': ''}, {'tag': 'div', 'src': None, 'aria_label': None, 'class': ['ad', 'allcats_side_btwn_1_2'], 'id': None, 'text': ''}, {'tag': 'div', 'src': None, 'aria_label': None, 'class': ['ad', 'cat_side2'], 'id': None, 'text': ''}, {'tag': 'div', 'src': None, 'aria_label': None, 'class': ['ad', 'cat_side3'], 'id': None, 'text': ''}]",-6,414,newsbook,news_listing
135,40,49,0,15,2,21,21,6628,975,16,6,"[{'tag': 'div', 'src': None, 'aria_label': None, 'class': ['ad', 'top_push_alt'], 'id': None, 'text': ''}, {'tag': 'div', 'src': None, 'aria_label': None, 'class': ['ad', 'top_push'], 'id': None, 'text': ''}, {'tag': 'div', 'src': None, 'aria_label': None, 'class': ['ad', 'cat_side1'], 'id': None, 'text': ''}, {'tag': 'div', 'src': None, 'aria_label': None, 'class': ['ad', 'allcats_side_btwn_1_2'], 'id': None, 'text': ''}, {'tag': 'div', 'src': None, 'aria_label': None, 'class': ['ad', 'cat_side2'], 'id': None, 'text': ''}, {'tag': 'div', 'src': None, 'aria_label': None, 'class': ['ad', 'cat_side3'], 'id': None, 'text': ''}]",-6,415,newsbook,news_listing
134,38,49,0,15,2,21,21,6501,950,16,6,"[{'tag': 'div', 'src': None, 'aria_label': None, 'class': ['ad', 'top_push_alt'], 'id': None, 'text': ''}, {'tag': 'div', 'src': None, 'aria_label': None, 'class': ['ad', 'top_push'], 'id': None, 'text': ''}, {'tag': 'div', 'src': None, 'aria_label': None, 'class': ['ad', 'cat_side1'], 'id': None, 'text': ''}, {'tag': 'div', 'src': None, 'aria_label': None, 'class': ['ad', 'allcats_side_btwn_1_2'], 'id': None, 'text': ''}, {'tag': 'div', 'src': None, 'aria_label': None, 'class': ['ad', 'cat_side2'], 'id': None, 'text': ''}, {'tag': 'div', 'src': None, 'aria_label': None, 'class': ['ad', 'cat_side3'], 'id': None, 'text': ''}]",-6,416,newsbook,news_listing
129,41,48,0,15,2,21,21,6590,1013,16,6,"[{'tag': 'div', 'src': None, 'aria_label': None, 'class': ['ad', 'top_push_alt'], 'id': None, 'text': ''}, {'tag': 'div', 'src': None, 'aria_label': None, 'class': ['ad', 'top_push'], 'id': None, 'text': ''}, {'tag': 'div', 'src': None, 'aria_label': None, 'class': ['ad', 'cat_side1'], 'id': None, 'text': ''}, {'tag': 'div', 'src': None, 'aria_label': None, 'class': ['ad', 'allcats_side_btwn_1_2'], 'id': None, 'text': ''}, {'tag': 'div', 'src': None, 'aria_label': None, 'class': ['ad', 'cat_side2'], 'id': None, 'text': ''}, {'tag': 'div', 'src': None, 'aria_label': None, 'class': ['ad', 'cat_side3'], 'id': None, 'text': ''}]",-6,417,newsbook,news_listing
129,41,48,0,15,2,21,21,6590,1013,16,6,"[{'tag': 'div', 'src': None, 'aria_label': None, 'class': ['ad', 'top_push_alt'], 'id': None, 'text': ''}, {'tag': 'div', 'src': None, 'aria_label': None, 'class': ['ad', 'top_push'], 'id': None, 'text': ''}, {'tag': 'div', 'src': None, 'aria_label': None, 'class': ['ad', 'cat_side1'], 'id': None, 'text': ''}, {'tag': 'div', 'src': None, 'aria_label': None, 'class': ['ad', 'allcats_side_btwn_1_2'], 'id': None, 'text': ''}, {'tag': 'div', 'src': None, 'aria_label': None, 'class': ['ad', 'cat_side2'], 'id': None, 'text': ''}, {'tag': 'div', 'src': None, 'aria_label': None, 'class': ['ad', 'cat_side3'], 'id': None, 'text': ''}]",-6,418,newsbook,news_listing
129,41,48,0,15,2,21,21,6590,1013,16,6,"[{'tag': 'div', 'src': None, 'aria_label': None, 'class': ['ad', 'top_push_alt'], 'id': None, 'text': ''}, {'tag': 'div', 'src': None, 'aria_label': None, 'class': ['ad', 'top_push'], 'id': None, 'text': ''}, {'tag': 'div', 'src': None, 'aria_label': None, 'class': ['ad', 'cat_side1'], 'id': None, 'text': ''}, {'tag': 'div', 'src': None, 'aria_label': None, 'class': ['ad', 'allcats_side_btwn_1_2'], 'id': None, 'text': ''}, {'tag': 'div', 'src': None, 'aria_label': None, 'class': ['ad', 'cat_side2'], 'id': None, 'text': ''}, {'tag': 'div', 'src': None, 'aria_label': None, 'class': ['ad', 'cat_side3'], 'id': None, 'text': ''}]",-6,419,newsbook,news_listing
129,41,48,0,15,2,21,21,6590,1013,16,6,"[{'tag': 'div', 'src': None, 'aria_label': None, 'class': ['ad', 'top_push_alt'], 'id': None, 'text': ''}, {'tag': 'div', 'src': None, 'aria_label': None, 'class': ['ad', 'top_push'], 'id': None, 'text': ''}, {'tag': 'div', 'src': None, 'aria_label': None, 'class': ['ad', 'cat_side1'], 'id': None, 'text': ''}, {'tag': 'div', 'src': None, 'aria_label': None, 'class': ['ad', 'allcats_side_btwn_1_2'], 'id': None, 'text': ''}, {'tag': 'div', 'src': None, 'aria_label': None, 'class': ['ad', 'cat_side2'], 'id': None, 'text': ''}, {'tag': 'div', 'src': None, 'aria_label': None, 'class': ['ad', 'cat_side3'], 'id': None, 'text': ''}]",-6,420,newsbook,news_listing
129,41,48,0,15,2,21,21,6590,1013,16,6,"[{'tag': 'div', 'src': None, 'aria_label': None, 'class': ['ad', 'top_push_alt'], 'id': None, 'text': ''}, {'tag': 'div', 'src': None, 'aria_label': None, 'class': ['ad', 'top_push'], 'id': None, 'text': ''}, {'tag': 'div', 'src': None, 'aria_label': None, 'class': ['ad', 'cat_side1'], 'id': None, 'text': ''}, {'tag': 'div', 'src': None, 'aria_label': None, 'class': ['ad', 'allcats_side_btwn_1_2'], 'id': None, 'text': ''}, {'tag': 'div', 'src': None, 'aria_label': None, 'class': ['ad', 'cat_side2'], 'id': None, 'text': ''}, {'tag': 'div', 'src': None, 'aria_label': None, 'class': ['ad', 'cat_side3'], 'id': None, 'text': ''}]",-6,421,newsbook,news_listing
129,38,48,0,15,2,21,21,6283,956,16,6,"[{'tag': 'div', 'src': None, 'aria_label': None, 'class': ['ad', 'top_push_alt'], 'id': None, 'text': ''}, {'tag': 'div', 'src': None, 'aria_label': None, 'class': ['ad', 'top_push'], 'id': None, 'text': ''}, {'tag': 'div', 'src': None, 'aria_label': None, 'class': ['ad', 'cat_side1'], 'id': None, 'text': ''}, {'tag': 'div', 'src': None, 'aria_label': None, 'class': ['ad', 'allcats_side_btwn_1_2'], 'id': None, 'text': ''}, {'tag': 'div', 'src': None, 'aria_label': None, 'class': ['ad', 'cat_side2'], 'id': None, 'text': ''}, {'tag': 'div', 'src': None, 'aria_label': None, 'class': ['ad', 'cat_side3'], 'id': None, 'text': ''}]",-6,422,newsbook,news_listing
129,38,48,0,15,2,21,21,6283,956,16,6,"[{'tag': 'div', 'src': None, 'aria_label': None, 'class': ['ad', 'top_push_alt'], 'id': None, 'text': ''}, {'tag': 'div', 'src': None, 'aria_label': None, 'class': ['ad', 'top_push'], 'id': None, 'text': ''}, {'tag': 'div', 'src': None, 'aria_label': None, 'class': ['ad', 'cat_side1'], 'id': None, 'text': ''}, {'tag': 'div', 'src': None, 'aria_label': None, 'class': ['ad', 'allcats_side_btwn_1_2'], 'id': None, 'text': ''}, {'tag': 'div', 'src': None, 'aria_label': None, 'class': ['ad', 'cat_side2'], 'id': None, 'text': ''}, {'tag': 'div', 'src': None, 'aria_label': None, 'class': ['ad', 'cat_side3'], 'id': None, 'text': ''}]",-6,423,newsbook,news_listing
129,38,48,0,15,2,21,21,6283,956,16,6,"[{'tag': 'div', 'src': None, 'aria_label': None, 'class': ['ad', 'top_push_alt'], 'id': None, 'text': ''}, {'tag': 'div', 'src': None, 'aria_label': None, 'class': ['ad', 'top_push'], 'id': None, 'text': ''}, {'tag': 'div', 'src': None, 'aria_label': None, 'class': ['ad', 'cat_side1'], 'id': None, 'text': ''}, {'tag': 'div', 'src': None, 'aria_label': None, 'class': ['ad', 'allcats_side_btwn_1_2'], 'id': None, 'text': ''}, {'tag': 'div', 'src': None, 'aria_label': None, 'class': ['ad', 'cat_side2'], 'id': None, 'text': ''}, {'tag': 'div', 'src': None, 'aria_label': None, 'class': ['ad', 'cat_side3'], 'id': None, 'text': ''}]",-6,424,newsbook,news_listing
129,38,48,0,15,2,21,21,6283,956,16,6,"[{'tag': 'div', 'src': None, 'aria_label': None, 'class': ['ad', 'top_push_alt'], 'id': None, 'text': ''}, {'tag': 'div', 'src': None, 'aria_label': None, 'class': ['ad', 'top_push'], 'id': None, 'text': ''}, {'tag': 'div', 'src': None, 'aria_label': None, 'class': ['ad', 'cat_side1'], 'id': None, 'text': ''}, {'tag': 'div', 'src': None, 'aria_label': None, 'class': ['ad', 'allcats_side_btwn_1_2'], 'id': None, 'text': ''}, {'tag': 'div', 'src': None, 'aria_label': None, 'class': ['ad', 'cat_side2'], 'id': None, 'text': ''}, {'tag': 'div', 'src': None, 'aria_label': None, 'class': ['ad', 'cat_side3'], 'id': None, 'text': ''}]",-6,425,newsbook,news_listing
130,37,48,0,15,2,21,21,6412,977,16,6,"[{'tag': 'div', 'src': None, 'aria_label': None, 'class': ['ad', 'top_push_alt'], 'id': None, 'text': ''}, {'tag': 'div', 'src': None, 'aria_label': None, 'class': ['ad', 'top_push'], 'id': None, 'text': ''}, {'tag': 'div', 'src': None, 'aria_label': None, 'class': ['ad', 'cat_side1'], 'id': None, 'text': ''}, {'tag': 'div', 'src': None, 'aria_label': None, 'class': ['ad', 'allcats_side_btwn_1_2'], 'id': None, 'text': ''}, {'tag': 'div', 'src': None, 'aria_label': None, 'class': ['ad', 'cat_side2'], 'id': None, 'text': ''}, {'tag': 'div', 'src': None, 'aria_label': None, 'class': ['ad', 'cat_side3'], 'id': None, 'text': ''}]",-6,426,newsbook,news_listing
130,37,48,0,15,2,21,21,6412,977,16,6,"[{'tag': 'div', 'src': None, 'aria_label': None, 'class': ['ad', 'top_push_alt'], 'id': None, 'text': ''}, {'tag': 'div', 'src': None, 'aria_label': None, 'class': ['ad', 'top_push'], 'id': None, 'text': ''}, {'tag': 'div', 'src': None, 'aria_label': None, 'class': ['ad', 'cat_side1'], 'id': None, 'text': ''}, {'tag': 'div', 'src': None, 'aria_label': None, 'class': ['ad', 'allcats_side_btwn_1_2'], 'id': None, 'text': ''}, {'tag': 'div', 'src': None, 'aria_label': None, 'class': ['ad', 'cat_side2'], 'id': None, 'text': ''}, {'tag': 'div', 'src': None, 'aria_label': None, 'class': ['ad', 'cat_side3'], 'id': None, 'text': ''}]",-6,427,newsbook,news_listing
130,37,48,0,15,2,21,21,6412,977,16,6,"[{'tag': 'div', 'src': None, 'aria_label': None, 'class': ['ad', 'top_push_alt'], 'id': None, 'text': ''}, {'tag': 'div', 'src': None, 'aria_label': None, 'class': ['ad', 'top_push'], 'id': None, 'text': ''}, {'tag': 'div', 'src': None, 'aria_label': None, 'class': ['ad', 'cat_side1'], 'id': None, 'text': ''}, {'tag': 'div', 'src': None, 'aria_label': None, 'class': ['ad', 'allcats_side_btwn_1_2'], 'id': None, 'text': ''}, {'tag': 'div', 'src': None, 'aria_label': None, 'class': ['ad', 'cat_side2'], 'id': None, 'text': ''}, {'tag': 'div', 'src': None, 'aria_label': None, 'class': ['ad', 'cat_side3'], 'id': None, 'text': ''}]",-6,428,newsbook,news_listing
130,38,48,0,15,2,21,21,6586,1018,16,6,"[{'tag': 'div', 'src': None, 'aria_label': None, 'class': ['ad', 'top_push_alt'], 'id': None, 'text': ''}, {'tag': 'div', 'src': None, 'aria_label': None, 'class': ['ad', 'top_push'], 'id': None, 'text': ''}, {'tag': 'div', 'src': None, 'aria_label': None, 'class': ['ad', 'cat_side1'], 'id': None, 'text': ''}, {'tag': 'div', 'src': None, 'aria_label': None, 'class': ['ad', 'allcats_side_btwn_1_2'], 'id': None, 'text': ''}, {'tag': 'div', 'src': None, 'aria_label': None, 'class': ['ad', 'cat_side2'], 'id': None, 'text': ''}, {'tag': 'div', 'src': None, 'aria_label': None, 'class': ['ad', 'cat_side3'], 'id': None, 'text': ''}]",-6,429,newsbook,news_listing
130,38,48,0,15,2,21,21,6586,1018,16,6,"[{'tag': 'div', 'src': None, 'aria_label': None, 'class': ['ad', 'top_push_alt'], 'id': None, 'text': ''}, {'tag': 'div', 'src': None, 'aria_label': None, 'class': ['ad', 'top_push'], 'id': None, 'text': ''}, {'tag': 'div', 'src': None, 'aria_label': None, 'class': ['ad', 'cat_side1'], 'id': None, 'text': ''}, {'tag': 'div', 'src': None, 'aria_label': None, 'class': ['ad', 'allcats_side_btwn_1_2'], 'id': None, 'text': ''}, {'tag': 'div', 'src': None, 'aria_label': None, 'class': ['ad', 'cat_side2'], 'id': None, 'text': ''}, {'tag': 'div', 'src': None, 'aria_label': None, 'class': ['ad', 'cat_side3'], 'id': None, 'text': ''}]",-6,430,newsbook,news_listing
130,38,48,0,15,2,21,21,6586,1018,16,6,"[{'tag': 'div', 'src': None, 'aria_label': None, 'class': ['ad', 'top_push_alt'], 'id': None, 'text': ''}, {'tag': 'div', 'src': None, 'aria_label': None, 'class': ['ad', 'top_push'], 'id': None, 'text': ''}, {'tag': 'div', 'src': None, 'aria_label': None, 'class': ['ad', 'cat_side1'], 'id': None, 'text': ''}, {'tag': 'div', 'src': None, 'aria_label': None, 'class': ['ad', 'allcats_side_btwn_1_2'], 'id': None, 'text': ''}, {'tag': 'div', 'src': None, 'aria_label': None, 'class': ['ad', 'cat_side2'], 'id': None, 'text': ''}, {'tag': 'div', 'src': None, 'aria_label': None, 'class': ['ad', 'cat_side3'], 'id': None, 'text': ''}]",-6,431,newsbook,news_listing
130,36,48,0,15,2,21,21,6653,1014,16,6,"[{'tag': 'div', 'src': None, 'aria_label': None, 'class': ['ad', 'top_push_alt'], 'id': None, 'text': ''}, {'tag': 'div', 'src': None, 'aria_label': None, 'class': ['ad', 'top_push'], 'id': None, 'text': ''}, {'tag': 'div', 'src': None, 'aria_label': None, 'class': ['ad', 'cat_side1'], 'id': None, 'text': ''}, {'tag': 'div', 'src': None, 'aria_label': None, 'class': ['ad', 'allcats_side_btwn_1_2'], 'id': None, 'text': ''}, {'tag': 'div', 'src': None, 'aria_label': None, 'class': ['ad', 'cat_side2'], 'id': None, 'text': ''}, {'tag': 'div', 'src': None, 'aria_label': None, 'class': ['ad', 'cat_side3'], 'id': None, 'text': ''}]",-6,432,newsbook,news_listing
132,33,49,0,15,2,21,21,6535,946,16,6,"[{'tag': 'div', 'src': None, 'aria_label': None, 'class': ['ad', 'top_push_alt'], 'id': None, 'text': ''}, {'tag': 'div', 'src': None, 'aria_label': None, 'class': ['ad', 'top_push'], 'id': None, 'text': ''}, {'tag': 'div', 'src': None, 'aria_label': None, 'class': ['ad', 'cat_side1'], 'id': None, 'text': ''}, {'tag': 'div', 'src': None, 'aria_label': None, 'class': ['ad', 'allcats_side_btwn_1_2'], 'id': None, 'text': ''}, {'tag': 'div', 'src': None, 'aria_label': None, 'class': ['ad', 'cat_side2'], 'id': None, 'text': ''}, {'tag': 'div', 'src': None, 'aria_label': None, 'class': ['ad', 'cat_side3'], 'id': None, 'text': ''}]",-6,433,newsbook,news_listing
132,33,49,0,15,2,21,21,6535,946,16,6,"[{'tag': 'div', 'src': None, 'aria_label': None, 'class': ['ad', 'top_push_alt'], 'id': None, 'text': ''}, {'tag': 'div', 'src': None, 'aria_label': None, 'class': ['ad', 'top_push'], 'id': None, 'text': ''}, {'tag': 'div', 'src': None, 'aria_label': None, 'class': ['ad', 'cat_side1'], 'id': None, 'text': ''}, {'tag': 'div', 'src': None, 'aria_label': None, 'class': ['ad', 'allcats_side_btwn_1_2'], 'id': None, 'text': ''}, {'tag': 'div', 'src': None, 'aria_label': None, 'class': ['ad', 'cat_side2'], 'id': None, 'text': ''}, {'tag': 'div', 'src': None, 'aria_label': None, 'class': ['ad', 'cat_side3'], 'id': None, 'text': ''}]",-6,434,newsbook,news_listing
132,33,49,0,15,2,21,21,6535,946,16,6,"[{'tag': 'div', 'src': None, 'aria_label': None, 'class': ['ad', 'top_push_alt'], 'id': None, 'text': ''}, {'tag': 'div', 'src': None, 'aria_label': None, 'class': ['ad', 'top_push'], 'id': None, 'text': ''}, {'tag': 'div', 'src': None, 'aria_label': None, 'class': ['ad', 'cat_side1'], 'id': None, 'text': ''}, {'tag': 'div', 'src': None, 'aria_label': None, 'class': ['ad', 'allcats_side_btwn_1_2'], 'id': None, 'text': ''}, {'tag': 'div', 'src': None, 'aria_label': None, 'class': ['ad', 'cat_side2'], 'id': None, 'text': ''}, {'tag': 'div', 'src': None, 'aria_label': None, 'class': ['ad', 'cat_side3'], 'id': None, 'text': ''}]",-6,435,newsbook,news_listing
132,33,49,0,15,2,21,21,6535,946,16,6,"[{'tag': 'div', 'src': None, 'aria_label': None, 'class': ['ad', 'top_push_alt'], 'id': None, 'text': ''}, {'tag': 'div', 'src': None, 'aria_label': None, 'class': ['ad', 'top_push'], 'id': None, 'text': ''}, {'tag': 'div', 'src': None, 'aria_label': None, 'class': ['ad', 'cat_side1'], 'id': None, 'text': ''}, {'tag': 'div', 'src': None, 'aria_label': None, 'class': ['ad', 'allcats_side_btwn_1_2'], 'id': None, 'text': ''}, {'tag': 'div', 'src': None, 'aria_label': None, 'class': ['ad', 'cat_side2'], 'id': None, 'text': ''}, {'tag': 'div', 'src': None, 'aria_label': None, 'class': ['ad', 'cat_side3'], 'id': None, 'text': ''}]",-6,436,newsbook,news_listing
134,34,49,0,15,2,21,21,6957,1007,16,6,"[{'tag': 'div', 'src': None, 'aria_label': None, 'class': ['ad', 'top_push_alt'], 'id': None, 'text': ''}, {'tag': 'div', 'src': None, 'aria_label': None, 'class': ['ad', 'top_push'], 'id': None, 'text': ''}, {'tag': 'div', 'src': None, 'aria_label': None, 'class': ['ad', 'cat_side1'], 'id': None, 'text': ''}, {'tag': 'div', 'src': None, 'aria_label': None, 'class': ['ad', 'allcats_side_btwn_1_2'], 'id': None, 'text': ''}, {'tag': 'div', 'src': None, 'aria_label': None, 'class': ['ad', 'cat_side2'], 'id': None, 'text': ''}, {'tag': 'div', 'src': None, 'aria_label': None, 'class': ['ad', 'cat_side3'], 'id': None, 'text': ''}]",-6,437,newsbook,news_listing
134,34,49,0,15,2,21,21,6957,1007,16,6,"[{'tag': 'div', 'src': None, 'aria_label': None, 'class': ['ad', 'top_push_alt'], 'id': None, 'text': ''}, {'tag': 'div', 'src': None, 'aria_label': None, 'class': ['ad', 'top_push'], 'id': None, 'text': ''}, {'tag': 'div', 'src': None, 'aria_label': None, 'class': ['ad', 'cat_side1'], 'id': None, 'text': ''}, {'tag': 'div', 'src': None, 'aria_label': None, 'class': ['ad', 'allcats_side_btwn_1_2'], 'id': None, 'text': ''}, {'tag': 'div', 'src': None, 'aria_label': None, 'class': ['ad', 'cat_side2'], 'id': None, 'text': ''}, {'tag': 'div', 'src': None, 'aria_label': None, 'class': ['ad', 'cat_side3'], 'id': None, 'text': ''}]",-6,438,newsbook,news_listing
134,34,49,0,15,2,21,21,6957,1007,16,6,"[{'tag': 'div', 'src': None, 'aria_label': None, 'class': ['ad', 'top_push_alt'], 'id': None, 'text': ''}, {'tag': 'div', 'src': None, 'aria_label': None, 'class': ['ad', 'top_push'], 'id': None, 'text': ''}, {'tag': 'div', 'src': None, 'aria_label': None, 'class': ['ad', 'cat_side1'], 'id': None, 'text': ''}, {'tag': 'div', 'src': None, 'aria_label': None, 'class': ['ad', 'allcats_side_btwn_1_2'], 'id': None, 'text': ''}, {'tag': 'div', 'src': None, 'aria_label': None, 'class': ['ad', 'cat_side2'], 'id': None, 'text': ''}, {'tag': 'div', 'src': None, 'aria_label': None, 'class': ['ad', 'cat_side3'], 'id': None, 'text': ''}]",-6,439,newsbook,news_listing
134,36,49,0,15,2,21,21,6621,958,16,6,"[{'tag': 'div', 'src': None, 'aria_label': None, 'class': ['ad', 'top_push_alt'], 'id': None, 'text': ''}, {'tag': 'div', 'src': None, 'aria_label': None, 'class': ['ad', 'top_push'], 'id': None, 'text': ''}, {'tag': 'div', 'src': None, 'aria_label': None, 'class': ['ad', 'cat_side1'], 'id': None, 'text': ''}, {'tag': 'div', 'src': None, 'aria_label': None, 'class': ['ad', 'allcats_side_btwn_1_2'], 'id': None, 'text': ''}, {'tag': 'div', 'src': None, 'aria_label': None, 'class': ['ad', 'cat_side2'], 'id': None, 'text': ''}, {'tag': 'div', 'src': None, 'aria_label': None, 'class': ['ad', 'cat_side3'], 'id': None, 'text': ''}]",-6,440,newsbook,news_listing
134,36,49,0,15,2,21,21,6621,958,16,6,"[{'tag': 'div', 'src': None, 'aria_label': None, 'class': ['ad', 'top_push_alt'], 'id': None, 'text': ''}, {'tag': 'div', 'src': None, 'aria_label': None, 'class': ['ad', 'top_push'], 'id': None, 'text': ''}, {'tag': 'div', 'src': None, 'aria_label': None, 'class': ['ad', 'cat_side1'], 'id': None, 'text': ''}, {'tag': 'div', 'src': None, 'aria_label': None, 'class': ['ad', 'allcats_side_btwn_1_2'], 'id': None, 'text': ''}, {'tag': 'div', 'src': None, 'aria_label': None, 'class': ['ad', 'cat_side2'], 'id': None, 'text': ''}, {'tag': 'div', 'src': None, 'aria_label': None, 'class': ['ad', 'cat_side3'], 'id': None, 'text': ''}]",-6,441,newsbook,news_listing
133,33,49,0,15,2,21,21,6399,947,16,6,"[{'tag': 'div', 'src': None, 'aria_label': None, 'class': ['ad', 'top_push_alt'], 'id': None, 'text': ''}, {'tag': 'div', 'src': None, 'aria_label': None, 'class': ['ad', 'top_push'], 'id': None, 'text': ''}, {'tag': 'div', 'src': None, 'aria_label': None, 'class': ['ad', 'cat_side1'], 'id': None, 'text': ''}, {'tag': 'div', 'src': None, 'aria_label': None, 'class': ['ad', 'allcats_side_btwn_1_2'], 'id': None, 'text': ''}, {'tag': 'div', 'src': None, 'aria_label': None, 'class': ['ad', 'cat_side2'], 'id': None, 'text': ''}, {'tag': 'div', 'src': None, 'aria_label': None, 'class': ['ad', 'cat_side3'], 'id': None, 'text': ''}]",-6,442,newsbook,news_listing
133,33,49,0,15,2,21,21,6399,947,16,6,"[{'tag': 'div', 'src': None, 'aria_label': None, 'class': ['ad', 'top_push_alt'], 'id': None, 'text': ''}, {'tag': 'div', 'src': None, 'aria_label': None, 'class': ['ad', 'top_push'], 'id': None, 'text': ''}, {'tag': 'div', 'src': None, 'aria_label': None, 'class': ['ad', 'cat_side1'], 'id': None, 'text': ''}, {'tag': 'div', 'src': None, 'aria_label': None, 'class': ['ad', 'allcats_side_btwn_1_2'], 'id': None, 'text': ''}, {'tag': 'div', 'src': None, 'aria_label': None, 'class': ['ad', 'cat_side2'], 'id': None, 'text': ''}, {'tag': 'div', 'src': None, 'aria_label': None, 'class': ['ad', 'cat_side3'], 'id': None, 'text': ''}]",-6,443,newsbook,news_listing
134,35,49,0,15,2,21,21,6638,964,16,6,"[{'tag': 'div', 'src': None, 'aria_label': None, 'class': ['ad', 'top_push_alt'], 'id': None, 'text': ''}, {'tag': 'div', 'src': None, 'aria_label': None, 'class': ['ad', 'top_push'], 'id': None, 'text': ''}, {'tag': 'div', 'src': None, 'aria_label': None, 'class': ['ad', 'cat_side1'], 'id': None, 'text': ''}, {'tag': 'div', 'src': None, 'aria_label': None, 'class': ['ad', 'allcats_side_btwn_1_2'], 'id': None, 'text': ''}, {'tag': 'div', 'src': None, 'aria_label': None, 'class': ['ad', 'cat_side2'], 'id': None, 'text': ''}, {'tag': 'div', 'src': None, 'aria_label': None, 'class': ['ad', 'cat_side3'], 'id': None, 'text': ''}]",-6,444,newsbook,news_listing
128,33,48,0,15,2,21,21,6470,983,16,6,"[{'tag': 'div', 'src': None, 'aria_label': None, 'class': ['ad', 'top_push_alt'], 'id': None, 'text': ''}, {'tag': 'div', 'src': None, 'aria_label': None, 'class': ['ad', 'top_push'], 'id': None, 'text': ''}, {'tag': 'div', 'src': None, 'aria_label': None, 'class': ['ad', 'cat_side1'], 'id': None, 'text': ''}, {'tag': 'div', 'src': None, 'aria_label': None, 'class': ['ad', 'allcats_side_btwn_1_2'], 'id': None, 'text': ''}, {'tag': 'div', 'src': None, 'aria_label': None, 'class': ['ad', 'cat_side2'], 'id': None, 'text': ''}, {'tag': 'div', 'src': None, 'aria_label': None, 'class': ['ad', 'cat_side3'], 'id': None, 'text': ''}]",-6,445,newsbook,news_listing
128,33,48,0,15,2,21,21,6470,983,16,6,"[{'tag': 'div', 'src': None, 'aria_label': None, 'class': ['ad', 'top_push_alt'], 'id': None, 'text': ''}, {'tag': 'div', 'src': None, 'aria_label': None, 'class': ['ad', 'top_push'], 'id': None, 'text': ''}, {'tag': 'div', 'src': None, 'aria_label': None, 'class': ['ad', 'cat_side1'], 'id': None, 'text': ''}, {'tag': 'div', 'src': None, 'aria_label': None, 'class': ['ad', 'allcats_side_btwn_1_2'], 'id': None, 'text': ''}, {'tag': 'div', 'src': None, 'aria_label': None, 'class': ['ad', 'cat_side2'], 'id': None, 'text': ''}, {'tag': 'div', 'src': None, 'aria_label': None, 'class': ['ad', 'cat_side3'], 'id': None, 'text': ''}]",-6,446,newsbook,news_listing
128,33,48,0,15,2,21,21,6470,983,16,6,"[{'tag': 'div', 'src': None, 'aria_label': None, 'class': ['ad', 'top_push_alt'], 'id': None, 'text': ''}, {'tag': 'div', 'src': None, 'aria_label': None, 'class': ['ad', 'top_push'], 'id': None, 'text': ''}, {'tag': 'div', 'src': None, 'aria_label': None, 'class': ['ad', 'cat_side1'], 'id': None, 'text': ''}, {'tag': 'div', 'src': None, 'aria_label': None, 'class': ['ad', 'allcats_side_btwn_1_2'], 'id': None, 'text': ''}, {'tag': 'div', 'src': None, 'aria_label': None, 'class': ['ad', 'cat_side2'], 'id': None, 'text': ''}, {'tag': 'div', 'src': None, 'aria_label': None, 'class': ['ad', 'cat_side3'], 'id': None, 'text': ''}]",-6,447,newsbook,news_listing
129,34,48,0,15,2,21,21,6419,995,16,6,"[{'tag': 'div', 'src': None, 'aria_label': None, 'class': ['ad', 'top_push_alt'], 'id': None, 'text': ''}, {'tag': 'div', 'src': None, 'aria_label': None, 'class': ['ad', 'top_push'], 'id': None, 'text': ''}, {'tag': 'div', 'src': None, 'aria_label': None, 'class': ['ad', 'cat_side1'], 'id': None, 'text': ''}, {'tag': 'div', 'src': None, 'aria_label': None, 'class': ['ad', 'allcats_side_btwn_1_2'], 'id': None, 'text': ''}, {'tag': 'div', 'src': None, 'aria_label': None, 'class': ['ad', 'cat_side2'], 'id': None, 'text': ''}, {'tag': 'div', 'src': None, 'aria_label': None, 'class': ['ad', 'cat_side3'], 'id': None, 'text': ''}]",-6,448,newsbook,news_listing
129,34,48,0,15,2,21,21,6419,995,16,6,"[{'tag': 'div', 'src': None, 'aria_label': None, 'class': ['ad', 'top_push_alt'], 'id': None, 'text': ''}, {'tag': 'div', 'src': None, 'aria_label': None, 'class': ['ad', 'top_push'], 'id': None, 'text': ''}, {'tag': 'div', 'src': None, 'aria_label': None, 'class': ['ad', 'cat_side1'], 'id': None, 'text': ''}, {'tag': 'div', 'src': None, 'aria_label': None, 'class': ['ad', 'allcats_side_btwn_1_2'], 'id': None, 'text': ''}, {'tag': 'div', 'src': None, 'aria_label': None, 'class': ['ad', 'cat_side2'], 'id': None, 'text': ''}, {'tag': 'div', 'src': None, 'aria_label': None, 'class': ['ad', 'cat_side3'], 'id': None, 'text': ''}]",-6,449,newsbook,news_listing
130,34,48,0,15,2,21,21,6443,983,16,6,"[{'tag': 'div', 'src': None, 'aria_label': None, 'class': ['ad', 'top_push_alt'], 'id': None, 'text': ''}, {'tag': 'div', 'src': None, 'aria_label': None, 'class': ['ad', 'top_push'], 'id': None, 'text': ''}, {'tag': 'div', 'src': None, 'aria_label': None, 'class': ['ad', 'cat_side1'], 'id': None, 'text': ''}, {'tag': 'div', 'src': None, 'aria_label': None, 'class': ['ad', 'allcats_side_btwn_1_2'], 'id': None, 'text': ''}, {'tag': 'div', 'src': None, 'aria_label': None, 'class': ['ad', 'cat_side2'], 'id': None, 'text': ''}, {'tag': 'div', 'src': None, 'aria_label': None, 'class': ['ad', 'cat_side3'], 'id': None, 'text': ''}]",-6,450,newsbook,news_listing
130,34,48,0,15,2,21,21,6549,998,16,6,"[{'tag': 'div', 'src': None, 'aria_label': None, 'class': ['ad', 'top_push_alt'], 'id': None, 'text': ''}, {'tag': 'div', 'src': None, 'aria_label': None, 'class': ['ad', 'top_push'], 'id': None, 'text': ''}, {'tag': 'div', 'src': None, 'aria_label': None, 'class': ['ad', 'cat_side1'], 'id': None, 'text': ''}, {'tag': 'div', 'src': None, 'aria_label': None, 'class': ['ad', 'allcats_side_btwn_1_2'], 'id': None, 'text': ''}, {'tag': 'div', 'src': None, 'aria_label': None, 'class': ['ad', 'cat_side2'], 'id': None, 'text': ''}, {'tag': 'div', 'src': None, 'aria_label': None, 'class': ['ad', 'cat_side3'], 'id': None, 'text': ''}]",-6,451,newsbook,news_listing
130,34,48,0,15,2,21,21,6549,998,16,6,"[{'tag': 'div', 'src': None, 'aria_label': None, 'class': ['ad', 'top_push_alt'], 'id': None, 'text': ''}, {'tag': 'div', 'src': None, 'aria_label': None, 'class': ['ad', 'top_push'], 'id': None, 'text': ''}, {'tag': 'div', 'src': None, 'aria_label': None, 'class': ['ad', 'cat_side1'], 'id': None, 'text': ''}, {'tag': 'div', 'src': None, 'aria_label': None, 'class': ['ad', 'allcats_side_btwn_1_2'], 'id': None, 'text': ''}, {'tag': 'div', 'src': None, 'aria_label': None, 'class': ['ad', 'cat_side2'], 'id': None, 'text': ''}, {'tag': 'div', 'src': None, 'aria_label': None, 'class': ['ad', 'cat_side3'], 'id': None, 'text': ''}]",-6,452,newsbook,news_listing
130,34,48,0,15,2,21,21,6549,998,16,6,"[{'tag': 'div', 'src': None, 'aria_label': None, 'class': ['ad', 'top_push_alt'], 'id': None, 'text': ''}, {'tag': 'div', 'src': None, 'aria_label': None, 'class': ['ad', 'top_push'], 'id': None, 'text': ''}, {'tag': 'div', 'src': None, 'aria_label': None, 'class': ['ad', 'cat_side1'], 'id': None, 'text': ''}, {'tag': 'div', 'src': None, 'aria_label': None, 'class': ['ad', 'allcats_side_btwn_1_2'], 'id': None, 'text': ''}, {'tag': 'div', 'src': None, 'aria_label': None, 'class': ['ad', 'cat_side2'], 'id': None, 'text': ''}, {'tag': 'div', 'src': None, 'aria_label': None, 'class': ['ad', 'cat_side3'], 'id': None, 'text': ''}]",-6,453,newsbook,news_listing
130,34,48,0,15,2,21,21,6549,998,16,6,"[{'tag': 'div', 'src': None, 'aria_label': None, 'class': ['ad', 'top_push_alt'], 'id': None, 'text': ''}, {'tag': 'div', 'src': None, 'aria_label': None, 'class': ['ad', 'top_push'], 'id': None, 'text': ''}, {'tag': 'div', 'src': None, 'aria_label': None, 'class': ['ad', 'cat_side1'], 'id': None, 'text': ''}, {'tag': 'div', 'src': None, 'aria_label': None, 'class': ['ad', 'allcats_side_btwn_1_2'], 'id': None, 'text': ''}, {'tag': 'div', 'src': None, 'aria_label': None, 'class': ['ad', 'cat_side2'], 'id': None, 'text': ''}, {'tag': 'div', 'src': None, 'aria_label': None, 'class': ['ad', 'cat_side3'], 'id': None, 'text': ''}]",-6,454,newsbook,news_listing
130,34,48,0,15,2,21,21,6674,1018,16,6,"[{'tag': 'div', 'src': None, 'aria_label': None, 'class': ['ad', 'top_push_alt'], 'id': None, 'text': ''}, {'tag': 'div', 'src': None, 'aria_label': None, 'class': ['ad', 'top_push'], 'id': None, 'text': ''}, {'tag': 'div', 'src': None, 'aria_label': None, 'class': ['ad', 'cat_side1'], 'id': None, 'text': ''}, {'tag': 'div', 'src': None, 'aria_label': None, 'class': ['ad', 'allcats_side_btwn_1_2'], 'id': None, 'text': ''}, {'tag': 'div', 'src': None, 'aria_label': None, 'class': ['ad', 'cat_side2'], 'id': None, 'text': ''}, {'tag': 'div', 'src': None, 'aria_label': None, 'class': ['ad', 'cat_side3'], 'id': None, 'text': ''}]",-6,455,newsbook,news_listing
130,34,48,0,15,2,21,21,6674,1018,16,6,"[{'tag': 'div', 'src': None, 'aria_label': None, 'class': ['ad', 'top_push_alt'], 'id': None, 'text': ''}, {'tag': 'div', 'src': None, 'aria_label': None, 'class': ['ad', 'top_push'], 'id': None, 'text': ''}, {'tag': 'div', 'src': None, 'aria_label': None, 'class': ['ad', 'cat_side1'], 'id': None, 'text': ''}, {'tag': 'div', 'src': None, 'aria_label': None, 'class': ['ad', 'allcats_side_btwn_1_2'], 'id': None, 'text': ''}, {'tag': 'div', 'src': None, 'aria_label': None, 'class': ['ad', 'cat_side2'], 'id': None, 'text': ''}, {'tag': 'div', 'src': None, 'aria_label': None, 'class': ['ad', 'cat_side3'], 'id': None, 'text': ''}]",-6,456,newsbook,news_listing
130,34,48,0,15,2,21,21,6674,1018,16,6,"[{'tag': 'div', 'src': None, 'aria_label': None, 'class': ['ad', 'top_push_alt'], 'id': None, 'text': ''}, {'tag': 'div', 'src': None, 'aria_label': None, 'class': ['ad', 'top_push'], 'id': None, 'text': ''}, {'tag': 'div', 'src': None, 'aria_label': None, 'class': ['ad', 'cat_side1'], 'id': None, 'text': ''}, {'tag': 'div', 'src': None, 'aria_label': None, 'class': ['ad', 'allcats_side_btwn_1_2'], 'id': None, 'text': ''}, {'tag': 'div', 'src': None, 'aria_label': None, 'class': ['ad', 'cat_side2'], 'id': None, 'text': ''}, {'tag': 'div', 'src': None, 'aria_label': None, 'class': ['ad', 'cat_side3'], 'id': None, 'text': ''}]",-6,457,newsbook,news_listing
133,38,49,0,15,2,21,21,6452,934,16,6,"[{'tag': 'div', 'src': None, 'aria_label': None, 'class': ['ad', 'top_push_alt'], 'id': None, 'text': ''}, {'tag': 'div', 'src': None, 'aria_label': None, 'class': ['ad', 'top_push'], 'id': None, 'text': ''}, {'tag': 'div', 'src': None, 'aria_label': None, 'class': ['ad', 'cat_side1'], 'id': None, 'text': ''}, {'tag': 'div', 'src': None, 'aria_label': None, 'class': ['ad', 'allcats_side_btwn_1_2'], 'id': None, 'text': ''}, {'tag': 'div', 'src': None, 'aria_label': None, 'class': ['ad', 'cat_side2'], 'id': None, 'text': ''}, {'tag': 'div', 'src': None, 'aria_label': None, 'class': ['ad', 'cat_side3'], 'id': None, 'text': ''}]",-6,458,newsbook,news_listing
133,38,49,0,15,2,21,21,6452,934,16,6,"[{'tag': 'div', 'src': None, 'aria_label': None, 'class': ['ad', 'top_push_alt'], 'id': None, 'text': ''}, {'tag': 'div', 'src': None, 'aria_label': None, 'class': ['ad', 'top_push'], 'id': None, 'text': ''}, {'tag': 'div', 'src': None, 'aria_label': None, 'class': ['ad', 'cat_side1'], 'id': None, 'text': ''}, {'tag': 'div', 'src': None, 'aria_label': None, 'class': ['ad', 'allcats_side_btwn_1_2'], 'id': None, 'text': ''}, {'tag': 'div', 'src': None, 'aria_label': None, 'class': ['ad', 'cat_side2'], 'id': None, 'text': ''}, {'tag': 'div', 'src': None, 'aria_label': None, 'class': ['ad', 'cat_side3'], 'id': None, 'text': ''}]",-6,459,newsbook,news_listing
133,38,49,0,15,2,21,21,6452,934,16,6,"[{'tag': 'div', 'src': None, 'aria_label': None, 'class': ['ad', 'top_push_alt'], 'id': None, 'text': ''}, {'tag': 'div', 'src': None, 'aria_label': None, 'class': ['ad', 'top_push'], 'id': None, 'text': ''}, {'tag': 'div', 'src': None, 'aria_label': None, 'class': ['ad', 'cat_side1'], 'id': None, 'text': ''}, {'tag': 'div', 'src': None, 'aria_label': None, 'class': ['ad', 'allcats_side_btwn_1_2'], 'id': None, 'text': ''}, {'tag': 'div', 'src': None, 'aria_label': None, 'class': ['ad', 'cat_side2'], 'id': None, 'text': ''}, {'tag': 'div', 'src': None, 'aria_label': None, 'class': ['ad', 'cat_side3'], 'id': None, 'text': ''}]",-6,460,newsbook,news_listing
133,38,49,0,15,2,21,21,6452,934,16,6,"[{'tag': 'div', 'src': None, 'aria_label': None, 'class': ['ad', 'top_push_alt'], 'id': None, 'text': ''}, {'tag': 'div', 'src': None, 'aria_label': None, 'class': ['ad', 'top_push'], 'id': None, 'text': ''}, {'tag': 'div', 'src': None, 'aria_label': None, 'class': ['ad', 'cat_side1'], 'id': None, 'text': ''}, {'tag': 'div', 'src': None, 'aria_label': None, 'class': ['ad', 'allcats_side_btwn_1_2'], 'id': None, 'text': ''}, {'tag': 'div', 'src': None, 'aria_label': None, 'class': ['ad', 'cat_side2'], 'id': None, 'text': ''}, {'tag': 'div', 'src': None, 'aria_label': None, 'class': ['ad', 'cat_side3'], 'id': None, 'text': ''}]",-6,461,newsbook,news_listing
133,38,49,0,15,2,21,21,6452,934,16,6,"[{'tag': 'div', 'src': None, 'aria_label': None, 'class': ['ad', 'top_push_alt'], 'id': None, 'text': ''}, {'tag': 'div', 'src': None, 'aria_label': None, 'class': ['ad', 'top_push'], 'id': None, 'text': ''}, {'tag': 'div', 'src': None, 'aria_label': None, 'class': ['ad', 'cat_side1'], 'id': None, 'text': ''}, {'tag': 'div', 'src': None, 'aria_label': None, 'class': ['ad', 'allcats_side_btwn_1_2'], 'id': None, 'text': ''}, {'tag': 'div', 'src': None, 'aria_label': None, 'class': ['ad', 'cat_side2'], 'id': None, 'text': ''}, {'tag': 'div', 'src': None, 'aria_label': None, 'class': ['ad', 'cat_side3'], 'id': None, 'text': ''}]",-6,462,newsbook,news_listing
133,38,49,0,15,2,21,21,6452,934,16,6,"[{'tag': 'div', 'src': None, 'aria_label': None, 'class': ['ad', 'top_push_alt'], 'id': None, 'text': ''}, {'tag': 'div', 'src': None, 'aria_label': None, 'class': ['ad', 'top_push'], 'id': None, 'text': ''}, {'tag': 'div', 'src': None, 'aria_label': None, 'class': ['ad', 'cat_side1'], 'id': None, 'text': ''}, {'tag': 'div', 'src': None, 'aria_label': None, 'class': ['ad', 'allcats_side_btwn_1_2'], 'id': None, 'text': ''}, {'tag': 'div', 'src': None, 'aria_label': None, 'class': ['ad', 'cat_side2'], 'id': None, 'text': ''}, {'tag': 'div', 'src': None, 'aria_label': None, 'class': ['ad', 'cat_side3'], 'id': None, 'text': ''}]",-6,463,newsbook,news_listing
134,35,49,0,15,2,21,21,6743,977,16,6,"[{'tag': 'div', 'src': None, 'aria_label': None, 'class': ['ad', 'top_push_alt'], 'id': None, 'text': ''}, {'tag': 'div', 'src': None, 'aria_label': None, 'class': ['ad', 'top_push'], 'id': None, 'text': ''}, {'tag': 'div', 'src': None, 'aria_label': None, 'class': ['ad', 'cat_side1'], 'id': None, 'text': ''}, {'tag': 'div', 'src': None, 'aria_label': None, 'class': ['ad', 'allcats_side_btwn_1_2'], 'id': None, 'text': ''}, {'tag': 'div', 'src': None, 'aria_label': None, 'class': ['ad', 'cat_side2'], 'id': None, 'text': ''}, {'tag': 'div', 'src': None, 'aria_label': None, 'class': ['ad', 'cat_side3'], 'id': None, 'text': ''}]",-6,464,newsbook,news_listing
134,35,49,0,15,2,21,21,6743,977,16,6,"[{'tag': 'div', 'src': None, 'aria_label': None, 'class': ['ad', 'top_push_alt'], 'id': None, 'text': ''}, {'tag': 'div', 'src': None, 'aria_label': None, 'class': ['ad', 'top_push'], 'id': None, 'text': ''}, {'tag': 'div', 'src': None, 'aria_label': None, 'class': ['ad', 'cat_side1'], 'id': None, 'text': ''}, {'tag': 'div', 'src': None, 'aria_label': None, 'class': ['ad', 'allcats_side_btwn_1_2'], 'id': None, 'text': ''}, {'tag': 'div', 'src': None, 'aria_label': None, 'class': ['ad', 'cat_side2'], 'id': None, 'text': ''}, {'tag': 'div', 'src': None, 'aria_label': None, 'class': ['ad', 'cat_side3'], 'id': None, 'text': ''}]",-6,465,newsbook,news_listing
134,35,49,0,15,2,21,21,6743,977,16,6,"[{'tag': 'div', 'src': None, 'aria_label': None, 'class': ['ad', 'top_push_alt'], 'id': None, 'text': ''}, {'tag': 'div', 'src': None, 'aria_label': None, 'class': ['ad', 'top_push'], 'id': None, 'text': ''}, {'tag': 'div', 'src': None, 'aria_label': None, 'class': ['ad', 'cat_side1'], 'id': None, 'text': ''}, {'tag': 'div', 'src': None, 'aria_label': None, 'class': ['ad', 'allcats_side_btwn_1_2'], 'id': None, 'text': ''}, {'tag': 'div', 'src': None, 'aria_label': None, 'class': ['ad', 'cat_side2'], 'id': None, 'text': ''}, {'tag': 'div', 'src': None, 'aria_label': None, 'class': ['ad', 'cat_side3'], 'id': None, 'text': ''}]",-6,466,newsbook,news_listing
135,35,49,0,15,2,21,21,6827,980,16,6,"[{'tag': 'div', 'src': None, 'aria_label': None, 'class': ['ad', 'top_push_alt'], 'id': None, 'text': ''}, {'tag': 'div', 'src': None, 'aria_label': None, 'class': ['ad', 'top_push'], 'id': None, 'text': ''}, {'tag': 'div', 'src': None, 'aria_label': None, 'class': ['ad', 'cat_side1'], 'id': None, 'text': ''}, {'tag': 'div', 'src': None, 'aria_label': None, 'class': ['ad', 'allcats_side_btwn_1_2'], 'id': None, 'text': ''}, {'tag': 'div', 'src': None, 'aria_label': None, 'class': ['ad', 'cat_side2'], 'id': None, 'text': ''}, {'tag': 'div', 'src': None, 'aria_label': None, 'class': ['ad', 'cat_side3'], 'id': None, 'text': ''}]",-6,467,newsbook,news_listing
135,35,49,0,15,2,21,21,6827,980,16,6,"[{'tag': 'div', 'src': None, 'aria_label': None, 'class': ['ad', 'top_push_alt'], 'id': None, 'text': ''}, {'tag': 'div', 'src': None, 'aria_label': None, 'class': ['ad', 'top_push'], 'id': None, 'text': ''}, {'tag': 'div', 'src': None, 'aria_label': None, 'class': ['ad', 'cat_side1'], 'id': None, 'text': ''}, {'tag': 'div', 'src': None, 'aria_label': None, 'class': ['ad', 'allcats_side_btwn_1_2'], 'id': None, 'text': ''}, {'tag': 'div', 'src': None, 'aria_label': None, 'class': ['ad', 'cat_side2'], 'id': None, 'text': ''}, {'tag': 'div', 'src': None, 'aria_label': None, 'class': ['ad', 'cat_side3'], 'id': None, 'text': ''}]",-6,468,newsbook,news_listing
135,35,49,0,15,2,21,21,6827,980,16,6,"[{'tag': 'div', 'src': None, 'aria_label': None, 'class': ['ad', 'top_push_alt'], 'id': None, 'text': ''}, {'tag': 'div', 'src': None, 'aria_label': None, 'class': ['ad', 'top_push'], 'id': None, 'text': ''}, {'tag': 'div', 'src': None, 'aria_label': None, 'class': ['ad', 'cat_side1'], 'id': None, 'text': ''}, {'tag': 'div', 'src': None, 'aria_label': None, 'class': ['ad', 'allcats_side_btwn_1_2'], 'id': None, 'text': ''}, {'tag': 'div', 'src': None, 'aria_label': None, 'class': ['ad', 'cat_side2'], 'id': None, 'text': ''}, {'tag': 'div', 'src': None, 'aria_label': None, 'class': ['ad', 'cat_side3'], 'id': None, 'text': ''}]",-6,469,newsbook,news_listing
134,34,49,0,15,2,21,21,6897,1003,16,6,"[{'tag': 'div', 'src': None, 'aria_label': None, 'class': ['ad', 'top_push_alt'], 'id': None, 'text': ''}, {'tag': 'div', 'src': None, 'aria_label': None, 'class': ['ad', 'top_push'], 'id': None, 'text': ''}, {'tag': 'div', 'src': None, 'aria_label': None, 'class': ['ad', 'cat_side1'], 'id': None, 'text': ''}, {'tag': 'div', 'src': None, 'aria_label': None, 'class': ['ad', 'allcats_side_btwn_1_2'], 'id': None, 'text': ''}, {'tag': 'div', 'src': None, 'aria_label': None, 'class': ['ad', 'cat_side2'], 'id': None, 'text': ''}, {'tag': 'div', 'src': None, 'aria_label': None, 'class': ['ad', 'cat_side3'], 'id': None, 'text': ''}]",-6,470,newsbook,news_listing
134,34,49,0,15,2,21,21,6897,1003,16,6,"[{'tag': 'div', 'src': None, 'aria_label': None, 'class': ['ad', 'top_push_alt'], 'id': None, 'text': ''}, {'tag': 'div', 'src': None, 'aria_label': None, 'class': ['ad', 'top_push'], 'id': None, 'text': ''}, {'tag': 'div', 'src': None, 'aria_label': None, 'class': ['ad', 'cat_side1'], 'id': None, 'text': ''}, {'tag': 'div', 'src': None, 'aria_label': None, 'class': ['ad', 'allcats_side_btwn_1_2'], 'id': None, 'text': ''}, {'tag': 'div', 'src': None, 'aria_label': None, 'class': ['ad', 'cat_side2'], 'id': None, 'text': ''}, {'tag': 'div', 'src': None, 'aria_label': None, 'class': ['ad', 'cat_side3'], 'id': None, 'text': ''}]",-6,471,newsbook,news_listing
134,34,49,0,15,2,21,21,6897,1003,16,6,"[{'tag': 'div', 'src': None, 'aria_label': None, 'class': ['ad', 'top_push_alt'], 'id': None, 'text': ''}, {'tag': 'div', 'src': None, 'aria_label': None, 'class': ['ad', 'top_push'], 'id': None, 'text': ''}, {'tag': 'div', 'src': None, 'aria_label': None, 'class': ['ad', 'cat_side1'], 'id': None, 'text': ''}, {'tag': 'div', 'src': None, 'aria_label': None, 'class': ['ad', 'allcats_side_btwn_1_2'], 'id': None, 'text': ''}, {'tag': 'div', 'src': None, 'aria_label': None, 'class': ['ad', 'cat_side2'], 'id': None, 'text': ''}, {'tag': 'div', 'src': None, 'aria_label': None, 'class': ['ad', 'cat_side3'], 'id': None, 'text': ''}]",-6,472,newsbook,news_listing
134,34,49,0,15,2,21,21,6897,1003,16,6,"[{'tag': 'div', 'src': None, 'aria_label': None, 'class': ['ad', 'top_push_alt'], 'id': None, 'text': ''}, {'tag': 'div', 'src': None, 'aria_label': None, 'class': ['ad', 'top_push'], 'id': None, 'text': ''}, {'tag': 'div', 'src': None, 'aria_label': None, 'class': ['ad', 'cat_side1'], 'id': None, 'text': ''}, {'tag': 'div', 'src': None, 'aria_label': None, 'class': ['ad', 'allcats_side_btwn_1_2'], 'id': None, 'text': ''}, {'tag': 'div', 'src': None, 'aria_label': None, 'class': ['ad', 'cat_side2'], 'id': None, 'text': ''}, {'tag': 'div', 'src': None, 'aria_label': None, 'class': ['ad', 'cat_side3'], 'id': None, 'text': ''}]",-6,473,newsbook,news_listing
134,35,49,0,15,2,21,21,6766,973,16,6,"[{'tag': 'div', 'src': None, 'aria_label': None, 'class': ['ad', 'top_push_alt'], 'id': None, 'text': ''}, {'tag': 'div', 'src': None, 'aria_label': None, 'class': ['ad', 'top_push'], 'id': None, 'text': ''}, {'tag': 'div', 'src': None, 'aria_label': None, 'class': ['ad', 'cat_side1'], 'id': None, 'text': ''}, {'tag': 'div', 'src': None, 'aria_label': None, 'class': ['ad', 'allcats_side_btwn_1_2'], 'id': None, 'text': ''}, {'tag': 'div', 'src': None, 'aria_label': None, 'class': ['ad', 'cat_side2'], 'id': None, 'text': ''}, {'tag': 'div', 'src': None, 'aria_label': None, 'class': ['ad', 'cat_side3'], 'id': None, 'text': ''}]",-6,474,newsbook,news_listing
134,35,49,0,15,2,21,21,6766,973,16,6,"[{'tag': 'div', 'src': None, 'aria_label': None, 'class': ['ad', 'top_push_alt'], 'id': None, 'text': ''}, {'tag': 'div', 'src': None, 'aria_label': None, 'class': ['ad', 'top_push'], 'id': None, 'text': ''}, {'tag': 'div', 'src': None, 'aria_label': None, 'class': ['ad', 'cat_side1'], 'id': None, 'text': ''}, {'tag': 'div', 'src': None, 'aria_label': None, 'class': ['ad', 'allcats_side_btwn_1_2'], 'id': None, 'text': ''}, {'tag': 'div', 'src': None, 'aria_label': None, 'class': ['ad', 'cat_side2'], 'id': None, 'text': ''}, {'tag': 'div', 'src': None, 'aria_label': None, 'class': ['ad', 'cat_side3'], 'id': None, 'text': ''}]",-6,475,newsbook,news_listing
134,35,49,0,15,2,21,21,6766,973,16,6,"[{'tag': 'div', 'src': None, 'aria_label': None, 'class': ['ad', 'top_push_alt'], 'id': None, 'text': ''}, {'tag': 'div', 'src': None, 'aria_label': None, 'class': ['ad', 'top_push'], 'id': None, 'text': ''}, {'tag': 'div', 'src': None, 'aria_label': None, 'class': ['ad', 'cat_side1'], 'id': None, 'text': ''}, {'tag': 'div', 'src': None, 'aria_label': None, 'class': ['ad', 'allcats_side_btwn_1_2'], 'id': None, 'text': ''}, {'tag': 'div', 'src': None, 'aria_label': None, 'class': ['ad', 'cat_side2'], 'id': None, 'text': ''}, {'tag': 'div', 'src': None, 'aria_label': None, 'class': ['ad', 'cat_side3'], 'id': None, 'text': ''}]",-6,476,newsbook,news_listing
134,35,49,0,15,2,21,21,6766,973,16,6,"[{'tag': 'div', 'src': None, 'aria_label': None, 'class': ['ad', 'top_push_alt'], 'id': None, 'text': ''}, {'tag': 'div', 'src': None, 'aria_label': None, 'class': ['ad', 'top_push'], 'id': None, 'text': ''}, {'tag': 'div', 'src': None, 'aria_label': None, 'class': ['ad', 'cat_side1'], 'id': None, 'text': ''}, {'tag': 'div', 'src': None, 'aria_label': None, 'class': ['ad', 'allcats_side_btwn_1_2'], 'id': None, 'text': ''}, {'tag': 'div', 'src': None, 'aria_label': None, 'class': ['ad', 'cat_side2'], 'id': None, 'text': ''}, {'tag': 'div', 'src': None, 'aria_label': None, 'class': ['ad', 'cat_side3'], 'id': None, 'text': ''}]",-6,477,newsbook,news_listing
134,35,49,0,15,2,21,21,6766,973,16,6,"[{'tag': 'div', 'src': None, 'aria_label': None, 'class': ['ad', 'top_push_alt'], 'id': None, 'text': ''}, {'tag': 'div', 'src': None, 'aria_label': None, 'class': ['ad', 'top_push'], 'id': None, 'text': ''}, {'tag': 'div', 'src': None, 'aria_label': None, 'class': ['ad', 'cat_side1'], 'id': None, 'text': ''}, {'tag': 'div', 'src': None, 'aria_label': None, 'class': ['ad', 'allcats_side_btwn_1_2'], 'id': None, 'text': ''}, {'tag': 'div', 'src': None, 'aria_label': None, 'class': ['ad', 'cat_side2'], 'id': None, 'text': ''}, {'tag': 'div', 'src': None, 'aria_label': None, 'class': ['ad', 'cat_side3'], 'id': None, 'text': ''}]",-6,478,newsbook,news_listing
136,34,49,0,15,2,21,21,6956,1006,16,6,"[{'tag': 'div', 'src': None, 'aria_label': None, 'class': ['ad', 'top_push_alt'], 'id': None, 'text': ''}, {'tag': 'div', 'src': None, 'aria_label': None, 'class': ['ad', 'top_push'], 'id': None, 'text': ''}, {'tag': 'div', 'src': None, 'aria_label': None, 'class': ['ad', 'cat_side1'], 'id': None, 'text': ''}, {'tag': 'div', 'src': None, 'aria_label': None, 'class': ['ad', 'allcats_side_btwn_1_2'], 'id': None, 'text': ''}, {'tag': 'div', 'src': None, 'aria_label': None, 'class': ['ad', 'cat_side2'], 'id': None, 'text': ''}, {'tag': 'div', 'src': None, 'aria_label': None, 'class': ['ad', 'cat_side3'], 'id': None, 'text': ''}]",-6,479,newsbook,news_listing
136,34,49,0,15,2,21,21,6956,1006,16,6,"[{'tag': 'div', 'src': None, 'aria_label': None, 'class': ['ad', 'top_push_alt'], 'id': None, 'text': ''}, {'tag': 'div', 'src': None, 'aria_label': None, 'class': ['ad', 'top_push'], 'id': None, 'text': ''}, {'tag': 'div', 'src': None, 'aria_label': None, 'class': ['ad', 'cat_side1'], 'id': None, 'text': ''}, {'tag': 'div', 'src': None, 'aria_label': None, 'class': ['ad', 'allcats_side_btwn_1_2'], 'id': None, 'text': ''}, {'tag': 'div', 'src': None, 'aria_label': None, 'class': ['ad', 'cat_side2'], 'id': None, 'text': ''}, {'tag': 'div', 'src': None, 'aria_label': None, 'class': ['ad', 'cat_side3'], 'id': None, 'text': ''}]",-6,480,newsbook,news_listing
136,34,49,0,15,2,21,21,6956,1006,16,6,"[{'tag': 'div', 'src': None, 'aria_label': None, 'class': ['ad', 'top_push_alt'], 'id': None, 'text': ''}, {'tag': 'div', 'src': None, 'aria_label': None, 'class': ['ad', 'top_push'], 'id': None, 'text': ''}, {'tag': 'div', 'src': None, 'aria_label': None, 'class': ['ad', 'cat_side1'], 'id': None, 'text': ''}, {'tag': 'div', 'src': None, 'aria_label': None, 'class': ['ad', 'allcats_side_btwn_1_2'], 'id': None, 'text': ''}, {'tag': 'div', 'src': None, 'aria_label': None, 'class': ['ad', 'cat_side2'], 'id': None, 'text': ''}, {'tag': 'div', 'src': None, 'aria_label': None, 'class': ['ad', 'cat_side3'], 'id': None, 'text': ''}]",-6,481,newsbook,news_listing
136,34,49,0,15,2,21,21,6956,1006,16,6,"[{'tag': 'div', 'src': None, 'aria_label': None, 'class': ['ad', 'top_push_alt'], 'id': None, 'text': ''}, {'tag': 'div', 'src': None, 'aria_label': None, 'class': ['ad', 'top_push'], 'id': None, 'text': ''}, {'tag': 'div', 'src': None, 'aria_label': None, 'class': ['ad', 'cat_side1'], 'id': None, 'text': ''}, {'tag': 'div', 'src': None, 'aria_label': None, 'class': ['ad', 'allcats_side_btwn_1_2'], 'id': None, 'text': ''}, {'tag': 'div', 'src': None, 'aria_label': None, 'class': ['ad', 'cat_side2'], 'id': None, 'text': ''}, {'tag': 'div', 'src': None, 'aria_label': None, 'class': ['ad', 'cat_side3'], 'id': None, 'text': ''}]",-6,482,newsbook,news_listing
128,34,48,0,15,2,21,21,6483,978,16,6,"[{'tag': 'div', 'src': None, 'aria_label': None, 'class': ['ad', 'top_push_alt'], 'id': None, 'text': ''}, {'tag': 'div', 'src': None, 'aria_label': None, 'class': ['ad', 'top_push'], 'id': None, 'text': ''}, {'tag': 'div', 'src': None, 'aria_label': None, 'class': ['ad', 'cat_side1'], 'id': None, 'text': ''}, {'tag': 'div', 'src': None, 'aria_label': None, 'class': ['ad', 'allcats_side_btwn_1_2'], 'id': None, 'text': ''}, {'tag': 'div', 'src': None, 'aria_label': None, 'class': ['ad', 'cat_side2'], 'id': None, 'text': ''}, {'tag': 'div', 'src': None, 'aria_label': None, 'class': ['ad', 'cat_side3'], 'id': None, 'text': ''}]",-6,483,newsbook,news_listing
128,34,48,0,15,2,21,21,6483,978,16,6,"[{'tag': 'div', 'src': None, 'aria_label': None, 'class': ['ad', 'top_push_alt'], 'id': None, 'text': ''}, {'tag': 'div', 'src': None, 'aria_label': None, 'class': ['ad', 'top_push'], 'id': None, 'text': ''}, {'tag': 'div', 'src': None, 'aria_label': None, 'class': ['ad', 'cat_side1'], 'id': None, 'text': ''}, {'tag': 'div', 'src': None, 'aria_label': None, 'class': ['ad', 'allcats_side_btwn_1_2'], 'id': None, 'text': ''}, {'tag': 'div', 'src': None, 'aria_label': None, 'class': ['ad', 'cat_side2'], 'id': None, 'text': ''}, {'tag': 'div', 'src': None, 'aria_label': None, 'class': ['ad', 'cat_side3'], 'id': None, 'text': ''}]",-6,484,newsbook,news_listing
128,34,48,0,15,2,21,21,6483,978,16,6,"[{'tag': 'div', 'src': None, 'aria_label': None, 'class': ['ad', 'top_push_alt'], 'id': None, 'text': ''}, {'tag': 'div', 'src': None, 'aria_label': None, 'class': ['ad', 'top_push'], 'id': None, 'text': ''}, {'tag': 'div', 'src': None, 'aria_label': None, 'class': ['ad', 'cat_side1'], 'id': None, 'text': ''}, {'tag': 'div', 'src': None, 'aria_label': None, 'class': ['ad', 'allcats_side_btwn_1_2'], 'id': None, 'text': ''}, {'tag': 'div', 'src': None, 'aria_label': None, 'class': ['ad', 'cat_side2'], 'id': None, 'text': ''}, {'tag': 'div', 'src': None, 'aria_label': None, 'class': ['ad', 'cat_side3'], 'id': None, 'text': ''}]",-6,485,newsbook,news_listing
128,34,48,0,15,2,21,21,6483,978,16,6,"[{'tag': 'div', 'src': None, 'aria_label': None, 'class': ['ad', 'top_push_alt'], 'id': None, 'text': ''}, {'tag': 'div', 'src': None, 'aria_label': None, 'class': ['ad', 'top_push'], 'id': None, 'text': ''}, {'tag': 'div', 'src': None, 'aria_label': None, 'class': ['ad', 'cat_side1'], 'id': None, 'text': ''}, {'tag': 'div', 'src': None, 'aria_label': None, 'class': ['ad', 'allcats_side_btwn_1_2'], 'id': None, 'text': ''}, {'tag': 'div', 'src': None, 'aria_label': None, 'class': ['ad', 'cat_side2'], 'id': None, 'text': ''}, {'tag': 'div', 'src': None, 'aria_label': None, 'class': ['ad', 'cat_side3'], 'id': None, 'text': ''}]",-6,486,newsbook,news_listing
128,34,48,0,15,2,21,21,6483,978,16,6,"[{'tag': 'div', 'src': None, 'aria_label': None, 'class': ['ad', 'top_push_alt'], 'id': None, 'text': ''}, {'tag': 'div', 'src': None, 'aria_label': None, 'class': ['ad', 'top_push'], 'id': None, 'text': ''}, {'tag': 'div', 'src': None, 'aria_label': None, 'class': ['ad', 'cat_side1'], 'id': None, 'text': ''}, {'tag': 'div', 'src': None, 'aria_label': None, 'class': ['ad', 'allcats_side_btwn_1_2'], 'id': None, 'text': ''}, {'tag': 'div', 'src': None, 'aria_label': None, 'class': ['ad', 'cat_side2'], 'id': None, 'text': ''}, {'tag': 'div', 'src': None, 'aria_label': None, 'class': ['ad', 'cat_side3'], 'id': None, 'text': ''}]",-6,487,newsbook,news_listing
128,34,48,0,15,2,21,21,6483,978,16,6,"[{'tag': 'div', 'src': None, 'aria_label': None, 'class': ['ad', 'top_push_alt'], 'id': None, 'text': ''}, {'tag': 'div', 'src': None, 'aria_label': None, 'class': ['ad', 'top_push'], 'id': None, 'text': ''}, {'tag': 'div', 'src': None, 'aria_label': None, 'class': ['ad', 'cat_side1'], 'id': None, 'text': ''}, {'tag': 'div', 'src': None, 'aria_label': None, 'class': ['ad', 'allcats_side_btwn_1_2'], 'id': None, 'text': ''}, {'tag': 'div', 'src': None, 'aria_label': None, 'class': ['ad', 'cat_side2'], 'id': None, 'text': ''}, {'tag': 'div', 'src': None, 'aria_label': None, 'class': ['ad', 'cat_side3'], 'id': None, 'text': ''}]",-6,488,newsbook,news_listing
129,34,48,0,15,2,21,21,6679,1021,16,6,"[{'tag': 'div', 'src': None, 'aria_label': None, 'class': ['ad', 'top_push_alt'], 'id': None, 'text': ''}, {'tag': 'div', 'src': None, 'aria_label': None, 'class': ['ad', 'top_push'], 'id': None, 'text': ''}, {'tag': 'div', 'src': None, 'aria_label': None, 'class': ['ad', 'cat_side1'], 'id': None, 'text': ''}, {'tag': 'div', 'src': None, 'aria_label': None, 'class': ['ad', 'allcats_side_btwn_1_2'], 'id': None, 'text': ''}, {'tag': 'div', 'src': None, 'aria_label': None, 'class': ['ad', 'cat_side2'], 'id': None, 'text': ''}, {'tag': 'div', 'src': None, 'aria_label': None, 'class': ['ad', 'cat_side3'], 'id': None, 'text': ''}]",-6,489,newsbook,news_listing
129,34,48,0,15,2,21,21,6679,1021,16,6,"[{'tag': 'div', 'src': None, 'aria_label': None, 'class': ['ad', 'top_push_alt'], 'id': None, 'text': ''}, {'tag': 'div', 'src': None, 'aria_label': None, 'class': ['ad', 'top_push'], 'id': None, 'text': ''}, {'tag': 'div', 'src': None, 'aria_label': None, 'class': ['ad', 'cat_side1'], 'id': None, 'text': ''}, {'tag': 'div', 'src': None, 'aria_label': None, 'class': ['ad', 'allcats_side_btwn_1_2'], 'id': None, 'text': ''}, {'tag': 'div', 'src': None, 'aria_label': None, 'class': ['ad', 'cat_side2'], 'id': None, 'text': ''}, {'tag': 'div', 'src': None, 'aria_label': None, 'class': ['ad', 'cat_side3'], 'id': None, 'text': ''}]",-6,490,newsbook,news_listing
129,34,48,0,15,2,21,21,6679,1021,16,6,"[{'tag': 'div', 'src': None, 'aria_label': None, 'class': ['ad', 'top_push_alt'], 'id': None, 'text': ''}, {'tag': 'div', 'src': None, 'aria_label': None, 'class': ['ad', 'top_push'], 'id': None, 'text': ''}, {'tag': 'div', 'src': None, 'aria_label': None, 'class': ['ad', 'cat_side1'], 'id': None, 'text': ''}, {'tag': 'div', 'src': None, 'aria_label': None, 'class': ['ad', 'allcats_side_btwn_1_2'], 'id': None, 'text': ''}, {'tag': 'div', 'src': None, 'aria_label': None, 'class': ['ad', 'cat_side2'], 'id': None, 'text': ''}, {'tag': 'div', 'src': None, 'aria_label': None, 'class': ['ad', 'cat_side3'], 'id': None, 'text': ''}]",-6,491,newsbook,news_listing
129,34,48,0,15,2,21,21,6679,1021,16,6,"[{'tag': 'div', 'src': None, 'aria_label': None, 'class': ['ad', 'top_push_alt'], 'id': None, 'text': ''}, {'tag': 'div', 'src': None, 'aria_label': None, 'class': ['ad', 'top_push'], 'id': None, 'text': ''}, {'tag': 'div', 'src': None, 'aria_label': None, 'class': ['ad', 'cat_side1'], 'id': None, 'text': ''}, {'tag': 'div', 'src': None, 'aria_label': None, 'class': ['ad', 'allcats_side_btwn_1_2'], 'id': None, 'text': ''}, {'tag': 'div', 'src': None, 'aria_label': None, 'class': ['ad', 'cat_side2'], 'id': None, 'text': ''}, {'tag': 'div', 'src': None, 'aria_label': None, 'class': ['ad', 'cat_side3'], 'id': None, 'text': ''}]",-6,492,newsbook,news_listing
129,34,48,0,15,2,21,21,6679,1021,16,6,"[{'tag': 'div', 'src': None, 'aria_label': None, 'class': ['ad', 'top_push_alt'], 'id': None, 'text': ''}, {'tag': 'div', 'src': None, 'aria_label': None, 'class': ['ad', 'top_push'], 'id': None, 'text': ''}, {'tag': 'div', 'src': None, 'aria_label': None, 'class': ['ad', 'cat_side1'], 'id': None, 'text': ''}, {'tag': 'div', 'src': None, 'aria_label': None, 'class': ['ad', 'allcats_side_btwn_1_2'], 'id': None, 'text': ''}, {'tag': 'div', 'src': None, 'aria_label': None, 'class': ['ad', 'cat_side2'], 'id': None, 'text': ''}, {'tag': 'div', 'src': None, 'aria_label': None, 'class': ['ad', 'cat_side3'], 'id': None, 'text': ''}]",-6,493,newsbook,news_listing
131,34,48,0,15,2,21,21,6628,1007,16,6,"[{'tag': 'div', 'src': None, 'aria_label': None, 'class': ['ad', 'top_push_alt'], 'id': None, 'text': ''}, {'tag': 'div', 'src': None, 'aria_label': None, 'class': ['ad', 'top_push'], 'id': None, 'text': ''}, {'tag': 'div', 'src': None, 'aria_label': None, 'class': ['ad', 'cat_side1'], 'id': None, 'text': ''}, {'tag': 'div', 'src': None, 'aria_label': None, 'class': ['ad', 'allcats_side_btwn_1_2'], 'id': None, 'text': ''}, {'tag': 'div', 'src': None, 'aria_label': None, 'class': ['ad', 'cat_side2'], 'id': None, 'text': ''}, {'tag': 'div', 'src': None, 'aria_label': None, 'class': ['ad', 'cat_side3'], 'id': None, 'text': ''}]",-6,494,newsbook,news_listing
131,34,48,0,15,2,21,21,6628,1007,16,6,"[{'tag': 'div', 'src': None, 'aria_label': None, 'class': ['ad', 'top_push_alt'], 'id': None, 'text': ''}, {'tag': 'div', 'src': None, 'aria_label': None, 'class': ['ad', 'top_push'], 'id': None, 'text': ''}, {'tag': 'div', 'src': None, 'aria_label': None, 'class': ['ad', 'cat_side1'], 'id': None, 'text': ''}, {'tag': 'div', 'src': None, 'aria_label': None, 'class': ['ad', 'allcats_side_btwn_1_2'], 'id': None, 'text': ''}, {'tag': 'div', 'src': None, 'aria_label': None, 'class': ['ad', 'cat_side2'], 'id': None, 'text': ''}, {'tag': 'div', 'src': None, 'aria_label': None, 'class': ['ad', 'cat_side3'], 'id': None, 'text': ''}]",-6,495,newsbook,news_listing
131,34,48,0,15,2,21,21,6628,1007,16,6,"[{'tag': 'div', 'src': None, 'aria_label': None, 'class': ['ad', 'top_push_alt'], 'id': None, 'text': ''}, {'tag': 'div', 'src': None, 'aria_label': None, 'class': ['ad', 'top_push'], 'id': None, 'text': ''}, {'tag': 'div', 'src': None, 'aria_label': None, 'class': ['ad', 'cat_side1'], 'id': None, 'text': ''}, {'tag': 'div', 'src': None, 'aria_label': None, 'class': ['ad', 'allcats_side_btwn_1_2'], 'id': None, 'text': ''}, {'tag': 'div', 'src': None, 'aria_label': None, 'class': ['ad', 'cat_side2'], 'id': None, 'text': ''}, {'tag': 'div', 'src': None, 'aria_label': None, 'class': ['ad', 'cat_side3'], 'id': None, 'text': ''}]",-6,496,newsbook,news_listing
131,34,48,0,15,2,21,21,6628,1007,16,6,"[{'tag': 'div', 'src': None, 'aria_label': None, 'class': ['ad', 'top_push_alt'], 'id': None, 'text': ''}, {'tag': 'div', 'src': None, 'aria_label': None, 'class': ['ad', 'top_push'], 'id': None, 'text': ''}, {'tag': 'div', 'src': None, 'aria_label': None, 'class': ['ad', 'cat_side1'], 'id': None, 'text': ''}, {'tag': 'div', 'src': None, 'aria_label': None, 'class': ['ad', 'allcats_side_btwn_1_2'], 'id': None, 'text': ''}, {'tag': 'div', 'src': None, 'aria_label': None, 'class': ['ad', 'cat_side2'], 'id': None, 'text': ''}, {'tag': 'div', 'src': None, 'aria_label': None, 'class': ['ad', 'cat_side3'], 'id': None, 'text': ''}]",-6,497,newsbook,news_listing
130,34,48,0,15,2,21,21,6456,969,16,6,"[{'tag': 'div', 'src': None, 'aria_label': None, 'class': ['ad', 'top_push_alt'], 'id': None, 'text': ''}, {'tag': 'div', 'src': None, 'aria_label': None, 'class': ['ad', 'top_push'], 'id': None, 'text': ''}, {'tag': 'div', 'src': None, 'aria_label': None, 'class': ['ad', 'cat_side1'], 'id': None, 'text': ''}, {'tag': 'div', 'src': None, 'aria_label': None, 'class': ['ad', 'allcats_side_btwn_1_2'], 'id': None, 'text': ''}, {'tag': 'div', 'src': None, 'aria_label': None, 'class': ['ad', 'cat_side2'], 'id': None, 'text': ''}, {'tag': 'div', 'src': None, 'aria_label': None, 'class': ['ad', 'cat_side3'], 'id': None, 'text': ''}]",-6,498,newsbook,news_listing
130,34,48,0,15,2,21,21,6456,969,16,6,"[{'tag': 'div', 'src': None, 'aria_label': None, 'class': ['ad', 'top_push_alt'], 'id': None, 'text': ''}, {'tag': 'div', 'src': None, 'aria_label': None, 'class': ['ad', 'top_push'], 'id': None, 'text': ''}, {'tag': 'div', 'src': None, 'aria_label': None, 'class': ['ad', 'cat_side1'], 'id': None, 'text': ''}, {'tag': 'div', 'src': None, 'aria_label': None, 'class': ['ad', 'allcats_side_btwn_1_2'], 'id': None, 'text': ''}, {'tag': 'div', 'src': None, 'aria_label': None, 'class': ['ad', 'cat_side2'], 'id': None, 'text': ''}, {'tag': 'div', 'src': None, 'aria_label': None, 'class': ['ad', 'cat_side3'], 'id': None, 'text': ''}]",-6,499,newsbook,news_listing
130,34,48,0,15,2,21,21,6456,969,16,6,"[{'tag': 'div', 'src': None, 'aria_label': None, 'class': ['ad', 'top_push_alt'], 'id': None, 'text': ''}, {'tag': 'div', 'src': None, 'aria_label': None, 'class': ['ad', 'top_push'], 'id': None, 'text': ''}, {'tag': 'div', 'src': None, 'aria_label': None, 'class': ['ad', 'cat_side1'], 'id': None, 'text': ''}, {'tag': 'div', 'src': None, 'aria_label': None, 'class': ['ad', 'allcats_side_btwn_1_2'], 'id': None, 'text': ''}, {'tag': 'div', 'src': None, 'aria_label': None, 'class': ['ad', 'cat_side2'], 'id': None, 'text': ''}, {'tag': 'div', 'src': None, 'aria_label': None, 'class': ['ad', 'cat_side3'], 'id': None, 'text': ''}]",-6,500,newsbook,news_listing
130,34,48,0,15,2,21,21,6456,969,16,6,"[{'tag': 'div', 'src': None, 'aria_label': None, 'class': ['ad', 'top_push_alt'], 'id': None, 'text': ''}, {'tag': 'div', 'src': None, 'aria_label': None, 'class': ['ad', 'top_push'], 'id': None, 'text': ''}, {'tag': 'div', 'src': None, 'aria_label': None, 'class': ['ad', 'cat_side1'], 'id': None, 'text': ''}, {'tag': 'div', 'src': None, 'aria_label': None, 'class': ['ad', 'allcats_side_btwn_1_2'], 'id': None, 'text': ''}, {'tag': 'div', 'src': None, 'aria_label': None, 'class': ['ad', 'cat_side2'], 'id': None, 'text': ''}, {'tag': 'div', 'src': None, 'aria_label': None, 'class': ['ad', 'cat_side3'], 'id': None, 'text': ''}]",-6,501,newsbook,news_listing
130,34,48,0,15,2,21,21,6456,969,16,6,"[{'tag': 'div', 'src': None, 'aria_label': None, 'class': ['ad', 'top_push_alt'], 'id': None, 'text': ''}, {'tag': 'div', 'src': None, 'aria_label': None, 'class': ['ad', 'top_push'], 'id': None, 'text': ''}, {'tag': 'div', 'src': None, 'aria_label': None, 'class': ['ad', 'cat_side1'], 'id': None, 'text': ''}, {'tag': 'div', 'src': None, 'aria_label': None, 'class': ['ad', 'allcats_side_btwn_1_2'], 'id': None, 'text': ''}, {'tag': 'div', 'src': None, 'aria_label': None, 'class': ['ad', 'cat_side2'], 'id': None, 'text': ''}, {'tag': 'div', 'src': None, 'aria_label': None, 'class': ['ad', 'cat_side3'], 'id': None, 'text': ''}]",-6,502,newsbook,news_listing
130,34,48,0,15,2,21,21,6634,994,16,6,"[{'tag': 'div', 'src': None, 'aria_label': None, 'class': ['ad', 'top_push_alt'], 'id': None, 'text': ''}, {'tag': 'div', 'src': None, 'aria_label': None, 'class': ['ad', 'top_push'], 'id': None, 'text': ''}, {'tag': 'div', 'src': None, 'aria_label': None, 'class': ['ad', 'cat_side1'], 'id': None, 'text': ''}, {'tag': 'div', 'src': None, 'aria_label': None, 'class': ['ad', 'allcats_side_btwn_1_2'], 'id': None, 'text': ''}, {'tag': 'div', 'src': None, 'aria_label': None, 'class': ['ad', 'cat_side2'], 'id': None, 'text': ''}, {'tag': 'div', 'src': None, 'aria_label': None, 'class': ['ad', 'cat_side3'], 'id': None, 'text': ''}]",-6,503,newsbook,news_listing
130,34,48,0,15,2,21,21,6634,994,16,6,"[{'tag': 'div', 'src': None, 'aria_label': None, 'class': ['ad', 'top_push_alt'], 'id': None, 'text': ''}, {'tag': 'div', 'src': None, 'aria_label': None, 'class': ['ad', 'top_push'], 'id': None, 'text': ''}, {'tag': 'div', 'src': None, 'aria_label': None, 'class': ['ad', 'cat_side1'], 'id': None, 'text': ''}, {'tag': 'div', 'src': None, 'aria_label': None, 'class': ['ad', 'allcats_side_btwn_1_2'], 'id': None, 'text': ''}, {'tag': 'div', 'src': None, 'aria_label': None, 'class': ['ad', 'cat_side2'], 'id': None, 'text': ''}, {'tag': 'div', 'src': None, 'aria_label': None, 'class': ['ad', 'cat_side3'], 'id': None, 'text': ''}]",-6,504,newsbook,news_listing
130,34,48,0,15,2,21,21,6634,994,16,6,"[{'tag': 'div', 'src': None, 'aria_label': None, 'class': ['ad', 'top_push_alt'], 'id': None, 'text': ''}, {'tag': 'div', 'src': None, 'aria_label': None, 'class': ['ad', 'top_push'], 'id': None, 'text': ''}, {'tag': 'div', 'src': None, 'aria_label': None, 'class': ['ad', 'cat_side1'], 'id': None, 'text': ''}, {'tag': 'div', 'src': None, 'aria_label': None, 'class': ['ad', 'allcats_side_btwn_1_2'], 'id': None, 'text': ''}, {'tag': 'div', 'src': None, 'aria_label': None, 'class': ['ad', 'cat_side2'], 'id': None, 'text': ''}, {'tag': 'div', 'src': None, 'aria_label': None, 'class': ['ad', 'cat_side3'], 'id': None, 'text': ''}]",-6,505,newsbook,news_listing
130,34,48,0,15,2,21,21,6634,994,16,6,"[{'tag': 'div', 'src': None, 'aria_label': None, 'class': ['ad', 'top_push_alt'], 'id': None, 'text': ''}, {'tag': 'div', 'src': None, 'aria_label': None, 'class': ['ad', 'top_push'], 'id': None, 'text': ''}, {'tag': 'div', 'src': None, 'aria_label': None, 'class': ['ad', 'cat_side1'], 'id': None, 'text': ''}, {'tag': 'div', 'src': None, 'aria_label': None, 'class': ['ad', 'allcats_side_btwn_1_2'], 'id': None, 'text': ''}, {'tag': 'div', 'src': None, 'aria_label': None, 'class': ['ad', 'cat_side2'], 'id': None, 'text': ''}, {'tag': 'div', 'src': None, 'aria_label': None, 'class': ['ad', 'cat_side3'], 'id': None, 'text': ''}]",-6,506,newsbook,news_listing
132,38,49,0,15,2,21,21,6728,978,16,6,"[{'tag': 'div', 'src': None, 'aria_label': None, 'class': ['ad', 'top_push_alt'], 'id': None, 'text': ''}, {'tag': 'div', 'src': None, 'aria_label': None, 'class': ['ad', 'top_push'], 'id': None, 'text': ''}, {'tag': 'div', 'src': None, 'aria_label': None, 'class': ['ad', 'cat_side1'], 'id': None, 'text': ''}, {'tag': 'div', 'src': None, 'aria_label': None, 'class': ['ad', 'allcats_side_btwn_1_2'], 'id': None, 'text': ''}, {'tag': 'div', 'src': None, 'aria_label': None, 'class': ['ad', 'cat_side2'], 'id': None, 'text': ''}, {'tag': 'div', 'src': None, 'aria_label': None, 'class': ['ad', 'cat_side3'], 'id': None, 'text': ''}]",-6,507,newsbook,news_listing
132,33,49,0,15,2,21,21,6535,946,16,6,"[{'tag': 'div', 'src': None, 'aria_label': None, 'class': ['ad', 'top_push_alt'], 'id': None, 'text': ''}, {'tag': 'div', 'src': None, 'aria_label': None, 'class': ['ad', 'top_push'], 'id': None, 'text': ''}, {'tag': 'div', 'src': None, 'aria_label': None, 'class': ['ad', 'cat_side1'], 'id': None, 'text': ''}, {'tag': 'div', 'src': None, 'aria_label': None, 'class': ['ad', 'allcats_side_btwn_1_2'], 'id': None, 'text': ''}, {'tag': 'div', 'src': None, 'aria_label': None, 'class': ['ad', 'cat_side2'], 'id': None, 'text': ''}, {'tag': 'div', 'src': None, 'aria_label': None, 'class': ['ad', 'cat_side3'], 'id': None, 'text': ''}]",-6,508,newsbook,news_listing
129,41,48,0,15,2,21,21,6590,1013,16,6,"[{'tag': 'div', 'src': None, 'aria_label': None, 'class': ['ad', 'top_push_alt'], 'id': None, 'text': ''}, {'tag': 'div', 'src': None, 'aria_label': None, 'class': ['ad', 'top_push'], 'id': None, 'text': ''}, {'tag': 'div', 'src': None, 'aria_label': None, 'class': ['ad', 'cat_side1'], 'id': None, 'text': ''}, {'tag': 'div', 'src': None, 'aria_label': None, 'class': ['ad', 'allcats_side_btwn_1_2'], 'id': None, 'text': ''}, {'tag': 'div', 'src': None, 'aria_label': None, 'class': ['ad', 'cat_side2'], 'id': None, 'text': ''}, {'tag': 'div', 'src': None, 'aria_label': None, 'class': ['ad', 'cat_side3'], 'id': None, 'text': ''}]",-6,509,newsbook,news_listing
128,33,48,0,15,2,21,21,6470,983,16,6,"[{'tag': 'div', 'src': None, 'aria_label': None, 'class': ['ad', 'top_push_alt'], 'id': None, 'text': ''}, {'tag': 'div', 'src': None, 'aria_label': None, 'class': ['ad', 'top_push'], 'id': None, 'text': ''}, {'tag': 'div', 'src': None, 'aria_label': None, 'class': ['ad', 'cat_side1'], 'id': None, 'text': ''}, {'tag': 'div', 'src': None, 'aria_label': None, 'class': ['ad', 'allcats_side_btwn_1_2'], 'id': None, 'text': ''}, {'tag': 'div', 'src': None, 'aria_label': None, 'class': ['ad', 'cat_side2'], 'id': None, 'text': ''}, {'tag': 'div', 'src': None, 'aria_label': None, 'class': ['ad', 'cat_side3'], 'id': None, 'text': ''}]",-6,510,newsbook,news_listing
133,38,49,0,15,2,21,21,6452,934,16,6,"[{'tag': 'div', 'src': None, 'aria_label': None, 'class': ['ad', 'top_push_alt'], 'id': None, 'text': ''}, {'tag': 'div', 'src': None, 'aria_label': None, 'class': ['ad', 'top_push'], 'id': None, 'text': ''}, {'tag': 'div', 'src': None, 'aria_label': None, 'class': ['ad', 'cat_side1'], 'id': None, 'text': ''}, {'tag': 'div', 'src': None, 'aria_label': None, 'class': ['ad', 'allcats_side_btwn_1_2'], 'id': None, 'text': ''}, {'tag': 'div', 'src': None, 'aria_label': None, 'class': ['ad', 'cat_side2'], 'id': None, 'text': ''}, {'tag': 'div', 'src': None, 'aria_label': None, 'class': ['ad', 'cat_side3'], 'id': None, 'text': ''}]",-6,511,newsbook,news_listing
128,34,48,0,15,2,21,21,6483,978,16,6,"[{'tag': 'div', 'src': None, 'aria_label': None, 'class': ['ad', 'top_push_alt'], 'id': None, 'text': ''}, {'tag': 'div', 'src': None, 'aria_label': None, 'class': ['ad', 'top_push'], 'id': None, 'text': ''}, {'tag': 'div', 'src': None, 'aria_label': None, 'class': ['ad', 'cat_side1'], 'id': None, 'text': ''}, {'tag': 'div', 'src': None, 'aria_label': None, 'class': ['ad', 'allcats_side_btwn_1_2'], 'id': None, 'text': ''}, {'tag': 'div', 'src': None, 'aria_label': None, 'class': ['ad', 'cat_side2'], 'id': None, 'text': ''}, {'tag': 'div', 'src': None, 'aria_label': None, 'class': ['ad', 'cat_side3'], 'id': None, 'text': ''}]",-6,512,newsbook,news_listing
135,37,49,0,15,2,21,21,6725,996,16,6,"[{'tag': 'div', 'src': None, 'aria_label': None, 'class': ['ad', 'top_push_alt'], 'id': None, 'text': ''}, {'tag': 'div', 'src': None, 'aria_label': None, 'class': ['ad', 'top_push'], 'id': None, 'text': ''}, {'tag': 'div', 'src': None, 'aria_label': None, 'class': ['ad', 'cat_side1'], 'id': None, 'text': ''}, {'tag': 'div', 'src': None, 'aria_label': None, 'class': ['ad', 'allcats_side_btwn_1_2'], 'id': None, 'text': ''}, {'tag': 'div', 'src': None, 'aria_label': None, 'class': ['ad', 'cat_side2'], 'id': None, 'text': ''}, {'tag': 'div', 'src': None, 'aria_label': None, 'class': ['ad', 'cat_side3'], 'id': None, 'text': ''}]",-6,513,newsbook,news_listing
135,37,49,0,15,2,21,21,6725,996,16,6,"[{'tag': 'div', 'src': None, 'aria_label': None, 'class': ['ad', 'top_push_alt'], 'id': None, 'text': ''}, {'tag': 'div', 'src': None, 'aria_label': None, 'class': ['ad', 'top_push'], 'id': None, 'text': ''}, {'tag': 'div', 'src': None, 'aria_label': None, 'class': ['ad', 'cat_side1'], 'id': None, 'text': ''}, {'tag': 'div', 'src': None, 'aria_label': None, 'class': ['ad', 'allcats_side_btwn_1_2'], 'id': None, 'text': ''}, {'tag': 'div', 'src': None, 'aria_label': None, 'class': ['ad', 'cat_side2'], 'id': None, 'text': ''}, {'tag': 'div', 'src': None, 'aria_label': None, 'class': ['ad', 'cat_side3'], 'id': None, 'text': ''}]",-6,514,newsbook,news_listing
135,37,49,0,15,2,21,21,6725,996,16,6,"[{'tag': 'div', 'src': None, 'aria_label': None, 'class': ['ad', 'top_push_alt'], 'id': None, 'text': ''}, {'tag': 'div', 'src': None, 'aria_label': None, 'class': ['ad', 'top_push'], 'id': None, 'text': ''}, {'tag': 'div', 'src': None, 'aria_label': None, 'class': ['ad', 'cat_side1'], 'id': None, 'text': ''}, {'tag': 'div', 'src': None, 'aria_label': None, 'class': ['ad', 'allcats_side_btwn_1_2'], 'id': None, 'text': ''}, {'tag': 'div', 'src': None, 'aria_label': None, 'class': ['ad', 'cat_side2'], 'id': None, 'text': ''}, {'tag': 'div', 'src': None, 'aria_label': None, 'class': ['ad', 'cat_side3'], 'id': None, 'text': ''}]",-6,515,newsbook,news_listing
135,37,49,0,15,2,21,21,6725,996,16,6,"[{'tag': 'div', 'src': None, 'aria_label': None, 'class': ['ad', 'top_push_alt'], 'id': None, 'text': ''}, {'tag': 'div', 'src': None, 'aria_label': None, 'class': ['ad', 'top_push'], 'id': None, 'text': ''}, {'tag': 'div', 'src': None, 'aria_label': None, 'class': ['ad', 'cat_side1'], 'id': None, 'text': ''}, {'tag': 'div', 'src': None, 'aria_label': None, 'class': ['ad', 'allcats_side_btwn_1_2'], 'id': None, 'text': ''}, {'tag': 'div', 'src': None, 'aria_label': None, 'class': ['ad', 'cat_side2'], 'id': None, 'text': ''}, {'tag': 'div', 'src': None, 'aria_label': None, 'class': ['ad', 'cat_side3'], 'id': None, 'text': ''}]",-6,516,newsbook,news_listing
135,37,49,0,15,2,21,21,6725,996,16,6,"[{'tag': 'div', 'src': None, 'aria_label': None, 'class': ['ad', 'top_push_alt'], 'id': None, 'text': ''}, {'tag': 'div', 'src': None, 'aria_label': None, 'class': ['ad', 'top_push'], 'id': None, 'text': ''}, {'tag': 'div', 'src': None, 'aria_label': None, 'class': ['ad', 'cat_side1'], 'id': None, 'text': ''}, {'tag': 'div', 'src': None, 'aria_label': None, 'class': ['ad', 'allcats_side_btwn_1_2'], 'id': None, 'text': ''}, {'tag': 'div', 'src': None, 'aria_label': None, 'class': ['ad', 'cat_side2'], 'id': None, 'text': ''}, {'tag': 'div', 'src': None, 'aria_label': None, 'class': ['ad', 'cat_side3'], 'id': None, 'text': ''}]",-6,517,newsbook,news_listing
135,36,49,0,15,2,21,21,6576,953,16,6,"[{'tag': 'div', 'src': None, 'aria_label': None, 'class': ['ad', 'top_push_alt'], 'id': None, 'text': ''}, {'tag': 'div', 'src': None, 'aria_label': None, 'class': ['ad', 'top_push'], 'id': None, 'text': ''}, {'tag': 'div', 'src': None, 'aria_label': None, 'class': ['ad', 'cat_side1'], 'id': None, 'text': ''}, {'tag': 'div', 'src': None, 'aria_label': None, 'class': ['ad', 'allcats_side_btwn_1_2'], 'id': None, 'text': ''}, {'tag': 'div', 'src': None, 'aria_label': None, 'class': ['ad', 'cat_side2'], 'id': None, 'text': ''}, {'tag': 'div', 'src': None, 'aria_label': None, 'class': ['ad', 'cat_side3'], 'id': None, 'text': ''}]",-6,518,newsbook,news_listing
135,36,49,0,15,2,21,21,6576,953,16,6,"[{'tag': 'div', 'src': None, 'aria_label': None, 'class': ['ad', 'top_push_alt'], 'id': None, 'text': ''}, {'tag': 'div', 'src': None, 'aria_label': None, 'class': ['ad', 'top_push'], 'id': None, 'text': ''}, {'tag': 'div', 'src': None, 'aria_label': None, 'class': ['ad', 'cat_side1'], 'id': None, 'text': ''}, {'tag': 'div', 'src': None, 'aria_label': None, 'class': ['ad', 'allcats_side_btwn_1_2'], 'id': None, 'text': ''}, {'tag': 'div', 'src': None, 'aria_label': None, 'class': ['ad', 'cat_side2'], 'id': None, 'text': ''}, {'tag': 'div', 'src': None, 'aria_label': None, 'class': ['ad', 'cat_side3'], 'id': None, 'text': ''}]",-6,519,newsbook,news_listing
135,36,49,0,15,2,21,21,6576,953,16,6,"[{'tag': 'div', 'src': None, 'aria_label': None, 'class': ['ad', 'top_push_alt'], 'id': None, 'text': ''}, {'tag': 'div', 'src': None, 'aria_label': None, 'class': ['ad', 'top_push'], 'id': None, 'text': ''}, {'tag': 'div', 'src': None, 'aria_label': None, 'class': ['ad', 'cat_side1'], 'id': None, 'text': ''}, {'tag': 'div', 'src': None, 'aria_label': None, 'class': ['ad', 'allcats_side_btwn_1_2'], 'id': None, 'text': ''}, {'tag': 'div', 'src': None, 'aria_label': None, 'class': ['ad', 'cat_side2'], 'id': None, 'text': ''}, {'tag': 'div', 'src': None, 'aria_label': None, 'class': ['ad', 'cat_side3'], 'id': None, 'text': ''}]",-6,520,newsbook,news_listing
135,36,49,0,15,2,21,21,6576,953,16,6,"[{'tag': 'div', 'src': None, 'aria_label': None, 'class': ['ad', 'top_push_alt'], 'id': None, 'text': ''}, {'tag': 'div', 'src': None, 'aria_label': None, 'class': ['ad', 'top_push'], 'id': None, 'text': ''}, {'tag': 'div', 'src': None, 'aria_label': None, 'class': ['ad', 'cat_side1'], 'id': None, 'text': ''}, {'tag': 'div', 'src': None, 'aria_label': None, 'class': ['ad', 'allcats_side_btwn_1_2'], 'id': None, 'text': ''}, {'tag': 'div', 'src': None, 'aria_label': None, 'class': ['ad', 'cat_side2'], 'id': None, 'text': ''}, {'tag': 'div', 'src': None, 'aria_label': None, 'class': ['ad', 'cat_side3'], 'id': None, 'text': ''}]",-6,521,newsbook,news_listing
135,36,49,0,15,2,21,21,6576,953,16,6,"[{'tag': 'div', 'src': None, 'aria_label': None, 'class': ['ad', 'top_push_alt'], 'id': None, 'text': ''}, {'tag': 'div', 'src': None, 'aria_label': None, 'class': ['ad', 'top_push'], 'id': None, 'text': ''}, {'tag': 'div', 'src': None, 'aria_label': None, 'class': ['ad', 'cat_side1'], 'id': None, 'text': ''}, {'tag': 'div', 'src': None, 'aria_label': None, 'class': ['ad', 'allcats_side_btwn_1_2'], 'id': None, 'text': ''}, {'tag': 'div', 'src': None, 'aria_label': None, 'class': ['ad', 'cat_side2'], 'id': None, 'text': ''}, {'tag': 'div', 'src': None, 'aria_label': None, 'class': ['ad', 'cat_side3'], 'id': None, 'text': ''}]",-6,522,newsbook,news_listing
135,36,49,0,15,2,21,21,6534,952,16,6,"[{'tag': 'div', 'src': None, 'aria_label': None, 'class': ['ad', 'top_push_alt'], 'id': None, 'text': ''}, {'tag': 'div', 'src': None, 'aria_label': None, 'class': ['ad', 'top_push'], 'id': None, 'text': ''}, {'tag': 'div', 'src': None, 'aria_label': None, 'class': ['ad', 'cat_side1'], 'id': None, 'text': ''}, {'tag': 'div', 'src': None, 'aria_label': None, 'class': ['ad', 'allcats_side_btwn_1_2'], 'id': None, 'text': ''}, {'tag': 'div', 'src': None, 'aria_label': None, 'class': ['ad', 'cat_side2'], 'id': None, 'text': ''}, {'tag': 'div', 'src': None, 'aria_label': None, 'class': ['ad', 'cat_side3'], 'id': None, 'text': ''}]",-6,523,newsbook,news_listing
135,36,49,0,15,2,21,21,6534,952,16,6,"[{'tag': 'div', 'src': None, 'aria_label': None, 'class': ['ad', 'top_push_alt'], 'id': None, 'text': ''}, {'tag': 'div', 'src': None, 'aria_label': None, 'class': ['ad', 'top_push'], 'id': None, 'text': ''}, {'tag': 'div', 'src': None, 'aria_label': None, 'class': ['ad', 'cat_side1'], 'id': None, 'text': ''}, {'tag': 'div', 'src': None, 'aria_label': None, 'class': ['ad', 'allcats_side_btwn_1_2'], 'id': None, 'text': ''}, {'tag': 'div', 'src': None, 'aria_label': None, 'class': ['ad', 'cat_side2'], 'id': None, 'text': ''}, {'tag': 'div', 'src': None, 'aria_label': None, 'class': ['ad', 'cat_side3'], 'id': None, 'text': ''}]",-6,524,newsbook,news_listing
135,36,49,0,15,2,21,21,6534,952,16,6,"[{'tag': 'div', 'src': None, 'aria_label': None, 'class': ['ad', 'top_push_alt'], 'id': None, 'text': ''}, {'tag': 'div', 'src': None, 'aria_label': None, 'class': ['ad', 'top_push'], 'id': None, 'text': ''}, {'tag': 'div', 'src': None, 'aria_label': None, 'class': ['ad', 'cat_side1'], 'id': None, 'text': ''}, {'tag': 'div', 'src': None, 'aria_label': None, 'class': ['ad', 'allcats_side_btwn_1_2'], 'id': None, 'text': ''}, {'tag': 'div', 'src': None, 'aria_label': None, 'class': ['ad', 'cat_side2'], 'id': None, 'text': ''}, {'tag': 'div', 'src': None, 'aria_label': None, 'class': ['ad', 'cat_side3'], 'id': None, 'text': ''}]",-6,525,newsbook,news_listing
131,38,48,0,15,2,21,21,6745,1036,16,6,"[{'tag': 'div', 'src': None, 'aria_label': None, 'class': ['ad', 'top_push_alt'], 'id': None, 'text': ''}, {'tag': 'div', 'src': None, 'aria_label': None, 'class': ['ad', 'top_push'], 'id': None, 'text': ''}, {'tag': 'div', 'src': None, 'aria_label': None, 'class': ['ad', 'cat_side1'], 'id': None, 'text': ''}, {'tag': 'div', 'src': None, 'aria_label': None, 'class': ['ad', 'allcats_side_btwn_1_2'], 'id': None, 'text': ''}, {'tag': 'div', 'src': None, 'aria_label': None, 'class': ['ad', 'cat_side2'], 'id': None, 'text': ''}, {'tag': 'div', 'src': None, 'aria_label': None, 'class': ['ad', 'cat_side3'], 'id': None, 'text': ''}]",-6,526,newsbook,news_listing
131,38,48,0,15,2,21,21,6745,1036,16,6,"[{'tag': 'div', 'src': None, 'aria_label': None, 'class': ['ad', 'top_push_alt'], 'id': None, 'text': ''}, {'tag': 'div', 'src': None, 'aria_label': None, 'class': ['ad', 'top_push'], 'id': None, 'text': ''}, {'tag': 'div', 'src': None, 'aria_label': None, 'class': ['ad', 'cat_side1'], 'id': None, 'text': ''}, {'tag': 'div', 'src': None, 'aria_label': None, 'class': ['ad', 'allcats_side_btwn_1_2'], 'id': None, 'text': ''}, {'tag': 'div', 'src': None, 'aria_label': None, 'class': ['ad', 'cat_side2'], 'id': None, 'text': ''}, {'tag': 'div', 'src': None, 'aria_label': None, 'class': ['ad', 'cat_side3'], 'id': None, 'text': ''}]",-6,527,newsbook,news_listing
131,38,48,0,15,2,21,21,6745,1036,16,6,"[{'tag': 'div', 'src': None, 'aria_label': None, 'class': ['ad', 'top_push_alt'], 'id': None, 'text': ''}, {'tag': 'div', 'src': None, 'aria_label': None, 'class': ['ad', 'top_push'], 'id': None, 'text': ''}, {'tag': 'div', 'src': None, 'aria_label': None, 'class': ['ad', 'cat_side1'], 'id': None, 'text': ''}, {'tag': 'div', 'src': None, 'aria_label': None, 'class': ['ad', 'allcats_side_btwn_1_2'], 'id': None, 'text': ''}, {'tag': 'div', 'src': None, 'aria_label': None, 'class': ['ad', 'cat_side2'], 'id': None, 'text': ''}, {'tag': 'div', 'src': None, 'aria_label': None, 'class': ['ad', 'cat_side3'], 'id': None, 'text': ''}]",-6,528,newsbook,news_listing
131,38,48,0,15,2,21,21,6745,1036,16,6,"[{'tag': 'div', 'src': None, 'aria_label': None, 'class': ['ad', 'top_push_alt'], 'id': None, 'text': ''}, {'tag': 'div', 'src': None, 'aria_label': None, 'class': ['ad', 'top_push'], 'id': None, 'text': ''}, {'tag': 'div', 'src': None, 'aria_label': None, 'class': ['ad', 'cat_side1'], 'id': None, 'text': ''}, {'tag': 'div', 'src': None, 'aria_label': None, 'class': ['ad', 'allcats_side_btwn_1_2'], 'id': None, 'text': ''}, {'tag': 'div', 'src': None, 'aria_label': None, 'class': ['ad', 'cat_side2'], 'id': None, 'text': ''}, {'tag': 'div', 'src': None, 'aria_label': None, 'class': ['ad', 'cat_side3'], 'id': None, 'text': ''}]",-6,529,newsbook,news_listing
131,38,48,0,15,2,21,21,6745,1036,16,6,"[{'tag': 'div', 'src': None, 'aria_label': None, 'class': ['ad', 'top_push_alt'], 'id': None, 'text': ''}, {'tag': 'div', 'src': None, 'aria_label': None, 'class': ['ad', 'top_push'], 'id': None, 'text': ''}, {'tag': 'div', 'src': None, 'aria_label': None, 'class': ['ad', 'cat_side1'], 'id': None, 'text': ''}, {'tag': 'div', 'src': None, 'aria_label': None, 'class': ['ad', 'allcats_side_btwn_1_2'], 'id': None, 'text': ''}, {'tag': 'div', 'src': None, 'aria_label': None, 'class': ['ad', 'cat_side2'], 'id': None, 'text': ''}, {'tag': 'div', 'src': None, 'aria_label': None, 'class': ['ad', 'cat_side3'], 'id': None, 'text': ''}]",-6,530,newsbook,news_listing
131,38,48,0,15,2,21,21,6745,1036,16,6,"[{'tag': 'div', 'src': None, 'aria_label': None, 'class': ['ad', 'top_push_alt'], 'id': None, 'text': ''}, {'tag': 'div', 'src': None, 'aria_label': None, 'class': ['ad', 'top_push'], 'id': None, 'text': ''}, {'tag': 'div', 'src': None, 'aria_label': None, 'class': ['ad', 'cat_side1'], 'id': None, 'text': ''}, {'tag': 'div', 'src': None, 'aria_label': None, 'class': ['ad', 'allcats_side_btwn_1_2'], 'id': None, 'text': ''}, {'tag': 'div', 'src': None, 'aria_label': None, 'class': ['ad', 'cat_side2'], 'id': None, 'text': ''}, {'tag': 'div', 'src': None, 'aria_label': None, 'class': ['ad', 'cat_side3'], 'id': None, 'text': ''}]",-6,531,newsbook,news_listing
131,37,48,0,15,2,21,21,6267,970,16,6,"[{'tag': 'div', 'src': None, 'aria_label': None, 'class': ['ad', 'top_push_alt'], 'id': None, 'text': ''}, {'tag': 'div', 'src': None, 'aria_label': None, 'class': ['ad', 'top_push'], 'id': None, 'text': ''}, {'tag': 'div', 'src': None, 'aria_label': None, 'class': ['ad', 'cat_side1'], 'id': None, 'text': ''}, {'tag': 'div', 'src': None, 'aria_label': None, 'class': ['ad', 'allcats_side_btwn_1_2'], 'id': None, 'text': ''}, {'tag': 'div', 'src': None, 'aria_label': None, 'class': ['ad', 'cat_side2'], 'id': None, 'text': ''}, {'tag': 'div', 'src': None, 'aria_label': None, 'class': ['ad', 'cat_side3'], 'id': None, 'text': ''}]",-6,532,newsbook,news_listing
131,37,48,0,15,2,21,21,6267,970,16,6,"[{'tag': 'div', 'src': None, 'aria_label': None, 'class': ['ad', 'top_push_alt'], 'id': None, 'text': ''}, {'tag': 'div', 'src': None, 'aria_label': None, 'class': ['ad', 'top_push'], 'id': None, 'text': ''}, {'tag': 'div', 'src': None, 'aria_label': None, 'class': ['ad', 'cat_side1'], 'id': None, 'text': ''}, {'tag': 'div', 'src': None, 'aria_label': None, 'class': ['ad', 'allcats_side_btwn_1_2'], 'id': None, 'text': ''}, {'tag': 'div', 'src': None, 'aria_label': None, 'class': ['ad', 'cat_side2'], 'id': None, 'text': ''}, {'tag': 'div', 'src': None, 'aria_label': None, 'class': ['ad', 'cat_side3'], 'id': None, 'text': ''}]",-6,533,newsbook,news_listing
131,37,48,0,15,2,21,21,6267,970,16,6,"[{'tag': 'div', 'src': None, 'aria_label': None, 'class': ['ad', 'top_push_alt'], 'id': None, 'text': ''}, {'tag': 'div', 'src': None, 'aria_label': None, 'class': ['ad', 'top_push'], 'id': None, 'text': ''}, {'tag': 'div', 'src': None, 'aria_label': None, 'class': ['ad', 'cat_side1'], 'id': None, 'text': ''}, {'tag': 'div', 'src': None, 'aria_label': None, 'class': ['ad', 'allcats_side_btwn_1_2'], 'id': None, 'text': ''}, {'tag': 'div', 'src': None, 'aria_label': None, 'class': ['ad', 'cat_side2'], 'id': None, 'text': ''}, {'tag': 'div', 'src': None, 'aria_label': None, 'class': ['ad', 'cat_side3'], 'id': None, 'text': ''}]",-6,534,newsbook,news_listing
131,37,48,0,15,2,21,21,6267,970,16,6,"[{'tag': 'div', 'src': None, 'aria_label': None, 'class': ['ad', 'top_push_alt'], 'id': None, 'text': ''}, {'tag': 'div', 'src': None, 'aria_label': None, 'class': ['ad', 'top_push'], 'id': None, 'text': ''}, {'tag': 'div', 'src': None, 'aria_label': None, 'class': ['ad', 'cat_side1'], 'id': None, 'text': ''}, {'tag': 'div', 'src': None, 'aria_label': None, 'class': ['ad', 'allcats_side_btwn_1_2'], 'id': None, 'text': ''}, {'tag': 'div', 'src': None, 'aria_label': None, 'class': ['ad', 'cat_side2'], 'id': None, 'text': ''}, {'tag': 'div', 'src': None, 'aria_label': None, 'class': ['ad', 'cat_side3'], 'id': None, 'text': ''}]",-6,535,newsbook,news_listing
131,37,48,0,15,2,21,21,6267,970,16,6,"[{'tag': 'div', 'src': None, 'aria_label': None, 'class': ['ad', 'top_push_alt'], 'id': None, 'text': ''}, {'tag': 'div', 'src': None, 'aria_label': None, 'class': ['ad', 'top_push'], 'id': None, 'text': ''}, {'tag': 'div', 'src': None, 'aria_label': None, 'class': ['ad', 'cat_side1'], 'id': None, 'text': ''}, {'tag': 'div', 'src': None, 'aria_label': None, 'class': ['ad', 'allcats_side_btwn_1_2'], 'id': None, 'text': ''}, {'tag': 'div', 'src': None, 'aria_label': None, 'class': ['ad', 'cat_side2'], 'id': None, 'text': ''}, {'tag': 'div', 'src': None, 'aria_label': None, 'class': ['ad', 'cat_side3'], 'id': None, 'text': ''}]",-6,536,newsbook,news_listing
131,34,48,0,15,2,21,21,6551,1006,16,6,"[{'tag': 'div', 'src': None, 'aria_label': None, 'class': ['ad', 'top_push_alt'], 'id': None, 'text': ''}, {'tag': 'div', 'src': None, 'aria_label': None, 'class': ['ad', 'top_push'], 'id': None, 'text': ''}, {'tag': 'div', 'src': None, 'aria_label': None, 'class': ['ad', 'cat_side1'], 'id': None, 'text': ''}, {'tag': 'div', 'src': None, 'aria_label': None, 'class': ['ad', 'allcats_side_btwn_1_2'], 'id': None, 'text': ''}, {'tag': 'div', 'src': None, 'aria_label': None, 'class': ['ad', 'cat_side2'], 'id': None, 'text': ''}, {'tag': 'div', 'src': None, 'aria_label': None, 'class': ['ad', 'cat_side3'], 'id': None, 'text': ''}]",-6,537,newsbook,news_listing
131,34,48,0,15,2,21,21,6551,1006,16,6,"[{'tag': 'div', 'src': None, 'aria_label': None, 'class': ['ad', 'top_push_alt'], 'id': None, 'text': ''}, {'tag': 'div', 'src': None, 'aria_label': None, 'class': ['ad', 'top_push'], 'id': None, 'text': ''}, {'tag': 'div', 'src': None, 'aria_label': None, 'class': ['ad', 'cat_side1'], 'id': None, 'text': ''}, {'tag': 'div', 'src': None, 'aria_label': None, 'class': ['ad', 'allcats_side_btwn_1_2'], 'id': None, 'text': ''}, {'tag': 'div', 'src': None, 'aria_label': None, 'class': ['ad', 'cat_side2'], 'id': None, 'text': ''}, {'tag': 'div', 'src': None, 'aria_label': None, 'class': ['ad', 'cat_side3'], 'id': None, 'text': ''}]",-6,538,newsbook,news_listing
131,34,48,0,15,2,21,21,6551,1006,16,6,"[{'tag': 'div', 'src': None, 'aria_label': None, 'class': ['ad', 'top_push_alt'], 'id': None, 'text': ''}, {'tag': 'div', 'src': None, 'aria_label': None, 'class': ['ad', 'top_push'], 'id': None, 'text': ''}, {'tag': 'div', 'src': None, 'aria_label': None, 'class': ['ad', 'cat_side1'], 'id': None, 'text': ''}, {'tag': 'div', 'src': None, 'aria_label': None, 'class': ['ad', 'allcats_side_btwn_1_2'], 'id': None, 'text': ''}, {'tag': 'div', 'src': None, 'aria_label': None, 'class': ['ad', 'cat_side2'], 'id': None, 'text': ''}, {'tag': 'div', 'src': None, 'aria_label': None, 'class': ['ad', 'cat_side3'], 'id': None, 'text': ''}]",-6,539,newsbook,news_listing
131,34,48,0,15,2,21,21,6551,1006,16,6,"[{'tag': 'div', 'src': None, 'aria_label': None, 'class': ['ad', 'top_push_alt'], 'id': None, 'text': ''}, {'tag': 'div', 'src': None, 'aria_label': None, 'class': ['ad', 'top_push'], 'id': None, 'text': ''}, {'tag': 'div', 'src': None, 'aria_label': None, 'class': ['ad', 'cat_side1'], 'id': None, 'text': ''}, {'tag': 'div', 'src': None, 'aria_label': None, 'class': ['ad', 'allcats_side_btwn_1_2'], 'id': None, 'text': ''}, {'tag': 'div', 'src': None, 'aria_label': None, 'class': ['ad', 'cat_side2'], 'id': None, 'text': ''}, {'tag': 'div', 'src': None, 'aria_label': None, 'class': ['ad', 'cat_side3'], 'id': None, 'text': ''}]",-6,540,newsbook,news_listing
131,34,48,0,15,2,21,21,6551,1006,16,6,"[{'tag': 'div', 'src': None, 'aria_label': None, 'class': ['ad', 'top_push_alt'], 'id': None, 'text': ''}, {'tag': 'div', 'src': None, 'aria_label': None, 'class': ['ad', 'top_push'], 'id': None, 'text': ''}, {'tag': 'div', 'src': None, 'aria_label': None, 'class': ['ad', 'cat_side1'], 'id': None, 'text': ''}, {'tag': 'div', 'src': None, 'aria_label': None, 'class': ['ad', 'allcats_side_btwn_1_2'], 'id': None, 'text': ''}, {'tag': 'div', 'src': None, 'aria_label': None, 'class': ['ad', 'cat_side2'], 'id': None, 'text': ''}, {'tag': 'div', 'src': None, 'aria_label': None, 'class': ['ad', 'cat_side3'], 'id': None, 'text': ''}]",-6,541,newsbook,news_listing
109,32,52,0,15,2,38,10,10948,1673,20,8,"[{'tag': 'div', 'src': None, 'aria_label': None, 'class': ['ad', 'top_push_alt'], 'id': None, 'text': ''}, {'tag': 'div', 'src': None, 'aria_label': None, 'class': ['ad', 'top_push'], 'id': None, 'text': ''}, {'tag': 'div', 'src': None, 'aria_label': None, 'class': ['ad', 'cat_top'], 'id': None, 'text': ''}, {'tag': 'div', 'src': None, 'aria_label': None, 'class': ['ad', 'cat_foot'], 'id': None, 'text': ''}, {'tag': 'div', 'src': None, 'aria_label': None, 'class': ['ad', 'cat_side1'], 'id': None, 'text': ''}, {'tag': 'div', 'src': None, 'aria_label': None, 'class': ['ad', 'allcats_side_btwn_1_2'], 'id': None, 'text': ''}, {'tag': 'div', 'src': None, 'aria_label': None, 'class': ['ad', 'cat_side2'], 'id': None, 'text': ''}, {'tag': 'div', 'src': None, 'aria_label': None, 'class': ['ad', 'cat_side3'], 'id': None, 'text': ''}]",-8,542,newsbook,article_pages
109,32,52,0,15,2,38,10,10948,1673,20,8,"[{'tag': 'div', 'src': None, 'aria_label': None, 'class': ['ad', 'top_push_alt'], 'id': None, 'text': ''}, {'tag': 'div', 'src': None, 'aria_label': None, 'class': ['ad', 'top_push'], 'id': None, 'text': ''}, {'tag': 'div', 'src': None, 'aria_label': None, 'class': ['ad', 'cat_top'], 'id': None, 'text': ''}, {'tag': 'div', 'src': None, 'aria_label': None, 'class': ['ad', 'cat_foot'], 'id': None, 'text': ''}, {'tag': 'div', 'src': None, 'aria_label': None, 'class': ['ad', 'cat_side1'], 'id': None, 'text': ''}, {'tag': 'div', 'src': None, 'aria_label': None, 'class': ['ad', 'allcats_side_btwn_1_2'], 'id': None, 'text': ''}, {'tag': 'div', 'src': None, 'aria_label': None, 'class': ['ad', 'cat_side2'], 'id': None, 'text': ''}, {'tag': 'div', 'src': None, 'aria_label': None, 'class': ['ad', 'cat_side3'], 'id': None, 'text': ''}]",-8,543,newsbook,article_pages
109,32,52,0,15,2,38,10,10948,1673,20,8,"[{'tag': 'div', 'src': None, 'aria_label': None, 'class': ['ad', 'top_push_alt'], 'id': None, 'text': ''}, {'tag': 'div', 'src': None, 'aria_label': None, 'class': ['ad', 'top_push'], 'id': None, 'text': ''}, {'tag': 'div', 'src': None, 'aria_label': None, 'class': ['ad', 'cat_top'], 'id': None, 'text': ''}, {'tag': 'div', 'src': None, 'aria_label': None, 'class': ['ad', 'cat_foot'], 'id': None, 'text': ''}, {'tag': 'div', 'src': None, 'aria_label': None, 'class': ['ad', 'cat_side1'], 'id': None, 'text': ''}, {'tag': 'div', 'src': None, 'aria_label': None, 'class': ['ad', 'allcats_side_btwn_1_2'], 'id': None, 'text': ''}, {'tag': 'div', 'src': None, 'aria_label': None, 'class': ['ad', 'cat_side2'], 'id': None, 'text': ''}, {'tag': 'div', 'src': None, 'aria_label': None, 'class': ['ad', 'cat_side3'], 'id': None, 'text': ''}]",-8,544,newsbook,article_pages
109,32,52,0,15,2,38,10,10948,1673,20,8,"[{'tag': 'div', 'src': None, 'aria_label': None, 'class': ['ad', 'top_push_alt'], 'id': None, 'text': ''}, {'tag': 'div', 'src': None, 'aria_label': None, 'class': ['ad', 'top_push'], 'id': None, 'text': ''}, {'tag': 'div', 'src': None, 'aria_label': None, 'class': ['ad', 'cat_top'], 'id': None, 'text': ''}, {'tag': 'div', 'src': None, 'aria_label': None, 'class': ['ad', 'cat_foot'], 'id': None, 'text': ''}, {'tag': 'div', 'src': None, 'aria_label': None, 'class': ['ad', 'cat_side1'], 'id': None, 'text': ''}, {'tag': 'div', 'src': None, 'aria_label': None, 'class': ['ad', 'allcats_side_btwn_1_2'], 'id': None, 'text': ''}, {'tag': 'div', 'src': None, 'aria_label': None, 'class': ['ad', 'cat_side2'], 'id': None, 'text': ''}, {'tag': 'div', 'src': None, 'aria_label': None, 'class': ['ad', 'cat_side3'], 'id': None, 'text': ''}]",-8,545,newsbook,article_pages
109,32,52,0,15,2,38,10,10948,1673,20,8,"[{'tag': 'div', 'src': None, 'aria_label': None, 'class': ['ad', 'top_push_alt'], 'id': None, 'text': ''}, {'tag': 'div', 'src': None, 'aria_label': None, 'class': ['ad', 'top_push'], 'id': None, 'text': ''}, {'tag': 'div', 'src': None, 'aria_label': None, 'class': ['ad', 'cat_top'], 'id': None, 'text': ''}, {'tag': 'div', 'src': None, 'aria_label': None, 'class': ['ad', 'cat_foot'], 'id': None, 'text': ''}, {'tag': 'div', 'src': None, 'aria_label': None, 'class': ['ad', 'cat_side1'], 'id': None, 'text': ''}, {'tag': 'div', 'src': None, 'aria_label': None, 'class': ['ad', 'allcats_side_btwn_1_2'], 'id': None, 'text': ''}, {'tag': 'div', 'src': None, 'aria_label': None, 'class': ['ad', 'cat_side2'], 'id': None, 'text': ''}, {'tag': 'div', 'src': None, 'aria_label': None, 'class': ['ad', 'cat_side3'], 'id': None, 'text': ''}]",-8,546,newsbook,article_pages
109,32,52,0,15,2,38,10,10948,1673,20,8,"[{'tag': 'div', 'src': None, 'aria_label': None, 'class': ['ad', 'top_push_alt'], 'id': None, 'text': ''}, {'tag': 'div', 'src': None, 'aria_label': None, 'class': ['ad', 'top_push'], 'id': None, 'text': ''}, {'tag': 'div', 'src': None, 'aria_label': None, 'class': ['ad', 'cat_top'], 'id': None, 'text': ''}, {'tag': 'div', 'src': None, 'aria_label': None, 'class': ['ad', 'cat_foot'], 'id': None, 'text': ''}, {'tag': 'div', 'src': None, 'aria_label': None, 'class': ['ad', 'cat_side1'], 'id': None, 'text': ''}, {'tag': 'div', 'src': None, 'aria_label': None, 'class': ['ad', 'allcats_side_btwn_1_2'], 'id': None, 'text': ''}, {'tag': 'div', 'src': None, 'aria_label': None, 'class': ['ad', 'cat_side2'], 'id': None, 'text': ''}, {'tag': 'div', 'src': None, 'aria_label': None, 'class': ['ad', 'cat_side3'], 'id': None, 'text': ''}]",-8,547,newsbook,article_pages
109,32,52,0,15,2,38,10,10948,1673,20,8,"[{'tag': 'div', 'src': None, 'aria_label': None, 'class': ['ad', 'top_push_alt'], 'id': None, 'text': ''}, {'tag': 'div', 'src': None, 'aria_label': None, 'class': ['ad', 'top_push'], 'id': None, 'text': ''}, {'tag': 'div', 'src': None, 'aria_label': None, 'class': ['ad', 'cat_top'], 'id': None, 'text': ''}, {'tag': 'div', 'src': None, 'aria_label': None, 'class': ['ad', 'cat_foot'], 'id': None, 'text': ''}, {'tag': 'div', 'src': None, 'aria_label': None, 'class': ['ad', 'cat_side1'], 'id': None, 'text': ''}, {'tag': 'div', 'src': None, 'aria_label': None, 'class': ['ad', 'allcats_side_btwn_1_2'], 'id': None, 'text': ''}, {'tag': 'div', 'src': None, 'aria_label': None, 'class': ['ad', 'cat_side2'], 'id': None, 'text': ''}, {'tag': 'div', 'src': None, 'aria_label': None, 'class': ['ad', 'cat_side3'], 'id': None, 'text': ''}]",-8,548,newsbook,article_pages
109,32,52,0,15,2,38,10,10948,1673,20,8,"[{'tag': 'div', 'src': None, 'aria_label': None, 'class': ['ad', 'top_push_alt'], 'id': None, 'text': ''}, {'tag': 'div', 'src': None, 'aria_label': None, 'class': ['ad', 'top_push'], 'id': None, 'text': ''}, {'tag': 'div', 'src': None, 'aria_label': None, 'class': ['ad', 'cat_top'], 'id': None, 'text': ''}, {'tag': 'div', 'src': None, 'aria_label': None, 'class': ['ad', 'cat_foot'], 'id': None, 'text': ''}, {'tag': 'div', 'src': None, 'aria_label': None, 'class': ['ad', 'cat_side1'], 'id': None, 'text': ''}, {'tag': 'div', 'src': None, 'aria_label': None, 'class': ['ad', 'allcats_side_btwn_1_2'], 'id': None, 'text': ''}, {'tag': 'div', 'src': None, 'aria_label': None, 'class': ['ad', 'cat_side2'], 'id': None, 'text': ''}, {'tag': 'div', 'src': None, 'aria_label': None, 'class': ['ad', 'cat_side3'], 'id': None, 'text': ''}]",-8,549,newsbook,article_pages
109,32,52,0,15,2,38,10,10948,1673,20,8,"[{'tag': 'div', 'src': None, 'aria_label': None, 'class': ['ad', 'top_push_alt'], 'id': None, 'text': ''}, {'tag': 'div', 'src': None, 'aria_label': None, 'class': ['ad', 'top_push'], 'id': None, 'text': ''}, {'tag': 'div', 'src': None, 'aria_label': None, 'class': ['ad', 'cat_top'], 'id': None, 'text': ''}, {'tag': 'div', 'src': None, 'aria_label': None, 'class': ['ad', 'cat_foot'], 'id': None, 'text': ''}, {'tag': 'div', 'src': None, 'aria_label': None, 'class': ['ad', 'cat_side1'], 'id': None, 'text': ''}, {'tag': 'div', 'src': None, 'aria_label': None, 'class': ['ad', 'allcats_side_btwn_1_2'], 'id': None, 'text': ''}, {'tag': 'div', 'src': None, 'aria_label': None, 'class': ['ad', 'cat_side2'], 'id': None, 'text': ''}, {'tag': 'div', 'src': None, 'aria_label': None, 'class': ['ad', 'cat_side3'], 'id': None, 'text': ''}]",-8,550,newsbook,article_pages
109,32,52,0,15,2,38,10,10948,1673,20,8,"[{'tag': 'div', 'src': None, 'aria_label': None, 'class': ['ad', 'top_push_alt'], 'id': None, 'text': ''}, {'tag': 'div', 'src': None, 'aria_label': None, 'class': ['ad', 'top_push'], 'id': None, 'text': ''}, {'tag': 'div', 'src': None, 'aria_label': None, 'class': ['ad', 'cat_top'], 'id': None, 'text': ''}, {'tag': 'div', 'src': None, 'aria_label': None, 'class': ['ad', 'cat_foot'], 'id': None, 'text': ''}, {'tag': 'div', 'src': None, 'aria_label': None, 'class': ['ad', 'cat_side1'], 'id': None, 'text': ''}, {'tag': 'div', 'src': None, 'aria_label': None, 'class': ['ad', 'allcats_side_btwn_1_2'], 'id': None, 'text': ''}, {'tag': 'div', 'src': None, 'aria_label': None, 'class': ['ad', 'cat_side2'], 'id': None, 'text': ''}, {'tag': 'div', 'src': None, 'aria_label': None, 'class': ['ad', 'cat_side3'], 'id': None, 'text': ''}]",-8,551,newsbook,article_pages
133,36,53,0,15,2,29,16,7926,1206,20,8,"[{'tag': 'div', 'src': None, 'aria_label': None, 'class': ['ad', 'top_push_alt'], 'id': None, 'text': ''}, {'tag': 'div', 'src': None, 'aria_label': None, 'class': ['ad', 'top_push'], 'id': None, 'text': ''}, {'tag': 'div', 'src': None, 'aria_label': None, 'class': ['ad', 'cat_top'], 'id': None, 'text': ''}, {'tag': 'div', 'src': None, 'aria_label': None, 'class': ['ad', 'cat_foot'], 'id': None, 'text': ''}, {'tag': 'div', 'src': None, 'aria_label': None, 'class': ['ad', 'cat_side1'], 'id': None, 'text': ''}, {'tag': 'div', 'src': None, 'aria_label': None, 'class': ['ad', 'allcats_side_btwn_1_2'], 'id': None, 'text': ''}, {'tag': 'div', 'src': None, 'aria_label': None, 'class': ['ad', 'cat_side2'], 'id': None, 'text': ''}, {'tag': 'div', 'src': None, 'aria_label': None, 'class': ['ad', 'cat_side3'], 'id': None, 'text': ''}]",-8,552,newsbook,article_pages
133,36,53,0,15,2,29,16,7926,1206,20,8,"[{'tag': 'div', 'src': None, 'aria_label': None, 'class': ['ad', 'top_push_alt'], 'id': None, 'text': ''}, {'tag': 'div', 'src': None, 'aria_label': None, 'class': ['ad', 'top_push'], 'id': None, 'text': ''}, {'tag': 'div', 'src': None, 'aria_label': None, 'class': ['ad', 'cat_top'], 'id': None, 'text': ''}, {'tag': 'div', 'src': None, 'aria_label': None, 'class': ['ad', 'cat_foot'], 'id': None, 'text': ''}, {'tag': 'div', 'src': None, 'aria_label': None, 'class': ['ad', 'cat_side1'], 'id': None, 'text': ''}, {'tag': 'div', 'src': None, 'aria_label': None, 'class': ['ad', 'allcats_side_btwn_1_2'], 'id': None, 'text': ''}, {'tag': 'div', 'src': None, 'aria_label': None, 'class': ['ad', 'cat_side2'], 'id': None, 'text': ''}, {'tag': 'div', 'src': None, 'aria_label': None, 'class': ['ad', 'cat_side3'], 'id': None, 'text': ''}]",-8,553,newsbook,article_pages
133,36,53,0,15,2,29,16,7926,1206,20,8,"[{'tag': 'div', 'src': None, 'aria_label': None, 'class': ['ad', 'top_push_alt'], 'id': None, 'text': ''}, {'tag': 'div', 'src': None, 'aria_label': None, 'class': ['ad', 'top_push'], 'id': None, 'text': ''}, {'tag': 'div', 'src': None, 'aria_label': None, 'class': ['ad', 'cat_top'], 'id': None, 'text': ''}, {'tag': 'div', 'src': None, 'aria_label': None, 'class': ['ad', 'cat_foot'], 'id': None, 'text': ''}, {'tag': 'div', 'src': None, 'aria_label': None, 'class': ['ad', 'cat_side1'], 'id': None, 'text': ''}, {'tag': 'div', 'src': None, 'aria_label': None, 'class': ['ad', 'allcats_side_btwn_1_2'], 'id': None, 'text': ''}, {'tag': 'div', 'src': None, 'aria_label': None, 'class': ['ad', 'cat_side2'], 'id': None, 'text': ''}, {'tag': 'div', 'src': None, 'aria_label': None, 'class': ['ad', 'cat_side3'], 'id': None, 'text': ''}]",-8,554,newsbook,article_pages
133,36,53,0,15,2,29,16,7926,1206,20,8,"[{'tag': 'div', 'src': None, 'aria_label': None, 'class': ['ad', 'top_push_alt'], 'id': None, 'text': ''}, {'tag': 'div', 'src': None, 'aria_label': None, 'class': ['ad', 'top_push'], 'id': None, 'text': ''}, {'tag': 'div', 'src': None, 'aria_label': None, 'class': ['ad', 'cat_top'], 'id': None, 'text': ''}, {'tag': 'div', 'src': None, 'aria_label': None, 'class': ['ad', 'cat_foot'], 'id': None, 'text': ''}, {'tag': 'div', 'src': None, 'aria_label': None, 'class': ['ad', 'cat_side1'], 'id': None, 'text': ''}, {'tag': 'div', 'src': None, 'aria_label': None, 'class': ['ad', 'allcats_side_btwn_1_2'], 'id': None, 'text': ''}, {'tag': 'div', 'src': None, 'aria_label': None, 'class': ['ad', 'cat_side2'], 'id': None, 'text': ''}, {'tag': 'div', 'src': None, 'aria_label': None, 'class': ['ad', 'cat_side3'], 'id': None, 'text': ''}]",-8,555,newsbook,article_pages
133,36,53,0,15,2,29,16,7926,1206,20,8,"[{'tag': 'div', 'src': None, 'aria_label': None, 'class': ['ad', 'top_push_alt'], 'id': None, 'text': ''}, {'tag': 'div', 'src': None, 'aria_label': None, 'class': ['ad', 'top_push'], 'id': None, 'text': ''}, {'tag': 'div', 'src': None, 'aria_label': None, 'class': ['ad', 'cat_top'], 'id': None, 'text': ''}, {'tag': 'div', 'src': None, 'aria_label': None, 'class': ['ad', 'cat_foot'], 'id': None, 'text': ''}, {'tag': 'div', 'src': None, 'aria_label': None, 'class': ['ad', 'cat_side1'], 'id': None, 'text': ''}, {'tag': 'div', 'src': None, 'aria_label': None, 'class': ['ad', 'allcats_side_btwn_1_2'], 'id': None, 'text': ''}, {'tag': 'div', 'src': None, 'aria_label': None, 'class': ['ad', 'cat_side2'], 'id': None, 'text': ''}, {'tag': 'div', 'src': None, 'aria_label': None, 'class': ['ad', 'cat_side3'], 'id': None, 'text': ''}]",-8,556,newsbook,article_pages
133,36,53,0,15,2,29,16,7926,1206,20,8,"[{'tag': 'div', 'src': None, 'aria_label': None, 'class': ['ad', 'top_push_alt'], 'id': None, 'text': ''}, {'tag': 'div', 'src': None, 'aria_label': None, 'class': ['ad', 'top_push'], 'id': None, 'text': ''}, {'tag': 'div', 'src': None, 'aria_label': None, 'class': ['ad', 'cat_top'], 'id': None, 'text': ''}, {'tag': 'div', 'src': None, 'aria_label': None, 'class': ['ad', 'cat_foot'], 'id': None, 'text': ''}, {'tag': 'div', 'src': None, 'aria_label': None, 'class': ['ad', 'cat_side1'], 'id': None, 'text': ''}, {'tag': 'div', 'src': None, 'aria_label': None, 'class': ['ad', 'allcats_side_btwn_1_2'], 'id': None, 'text': ''}, {'tag': 'div', 'src': None, 'aria_label': None, 'class': ['ad', 'cat_side2'], 'id': None, 'text': ''}, {'tag': 'div', 'src': None, 'aria_label': None, 'class': ['ad', 'cat_side3'], 'id': None, 'text': ''}]",-8,557,newsbook,article_pages
133,36,53,0,15,2,29,16,7926,1206,20,8,"[{'tag': 'div', 'src': None, 'aria_label': None, 'class': ['ad', 'top_push_alt'], 'id': None, 'text': ''}, {'tag': 'div', 'src': None, 'aria_label': None, 'class': ['ad', 'top_push'], 'id': None, 'text': ''}, {'tag': 'div', 'src': None, 'aria_label': None, 'class': ['ad', 'cat_top'], 'id': None, 'text': ''}, {'tag': 'div', 'src': None, 'aria_label': None, 'class': ['ad', 'cat_foot'], 'id': None, 'text': ''}, {'tag': 'div', 'src': None, 'aria_label': None, 'class': ['ad', 'cat_side1'], 'id': None, 'text': ''}, {'tag': 'div', 'src': None, 'aria_label': None, 'class': ['ad', 'allcats_side_btwn_1_2'], 'id': None, 'text': ''}, {'tag': 'div', 'src': None, 'aria_label': None, 'class': ['ad', 'cat_side2'], 'id': None, 'text': ''}, {'tag': 'div', 'src': None, 'aria_label': None, 'class': ['ad', 'cat_side3'], 'id': None, 'text': ''}]",-8,558,newsbook,article_pages
133,36,53,0,15,2,29,16,7926,1206,20,8,"[{'tag': 'div', 'src': None, 'aria_label': None, 'class': ['ad', 'top_push_alt'], 'id': None, 'text': ''}, {'tag': 'div', 'src': None, 'aria_label': None, 'class': ['ad', 'top_push'], 'id': None, 'text': ''}, {'tag': 'div', 'src': None, 'aria_label': None, 'class': ['ad', 'cat_top'], 'id': None, 'text': ''}, {'tag': 'div', 'src': None, 'aria_label': None, 'class': ['ad', 'cat_foot'], 'id': None, 'text': ''}, {'tag': 'div', 'src': None, 'aria_label': None, 'class': ['ad', 'cat_side1'], 'id': None, 'text': ''}, {'tag': 'div', 'src': None, 'aria_label': None, 'class': ['ad', 'allcats_side_btwn_1_2'], 'id': None, 'text': ''}, {'tag': 'div', 'src': None, 'aria_label': None, 'class': ['ad', 'cat_side2'], 'id': None, 'text': ''}, {'tag': 'div', 'src': None, 'aria_label': None, 'class': ['ad', 'cat_side3'], 'id': None, 'text': ''}]",-8,559,newsbook,article_pages
136,40,53,1,15,2,28,19,7785,1186,20,8,"[{'tag': 'div', 'src': None, 'aria_label': None, 'class': ['ad', 'top_push_alt'], 'id': None, 'text': ''}, {'tag': 'div', 'src': None, 'aria_label': None, 'class': ['ad', 'top_push'], 'id': None, 'text': ''}, {'tag': 'div', 'src': None, 'aria_label': None, 'class': ['ad', 'cat_top'], 'id': None, 'text': ''}, {'tag': 'div', 'src': None, 'aria_label': None, 'class': ['ad', 'cat_foot'], 'id': None, 'text': ''}, {'tag': 'div', 'src': None, 'aria_label': None, 'class': ['ad', 'cat_side1'], 'id': None, 'text': ''}, {'tag': 'div', 'src': None, 'aria_label': None, 'class': ['ad', 'allcats_side_btwn_1_2'], 'id': None, 'text': ''}, {'tag': 'div', 'src': None, 'aria_label': None, 'class': ['ad', 'cat_side2'], 'id': None, 'text': ''}, {'tag': 'div', 'src': None, 'aria_label': None, 'class': ['ad', 'cat_side3'], 'id': None, 'text': ''}]",-7,560,newsbook,article_pages
136,40,53,1,15,2,28,19,7785,1186,20,8,"[{'tag': 'div', 'src': None, 'aria_label': None, 'class': ['ad', 'top_push_alt'], 'id': None, 'text': ''}, {'tag': 'div', 'src': None, 'aria_label': None, 'class': ['ad', 'top_push'], 'id': None, 'text': ''}, {'tag': 'div', 'src': None, 'aria_label': None, 'class': ['ad', 'cat_top'], 'id': None, 'text': ''}, {'tag': 'div', 'src': None, 'aria_label': None, 'class': ['ad', 'cat_foot'], 'id': None, 'text': ''}, {'tag': 'div', 'src': None, 'aria_label': None, 'class': ['ad', 'cat_side1'], 'id': None, 'text': ''}, {'tag': 'div', 'src': None, 'aria_label': None, 'class': ['ad', 'allcats_side_btwn_1_2'], 'id': None, 'text': ''}, {'tag': 'div', 'src': None, 'aria_label': None, 'class': ['ad', 'cat_side2'], 'id': None, 'text': ''}, {'tag': 'div', 'src': None, 'aria_label': None, 'class': ['ad', 'cat_side3'], 'id': None, 'text': ''}]",-7,561,newsbook,article_pages
136,40,53,1,15,2,28,19,7785,1186,20,8,"[{'tag': 'div', 'src': None, 'aria_label': None, 'class': ['ad', 'top_push_alt'], 'id': None, 'text': ''}, {'tag': 'div', 'src': None, 'aria_label': None, 'class': ['ad', 'top_push'], 'id': None, 'text': ''}, {'tag': 'div', 'src': None, 'aria_label': None, 'class': ['ad', 'cat_top'], 'id': None, 'text': ''}, {'tag': 'div', 'src': None, 'aria_label': None, 'class': ['ad', 'cat_foot'], 'id': None, 'text': ''}, {'tag': 'div', 'src': None, 'aria_label': None, 'class': ['ad', 'cat_side1'], 'id': None, 'text': ''}, {'tag': 'div', 'src': None, 'aria_label': None, 'class': ['ad', 'allcats_side_btwn_1_2'], 'id': None, 'text': ''}, {'tag': 'div', 'src': None, 'aria_label': None, 'class': ['ad', 'cat_side2'], 'id': None, 'text': ''}, {'tag': 'div', 'src': None, 'aria_label': None, 'class': ['ad', 'cat_side3'], 'id': None, 'text': ''}]",-7,562,newsbook,article_pages
136,40,53,1,15,2,28,19,7785,1186,20,8,"[{'tag': 'div', 'src': None, 'aria_label': None, 'class': ['ad', 'top_push_alt'], 'id': None, 'text': ''}, {'tag': 'div', 'src': None, 'aria_label': None, 'class': ['ad', 'top_push'], 'id': None, 'text': ''}, {'tag': 'div', 'src': None, 'aria_label': None, 'class': ['ad', 'cat_top'], 'id': None, 'text': ''}, {'tag': 'div', 'src': None, 'aria_label': None, 'class': ['ad', 'cat_foot'], 'id': None, 'text': ''}, {'tag': 'div', 'src': None, 'aria_label': None, 'class': ['ad', 'cat_side1'], 'id': None, 'text': ''}, {'tag': 'div', 'src': None, 'aria_label': None, 'class': ['ad', 'allcats_side_btwn_1_2'], 'id': None, 'text': ''}, {'tag': 'div', 'src': None, 'aria_label': None, 'class': ['ad', 'cat_side2'], 'id': None, 'text': ''}, {'tag': 'div', 'src': None, 'aria_label': None, 'class': ['ad', 'cat_side3'], 'id': None, 'text': ''}]",-7,563,newsbook,article_pages
136,40,53,1,15,2,28,19,7785,1186,20,8,"[{'tag': 'div', 'src': None, 'aria_label': None, 'class': ['ad', 'top_push_alt'], 'id': None, 'text': ''}, {'tag': 'div', 'src': None, 'aria_label': None, 'class': ['ad', 'top_push'], 'id': None, 'text': ''}, {'tag': 'div', 'src': None, 'aria_label': None, 'class': ['ad', 'cat_top'], 'id': None, 'text': ''}, {'tag': 'div', 'src': None, 'aria_label': None, 'class': ['ad', 'cat_foot'], 'id': None, 'text': ''}, {'tag': 'div', 'src': None, 'aria_label': None, 'class': ['ad', 'cat_side1'], 'id': None, 'text': ''}, {'tag': 'div', 'src': None, 'aria_label': None, 'class': ['ad', 'allcats_side_btwn_1_2'], 'id': None, 'text': ''}, {'tag': 'div', 'src': None, 'aria_label': None, 'class': ['ad', 'cat_side2'], 'id': None, 'text': ''}, {'tag': 'div', 'src': None, 'aria_label': None, 'class': ['ad', 'cat_side3'], 'id': None, 'text': ''}]",-7,564,newsbook,article_pages
136,40,53,1,15,2,28,19,7785,1186,20,8,"[{'tag': 'div', 'src': None, 'aria_label': None, 'class': ['ad', 'top_push_alt'], 'id': None, 'text': ''}, {'tag': 'div', 'src': None, 'aria_label': None, 'class': ['ad', 'top_push'], 'id': None, 'text': ''}, {'tag': 'div', 'src': None, 'aria_label': None, 'class': ['ad', 'cat_top'], 'id': None, 'text': ''}, {'tag': 'div', 'src': None, 'aria_label': None, 'class': ['ad', 'cat_foot'], 'id': None, 'text': ''}, {'tag': 'div', 'src': None, 'aria_label': None, 'class': ['ad', 'cat_side1'], 'id': None, 'text': ''}, {'tag': 'div', 'src': None, 'aria_label': None, 'class': ['ad', 'allcats_side_btwn_1_2'], 'id': None, 'text': ''}, {'tag': 'div', 'src': None, 'aria_label': None, 'class': ['ad', 'cat_side2'], 'id': None, 'text': ''}, {'tag': 'div', 'src': None, 'aria_label': None, 'class': ['ad', 'cat_side3'], 'id': None, 'text': ''}]",-7,565,newsbook,article_pages
136,40,53,1,15,2,28,19,7785,1186,20,8,"[{'tag': 'div', 'src': None, 'aria_label': None, 'class': ['ad', 'top_push_alt'], 'id': None, 'text': ''}, {'tag': 'div', 'src': None, 'aria_label': None, 'class': ['ad', 'top_push'], 'id': None, 'text': ''}, {'tag': 'div', 'src': None, 'aria_label': None, 'class': ['ad', 'cat_top'], 'id': None, 'text': ''}, {'tag': 'div', 'src': None, 'aria_label': None, 'class': ['ad', 'cat_foot'], 'id': None, 'text': ''}, {'tag': 'div', 'src': None, 'aria_label': None, 'class': ['ad', 'cat_side1'], 'id': None, 'text': ''}, {'tag': 'div', 'src': None, 'aria_label': None, 'class': ['ad', 'allcats_side_btwn_1_2'], 'id': None, 'text': ''}, {'tag': 'div', 'src': None, 'aria_label': None, 'class': ['ad', 'cat_side2'], 'id': None, 'text': ''}, {'tag': 'div', 'src': None, 'aria_label': None, 'class': ['ad', 'cat_side3'], 'id': None, 'text': ''}]",-7,566,newsbook,article_pages
136,40,53,1,15,2,28,19,7785,1186,20,8,"[{'tag': 'div', 'src': None, 'aria_label': None, 'class': ['ad', 'top_push_alt'], 'id': None, 'text': ''}, {'tag': 'div', 'src': None, 'aria_label': None, 'class': ['ad', 'top_push'], 'id': None, 'text': ''}, {'tag': 'div', 'src': None, 'aria_label': None, 'class': ['ad', 'cat_top'], 'id': None, 'text': ''}, {'tag': 'div', 'src': None, 'aria_label': None, 'class': ['ad', 'cat_foot'], 'id': None, 'text': ''}, {'tag': 'div', 'src': None, 'aria_label': None, 'class': ['ad', 'cat_side1'], 'id': None, 'text': ''}, {'tag': 'div', 'src': None, 'aria_label': None, 'class': ['ad', 'allcats_side_btwn_1_2'], 'id': None, 'text': ''}, {'tag': 'div', 'src': None, 'aria_label': None, 'class': ['ad', 'cat_side2'], 'id': None, 'text': ''}, {'tag': 'div', 'src': None, 'aria_label': None, 'class': ['ad', 'cat_side3'], 'id': None, 'text': ''}]",-7,567,newsbook,article_pages
108,30,52,0,15,2,25,9,6700,1016,20,8,"[{'tag': 'div', 'src': None, 'aria_label': None, 'class': ['ad', 'top_push_alt'], 'id': None, 'text': ''}, {'tag': 'div', 'src': None, 'aria_label': None, 'class': ['ad', 'top_push'], 'id': None, 'text': ''}, {'tag': 'div', 'src': None, 'aria_label': None, 'class': ['ad', 'cat_top'], 'id': None, 'text': ''}, {'tag': 'div', 'src': None, 'aria_label': None, 'class': ['ad', 'cat_foot'], 'id': None, 'text': ''}, {'tag': 'div', 'src': None, 'aria_label': None, 'class': ['ad', 'cat_side1'], 'id': None, 'text': ''}, {'tag': 'div', 'src': None, 'aria_label': None, 'class': ['ad', 'allcats_side_btwn_1_2'], 'id': None, 'text': ''}, {'tag': 'div', 'src': None, 'aria_label': None, 'class': ['ad', 'cat_side2'], 'id': None, 'text': ''}, {'tag': 'div', 'src': None, 'aria_label': None, 'class': ['ad', 'cat_side3'], 'id': None, 'text': ''}]",-8,568,newsbook,article_pages
108,30,52,0,15,2,25,9,6700,1016,20,8,"[{'tag': 'div', 'src': None, 'aria_label': None, 'class': ['ad', 'top_push_alt'], 'id': None, 'text': ''}, {'tag': 'div', 'src': None, 'aria_label': None, 'class': ['ad', 'top_push'], 'id': None, 'text': ''}, {'tag': 'div', 'src': None, 'aria_label': None, 'class': ['ad', 'cat_top'], 'id': None, 'text': ''}, {'tag': 'div', 'src': None, 'aria_label': None, 'class': ['ad', 'cat_foot'], 'id': None, 'text': ''}, {'tag': 'div', 'src': None, 'aria_label': None, 'class': ['ad', 'cat_side1'], 'id': None, 'text': ''}, {'tag': 'div', 'src': None, 'aria_label': None, 'class': ['ad', 'allcats_side_btwn_1_2'], 'id': None, 'text': ''}, {'tag': 'div', 'src': None, 'aria_label': None, 'class': ['ad', 'cat_side2'], 'id': None, 'text': ''}, {'tag': 'div', 'src': None, 'aria_label': None, 'class': ['ad', 'cat_side3'], 'id': None, 'text': ''}]",-8,569,newsbook,article_pages
108,30,52,0,15,2,25,9,6700,1016,20,8,"[{'tag': 'div', 'src': None, 'aria_label': None, 'class': ['ad', 'top_push_alt'], 'id': None, 'text': ''}, {'tag': 'div', 'src': None, 'aria_label': None, 'class': ['ad', 'top_push'], 'id': None, 'text': ''}, {'tag': 'div', 'src': None, 'aria_label': None, 'class': ['ad', 'cat_top'], 'id': None, 'text': ''}, {'tag': 'div', 'src': None, 'aria_label': None, 'class': ['ad', 'cat_foot'], 'id': None, 'text': ''}, {'tag': 'div', 'src': None, 'aria_label': None, 'class': ['ad', 'cat_side1'], 'id': None, 'text': ''}, {'tag': 'div', 'src': None, 'aria_label': None, 'class': ['ad', 'allcats_side_btwn_1_2'], 'id': None, 'text': ''}, {'tag': 'div', 'src': None, 'aria_label': None, 'class': ['ad', 'cat_side2'], 'id': None, 'text': ''}, {'tag': 'div', 'src': None, 'aria_label': None, 'class': ['ad', 'cat_side3'], 'id': None, 'text': ''}]",-8,570,newsbook,article_pages
108,30,52,0,15,2,25,9,6700,1016,20,8,"[{'tag': 'div', 'src': None, 'aria_label': None, 'class': ['ad', 'top_push_alt'], 'id': None, 'text': ''}, {'tag': 'div', 'src': None, 'aria_label': None, 'class': ['ad', 'top_push'], 'id': None, 'text': ''}, {'tag': 'div', 'src': None, 'aria_label': None, 'class': ['ad', 'cat_top'], 'id': None, 'text': ''}, {'tag': 'div', 'src': None, 'aria_label': None, 'class': ['ad', 'cat_foot'], 'id': None, 'text': ''}, {'tag': 'div', 'src': None, 'aria_label': None, 'class': ['ad', 'cat_side1'], 'id': None, 'text': ''}, {'tag': 'div', 'src': None, 'aria_label': None, 'class': ['ad', 'allcats_side_btwn_1_2'], 'id': None, 'text': ''}, {'tag': 'div', 'src': None, 'aria_label': None, 'class': ['ad', 'cat_side2'], 'id': None, 'text': ''}, {'tag': 'div', 'src': None, 'aria_label': None, 'class': ['ad', 'cat_side3'], 'id': None, 'text': ''}]",-8,571,newsbook,article_pages
108,30,52,0,15,2,25,9,6700,1016,20,8,"[{'tag': 'div', 'src': None, 'aria_label': None, 'class': ['ad', 'top_push_alt'], 'id': None, 'text': ''}, {'tag': 'div', 'src': None, 'aria_label': None, 'class': ['ad', 'top_push'], 'id': None, 'text': ''}, {'tag': 'div', 'src': None, 'aria_label': None, 'class': ['ad', 'cat_top'], 'id': None, 'text': ''}, {'tag': 'div', 'src': None, 'aria_label': None, 'class': ['ad', 'cat_foot'], 'id': None, 'text': ''}, {'tag': 'div', 'src': None, 'aria_label': None, 'class': ['ad', 'cat_side1'], 'id': None, 'text': ''}, {'tag': 'div', 'src': None, 'aria_label': None, 'class': ['ad', 'allcats_side_btwn_1_2'], 'id': None, 'text': ''}, {'tag': 'div', 'src': None, 'aria_label': None, 'class': ['ad', 'cat_side2'], 'id': None, 'text': ''}, {'tag': 'div', 'src': None, 'aria_label': None, 'class': ['ad', 'cat_side3'], 'id': None, 'text': ''}]",-8,572,newsbook,article_pages
108,30,52,0,15,2,25,9,6700,1016,20,8,"[{'tag': 'div', 'src': None, 'aria_label': None, 'class': ['ad', 'top_push_alt'], 'id': None, 'text': ''}, {'tag': 'div', 'src': None, 'aria_label': None, 'class': ['ad', 'top_push'], 'id': None, 'text': ''}, {'tag': 'div', 'src': None, 'aria_label': None, 'class': ['ad', 'cat_top'], 'id': None, 'text': ''}, {'tag': 'div', 'src': None, 'aria_label': None, 'class': ['ad', 'cat_foot'], 'id': None, 'text': ''}, {'tag': 'div', 'src': None, 'aria_label': None, 'class': ['ad', 'cat_side1'], 'id': None, 'text': ''}, {'tag': 'div', 'src': None, 'aria_label': None, 'class': ['ad', 'allcats_side_btwn_1_2'], 'id': None, 'text': ''}, {'tag': 'div', 'src': None, 'aria_label': None, 'class': ['ad', 'cat_side2'], 'id': None, 'text': ''}, {'tag': 'div', 'src': None, 'aria_label': None, 'class': ['ad', 'cat_side3'], 'id': None, 'text': ''}]",-8,573,newsbook,article_pages
108,30,52,0,15,2,25,9,6700,1016,20,8,"[{'tag': 'div', 'src': None, 'aria_label': None, 'class': ['ad', 'top_push_alt'], 'id': None, 'text': ''}, {'tag': 'div', 'src': None, 'aria_label': None, 'class': ['ad', 'top_push'], 'id': None, 'text': ''}, {'tag': 'div', 'src': None, 'aria_label': None, 'class': ['ad', 'cat_top'], 'id': None, 'text': ''}, {'tag': 'div', 'src': None, 'aria_label': None, 'class': ['ad', 'cat_foot'], 'id': None, 'text': ''}, {'tag': 'div', 'src': None, 'aria_label': None, 'class': ['ad', 'cat_side1'], 'id': None, 'text': ''}, {'tag': 'div', 'src': None, 'aria_label': None, 'class': ['ad', 'allcats_side_btwn_1_2'], 'id': None, 'text': ''}, {'tag': 'div', 'src': None, 'aria_label': None, 'class': ['ad', 'cat_side2'], 'id': None, 'text': ''}, {'tag': 'div', 'src': None, 'aria_label': None, 'class': ['ad', 'cat_side3'], 'id': None, 'text': ''}]",-8,574,newsbook,article_pages
108,30,52,0,15,2,25,9,6700,1016,20,8,"[{'tag': 'div', 'src': None, 'aria_label': None, 'class': ['ad', 'top_push_alt'], 'id': None, 'text': ''}, {'tag': 'div', 'src': None, 'aria_label': None, 'class': ['ad', 'top_push'], 'id': None, 'text': ''}, {'tag': 'div', 'src': None, 'aria_label': None, 'class': ['ad', 'cat_top'], 'id': None, 'text': ''}, {'tag': 'div', 'src': None, 'aria_label': None, 'class': ['ad', 'cat_foot'], 'id': None, 'text': ''}, {'tag': 'div', 'src': None, 'aria_label': None, 'class': ['ad', 'cat_side1'], 'id': None, 'text': ''}, {'tag': 'div', 'src': None, 'aria_label': None, 'class': ['ad', 'allcats_side_btwn_1_2'], 'id': None, 'text': ''}, {'tag': 'div', 'src': None, 'aria_label': None, 'class': ['ad', 'cat_side2'], 'id': None, 'text': ''}, {'tag': 'div', 'src': None, 'aria_label': None, 'class': ['ad', 'cat_side3'], 'id': None, 'text': ''}]",-8,575,newsbook,article_pages
106,29,52,0,15,2,32,9,9153,1389,20,8,"[{'tag': 'div', 'src': None, 'aria_label': None, 'class': ['ad', 'top_push_alt'], 'id': None, 'text': ''}, {'tag': 'div', 'src': None, 'aria_label': None, 'class': ['ad', 'top_push'], 'id': None, 'text': ''}, {'tag': 'div', 'src': None, 'aria_label': None, 'class': ['ad', 'cat_top'], 'id': None, 'text': ''}, {'tag': 'div', 'src': None, 'aria_label': None, 'class': ['ad', 'cat_foot'], 'id': None, 'text': ''}, {'tag': 'div', 'src': None, 'aria_label': None, 'class': ['ad', 'cat_side1'], 'id': None, 'text': ''}, {'tag': 'div', 'src': None, 'aria_label': None, 'class': ['ad', 'allcats_side_btwn_1_2'], 'id': None, 'text': ''}, {'tag': 'div', 'src': None, 'aria_label': None, 'class': ['ad', 'cat_side2'], 'id': None, 'text': ''}, {'tag': 'div', 'src': None, 'aria_label': None, 'class': ['ad', 'cat_side3'], 'id': None, 'text': ''}]",-8,576,newsbook,article_pages
106,29,52,0,15,2,32,9,9153,1389,20,8,"[{'tag': 'div', 'src': None, 'aria_label': None, 'class': ['ad', 'top_push_alt'], 'id': None, 'text': ''}, {'tag': 'div', 'src': None, 'aria_label': None, 'class': ['ad', 'top_push'], 'id': None, 'text': ''}, {'tag': 'div', 'src': None, 'aria_label': None, 'class': ['ad', 'cat_top'], 'id': None, 'text': ''}, {'tag': 'div', 'src': None, 'aria_label': None, 'class': ['ad', 'cat_foot'], 'id': None, 'text': ''}, {'tag': 'div', 'src': None, 'aria_label': None, 'class': ['ad', 'cat_side1'], 'id': None, 'text': ''}, {'tag': 'div', 'src': None, 'aria_label': None, 'class': ['ad', 'allcats_side_btwn_1_2'], 'id': None, 'text': ''}, {'tag': 'div', 'src': None, 'aria_label': None, 'class': ['ad', 'cat_side2'], 'id': None, 'text': ''}, {'tag': 'div', 'src': None, 'aria_label': None, 'class': ['ad', 'cat_side3'], 'id': None, 'text': ''}]",-8,577,newsbook,article_pages
106,29,52,0,15,2,32,9,9153,1389,20,8,"[{'tag': 'div', 'src': None, 'aria_label': None, 'class': ['ad', 'top_push_alt'], 'id': None, 'text': ''}, {'tag': 'div', 'src': None, 'aria_label': None, 'class': ['ad', 'top_push'], 'id': None, 'text': ''}, {'tag': 'div', 'src': None, 'aria_label': None, 'class': ['ad', 'cat_top'], 'id': None, 'text': ''}, {'tag': 'div', 'src': None, 'aria_label': None, 'class': ['ad', 'cat_foot'], 'id': None, 'text': ''}, {'tag': 'div', 'src': None, 'aria_label': None, 'class': ['ad', 'cat_side1'], 'id': None, 'text': ''}, {'tag': 'div', 'src': None, 'aria_label': None, 'class': ['ad', 'allcats_side_btwn_1_2'], 'id': None, 'text': ''}, {'tag': 'div', 'src': None, 'aria_label': None, 'class': ['ad', 'cat_side2'], 'id': None, 'text': ''}, {'tag': 'div', 'src': None, 'aria_label': None, 'class': ['ad', 'cat_side3'], 'id': None, 'text': ''}]",-8,578,newsbook,article_pages
106,29,52,0,15,2,32,9,9153,1389,20,8,"[{'tag': 'div', 'src': None, 'aria_label': None, 'class': ['ad', 'top_push_alt'], 'id': None, 'text': ''}, {'tag': 'div', 'src': None, 'aria_label': None, 'class': ['ad', 'top_push'], 'id': None, 'text': ''}, {'tag': 'div', 'src': None, 'aria_label': None, 'class': ['ad', 'cat_top'], 'id': None, 'text': ''}, {'tag': 'div', 'src': None, 'aria_label': None, 'class': ['ad', 'cat_foot'], 'id': None, 'text': ''}, {'tag': 'div', 'src': None, 'aria_label': None, 'class': ['ad', 'cat_side1'], 'id': None, 'text': ''}, {'tag': 'div', 'src': None, 'aria_label': None, 'class': ['ad', 'allcats_side_btwn_1_2'], 'id': None, 'text': ''}, {'tag': 'div', 'src': None, 'aria_label': None, 'class': ['ad', 'cat_side2'], 'id': None, 'text': ''}, {'tag': 'div', 'src': None, 'aria_label': None, 'class': ['ad', 'cat_side3'], 'id': None, 'text': ''}]",-8,579,newsbook,article_pages
106,29,52,0,15,2,32,9,9153,1389,20,8,"[{'tag': 'div', 'src': None, 'aria_label': None, 'class': ['ad', 'top_push_alt'], 'id': None, 'text': ''}, {'tag': 'div', 'src': None, 'aria_label': None, 'class': ['ad', 'top_push'], 'id': None, 'text': ''}, {'tag': 'div', 'src': None, 'aria_label': None, 'class': ['ad', 'cat_top'], 'id': None, 'text': ''}, {'tag': 'div', 'src': None, 'aria_label': None, 'class': ['ad', 'cat_foot'], 'id': None, 'text': ''}, {'tag': 'div', 'src': None, 'aria_label': None, 'class': ['ad', 'cat_side1'], 'id': None, 'text': ''}, {'tag': 'div', 'src': None, 'aria_label': None, 'class': ['ad', 'allcats_side_btwn_1_2'], 'id': None, 'text': ''}, {'tag': 'div', 'src': None, 'aria_label': None, 'class': ['ad', 'cat_side2'], 'id': None, 'text': ''}, {'tag': 'div', 'src': None, 'aria_label': None, 'class': ['ad', 'cat_side3'], 'id': None, 'text': ''}]",-8,580,newsbook,article_pages
138,40,53,0,15,2,32,19,8354,1318,20,8,"[{'tag': 'div', 'src': None, 'aria_label': None, 'class': ['ad', 'top_push_alt'], 'id': None, 'text': ''}, {'tag': 'div', 'src': None, 'aria_label': None, 'class': ['ad', 'top_push'], 'id': None, 'text': ''}, {'tag': 'div', 'src': None, 'aria_label': None, 'class': ['ad', 'cat_top'], 'id': None, 'text': ''}, {'tag': 'div', 'src': None, 'aria_label': None, 'class': ['ad', 'cat_foot'], 'id': None, 'text': ''}, {'tag': 'div', 'src': None, 'aria_label': None, 'class': ['ad', 'cat_side1'], 'id': None, 'text': ''}, {'tag': 'div', 'src': None, 'aria_label': None, 'class': ['ad', 'allcats_side_btwn_1_2'], 'id': None, 'text': ''}, {'tag': 'div', 'src': None, 'aria_label': None, 'class': ['ad', 'cat_side2'], 'id': None, 'text': ''}, {'tag': 'div', 'src': None, 'aria_label': None, 'class': ['ad', 'cat_side3'], 'id': None, 'text': ''}]",-8,581,newsbook,article_pages
138,40,53,0,15,2,32,19,8354,1318,20,8,"[{'tag': 'div', 'src': None, 'aria_label': None, 'class': ['ad', 'top_push_alt'], 'id': None, 'text': ''}, {'tag': 'div', 'src': None, 'aria_label': None, 'class': ['ad', 'top_push'], 'id': None, 'text': ''}, {'tag': 'div', 'src': None, 'aria_label': None, 'class': ['ad', 'cat_top'], 'id': None, 'text': ''}, {'tag': 'div', 'src': None, 'aria_label': None, 'class': ['ad', 'cat_foot'], 'id': None, 'text': ''}, {'tag': 'div', 'src': None, 'aria_label': None, 'class': ['ad', 'cat_side1'], 'id': None, 'text': ''}, {'tag': 'div', 'src': None, 'aria_label': None, 'class': ['ad', 'allcats_side_btwn_1_2'], 'id': None, 'text': ''}, {'tag': 'div', 'src': None, 'aria_label': None, 'class': ['ad', 'cat_side2'], 'id': None, 'text': ''}, {'tag': 'div', 'src': None, 'aria_label': None, 'class': ['ad', 'cat_side3'], 'id': None, 'text': ''}]",-8,582,newsbook,article_pages
138,40,53,0,15,2,32,19,8354,1318,20,8,"[{'tag': 'div', 'src': None, 'aria_label': None, 'class': ['ad', 'top_push_alt'], 'id': None, 'text': ''}, {'tag': 'div', 'src': None, 'aria_label': None, 'class': ['ad', 'top_push'], 'id': None, 'text': ''}, {'tag': 'div', 'src': None, 'aria_label': None, 'class': ['ad', 'cat_top'], 'id': None, 'text': ''}, {'tag': 'div', 'src': None, 'aria_label': None, 'class': ['ad', 'cat_foot'], 'id': None, 'text': ''}, {'tag': 'div', 'src': None, 'aria_label': None, 'class': ['ad', 'cat_side1'], 'id': None, 'text': ''}, {'tag': 'div', 'src': None, 'aria_label': None, 'class': ['ad', 'allcats_side_btwn_1_2'], 'id': None, 'text': ''}, {'tag': 'div', 'src': None, 'aria_label': None, 'class': ['ad', 'cat_side2'], 'id': None, 'text': ''}, {'tag': 'div', 'src': None, 'aria_label': None, 'class': ['ad', 'cat_side3'], 'id': None, 'text': ''}]",-8,583,newsbook,article_pages
138,40,53,0,15,2,32,19,8354,1318,20,8,"[{'tag': 'div', 'src': None, 'aria_label': None, 'class': ['ad', 'top_push_alt'], 'id': None, 'text': ''}, {'tag': 'div', 'src': None, 'aria_label': None, 'class': ['ad', 'top_push'], 'id': None, 'text': ''}, {'tag': 'div', 'src': None, 'aria_label': None, 'class': ['ad', 'cat_top'], 'id': None, 'text': ''}, {'tag': 'div', 'src': None, 'aria_label': None, 'class': ['ad', 'cat_foot'], 'id': None, 'text': ''}, {'tag': 'div', 'src': None, 'aria_label': None, 'class': ['ad', 'cat_side1'], 'id': None, 'text': ''}, {'tag': 'div', 'src': None, 'aria_label': None, 'class': ['ad', 'allcats_side_btwn_1_2'], 'id': None, 'text': ''}, {'tag': 'div', 'src': None, 'aria_label': None, 'class': ['ad', 'cat_side2'], 'id': None, 'text': ''}, {'tag': 'div', 'src': None, 'aria_label': None, 'class': ['ad', 'cat_side3'], 'id': None, 'text': ''}]",-8,584,newsbook,article_pages
138,40,53,0,15,2,32,19,8354,1318,20,8,"[{'tag': 'div', 'src': None, 'aria_label': None, 'class': ['ad', 'top_push_alt'], 'id': None, 'text': ''}, {'tag': 'div', 'src': None, 'aria_label': None, 'class': ['ad', 'top_push'], 'id': None, 'text': ''}, {'tag': 'div', 'src': None, 'aria_label': None, 'class': ['ad', 'cat_top'], 'id': None, 'text': ''}, {'tag': 'div', 'src': None, 'aria_label': None, 'class': ['ad', 'cat_foot'], 'id': None, 'text': ''}, {'tag': 'div', 'src': None, 'aria_label': None, 'class': ['ad', 'cat_side1'], 'id': None, 'text': ''}, {'tag': 'div', 'src': None, 'aria_label': None, 'class': ['ad', 'allcats_side_btwn_1_2'], 'id': None, 'text': ''}, {'tag': 'div', 'src': None, 'aria_label': None, 'class': ['ad', 'cat_side2'], 'id': None, 'text': ''}, {'tag': 'div', 'src': None, 'aria_label': None, 'class': ['ad', 'cat_side3'], 'id': None, 'text': ''}]",-8,585,newsbook,article_pages
138,40,53,0,15,2,32,19,8354,1318,20,8,"[{'tag': 'div', 'src': None, 'aria_label': None, 'class': ['ad', 'top_push_alt'], 'id': None, 'text': ''}, {'tag': 'div', 'src': None, 'aria_label': None, 'class': ['ad', 'top_push'], 'id': None, 'text': ''}, {'tag': 'div', 'src': None, 'aria_label': None, 'class': ['ad', 'cat_top'], 'id': None, 'text': ''}, {'tag': 'div', 'src': None, 'aria_label': None, 'class': ['ad', 'cat_foot'], 'id': None, 'text': ''}, {'tag': 'div', 'src': None, 'aria_label': None, 'class': ['ad', 'cat_side1'], 'id': None, 'text': ''}, {'tag': 'div', 'src': None, 'aria_label': None, 'class': ['ad', 'allcats_side_btwn_1_2'], 'id': None, 'text': ''}, {'tag': 'div', 'src': None, 'aria_label': None, 'class': ['ad', 'cat_side2'], 'id': None, 'text': ''}, {'tag': 'div', 'src': None, 'aria_label': None, 'class': ['ad', 'cat_side3'], 'id': None, 'text': ''}]",-8,586,newsbook,article_pages
138,40,53,0,15,2,32,19,8354,1318,20,8,"[{'tag': 'div', 'src': None, 'aria_label': None, 'class': ['ad', 'top_push_alt'], 'id': None, 'text': ''}, {'tag': 'div', 'src': None, 'aria_label': None, 'class': ['ad', 'top_push'], 'id': None, 'text': ''}, {'tag': 'div', 'src': None, 'aria_label': None, 'class': ['ad', 'cat_top'], 'id': None, 'text': ''}, {'tag': 'div', 'src': None, 'aria_label': None, 'class': ['ad', 'cat_foot'], 'id': None, 'text': ''}, {'tag': 'div', 'src': None, 'aria_label': None, 'class': ['ad', 'cat_side1'], 'id': None, 'text': ''}, {'tag': 'div', 'src': None, 'aria_label': None, 'class': ['ad', 'allcats_side_btwn_1_2'], 'id': None, 'text': ''}, {'tag': 'div', 'src': None, 'aria_label': None, 'class': ['ad', 'cat_side2'], 'id': None, 'text': ''}, {'tag': 'div', 'src': None, 'aria_label': None, 'class': ['ad', 'cat_side3'], 'id': None, 'text': ''}]",-8,587,newsbook,article_pages
138,40,53,0,15,2,32,19,8354,1318,20,8,"[{'tag': 'div', 'src': None, 'aria_label': None, 'class': ['ad', 'top_push_alt'], 'id': None, 'text': ''}, {'tag': 'div', 'src': None, 'aria_label': None, 'class': ['ad', 'top_push'], 'id': None, 'text': ''}, {'tag': 'div', 'src': None, 'aria_label': None, 'class': ['ad', 'cat_top'], 'id': None, 'text': ''}, {'tag': 'div', 'src': None, 'aria_label': None, 'class': ['ad', 'cat_foot'], 'id': None, 'text': ''}, {'tag': 'div', 'src': None, 'aria_label': None, 'class': ['ad', 'cat_side1'], 'id': None, 'text': ''}, {'tag': 'div', 'src': None, 'aria_label': None, 'class': ['ad', 'allcats_side_btwn_1_2'], 'id': None, 'text': ''}, {'tag': 'div', 'src': None, 'aria_label': None, 'class': ['ad', 'cat_side2'], 'id': None, 'text': ''}, {'tag': 'div', 'src': None, 'aria_label': None, 'class': ['ad', 'cat_side3'], 'id': None, 'text': ''}]",-8,588,newsbook,article_pages
107,29,52,0,15,2,31,9,8431,1319,20,8,"[{'tag': 'div', 'src': None, 'aria_label': None, 'class': ['ad', 'top_push_alt'], 'id': None, 'text': ''}, {'tag': 'div', 'src': None, 'aria_label': None, 'class': ['ad', 'top_push'], 'id': None, 'text': ''}, {'tag': 'div', 'src': None, 'aria_label': None, 'class': ['ad', 'cat_top'], 'id': None, 'text': ''}, {'tag': 'div', 'src': None, 'aria_label': None, 'class': ['ad', 'cat_foot'], 'id': None, 'text': ''}, {'tag': 'div', 'src': None, 'aria_label': None, 'class': ['ad', 'cat_side1'], 'id': None, 'text': ''}, {'tag': 'div', 'src': None, 'aria_label': None, 'class': ['ad', 'allcats_side_btwn_1_2'], 'id': None, 'text': ''}, {'tag': 'div', 'src': None, 'aria_label': None, 'class': ['ad', 'cat_side2'], 'id': None, 'text': ''}, {'tag': 'div', 'src': None, 'aria_label': None, 'class': ['ad', 'cat_side3'], 'id': None, 'text': ''}]",-8,589,newsbook,article_pages
107,29,52,0,15,2,31,9,8431,1319,20,8,"[{'tag': 'div', 'src': None, 'aria_label': None, 'class': ['ad', 'top_push_alt'], 'id': None, 'text': ''}, {'tag': 'div', 'src': None, 'aria_label': None, 'class': ['ad', 'top_push'], 'id': None, 'text': ''}, {'tag': 'div', 'src': None, 'aria_label': None, 'class': ['ad', 'cat_top'], 'id': None, 'text': ''}, {'tag': 'div', 'src': None, 'aria_label': None, 'class': ['ad', 'cat_foot'], 'id': None, 'text': ''}, {'tag': 'div', 'src': None, 'aria_label': None, 'class': ['ad', 'cat_side1'], 'id': None, 'text': ''}, {'tag': 'div', 'src': None, 'aria_label': None, 'class': ['ad', 'allcats_side_btwn_1_2'], 'id': None, 'text': ''}, {'tag': 'div', 'src': None, 'aria_label': None, 'class': ['ad', 'cat_side2'], 'id': None, 'text': ''}, {'tag': 'div', 'src': None, 'aria_label': None, 'class': ['ad', 'cat_side3'], 'id': None, 'text': ''}]",-8,590,newsbook,article_pages
107,29,52,0,15,2,31,9,8431,1319,20,8,"[{'tag': 'div', 'src': None, 'aria_label': None, 'class': ['ad', 'top_push_alt'], 'id': None, 'text': ''}, {'tag': 'div', 'src': None, 'aria_label': None, 'class': ['ad', 'top_push'], 'id': None, 'text': ''}, {'tag': 'div', 'src': None, 'aria_label': None, 'class': ['ad', 'cat_top'], 'id': None, 'text': ''}, {'tag': 'div', 'src': None, 'aria_label': None, 'class': ['ad', 'cat_foot'], 'id': None, 'text': ''}, {'tag': 'div', 'src': None, 'aria_label': None, 'class': ['ad', 'cat_side1'], 'id': None, 'text': ''}, {'tag': 'div', 'src': None, 'aria_label': None, 'class': ['ad', 'allcats_side_btwn_1_2'], 'id': None, 'text': ''}, {'tag': 'div', 'src': None, 'aria_label': None, 'class': ['ad', 'cat_side2'], 'id': None, 'text': ''}, {'tag': 'div', 'src': None, 'aria_label': None, 'class': ['ad', 'cat_side3'], 'id': None, 'text': ''}]",-8,591,newsbook,article_pages
107,29,52,0,15,2,31,9,8431,1319,20,8,"[{'tag': 'div', 'src': None, 'aria_label': None, 'class': ['ad', 'top_push_alt'], 'id': None, 'text': ''}, {'tag': 'div', 'src': None, 'aria_label': None, 'class': ['ad', 'top_push'], 'id': None, 'text': ''}, {'tag': 'div', 'src': None, 'aria_label': None, 'class': ['ad', 'cat_top'], 'id': None, 'text': ''}, {'tag': 'div', 'src': None, 'aria_label': None, 'class': ['ad', 'cat_foot'], 'id': None, 'text': ''}, {'tag': 'div', 'src': None, 'aria_label': None, 'class': ['ad', 'cat_side1'], 'id': None, 'text': ''}, {'tag': 'div', 'src': None, 'aria_label': None, 'class': ['ad', 'allcats_side_btwn_1_2'], 'id': None, 'text': ''}, {'tag': 'div', 'src': None, 'aria_label': None, 'class': ['ad', 'cat_side2'], 'id': None, 'text': ''}, {'tag': 'div', 'src': None, 'aria_label': None, 'class': ['ad', 'cat_side3'], 'id': None, 'text': ''}]",-8,592,newsbook,article_pages
107,29,52,0,15,2,31,9,8431,1319,20,8,"[{'tag': 'div', 'src': None, 'aria_label': None, 'class': ['ad', 'top_push_alt'], 'id': None, 'text': ''}, {'tag': 'div', 'src': None, 'aria_label': None, 'class': ['ad', 'top_push'], 'id': None, 'text': ''}, {'tag': 'div', 'src': None, 'aria_label': None, 'class': ['ad', 'cat_top'], 'id': None, 'text': ''}, {'tag': 'div', 'src': None, 'aria_label': None, 'class': ['ad', 'cat_foot'], 'id': None, 'text': ''}, {'tag': 'div', 'src': None, 'aria_label': None, 'class': ['ad', 'cat_side1'], 'id': None, 'text': ''}, {'tag': 'div', 'src': None, 'aria_label': None, 'class': ['ad', 'allcats_side_btwn_1_2'], 'id': None, 'text': ''}, {'tag': 'div', 'src': None, 'aria_label': None, 'class': ['ad', 'cat_side2'], 'id': None, 'text': ''}, {'tag': 'div', 'src': None, 'aria_label': None, 'class': ['ad', 'cat_side3'], 'id': None, 'text': ''}]",-8,593,newsbook,article_pages
107,29,52,0,15,2,31,9,8431,1319,20,8,"[{'tag': 'div', 'src': None, 'aria_label': None, 'class': ['ad', 'top_push_alt'], 'id': None, 'text': ''}, {'tag': 'div', 'src': None, 'aria_label': None, 'class': ['ad', 'top_push'], 'id': None, 'text': ''}, {'tag': 'div', 'src': None, 'aria_label': None, 'class': ['ad', 'cat_top'], 'id': None, 'text': ''}, {'tag': 'div', 'src': None, 'aria_label': None, 'class': ['ad', 'cat_foot'], 'id': None, 'text': ''}, {'tag': 'div', 'src': None, 'aria_label': None, 'class': ['ad', 'cat_side1'], 'id': None, 'text': ''}, {'tag': 'div', 'src': None, 'aria_label': None, 'class': ['ad', 'allcats_side_btwn_1_2'], 'id': None, 'text': ''}, {'tag': 'div', 'src': None, 'aria_label': None, 'class': ['ad', 'cat_side2'], 'id': None, 'text': ''}, {'tag': 'div', 'src': None, 'aria_label': None, 'class': ['ad', 'cat_side3'], 'id': None, 'text': ''}]",-8,594,newsbook,article_pages
107,29,52,0,15,2,31,9,8431,1319,20,8,"[{'tag': 'div', 'src': None, 'aria_label': None, 'class': ['ad', 'top_push_alt'], 'id': None, 'text': ''}, {'tag': 'div', 'src': None, 'aria_label': None, 'class': ['ad', 'top_push'], 'id': None, 'text': ''}, {'tag': 'div', 'src': None, 'aria_label': None, 'class': ['ad', 'cat_top'], 'id': None, 'text': ''}, {'tag': 'div', 'src': None, 'aria_label': None, 'class': ['ad', 'cat_foot'], 'id': None, 'text': ''}, {'tag': 'div', 'src': None, 'aria_label': None, 'class': ['ad', 'cat_side1'], 'id': None, 'text': ''}, {'tag': 'div', 'src': None, 'aria_label': None, 'class': ['ad', 'allcats_side_btwn_1_2'], 'id': None, 'text': ''}, {'tag': 'div', 'src': None, 'aria_label': None, 'class': ['ad', 'cat_side2'], 'id': None, 'text': ''}, {'tag': 'div', 'src': None, 'aria_label': None, 'class': ['ad', 'cat_side3'], 'id': None, 'text': ''}]",-8,595,newsbook,article_pages
107,29,52,0,15,2,31,9,8431,1319,20,8,"[{'tag': 'div', 'src': None, 'aria_label': None, 'class': ['ad', 'top_push_alt'], 'id': None, 'text': ''}, {'tag': 'div', 'src': None, 'aria_label': None, 'class': ['ad', 'top_push'], 'id': None, 'text': ''}, {'tag': 'div', 'src': None, 'aria_label': None, 'class': ['ad', 'cat_top'], 'id': None, 'text': ''}, {'tag': 'div', 'src': None, 'aria_label': None, 'class': ['ad', 'cat_foot'], 'id': None, 'text': ''}, {'tag': 'div', 'src': None, 'aria_label': None, 'class': ['ad', 'cat_side1'], 'id': None, 'text': ''}, {'tag': 'div', 'src': None, 'aria_label': None, 'class': ['ad', 'allcats_side_btwn_1_2'], 'id': None, 'text': ''}, {'tag': 'div', 'src': None, 'aria_label': None, 'class': ['ad', 'cat_side2'], 'id': None, 'text': ''}, {'tag': 'div', 'src': None, 'aria_label': None, 'class': ['ad', 'cat_side3'], 'id': None, 'text': ''}]",-8,596,newsbook,article_pages
115,32,53,0,15,2,29,12,7506,1070,20,8,"[{'tag': 'div', 'src': None, 'aria_label': None, 'class': ['ad', 'top_push_alt'], 'id': None, 'text': ''}, {'tag': 'div', 'src': None, 'aria_label': None, 'class': ['ad', 'top_push'], 'id': None, 'text': ''}, {'tag': 'div', 'src': None, 'aria_label': None, 'class': ['ad', 'cat_top'], 'id': None, 'text': ''}, {'tag': 'div', 'src': None, 'aria_label': None, 'class': ['ad', 'cat_foot'], 'id': None, 'text': ''}, {'tag': 'div', 'src': None, 'aria_label': None, 'class': ['ad', 'cat_side1'], 'id': None, 'text': ''}, {'tag': 'div', 'src': None, 'aria_label': None, 'class': ['ad', 'allcats_side_btwn_1_2'], 'id': None, 'text': ''}, {'tag': 'div', 'src': None, 'aria_label': None, 'class': ['ad', 'cat_side2'], 'id': None, 'text': ''}, {'tag': 'div', 'src': None, 'aria_label': None, 'class': ['ad', 'cat_side3'], 'id': None, 'text': ''}]",-8,597,newsbook,article_pages
115,32,53,0,15,2,29,12,7506,1070,20,8,"[{'tag': 'div', 'src': None, 'aria_label': None, 'class': ['ad', 'top_push_alt'], 'id': None, 'text': ''}, {'tag': 'div', 'src': None, 'aria_label': None, 'class': ['ad', 'top_push'], 'id': None, 'text': ''}, {'tag': 'div', 'src': None, 'aria_label': None, 'class': ['ad', 'cat_top'], 'id': None, 'text': ''}, {'tag': 'div', 'src': None, 'aria_label': None, 'class': ['ad', 'cat_foot'], 'id': None, 'text': ''}, {'tag': 'div', 'src': None, 'aria_label': None, 'class': ['ad', 'cat_side1'], 'id': None, 'text': ''}, {'tag': 'div', 'src': None, 'aria_label': None, 'class': ['ad', 'allcats_side_btwn_1_2'], 'id': None, 'text': ''}, {'tag': 'div', 'src': None, 'aria_label': None, 'class': ['ad', 'cat_side2'], 'id': None, 'text': ''}, {'tag': 'div', 'src': None, 'aria_label': None, 'class': ['ad', 'cat_side3'], 'id': None, 'text': ''}]",-8,598,newsbook,article_pages
115,32,53,0,15,2,29,12,7506,1070,20,8,"[{'tag': 'div', 'src': None, 'aria_label': None, 'class': ['ad', 'top_push_alt'], 'id': None, 'text': ''}, {'tag': 'div', 'src': None, 'aria_label': None, 'class': ['ad', 'top_push'], 'id': None, 'text': ''}, {'tag': 'div', 'src': None, 'aria_label': None, 'class': ['ad', 'cat_top'], 'id': None, 'text': ''}, {'tag': 'div', 'src': None, 'aria_label': None, 'class': ['ad', 'cat_foot'], 'id': None, 'text': ''}, {'tag': 'div', 'src': None, 'aria_label': None, 'class': ['ad', 'cat_side1'], 'id': None, 'text': ''}, {'tag': 'div', 'src': None, 'aria_label': None, 'class': ['ad', 'allcats_side_btwn_1_2'], 'id': None, 'text': ''}, {'tag': 'div', 'src': None, 'aria_label': None, 'class': ['ad', 'cat_side2'], 'id': None, 'text': ''}, {'tag': 'div', 'src': None, 'aria_label': None, 'class': ['ad', 'cat_side3'], 'id': None, 'text': ''}]",-8,599,newsbook,article_pages
115,32,53,0,15,2,29,12,7506,1070,20,8,"[{'tag': 'div', 'src': None, 'aria_label': None, 'class': ['ad', 'top_push_alt'], 'id': None, 'text': ''}, {'tag': 'div', 'src': None, 'aria_label': None, 'class': ['ad', 'top_push'], 'id': None, 'text': ''}, {'tag': 'div', 'src': None, 'aria_label': None, 'class': ['ad', 'cat_top'], 'id': None, 'text': ''}, {'tag': 'div', 'src': None, 'aria_label': None, 'class': ['ad', 'cat_foot'], 'id': None, 'text': ''}, {'tag': 'div', 'src': None, 'aria_label': None, 'class': ['ad', 'cat_side1'], 'id': None, 'text': ''}, {'tag': 'div', 'src': None, 'aria_label': None, 'class': ['ad', 'allcats_side_btwn_1_2'], 'id': None, 'text': ''}, {'tag': 'div', 'src': None, 'aria_label': None, 'class': ['ad', 'cat_side2'], 'id': None, 'text': ''}, {'tag': 'div', 'src': None, 'aria_label': None, 'class': ['ad', 'cat_side3'], 'id': None, 'text': ''}]",-8,600,newsbook,article_pages
115,32,53,0,15,2,29,12,7506,1070,20,8,"[{'tag': 'div', 'src': None, 'aria_label': None, 'class': ['ad', 'top_push_alt'], 'id': None, 'text': ''}, {'tag': 'div', 'src': None, 'aria_label': None, 'class': ['ad', 'top_push'], 'id': None, 'text': ''}, {'tag': 'div', 'src': None, 'aria_label': None, 'class': ['ad', 'cat_top'], 'id': None, 'text': ''}, {'tag': 'div', 'src': None, 'aria_label': None, 'class': ['ad', 'cat_foot'], 'id': None, 'text': ''}, {'tag': 'div', 'src': None, 'aria_label': None, 'class': ['ad', 'cat_side1'], 'id': None, 'text': ''}, {'tag': 'div', 'src': None, 'aria_label': None, 'class': ['ad', 'allcats_side_btwn_1_2'], 'id': None, 'text': ''}, {'tag': 'div', 'src': None, 'aria_label': None, 'class': ['ad', 'cat_side2'], 'id': None, 'text': ''}, {'tag': 'div', 'src': None, 'aria_label': None, 'class': ['ad', 'cat_side3'], 'id': None, 'text': ''}]",-8,601,newsbook,article_pages
115,32,53,0,15,2,29,12,7506,1070,20,8,"[{'tag': 'div', 'src': None, 'aria_label': None, 'class': ['ad', 'top_push_alt'], 'id': None, 'text': ''}, {'tag': 'div', 'src': None, 'aria_label': None, 'class': ['ad', 'top_push'], 'id': None, 'text': ''}, {'tag': 'div', 'src': None, 'aria_label': None, 'class': ['ad', 'cat_top'], 'id': None, 'text': ''}, {'tag': 'div', 'src': None, 'aria_label': None, 'class': ['ad', 'cat_foot'], 'id': None, 'text': ''}, {'tag': 'div', 'src': None, 'aria_label': None, 'class': ['ad', 'cat_side1'], 'id': None, 'text': ''}, {'tag': 'div', 'src': None, 'aria_label': None, 'class': ['ad', 'allcats_side_btwn_1_2'], 'id': None, 'text': ''}, {'tag': 'div', 'src': None, 'aria_label': None, 'class': ['ad', 'cat_side2'], 'id': None, 'text': ''}, {'tag': 'div', 'src': None, 'aria_label': None, 'class': ['ad', 'cat_side3'], 'id': None, 'text': ''}]",-8,602,newsbook,article_pages
121,35,53,0,15,2,24,12,6833,990,20,8,"[{'tag': 'div', 'src': None, 'aria_label': None, 'class': ['ad', 'top_push_alt'], 'id': None, 'text': ''}, {'tag': 'div', 'src': None, 'aria_label': None, 'class': ['ad', 'top_push'], 'id': None, 'text': ''}, {'tag': 'div', 'src': None, 'aria_label': None, 'class': ['ad', 'cat_top'], 'id': None, 'text': ''}, {'tag': 'div', 'src': None, 'aria_label': None, 'class': ['ad', 'cat_foot'], 'id': None, 'text': ''}, {'tag': 'div', 'src': None, 'aria_label': None, 'class': ['ad', 'cat_side1'], 'id': None, 'text': ''}, {'tag': 'div', 'src': None, 'aria_label': None, 'class': ['ad', 'allcats_side_btwn_1_2'], 'id': None, 'text': ''}, {'tag': 'div', 'src': None, 'aria_label': None, 'class': ['ad', 'cat_side2'], 'id': None, 'text': ''}, {'tag': 'div', 'src': None, 'aria_label': None, 'class': ['ad', 'cat_side3'], 'id': None, 'text': ''}]",-8,603,newsbook,article_pages
121,35,53,0,15,2,24,12,6833,990,20,8,"[{'tag': 'div', 'src': None, 'aria_label': None, 'class': ['ad', 'top_push_alt'], 'id': None, 'text': ''}, {'tag': 'div', 'src': None, 'aria_label': None, 'class': ['ad', 'top_push'], 'id': None, 'text': ''}, {'tag': 'div', 'src': None, 'aria_label': None, 'class': ['ad', 'cat_top'], 'id': None, 'text': ''}, {'tag': 'div', 'src': None, 'aria_label': None, 'class': ['ad', 'cat_foot'], 'id': None, 'text': ''}, {'tag': 'div', 'src': None, 'aria_label': None, 'class': ['ad', 'cat_side1'], 'id': None, 'text': ''}, {'tag': 'div', 'src': None, 'aria_label': None, 'class': ['ad', 'allcats_side_btwn_1_2'], 'id': None, 'text': ''}, {'tag': 'div', 'src': None, 'aria_label': None, 'class': ['ad', 'cat_side2'], 'id': None, 'text': ''}, {'tag': 'div', 'src': None, 'aria_label': None, 'class': ['ad', 'cat_side3'], 'id': None, 'text': ''}]",-8,604,newsbook,article_pages
121,35,53,0,15,2,24,12,6833,990,20,8,"[{'tag': 'div', 'src': None, 'aria_label': None, 'class': ['ad', 'top_push_alt'], 'id': None, 'text': ''}, {'tag': 'div', 'src': None, 'aria_label': None, 'class': ['ad', 'top_push'], 'id': None, 'text': ''}, {'tag': 'div', 'src': None, 'aria_label': None, 'class': ['ad', 'cat_top'], 'id': None, 'text': ''}, {'tag': 'div', 'src': None, 'aria_label': None, 'class': ['ad', 'cat_foot'], 'id': None, 'text': ''}, {'tag': 'div', 'src': None, 'aria_label': None, 'class': ['ad', 'cat_side1'], 'id': None, 'text': ''}, {'tag': 'div', 'src': None, 'aria_label': None, 'class': ['ad', 'allcats_side_btwn_1_2'], 'id': None, 'text': ''}, {'tag': 'div', 'src': None, 'aria_label': None, 'class': ['ad', 'cat_side2'], 'id': None, 'text': ''}, {'tag': 'div', 'src': None, 'aria_label': None, 'class': ['ad', 'cat_side3'], 'id': None, 'text': ''}]",-8,605,newsbook,article_pages
121,35,53,0,15,2,24,12,6833,990,20,8,"[{'tag': 'div', 'src': None, 'aria_label': None, 'class': ['ad', 'top_push_alt'], 'id': None, 'text': ''}, {'tag': 'div', 'src': None, 'aria_label': None, 'class': ['ad', 'top_push'], 'id': None, 'text': ''}, {'tag': 'div', 'src': None, 'aria_label': None, 'class': ['ad', 'cat_top'], 'id': None, 'text': ''}, {'tag': 'div', 'src': None, 'aria_label': None, 'class': ['ad', 'cat_foot'], 'id': None, 'text': ''}, {'tag': 'div', 'src': None, 'aria_label': None, 'class': ['ad', 'cat_side1'], 'id': None, 'text': ''}, {'tag': 'div', 'src': None, 'aria_label': None, 'class': ['ad', 'allcats_side_btwn_1_2'], 'id': None, 'text': ''}, {'tag': 'div', 'src': None, 'aria_label': None, 'class': ['ad', 'cat_side2'], 'id': None, 'text': ''}, {'tag': 'div', 'src': None, 'aria_label': None, 'class': ['ad', 'cat_side3'], 'id': None, 'text': ''}]",-8,606,newsbook,article_pages
121,35,53,0,15,2,24,12,6833,990,20,8,"[{'tag': 'div', 'src': None, 'aria_label': None, 'class': ['ad', 'top_push_alt'], 'id': None, 'text': ''}, {'tag': 'div', 'src': None, 'aria_label': None, 'class': ['ad', 'top_push'], 'id': None, 'text': ''}, {'tag': 'div', 'src': None, 'aria_label': None, 'class': ['ad', 'cat_top'], 'id': None, 'text': ''}, {'tag': 'div', 'src': None, 'aria_label': None, 'class': ['ad', 'cat_foot'], 'id': None, 'text': ''}, {'tag': 'div', 'src': None, 'aria_label': None, 'class': ['ad', 'cat_side1'], 'id': None, 'text': ''}, {'tag': 'div', 'src': None, 'aria_label': None, 'class': ['ad', 'allcats_side_btwn_1_2'], 'id': None, 'text': ''}, {'tag': 'div', 'src': None, 'aria_label': None, 'class': ['ad', 'cat_side2'], 'id': None, 'text': ''}, {'tag': 'div', 'src': None, 'aria_label': None, 'class': ['ad', 'cat_side3'], 'id': None, 'text': ''}]",-8,607,newsbook,article_pages
121,35,53,0,15,2,24,12,6833,990,20,8,"[{'tag': 'div', 'src': None, 'aria_label': None, 'class': ['ad', 'top_push_alt'], 'id': None, 'text': ''}, {'tag': 'div', 'src': None, 'aria_label': None, 'class': ['ad', 'top_push'], 'id': None, 'text': ''}, {'tag': 'div', 'src': None, 'aria_label': None, 'class': ['ad', 'cat_top'], 'id': None, 'text': ''}, {'tag': 'div', 'src': None, 'aria_label': None, 'class': ['ad', 'cat_foot'], 'id': None, 'text': ''}, {'tag': 'div', 'src': None, 'aria_label': None, 'class': ['ad', 'cat_side1'], 'id': None, 'text': ''}, {'tag': 'div', 'src': None, 'aria_label': None, 'class': ['ad', 'allcats_side_btwn_1_2'], 'id': None, 'text': ''}, {'tag': 'div', 'src': None, 'aria_label': None, 'class': ['ad', 'cat_side2'], 'id': None, 'text': ''}, {'tag': 'div', 'src': None, 'aria_label': None, 'class': ['ad', 'cat_side3'], 'id': None, 'text': ''}]",-8,608,newsbook,article_pages
115,32,53,0,15,2,29,12,7506,1070,20,8,"[{'tag': 'div', 'src': None, 'aria_label': None, 'class': ['ad', 'top_push_alt'], 'id': None, 'text': ''}, {'tag': 'div', 'src': None, 'aria_label': None, 'class': ['ad', 'top_push'], 'id': None, 'text': ''}, {'tag': 'div', 'src': None, 'aria_label': None, 'class': ['ad', 'cat_top'], 'id': None, 'text': ''}, {'tag': 'div', 'src': None, 'aria_label': None, 'class': ['ad', 'cat_foot'], 'id': None, 'text': ''}, {'tag': 'div', 'src': None, 'aria_label': None, 'class': ['ad', 'cat_side1'], 'id': None, 'text': ''}, {'tag': 'div', 'src': None, 'aria_label': None, 'class': ['ad', 'allcats_side_btwn_1_2'], 'id': None, 'text': ''}, {'tag': 'div', 'src': None, 'aria_label': None, 'class': ['ad', 'cat_side2'], 'id': None, 'text': ''}, {'tag': 'div', 'src': None, 'aria_label': None, 'class': ['ad', 'cat_side3'], 'id': None, 'text': ''}]",-8,609,newsbook,article_pages
115,32,53,0,15,2,29,12,7506,1070,20,8,"[{'tag': 'div', 'src': None, 'aria_label': None, 'class': ['ad', 'top_push_alt'], 'id': None, 'text': ''}, {'tag': 'div', 'src': None, 'aria_label': None, 'class': ['ad', 'top_push'], 'id': None, 'text': ''}, {'tag': 'div', 'src': None, 'aria_label': None, 'class': ['ad', 'cat_top'], 'id': None, 'text': ''}, {'tag': 'div', 'src': None, 'aria_label': None, 'class': ['ad', 'cat_foot'], 'id': None, 'text': ''}, {'tag': 'div', 'src': None, 'aria_label': None, 'class': ['ad', 'cat_side1'], 'id': None, 'text': ''}, {'tag': 'div', 'src': None, 'aria_label': None, 'class': ['ad', 'allcats_side_btwn_1_2'], 'id': None, 'text': ''}, {'tag': 'div', 'src': None, 'aria_label': None, 'class': ['ad', 'cat_side2'], 'id': None, 'text': ''}, {'tag': 'div', 'src': None, 'aria_label': None, 'class': ['ad', 'cat_side3'], 'id': None, 'text': ''}]",-8,610,newsbook,article_pages
139,38,54,0,15,2,25,17,8593,1227,20,8,"[{'tag': 'div', 'src': None, 'aria_label': None, 'class': ['ad', 'top_push_alt'], 'id': None, 'text': ''}, {'tag': 'div', 'src': None, 'aria_label': None, 'class': ['ad', 'top_push'], 'id': None, 'text': ''}, {'tag': 'div', 'src': None, 'aria_label': None, 'class': ['ad', 'cat_top'], 'id': None, 'text': ''}, {'tag': 'div', 'src': None, 'aria_label': None, 'class': ['ad', 'cat_foot'], 'id': None, 'text': ''}, {'tag': 'div', 'src': None, 'aria_label': None, 'class': ['ad', 'cat_side1'], 'id': None, 'text': ''}, {'tag': 'div', 'src': None, 'aria_label': None, 'class': ['ad', 'allcats_side_btwn_1_2'], 'id': None, 'text': ''}, {'tag': 'div', 'src': None, 'aria_label': None, 'class': ['ad', 'cat_side2'], 'id': None, 'text': ''}, {'tag': 'div', 'src': None, 'aria_label': None, 'class': ['ad', 'cat_side3'], 'id': None, 'text': ''}]",-8,611,newsbook,article_pages
139,38,54,0,15,2,25,17,8593,1227,20,8,"[{'tag': 'div', 'src': None, 'aria_label': None, 'class': ['ad', 'top_push_alt'], 'id': None, 'text': ''}, {'tag': 'div', 'src': None, 'aria_label': None, 'class': ['ad', 'top_push'], 'id': None, 'text': ''}, {'tag': 'div', 'src': None, 'aria_label': None, 'class': ['ad', 'cat_top'], 'id': None, 'text': ''}, {'tag': 'div', 'src': None, 'aria_label': None, 'class': ['ad', 'cat_foot'], 'id': None, 'text': ''}, {'tag': 'div', 'src': None, 'aria_label': None, 'class': ['ad', 'cat_side1'], 'id': None, 'text': ''}, {'tag': 'div', 'src': None, 'aria_label': None, 'class': ['ad', 'allcats_side_btwn_1_2'], 'id': None, 'text': ''}, {'tag': 'div', 'src': None, 'aria_label': None, 'class': ['ad', 'cat_side2'], 'id': None, 'text': ''}, {'tag': 'div', 'src': None, 'aria_label': None, 'class': ['ad', 'cat_side3'], 'id': None, 'text': ''}]",-8,612,newsbook,article_pages
139,38,54,0,15,2,25,17,8593,1227,20,8,"[{'tag': 'div', 'src': None, 'aria_label': None, 'class': ['ad', 'top_push_alt'], 'id': None, 'text': ''}, {'tag': 'div', 'src': None, 'aria_label': None, 'class': ['ad', 'top_push'], 'id': None, 'text': ''}, {'tag': 'div', 'src': None, 'aria_label': None, 'class': ['ad', 'cat_top'], 'id': None, 'text': ''}, {'tag': 'div', 'src': None, 'aria_label': None, 'class': ['ad', 'cat_foot'], 'id': None, 'text': ''}, {'tag': 'div', 'src': None, 'aria_label': None, 'class': ['ad', 'cat_side1'], 'id': None, 'text': ''}, {'tag': 'div', 'src': None, 'aria_label': None, 'class': ['ad', 'allcats_side_btwn_1_2'], 'id': None, 'text': ''}, {'tag': 'div', 'src': None, 'aria_label': None, 'class': ['ad', 'cat_side2'], 'id': None, 'text': ''}, {'tag': 'div', 'src': None, 'aria_label': None, 'class': ['ad', 'cat_side3'], 'id': None, 'text': ''}]",-8,613,newsbook,article_pages
139,38,54,0,15,2,25,17,8593,1227,20,8,"[{'tag': 'div', 'src': None, 'aria_label': None, 'class': ['ad', 'top_push_alt'], 'id': None, 'text': ''}, {'tag': 'div', 'src': None, 'aria_label': None, 'class': ['ad', 'top_push'], 'id': None, 'text': ''}, {'tag': 'div', 'src': None, 'aria_label': None, 'class': ['ad', 'cat_top'], 'id': None, 'text': ''}, {'tag': 'div', 'src': None, 'aria_label': None, 'class': ['ad', 'cat_foot'], 'id': None, 'text': ''}, {'tag': 'div', 'src': None, 'aria_label': None, 'class': ['ad', 'cat_side1'], 'id': None, 'text': ''}, {'tag': 'div', 'src': None, 'aria_label': None, 'class': ['ad', 'allcats_side_btwn_1_2'], 'id': None, 'text': ''}, {'tag': 'div', 'src': None, 'aria_label': None, 'class': ['ad', 'cat_side2'], 'id': None, 'text': ''}, {'tag': 'div', 'src': None, 'aria_label': None, 'class': ['ad', 'cat_side3'], 'id': None, 'text': ''}]",-8,614,newsbook,article_pages
139,38,54,0,15,2,25,17,8593,1227,20,8,"[{'tag': 'div', 'src': None, 'aria_label': None, 'class': ['ad', 'top_push_alt'], 'id': None, 'text': ''}, {'tag': 'div', 'src': None, 'aria_label': None, 'class': ['ad', 'top_push'], 'id': None, 'text': ''}, {'tag': 'div', 'src': None, 'aria_label': None, 'class': ['ad', 'cat_top'], 'id': None, 'text': ''}, {'tag': 'div', 'src': None, 'aria_label': None, 'class': ['ad', 'cat_foot'], 'id': None, 'text': ''}, {'tag': 'div', 'src': None, 'aria_label': None, 'class': ['ad', 'cat_side1'], 'id': None, 'text': ''}, {'tag': 'div', 'src': None, 'aria_label': None, 'class': ['ad', 'allcats_side_btwn_1_2'], 'id': None, 'text': ''}, {'tag': 'div', 'src': None, 'aria_label': None, 'class': ['ad', 'cat_side2'], 'id': None, 'text': ''}, {'tag': 'div', 'src': None, 'aria_label': None, 'class': ['ad', 'cat_side3'], 'id': None, 'text': ''}]",-8,615,newsbook,article_pages
139,38,54,0,15,2,25,17,8593,1227,20,8,"[{'tag': 'div', 'src': None, 'aria_label': None, 'class': ['ad', 'top_push_alt'], 'id': None, 'text': ''}, {'tag': 'div', 'src': None, 'aria_label': None, 'class': ['ad', 'top_push'], 'id': None, 'text': ''}, {'tag': 'div', 'src': None, 'aria_label': None, 'class': ['ad', 'cat_top'], 'id': None, 'text': ''}, {'tag': 'div', 'src': None, 'aria_label': None, 'class': ['ad', 'cat_foot'], 'id': None, 'text': ''}, {'tag': 'div', 'src': None, 'aria_label': None, 'class': ['ad', 'cat_side1'], 'id': None, 'text': ''}, {'tag': 'div', 'src': None, 'aria_label': None, 'class': ['ad', 'allcats_side_btwn_1_2'], 'id': None, 'text': ''}, {'tag': 'div', 'src': None, 'aria_label': None, 'class': ['ad', 'cat_side2'], 'id': None, 'text': ''}, {'tag': 'div', 'src': None, 'aria_label': None, 'class': ['ad', 'cat_side3'], 'id': None, 'text': ''}]",-8,616,newsbook,article_pages
139,38,54,0,15,2,42,20,10578,1465,20,8,"[{'tag': 'div', 'src': None, 'aria_label': None, 'class': ['ad', 'top_push_alt'], 'id': None, 'text': ''}, {'tag': 'div', 'src': None, 'aria_label': None, 'class': ['ad', 'top_push'], 'id': None, 'text': ''}, {'tag': 'div', 'src': None, 'aria_label': None, 'class': ['ad', 'cat_top'], 'id': None, 'text': ''}, {'tag': 'div', 'src': None, 'aria_label': None, 'class': ['ad', 'cat_foot'], 'id': None, 'text': ''}, {'tag': 'div', 'src': None, 'aria_label': None, 'class': ['ad', 'cat_side1'], 'id': None, 'text': ''}, {'tag': 'div', 'src': None, 'aria_label': None, 'class': ['ad', 'allcats_side_btwn_1_2'], 'id': None, 'text': ''}, {'tag': 'div', 'src': None, 'aria_label': None, 'class': ['ad', 'cat_side2'], 'id': None, 'text': ''}, {'tag': 'div', 'src': None, 'aria_label': None, 'class': ['ad', 'cat_side3'], 'id': None, 'text': ''}]",-8,617,newsbook,article_pages
139,38,54,0,15,2,42,20,10578,1465,20,8,"[{'tag': 'div', 'src': None, 'aria_label': None, 'class': ['ad', 'top_push_alt'], 'id': None, 'text': ''}, {'tag': 'div', 'src': None, 'aria_label': None, 'class': ['ad', 'top_push'], 'id': None, 'text': ''}, {'tag': 'div', 'src': None, 'aria_label': None, 'class': ['ad', 'cat_top'], 'id': None, 'text': ''}, {'tag': 'div', 'src': None, 'aria_label': None, 'class': ['ad', 'cat_foot'], 'id': None, 'text': ''}, {'tag': 'div', 'src': None, 'aria_label': None, 'class': ['ad', 'cat_side1'], 'id': None, 'text': ''}, {'tag': 'div', 'src': None, 'aria_label': None, 'class': ['ad', 'allcats_side_btwn_1_2'], 'id': None, 'text': ''}, {'tag': 'div', 'src': None, 'aria_label': None, 'class': ['ad', 'cat_side2'], 'id': None, 'text': ''}, {'tag': 'div', 'src': None, 'aria_label': None, 'class': ['ad', 'cat_side3'], 'id': None, 'text': ''}]",-8,618,newsbook,article_pages
139,38,54,0,15,2,42,20,10578,1465,20,8,"[{'tag': 'div', 'src': None, 'aria_label': None, 'class': ['ad', 'top_push_alt'], 'id': None, 'text': ''}, {'tag': 'div', 'src': None, 'aria_label': None, 'class': ['ad', 'top_push'], 'id': None, 'text': ''}, {'tag': 'div', 'src': None, 'aria_label': None, 'class': ['ad', 'cat_top'], 'id': None, 'text': ''}, {'tag': 'div', 'src': None, 'aria_label': None, 'class': ['ad', 'cat_foot'], 'id': None, 'text': ''}, {'tag': 'div', 'src': None, 'aria_label': None, 'class': ['ad', 'cat_side1'], 'id': None, 'text': ''}, {'tag': 'div', 'src': None, 'aria_label': None, 'class': ['ad', 'allcats_side_btwn_1_2'], 'id': None, 'text': ''}, {'tag': 'div', 'src': None, 'aria_label': None, 'class': ['ad', 'cat_side2'], 'id': None, 'text': ''}, {'tag': 'div', 'src': None, 'aria_label': None, 'class': ['ad', 'cat_side3'], 'id': None, 'text': ''}]",-8,619,newsbook,article_pages
139,38,54,0,15,2,42,20,10578,1465,20,8,"[{'tag': 'div', 'src': None, 'aria_label': None, 'class': ['ad', 'top_push_alt'], 'id': None, 'text': ''}, {'tag': 'div', 'src': None, 'aria_label': None, 'class': ['ad', 'top_push'], 'id': None, 'text': ''}, {'tag': 'div', 'src': None, 'aria_label': None, 'class': ['ad', 'cat_top'], 'id': None, 'text': ''}, {'tag': 'div', 'src': None, 'aria_label': None, 'class': ['ad', 'cat_foot'], 'id': None, 'text': ''}, {'tag': 'div', 'src': None, 'aria_label': None, 'class': ['ad', 'cat_side1'], 'id': None, 'text': ''}, {'tag': 'div', 'src': None, 'aria_label': None, 'class': ['ad', 'allcats_side_btwn_1_2'], 'id': None, 'text': ''}, {'tag': 'div', 'src': None, 'aria_label': None, 'class': ['ad', 'cat_side2'], 'id': None, 'text': ''}, {'tag': 'div', 'src': None, 'aria_label': None, 'class': ['ad', 'cat_side3'], 'id': None, 'text': ''}]",-8,620,newsbook,article_pages
139,38,54,0,15,2,42,20,10578,1465,20,8,"[{'tag': 'div', 'src': None, 'aria_label': None, 'class': ['ad', 'top_push_alt'], 'id': None, 'text': ''}, {'tag': 'div', 'src': None, 'aria_label': None, 'class': ['ad', 'top_push'], 'id': None, 'text': ''}, {'tag': 'div', 'src': None, 'aria_label': None, 'class': ['ad', 'cat_top'], 'id': None, 'text': ''}, {'tag': 'div', 'src': None, 'aria_label': None, 'class': ['ad', 'cat_foot'], 'id': None, 'text': ''}, {'tag': 'div', 'src': None, 'aria_label': None, 'class': ['ad', 'cat_side1'], 'id': None, 'text': ''}, {'tag': 'div', 'src': None, 'aria_label': None, 'class': ['ad', 'allcats_side_btwn_1_2'], 'id': None, 'text': ''}, {'tag': 'div', 'src': None, 'aria_label': None, 'class': ['ad', 'cat_side2'], 'id': None, 'text': ''}, {'tag': 'div', 'src': None, 'aria_label': None, 'class': ['ad', 'cat_side3'], 'id': None, 'text': ''}]",-8,621,newsbook,article_pages
139,38,54,0,15,2,42,20,10578,1465,20,8,"[{'tag': 'div', 'src': None, 'aria_label': None, 'class': ['ad', 'top_push_alt'], 'id': None, 'text': ''}, {'tag': 'div', 'src': None, 'aria_label': None, 'class': ['ad', 'top_push'], 'id': None, 'text': ''}, {'tag': 'div', 'src': None, 'aria_label': None, 'class': ['ad', 'cat_top'], 'id': None, 'text': ''}, {'tag': 'div', 'src': None, 'aria_label': None, 'class': ['ad', 'cat_foot'], 'id': None, 'text': ''}, {'tag': 'div', 'src': None, 'aria_label': None, 'class': ['ad', 'cat_side1'], 'id': None, 'text': ''}, {'tag': 'div', 'src': None, 'aria_label': None, 'class': ['ad', 'allcats_side_btwn_1_2'], 'id': None, 'text': ''}, {'tag': 'div', 'src': None, 'aria_label': None, 'class': ['ad', 'cat_side2'], 'id': None, 'text': ''}, {'tag': 'div', 'src': None, 'aria_label': None, 'class': ['ad', 'cat_side3'], 'id': None, 'text': ''}]",-8,622,newsbook,article_pages
139,38,54,0,15,2,42,20,10578,1465,20,8,"[{'tag': 'div', 'src': None, 'aria_label': None, 'class': ['ad', 'top_push_alt'], 'id': None, 'text': ''}, {'tag': 'div', 'src': None, 'aria_label': None, 'class': ['ad', 'top_push'], 'id': None, 'text': ''}, {'tag': 'div', 'src': None, 'aria_label': None, 'class': ['ad', 'cat_top'], 'id': None, 'text': ''}, {'tag': 'div', 'src': None, 'aria_label': None, 'class': ['ad', 'cat_foot'], 'id': None, 'text': ''}, {'tag': 'div', 'src': None, 'aria_label': None, 'class': ['ad', 'cat_side1'], 'id': None, 'text': ''}, {'tag': 'div', 'src': None, 'aria_label': None, 'class': ['ad', 'allcats_side_btwn_1_2'], 'id': None, 'text': ''}, {'tag': 'div', 'src': None, 'aria_label': None, 'class': ['ad', 'cat_side2'], 'id': None, 'text': ''}, {'tag': 'div', 'src': None, 'aria_label': None, 'class': ['ad', 'cat_side3'], 'id': None, 'text': ''}]",-8,623,newsbook,article_pages
139,38,54,0,15,2,42,20,10578,1465,20,8,"[{'tag': 'div', 'src': None, 'aria_label': None, 'class': ['ad', 'top_push_alt'], 'id': None, 'text': ''}, {'tag': 'div', 'src': None, 'aria_label': None, 'class': ['ad', 'top_push'], 'id': None, 'text': ''}, {'tag': 'div', 'src': None, 'aria_label': None, 'class': ['ad', 'cat_top'], 'id': None, 'text': ''}, {'tag': 'div', 'src': None, 'aria_label': None, 'class': ['ad', 'cat_foot'], 'id': None, 'text': ''}, {'tag': 'div', 'src': None, 'aria_label': None, 'class': ['ad', 'cat_side1'], 'id': None, 'text': ''}, {'tag': 'div', 'src': None, 'aria_label': None, 'class': ['ad', 'allcats_side_btwn_1_2'], 'id': None, 'text': ''}, {'tag': 'div', 'src': None, 'aria_label': None, 'class': ['ad', 'cat_side2'], 'id': None, 'text': ''}, {'tag': 'div', 'src': None, 'aria_label': None, 'class': ['ad', 'cat_side3'], 'id': None, 'text': ''}]",-8,624,newsbook,article_pages
139,38,54,0,15,2,42,20,10578,1465,20,8,"[{'tag': 'div', 'src': None, 'aria_label': None, 'class': ['ad', 'top_push_alt'], 'id': None, 'text': ''}, {'tag': 'div', 'src': None, 'aria_label': None, 'class': ['ad', 'top_push'], 'id': None, 'text': ''}, {'tag': 'div', 'src': None, 'aria_label': None, 'class': ['ad', 'cat_top'], 'id': None, 'text': ''}, {'tag': 'div', 'src': None, 'aria_label': None, 'class': ['ad', 'cat_foot'], 'id': None, 'text': ''}, {'tag': 'div', 'src': None, 'aria_label': None, 'class': ['ad', 'cat_side1'], 'id': None, 'text': ''}, {'tag': 'div', 'src': None, 'aria_label': None, 'class': ['ad', 'allcats_side_btwn_1_2'], 'id': None, 'text': ''}, {'tag': 'div', 'src': None, 'aria_label': None, 'class': ['ad', 'cat_side2'], 'id': None, 'text': ''}, {'tag': 'div', 'src': None, 'aria_label': None, 'class': ['ad', 'cat_side3'], 'id': None, 'text': ''}]",-8,625,newsbook,article_pages
139,38,54,0,15,2,42,20,10578,1465,20,8,"[{'tag': 'div', 'src': None, 'aria_label': None, 'class': ['ad', 'top_push_alt'], 'id': None, 'text': ''}, {'tag': 'div', 'src': None, 'aria_label': None, 'class': ['ad', 'top_push'], 'id': None, 'text': ''}, {'tag': 'div', 'src': None, 'aria_label': None, 'class': ['ad', 'cat_top'], 'id': None, 'text': ''}, {'tag': 'div', 'src': None, 'aria_label': None, 'class': ['ad', 'cat_foot'], 'id': None, 'text': ''}, {'tag': 'div', 'src': None, 'aria_label': None, 'class': ['ad', 'cat_side1'], 'id': None, 'text': ''}, {'tag': 'div', 'src': None, 'aria_label': None, 'class': ['ad', 'allcats_side_btwn_1_2'], 'id': None, 'text': ''}, {'tag': 'div', 'src': None, 'aria_label': None, 'class': ['ad', 'cat_side2'], 'id': None, 'text': ''}, {'tag': 'div', 'src': None, 'aria_label': None, 'class': ['ad', 'cat_side3'], 'id': None, 'text': ''}]",-8,626,newsbook,article_pages
139,38,54,0,15,2,42,20,10578,1465,20,8,"[{'tag': 'div', 'src': None, 'aria_label': None, 'class': ['ad', 'top_push_alt'], 'id': None, 'text': ''}, {'tag': 'div', 'src': None, 'aria_label': None, 'class': ['ad', 'top_push'], 'id': None, 'text': ''}, {'tag': 'div', 'src': None, 'aria_label': None, 'class': ['ad', 'cat_top'], 'id': None, 'text': ''}, {'tag': 'div', 'src': None, 'aria_label': None, 'class': ['ad', 'cat_foot'], 'id': None, 'text': ''}, {'tag': 'div', 'src': None, 'aria_label': None, 'class': ['ad', 'cat_side1'], 'id': None, 'text': ''}, {'tag': 'div', 'src': None, 'aria_label': None, 'class': ['ad', 'allcats_side_btwn_1_2'], 'id': None, 'text': ''}, {'tag': 'div', 'src': None, 'aria_label': None, 'class': ['ad', 'cat_side2'], 'id': None, 'text': ''}, {'tag': 'div', 'src': None, 'aria_label': None, 'class': ['ad', 'cat_side3'], 'id': None, 'text': ''}]",-8,627,newsbook,article_pages
141,39,54,0,15,2,38,18,9163,1330,20,8,"[{'tag': 'div', 'src': None, 'aria_label': None, 'class': ['ad', 'top_push_alt'], 'id': None, 'text': ''}, {'tag': 'div', 'src': None, 'aria_label': None, 'class': ['ad', 'top_push'], 'id': None, 'text': ''}, {'tag': 'div', 'src': None, 'aria_label': None, 'class': ['ad', 'cat_top'], 'id': None, 'text': ''}, {'tag': 'div', 'src': None, 'aria_label': None, 'class': ['ad', 'cat_foot'], 'id': None, 'text': ''}, {'tag': 'div', 'src': None, 'aria_label': None, 'class': ['ad', 'cat_side1'], 'id': None, 'text': ''}, {'tag': 'div', 'src': None, 'aria_label': None, 'class': ['ad', 'allcats_side_btwn_1_2'], 'id': None, 'text': ''}, {'tag': 'div', 'src': None, 'aria_label': None, 'class': ['ad', 'cat_side2'], 'id': None, 'text': ''}, {'tag': 'div', 'src': None, 'aria_label': None, 'class': ['ad', 'cat_side3'], 'id': None, 'text': ''}]",-8,628,newsbook,article_pages
141,39,54,0,15,2,38,18,9163,1330,20,8,"[{'tag': 'div', 'src': None, 'aria_label': None, 'class': ['ad', 'top_push_alt'], 'id': None, 'text': ''}, {'tag': 'div', 'src': None, 'aria_label': None, 'class': ['ad', 'top_push'], 'id': None, 'text': ''}, {'tag': 'div', 'src': None, 'aria_label': None, 'class': ['ad', 'cat_top'], 'id': None, 'text': ''}, {'tag': 'div', 'src': None, 'aria_label': None, 'class': ['ad', 'cat_foot'], 'id': None, 'text': ''}, {'tag': 'div', 'src': None, 'aria_label': None, 'class': ['ad', 'cat_side1'], 'id': None, 'text': ''}, {'tag': 'div', 'src': None, 'aria_label': None, 'class': ['ad', 'allcats_side_btwn_1_2'], 'id': None, 'text': ''}, {'tag': 'div', 'src': None, 'aria_label': None, 'class': ['ad', 'cat_side2'], 'id': None, 'text': ''}, {'tag': 'div', 'src': None, 'aria_label': None, 'class': ['ad', 'cat_side3'], 'id': None, 'text': ''}]",-8,629,newsbook,article_pages
141,39,54,0,15,2,38,18,9163,1330,20,8,"[{'tag': 'div', 'src': None, 'aria_label': None, 'class': ['ad', 'top_push_alt'], 'id': None, 'text': ''}, {'tag': 'div', 'src': None, 'aria_label': None, 'class': ['ad', 'top_push'], 'id': None, 'text': ''}, {'tag': 'div', 'src': None, 'aria_label': None, 'class': ['ad', 'cat_top'], 'id': None, 'text': ''}, {'tag': 'div', 'src': None, 'aria_label': None, 'class': ['ad', 'cat_foot'], 'id': None, 'text': ''}, {'tag': 'div', 'src': None, 'aria_label': None, 'class': ['ad', 'cat_side1'], 'id': None, 'text': ''}, {'tag': 'div', 'src': None, 'aria_label': None, 'class': ['ad', 'allcats_side_btwn_1_2'], 'id': None, 'text': ''}, {'tag': 'div', 'src': None, 'aria_label': None, 'class': ['ad', 'cat_side2'], 'id': None, 'text': ''}, {'tag': 'div', 'src': None, 'aria_label': None, 'class': ['ad', 'cat_side3'], 'id': None, 'text': ''}]",-8,630,newsbook,article_pages
141,39,54,0,15,2,38,18,9163,1330,20,8,"[{'tag': 'div', 'src': None, 'aria_label': None, 'class': ['ad', 'top_push_alt'], 'id': None, 'text': ''}, {'tag': 'div', 'src': None, 'aria_label': None, 'class': ['ad', 'top_push'], 'id': None, 'text': ''}, {'tag': 'div', 'src': None, 'aria_label': None, 'class': ['ad', 'cat_top'], 'id': None, 'text': ''}, {'tag': 'div', 'src': None, 'aria_label': None, 'class': ['ad', 'cat_foot'], 'id': None, 'text': ''}, {'tag': 'div', 'src': None, 'aria_label': None, 'class': ['ad', 'cat_side1'], 'id': None, 'text': ''}, {'tag': 'div', 'src': None, 'aria_label': None, 'class': ['ad', 'allcats_side_btwn_1_2'], 'id': None, 'text': ''}, {'tag': 'div', 'src': None, 'aria_label': None, 'class': ['ad', 'cat_side2'], 'id': None, 'text': ''}, {'tag': 'div', 'src': None, 'aria_label': None, 'class': ['ad', 'cat_side3'], 'id': None, 'text': ''}]",-8,631,newsbook,article_pages
141,39,54,0,15,2,38,18,9163,1330,20,8,"[{'tag': 'div', 'src': None, 'aria_label': None, 'class': ['ad', 'top_push_alt'], 'id': None, 'text': ''}, {'tag': 'div', 'src': None, 'aria_label': None, 'class': ['ad', 'top_push'], 'id': None, 'text': ''}, {'tag': 'div', 'src': None, 'aria_label': None, 'class': ['ad', 'cat_top'], 'id': None, 'text': ''}, {'tag': 'div', 'src': None, 'aria_label': None, 'class': ['ad', 'cat_foot'], 'id': None, 'text': ''}, {'tag': 'div', 'src': None, 'aria_label': None, 'class': ['ad', 'cat_side1'], 'id': None, 'text': ''}, {'tag': 'div', 'src': None, 'aria_label': None, 'class': ['ad', 'allcats_side_btwn_1_2'], 'id': None, 'text': ''}, {'tag': 'div', 'src': None, 'aria_label': None, 'class': ['ad', 'cat_side2'], 'id': None, 'text': ''}, {'tag': 'div', 'src': None, 'aria_label': None, 'class': ['ad', 'cat_side3'], 'id': None, 'text': ''}]",-8,632,newsbook,article_pages
141,39,54,0,15,2,38,18,9163,1330,20,8,"[{'tag': 'div', 'src': None, 'aria_label': None, 'class': ['ad', 'top_push_alt'], 'id': None, 'text': ''}, {'tag': 'div', 'src': None, 'aria_label': None, 'class': ['ad', 'top_push'], 'id': None, 'text': ''}, {'tag': 'div', 'src': None, 'aria_label': None, 'class': ['ad', 'cat_top'], 'id': None, 'text': ''}, {'tag': 'div', 'src': None, 'aria_label': None, 'class': ['ad', 'cat_foot'], 'id': None, 'text': ''}, {'tag': 'div', 'src': None, 'aria_label': None, 'class': ['ad', 'cat_side1'], 'id': None, 'text': ''}, {'tag': 'div', 'src': None, 'aria_label': None, 'class': ['ad', 'allcats_side_btwn_1_2'], 'id': None, 'text': ''}, {'tag': 'div', 'src': None, 'aria_label': None, 'class': ['ad', 'cat_side2'], 'id': None, 'text': ''}, {'tag': 'div', 'src': None, 'aria_label': None, 'class': ['ad', 'cat_side3'], 'id': None, 'text': ''}]",-8,633,newsbook,article_pages
141,39,54,0,15,2,38,18,9163,1330,20,8,"[{'tag': 'div', 'src': None, 'aria_label': None, 'class': ['ad', 'top_push_alt'], 'id': None, 'text': ''}, {'tag': 'div', 'src': None, 'aria_label': None, 'class': ['ad', 'top_push'], 'id': None, 'text': ''}, {'tag': 'div', 'src': None, 'aria_label': None, 'class': ['ad', 'cat_top'], 'id': None, 'text': ''}, {'tag': 'div', 'src': None, 'aria_label': None, 'class': ['ad', 'cat_foot'], 'id': None, 'text': ''}, {'tag': 'div', 'src': None, 'aria_label': None, 'class': ['ad', 'cat_side1'], 'id': None, 'text': ''}, {'tag': 'div', 'src': None, 'aria_label': None, 'class': ['ad', 'allcats_side_btwn_1_2'], 'id': None, 'text': ''}, {'tag': 'div', 'src': None, 'aria_label': None, 'class': ['ad', 'cat_side2'], 'id': None, 'text': ''}, {'tag': 'div', 'src': None, 'aria_label': None, 'class': ['ad', 'cat_side3'], 'id': None, 'text': ''}]",-8,634,newsbook,article_pages
141,39,54,0,15,2,38,18,9163,1330,20,8,"[{'tag': 'div', 'src': None, 'aria_label': None, 'class': ['ad', 'top_push_alt'], 'id': None, 'text': ''}, {'tag': 'div', 'src': None, 'aria_label': None, 'class': ['ad', 'top_push'], 'id': None, 'text': ''}, {'tag': 'div', 'src': None, 'aria_label': None, 'class': ['ad', 'cat_top'], 'id': None, 'text': ''}, {'tag': 'div', 'src': None, 'aria_label': None, 'class': ['ad', 'cat_foot'], 'id': None, 'text': ''}, {'tag': 'div', 'src': None, 'aria_label': None, 'class': ['ad', 'cat_side1'], 'id': None, 'text': ''}, {'tag': 'div', 'src': None, 'aria_label': None, 'class': ['ad', 'allcats_side_btwn_1_2'], 'id': None, 'text': ''}, {'tag': 'div', 'src': None, 'aria_label': None, 'class': ['ad', 'cat_side2'], 'id': None, 'text': ''}, {'tag': 'div', 'src': None, 'aria_label': None, 'class': ['ad', 'cat_side3'], 'id': None, 'text': ''}]",-8,635,newsbook,article_pages
141,39,54,0,15,2,38,18,9163,1330,20,8,"[{'tag': 'div', 'src': None, 'aria_label': None, 'class': ['ad', 'top_push_alt'], 'id': None, 'text': ''}, {'tag': 'div', 'src': None, 'aria_label': None, 'class': ['ad', 'top_push'], 'id': None, 'text': ''}, {'tag': 'div', 'src': None, 'aria_label': None, 'class': ['ad', 'cat_top'], 'id': None, 'text': ''}, {'tag': 'div', 'src': None, 'aria_label': None, 'class': ['ad', 'cat_foot'], 'id': None, 'text': ''}, {'tag': 'div', 'src': None, 'aria_label': None, 'class': ['ad', 'cat_side1'], 'id': None, 'text': ''}, {'tag': 'div', 'src': None, 'aria_label': None, 'class': ['ad', 'allcats_side_btwn_1_2'], 'id': None, 'text': ''}, {'tag': 'div', 'src': None, 'aria_label': None, 'class': ['ad', 'cat_side2'], 'id': None, 'text': ''}, {'tag': 'div', 'src': None, 'aria_label': None, 'class': ['ad', 'cat_side3'], 'id': None, 'text': ''}]",-8,636,newsbook,article_pages
141,39,54,0,15,2,38,18,9163,1330,20,8,"[{'tag': 'div', 'src': None, 'aria_label': None, 'class': ['ad', 'top_push_alt'], 'id': None, 'text': ''}, {'tag': 'div', 'src': None, 'aria_label': None, 'class': ['ad', 'top_push'], 'id': None, 'text': ''}, {'tag': 'div', 'src': None, 'aria_label': None, 'class': ['ad', 'cat_top'], 'id': None, 'text': ''}, {'tag': 'div', 'src': None, 'aria_label': None, 'class': ['ad', 'cat_foot'], 'id': None, 'text': ''}, {'tag': 'div', 'src': None, 'aria_label': None, 'class': ['ad', 'cat_side1'], 'id': None, 'text': ''}, {'tag': 'div', 'src': None, 'aria_label': None, 'class': ['ad', 'allcats_side_btwn_1_2'], 'id': None, 'text': ''}, {'tag': 'div', 'src': None, 'aria_label': None, 'class': ['ad', 'cat_side2'], 'id': None, 'text': ''}, {'tag': 'div', 'src': None, 'aria_label': None, 'class': ['ad', 'cat_side3'], 'id': None, 'text': ''}]",-8,637,newsbook,article_pages
127,34,54,0,15,2,27,14,7209,1014,20,8,"[{'tag': 'div', 'src': None, 'aria_label': None, 'class': ['ad', 'top_push_alt'], 'id': None, 'text': ''}, {'tag': 'div', 'src': None, 'aria_label': None, 'class': ['ad', 'top_push'], 'id': None, 'text': ''}, {'tag': 'div', 'src': None, 'aria_label': None, 'class': ['ad', 'cat_top'], 'id': None, 'text': ''}, {'tag': 'div', 'src': None, 'aria_label': None, 'class': ['ad', 'cat_foot'], 'id': None, 'text': ''}, {'tag': 'div', 'src': None, 'aria_label': None, 'class': ['ad', 'cat_side1'], 'id': None, 'text': ''}, {'tag': 'div', 'src': None, 'aria_label': None, 'class': ['ad', 'allcats_side_btwn_1_2'], 'id': None, 'text': ''}, {'tag': 'div', 'src': None, 'aria_label': None, 'class': ['ad', 'cat_side2'], 'id': None, 'text': ''}, {'tag': 'div', 'src': None, 'aria_label': None, 'class': ['ad', 'cat_side3'], 'id': None, 'text': ''}]",-8,638,newsbook,article_pages
127,34,54,0,15,2,27,14,7209,1014,20,8,"[{'tag': 'div', 'src': None, 'aria_label': None, 'class': ['ad', 'top_push_alt'], 'id': None, 'text': ''}, {'tag': 'div', 'src': None, 'aria_label': None, 'class': ['ad', 'top_push'], 'id': None, 'text': ''}, {'tag': 'div', 'src': None, 'aria_label': None, 'class': ['ad', 'cat_top'], 'id': None, 'text': ''}, {'tag': 'div', 'src': None, 'aria_label': None, 'class': ['ad', 'cat_foot'], 'id': None, 'text': ''}, {'tag': 'div', 'src': None, 'aria_label': None, 'class': ['ad', 'cat_side1'], 'id': None, 'text': ''}, {'tag': 'div', 'src': None, 'aria_label': None, 'class': ['ad', 'allcats_side_btwn_1_2'], 'id': None, 'text': ''}, {'tag': 'div', 'src': None, 'aria_label': None, 'class': ['ad', 'cat_side2'], 'id': None, 'text': ''}, {'tag': 'div', 'src': None, 'aria_label': None, 'class': ['ad', 'cat_side3'], 'id': None, 'text': ''}]",-8,639,newsbook,article_pages
127,34,54,0,15,2,27,14,7209,1014,20,8,"[{'tag': 'div', 'src': None, 'aria_label': None, 'class': ['ad', 'top_push_alt'], 'id': None, 'text': ''}, {'tag': 'div', 'src': None, 'aria_label': None, 'class': ['ad', 'top_push'], 'id': None, 'text': ''}, {'tag': 'div', 'src': None, 'aria_label': None, 'class': ['ad', 'cat_top'], 'id': None, 'text': ''}, {'tag': 'div', 'src': None, 'aria_label': None, 'class': ['ad', 'cat_foot'], 'id': None, 'text': ''}, {'tag': 'div', 'src': None, 'aria_label': None, 'class': ['ad', 'cat_side1'], 'id': None, 'text': ''}, {'tag': 'div', 'src': None, 'aria_label': None, 'class': ['ad', 'allcats_side_btwn_1_2'], 'id': None, 'text': ''}, {'tag': 'div', 'src': None, 'aria_label': None, 'class': ['ad', 'cat_side2'], 'id': None, 'text': ''}, {'tag': 'div', 'src': None, 'aria_label': None, 'class': ['ad', 'cat_side3'], 'id': None, 'text': ''}]",-8,640,newsbook,article_pages
127,34,54,0,15,2,27,14,7209,1014,20,8,"[{'tag': 'div', 'src': None, 'aria_label': None, 'class': ['ad', 'top_push_alt'], 'id': None, 'text': ''}, {'tag': 'div', 'src': None, 'aria_label': None, 'class': ['ad', 'top_push'], 'id': None, 'text': ''}, {'tag': 'div', 'src': None, 'aria_label': None, 'class': ['ad', 'cat_top'], 'id': None, 'text': ''}, {'tag': 'div', 'src': None, 'aria_label': None, 'class': ['ad', 'cat_foot'], 'id': None, 'text': ''}, {'tag': 'div', 'src': None, 'aria_label': None, 'class': ['ad', 'cat_side1'], 'id': None, 'text': ''}, {'tag': 'div', 'src': None, 'aria_label': None, 'class': ['ad', 'allcats_side_btwn_1_2'], 'id': None, 'text': ''}, {'tag': 'div', 'src': None, 'aria_label': None, 'class': ['ad', 'cat_side2'], 'id': None, 'text': ''}, {'tag': 'div', 'src': None, 'aria_label': None, 'class': ['ad', 'cat_side3'], 'id': None, 'text': ''}]",-8,641,newsbook,article_pages
127,34,54,0,15,2,27,14,7209,1014,20,8,"[{'tag': 'div', 'src': None, 'aria_label': None, 'class': ['ad', 'top_push_alt'], 'id': None, 'text': ''}, {'tag': 'div', 'src': None, 'aria_label': None, 'class': ['ad', 'top_push'], 'id': None, 'text': ''}, {'tag': 'div', 'src': None, 'aria_label': None, 'class': ['ad', 'cat_top'], 'id': None, 'text': ''}, {'tag': 'div', 'src': None, 'aria_label': None, 'class': ['ad', 'cat_foot'], 'id': None, 'text': ''}, {'tag': 'div', 'src': None, 'aria_label': None, 'class': ['ad', 'cat_side1'], 'id': None, 'text': ''}, {'tag': 'div', 'src': None, 'aria_label': None, 'class': ['ad', 'allcats_side_btwn_1_2'], 'id': None, 'text': ''}, {'tag': 'div', 'src': None, 'aria_label': None, 'class': ['ad', 'cat_side2'], 'id': None, 'text': ''}, {'tag': 'div', 'src': None, 'aria_label': None, 'class': ['ad', 'cat_side3'], 'id': None, 'text': ''}]",-8,642,newsbook,article_pages
127,34,54,0,15,2,27,14,7209,1014,20,8,"[{'tag': 'div', 'src': None, 'aria_label': None, 'class': ['ad', 'top_push_alt'], 'id': None, 'text': ''}, {'tag': 'div', 'src': None, 'aria_label': None, 'class': ['ad', 'top_push'], 'id': None, 'text': ''}, {'tag': 'div', 'src': None, 'aria_label': None, 'class': ['ad', 'cat_top'], 'id': None, 'text': ''}, {'tag': 'div', 'src': None, 'aria_label': None, 'class': ['ad', 'cat_foot'], 'id': None, 'text': ''}, {'tag': 'div', 'src': None, 'aria_label': None, 'class': ['ad', 'cat_side1'], 'id': None, 'text': ''}, {'tag': 'div', 'src': None, 'aria_label': None, 'class': ['ad', 'allcats_side_btwn_1_2'], 'id': None, 'text': ''}, {'tag': 'div', 'src': None, 'aria_label': None, 'class': ['ad', 'cat_side2'], 'id': None, 'text': ''}, {'tag': 'div', 'src': None, 'aria_label': None, 'class': ['ad', 'cat_side3'], 'id': None, 'text': ''}]",-8,643,newsbook,article_pages
127,34,54,0,15,2,27,14,7209,1014,20,8,"[{'tag': 'div', 'src': None, 'aria_label': None, 'class': ['ad', 'top_push_alt'], 'id': None, 'text': ''}, {'tag': 'div', 'src': None, 'aria_label': None, 'class': ['ad', 'top_push'], 'id': None, 'text': ''}, {'tag': 'div', 'src': None, 'aria_label': None, 'class': ['ad', 'cat_top'], 'id': None, 'text': ''}, {'tag': 'div', 'src': None, 'aria_label': None, 'class': ['ad', 'cat_foot'], 'id': None, 'text': ''}, {'tag': 'div', 'src': None, 'aria_label': None, 'class': ['ad', 'cat_side1'], 'id': None, 'text': ''}, {'tag': 'div', 'src': None, 'aria_label': None, 'class': ['ad', 'allcats_side_btwn_1_2'], 'id': None, 'text': ''}, {'tag': 'div', 'src': None, 'aria_label': None, 'class': ['ad', 'cat_side2'], 'id': None, 'text': ''}, {'tag': 'div', 'src': None, 'aria_label': None, 'class': ['ad', 'cat_side3'], 'id': None, 'text': ''}]",-8,644,newsbook,article_pages
88,55,67,11,9,6,30,44,7322,1173,16,1,"[{'tag': 'iframe', 'src': 'https://19c7a0b6e74e380fdf5d562fe9e8275f.safeframe.googlesyndication.com/safeframe/1-0-45/html/container.html', 'aria_label': 'Advertisement', 'class': None, 'id': 'google_ads_iframe_/162717810,22769416952/theshiftnews.com/interstitial_0', 'text': ''}]",10,645,the_shift,home_page
88,55,67,11,9,6,30,44,7322,1173,16,1,"[{'tag': 'iframe', 'src': 'https://19c7a0b6e74e380fdf5d562fe9e8275f.safeframe.googlesyndication.com/safeframe/1-0-45/html/container.html', 'aria_label': 'Advertisement', 'class': None, 'id': 'google_ads_iframe_/162717810,22769416952/theshiftnews.com/interstitial_0', 'text': ''}]",10,646,the_shift,home_page
88,55,67,11,9,6,30,44,7322,1173,16,1,"[{'tag': 'iframe', 'src': 'https://19c7a0b6e74e380fdf5d562fe9e8275f.safeframe.googlesyndication.com/safeframe/1-0-45/html/container.html', 'aria_label': 'Advertisement', 'class': None, 'id': 'google_ads_iframe_/162717810,22769416952/theshiftnews.com/interstitial_0', 'text': ''}]",10,647,the_shift,home_page
88,55,67,11,9,6,30,44,7322,1173,16,1,"[{'tag': 'iframe', 'src': 'https://19c7a0b6e74e380fdf5d562fe9e8275f.safeframe.googlesyndication.com/safeframe/1-0-45/html/container.html', 'aria_label': 'Advertisement', 'class': None, 'id': 'google_ads_iframe_/162717810,22769416952/theshiftnews.com/interstitial_0', 'text': ''}]",10,648,the_shift,home_page
88,55,67,11,9,6,30,44,7322,1173,16,1,"[{'tag': 'iframe', 'src': 'https://19c7a0b6e74e380fdf5d562fe9e8275f.safeframe.googlesyndication.com/safeframe/1-0-45/html/container.html', 'aria_label': 'Advertisement', 'class': None, 'id': 'google_ads_iframe_/162717810,22769416952/theshiftnews.com/interstitial_0', 'text': ''}]",10,649,the_shift,home_page
88,55,67,11,9,6,30,44,7322,1173,16,1,"[{'tag': 'iframe', 'src': 'https://19c7a0b6e74e380fdf5d562fe9e8275f.safeframe.googlesyndication.com/safeframe/1-0-45/html/container.html', 'aria_label': 'Advertisement', 'class': None, 'id': 'google_ads_iframe_/162717810,22769416952/theshiftnews.com/interstitial_0', 'text': ''}]",10,650,the_shift,home_page
88,55,67,11,9,6,30,44,7322,1173,16,1,"[{'tag': 'iframe', 'src': 'https://19c7a0b6e74e380fdf5d562fe9e8275f.safeframe.googlesyndication.com/safeframe/1-0-45/html/container.html', 'aria_label': 'Advertisement', 'class': None, 'id': 'google_ads_iframe_/162717810,22769416952/theshiftnews.com/interstitial_0', 'text': ''}]",10,651,the_shift,home_page
88,55,67,11,9,6,30,44,7322,1173,16,1,"[{'tag': 'iframe', 'src': 'https://19c7a0b6e74e380fdf5d562fe9e8275f.safeframe.googlesyndication.com/safeframe/1-0-45/html/container.html', 'aria_label': 'Advertisement', 'class': None, 'id': 'google_ads_iframe_/162717810,22769416952/theshiftnews.com/interstitial_0', 'text': ''}]",10,652,the_shift,home_page
88,55,67,11,9,6,30,44,7322,1173,16,1,"[{'tag': 'iframe', 'src': 'https://19c7a0b6e74e380fdf5d562fe9e8275f.safeframe.googlesyndication.com/safeframe/1-0-45/html/container.html', 'aria_label': 'Advertisement', 'class': None, 'id': 'google_ads_iframe_/162717810,22769416952/theshiftnews.com/interstitial_0', 'text': ''}]",10,653,the_shift,home_page
88,55,67,11,9,6,30,44,7322,1173,16,1,"[{'tag': 'iframe', 'src': 'https://19c7a0b6e74e380fdf5d562fe9e8275f.safeframe.googlesyndication.com/safeframe/1-0-45/html/container.html', 'aria_label': 'Advertisement', 'class': None, 'id': 'google_ads_iframe_/162717810,22769416952/theshiftnews.com/interstitial_0', 'text': ''}]",10,654,the_shift,home_page
88,55,67,11,9,6,30,44,7322,1173,16,1,"[{'tag': 'iframe', 'src': 'https://19c7a0b6e74e380fdf5d562fe9e8275f.safeframe.googlesyndication.com/safeframe/1-0-45/html/container.html', 'aria_label': 'Advertisement', 'class': None, 'id': 'google_ads_iframe_/162717810,22769416952/theshiftnews.com/interstitial_0', 'text': ''}]",10,655,the_shift,home_page
88,55,67,11,9,6,30,44,7322,1173,16,1,"[{'tag': 'iframe', 'src': 'https://19c7a0b6e74e380fdf5d562fe9e8275f.safeframe.googlesyndication.com/safeframe/1-0-45/html/container.html', 'aria_label': 'Advertisement', 'class': None, 'id': 'google_ads_iframe_/162717810,22769416952/theshiftnews.com/interstitial_0', 'text': ''}]",10,656,the_shift,home_page
88,55,67,11,9,6,30,44,7322,1173,16,1,"[{'tag': 'iframe', 'src': 'https://19c7a0b6e74e380fdf5d562fe9e8275f.safeframe.googlesyndication.com/safeframe/1-0-45/html/container.html', 'aria_label': 'Advertisement', 'class': None, 'id': 'google_ads_iframe_/162717810,22769416952/theshiftnews.com/interstitial_0', 'text': ''}]",10,657,the_shift,home_page
88,55,67,11,9,6,30,44,7322,1173,16,1,"[{'tag': 'iframe', 'src': 'https://19c7a0b6e74e380fdf5d562fe9e8275f.safeframe.googlesyndication.com/safeframe/1-0-45/html/container.html', 'aria_label': 'Advertisement', 'class': None, 'id': 'google_ads_iframe_/162717810,22769416952/theshiftnews.com/interstitial_0', 'text': ''}]",10,658,the_shift,home_page
88,55,67,11,9,6,30,44,7322,1173,16,1,"[{'tag': 'iframe', 'src': 'https://19c7a0b6e74e380fdf5d562fe9e8275f.safeframe.googlesyndication.com/safeframe/1-0-45/html/container.html', 'aria_label': 'Advertisement', 'class': None, 'id': 'google_ads_iframe_/162717810,22769416952/theshiftnews.com/interstitial_0', 'text': ''}]",10,659,the_shift,home_page
88,55,67,11,9,6,30,44,7322,1173,16,1,"[{'tag': 'iframe', 'src': 'https://19c7a0b6e74e380fdf5d562fe9e8275f.safeframe.googlesyndication.com/safeframe/1-0-45/html/container.html', 'aria_label': 'Advertisement', 'class': None, 'id': 'google_ads_iframe_/162717810,22769416952/theshiftnews.com/interstitial_0', 'text': ''}]",10,660,the_shift,home_page
88,55,67,11,9,6,30,44,7322,1173,16,1,"[{'tag': 'iframe', 'src': 'https://19c7a0b6e74e380fdf5d562fe9e8275f.safeframe.googlesyndication.com/safeframe/1-0-45/html/container.html', 'aria_label': 'Advertisement', 'class': None, 'id': 'google_ads_iframe_/162717810,22769416952/theshiftnews.com/interstitial_0', 'text': ''}]",10,661,the_shift,home_page
88,55,67,11,9,6,30,44,7322,1173,16,1,"[{'tag': 'iframe', 'src': 'https://19c7a0b6e74e380fdf5d562fe9e8275f.safeframe.googlesyndication.com/safeframe/1-0-45/html/container.html', 'aria_label': 'Advertisement', 'class': None, 'id': 'google_ads_iframe_/162717810,22769416952/theshiftnews.com/interstitial_0', 'text': ''}]",10,662,the_shift,home_page
88,55,67,11,9,6,30,44,7322,1173,16,1,"[{'tag': 'iframe', 'src': 'https://19c7a0b6e74e380fdf5d562fe9e8275f.safeframe.googlesyndication.com/safeframe/1-0-45/html/container.html', 'aria_label': 'Advertisement', 'class': None, 'id': 'google_ads_iframe_/162717810,22769416952/theshiftnews.com/interstitial_0', 'text': ''}]",10,663,the_shift,home_page
88,55,67,11,9,6,30,44,7322,1173,16,1,"[{'tag': 'iframe', 'src': 'https://19c7a0b6e74e380fdf5d562fe9e8275f.safeframe.googlesyndication.com/safeframe/1-0-45/html/container.html', 'aria_label': 'Advertisement', 'class': None, 'id': 'google_ads_iframe_/162717810,22769416952/theshiftnews.com/interstitial_0', 'text': ''}]",10,664,the_shift,home_page
88,55,67,11,9,6,30,44,7322,1173,16,1,"[{'tag': 'iframe', 'src': 'https://19c7a0b6e74e380fdf5d562fe9e8275f.safeframe.googlesyndication.com/safeframe/1-0-45/html/container.html', 'aria_label': 'Advertisement', 'class': None, 'id': 'google_ads_iframe_/162717810,22769416952/theshiftnews.com/interstitial_0', 'text': ''}]",10,665,the_shift,home_page
88,55,67,11,9,6,30,44,7322,1173,16,1,"[{'tag': 'iframe', 'src': 'https://19c7a0b6e74e380fdf5d562fe9e8275f.safeframe.googlesyndication.com/safeframe/1-0-45/html/container.html', 'aria_label': 'Advertisement', 'class': None, 'id': 'google_ads_iframe_/162717810,22769416952/theshiftnews.com/interstitial_0', 'text': ''}]",10,666,the_shift,home_page
181,62,36,10,1,2,33,34,6297,1014,14,2,"[{'tag': 'iframe', 'src': None, 'aria_label': 'Advertisement', 'class': None, 'id': 'google_ads_iframe_/162717810,22769416952/theshiftnews.com/header_0', 'text': ''}, {'tag': 'iframe', 'src': 'https://63e0f9fa73f9f7c634af9152bbd562a7.safeframe.googlesyndication.com/safeframe/1-0-45/html/container.html', 'aria_label': 'Advertisement', 'class': None, 'id': 'google_ads_iframe_/162717810,22769416952/theshiftnews.com/interstitial_0', 'text': ''}]",8,667,the_shift,news_listing
181,62,36,10,1,2,33,34,6297,1014,14,2,"[{'tag': 'iframe', 'src': None, 'aria_label': 'Advertisement', 'class': None, 'id': 'google_ads_iframe_/162717810,22769416952/theshiftnews.com/header_0', 'text': ''}, {'tag': 'iframe', 'src': 'https://63e0f9fa73f9f7c634af9152bbd562a7.safeframe.googlesyndication.com/safeframe/1-0-45/html/container.html', 'aria_label': 'Advertisement', 'class': None, 'id': 'google_ads_iframe_/162717810,22769416952/theshiftnews.com/interstitial_0', 'text': ''}]",8,668,the_shift,news_listing
181,62,36,10,1,2,33,34,6297,1014,14,2,"[{'tag': 'iframe', 'src': None, 'aria_label': 'Advertisement', 'class': None, 'id': 'google_ads_iframe_/162717810,22769416952/theshiftnews.com/header_0', 'text': ''}, {'tag': 'iframe', 'src': 'https://63e0f9fa73f9f7c634af9152bbd562a7.safeframe.googlesyndication.com/safeframe/1-0-45/html/container.html', 'aria_label': 'Advertisement', 'class': None, 'id': 'google_ads_iframe_/162717810,22769416952/theshiftnews.com/interstitial_0', 'text': ''}]",8,669,the_shift,news_listing
181,62,36,10,1,2,33,34,6297,1014,14,2,"[{'tag': 'iframe', 'src': None, 'aria_label': 'Advertisement', 'class': None, 'id': 'google_ads_iframe_/162717810,22769416952/theshiftnews.com/header_0', 'text': ''}, {'tag': 'iframe', 'src': 'https://63e0f9fa73f9f7c634af9152bbd562a7.safeframe.googlesyndication.com/safeframe/1-0-45/html/container.html', 'aria_label': 'Advertisement', 'class': None, 'id': 'google_ads_iframe_/162717810,22769416952/theshiftnews.com/interstitial_0', 'text': ''}]",8,670,the_shift,news_listing
181,62,36,10,1,2,33,34,6297,1014,14,2,"[{'tag': 'iframe', 'src': None, 'aria_label': 'Advertisement', 'class': None, 'id': 'google_ads_iframe_/162717810,22769416952/theshiftnews.com/header_0', 'text': ''}, {'tag': 'iframe', 'src': 'https://63e0f9fa73f9f7c634af9152bbd562a7.safeframe.googlesyndication.com/safeframe/1-0-45/html/container.html', 'aria_label': 'Advertisement', 'class': None, 'id': 'google_ads_iframe_/162717810,22769416952/theshiftnews.com/interstitial_0', 'text': ''}]",8,671,the_shift,news_listing
181,62,36,10,1,2,33,34,6297,1014,14,2,"[{'tag': 'iframe', 'src': None, 'aria_label': 'Advertisement', 'class': None, 'id': 'google_ads_iframe_/162717810,22769416952/theshiftnews.com/header_0', 'text': ''}, {'tag': 'iframe', 'src': 'https://63e0f9fa73f9f7c634af9152bbd562a7.safeframe.googlesyndication.com/safeframe/1-0-45/html/container.html', 'aria_label': 'Advertisement', 'class': None, 'id': 'google_ads_iframe_/162717810,22769416952/theshiftnews.com/interstitial_0', 'text': ''}]",8,672,the_shift,news_listing
181,62,36,10,1,2,33,34,6297,1014,14,2,"[{'tag': 'iframe', 'src': None, 'aria_label': 'Advertisement', 'class': None, 'id': 'google_ads_iframe_/162717810,22769416952/theshiftnews.com/header_0', 'text': ''}, {'tag': 'iframe', 'src': 'https://63e0f9fa73f9f7c634af9152bbd562a7.safeframe.googlesyndication.com/safeframe/1-0-45/html/container.html', 'aria_label': 'Advertisement', 'class': None, 'id': 'google_ads_iframe_/162717810,22769416952/theshiftnews.com/interstitial_0', 'text': ''}]",8,673,the_shift,news_listing
181,62,36,10,1,2,33,34,6297,1014,14,2,"[{'tag': 'iframe', 'src': None, 'aria_label': 'Advertisement', 'class': None, 'id': 'google_ads_iframe_/162717810,22769416952/theshiftnews.com/header_0', 'text': ''}, {'tag': 'iframe', 'src': 'https://63e0f9fa73f9f7c634af9152bbd562a7.safeframe.googlesyndication.com/safeframe/1-0-45/html/container.html', 'aria_label': 'Advertisement', 'class': None, 'id': 'google_ads_iframe_/162717810,22769416952/theshiftnews.com/interstitial_0', 'text': ''}]",8,674,the_shift,news_listing
195,63,36,10,1,2,33,34,6411,1004,14,2,"[{'tag': 'iframe', 'src': 'https://7d33063009b60dc492c64acc7c11aa6d.safeframe.googlesyndication.com/safeframe/1-0-45/html/container.html', 'aria_label': 'Advertisement', 'class': None, 'id': 'google_ads_iframe_/162717810,22769416952/theshiftnews.com/header_0', 'text': ''}, {'tag': 'iframe', 'src': 'https://7d33063009b60dc492c64acc7c11aa6d.safeframe.googlesyndication.com/safeframe/1-0-45/html/container.html', 'aria_label': 'Advertisement', 'class': None, 'id': 'google_ads_iframe_/162717810,22769416952/theshiftnews.com/interstitial_0', 'text': ''}]",8,675,the_shift,news_listing
195,63,36,10,1,2,33,34,6411,1004,14,2,"[{'tag': 'iframe', 'src': 'https://7d33063009b60dc492c64acc7c11aa6d.safeframe.googlesyndication.com/safeframe/1-0-45/html/container.html', 'aria_label': 'Advertisement', 'class': None, 'id': 'google_ads_iframe_/162717810,22769416952/theshiftnews.com/header_0', 'text': ''}, {'tag': 'iframe', 'src': 'https://7d33063009b60dc492c64acc7c11aa6d.safeframe.googlesyndication.com/safeframe/1-0-45/html/container.html', 'aria_label': 'Advertisement', 'class': None, 'id': 'google_ads_iframe_/162717810,22769416952/theshiftnews.com/interstitial_0', 'text': ''}]",8,676,the_shift,news_listing
195,63,36,10,1,2,33,34,6411,1004,14,2,"[{'tag': 'iframe', 'src': 'https://7d33063009b60dc492c64acc7c11aa6d.safeframe.googlesyndication.com/safeframe/1-0-45/html/container.html', 'aria_label': 'Advertisement', 'class': None, 'id': 'google_ads_iframe_/162717810,22769416952/theshiftnews.com/header_0', 'text': ''}, {'tag': 'iframe', 'src': 'https://7d33063009b60dc492c64acc7c11aa6d.safeframe.googlesyndication.com/safeframe/1-0-45/html/container.html', 'aria_label': 'Advertisement', 'class': None, 'id': 'google_ads_iframe_/162717810,22769416952/theshiftnews.com/interstitial_0', 'text': ''}]",8,677,the_shift,news_listing
195,63,36,10,1,2,33,34,6411,1004,14,2,"[{'tag': 'iframe', 'src': 'https://7d33063009b60dc492c64acc7c11aa6d.safeframe.googlesyndication.com/safeframe/1-0-45/html/container.html', 'aria_label': 'Advertisement', 'class': None, 'id': 'google_ads_iframe_/162717810,22769416952/theshiftnews.com/header_0', 'text': ''}, {'tag': 'iframe', 'src': 'https://7d33063009b60dc492c64acc7c11aa6d.safeframe.googlesyndication.com/safeframe/1-0-45/html/container.html', 'aria_label': 'Advertisement', 'class': None, 'id': 'google_ads_iframe_/162717810,22769416952/theshiftnews.com/interstitial_0', 'text': ''}]",8,678,the_shift,news_listing
195,63,36,10,1,2,33,34,6411,1004,14,2,"[{'tag': 'iframe', 'src': 'https://7d33063009b60dc492c64acc7c11aa6d.safeframe.googlesyndication.com/safeframe/1-0-45/html/container.html', 'aria_label': 'Advertisement', 'class': None, 'id': 'google_ads_iframe_/162717810,22769416952/theshiftnews.com/header_0', 'text': ''}, {'tag': 'iframe', 'src': 'https://7d33063009b60dc492c64acc7c11aa6d.safeframe.googlesyndication.com/safeframe/1-0-45/html/container.html', 'aria_label': 'Advertisement', 'class': None, 'id': 'google_ads_iframe_/162717810,22769416952/theshiftnews.com/interstitial_0', 'text': ''}]",8,679,the_shift,news_listing
195,63,36,10,1,2,33,34,6411,1004,14,2,"[{'tag': 'iframe', 'src': 'https://7d33063009b60dc492c64acc7c11aa6d.safeframe.googlesyndication.com/safeframe/1-0-45/html/container.html', 'aria_label': 'Advertisement', 'class': None, 'id': 'google_ads_iframe_/162717810,22769416952/theshiftnews.com/header_0', 'text': ''}, {'tag': 'iframe', 'src': 'https://7d33063009b60dc492c64acc7c11aa6d.safeframe.googlesyndication.com/safeframe/1-0-45/html/container.html', 'aria_label': 'Advertisement', 'class': None, 'id': 'google_ads_iframe_/162717810,22769416952/theshiftnews.com/interstitial_0', 'text': ''}]",8,680,the_shift,news_listing
195,63,36,10,1,2,33,34,6411,1004,14,2,"[{'tag': 'iframe', 'src': 'https://7d33063009b60dc492c64acc7c11aa6d.safeframe.googlesyndication.com/safeframe/1-0-45/html/container.html', 'aria_label': 'Advertisement', 'class': None, 'id': 'google_ads_iframe_/162717810,22769416952/theshiftnews.com/header_0', 'text': ''}, {'tag': 'iframe', 'src': 'https://7d33063009b60dc492c64acc7c11aa6d.safeframe.googlesyndication.com/safeframe/1-0-45/html/container.html', 'aria_label': 'Advertisement', 'class': None, 'id': 'google_ads_iframe_/162717810,22769416952/theshiftnews.com/interstitial_0', 'text': ''}]",8,681,the_shift,news_listing
200,63,36,10,1,2,33,34,6612,1029,14,2,"[{'tag': 'iframe', 'src': None, 'aria_label': 'Advertisement', 'class': None, 'id': 'google_ads_iframe_/162717810,22769416952/theshiftnews.com/header_0', 'text': ''}, {'tag': 'iframe', 'src': 'https://c60b0bb264f76d9fbc25c63506fccef8.safeframe.googlesyndication.com/safeframe/1-0-45/html/container.html', 'aria_label': 'Advertisement', 'class': None, 'id': 'google_ads_iframe_/162717810,22769416952/theshiftnews.com/interstitial_0', 'text': ''}]",8,682,the_shift,news_listing
200,63,36,10,1,2,33,34,6612,1029,14,2,"[{'tag': 'iframe', 'src': None, 'aria_label': 'Advertisement', 'class': None, 'id': 'google_ads_iframe_/162717810,22769416952/theshiftnews.com/header_0', 'text': ''}, {'tag': 'iframe', 'src': 'https://c60b0bb264f76d9fbc25c63506fccef8.safeframe.googlesyndication.com/safeframe/1-0-45/html/container.html', 'aria_label': 'Advertisement', 'class': None, 'id': 'google_ads_iframe_/162717810,22769416952/theshiftnews.com/interstitial_0', 'text': ''}]",8,683,the_shift,news_listing
200,63,36,10,1,2,33,34,6612,1029,14,2,"[{'tag': 'iframe', 'src': None, 'aria_label': 'Advertisement', 'class': None, 'id': 'google_ads_iframe_/162717810,22769416952/theshiftnews.com/header_0', 'text': ''}, {'tag': 'iframe', 'src': 'https://c60b0bb264f76d9fbc25c63506fccef8.safeframe.googlesyndication.com/safeframe/1-0-45/html/container.html', 'aria_label': 'Advertisement', 'class': None, 'id': 'google_ads_iframe_/162717810,22769416952/theshiftnews.com/interstitial_0', 'text': ''}]",8,684,the_shift,news_listing
200,63,36,10,1,2,33,34,6612,1029,14,2,"[{'tag': 'iframe', 'src': None, 'aria_label': 'Advertisement', 'class': None, 'id': 'google_ads_iframe_/162717810,22769416952/theshiftnews.com/header_0', 'text': ''}, {'tag': 'iframe', 'src': 'https://c60b0bb264f76d9fbc25c63506fccef8.safeframe.googlesyndication.com/safeframe/1-0-45/html/container.html', 'aria_label': 'Advertisement', 'class': None, 'id': 'google_ads_iframe_/162717810,22769416952/theshiftnews.com/interstitial_0', 'text': ''}]",8,685,the_shift,news_listing
200,63,36,10,1,2,33,34,6612,1029,14,2,"[{'tag': 'iframe', 'src': None, 'aria_label': 'Advertisement', 'class': None, 'id': 'google_ads_iframe_/162717810,22769416952/theshiftnews.com/header_0', 'text': ''}, {'tag': 'iframe', 'src': 'https://c60b0bb264f76d9fbc25c63506fccef8.safeframe.googlesyndication.com/safeframe/1-0-45/html/container.html', 'aria_label': 'Advertisement', 'class': None, 'id': 'google_ads_iframe_/162717810,22769416952/theshiftnews.com/interstitial_0', 'text': ''}]",8,686,the_shift,news_listing
200,63,36,10,1,2,33,34,6612,1029,14,2,"[{'tag': 'iframe', 'src': None, 'aria_label': 'Advertisement', 'class': None, 'id': 'google_ads_iframe_/162717810,22769416952/theshiftnews.com/header_0', 'text': ''}, {'tag': 'iframe', 'src': 'https://c60b0bb264f76d9fbc25c63506fccef8.safeframe.googlesyndication.com/safeframe/1-0-45/html/container.html', 'aria_label': 'Advertisement', 'class': None, 'id': 'google_ads_iframe_/162717810,22769416952/theshiftnews.com/interstitial_0', 'text': ''}]",8,687,the_shift,news_listing
200,63,36,10,1,2,33,34,6612,1029,14,2,"[{'tag': 'iframe', 'src': None, 'aria_label': 'Advertisement', 'class': None, 'id': 'google_ads_iframe_/162717810,22769416952/theshiftnews.com/header_0', 'text': ''}, {'tag': 'iframe', 'src': 'https://c60b0bb264f76d9fbc25c63506fccef8.safeframe.googlesyndication.com/safeframe/1-0-45/html/container.html', 'aria_label': 'Advertisement', 'class': None, 'id': 'google_ads_iframe_/162717810,22769416952/theshiftnews.com/interstitial_0', 'text': ''}]",8,688,the_shift,news_listing
195,63,36,10,1,2,33,34,6680,1058,14,2,"[{'tag': 'iframe', 'src': None, 'aria_label': 'Advertisement', 'class': None, 'id': 'google_ads_iframe_/162717810,22769416952/theshiftnews.com/header_0', 'text': ''}, {'tag': 'iframe', 'src': 'https://697d6842372581c3e82ef01a8684337c.safeframe.googlesyndication.com/safeframe/1-0-45/html/container.html', 'aria_label': 'Advertisement', 'class': None, 'id': 'google_ads_iframe_/162717810,22769416952/theshiftnews.com/interstitial_0', 'text': ''}]",8,689,the_shift,news_listing
195,63,36,10,1,2,33,34,6680,1058,14,2,"[{'tag': 'iframe', 'src': None, 'aria_label': 'Advertisement', 'class': None, 'id': 'google_ads_iframe_/162717810,22769416952/theshiftnews.com/header_0', 'text': ''}, {'tag': 'iframe', 'src': 'https://697d6842372581c3e82ef01a8684337c.safeframe.googlesyndication.com/safeframe/1-0-45/html/container.html', 'aria_label': 'Advertisement', 'class': None, 'id': 'google_ads_iframe_/162717810,22769416952/theshiftnews.com/interstitial_0', 'text': ''}]",8,690,the_shift,news_listing
195,63,36,10,1,2,33,34,6680,1058,14,2,"[{'tag': 'iframe', 'src': None, 'aria_label': 'Advertisement', 'class': None, 'id': 'google_ads_iframe_/162717810,22769416952/theshiftnews.com/header_0', 'text': ''}, {'tag': 'iframe', 'src': 'https://697d6842372581c3e82ef01a8684337c.safeframe.googlesyndication.com/safeframe/1-0-45/html/container.html', 'aria_label': 'Advertisement', 'class': None, 'id': 'google_ads_iframe_/162717810,22769416952/theshiftnews.com/interstitial_0', 'text': ''}]",8,691,the_shift,news_listing
195,63,36,10,1,2,33,34,6680,1058,14,2,"[{'tag': 'iframe', 'src': None, 'aria_label': 'Advertisement', 'class': None, 'id': 'google_ads_iframe_/162717810,22769416952/theshiftnews.com/header_0', 'text': ''}, {'tag': 'iframe', 'src': 'https://697d6842372581c3e82ef01a8684337c.safeframe.googlesyndication.com/safeframe/1-0-45/html/container.html', 'aria_label': 'Advertisement', 'class': None, 'id': 'google_ads_iframe_/162717810,22769416952/theshiftnews.com/interstitial_0', 'text': ''}]",8,692,the_shift,news_listing
195,63,36,10,1,2,33,34,6680,1058,14,2,"[{'tag': 'iframe', 'src': None, 'aria_label': 'Advertisement', 'class': None, 'id': 'google_ads_iframe_/162717810,22769416952/theshiftnews.com/header_0', 'text': ''}, {'tag': 'iframe', 'src': 'https://697d6842372581c3e82ef01a8684337c.safeframe.googlesyndication.com/safeframe/1-0-45/html/container.html', 'aria_label': 'Advertisement', 'class': None, 'id': 'google_ads_iframe_/162717810,22769416952/theshiftnews.com/interstitial_0', 'text': ''}]",8,693,the_shift,news_listing
195,63,36,10,1,2,33,34,6680,1058,14,2,"[{'tag': 'iframe', 'src': None, 'aria_label': 'Advertisement', 'class': None, 'id': 'google_ads_iframe_/162717810,22769416952/theshiftnews.com/header_0', 'text': ''}, {'tag': 'iframe', 'src': 'https://697d6842372581c3e82ef01a8684337c.safeframe.googlesyndication.com/safeframe/1-0-45/html/container.html', 'aria_label': 'Advertisement', 'class': None, 'id': 'google_ads_iframe_/162717810,22769416952/theshiftnews.com/interstitial_0', 'text': ''}]",8,694,the_shift,news_listing
195,63,36,10,1,2,33,34,6680,1058,14,2,"[{'tag': 'iframe', 'src': None, 'aria_label': 'Advertisement', 'class': None, 'id': 'google_ads_iframe_/162717810,22769416952/theshiftnews.com/header_0', 'text': ''}, {'tag': 'iframe', 'src': 'https://697d6842372581c3e82ef01a8684337c.safeframe.googlesyndication.com/safeframe/1-0-45/html/container.html', 'aria_label': 'Advertisement', 'class': None, 'id': 'google_ads_iframe_/162717810,22769416952/theshiftnews.com/interstitial_0', 'text': ''}]",8,695,the_shift,news_listing
195,63,36,10,1,2,33,34,6680,1058,14,2,"[{'tag': 'iframe', 'src': None, 'aria_label': 'Advertisement', 'class': None, 'id': 'google_ads_iframe_/162717810,22769416952/theshiftnews.com/header_0', 'text': ''}, {'tag': 'iframe', 'src': 'https://697d6842372581c3e82ef01a8684337c.safeframe.googlesyndication.com/safeframe/1-0-45/html/container.html', 'aria_label': 'Advertisement', 'class': None, 'id': 'google_ads_iframe_/162717810,22769416952/theshiftnews.com/interstitial_0', 'text': ''}]",8,696,the_shift,news_listing
185,63,33,7,1,2,33,34,6503,1035,14,2,"[{'tag': 'iframe', 'src': 'https://7176179830d0ee3cb49abe4c11cd383f.safeframe.googlesyndication.com/safeframe/1-0-45/html/container.html', 'aria_label': 'Advertisement', 'class': None, 'id': 'google_ads_iframe_/162717810,22769416952/theshiftnews.com/header_0', 'text': ''}, {'tag': 'iframe', 'src': 'https://7176179830d0ee3cb49abe4c11cd383f.safeframe.googlesyndication.com/safeframe/1-0-45/html/container.html', 'aria_label': 'Advertisement', 'class': None, 'id': 'google_ads_iframe_/162717810,22769416952/theshiftnews.com/interstitial_0', 'text': ''}]",5,697,the_shift,news_listing
185,63,33,7,1,2,33,34,6503,1035,14,2,"[{'tag': 'iframe', 'src': 'https://7176179830d0ee3cb49abe4c11cd383f.safeframe.googlesyndication.com/safeframe/1-0-45/html/container.html', 'aria_label': 'Advertisement', 'class': None, 'id': 'google_ads_iframe_/162717810,22769416952/theshiftnews.com/header_0', 'text': ''}, {'tag': 'iframe', 'src': 'https://7176179830d0ee3cb49abe4c11cd383f.safeframe.googlesyndication.com/safeframe/1-0-45/html/container.html', 'aria_label': 'Advertisement', 'class': None, 'id': 'google_ads_iframe_/162717810,22769416952/theshiftnews.com/interstitial_0', 'text': ''}]",5,698,the_shift,news_listing
185,63,33,7,1,2,33,34,6503,1035,14,2,"[{'tag': 'iframe', 'src': 'https://7176179830d0ee3cb49abe4c11cd383f.safeframe.googlesyndication.com/safeframe/1-0-45/html/container.html', 'aria_label': 'Advertisement', 'class': None, 'id': 'google_ads_iframe_/162717810,22769416952/theshiftnews.com/header_0', 'text': ''}, {'tag': 'iframe', 'src': 'https://7176179830d0ee3cb49abe4c11cd383f.safeframe.googlesyndication.com/safeframe/1-0-45/html/container.html', 'aria_label': 'Advertisement', 'class': None, 'id': 'google_ads_iframe_/162717810,22769416952/theshiftnews.com/interstitial_0', 'text': ''}]",5,699,the_shift,news_listing
185,63,33,7,1,2,33,34,6503,1035,14,2,"[{'tag': 'iframe', 'src': 'https://7176179830d0ee3cb49abe4c11cd383f.safeframe.googlesyndication.com/safeframe/1-0-45/html/container.html', 'aria_label': 'Advertisement', 'class': None, 'id': 'google_ads_iframe_/162717810,22769416952/theshiftnews.com/header_0', 'text': ''}, {'tag': 'iframe', 'src': 'https://7176179830d0ee3cb49abe4c11cd383f.safeframe.googlesyndication.com/safeframe/1-0-45/html/container.html', 'aria_label': 'Advertisement', 'class': None, 'id': 'google_ads_iframe_/162717810,22769416952/theshiftnews.com/interstitial_0', 'text': ''}]",5,700,the_shift,news_listing
185,63,33,7,1,2,33,34,6503,1035,14,2,"[{'tag': 'iframe', 'src': 'https://7176179830d0ee3cb49abe4c11cd383f.safeframe.googlesyndication.com/safeframe/1-0-45/html/container.html', 'aria_label': 'Advertisement', 'class': None, 'id': 'google_ads_iframe_/162717810,22769416952/theshiftnews.com/header_0', 'text': ''}, {'tag': 'iframe', 'src': 'https://7176179830d0ee3cb49abe4c11cd383f.safeframe.googlesyndication.com/safeframe/1-0-45/html/container.html', 'aria_label': 'Advertisement', 'class': None, 'id': 'google_ads_iframe_/162717810,22769416952/theshiftnews.com/interstitial_0', 'text': ''}]",5,701,the_shift,news_listing
185,63,33,7,1,2,33,34,6503,1035,14,2,"[{'tag': 'iframe', 'src': 'https://7176179830d0ee3cb49abe4c11cd383f.safeframe.googlesyndication.com/safeframe/1-0-45/html/container.html', 'aria_label': 'Advertisement', 'class': None, 'id': 'google_ads_iframe_/162717810,22769416952/theshiftnews.com/header_0', 'text': ''}, {'tag': 'iframe', 'src': 'https://7176179830d0ee3cb49abe4c11cd383f.safeframe.googlesyndication.com/safeframe/1-0-45/html/container.html', 'aria_label': 'Advertisement', 'class': None, 'id': 'google_ads_iframe_/162717810,22769416952/theshiftnews.com/interstitial_0', 'text': ''}]",5,702,the_shift,news_listing
185,63,33,7,1,2,33,34,6503,1035,14,2,"[{'tag': 'iframe', 'src': 'https://7176179830d0ee3cb49abe4c11cd383f.safeframe.googlesyndication.com/safeframe/1-0-45/html/container.html', 'aria_label': 'Advertisement', 'class': None, 'id': 'google_ads_iframe_/162717810,22769416952/theshiftnews.com/header_0', 'text': ''}, {'tag': 'iframe', 'src': 'https://7176179830d0ee3cb49abe4c11cd383f.safeframe.googlesyndication.com/safeframe/1-0-45/html/container.html', 'aria_label': 'Advertisement', 'class': None, 'id': 'google_ads_iframe_/162717810,22769416952/theshiftnews.com/interstitial_0', 'text': ''}]",5,703,the_shift,news_listing
185,63,43,10,1,2,33,34,6191,1009,14,1,"[{'tag': 'iframe', 'src': None, 'aria_label': 'Advertisement', 'class': None, 'id': 'google_ads_iframe_/162717810,22769416952/theshiftnews.com/header_0', 'text': ''}]",9,704,the_shift,news_listing
185,63,43,10,1,2,33,34,6191,1009,14,1,"[{'tag': 'iframe', 'src': None, 'aria_label': 'Advertisement', 'class': None, 'id': 'google_ads_iframe_/162717810,22769416952/theshiftnews.com/header_0', 'text': ''}]",9,705,the_shift,news_listing
185,63,43,10,1,2,33,34,6191,1009,14,1,"[{'tag': 'iframe', 'src': None, 'aria_label': 'Advertisement', 'class': None, 'id': 'google_ads_iframe_/162717810,22769416952/theshiftnews.com/header_0', 'text': ''}]",9,706,the_shift,news_listing
185,63,43,10,1,2,33,34,6191,1009,14,1,"[{'tag': 'iframe', 'src': None, 'aria_label': 'Advertisement', 'class': None, 'id': 'google_ads_iframe_/162717810,22769416952/theshiftnews.com/header_0', 'text': ''}]",9,707,the_shift,news_listing
185,63,43,10,1,2,33,34,6191,1009,14,1,"[{'tag': 'iframe', 'src': None, 'aria_label': 'Advertisement', 'class': None, 'id': 'google_ads_iframe_/162717810,22769416952/theshiftnews.com/header_0', 'text': ''}]",9,708,the_shift,news_listing
185,63,43,10,1,2,33,34,6191,1009,14,1,"[{'tag': 'iframe', 'src': None, 'aria_label': 'Advertisement', 'class': None, 'id': 'google_ads_iframe_/162717810,22769416952/theshiftnews.com/header_0', 'text': ''}]",9,709,the_shift,news_listing
187,63,36,10,1,2,33,34,6560,1036,14,2,"[{'tag': 'iframe', 'src': None, 'aria_label': 'Advertisement', 'class': None, 'id': 'google_ads_iframe_/162717810,22769416952/theshiftnews.com/header_0', 'text': ''}, {'tag': 'iframe', 'src': 'https://7b4c171b945a08883e1b014afebce856.safeframe.googlesyndication.com/safeframe/1-0-45/html/container.html', 'aria_label': 'Advertisement', 'class': None, 'id': 'google_ads_iframe_/162717810,22769416952/theshiftnews.com/interstitial_0', 'text': ''}]",8,710,the_shift,news_listing
187,63,36,10,1,2,33,34,6560,1036,14,2,"[{'tag': 'iframe', 'src': None, 'aria_label': 'Advertisement', 'class': None, 'id': 'google_ads_iframe_/162717810,22769416952/theshiftnews.com/header_0', 'text': ''}, {'tag': 'iframe', 'src': 'https://7b4c171b945a08883e1b014afebce856.safeframe.googlesyndication.com/safeframe/1-0-45/html/container.html', 'aria_label': 'Advertisement', 'class': None, 'id': 'google_ads_iframe_/162717810,22769416952/theshiftnews.com/interstitial_0', 'text': ''}]",8,711,the_shift,news_listing
187,63,36,10,1,2,33,34,6560,1036,14,2,"[{'tag': 'iframe', 'src': None, 'aria_label': 'Advertisement', 'class': None, 'id': 'google_ads_iframe_/162717810,22769416952/theshiftnews.com/header_0', 'text': ''}, {'tag': 'iframe', 'src': 'https://7b4c171b945a08883e1b014afebce856.safeframe.googlesyndication.com/safeframe/1-0-45/html/container.html', 'aria_label': 'Advertisement', 'class': None, 'id': 'google_ads_iframe_/162717810,22769416952/theshiftnews.com/interstitial_0', 'text': ''}]",8,712,the_shift,news_listing
187,63,36,10,1,2,33,34,6560,1036,14,2,"[{'tag': 'iframe', 'src': None, 'aria_label': 'Advertisement', 'class': None, 'id': 'google_ads_iframe_/162717810,22769416952/theshiftnews.com/header_0', 'text': ''}, {'tag': 'iframe', 'src': 'https://7b4c171b945a08883e1b014afebce856.safeframe.googlesyndication.com/safeframe/1-0-45/html/container.html', 'aria_label': 'Advertisement', 'class': None, 'id': 'google_ads_iframe_/162717810,22769416952/theshiftnews.com/interstitial_0', 'text': ''}]",8,713,the_shift,news_listing
187,63,36,10,1,2,33,34,6560,1036,14,2,"[{'tag': 'iframe', 'src': None, 'aria_label': 'Advertisement', 'class': None, 'id': 'google_ads_iframe_/162717810,22769416952/theshiftnews.com/header_0', 'text': ''}, {'tag': 'iframe', 'src': 'https://7b4c171b945a08883e1b014afebce856.safeframe.googlesyndication.com/safeframe/1-0-45/html/container.html', 'aria_label': 'Advertisement', 'class': None, 'id': 'google_ads_iframe_/162717810,22769416952/theshiftnews.com/interstitial_0', 'text': ''}]",8,714,the_shift,news_listing
187,63,36,10,1,2,33,34,6560,1036,14,2,"[{'tag': 'iframe', 'src': None, 'aria_label': 'Advertisement', 'class': None, 'id': 'google_ads_iframe_/162717810,22769416952/theshiftnews.com/header_0', 'text': ''}, {'tag': 'iframe', 'src': 'https://7b4c171b945a08883e1b014afebce856.safeframe.googlesyndication.com/safeframe/1-0-45/html/container.html', 'aria_label': 'Advertisement', 'class': None, 'id': 'google_ads_iframe_/162717810,22769416952/theshiftnews.com/interstitial_0', 'text': ''}]",8,715,the_shift,news_listing
187,63,36,10,1,2,33,34,6560,1036,14,2,"[{'tag': 'iframe', 'src': None, 'aria_label': 'Advertisement', 'class': None, 'id': 'google_ads_iframe_/162717810,22769416952/theshiftnews.com/header_0', 'text': ''}, {'tag': 'iframe', 'src': 'https://7b4c171b945a08883e1b014afebce856.safeframe.googlesyndication.com/safeframe/1-0-45/html/container.html', 'aria_label': 'Advertisement', 'class': None, 'id': 'google_ads_iframe_/162717810,22769416952/theshiftnews.com/interstitial_0', 'text': ''}]",8,716,the_shift,news_listing
185,63,36,9,1,2,33,34,6465,1034,14,1,"[{'tag': 'iframe', 'src': None, 'aria_label': 'Advertisement', 'class': None, 'id': 'google_ads_iframe_/162717810,22769416952/theshiftnews.com/header_0', 'text': ''}]",8,717,the_shift,news_listing
185,63,36,9,1,2,33,34,6465,1034,14,1,"[{'tag': 'iframe', 'src': None, 'aria_label': 'Advertisement', 'class': None, 'id': 'google_ads_iframe_/162717810,22769416952/theshiftnews.com/header_0', 'text': ''}]",8,718,the_shift,news_listing
185,63,36,9,1,2,33,34,6465,1034,14,1,"[{'tag': 'iframe', 'src': None, 'aria_label': 'Advertisement', 'class': None, 'id': 'google_ads_iframe_/162717810,22769416952/theshiftnews.com/header_0', 'text': ''}]",8,719,the_shift,news_listing
185,63,36,9,1,2,33,34,6465,1034,14,1,"[{'tag': 'iframe', 'src': None, 'aria_label': 'Advertisement', 'class': None, 'id': 'google_ads_iframe_/162717810,22769416952/theshiftnews.com/header_0', 'text': ''}]",8,720,the_shift,news_listing
185,63,36,9,1,2,33,34,6465,1034,14,1,"[{'tag': 'iframe', 'src': None, 'aria_label': 'Advertisement', 'class': None, 'id': 'google_ads_iframe_/162717810,22769416952/theshiftnews.com/header_0', 'text': ''}]",8,721,the_shift,news_listing
185,63,36,9,1,2,33,34,6465,1034,14,1,"[{'tag': 'iframe', 'src': None, 'aria_label': 'Advertisement', 'class': None, 'id': 'google_ads_iframe_/162717810,22769416952/theshiftnews.com/header_0', 'text': ''}]",8,722,the_shift,news_listing
127,43,62,9,5,6,46,24,8533,1343,26,0,[],9,723,the_shift,article_pages
127,43,62,9,5,6,46,24,8533,1343,26,0,[],9,724,the_shift,article_pages
127,43,62,9,5,6,46,24,8533,1343,26,0,[],9,725,the_shift,article_pages
127,43,62,9,5,6,46,24,8533,1343,26,0,[],9,726,the_shift,article_pages
127,43,62,9,5,6,46,24,8533,1343,26,0,[],9,727,the_shift,article_pages
127,43,62,9,5,6,46,24,8533,1343,26,0,[],9,728,the_shift,article_pages
127,43,62,9,5,6,46,24,8533,1343,26,0,[],9,729,the_shift,article_pages
127,43,62,9,5,6,46,24,8533,1343,26,0,[],9,730,the_shift,article_pages
127,43,62,9,5,6,46,24,8533,1343,26,0,[],9,731,the_shift,article_pages
127,43,62,9,5,6,46,24,8533,1343,26,0,[],9,732,the_shift,article_pages
127,43,62,9,5,6,46,24,8533,1343,26,0,[],9,733,the_shift,article_pages
127,43,62,9,5,6,46,24,8533,1343,26,0,[],9,734,the_shift,article_pages
127,43,62,9,5,6,46,24,8533,1343,26,0,[],9,735,the_shift,article_pages
127,43,62,9,5,6,46,24,8533,1343,26,0,[],9,736,the_shift,article_pages
127,43,62,9,5,6,46,24,8533,1343,26,0,[],9,737,the_shift,article_pages
127,43,62,9,5,6,46,24,8533,1343,26,0,[],9,738,the_shift,article_pages
127,43,62,9,5,6,46,24,8533,1343,26,0,[],9,739,the_shift,article_pages
127,43,62,9,5,6,46,24,8533,1343,26,0,[],9,740,the_shift,article_pages
127,43,62,9,5,6,46,24,8533,1343,26,0,[],9,741,the_shift,article_pages
138,46,63,9,27,6,76,25,12869,2027,26,0,[],9,742,the_shift,article_pages
138,46,63,9,27,6,76,25,12869,2027,26,0,[],9,743,the_shift,article_pages
138,46,63,9,27,6,76,25,12869,2027,26,0,[],9,744,the_shift,article_pages
138,46,63,9,27,6,76,25,12869,2027,26,0,[],9,745,the_shift,article_pages
138,46,63,9,27,6,76,25,12869,2027,26,0,[],9,746,the_shift,article_pages
138,46,63,9,27,6,76,25,12869,2027,26,0,[],9,747,the_shift,article_pages
138,46,63,9,27,6,76,25,12869,2027,26,0,[],9,748,the_shift,article_pages
138,46,63,9,27,6,76,25,12869,2027,26,0,[],9,749,the_shift,article_pages
138,46,63,9,27,6,76,25,12869,2027,26,0,[],9,750,the_shift,article_pages
138,46,63,9,27,6,76,25,12869,2027,26,0,[],9,751,the_shift,article_pages
138,46,63,9,27,6,76,25,12869,2027,26,0,[],9,752,the_shift,article_pages
138,46,63,9,27,6,76,25,12869,2027,26,0,[],9,753,the_shift,article_pages
138,46,63,9,27,6,76,25,12869,2027,26,0,[],9,754,the_shift,article_pages
138,46,63,9,27,6,76,25,12869,2027,26,0,[],9,755,the_shift,article_pages
138,46,63,9,27,6,76,25,12869,2027,26,0,[],9,756,the_shift,article_pages
138,46,63,9,27,6,76,25,12869,2027,26,0,[],9,757,the_shift,article_pages
138,46,63,9,27,6,76,25,12869,2027,26,0,[],9,758,the_shift,article_pages
138,46,63,9,27,6,76,25,12869,2027,26,0,[],9,759,the_shift,article_pages
138,46,63,9,27,6,76,25,12869,2027,26,0,[],9,760,the_shift,article_pages
138,46,63,9,27,6,76,25,12869,2027,26,0,[],9,761,the_shift,article_pages
133,44,63,10,27,6,46,24,7787,1238,26,1,"[{'tag': 'iframe', 'src': 'https://adb91b820a23687e364712e8be44c101.safeframe.googlesyndication.com/safeframe/1-0-45/html/container.html', 'aria_label': 'Advertisement', 'class': None, 'id': 'google_ads_iframe_/162717810,22769416952/theshiftnews.com/interstitial_0', 'text': ''}]",9,762,the_shift,article_pages
133,44,63,10,27,6,46,24,7787,1238,26,1,"[{'tag': 'iframe', 'src': 'https://adb91b820a23687e364712e8be44c101.safeframe.googlesyndication.com/safeframe/1-0-45/html/container.html', 'aria_label': 'Advertisement', 'class': None, 'id': 'google_ads_iframe_/162717810,22769416952/theshiftnews.com/interstitial_0', 'text': ''}]",9,763,the_shift,article_pages
133,44,63,10,27,6,46,24,7787,1238,26,1,"[{'tag': 'iframe', 'src': 'https://adb91b820a23687e364712e8be44c101.safeframe.googlesyndication.com/safeframe/1-0-45/html/container.html', 'aria_label': 'Advertisement', 'class': None, 'id': 'google_ads_iframe_/162717810,22769416952/theshiftnews.com/interstitial_0', 'text': ''}]",9,764,the_shift,article_pages
133,44,63,10,27,6,46,24,7787,1238,26,1,"[{'tag': 'iframe', 'src': 'https://adb91b820a23687e364712e8be44c101.safeframe.googlesyndication.com/safeframe/1-0-45/html/container.html', 'aria_label': 'Advertisement', 'class': None, 'id': 'google_ads_iframe_/162717810,22769416952/theshiftnews.com/interstitial_0', 'text': ''}]",9,765,the_shift,article_pages
133,44,63,10,27,6,46,24,7787,1238,26,1,"[{'tag': 'iframe', 'src': 'https://adb91b820a23687e364712e8be44c101.safeframe.googlesyndication.com/safeframe/1-0-45/html/container.html', 'aria_label': 'Advertisement', 'class': None, 'id': 'google_ads_iframe_/162717810,22769416952/theshiftnews.com/interstitial_0', 'text': ''}]",9,766,the_shift,article_pages
133,44,63,10,27,6,46,24,7787,1238,26,1,"[{'tag': 'iframe', 'src': 'https://adb91b820a23687e364712e8be44c101.safeframe.googlesyndication.com/safeframe/1-0-45/html/container.html', 'aria_label': 'Advertisement', 'class': None, 'id': 'google_ads_iframe_/162717810,22769416952/theshiftnews.com/interstitial_0', 'text': ''}]",9,767,the_shift,article_pages
133,44,63,10,27,6,46,24,7787,1238,26,1,"[{'tag': 'iframe', 'src': 'https://adb91b820a23687e364712e8be44c101.safeframe.googlesyndication.com/safeframe/1-0-45/html/container.html', 'aria_label': 'Advertisement', 'class': None, 'id': 'google_ads_iframe_/162717810,22769416952/theshiftnews.com/interstitial_0', 'text': ''}]",9,768,the_shift,article_pages
133,44,63,10,27,6,46,24,7787,1238,26,1,"[{'tag': 'iframe', 'src': 'https://adb91b820a23687e364712e8be44c101.safeframe.googlesyndication.com/safeframe/1-0-45/html/container.html', 'aria_label': 'Advertisement', 'class': None, 'id': 'google_ads_iframe_/162717810,22769416952/theshiftnews.com/interstitial_0', 'text': ''}]",9,769,the_shift,article_pages
133,44,63,10,27,6,46,24,7787,1238,26,1,"[{'tag': 'iframe', 'src': 'https://adb91b820a23687e364712e8be44c101.safeframe.googlesyndication.com/safeframe/1-0-45/html/container.html', 'aria_label': 'Advertisement', 'class': None, 'id': 'google_ads_iframe_/162717810,22769416952/theshiftnews.com/interstitial_0', 'text': ''}]",9,770,the_shift,article_pages
133,44,63,10,27,6,46,24,7787,1238,26,1,"[{'tag': 'iframe', 'src': 'https://adb91b820a23687e364712e8be44c101.safeframe.googlesyndication.com/safeframe/1-0-45/html/container.html', 'aria_label': 'Advertisement', 'class': None, 'id': 'google_ads_iframe_/162717810,22769416952/theshiftnews.com/interstitial_0', 'text': ''}]",9,771,the_shift,article_pages
133,44,63,10,27,6,46,24,7787,1238,26,1,"[{'tag': 'iframe', 'src': 'https://adb91b820a23687e364712e8be44c101.safeframe.googlesyndication.com/safeframe/1-0-45/html/container.html', 'aria_label': 'Advertisement', 'class': None, 'id': 'google_ads_iframe_/162717810,22769416952/theshiftnews.com/interstitial_0', 'text': ''}]",9,772,the_shift,article_pages
133,44,63,10,27,6,46,24,7787,1238,26,1,"[{'tag': 'iframe', 'src': 'https://adb91b820a23687e364712e8be44c101.safeframe.googlesyndication.com/safeframe/1-0-45/html/container.html', 'aria_label': 'Advertisement', 'class': None, 'id': 'google_ads_iframe_/162717810,22769416952/theshiftnews.com/interstitial_0', 'text': ''}]",9,773,the_shift,article_pages
133,44,63,10,27,6,46,24,7787,1238,26,1,"[{'tag': 'iframe', 'src': 'https://adb91b820a23687e364712e8be44c101.safeframe.googlesyndication.com/safeframe/1-0-45/html/container.html', 'aria_label': 'Advertisement', 'class': None, 'id': 'google_ads_iframe_/162717810,22769416952/theshiftnews.com/interstitial_0', 'text': ''}]",9,774,the_shift,article_pages
133,44,63,10,27,6,46,24,7787,1238,26,1,"[{'tag': 'iframe', 'src': 'https://adb91b820a23687e364712e8be44c101.safeframe.googlesyndication.com/safeframe/1-0-45/html/container.html', 'aria_label': 'Advertisement', 'class': None, 'id': 'google_ads_iframe_/162717810,22769416952/theshiftnews.com/interstitial_0', 'text': ''}]",9,775,the_shift,article_pages
133,44,63,10,27,6,46,24,7787,1238,26,1,"[{'tag': 'iframe', 'src': 'https://adb91b820a23687e364712e8be44c101.safeframe.googlesyndication.com/safeframe/1-0-45/html/container.html', 'aria_label': 'Advertisement', 'class': None, 'id': 'google_ads_iframe_/162717810,22769416952/theshiftnews.com/interstitial_0', 'text': ''}]",9,776,the_shift,article_pages
133,44,63,10,27,6,46,24,7787,1238,26,1,"[{'tag': 'iframe', 'src': 'https://adb91b820a23687e364712e8be44c101.safeframe.googlesyndication.com/safeframe/1-0-45/html/container.html', 'aria_label': 'Advertisement', 'class': None, 'id': 'google_ads_iframe_/162717810,22769416952/theshiftnews.com/interstitial_0', 'text': ''}]",9,777,the_shift,article_pages
129,44,63,9,27,6,46,24,7443,1163,26,0,[],9,778,the_shift,article_pages
129,44,63,9,27,6,46,24,7443,1163,26,0,[],9,779,the_shift,article_pages
129,44,63,9,27,6,46,24,7443,1163,26,0,[],9,780,the_shift,article_pages
129,44,63,9,27,6,46,24,7443,1163,26,0,[],9,781,the_shift,article_pages
129,44,63,9,27,6,46,24,7443,1163,26,0,[],9,782,the_shift,article_pages
129,44,63,9,27,6,46,24,7443,1163,26,0,[],9,783,the_shift,article_pages
129,44,63,9,27,6,46,24,7443,1163,26,0,[],9,784,the_shift,article_pages
129,44,63,9,27,6,46,24,7443,1163,26,0,[],9,785,the_shift,article_pages
129,44,63,9,27,6,46,24,7443,1163,26,0,[],9,786,the_shift,article_pages
129,44,63,9,27,6,46,24,7443,1163,26,0,[],9,787,the_shift,article_pages
129,44,63,9,27,6,46,24,7443,1163,26,0,[],9,788,the_shift,article_pages
129,44,63,9,27,6,46,24,7443,1163,26,0,[],9,789,the_shift,article_pages
129,44,63,9,27,6,46,24,7443,1163,26,0,[],9,790,the_shift,article_pages
140,49,67,14,28,6,78,24,10630,1664,26,2,"[{'tag': 'iframe', 'src': 'https://e27762b050d7b5a24193ca6bd230fb75.safeframe.googlesyndication.com/safeframe/1-0-45/html/container.html', 'aria_label': 'Advertisement', 'class': None, 'id': 'google_ads_iframe_/162717810,22769416952/theshiftnews.com/reward_0', 'text': ''}, {'tag': 'iframe', 'src': 'https://e27762b050d7b5a24193ca6bd230fb75.safeframe.googlesyndication.com/safeframe/1-0-45/html/container.html', 'aria_label': 'Advertisement', 'class': None, 'id': 'google_ads_iframe_/162717810,22769416952/theshiftnews.com/interstitial_0', 'text': ''}]",12,791,the_shift,article_pages
140,49,67,14,28,6,78,24,10630,1664,26,2,"[{'tag': 'iframe', 'src': 'https://e27762b050d7b5a24193ca6bd230fb75.safeframe.googlesyndication.com/safeframe/1-0-45/html/container.html', 'aria_label': 'Advertisement', 'class': None, 'id': 'google_ads_iframe_/162717810,22769416952/theshiftnews.com/reward_0', 'text': ''}, {'tag': 'iframe', 'src': 'https://e27762b050d7b5a24193ca6bd230fb75.safeframe.googlesyndication.com/safeframe/1-0-45/html/container.html', 'aria_label': 'Advertisement', 'class': None, 'id': 'google_ads_iframe_/162717810,22769416952/theshiftnews.com/interstitial_0', 'text': ''}]",12,792,the_shift,article_pages
140,49,67,14,28,6,78,24,10630,1664,26,2,"[{'tag': 'iframe', 'src': 'https://e27762b050d7b5a24193ca6bd230fb75.safeframe.googlesyndication.com/safeframe/1-0-45/html/container.html', 'aria_label': 'Advertisement', 'class': None, 'id': 'google_ads_iframe_/162717810,22769416952/theshiftnews.com/reward_0', 'text': ''}, {'tag': 'iframe', 'src': 'https://e27762b050d7b5a24193ca6bd230fb75.safeframe.googlesyndication.com/safeframe/1-0-45/html/container.html', 'aria_label': 'Advertisement', 'class': None, 'id': 'google_ads_iframe_/162717810,22769416952/theshiftnews.com/interstitial_0', 'text': ''}]",12,793,the_shift,article_pages
140,49,67,14,28,6,78,24,10630,1664,26,2,"[{'tag': 'iframe', 'src': 'https://e27762b050d7b5a24193ca6bd230fb75.safeframe.googlesyndication.com/safeframe/1-0-45/html/container.html', 'aria_label': 'Advertisement', 'class': None, 'id': 'google_ads_iframe_/162717810,22769416952/theshiftnews.com/reward_0', 'text': ''}, {'tag': 'iframe', 'src': 'https://e27762b050d7b5a24193ca6bd230fb75.safeframe.googlesyndication.com/safeframe/1-0-45/html/container.html', 'aria_label': 'Advertisement', 'class': None, 'id': 'google_ads_iframe_/162717810,22769416952/theshiftnews.com/interstitial_0', 'text': ''}]",12,794,the_shift,article_pages
140,49,67,14,28,6,78,24,10630,1664,26,2,"[{'tag': 'iframe', 'src': 'https://e27762b050d7b5a24193ca6bd230fb75.safeframe.googlesyndication.com/safeframe/1-0-45/html/container.html', 'aria_label': 'Advertisement', 'class': None, 'id': 'google_ads_iframe_/162717810,22769416952/theshiftnews.com/reward_0', 'text': ''}, {'tag': 'iframe', 'src': 'https://e27762b050d7b5a24193ca6bd230fb75.safeframe.googlesyndication.com/safeframe/1-0-45/html/container.html', 'aria_label': 'Advertisement', 'class': None, 'id': 'google_ads_iframe_/162717810,22769416952/theshiftnews.com/interstitial_0', 'text': ''}]",12,795,the_shift,article_pages
140,49,67,14,28,6,78,24,10630,1664,26,2,"[{'tag': 'iframe', 'src': 'https://e27762b050d7b5a24193ca6bd230fb75.safeframe.googlesyndication.com/safeframe/1-0-45/html/container.html', 'aria_label': 'Advertisement', 'class': None, 'id': 'google_ads_iframe_/162717810,22769416952/theshiftnews.com/reward_0', 'text': ''}, {'tag': 'iframe', 'src': 'https://e27762b050d7b5a24193ca6bd230fb75.safeframe.googlesyndication.com/safeframe/1-0-45/html/container.html', 'aria_label': 'Advertisement', 'class': None, 'id': 'google_ads_iframe_/162717810,22769416952/theshiftnews.com/interstitial_0', 'text': ''}]",12,796,the_shift,article_pages
140,49,67,14,28,6,78,24,10630,1664,26,2,"[{'tag': 'iframe', 'src': 'https://e27762b050d7b5a24193ca6bd230fb75.safeframe.googlesyndication.com/safeframe/1-0-45/html/container.html', 'aria_label': 'Advertisement', 'class': None, 'id': 'google_ads_iframe_/162717810,22769416952/theshiftnews.com/reward_0', 'text': ''}, {'tag': 'iframe', 'src': 'https://e27762b050d7b5a24193ca6bd230fb75.safeframe.googlesyndication.com/safeframe/1-0-45/html/container.html', 'aria_label': 'Advertisement', 'class': None, 'id': 'google_ads_iframe_/162717810,22769416952/theshiftnews.com/interstitial_0', 'text': ''}]",12,797,the_shift,article_pages
140,49,67,14,28,6,78,24,10630,1664,26,2,"[{'tag': 'iframe', 'src': 'https://e27762b050d7b5a24193ca6bd230fb75.safeframe.googlesyndication.com/safeframe/1-0-45/html/container.html', 'aria_label': 'Advertisement', 'class': None, 'id': 'google_ads_iframe_/162717810,22769416952/theshiftnews.com/reward_0', 'text': ''}, {'tag': 'iframe', 'src': 'https://e27762b050d7b5a24193ca6bd230fb75.safeframe.googlesyndication.com/safeframe/1-0-45/html/container.html', 'aria_label': 'Advertisement', 'class': None, 'id': 'google_ads_iframe_/162717810,22769416952/theshiftnews.com/interstitial_0', 'text': ''}]",12,798,the_shift,article_pages
140,49,67,14,28,6,78,24,10630,1664,26,2,"[{'tag': 'iframe', 'src': 'https://e27762b050d7b5a24193ca6bd230fb75.safeframe.googlesyndication.com/safeframe/1-0-45/html/container.html', 'aria_label': 'Advertisement', 'class': None, 'id': 'google_ads_iframe_/162717810,22769416952/theshiftnews.com/reward_0', 'text': ''}, {'tag': 'iframe', 'src': 'https://e27762b050d7b5a24193ca6bd230fb75.safeframe.googlesyndication.com/safeframe/1-0-45/html/container.html', 'aria_label': 'Advertisement', 'class': None, 'id': 'google_ads_iframe_/162717810,22769416952/theshiftnews.com/interstitial_0', 'text': ''}]",12,799,the_shift,article_pages
140,49,67,14,28,6,78,24,10630,1664,26,2,"[{'tag': 'iframe', 'src': 'https://e27762b050d7b5a24193ca6bd230fb75.safeframe.googlesyndication.com/safeframe/1-0-45/html/container.html', 'aria_label': 'Advertisement', 'class': None, 'id': 'google_ads_iframe_/162717810,22769416952/theshiftnews.com/reward_0', 'text': ''}, {'tag': 'iframe', 'src': 'https://e27762b050d7b5a24193ca6bd230fb75.safeframe.googlesyndication.com/safeframe/1-0-45/html/container.html', 'aria_label': 'Advertisement', 'class': None, 'id': 'google_ads_iframe_/162717810,22769416952/theshiftnews.com/interstitial_0', 'text': ''}]",12,800,the_shift,article_pages
140,49,67,14,28,6,78,24,10630,1664,26,2,"[{'tag': 'iframe', 'src': 'https://e27762b050d7b5a24193ca6bd230fb75.safeframe.googlesyndication.com/safeframe/1-0-45/html/container.html', 'aria_label': 'Advertisement', 'class': None, 'id': 'google_ads_iframe_/162717810,22769416952/theshiftnews.com/reward_0', 'text': ''}, {'tag': 'iframe', 'src': 'https://e27762b050d7b5a24193ca6bd230fb75.safeframe.googlesyndication.com/safeframe/1-0-45/html/container.html', 'aria_label': 'Advertisement', 'class': None, 'id': 'google_ads_iframe_/162717810,22769416952/theshiftnews.com/interstitial_0', 'text': ''}]",12,801,the_shift,article_pages
140,49,67,14,28,6,78,24,10630,1664,26,2,"[{'tag': 'iframe', 'src': 'https://e27762b050d7b5a24193ca6bd230fb75.safeframe.googlesyndication.com/safeframe/1-0-45/html/container.html', 'aria_label': 'Advertisement', 'class': None, 'id': 'google_ads_iframe_/162717810,22769416952/theshiftnews.com/reward_0', 'text': ''}, {'tag': 'iframe', 'src': 'https://e27762b050d7b5a24193ca6bd230fb75.safeframe.googlesyndication.com/safeframe/1-0-45/html/container.html', 'aria_label': 'Advertisement', 'class': None, 'id': 'google_ads_iframe_/162717810,22769416952/theshiftnews.com/interstitial_0', 'text': ''}]",12,802,the_shift,article_pages
140,49,67,14,28,6,78,24,10630,1664,26,2,"[{'tag': 'iframe', 'src': 'https://e27762b050d7b5a24193ca6bd230fb75.safeframe.googlesyndication.com/safeframe/1-0-45/html/container.html', 'aria_label': 'Advertisement', 'class': None, 'id': 'google_ads_iframe_/162717810,22769416952/theshiftnews.com/reward_0', 'text': ''}, {'tag': 'iframe', 'src': 'https://e27762b050d7b5a24193ca6bd230fb75.safeframe.googlesyndication.com/safeframe/1-0-45/html/container.html', 'aria_label': 'Advertisement', 'class': None, 'id': 'google_ads_iframe_/162717810,22769416952/theshiftnews.com/interstitial_0', 'text': ''}]",12,803,the_shift,article_pages
140,49,67,14,28,6,78,24,10630,1664,26,2,"[{'tag': 'iframe', 'src': 'https://e27762b050d7b5a24193ca6bd230fb75.safeframe.googlesyndication.com/safeframe/1-0-45/html/container.html', 'aria_label': 'Advertisement', 'class': None, 'id': 'google_ads_iframe_/162717810,22769416952/theshiftnews.com/reward_0', 'text': ''}, {'tag': 'iframe', 'src': 'https://e27762b050d7b5a24193ca6bd230fb75.safeframe.googlesyndication.com/safeframe/1-0-45/html/container.html', 'aria_label': 'Advertisement', 'class': None, 'id': 'google_ads_iframe_/162717810,22769416952/theshiftnews.com/interstitial_0', 'text': ''}]",12,804,the_shift,article_pages
140,49,67,14,28,6,78,24,10630,1664,26,2,"[{'tag': 'iframe', 'src': 'https://e27762b050d7b5a24193ca6bd230fb75.safeframe.googlesyndication.com/safeframe/1-0-45/html/container.html', 'aria_label': 'Advertisement', 'class': None, 'id': 'google_ads_iframe_/162717810,22769416952/theshiftnews.com/reward_0', 'text': ''}, {'tag': 'iframe', 'src': 'https://e27762b050d7b5a24193ca6bd230fb75.safeframe.googlesyndication.com/safeframe/1-0-45/html/container.html', 'aria_label': 'Advertisement', 'class': None, 'id': 'google_ads_iframe_/162717810,22769416952/theshiftnews.com/interstitial_0', 'text': ''}]",12,805,the_shift,article_pages
67,21,77,15,28,0,1,13,1702,264,12,3,"[{'tag': 'iframe', 'src': None, 'aria_label': 'Advertisement', 'class': None, 'id': 'google_ads_iframe_/65246246/timesofmalta.com/billboard1_0', 'text': ''}, {'tag': 'iframe', 'src': None, 'aria_label': 'Advertisement', 'class': None, 'id': 'google_ads_iframe_/65246246/timesofmalta.com/sidebar1_0', 'text': ''}, {'tag': 'iframe', 'src': None, 'aria_label': 'Advertisement', 'class': None, 'id': 'google_ads_iframe_/65246246/timesofmalta.com/billboard2_0', 'text': ''}]",12,806,times_of_malta,home_page
67,21,77,15,28,0,1,13,1702,264,12,3,"[{'tag': 'iframe', 'src': None, 'aria_label': 'Advertisement', 'class': None, 'id': 'google_ads_iframe_/65246246/timesofmalta.com/billboard1_0', 'text': ''}, {'tag': 'iframe', 'src': None, 'aria_label': 'Advertisement', 'class': None, 'id': 'google_ads_iframe_/65246246/timesofmalta.com/sidebar1_0', 'text': ''}, {'tag': 'iframe', 'src': None, 'aria_label': 'Advertisement', 'class': None, 'id': 'google_ads_iframe_/65246246/timesofmalta.com/billboard2_0', 'text': ''}]",12,807,times_of_malta,home_page
67,21,77,15,28,0,1,13,1702,264,12,3,"[{'tag': 'iframe', 'src': None, 'aria_label': 'Advertisement', 'class': None, 'id': 'google_ads_iframe_/65246246/timesofmalta.com/billboard1_0', 'text': ''}, {'tag': 'iframe', 'src': None, 'aria_label': 'Advertisement', 'class': None, 'id': 'google_ads_iframe_/65246246/timesofmalta.com/sidebar1_0', 'text': ''}, {'tag': 'iframe', 'src': None, 'aria_label': 'Advertisement', 'class': None, 'id': 'google_ads_iframe_/65246246/timesofmalta.com/billboard2_0', 'text': ''}]",12,808,times_of_malta,home_page
67,21,77,15,28,0,1,13,1702,264,12,3,"[{'tag': 'iframe', 'src': None, 'aria_label': 'Advertisement', 'class': None, 'id': 'google_ads_iframe_/65246246/timesofmalta.com/billboard1_0', 'text': ''}, {'tag': 'iframe', 'src': None, 'aria_label': 'Advertisement', 'class': None, 'id': 'google_ads_iframe_/65246246/timesofmalta.com/sidebar1_0', 'text': ''}, {'tag': 'iframe', 'src': None, 'aria_label': 'Advertisement', 'class': None, 'id': 'google_ads_iframe_/65246246/timesofmalta.com/billboard2_0', 'text': ''}]",12,809,times_of_malta,home_page
67,21,77,15,28,0,1,13,1702,264,12,3,"[{'tag': 'iframe', 'src': None, 'aria_label': 'Advertisement', 'class': None, 'id': 'google_ads_iframe_/65246246/timesofmalta.com/billboard1_0', 'text': ''}, {'tag': 'iframe', 'src': None, 'aria_label': 'Advertisement', 'class': None, 'id': 'google_ads_iframe_/65246246/timesofmalta.com/sidebar1_0', 'text': ''}, {'tag': 'iframe', 'src': None, 'aria_label': 'Advertisement', 'class': None, 'id': 'google_ads_iframe_/65246246/timesofmalta.com/billboard2_0', 'text': ''}]",12,810,times_of_malta,home_page
67,21,77,15,28,0,1,13,1702,264,12,3,"[{'tag': 'iframe', 'src': None, 'aria_label': 'Advertisement', 'class': None, 'id': 'google_ads_iframe_/65246246/timesofmalta.com/billboard1_0', 'text': ''}, {'tag': 'iframe', 'src': None, 'aria_label': 'Advertisement', 'class': None, 'id': 'google_ads_iframe_/65246246/timesofmalta.com/sidebar1_0', 'text': ''}, {'tag': 'iframe', 'src': None, 'aria_label': 'Advertisement', 'class': None, 'id': 'google_ads_iframe_/65246246/timesofmalta.com/billboard2_0', 'text': ''}]",12,811,times_of_malta,home_page
67,21,77,15,28,0,1,13,1702,264,12,3,"[{'tag': 'iframe', 'src': None, 'aria_label': 'Advertisement', 'class': None, 'id': 'google_ads_iframe_/65246246/timesofmalta.com/billboard1_0', 'text': ''}, {'tag': 'iframe', 'src': None, 'aria_label': 'Advertisement', 'class': None, 'id': 'google_ads_iframe_/65246246/timesofmalta.com/sidebar1_0', 'text': ''}, {'tag': 'iframe', 'src': None, 'aria_label': 'Advertisement', 'class': None, 'id': 'google_ads_iframe_/65246246/timesofmalta.com/billboard2_0', 'text': ''}]",12,812,times_of_malta,home_page
67,21,77,15,28,0,1,13,1702,264,12,3,"[{'tag': 'iframe', 'src': None, 'aria_label': 'Advertisement', 'class': None, 'id': 'google_ads_iframe_/65246246/timesofmalta.com/billboard1_0', 'text': ''}, {'tag': 'iframe', 'src': None, 'aria_label': 'Advertisement', 'class': None, 'id': 'google_ads_iframe_/65246246/timesofmalta.com/sidebar1_0', 'text': ''}, {'tag': 'iframe', 'src': None, 'aria_label': 'Advertisement', 'class': None, 'id': 'google_ads_iframe_/65246246/timesofmalta.com/billboard2_0', 'text': ''}]",12,813,times_of_malta,home_page
67,21,77,15,28,0,1,13,1702,264,12,3,"[{'tag': 'iframe', 'src': None, 'aria_label': 'Advertisement', 'class': None, 'id': 'google_ads_iframe_/65246246/timesofmalta.com/billboard1_0', 'text': ''}, {'tag': 'iframe', 'src': None, 'aria_label': 'Advertisement', 'class': None, 'id': 'google_ads_iframe_/65246246/timesofmalta.com/sidebar1_0', 'text': ''}, {'tag': 'iframe', 'src': None, 'aria_label': 'Advertisement', 'class': None, 'id': 'google_ads_iframe_/65246246/timesofmalta.com/billboard2_0', 'text': ''}]",12,814,times_of_malta,home_page
67,21,77,15,28,0,1,13,1702,264,12,3,"[{'tag': 'iframe', 'src': None, 'aria_label': 'Advertisement', 'class': None, 'id': 'google_ads_iframe_/65246246/timesofmalta.com/billboard1_0', 'text': ''}, {'tag': 'iframe', 'src': None, 'aria_label': 'Advertisement', 'class': None, 'id': 'google_ads_iframe_/65246246/timesofmalta.com/sidebar1_0', 'text': ''}, {'tag': 'iframe', 'src': None, 'aria_label': 'Advertisement', 'class': None, 'id': 'google_ads_iframe_/65246246/timesofmalta.com/billboard2_0', 'text': ''}]",12,815,times_of_malta,home_page
67,21,77,15,28,0,1,13,1702,264,12,3,"[{'tag': 'iframe', 'src': None, 'aria_label': 'Advertisement', 'class': None, 'id': 'google_ads_iframe_/65246246/timesofmalta.com/billboard1_0', 'text': ''}, {'tag': 'iframe', 'src': None, 'aria_label': 'Advertisement', 'class': None, 'id': 'google_ads_iframe_/65246246/timesofmalta.com/sidebar1_0', 'text': ''}, {'tag': 'iframe', 'src': None, 'aria_label': 'Advertisement', 'class': None, 'id': 'google_ads_iframe_/65246246/timesofmalta.com/billboard2_0', 'text': ''}]",12,816,times_of_malta,home_page
67,21,77,15,28,0,1,13,1702,264,12,3,"[{'tag': 'iframe', 'src': None, 'aria_label': 'Advertisement', 'class': None, 'id': 'google_ads_iframe_/65246246/timesofmalta.com/billboard1_0', 'text': ''}, {'tag': 'iframe', 'src': None, 'aria_label': 'Advertisement', 'class': None, 'id': 'google_ads_iframe_/65246246/timesofmalta.com/sidebar1_0', 'text': ''}, {'tag': 'iframe', 'src': None, 'aria_label': 'Advertisement', 'class': None, 'id': 'google_ads_iframe_/65246246/timesofmalta.com/billboard2_0', 'text': ''}]",12,817,times_of_malta,home_page
67,21,77,15,28,0,1,13,1702,264,12,3,"[{'tag': 'iframe', 'src': None, 'aria_label': 'Advertisement', 'class': None, 'id': 'google_ads_iframe_/65246246/timesofmalta.com/billboard1_0', 'text': ''}, {'tag': 'iframe', 'src': None, 'aria_label': 'Advertisement', 'class': None, 'id': 'google_ads_iframe_/65246246/timesofmalta.com/sidebar1_0', 'text': ''}, {'tag': 'iframe', 'src': None, 'aria_label': 'Advertisement', 'class': None, 'id': 'google_ads_iframe_/65246246/timesofmalta.com/billboard2_0', 'text': ''}]",12,818,times_of_malta,home_page
67,21,77,15,28,0,1,13,1702,264,12,3,"[{'tag': 'iframe', 'src': None, 'aria_label': 'Advertisement', 'class': None, 'id': 'google_ads_iframe_/65246246/timesofmalta.com/billboard1_0', 'text': ''}, {'tag': 'iframe', 'src': None, 'aria_label': 'Advertisement', 'class': None, 'id': 'google_ads_iframe_/65246246/timesofmalta.com/sidebar1_0', 'text': ''}, {'tag': 'iframe', 'src': None, 'aria_label': 'Advertisement', 'class': None, 'id': 'google_ads_iframe_/65246246/timesofmalta.com/billboard2_0', 'text': ''}]",12,819,times_of_malta,home_page
67,21,77,15,28,0,1,13,1702,264,12,3,"[{'tag': 'iframe', 'src': None, 'aria_label': 'Advertisement', 'class': None, 'id': 'google_ads_iframe_/65246246/timesofmalta.com/billboard1_0', 'text': ''}, {'tag': 'iframe', 'src': None, 'aria_label': 'Advertisement', 'class': None, 'id': 'google_ads_iframe_/65246246/timesofmalta.com/sidebar1_0', 'text': ''}, {'tag': 'iframe', 'src': None, 'aria_label': 'Advertisement', 'class': None, 'id': 'google_ads_iframe_/65246246/timesofmalta.com/billboard2_0', 'text': ''}]",12,820,times_of_malta,home_page
67,21,77,15,28,0,1,13,1702,264,12,3,"[{'tag': 'iframe', 'src': None, 'aria_label': 'Advertisement', 'class': None, 'id': 'google_ads_iframe_/65246246/timesofmalta.com/billboard1_0', 'text': ''}, {'tag': 'iframe', 'src': None, 'aria_label': 'Advertisement', 'class': None, 'id': 'google_ads_iframe_/65246246/timesofmalta.com/sidebar1_0', 'text': ''}, {'tag': 'iframe', 'src': None, 'aria_label': 'Advertisement', 'class': None, 'id': 'google_ads_iframe_/65246246/timesofmalta.com/billboard2_0', 'text': ''}]",12,821,times_of_malta,home_page
67,21,77,15,28,0,1,13,1702,264,12,3,"[{'tag': 'iframe', 'src': None, 'aria_label': 'Advertisement', 'class': None, 'id': 'google_ads_iframe_/65246246/timesofmalta.com/billboard1_0', 'text': ''}, {'tag': 'iframe', 'src': None, 'aria_label': 'Advertisement', 'class': None, 'id': 'google_ads_iframe_/65246246/timesofmalta.com/sidebar1_0', 'text': ''}, {'tag': 'iframe', 'src': None, 'aria_label': 'Advertisement', 'class': None, 'id': 'google_ads_iframe_/65246246/timesofmalta.com/billboard2_0', 'text': ''}]",12,822,times_of_malta,home_page
67,21,77,15,28,0,1,13,1702,264,12,3,"[{'tag': 'iframe', 'src': None, 'aria_label': 'Advertisement', 'class': None, 'id': 'google_ads_iframe_/65246246/timesofmalta.com/billboard1_0', 'text': ''}, {'tag': 'iframe', 'src': None, 'aria_label': 'Advertisement', 'class': None, 'id': 'google_ads_iframe_/65246246/timesofmalta.com/sidebar1_0', 'text': ''}, {'tag': 'iframe', 'src': None, 'aria_label': 'Advertisement', 'class': None, 'id': 'google_ads_iframe_/65246246/timesofmalta.com/billboard2_0', 'text': ''}]",12,823,times_of_malta,home_page
67,21,77,15,28,0,1,13,1702,264,12,3,"[{'tag': 'iframe', 'src': None, 'aria_label': 'Advertisement', 'class': None, 'id': 'google_ads_iframe_/65246246/timesofmalta.com/billboard1_0', 'text': ''}, {'tag': 'iframe', 'src': None, 'aria_label': 'Advertisement', 'class': None, 'id': 'google_ads_iframe_/65246246/timesofmalta.com/sidebar1_0', 'text': ''}, {'tag': 'iframe', 'src': None, 'aria_label': 'Advertisement', 'class': None, 'id': 'google_ads_iframe_/65246246/timesofmalta.com/billboard2_0', 'text': ''}]",12,824,times_of_malta,home_page
67,21,77,15,28,0,1,13,1702,264,12,3,"[{'tag': 'iframe', 'src': None, 'aria_label': 'Advertisement', 'class': None, 'id': 'google_ads_iframe_/65246246/timesofmalta.com/billboard1_0', 'text': ''}, {'tag': 'iframe', 'src': None, 'aria_label': 'Advertisement', 'class': None, 'id': 'google_ads_iframe_/65246246/timesofmalta.com/sidebar1_0', 'text': ''}, {'tag': 'iframe', 'src': None, 'aria_label': 'Advertisement', 'class': None, 'id': 'google_ads_iframe_/65246246/timesofmalta.com/billboard2_0', 'text': ''}]",12,825,times_of_malta,home_page
67,21,77,15,28,0,1,13,1702,264,12,3,"[{'tag': 'iframe', 'src': None, 'aria_label': 'Advertisement', 'class': None, 'id': 'google_ads_iframe_/65246246/timesofmalta.com/billboard1_0', 'text': ''}, {'tag': 'iframe', 'src': None, 'aria_label': 'Advertisement', 'class': None, 'id': 'google_ads_iframe_/65246246/timesofmalta.com/sidebar1_0', 'text': ''}, {'tag': 'iframe', 'src': None, 'aria_label': 'Advertisement', 'class': None, 'id': 'google_ads_iframe_/65246246/timesofmalta.com/billboard2_0', 'text': ''}]",12,826,times_of_malta,home_page
67,21,77,15,28,0,1,13,1702,264,12,3,"[{'tag': 'iframe', 'src': None, 'aria_label': 'Advertisement', 'class': None, 'id': 'google_ads_iframe_/65246246/timesofmalta.com/billboard1_0', 'text': ''}, {'tag': 'iframe', 'src': None, 'aria_label': 'Advertisement', 'class': None, 'id': 'google_ads_iframe_/65246246/timesofmalta.com/sidebar1_0', 'text': ''}, {'tag': 'iframe', 'src': None, 'aria_label': 'Advertisement', 'class': None, 'id': 'google_ads_iframe_/65246246/timesofmalta.com/billboard2_0', 'text': ''}]",12,827,times_of_malta,home_page
67,21,77,15,28,0,1,13,1702,264,12,3,"[{'tag': 'iframe', 'src': None, 'aria_label': 'Advertisement', 'class': None, 'id': 'google_ads_iframe_/65246246/timesofmalta.com/billboard1_0', 'text': ''}, {'tag': 'iframe', 'src': None, 'aria_label': 'Advertisement', 'class': None, 'id': 'google_ads_iframe_/65246246/timesofmalta.com/sidebar1_0', 'text': ''}, {'tag': 'iframe', 'src': None, 'aria_label': 'Advertisement', 'class': None, 'id': 'google_ads_iframe_/65246246/timesofmalta.com/billboard2_0', 'text': ''}]",12,828,times_of_malta,home_page
67,21,77,15,28,0,1,13,1702,264,12,3,"[{'tag': 'iframe', 'src': None, 'aria_label': 'Advertisement', 'class': None, 'id': 'google_ads_iframe_/65246246/timesofmalta.com/billboard1_0', 'text': ''}, {'tag': 'iframe', 'src': None, 'aria_label': 'Advertisement', 'class': None, 'id': 'google_ads_iframe_/65246246/timesofmalta.com/sidebar1_0', 'text': ''}, {'tag': 'iframe', 'src': None, 'aria_label': 'Advertisement', 'class': None, 'id': 'google_ads_iframe_/65246246/timesofmalta.com/billboard2_0', 'text': ''}]",12,829,times_of_malta,home_page
67,21,77,15,28,0,1,13,1702,264,12,3,"[{'tag': 'iframe', 'src': None, 'aria_label': 'Advertisement', 'class': None, 'id': 'google_ads_iframe_/65246246/timesofmalta.com/billboard1_0', 'text': ''}, {'tag': 'iframe', 'src': None, 'aria_label': 'Advertisement', 'class': None, 'id': 'google_ads_iframe_/65246246/timesofmalta.com/sidebar1_0', 'text': ''}, {'tag': 'iframe', 'src': None, 'aria_label': 'Advertisement', 'class': None, 'id': 'google_ads_iframe_/65246246/timesofmalta.com/billboard2_0', 'text': ''}]",12,830,times_of_malta,home_page
67,21,77,15,28,0,1,13,1702,264,12,3,"[{'tag': 'iframe', 'src': None, 'aria_label': 'Advertisement', 'class': None, 'id': 'google_ads_iframe_/65246246/timesofmalta.com/billboard1_0', 'text': ''}, {'tag': 'iframe', 'src': None, 'aria_label': 'Advertisement', 'class': None, 'id': 'google_ads_iframe_/65246246/timesofmalta.com/sidebar1_0', 'text': ''}, {'tag': 'iframe', 'src': None, 'aria_label': 'Advertisement', 'class': None, 'id': 'google_ads_iframe_/65246246/timesofmalta.com/billboard2_0', 'text': ''}]",12,831,times_of_malta,home_page
67,21,77,15,28,0,1,13,1702,264,12,3,"[{'tag': 'iframe', 'src': None, 'aria_label': 'Advertisement', 'class': None, 'id': 'google_ads_iframe_/65246246/timesofmalta.com/billboard1_0', 'text': ''}, {'tag': 'iframe', 'src': None, 'aria_label': 'Advertisement', 'class': None, 'id': 'google_ads_iframe_/65246246/timesofmalta.com/sidebar1_0', 'text': ''}, {'tag': 'iframe', 'src': None, 'aria_label': 'Advertisement', 'class': None, 'id': 'google_ads_iframe_/65246246/timesofmalta.com/billboard2_0', 'text': ''}]",12,832,times_of_malta,home_page
67,21,77,15,28,0,1,13,1702,264,12,3,"[{'tag': 'iframe', 'src': None, 'aria_label': 'Advertisement', 'class': None, 'id': 'google_ads_iframe_/65246246/timesofmalta.com/billboard1_0', 'text': ''}, {'tag': 'iframe', 'src': None, 'aria_label': 'Advertisement', 'class': None, 'id': 'google_ads_iframe_/65246246/timesofmalta.com/sidebar1_0', 'text': ''}, {'tag': 'iframe', 'src': None, 'aria_label': 'Advertisement', 'class': None, 'id': 'google_ads_iframe_/65246246/timesofmalta.com/billboard2_0', 'text': ''}]",12,833,times_of_malta,home_page
173,42,67,20,121,1,32,35,7139,1182,14,2,"[{'tag': 'iframe', 'src': None, 'aria_label': 'Advertisement', 'class': None, 'id': 'google_ads_iframe_/65246246/timesofmalta.com/billboard1_0', 'text': ''}, {'tag': 'iframe', 'src': 'https://337a8b6605a13a0a6a6f0473de21aad7.safeframe.googlesyndication.com/safeframe/1-0-45/html/container.html', 'aria_label': 'Advertisement', 'class': None, 'id': 'google_ads_iframe_/65246246/timesofmalta.com/sidebar1_0', 'text': ''}]",18,834,times_of_malta,news_listing
173,42,67,20,121,1,32,35,7139,1182,14,2,"[{'tag': 'iframe', 'src': None, 'aria_label': 'Advertisement', 'class': None, 'id': 'google_ads_iframe_/65246246/timesofmalta.com/billboard1_0', 'text': ''}, {'tag': 'iframe', 'src': 'https://337a8b6605a13a0a6a6f0473de21aad7.safeframe.googlesyndication.com/safeframe/1-0-45/html/container.html', 'aria_label': 'Advertisement', 'class': None, 'id': 'google_ads_iframe_/65246246/timesofmalta.com/sidebar1_0', 'text': ''}]",18,835,times_of_malta,news_listing
173,42,67,20,121,1,32,35,7139,1182,14,2,"[{'tag': 'iframe', 'src': None, 'aria_label': 'Advertisement', 'class': None, 'id': 'google_ads_iframe_/65246246/timesofmalta.com/billboard1_0', 'text': ''}, {'tag': 'iframe', 'src': 'https://337a8b6605a13a0a6a6f0473de21aad7.safeframe.googlesyndication.com/safeframe/1-0-45/html/container.html', 'aria_label': 'Advertisement', 'class': None, 'id': 'google_ads_iframe_/65246246/timesofmalta.com/sidebar1_0', 'text': ''}]",18,836,times_of_malta,news_listing
173,42,67,20,121,1,32,35,7139,1182,14,2,"[{'tag': 'iframe', 'src': None, 'aria_label': 'Advertisement', 'class': None, 'id': 'google_ads_iframe_/65246246/timesofmalta.com/billboard1_0', 'text': ''}, {'tag': 'iframe', 'src': 'https://337a8b6605a13a0a6a6f0473de21aad7.safeframe.googlesyndication.com/safeframe/1-0-45/html/container.html', 'aria_label': 'Advertisement', 'class': None, 'id': 'google_ads_iframe_/65246246/timesofmalta.com/sidebar1_0', 'text': ''}]",18,837,times_of_malta,news_listing
173,42,67,20,121,1,32,35,7139,1182,14,2,"[{'tag': 'iframe', 'src': None, 'aria_label': 'Advertisement', 'class': None, 'id': 'google_ads_iframe_/65246246/timesofmalta.com/billboard1_0', 'text': ''}, {'tag': 'iframe', 'src': 'https://337a8b6605a13a0a6a6f0473de21aad7.safeframe.googlesyndication.com/safeframe/1-0-45/html/container.html', 'aria_label': 'Advertisement', 'class': None, 'id': 'google_ads_iframe_/65246246/timesofmalta.com/sidebar1_0', 'text': ''}]",18,838,times_of_malta,news_listing
173,42,67,20,121,1,32,35,7139,1182,14,2,"[{'tag': 'iframe', 'src': None, 'aria_label': 'Advertisement', 'class': None, 'id': 'google_ads_iframe_/65246246/timesofmalta.com/billboard1_0', 'text': ''}, {'tag': 'iframe', 'src': 'https://337a8b6605a13a0a6a6f0473de21aad7.safeframe.googlesyndication.com/safeframe/1-0-45/html/container.html', 'aria_label': 'Advertisement', 'class': None, 'id': 'google_ads_iframe_/65246246/timesofmalta.com/sidebar1_0', 'text': ''}]",18,839,times_of_malta,news_listing
173,42,67,20,121,1,32,35,7139,1182,14,2,"[{'tag': 'iframe', 'src': None, 'aria_label': 'Advertisement', 'class': None, 'id': 'google_ads_iframe_/65246246/timesofmalta.com/billboard1_0', 'text': ''}, {'tag': 'iframe', 'src': 'https://337a8b6605a13a0a6a6f0473de21aad7.safeframe.googlesyndication.com/safeframe/1-0-45/html/container.html', 'aria_label': 'Advertisement', 'class': None, 'id': 'google_ads_iframe_/65246246/timesofmalta.com/sidebar1_0', 'text': ''}]",18,840,times_of_malta,news_listing
173,42,67,20,121,1,32,35,7139,1182,14,2,"[{'tag': 'iframe', 'src': None, 'aria_label': 'Advertisement', 'class': None, 'id': 'google_ads_iframe_/65246246/timesofmalta.com/billboard1_0', 'text': ''}, {'tag': 'iframe', 'src': 'https://337a8b6605a13a0a6a6f0473de21aad7.safeframe.googlesyndication.com/safeframe/1-0-45/html/container.html', 'aria_label': 'Advertisement', 'class': None, 'id': 'google_ads_iframe_/65246246/timesofmalta.com/sidebar1_0', 'text': ''}]",18,841,times_of_malta,news_listing
173,42,67,20,121,1,32,35,7139,1182,14,2,"[{'tag': 'iframe', 'src': None, 'aria_label': 'Advertisement', 'class': None, 'id': 'google_ads_iframe_/65246246/timesofmalta.com/billboard1_0', 'text': ''}, {'tag': 'iframe', 'src': 'https://337a8b6605a13a0a6a6f0473de21aad7.safeframe.googlesyndication.com/safeframe/1-0-45/html/container.html', 'aria_label': 'Advertisement', 'class': None, 'id': 'google_ads_iframe_/65246246/timesofmalta.com/sidebar1_0', 'text': ''}]",18,842,times_of_malta,news_listing
173,42,67,20,121,1,32,35,7139,1182,14,2,"[{'tag': 'iframe', 'src': None, 'aria_label': 'Advertisement', 'class': None, 'id': 'google_ads_iframe_/65246246/timesofmalta.com/billboard1_0', 'text': ''}, {'tag': 'iframe', 'src': 'https://337a8b6605a13a0a6a6f0473de21aad7.safeframe.googlesyndication.com/safeframe/1-0-45/html/container.html', 'aria_label': 'Advertisement', 'class': None, 'id': 'google_ads_iframe_/65246246/timesofmalta.com/sidebar1_0', 'text': ''}]",18,843,times_of_malta,news_listing
172,42,67,20,107,0,31,35,7190,1174,14,2,"[{'tag': 'iframe', 'src': None, 'aria_label': 'Advertisement', 'class': None, 'id': 'google_ads_iframe_/65246246/timesofmalta.com/billboard1_0', 'text': ''}, {'tag': 'iframe', 'src': 'https://f25e79b765a0806438a4d4526136a229.safeframe.googlesyndication.com/safeframe/1-0-45/html/container.html', 'aria_label': 'Advertisement', 'class': None, 'id': 'google_ads_iframe_/65246246/timesofmalta.com/sidebar1_0', 'text': ''}]",18,844,times_of_malta,news_listing
172,42,67,20,107,0,31,35,7190,1174,14,2,"[{'tag': 'iframe', 'src': None, 'aria_label': 'Advertisement', 'class': None, 'id': 'google_ads_iframe_/65246246/timesofmalta.com/billboard1_0', 'text': ''}, {'tag': 'iframe', 'src': 'https://f25e79b765a0806438a4d4526136a229.safeframe.googlesyndication.com/safeframe/1-0-45/html/container.html', 'aria_label': 'Advertisement', 'class': None, 'id': 'google_ads_iframe_/65246246/timesofmalta.com/sidebar1_0', 'text': ''}]",18,845,times_of_malta,news_listing
172,42,67,20,107,0,31,35,7190,1174,14,2,"[{'tag': 'iframe', 'src': None, 'aria_label': 'Advertisement', 'class': None, 'id': 'google_ads_iframe_/65246246/timesofmalta.com/billboard1_0', 'text': ''}, {'tag': 'iframe', 'src': 'https://f25e79b765a0806438a4d4526136a229.safeframe.googlesyndication.com/safeframe/1-0-45/html/container.html', 'aria_label': 'Advertisement', 'class': None, 'id': 'google_ads_iframe_/65246246/timesofmalta.com/sidebar1_0', 'text': ''}]",18,846,times_of_malta,news_listing
172,42,67,20,107,0,31,35,7190,1174,14,2,"[{'tag': 'iframe', 'src': None, 'aria_label': 'Advertisement', 'class': None, 'id': 'google_ads_iframe_/65246246/timesofmalta.com/billboard1_0', 'text': ''}, {'tag': 'iframe', 'src': 'https://f25e79b765a0806438a4d4526136a229.safeframe.googlesyndication.com/safeframe/1-0-45/html/container.html', 'aria_label': 'Advertisement', 'class': None, 'id': 'google_ads_iframe_/65246246/timesofmalta.com/sidebar1_0', 'text': ''}]",18,847,times_of_malta,news_listing
172,42,67,20,107,0,31,35,7190,1174,14,2,"[{'tag': 'iframe', 'src': None, 'aria_label': 'Advertisement', 'class': None, 'id': 'google_ads_iframe_/65246246/timesofmalta.com/billboard1_0', 'text': ''}, {'tag': 'iframe', 'src': 'https://f25e79b765a0806438a4d4526136a229.safeframe.googlesyndication.com/safeframe/1-0-45/html/container.html', 'aria_label': 'Advertisement', 'class': None, 'id': 'google_ads_iframe_/65246246/timesofmalta.com/sidebar1_0', 'text': ''}]",18,848,times_of_malta,news_listing
172,42,67,20,103,0,31,35,6525,1138,14,2,"[{'tag': 'iframe', 'src': 'https://73d2eb9222e502e543a94bafca6a0713.safeframe.googlesyndication.com/safeframe/1-0-45/html/container.html', 'aria_label': 'Advertisement', 'class': None, 'id': 'google_ads_iframe_/65246246/timesofmalta.com/billboard1_0', 'text': ''}, {'tag': 'iframe', 'src': None, 'aria_label': 'Advertisement', 'class': None, 'id': 'google_ads_iframe_/65246246/timesofmalta.com/sidebar1_0', 'text': ''}]",18,849,times_of_malta,news_listing
172,42,67,20,103,0,31,35,6525,1138,14,2,"[{'tag': 'iframe', 'src': 'https://73d2eb9222e502e543a94bafca6a0713.safeframe.googlesyndication.com/safeframe/1-0-45/html/container.html', 'aria_label': 'Advertisement', 'class': None, 'id': 'google_ads_iframe_/65246246/timesofmalta.com/billboard1_0', 'text': ''}, {'tag': 'iframe', 'src': None, 'aria_label': 'Advertisement', 'class': None, 'id': 'google_ads_iframe_/65246246/timesofmalta.com/sidebar1_0', 'text': ''}]",18,850,times_of_malta,news_listing
172,42,67,20,103,0,31,35,6525,1138,14,2,"[{'tag': 'iframe', 'src': 'https://73d2eb9222e502e543a94bafca6a0713.safeframe.googlesyndication.com/safeframe/1-0-45/html/container.html', 'aria_label': 'Advertisement', 'class': None, 'id': 'google_ads_iframe_/65246246/timesofmalta.com/billboard1_0', 'text': ''}, {'tag': 'iframe', 'src': None, 'aria_label': 'Advertisement', 'class': None, 'id': 'google_ads_iframe_/65246246/timesofmalta.com/sidebar1_0', 'text': ''}]",18,851,times_of_malta,news_listing
172,42,67,20,103,0,31,35,6525,1138,14,2,"[{'tag': 'iframe', 'src': 'https://73d2eb9222e502e543a94bafca6a0713.safeframe.googlesyndication.com/safeframe/1-0-45/html/container.html', 'aria_label': 'Advertisement', 'class': None, 'id': 'google_ads_iframe_/65246246/timesofmalta.com/billboard1_0', 'text': ''}, {'tag': 'iframe', 'src': None, 'aria_label': 'Advertisement', 'class': None, 'id': 'google_ads_iframe_/65246246/timesofmalta.com/sidebar1_0', 'text': ''}]",18,852,times_of_malta,news_listing
172,42,67,20,103,0,31,35,6525,1138,14,2,"[{'tag': 'iframe', 'src': 'https://73d2eb9222e502e543a94bafca6a0713.safeframe.googlesyndication.com/safeframe/1-0-45/html/container.html', 'aria_label': 'Advertisement', 'class': None, 'id': 'google_ads_iframe_/65246246/timesofmalta.com/billboard1_0', 'text': ''}, {'tag': 'iframe', 'src': None, 'aria_label': 'Advertisement', 'class': None, 'id': 'google_ads_iframe_/65246246/timesofmalta.com/sidebar1_0', 'text': ''}]",18,853,times_of_malta,news_listing
172,42,67,20,103,0,31,35,6525,1138,14,2,"[{'tag': 'iframe', 'src': 'https://73d2eb9222e502e543a94bafca6a0713.safeframe.googlesyndication.com/safeframe/1-0-45/html/container.html', 'aria_label': 'Advertisement', 'class': None, 'id': 'google_ads_iframe_/65246246/timesofmalta.com/billboard1_0', 'text': ''}, {'tag': 'iframe', 'src': None, 'aria_label': 'Advertisement', 'class': None, 'id': 'google_ads_iframe_/65246246/timesofmalta.com/sidebar1_0', 'text': ''}]",18,854,times_of_malta,news_listing
172,42,67,20,103,0,31,35,6525,1138,14,2,"[{'tag': 'iframe', 'src': 'https://73d2eb9222e502e543a94bafca6a0713.safeframe.googlesyndication.com/safeframe/1-0-45/html/container.html', 'aria_label': 'Advertisement', 'class': None, 'id': 'google_ads_iframe_/65246246/timesofmalta.com/billboard1_0', 'text': ''}, {'tag': 'iframe', 'src': None, 'aria_label': 'Advertisement', 'class': None, 'id': 'google_ads_iframe_/65246246/timesofmalta.com/sidebar1_0', 'text': ''}]",18,855,times_of_malta,news_listing
172,42,67,20,121,0,31,35,6780,1192,14,2,"[{'tag': 'iframe', 'src': 'https://259ca2e938d750759dc93b2bc5c9374e.safeframe.googlesyndication.com/safeframe/1-0-45/html/container.html', 'aria_label': 'Advertisement', 'class': None, 'id': 'google_ads_iframe_/65246246/timesofmalta.com/billboard1_0', 'text': ''}, {'tag': 'iframe', 'src': None, 'aria_label': 'Advertisement', 'class': None, 'id': 'google_ads_iframe_/65246246/timesofmalta.com/sidebar1_0', 'text': ''}]",18,856,times_of_malta,news_listing
172,42,67,20,121,0,31,35,6780,1192,14,2,"[{'tag': 'iframe', 'src': 'https://259ca2e938d750759dc93b2bc5c9374e.safeframe.googlesyndication.com/safeframe/1-0-45/html/container.html', 'aria_label': 'Advertisement', 'class': None, 'id': 'google_ads_iframe_/65246246/timesofmalta.com/billboard1_0', 'text': ''}, {'tag': 'iframe', 'src': None, 'aria_label': 'Advertisement', 'class': None, 'id': 'google_ads_iframe_/65246246/timesofmalta.com/sidebar1_0', 'text': ''}]",18,857,times_of_malta,news_listing
172,42,67,20,121,0,31,35,6780,1192,14,2,"[{'tag': 'iframe', 'src': 'https://259ca2e938d750759dc93b2bc5c9374e.safeframe.googlesyndication.com/safeframe/1-0-45/html/container.html', 'aria_label': 'Advertisement', 'class': None, 'id': 'google_ads_iframe_/65246246/timesofmalta.com/billboard1_0', 'text': ''}, {'tag': 'iframe', 'src': None, 'aria_label': 'Advertisement', 'class': None, 'id': 'google_ads_iframe_/65246246/timesofmalta.com/sidebar1_0', 'text': ''}]",18,858,times_of_malta,news_listing
172,42,67,20,121,0,31,35,6780,1192,14,2,"[{'tag': 'iframe', 'src': 'https://259ca2e938d750759dc93b2bc5c9374e.safeframe.googlesyndication.com/safeframe/1-0-45/html/container.html', 'aria_label': 'Advertisement', 'class': None, 'id': 'google_ads_iframe_/65246246/timesofmalta.com/billboard1_0', 'text': ''}, {'tag': 'iframe', 'src': None, 'aria_label': 'Advertisement', 'class': None, 'id': 'google_ads_iframe_/65246246/timesofmalta.com/sidebar1_0', 'text': ''}]",18,859,times_of_malta,news_listing
172,42,67,20,121,0,31,35,6780,1192,14,2,"[{'tag': 'iframe', 'src': 'https://259ca2e938d750759dc93b2bc5c9374e.safeframe.googlesyndication.com/safeframe/1-0-45/html/container.html', 'aria_label': 'Advertisement', 'class': None, 'id': 'google_ads_iframe_/65246246/timesofmalta.com/billboard1_0', 'text': ''}, {'tag': 'iframe', 'src': None, 'aria_label': 'Advertisement', 'class': None, 'id': 'google_ads_iframe_/65246246/timesofmalta.com/sidebar1_0', 'text': ''}]",18,860,times_of_malta,news_listing
172,42,67,20,121,0,31,35,6780,1192,14,2,"[{'tag': 'iframe', 'src': 'https://259ca2e938d750759dc93b2bc5c9374e.safeframe.googlesyndication.com/safeframe/1-0-45/html/container.html', 'aria_label': 'Advertisement', 'class': None, 'id': 'google_ads_iframe_/65246246/timesofmalta.com/billboard1_0', 'text': ''}, {'tag': 'iframe', 'src': None, 'aria_label': 'Advertisement', 'class': None, 'id': 'google_ads_iframe_/65246246/timesofmalta.com/sidebar1_0', 'text': ''}]",18,861,times_of_malta,news_listing
160,42,68,20,101,0,31,35,7060,1145,14,2,"[{'tag': 'iframe', 'src': 'https://36f3a1eeb1263a5e8175da2252a93741.safeframe.googlesyndication.com/safeframe/1-0-45/html/container.html', 'aria_label': 'Advertisement', 'class': None, 'id': 'google_ads_iframe_/65246246/timesofmalta.com/billboard1_0', 'text': ''}, {'tag': 'iframe', 'src': 'https://36f3a1eeb1263a5e8175da2252a93741.safeframe.googlesyndication.com/safeframe/1-0-45/html/container.html', 'aria_label': 'Advertisement', 'class': None, 'id': 'google_ads_iframe_/65246246/timesofmalta.com/sidebar1_0', 'text': ''}]",18,862,times_of_malta,news_listing
160,42,68,20,101,0,31,35,7060,1145,14,2,"[{'tag': 'iframe', 'src': 'https://36f3a1eeb1263a5e8175da2252a93741.safeframe.googlesyndication.com/safeframe/1-0-45/html/container.html', 'aria_label': 'Advertisement', 'class': None, 'id': 'google_ads_iframe_/65246246/timesofmalta.com/billboard1_0', 'text': ''}, {'tag': 'iframe', 'src': 'https://36f3a1eeb1263a5e8175da2252a93741.safeframe.googlesyndication.com/safeframe/1-0-45/html/container.html', 'aria_label': 'Advertisement', 'class': None, 'id': 'google_ads_iframe_/65246246/timesofmalta.com/sidebar1_0', 'text': ''}]",18,863,times_of_malta,news_listing
160,42,68,20,101,0,31,35,7060,1145,14,2,"[{'tag': 'iframe', 'src': 'https://36f3a1eeb1263a5e8175da2252a93741.safeframe.googlesyndication.com/safeframe/1-0-45/html/container.html', 'aria_label': 'Advertisement', 'class': None, 'id': 'google_ads_iframe_/65246246/timesofmalta.com/billboard1_0', 'text': ''}, {'tag': 'iframe', 'src': 'https://36f3a1eeb1263a5e8175da2252a93741.safeframe.googlesyndication.com/safeframe/1-0-45/html/container.html', 'aria_label': 'Advertisement', 'class': None, 'id': 'google_ads_iframe_/65246246/timesofmalta.com/sidebar1_0', 'text': ''}]",18,864,times_of_malta,news_listing
160,42,68,20,101,0,31,35,7060,1145,14,2,"[{'tag': 'iframe', 'src': 'https://36f3a1eeb1263a5e8175da2252a93741.safeframe.googlesyndication.com/safeframe/1-0-45/html/container.html', 'aria_label': 'Advertisement', 'class': None, 'id': 'google_ads_iframe_/65246246/timesofmalta.com/billboard1_0', 'text': ''}, {'tag': 'iframe', 'src': 'https://36f3a1eeb1263a5e8175da2252a93741.safeframe.googlesyndication.com/safeframe/1-0-45/html/container.html', 'aria_label': 'Advertisement', 'class': None, 'id': 'google_ads_iframe_/65246246/timesofmalta.com/sidebar1_0', 'text': ''}]",18,865,times_of_malta,news_listing
160,42,68,20,101,0,31,35,7060,1145,14,2,"[{'tag': 'iframe', 'src': 'https://36f3a1eeb1263a5e8175da2252a93741.safeframe.googlesyndication.com/safeframe/1-0-45/html/container.html', 'aria_label': 'Advertisement', 'class': None, 'id': 'google_ads_iframe_/65246246/timesofmalta.com/billboard1_0', 'text': ''}, {'tag': 'iframe', 'src': 'https://36f3a1eeb1263a5e8175da2252a93741.safeframe.googlesyndication.com/safeframe/1-0-45/html/container.html', 'aria_label': 'Advertisement', 'class': None, 'id': 'google_ads_iframe_/65246246/timesofmalta.com/sidebar1_0', 'text': ''}]",18,866,times_of_malta,news_listing
160,42,68,20,101,0,31,35,7060,1145,14,2,"[{'tag': 'iframe', 'src': 'https://36f3a1eeb1263a5e8175da2252a93741.safeframe.googlesyndication.com/safeframe/1-0-45/html/container.html', 'aria_label': 'Advertisement', 'class': None, 'id': 'google_ads_iframe_/65246246/timesofmalta.com/billboard1_0', 'text': ''}, {'tag': 'iframe', 'src': 'https://36f3a1eeb1263a5e8175da2252a93741.safeframe.googlesyndication.com/safeframe/1-0-45/html/container.html', 'aria_label': 'Advertisement', 'class': None, 'id': 'google_ads_iframe_/65246246/timesofmalta.com/sidebar1_0', 'text': ''}]",18,867,times_of_malta,news_listing
160,42,68,20,101,0,31,35,7060,1145,14,2,"[{'tag': 'iframe', 'src': 'https://36f3a1eeb1263a5e8175da2252a93741.safeframe.googlesyndication.com/safeframe/1-0-45/html/container.html', 'aria_label': 'Advertisement', 'class': None, 'id': 'google_ads_iframe_/65246246/timesofmalta.com/billboard1_0', 'text': ''}, {'tag': 'iframe', 'src': 'https://36f3a1eeb1263a5e8175da2252a93741.safeframe.googlesyndication.com/safeframe/1-0-45/html/container.html', 'aria_label': 'Advertisement', 'class': None, 'id': 'google_ads_iframe_/65246246/timesofmalta.com/sidebar1_0', 'text': ''}]",18,868,times_of_malta,news_listing
160,42,68,20,101,0,31,35,7060,1145,14,2,"[{'tag': 'iframe', 'src': 'https://36f3a1eeb1263a5e8175da2252a93741.safeframe.googlesyndication.com/safeframe/1-0-45/html/container.html', 'aria_label': 'Advertisement', 'class': None, 'id': 'google_ads_iframe_/65246246/timesofmalta.com/billboard1_0', 'text': ''}, {'tag': 'iframe', 'src': 'https://36f3a1eeb1263a5e8175da2252a93741.safeframe.googlesyndication.com/safeframe/1-0-45/html/container.html', 'aria_label': 'Advertisement', 'class': None, 'id': 'google_ads_iframe_/65246246/timesofmalta.com/sidebar1_0', 'text': ''}]",18,869,times_of_malta,news_listing
160,42,68,20,101,0,31,35,7060,1145,14,2,"[{'tag': 'iframe', 'src': 'https://36f3a1eeb1263a5e8175da2252a93741.safeframe.googlesyndication.com/safeframe/1-0-45/html/container.html', 'aria_label': 'Advertisement', 'class': None, 'id': 'google_ads_iframe_/65246246/timesofmalta.com/billboard1_0', 'text': ''}, {'tag': 'iframe', 'src': 'https://36f3a1eeb1263a5e8175da2252a93741.safeframe.googlesyndication.com/safeframe/1-0-45/html/container.html', 'aria_label': 'Advertisement', 'class': None, 'id': 'google_ads_iframe_/65246246/timesofmalta.com/sidebar1_0', 'text': ''}]",18,870,times_of_malta,news_listing
160,42,68,20,104,0,31,35,7095,1173,14,2,"[{'tag': 'iframe', 'src': 'https://10c12fc94ce2f0a1402ca32677a1efa9.safeframe.googlesyndication.com/safeframe/1-0-45/html/container.html', 'aria_label': 'Advertisement', 'class': None, 'id': 'google_ads_iframe_/65246246/timesofmalta.com/billboard1_0', 'text': ''}, {'tag': 'iframe', 'src': 'https://10c12fc94ce2f0a1402ca32677a1efa9.safeframe.googlesyndication.com/safeframe/1-0-45/html/container.html', 'aria_label': 'Advertisement', 'class': None, 'id': 'google_ads_iframe_/65246246/timesofmalta.com/sidebar1_0', 'text': ''}]",18,871,times_of_malta,news_listing
160,42,68,20,104,0,31,35,7095,1173,14,2,"[{'tag': 'iframe', 'src': 'https://10c12fc94ce2f0a1402ca32677a1efa9.safeframe.googlesyndication.com/safeframe/1-0-45/html/container.html', 'aria_label': 'Advertisement', 'class': None, 'id': 'google_ads_iframe_/65246246/timesofmalta.com/billboard1_0', 'text': ''}, {'tag': 'iframe', 'src': 'https://10c12fc94ce2f0a1402ca32677a1efa9.safeframe.googlesyndication.com/safeframe/1-0-45/html/container.html', 'aria_label': 'Advertisement', 'class': None, 'id': 'google_ads_iframe_/65246246/timesofmalta.com/sidebar1_0', 'text': ''}]",18,872,times_of_malta,news_listing
160,42,68,20,104,0,31,35,7095,1173,14,2,"[{'tag': 'iframe', 'src': 'https://10c12fc94ce2f0a1402ca32677a1efa9.safeframe.googlesyndication.com/safeframe/1-0-45/html/container.html', 'aria_label': 'Advertisement', 'class': None, 'id': 'google_ads_iframe_/65246246/timesofmalta.com/billboard1_0', 'text': ''}, {'tag': 'iframe', 'src': 'https://10c12fc94ce2f0a1402ca32677a1efa9.safeframe.googlesyndication.com/safeframe/1-0-45/html/container.html', 'aria_label': 'Advertisement', 'class': None, 'id': 'google_ads_iframe_/65246246/timesofmalta.com/sidebar1_0', 'text': ''}]",18,873,times_of_malta,news_listing
160,42,68,20,104,0,31,35,7095,1173,14,2,"[{'tag': 'iframe', 'src': 'https://10c12fc94ce2f0a1402ca32677a1efa9.safeframe.googlesyndication.com/safeframe/1-0-45/html/container.html', 'aria_label': 'Advertisement', 'class': None, 'id': 'google_ads_iframe_/65246246/timesofmalta.com/billboard1_0', 'text': ''}, {'tag': 'iframe', 'src': 'https://10c12fc94ce2f0a1402ca32677a1efa9.safeframe.googlesyndication.com/safeframe/1-0-45/html/container.html', 'aria_label': 'Advertisement', 'class': None, 'id': 'google_ads_iframe_/65246246/timesofmalta.com/sidebar1_0', 'text': ''}]",18,874,times_of_malta,news_listing
160,42,68,20,104,0,31,35,7095,1173,14,2,"[{'tag': 'iframe', 'src': 'https://10c12fc94ce2f0a1402ca32677a1efa9.safeframe.googlesyndication.com/safeframe/1-0-45/html/container.html', 'aria_label': 'Advertisement', 'class': None, 'id': 'google_ads_iframe_/65246246/timesofmalta.com/billboard1_0', 'text': ''}, {'tag': 'iframe', 'src': 'https://10c12fc94ce2f0a1402ca32677a1efa9.safeframe.googlesyndication.com/safeframe/1-0-45/html/container.html', 'aria_label': 'Advertisement', 'class': None, 'id': 'google_ads_iframe_/65246246/timesofmalta.com/sidebar1_0', 'text': ''}]",18,875,times_of_malta,news_listing
160,42,68,20,104,0,31,35,7095,1173,14,2,"[{'tag': 'iframe', 'src': 'https://10c12fc94ce2f0a1402ca32677a1efa9.safeframe.googlesyndication.com/safeframe/1-0-45/html/container.html', 'aria_label': 'Advertisement', 'class': None, 'id': 'google_ads_iframe_/65246246/timesofmalta.com/billboard1_0', 'text': ''}, {'tag': 'iframe', 'src': 'https://10c12fc94ce2f0a1402ca32677a1efa9.safeframe.googlesyndication.com/safeframe/1-0-45/html/container.html', 'aria_label': 'Advertisement', 'class': None, 'id': 'google_ads_iframe_/65246246/timesofmalta.com/sidebar1_0', 'text': ''}]",18,876,times_of_malta,news_listing
160,42,68,20,104,0,31,35,7095,1173,14,2,"[{'tag': 'iframe', 'src': 'https://10c12fc94ce2f0a1402ca32677a1efa9.safeframe.googlesyndication.com/safeframe/1-0-45/html/container.html', 'aria_label': 'Advertisement', 'class': None, 'id': 'google_ads_iframe_/65246246/timesofmalta.com/billboard1_0', 'text': ''}, {'tag': 'iframe', 'src': 'https://10c12fc94ce2f0a1402ca32677a1efa9.safeframe.googlesyndication.com/safeframe/1-0-45/html/container.html', 'aria_label': 'Advertisement', 'class': None, 'id': 'google_ads_iframe_/65246246/timesofmalta.com/sidebar1_0', 'text': ''}]",18,877,times_of_malta,news_listing
160,42,68,20,104,0,31,35,7095,1173,14,2,"[{'tag': 'iframe', 'src': 'https://10c12fc94ce2f0a1402ca32677a1efa9.safeframe.googlesyndication.com/safeframe/1-0-45/html/container.html', 'aria_label': 'Advertisement', 'class': None, 'id': 'google_ads_iframe_/65246246/timesofmalta.com/billboard1_0', 'text': ''}, {'tag': 'iframe', 'src': 'https://10c12fc94ce2f0a1402ca32677a1efa9.safeframe.googlesyndication.com/safeframe/1-0-45/html/container.html', 'aria_label': 'Advertisement', 'class': None, 'id': 'google_ads_iframe_/65246246/timesofmalta.com/sidebar1_0', 'text': ''}]",18,878,times_of_malta,news_listing
160,42,68,20,104,0,31,35,7095,1173,14,2,"[{'tag': 'iframe', 'src': 'https://10c12fc94ce2f0a1402ca32677a1efa9.safeframe.googlesyndication.com/safeframe/1-0-45/html/container.html', 'aria_label': 'Advertisement', 'class': None, 'id': 'google_ads_iframe_/65246246/timesofmalta.com/billboard1_0', 'text': ''}, {'tag': 'iframe', 'src': 'https://10c12fc94ce2f0a1402ca32677a1efa9.safeframe.googlesyndication.com/safeframe/1-0-45/html/container.html', 'aria_label': 'Advertisement', 'class': None, 'id': 'google_ads_iframe_/65246246/timesofmalta.com/sidebar1_0', 'text': ''}]",18,879,times_of_malta,news_listing
160,42,68,20,104,0,31,35,7095,1173,14,2,"[{'tag': 'iframe', 'src': 'https://10c12fc94ce2f0a1402ca32677a1efa9.safeframe.googlesyndication.com/safeframe/1-0-45/html/container.html', 'aria_label': 'Advertisement', 'class': None, 'id': 'google_ads_iframe_/65246246/timesofmalta.com/billboard1_0', 'text': ''}, {'tag': 'iframe', 'src': 'https://10c12fc94ce2f0a1402ca32677a1efa9.safeframe.googlesyndication.com/safeframe/1-0-45/html/container.html', 'aria_label': 'Advertisement', 'class': None, 'id': 'google_ads_iframe_/65246246/timesofmalta.com/sidebar1_0', 'text': ''}]",18,880,times_of_malta,news_listing
151,39,67,20,94,0,31,31,6016,973,14,2,"[{'tag': 'iframe', 'src': 'https://ac60ad43b0456784e1107fa87acb857c.safeframe.googlesyndication.com/safeframe/1-0-45/html/container.html', 'aria_label': 'Advertisement', 'class': None, 'id': 'google_ads_iframe_/65246246/timesofmalta.com/billboard1_0', 'text': ''}, {'tag': 'iframe', 'src': None, 'aria_label': 'Advertisement', 'class': None, 'id': 'google_ads_iframe_/65246246/timesofmalta.com/sidebar1_0', 'text': ''}]",18,881,times_of_malta,news_listing
151,39,67,20,94,0,31,31,6016,973,14,2,"[{'tag': 'iframe', 'src': 'https://ac60ad43b0456784e1107fa87acb857c.safeframe.googlesyndication.com/safeframe/1-0-45/html/container.html', 'aria_label': 'Advertisement', 'class': None, 'id': 'google_ads_iframe_/65246246/timesofmalta.com/billboard1_0', 'text': ''}, {'tag': 'iframe', 'src': None, 'aria_label': 'Advertisement', 'class': None, 'id': 'google_ads_iframe_/65246246/timesofmalta.com/sidebar1_0', 'text': ''}]",18,882,times_of_malta,news_listing
151,39,67,20,94,0,31,31,6016,973,14,2,"[{'tag': 'iframe', 'src': 'https://ac60ad43b0456784e1107fa87acb857c.safeframe.googlesyndication.com/safeframe/1-0-45/html/container.html', 'aria_label': 'Advertisement', 'class': None, 'id': 'google_ads_iframe_/65246246/timesofmalta.com/billboard1_0', 'text': ''}, {'tag': 'iframe', 'src': None, 'aria_label': 'Advertisement', 'class': None, 'id': 'google_ads_iframe_/65246246/timesofmalta.com/sidebar1_0', 'text': ''}]",18,883,times_of_malta,news_listing
151,39,67,20,94,0,31,31,6016,973,14,2,"[{'tag': 'iframe', 'src': 'https://ac60ad43b0456784e1107fa87acb857c.safeframe.googlesyndication.com/safeframe/1-0-45/html/container.html', 'aria_label': 'Advertisement', 'class': None, 'id': 'google_ads_iframe_/65246246/timesofmalta.com/billboard1_0', 'text': ''}, {'tag': 'iframe', 'src': None, 'aria_label': 'Advertisement', 'class': None, 'id': 'google_ads_iframe_/65246246/timesofmalta.com/sidebar1_0', 'text': ''}]",18,884,times_of_malta,news_listing
151,39,67,20,94,0,31,31,6016,973,14,2,"[{'tag': 'iframe', 'src': 'https://ac60ad43b0456784e1107fa87acb857c.safeframe.googlesyndication.com/safeframe/1-0-45/html/container.html', 'aria_label': 'Advertisement', 'class': None, 'id': 'google_ads_iframe_/65246246/timesofmalta.com/billboard1_0', 'text': ''}, {'tag': 'iframe', 'src': None, 'aria_label': 'Advertisement', 'class': None, 'id': 'google_ads_iframe_/65246246/timesofmalta.com/sidebar1_0', 'text': ''}]",18,885,times_of_malta,news_listing
151,39,67,20,94,0,31,31,6016,973,14,2,"[{'tag': 'iframe', 'src': 'https://ac60ad43b0456784e1107fa87acb857c.safeframe.googlesyndication.com/safeframe/1-0-45/html/container.html', 'aria_label': 'Advertisement', 'class': None, 'id': 'google_ads_iframe_/65246246/timesofmalta.com/billboard1_0', 'text': ''}, {'tag': 'iframe', 'src': None, 'aria_label': 'Advertisement', 'class': None, 'id': 'google_ads_iframe_/65246246/timesofmalta.com/sidebar1_0', 'text': ''}]",18,886,times_of_malta,news_listing
151,39,67,20,94,0,31,31,6016,973,14,2,"[{'tag': 'iframe', 'src': 'https://ac60ad43b0456784e1107fa87acb857c.safeframe.googlesyndication.com/safeframe/1-0-45/html/container.html', 'aria_label': 'Advertisement', 'class': None, 'id': 'google_ads_iframe_/65246246/timesofmalta.com/billboard1_0', 'text': ''}, {'tag': 'iframe', 'src': None, 'aria_label': 'Advertisement', 'class': None, 'id': 'google_ads_iframe_/65246246/timesofmalta.com/sidebar1_0', 'text': ''}]",18,887,times_of_malta,news_listing
151,39,67,20,94,0,31,31,6016,973,14,2,"[{'tag': 'iframe', 'src': 'https://ac60ad43b0456784e1107fa87acb857c.safeframe.googlesyndication.com/safeframe/1-0-45/html/container.html', 'aria_label': 'Advertisement', 'class': None, 'id': 'google_ads_iframe_/65246246/timesofmalta.com/billboard1_0', 'text': ''}, {'tag': 'iframe', 'src': None, 'aria_label': 'Advertisement', 'class': None, 'id': 'google_ads_iframe_/65246246/timesofmalta.com/sidebar1_0', 'text': ''}]",18,888,times_of_malta,news_listing
174,42,66,14,105,0,31,35,6681,1136,14,2,"[{'tag': 'iframe', 'src': None, 'aria_label': 'Advertisement', 'class': None, 'id': 'google_ads_iframe_/65246246/timesofmalta.com/billboard1_0', 'text': ''}, {'tag': 'iframe', 'src': None, 'aria_label': 'Advertisement', 'class': None, 'id': 'google_ads_iframe_/65246246/timesofmalta.com/sidebar1_0', 'text': ''}]",12,889,times_of_malta,news_listing
174,42,66,14,105,0,31,35,6681,1136,14,2,"[{'tag': 'iframe', 'src': None, 'aria_label': 'Advertisement', 'class': None, 'id': 'google_ads_iframe_/65246246/timesofmalta.com/billboard1_0', 'text': ''}, {'tag': 'iframe', 'src': None, 'aria_label': 'Advertisement', 'class': None, 'id': 'google_ads_iframe_/65246246/timesofmalta.com/sidebar1_0', 'text': ''}]",12,890,times_of_malta,news_listing
174,42,66,14,105,0,31,35,6681,1136,14,2,"[{'tag': 'iframe', 'src': None, 'aria_label': 'Advertisement', 'class': None, 'id': 'google_ads_iframe_/65246246/timesofmalta.com/billboard1_0', 'text': ''}, {'tag': 'iframe', 'src': None, 'aria_label': 'Advertisement', 'class': None, 'id': 'google_ads_iframe_/65246246/timesofmalta.com/sidebar1_0', 'text': ''}]",12,891,times_of_malta,news_listing
174,42,66,14,105,0,31,35,6681,1136,14,2,"[{'tag': 'iframe', 'src': None, 'aria_label': 'Advertisement', 'class': None, 'id': 'google_ads_iframe_/65246246/timesofmalta.com/billboard1_0', 'text': ''}, {'tag': 'iframe', 'src': None, 'aria_label': 'Advertisement', 'class': None, 'id': 'google_ads_iframe_/65246246/timesofmalta.com/sidebar1_0', 'text': ''}]",12,892,times_of_malta,news_listing
174,42,66,14,105,0,31,35,6681,1136,14,2,"[{'tag': 'iframe', 'src': None, 'aria_label': 'Advertisement', 'class': None, 'id': 'google_ads_iframe_/65246246/timesofmalta.com/billboard1_0', 'text': ''}, {'tag': 'iframe', 'src': None, 'aria_label': 'Advertisement', 'class': None, 'id': 'google_ads_iframe_/65246246/timesofmalta.com/sidebar1_0', 'text': ''}]",12,893,times_of_malta,news_listing
174,42,66,14,105,0,31,35,6681,1136,14,2,"[{'tag': 'iframe', 'src': None, 'aria_label': 'Advertisement', 'class': None, 'id': 'google_ads_iframe_/65246246/timesofmalta.com/billboard1_0', 'text': ''}, {'tag': 'iframe', 'src': None, 'aria_label': 'Advertisement', 'class': None, 'id': 'google_ads_iframe_/65246246/timesofmalta.com/sidebar1_0', 'text': ''}]",12,894,times_of_malta,news_listing
174,42,66,14,105,0,31,35,6681,1136,14,2,"[{'tag': 'iframe', 'src': None, 'aria_label': 'Advertisement', 'class': None, 'id': 'google_ads_iframe_/65246246/timesofmalta.com/billboard1_0', 'text': ''}, {'tag': 'iframe', 'src': None, 'aria_label': 'Advertisement', 'class': None, 'id': 'google_ads_iframe_/65246246/timesofmalta.com/sidebar1_0', 'text': ''}]",12,895,times_of_malta,news_listing
174,42,66,14,105,0,31,35,6681,1136,14,2,"[{'tag': 'iframe', 'src': None, 'aria_label': 'Advertisement', 'class': None, 'id': 'google_ads_iframe_/65246246/timesofmalta.com/billboard1_0', 'text': ''}, {'tag': 'iframe', 'src': None, 'aria_label': 'Advertisement', 'class': None, 'id': 'google_ads_iframe_/65246246/timesofmalta.com/sidebar1_0', 'text': ''}]",12,896,times_of_malta,news_listing
174,42,66,14,105,0,31,35,6681,1136,14,2,"[{'tag': 'iframe', 'src': None, 'aria_label': 'Advertisement', 'class': None, 'id': 'google_ads_iframe_/65246246/timesofmalta.com/billboard1_0', 'text': ''}, {'tag': 'iframe', 'src': None, 'aria_label': 'Advertisement', 'class': None, 'id': 'google_ads_iframe_/65246246/timesofmalta.com/sidebar1_0', 'text': ''}]",12,897,times_of_malta,news_listing
174,42,66,14,105,0,31,35,6681,1136,14,2,"[{'tag': 'iframe', 'src': None, 'aria_label': 'Advertisement', 'class': None, 'id': 'google_ads_iframe_/65246246/timesofmalta.com/billboard1_0', 'text': ''}, {'tag': 'iframe', 'src': None, 'aria_label': 'Advertisement', 'class': None, 'id': 'google_ads_iframe_/65246246/timesofmalta.com/sidebar1_0', 'text': ''}]",12,898,times_of_malta,news_listing
174,42,66,14,105,0,31,35,6681,1136,14,2,"[{'tag': 'iframe', 'src': None, 'aria_label': 'Advertisement', 'class': None, 'id': 'google_ads_iframe_/65246246/timesofmalta.com/billboard1_0', 'text': ''}, {'tag': 'iframe', 'src': None, 'aria_label': 'Advertisement', 'class': None, 'id': 'google_ads_iframe_/65246246/timesofmalta.com/sidebar1_0', 'text': ''}]",12,899,times_of_malta,news_listing
174,42,66,14,105,0,31,35,6681,1136,14,2,"[{'tag': 'iframe', 'src': None, 'aria_label': 'Advertisement', 'class': None, 'id': 'google_ads_iframe_/65246246/timesofmalta.com/billboard1_0', 'text': ''}, {'tag': 'iframe', 'src': None, 'aria_label': 'Advertisement', 'class': None, 'id': 'google_ads_iframe_/65246246/timesofmalta.com/sidebar1_0', 'text': ''}]",12,900,times_of_malta,news_listing
175,42,65,21,117,0,31,35,7216,1192,14,2,"[{'tag': 'iframe', 'src': None, 'aria_label': 'Advertisement', 'class': None, 'id': 'google_ads_iframe_/65246246/timesofmalta.com/billboard1_0', 'text': ''}, {'tag': 'iframe', 'src': None, 'aria_label': 'Advertisement', 'class': None, 'id': 'google_ads_iframe_/65246246/timesofmalta.com/sidebar1_0', 'text': ''}]",19,901,times_of_malta,news_listing
175,42,65,21,117,0,31,35,7216,1192,14,2,"[{'tag': 'iframe', 'src': None, 'aria_label': 'Advertisement', 'class': None, 'id': 'google_ads_iframe_/65246246/timesofmalta.com/billboard1_0', 'text': ''}, {'tag': 'iframe', 'src': None, 'aria_label': 'Advertisement', 'class': None, 'id': 'google_ads_iframe_/65246246/timesofmalta.com/sidebar1_0', 'text': ''}]",19,902,times_of_malta,news_listing
175,42,65,21,117,0,31,35,7216,1192,14,2,"[{'tag': 'iframe', 'src': None, 'aria_label': 'Advertisement', 'class': None, 'id': 'google_ads_iframe_/65246246/timesofmalta.com/billboard1_0', 'text': ''}, {'tag': 'iframe', 'src': None, 'aria_label': 'Advertisement', 'class': None, 'id': 'google_ads_iframe_/65246246/timesofmalta.com/sidebar1_0', 'text': ''}]",19,903,times_of_malta,news_listing
175,42,65,21,117,0,31,35,7216,1192,14,2,"[{'tag': 'iframe', 'src': None, 'aria_label': 'Advertisement', 'class': None, 'id': 'google_ads_iframe_/65246246/timesofmalta.com/billboard1_0', 'text': ''}, {'tag': 'iframe', 'src': None, 'aria_label': 'Advertisement', 'class': None, 'id': 'google_ads_iframe_/65246246/timesofmalta.com/sidebar1_0', 'text': ''}]",19,904,times_of_malta,news_listing
175,42,65,21,117,0,31,35,7216,1192,14,2,"[{'tag': 'iframe', 'src': None, 'aria_label': 'Advertisement', 'class': None, 'id': 'google_ads_iframe_/65246246/timesofmalta.com/billboard1_0', 'text': ''}, {'tag': 'iframe', 'src': None, 'aria_label': 'Advertisement', 'class': None, 'id': 'google_ads_iframe_/65246246/timesofmalta.com/sidebar1_0', 'text': ''}]",19,905,times_of_malta,news_listing
175,42,65,21,117,0,31,35,7216,1192,14,2,"[{'tag': 'iframe', 'src': None, 'aria_label': 'Advertisement', 'class': None, 'id': 'google_ads_iframe_/65246246/timesofmalta.com/billboard1_0', 'text': ''}, {'tag': 'iframe', 'src': None, 'aria_label': 'Advertisement', 'class': None, 'id': 'google_ads_iframe_/65246246/timesofmalta.com/sidebar1_0', 'text': ''}]",19,906,times_of_malta,news_listing
175,42,65,21,117,0,31,35,7216,1192,14,2,"[{'tag': 'iframe', 'src': None, 'aria_label': 'Advertisement', 'class': None, 'id': 'google_ads_iframe_/65246246/timesofmalta.com/billboard1_0', 'text': ''}, {'tag': 'iframe', 'src': None, 'aria_label': 'Advertisement', 'class': None, 'id': 'google_ads_iframe_/65246246/timesofmalta.com/sidebar1_0', 'text': ''}]",19,907,times_of_malta,news_listing
175,42,65,21,117,0,31,35,7216,1192,14,2,"[{'tag': 'iframe', 'src': None, 'aria_label': 'Advertisement', 'class': None, 'id': 'google_ads_iframe_/65246246/timesofmalta.com/billboard1_0', 'text': ''}, {'tag': 'iframe', 'src': None, 'aria_label': 'Advertisement', 'class': None, 'id': 'google_ads_iframe_/65246246/timesofmalta.com/sidebar1_0', 'text': ''}]",19,908,times_of_malta,news_listing
175,42,65,21,117,0,31,35,7216,1192,14,2,"[{'tag': 'iframe', 'src': None, 'aria_label': 'Advertisement', 'class': None, 'id': 'google_ads_iframe_/65246246/timesofmalta.com/billboard1_0', 'text': ''}, {'tag': 'iframe', 'src': None, 'aria_label': 'Advertisement', 'class': None, 'id': 'google_ads_iframe_/65246246/timesofmalta.com/sidebar1_0', 'text': ''}]",19,909,times_of_malta,news_listing
175,42,65,21,117,0,31,35,7216,1192,14,2,"[{'tag': 'iframe', 'src': None, 'aria_label': 'Advertisement', 'class': None, 'id': 'google_ads_iframe_/65246246/timesofmalta.com/billboard1_0', 'text': ''}, {'tag': 'iframe', 'src': None, 'aria_label': 'Advertisement', 'class': None, 'id': 'google_ads_iframe_/65246246/timesofmalta.com/sidebar1_0', 'text': ''}]",19,910,times_of_malta,news_listing
175,42,65,21,117,0,31,35,7216,1192,14,2,"[{'tag': 'iframe', 'src': None, 'aria_label': 'Advertisement', 'class': None, 'id': 'google_ads_iframe_/65246246/timesofmalta.com/billboard1_0', 'text': ''}, {'tag': 'iframe', 'src': None, 'aria_label': 'Advertisement', 'class': None, 'id': 'google_ads_iframe_/65246246/timesofmalta.com/sidebar1_0', 'text': ''}]",19,911,times_of_malta,news_listing
173,42,65,21,92,0,31,35,6654,1135,14,2,"[{'tag': 'iframe', 'src': None, 'aria_label': 'Advertisement', 'class': None, 'id': 'google_ads_iframe_/65246246/timesofmalta.com/billboard1_0', 'text': ''}, {'tag': 'iframe', 'src': None, 'aria_label': 'Advertisement', 'class': None, 'id': 'google_ads_iframe_/65246246/timesofmalta.com/sidebar1_0', 'text': ''}]",19,912,times_of_malta,news_listing
173,42,65,21,92,0,31,35,6654,1135,14,2,"[{'tag': 'iframe', 'src': None, 'aria_label': 'Advertisement', 'class': None, 'id': 'google_ads_iframe_/65246246/timesofmalta.com/billboard1_0', 'text': ''}, {'tag': 'iframe', 'src': None, 'aria_label': 'Advertisement', 'class': None, 'id': 'google_ads_iframe_/65246246/timesofmalta.com/sidebar1_0', 'text': ''}]",19,913,times_of_malta,news_listing
173,42,65,21,92,0,31,35,6654,1135,14,2,"[{'tag': 'iframe', 'src': None, 'aria_label': 'Advertisement', 'class': None, 'id': 'google_ads_iframe_/65246246/timesofmalta.com/billboard1_0', 'text': ''}, {'tag': 'iframe', 'src': None, 'aria_label': 'Advertisement', 'class': None, 'id': 'google_ads_iframe_/65246246/timesofmalta.com/sidebar1_0', 'text': ''}]",19,914,times_of_malta,news_listing
173,42,65,21,92,0,31,35,6654,1135,14,2,"[{'tag': 'iframe', 'src': None, 'aria_label': 'Advertisement', 'class': None, 'id': 'google_ads_iframe_/65246246/timesofmalta.com/billboard1_0', 'text': ''}, {'tag': 'iframe', 'src': None, 'aria_label': 'Advertisement', 'class': None, 'id': 'google_ads_iframe_/65246246/timesofmalta.com/sidebar1_0', 'text': ''}]",19,915,times_of_malta,news_listing
173,42,65,21,92,0,31,35,6654,1135,14,2,"[{'tag': 'iframe', 'src': None, 'aria_label': 'Advertisement', 'class': None, 'id': 'google_ads_iframe_/65246246/timesofmalta.com/billboard1_0', 'text': ''}, {'tag': 'iframe', 'src': None, 'aria_label': 'Advertisement', 'class': None, 'id': 'google_ads_iframe_/65246246/timesofmalta.com/sidebar1_0', 'text': ''}]",19,916,times_of_malta,news_listing
173,42,65,21,92,0,31,35,6654,1135,14,2,"[{'tag': 'iframe', 'src': None, 'aria_label': 'Advertisement', 'class': None, 'id': 'google_ads_iframe_/65246246/timesofmalta.com/billboard1_0', 'text': ''}, {'tag': 'iframe', 'src': None, 'aria_label': 'Advertisement', 'class': None, 'id': 'google_ads_iframe_/65246246/timesofmalta.com/sidebar1_0', 'text': ''}]",19,917,times_of_malta,news_listing
173,42,65,21,92,0,31,35,6654,1135,14,2,"[{'tag': 'iframe', 'src': None, 'aria_label': 'Advertisement', 'class': None, 'id': 'google_ads_iframe_/65246246/timesofmalta.com/billboard1_0', 'text': ''}, {'tag': 'iframe', 'src': None, 'aria_label': 'Advertisement', 'class': None, 'id': 'google_ads_iframe_/65246246/timesofmalta.com/sidebar1_0', 'text': ''}]",19,918,times_of_malta,news_listing
173,42,65,21,92,0,31,35,6654,1135,14,2,"[{'tag': 'iframe', 'src': None, 'aria_label': 'Advertisement', 'class': None, 'id': 'google_ads_iframe_/65246246/timesofmalta.com/billboard1_0', 'text': ''}, {'tag': 'iframe', 'src': None, 'aria_label': 'Advertisement', 'class': None, 'id': 'google_ads_iframe_/65246246/timesofmalta.com/sidebar1_0', 'text': ''}]",19,919,times_of_malta,news_listing
173,42,65,21,92,0,31,35,6654,1135,14,2,"[{'tag': 'iframe', 'src': None, 'aria_label': 'Advertisement', 'class': None, 'id': 'google_ads_iframe_/65246246/timesofmalta.com/billboard1_0', 'text': ''}, {'tag': 'iframe', 'src': None, 'aria_label': 'Advertisement', 'class': None, 'id': 'google_ads_iframe_/65246246/timesofmalta.com/sidebar1_0', 'text': ''}]",19,920,times_of_malta,news_listing
173,42,65,21,92,0,31,35,6654,1135,14,2,"[{'tag': 'iframe', 'src': None, 'aria_label': 'Advertisement', 'class': None, 'id': 'google_ads_iframe_/65246246/timesofmalta.com/billboard1_0', 'text': ''}, {'tag': 'iframe', 'src': None, 'aria_label': 'Advertisement', 'class': None, 'id': 'google_ads_iframe_/65246246/timesofmalta.com/sidebar1_0', 'text': ''}]",19,921,times_of_malta,news_listing
173,42,65,21,92,0,31,35,6654,1135,14,2,"[{'tag': 'iframe', 'src': None, 'aria_label': 'Advertisement', 'class': None, 'id': 'google_ads_iframe_/65246246/timesofmalta.com/billboard1_0', 'text': ''}, {'tag': 'iframe', 'src': None, 'aria_label': 'Advertisement', 'class': None, 'id': 'google_ads_iframe_/65246246/timesofmalta.com/sidebar1_0', 'text': ''}]",19,922,times_of_malta,news_listing
173,42,65,21,92,0,31,35,6654,1135,14,2,"[{'tag': 'iframe', 'src': None, 'aria_label': 'Advertisement', 'class': None, 'id': 'google_ads_iframe_/65246246/timesofmalta.com/billboard1_0', 'text': ''}, {'tag': 'iframe', 'src': None, 'aria_label': 'Advertisement', 'class': None, 'id': 'google_ads_iframe_/65246246/timesofmalta.com/sidebar1_0', 'text': ''}]",19,923,times_of_malta,news_listing
173,42,65,21,103,0,31,35,6791,1147,14,2,"[{'tag': 'iframe', 'src': None, 'aria_label': 'Advertisement', 'class': None, 'id': 'google_ads_iframe_/65246246/timesofmalta.com/billboard1_0', 'text': ''}, {'tag': 'iframe', 'src': None, 'aria_label': 'Advertisement', 'class': None, 'id': 'google_ads_iframe_/65246246/timesofmalta.com/sidebar1_0', 'text': ''}]",19,924,times_of_malta,news_listing
173,42,65,21,103,0,31,35,6791,1147,14,2,"[{'tag': 'iframe', 'src': None, 'aria_label': 'Advertisement', 'class': None, 'id': 'google_ads_iframe_/65246246/timesofmalta.com/billboard1_0', 'text': ''}, {'tag': 'iframe', 'src': None, 'aria_label': 'Advertisement', 'class': None, 'id': 'google_ads_iframe_/65246246/timesofmalta.com/sidebar1_0', 'text': ''}]",19,925,times_of_malta,news_listing
173,42,65,21,103,0,31,35,6791,1147,14,2,"[{'tag': 'iframe', 'src': None, 'aria_label': 'Advertisement', 'class': None, 'id': 'google_ads_iframe_/65246246/timesofmalta.com/billboard1_0', 'text': ''}, {'tag': 'iframe', 'src': None, 'aria_label': 'Advertisement', 'class': None, 'id': 'google_ads_iframe_/65246246/timesofmalta.com/sidebar1_0', 'text': ''}]",19,926,times_of_malta,news_listing
173,42,65,21,103,0,31,35,6791,1147,14,2,"[{'tag': 'iframe', 'src': None, 'aria_label': 'Advertisement', 'class': None, 'id': 'google_ads_iframe_/65246246/timesofmalta.com/billboard1_0', 'text': ''}, {'tag': 'iframe', 'src': None, 'aria_label': 'Advertisement', 'class': None, 'id': 'google_ads_iframe_/65246246/timesofmalta.com/sidebar1_0', 'text': ''}]",19,927,times_of_malta,news_listing
173,42,65,21,103,0,31,35,6791,1147,14,2,"[{'tag': 'iframe', 'src': None, 'aria_label': 'Advertisement', 'class': None, 'id': 'google_ads_iframe_/65246246/timesofmalta.com/billboard1_0', 'text': ''}, {'tag': 'iframe', 'src': None, 'aria_label': 'Advertisement', 'class': None, 'id': 'google_ads_iframe_/65246246/timesofmalta.com/sidebar1_0', 'text': ''}]",19,928,times_of_malta,news_listing
173,42,65,21,103,0,31,35,6791,1147,14,2,"[{'tag': 'iframe', 'src': None, 'aria_label': 'Advertisement', 'class': None, 'id': 'google_ads_iframe_/65246246/timesofmalta.com/billboard1_0', 'text': ''}, {'tag': 'iframe', 'src': None, 'aria_label': 'Advertisement', 'class': None, 'id': 'google_ads_iframe_/65246246/timesofmalta.com/sidebar1_0', 'text': ''}]",19,929,times_of_malta,news_listing
173,42,65,21,103,0,31,35,6791,1147,14,2,"[{'tag': 'iframe', 'src': None, 'aria_label': 'Advertisement', 'class': None, 'id': 'google_ads_iframe_/65246246/timesofmalta.com/billboard1_0', 'text': ''}, {'tag': 'iframe', 'src': None, 'aria_label': 'Advertisement', 'class': None, 'id': 'google_ads_iframe_/65246246/timesofmalta.com/sidebar1_0', 'text': ''}]",19,930,times_of_malta,news_listing
173,42,65,21,103,0,31,35,6791,1147,14,2,"[{'tag': 'iframe', 'src': None, 'aria_label': 'Advertisement', 'class': None, 'id': 'google_ads_iframe_/65246246/timesofmalta.com/billboard1_0', 'text': ''}, {'tag': 'iframe', 'src': None, 'aria_label': 'Advertisement', 'class': None, 'id': 'google_ads_iframe_/65246246/timesofmalta.com/sidebar1_0', 'text': ''}]",19,931,times_of_malta,news_listing
173,42,65,21,103,0,31,35,6791,1147,14,2,"[{'tag': 'iframe', 'src': None, 'aria_label': 'Advertisement', 'class': None, 'id': 'google_ads_iframe_/65246246/timesofmalta.com/billboard1_0', 'text': ''}, {'tag': 'iframe', 'src': None, 'aria_label': 'Advertisement', 'class': None, 'id': 'google_ads_iframe_/65246246/timesofmalta.com/sidebar1_0', 'text': ''}]",19,932,times_of_malta,news_listing
173,42,65,21,103,0,31,35,6791,1147,14,2,"[{'tag': 'iframe', 'src': None, 'aria_label': 'Advertisement', 'class': None, 'id': 'google_ads_iframe_/65246246/timesofmalta.com/billboard1_0', 'text': ''}, {'tag': 'iframe', 'src': None, 'aria_label': 'Advertisement', 'class': None, 'id': 'google_ads_iframe_/65246246/timesofmalta.com/sidebar1_0', 'text': ''}]",19,933,times_of_malta,news_listing
173,42,65,21,103,0,31,35,6791,1147,14,2,"[{'tag': 'iframe', 'src': None, 'aria_label': 'Advertisement', 'class': None, 'id': 'google_ads_iframe_/65246246/timesofmalta.com/billboard1_0', 'text': ''}, {'tag': 'iframe', 'src': None, 'aria_label': 'Advertisement', 'class': None, 'id': 'google_ads_iframe_/65246246/timesofmalta.com/sidebar1_0', 'text': ''}]",19,934,times_of_malta,news_listing
173,42,65,21,103,0,31,35,6791,1147,14,2,"[{'tag': 'iframe', 'src': None, 'aria_label': 'Advertisement', 'class': None, 'id': 'google_ads_iframe_/65246246/timesofmalta.com/billboard1_0', 'text': ''}, {'tag': 'iframe', 'src': None, 'aria_label': 'Advertisement', 'class': None, 'id': 'google_ads_iframe_/65246246/timesofmalta.com/sidebar1_0', 'text': ''}]",19,935,times_of_malta,news_listing
60,27,81,19,22,1,25,4,5595,844,19,1,"[{'tag': 'iframe', 'src': None, 'aria_label': 'Advertisement', 'class': None, 'id': 'google_ads_iframe_/65246246/timesofmalta.com/billboard1_0', 'text': ''}]",18,936,times_of_malta,article_pages
60,27,81,19,22,1,25,4,5595,844,19,1,"[{'tag': 'iframe', 'src': None, 'aria_label': 'Advertisement', 'class': None, 'id': 'google_ads_iframe_/65246246/timesofmalta.com/billboard1_0', 'text': ''}]",18,937,times_of_malta,article_pages
60,27,81,19,22,1,25,4,5595,844,19,1,"[{'tag': 'iframe', 'src': None, 'aria_label': 'Advertisement', 'class': None, 'id': 'google_ads_iframe_/65246246/timesofmalta.com/billboard1_0', 'text': ''}]",18,938,times_of_malta,article_pages
60,27,81,19,22,1,25,4,5595,844,19,1,"[{'tag': 'iframe', 'src': None, 'aria_label': 'Advertisement', 'class': None, 'id': 'google_ads_iframe_/65246246/timesofmalta.com/billboard1_0', 'text': ''}]",18,939,times_of_malta,article_pages
60,27,81,19,22,1,25,4,5595,844,19,1,"[{'tag': 'iframe', 'src': None, 'aria_label': 'Advertisement', 'class': None, 'id': 'google_ads_iframe_/65246246/timesofmalta.com/billboard1_0', 'text': ''}]",18,940,times_of_malta,article_pages
60,27,81,19,22,1,25,4,5595,844,19,1,"[{'tag': 'iframe', 'src': None, 'aria_label': 'Advertisement', 'class': None, 'id': 'google_ads_iframe_/65246246/timesofmalta.com/billboard1_0', 'text': ''}]",18,941,times_of_malta,article_pages
60,27,81,19,22,1,25,4,5595,844,19,1,"[{'tag': 'iframe', 'src': None, 'aria_label': 'Advertisement', 'class': None, 'id': 'google_ads_iframe_/65246246/timesofmalta.com/billboard1_0', 'text': ''}]",18,942,times_of_malta,article_pages
60,27,81,19,22,1,25,4,5595,844,19,1,"[{'tag': 'iframe', 'src': None, 'aria_label': 'Advertisement', 'class': None, 'id': 'google_ads_iframe_/65246246/timesofmalta.com/billboard1_0', 'text': ''}]",18,943,times_of_malta,article_pages
60,27,81,19,22,1,25,4,5595,844,19,1,"[{'tag': 'iframe', 'src': None, 'aria_label': 'Advertisement', 'class': None, 'id': 'google_ads_iframe_/65246246/timesofmalta.com/billboard1_0', 'text': ''}]",18,944,times_of_malta,article_pages
60,27,81,19,22,1,25,4,5595,844,19,1,"[{'tag': 'iframe', 'src': None, 'aria_label': 'Advertisement', 'class': None, 'id': 'google_ads_iframe_/65246246/timesofmalta.com/billboard1_0', 'text': ''}]",18,945,times_of_malta,article_pages
60,27,81,19,22,1,25,4,5595,844,19,1,"[{'tag': 'iframe', 'src': None, 'aria_label': 'Advertisement', 'class': None, 'id': 'google_ads_iframe_/65246246/timesofmalta.com/billboard1_0', 'text': ''}]",18,946,times_of_malta,article_pages
60,27,81,19,22,1,25,4,5595,844,19,1,"[{'tag': 'iframe', 'src': None, 'aria_label': 'Advertisement', 'class': None, 'id': 'google_ads_iframe_/65246246/timesofmalta.com/billboard1_0', 'text': ''}]",18,947,times_of_malta,article_pages
58,26,73,17,22,1,14,4,3045,486,15,1,"[{'tag': 'iframe', 'src': None, 'aria_label': 'Advertisement', 'class': None, 'id': 'google_ads_iframe_/65246246/timesofmalta.com/billboard1_0', 'text': ''}]",16,948,times_of_malta,article_pages
58,26,73,17,22,1,14,4,3045,486,15,1,"[{'tag': 'iframe', 'src': None, 'aria_label': 'Advertisement', 'class': None, 'id': 'google_ads_iframe_/65246246/timesofmalta.com/billboard1_0', 'text': ''}]",16,949,times_of_malta,article_pages
58,26,73,17,22,1,14,4,3045,486,15,1,"[{'tag': 'iframe', 'src': None, 'aria_label': 'Advertisement', 'class': None, 'id': 'google_ads_iframe_/65246246/timesofmalta.com/billboard1_0', 'text': ''}]",16,950,times_of_malta,article_pages
58,26,73,17,22,1,14,4,3045,486,15,1,"[{'tag': 'iframe', 'src': None, 'aria_label': 'Advertisement', 'class': None, 'id': 'google_ads_iframe_/65246246/timesofmalta.com/billboard1_0', 'text': ''}]",16,951,times_of_malta,article_pages
58,26,73,17,22,1,14,4,3045,486,15,1,"[{'tag': 'iframe', 'src': None, 'aria_label': 'Advertisement', 'class': None, 'id': 'google_ads_iframe_/65246246/timesofmalta.com/billboard1_0', 'text': ''}]",16,952,times_of_malta,article_pages
58,26,73,17,22,1,14,4,3045,486,15,1,"[{'tag': 'iframe', 'src': None, 'aria_label': 'Advertisement', 'class': None, 'id': 'google_ads_iframe_/65246246/timesofmalta.com/billboard1_0', 'text': ''}]",16,953,times_of_malta,article_pages
58,26,73,17,22,1,14,4,3045,486,15,1,"[{'tag': 'iframe', 'src': None, 'aria_label': 'Advertisement', 'class': None, 'id': 'google_ads_iframe_/65246246/timesofmalta.com/billboard1_0', 'text': ''}]",16,954,times_of_malta,article_pages
55,27,78,19,22,1,21,2,6244,947,19,1,"[{'tag': 'iframe', 'src': None, 'aria_label': 'Advertisement', 'class': None, 'id': 'google_ads_iframe_/65246246/timesofmalta.com/billboard1_0', 'text': ''}]",18,955,times_of_malta,article_pages
55,27,78,19,22,1,21,2,6244,947,19,1,"[{'tag': 'iframe', 'src': None, 'aria_label': 'Advertisement', 'class': None, 'id': 'google_ads_iframe_/65246246/timesofmalta.com/billboard1_0', 'text': ''}]",18,956,times_of_malta,article_pages
55,27,78,19,22,1,21,2,6244,947,19,1,"[{'tag': 'iframe', 'src': None, 'aria_label': 'Advertisement', 'class': None, 'id': 'google_ads_iframe_/65246246/timesofmalta.com/billboard1_0', 'text': ''}]",18,957,times_of_malta,article_pages
55,27,78,19,22,1,21,2,6244,947,19,1,"[{'tag': 'iframe', 'src': None, 'aria_label': 'Advertisement', 'class': None, 'id': 'google_ads_iframe_/65246246/timesofmalta.com/billboard1_0', 'text': ''}]",18,958,times_of_malta,article_pages
55,27,78,19,22,1,21,2,6244,947,19,1,"[{'tag': 'iframe', 'src': None, 'aria_label': 'Advertisement', 'class': None, 'id': 'google_ads_iframe_/65246246/timesofmalta.com/billboard1_0', 'text': ''}]",18,959,times_of_malta,article_pages
55,27,78,19,22,1,21,2,6244,947,19,1,"[{'tag': 'iframe', 'src': None, 'aria_label': 'Advertisement', 'class': None, 'id': 'google_ads_iframe_/65246246/timesofmalta.com/billboard1_0', 'text': ''}]",18,960,times_of_malta,article_pages
55,27,78,19,22,1,21,2,6244,947,19,1,"[{'tag': 'iframe', 'src': None, 'aria_label': 'Advertisement', 'class': None, 'id': 'google_ads_iframe_/65246246/timesofmalta.com/billboard1_0', 'text': ''}]",18,961,times_of_malta,article_pages
55,27,78,19,22,1,21,2,6244,947,19,1,"[{'tag': 'iframe', 'src': None, 'aria_label': 'Advertisement', 'class': None, 'id': 'google_ads_iframe_/65246246/timesofmalta.com/billboard1_0', 'text': ''}]",18,962,times_of_malta,article_pages
55,27,78,19,22,1,21,2,6244,947,19,1,"[{'tag': 'iframe', 'src': None, 'aria_label': 'Advertisement', 'class': None, 'id': 'google_ads_iframe_/65246246/timesofmalta.com/billboard1_0', 'text': ''}]",18,963,times_of_malta,article_pages
55,27,78,19,22,1,21,2,6244,947,19,1,"[{'tag': 'iframe', 'src': None, 'aria_label': 'Advertisement', 'class': None, 'id': 'google_ads_iframe_/65246246/timesofmalta.com/billboard1_0', 'text': ''}]",18,964,times_of_malta,article_pages
55,27,78,19,22,1,21,2,6244,947,19,1,"[{'tag': 'iframe', 'src': None, 'aria_label': 'Advertisement', 'class': None, 'id': 'google_ads_iframe_/65246246/timesofmalta.com/billboard1_0', 'text': ''}]",18,965,times_of_malta,article_pages
55,27,78,19,22,1,21,2,6244,947,19,1,"[{'tag': 'iframe', 'src': None, 'aria_label': 'Advertisement', 'class': None, 'id': 'google_ads_iframe_/65246246/timesofmalta.com/billboard1_0', 'text': ''}]",18,966,times_of_malta,article_pages
55,27,78,19,22,1,21,2,6244,947,19,1,"[{'tag': 'iframe', 'src': None, 'aria_label': 'Advertisement', 'class': None, 'id': 'google_ads_iframe_/65246246/timesofmalta.com/billboard1_0', 'text': ''}]",18,967,times_of_malta,article_pages
55,27,78,19,22,1,21,2,6244,947,19,1,"[{'tag': 'iframe', 'src': None, 'aria_label': 'Advertisement', 'class': None, 'id': 'google_ads_iframe_/65246246/timesofmalta.com/billboard1_0', 'text': ''}]",18,968,times_of_malta,article_pages
58,27,96,21,38,1,26,4,5868,910,19,1,"[{'tag': 'iframe', 'src': None, 'aria_label': 'Advertisement', 'class': None, 'id': 'google_ads_iframe_/65246246/timesofmalta.com/billboard1_0', 'text': ''}]",20,969,times_of_malta,article_pages
58,27,96,21,38,1,26,4,5868,910,19,1,"[{'tag': 'iframe', 'src': None, 'aria_label': 'Advertisement', 'class': None, 'id': 'google_ads_iframe_/65246246/timesofmalta.com/billboard1_0', 'text': ''}]",20,970,times_of_malta,article_pages
58,27,96,21,38,1,26,4,5868,910,19,1,"[{'tag': 'iframe', 'src': None, 'aria_label': 'Advertisement', 'class': None, 'id': 'google_ads_iframe_/65246246/timesofmalta.com/billboard1_0', 'text': ''}]",20,971,times_of_malta,article_pages
58,27,96,21,38,1,26,4,5868,910,19,1,"[{'tag': 'iframe', 'src': None, 'aria_label': 'Advertisement', 'class': None, 'id': 'google_ads_iframe_/65246246/timesofmalta.com/billboard1_0', 'text': ''}]",20,972,times_of_malta,article_pages
58,27,96,21,38,1,26,4,5868,910,19,1,"[{'tag': 'iframe', 'src': None, 'aria_label': 'Advertisement', 'class': None, 'id': 'google_ads_iframe_/65246246/timesofmalta.com/billboard1_0', 'text': ''}]",20,973,times_of_malta,article_pages
58,27,96,21,38,1,26,4,5868,910,19,1,"[{'tag': 'iframe', 'src': None, 'aria_label': 'Advertisement', 'class': None, 'id': 'google_ads_iframe_/65246246/timesofmalta.com/billboard1_0', 'text': ''}]",20,974,times_of_malta,article_pages
58,27,96,21,38,1,26,4,5868,910,19,1,"[{'tag': 'iframe', 'src': None, 'aria_label': 'Advertisement', 'class': None, 'id': 'google_ads_iframe_/65246246/timesofmalta.com/billboard1_0', 'text': ''}]",20,975,times_of_malta,article_pages
58,27,96,21,38,1,26,4,5868,910,19,1,"[{'tag': 'iframe', 'src': None, 'aria_label': 'Advertisement', 'class': None, 'id': 'google_ads_iframe_/65246246/timesofmalta.com/billboard1_0', 'text': ''}]",20,976,times_of_malta,article_pages
58,27,96,21,38,1,26,4,5868,910,19,1,"[{'tag': 'iframe', 'src': None, 'aria_label': 'Advertisement', 'class': None, 'id': 'google_ads_iframe_/65246246/timesofmalta.com/billboard1_0', 'text': ''}]",20,977,times_of_malta,article_pages
58,27,96,21,38,1,26,4,5868,910,19,1,"[{'tag': 'iframe', 'src': None, 'aria_label': 'Advertisement', 'class': None, 'id': 'google_ads_iframe_/65246246/timesofmalta.com/billboard1_0', 'text': ''}]",20,978,times_of_malta,article_pages
58,27,96,21,38,1,26,4,5868,910,19,1,"[{'tag': 'iframe', 'src': None, 'aria_label': 'Advertisement', 'class': None, 'id': 'google_ads_iframe_/65246246/timesofmalta.com/billboard1_0', 'text': ''}]",20,979,times_of_malta,article_pages
58,27,96,21,38,1,26,4,5868,910,19,1,"[{'tag': 'iframe', 'src': None, 'aria_label': 'Advertisement', 'class': None, 'id': 'google_ads_iframe_/65246246/timesofmalta.com/billboard1_0', 'text': ''}]",20,980,times_of_malta,article_pages
58,27,96,21,38,1,26,4,5868,910,19,1,"[{'tag': 'iframe', 'src': None, 'aria_label': 'Advertisement', 'class': None, 'id': 'google_ads_iframe_/65246246/timesofmalta.com/billboard1_0', 'text': ''}]",20,981,times_of_malta,article_pages
58,27,96,21,38,1,26,4,5868,910,19,1,"[{'tag': 'iframe', 'src': None, 'aria_label': 'Advertisement', 'class': None, 'id': 'google_ads_iframe_/65246246/timesofmalta.com/billboard1_0', 'text': ''}]",20,982,times_of_malta,article_pages
