num_links,num_images,num_scripts,num_iframes,num_buttons,num_forms,num_paragraphs,num_headings,text_length,word_count,dom_depth,num_advertisement_iframes,advertisement_iframes,num_non_ad_iframes,has_aria_attributes,num_aria_attributes,aria_attribute_density,num_aria_label,num_aria_labelledby,num_aria_hidden,num_aria_live,num_broken_aria_labelledby_refs,interactive_elements_without_label,num_images_without_alt,alt_text_coverage,heading_level_skips,empty_heading_count,has_main_landmark,has_nav_landmark,semantic_element_ratio,buttons_without_accessible_name,links_without_accessible_name,inputs_without_label,average_paragraph_word_count,wcag_total_violations,wcag_critical_count,wcag_serious_count,wcag_moderate_count,wcag_minor_count,wcag_contrast_violations,wcag_heading_order_violations,id,website,page_type
419,187,52,25,12,1,65,45,36431,5570,23,18,"[{'tag': 'iframe', 'src': 'https://ads.independent.com.mt/www/delivery/afr.php?resize=1&zoneid=32&target=_blank&cb=297', 'aria_label': None, 'class': ['tmiads'], 'id': 'a735fbc0', 'text': ''}, {'tag': 'iframe', 'src': 'https://ads.independent.com.mt/www/delivery/afr.php?zoneid=103&cb=175', 'aria_label': None, 'class': ['tmiads'], 'id': 'a0d81251', 'text': ''}, {'tag': 'iframe', 'src': 'https://ads.independent.com.mt/www/delivery/afr.php?resize=1&zoneid=9&target=_blank&cb=196', 'aria_label': None, 'class': ['tmiads'], 'id': 'a94be7f3', 'text': ''}, {'tag': 'iframe', 'src': 'https://ads.independent.com.mt/www/delivery/afr.php?resize=1&zoneid=10&target=_blank&cb=64', 'aria_label': None, 'class': ['tmiads'], 'id': 'a7d8fb45', 'text': ''}, {'tag': 'iframe', 'src': 'https://ads.independent.com.mt/www/delivery/afr.php?resize=1&zoneid=146&target=_blank&cb=218', 'aria_label': None, 'class': ['tmiads'], 'id': 'a94be7f3', 'text': ''}, {'tag': 'iframe', 'src': 'https://ads.independent.com.mt/www/delivery/afr.php?zoneid=147&cb=8', 'aria_label': None, 'class': ['tmiads'], 'id': 'a65e2a3a', 'text': ''}, {'tag': 'iframe', 'src': 'https://ads.independent.com.mt/www/delivery/afr.php?resize=1&zoneid=146&target=_blank&cb=218', 'aria_label': None, 'class': ['tmiads'], 'id': 'a94be7f3', 'text': ''}, {'tag': 'iframe', 'src': 'https://ads.independent.com.mt/www/delivery/afr.php?resize=1&zoneid=5&target=_blank&cb=95', 'aria_label': None, 'class': ['tmiads'], 'id': 'a6868fa4', 'text': ''}, {'tag': 'iframe', 'src': 'https://ads.independent.com.mt/www/delivery/afr.php?zoneid=17&cb=158', 'aria_label': None, 'class': ['tmiads'], 'id': 'ac72d028', 'text': ''}, {'tag': 'iframe', 'src': 'https://ads.independent.com.mt/www/delivery/afr.php?zoneid=12&cb=238', 'aria_label': None, 'class': ['tmiads'], 'id': 'af2737e4', 'text': ''}, {'tag': 'iframe', 'src': 'https://ads.independent.com.mt/www/delivery/afr.php?resize=1&zoneid=13&target=_blank&cb=85', 'aria_label': None, 'class': ['tmiads'], 'id': 'a86ac61d', 'text': ''}, {'tag': 'iframe', 'src': 'https://ads.independent.com.mt/www/delivery/afr.php?zoneid=147&cb=244', 'aria_label': None, 'class': ['tmiads'], 'id': 'a65e2a3a', 'text': ''}, {'tag': 'iframe', 'src': 'https://ads.independent.com.mt/www/delivery/afr.php?resize=1&zoneid=6&target=_blank&cb=227', 'aria_label': None, 'class': ['tmiads'], 'id': 'a486284e', 'text': ''}, {'tag': 'iframe', 'src': 'https://ads.independent.com.mt/www/delivery/afr.php?resize=1&zoneid=14&target=_blank&cb=159', 'aria_label': None, 'class': ['tmiads'], 'id': 'a8e28c82', 'text': ''}, {'tag': 'iframe', 'src': 'https://ads.independent.com.mt/www/delivery/afr.php?resize=1&zoneid=15&target=_blank&cb=254', 'aria_label': None, 'class': ['tmiads'], 'id': 'a5aefaca', 'text': ''}, {'tag': 'iframe', 'src': 'https://ads.independent.com.mt/www/delivery/afr.php?zoneid=147&cb=250', 'aria_label': None, 'class': ['tmiads'], 'id': 'a65e2a3a', 'text': ''}, {'tag': 'iframe', 'src': 'https://ads.independent.com.mt/www/delivery/afr.php?resize=1&zoneid=16&target=_blank&cb=201', 'aria_label': None, 'class': ['tmiads'], 'id': 'a4798ae8', 'text': ''}, {'tag': 'iframe', 'src': 'https://ads.independent.com.mt/www/delivery/afr.php?resize=1&zoneid=7&target=_blank&cb=186', 'aria_label': None, 'class': ['tmiads'], 'id': 'a3c00537', 'text': ''}]",7,1,251,0.08770090845562543,34,9,11,0,0,97,15,0.9197860962566845,2,0,0,1,0.09643605870020965,1,71,4,20.015625,0,0,0,0,0,0,0,001,independent,home_page
419,187,52,25,12,1,65,45,36431,5570,23,18,"[{'tag': 'iframe', 'src': 'https://ads.independent.com.mt/www/delivery/afr.php?resize=1&zoneid=32&target=_blank&cb=297', 'aria_label': None, 'class': ['tmiads'], 'id': 'a735fbc0', 'text': ''}, {'tag': 'iframe', 'src': 'https://ads.independent.com.mt/www/delivery/afr.php?zoneid=103&cb=175', 'aria_label': None, 'class': ['tmiads'], 'id': 'a0d81251', 'text': ''}, {'tag': 'iframe', 'src': 'https://ads.independent.com.mt/www/delivery/afr.php?resize=1&zoneid=9&target=_blank&cb=196', 'aria_label': None, 'class': ['tmiads'], 'id': 'a94be7f3', 'text': ''}, {'tag': 'iframe', 'src': 'https://ads.independent.com.mt/www/delivery/afr.php?resize=1&zoneid=10&target=_blank&cb=64', 'aria_label': None, 'class': ['tmiads'], 'id': 'a7d8fb45', 'text': ''}, {'tag': 'iframe', 'src': 'https://ads.independent.com.mt/www/delivery/afr.php?resize=1&zoneid=146&target=_blank&cb=218', 'aria_label': None, 'class': ['tmiads'], 'id': 'a94be7f3', 'text': ''}, {'tag': 'iframe', 'src': 'https://ads.independent.com.mt/www/delivery/afr.php?zoneid=147&cb=8', 'aria_label': None, 'class': ['tmiads'], 'id': 'a65e2a3a', 'text': ''}, {'tag': 'iframe', 'src': 'https://ads.independent.com.mt/www/delivery/afr.php?resize=1&zoneid=146&target=_blank&cb=218', 'aria_label': None, 'class': ['tmiads'], 'id': 'a94be7f3', 'text': ''}, {'tag': 'iframe', 'src': 'https://ads.independent.com.mt/www/delivery/afr.php?resize=1&zoneid=5&target=_blank&cb=95', 'aria_label': None, 'class': ['tmiads'], 'id': 'a6868fa4', 'text': ''}, {'tag': 'iframe', 'src': 'https://ads.independent.com.mt/www/delivery/afr.php?zoneid=17&cb=158', 'aria_label': None, 'class': ['tmiads'], 'id': 'ac72d028', 'text': ''}, {'tag': 'iframe', 'src': 'https://ads.independent.com.mt/www/delivery/afr.php?zoneid=12&cb=238', 'aria_label': None, 'class': ['tmiads'], 'id': 'af2737e4', 'text': ''}, {'tag': 'iframe', 'src': 'https://ads.independent.com.mt/www/delivery/afr.php?resize=1&zoneid=13&target=_blank&cb=85', 'aria_label': None, 'class': ['tmiads'], 'id': 'a86ac61d', 'text': ''}, {'tag': 'iframe', 'src': 'https://ads.independent.com.mt/www/delivery/afr.php?zoneid=147&cb=244', 'aria_label': None, 'class': ['tmiads'], 'id': 'a65e2a3a', 'text': ''}, {'tag': 'iframe', 'src': 'https://ads.independent.com.mt/www/delivery/afr.php?resize=1&zoneid=6&target=_blank&cb=227', 'aria_label': None, 'class': ['tmiads'], 'id': 'a486284e', 'text': ''}, {'tag': 'iframe', 'src': 'https://ads.independent.com.mt/www/delivery/afr.php?resize=1&zoneid=14&target=_blank&cb=159', 'aria_label': None, 'class': ['tmiads'], 'id': 'a8e28c82', 'text': ''}, {'tag': 'iframe', 'src': 'https://ads.independent.com.mt/www/delivery/afr.php?resize=1&zoneid=15&target=_blank&cb=254', 'aria_label': None, 'class': ['tmiads'], 'id': 'a5aefaca', 'text': ''}, {'tag': 'iframe', 'src': 'https://ads.independent.com.mt/www/delivery/afr.php?zoneid=147&cb=250', 'aria_label': None, 'class': ['tmiads'], 'id': 'a65e2a3a', 'text': ''}, {'tag': 'iframe', 'src': 'https://ads.independent.com.mt/www/delivery/afr.php?resize=1&zoneid=16&target=_blank&cb=201', 'aria_label': None, 'class': ['tmiads'], 'id': 'a4798ae8', 'text': ''}, {'tag': 'iframe', 'src': 'https://ads.independent.com.mt/www/delivery/afr.php?resize=1&zoneid=7&target=_blank&cb=186', 'aria_label': None, 'class': ['tmiads'], 'id': 'a3c00537', 'text': ''}]",7,1,251,0.08770090845562543,34,9,11,0,0,97,15,0.9197860962566845,2,0,0,1,0.09643605870020965,1,71,4,20.015625,0,0,0,0,0,0,0,002,independent,home_page
419,187,52,25,12,1,65,45,36431,5570,23,18,"[{'tag': 'iframe', 'src': 'https://ads.independent.com.mt/www/delivery/afr.php?resize=1&zoneid=32&target=_blank&cb=297', 'aria_label': None, 'class': ['tmiads'], 'id': 'a735fbc0', 'text': ''}, {'tag': 'iframe', 'src': 'https://ads.independent.com.mt/www/delivery/afr.php?zoneid=103&cb=175', 'aria_label': None, 'class': ['tmiads'], 'id': 'a0d81251', 'text': ''}, {'tag': 'iframe', 'src': 'https://ads.independent.com.mt/www/delivery/afr.php?resize=1&zoneid=9&target=_blank&cb=196', 'aria_label': None, 'class': ['tmiads'], 'id': 'a94be7f3', 'text': ''}, {'tag': 'iframe', 'src': 'https://ads.independent.com.mt/www/delivery/afr.php?resize=1&zoneid=10&target=_blank&cb=64', 'aria_label': None, 'class': ['tmiads'], 'id': 'a7d8fb45', 'text': ''}, {'tag': 'iframe', 'src': 'https://ads.independent.com.mt/www/delivery/afr.php?resize=1&zoneid=146&target=_blank&cb=218', 'aria_label': None, 'class': ['tmiads'], 'id': 'a94be7f3', 'text': ''}, {'tag': 'iframe', 'src': 'https://ads.independent.com.mt/www/delivery/afr.php?zoneid=147&cb=8', 'aria_label': None, 'class': ['tmiads'], 'id': 'a65e2a3a', 'text': ''}, {'tag': 'iframe', 'src': 'https://ads.independent.com.mt/www/delivery/afr.php?resize=1&zoneid=146&target=_blank&cb=218', 'aria_label': None, 'class': ['tmiads'], 'id': 'a94be7f3', 'text': ''}, {'tag': 'iframe', 'src': 'https://ads.independent.com.mt/www/delivery/afr.php?resize=1&zoneid=5&target=_blank&cb=95', 'aria_label': None, 'class': ['tmiads'], 'id': 'a6868fa4', 'text': ''}, {'tag': 'iframe', 'src': 'https://ads.independent.com.mt/www/delivery/afr.php?zoneid=17&cb=158', 'aria_label': None, 'class': ['tmiads'], 'id': 'ac72d028', 'text': ''}, {'tag': 'iframe', 'src': 'https://ads.independent.com.mt/www/delivery/afr.php?zoneid=12&cb=238', 'aria_label': None, 'class': ['tmiads'], 'id': 'af2737e4', 'text': ''}, {'tag': 'iframe', 'src': 'https://ads.independent.com.mt/www/delivery/afr.php?resize=1&zoneid=13&target=_blank&cb=85', 'aria_label': None, 'class': ['tmiads'], 'id': 'a86ac61d', 'text': ''}, {'tag': 'iframe', 'src': 'https://ads.independent.com.mt/www/delivery/afr.php?zoneid=147&cb=244', 'aria_label': None, 'class': ['tmiads'], 'id': 'a65e2a3a', 'text': ''}, {'tag': 'iframe', 'src': 'https://ads.independent.com.mt/www/delivery/afr.php?resize=1&zoneid=6&target=_blank&cb=227', 'aria_label': None, 'class': ['tmiads'], 'id': 'a486284e', 'text': ''}, {'tag': 'iframe', 'src': 'https://ads.independent.com.mt/www/delivery/afr.php?resize=1&zoneid=14&target=_blank&cb=159', 'aria_label': None, 'class': ['tmiads'], 'id': 'a8e28c82', 'text': ''}, {'tag': 'iframe', 'src': 'https://ads.independent.com.mt/www/delivery/afr.php?resize=1&zoneid=15&target=_blank&cb=254', 'aria_label': None, 'class': ['tmiads'], 'id': 'a5aefaca', 'text': ''}, {'tag': 'iframe', 'src': 'https://ads.independent.com.mt/www/delivery/afr.php?zoneid=147&cb=250', 'aria_label': None, 'class': ['tmiads'], 'id': 'a65e2a3a', 'text': ''}, {'tag': 'iframe', 'src': 'https://ads.independent.com.mt/www/delivery/afr.php?resize=1&zoneid=16&target=_blank&cb=201', 'aria_label': None, 'class': ['tmiads'], 'id': 'a4798ae8', 'text': ''}, {'tag': 'iframe', 'src': 'https://ads.independent.com.mt/www/delivery/afr.php?resize=1&zoneid=7&target=_blank&cb=186', 'aria_label': None, 'class': ['tmiads'], 'id': 'a3c00537', 'text': ''}]",7,1,251,0.08770090845562543,34,9,11,0,0,97,15,0.9197860962566845,2,0,0,1,0.09643605870020965,1,71,4,20.015625,0,0,0,0,0,0,0,003,independent,home_page
419,187,52,25,12,1,65,45,36431,5570,23,18,"[{'tag': 'iframe', 'src': 'https://ads.independent.com.mt/www/delivery/afr.php?resize=1&zoneid=32&target=_blank&cb=297', 'aria_label': None, 'class': ['tmiads'], 'id': 'a735fbc0', 'text': ''}, {'tag': 'iframe', 'src': 'https://ads.independent.com.mt/www/delivery/afr.php?zoneid=103&cb=175', 'aria_label': None, 'class': ['tmiads'], 'id': 'a0d81251', 'text': ''}, {'tag': 'iframe', 'src': 'https://ads.independent.com.mt/www/delivery/afr.php?resize=1&zoneid=9&target=_blank&cb=196', 'aria_label': None, 'class': ['tmiads'], 'id': 'a94be7f3', 'text': ''}, {'tag': 'iframe', 'src': 'https://ads.independent.com.mt/www/delivery/afr.php?resize=1&zoneid=10&target=_blank&cb=64', 'aria_label': None, 'class': ['tmiads'], 'id': 'a7d8fb45', 'text': ''}, {'tag': 'iframe', 'src': 'https://ads.independent.com.mt/www/delivery/afr.php?resize=1&zoneid=146&target=_blank&cb=218', 'aria_label': None, 'class': ['tmiads'], 'id': 'a94be7f3', 'text': ''}, {'tag': 'iframe', 'src': 'https://ads.independent.com.mt/www/delivery/afr.php?zoneid=147&cb=8', 'aria_label': None, 'class': ['tmiads'], 'id': 'a65e2a3a', 'text': ''}, {'tag': 'iframe', 'src': 'https://ads.independent.com.mt/www/delivery/afr.php?resize=1&zoneid=146&target=_blank&cb=218', 'aria_label': None, 'class': ['tmiads'], 'id': 'a94be7f3', 'text': ''}, {'tag': 'iframe', 'src': 'https://ads.independent.com.mt/www/delivery/afr.php?resize=1&zoneid=5&target=_blank&cb=95', 'aria_label': None, 'class': ['tmiads'], 'id': 'a6868fa4', 'text': ''}, {'tag': 'iframe', 'src': 'https://ads.independent.com.mt/www/delivery/afr.php?zoneid=17&cb=158', 'aria_label': None, 'class': ['tmiads'], 'id': 'ac72d028', 'text': ''}, {'tag': 'iframe', 'src': 'https://ads.independent.com.mt/www/delivery/afr.php?zoneid=12&cb=238', 'aria_label': None, 'class': ['tmiads'], 'id': 'af2737e4', 'text': ''}, {'tag': 'iframe', 'src': 'https://ads.independent.com.mt/www/delivery/afr.php?resize=1&zoneid=13&target=_blank&cb=85', 'aria_label': None, 'class': ['tmiads'], 'id': 'a86ac61d', 'text': ''}, {'tag': 'iframe', 'src': 'https://ads.independent.com.mt/www/delivery/afr.php?zoneid=147&cb=244', 'aria_label': None, 'class': ['tmiads'], 'id': 'a65e2a3a', 'text': ''}, {'tag': 'iframe', 'src': 'https://ads.independent.com.mt/www/delivery/afr.php?resize=1&zoneid=6&target=_blank&cb=227', 'aria_label': None, 'class': ['tmiads'], 'id': 'a486284e', 'text': ''}, {'tag': 'iframe', 'src': 'https://ads.independent.com.mt/www/delivery/afr.php?resize=1&zoneid=14&target=_blank&cb=159', 'aria_label': None, 'class': ['tmiads'], 'id': 'a8e28c82', 'text': ''}, {'tag': 'iframe', 'src': 'https://ads.independent.com.mt/www/delivery/afr.php?resize=1&zoneid=15&target=_blank&cb=254', 'aria_label': None, 'class': ['tmiads'], 'id': 'a5aefaca', 'text': ''}, {'tag': 'iframe', 'src': 'https://ads.independent.com.mt/www/delivery/afr.php?zoneid=147&cb=250', 'aria_label': None, 'class': ['tmiads'], 'id': 'a65e2a3a', 'text': ''}, {'tag': 'iframe', 'src': 'https://ads.independent.com.mt/www/delivery/afr.php?resize=1&zoneid=16&target=_blank&cb=201', 'aria_label': None, 'class': ['tmiads'], 'id': 'a4798ae8', 'text': ''}, {'tag': 'iframe', 'src': 'https://ads.independent.com.mt/www/delivery/afr.php?resize=1&zoneid=7&target=_blank&cb=186', 'aria_label': None, 'class': ['tmiads'], 'id': 'a3c00537', 'text': ''}]",7,1,251,0.08770090845562543,34,9,11,0,0,97,15,0.9197860962566845,2,0,0,1,0.09643605870020965,1,71,4,20.015625,0,0,0,0,0,0,0,004,independent,home_page
419,187,52,25,12,1,65,45,36431,5570,23,18,"[{'tag': 'iframe', 'src': 'https://ads.independent.com.mt/www/delivery/afr.php?resize=1&zoneid=32&target=_blank&cb=297', 'aria_label': None, 'class': ['tmiads'], 'id': 'a735fbc0', 'text': ''}, {'tag': 'iframe', 'src': 'https://ads.independent.com.mt/www/delivery/afr.php?zoneid=103&cb=175', 'aria_label': None, 'class': ['tmiads'], 'id': 'a0d81251', 'text': ''}, {'tag': 'iframe', 'src': 'https://ads.independent.com.mt/www/delivery/afr.php?resize=1&zoneid=9&target=_blank&cb=196', 'aria_label': None, 'class': ['tmiads'], 'id': 'a94be7f3', 'text': ''}, {'tag': 'iframe', 'src': 'https://ads.independent.com.mt/www/delivery/afr.php?resize=1&zoneid=10&target=_blank&cb=64', 'aria_label': None, 'class': ['tmiads'], 'id': 'a7d8fb45', 'text': ''}, {'tag': 'iframe', 'src': 'https://ads.independent.com.mt/www/delivery/afr.php?resize=1&zoneid=146&target=_blank&cb=218', 'aria_label': None, 'class': ['tmiads'], 'id': 'a94be7f3', 'text': ''}, {'tag': 'iframe', 'src': 'https://ads.independent.com.mt/www/delivery/afr.php?zoneid=147&cb=8', 'aria_label': None, 'class': ['tmiads'], 'id': 'a65e2a3a', 'text': ''}, {'tag': 'iframe', 'src': 'https://ads.independent.com.mt/www/delivery/afr.php?resize=1&zoneid=146&target=_blank&cb=218', 'aria_label': None, 'class': ['tmiads'], 'id': 'a94be7f3', 'text': ''}, {'tag': 'iframe', 'src': 'https://ads.independent.com.mt/www/delivery/afr.php?resize=1&zoneid=5&target=_blank&cb=95', 'aria_label': None, 'class': ['tmiads'], 'id': 'a6868fa4', 'text': ''}, {'tag': 'iframe', 'src': 'https://ads.independent.com.mt/www/delivery/afr.php?zoneid=17&cb=158', 'aria_label': None, 'class': ['tmiads'], 'id': 'ac72d028', 'text': ''}, {'tag': 'iframe', 'src': 'https://ads.independent.com.mt/www/delivery/afr.php?zoneid=12&cb=238', 'aria_label': None, 'class': ['tmiads'], 'id': 'af2737e4', 'text': ''}, {'tag': 'iframe', 'src': 'https://ads.independent.com.mt/www/delivery/afr.php?resize=1&zoneid=13&target=_blank&cb=85', 'aria_label': None, 'class': ['tmiads'], 'id': 'a86ac61d', 'text': ''}, {'tag': 'iframe', 'src': 'https://ads.independent.com.mt/www/delivery/afr.php?zoneid=147&cb=244', 'aria_label': None, 'class': ['tmiads'], 'id': 'a65e2a3a', 'text': ''}, {'tag': 'iframe', 'src': 'https://ads.independent.com.mt/www/delivery/afr.php?resize=1&zoneid=6&target=_blank&cb=227', 'aria_label': None, 'class': ['tmiads'], 'id': 'a486284e', 'text': ''}, {'tag': 'iframe', 'src': 'https://ads.independent.com.mt/www/delivery/afr.php?resize=1&zoneid=14&target=_blank&cb=159', 'aria_label': None, 'class': ['tmiads'], 'id': 'a8e28c82', 'text': ''}, {'tag': 'iframe', 'src': 'https://ads.independent.com.mt/www/delivery/afr.php?resize=1&zoneid=15&target=_blank&cb=254', 'aria_label': None, 'class': ['tmiads'], 'id': 'a5aefaca', 'text': ''}, {'tag': 'iframe', 'src': 'https://ads.independent.com.mt/www/delivery/afr.php?zoneid=147&cb=250', 'aria_label': None, 'class': ['tmiads'], 'id': 'a65e2a3a', 'text': ''}, {'tag': 'iframe', 'src': 'https://ads.independent.com.mt/www/delivery/afr.php?resize=1&zoneid=16&target=_blank&cb=201', 'aria_label': None, 'class': ['tmiads'], 'id': 'a4798ae8', 'text': ''}, {'tag': 'iframe', 'src': 'https://ads.independent.com.mt/www/delivery/afr.php?resize=1&zoneid=7&target=_blank&cb=186', 'aria_label': None, 'class': ['tmiads'], 'id': 'a3c00537', 'text': ''}]",7,1,251,0.08770090845562543,34,9,11,0,0,97,15,0.9197860962566845,2,0,0,1,0.09643605870020965,1,71,4,20.015625,0,0,0,0,0,0,0,005,independent,home_page
419,187,52,25,12,1,65,45,36431,5570,23,18,"[{'tag': 'iframe', 'src': 'https://ads.independent.com.mt/www/delivery/afr.php?resize=1&zoneid=32&target=_blank&cb=297', 'aria_label': None, 'class': ['tmiads'], 'id': 'a735fbc0', 'text': ''}, {'tag': 'iframe', 'src': 'https://ads.independent.com.mt/www/delivery/afr.php?zoneid=103&cb=175', 'aria_label': None, 'class': ['tmiads'], 'id': 'a0d81251', 'text': ''}, {'tag': 'iframe', 'src': 'https://ads.independent.com.mt/www/delivery/afr.php?resize=1&zoneid=9&target=_blank&cb=196', 'aria_label': None, 'class': ['tmiads'], 'id': 'a94be7f3', 'text': ''}, {'tag': 'iframe', 'src': 'https://ads.independent.com.mt/www/delivery/afr.php?resize=1&zoneid=10&target=_blank&cb=64', 'aria_label': None, 'class': ['tmiads'], 'id': 'a7d8fb45', 'text': ''}, {'tag': 'iframe', 'src': 'https://ads.independent.com.mt/www/delivery/afr.php?resize=1&zoneid=146&target=_blank&cb=218', 'aria_label': None, 'class': ['tmiads'], 'id': 'a94be7f3', 'text': ''}, {'tag': 'iframe', 'src': 'https://ads.independent.com.mt/www/delivery/afr.php?zoneid=147&cb=8', 'aria_label': None, 'class': ['tmiads'], 'id': 'a65e2a3a', 'text': ''}, {'tag': 'iframe', 'src': 'https://ads.independent.com.mt/www/delivery/afr.php?resize=1&zoneid=146&target=_blank&cb=218', 'aria_label': None, 'class': ['tmiads'], 'id': 'a94be7f3', 'text': ''}, {'tag': 'iframe', 'src': 'https://ads.independent.com.mt/www/delivery/afr.php?resize=1&zoneid=5&target=_blank&cb=95', 'aria_label': None, 'class': ['tmiads'], 'id': 'a6868fa4', 'text': ''}, {'tag': 'iframe', 'src': 'https://ads.independent.com.mt/www/delivery/afr.php?zoneid=17&cb=158', 'aria_label': None, 'class': ['tmiads'], 'id': 'ac72d028', 'text': ''}, {'tag': 'iframe', 'src': 'https://ads.independent.com.mt/www/delivery/afr.php?zoneid=12&cb=238', 'aria_label': None, 'class': ['tmiads'], 'id': 'af2737e4', 'text': ''}, {'tag': 'iframe', 'src': 'https://ads.independent.com.mt/www/delivery/afr.php?resize=1&zoneid=13&target=_blank&cb=85', 'aria_label': None, 'class': ['tmiads'], 'id': 'a86ac61d', 'text': ''}, {'tag': 'iframe', 'src': 'https://ads.independent.com.mt/www/delivery/afr.php?zoneid=147&cb=244', 'aria_label': None, 'class': ['tmiads'], 'id': 'a65e2a3a', 'text': ''}, {'tag': 'iframe', 'src': 'https://ads.independent.com.mt/www/delivery/afr.php?resize=1&zoneid=6&target=_blank&cb=227', 'aria_label': None, 'class': ['tmiads'], 'id': 'a486284e', 'text': ''}, {'tag': 'iframe', 'src': 'https://ads.independent.com.mt/www/delivery/afr.php?resize=1&zoneid=14&target=_blank&cb=159', 'aria_label': None, 'class': ['tmiads'], 'id': 'a8e28c82', 'text': ''}, {'tag': 'iframe', 'src': 'https://ads.independent.com.mt/www/delivery/afr.php?resize=1&zoneid=15&target=_blank&cb=254', 'aria_label': None, 'class': ['tmiads'], 'id': 'a5aefaca', 'text': ''}, {'tag': 'iframe', 'src': 'https://ads.independent.com.mt/www/delivery/afr.php?zoneid=147&cb=250', 'aria_label': None, 'class': ['tmiads'], 'id': 'a65e2a3a', 'text': ''}, {'tag': 'iframe', 'src': 'https://ads.independent.com.mt/www/delivery/afr.php?resize=1&zoneid=16&target=_blank&cb=201', 'aria_label': None, 'class': ['tmiads'], 'id': 'a4798ae8', 'text': ''}, {'tag': 'iframe', 'src': 'https://ads.independent.com.mt/www/delivery/afr.php?resize=1&zoneid=7&target=_blank&cb=186', 'aria_label': None, 'class': ['tmiads'], 'id': 'a3c00537', 'text': ''}]",7,1,251,0.08770090845562543,34,9,11,0,0,97,15,0.9197860962566845,2,0,0,1,0.09643605870020965,1,71,4,20.015625,0,0,0,0,0,0,0,006,independent,home_page
419,187,52,25,12,1,65,45,36431,5570,23,18,"[{'tag': 'iframe', 'src': 'https://ads.independent.com.mt/www/delivery/afr.php?resize=1&zoneid=32&target=_blank&cb=297', 'aria_label': None, 'class': ['tmiads'], 'id': 'a735fbc0', 'text': ''}, {'tag': 'iframe', 'src': 'https://ads.independent.com.mt/www/delivery/afr.php?zoneid=103&cb=175', 'aria_label': None, 'class': ['tmiads'], 'id': 'a0d81251', 'text': ''}, {'tag': 'iframe', 'src': 'https://ads.independent.com.mt/www/delivery/afr.php?resize=1&zoneid=9&target=_blank&cb=196', 'aria_label': None, 'class': ['tmiads'], 'id': 'a94be7f3', 'text': ''}, {'tag': 'iframe', 'src': 'https://ads.independent.com.mt/www/delivery/afr.php?resize=1&zoneid=10&target=_blank&cb=64', 'aria_label': None, 'class': ['tmiads'], 'id': 'a7d8fb45', 'text': ''}, {'tag': 'iframe', 'src': 'https://ads.independent.com.mt/www/delivery/afr.php?resize=1&zoneid=146&target=_blank&cb=218', 'aria_label': None, 'class': ['tmiads'], 'id': 'a94be7f3', 'text': ''}, {'tag': 'iframe', 'src': 'https://ads.independent.com.mt/www/delivery/afr.php?zoneid=147&cb=8', 'aria_label': None, 'class': ['tmiads'], 'id': 'a65e2a3a', 'text': ''}, {'tag': 'iframe', 'src': 'https://ads.independent.com.mt/www/delivery/afr.php?resize=1&zoneid=146&target=_blank&cb=218', 'aria_label': None, 'class': ['tmiads'], 'id': 'a94be7f3', 'text': ''}, {'tag': 'iframe', 'src': 'https://ads.independent.com.mt/www/delivery/afr.php?resize=1&zoneid=5&target=_blank&cb=95', 'aria_label': None, 'class': ['tmiads'], 'id': 'a6868fa4', 'text': ''}, {'tag': 'iframe', 'src': 'https://ads.independent.com.mt/www/delivery/afr.php?zoneid=17&cb=158', 'aria_label': None, 'class': ['tmiads'], 'id': 'ac72d028', 'text': ''}, {'tag': 'iframe', 'src': 'https://ads.independent.com.mt/www/delivery/afr.php?zoneid=12&cb=238', 'aria_label': None, 'class': ['tmiads'], 'id': 'af2737e4', 'text': ''}, {'tag': 'iframe', 'src': 'https://ads.independent.com.mt/www/delivery/afr.php?resize=1&zoneid=13&target=_blank&cb=85', 'aria_label': None, 'class': ['tmiads'], 'id': 'a86ac61d', 'text': ''}, {'tag': 'iframe', 'src': 'https://ads.independent.com.mt/www/delivery/afr.php?zoneid=147&cb=244', 'aria_label': None, 'class': ['tmiads'], 'id': 'a65e2a3a', 'text': ''}, {'tag': 'iframe', 'src': 'https://ads.independent.com.mt/www/delivery/afr.php?resize=1&zoneid=6&target=_blank&cb=227', 'aria_label': None, 'class': ['tmiads'], 'id': 'a486284e', 'text': ''}, {'tag': 'iframe', 'src': 'https://ads.independent.com.mt/www/delivery/afr.php?resize=1&zoneid=14&target=_blank&cb=159', 'aria_label': None, 'class': ['tmiads'], 'id': 'a8e28c82', 'text': ''}, {'tag': 'iframe', 'src': 'https://ads.independent.com.mt/www/delivery/afr.php?resize=1&zoneid=15&target=_blank&cb=254', 'aria_label': None, 'class': ['tmiads'], 'id': 'a5aefaca', 'text': ''}, {'tag': 'iframe', 'src': 'https://ads.independent.com.mt/www/delivery/afr.php?zoneid=147&cb=250', 'aria_label': None, 'class': ['tmiads'], 'id': 'a65e2a3a', 'text': ''}, {'tag': 'iframe', 'src': 'https://ads.independent.com.mt/www/delivery/afr.php?resize=1&zoneid=16&target=_blank&cb=201', 'aria_label': None, 'class': ['tmiads'], 'id': 'a4798ae8', 'text': ''}, {'tag': 'iframe', 'src': 'https://ads.independent.com.mt/www/delivery/afr.php?resize=1&zoneid=7&target=_blank&cb=186', 'aria_label': None, 'class': ['tmiads'], 'id': 'a3c00537', 'text': ''}]",7,1,251,0.08770090845562543,34,9,11,0,0,97,15,0.9197860962566845,2,0,0,1,0.09643605870020965,1,71,4,20.015625,0,0,0,0,0,0,0,007,independent,home_page
419,187,52,25,12,1,65,45,36431,5570,23,18,"[{'tag': 'iframe', 'src': 'https://ads.independent.com.mt/www/delivery/afr.php?resize=1&zoneid=32&target=_blank&cb=297', 'aria_label': None, 'class': ['tmiads'], 'id': 'a735fbc0', 'text': ''}, {'tag': 'iframe', 'src': 'https://ads.independent.com.mt/www/delivery/afr.php?zoneid=103&cb=175', 'aria_label': None, 'class': ['tmiads'], 'id': 'a0d81251', 'text': ''}, {'tag': 'iframe', 'src': 'https://ads.independent.com.mt/www/delivery/afr.php?resize=1&zoneid=9&target=_blank&cb=196', 'aria_label': None, 'class': ['tmiads'], 'id': 'a94be7f3', 'text': ''}, {'tag': 'iframe', 'src': 'https://ads.independent.com.mt/www/delivery/afr.php?resize=1&zoneid=10&target=_blank&cb=64', 'aria_label': None, 'class': ['tmiads'], 'id': 'a7d8fb45', 'text': ''}, {'tag': 'iframe', 'src': 'https://ads.independent.com.mt/www/delivery/afr.php?resize=1&zoneid=146&target=_blank&cb=218', 'aria_label': None, 'class': ['tmiads'], 'id': 'a94be7f3', 'text': ''}, {'tag': 'iframe', 'src': 'https://ads.independent.com.mt/www/delivery/afr.php?zoneid=147&cb=8', 'aria_label': None, 'class': ['tmiads'], 'id': 'a65e2a3a', 'text': ''}, {'tag': 'iframe', 'src': 'https://ads.independent.com.mt/www/delivery/afr.php?resize=1&zoneid=146&target=_blank&cb=218', 'aria_label': None, 'class': ['tmiads'], 'id': 'a94be7f3', 'text': ''}, {'tag': 'iframe', 'src': 'https://ads.independent.com.mt/www/delivery/afr.php?resize=1&zoneid=5&target=_blank&cb=95', 'aria_label': None, 'class': ['tmiads'], 'id': 'a6868fa4', 'text': ''}, {'tag': 'iframe', 'src': 'https://ads.independent.com.mt/www/delivery/afr.php?zoneid=17&cb=158', 'aria_label': None, 'class': ['tmiads'], 'id': 'ac72d028', 'text': ''}, {'tag': 'iframe', 'src': 'https://ads.independent.com.mt/www/delivery/afr.php?zoneid=12&cb=238', 'aria_label': None, 'class': ['tmiads'], 'id': 'af2737e4', 'text': ''}, {'tag': 'iframe', 'src': 'https://ads.independent.com.mt/www/delivery/afr.php?resize=1&zoneid=13&target=_blank&cb=85', 'aria_label': None, 'class': ['tmiads'], 'id': 'a86ac61d', 'text': ''}, {'tag': 'iframe', 'src': 'https://ads.independent.com.mt/www/delivery/afr.php?zoneid=147&cb=244', 'aria_label': None, 'class': ['tmiads'], 'id': 'a65e2a3a', 'text': ''}, {'tag': 'iframe', 'src': 'https://ads.independent.com.mt/www/delivery/afr.php?resize=1&zoneid=6&target=_blank&cb=227', 'aria_label': None, 'class': ['tmiads'], 'id': 'a486284e', 'text': ''}, {'tag': 'iframe', 'src': 'https://ads.independent.com.mt/www/delivery/afr.php?resize=1&zoneid=14&target=_blank&cb=159', 'aria_label': None, 'class': ['tmiads'], 'id': 'a8e28c82', 'text': ''}, {'tag': 'iframe', 'src': 'https://ads.independent.com.mt/www/delivery/afr.php?resize=1&zoneid=15&target=_blank&cb=254', 'aria_label': None, 'class': ['tmiads'], 'id': 'a5aefaca', 'text': ''}, {'tag': 'iframe', 'src': 'https://ads.independent.com.mt/www/delivery/afr.php?zoneid=147&cb=250', 'aria_label': None, 'class': ['tmiads'], 'id': 'a65e2a3a', 'text': ''}, {'tag': 'iframe', 'src': 'https://ads.independent.com.mt/www/delivery/afr.php?resize=1&zoneid=16&target=_blank&cb=201', 'aria_label': None, 'class': ['tmiads'], 'id': 'a4798ae8', 'text': ''}, {'tag': 'iframe', 'src': 'https://ads.independent.com.mt/www/delivery/afr.php?resize=1&zoneid=7&target=_blank&cb=186', 'aria_label': None, 'class': ['tmiads'], 'id': 'a3c00537', 'text': ''}]",7,1,251,0.08770090845562543,34,9,11,0,0,97,15,0.9197860962566845,2,0,0,1,0.09643605870020965,1,71,4,20.015625,0,0,0,0,0,0,0,008,independent,home_page
419,187,52,25,12,1,65,45,36431,5570,23,18,"[{'tag': 'iframe', 'src': 'https://ads.independent.com.mt/www/delivery/afr.php?resize=1&zoneid=32&target=_blank&cb=297', 'aria_label': None, 'class': ['tmiads'], 'id': 'a735fbc0', 'text': ''}, {'tag': 'iframe', 'src': 'https://ads.independent.com.mt/www/delivery/afr.php?zoneid=103&cb=175', 'aria_label': None, 'class': ['tmiads'], 'id': 'a0d81251', 'text': ''}, {'tag': 'iframe', 'src': 'https://ads.independent.com.mt/www/delivery/afr.php?resize=1&zoneid=9&target=_blank&cb=196', 'aria_label': None, 'class': ['tmiads'], 'id': 'a94be7f3', 'text': ''}, {'tag': 'iframe', 'src': 'https://ads.independent.com.mt/www/delivery/afr.php?resize=1&zoneid=10&target=_blank&cb=64', 'aria_label': None, 'class': ['tmiads'], 'id': 'a7d8fb45', 'text': ''}, {'tag': 'iframe', 'src': 'https://ads.independent.com.mt/www/delivery/afr.php?resize=1&zoneid=146&target=_blank&cb=218', 'aria_label': None, 'class': ['tmiads'], 'id': 'a94be7f3', 'text': ''}, {'tag': 'iframe', 'src': 'https://ads.independent.com.mt/www/delivery/afr.php?zoneid=147&cb=8', 'aria_label': None, 'class': ['tmiads'], 'id': 'a65e2a3a', 'text': ''}, {'tag': 'iframe', 'src': 'https://ads.independent.com.mt/www/delivery/afr.php?resize=1&zoneid=146&target=_blank&cb=218', 'aria_label': None, 'class': ['tmiads'], 'id': 'a94be7f3', 'text': ''}, {'tag': 'iframe', 'src': 'https://ads.independent.com.mt/www/delivery/afr.php?resize=1&zoneid=5&target=_blank&cb=95', 'aria_label': None, 'class': ['tmiads'], 'id': 'a6868fa4', 'text': ''}, {'tag': 'iframe', 'src': 'https://ads.independent.com.mt/www/delivery/afr.php?zoneid=17&cb=158', 'aria_label': None, 'class': ['tmiads'], 'id': 'ac72d028', 'text': ''}, {'tag': 'iframe', 'src': 'https://ads.independent.com.mt/www/delivery/afr.php?zoneid=12&cb=238', 'aria_label': None, 'class': ['tmiads'], 'id': 'af2737e4', 'text': ''}, {'tag': 'iframe', 'src': 'https://ads.independent.com.mt/www/delivery/afr.php?resize=1&zoneid=13&target=_blank&cb=85', 'aria_label': None, 'class': ['tmiads'], 'id': 'a86ac61d', 'text': ''}, {'tag': 'iframe', 'src': 'https://ads.independent.com.mt/www/delivery/afr.php?zoneid=147&cb=244', 'aria_label': None, 'class': ['tmiads'], 'id': 'a65e2a3a', 'text': ''}, {'tag': 'iframe', 'src': 'https://ads.independent.com.mt/www/delivery/afr.php?resize=1&zoneid=6&target=_blank&cb=227', 'aria_label': None, 'class': ['tmiads'], 'id': 'a486284e', 'text': ''}, {'tag': 'iframe', 'src': 'https://ads.independent.com.mt/www/delivery/afr.php?resize=1&zoneid=14&target=_blank&cb=159', 'aria_label': None, 'class': ['tmiads'], 'id': 'a8e28c82', 'text': ''}, {'tag': 'iframe', 'src': 'https://ads.independent.com.mt/www/delivery/afr.php?resize=1&zoneid=15&target=_blank&cb=254', 'aria_label': None, 'class': ['tmiads'], 'id': 'a5aefaca', 'text': ''}, {'tag': 'iframe', 'src': 'https://ads.independent.com.mt/www/delivery/afr.php?zoneid=147&cb=250', 'aria_label': None, 'class': ['tmiads'], 'id': 'a65e2a3a', 'text': ''}, {'tag': 'iframe', 'src': 'https://ads.independent.com.mt/www/delivery/afr.php?resize=1&zoneid=16&target=_blank&cb=201', 'aria_label': None, 'class': ['tmiads'], 'id': 'a4798ae8', 'text': ''}, {'tag': 'iframe', 'src': 'https://ads.independent.com.mt/www/delivery/afr.php?resize=1&zoneid=7&target=_blank&cb=186', 'aria_label': None, 'class': ['tmiads'], 'id': 'a3c00537', 'text': ''}]",7,1,251,0.08770090845562543,34,9,11,0,0,97,15,0.9197860962566845,2,0,0,1,0.09643605870020965,1,71,4,20.015625,0,0,0,0,0,0,0,009,independent,home_page
419,187,52,25,12,1,65,45,36431,5570,23,18,"[{'tag': 'iframe', 'src': 'https://ads.independent.com.mt/www/delivery/afr.php?resize=1&zoneid=32&target=_blank&cb=297', 'aria_label': None, 'class': ['tmiads'], 'id': 'a735fbc0', 'text': ''}, {'tag': 'iframe', 'src': 'https://ads.independent.com.mt/www/delivery/afr.php?zoneid=103&cb=175', 'aria_label': None, 'class': ['tmiads'], 'id': 'a0d81251', 'text': ''}, {'tag': 'iframe', 'src': 'https://ads.independent.com.mt/www/delivery/afr.php?resize=1&zoneid=9&target=_blank&cb=196', 'aria_label': None, 'class': ['tmiads'], 'id': 'a94be7f3', 'text': ''}, {'tag': 'iframe', 'src': 'https://ads.independent.com.mt/www/delivery/afr.php?resize=1&zoneid=10&target=_blank&cb=64', 'aria_label': None, 'class': ['tmiads'], 'id': 'a7d8fb45', 'text': ''}, {'tag': 'iframe', 'src': 'https://ads.independent.com.mt/www/delivery/afr.php?resize=1&zoneid=146&target=_blank&cb=218', 'aria_label': None, 'class': ['tmiads'], 'id': 'a94be7f3', 'text': ''}, {'tag': 'iframe', 'src': 'https://ads.independent.com.mt/www/delivery/afr.php?zoneid=147&cb=8', 'aria_label': None, 'class': ['tmiads'], 'id': 'a65e2a3a', 'text': ''}, {'tag': 'iframe', 'src': 'https://ads.independent.com.mt/www/delivery/afr.php?resize=1&zoneid=146&target=_blank&cb=218', 'aria_label': None, 'class': ['tmiads'], 'id': 'a94be7f3', 'text': ''}, {'tag': 'iframe', 'src': 'https://ads.independent.com.mt/www/delivery/afr.php?resize=1&zoneid=5&target=_blank&cb=95', 'aria_label': None, 'class': ['tmiads'], 'id': 'a6868fa4', 'text': ''}, {'tag': 'iframe', 'src': 'https://ads.independent.com.mt/www/delivery/afr.php?zoneid=17&cb=158', 'aria_label': None, 'class': ['tmiads'], 'id': 'ac72d028', 'text': ''}, {'tag': 'iframe', 'src': 'https://ads.independent.com.mt/www/delivery/afr.php?zoneid=12&cb=238', 'aria_label': None, 'class': ['tmiads'], 'id': 'af2737e4', 'text': ''}, {'tag': 'iframe', 'src': 'https://ads.independent.com.mt/www/delivery/afr.php?resize=1&zoneid=13&target=_blank&cb=85', 'aria_label': None, 'class': ['tmiads'], 'id': 'a86ac61d', 'text': ''}, {'tag': 'iframe', 'src': 'https://ads.independent.com.mt/www/delivery/afr.php?zoneid=147&cb=244', 'aria_label': None, 'class': ['tmiads'], 'id': 'a65e2a3a', 'text': ''}, {'tag': 'iframe', 'src': 'https://ads.independent.com.mt/www/delivery/afr.php?resize=1&zoneid=6&target=_blank&cb=227', 'aria_label': None, 'class': ['tmiads'], 'id': 'a486284e', 'text': ''}, {'tag': 'iframe', 'src': 'https://ads.independent.com.mt/www/delivery/afr.php?resize=1&zoneid=14&target=_blank&cb=159', 'aria_label': None, 'class': ['tmiads'], 'id': 'a8e28c82', 'text': ''}, {'tag': 'iframe', 'src': 'https://ads.independent.com.mt/www/delivery/afr.php?resize=1&zoneid=15&target=_blank&cb=254', 'aria_label': None, 'class': ['tmiads'], 'id': 'a5aefaca', 'text': ''}, {'tag': 'iframe', 'src': 'https://ads.independent.com.mt/www/delivery/afr.php?zoneid=147&cb=250', 'aria_label': None, 'class': ['tmiads'], 'id': 'a65e2a3a', 'text': ''}, {'tag': 'iframe', 'src': 'https://ads.independent.com.mt/www/delivery/afr.php?resize=1&zoneid=16&target=_blank&cb=201', 'aria_label': None, 'class': ['tmiads'], 'id': 'a4798ae8', 'text': ''}, {'tag': 'iframe', 'src': 'https://ads.independent.com.mt/www/delivery/afr.php?resize=1&zoneid=7&target=_blank&cb=186', 'aria_label': None, 'class': ['tmiads'], 'id': 'a3c00537', 'text': ''}]",7,1,251,0.08770090845562543,34,9,11,0,0,97,15,0.9197860962566845,2,0,0,1,0.09643605870020965,1,71,4,20.015625,0,0,0,0,0,0,0,010,independent,home_page
419,187,52,25,12,1,65,45,36431,5570,23,18,"[{'tag': 'iframe', 'src': 'https://ads.independent.com.mt/www/delivery/afr.php?resize=1&zoneid=32&target=_blank&cb=297', 'aria_label': None, 'class': ['tmiads'], 'id': 'a735fbc0', 'text': ''}, {'tag': 'iframe', 'src': 'https://ads.independent.com.mt/www/delivery/afr.php?zoneid=103&cb=175', 'aria_label': None, 'class': ['tmiads'], 'id': 'a0d81251', 'text': ''}, {'tag': 'iframe', 'src': 'https://ads.independent.com.mt/www/delivery/afr.php?resize=1&zoneid=9&target=_blank&cb=196', 'aria_label': None, 'class': ['tmiads'], 'id': 'a94be7f3', 'text': ''}, {'tag': 'iframe', 'src': 'https://ads.independent.com.mt/www/delivery/afr.php?resize=1&zoneid=10&target=_blank&cb=64', 'aria_label': None, 'class': ['tmiads'], 'id': 'a7d8fb45', 'text': ''}, {'tag': 'iframe', 'src': 'https://ads.independent.com.mt/www/delivery/afr.php?resize=1&zoneid=146&target=_blank&cb=218', 'aria_label': None, 'class': ['tmiads'], 'id': 'a94be7f3', 'text': ''}, {'tag': 'iframe', 'src': 'https://ads.independent.com.mt/www/delivery/afr.php?zoneid=147&cb=8', 'aria_label': None, 'class': ['tmiads'], 'id': 'a65e2a3a', 'text': ''}, {'tag': 'iframe', 'src': 'https://ads.independent.com.mt/www/delivery/afr.php?resize=1&zoneid=146&target=_blank&cb=218', 'aria_label': None, 'class': ['tmiads'], 'id': 'a94be7f3', 'text': ''}, {'tag': 'iframe', 'src': 'https://ads.independent.com.mt/www/delivery/afr.php?resize=1&zoneid=5&target=_blank&cb=95', 'aria_label': None, 'class': ['tmiads'], 'id': 'a6868fa4', 'text': ''}, {'tag': 'iframe', 'src': 'https://ads.independent.com.mt/www/delivery/afr.php?zoneid=17&cb=158', 'aria_label': None, 'class': ['tmiads'], 'id': 'ac72d028', 'text': ''}, {'tag': 'iframe', 'src': 'https://ads.independent.com.mt/www/delivery/afr.php?zoneid=12&cb=238', 'aria_label': None, 'class': ['tmiads'], 'id': 'af2737e4', 'text': ''}, {'tag': 'iframe', 'src': 'https://ads.independent.com.mt/www/delivery/afr.php?resize=1&zoneid=13&target=_blank&cb=85', 'aria_label': None, 'class': ['tmiads'], 'id': 'a86ac61d', 'text': ''}, {'tag': 'iframe', 'src': 'https://ads.independent.com.mt/www/delivery/afr.php?zoneid=147&cb=244', 'aria_label': None, 'class': ['tmiads'], 'id': 'a65e2a3a', 'text': ''}, {'tag': 'iframe', 'src': 'https://ads.independent.com.mt/www/delivery/afr.php?resize=1&zoneid=6&target=_blank&cb=227', 'aria_label': None, 'class': ['tmiads'], 'id': 'a486284e', 'text': ''}, {'tag': 'iframe', 'src': 'https://ads.independent.com.mt/www/delivery/afr.php?resize=1&zoneid=14&target=_blank&cb=159', 'aria_label': None, 'class': ['tmiads'], 'id': 'a8e28c82', 'text': ''}, {'tag': 'iframe', 'src': 'https://ads.independent.com.mt/www/delivery/afr.php?resize=1&zoneid=15&target=_blank&cb=254', 'aria_label': None, 'class': ['tmiads'], 'id': 'a5aefaca', 'text': ''}, {'tag': 'iframe', 'src': 'https://ads.independent.com.mt/www/delivery/afr.php?zoneid=147&cb=250', 'aria_label': None, 'class': ['tmiads'], 'id': 'a65e2a3a', 'text': ''}, {'tag': 'iframe', 'src': 'https://ads.independent.com.mt/www/delivery/afr.php?resize=1&zoneid=16&target=_blank&cb=201', 'aria_label': None, 'class': ['tmiads'], 'id': 'a4798ae8', 'text': ''}, {'tag': 'iframe', 'src': 'https://ads.independent.com.mt/www/delivery/afr.php?resize=1&zoneid=7&target=_blank&cb=186', 'aria_label': None, 'class': ['tmiads'], 'id': 'a3c00537', 'text': ''}]",7,1,251,0.08770090845562543,34,9,11,0,0,97,15,0.9197860962566845,2,0,0,1,0.09643605870020965,1,71,4,20.015625,0,0,0,0,0,0,0,011,independent,home_page
419,187,52,25,12,1,65,45,36431,5570,23,18,"[{'tag': 'iframe', 'src': 'https://ads.independent.com.mt/www/delivery/afr.php?resize=1&zoneid=32&target=_blank&cb=297', 'aria_label': None, 'class': ['tmiads'], 'id': 'a735fbc0', 'text': ''}, {'tag': 'iframe', 'src': 'https://ads.independent.com.mt/www/delivery/afr.php?zoneid=103&cb=175', 'aria_label': None, 'class': ['tmiads'], 'id': 'a0d81251', 'text': ''}, {'tag': 'iframe', 'src': 'https://ads.independent.com.mt/www/delivery/afr.php?resize=1&zoneid=9&target=_blank&cb=196', 'aria_label': None, 'class': ['tmiads'], 'id': 'a94be7f3', 'text': ''}, {'tag': 'iframe', 'src': 'https://ads.independent.com.mt/www/delivery/afr.php?resize=1&zoneid=10&target=_blank&cb=64', 'aria_label': None, 'class': ['tmiads'], 'id': 'a7d8fb45', 'text': ''}, {'tag': 'iframe', 'src': 'https://ads.independent.com.mt/www/delivery/afr.php?resize=1&zoneid=146&target=_blank&cb=218', 'aria_label': None, 'class': ['tmiads'], 'id': 'a94be7f3', 'text': ''}, {'tag': 'iframe', 'src': 'https://ads.independent.com.mt/www/delivery/afr.php?zoneid=147&cb=8', 'aria_label': None, 'class': ['tmiads'], 'id': 'a65e2a3a', 'text': ''}, {'tag': 'iframe', 'src': 'https://ads.independent.com.mt/www/delivery/afr.php?resize=1&zoneid=146&target=_blank&cb=218', 'aria_label': None, 'class': ['tmiads'], 'id': 'a94be7f3', 'text': ''}, {'tag': 'iframe', 'src': 'https://ads.independent.com.mt/www/delivery/afr.php?resize=1&zoneid=5&target=_blank&cb=95', 'aria_label': None, 'class': ['tmiads'], 'id': 'a6868fa4', 'text': ''}, {'tag': 'iframe', 'src': 'https://ads.independent.com.mt/www/delivery/afr.php?zoneid=17&cb=158', 'aria_label': None, 'class': ['tmiads'], 'id': 'ac72d028', 'text': ''}, {'tag': 'iframe', 'src': 'https://ads.independent.com.mt/www/delivery/afr.php?zoneid=12&cb=238', 'aria_label': None, 'class': ['tmiads'], 'id': 'af2737e4', 'text': ''}, {'tag': 'iframe', 'src': 'https://ads.independent.com.mt/www/delivery/afr.php?resize=1&zoneid=13&target=_blank&cb=85', 'aria_label': None, 'class': ['tmiads'], 'id': 'a86ac61d', 'text': ''}, {'tag': 'iframe', 'src': 'https://ads.independent.com.mt/www/delivery/afr.php?zoneid=147&cb=244', 'aria_label': None, 'class': ['tmiads'], 'id': 'a65e2a3a', 'text': ''}, {'tag': 'iframe', 'src': 'https://ads.independent.com.mt/www/delivery/afr.php?resize=1&zoneid=6&target=_blank&cb=227', 'aria_label': None, 'class': ['tmiads'], 'id': 'a486284e', 'text': ''}, {'tag': 'iframe', 'src': 'https://ads.independent.com.mt/www/delivery/afr.php?resize=1&zoneid=14&target=_blank&cb=159', 'aria_label': None, 'class': ['tmiads'], 'id': 'a8e28c82', 'text': ''}, {'tag': 'iframe', 'src': 'https://ads.independent.com.mt/www/delivery/afr.php?resize=1&zoneid=15&target=_blank&cb=254', 'aria_label': None, 'class': ['tmiads'], 'id': 'a5aefaca', 'text': ''}, {'tag': 'iframe', 'src': 'https://ads.independent.com.mt/www/delivery/afr.php?zoneid=147&cb=250', 'aria_label': None, 'class': ['tmiads'], 'id': 'a65e2a3a', 'text': ''}, {'tag': 'iframe', 'src': 'https://ads.independent.com.mt/www/delivery/afr.php?resize=1&zoneid=16&target=_blank&cb=201', 'aria_label': None, 'class': ['tmiads'], 'id': 'a4798ae8', 'text': ''}, {'tag': 'iframe', 'src': 'https://ads.independent.com.mt/www/delivery/afr.php?resize=1&zoneid=7&target=_blank&cb=186', 'aria_label': None, 'class': ['tmiads'], 'id': 'a3c00537', 'text': ''}]",7,1,251,0.08770090845562543,34,9,11,0,0,97,15,0.9197860962566845,2,0,0,1,0.09643605870020965,1,71,4,20.015625,0,0,0,0,0,0,0,012,independent,home_page
419,187,52,25,12,1,65,45,36431,5570,23,18,"[{'tag': 'iframe', 'src': 'https://ads.independent.com.mt/www/delivery/afr.php?resize=1&zoneid=32&target=_blank&cb=297', 'aria_label': None, 'class': ['tmiads'], 'id': 'a735fbc0', 'text': ''}, {'tag': 'iframe', 'src': 'https://ads.independent.com.mt/www/delivery/afr.php?zoneid=103&cb=175', 'aria_label': None, 'class': ['tmiads'], 'id': 'a0d81251', 'text': ''}, {'tag': 'iframe', 'src': 'https://ads.independent.com.mt/www/delivery/afr.php?resize=1&zoneid=9&target=_blank&cb=196', 'aria_label': None, 'class': ['tmiads'], 'id': 'a94be7f3', 'text': ''}, {'tag': 'iframe', 'src': 'https://ads.independent.com.mt/www/delivery/afr.php?resize=1&zoneid=10&target=_blank&cb=64', 'aria_label': None, 'class': ['tmiads'], 'id': 'a7d8fb45', 'text': ''}, {'tag': 'iframe', 'src': 'https://ads.independent.com.mt/www/delivery/afr.php?resize=1&zoneid=146&target=_blank&cb=218', 'aria_label': None, 'class': ['tmiads'], 'id': 'a94be7f3', 'text': ''}, {'tag': 'iframe', 'src': 'https://ads.independent.com.mt/www/delivery/afr.php?zoneid=147&cb=8', 'aria_label': None, 'class': ['tmiads'], 'id': 'a65e2a3a', 'text': ''}, {'tag': 'iframe', 'src': 'https://ads.independent.com.mt/www/delivery/afr.php?resize=1&zoneid=146&target=_blank&cb=218', 'aria_label': None, 'class': ['tmiads'], 'id': 'a94be7f3', 'text': ''}, {'tag': 'iframe', 'src': 'https://ads.independent.com.mt/www/delivery/afr.php?resize=1&zoneid=5&target=_blank&cb=95', 'aria_label': None, 'class': ['tmiads'], 'id': 'a6868fa4', 'text': ''}, {'tag': 'iframe', 'src': 'https://ads.independent.com.mt/www/delivery/afr.php?zoneid=17&cb=158', 'aria_label': None, 'class': ['tmiads'], 'id': 'ac72d028', 'text': ''}, {'tag': 'iframe', 'src': 'https://ads.independent.com.mt/www/delivery/afr.php?zoneid=12&cb=238', 'aria_label': None, 'class': ['tmiads'], 'id': 'af2737e4', 'text': ''}, {'tag': 'iframe', 'src': 'https://ads.independent.com.mt/www/delivery/afr.php?resize=1&zoneid=13&target=_blank&cb=85', 'aria_label': None, 'class': ['tmiads'], 'id': 'a86ac61d', 'text': ''}, {'tag': 'iframe', 'src': 'https://ads.independent.com.mt/www/delivery/afr.php?zoneid=147&cb=244', 'aria_label': None, 'class': ['tmiads'], 'id': 'a65e2a3a', 'text': ''}, {'tag': 'iframe', 'src': 'https://ads.independent.com.mt/www/delivery/afr.php?resize=1&zoneid=6&target=_blank&cb=227', 'aria_label': None, 'class': ['tmiads'], 'id': 'a486284e', 'text': ''}, {'tag': 'iframe', 'src': 'https://ads.independent.com.mt/www/delivery/afr.php?resize=1&zoneid=14&target=_blank&cb=159', 'aria_label': None, 'class': ['tmiads'], 'id': 'a8e28c82', 'text': ''}, {'tag': 'iframe', 'src': 'https://ads.independent.com.mt/www/delivery/afr.php?resize=1&zoneid=15&target=_blank&cb=254', 'aria_label': None, 'class': ['tmiads'], 'id': 'a5aefaca', 'text': ''}, {'tag': 'iframe', 'src': 'https://ads.independent.com.mt/www/delivery/afr.php?zoneid=147&cb=250', 'aria_label': None, 'class': ['tmiads'], 'id': 'a65e2a3a', 'text': ''}, {'tag': 'iframe', 'src': 'https://ads.independent.com.mt/www/delivery/afr.php?resize=1&zoneid=16&target=_blank&cb=201', 'aria_label': None, 'class': ['tmiads'], 'id': 'a4798ae8', 'text': ''}, {'tag': 'iframe', 'src': 'https://ads.independent.com.mt/www/delivery/afr.php?resize=1&zoneid=7&target=_blank&cb=186', 'aria_label': None, 'class': ['tmiads'], 'id': 'a3c00537', 'text': ''}]",7,1,251,0.08770090845562543,34,9,11,0,0,97,15,0.9197860962566845,2,0,0,1,0.09643605870020965,1,71,4,20.015625,0,0,0,0,0,0,0,013,independent,home_page
419,187,52,25,12,1,65,45,36431,5570,23,18,"[{'tag': 'iframe', 'src': 'https://ads.independent.com.mt/www/delivery/afr.php?resize=1&zoneid=32&target=_blank&cb=297', 'aria_label': None, 'class': ['tmiads'], 'id': 'a735fbc0', 'text': ''}, {'tag': 'iframe', 'src': 'https://ads.independent.com.mt/www/delivery/afr.php?zoneid=103&cb=175', 'aria_label': None, 'class': ['tmiads'], 'id': 'a0d81251', 'text': ''}, {'tag': 'iframe', 'src': 'https://ads.independent.com.mt/www/delivery/afr.php?resize=1&zoneid=9&target=_blank&cb=196', 'aria_label': None, 'class': ['tmiads'], 'id': 'a94be7f3', 'text': ''}, {'tag': 'iframe', 'src': 'https://ads.independent.com.mt/www/delivery/afr.php?resize=1&zoneid=10&target=_blank&cb=64', 'aria_label': None, 'class': ['tmiads'], 'id': 'a7d8fb45', 'text': ''}, {'tag': 'iframe', 'src': 'https://ads.independent.com.mt/www/delivery/afr.php?resize=1&zoneid=146&target=_blank&cb=218', 'aria_label': None, 'class': ['tmiads'], 'id': 'a94be7f3', 'text': ''}, {'tag': 'iframe', 'src': 'https://ads.independent.com.mt/www/delivery/afr.php?zoneid=147&cb=8', 'aria_label': None, 'class': ['tmiads'], 'id': 'a65e2a3a', 'text': ''}, {'tag': 'iframe', 'src': 'https://ads.independent.com.mt/www/delivery/afr.php?resize=1&zoneid=146&target=_blank&cb=218', 'aria_label': None, 'class': ['tmiads'], 'id': 'a94be7f3', 'text': ''}, {'tag': 'iframe', 'src': 'https://ads.independent.com.mt/www/delivery/afr.php?resize=1&zoneid=5&target=_blank&cb=95', 'aria_label': None, 'class': ['tmiads'], 'id': 'a6868fa4', 'text': ''}, {'tag': 'iframe', 'src': 'https://ads.independent.com.mt/www/delivery/afr.php?zoneid=17&cb=158', 'aria_label': None, 'class': ['tmiads'], 'id': 'ac72d028', 'text': ''}, {'tag': 'iframe', 'src': 'https://ads.independent.com.mt/www/delivery/afr.php?zoneid=12&cb=238', 'aria_label': None, 'class': ['tmiads'], 'id': 'af2737e4', 'text': ''}, {'tag': 'iframe', 'src': 'https://ads.independent.com.mt/www/delivery/afr.php?resize=1&zoneid=13&target=_blank&cb=85', 'aria_label': None, 'class': ['tmiads'], 'id': 'a86ac61d', 'text': ''}, {'tag': 'iframe', 'src': 'https://ads.independent.com.mt/www/delivery/afr.php?zoneid=147&cb=244', 'aria_label': None, 'class': ['tmiads'], 'id': 'a65e2a3a', 'text': ''}, {'tag': 'iframe', 'src': 'https://ads.independent.com.mt/www/delivery/afr.php?resize=1&zoneid=6&target=_blank&cb=227', 'aria_label': None, 'class': ['tmiads'], 'id': 'a486284e', 'text': ''}, {'tag': 'iframe', 'src': 'https://ads.independent.com.mt/www/delivery/afr.php?resize=1&zoneid=14&target=_blank&cb=159', 'aria_label': None, 'class': ['tmiads'], 'id': 'a8e28c82', 'text': ''}, {'tag': 'iframe', 'src': 'https://ads.independent.com.mt/www/delivery/afr.php?resize=1&zoneid=15&target=_blank&cb=254', 'aria_label': None, 'class': ['tmiads'], 'id': 'a5aefaca', 'text': ''}, {'tag': 'iframe', 'src': 'https://ads.independent.com.mt/www/delivery/afr.php?zoneid=147&cb=250', 'aria_label': None, 'class': ['tmiads'], 'id': 'a65e2a3a', 'text': ''}, {'tag': 'iframe', 'src': 'https://ads.independent.com.mt/www/delivery/afr.php?resize=1&zoneid=16&target=_blank&cb=201', 'aria_label': None, 'class': ['tmiads'], 'id': 'a4798ae8', 'text': ''}, {'tag': 'iframe', 'src': 'https://ads.independent.com.mt/www/delivery/afr.php?resize=1&zoneid=7&target=_blank&cb=186', 'aria_label': None, 'class': ['tmiads'], 'id': 'a3c00537', 'text': ''}]",7,1,251,0.08770090845562543,34,9,11,0,0,97,15,0.9197860962566845,2,0,0,1,0.09643605870020965,1,71,4,20.015625,0,0,0,0,0,0,0,014,independent,home_page
419,187,52,25,12,1,65,45,36431,5570,23,18,"[{'tag': 'iframe', 'src': 'https://ads.independent.com.mt/www/delivery/afr.php?resize=1&zoneid=32&target=_blank&cb=297', 'aria_label': None, 'class': ['tmiads'], 'id': 'a735fbc0', 'text': ''}, {'tag': 'iframe', 'src': 'https://ads.independent.com.mt/www/delivery/afr.php?zoneid=103&cb=175', 'aria_label': None, 'class': ['tmiads'], 'id': 'a0d81251', 'text': ''}, {'tag': 'iframe', 'src': 'https://ads.independent.com.mt/www/delivery/afr.php?resize=1&zoneid=9&target=_blank&cb=196', 'aria_label': None, 'class': ['tmiads'], 'id': 'a94be7f3', 'text': ''}, {'tag': 'iframe', 'src': 'https://ads.independent.com.mt/www/delivery/afr.php?resize=1&zoneid=10&target=_blank&cb=64', 'aria_label': None, 'class': ['tmiads'], 'id': 'a7d8fb45', 'text': ''}, {'tag': 'iframe', 'src': 'https://ads.independent.com.mt/www/delivery/afr.php?resize=1&zoneid=146&target=_blank&cb=218', 'aria_label': None, 'class': ['tmiads'], 'id': 'a94be7f3', 'text': ''}, {'tag': 'iframe', 'src': 'https://ads.independent.com.mt/www/delivery/afr.php?zoneid=147&cb=8', 'aria_label': None, 'class': ['tmiads'], 'id': 'a65e2a3a', 'text': ''}, {'tag': 'iframe', 'src': 'https://ads.independent.com.mt/www/delivery/afr.php?resize=1&zoneid=146&target=_blank&cb=218', 'aria_label': None, 'class': ['tmiads'], 'id': 'a94be7f3', 'text': ''}, {'tag': 'iframe', 'src': 'https://ads.independent.com.mt/www/delivery/afr.php?resize=1&zoneid=5&target=_blank&cb=95', 'aria_label': None, 'class': ['tmiads'], 'id': 'a6868fa4', 'text': ''}, {'tag': 'iframe', 'src': 'https://ads.independent.com.mt/www/delivery/afr.php?zoneid=17&cb=158', 'aria_label': None, 'class': ['tmiads'], 'id': 'ac72d028', 'text': ''}, {'tag': 'iframe', 'src': 'https://ads.independent.com.mt/www/delivery/afr.php?zoneid=12&cb=238', 'aria_label': None, 'class': ['tmiads'], 'id': 'af2737e4', 'text': ''}, {'tag': 'iframe', 'src': 'https://ads.independent.com.mt/www/delivery/afr.php?resize=1&zoneid=13&target=_blank&cb=85', 'aria_label': None, 'class': ['tmiads'], 'id': 'a86ac61d', 'text': ''}, {'tag': 'iframe', 'src': 'https://ads.independent.com.mt/www/delivery/afr.php?zoneid=147&cb=244', 'aria_label': None, 'class': ['tmiads'], 'id': 'a65e2a3a', 'text': ''}, {'tag': 'iframe', 'src': 'https://ads.independent.com.mt/www/delivery/afr.php?resize=1&zoneid=6&target=_blank&cb=227', 'aria_label': None, 'class': ['tmiads'], 'id': 'a486284e', 'text': ''}, {'tag': 'iframe', 'src': 'https://ads.independent.com.mt/www/delivery/afr.php?resize=1&zoneid=14&target=_blank&cb=159', 'aria_label': None, 'class': ['tmiads'], 'id': 'a8e28c82', 'text': ''}, {'tag': 'iframe', 'src': 'https://ads.independent.com.mt/www/delivery/afr.php?resize=1&zoneid=15&target=_blank&cb=254', 'aria_label': None, 'class': ['tmiads'], 'id': 'a5aefaca', 'text': ''}, {'tag': 'iframe', 'src': 'https://ads.independent.com.mt/www/delivery/afr.php?zoneid=147&cb=250', 'aria_label': None, 'class': ['tmiads'], 'id': 'a65e2a3a', 'text': ''}, {'tag': 'iframe', 'src': 'https://ads.independent.com.mt/www/delivery/afr.php?resize=1&zoneid=16&target=_blank&cb=201', 'aria_label': None, 'class': ['tmiads'], 'id': 'a4798ae8', 'text': ''}, {'tag': 'iframe', 'src': 'https://ads.independent.com.mt/www/delivery/afr.php?resize=1&zoneid=7&target=_blank&cb=186', 'aria_label': None, 'class': ['tmiads'], 'id': 'a3c00537', 'text': ''}]",7,1,251,0.08770090845562543,34,9,11,0,0,97,15,0.9197860962566845,2,0,0,1,0.09643605870020965,1,71,4,20.015625,0,0,0,0,0,0,0,015,independent,home_page
419,187,52,25,12,1,65,45,36431,5570,23,18,"[{'tag': 'iframe', 'src': 'https://ads.independent.com.mt/www/delivery/afr.php?resize=1&zoneid=32&target=_blank&cb=297', 'aria_label': None, 'class': ['tmiads'], 'id': 'a735fbc0', 'text': ''}, {'tag': 'iframe', 'src': 'https://ads.independent.com.mt/www/delivery/afr.php?zoneid=103&cb=175', 'aria_label': None, 'class': ['tmiads'], 'id': 'a0d81251', 'text': ''}, {'tag': 'iframe', 'src': 'https://ads.independent.com.mt/www/delivery/afr.php?resize=1&zoneid=9&target=_blank&cb=196', 'aria_label': None, 'class': ['tmiads'], 'id': 'a94be7f3', 'text': ''}, {'tag': 'iframe', 'src': 'https://ads.independent.com.mt/www/delivery/afr.php?resize=1&zoneid=10&target=_blank&cb=64', 'aria_label': None, 'class': ['tmiads'], 'id': 'a7d8fb45', 'text': ''}, {'tag': 'iframe', 'src': 'https://ads.independent.com.mt/www/delivery/afr.php?resize=1&zoneid=146&target=_blank&cb=218', 'aria_label': None, 'class': ['tmiads'], 'id': 'a94be7f3', 'text': ''}, {'tag': 'iframe', 'src': 'https://ads.independent.com.mt/www/delivery/afr.php?zoneid=147&cb=8', 'aria_label': None, 'class': ['tmiads'], 'id': 'a65e2a3a', 'text': ''}, {'tag': 'iframe', 'src': 'https://ads.independent.com.mt/www/delivery/afr.php?resize=1&zoneid=146&target=_blank&cb=218', 'aria_label': None, 'class': ['tmiads'], 'id': 'a94be7f3', 'text': ''}, {'tag': 'iframe', 'src': 'https://ads.independent.com.mt/www/delivery/afr.php?resize=1&zoneid=5&target=_blank&cb=95', 'aria_label': None, 'class': ['tmiads'], 'id': 'a6868fa4', 'text': ''}, {'tag': 'iframe', 'src': 'https://ads.independent.com.mt/www/delivery/afr.php?zoneid=17&cb=158', 'aria_label': None, 'class': ['tmiads'], 'id': 'ac72d028', 'text': ''}, {'tag': 'iframe', 'src': 'https://ads.independent.com.mt/www/delivery/afr.php?zoneid=12&cb=238', 'aria_label': None, 'class': ['tmiads'], 'id': 'af2737e4', 'text': ''}, {'tag': 'iframe', 'src': 'https://ads.independent.com.mt/www/delivery/afr.php?resize=1&zoneid=13&target=_blank&cb=85', 'aria_label': None, 'class': ['tmiads'], 'id': 'a86ac61d', 'text': ''}, {'tag': 'iframe', 'src': 'https://ads.independent.com.mt/www/delivery/afr.php?zoneid=147&cb=244', 'aria_label': None, 'class': ['tmiads'], 'id': 'a65e2a3a', 'text': ''}, {'tag': 'iframe', 'src': 'https://ads.independent.com.mt/www/delivery/afr.php?resize=1&zoneid=6&target=_blank&cb=227', 'aria_label': None, 'class': ['tmiads'], 'id': 'a486284e', 'text': ''}, {'tag': 'iframe', 'src': 'https://ads.independent.com.mt/www/delivery/afr.php?resize=1&zoneid=14&target=_blank&cb=159', 'aria_label': None, 'class': ['tmiads'], 'id': 'a8e28c82', 'text': ''}, {'tag': 'iframe', 'src': 'https://ads.independent.com.mt/www/delivery/afr.php?resize=1&zoneid=15&target=_blank&cb=254', 'aria_label': None, 'class': ['tmiads'], 'id': 'a5aefaca', 'text': ''}, {'tag': 'iframe', 'src': 'https://ads.independent.com.mt/www/delivery/afr.php?zoneid=147&cb=250', 'aria_label': None, 'class': ['tmiads'], 'id': 'a65e2a3a', 'text': ''}, {'tag': 'iframe', 'src': 'https://ads.independent.com.mt/www/delivery/afr.php?resize=1&zoneid=16&target=_blank&cb=201', 'aria_label': None, 'class': ['tmiads'], 'id': 'a4798ae8', 'text': ''}, {'tag': 'iframe', 'src': 'https://ads.independent.com.mt/www/delivery/afr.php?resize=1&zoneid=7&target=_blank&cb=186', 'aria_label': None, 'class': ['tmiads'], 'id': 'a3c00537', 'text': ''}]",7,1,251,0.08770090845562543,34,9,11,0,0,97,15,0.9197860962566845,2,0,0,1,0.09643605870020965,1,71,4,20.015625,0,0,0,0,0,0,0,016,independent,home_page
419,187,52,25,12,1,65,45,36431,5570,23,18,"[{'tag': 'iframe', 'src': 'https://ads.independent.com.mt/www/delivery/afr.php?resize=1&zoneid=32&target=_blank&cb=297', 'aria_label': None, 'class': ['tmiads'], 'id': 'a735fbc0', 'text': ''}, {'tag': 'iframe', 'src': 'https://ads.independent.com.mt/www/delivery/afr.php?zoneid=103&cb=175', 'aria_label': None, 'class': ['tmiads'], 'id': 'a0d81251', 'text': ''}, {'tag': 'iframe', 'src': 'https://ads.independent.com.mt/www/delivery/afr.php?resize=1&zoneid=9&target=_blank&cb=196', 'aria_label': None, 'class': ['tmiads'], 'id': 'a94be7f3', 'text': ''}, {'tag': 'iframe', 'src': 'https://ads.independent.com.mt/www/delivery/afr.php?resize=1&zoneid=10&target=_blank&cb=64', 'aria_label': None, 'class': ['tmiads'], 'id': 'a7d8fb45', 'text': ''}, {'tag': 'iframe', 'src': 'https://ads.independent.com.mt/www/delivery/afr.php?resize=1&zoneid=146&target=_blank&cb=218', 'aria_label': None, 'class': ['tmiads'], 'id': 'a94be7f3', 'text': ''}, {'tag': 'iframe', 'src': 'https://ads.independent.com.mt/www/delivery/afr.php?zoneid=147&cb=8', 'aria_label': None, 'class': ['tmiads'], 'id': 'a65e2a3a', 'text': ''}, {'tag': 'iframe', 'src': 'https://ads.independent.com.mt/www/delivery/afr.php?resize=1&zoneid=146&target=_blank&cb=218', 'aria_label': None, 'class': ['tmiads'], 'id': 'a94be7f3', 'text': ''}, {'tag': 'iframe', 'src': 'https://ads.independent.com.mt/www/delivery/afr.php?resize=1&zoneid=5&target=_blank&cb=95', 'aria_label': None, 'class': ['tmiads'], 'id': 'a6868fa4', 'text': ''}, {'tag': 'iframe', 'src': 'https://ads.independent.com.mt/www/delivery/afr.php?zoneid=17&cb=158', 'aria_label': None, 'class': ['tmiads'], 'id': 'ac72d028', 'text': ''}, {'tag': 'iframe', 'src': 'https://ads.independent.com.mt/www/delivery/afr.php?zoneid=12&cb=238', 'aria_label': None, 'class': ['tmiads'], 'id': 'af2737e4', 'text': ''}, {'tag': 'iframe', 'src': 'https://ads.independent.com.mt/www/delivery/afr.php?resize=1&zoneid=13&target=_blank&cb=85', 'aria_label': None, 'class': ['tmiads'], 'id': 'a86ac61d', 'text': ''}, {'tag': 'iframe', 'src': 'https://ads.independent.com.mt/www/delivery/afr.php?zoneid=147&cb=244', 'aria_label': None, 'class': ['tmiads'], 'id': 'a65e2a3a', 'text': ''}, {'tag': 'iframe', 'src': 'https://ads.independent.com.mt/www/delivery/afr.php?resize=1&zoneid=6&target=_blank&cb=227', 'aria_label': None, 'class': ['tmiads'], 'id': 'a486284e', 'text': ''}, {'tag': 'iframe', 'src': 'https://ads.independent.com.mt/www/delivery/afr.php?resize=1&zoneid=14&target=_blank&cb=159', 'aria_label': None, 'class': ['tmiads'], 'id': 'a8e28c82', 'text': ''}, {'tag': 'iframe', 'src': 'https://ads.independent.com.mt/www/delivery/afr.php?resize=1&zoneid=15&target=_blank&cb=254', 'aria_label': None, 'class': ['tmiads'], 'id': 'a5aefaca', 'text': ''}, {'tag': 'iframe', 'src': 'https://ads.independent.com.mt/www/delivery/afr.php?zoneid=147&cb=250', 'aria_label': None, 'class': ['tmiads'], 'id': 'a65e2a3a', 'text': ''}, {'tag': 'iframe', 'src': 'https://ads.independent.com.mt/www/delivery/afr.php?resize=1&zoneid=16&target=_blank&cb=201', 'aria_label': None, 'class': ['tmiads'], 'id': 'a4798ae8', 'text': ''}, {'tag': 'iframe', 'src': 'https://ads.independent.com.mt/www/delivery/afr.php?resize=1&zoneid=7&target=_blank&cb=186', 'aria_label': None, 'class': ['tmiads'], 'id': 'a3c00537', 'text': ''}]",7,1,251,0.08770090845562543,34,9,11,0,0,97,15,0.9197860962566845,2,0,0,1,0.09643605870020965,1,71,4,20.015625,0,0,0,0,0,0,0,017,independent,home_page
419,187,52,25,12,1,65,45,36431,5570,23,18,"[{'tag': 'iframe', 'src': 'https://ads.independent.com.mt/www/delivery/afr.php?resize=1&zoneid=32&target=_blank&cb=297', 'aria_label': None, 'class': ['tmiads'], 'id': 'a735fbc0', 'text': ''}, {'tag': 'iframe', 'src': 'https://ads.independent.com.mt/www/delivery/afr.php?zoneid=103&cb=175', 'aria_label': None, 'class': ['tmiads'], 'id': 'a0d81251', 'text': ''}, {'tag': 'iframe', 'src': 'https://ads.independent.com.mt/www/delivery/afr.php?resize=1&zoneid=9&target=_blank&cb=196', 'aria_label': None, 'class': ['tmiads'], 'id': 'a94be7f3', 'text': ''}, {'tag': 'iframe', 'src': 'https://ads.independent.com.mt/www/delivery/afr.php?resize=1&zoneid=10&target=_blank&cb=64', 'aria_label': None, 'class': ['tmiads'], 'id': 'a7d8fb45', 'text': ''}, {'tag': 'iframe', 'src': 'https://ads.independent.com.mt/www/delivery/afr.php?resize=1&zoneid=146&target=_blank&cb=218', 'aria_label': None, 'class': ['tmiads'], 'id': 'a94be7f3', 'text': ''}, {'tag': 'iframe', 'src': 'https://ads.independent.com.mt/www/delivery/afr.php?zoneid=147&cb=8', 'aria_label': None, 'class': ['tmiads'], 'id': 'a65e2a3a', 'text': ''}, {'tag': 'iframe', 'src': 'https://ads.independent.com.mt/www/delivery/afr.php?resize=1&zoneid=146&target=_blank&cb=218', 'aria_label': None, 'class': ['tmiads'], 'id': 'a94be7f3', 'text': ''}, {'tag': 'iframe', 'src': 'https://ads.independent.com.mt/www/delivery/afr.php?resize=1&zoneid=5&target=_blank&cb=95', 'aria_label': None, 'class': ['tmiads'], 'id': 'a6868fa4', 'text': ''}, {'tag': 'iframe', 'src': 'https://ads.independent.com.mt/www/delivery/afr.php?zoneid=17&cb=158', 'aria_label': None, 'class': ['tmiads'], 'id': 'ac72d028', 'text': ''}, {'tag': 'iframe', 'src': 'https://ads.independent.com.mt/www/delivery/afr.php?zoneid=12&cb=238', 'aria_label': None, 'class': ['tmiads'], 'id': 'af2737e4', 'text': ''}, {'tag': 'iframe', 'src': 'https://ads.independent.com.mt/www/delivery/afr.php?resize=1&zoneid=13&target=_blank&cb=85', 'aria_label': None, 'class': ['tmiads'], 'id': 'a86ac61d', 'text': ''}, {'tag': 'iframe', 'src': 'https://ads.independent.com.mt/www/delivery/afr.php?zoneid=147&cb=244', 'aria_label': None, 'class': ['tmiads'], 'id': 'a65e2a3a', 'text': ''}, {'tag': 'iframe', 'src': 'https://ads.independent.com.mt/www/delivery/afr.php?resize=1&zoneid=6&target=_blank&cb=227', 'aria_label': None, 'class': ['tmiads'], 'id': 'a486284e', 'text': ''}, {'tag': 'iframe', 'src': 'https://ads.independent.com.mt/www/delivery/afr.php?resize=1&zoneid=14&target=_blank&cb=159', 'aria_label': None, 'class': ['tmiads'], 'id': 'a8e28c82', 'text': ''}, {'tag': 'iframe', 'src': 'https://ads.independent.com.mt/www/delivery/afr.php?resize=1&zoneid=15&target=_blank&cb=254', 'aria_label': None, 'class': ['tmiads'], 'id': 'a5aefaca', 'text': ''}, {'tag': 'iframe', 'src': 'https://ads.independent.com.mt/www/delivery/afr.php?zoneid=147&cb=250', 'aria_label': None, 'class': ['tmiads'], 'id': 'a65e2a3a', 'text': ''}, {'tag': 'iframe', 'src': 'https://ads.independent.com.mt/www/delivery/afr.php?resize=1&zoneid=16&target=_blank&cb=201', 'aria_label': None, 'class': ['tmiads'], 'id': 'a4798ae8', 'text': ''}, {'tag': 'iframe', 'src': 'https://ads.independent.com.mt/www/delivery/afr.php?resize=1&zoneid=7&target=_blank&cb=186', 'aria_label': None, 'class': ['tmiads'], 'id': 'a3c00537', 'text': ''}]",7,1,251,0.08770090845562543,34,9,11,0,0,97,15,0.9197860962566845,2,0,0,1,0.09643605870020965,1,71,4,20.015625,0,0,0,0,0,0,0,018,independent,home_page
419,187,52,25,12,1,65,45,36431,5570,23,18,"[{'tag': 'iframe', 'src': 'https://ads.independent.com.mt/www/delivery/afr.php?resize=1&zoneid=32&target=_blank&cb=297', 'aria_label': None, 'class': ['tmiads'], 'id': 'a735fbc0', 'text': ''}, {'tag': 'iframe', 'src': 'https://ads.independent.com.mt/www/delivery/afr.php?zoneid=103&cb=175', 'aria_label': None, 'class': ['tmiads'], 'id': 'a0d81251', 'text': ''}, {'tag': 'iframe', 'src': 'https://ads.independent.com.mt/www/delivery/afr.php?resize=1&zoneid=9&target=_blank&cb=196', 'aria_label': None, 'class': ['tmiads'], 'id': 'a94be7f3', 'text': ''}, {'tag': 'iframe', 'src': 'https://ads.independent.com.mt/www/delivery/afr.php?resize=1&zoneid=10&target=_blank&cb=64', 'aria_label': None, 'class': ['tmiads'], 'id': 'a7d8fb45', 'text': ''}, {'tag': 'iframe', 'src': 'https://ads.independent.com.mt/www/delivery/afr.php?resize=1&zoneid=146&target=_blank&cb=218', 'aria_label': None, 'class': ['tmiads'], 'id': 'a94be7f3', 'text': ''}, {'tag': 'iframe', 'src': 'https://ads.independent.com.mt/www/delivery/afr.php?zoneid=147&cb=8', 'aria_label': None, 'class': ['tmiads'], 'id': 'a65e2a3a', 'text': ''}, {'tag': 'iframe', 'src': 'https://ads.independent.com.mt/www/delivery/afr.php?resize=1&zoneid=146&target=_blank&cb=218', 'aria_label': None, 'class': ['tmiads'], 'id': 'a94be7f3', 'text': ''}, {'tag': 'iframe', 'src': 'https://ads.independent.com.mt/www/delivery/afr.php?resize=1&zoneid=5&target=_blank&cb=95', 'aria_label': None, 'class': ['tmiads'], 'id': 'a6868fa4', 'text': ''}, {'tag': 'iframe', 'src': 'https://ads.independent.com.mt/www/delivery/afr.php?zoneid=17&cb=158', 'aria_label': None, 'class': ['tmiads'], 'id': 'ac72d028', 'text': ''}, {'tag': 'iframe', 'src': 'https://ads.independent.com.mt/www/delivery/afr.php?zoneid=12&cb=238', 'aria_label': None, 'class': ['tmiads'], 'id': 'af2737e4', 'text': ''}, {'tag': 'iframe', 'src': 'https://ads.independent.com.mt/www/delivery/afr.php?resize=1&zoneid=13&target=_blank&cb=85', 'aria_label': None, 'class': ['tmiads'], 'id': 'a86ac61d', 'text': ''}, {'tag': 'iframe', 'src': 'https://ads.independent.com.mt/www/delivery/afr.php?zoneid=147&cb=244', 'aria_label': None, 'class': ['tmiads'], 'id': 'a65e2a3a', 'text': ''}, {'tag': 'iframe', 'src': 'https://ads.independent.com.mt/www/delivery/afr.php?resize=1&zoneid=6&target=_blank&cb=227', 'aria_label': None, 'class': ['tmiads'], 'id': 'a486284e', 'text': ''}, {'tag': 'iframe', 'src': 'https://ads.independent.com.mt/www/delivery/afr.php?resize=1&zoneid=14&target=_blank&cb=159', 'aria_label': None, 'class': ['tmiads'], 'id': 'a8e28c82', 'text': ''}, {'tag': 'iframe', 'src': 'https://ads.independent.com.mt/www/delivery/afr.php?resize=1&zoneid=15&target=_blank&cb=254', 'aria_label': None, 'class': ['tmiads'], 'id': 'a5aefaca', 'text': ''}, {'tag': 'iframe', 'src': 'https://ads.independent.com.mt/www/delivery/afr.php?zoneid=147&cb=250', 'aria_label': None, 'class': ['tmiads'], 'id': 'a65e2a3a', 'text': ''}, {'tag': 'iframe', 'src': 'https://ads.independent.com.mt/www/delivery/afr.php?resize=1&zoneid=16&target=_blank&cb=201', 'aria_label': None, 'class': ['tmiads'], 'id': 'a4798ae8', 'text': ''}, {'tag': 'iframe', 'src': 'https://ads.independent.com.mt/www/delivery/afr.php?resize=1&zoneid=7&target=_blank&cb=186', 'aria_label': None, 'class': ['tmiads'], 'id': 'a3c00537', 'text': ''}]",7,1,251,0.08770090845562543,34,9,11,0,0,97,15,0.9197860962566845,2,0,0,1,0.09643605870020965,1,71,4,20.015625,0,0,0,0,0,0,0,019,independent,home_page
419,187,52,25,12,1,65,45,36431,5570,23,18,"[{'tag': 'iframe', 'src': 'https://ads.independent.com.mt/www/delivery/afr.php?resize=1&zoneid=32&target=_blank&cb=297', 'aria_label': None, 'class': ['tmiads'], 'id': 'a735fbc0', 'text': ''}, {'tag': 'iframe', 'src': 'https://ads.independent.com.mt/www/delivery/afr.php?zoneid=103&cb=175', 'aria_label': None, 'class': ['tmiads'], 'id': 'a0d81251', 'text': ''}, {'tag': 'iframe', 'src': 'https://ads.independent.com.mt/www/delivery/afr.php?resize=1&zoneid=9&target=_blank&cb=196', 'aria_label': None, 'class': ['tmiads'], 'id': 'a94be7f3', 'text': ''}, {'tag': 'iframe', 'src': 'https://ads.independent.com.mt/www/delivery/afr.php?resize=1&zoneid=10&target=_blank&cb=64', 'aria_label': None, 'class': ['tmiads'], 'id': 'a7d8fb45', 'text': ''}, {'tag': 'iframe', 'src': 'https://ads.independent.com.mt/www/delivery/afr.php?resize=1&zoneid=146&target=_blank&cb=218', 'aria_label': None, 'class': ['tmiads'], 'id': 'a94be7f3', 'text': ''}, {'tag': 'iframe', 'src': 'https://ads.independent.com.mt/www/delivery/afr.php?zoneid=147&cb=8', 'aria_label': None, 'class': ['tmiads'], 'id': 'a65e2a3a', 'text': ''}, {'tag': 'iframe', 'src': 'https://ads.independent.com.mt/www/delivery/afr.php?resize=1&zoneid=146&target=_blank&cb=218', 'aria_label': None, 'class': ['tmiads'], 'id': 'a94be7f3', 'text': ''}, {'tag': 'iframe', 'src': 'https://ads.independent.com.mt/www/delivery/afr.php?resize=1&zoneid=5&target=_blank&cb=95', 'aria_label': None, 'class': ['tmiads'], 'id': 'a6868fa4', 'text': ''}, {'tag': 'iframe', 'src': 'https://ads.independent.com.mt/www/delivery/afr.php?zoneid=17&cb=158', 'aria_label': None, 'class': ['tmiads'], 'id': 'ac72d028', 'text': ''}, {'tag': 'iframe', 'src': 'https://ads.independent.com.mt/www/delivery/afr.php?zoneid=12&cb=238', 'aria_label': None, 'class': ['tmiads'], 'id': 'af2737e4', 'text': ''}, {'tag': 'iframe', 'src': 'https://ads.independent.com.mt/www/delivery/afr.php?resize=1&zoneid=13&target=_blank&cb=85', 'aria_label': None, 'class': ['tmiads'], 'id': 'a86ac61d', 'text': ''}, {'tag': 'iframe', 'src': 'https://ads.independent.com.mt/www/delivery/afr.php?zoneid=147&cb=244', 'aria_label': None, 'class': ['tmiads'], 'id': 'a65e2a3a', 'text': ''}, {'tag': 'iframe', 'src': 'https://ads.independent.com.mt/www/delivery/afr.php?resize=1&zoneid=6&target=_blank&cb=227', 'aria_label': None, 'class': ['tmiads'], 'id': 'a486284e', 'text': ''}, {'tag': 'iframe', 'src': 'https://ads.independent.com.mt/www/delivery/afr.php?resize=1&zoneid=14&target=_blank&cb=159', 'aria_label': None, 'class': ['tmiads'], 'id': 'a8e28c82', 'text': ''}, {'tag': 'iframe', 'src': 'https://ads.independent.com.mt/www/delivery/afr.php?resize=1&zoneid=15&target=_blank&cb=254', 'aria_label': None, 'class': ['tmiads'], 'id': 'a5aefaca', 'text': ''}, {'tag': 'iframe', 'src': 'https://ads.independent.com.mt/www/delivery/afr.php?zoneid=147&cb=250', 'aria_label': None, 'class': ['tmiads'], 'id': 'a65e2a3a', 'text': ''}, {'tag': 'iframe', 'src': 'https://ads.independent.com.mt/www/delivery/afr.php?resize=1&zoneid=16&target=_blank&cb=201', 'aria_label': None, 'class': ['tmiads'], 'id': 'a4798ae8', 'text': ''}, {'tag': 'iframe', 'src': 'https://ads.independent.com.mt/www/delivery/afr.php?resize=1&zoneid=7&target=_blank&cb=186', 'aria_label': None, 'class': ['tmiads'], 'id': 'a3c00537', 'text': ''}]",7,1,251,0.08770090845562543,34,9,11,0,0,97,15,0.9197860962566845,2,0,0,1,0.09643605870020965,1,71,4,20.015625,0,0,0,0,0,0,0,020,independent,home_page
419,187,52,25,12,1,65,45,36431,5570,23,18,"[{'tag': 'iframe', 'src': 'https://ads.independent.com.mt/www/delivery/afr.php?resize=1&zoneid=32&target=_blank&cb=297', 'aria_label': None, 'class': ['tmiads'], 'id': 'a735fbc0', 'text': ''}, {'tag': 'iframe', 'src': 'https://ads.independent.com.mt/www/delivery/afr.php?zoneid=103&cb=175', 'aria_label': None, 'class': ['tmiads'], 'id': 'a0d81251', 'text': ''}, {'tag': 'iframe', 'src': 'https://ads.independent.com.mt/www/delivery/afr.php?resize=1&zoneid=9&target=_blank&cb=196', 'aria_label': None, 'class': ['tmiads'], 'id': 'a94be7f3', 'text': ''}, {'tag': 'iframe', 'src': 'https://ads.independent.com.mt/www/delivery/afr.php?resize=1&zoneid=10&target=_blank&cb=64', 'aria_label': None, 'class': ['tmiads'], 'id': 'a7d8fb45', 'text': ''}, {'tag': 'iframe', 'src': 'https://ads.independent.com.mt/www/delivery/afr.php?resize=1&zoneid=146&target=_blank&cb=218', 'aria_label': None, 'class': ['tmiads'], 'id': 'a94be7f3', 'text': ''}, {'tag': 'iframe', 'src': 'https://ads.independent.com.mt/www/delivery/afr.php?zoneid=147&cb=8', 'aria_label': None, 'class': ['tmiads'], 'id': 'a65e2a3a', 'text': ''}, {'tag': 'iframe', 'src': 'https://ads.independent.com.mt/www/delivery/afr.php?resize=1&zoneid=146&target=_blank&cb=218', 'aria_label': None, 'class': ['tmiads'], 'id': 'a94be7f3', 'text': ''}, {'tag': 'iframe', 'src': 'https://ads.independent.com.mt/www/delivery/afr.php?resize=1&zoneid=5&target=_blank&cb=95', 'aria_label': None, 'class': ['tmiads'], 'id': 'a6868fa4', 'text': ''}, {'tag': 'iframe', 'src': 'https://ads.independent.com.mt/www/delivery/afr.php?zoneid=17&cb=158', 'aria_label': None, 'class': ['tmiads'], 'id': 'ac72d028', 'text': ''}, {'tag': 'iframe', 'src': 'https://ads.independent.com.mt/www/delivery/afr.php?zoneid=12&cb=238', 'aria_label': None, 'class': ['tmiads'], 'id': 'af2737e4', 'text': ''}, {'tag': 'iframe', 'src': 'https://ads.independent.com.mt/www/delivery/afr.php?resize=1&zoneid=13&target=_blank&cb=85', 'aria_label': None, 'class': ['tmiads'], 'id': 'a86ac61d', 'text': ''}, {'tag': 'iframe', 'src': 'https://ads.independent.com.mt/www/delivery/afr.php?zoneid=147&cb=244', 'aria_label': None, 'class': ['tmiads'], 'id': 'a65e2a3a', 'text': ''}, {'tag': 'iframe', 'src': 'https://ads.independent.com.mt/www/delivery/afr.php?resize=1&zoneid=6&target=_blank&cb=227', 'aria_label': None, 'class': ['tmiads'], 'id': 'a486284e', 'text': ''}, {'tag': 'iframe', 'src': 'https://ads.independent.com.mt/www/delivery/afr.php?resize=1&zoneid=14&target=_blank&cb=159', 'aria_label': None, 'class': ['tmiads'], 'id': 'a8e28c82', 'text': ''}, {'tag': 'iframe', 'src': 'https://ads.independent.com.mt/www/delivery/afr.php?resize=1&zoneid=15&target=_blank&cb=254', 'aria_label': None, 'class': ['tmiads'], 'id': 'a5aefaca', 'text': ''}, {'tag': 'iframe', 'src': 'https://ads.independent.com.mt/www/delivery/afr.php?zoneid=147&cb=250', 'aria_label': None, 'class': ['tmiads'], 'id': 'a65e2a3a', 'text': ''}, {'tag': 'iframe', 'src': 'https://ads.independent.com.mt/www/delivery/afr.php?resize=1&zoneid=16&target=_blank&cb=201', 'aria_label': None, 'class': ['tmiads'], 'id': 'a4798ae8', 'text': ''}, {'tag': 'iframe', 'src': 'https://ads.independent.com.mt/www/delivery/afr.php?resize=1&zoneid=7&target=_blank&cb=186', 'aria_label': None, 'class': ['tmiads'], 'id': 'a3c00537', 'text': ''}]",7,1,251,0.08770090845562543,34,9,11,0,0,97,15,0.9197860962566845,2,0,0,1,0.09643605870020965,1,71,4,20.015625,0,0,0,0,0,0,0,021,independent,home_page
419,187,52,25,12,1,65,45,36431,5570,23,18,"[{'tag': 'iframe', 'src': 'https://ads.independent.com.mt/www/delivery/afr.php?resize=1&zoneid=32&target=_blank&cb=297', 'aria_label': None, 'class': ['tmiads'], 'id': 'a735fbc0', 'text': ''}, {'tag': 'iframe', 'src': 'https://ads.independent.com.mt/www/delivery/afr.php?zoneid=103&cb=175', 'aria_label': None, 'class': ['tmiads'], 'id': 'a0d81251', 'text': ''}, {'tag': 'iframe', 'src': 'https://ads.independent.com.mt/www/delivery/afr.php?resize=1&zoneid=9&target=_blank&cb=196', 'aria_label': None, 'class': ['tmiads'], 'id': 'a94be7f3', 'text': ''}, {'tag': 'iframe', 'src': 'https://ads.independent.com.mt/www/delivery/afr.php?resize=1&zoneid=10&target=_blank&cb=64', 'aria_label': None, 'class': ['tmiads'], 'id': 'a7d8fb45', 'text': ''}, {'tag': 'iframe', 'src': 'https://ads.independent.com.mt/www/delivery/afr.php?resize=1&zoneid=146&target=_blank&cb=218', 'aria_label': None, 'class': ['tmiads'], 'id': 'a94be7f3', 'text': ''}, {'tag': 'iframe', 'src': 'https://ads.independent.com.mt/www/delivery/afr.php?zoneid=147&cb=8', 'aria_label': None, 'class': ['tmiads'], 'id': 'a65e2a3a', 'text': ''}, {'tag': 'iframe', 'src': 'https://ads.independent.com.mt/www/delivery/afr.php?resize=1&zoneid=146&target=_blank&cb=218', 'aria_label': None, 'class': ['tmiads'], 'id': 'a94be7f3', 'text': ''}, {'tag': 'iframe', 'src': 'https://ads.independent.com.mt/www/delivery/afr.php?resize=1&zoneid=5&target=_blank&cb=95', 'aria_label': None, 'class': ['tmiads'], 'id': 'a6868fa4', 'text': ''}, {'tag': 'iframe', 'src': 'https://ads.independent.com.mt/www/delivery/afr.php?zoneid=17&cb=158', 'aria_label': None, 'class': ['tmiads'], 'id': 'ac72d028', 'text': ''}, {'tag': 'iframe', 'src': 'https://ads.independent.com.mt/www/delivery/afr.php?zoneid=12&cb=238', 'aria_label': None, 'class': ['tmiads'], 'id': 'af2737e4', 'text': ''}, {'tag': 'iframe', 'src': 'https://ads.independent.com.mt/www/delivery/afr.php?resize=1&zoneid=13&target=_blank&cb=85', 'aria_label': None, 'class': ['tmiads'], 'id': 'a86ac61d', 'text': ''}, {'tag': 'iframe', 'src': 'https://ads.independent.com.mt/www/delivery/afr.php?zoneid=147&cb=244', 'aria_label': None, 'class': ['tmiads'], 'id': 'a65e2a3a', 'text': ''}, {'tag': 'iframe', 'src': 'https://ads.independent.com.mt/www/delivery/afr.php?resize=1&zoneid=6&target=_blank&cb=227', 'aria_label': None, 'class': ['tmiads'], 'id': 'a486284e', 'text': ''}, {'tag': 'iframe', 'src': 'https://ads.independent.com.mt/www/delivery/afr.php?resize=1&zoneid=14&target=_blank&cb=159', 'aria_label': None, 'class': ['tmiads'], 'id': 'a8e28c82', 'text': ''}, {'tag': 'iframe', 'src': 'https://ads.independent.com.mt/www/delivery/afr.php?resize=1&zoneid=15&target=_blank&cb=254', 'aria_label': None, 'class': ['tmiads'], 'id': 'a5aefaca', 'text': ''}, {'tag': 'iframe', 'src': 'https://ads.independent.com.mt/www/delivery/afr.php?zoneid=147&cb=250', 'aria_label': None, 'class': ['tmiads'], 'id': 'a65e2a3a', 'text': ''}, {'tag': 'iframe', 'src': 'https://ads.independent.com.mt/www/delivery/afr.php?resize=1&zoneid=16&target=_blank&cb=201', 'aria_label': None, 'class': ['tmiads'], 'id': 'a4798ae8', 'text': ''}, {'tag': 'iframe', 'src': 'https://ads.independent.com.mt/www/delivery/afr.php?resize=1&zoneid=7&target=_blank&cb=186', 'aria_label': None, 'class': ['tmiads'], 'id': 'a3c00537', 'text': ''}]",7,1,251,0.08770090845562543,34,9,11,0,0,97,15,0.9197860962566845,2,0,0,1,0.09643605870020965,1,71,4,20.015625,0,0,0,0,0,0,0,022,independent,home_page
419,187,52,25,12,1,65,45,36431,5570,23,18,"[{'tag': 'iframe', 'src': 'https://ads.independent.com.mt/www/delivery/afr.php?resize=1&zoneid=32&target=_blank&cb=297', 'aria_label': None, 'class': ['tmiads'], 'id': 'a735fbc0', 'text': ''}, {'tag': 'iframe', 'src': 'https://ads.independent.com.mt/www/delivery/afr.php?zoneid=103&cb=175', 'aria_label': None, 'class': ['tmiads'], 'id': 'a0d81251', 'text': ''}, {'tag': 'iframe', 'src': 'https://ads.independent.com.mt/www/delivery/afr.php?resize=1&zoneid=9&target=_blank&cb=196', 'aria_label': None, 'class': ['tmiads'], 'id': 'a94be7f3', 'text': ''}, {'tag': 'iframe', 'src': 'https://ads.independent.com.mt/www/delivery/afr.php?resize=1&zoneid=10&target=_blank&cb=64', 'aria_label': None, 'class': ['tmiads'], 'id': 'a7d8fb45', 'text': ''}, {'tag': 'iframe', 'src': 'https://ads.independent.com.mt/www/delivery/afr.php?resize=1&zoneid=146&target=_blank&cb=218', 'aria_label': None, 'class': ['tmiads'], 'id': 'a94be7f3', 'text': ''}, {'tag': 'iframe', 'src': 'https://ads.independent.com.mt/www/delivery/afr.php?zoneid=147&cb=8', 'aria_label': None, 'class': ['tmiads'], 'id': 'a65e2a3a', 'text': ''}, {'tag': 'iframe', 'src': 'https://ads.independent.com.mt/www/delivery/afr.php?resize=1&zoneid=146&target=_blank&cb=218', 'aria_label': None, 'class': ['tmiads'], 'id': 'a94be7f3', 'text': ''}, {'tag': 'iframe', 'src': 'https://ads.independent.com.mt/www/delivery/afr.php?resize=1&zoneid=5&target=_blank&cb=95', 'aria_label': None, 'class': ['tmiads'], 'id': 'a6868fa4', 'text': ''}, {'tag': 'iframe', 'src': 'https://ads.independent.com.mt/www/delivery/afr.php?zoneid=17&cb=158', 'aria_label': None, 'class': ['tmiads'], 'id': 'ac72d028', 'text': ''}, {'tag': 'iframe', 'src': 'https://ads.independent.com.mt/www/delivery/afr.php?zoneid=12&cb=238', 'aria_label': None, 'class': ['tmiads'], 'id': 'af2737e4', 'text': ''}, {'tag': 'iframe', 'src': 'https://ads.independent.com.mt/www/delivery/afr.php?resize=1&zoneid=13&target=_blank&cb=85', 'aria_label': None, 'class': ['tmiads'], 'id': 'a86ac61d', 'text': ''}, {'tag': 'iframe', 'src': 'https://ads.independent.com.mt/www/delivery/afr.php?zoneid=147&cb=244', 'aria_label': None, 'class': ['tmiads'], 'id': 'a65e2a3a', 'text': ''}, {'tag': 'iframe', 'src': 'https://ads.independent.com.mt/www/delivery/afr.php?resize=1&zoneid=6&target=_blank&cb=227', 'aria_label': None, 'class': ['tmiads'], 'id': 'a486284e', 'text': ''}, {'tag': 'iframe', 'src': 'https://ads.independent.com.mt/www/delivery/afr.php?resize=1&zoneid=14&target=_blank&cb=159', 'aria_label': None, 'class': ['tmiads'], 'id': 'a8e28c82', 'text': ''}, {'tag': 'iframe', 'src': 'https://ads.independent.com.mt/www/delivery/afr.php?resize=1&zoneid=15&target=_blank&cb=254', 'aria_label': None, 'class': ['tmiads'], 'id': 'a5aefaca', 'text': ''}, {'tag': 'iframe', 'src': 'https://ads.independent.com.mt/www/delivery/afr.php?zoneid=147&cb=250', 'aria_label': None, 'class': ['tmiads'], 'id': 'a65e2a3a', 'text': ''}, {'tag': 'iframe', 'src': 'https://ads.independent.com.mt/www/delivery/afr.php?resize=1&zoneid=16&target=_blank&cb=201', 'aria_label': None, 'class': ['tmiads'], 'id': 'a4798ae8', 'text': ''}, {'tag': 'iframe', 'src': 'https://ads.independent.com.mt/www/delivery/afr.php?resize=1&zoneid=7&target=_blank&cb=186', 'aria_label': None, 'class': ['tmiads'], 'id': 'a3c00537', 'text': ''}]",7,1,251,0.08770090845562543,34,9,11,0,0,97,15,0.9197860962566845,2,0,0,1,0.09643605870020965,1,71,4,20.015625,0,0,0,0,0,0,0,023,independent,home_page
419,187,52,25,12,1,65,45,36431,5570,23,18,"[{'tag': 'iframe', 'src': 'https://ads.independent.com.mt/www/delivery/afr.php?resize=1&zoneid=32&target=_blank&cb=297', 'aria_label': None, 'class': ['tmiads'], 'id': 'a735fbc0', 'text': ''}, {'tag': 'iframe', 'src': 'https://ads.independent.com.mt/www/delivery/afr.php?zoneid=103&cb=175', 'aria_label': None, 'class': ['tmiads'], 'id': 'a0d81251', 'text': ''}, {'tag': 'iframe', 'src': 'https://ads.independent.com.mt/www/delivery/afr.php?resize=1&zoneid=9&target=_blank&cb=196', 'aria_label': None, 'class': ['tmiads'], 'id': 'a94be7f3', 'text': ''}, {'tag': 'iframe', 'src': 'https://ads.independent.com.mt/www/delivery/afr.php?resize=1&zoneid=10&target=_blank&cb=64', 'aria_label': None, 'class': ['tmiads'], 'id': 'a7d8fb45', 'text': ''}, {'tag': 'iframe', 'src': 'https://ads.independent.com.mt/www/delivery/afr.php?resize=1&zoneid=146&target=_blank&cb=218', 'aria_label': None, 'class': ['tmiads'], 'id': 'a94be7f3', 'text': ''}, {'tag': 'iframe', 'src': 'https://ads.independent.com.mt/www/delivery/afr.php?zoneid=147&cb=8', 'aria_label': None, 'class': ['tmiads'], 'id': 'a65e2a3a', 'text': ''}, {'tag': 'iframe', 'src': 'https://ads.independent.com.mt/www/delivery/afr.php?resize=1&zoneid=146&target=_blank&cb=218', 'aria_label': None, 'class': ['tmiads'], 'id': 'a94be7f3', 'text': ''}, {'tag': 'iframe', 'src': 'https://ads.independent.com.mt/www/delivery/afr.php?resize=1&zoneid=5&target=_blank&cb=95', 'aria_label': None, 'class': ['tmiads'], 'id': 'a6868fa4', 'text': ''}, {'tag': 'iframe', 'src': 'https://ads.independent.com.mt/www/delivery/afr.php?zoneid=17&cb=158', 'aria_label': None, 'class': ['tmiads'], 'id': 'ac72d028', 'text': ''}, {'tag': 'iframe', 'src': 'https://ads.independent.com.mt/www/delivery/afr.php?zoneid=12&cb=238', 'aria_label': None, 'class': ['tmiads'], 'id': 'af2737e4', 'text': ''}, {'tag': 'iframe', 'src': 'https://ads.independent.com.mt/www/delivery/afr.php?resize=1&zoneid=13&target=_blank&cb=85', 'aria_label': None, 'class': ['tmiads'], 'id': 'a86ac61d', 'text': ''}, {'tag': 'iframe', 'src': 'https://ads.independent.com.mt/www/delivery/afr.php?zoneid=147&cb=244', 'aria_label': None, 'class': ['tmiads'], 'id': 'a65e2a3a', 'text': ''}, {'tag': 'iframe', 'src': 'https://ads.independent.com.mt/www/delivery/afr.php?resize=1&zoneid=6&target=_blank&cb=227', 'aria_label': None, 'class': ['tmiads'], 'id': 'a486284e', 'text': ''}, {'tag': 'iframe', 'src': 'https://ads.independent.com.mt/www/delivery/afr.php?resize=1&zoneid=14&target=_blank&cb=159', 'aria_label': None, 'class': ['tmiads'], 'id': 'a8e28c82', 'text': ''}, {'tag': 'iframe', 'src': 'https://ads.independent.com.mt/www/delivery/afr.php?resize=1&zoneid=15&target=_blank&cb=254', 'aria_label': None, 'class': ['tmiads'], 'id': 'a5aefaca', 'text': ''}, {'tag': 'iframe', 'src': 'https://ads.independent.com.mt/www/delivery/afr.php?zoneid=147&cb=250', 'aria_label': None, 'class': ['tmiads'], 'id': 'a65e2a3a', 'text': ''}, {'tag': 'iframe', 'src': 'https://ads.independent.com.mt/www/delivery/afr.php?resize=1&zoneid=16&target=_blank&cb=201', 'aria_label': None, 'class': ['tmiads'], 'id': 'a4798ae8', 'text': ''}, {'tag': 'iframe', 'src': 'https://ads.independent.com.mt/www/delivery/afr.php?resize=1&zoneid=7&target=_blank&cb=186', 'aria_label': None, 'class': ['tmiads'], 'id': 'a3c00537', 'text': ''}]",7,1,251,0.08770090845562543,34,9,11,0,0,97,15,0.9197860962566845,2,0,0,1,0.09643605870020965,1,71,4,20.015625,0,0,0,0,0,0,0,024,independent,home_page
419,187,52,25,12,1,65,45,36431,5570,23,18,"[{'tag': 'iframe', 'src': 'https://ads.independent.com.mt/www/delivery/afr.php?resize=1&zoneid=32&target=_blank&cb=297', 'aria_label': None, 'class': ['tmiads'], 'id': 'a735fbc0', 'text': ''}, {'tag': 'iframe', 'src': 'https://ads.independent.com.mt/www/delivery/afr.php?zoneid=103&cb=175', 'aria_label': None, 'class': ['tmiads'], 'id': 'a0d81251', 'text': ''}, {'tag': 'iframe', 'src': 'https://ads.independent.com.mt/www/delivery/afr.php?resize=1&zoneid=9&target=_blank&cb=196', 'aria_label': None, 'class': ['tmiads'], 'id': 'a94be7f3', 'text': ''}, {'tag': 'iframe', 'src': 'https://ads.independent.com.mt/www/delivery/afr.php?resize=1&zoneid=10&target=_blank&cb=64', 'aria_label': None, 'class': ['tmiads'], 'id': 'a7d8fb45', 'text': ''}, {'tag': 'iframe', 'src': 'https://ads.independent.com.mt/www/delivery/afr.php?resize=1&zoneid=146&target=_blank&cb=218', 'aria_label': None, 'class': ['tmiads'], 'id': 'a94be7f3', 'text': ''}, {'tag': 'iframe', 'src': 'https://ads.independent.com.mt/www/delivery/afr.php?zoneid=147&cb=8', 'aria_label': None, 'class': ['tmiads'], 'id': 'a65e2a3a', 'text': ''}, {'tag': 'iframe', 'src': 'https://ads.independent.com.mt/www/delivery/afr.php?resize=1&zoneid=146&target=_blank&cb=218', 'aria_label': None, 'class': ['tmiads'], 'id': 'a94be7f3', 'text': ''}, {'tag': 'iframe', 'src': 'https://ads.independent.com.mt/www/delivery/afr.php?resize=1&zoneid=5&target=_blank&cb=95', 'aria_label': None, 'class': ['tmiads'], 'id': 'a6868fa4', 'text': ''}, {'tag': 'iframe', 'src': 'https://ads.independent.com.mt/www/delivery/afr.php?zoneid=17&cb=158', 'aria_label': None, 'class': ['tmiads'], 'id': 'ac72d028', 'text': ''}, {'tag': 'iframe', 'src': 'https://ads.independent.com.mt/www/delivery/afr.php?zoneid=12&cb=238', 'aria_label': None, 'class': ['tmiads'], 'id': 'af2737e4', 'text': ''}, {'tag': 'iframe', 'src': 'https://ads.independent.com.mt/www/delivery/afr.php?resize=1&zoneid=13&target=_blank&cb=85', 'aria_label': None, 'class': ['tmiads'], 'id': 'a86ac61d', 'text': ''}, {'tag': 'iframe', 'src': 'https://ads.independent.com.mt/www/delivery/afr.php?zoneid=147&cb=244', 'aria_label': None, 'class': ['tmiads'], 'id': 'a65e2a3a', 'text': ''}, {'tag': 'iframe', 'src': 'https://ads.independent.com.mt/www/delivery/afr.php?resize=1&zoneid=6&target=_blank&cb=227', 'aria_label': None, 'class': ['tmiads'], 'id': 'a486284e', 'text': ''}, {'tag': 'iframe', 'src': 'https://ads.independent.com.mt/www/delivery/afr.php?resize=1&zoneid=14&target=_blank&cb=159', 'aria_label': None, 'class': ['tmiads'], 'id': 'a8e28c82', 'text': ''}, {'tag': 'iframe', 'src': 'https://ads.independent.com.mt/www/delivery/afr.php?resize=1&zoneid=15&target=_blank&cb=254', 'aria_label': None, 'class': ['tmiads'], 'id': 'a5aefaca', 'text': ''}, {'tag': 'iframe', 'src': 'https://ads.independent.com.mt/www/delivery/afr.php?zoneid=147&cb=250', 'aria_label': None, 'class': ['tmiads'], 'id': 'a65e2a3a', 'text': ''}, {'tag': 'iframe', 'src': 'https://ads.independent.com.mt/www/delivery/afr.php?resize=1&zoneid=16&target=_blank&cb=201', 'aria_label': None, 'class': ['tmiads'], 'id': 'a4798ae8', 'text': ''}, {'tag': 'iframe', 'src': 'https://ads.independent.com.mt/www/delivery/afr.php?resize=1&zoneid=7&target=_blank&cb=186', 'aria_label': None, 'class': ['tmiads'], 'id': 'a3c00537', 'text': ''}]",7,1,251,0.08770090845562543,34,9,11,0,0,97,15,0.9197860962566845,2,0,0,1,0.09643605870020965,1,71,4,20.015625,0,0,0,0,0,0,0,025,independent,home_page
419,187,52,25,12,1,65,45,36431,5570,23,18,"[{'tag': 'iframe', 'src': 'https://ads.independent.com.mt/www/delivery/afr.php?resize=1&zoneid=32&target=_blank&cb=297', 'aria_label': None, 'class': ['tmiads'], 'id': 'a735fbc0', 'text': ''}, {'tag': 'iframe', 'src': 'https://ads.independent.com.mt/www/delivery/afr.php?zoneid=103&cb=175', 'aria_label': None, 'class': ['tmiads'], 'id': 'a0d81251', 'text': ''}, {'tag': 'iframe', 'src': 'https://ads.independent.com.mt/www/delivery/afr.php?resize=1&zoneid=9&target=_blank&cb=196', 'aria_label': None, 'class': ['tmiads'], 'id': 'a94be7f3', 'text': ''}, {'tag': 'iframe', 'src': 'https://ads.independent.com.mt/www/delivery/afr.php?resize=1&zoneid=10&target=_blank&cb=64', 'aria_label': None, 'class': ['tmiads'], 'id': 'a7d8fb45', 'text': ''}, {'tag': 'iframe', 'src': 'https://ads.independent.com.mt/www/delivery/afr.php?resize=1&zoneid=146&target=_blank&cb=218', 'aria_label': None, 'class': ['tmiads'], 'id': 'a94be7f3', 'text': ''}, {'tag': 'iframe', 'src': 'https://ads.independent.com.mt/www/delivery/afr.php?zoneid=147&cb=8', 'aria_label': None, 'class': ['tmiads'], 'id': 'a65e2a3a', 'text': ''}, {'tag': 'iframe', 'src': 'https://ads.independent.com.mt/www/delivery/afr.php?resize=1&zoneid=146&target=_blank&cb=218', 'aria_label': None, 'class': ['tmiads'], 'id': 'a94be7f3', 'text': ''}, {'tag': 'iframe', 'src': 'https://ads.independent.com.mt/www/delivery/afr.php?resize=1&zoneid=5&target=_blank&cb=95', 'aria_label': None, 'class': ['tmiads'], 'id': 'a6868fa4', 'text': ''}, {'tag': 'iframe', 'src': 'https://ads.independent.com.mt/www/delivery/afr.php?zoneid=17&cb=158', 'aria_label': None, 'class': ['tmiads'], 'id': 'ac72d028', 'text': ''}, {'tag': 'iframe', 'src': 'https://ads.independent.com.mt/www/delivery/afr.php?zoneid=12&cb=238', 'aria_label': None, 'class': ['tmiads'], 'id': 'af2737e4', 'text': ''}, {'tag': 'iframe', 'src': 'https://ads.independent.com.mt/www/delivery/afr.php?resize=1&zoneid=13&target=_blank&cb=85', 'aria_label': None, 'class': ['tmiads'], 'id': 'a86ac61d', 'text': ''}, {'tag': 'iframe', 'src': 'https://ads.independent.com.mt/www/delivery/afr.php?zoneid=147&cb=244', 'aria_label': None, 'class': ['tmiads'], 'id': 'a65e2a3a', 'text': ''}, {'tag': 'iframe', 'src': 'https://ads.independent.com.mt/www/delivery/afr.php?resize=1&zoneid=6&target=_blank&cb=227', 'aria_label': None, 'class': ['tmiads'], 'id': 'a486284e', 'text': ''}, {'tag': 'iframe', 'src': 'https://ads.independent.com.mt/www/delivery/afr.php?resize=1&zoneid=14&target=_blank&cb=159', 'aria_label': None, 'class': ['tmiads'], 'id': 'a8e28c82', 'text': ''}, {'tag': 'iframe', 'src': 'https://ads.independent.com.mt/www/delivery/afr.php?resize=1&zoneid=15&target=_blank&cb=254', 'aria_label': None, 'class': ['tmiads'], 'id': 'a5aefaca', 'text': ''}, {'tag': 'iframe', 'src': 'https://ads.independent.com.mt/www/delivery/afr.php?zoneid=147&cb=250', 'aria_label': None, 'class': ['tmiads'], 'id': 'a65e2a3a', 'text': ''}, {'tag': 'iframe', 'src': 'https://ads.independent.com.mt/www/delivery/afr.php?resize=1&zoneid=16&target=_blank&cb=201', 'aria_label': None, 'class': ['tmiads'], 'id': 'a4798ae8', 'text': ''}, {'tag': 'iframe', 'src': 'https://ads.independent.com.mt/www/delivery/afr.php?resize=1&zoneid=7&target=_blank&cb=186', 'aria_label': None, 'class': ['tmiads'], 'id': 'a3c00537', 'text': ''}]",7,1,251,0.08770090845562543,34,9,11,0,0,97,15,0.9197860962566845,2,0,0,1,0.09643605870020965,1,71,4,20.015625,0,0,0,0,0,0,0,026,independent,home_page
419,187,52,25,12,1,65,45,36431,5570,23,18,"[{'tag': 'iframe', 'src': 'https://ads.independent.com.mt/www/delivery/afr.php?resize=1&zoneid=32&target=_blank&cb=297', 'aria_label': None, 'class': ['tmiads'], 'id': 'a735fbc0', 'text': ''}, {'tag': 'iframe', 'src': 'https://ads.independent.com.mt/www/delivery/afr.php?zoneid=103&cb=175', 'aria_label': None, 'class': ['tmiads'], 'id': 'a0d81251', 'text': ''}, {'tag': 'iframe', 'src': 'https://ads.independent.com.mt/www/delivery/afr.php?resize=1&zoneid=9&target=_blank&cb=196', 'aria_label': None, 'class': ['tmiads'], 'id': 'a94be7f3', 'text': ''}, {'tag': 'iframe', 'src': 'https://ads.independent.com.mt/www/delivery/afr.php?resize=1&zoneid=10&target=_blank&cb=64', 'aria_label': None, 'class': ['tmiads'], 'id': 'a7d8fb45', 'text': ''}, {'tag': 'iframe', 'src': 'https://ads.independent.com.mt/www/delivery/afr.php?resize=1&zoneid=146&target=_blank&cb=218', 'aria_label': None, 'class': ['tmiads'], 'id': 'a94be7f3', 'text': ''}, {'tag': 'iframe', 'src': 'https://ads.independent.com.mt/www/delivery/afr.php?zoneid=147&cb=8', 'aria_label': None, 'class': ['tmiads'], 'id': 'a65e2a3a', 'text': ''}, {'tag': 'iframe', 'src': 'https://ads.independent.com.mt/www/delivery/afr.php?resize=1&zoneid=146&target=_blank&cb=218', 'aria_label': None, 'class': ['tmiads'], 'id': 'a94be7f3', 'text': ''}, {'tag': 'iframe', 'src': 'https://ads.independent.com.mt/www/delivery/afr.php?resize=1&zoneid=5&target=_blank&cb=95', 'aria_label': None, 'class': ['tmiads'], 'id': 'a6868fa4', 'text': ''}, {'tag': 'iframe', 'src': 'https://ads.independent.com.mt/www/delivery/afr.php?zoneid=17&cb=158', 'aria_label': None, 'class': ['tmiads'], 'id': 'ac72d028', 'text': ''}, {'tag': 'iframe', 'src': 'https://ads.independent.com.mt/www/delivery/afr.php?zoneid=12&cb=238', 'aria_label': None, 'class': ['tmiads'], 'id': 'af2737e4', 'text': ''}, {'tag': 'iframe', 'src': 'https://ads.independent.com.mt/www/delivery/afr.php?resize=1&zoneid=13&target=_blank&cb=85', 'aria_label': None, 'class': ['tmiads'], 'id': 'a86ac61d', 'text': ''}, {'tag': 'iframe', 'src': 'https://ads.independent.com.mt/www/delivery/afr.php?zoneid=147&cb=244', 'aria_label': None, 'class': ['tmiads'], 'id': 'a65e2a3a', 'text': ''}, {'tag': 'iframe', 'src': 'https://ads.independent.com.mt/www/delivery/afr.php?resize=1&zoneid=6&target=_blank&cb=227', 'aria_label': None, 'class': ['tmiads'], 'id': 'a486284e', 'text': ''}, {'tag': 'iframe', 'src': 'https://ads.independent.com.mt/www/delivery/afr.php?resize=1&zoneid=14&target=_blank&cb=159', 'aria_label': None, 'class': ['tmiads'], 'id': 'a8e28c82', 'text': ''}, {'tag': 'iframe', 'src': 'https://ads.independent.com.mt/www/delivery/afr.php?resize=1&zoneid=15&target=_blank&cb=254', 'aria_label': None, 'class': ['tmiads'], 'id': 'a5aefaca', 'text': ''}, {'tag': 'iframe', 'src': 'https://ads.independent.com.mt/www/delivery/afr.php?zoneid=147&cb=250', 'aria_label': None, 'class': ['tmiads'], 'id': 'a65e2a3a', 'text': ''}, {'tag': 'iframe', 'src': 'https://ads.independent.com.mt/www/delivery/afr.php?resize=1&zoneid=16&target=_blank&cb=201', 'aria_label': None, 'class': ['tmiads'], 'id': 'a4798ae8', 'text': ''}, {'tag': 'iframe', 'src': 'https://ads.independent.com.mt/www/delivery/afr.php?resize=1&zoneid=7&target=_blank&cb=186', 'aria_label': None, 'class': ['tmiads'], 'id': 'a3c00537', 'text': ''}]",7,1,251,0.08770090845562543,34,9,11,0,0,97,15,0.9197860962566845,2,0,0,1,0.09643605870020965,1,71,4,20.015625,0,0,0,0,0,0,0,027,independent,home_page
419,187,52,25,12,1,65,45,36431,5570,23,18,"[{'tag': 'iframe', 'src': 'https://ads.independent.com.mt/www/delivery/afr.php?resize=1&zoneid=32&target=_blank&cb=297', 'aria_label': None, 'class': ['tmiads'], 'id': 'a735fbc0', 'text': ''}, {'tag': 'iframe', 'src': 'https://ads.independent.com.mt/www/delivery/afr.php?zoneid=103&cb=175', 'aria_label': None, 'class': ['tmiads'], 'id': 'a0d81251', 'text': ''}, {'tag': 'iframe', 'src': 'https://ads.independent.com.mt/www/delivery/afr.php?resize=1&zoneid=9&target=_blank&cb=196', 'aria_label': None, 'class': ['tmiads'], 'id': 'a94be7f3', 'text': ''}, {'tag': 'iframe', 'src': 'https://ads.independent.com.mt/www/delivery/afr.php?resize=1&zoneid=10&target=_blank&cb=64', 'aria_label': None, 'class': ['tmiads'], 'id': 'a7d8fb45', 'text': ''}, {'tag': 'iframe', 'src': 'https://ads.independent.com.mt/www/delivery/afr.php?resize=1&zoneid=146&target=_blank&cb=218', 'aria_label': None, 'class': ['tmiads'], 'id': 'a94be7f3', 'text': ''}, {'tag': 'iframe', 'src': 'https://ads.independent.com.mt/www/delivery/afr.php?zoneid=147&cb=8', 'aria_label': None, 'class': ['tmiads'], 'id': 'a65e2a3a', 'text': ''}, {'tag': 'iframe', 'src': 'https://ads.independent.com.mt/www/delivery/afr.php?resize=1&zoneid=146&target=_blank&cb=218', 'aria_label': None, 'class': ['tmiads'], 'id': 'a94be7f3', 'text': ''}, {'tag': 'iframe', 'src': 'https://ads.independent.com.mt/www/delivery/afr.php?resize=1&zoneid=5&target=_blank&cb=95', 'aria_label': None, 'class': ['tmiads'], 'id': 'a6868fa4', 'text': ''}, {'tag': 'iframe', 'src': 'https://ads.independent.com.mt/www/delivery/afr.php?zoneid=17&cb=158', 'aria_label': None, 'class': ['tmiads'], 'id': 'ac72d028', 'text': ''}, {'tag': 'iframe', 'src': 'https://ads.independent.com.mt/www/delivery/afr.php?zoneid=12&cb=238', 'aria_label': None, 'class': ['tmiads'], 'id': 'af2737e4', 'text': ''}, {'tag': 'iframe', 'src': 'https://ads.independent.com.mt/www/delivery/afr.php?resize=1&zoneid=13&target=_blank&cb=85', 'aria_label': None, 'class': ['tmiads'], 'id': 'a86ac61d', 'text': ''}, {'tag': 'iframe', 'src': 'https://ads.independent.com.mt/www/delivery/afr.php?zoneid=147&cb=244', 'aria_label': None, 'class': ['tmiads'], 'id': 'a65e2a3a', 'text': ''}, {'tag': 'iframe', 'src': 'https://ads.independent.com.mt/www/delivery/afr.php?resize=1&zoneid=6&target=_blank&cb=227', 'aria_label': None, 'class': ['tmiads'], 'id': 'a486284e', 'text': ''}, {'tag': 'iframe', 'src': 'https://ads.independent.com.mt/www/delivery/afr.php?resize=1&zoneid=14&target=_blank&cb=159', 'aria_label': None, 'class': ['tmiads'], 'id': 'a8e28c82', 'text': ''}, {'tag': 'iframe', 'src': 'https://ads.independent.com.mt/www/delivery/afr.php?resize=1&zoneid=15&target=_blank&cb=254', 'aria_label': None, 'class': ['tmiads'], 'id': 'a5aefaca', 'text': ''}, {'tag': 'iframe', 'src': 'https://ads.independent.com.mt/www/delivery/afr.php?zoneid=147&cb=250', 'aria_label': None, 'class': ['tmiads'], 'id': 'a65e2a3a', 'text': ''}, {'tag': 'iframe', 'src': 'https://ads.independent.com.mt/www/delivery/afr.php?resize=1&zoneid=16&target=_blank&cb=201', 'aria_label': None, 'class': ['tmiads'], 'id': 'a4798ae8', 'text': ''}, {'tag': 'iframe', 'src': 'https://ads.independent.com.mt/www/delivery/afr.php?resize=1&zoneid=7&target=_blank&cb=186', 'aria_label': None, 'class': ['tmiads'], 'id': 'a3c00537', 'text': ''}]",7,1,251,0.08770090845562543,34,9,11,0,0,97,15,0.9197860962566845,2,0,0,1,0.09643605870020965,1,71,4,20.015625,0,0,0,0,0,0,0,028,independent,home_page
419,187,52,25,12,1,65,45,36431,5570,23,18,"[{'tag': 'iframe', 'src': 'https://ads.independent.com.mt/www/delivery/afr.php?resize=1&zoneid=32&target=_blank&cb=297', 'aria_label': None, 'class': ['tmiads'], 'id': 'a735fbc0', 'text': ''}, {'tag': 'iframe', 'src': 'https://ads.independent.com.mt/www/delivery/afr.php?zoneid=103&cb=175', 'aria_label': None, 'class': ['tmiads'], 'id': 'a0d81251', 'text': ''}, {'tag': 'iframe', 'src': 'https://ads.independent.com.mt/www/delivery/afr.php?resize=1&zoneid=9&target=_blank&cb=196', 'aria_label': None, 'class': ['tmiads'], 'id': 'a94be7f3', 'text': ''}, {'tag': 'iframe', 'src': 'https://ads.independent.com.mt/www/delivery/afr.php?resize=1&zoneid=10&target=_blank&cb=64', 'aria_label': None, 'class': ['tmiads'], 'id': 'a7d8fb45', 'text': ''}, {'tag': 'iframe', 'src': 'https://ads.independent.com.mt/www/delivery/afr.php?resize=1&zoneid=146&target=_blank&cb=218', 'aria_label': None, 'class': ['tmiads'], 'id': 'a94be7f3', 'text': ''}, {'tag': 'iframe', 'src': 'https://ads.independent.com.mt/www/delivery/afr.php?zoneid=147&cb=8', 'aria_label': None, 'class': ['tmiads'], 'id': 'a65e2a3a', 'text': ''}, {'tag': 'iframe', 'src': 'https://ads.independent.com.mt/www/delivery/afr.php?resize=1&zoneid=146&target=_blank&cb=218', 'aria_label': None, 'class': ['tmiads'], 'id': 'a94be7f3', 'text': ''}, {'tag': 'iframe', 'src': 'https://ads.independent.com.mt/www/delivery/afr.php?resize=1&zoneid=5&target=_blank&cb=95', 'aria_label': None, 'class': ['tmiads'], 'id': 'a6868fa4', 'text': ''}, {'tag': 'iframe', 'src': 'https://ads.independent.com.mt/www/delivery/afr.php?zoneid=17&cb=158', 'aria_label': None, 'class': ['tmiads'], 'id': 'ac72d028', 'text': ''}, {'tag': 'iframe', 'src': 'https://ads.independent.com.mt/www/delivery/afr.php?zoneid=12&cb=238', 'aria_label': None, 'class': ['tmiads'], 'id': 'af2737e4', 'text': ''}, {'tag': 'iframe', 'src': 'https://ads.independent.com.mt/www/delivery/afr.php?resize=1&zoneid=13&target=_blank&cb=85', 'aria_label': None, 'class': ['tmiads'], 'id': 'a86ac61d', 'text': ''}, {'tag': 'iframe', 'src': 'https://ads.independent.com.mt/www/delivery/afr.php?zoneid=147&cb=244', 'aria_label': None, 'class': ['tmiads'], 'id': 'a65e2a3a', 'text': ''}, {'tag': 'iframe', 'src': 'https://ads.independent.com.mt/www/delivery/afr.php?resize=1&zoneid=6&target=_blank&cb=227', 'aria_label': None, 'class': ['tmiads'], 'id': 'a486284e', 'text': ''}, {'tag': 'iframe', 'src': 'https://ads.independent.com.mt/www/delivery/afr.php?resize=1&zoneid=14&target=_blank&cb=159', 'aria_label': None, 'class': ['tmiads'], 'id': 'a8e28c82', 'text': ''}, {'tag': 'iframe', 'src': 'https://ads.independent.com.mt/www/delivery/afr.php?resize=1&zoneid=15&target=_blank&cb=254', 'aria_label': None, 'class': ['tmiads'], 'id': 'a5aefaca', 'text': ''}, {'tag': 'iframe', 'src': 'https://ads.independent.com.mt/www/delivery/afr.php?zoneid=147&cb=250', 'aria_label': None, 'class': ['tmiads'], 'id': 'a65e2a3a', 'text': ''}, {'tag': 'iframe', 'src': 'https://ads.independent.com.mt/www/delivery/afr.php?resize=1&zoneid=16&target=_blank&cb=201', 'aria_label': None, 'class': ['tmiads'], 'id': 'a4798ae8', 'text': ''}, {'tag': 'iframe', 'src': 'https://ads.independent.com.mt/www/delivery/afr.php?resize=1&zoneid=7&target=_blank&cb=186', 'aria_label': None, 'class': ['tmiads'], 'id': 'a3c00537', 'text': ''}]",7,1,251,0.08770090845562543,34,9,11,0,0,97,15,0.9197860962566845,2,0,0,1,0.09643605870020965,1,71,4,20.015625,0,0,0,0,0,0,0,029,independent,home_page
419,187,52,25,12,1,65,45,36431,5570,23,18,"[{'tag': 'iframe', 'src': 'https://ads.independent.com.mt/www/delivery/afr.php?resize=1&zoneid=32&target=_blank&cb=297', 'aria_label': None, 'class': ['tmiads'], 'id': 'a735fbc0', 'text': ''}, {'tag': 'iframe', 'src': 'https://ads.independent.com.mt/www/delivery/afr.php?zoneid=103&cb=175', 'aria_label': None, 'class': ['tmiads'], 'id': 'a0d81251', 'text': ''}, {'tag': 'iframe', 'src': 'https://ads.independent.com.mt/www/delivery/afr.php?resize=1&zoneid=9&target=_blank&cb=196', 'aria_label': None, 'class': ['tmiads'], 'id': 'a94be7f3', 'text': ''}, {'tag': 'iframe', 'src': 'https://ads.independent.com.mt/www/delivery/afr.php?resize=1&zoneid=10&target=_blank&cb=64', 'aria_label': None, 'class': ['tmiads'], 'id': 'a7d8fb45', 'text': ''}, {'tag': 'iframe', 'src': 'https://ads.independent.com.mt/www/delivery/afr.php?resize=1&zoneid=146&target=_blank&cb=218', 'aria_label': None, 'class': ['tmiads'], 'id': 'a94be7f3', 'text': ''}, {'tag': 'iframe', 'src': 'https://ads.independent.com.mt/www/delivery/afr.php?zoneid=147&cb=8', 'aria_label': None, 'class': ['tmiads'], 'id': 'a65e2a3a', 'text': ''}, {'tag': 'iframe', 'src': 'https://ads.independent.com.mt/www/delivery/afr.php?resize=1&zoneid=146&target=_blank&cb=218', 'aria_label': None, 'class': ['tmiads'], 'id': 'a94be7f3', 'text': ''}, {'tag': 'iframe', 'src': 'https://ads.independent.com.mt/www/delivery/afr.php?resize=1&zoneid=5&target=_blank&cb=95', 'aria_label': None, 'class': ['tmiads'], 'id': 'a6868fa4', 'text': ''}, {'tag': 'iframe', 'src': 'https://ads.independent.com.mt/www/delivery/afr.php?zoneid=17&cb=158', 'aria_label': None, 'class': ['tmiads'], 'id': 'ac72d028', 'text': ''}, {'tag': 'iframe', 'src': 'https://ads.independent.com.mt/www/delivery/afr.php?zoneid=12&cb=238', 'aria_label': None, 'class': ['tmiads'], 'id': 'af2737e4', 'text': ''}, {'tag': 'iframe', 'src': 'https://ads.independent.com.mt/www/delivery/afr.php?resize=1&zoneid=13&target=_blank&cb=85', 'aria_label': None, 'class': ['tmiads'], 'id': 'a86ac61d', 'text': ''}, {'tag': 'iframe', 'src': 'https://ads.independent.com.mt/www/delivery/afr.php?zoneid=147&cb=244', 'aria_label': None, 'class': ['tmiads'], 'id': 'a65e2a3a', 'text': ''}, {'tag': 'iframe', 'src': 'https://ads.independent.com.mt/www/delivery/afr.php?resize=1&zoneid=6&target=_blank&cb=227', 'aria_label': None, 'class': ['tmiads'], 'id': 'a486284e', 'text': ''}, {'tag': 'iframe', 'src': 'https://ads.independent.com.mt/www/delivery/afr.php?resize=1&zoneid=14&target=_blank&cb=159', 'aria_label': None, 'class': ['tmiads'], 'id': 'a8e28c82', 'text': ''}, {'tag': 'iframe', 'src': 'https://ads.independent.com.mt/www/delivery/afr.php?resize=1&zoneid=15&target=_blank&cb=254', 'aria_label': None, 'class': ['tmiads'], 'id': 'a5aefaca', 'text': ''}, {'tag': 'iframe', 'src': 'https://ads.independent.com.mt/www/delivery/afr.php?zoneid=147&cb=250', 'aria_label': None, 'class': ['tmiads'], 'id': 'a65e2a3a', 'text': ''}, {'tag': 'iframe', 'src': 'https://ads.independent.com.mt/www/delivery/afr.php?resize=1&zoneid=16&target=_blank&cb=201', 'aria_label': None, 'class': ['tmiads'], 'id': 'a4798ae8', 'text': ''}, {'tag': 'iframe', 'src': 'https://ads.independent.com.mt/www/delivery/afr.php?resize=1&zoneid=7&target=_blank&cb=186', 'aria_label': None, 'class': ['tmiads'], 'id': 'a3c00537', 'text': ''}]",7,1,251,0.08770090845562543,34,9,11,0,0,97,15,0.9197860962566845,2,0,0,1,0.09643605870020965,1,71,4,20.015625,0,0,0,0,0,0,0,030,independent,home_page
419,187,52,25,12,1,65,45,36431,5570,23,18,"[{'tag': 'iframe', 'src': 'https://ads.independent.com.mt/www/delivery/afr.php?resize=1&zoneid=32&target=_blank&cb=297', 'aria_label': None, 'class': ['tmiads'], 'id': 'a735fbc0', 'text': ''}, {'tag': 'iframe', 'src': 'https://ads.independent.com.mt/www/delivery/afr.php?zoneid=103&cb=175', 'aria_label': None, 'class': ['tmiads'], 'id': 'a0d81251', 'text': ''}, {'tag': 'iframe', 'src': 'https://ads.independent.com.mt/www/delivery/afr.php?resize=1&zoneid=9&target=_blank&cb=196', 'aria_label': None, 'class': ['tmiads'], 'id': 'a94be7f3', 'text': ''}, {'tag': 'iframe', 'src': 'https://ads.independent.com.mt/www/delivery/afr.php?resize=1&zoneid=10&target=_blank&cb=64', 'aria_label': None, 'class': ['tmiads'], 'id': 'a7d8fb45', 'text': ''}, {'tag': 'iframe', 'src': 'https://ads.independent.com.mt/www/delivery/afr.php?resize=1&zoneid=146&target=_blank&cb=218', 'aria_label': None, 'class': ['tmiads'], 'id': 'a94be7f3', 'text': ''}, {'tag': 'iframe', 'src': 'https://ads.independent.com.mt/www/delivery/afr.php?zoneid=147&cb=8', 'aria_label': None, 'class': ['tmiads'], 'id': 'a65e2a3a', 'text': ''}, {'tag': 'iframe', 'src': 'https://ads.independent.com.mt/www/delivery/afr.php?resize=1&zoneid=146&target=_blank&cb=218', 'aria_label': None, 'class': ['tmiads'], 'id': 'a94be7f3', 'text': ''}, {'tag': 'iframe', 'src': 'https://ads.independent.com.mt/www/delivery/afr.php?resize=1&zoneid=5&target=_blank&cb=95', 'aria_label': None, 'class': ['tmiads'], 'id': 'a6868fa4', 'text': ''}, {'tag': 'iframe', 'src': 'https://ads.independent.com.mt/www/delivery/afr.php?zoneid=17&cb=158', 'aria_label': None, 'class': ['tmiads'], 'id': 'ac72d028', 'text': ''}, {'tag': 'iframe', 'src': 'https://ads.independent.com.mt/www/delivery/afr.php?zoneid=12&cb=238', 'aria_label': None, 'class': ['tmiads'], 'id': 'af2737e4', 'text': ''}, {'tag': 'iframe', 'src': 'https://ads.independent.com.mt/www/delivery/afr.php?resize=1&zoneid=13&target=_blank&cb=85', 'aria_label': None, 'class': ['tmiads'], 'id': 'a86ac61d', 'text': ''}, {'tag': 'iframe', 'src': 'https://ads.independent.com.mt/www/delivery/afr.php?zoneid=147&cb=244', 'aria_label': None, 'class': ['tmiads'], 'id': 'a65e2a3a', 'text': ''}, {'tag': 'iframe', 'src': 'https://ads.independent.com.mt/www/delivery/afr.php?resize=1&zoneid=6&target=_blank&cb=227', 'aria_label': None, 'class': ['tmiads'], 'id': 'a486284e', 'text': ''}, {'tag': 'iframe', 'src': 'https://ads.independent.com.mt/www/delivery/afr.php?resize=1&zoneid=14&target=_blank&cb=159', 'aria_label': None, 'class': ['tmiads'], 'id': 'a8e28c82', 'text': ''}, {'tag': 'iframe', 'src': 'https://ads.independent.com.mt/www/delivery/afr.php?resize=1&zoneid=15&target=_blank&cb=254', 'aria_label': None, 'class': ['tmiads'], 'id': 'a5aefaca', 'text': ''}, {'tag': 'iframe', 'src': 'https://ads.independent.com.mt/www/delivery/afr.php?zoneid=147&cb=250', 'aria_label': None, 'class': ['tmiads'], 'id': 'a65e2a3a', 'text': ''}, {'tag': 'iframe', 'src': 'https://ads.independent.com.mt/www/delivery/afr.php?resize=1&zoneid=16&target=_blank&cb=201', 'aria_label': None, 'class': ['tmiads'], 'id': 'a4798ae8', 'text': ''}, {'tag': 'iframe', 'src': 'https://ads.independent.com.mt/www/delivery/afr.php?resize=1&zoneid=7&target=_blank&cb=186', 'aria_label': None, 'class': ['tmiads'], 'id': 'a3c00537', 'text': ''}]",7,1,251,0.08770090845562543,34,9,11,0,0,97,15,0.9197860962566845,2,0,0,1,0.09643605870020965,1,71,4,20.015625,0,0,0,0,0,0,0,031,independent,home_page
419,187,52,25,12,1,65,45,36431,5570,23,18,"[{'tag': 'iframe', 'src': 'https://ads.independent.com.mt/www/delivery/afr.php?resize=1&zoneid=32&target=_blank&cb=297', 'aria_label': None, 'class': ['tmiads'], 'id': 'a735fbc0', 'text': ''}, {'tag': 'iframe', 'src': 'https://ads.independent.com.mt/www/delivery/afr.php?zoneid=103&cb=175', 'aria_label': None, 'class': ['tmiads'], 'id': 'a0d81251', 'text': ''}, {'tag': 'iframe', 'src': 'https://ads.independent.com.mt/www/delivery/afr.php?resize=1&zoneid=9&target=_blank&cb=196', 'aria_label': None, 'class': ['tmiads'], 'id': 'a94be7f3', 'text': ''}, {'tag': 'iframe', 'src': 'https://ads.independent.com.mt/www/delivery/afr.php?resize=1&zoneid=10&target=_blank&cb=64', 'aria_label': None, 'class': ['tmiads'], 'id': 'a7d8fb45', 'text': ''}, {'tag': 'iframe', 'src': 'https://ads.independent.com.mt/www/delivery/afr.php?resize=1&zoneid=146&target=_blank&cb=218', 'aria_label': None, 'class': ['tmiads'], 'id': 'a94be7f3', 'text': ''}, {'tag': 'iframe', 'src': 'https://ads.independent.com.mt/www/delivery/afr.php?zoneid=147&cb=8', 'aria_label': None, 'class': ['tmiads'], 'id': 'a65e2a3a', 'text': ''}, {'tag': 'iframe', 'src': 'https://ads.independent.com.mt/www/delivery/afr.php?resize=1&zoneid=146&target=_blank&cb=218', 'aria_label': None, 'class': ['tmiads'], 'id': 'a94be7f3', 'text': ''}, {'tag': 'iframe', 'src': 'https://ads.independent.com.mt/www/delivery/afr.php?resize=1&zoneid=5&target=_blank&cb=95', 'aria_label': None, 'class': ['tmiads'], 'id': 'a6868fa4', 'text': ''}, {'tag': 'iframe', 'src': 'https://ads.independent.com.mt/www/delivery/afr.php?zoneid=17&cb=158', 'aria_label': None, 'class': ['tmiads'], 'id': 'ac72d028', 'text': ''}, {'tag': 'iframe', 'src': 'https://ads.independent.com.mt/www/delivery/afr.php?zoneid=12&cb=238', 'aria_label': None, 'class': ['tmiads'], 'id': 'af2737e4', 'text': ''}, {'tag': 'iframe', 'src': 'https://ads.independent.com.mt/www/delivery/afr.php?resize=1&zoneid=13&target=_blank&cb=85', 'aria_label': None, 'class': ['tmiads'], 'id': 'a86ac61d', 'text': ''}, {'tag': 'iframe', 'src': 'https://ads.independent.com.mt/www/delivery/afr.php?zoneid=147&cb=244', 'aria_label': None, 'class': ['tmiads'], 'id': 'a65e2a3a', 'text': ''}, {'tag': 'iframe', 'src': 'https://ads.independent.com.mt/www/delivery/afr.php?resize=1&zoneid=6&target=_blank&cb=227', 'aria_label': None, 'class': ['tmiads'], 'id': 'a486284e', 'text': ''}, {'tag': 'iframe', 'src': 'https://ads.independent.com.mt/www/delivery/afr.php?resize=1&zoneid=14&target=_blank&cb=159', 'aria_label': None, 'class': ['tmiads'], 'id': 'a8e28c82', 'text': ''}, {'tag': 'iframe', 'src': 'https://ads.independent.com.mt/www/delivery/afr.php?resize=1&zoneid=15&target=_blank&cb=254', 'aria_label': None, 'class': ['tmiads'], 'id': 'a5aefaca', 'text': ''}, {'tag': 'iframe', 'src': 'https://ads.independent.com.mt/www/delivery/afr.php?zoneid=147&cb=250', 'aria_label': None, 'class': ['tmiads'], 'id': 'a65e2a3a', 'text': ''}, {'tag': 'iframe', 'src': 'https://ads.independent.com.mt/www/delivery/afr.php?resize=1&zoneid=16&target=_blank&cb=201', 'aria_label': None, 'class': ['tmiads'], 'id': 'a4798ae8', 'text': ''}, {'tag': 'iframe', 'src': 'https://ads.independent.com.mt/www/delivery/afr.php?resize=1&zoneid=7&target=_blank&cb=186', 'aria_label': None, 'class': ['tmiads'], 'id': 'a3c00537', 'text': ''}]",7,1,251,0.08770090845562543,34,9,11,0,0,97,15,0.9197860962566845,2,0,0,1,0.09643605870020965,1,71,4,20.015625,0,0,0,0,0,0,0,032,independent,home_page
419,187,52,25,12,1,65,45,36431,5570,23,18,"[{'tag': 'iframe', 'src': 'https://ads.independent.com.mt/www/delivery/afr.php?resize=1&zoneid=32&target=_blank&cb=297', 'aria_label': None, 'class': ['tmiads'], 'id': 'a735fbc0', 'text': ''}, {'tag': 'iframe', 'src': 'https://ads.independent.com.mt/www/delivery/afr.php?zoneid=103&cb=175', 'aria_label': None, 'class': ['tmiads'], 'id': 'a0d81251', 'text': ''}, {'tag': 'iframe', 'src': 'https://ads.independent.com.mt/www/delivery/afr.php?resize=1&zoneid=9&target=_blank&cb=196', 'aria_label': None, 'class': ['tmiads'], 'id': 'a94be7f3', 'text': ''}, {'tag': 'iframe', 'src': 'https://ads.independent.com.mt/www/delivery/afr.php?resize=1&zoneid=10&target=_blank&cb=64', 'aria_label': None, 'class': ['tmiads'], 'id': 'a7d8fb45', 'text': ''}, {'tag': 'iframe', 'src': 'https://ads.independent.com.mt/www/delivery/afr.php?resize=1&zoneid=146&target=_blank&cb=218', 'aria_label': None, 'class': ['tmiads'], 'id': 'a94be7f3', 'text': ''}, {'tag': 'iframe', 'src': 'https://ads.independent.com.mt/www/delivery/afr.php?zoneid=147&cb=8', 'aria_label': None, 'class': ['tmiads'], 'id': 'a65e2a3a', 'text': ''}, {'tag': 'iframe', 'src': 'https://ads.independent.com.mt/www/delivery/afr.php?resize=1&zoneid=146&target=_blank&cb=218', 'aria_label': None, 'class': ['tmiads'], 'id': 'a94be7f3', 'text': ''}, {'tag': 'iframe', 'src': 'https://ads.independent.com.mt/www/delivery/afr.php?resize=1&zoneid=5&target=_blank&cb=95', 'aria_label': None, 'class': ['tmiads'], 'id': 'a6868fa4', 'text': ''}, {'tag': 'iframe', 'src': 'https://ads.independent.com.mt/www/delivery/afr.php?zoneid=17&cb=158', 'aria_label': None, 'class': ['tmiads'], 'id': 'ac72d028', 'text': ''}, {'tag': 'iframe', 'src': 'https://ads.independent.com.mt/www/delivery/afr.php?zoneid=12&cb=238', 'aria_label': None, 'class': ['tmiads'], 'id': 'af2737e4', 'text': ''}, {'tag': 'iframe', 'src': 'https://ads.independent.com.mt/www/delivery/afr.php?resize=1&zoneid=13&target=_blank&cb=85', 'aria_label': None, 'class': ['tmiads'], 'id': 'a86ac61d', 'text': ''}, {'tag': 'iframe', 'src': 'https://ads.independent.com.mt/www/delivery/afr.php?zoneid=147&cb=244', 'aria_label': None, 'class': ['tmiads'], 'id': 'a65e2a3a', 'text': ''}, {'tag': 'iframe', 'src': 'https://ads.independent.com.mt/www/delivery/afr.php?resize=1&zoneid=6&target=_blank&cb=227', 'aria_label': None, 'class': ['tmiads'], 'id': 'a486284e', 'text': ''}, {'tag': 'iframe', 'src': 'https://ads.independent.com.mt/www/delivery/afr.php?resize=1&zoneid=14&target=_blank&cb=159', 'aria_label': None, 'class': ['tmiads'], 'id': 'a8e28c82', 'text': ''}, {'tag': 'iframe', 'src': 'https://ads.independent.com.mt/www/delivery/afr.php?resize=1&zoneid=15&target=_blank&cb=254', 'aria_label': None, 'class': ['tmiads'], 'id': 'a5aefaca', 'text': ''}, {'tag': 'iframe', 'src': 'https://ads.independent.com.mt/www/delivery/afr.php?zoneid=147&cb=250', 'aria_label': None, 'class': ['tmiads'], 'id': 'a65e2a3a', 'text': ''}, {'tag': 'iframe', 'src': 'https://ads.independent.com.mt/www/delivery/afr.php?resize=1&zoneid=16&target=_blank&cb=201', 'aria_label': None, 'class': ['tmiads'], 'id': 'a4798ae8', 'text': ''}, {'tag': 'iframe', 'src': 'https://ads.independent.com.mt/www/delivery/afr.php?resize=1&zoneid=7&target=_blank&cb=186', 'aria_label': None, 'class': ['tmiads'], 'id': 'a3c00537', 'text': ''}]",7,1,251,0.08770090845562543,34,9,11,0,0,97,15,0.9197860962566845,2,0,0,1,0.09643605870020965,1,71,4,20.015625,0,0,0,0,0,0,0,033,independent,home_page
419,187,52,25,12,1,65,45,36431,5570,23,18,"[{'tag': 'iframe', 'src': 'https://ads.independent.com.mt/www/delivery/afr.php?resize=1&zoneid=32&target=_blank&cb=297', 'aria_label': None, 'class': ['tmiads'], 'id': 'a735fbc0', 'text': ''}, {'tag': 'iframe', 'src': 'https://ads.independent.com.mt/www/delivery/afr.php?zoneid=103&cb=175', 'aria_label': None, 'class': ['tmiads'], 'id': 'a0d81251', 'text': ''}, {'tag': 'iframe', 'src': 'https://ads.independent.com.mt/www/delivery/afr.php?resize=1&zoneid=9&target=_blank&cb=196', 'aria_label': None, 'class': ['tmiads'], 'id': 'a94be7f3', 'text': ''}, {'tag': 'iframe', 'src': 'https://ads.independent.com.mt/www/delivery/afr.php?resize=1&zoneid=10&target=_blank&cb=64', 'aria_label': None, 'class': ['tmiads'], 'id': 'a7d8fb45', 'text': ''}, {'tag': 'iframe', 'src': 'https://ads.independent.com.mt/www/delivery/afr.php?resize=1&zoneid=146&target=_blank&cb=218', 'aria_label': None, 'class': ['tmiads'], 'id': 'a94be7f3', 'text': ''}, {'tag': 'iframe', 'src': 'https://ads.independent.com.mt/www/delivery/afr.php?zoneid=147&cb=8', 'aria_label': None, 'class': ['tmiads'], 'id': 'a65e2a3a', 'text': ''}, {'tag': 'iframe', 'src': 'https://ads.independent.com.mt/www/delivery/afr.php?resize=1&zoneid=146&target=_blank&cb=218', 'aria_label': None, 'class': ['tmiads'], 'id': 'a94be7f3', 'text': ''}, {'tag': 'iframe', 'src': 'https://ads.independent.com.mt/www/delivery/afr.php?resize=1&zoneid=5&target=_blank&cb=95', 'aria_label': None, 'class': ['tmiads'], 'id': 'a6868fa4', 'text': ''}, {'tag': 'iframe', 'src': 'https://ads.independent.com.mt/www/delivery/afr.php?zoneid=17&cb=158', 'aria_label': None, 'class': ['tmiads'], 'id': 'ac72d028', 'text': ''}, {'tag': 'iframe', 'src': 'https://ads.independent.com.mt/www/delivery/afr.php?zoneid=12&cb=238', 'aria_label': None, 'class': ['tmiads'], 'id': 'af2737e4', 'text': ''}, {'tag': 'iframe', 'src': 'https://ads.independent.com.mt/www/delivery/afr.php?resize=1&zoneid=13&target=_blank&cb=85', 'aria_label': None, 'class': ['tmiads'], 'id': 'a86ac61d', 'text': ''}, {'tag': 'iframe', 'src': 'https://ads.independent.com.mt/www/delivery/afr.php?zoneid=147&cb=244', 'aria_label': None, 'class': ['tmiads'], 'id': 'a65e2a3a', 'text': ''}, {'tag': 'iframe', 'src': 'https://ads.independent.com.mt/www/delivery/afr.php?resize=1&zoneid=6&target=_blank&cb=227', 'aria_label': None, 'class': ['tmiads'], 'id': 'a486284e', 'text': ''}, {'tag': 'iframe', 'src': 'https://ads.independent.com.mt/www/delivery/afr.php?resize=1&zoneid=14&target=_blank&cb=159', 'aria_label': None, 'class': ['tmiads'], 'id': 'a8e28c82', 'text': ''}, {'tag': 'iframe', 'src': 'https://ads.independent.com.mt/www/delivery/afr.php?resize=1&zoneid=15&target=_blank&cb=254', 'aria_label': None, 'class': ['tmiads'], 'id': 'a5aefaca', 'text': ''}, {'tag': 'iframe', 'src': 'https://ads.independent.com.mt/www/delivery/afr.php?zoneid=147&cb=250', 'aria_label': None, 'class': ['tmiads'], 'id': 'a65e2a3a', 'text': ''}, {'tag': 'iframe', 'src': 'https://ads.independent.com.mt/www/delivery/afr.php?resize=1&zoneid=16&target=_blank&cb=201', 'aria_label': None, 'class': ['tmiads'], 'id': 'a4798ae8', 'text': ''}, {'tag': 'iframe', 'src': 'https://ads.independent.com.mt/www/delivery/afr.php?resize=1&zoneid=7&target=_blank&cb=186', 'aria_label': None, 'class': ['tmiads'], 'id': 'a3c00537', 'text': ''}]",7,1,251,0.08770090845562543,34,9,11,0,0,97,15,0.9197860962566845,2,0,0,1,0.09643605870020965,1,71,4,20.015625,0,0,0,0,0,0,0,034,independent,home_page
135,30,40,11,0,1,20,12,4772,746,16,7,"[{'tag': 'iframe', 'src': 'https://ads.independent.com.mt/www/delivery/afr.php?resize=1&zoneid=33&target=_blank&cb=7', 'aria_label': None, 'class': ['tmiads'], 'id': 'a5559624', 'text': ''}, {'tag': 'iframe', 'src': 'https://ads.independent.com.mt/www/delivery/afr.php?zoneid=108&cb=3', 'aria_label': None, 'class': ['tmiads'], 'id': 'a8127595', 'text': ''}, {'tag': 'iframe', 'src': 'https://ads.independent.com.mt/www/delivery/afr.php?zoneid=105&cb=188', 'aria_label': None, 'class': ['tmiads'], 'id': 'a301feba', 'text': ''}, {'tag': 'iframe', 'src': 'https://ads.independent.com.mt/www/delivery/afr.php?resize=1&zoneid=19&target=_blank&cb=288', 'aria_label': None, 'class': ['tmiads'], 'id': 'a3f5f1e3', 'text': ''}, {'tag': 'iframe', 'src': 'https://ads.independent.com.mt/www/delivery/afr.php?zoneid=104&cb=107', 'aria_label': None, 'class': ['tmiads'], 'id': 'a7ef03f2', 'text': ''}, {'tag': 'iframe', 'src': 'https://ads.independent.com.mt/www/delivery/afr.php?zoneid=147&cb=276', 'aria_label': None, 'class': ['tmiads'], 'id': 'a65e2a3a', 'text': ''}, {'tag': 'iframe', 'src': 'https://ads.independent.com.mt/www/delivery/afr.php?resize=1&zoneid=18&target=_blank&cb=45', 'aria_label': None, 'class': ['tmiads'], 'id': 'afd0542d', 'text': ''}]",4,1,2,0.0035714285714285713,0,0,2,0,0,31,21,0.3,1,0,0,1,0.05,1,21,4,19.210526315789473,0,0,0,0,0,0,0,035,independent,news_listing
135,30,40,11,0,1,20,12,4772,746,16,7,"[{'tag': 'iframe', 'src': 'https://ads.independent.com.mt/www/delivery/afr.php?resize=1&zoneid=33&target=_blank&cb=7', 'aria_label': None, 'class': ['tmiads'], 'id': 'a5559624', 'text': ''}, {'tag': 'iframe', 'src': 'https://ads.independent.com.mt/www/delivery/afr.php?zoneid=108&cb=3', 'aria_label': None, 'class': ['tmiads'], 'id': 'a8127595', 'text': ''}, {'tag': 'iframe', 'src': 'https://ads.independent.com.mt/www/delivery/afr.php?zoneid=105&cb=188', 'aria_label': None, 'class': ['tmiads'], 'id': 'a301feba', 'text': ''}, {'tag': 'iframe', 'src': 'https://ads.independent.com.mt/www/delivery/afr.php?resize=1&zoneid=19&target=_blank&cb=288', 'aria_label': None, 'class': ['tmiads'], 'id': 'a3f5f1e3', 'text': ''}, {'tag': 'iframe', 'src': 'https://ads.independent.com.mt/www/delivery/afr.php?zoneid=104&cb=107', 'aria_label': None, 'class': ['tmiads'], 'id': 'a7ef03f2', 'text': ''}, {'tag': 'iframe', 'src': 'https://ads.independent.com.mt/www/delivery/afr.php?zoneid=147&cb=276', 'aria_label': None, 'class': ['tmiads'], 'id': 'a65e2a3a', 'text': ''}, {'tag': 'iframe', 'src': 'https://ads.independent.com.mt/www/delivery/afr.php?resize=1&zoneid=18&target=_blank&cb=45', 'aria_label': None, 'class': ['tmiads'], 'id': 'afd0542d', 'text': ''}]",4,1,2,0.0035714285714285713,0,0,2,0,0,31,21,0.3,1,0,0,1,0.05,1,21,4,19.210526315789473,0,0,0,0,0,0,0,036,independent,news_listing
135,30,40,11,0,1,20,12,4772,746,16,7,"[{'tag': 'iframe', 'src': 'https://ads.independent.com.mt/www/delivery/afr.php?resize=1&zoneid=33&target=_blank&cb=7', 'aria_label': None, 'class': ['tmiads'], 'id': 'a5559624', 'text': ''}, {'tag': 'iframe', 'src': 'https://ads.independent.com.mt/www/delivery/afr.php?zoneid=108&cb=3', 'aria_label': None, 'class': ['tmiads'], 'id': 'a8127595', 'text': ''}, {'tag': 'iframe', 'src': 'https://ads.independent.com.mt/www/delivery/afr.php?zoneid=105&cb=188', 'aria_label': None, 'class': ['tmiads'], 'id': 'a301feba', 'text': ''}, {'tag': 'iframe', 'src': 'https://ads.independent.com.mt/www/delivery/afr.php?resize=1&zoneid=19&target=_blank&cb=288', 'aria_label': None, 'class': ['tmiads'], 'id': 'a3f5f1e3', 'text': ''}, {'tag': 'iframe', 'src': 'https://ads.independent.com.mt/www/delivery/afr.php?zoneid=104&cb=107', 'aria_label': None, 'class': ['tmiads'], 'id': 'a7ef03f2', 'text': ''}, {'tag': 'iframe', 'src': 'https://ads.independent.com.mt/www/delivery/afr.php?zoneid=147&cb=276', 'aria_label': None, 'class': ['tmiads'], 'id': 'a65e2a3a', 'text': ''}, {'tag': 'iframe', 'src': 'https://ads.independent.com.mt/www/delivery/afr.php?resize=1&zoneid=18&target=_blank&cb=45', 'aria_label': None, 'class': ['tmiads'], 'id': 'afd0542d', 'text': ''}]",4,1,2,0.0035714285714285713,0,0,2,0,0,31,21,0.3,1,0,0,1,0.05,1,21,4,19.210526315789473,0,0,0,0,0,0,0,037,independent,news_listing
135,30,40,11,0,1,20,12,4772,746,16,7,"[{'tag': 'iframe', 'src': 'https://ads.independent.com.mt/www/delivery/afr.php?resize=1&zoneid=33&target=_blank&cb=7', 'aria_label': None, 'class': ['tmiads'], 'id': 'a5559624', 'text': ''}, {'tag': 'iframe', 'src': 'https://ads.independent.com.mt/www/delivery/afr.php?zoneid=108&cb=3', 'aria_label': None, 'class': ['tmiads'], 'id': 'a8127595', 'text': ''}, {'tag': 'iframe', 'src': 'https://ads.independent.com.mt/www/delivery/afr.php?zoneid=105&cb=188', 'aria_label': None, 'class': ['tmiads'], 'id': 'a301feba', 'text': ''}, {'tag': 'iframe', 'src': 'https://ads.independent.com.mt/www/delivery/afr.php?resize=1&zoneid=19&target=_blank&cb=288', 'aria_label': None, 'class': ['tmiads'], 'id': 'a3f5f1e3', 'text': ''}, {'tag': 'iframe', 'src': 'https://ads.independent.com.mt/www/delivery/afr.php?zoneid=104&cb=107', 'aria_label': None, 'class': ['tmiads'], 'id': 'a7ef03f2', 'text': ''}, {'tag': 'iframe', 'src': 'https://ads.independent.com.mt/www/delivery/afr.php?zoneid=147&cb=276', 'aria_label': None, 'class': ['tmiads'], 'id': 'a65e2a3a', 'text': ''}, {'tag': 'iframe', 'src': 'https://ads.independent.com.mt/www/delivery/afr.php?resize=1&zoneid=18&target=_blank&cb=45', 'aria_label': None, 'class': ['tmiads'], 'id': 'afd0542d', 'text': ''}]",4,1,2,0.0035714285714285713,0,0,2,0,0,31,21,0.3,1,0,0,1,0.05,1,21,4,19.210526315789473,0,0,0,0,0,0,0,038,independent,news_listing
135,30,40,11,0,1,20,12,4772,746,16,7,"[{'tag': 'iframe', 'src': 'https://ads.independent.com.mt/www/delivery/afr.php?resize=1&zoneid=33&target=_blank&cb=7', 'aria_label': None, 'class': ['tmiads'], 'id': 'a5559624', 'text': ''}, {'tag': 'iframe', 'src': 'https://ads.independent.com.mt/www/delivery/afr.php?zoneid=108&cb=3', 'aria_label': None, 'class': ['tmiads'], 'id': 'a8127595', 'text': ''}, {'tag': 'iframe', 'src': 'https://ads.independent.com.mt/www/delivery/afr.php?zoneid=105&cb=188', 'aria_label': None, 'class': ['tmiads'], 'id': 'a301feba', 'text': ''}, {'tag': 'iframe', 'src': 'https://ads.independent.com.mt/www/delivery/afr.php?resize=1&zoneid=19&target=_blank&cb=288', 'aria_label': None, 'class': ['tmiads'], 'id': 'a3f5f1e3', 'text': ''}, {'tag': 'iframe', 'src': 'https://ads.independent.com.mt/www/delivery/afr.php?zoneid=104&cb=107', 'aria_label': None, 'class': ['tmiads'], 'id': 'a7ef03f2', 'text': ''}, {'tag': 'iframe', 'src': 'https://ads.independent.com.mt/www/delivery/afr.php?zoneid=147&cb=276', 'aria_label': None, 'class': ['tmiads'], 'id': 'a65e2a3a', 'text': ''}, {'tag': 'iframe', 'src': 'https://ads.independent.com.mt/www/delivery/afr.php?resize=1&zoneid=18&target=_blank&cb=45', 'aria_label': None, 'class': ['tmiads'], 'id': 'afd0542d', 'text': ''}]",4,1,2,0.0035714285714285713,0,0,2,0,0,31,21,0.3,1,0,0,1,0.05,1,21,4,19.210526315789473,0,0,0,0,0,0,0,039,independent,news_listing
135,30,40,11,0,1,20,12,4772,746,16,7,"[{'tag': 'iframe', 'src': 'https://ads.independent.com.mt/www/delivery/afr.php?resize=1&zoneid=33&target=_blank&cb=7', 'aria_label': None, 'class': ['tmiads'], 'id': 'a5559624', 'text': ''}, {'tag': 'iframe', 'src': 'https://ads.independent.com.mt/www/delivery/afr.php?zoneid=108&cb=3', 'aria_label': None, 'class': ['tmiads'], 'id': 'a8127595', 'text': ''}, {'tag': 'iframe', 'src': 'https://ads.independent.com.mt/www/delivery/afr.php?zoneid=105&cb=188', 'aria_label': None, 'class': ['tmiads'], 'id': 'a301feba', 'text': ''}, {'tag': 'iframe', 'src': 'https://ads.independent.com.mt/www/delivery/afr.php?resize=1&zoneid=19&target=_blank&cb=288', 'aria_label': None, 'class': ['tmiads'], 'id': 'a3f5f1e3', 'text': ''}, {'tag': 'iframe', 'src': 'https://ads.independent.com.mt/www/delivery/afr.php?zoneid=104&cb=107', 'aria_label': None, 'class': ['tmiads'], 'id': 'a7ef03f2', 'text': ''}, {'tag': 'iframe', 'src': 'https://ads.independent.com.mt/www/delivery/afr.php?zoneid=147&cb=276', 'aria_label': None, 'class': ['tmiads'], 'id': 'a65e2a3a', 'text': ''}, {'tag': 'iframe', 'src': 'https://ads.independent.com.mt/www/delivery/afr.php?resize=1&zoneid=18&target=_blank&cb=45', 'aria_label': None, 'class': ['tmiads'], 'id': 'afd0542d', 'text': ''}]",4,1,2,0.0035714285714285713,0,0,2,0,0,31,21,0.3,1,0,0,1,0.05,1,21,4,19.210526315789473,0,0,0,0,0,0,0,040,independent,news_listing
135,30,40,11,0,1,20,12,4772,746,16,7,"[{'tag': 'iframe', 'src': 'https://ads.independent.com.mt/www/delivery/afr.php?resize=1&zoneid=33&target=_blank&cb=7', 'aria_label': None, 'class': ['tmiads'], 'id': 'a5559624', 'text': ''}, {'tag': 'iframe', 'src': 'https://ads.independent.com.mt/www/delivery/afr.php?zoneid=108&cb=3', 'aria_label': None, 'class': ['tmiads'], 'id': 'a8127595', 'text': ''}, {'tag': 'iframe', 'src': 'https://ads.independent.com.mt/www/delivery/afr.php?zoneid=105&cb=188', 'aria_label': None, 'class': ['tmiads'], 'id': 'a301feba', 'text': ''}, {'tag': 'iframe', 'src': 'https://ads.independent.com.mt/www/delivery/afr.php?resize=1&zoneid=19&target=_blank&cb=288', 'aria_label': None, 'class': ['tmiads'], 'id': 'a3f5f1e3', 'text': ''}, {'tag': 'iframe', 'src': 'https://ads.independent.com.mt/www/delivery/afr.php?zoneid=104&cb=107', 'aria_label': None, 'class': ['tmiads'], 'id': 'a7ef03f2', 'text': ''}, {'tag': 'iframe', 'src': 'https://ads.independent.com.mt/www/delivery/afr.php?zoneid=147&cb=276', 'aria_label': None, 'class': ['tmiads'], 'id': 'a65e2a3a', 'text': ''}, {'tag': 'iframe', 'src': 'https://ads.independent.com.mt/www/delivery/afr.php?resize=1&zoneid=18&target=_blank&cb=45', 'aria_label': None, 'class': ['tmiads'], 'id': 'afd0542d', 'text': ''}]",4,1,2,0.0035714285714285713,0,0,2,0,0,31,21,0.3,1,0,0,1,0.05,1,21,4,19.210526315789473,0,0,0,0,0,0,0,041,independent,news_listing
135,30,40,11,0,1,20,12,4772,746,16,7,"[{'tag': 'iframe', 'src': 'https://ads.independent.com.mt/www/delivery/afr.php?resize=1&zoneid=33&target=_blank&cb=7', 'aria_label': None, 'class': ['tmiads'], 'id': 'a5559624', 'text': ''}, {'tag': 'iframe', 'src': 'https://ads.independent.com.mt/www/delivery/afr.php?zoneid=108&cb=3', 'aria_label': None, 'class': ['tmiads'], 'id': 'a8127595', 'text': ''}, {'tag': 'iframe', 'src': 'https://ads.independent.com.mt/www/delivery/afr.php?zoneid=105&cb=188', 'aria_label': None, 'class': ['tmiads'], 'id': 'a301feba', 'text': ''}, {'tag': 'iframe', 'src': 'https://ads.independent.com.mt/www/delivery/afr.php?resize=1&zoneid=19&target=_blank&cb=288', 'aria_label': None, 'class': ['tmiads'], 'id': 'a3f5f1e3', 'text': ''}, {'tag': 'iframe', 'src': 'https://ads.independent.com.mt/www/delivery/afr.php?zoneid=104&cb=107', 'aria_label': None, 'class': ['tmiads'], 'id': 'a7ef03f2', 'text': ''}, {'tag': 'iframe', 'src': 'https://ads.independent.com.mt/www/delivery/afr.php?zoneid=147&cb=276', 'aria_label': None, 'class': ['tmiads'], 'id': 'a65e2a3a', 'text': ''}, {'tag': 'iframe', 'src': 'https://ads.independent.com.mt/www/delivery/afr.php?resize=1&zoneid=18&target=_blank&cb=45', 'aria_label': None, 'class': ['tmiads'], 'id': 'afd0542d', 'text': ''}]",4,1,2,0.0035714285714285713,0,0,2,0,0,31,21,0.3,1,0,0,1,0.05,1,21,4,19.210526315789473,0,0,0,0,0,0,0,042,independent,news_listing
135,30,40,11,0,1,20,12,4721,747,16,7,"[{'tag': 'iframe', 'src': 'https://ads.independent.com.mt/www/delivery/afr.php?resize=1&zoneid=33&target=_blank&cb=75', 'aria_label': None, 'class': ['tmiads'], 'id': 'a5559624', 'text': ''}, {'tag': 'iframe', 'src': 'https://ads.independent.com.mt/www/delivery/afr.php?zoneid=108&cb=243', 'aria_label': None, 'class': ['tmiads'], 'id': 'a8127595', 'text': ''}, {'tag': 'iframe', 'src': 'https://ads.independent.com.mt/www/delivery/afr.php?zoneid=105&cb=122', 'aria_label': None, 'class': ['tmiads'], 'id': 'a301feba', 'text': ''}, {'tag': 'iframe', 'src': 'https://ads.independent.com.mt/www/delivery/afr.php?resize=1&zoneid=19&target=_blank&cb=189', 'aria_label': None, 'class': ['tmiads'], 'id': 'a3f5f1e3', 'text': ''}, {'tag': 'iframe', 'src': 'https://ads.independent.com.mt/www/delivery/afr.php?zoneid=104&cb=148', 'aria_label': None, 'class': ['tmiads'], 'id': 'a7ef03f2', 'text': ''}, {'tag': 'iframe', 'src': 'https://ads.independent.com.mt/www/delivery/afr.php?zoneid=147&cb=150', 'aria_label': None, 'class': ['tmiads'], 'id': 'a65e2a3a', 'text': ''}, {'tag': 'iframe', 'src': 'https://ads.independent.com.mt/www/delivery/afr.php?resize=1&zoneid=18&target=_blank&cb=231', 'aria_label': None, 'class': ['tmiads'], 'id': 'afd0542d', 'text': ''}]",4,1,2,0.0035714285714285713,0,0,2,0,0,31,21,0.3,1,0,0,1,0.05,1,21,4,19.526315789473685,0,0,0,0,0,0,0,043,independent,news_listing
135,30,40,11,0,1,20,12,4721,747,16,7,"[{'tag': 'iframe', 'src': 'https://ads.independent.com.mt/www/delivery/afr.php?resize=1&zoneid=33&target=_blank&cb=75', 'aria_label': None, 'class': ['tmiads'], 'id': 'a5559624', 'text': ''}, {'tag': 'iframe', 'src': 'https://ads.independent.com.mt/www/delivery/afr.php?zoneid=108&cb=243', 'aria_label': None, 'class': ['tmiads'], 'id': 'a8127595', 'text': ''}, {'tag': 'iframe', 'src': 'https://ads.independent.com.mt/www/delivery/afr.php?zoneid=105&cb=122', 'aria_label': None, 'class': ['tmiads'], 'id': 'a301feba', 'text': ''}, {'tag': 'iframe', 'src': 'https://ads.independent.com.mt/www/delivery/afr.php?resize=1&zoneid=19&target=_blank&cb=189', 'aria_label': None, 'class': ['tmiads'], 'id': 'a3f5f1e3', 'text': ''}, {'tag': 'iframe', 'src': 'https://ads.independent.com.mt/www/delivery/afr.php?zoneid=104&cb=148', 'aria_label': None, 'class': ['tmiads'], 'id': 'a7ef03f2', 'text': ''}, {'tag': 'iframe', 'src': 'https://ads.independent.com.mt/www/delivery/afr.php?zoneid=147&cb=150', 'aria_label': None, 'class': ['tmiads'], 'id': 'a65e2a3a', 'text': ''}, {'tag': 'iframe', 'src': 'https://ads.independent.com.mt/www/delivery/afr.php?resize=1&zoneid=18&target=_blank&cb=231', 'aria_label': None, 'class': ['tmiads'], 'id': 'afd0542d', 'text': ''}]",4,1,2,0.0035714285714285713,0,0,2,0,0,31,21,0.3,1,0,0,1,0.05,1,21,4,19.526315789473685,0,0,0,0,0,0,0,044,independent,news_listing
135,30,40,11,0,1,20,12,4721,747,16,7,"[{'tag': 'iframe', 'src': 'https://ads.independent.com.mt/www/delivery/afr.php?resize=1&zoneid=33&target=_blank&cb=75', 'aria_label': None, 'class': ['tmiads'], 'id': 'a5559624', 'text': ''}, {'tag': 'iframe', 'src': 'https://ads.independent.com.mt/www/delivery/afr.php?zoneid=108&cb=243', 'aria_label': None, 'class': ['tmiads'], 'id': 'a8127595', 'text': ''}, {'tag': 'iframe', 'src': 'https://ads.independent.com.mt/www/delivery/afr.php?zoneid=105&cb=122', 'aria_label': None, 'class': ['tmiads'], 'id': 'a301feba', 'text': ''}, {'tag': 'iframe', 'src': 'https://ads.independent.com.mt/www/delivery/afr.php?resize=1&zoneid=19&target=_blank&cb=189', 'aria_label': None, 'class': ['tmiads'], 'id': 'a3f5f1e3', 'text': ''}, {'tag': 'iframe', 'src': 'https://ads.independent.com.mt/www/delivery/afr.php?zoneid=104&cb=148', 'aria_label': None, 'class': ['tmiads'], 'id': 'a7ef03f2', 'text': ''}, {'tag': 'iframe', 'src': 'https://ads.independent.com.mt/www/delivery/afr.php?zoneid=147&cb=150', 'aria_label': None, 'class': ['tmiads'], 'id': 'a65e2a3a', 'text': ''}, {'tag': 'iframe', 'src': 'https://ads.independent.com.mt/www/delivery/afr.php?resize=1&zoneid=18&target=_blank&cb=231', 'aria_label': None, 'class': ['tmiads'], 'id': 'afd0542d', 'text': ''}]",4,1,2,0.0035714285714285713,0,0,2,0,0,31,21,0.3,1,0,0,1,0.05,1,21,4,19.526315789473685,0,0,0,0,0,0,0,045,independent,news_listing
135,30,40,11,0,1,20,12,4721,747,16,7,"[{'tag': 'iframe', 'src': 'https://ads.independent.com.mt/www/delivery/afr.php?resize=1&zoneid=33&target=_blank&cb=75', 'aria_label': None, 'class': ['tmiads'], 'id': 'a5559624', 'text': ''}, {'tag': 'iframe', 'src': 'https://ads.independent.com.mt/www/delivery/afr.php?zoneid=108&cb=243', 'aria_label': None, 'class': ['tmiads'], 'id': 'a8127595', 'text': ''}, {'tag': 'iframe', 'src': 'https://ads.independent.com.mt/www/delivery/afr.php?zoneid=105&cb=122', 'aria_label': None, 'class': ['tmiads'], 'id': 'a301feba', 'text': ''}, {'tag': 'iframe', 'src': 'https://ads.independent.com.mt/www/delivery/afr.php?resize=1&zoneid=19&target=_blank&cb=189', 'aria_label': None, 'class': ['tmiads'], 'id': 'a3f5f1e3', 'text': ''}, {'tag': 'iframe', 'src': 'https://ads.independent.com.mt/www/delivery/afr.php?zoneid=104&cb=148', 'aria_label': None, 'class': ['tmiads'], 'id': 'a7ef03f2', 'text': ''}, {'tag': 'iframe', 'src': 'https://ads.independent.com.mt/www/delivery/afr.php?zoneid=147&cb=150', 'aria_label': None, 'class': ['tmiads'], 'id': 'a65e2a3a', 'text': ''}, {'tag': 'iframe', 'src': 'https://ads.independent.com.mt/www/delivery/afr.php?resize=1&zoneid=18&target=_blank&cb=231', 'aria_label': None, 'class': ['tmiads'], 'id': 'afd0542d', 'text': ''}]",4,1,2,0.0035714285714285713,0,0,2,0,0,31,21,0.3,1,0,0,1,0.05,1,21,4,19.526315789473685,0,0,0,0,0,0,0,046,independent,news_listing
135,30,40,11,0,1,20,12,4721,747,16,7,"[{'tag': 'iframe', 'src': 'https://ads.independent.com.mt/www/delivery/afr.php?resize=1&zoneid=33&target=_blank&cb=75', 'aria_label': None, 'class': ['tmiads'], 'id': 'a5559624', 'text': ''}, {'tag': 'iframe', 'src': 'https://ads.independent.com.mt/www/delivery/afr.php?zoneid=108&cb=243', 'aria_label': None, 'class': ['tmiads'], 'id': 'a8127595', 'text': ''}, {'tag': 'iframe', 'src': 'https://ads.independent.com.mt/www/delivery/afr.php?zoneid=105&cb=122', 'aria_label': None, 'class': ['tmiads'], 'id': 'a301feba', 'text': ''}, {'tag': 'iframe', 'src': 'https://ads.independent.com.mt/www/delivery/afr.php?resize=1&zoneid=19&target=_blank&cb=189', 'aria_label': None, 'class': ['tmiads'], 'id': 'a3f5f1e3', 'text': ''}, {'tag': 'iframe', 'src': 'https://ads.independent.com.mt/www/delivery/afr.php?zoneid=104&cb=148', 'aria_label': None, 'class': ['tmiads'], 'id': 'a7ef03f2', 'text': ''}, {'tag': 'iframe', 'src': 'https://ads.independent.com.mt/www/delivery/afr.php?zoneid=147&cb=150', 'aria_label': None, 'class': ['tmiads'], 'id': 'a65e2a3a', 'text': ''}, {'tag': 'iframe', 'src': 'https://ads.independent.com.mt/www/delivery/afr.php?resize=1&zoneid=18&target=_blank&cb=231', 'aria_label': None, 'class': ['tmiads'], 'id': 'afd0542d', 'text': ''}]",4,1,2,0.0035714285714285713,0,0,2,0,0,31,21,0.3,1,0,0,1,0.05,1,21,4,19.526315789473685,0,0,0,0,0,0,0,047,independent,news_listing
135,30,40,11,0,1,20,12,4721,747,16,7,"[{'tag': 'iframe', 'src': 'https://ads.independent.com.mt/www/delivery/afr.php?resize=1&zoneid=33&target=_blank&cb=75', 'aria_label': None, 'class': ['tmiads'], 'id': 'a5559624', 'text': ''}, {'tag': 'iframe', 'src': 'https://ads.independent.com.mt/www/delivery/afr.php?zoneid=108&cb=243', 'aria_label': None, 'class': ['tmiads'], 'id': 'a8127595', 'text': ''}, {'tag': 'iframe', 'src': 'https://ads.independent.com.mt/www/delivery/afr.php?zoneid=105&cb=122', 'aria_label': None, 'class': ['tmiads'], 'id': 'a301feba', 'text': ''}, {'tag': 'iframe', 'src': 'https://ads.independent.com.mt/www/delivery/afr.php?resize=1&zoneid=19&target=_blank&cb=189', 'aria_label': None, 'class': ['tmiads'], 'id': 'a3f5f1e3', 'text': ''}, {'tag': 'iframe', 'src': 'https://ads.independent.com.mt/www/delivery/afr.php?zoneid=104&cb=148', 'aria_label': None, 'class': ['tmiads'], 'id': 'a7ef03f2', 'text': ''}, {'tag': 'iframe', 'src': 'https://ads.independent.com.mt/www/delivery/afr.php?zoneid=147&cb=150', 'aria_label': None, 'class': ['tmiads'], 'id': 'a65e2a3a', 'text': ''}, {'tag': 'iframe', 'src': 'https://ads.independent.com.mt/www/delivery/afr.php?resize=1&zoneid=18&target=_blank&cb=231', 'aria_label': None, 'class': ['tmiads'], 'id': 'afd0542d', 'text': ''}]",4,1,2,0.0035714285714285713,0,0,2,0,0,31,21,0.3,1,0,0,1,0.05,1,21,4,19.526315789473685,0,0,0,0,0,0,0,048,independent,news_listing
135,30,40,11,0,1,20,12,4721,747,16,7,"[{'tag': 'iframe', 'src': 'https://ads.independent.com.mt/www/delivery/afr.php?resize=1&zoneid=33&target=_blank&cb=75', 'aria_label': None, 'class': ['tmiads'], 'id': 'a5559624', 'text': ''}, {'tag': 'iframe', 'src': 'https://ads.independent.com.mt/www/delivery/afr.php?zoneid=108&cb=243', 'aria_label': None, 'class': ['tmiads'], 'id': 'a8127595', 'text': ''}, {'tag': 'iframe', 'src': 'https://ads.independent.com.mt/www/delivery/afr.php?zoneid=105&cb=122', 'aria_label': None, 'class': ['tmiads'], 'id': 'a301feba', 'text': ''}, {'tag': 'iframe', 'src': 'https://ads.independent.com.mt/www/delivery/afr.php?resize=1&zoneid=19&target=_blank&cb=189', 'aria_label': None, 'class': ['tmiads'], 'id': 'a3f5f1e3', 'text': ''}, {'tag': 'iframe', 'src': 'https://ads.independent.com.mt/www/delivery/afr.php?zoneid=104&cb=148', 'aria_label': None, 'class': ['tmiads'], 'id': 'a7ef03f2', 'text': ''}, {'tag': 'iframe', 'src': 'https://ads.independent.com.mt/www/delivery/afr.php?zoneid=147&cb=150', 'aria_label': None, 'class': ['tmiads'], 'id': 'a65e2a3a', 'text': ''}, {'tag': 'iframe', 'src': 'https://ads.independent.com.mt/www/delivery/afr.php?resize=1&zoneid=18&target=_blank&cb=231', 'aria_label': None, 'class': ['tmiads'], 'id': 'afd0542d', 'text': ''}]",4,1,2,0.0035714285714285713,0,0,2,0,0,31,21,0.3,1,0,0,1,0.05,1,21,4,19.526315789473685,0,0,0,0,0,0,0,049,independent,news_listing
135,30,40,11,0,1,20,12,4785,756,16,7,"[{'tag': 'iframe', 'src': 'https://ads.independent.com.mt/www/delivery/afr.php?resize=1&zoneid=33&target=_blank&cb=91', 'aria_label': None, 'class': ['tmiads'], 'id': 'a5559624', 'text': ''}, {'tag': 'iframe', 'src': 'https://ads.independent.com.mt/www/delivery/afr.php?zoneid=108&cb=83', 'aria_label': None, 'class': ['tmiads'], 'id': 'a8127595', 'text': ''}, {'tag': 'iframe', 'src': 'https://ads.independent.com.mt/www/delivery/afr.php?zoneid=105&cb=222', 'aria_label': None, 'class': ['tmiads'], 'id': 'a301feba', 'text': ''}, {'tag': 'iframe', 'src': 'https://ads.independent.com.mt/www/delivery/afr.php?resize=1&zoneid=19&target=_blank&cb=66', 'aria_label': None, 'class': ['tmiads'], 'id': 'a3f5f1e3', 'text': ''}, {'tag': 'iframe', 'src': 'https://ads.independent.com.mt/www/delivery/afr.php?zoneid=104&cb=116', 'aria_label': None, 'class': ['tmiads'], 'id': 'a7ef03f2', 'text': ''}, {'tag': 'iframe', 'src': 'https://ads.independent.com.mt/www/delivery/afr.php?zoneid=147&cb=152', 'aria_label': None, 'class': ['tmiads'], 'id': 'a65e2a3a', 'text': ''}, {'tag': 'iframe', 'src': 'https://ads.independent.com.mt/www/delivery/afr.php?resize=1&zoneid=18&target=_blank&cb=51', 'aria_label': None, 'class': ['tmiads'], 'id': 'afd0542d', 'text': ''}]",4,1,2,0.003552397868561279,0,0,2,0,0,31,21,0.3,1,0,0,1,0.0497335701598579,1,21,4,19.63157894736842,0,0,0,0,0,0,0,050,independent,news_listing
135,30,40,11,0,1,20,12,4785,756,16,7,"[{'tag': 'iframe', 'src': 'https://ads.independent.com.mt/www/delivery/afr.php?resize=1&zoneid=33&target=_blank&cb=91', 'aria_label': None, 'class': ['tmiads'], 'id': 'a5559624', 'text': ''}, {'tag': 'iframe', 'src': 'https://ads.independent.com.mt/www/delivery/afr.php?zoneid=108&cb=83', 'aria_label': None, 'class': ['tmiads'], 'id': 'a8127595', 'text': ''}, {'tag': 'iframe', 'src': 'https://ads.independent.com.mt/www/delivery/afr.php?zoneid=105&cb=222', 'aria_label': None, 'class': ['tmiads'], 'id': 'a301feba', 'text': ''}, {'tag': 'iframe', 'src': 'https://ads.independent.com.mt/www/delivery/afr.php?resize=1&zoneid=19&target=_blank&cb=66', 'aria_label': None, 'class': ['tmiads'], 'id': 'a3f5f1e3', 'text': ''}, {'tag': 'iframe', 'src': 'https://ads.independent.com.mt/www/delivery/afr.php?zoneid=104&cb=116', 'aria_label': None, 'class': ['tmiads'], 'id': 'a7ef03f2', 'text': ''}, {'tag': 'iframe', 'src': 'https://ads.independent.com.mt/www/delivery/afr.php?zoneid=147&cb=152', 'aria_label': None, 'class': ['tmiads'], 'id': 'a65e2a3a', 'text': ''}, {'tag': 'iframe', 'src': 'https://ads.independent.com.mt/www/delivery/afr.php?resize=1&zoneid=18&target=_blank&cb=51', 'aria_label': None, 'class': ['tmiads'], 'id': 'afd0542d', 'text': ''}]",4,1,2,0.003552397868561279,0,0,2,0,0,31,21,0.3,1,0,0,1,0.0497335701598579,1,21,4,19.63157894736842,0,0,0,0,0,0,0,051,independent,news_listing
135,30,40,11,0,1,20,12,4785,756,16,7,"[{'tag': 'iframe', 'src': 'https://ads.independent.com.mt/www/delivery/afr.php?resize=1&zoneid=33&target=_blank&cb=91', 'aria_label': None, 'class': ['tmiads'], 'id': 'a5559624', 'text': ''}, {'tag': 'iframe', 'src': 'https://ads.independent.com.mt/www/delivery/afr.php?zoneid=108&cb=83', 'aria_label': None, 'class': ['tmiads'], 'id': 'a8127595', 'text': ''}, {'tag': 'iframe', 'src': 'https://ads.independent.com.mt/www/delivery/afr.php?zoneid=105&cb=222', 'aria_label': None, 'class': ['tmiads'], 'id': 'a301feba', 'text': ''}, {'tag': 'iframe', 'src': 'https://ads.independent.com.mt/www/delivery/afr.php?resize=1&zoneid=19&target=_blank&cb=66', 'aria_label': None, 'class': ['tmiads'], 'id': 'a3f5f1e3', 'text': ''}, {'tag': 'iframe', 'src': 'https://ads.independent.com.mt/www/delivery/afr.php?zoneid=104&cb=116', 'aria_label': None, 'class': ['tmiads'], 'id': 'a7ef03f2', 'text': ''}, {'tag': 'iframe', 'src': 'https://ads.independent.com.mt/www/delivery/afr.php?zoneid=147&cb=152', 'aria_label': None, 'class': ['tmiads'], 'id': 'a65e2a3a', 'text': ''}, {'tag': 'iframe', 'src': 'https://ads.independent.com.mt/www/delivery/afr.php?resize=1&zoneid=18&target=_blank&cb=51', 'aria_label': None, 'class': ['tmiads'], 'id': 'afd0542d', 'text': ''}]",4,1,2,0.003552397868561279,0,0,2,0,0,31,21,0.3,1,0,0,1,0.0497335701598579,1,21,4,19.63157894736842,0,0,0,0,0,0,0,052,independent,news_listing
135,30,40,11,0,1,20,12,4785,756,16,7,"[{'tag': 'iframe', 'src': 'https://ads.independent.com.mt/www/delivery/afr.php?resize=1&zoneid=33&target=_blank&cb=91', 'aria_label': None, 'class': ['tmiads'], 'id': 'a5559624', 'text': ''}, {'tag': 'iframe', 'src': 'https://ads.independent.com.mt/www/delivery/afr.php?zoneid=108&cb=83', 'aria_label': None, 'class': ['tmiads'], 'id': 'a8127595', 'text': ''}, {'tag': 'iframe', 'src': 'https://ads.independent.com.mt/www/delivery/afr.php?zoneid=105&cb=222', 'aria_label': None, 'class': ['tmiads'], 'id': 'a301feba', 'text': ''}, {'tag': 'iframe', 'src': 'https://ads.independent.com.mt/www/delivery/afr.php?resize=1&zoneid=19&target=_blank&cb=66', 'aria_label': None, 'class': ['tmiads'], 'id': 'a3f5f1e3', 'text': ''}, {'tag': 'iframe', 'src': 'https://ads.independent.com.mt/www/delivery/afr.php?zoneid=104&cb=116', 'aria_label': None, 'class': ['tmiads'], 'id': 'a7ef03f2', 'text': ''}, {'tag': 'iframe', 'src': 'https://ads.independent.com.mt/www/delivery/afr.php?zoneid=147&cb=152', 'aria_label': None, 'class': ['tmiads'], 'id': 'a65e2a3a', 'text': ''}, {'tag': 'iframe', 'src': 'https://ads.independent.com.mt/www/delivery/afr.php?resize=1&zoneid=18&target=_blank&cb=51', 'aria_label': None, 'class': ['tmiads'], 'id': 'afd0542d', 'text': ''}]",4,1,2,0.003552397868561279,0,0,2,0,0,31,21,0.3,1,0,0,1,0.0497335701598579,1,21,4,19.63157894736842,0,0,0,0,0,0,0,053,independent,news_listing
135,30,40,11,0,1,20,12,4785,756,16,7,"[{'tag': 'iframe', 'src': 'https://ads.independent.com.mt/www/delivery/afr.php?resize=1&zoneid=33&target=_blank&cb=91', 'aria_label': None, 'class': ['tmiads'], 'id': 'a5559624', 'text': ''}, {'tag': 'iframe', 'src': 'https://ads.independent.com.mt/www/delivery/afr.php?zoneid=108&cb=83', 'aria_label': None, 'class': ['tmiads'], 'id': 'a8127595', 'text': ''}, {'tag': 'iframe', 'src': 'https://ads.independent.com.mt/www/delivery/afr.php?zoneid=105&cb=222', 'aria_label': None, 'class': ['tmiads'], 'id': 'a301feba', 'text': ''}, {'tag': 'iframe', 'src': 'https://ads.independent.com.mt/www/delivery/afr.php?resize=1&zoneid=19&target=_blank&cb=66', 'aria_label': None, 'class': ['tmiads'], 'id': 'a3f5f1e3', 'text': ''}, {'tag': 'iframe', 'src': 'https://ads.independent.com.mt/www/delivery/afr.php?zoneid=104&cb=116', 'aria_label': None, 'class': ['tmiads'], 'id': 'a7ef03f2', 'text': ''}, {'tag': 'iframe', 'src': 'https://ads.independent.com.mt/www/delivery/afr.php?zoneid=147&cb=152', 'aria_label': None, 'class': ['tmiads'], 'id': 'a65e2a3a', 'text': ''}, {'tag': 'iframe', 'src': 'https://ads.independent.com.mt/www/delivery/afr.php?resize=1&zoneid=18&target=_blank&cb=51', 'aria_label': None, 'class': ['tmiads'], 'id': 'afd0542d', 'text': ''}]",4,1,2,0.003552397868561279,0,0,2,0,0,31,21,0.3,1,0,0,1,0.0497335701598579,1,21,4,19.63157894736842,0,0,0,0,0,0,0,054,independent,news_listing
135,30,40,11,0,1,20,12,4785,756,16,7,"[{'tag': 'iframe', 'src': 'https://ads.independent.com.mt/www/delivery/afr.php?resize=1&zoneid=33&target=_blank&cb=91', 'aria_label': None, 'class': ['tmiads'], 'id': 'a5559624', 'text': ''}, {'tag': 'iframe', 'src': 'https://ads.independent.com.mt/www/delivery/afr.php?zoneid=108&cb=83', 'aria_label': None, 'class': ['tmiads'], 'id': 'a8127595', 'text': ''}, {'tag': 'iframe', 'src': 'https://ads.independent.com.mt/www/delivery/afr.php?zoneid=105&cb=222', 'aria_label': None, 'class': ['tmiads'], 'id': 'a301feba', 'text': ''}, {'tag': 'iframe', 'src': 'https://ads.independent.com.mt/www/delivery/afr.php?resize=1&zoneid=19&target=_blank&cb=66', 'aria_label': None, 'class': ['tmiads'], 'id': 'a3f5f1e3', 'text': ''}, {'tag': 'iframe', 'src': 'https://ads.independent.com.mt/www/delivery/afr.php?zoneid=104&cb=116', 'aria_label': None, 'class': ['tmiads'], 'id': 'a7ef03f2', 'text': ''}, {'tag': 'iframe', 'src': 'https://ads.independent.com.mt/www/delivery/afr.php?zoneid=147&cb=152', 'aria_label': None, 'class': ['tmiads'], 'id': 'a65e2a3a', 'text': ''}, {'tag': 'iframe', 'src': 'https://ads.independent.com.mt/www/delivery/afr.php?resize=1&zoneid=18&target=_blank&cb=51', 'aria_label': None, 'class': ['tmiads'], 'id': 'afd0542d', 'text': ''}]",4,1,2,0.003552397868561279,0,0,2,0,0,31,21,0.3,1,0,0,1,0.0497335701598579,1,21,4,19.63157894736842,0,0,0,0,0,0,0,055,independent,news_listing
135,30,40,11,0,1,20,12,4785,756,16,7,"[{'tag': 'iframe', 'src': 'https://ads.independent.com.mt/www/delivery/afr.php?resize=1&zoneid=33&target=_blank&cb=91', 'aria_label': None, 'class': ['tmiads'], 'id': 'a5559624', 'text': ''}, {'tag': 'iframe', 'src': 'https://ads.independent.com.mt/www/delivery/afr.php?zoneid=108&cb=83', 'aria_label': None, 'class': ['tmiads'], 'id': 'a8127595', 'text': ''}, {'tag': 'iframe', 'src': 'https://ads.independent.com.mt/www/delivery/afr.php?zoneid=105&cb=222', 'aria_label': None, 'class': ['tmiads'], 'id': 'a301feba', 'text': ''}, {'tag': 'iframe', 'src': 'https://ads.independent.com.mt/www/delivery/afr.php?resize=1&zoneid=19&target=_blank&cb=66', 'aria_label': None, 'class': ['tmiads'], 'id': 'a3f5f1e3', 'text': ''}, {'tag': 'iframe', 'src': 'https://ads.independent.com.mt/www/delivery/afr.php?zoneid=104&cb=116', 'aria_label': None, 'class': ['tmiads'], 'id': 'a7ef03f2', 'text': ''}, {'tag': 'iframe', 'src': 'https://ads.independent.com.mt/www/delivery/afr.php?zoneid=147&cb=152', 'aria_label': None, 'class': ['tmiads'], 'id': 'a65e2a3a', 'text': ''}, {'tag': 'iframe', 'src': 'https://ads.independent.com.mt/www/delivery/afr.php?resize=1&zoneid=18&target=_blank&cb=51', 'aria_label': None, 'class': ['tmiads'], 'id': 'afd0542d', 'text': ''}]",4,1,2,0.003552397868561279,0,0,2,0,0,31,21,0.3,1,0,0,1,0.0497335701598579,1,21,4,19.63157894736842,0,0,0,0,0,0,0,056,independent,news_listing
135,30,40,11,0,1,20,12,4785,756,16,7,"[{'tag': 'iframe', 'src': 'https://ads.independent.com.mt/www/delivery/afr.php?resize=1&zoneid=33&target=_blank&cb=91', 'aria_label': None, 'class': ['tmiads'], 'id': 'a5559624', 'text': ''}, {'tag': 'iframe', 'src': 'https://ads.independent.com.mt/www/delivery/afr.php?zoneid=108&cb=83', 'aria_label': None, 'class': ['tmiads'], 'id': 'a8127595', 'text': ''}, {'tag': 'iframe', 'src': 'https://ads.independent.com.mt/www/delivery/afr.php?zoneid=105&cb=222', 'aria_label': None, 'class': ['tmiads'], 'id': 'a301feba', 'text': ''}, {'tag': 'iframe', 'src': 'https://ads.independent.com.mt/www/delivery/afr.php?resize=1&zoneid=19&target=_blank&cb=66', 'aria_label': None, 'class': ['tmiads'], 'id': 'a3f5f1e3', 'text': ''}, {'tag': 'iframe', 'src': 'https://ads.independent.com.mt/www/delivery/afr.php?zoneid=104&cb=116', 'aria_label': None, 'class': ['tmiads'], 'id': 'a7ef03f2', 'text': ''}, {'tag': 'iframe', 'src': 'https://ads.independent.com.mt/www/delivery/afr.php?zoneid=147&cb=152', 'aria_label': None, 'class': ['tmiads'], 'id': 'a65e2a3a', 'text': ''}, {'tag': 'iframe', 'src': 'https://ads.independent.com.mt/www/delivery/afr.php?resize=1&zoneid=18&target=_blank&cb=51', 'aria_label': None, 'class': ['tmiads'], 'id': 'afd0542d', 'text': ''}]",4,1,2,0.003552397868561279,0,0,2,0,0,31,21,0.3,1,0,0,1,0.0497335701598579,1,21,4,19.63157894736842,0,0,0,0,0,0,0,057,independent,news_listing
135,30,40,11,0,1,20,12,4967,762,16,7,"[{'tag': 'iframe', 'src': 'https://ads.independent.com.mt/www/delivery/afr.php?resize=1&zoneid=33&target=_blank&cb=226', 'aria_label': None, 'class': ['tmiads'], 'id': 'a5559624', 'text': ''}, {'tag': 'iframe', 'src': 'https://ads.independent.com.mt/www/delivery/afr.php?zoneid=108&cb=199', 'aria_label': None, 'class': ['tmiads'], 'id': 'a8127595', 'text': ''}, {'tag': 'iframe', 'src': 'https://ads.independent.com.mt/www/delivery/afr.php?zoneid=105&cb=250', 'aria_label': None, 'class': ['tmiads'], 'id': 'a301feba', 'text': ''}, {'tag': 'iframe', 'src': 'https://ads.independent.com.mt/www/delivery/afr.php?resize=1&zoneid=19&target=_blank&cb=258', 'aria_label': None, 'class': ['tmiads'], 'id': 'a3f5f1e3', 'text': ''}, {'tag': 'iframe', 'src': 'https://ads.independent.com.mt/www/delivery/afr.php?zoneid=104&cb=17', 'aria_label': None, 'class': ['tmiads'], 'id': 'a7ef03f2', 'text': ''}, {'tag': 'iframe', 'src': 'https://ads.independent.com.mt/www/delivery/afr.php?zoneid=147&cb=245', 'aria_label': None, 'class': ['tmiads'], 'id': 'a65e2a3a', 'text': ''}, {'tag': 'iframe', 'src': 'https://ads.independent.com.mt/www/delivery/afr.php?resize=1&zoneid=18&target=_blank&cb=264', 'aria_label': None, 'class': ['tmiads'], 'id': 'afd0542d', 'text': ''}]",4,1,2,0.0035398230088495575,0,0,2,0,0,31,21,0.3,1,0,0,1,0.049557522123893805,1,21,4,18.36842105263158,0,0,0,0,0,0,0,058,independent,news_listing
135,30,40,11,0,1,20,12,4967,762,16,7,"[{'tag': 'iframe', 'src': 'https://ads.independent.com.mt/www/delivery/afr.php?resize=1&zoneid=33&target=_blank&cb=226', 'aria_label': None, 'class': ['tmiads'], 'id': 'a5559624', 'text': ''}, {'tag': 'iframe', 'src': 'https://ads.independent.com.mt/www/delivery/afr.php?zoneid=108&cb=199', 'aria_label': None, 'class': ['tmiads'], 'id': 'a8127595', 'text': ''}, {'tag': 'iframe', 'src': 'https://ads.independent.com.mt/www/delivery/afr.php?zoneid=105&cb=250', 'aria_label': None, 'class': ['tmiads'], 'id': 'a301feba', 'text': ''}, {'tag': 'iframe', 'src': 'https://ads.independent.com.mt/www/delivery/afr.php?resize=1&zoneid=19&target=_blank&cb=258', 'aria_label': None, 'class': ['tmiads'], 'id': 'a3f5f1e3', 'text': ''}, {'tag': 'iframe', 'src': 'https://ads.independent.com.mt/www/delivery/afr.php?zoneid=104&cb=17', 'aria_label': None, 'class': ['tmiads'], 'id': 'a7ef03f2', 'text': ''}, {'tag': 'iframe', 'src': 'https://ads.independent.com.mt/www/delivery/afr.php?zoneid=147&cb=245', 'aria_label': None, 'class': ['tmiads'], 'id': 'a65e2a3a', 'text': ''}, {'tag': 'iframe', 'src': 'https://ads.independent.com.mt/www/delivery/afr.php?resize=1&zoneid=18&target=_blank&cb=264', 'aria_label': None, 'class': ['tmiads'], 'id': 'afd0542d', 'text': ''}]",4,1,2,0.0035398230088495575,0,0,2,0,0,31,21,0.3,1,0,0,1,0.049557522123893805,1,21,4,18.36842105263158,0,0,0,0,0,0,0,059,independent,news_listing
135,30,40,11,0,1,20,12,4967,762,16,7,"[{'tag': 'iframe', 'src': 'https://ads.independent.com.mt/www/delivery/afr.php?resize=1&zoneid=33&target=_blank&cb=226', 'aria_label': None, 'class': ['tmiads'], 'id': 'a5559624', 'text': ''}, {'tag': 'iframe', 'src': 'https://ads.independent.com.mt/www/delivery/afr.php?zoneid=108&cb=199', 'aria_label': None, 'class': ['tmiads'], 'id': 'a8127595', 'text': ''}, {'tag': 'iframe', 'src': 'https://ads.independent.com.mt/www/delivery/afr.php?zoneid=105&cb=250', 'aria_label': None, 'class': ['tmiads'], 'id': 'a301feba', 'text': ''}, {'tag': 'iframe', 'src': 'https://ads.independent.com.mt/www/delivery/afr.php?resize=1&zoneid=19&target=_blank&cb=258', 'aria_label': None, 'class': ['tmiads'], 'id': 'a3f5f1e3', 'text': ''}, {'tag': 'iframe', 'src': 'https://ads.independent.com.mt/www/delivery/afr.php?zoneid=104&cb=17', 'aria_label': None, 'class': ['tmiads'], 'id': 'a7ef03f2', 'text': ''}, {'tag': 'iframe', 'src': 'https://ads.independent.com.mt/www/delivery/afr.php?zoneid=147&cb=245', 'aria_label': None, 'class': ['tmiads'], 'id': 'a65e2a3a', 'text': ''}, {'tag': 'iframe', 'src': 'https://ads.independent.com.mt/www/delivery/afr.php?resize=1&zoneid=18&target=_blank&cb=264', 'aria_label': None, 'class': ['tmiads'], 'id': 'afd0542d', 'text': ''}]",4,1,2,0.0035398230088495575,0,0,2,0,0,31,21,0.3,1,0,0,1,0.049557522123893805,1,21,4,18.36842105263158,0,0,0,0,0,0,0,060,independent,news_listing
135,30,40,11,0,1,20,12,4967,762,16,7,"[{'tag': 'iframe', 'src': 'https://ads.independent.com.mt/www/delivery/afr.php?resize=1&zoneid=33&target=_blank&cb=226', 'aria_label': None, 'class': ['tmiads'], 'id': 'a5559624', 'text': ''}, {'tag': 'iframe', 'src': 'https://ads.independent.com.mt/www/delivery/afr.php?zoneid=108&cb=199', 'aria_label': None, 'class': ['tmiads'], 'id': 'a8127595', 'text': ''}, {'tag': 'iframe', 'src': 'https://ads.independent.com.mt/www/delivery/afr.php?zoneid=105&cb=250', 'aria_label': None, 'class': ['tmiads'], 'id': 'a301feba', 'text': ''}, {'tag': 'iframe', 'src': 'https://ads.independent.com.mt/www/delivery/afr.php?resize=1&zoneid=19&target=_blank&cb=258', 'aria_label': None, 'class': ['tmiads'], 'id': 'a3f5f1e3', 'text': ''}, {'tag': 'iframe', 'src': 'https://ads.independent.com.mt/www/delivery/afr.php?zoneid=104&cb=17', 'aria_label': None, 'class': ['tmiads'], 'id': 'a7ef03f2', 'text': ''}, {'tag': 'iframe', 'src': 'https://ads.independent.com.mt/www/delivery/afr.php?zoneid=147&cb=245', 'aria_label': None, 'class': ['tmiads'], 'id': 'a65e2a3a', 'text': ''}, {'tag': 'iframe', 'src': 'https://ads.independent.com.mt/www/delivery/afr.php?resize=1&zoneid=18&target=_blank&cb=264', 'aria_label': None, 'class': ['tmiads'], 'id': 'afd0542d', 'text': ''}]",4,1,2,0.0035398230088495575,0,0,2,0,0,31,21,0.3,1,0,0,1,0.049557522123893805,1,21,4,18.36842105263158,0,0,0,0,0,0,0,061,independent,news_listing
135,30,40,11,0,1,20,12,4967,762,16,7,"[{'tag': 'iframe', 'src': 'https://ads.independent.com.mt/www/delivery/afr.php?resize=1&zoneid=33&target=_blank&cb=226', 'aria_label': None, 'class': ['tmiads'], 'id': 'a5559624', 'text': ''}, {'tag': 'iframe', 'src': 'https://ads.independent.com.mt/www/delivery/afr.php?zoneid=108&cb=199', 'aria_label': None, 'class': ['tmiads'], 'id': 'a8127595', 'text': ''}, {'tag': 'iframe', 'src': 'https://ads.independent.com.mt/www/delivery/afr.php?zoneid=105&cb=250', 'aria_label': None, 'class': ['tmiads'], 'id': 'a301feba', 'text': ''}, {'tag': 'iframe', 'src': 'https://ads.independent.com.mt/www/delivery/afr.php?resize=1&zoneid=19&target=_blank&cb=258', 'aria_label': None, 'class': ['tmiads'], 'id': 'a3f5f1e3', 'text': ''}, {'tag': 'iframe', 'src': 'https://ads.independent.com.mt/www/delivery/afr.php?zoneid=104&cb=17', 'aria_label': None, 'class': ['tmiads'], 'id': 'a7ef03f2', 'text': ''}, {'tag': 'iframe', 'src': 'https://ads.independent.com.mt/www/delivery/afr.php?zoneid=147&cb=245', 'aria_label': None, 'class': ['tmiads'], 'id': 'a65e2a3a', 'text': ''}, {'tag': 'iframe', 'src': 'https://ads.independent.com.mt/www/delivery/afr.php?resize=1&zoneid=18&target=_blank&cb=264', 'aria_label': None, 'class': ['tmiads'], 'id': 'afd0542d', 'text': ''}]",4,1,2,0.0035398230088495575,0,0,2,0,0,31,21,0.3,1,0,0,1,0.049557522123893805,1,21,4,18.36842105263158,0,0,0,0,0,0,0,062,independent,news_listing
135,30,40,11,0,1,20,12,4967,762,16,7,"[{'tag': 'iframe', 'src': 'https://ads.independent.com.mt/www/delivery/afr.php?resize=1&zoneid=33&target=_blank&cb=226', 'aria_label': None, 'class': ['tmiads'], 'id': 'a5559624', 'text': ''}, {'tag': 'iframe', 'src': 'https://ads.independent.com.mt/www/delivery/afr.php?zoneid=108&cb=199', 'aria_label': None, 'class': ['tmiads'], 'id': 'a8127595', 'text': ''}, {'tag': 'iframe', 'src': 'https://ads.independent.com.mt/www/delivery/afr.php?zoneid=105&cb=250', 'aria_label': None, 'class': ['tmiads'], 'id': 'a301feba', 'text': ''}, {'tag': 'iframe', 'src': 'https://ads.independent.com.mt/www/delivery/afr.php?resize=1&zoneid=19&target=_blank&cb=258', 'aria_label': None, 'class': ['tmiads'], 'id': 'a3f5f1e3', 'text': ''}, {'tag': 'iframe', 'src': 'https://ads.independent.com.mt/www/delivery/afr.php?zoneid=104&cb=17', 'aria_label': None, 'class': ['tmiads'], 'id': 'a7ef03f2', 'text': ''}, {'tag': 'iframe', 'src': 'https://ads.independent.com.mt/www/delivery/afr.php?zoneid=147&cb=245', 'aria_label': None, 'class': ['tmiads'], 'id': 'a65e2a3a', 'text': ''}, {'tag': 'iframe', 'src': 'https://ads.independent.com.mt/www/delivery/afr.php?resize=1&zoneid=18&target=_blank&cb=264', 'aria_label': None, 'class': ['tmiads'], 'id': 'afd0542d', 'text': ''}]",4,1,2,0.0035398230088495575,0,0,2,0,0,31,21,0.3,1,0,0,1,0.049557522123893805,1,21,4,18.36842105263158,0,0,0,0,0,0,0,063,independent,news_listing
135,30,40,11,0,1,20,12,4967,762,16,7,"[{'tag': 'iframe', 'src': 'https://ads.independent.com.mt/www/delivery/afr.php?resize=1&zoneid=33&target=_blank&cb=226', 'aria_label': None, 'class': ['tmiads'], 'id': 'a5559624', 'text': ''}, {'tag': 'iframe', 'src': 'https://ads.independent.com.mt/www/delivery/afr.php?zoneid=108&cb=199', 'aria_label': None, 'class': ['tmiads'], 'id': 'a8127595', 'text': ''}, {'tag': 'iframe', 'src': 'https://ads.independent.com.mt/www/delivery/afr.php?zoneid=105&cb=250', 'aria_label': None, 'class': ['tmiads'], 'id': 'a301feba', 'text': ''}, {'tag': 'iframe', 'src': 'https://ads.independent.com.mt/www/delivery/afr.php?resize=1&zoneid=19&target=_blank&cb=258', 'aria_label': None, 'class': ['tmiads'], 'id': 'a3f5f1e3', 'text': ''}, {'tag': 'iframe', 'src': 'https://ads.independent.com.mt/www/delivery/afr.php?zoneid=104&cb=17', 'aria_label': None, 'class': ['tmiads'], 'id': 'a7ef03f2', 'text': ''}, {'tag': 'iframe', 'src': 'https://ads.independent.com.mt/www/delivery/afr.php?zoneid=147&cb=245', 'aria_label': None, 'class': ['tmiads'], 'id': 'a65e2a3a', 'text': ''}, {'tag': 'iframe', 'src': 'https://ads.independent.com.mt/www/delivery/afr.php?resize=1&zoneid=18&target=_blank&cb=264', 'aria_label': None, 'class': ['tmiads'], 'id': 'afd0542d', 'text': ''}]",4,1,2,0.0035398230088495575,0,0,2,0,0,31,21,0.3,1,0,0,1,0.049557522123893805,1,21,4,18.36842105263158,0,0,0,0,0,0,0,064,independent,news_listing
135,30,40,11,0,1,20,12,4846,761,16,7,"[{'tag': 'iframe', 'src': 'https://ads.independent.com.mt/www/delivery/afr.php?resize=1&zoneid=33&target=_blank&cb=74', 'aria_label': None, 'class': ['tmiads'], 'id': 'a5559624', 'text': ''}, {'tag': 'iframe', 'src': 'https://ads.independent.com.mt/www/delivery/afr.php?zoneid=108&cb=50', 'aria_label': None, 'class': ['tmiads'], 'id': 'a8127595', 'text': ''}, {'tag': 'iframe', 'src': 'https://ads.independent.com.mt/www/delivery/afr.php?zoneid=105&cb=66', 'aria_label': None, 'class': ['tmiads'], 'id': 'a301feba', 'text': ''}, {'tag': 'iframe', 'src': 'https://ads.independent.com.mt/www/delivery/afr.php?resize=1&zoneid=19&target=_blank&cb=279', 'aria_label': None, 'class': ['tmiads'], 'id': 'a3f5f1e3', 'text': ''}, {'tag': 'iframe', 'src': 'https://ads.independent.com.mt/www/delivery/afr.php?zoneid=104&cb=41', 'aria_label': None, 'class': ['tmiads'], 'id': 'a7ef03f2', 'text': ''}, {'tag': 'iframe', 'src': 'https://ads.independent.com.mt/www/delivery/afr.php?zoneid=147&cb=213', 'aria_label': None, 'class': ['tmiads'], 'id': 'a65e2a3a', 'text': ''}, {'tag': 'iframe', 'src': 'https://ads.independent.com.mt/www/delivery/afr.php?resize=1&zoneid=18&target=_blank&cb=117', 'aria_label': None, 'class': ['tmiads'], 'id': 'afd0542d', 'text': ''}]",4,1,2,0.0035460992907801418,0,0,2,0,0,31,21,0.3,1,0,0,1,0.04964539007092199,1,21,4,18.789473684210527,0,0,0,0,0,0,0,065,independent,news_listing
135,30,40,11,0,1,20,12,4846,761,16,7,"[{'tag': 'iframe', 'src': 'https://ads.independent.com.mt/www/delivery/afr.php?resize=1&zoneid=33&target=_blank&cb=74', 'aria_label': None, 'class': ['tmiads'], 'id': 'a5559624', 'text': ''}, {'tag': 'iframe', 'src': 'https://ads.independent.com.mt/www/delivery/afr.php?zoneid=108&cb=50', 'aria_label': None, 'class': ['tmiads'], 'id': 'a8127595', 'text': ''}, {'tag': 'iframe', 'src': 'https://ads.independent.com.mt/www/delivery/afr.php?zoneid=105&cb=66', 'aria_label': None, 'class': ['tmiads'], 'id': 'a301feba', 'text': ''}, {'tag': 'iframe', 'src': 'https://ads.independent.com.mt/www/delivery/afr.php?resize=1&zoneid=19&target=_blank&cb=279', 'aria_label': None, 'class': ['tmiads'], 'id': 'a3f5f1e3', 'text': ''}, {'tag': 'iframe', 'src': 'https://ads.independent.com.mt/www/delivery/afr.php?zoneid=104&cb=41', 'aria_label': None, 'class': ['tmiads'], 'id': 'a7ef03f2', 'text': ''}, {'tag': 'iframe', 'src': 'https://ads.independent.com.mt/www/delivery/afr.php?zoneid=147&cb=213', 'aria_label': None, 'class': ['tmiads'], 'id': 'a65e2a3a', 'text': ''}, {'tag': 'iframe', 'src': 'https://ads.independent.com.mt/www/delivery/afr.php?resize=1&zoneid=18&target=_blank&cb=117', 'aria_label': None, 'class': ['tmiads'], 'id': 'afd0542d', 'text': ''}]",4,1,2,0.0035460992907801418,0,0,2,0,0,31,21,0.3,1,0,0,1,0.04964539007092199,1,21,4,18.789473684210527,0,0,0,0,0,0,0,066,independent,news_listing
135,30,40,11,0,1,20,12,4846,761,16,7,"[{'tag': 'iframe', 'src': 'https://ads.independent.com.mt/www/delivery/afr.php?resize=1&zoneid=33&target=_blank&cb=74', 'aria_label': None, 'class': ['tmiads'], 'id': 'a5559624', 'text': ''}, {'tag': 'iframe', 'src': 'https://ads.independent.com.mt/www/delivery/afr.php?zoneid=108&cb=50', 'aria_label': None, 'class': ['tmiads'], 'id': 'a8127595', 'text': ''}, {'tag': 'iframe', 'src': 'https://ads.independent.com.mt/www/delivery/afr.php?zoneid=105&cb=66', 'aria_label': None, 'class': ['tmiads'], 'id': 'a301feba', 'text': ''}, {'tag': 'iframe', 'src': 'https://ads.independent.com.mt/www/delivery/afr.php?resize=1&zoneid=19&target=_blank&cb=279', 'aria_label': None, 'class': ['tmiads'], 'id': 'a3f5f1e3', 'text': ''}, {'tag': 'iframe', 'src': 'https://ads.independent.com.mt/www/delivery/afr.php?zoneid=104&cb=41', 'aria_label': None, 'class': ['tmiads'], 'id': 'a7ef03f2', 'text': ''}, {'tag': 'iframe', 'src': 'https://ads.independent.com.mt/www/delivery/afr.php?zoneid=147&cb=213', 'aria_label': None, 'class': ['tmiads'], 'id': 'a65e2a3a', 'text': ''}, {'tag': 'iframe', 'src': 'https://ads.independent.com.mt/www/delivery/afr.php?resize=1&zoneid=18&target=_blank&cb=117', 'aria_label': None, 'class': ['tmiads'], 'id': 'afd0542d', 'text': ''}]",4,1,2,0.0035460992907801418,0,0,2,0,0,31,21,0.3,1,0,0,1,0.04964539007092199,1,21,4,18.789473684210527,0,0,0,0,0,0,0,067,independent,news_listing
135,30,40,11,0,1,20,12,4846,761,16,7,"[{'tag': 'iframe', 'src': 'https://ads.independent.com.mt/www/delivery/afr.php?resize=1&zoneid=33&target=_blank&cb=74', 'aria_label': None, 'class': ['tmiads'], 'id': 'a5559624', 'text': ''}, {'tag': 'iframe', 'src': 'https://ads.independent.com.mt/www/delivery/afr.php?zoneid=108&cb=50', 'aria_label': None, 'class': ['tmiads'], 'id': 'a8127595', 'text': ''}, {'tag': 'iframe', 'src': 'https://ads.independent.com.mt/www/delivery/afr.php?zoneid=105&cb=66', 'aria_label': None, 'class': ['tmiads'], 'id': 'a301feba', 'text': ''}, {'tag': 'iframe', 'src': 'https://ads.independent.com.mt/www/delivery/afr.php?resize=1&zoneid=19&target=_blank&cb=279', 'aria_label': None, 'class': ['tmiads'], 'id': 'a3f5f1e3', 'text': ''}, {'tag': 'iframe', 'src': 'https://ads.independent.com.mt/www/delivery/afr.php?zoneid=104&cb=41', 'aria_label': None, 'class': ['tmiads'], 'id': 'a7ef03f2', 'text': ''}, {'tag': 'iframe', 'src': 'https://ads.independent.com.mt/www/delivery/afr.php?zoneid=147&cb=213', 'aria_label': None, 'class': ['tmiads'], 'id': 'a65e2a3a', 'text': ''}, {'tag': 'iframe', 'src': 'https://ads.independent.com.mt/www/delivery/afr.php?resize=1&zoneid=18&target=_blank&cb=117', 'aria_label': None, 'class': ['tmiads'], 'id': 'afd0542d', 'text': ''}]",4,1,2,0.0035460992907801418,0,0,2,0,0,31,21,0.3,1,0,0,1,0.04964539007092199,1,21,4,18.789473684210527,0,0,0,0,0,0,0,068,independent,news_listing
135,30,40,11,0,1,20,12,4846,761,16,7,"[{'tag': 'iframe', 'src': 'https://ads.independent.com.mt/www/delivery/afr.php?resize=1&zoneid=33&target=_blank&cb=74', 'aria_label': None, 'class': ['tmiads'], 'id': 'a5559624', 'text': ''}, {'tag': 'iframe', 'src': 'https://ads.independent.com.mt/www/delivery/afr.php?zoneid=108&cb=50', 'aria_label': None, 'class': ['tmiads'], 'id': 'a8127595', 'text': ''}, {'tag': 'iframe', 'src': 'https://ads.independent.com.mt/www/delivery/afr.php?zoneid=105&cb=66', 'aria_label': None, 'class': ['tmiads'], 'id': 'a301feba', 'text': ''}, {'tag': 'iframe', 'src': 'https://ads.independent.com.mt/www/delivery/afr.php?resize=1&zoneid=19&target=_blank&cb=279', 'aria_label': None, 'class': ['tmiads'], 'id': 'a3f5f1e3', 'text': ''}, {'tag': 'iframe', 'src': 'https://ads.independent.com.mt/www/delivery/afr.php?zoneid=104&cb=41', 'aria_label': None, 'class': ['tmiads'], 'id': 'a7ef03f2', 'text': ''}, {'tag': 'iframe', 'src': 'https://ads.independent.com.mt/www/delivery/afr.php?zoneid=147&cb=213', 'aria_label': None, 'class': ['tmiads'], 'id': 'a65e2a3a', 'text': ''}, {'tag': 'iframe', 'src': 'https://ads.independent.com.mt/www/delivery/afr.php?resize=1&zoneid=18&target=_blank&cb=117', 'aria_label': None, 'class': ['tmiads'], 'id': 'afd0542d', 'text': ''}]",4,1,2,0.0035460992907801418,0,0,2,0,0,31,21,0.3,1,0,0,1,0.04964539007092199,1,21,4,18.789473684210527,0,0,0,0,0,0,0,069,independent,news_listing
135,30,40,11,0,1,20,12,4846,761,16,7,"[{'tag': 'iframe', 'src': 'https://ads.independent.com.mt/www/delivery/afr.php?resize=1&zoneid=33&target=_blank&cb=74', 'aria_label': None, 'class': ['tmiads'], 'id': 'a5559624', 'text': ''}, {'tag': 'iframe', 'src': 'https://ads.independent.com.mt/www/delivery/afr.php?zoneid=108&cb=50', 'aria_label': None, 'class': ['tmiads'], 'id': 'a8127595', 'text': ''}, {'tag': 'iframe', 'src': 'https://ads.independent.com.mt/www/delivery/afr.php?zoneid=105&cb=66', 'aria_label': None, 'class': ['tmiads'], 'id': 'a301feba', 'text': ''}, {'tag': 'iframe', 'src': 'https://ads.independent.com.mt/www/delivery/afr.php?resize=1&zoneid=19&target=_blank&cb=279', 'aria_label': None, 'class': ['tmiads'], 'id': 'a3f5f1e3', 'text': ''}, {'tag': 'iframe', 'src': 'https://ads.independent.com.mt/www/delivery/afr.php?zoneid=104&cb=41', 'aria_label': None, 'class': ['tmiads'], 'id': 'a7ef03f2', 'text': ''}, {'tag': 'iframe', 'src': 'https://ads.independent.com.mt/www/delivery/afr.php?zoneid=147&cb=213', 'aria_label': None, 'class': ['tmiads'], 'id': 'a65e2a3a', 'text': ''}, {'tag': 'iframe', 'src': 'https://ads.independent.com.mt/www/delivery/afr.php?resize=1&zoneid=18&target=_blank&cb=117', 'aria_label': None, 'class': ['tmiads'], 'id': 'afd0542d', 'text': ''}]",4,1,2,0.0035460992907801418,0,0,2,0,0,31,21,0.3,1,0,0,1,0.04964539007092199,1,21,4,18.789473684210527,0,0,0,0,0,0,0,070,independent,news_listing
135,30,40,11,0,1,20,12,4846,761,16,7,"[{'tag': 'iframe', 'src': 'https://ads.independent.com.mt/www/delivery/afr.php?resize=1&zoneid=33&target=_blank&cb=74', 'aria_label': None, 'class': ['tmiads'], 'id': 'a5559624', 'text': ''}, {'tag': 'iframe', 'src': 'https://ads.independent.com.mt/www/delivery/afr.php?zoneid=108&cb=50', 'aria_label': None, 'class': ['tmiads'], 'id': 'a8127595', 'text': ''}, {'tag': 'iframe', 'src': 'https://ads.independent.com.mt/www/delivery/afr.php?zoneid=105&cb=66', 'aria_label': None, 'class': ['tmiads'], 'id': 'a301feba', 'text': ''}, {'tag': 'iframe', 'src': 'https://ads.independent.com.mt/www/delivery/afr.php?resize=1&zoneid=19&target=_blank&cb=279', 'aria_label': None, 'class': ['tmiads'], 'id': 'a3f5f1e3', 'text': ''}, {'tag': 'iframe', 'src': 'https://ads.independent.com.mt/www/delivery/afr.php?zoneid=104&cb=41', 'aria_label': None, 'class': ['tmiads'], 'id': 'a7ef03f2', 'text': ''}, {'tag': 'iframe', 'src': 'https://ads.independent.com.mt/www/delivery/afr.php?zoneid=147&cb=213', 'aria_label': None, 'class': ['tmiads'], 'id': 'a65e2a3a', 'text': ''}, {'tag': 'iframe', 'src': 'https://ads.independent.com.mt/www/delivery/afr.php?resize=1&zoneid=18&target=_blank&cb=117', 'aria_label': None, 'class': ['tmiads'], 'id': 'afd0542d', 'text': ''}]",4,1,2,0.0035460992907801418,0,0,2,0,0,31,21,0.3,1,0,0,1,0.04964539007092199,1,21,4,18.789473684210527,0,0,0,0,0,0,0,071,independent,news_listing
135,30,40,11,0,1,20,12,4846,761,16,7,"[{'tag': 'iframe', 'src': 'https://ads.independent.com.mt/www/delivery/afr.php?resize=1&zoneid=33&target=_blank&cb=74', 'aria_label': None, 'class': ['tmiads'], 'id': 'a5559624', 'text': ''}, {'tag': 'iframe', 'src': 'https://ads.independent.com.mt/www/delivery/afr.php?zoneid=108&cb=50', 'aria_label': None, 'class': ['tmiads'], 'id': 'a8127595', 'text': ''}, {'tag': 'iframe', 'src': 'https://ads.independent.com.mt/www/delivery/afr.php?zoneid=105&cb=66', 'aria_label': None, 'class': ['tmiads'], 'id': 'a301feba', 'text': ''}, {'tag': 'iframe', 'src': 'https://ads.independent.com.mt/www/delivery/afr.php?resize=1&zoneid=19&target=_blank&cb=279', 'aria_label': None, 'class': ['tmiads'], 'id': 'a3f5f1e3', 'text': ''}, {'tag': 'iframe', 'src': 'https://ads.independent.com.mt/www/delivery/afr.php?zoneid=104&cb=41', 'aria_label': None, 'class': ['tmiads'], 'id': 'a7ef03f2', 'text': ''}, {'tag': 'iframe', 'src': 'https://ads.independent.com.mt/www/delivery/afr.php?zoneid=147&cb=213', 'aria_label': None, 'class': ['tmiads'], 'id': 'a65e2a3a', 'text': ''}, {'tag': 'iframe', 'src': 'https://ads.independent.com.mt/www/delivery/afr.php?resize=1&zoneid=18&target=_blank&cb=117', 'aria_label': None, 'class': ['tmiads'], 'id': 'afd0542d', 'text': ''}]",4,1,2,0.0035460992907801418,0,0,2,0,0,31,21,0.3,1,0,0,1,0.04964539007092199,1,21,4,18.789473684210527,0,0,0,0,0,0,0,072,independent,news_listing
135,30,40,11,0,1,20,12,4754,750,16,7,"[{'tag': 'iframe', 'src': 'https://ads.independent.com.mt/www/delivery/afr.php?resize=1&zoneid=33&target=_blank&cb=34', 'aria_label': None, 'class': ['tmiads'], 'id': 'a5559624', 'text': ''}, {'tag': 'iframe', 'src': 'https://ads.independent.com.mt/www/delivery/afr.php?zoneid=108&cb=296', 'aria_label': None, 'class': ['tmiads'], 'id': 'a8127595', 'text': ''}, {'tag': 'iframe', 'src': 'https://ads.independent.com.mt/www/delivery/afr.php?zoneid=105&cb=180', 'aria_label': None, 'class': ['tmiads'], 'id': 'a301feba', 'text': ''}, {'tag': 'iframe', 'src': 'https://ads.independent.com.mt/www/delivery/afr.php?resize=1&zoneid=19&target=_blank&cb=271', 'aria_label': None, 'class': ['tmiads'], 'id': 'a3f5f1e3', 'text': ''}, {'tag': 'iframe', 'src': 'https://ads.independent.com.mt/www/delivery/afr.php?zoneid=104&cb=173', 'aria_label': None, 'class': ['tmiads'], 'id': 'a7ef03f2', 'text': ''}, {'tag': 'iframe', 'src': 'https://ads.independent.com.mt/www/delivery/afr.php?zoneid=147&cb=73', 'aria_label': None, 'class': ['tmiads'], 'id': 'a65e2a3a', 'text': ''}, {'tag': 'iframe', 'src': 'https://ads.independent.com.mt/www/delivery/afr.php?resize=1&zoneid=18&target=_blank&cb=190', 'aria_label': None, 'class': ['tmiads'], 'id': 'afd0542d', 'text': ''}]",4,1,2,0.0035650623885918,0,0,2,0,0,31,21,0.3,1,0,0,1,0.049910873440285206,1,21,4,19.263157894736842,0,0,0,0,0,0,0,073,independent,news_listing
135,30,40,11,0,1,20,12,4754,750,16,7,"[{'tag': 'iframe', 'src': 'https://ads.independent.com.mt/www/delivery/afr.php?resize=1&zoneid=33&target=_blank&cb=34', 'aria_label': None, 'class': ['tmiads'], 'id': 'a5559624', 'text': ''}, {'tag': 'iframe', 'src': 'https://ads.independent.com.mt/www/delivery/afr.php?zoneid=108&cb=296', 'aria_label': None, 'class': ['tmiads'], 'id': 'a8127595', 'text': ''}, {'tag': 'iframe', 'src': 'https://ads.independent.com.mt/www/delivery/afr.php?zoneid=105&cb=180', 'aria_label': None, 'class': ['tmiads'], 'id': 'a301feba', 'text': ''}, {'tag': 'iframe', 'src': 'https://ads.independent.com.mt/www/delivery/afr.php?resize=1&zoneid=19&target=_blank&cb=271', 'aria_label': None, 'class': ['tmiads'], 'id': 'a3f5f1e3', 'text': ''}, {'tag': 'iframe', 'src': 'https://ads.independent.com.mt/www/delivery/afr.php?zoneid=104&cb=173', 'aria_label': None, 'class': ['tmiads'], 'id': 'a7ef03f2', 'text': ''}, {'tag': 'iframe', 'src': 'https://ads.independent.com.mt/www/delivery/afr.php?zoneid=147&cb=73', 'aria_label': None, 'class': ['tmiads'], 'id': 'a65e2a3a', 'text': ''}, {'tag': 'iframe', 'src': 'https://ads.independent.com.mt/www/delivery/afr.php?resize=1&zoneid=18&target=_blank&cb=190', 'aria_label': None, 'class': ['tmiads'], 'id': 'afd0542d', 'text': ''}]",4,1,2,0.0035650623885918,0,0,2,0,0,31,21,0.3,1,0,0,1,0.049910873440285206,1,21,4,19.263157894736842,0,0,0,0,0,0,0,074,independent,news_listing
135,30,40,11,0,1,20,12,4754,750,16,7,"[{'tag': 'iframe', 'src': 'https://ads.independent.com.mt/www/delivery/afr.php?resize=1&zoneid=33&target=_blank&cb=34', 'aria_label': None, 'class': ['tmiads'], 'id': 'a5559624', 'text': ''}, {'tag': 'iframe', 'src': 'https://ads.independent.com.mt/www/delivery/afr.php?zoneid=108&cb=296', 'aria_label': None, 'class': ['tmiads'], 'id': 'a8127595', 'text': ''}, {'tag': 'iframe', 'src': 'https://ads.independent.com.mt/www/delivery/afr.php?zoneid=105&cb=180', 'aria_label': None, 'class': ['tmiads'], 'id': 'a301feba', 'text': ''}, {'tag': 'iframe', 'src': 'https://ads.independent.com.mt/www/delivery/afr.php?resize=1&zoneid=19&target=_blank&cb=271', 'aria_label': None, 'class': ['tmiads'], 'id': 'a3f5f1e3', 'text': ''}, {'tag': 'iframe', 'src': 'https://ads.independent.com.mt/www/delivery/afr.php?zoneid=104&cb=173', 'aria_label': None, 'class': ['tmiads'], 'id': 'a7ef03f2', 'text': ''}, {'tag': 'iframe', 'src': 'https://ads.independent.com.mt/www/delivery/afr.php?zoneid=147&cb=73', 'aria_label': None, 'class': ['tmiads'], 'id': 'a65e2a3a', 'text': ''}, {'tag': 'iframe', 'src': 'https://ads.independent.com.mt/www/delivery/afr.php?resize=1&zoneid=18&target=_blank&cb=190', 'aria_label': None, 'class': ['tmiads'], 'id': 'afd0542d', 'text': ''}]",4,1,2,0.0035650623885918,0,0,2,0,0,31,21,0.3,1,0,0,1,0.049910873440285206,1,21,4,19.263157894736842,0,0,0,0,0,0,0,075,independent,news_listing
135,30,40,11,0,1,20,12,4754,750,16,7,"[{'tag': 'iframe', 'src': 'https://ads.independent.com.mt/www/delivery/afr.php?resize=1&zoneid=33&target=_blank&cb=34', 'aria_label': None, 'class': ['tmiads'], 'id': 'a5559624', 'text': ''}, {'tag': 'iframe', 'src': 'https://ads.independent.com.mt/www/delivery/afr.php?zoneid=108&cb=296', 'aria_label': None, 'class': ['tmiads'], 'id': 'a8127595', 'text': ''}, {'tag': 'iframe', 'src': 'https://ads.independent.com.mt/www/delivery/afr.php?zoneid=105&cb=180', 'aria_label': None, 'class': ['tmiads'], 'id': 'a301feba', 'text': ''}, {'tag': 'iframe', 'src': 'https://ads.independent.com.mt/www/delivery/afr.php?resize=1&zoneid=19&target=_blank&cb=271', 'aria_label': None, 'class': ['tmiads'], 'id': 'a3f5f1e3', 'text': ''}, {'tag': 'iframe', 'src': 'https://ads.independent.com.mt/www/delivery/afr.php?zoneid=104&cb=173', 'aria_label': None, 'class': ['tmiads'], 'id': 'a7ef03f2', 'text': ''}, {'tag': 'iframe', 'src': 'https://ads.independent.com.mt/www/delivery/afr.php?zoneid=147&cb=73', 'aria_label': None, 'class': ['tmiads'], 'id': 'a65e2a3a', 'text': ''}, {'tag': 'iframe', 'src': 'https://ads.independent.com.mt/www/delivery/afr.php?resize=1&zoneid=18&target=_blank&cb=190', 'aria_label': None, 'class': ['tmiads'], 'id': 'afd0542d', 'text': ''}]",4,1,2,0.0035650623885918,0,0,2,0,0,31,21,0.3,1,0,0,1,0.049910873440285206,1,21,4,19.263157894736842,0,0,0,0,0,0,0,076,independent,news_listing
135,30,40,11,0,1,20,12,4754,750,16,7,"[{'tag': 'iframe', 'src': 'https://ads.independent.com.mt/www/delivery/afr.php?resize=1&zoneid=33&target=_blank&cb=34', 'aria_label': None, 'class': ['tmiads'], 'id': 'a5559624', 'text': ''}, {'tag': 'iframe', 'src': 'https://ads.independent.com.mt/www/delivery/afr.php?zoneid=108&cb=296', 'aria_label': None, 'class': ['tmiads'], 'id': 'a8127595', 'text': ''}, {'tag': 'iframe', 'src': 'https://ads.independent.com.mt/www/delivery/afr.php?zoneid=105&cb=180', 'aria_label': None, 'class': ['tmiads'], 'id': 'a301feba', 'text': ''}, {'tag': 'iframe', 'src': 'https://ads.independent.com.mt/www/delivery/afr.php?resize=1&zoneid=19&target=_blank&cb=271', 'aria_label': None, 'class': ['tmiads'], 'id': 'a3f5f1e3', 'text': ''}, {'tag': 'iframe', 'src': 'https://ads.independent.com.mt/www/delivery/afr.php?zoneid=104&cb=173', 'aria_label': None, 'class': ['tmiads'], 'id': 'a7ef03f2', 'text': ''}, {'tag': 'iframe', 'src': 'https://ads.independent.com.mt/www/delivery/afr.php?zoneid=147&cb=73', 'aria_label': None, 'class': ['tmiads'], 'id': 'a65e2a3a', 'text': ''}, {'tag': 'iframe', 'src': 'https://ads.independent.com.mt/www/delivery/afr.php?resize=1&zoneid=18&target=_blank&cb=190', 'aria_label': None, 'class': ['tmiads'], 'id': 'afd0542d', 'text': ''}]",4,1,2,0.0035650623885918,0,0,2,0,0,31,21,0.3,1,0,0,1,0.049910873440285206,1,21,4,19.263157894736842,0,0,0,0,0,0,0,077,independent,news_listing
135,30,40,11,0,1,20,12,4754,750,16,7,"[{'tag': 'iframe', 'src': 'https://ads.independent.com.mt/www/delivery/afr.php?resize=1&zoneid=33&target=_blank&cb=34', 'aria_label': None, 'class': ['tmiads'], 'id': 'a5559624', 'text': ''}, {'tag': 'iframe', 'src': 'https://ads.independent.com.mt/www/delivery/afr.php?zoneid=108&cb=296', 'aria_label': None, 'class': ['tmiads'], 'id': 'a8127595', 'text': ''}, {'tag': 'iframe', 'src': 'https://ads.independent.com.mt/www/delivery/afr.php?zoneid=105&cb=180', 'aria_label': None, 'class': ['tmiads'], 'id': 'a301feba', 'text': ''}, {'tag': 'iframe', 'src': 'https://ads.independent.com.mt/www/delivery/afr.php?resize=1&zoneid=19&target=_blank&cb=271', 'aria_label': None, 'class': ['tmiads'], 'id': 'a3f5f1e3', 'text': ''}, {'tag': 'iframe', 'src': 'https://ads.independent.com.mt/www/delivery/afr.php?zoneid=104&cb=173', 'aria_label': None, 'class': ['tmiads'], 'id': 'a7ef03f2', 'text': ''}, {'tag': 'iframe', 'src': 'https://ads.independent.com.mt/www/delivery/afr.php?zoneid=147&cb=73', 'aria_label': None, 'class': ['tmiads'], 'id': 'a65e2a3a', 'text': ''}, {'tag': 'iframe', 'src': 'https://ads.independent.com.mt/www/delivery/afr.php?resize=1&zoneid=18&target=_blank&cb=190', 'aria_label': None, 'class': ['tmiads'], 'id': 'afd0542d', 'text': ''}]",4,1,2,0.0035650623885918,0,0,2,0,0,31,21,0.3,1,0,0,1,0.049910873440285206,1,21,4,19.263157894736842,0,0,0,0,0,0,0,078,independent,news_listing
135,30,40,11,0,1,20,12,4754,750,16,7,"[{'tag': 'iframe', 'src': 'https://ads.independent.com.mt/www/delivery/afr.php?resize=1&zoneid=33&target=_blank&cb=34', 'aria_label': None, 'class': ['tmiads'], 'id': 'a5559624', 'text': ''}, {'tag': 'iframe', 'src': 'https://ads.independent.com.mt/www/delivery/afr.php?zoneid=108&cb=296', 'aria_label': None, 'class': ['tmiads'], 'id': 'a8127595', 'text': ''}, {'tag': 'iframe', 'src': 'https://ads.independent.com.mt/www/delivery/afr.php?zoneid=105&cb=180', 'aria_label': None, 'class': ['tmiads'], 'id': 'a301feba', 'text': ''}, {'tag': 'iframe', 'src': 'https://ads.independent.com.mt/www/delivery/afr.php?resize=1&zoneid=19&target=_blank&cb=271', 'aria_label': None, 'class': ['tmiads'], 'id': 'a3f5f1e3', 'text': ''}, {'tag': 'iframe', 'src': 'https://ads.independent.com.mt/www/delivery/afr.php?zoneid=104&cb=173', 'aria_label': None, 'class': ['tmiads'], 'id': 'a7ef03f2', 'text': ''}, {'tag': 'iframe', 'src': 'https://ads.independent.com.mt/www/delivery/afr.php?zoneid=147&cb=73', 'aria_label': None, 'class': ['tmiads'], 'id': 'a65e2a3a', 'text': ''}, {'tag': 'iframe', 'src': 'https://ads.independent.com.mt/www/delivery/afr.php?resize=1&zoneid=18&target=_blank&cb=190', 'aria_label': None, 'class': ['tmiads'], 'id': 'afd0542d', 'text': ''}]",4,1,2,0.0035650623885918,0,0,2,0,0,31,21,0.3,1,0,0,1,0.049910873440285206,1,21,4,19.263157894736842,0,0,0,0,0,0,0,079,independent,news_listing
135,30,40,11,0,1,20,12,4772,746,16,7,"[{'tag': 'iframe', 'src': 'https://ads.independent.com.mt/www/delivery/afr.php?resize=1&zoneid=33&target=_blank&cb=7', 'aria_label': None, 'class': ['tmiads'], 'id': 'a5559624', 'text': ''}, {'tag': 'iframe', 'src': 'https://ads.independent.com.mt/www/delivery/afr.php?zoneid=108&cb=3', 'aria_label': None, 'class': ['tmiads'], 'id': 'a8127595', 'text': ''}, {'tag': 'iframe', 'src': 'https://ads.independent.com.mt/www/delivery/afr.php?zoneid=105&cb=188', 'aria_label': None, 'class': ['tmiads'], 'id': 'a301feba', 'text': ''}, {'tag': 'iframe', 'src': 'https://ads.independent.com.mt/www/delivery/afr.php?resize=1&zoneid=19&target=_blank&cb=288', 'aria_label': None, 'class': ['tmiads'], 'id': 'a3f5f1e3', 'text': ''}, {'tag': 'iframe', 'src': 'https://ads.independent.com.mt/www/delivery/afr.php?zoneid=104&cb=107', 'aria_label': None, 'class': ['tmiads'], 'id': 'a7ef03f2', 'text': ''}, {'tag': 'iframe', 'src': 'https://ads.independent.com.mt/www/delivery/afr.php?zoneid=147&cb=276', 'aria_label': None, 'class': ['tmiads'], 'id': 'a65e2a3a', 'text': ''}, {'tag': 'iframe', 'src': 'https://ads.independent.com.mt/www/delivery/afr.php?resize=1&zoneid=18&target=_blank&cb=45', 'aria_label': None, 'class': ['tmiads'], 'id': 'afd0542d', 'text': ''}]",4,1,2,0.0035714285714285713,0,0,2,0,0,31,21,0.3,1,0,0,1,0.05,1,21,4,19.210526315789473,0,0,0,0,0,0,0,080,independent,news_listing
135,30,40,11,0,1,20,12,4772,746,16,7,"[{'tag': 'iframe', 'src': 'https://ads.independent.com.mt/www/delivery/afr.php?resize=1&zoneid=33&target=_blank&cb=7', 'aria_label': None, 'class': ['tmiads'], 'id': 'a5559624', 'text': ''}, {'tag': 'iframe', 'src': 'https://ads.independent.com.mt/www/delivery/afr.php?zoneid=108&cb=3', 'aria_label': None, 'class': ['tmiads'], 'id': 'a8127595', 'text': ''}, {'tag': 'iframe', 'src': 'https://ads.independent.com.mt/www/delivery/afr.php?zoneid=105&cb=188', 'aria_label': None, 'class': ['tmiads'], 'id': 'a301feba', 'text': ''}, {'tag': 'iframe', 'src': 'https://ads.independent.com.mt/www/delivery/afr.php?resize=1&zoneid=19&target=_blank&cb=288', 'aria_label': None, 'class': ['tmiads'], 'id': 'a3f5f1e3', 'text': ''}, {'tag': 'iframe', 'src': 'https://ads.independent.com.mt/www/delivery/afr.php?zoneid=104&cb=107', 'aria_label': None, 'class': ['tmiads'], 'id': 'a7ef03f2', 'text': ''}, {'tag': 'iframe', 'src': 'https://ads.independent.com.mt/www/delivery/afr.php?zoneid=147&cb=276', 'aria_label': None, 'class': ['tmiads'], 'id': 'a65e2a3a', 'text': ''}, {'tag': 'iframe', 'src': 'https://ads.independent.com.mt/www/delivery/afr.php?resize=1&zoneid=18&target=_blank&cb=45', 'aria_label': None, 'class': ['tmiads'], 'id': 'afd0542d', 'text': ''}]",4,1,2,0.0035714285714285713,0,0,2,0,0,31,21,0.3,1,0,0,1,0.05,1,21,4,19.210526315789473,0,0,0,0,0,0,0,081,independent,news_listing
135,30,40,11,0,1,20,12,4772,746,16,7,"[{'tag': 'iframe', 'src': 'https://ads.independent.com.mt/www/delivery/afr.php?resize=1&zoneid=33&target=_blank&cb=7', 'aria_label': None, 'class': ['tmiads'], 'id': 'a5559624', 'text': ''}, {'tag': 'iframe', 'src': 'https://ads.independent.com.mt/www/delivery/afr.php?zoneid=108&cb=3', 'aria_label': None, 'class': ['tmiads'], 'id': 'a8127595', 'text': ''}, {'tag': 'iframe', 'src': 'https://ads.independent.com.mt/www/delivery/afr.php?zoneid=105&cb=188', 'aria_label': None, 'class': ['tmiads'], 'id': 'a301feba', 'text': ''}, {'tag': 'iframe', 'src': 'https://ads.independent.com.mt/www/delivery/afr.php?resize=1&zoneid=19&target=_blank&cb=288', 'aria_label': None, 'class': ['tmiads'], 'id': 'a3f5f1e3', 'text': ''}, {'tag': 'iframe', 'src': 'https://ads.independent.com.mt/www/delivery/afr.php?zoneid=104&cb=107', 'aria_label': None, 'class': ['tmiads'], 'id': 'a7ef03f2', 'text': ''}, {'tag': 'iframe', 'src': 'https://ads.independent.com.mt/www/delivery/afr.php?zoneid=147&cb=276', 'aria_label': None, 'class': ['tmiads'], 'id': 'a65e2a3a', 'text': ''}, {'tag': 'iframe', 'src': 'https://ads.independent.com.mt/www/delivery/afr.php?resize=1&zoneid=18&target=_blank&cb=45', 'aria_label': None, 'class': ['tmiads'], 'id': 'afd0542d', 'text': ''}]",4,1,2,0.0035714285714285713,0,0,2,0,0,31,21,0.3,1,0,0,1,0.05,1,21,4,19.210526315789473,0,0,0,0,0,0,0,082,independent,news_listing
135,30,40,11,0,1,20,12,4772,746,16,7,"[{'tag': 'iframe', 'src': 'https://ads.independent.com.mt/www/delivery/afr.php?resize=1&zoneid=33&target=_blank&cb=7', 'aria_label': None, 'class': ['tmiads'], 'id': 'a5559624', 'text': ''}, {'tag': 'iframe', 'src': 'https://ads.independent.com.mt/www/delivery/afr.php?zoneid=108&cb=3', 'aria_label': None, 'class': ['tmiads'], 'id': 'a8127595', 'text': ''}, {'tag': 'iframe', 'src': 'https://ads.independent.com.mt/www/delivery/afr.php?zoneid=105&cb=188', 'aria_label': None, 'class': ['tmiads'], 'id': 'a301feba', 'text': ''}, {'tag': 'iframe', 'src': 'https://ads.independent.com.mt/www/delivery/afr.php?resize=1&zoneid=19&target=_blank&cb=288', 'aria_label': None, 'class': ['tmiads'], 'id': 'a3f5f1e3', 'text': ''}, {'tag': 'iframe', 'src': 'https://ads.independent.com.mt/www/delivery/afr.php?zoneid=104&cb=107', 'aria_label': None, 'class': ['tmiads'], 'id': 'a7ef03f2', 'text': ''}, {'tag': 'iframe', 'src': 'https://ads.independent.com.mt/www/delivery/afr.php?zoneid=147&cb=276', 'aria_label': None, 'class': ['tmiads'], 'id': 'a65e2a3a', 'text': ''}, {'tag': 'iframe', 'src': 'https://ads.independent.com.mt/www/delivery/afr.php?resize=1&zoneid=18&target=_blank&cb=45', 'aria_label': None, 'class': ['tmiads'], 'id': 'afd0542d', 'text': ''}]",4,1,2,0.0035714285714285713,0,0,2,0,0,31,21,0.3,1,0,0,1,0.05,1,21,4,19.210526315789473,0,0,0,0,0,0,0,083,independent,news_listing
135,30,40,11,0,1,20,12,4772,746,16,7,"[{'tag': 'iframe', 'src': 'https://ads.independent.com.mt/www/delivery/afr.php?resize=1&zoneid=33&target=_blank&cb=7', 'aria_label': None, 'class': ['tmiads'], 'id': 'a5559624', 'text': ''}, {'tag': 'iframe', 'src': 'https://ads.independent.com.mt/www/delivery/afr.php?zoneid=108&cb=3', 'aria_label': None, 'class': ['tmiads'], 'id': 'a8127595', 'text': ''}, {'tag': 'iframe', 'src': 'https://ads.independent.com.mt/www/delivery/afr.php?zoneid=105&cb=188', 'aria_label': None, 'class': ['tmiads'], 'id': 'a301feba', 'text': ''}, {'tag': 'iframe', 'src': 'https://ads.independent.com.mt/www/delivery/afr.php?resize=1&zoneid=19&target=_blank&cb=288', 'aria_label': None, 'class': ['tmiads'], 'id': 'a3f5f1e3', 'text': ''}, {'tag': 'iframe', 'src': 'https://ads.independent.com.mt/www/delivery/afr.php?zoneid=104&cb=107', 'aria_label': None, 'class': ['tmiads'], 'id': 'a7ef03f2', 'text': ''}, {'tag': 'iframe', 'src': 'https://ads.independent.com.mt/www/delivery/afr.php?zoneid=147&cb=276', 'aria_label': None, 'class': ['tmiads'], 'id': 'a65e2a3a', 'text': ''}, {'tag': 'iframe', 'src': 'https://ads.independent.com.mt/www/delivery/afr.php?resize=1&zoneid=18&target=_blank&cb=45', 'aria_label': None, 'class': ['tmiads'], 'id': 'afd0542d', 'text': ''}]",4,1,2,0.0035714285714285713,0,0,2,0,0,31,21,0.3,1,0,0,1,0.05,1,21,4,19.210526315789473,0,0,0,0,0,0,0,084,independent,news_listing
135,30,40,11,0,1,20,12,4772,746,16,7,"[{'tag': 'iframe', 'src': 'https://ads.independent.com.mt/www/delivery/afr.php?resize=1&zoneid=33&target=_blank&cb=7', 'aria_label': None, 'class': ['tmiads'], 'id': 'a5559624', 'text': ''}, {'tag': 'iframe', 'src': 'https://ads.independent.com.mt/www/delivery/afr.php?zoneid=108&cb=3', 'aria_label': None, 'class': ['tmiads'], 'id': 'a8127595', 'text': ''}, {'tag': 'iframe', 'src': 'https://ads.independent.com.mt/www/delivery/afr.php?zoneid=105&cb=188', 'aria_label': None, 'class': ['tmiads'], 'id': 'a301feba', 'text': ''}, {'tag': 'iframe', 'src': 'https://ads.independent.com.mt/www/delivery/afr.php?resize=1&zoneid=19&target=_blank&cb=288', 'aria_label': None, 'class': ['tmiads'], 'id': 'a3f5f1e3', 'text': ''}, {'tag': 'iframe', 'src': 'https://ads.independent.com.mt/www/delivery/afr.php?zoneid=104&cb=107', 'aria_label': None, 'class': ['tmiads'], 'id': 'a7ef03f2', 'text': ''}, {'tag': 'iframe', 'src': 'https://ads.independent.com.mt/www/delivery/afr.php?zoneid=147&cb=276', 'aria_label': None, 'class': ['tmiads'], 'id': 'a65e2a3a', 'text': ''}, {'tag': 'iframe', 'src': 'https://ads.independent.com.mt/www/delivery/afr.php?resize=1&zoneid=18&target=_blank&cb=45', 'aria_label': None, 'class': ['tmiads'], 'id': 'afd0542d', 'text': ''}]",4,1,2,0.0035714285714285713,0,0,2,0,0,31,21,0.3,1,0,0,1,0.05,1,21,4,19.210526315789473,0,0,0,0,0,0,0,085,independent,news_listing
135,30,40,11,0,1,20,12,4772,746,16,7,"[{'tag': 'iframe', 'src': 'https://ads.independent.com.mt/www/delivery/afr.php?resize=1&zoneid=33&target=_blank&cb=7', 'aria_label': None, 'class': ['tmiads'], 'id': 'a5559624', 'text': ''}, {'tag': 'iframe', 'src': 'https://ads.independent.com.mt/www/delivery/afr.php?zoneid=108&cb=3', 'aria_label': None, 'class': ['tmiads'], 'id': 'a8127595', 'text': ''}, {'tag': 'iframe', 'src': 'https://ads.independent.com.mt/www/delivery/afr.php?zoneid=105&cb=188', 'aria_label': None, 'class': ['tmiads'], 'id': 'a301feba', 'text': ''}, {'tag': 'iframe', 'src': 'https://ads.independent.com.mt/www/delivery/afr.php?resize=1&zoneid=19&target=_blank&cb=288', 'aria_label': None, 'class': ['tmiads'], 'id': 'a3f5f1e3', 'text': ''}, {'tag': 'iframe', 'src': 'https://ads.independent.com.mt/www/delivery/afr.php?zoneid=104&cb=107', 'aria_label': None, 'class': ['tmiads'], 'id': 'a7ef03f2', 'text': ''}, {'tag': 'iframe', 'src': 'https://ads.independent.com.mt/www/delivery/afr.php?zoneid=147&cb=276', 'aria_label': None, 'class': ['tmiads'], 'id': 'a65e2a3a', 'text': ''}, {'tag': 'iframe', 'src': 'https://ads.independent.com.mt/www/delivery/afr.php?resize=1&zoneid=18&target=_blank&cb=45', 'aria_label': None, 'class': ['tmiads'], 'id': 'afd0542d', 'text': ''}]",4,1,2,0.0035714285714285713,0,0,2,0,0,31,21,0.3,1,0,0,1,0.05,1,21,4,19.210526315789473,0,0,0,0,0,0,0,086,independent,news_listing
135,30,40,11,0,1,20,12,4721,747,16,7,"[{'tag': 'iframe', 'src': 'https://ads.independent.com.mt/www/delivery/afr.php?resize=1&zoneid=33&target=_blank&cb=75', 'aria_label': None, 'class': ['tmiads'], 'id': 'a5559624', 'text': ''}, {'tag': 'iframe', 'src': 'https://ads.independent.com.mt/www/delivery/afr.php?zoneid=108&cb=243', 'aria_label': None, 'class': ['tmiads'], 'id': 'a8127595', 'text': ''}, {'tag': 'iframe', 'src': 'https://ads.independent.com.mt/www/delivery/afr.php?zoneid=105&cb=122', 'aria_label': None, 'class': ['tmiads'], 'id': 'a301feba', 'text': ''}, {'tag': 'iframe', 'src': 'https://ads.independent.com.mt/www/delivery/afr.php?resize=1&zoneid=19&target=_blank&cb=189', 'aria_label': None, 'class': ['tmiads'], 'id': 'a3f5f1e3', 'text': ''}, {'tag': 'iframe', 'src': 'https://ads.independent.com.mt/www/delivery/afr.php?zoneid=104&cb=148', 'aria_label': None, 'class': ['tmiads'], 'id': 'a7ef03f2', 'text': ''}, {'tag': 'iframe', 'src': 'https://ads.independent.com.mt/www/delivery/afr.php?zoneid=147&cb=150', 'aria_label': None, 'class': ['tmiads'], 'id': 'a65e2a3a', 'text': ''}, {'tag': 'iframe', 'src': 'https://ads.independent.com.mt/www/delivery/afr.php?resize=1&zoneid=18&target=_blank&cb=231', 'aria_label': None, 'class': ['tmiads'], 'id': 'afd0542d', 'text': ''}]",4,1,2,0.0035714285714285713,0,0,2,0,0,31,21,0.3,1,0,0,1,0.05,1,21,4,19.526315789473685,0,0,0,0,0,0,0,087,independent,news_listing
135,30,40,11,0,1,20,12,4721,747,16,7,"[{'tag': 'iframe', 'src': 'https://ads.independent.com.mt/www/delivery/afr.php?resize=1&zoneid=33&target=_blank&cb=75', 'aria_label': None, 'class': ['tmiads'], 'id': 'a5559624', 'text': ''}, {'tag': 'iframe', 'src': 'https://ads.independent.com.mt/www/delivery/afr.php?zoneid=108&cb=243', 'aria_label': None, 'class': ['tmiads'], 'id': 'a8127595', 'text': ''}, {'tag': 'iframe', 'src': 'https://ads.independent.com.mt/www/delivery/afr.php?zoneid=105&cb=122', 'aria_label': None, 'class': ['tmiads'], 'id': 'a301feba', 'text': ''}, {'tag': 'iframe', 'src': 'https://ads.independent.com.mt/www/delivery/afr.php?resize=1&zoneid=19&target=_blank&cb=189', 'aria_label': None, 'class': ['tmiads'], 'id': 'a3f5f1e3', 'text': ''}, {'tag': 'iframe', 'src': 'https://ads.independent.com.mt/www/delivery/afr.php?zoneid=104&cb=148', 'aria_label': None, 'class': ['tmiads'], 'id': 'a7ef03f2', 'text': ''}, {'tag': 'iframe', 'src': 'https://ads.independent.com.mt/www/delivery/afr.php?zoneid=147&cb=150', 'aria_label': None, 'class': ['tmiads'], 'id': 'a65e2a3a', 'text': ''}, {'tag': 'iframe', 'src': 'https://ads.independent.com.mt/www/delivery/afr.php?resize=1&zoneid=18&target=_blank&cb=231', 'aria_label': None, 'class': ['tmiads'], 'id': 'afd0542d', 'text': ''}]",4,1,2,0.0035714285714285713,0,0,2,0,0,31,21,0.3,1,0,0,1,0.05,1,21,4,19.526315789473685,0,0,0,0,0,0,0,088,independent,news_listing
135,30,40,11,0,1,20,12,4721,747,16,7,"[{'tag': 'iframe', 'src': 'https://ads.independent.com.mt/www/delivery/afr.php?resize=1&zoneid=33&target=_blank&cb=75', 'aria_label': None, 'class': ['tmiads'], 'id': 'a5559624', 'text': ''}, {'tag': 'iframe', 'src': 'https://ads.independent.com.mt/www/delivery/afr.php?zoneid=108&cb=243', 'aria_label': None, 'class': ['tmiads'], 'id': 'a8127595', 'text': ''}, {'tag': 'iframe', 'src': 'https://ads.independent.com.mt/www/delivery/afr.php?zoneid=105&cb=122', 'aria_label': None, 'class': ['tmiads'], 'id': 'a301feba', 'text': ''}, {'tag': 'iframe', 'src': 'https://ads.independent.com.mt/www/delivery/afr.php?resize=1&zoneid=19&target=_blank&cb=189', 'aria_label': None, 'class': ['tmiads'], 'id': 'a3f5f1e3', 'text': ''}, {'tag': 'iframe', 'src': 'https://ads.independent.com.mt/www/delivery/afr.php?zoneid=104&cb=148', 'aria_label': None, 'class': ['tmiads'], 'id': 'a7ef03f2', 'text': ''}, {'tag': 'iframe', 'src': 'https://ads.independent.com.mt/www/delivery/afr.php?zoneid=147&cb=150', 'aria_label': None, 'class': ['tmiads'], 'id': 'a65e2a3a', 'text': ''}, {'tag': 'iframe', 'src': 'https://ads.independent.com.mt/www/delivery/afr.php?resize=1&zoneid=18&target=_blank&cb=231', 'aria_label': None, 'class': ['tmiads'], 'id': 'afd0542d', 'text': ''}]",4,1,2,0.0035714285714285713,0,0,2,0,0,31,21,0.3,1,0,0,1,0.05,1,21,4,19.526315789473685,0,0,0,0,0,0,0,089,independent,news_listing
135,30,40,11,0,1,20,12,4721,747,16,7,"[{'tag': 'iframe', 'src': 'https://ads.independent.com.mt/www/delivery/afr.php?resize=1&zoneid=33&target=_blank&cb=75', 'aria_label': None, 'class': ['tmiads'], 'id': 'a5559624', 'text': ''}, {'tag': 'iframe', 'src': 'https://ads.independent.com.mt/www/delivery/afr.php?zoneid=108&cb=243', 'aria_label': None, 'class': ['tmiads'], 'id': 'a8127595', 'text': ''}, {'tag': 'iframe', 'src': 'https://ads.independent.com.mt/www/delivery/afr.php?zoneid=105&cb=122', 'aria_label': None, 'class': ['tmiads'], 'id': 'a301feba', 'text': ''}, {'tag': 'iframe', 'src': 'https://ads.independent.com.mt/www/delivery/afr.php?resize=1&zoneid=19&target=_blank&cb=189', 'aria_label': None, 'class': ['tmiads'], 'id': 'a3f5f1e3', 'text': ''}, {'tag': 'iframe', 'src': 'https://ads.independent.com.mt/www/delivery/afr.php?zoneid=104&cb=148', 'aria_label': None, 'class': ['tmiads'], 'id': 'a7ef03f2', 'text': ''}, {'tag': 'iframe', 'src': 'https://ads.independent.com.mt/www/delivery/afr.php?zoneid=147&cb=150', 'aria_label': None, 'class': ['tmiads'], 'id': 'a65e2a3a', 'text': ''}, {'tag': 'iframe', 'src': 'https://ads.independent.com.mt/www/delivery/afr.php?resize=1&zoneid=18&target=_blank&cb=231', 'aria_label': None, 'class': ['tmiads'], 'id': 'afd0542d', 'text': ''}]",4,1,2,0.0035714285714285713,0,0,2,0,0,31,21,0.3,1,0,0,1,0.05,1,21,4,19.526315789473685,0,0,0,0,0,0,0,090,independent,news_listing
135,30,40,11,0,1,20,12,4721,747,16,7,"[{'tag': 'iframe', 'src': 'https://ads.independent.com.mt/www/delivery/afr.php?resize=1&zoneid=33&target=_blank&cb=75', 'aria_label': None, 'class': ['tmiads'], 'id': 'a5559624', 'text': ''}, {'tag': 'iframe', 'src': 'https://ads.independent.com.mt/www/delivery/afr.php?zoneid=108&cb=243', 'aria_label': None, 'class': ['tmiads'], 'id': 'a8127595', 'text': ''}, {'tag': 'iframe', 'src': 'https://ads.independent.com.mt/www/delivery/afr.php?zoneid=105&cb=122', 'aria_label': None, 'class': ['tmiads'], 'id': 'a301feba', 'text': ''}, {'tag': 'iframe', 'src': 'https://ads.independent.com.mt/www/delivery/afr.php?resize=1&zoneid=19&target=_blank&cb=189', 'aria_label': None, 'class': ['tmiads'], 'id': 'a3f5f1e3', 'text': ''}, {'tag': 'iframe', 'src': 'https://ads.independent.com.mt/www/delivery/afr.php?zoneid=104&cb=148', 'aria_label': None, 'class': ['tmiads'], 'id': 'a7ef03f2', 'text': ''}, {'tag': 'iframe', 'src': 'https://ads.independent.com.mt/www/delivery/afr.php?zoneid=147&cb=150', 'aria_label': None, 'class': ['tmiads'], 'id': 'a65e2a3a', 'text': ''}, {'tag': 'iframe', 'src': 'https://ads.independent.com.mt/www/delivery/afr.php?resize=1&zoneid=18&target=_blank&cb=231', 'aria_label': None, 'class': ['tmiads'], 'id': 'afd0542d', 'text': ''}]",4,1,2,0.0035714285714285713,0,0,2,0,0,31,21,0.3,1,0,0,1,0.05,1,21,4,19.526315789473685,0,0,0,0,0,0,0,091,independent,news_listing
135,30,40,11,0,1,20,12,4721,747,16,7,"[{'tag': 'iframe', 'src': 'https://ads.independent.com.mt/www/delivery/afr.php?resize=1&zoneid=33&target=_blank&cb=75', 'aria_label': None, 'class': ['tmiads'], 'id': 'a5559624', 'text': ''}, {'tag': 'iframe', 'src': 'https://ads.independent.com.mt/www/delivery/afr.php?zoneid=108&cb=243', 'aria_label': None, 'class': ['tmiads'], 'id': 'a8127595', 'text': ''}, {'tag': 'iframe', 'src': 'https://ads.independent.com.mt/www/delivery/afr.php?zoneid=105&cb=122', 'aria_label': None, 'class': ['tmiads'], 'id': 'a301feba', 'text': ''}, {'tag': 'iframe', 'src': 'https://ads.independent.com.mt/www/delivery/afr.php?resize=1&zoneid=19&target=_blank&cb=189', 'aria_label': None, 'class': ['tmiads'], 'id': 'a3f5f1e3', 'text': ''}, {'tag': 'iframe', 'src': 'https://ads.independent.com.mt/www/delivery/afr.php?zoneid=104&cb=148', 'aria_label': None, 'class': ['tmiads'], 'id': 'a7ef03f2', 'text': ''}, {'tag': 'iframe', 'src': 'https://ads.independent.com.mt/www/delivery/afr.php?zoneid=147&cb=150', 'aria_label': None, 'class': ['tmiads'], 'id': 'a65e2a3a', 'text': ''}, {'tag': 'iframe', 'src': 'https://ads.independent.com.mt/www/delivery/afr.php?resize=1&zoneid=18&target=_blank&cb=231', 'aria_label': None, 'class': ['tmiads'], 'id': 'afd0542d', 'text': ''}]",4,1,2,0.0035714285714285713,0,0,2,0,0,31,21,0.3,1,0,0,1,0.05,1,21,4,19.526315789473685,0,0,0,0,0,0,0,092,independent,news_listing
210,55,45,12,12,1,24,12,29508,3719,23,7,"[{'tag': 'iframe', 'src': 'https://ads.independent.com.mt/www/delivery/afr.php?resize=1&zoneid=33&target=_blank&cb=130', 'aria_label': None, 'class': ['tmiads'], 'id': 'a5559624', 'text': ''}, {'tag': 'iframe', 'src': 'https://ads.independent.com.mt/www/delivery/afr.php?zoneid=108&cb=102', 'aria_label': None, 'class': ['tmiads'], 'id': 'a8127595', 'text': ''}, {'tag': 'iframe', 'src': 'https://ads.independent.com.mt/www/delivery/afr.php?zoneid=105&cb=191', 'aria_label': None, 'class': ['tmiads'], 'id': 'a301feba', 'text': ''}, {'tag': 'iframe', 'src': 'https://ads.independent.com.mt/www/delivery/afr.php?resize=1&zoneid=19&target=_blank&cb=227', 'aria_label': None, 'class': ['tmiads'], 'id': 'a3f5f1e3', 'text': ''}, {'tag': 'iframe', 'src': 'https://ads.independent.com.mt/www/delivery/afr.php?zoneid=104&cb=206', 'aria_label': None, 'class': ['tmiads'], 'id': 'a7ef03f2', 'text': ''}, {'tag': 'iframe', 'src': 'https://ads.independent.com.mt/www/delivery/afr.php?zoneid=147&cb=69', 'aria_label': None, 'class': ['tmiads'], 'id': 'a65e2a3a', 'text': ''}, {'tag': 'iframe', 'src': 'https://ads.independent.com.mt/www/delivery/afr.php?resize=1&zoneid=18&target=_blank&cb=281', 'aria_label': None, 'class': ['tmiads'], 'id': 'afd0542d', 'text': ''}]",5,1,244,0.12468063362289218,33,10,11,0,0,36,20,0.6363636363636364,1,0,0,1,0.114460909555442,1,21,4,18.130434782608695,0,0,0,0,0,0,0,093,independent,news_listing
210,55,45,12,12,1,24,12,29508,3719,23,7,"[{'tag': 'iframe', 'src': 'https://ads.independent.com.mt/www/delivery/afr.php?resize=1&zoneid=33&target=_blank&cb=130', 'aria_label': None, 'class': ['tmiads'], 'id': 'a5559624', 'text': ''}, {'tag': 'iframe', 'src': 'https://ads.independent.com.mt/www/delivery/afr.php?zoneid=108&cb=102', 'aria_label': None, 'class': ['tmiads'], 'id': 'a8127595', 'text': ''}, {'tag': 'iframe', 'src': 'https://ads.independent.com.mt/www/delivery/afr.php?zoneid=105&cb=191', 'aria_label': None, 'class': ['tmiads'], 'id': 'a301feba', 'text': ''}, {'tag': 'iframe', 'src': 'https://ads.independent.com.mt/www/delivery/afr.php?resize=1&zoneid=19&target=_blank&cb=227', 'aria_label': None, 'class': ['tmiads'], 'id': 'a3f5f1e3', 'text': ''}, {'tag': 'iframe', 'src': 'https://ads.independent.com.mt/www/delivery/afr.php?zoneid=104&cb=206', 'aria_label': None, 'class': ['tmiads'], 'id': 'a7ef03f2', 'text': ''}, {'tag': 'iframe', 'src': 'https://ads.independent.com.mt/www/delivery/afr.php?zoneid=147&cb=69', 'aria_label': None, 'class': ['tmiads'], 'id': 'a65e2a3a', 'text': ''}, {'tag': 'iframe', 'src': 'https://ads.independent.com.mt/www/delivery/afr.php?resize=1&zoneid=18&target=_blank&cb=281', 'aria_label': None, 'class': ['tmiads'], 'id': 'afd0542d', 'text': ''}]",5,1,244,0.12468063362289218,33,10,11,0,0,36,20,0.6363636363636364,1,0,0,1,0.114460909555442,1,21,4,18.130434782608695,0,0,0,0,0,0,0,094,independent,news_listing
210,55,45,12,12,1,24,12,29508,3719,23,7,"[{'tag': 'iframe', 'src': 'https://ads.independent.com.mt/www/delivery/afr.php?resize=1&zoneid=33&target=_blank&cb=130', 'aria_label': None, 'class': ['tmiads'], 'id': 'a5559624', 'text': ''}, {'tag': 'iframe', 'src': 'https://ads.independent.com.mt/www/delivery/afr.php?zoneid=108&cb=102', 'aria_label': None, 'class': ['tmiads'], 'id': 'a8127595', 'text': ''}, {'tag': 'iframe', 'src': 'https://ads.independent.com.mt/www/delivery/afr.php?zoneid=105&cb=191', 'aria_label': None, 'class': ['tmiads'], 'id': 'a301feba', 'text': ''}, {'tag': 'iframe', 'src': 'https://ads.independent.com.mt/www/delivery/afr.php?resize=1&zoneid=19&target=_blank&cb=227', 'aria_label': None, 'class': ['tmiads'], 'id': 'a3f5f1e3', 'text': ''}, {'tag': 'iframe', 'src': 'https://ads.independent.com.mt/www/delivery/afr.php?zoneid=104&cb=206', 'aria_label': None, 'class': ['tmiads'], 'id': 'a7ef03f2', 'text': ''}, {'tag': 'iframe', 'src': 'https://ads.independent.com.mt/www/delivery/afr.php?zoneid=147&cb=69', 'aria_label': None, 'class': ['tmiads'], 'id': 'a65e2a3a', 'text': ''}, {'tag': 'iframe', 'src': 'https://ads.independent.com.mt/www/delivery/afr.php?resize=1&zoneid=18&target=_blank&cb=281', 'aria_label': None, 'class': ['tmiads'], 'id': 'afd0542d', 'text': ''}]",5,1,244,0.12468063362289218,33,10,11,0,0,36,20,0.6363636363636364,1,0,0,1,0.114460909555442,1,21,4,18.130434782608695,0,0,0,0,0,0,0,095,independent,news_listing
210,55,45,12,12,1,24,12,29508,3719,23,7,"[{'tag': 'iframe', 'src': 'https://ads.independent.com.mt/www/delivery/afr.php?resize=1&zoneid=33&target=_blank&cb=130', 'aria_label': None, 'class': ['tmiads'], 'id': 'a5559624', 'text': ''}, {'tag': 'iframe', 'src': 'https://ads.independent.com.mt/www/delivery/afr.php?zoneid=108&cb=102', 'aria_label': None, 'class': ['tmiads'], 'id': 'a8127595', 'text': ''}, {'tag': 'iframe', 'src': 'https://ads.independent.com.mt/www/delivery/afr.php?zoneid=105&cb=191', 'aria_label': None, 'class': ['tmiads'], 'id': 'a301feba', 'text': ''}, {'tag': 'iframe', 'src': 'https://ads.independent.com.mt/www/delivery/afr.php?resize=1&zoneid=19&target=_blank&cb=227', 'aria_label': None, 'class': ['tmiads'], 'id': 'a3f5f1e3', 'text': ''}, {'tag': 'iframe', 'src': 'https://ads.independent.com.mt/www/delivery/afr.php?zoneid=104&cb=206', 'aria_label': None, 'class': ['tmiads'], 'id': 'a7ef03f2', 'text': ''}, {'tag': 'iframe', 'src': 'https://ads.independent.com.mt/www/delivery/afr.php?zoneid=147&cb=69', 'aria_label': None, 'class': ['tmiads'], 'id': 'a65e2a3a', 'text': ''}, {'tag': 'iframe', 'src': 'https://ads.independent.com.mt/www/delivery/afr.php?resize=1&zoneid=18&target=_blank&cb=281', 'aria_label': None, 'class': ['tmiads'], 'id': 'afd0542d', 'text': ''}]",5,1,244,0.12468063362289218,33,10,11,0,0,36,20,0.6363636363636364,1,0,0,1,0.114460909555442,1,21,4,18.130434782608695,0,0,0,0,0,0,0,096,independent,news_listing
210,55,45,12,12,1,24,12,29508,3719,23,7,"[{'tag': 'iframe', 'src': 'https://ads.independent.com.mt/www/delivery/afr.php?resize=1&zoneid=33&target=_blank&cb=130', 'aria_label': None, 'class': ['tmiads'], 'id': 'a5559624', 'text': ''}, {'tag': 'iframe', 'src': 'https://ads.independent.com.mt/www/delivery/afr.php?zoneid=108&cb=102', 'aria_label': None, 'class': ['tmiads'], 'id': 'a8127595', 'text': ''}, {'tag': 'iframe', 'src': 'https://ads.independent.com.mt/www/delivery/afr.php?zoneid=105&cb=191', 'aria_label': None, 'class': ['tmiads'], 'id': 'a301feba', 'text': ''}, {'tag': 'iframe', 'src': 'https://ads.independent.com.mt/www/delivery/afr.php?resize=1&zoneid=19&target=_blank&cb=227', 'aria_label': None, 'class': ['tmiads'], 'id': 'a3f5f1e3', 'text': ''}, {'tag': 'iframe', 'src': 'https://ads.independent.com.mt/www/delivery/afr.php?zoneid=104&cb=206', 'aria_label': None, 'class': ['tmiads'], 'id': 'a7ef03f2', 'text': ''}, {'tag': 'iframe', 'src': 'https://ads.independent.com.mt/www/delivery/afr.php?zoneid=147&cb=69', 'aria_label': None, 'class': ['tmiads'], 'id': 'a65e2a3a', 'text': ''}, {'tag': 'iframe', 'src': 'https://ads.independent.com.mt/www/delivery/afr.php?resize=1&zoneid=18&target=_blank&cb=281', 'aria_label': None, 'class': ['tmiads'], 'id': 'afd0542d', 'text': ''}]",5,1,244,0.12468063362289218,33,10,11,0,0,36,20,0.6363636363636364,1,0,0,1,0.114460909555442,1,21,4,18.130434782608695,0,0,0,0,0,0,0,097,independent,news_listing
210,55,45,12,12,1,24,12,29508,3719,23,7,"[{'tag': 'iframe', 'src': 'https://ads.independent.com.mt/www/delivery/afr.php?resize=1&zoneid=33&target=_blank&cb=130', 'aria_label': None, 'class': ['tmiads'], 'id': 'a5559624', 'text': ''}, {'tag': 'iframe', 'src': 'https://ads.independent.com.mt/www/delivery/afr.php?zoneid=108&cb=102', 'aria_label': None, 'class': ['tmiads'], 'id': 'a8127595', 'text': ''}, {'tag': 'iframe', 'src': 'https://ads.independent.com.mt/www/delivery/afr.php?zoneid=105&cb=191', 'aria_label': None, 'class': ['tmiads'], 'id': 'a301feba', 'text': ''}, {'tag': 'iframe', 'src': 'https://ads.independent.com.mt/www/delivery/afr.php?resize=1&zoneid=19&target=_blank&cb=227', 'aria_label': None, 'class': ['tmiads'], 'id': 'a3f5f1e3', 'text': ''}, {'tag': 'iframe', 'src': 'https://ads.independent.com.mt/www/delivery/afr.php?zoneid=104&cb=206', 'aria_label': None, 'class': ['tmiads'], 'id': 'a7ef03f2', 'text': ''}, {'tag': 'iframe', 'src': 'https://ads.independent.com.mt/www/delivery/afr.php?zoneid=147&cb=69', 'aria_label': None, 'class': ['tmiads'], 'id': 'a65e2a3a', 'text': ''}, {'tag': 'iframe', 'src': 'https://ads.independent.com.mt/www/delivery/afr.php?resize=1&zoneid=18&target=_blank&cb=281', 'aria_label': None, 'class': ['tmiads'], 'id': 'afd0542d', 'text': ''}]",5,1,244,0.12468063362289218,33,10,11,0,0,36,20,0.6363636363636364,1,0,0,1,0.114460909555442,1,21,4,18.130434782608695,0,0,0,0,0,0,0,098,independent,news_listing
135,30,40,11,0,1,20,12,4966,763,16,7,"[{'tag': 'iframe', 'src': 'https://ads.independent.com.mt/www/delivery/afr.php?resize=1&zoneid=33&target=_blank&cb=68', 'aria_label': None, 'class': ['tmiads'], 'id': 'a5559624', 'text': ''}, {'tag': 'iframe', 'src': 'https://ads.independent.com.mt/www/delivery/afr.php?zoneid=108&cb=172', 'aria_label': None, 'class': ['tmiads'], 'id': 'a8127595', 'text': ''}, {'tag': 'iframe', 'src': 'https://ads.independent.com.mt/www/delivery/afr.php?zoneid=105&cb=118', 'aria_label': None, 'class': ['tmiads'], 'id': 'a301feba', 'text': ''}, {'tag': 'iframe', 'src': 'https://ads.independent.com.mt/www/delivery/afr.php?resize=1&zoneid=19&target=_blank&cb=20', 'aria_label': None, 'class': ['tmiads'], 'id': 'a3f5f1e3', 'text': ''}, {'tag': 'iframe', 'src': 'https://ads.independent.com.mt/www/delivery/afr.php?zoneid=104&cb=260', 'aria_label': None, 'class': ['tmiads'], 'id': 'a7ef03f2', 'text': ''}, {'tag': 'iframe', 'src': 'https://ads.independent.com.mt/www/delivery/afr.php?zoneid=147&cb=204', 'aria_label': None, 'class': ['tmiads'], 'id': 'a65e2a3a', 'text': ''}, {'tag': 'iframe', 'src': 'https://ads.independent.com.mt/www/delivery/afr.php?resize=1&zoneid=18&target=_blank&cb=232', 'aria_label': None, 'class': ['tmiads'], 'id': 'afd0542d', 'text': ''}]",4,1,2,0.0035460992907801418,0,0,2,0,0,31,20,0.3333333333333333,1,0,0,1,0.04964539007092199,1,21,4,18.94736842105263,0,0,0,0,0,0,0,099,independent,news_listing
135,30,40,11,0,1,20,12,4966,763,16,7,"[{'tag': 'iframe', 'src': 'https://ads.independent.com.mt/www/delivery/afr.php?resize=1&zoneid=33&target=_blank&cb=68', 'aria_label': None, 'class': ['tmiads'], 'id': 'a5559624', 'text': ''}, {'tag': 'iframe', 'src': 'https://ads.independent.com.mt/www/delivery/afr.php?zoneid=108&cb=172', 'aria_label': None, 'class': ['tmiads'], 'id': 'a8127595', 'text': ''}, {'tag': 'iframe', 'src': 'https://ads.independent.com.mt/www/delivery/afr.php?zoneid=105&cb=118', 'aria_label': None, 'class': ['tmiads'], 'id': 'a301feba', 'text': ''}, {'tag': 'iframe', 'src': 'https://ads.independent.com.mt/www/delivery/afr.php?resize=1&zoneid=19&target=_blank&cb=20', 'aria_label': None, 'class': ['tmiads'], 'id': 'a3f5f1e3', 'text': ''}, {'tag': 'iframe', 'src': 'https://ads.independent.com.mt/www/delivery/afr.php?zoneid=104&cb=260', 'aria_label': None, 'class': ['tmiads'], 'id': 'a7ef03f2', 'text': ''}, {'tag': 'iframe', 'src': 'https://ads.independent.com.mt/www/delivery/afr.php?zoneid=147&cb=204', 'aria_label': None, 'class': ['tmiads'], 'id': 'a65e2a3a', 'text': ''}, {'tag': 'iframe', 'src': 'https://ads.independent.com.mt/www/delivery/afr.php?resize=1&zoneid=18&target=_blank&cb=232', 'aria_label': None, 'class': ['tmiads'], 'id': 'afd0542d', 'text': ''}]",4,1,2,0.0035460992907801418,0,0,2,0,0,31,20,0.3333333333333333,1,0,0,1,0.04964539007092199,1,21,4,18.94736842105263,0,0,0,0,0,0,0,100,independent,news_listing
135,30,40,11,0,1,20,12,4966,763,16,7,"[{'tag': 'iframe', 'src': 'https://ads.independent.com.mt/www/delivery/afr.php?resize=1&zoneid=33&target=_blank&cb=68', 'aria_label': None, 'class': ['tmiads'], 'id': 'a5559624', 'text': ''}, {'tag': 'iframe', 'src': 'https://ads.independent.com.mt/www/delivery/afr.php?zoneid=108&cb=172', 'aria_label': None, 'class': ['tmiads'], 'id': 'a8127595', 'text': ''}, {'tag': 'iframe', 'src': 'https://ads.independent.com.mt/www/delivery/afr.php?zoneid=105&cb=118', 'aria_label': None, 'class': ['tmiads'], 'id': 'a301feba', 'text': ''}, {'tag': 'iframe', 'src': 'https://ads.independent.com.mt/www/delivery/afr.php?resize=1&zoneid=19&target=_blank&cb=20', 'aria_label': None, 'class': ['tmiads'], 'id': 'a3f5f1e3', 'text': ''}, {'tag': 'iframe', 'src': 'https://ads.independent.com.mt/www/delivery/afr.php?zoneid=104&cb=260', 'aria_label': None, 'class': ['tmiads'], 'id': 'a7ef03f2', 'text': ''}, {'tag': 'iframe', 'src': 'https://ads.independent.com.mt/www/delivery/afr.php?zoneid=147&cb=204', 'aria_label': None, 'class': ['tmiads'], 'id': 'a65e2a3a', 'text': ''}, {'tag': 'iframe', 'src': 'https://ads.independent.com.mt/www/delivery/afr.php?resize=1&zoneid=18&target=_blank&cb=232', 'aria_label': None, 'class': ['tmiads'], 'id': 'afd0542d', 'text': ''}]",4,1,2,0.0035460992907801418,0,0,2,0,0,31,20,0.3333333333333333,1,0,0,1,0.04964539007092199,1,21,4,18.94736842105263,0,0,0,0,0,0,0,101,independent,news_listing
197,33,62,22,0,1,17,2,7720,1252,23,8,"[{'tag': 'iframe', 'src': 'https://ads.independent.com.mt/www/delivery/afr.php?resize=1&zoneid=31&target=_blank&cb=38', 'aria_label': None, 'class': ['tmiads'], 'id': 'af5023f7', 'text': ''}, {'tag': 'iframe', 'src': 'https://ads.independent.com.mt/www/delivery/afr.php?zoneid=96&cb=270', 'aria_label': None, 'class': ['tmiads'], 'id': 'a843ba79', 'text': ''}, {'tag': 'iframe', 'src': 'https://ads.independent.com.mt/www/delivery/afr.php?zoneid=93&cb=231', 'aria_label': None, 'class': ['tmiads'], 'id': 'a5c2371e', 'text': ''}, {'tag': 'iframe', 'src': 'https://ads.independent.com.mt/www/delivery/afr.php?resize=1&zoneid=22&target=_blank&cb=12', 'aria_label': None, 'class': ['tmiads'], 'id': 'ad1ea670', 'text': ''}, {'tag': 'iframe', 'src': 'https://ads.independent.com.mt/www/delivery/afr.php?resize=1&zoneid=21&target=_blank&cb=77', 'aria_label': None, 'class': ['tmiads'], 'id': 'a7c93e83', 'text': ''}, {'tag': 'iframe', 'src': 'http://ads.independent.com.mt/www/delivery/afr.php?zoneid=92&cb=107', 'aria_label': None, 'class': ['tmiads'], 'id': 'a537fbf2', 'text': ''}, {'tag': 'iframe', 'src': 'https://ads.independent.com.mt/www/delivery/afr.php?zoneid=147&cb=95', 'aria_label': None, 'class': ['tmiads'], 'id': 'a65e2a3a', 'text': ''}, {'tag': 'iframe', 'src': 'https://ads.independent.com.mt/www/delivery/afr.php?resize=1&zoneid=20&target=_blank&cb=217', 'aria_label': None, 'class': ['tmiads'], 'id': 'a7652f8a', 'text': ''}]",14,1,114,0.08,93,0,2,0,0,59,21,0.36363636363636365,0,0,0,1,0.09614035087719298,2,48,6,13.5625,0,0,0,0,0,0,0,102,independent,article_pages
197,33,62,22,0,1,17,2,7720,1252,23,8,"[{'tag': 'iframe', 'src': 'https://ads.independent.com.mt/www/delivery/afr.php?resize=1&zoneid=31&target=_blank&cb=38', 'aria_label': None, 'class': ['tmiads'], 'id': 'af5023f7', 'text': ''}, {'tag': 'iframe', 'src': 'https://ads.independent.com.mt/www/delivery/afr.php?zoneid=96&cb=270', 'aria_label': None, 'class': ['tmiads'], 'id': 'a843ba79', 'text': ''}, {'tag': 'iframe', 'src': 'https://ads.independent.com.mt/www/delivery/afr.php?zoneid=93&cb=231', 'aria_label': None, 'class': ['tmiads'], 'id': 'a5c2371e', 'text': ''}, {'tag': 'iframe', 'src': 'https://ads.independent.com.mt/www/delivery/afr.php?resize=1&zoneid=22&target=_blank&cb=12', 'aria_label': None, 'class': ['tmiads'], 'id': 'ad1ea670', 'text': ''}, {'tag': 'iframe', 'src': 'https://ads.independent.com.mt/www/delivery/afr.php?resize=1&zoneid=21&target=_blank&cb=77', 'aria_label': None, 'class': ['tmiads'], 'id': 'a7c93e83', 'text': ''}, {'tag': 'iframe', 'src': 'http://ads.independent.com.mt/www/delivery/afr.php?zoneid=92&cb=107', 'aria_label': None, 'class': ['tmiads'], 'id': 'a537fbf2', 'text': ''}, {'tag': 'iframe', 'src': 'https://ads.independent.com.mt/www/delivery/afr.php?zoneid=147&cb=95', 'aria_label': None, 'class': ['tmiads'], 'id': 'a65e2a3a', 'text': ''}, {'tag': 'iframe', 'src': 'https://ads.independent.com.mt/www/delivery/afr.php?resize=1&zoneid=20&target=_blank&cb=217', 'aria_label': None, 'class': ['tmiads'], 'id': 'a7652f8a', 'text': ''}]",14,1,114,0.08,93,0,2,0,0,59,21,0.36363636363636365,0,0,0,1,0.09614035087719298,2,48,6,13.5625,0,0,0,0,0,0,0,103,independent,article_pages
197,33,62,22,0,1,17,2,7720,1252,23,8,"[{'tag': 'iframe', 'src': 'https://ads.independent.com.mt/www/delivery/afr.php?resize=1&zoneid=31&target=_blank&cb=38', 'aria_label': None, 'class': ['tmiads'], 'id': 'af5023f7', 'text': ''}, {'tag': 'iframe', 'src': 'https://ads.independent.com.mt/www/delivery/afr.php?zoneid=96&cb=270', 'aria_label': None, 'class': ['tmiads'], 'id': 'a843ba79', 'text': ''}, {'tag': 'iframe', 'src': 'https://ads.independent.com.mt/www/delivery/afr.php?zoneid=93&cb=231', 'aria_label': None, 'class': ['tmiads'], 'id': 'a5c2371e', 'text': ''}, {'tag': 'iframe', 'src': 'https://ads.independent.com.mt/www/delivery/afr.php?resize=1&zoneid=22&target=_blank&cb=12', 'aria_label': None, 'class': ['tmiads'], 'id': 'ad1ea670', 'text': ''}, {'tag': 'iframe', 'src': 'https://ads.independent.com.mt/www/delivery/afr.php?resize=1&zoneid=21&target=_blank&cb=77', 'aria_label': None, 'class': ['tmiads'], 'id': 'a7c93e83', 'text': ''}, {'tag': 'iframe', 'src': 'http://ads.independent.com.mt/www/delivery/afr.php?zoneid=92&cb=107', 'aria_label': None, 'class': ['tmiads'], 'id': 'a537fbf2', 'text': ''}, {'tag': 'iframe', 'src': 'https://ads.independent.com.mt/www/delivery/afr.php?zoneid=147&cb=95', 'aria_label': None, 'class': ['tmiads'], 'id': 'a65e2a3a', 'text': ''}, {'tag': 'iframe', 'src': 'https://ads.independent.com.mt/www/delivery/afr.php?resize=1&zoneid=20&target=_blank&cb=217', 'aria_label': None, 'class': ['tmiads'], 'id': 'a7652f8a', 'text': ''}]",14,1,114,0.08,93,0,2,0,0,59,21,0.36363636363636365,0,0,0,1,0.09614035087719298,2,48,6,13.5625,0,0,0,0,0,0,0,104,independent,article_pages
197,33,62,22,0,1,17,2,7720,1252,23,8,"[{'tag': 'iframe', 'src': 'https://ads.independent.com.mt/www/delivery/afr.php?resize=1&zoneid=31&target=_blank&cb=38', 'aria_label': None, 'class': ['tmiads'], 'id': 'af5023f7', 'text': ''}, {'tag': 'iframe', 'src': 'https://ads.independent.com.mt/www/delivery/afr.php?zoneid=96&cb=270', 'aria_label': None, 'class': ['tmiads'], 'id': 'a843ba79', 'text': ''}, {'tag': 'iframe', 'src': 'https://ads.independent.com.mt/www/delivery/afr.php?zoneid=93&cb=231', 'aria_label': None, 'class': ['tmiads'], 'id': 'a5c2371e', 'text': ''}, {'tag': 'iframe', 'src': 'https://ads.independent.com.mt/www/delivery/afr.php?resize=1&zoneid=22&target=_blank&cb=12', 'aria_label': None, 'class': ['tmiads'], 'id': 'ad1ea670', 'text': ''}, {'tag': 'iframe', 'src': 'https://ads.independent.com.mt/www/delivery/afr.php?resize=1&zoneid=21&target=_blank&cb=77', 'aria_label': None, 'class': ['tmiads'], 'id': 'a7c93e83', 'text': ''}, {'tag': 'iframe', 'src': 'http://ads.independent.com.mt/www/delivery/afr.php?zoneid=92&cb=107', 'aria_label': None, 'class': ['tmiads'], 'id': 'a537fbf2', 'text': ''}, {'tag': 'iframe', 'src': 'https://ads.independent.com.mt/www/delivery/afr.php?zoneid=147&cb=95', 'aria_label': None, 'class': ['tmiads'], 'id': 'a65e2a3a', 'text': ''}, {'tag': 'iframe', 'src': 'https://ads.independent.com.mt/www/delivery/afr.php?resize=1&zoneid=20&target=_blank&cb=217', 'aria_label': None, 'class': ['tmiads'], 'id': 'a7652f8a', 'text': ''}]",14,1,114,0.08,93,0,2,0,0,59,21,0.36363636363636365,0,0,0,1,0.09614035087719298,2,48,6,13.5625,0,0,0,0,0,0,0,105,independent,article_pages
197,33,62,22,0,1,17,2,7720,1252,23,8,"[{'tag': 'iframe', 'src': 'https://ads.independent.com.mt/www/delivery/afr.php?resize=1&zoneid=31&target=_blank&cb=38', 'aria_label': None, 'class': ['tmiads'], 'id': 'af5023f7', 'text': ''}, {'tag': 'iframe', 'src': 'https://ads.independent.com.mt/www/delivery/afr.php?zoneid=96&cb=270', 'aria_label': None, 'class': ['tmiads'], 'id': 'a843ba79', 'text': ''}, {'tag': 'iframe', 'src': 'https://ads.independent.com.mt/www/delivery/afr.php?zoneid=93&cb=231', 'aria_label': None, 'class': ['tmiads'], 'id': 'a5c2371e', 'text': ''}, {'tag': 'iframe', 'src': 'https://ads.independent.com.mt/www/delivery/afr.php?resize=1&zoneid=22&target=_blank&cb=12', 'aria_label': None, 'class': ['tmiads'], 'id': 'ad1ea670', 'text': ''}, {'tag': 'iframe', 'src': 'https://ads.independent.com.mt/www/delivery/afr.php?resize=1&zoneid=21&target=_blank&cb=77', 'aria_label': None, 'class': ['tmiads'], 'id': 'a7c93e83', 'text': ''}, {'tag': 'iframe', 'src': 'http://ads.independent.com.mt/www/delivery/afr.php?zoneid=92&cb=107', 'aria_label': None, 'class': ['tmiads'], 'id': 'a537fbf2', 'text': ''}, {'tag': 'iframe', 'src': 'https://ads.independent.com.mt/www/delivery/afr.php?zoneid=147&cb=95', 'aria_label': None, 'class': ['tmiads'], 'id': 'a65e2a3a', 'text': ''}, {'tag': 'iframe', 'src': 'https://ads.independent.com.mt/www/delivery/afr.php?resize=1&zoneid=20&target=_blank&cb=217', 'aria_label': None, 'class': ['tmiads'], 'id': 'a7652f8a', 'text': ''}]",14,1,114,0.08,93,0,2,0,0,59,21,0.36363636363636365,0,0,0,1,0.09614035087719298,2,48,6,13.5625,0,0,0,0,0,0,0,106,independent,article_pages
197,33,62,22,0,1,17,2,7720,1252,23,8,"[{'tag': 'iframe', 'src': 'https://ads.independent.com.mt/www/delivery/afr.php?resize=1&zoneid=31&target=_blank&cb=38', 'aria_label': None, 'class': ['tmiads'], 'id': 'af5023f7', 'text': ''}, {'tag': 'iframe', 'src': 'https://ads.independent.com.mt/www/delivery/afr.php?zoneid=96&cb=270', 'aria_label': None, 'class': ['tmiads'], 'id': 'a843ba79', 'text': ''}, {'tag': 'iframe', 'src': 'https://ads.independent.com.mt/www/delivery/afr.php?zoneid=93&cb=231', 'aria_label': None, 'class': ['tmiads'], 'id': 'a5c2371e', 'text': ''}, {'tag': 'iframe', 'src': 'https://ads.independent.com.mt/www/delivery/afr.php?resize=1&zoneid=22&target=_blank&cb=12', 'aria_label': None, 'class': ['tmiads'], 'id': 'ad1ea670', 'text': ''}, {'tag': 'iframe', 'src': 'https://ads.independent.com.mt/www/delivery/afr.php?resize=1&zoneid=21&target=_blank&cb=77', 'aria_label': None, 'class': ['tmiads'], 'id': 'a7c93e83', 'text': ''}, {'tag': 'iframe', 'src': 'http://ads.independent.com.mt/www/delivery/afr.php?zoneid=92&cb=107', 'aria_label': None, 'class': ['tmiads'], 'id': 'a537fbf2', 'text': ''}, {'tag': 'iframe', 'src': 'https://ads.independent.com.mt/www/delivery/afr.php?zoneid=147&cb=95', 'aria_label': None, 'class': ['tmiads'], 'id': 'a65e2a3a', 'text': ''}, {'tag': 'iframe', 'src': 'https://ads.independent.com.mt/www/delivery/afr.php?resize=1&zoneid=20&target=_blank&cb=217', 'aria_label': None, 'class': ['tmiads'], 'id': 'a7652f8a', 'text': ''}]",14,1,114,0.08,93,0,2,0,0,59,21,0.36363636363636365,0,0,0,1,0.09614035087719298,2,48,6,13.5625,0,0,0,0,0,0,0,107,independent,article_pages
197,33,62,22,0,1,17,2,7720,1252,23,8,"[{'tag': 'iframe', 'src': 'https://ads.independent.com.mt/www/delivery/afr.php?resize=1&zoneid=31&target=_blank&cb=38', 'aria_label': None, 'class': ['tmiads'], 'id': 'af5023f7', 'text': ''}, {'tag': 'iframe', 'src': 'https://ads.independent.com.mt/www/delivery/afr.php?zoneid=96&cb=270', 'aria_label': None, 'class': ['tmiads'], 'id': 'a843ba79', 'text': ''}, {'tag': 'iframe', 'src': 'https://ads.independent.com.mt/www/delivery/afr.php?zoneid=93&cb=231', 'aria_label': None, 'class': ['tmiads'], 'id': 'a5c2371e', 'text': ''}, {'tag': 'iframe', 'src': 'https://ads.independent.com.mt/www/delivery/afr.php?resize=1&zoneid=22&target=_blank&cb=12', 'aria_label': None, 'class': ['tmiads'], 'id': 'ad1ea670', 'text': ''}, {'tag': 'iframe', 'src': 'https://ads.independent.com.mt/www/delivery/afr.php?resize=1&zoneid=21&target=_blank&cb=77', 'aria_label': None, 'class': ['tmiads'], 'id': 'a7c93e83', 'text': ''}, {'tag': 'iframe', 'src': 'http://ads.independent.com.mt/www/delivery/afr.php?zoneid=92&cb=107', 'aria_label': None, 'class': ['tmiads'], 'id': 'a537fbf2', 'text': ''}, {'tag': 'iframe', 'src': 'https://ads.independent.com.mt/www/delivery/afr.php?zoneid=147&cb=95', 'aria_label': None, 'class': ['tmiads'], 'id': 'a65e2a3a', 'text': ''}, {'tag': 'iframe', 'src': 'https://ads.independent.com.mt/www/delivery/afr.php?resize=1&zoneid=20&target=_blank&cb=217', 'aria_label': None, 'class': ['tmiads'], 'id': 'a7652f8a', 'text': ''}]",14,1,114,0.08,93,0,2,0,0,59,21,0.36363636363636365,0,0,0,1,0.09614035087719298,2,48,6,13.5625,0,0,0,0,0,0,0,108,independent,article_pages
197,33,62,22,0,1,17,2,7720,1252,23,8,"[{'tag': 'iframe', 'src': 'https://ads.independent.com.mt/www/delivery/afr.php?resize=1&zoneid=31&target=_blank&cb=38', 'aria_label': None, 'class': ['tmiads'], 'id': 'af5023f7', 'text': ''}, {'tag': 'iframe', 'src': 'https://ads.independent.com.mt/www/delivery/afr.php?zoneid=96&cb=270', 'aria_label': None, 'class': ['tmiads'], 'id': 'a843ba79', 'text': ''}, {'tag': 'iframe', 'src': 'https://ads.independent.com.mt/www/delivery/afr.php?zoneid=93&cb=231', 'aria_label': None, 'class': ['tmiads'], 'id': 'a5c2371e', 'text': ''}, {'tag': 'iframe', 'src': 'https://ads.independent.com.mt/www/delivery/afr.php?resize=1&zoneid=22&target=_blank&cb=12', 'aria_label': None, 'class': ['tmiads'], 'id': 'ad1ea670', 'text': ''}, {'tag': 'iframe', 'src': 'https://ads.independent.com.mt/www/delivery/afr.php?resize=1&zoneid=21&target=_blank&cb=77', 'aria_label': None, 'class': ['tmiads'], 'id': 'a7c93e83', 'text': ''}, {'tag': 'iframe', 'src': 'http://ads.independent.com.mt/www/delivery/afr.php?zoneid=92&cb=107', 'aria_label': None, 'class': ['tmiads'], 'id': 'a537fbf2', 'text': ''}, {'tag': 'iframe', 'src': 'https://ads.independent.com.mt/www/delivery/afr.php?zoneid=147&cb=95', 'aria_label': None, 'class': ['tmiads'], 'id': 'a65e2a3a', 'text': ''}, {'tag': 'iframe', 'src': 'https://ads.independent.com.mt/www/delivery/afr.php?resize=1&zoneid=20&target=_blank&cb=217', 'aria_label': None, 'class': ['tmiads'], 'id': 'a7652f8a', 'text': ''}]",14,1,114,0.08,93,0,2,0,0,59,21,0.36363636363636365,0,0,0,1,0.09614035087719298,2,48,6,13.5625,0,0,0,0,0,0,0,109,independent,article_pages
197,33,62,22,0,1,17,2,7720,1252,23,8,"[{'tag': 'iframe', 'src': 'https://ads.independent.com.mt/www/delivery/afr.php?resize=1&zoneid=31&target=_blank&cb=38', 'aria_label': None, 'class': ['tmiads'], 'id': 'af5023f7', 'text': ''}, {'tag': 'iframe', 'src': 'https://ads.independent.com.mt/www/delivery/afr.php?zoneid=96&cb=270', 'aria_label': None, 'class': ['tmiads'], 'id': 'a843ba79', 'text': ''}, {'tag': 'iframe', 'src': 'https://ads.independent.com.mt/www/delivery/afr.php?zoneid=93&cb=231', 'aria_label': None, 'class': ['tmiads'], 'id': 'a5c2371e', 'text': ''}, {'tag': 'iframe', 'src': 'https://ads.independent.com.mt/www/delivery/afr.php?resize=1&zoneid=22&target=_blank&cb=12', 'aria_label': None, 'class': ['tmiads'], 'id': 'ad1ea670', 'text': ''}, {'tag': 'iframe', 'src': 'https://ads.independent.com.mt/www/delivery/afr.php?resize=1&zoneid=21&target=_blank&cb=77', 'aria_label': None, 'class': ['tmiads'], 'id': 'a7c93e83', 'text': ''}, {'tag': 'iframe', 'src': 'http://ads.independent.com.mt/www/delivery/afr.php?zoneid=92&cb=107', 'aria_label': None, 'class': ['tmiads'], 'id': 'a537fbf2', 'text': ''}, {'tag': 'iframe', 'src': 'https://ads.independent.com.mt/www/delivery/afr.php?zoneid=147&cb=95', 'aria_label': None, 'class': ['tmiads'], 'id': 'a65e2a3a', 'text': ''}, {'tag': 'iframe', 'src': 'https://ads.independent.com.mt/www/delivery/afr.php?resize=1&zoneid=20&target=_blank&cb=217', 'aria_label': None, 'class': ['tmiads'], 'id': 'a7652f8a', 'text': ''}]",14,1,114,0.08,93,0,2,0,0,59,21,0.36363636363636365,0,0,0,1,0.09614035087719298,2,48,6,13.5625,0,0,0,0,0,0,0,110,independent,article_pages
197,33,62,22,0,1,17,2,7720,1252,23,8,"[{'tag': 'iframe', 'src': 'https://ads.independent.com.mt/www/delivery/afr.php?resize=1&zoneid=31&target=_blank&cb=38', 'aria_label': None, 'class': ['tmiads'], 'id': 'af5023f7', 'text': ''}, {'tag': 'iframe', 'src': 'https://ads.independent.com.mt/www/delivery/afr.php?zoneid=96&cb=270', 'aria_label': None, 'class': ['tmiads'], 'id': 'a843ba79', 'text': ''}, {'tag': 'iframe', 'src': 'https://ads.independent.com.mt/www/delivery/afr.php?zoneid=93&cb=231', 'aria_label': None, 'class': ['tmiads'], 'id': 'a5c2371e', 'text': ''}, {'tag': 'iframe', 'src': 'https://ads.independent.com.mt/www/delivery/afr.php?resize=1&zoneid=22&target=_blank&cb=12', 'aria_label': None, 'class': ['tmiads'], 'id': 'ad1ea670', 'text': ''}, {'tag': 'iframe', 'src': 'https://ads.independent.com.mt/www/delivery/afr.php?resize=1&zoneid=21&target=_blank&cb=77', 'aria_label': None, 'class': ['tmiads'], 'id': 'a7c93e83', 'text': ''}, {'tag': 'iframe', 'src': 'http://ads.independent.com.mt/www/delivery/afr.php?zoneid=92&cb=107', 'aria_label': None, 'class': ['tmiads'], 'id': 'a537fbf2', 'text': ''}, {'tag': 'iframe', 'src': 'https://ads.independent.com.mt/www/delivery/afr.php?zoneid=147&cb=95', 'aria_label': None, 'class': ['tmiads'], 'id': 'a65e2a3a', 'text': ''}, {'tag': 'iframe', 'src': 'https://ads.independent.com.mt/www/delivery/afr.php?resize=1&zoneid=20&target=_blank&cb=217', 'aria_label': None, 'class': ['tmiads'], 'id': 'a7652f8a', 'text': ''}]",14,1,114,0.08,93,0,2,0,0,59,21,0.36363636363636365,0,0,0,1,0.09614035087719298,2,48,6,13.5625,0,0,0,0,0,0,0,111,independent,article_pages
197,33,62,22,0,1,17,2,7720,1252,23,8,"[{'tag': 'iframe', 'src': 'https://ads.independent.com.mt/www/delivery/afr.php?resize=1&zoneid=31&target=_blank&cb=38', 'aria_label': None, 'class': ['tmiads'], 'id': 'af5023f7', 'text': ''}, {'tag': 'iframe', 'src': 'https://ads.independent.com.mt/www/delivery/afr.php?zoneid=96&cb=270', 'aria_label': None, 'class': ['tmiads'], 'id': 'a843ba79', 'text': ''}, {'tag': 'iframe', 'src': 'https://ads.independent.com.mt/www/delivery/afr.php?zoneid=93&cb=231', 'aria_label': None, 'class': ['tmiads'], 'id': 'a5c2371e', 'text': ''}, {'tag': 'iframe', 'src': 'https://ads.independent.com.mt/www/delivery/afr.php?resize=1&zoneid=22&target=_blank&cb=12', 'aria_label': None, 'class': ['tmiads'], 'id': 'ad1ea670', 'text': ''}, {'tag': 'iframe', 'src': 'https://ads.independent.com.mt/www/delivery/afr.php?resize=1&zoneid=21&target=_blank&cb=77', 'aria_label': None, 'class': ['tmiads'], 'id': 'a7c93e83', 'text': ''}, {'tag': 'iframe', 'src': 'http://ads.independent.com.mt/www/delivery/afr.php?zoneid=92&cb=107', 'aria_label': None, 'class': ['tmiads'], 'id': 'a537fbf2', 'text': ''}, {'tag': 'iframe', 'src': 'https://ads.independent.com.mt/www/delivery/afr.php?zoneid=147&cb=95', 'aria_label': None, 'class': ['tmiads'], 'id': 'a65e2a3a', 'text': ''}, {'tag': 'iframe', 'src': 'https://ads.independent.com.mt/www/delivery/afr.php?resize=1&zoneid=20&target=_blank&cb=217', 'aria_label': None, 'class': ['tmiads'], 'id': 'a7652f8a', 'text': ''}]",14,1,114,0.08,93,0,2,0,0,59,21,0.36363636363636365,0,0,0,1,0.09614035087719298,2,48,6,13.5625,0,0,0,0,0,0,0,112,independent,article_pages
197,33,62,22,0,1,17,2,7720,1252,23,8,"[{'tag': 'iframe', 'src': 'https://ads.independent.com.mt/www/delivery/afr.php?resize=1&zoneid=31&target=_blank&cb=38', 'aria_label': None, 'class': ['tmiads'], 'id': 'af5023f7', 'text': ''}, {'tag': 'iframe', 'src': 'https://ads.independent.com.mt/www/delivery/afr.php?zoneid=96&cb=270', 'aria_label': None, 'class': ['tmiads'], 'id': 'a843ba79', 'text': ''}, {'tag': 'iframe', 'src': 'https://ads.independent.com.mt/www/delivery/afr.php?zoneid=93&cb=231', 'aria_label': None, 'class': ['tmiads'], 'id': 'a5c2371e', 'text': ''}, {'tag': 'iframe', 'src': 'https://ads.independent.com.mt/www/delivery/afr.php?resize=1&zoneid=22&target=_blank&cb=12', 'aria_label': None, 'class': ['tmiads'], 'id': 'ad1ea670', 'text': ''}, {'tag': 'iframe', 'src': 'https://ads.independent.com.mt/www/delivery/afr.php?resize=1&zoneid=21&target=_blank&cb=77', 'aria_label': None, 'class': ['tmiads'], 'id': 'a7c93e83', 'text': ''}, {'tag': 'iframe', 'src': 'http://ads.independent.com.mt/www/delivery/afr.php?zoneid=92&cb=107', 'aria_label': None, 'class': ['tmiads'], 'id': 'a537fbf2', 'text': ''}, {'tag': 'iframe', 'src': 'https://ads.independent.com.mt/www/delivery/afr.php?zoneid=147&cb=95', 'aria_label': None, 'class': ['tmiads'], 'id': 'a65e2a3a', 'text': ''}, {'tag': 'iframe', 'src': 'https://ads.independent.com.mt/www/delivery/afr.php?resize=1&zoneid=20&target=_blank&cb=217', 'aria_label': None, 'class': ['tmiads'], 'id': 'a7652f8a', 'text': ''}]",14,1,114,0.08,93,0,2,0,0,59,21,0.36363636363636365,0,0,0,1,0.09614035087719298,2,48,6,13.5625,0,0,0,0,0,0,0,113,independent,article_pages
197,33,62,22,0,1,42,5,13355,2157,23,8,"[{'tag': 'iframe', 'src': 'https://ads.independent.com.mt/www/delivery/afr.php?zoneid=36&cb=139', 'aria_label': None, 'class': ['tmiads'], 'id': 'af87707c', 'text': ''}, {'tag': 'iframe', 'src': 'https://ads.independent.com.mt/www/delivery/afr.php?zoneid=144&cb=9', 'aria_label': None, 'class': ['tmiads'], 'id': 'a7d95b78', 'text': ''}, {'tag': 'iframe', 'src': 'https://ads.independent.com.mt/www/delivery/afr.php?zoneid=141&cb=41', 'aria_label': None, 'class': ['tmiads'], 'id': 'a1353246', 'text': ''}, {'tag': 'iframe', 'src': 'https://ads.independent.com.mt/www/delivery/afr.php?resize=1&zoneid=22&target=_blank&cb=59', 'aria_label': None, 'class': ['tmiads'], 'id': 'ad1ea670', 'text': ''}, {'tag': 'iframe', 'src': 'https://ads.independent.com.mt/www/delivery/afr.php?zoneid=35&cb=196', 'aria_label': None, 'class': ['tmiads'], 'id': 'abcfa804', 'text': ''}, {'tag': 'iframe', 'src': 'https://ads.independent.com.mt/www/delivery/afr.php?zoneid=140&cb=46', 'aria_label': None, 'class': ['tmiads'], 'id': 'afcbf42a', 'text': ''}, {'tag': 'iframe', 'src': 'https://ads.independent.com.mt/www/delivery/afr.php?zoneid=147&cb=28', 'aria_label': None, 'class': ['tmiads'], 'id': 'a65e2a3a', 'text': ''}, {'tag': 'iframe', 'src': 'https://ads.independent.com.mt/www/delivery/afr.php?zoneid=34&cb=113', 'aria_label': None, 'class': ['tmiads'], 'id': 'ac264775', 'text': ''}]",14,1,114,0.079002079002079,93,0,2,0,0,59,21,0.36363636363636365,1,0,0,1,0.09494109494109494,2,48,6,27.24390243902439,0,0,0,0,0,0,0,114,independent,article_pages
197,33,62,22,0,1,42,5,13355,2157,23,8,"[{'tag': 'iframe', 'src': 'https://ads.independent.com.mt/www/delivery/afr.php?zoneid=36&cb=139', 'aria_label': None, 'class': ['tmiads'], 'id': 'af87707c', 'text': ''}, {'tag': 'iframe', 'src': 'https://ads.independent.com.mt/www/delivery/afr.php?zoneid=144&cb=9', 'aria_label': None, 'class': ['tmiads'], 'id': 'a7d95b78', 'text': ''}, {'tag': 'iframe', 'src': 'https://ads.independent.com.mt/www/delivery/afr.php?zoneid=141&cb=41', 'aria_label': None, 'class': ['tmiads'], 'id': 'a1353246', 'text': ''}, {'tag': 'iframe', 'src': 'https://ads.independent.com.mt/www/delivery/afr.php?resize=1&zoneid=22&target=_blank&cb=59', 'aria_label': None, 'class': ['tmiads'], 'id': 'ad1ea670', 'text': ''}, {'tag': 'iframe', 'src': 'https://ads.independent.com.mt/www/delivery/afr.php?zoneid=35&cb=196', 'aria_label': None, 'class': ['tmiads'], 'id': 'abcfa804', 'text': ''}, {'tag': 'iframe', 'src': 'https://ads.independent.com.mt/www/delivery/afr.php?zoneid=140&cb=46', 'aria_label': None, 'class': ['tmiads'], 'id': 'afcbf42a', 'text': ''}, {'tag': 'iframe', 'src': 'https://ads.independent.com.mt/www/delivery/afr.php?zoneid=147&cb=28', 'aria_label': None, 'class': ['tmiads'], 'id': 'a65e2a3a', 'text': ''}, {'tag': 'iframe', 'src': 'https://ads.independent.com.mt/www/delivery/afr.php?zoneid=34&cb=113', 'aria_label': None, 'class': ['tmiads'], 'id': 'ac264775', 'text': ''}]",14,1,114,0.079002079002079,93,0,2,0,0,59,21,0.36363636363636365,1,0,0,1,0.09494109494109494,2,48,6,27.24390243902439,0,0,0,0,0,0,0,115,independent,article_pages
197,33,62,22,0,1,42,5,13355,2157,23,8,"[{'tag': 'iframe', 'src': 'https://ads.independent.com.mt/www/delivery/afr.php?zoneid=36&cb=139', 'aria_label': None, 'class': ['tmiads'], 'id': 'af87707c', 'text': ''}, {'tag': 'iframe', 'src': 'https://ads.independent.com.mt/www/delivery/afr.php?zoneid=144&cb=9', 'aria_label': None, 'class': ['tmiads'], 'id': 'a7d95b78', 'text': ''}, {'tag': 'iframe', 'src': 'https://ads.independent.com.mt/www/delivery/afr.php?zoneid=141&cb=41', 'aria_label': None, 'class': ['tmiads'], 'id': 'a1353246', 'text': ''}, {'tag': 'iframe', 'src': 'https://ads.independent.com.mt/www/delivery/afr.php?resize=1&zoneid=22&target=_blank&cb=59', 'aria_label': None, 'class': ['tmiads'], 'id': 'ad1ea670', 'text': ''}, {'tag': 'iframe', 'src': 'https://ads.independent.com.mt/www/delivery/afr.php?zoneid=35&cb=196', 'aria_label': None, 'class': ['tmiads'], 'id': 'abcfa804', 'text': ''}, {'tag': 'iframe', 'src': 'https://ads.independent.com.mt/www/delivery/afr.php?zoneid=140&cb=46', 'aria_label': None, 'class': ['tmiads'], 'id': 'afcbf42a', 'text': ''}, {'tag': 'iframe', 'src': 'https://ads.independent.com.mt/www/delivery/afr.php?zoneid=147&cb=28', 'aria_label': None, 'class': ['tmiads'], 'id': 'a65e2a3a', 'text': ''}, {'tag': 'iframe', 'src': 'https://ads.independent.com.mt/www/delivery/afr.php?zoneid=34&cb=113', 'aria_label': None, 'class': ['tmiads'], 'id': 'ac264775', 'text': ''}]",14,1,114,0.079002079002079,93,0,2,0,0,59,21,0.36363636363636365,1,0,0,1,0.09494109494109494,2,48,6,27.24390243902439,0,0,0,0,0,0,0,116,independent,article_pages
197,33,62,22,0,1,42,5,13355,2157,23,8,"[{'tag': 'iframe', 'src': 'https://ads.independent.com.mt/www/delivery/afr.php?zoneid=36&cb=139', 'aria_label': None, 'class': ['tmiads'], 'id': 'af87707c', 'text': ''}, {'tag': 'iframe', 'src': 'https://ads.independent.com.mt/www/delivery/afr.php?zoneid=144&cb=9', 'aria_label': None, 'class': ['tmiads'], 'id': 'a7d95b78', 'text': ''}, {'tag': 'iframe', 'src': 'https://ads.independent.com.mt/www/delivery/afr.php?zoneid=141&cb=41', 'aria_label': None, 'class': ['tmiads'], 'id': 'a1353246', 'text': ''}, {'tag': 'iframe', 'src': 'https://ads.independent.com.mt/www/delivery/afr.php?resize=1&zoneid=22&target=_blank&cb=59', 'aria_label': None, 'class': ['tmiads'], 'id': 'ad1ea670', 'text': ''}, {'tag': 'iframe', 'src': 'https://ads.independent.com.mt/www/delivery/afr.php?zoneid=35&cb=196', 'aria_label': None, 'class': ['tmiads'], 'id': 'abcfa804', 'text': ''}, {'tag': 'iframe', 'src': 'https://ads.independent.com.mt/www/delivery/afr.php?zoneid=140&cb=46', 'aria_label': None, 'class': ['tmiads'], 'id': 'afcbf42a', 'text': ''}, {'tag': 'iframe', 'src': 'https://ads.independent.com.mt/www/delivery/afr.php?zoneid=147&cb=28', 'aria_label': None, 'class': ['tmiads'], 'id': 'a65e2a3a', 'text': ''}, {'tag': 'iframe', 'src': 'https://ads.independent.com.mt/www/delivery/afr.php?zoneid=34&cb=113', 'aria_label': None, 'class': ['tmiads'], 'id': 'ac264775', 'text': ''}]",14,1,114,0.079002079002079,93,0,2,0,0,59,21,0.36363636363636365,1,0,0,1,0.09494109494109494,2,48,6,27.24390243902439,0,0,0,0,0,0,0,117,independent,article_pages
197,33,62,22,0,1,42,5,13355,2157,23,8,"[{'tag': 'iframe', 'src': 'https://ads.independent.com.mt/www/delivery/afr.php?zoneid=36&cb=139', 'aria_label': None, 'class': ['tmiads'], 'id': 'af87707c', 'text': ''}, {'tag': 'iframe', 'src': 'https://ads.independent.com.mt/www/delivery/afr.php?zoneid=144&cb=9', 'aria_label': None, 'class': ['tmiads'], 'id': 'a7d95b78', 'text': ''}, {'tag': 'iframe', 'src': 'https://ads.independent.com.mt/www/delivery/afr.php?zoneid=141&cb=41', 'aria_label': None, 'class': ['tmiads'], 'id': 'a1353246', 'text': ''}, {'tag': 'iframe', 'src': 'https://ads.independent.com.mt/www/delivery/afr.php?resize=1&zoneid=22&target=_blank&cb=59', 'aria_label': None, 'class': ['tmiads'], 'id': 'ad1ea670', 'text': ''}, {'tag': 'iframe', 'src': 'https://ads.independent.com.mt/www/delivery/afr.php?zoneid=35&cb=196', 'aria_label': None, 'class': ['tmiads'], 'id': 'abcfa804', 'text': ''}, {'tag': 'iframe', 'src': 'https://ads.independent.com.mt/www/delivery/afr.php?zoneid=140&cb=46', 'aria_label': None, 'class': ['tmiads'], 'id': 'afcbf42a', 'text': ''}, {'tag': 'iframe', 'src': 'https://ads.independent.com.mt/www/delivery/afr.php?zoneid=147&cb=28', 'aria_label': None, 'class': ['tmiads'], 'id': 'a65e2a3a', 'text': ''}, {'tag': 'iframe', 'src': 'https://ads.independent.com.mt/www/delivery/afr.php?zoneid=34&cb=113', 'aria_label': None, 'class': ['tmiads'], 'id': 'ac264775', 'text': ''}]",14,1,114,0.079002079002079,93,0,2,0,0,59,21,0.36363636363636365,1,0,0,1,0.09494109494109494,2,48,6,27.24390243902439,0,0,0,0,0,0,0,118,independent,article_pages
197,33,62,22,0,1,42,5,13355,2157,23,8,"[{'tag': 'iframe', 'src': 'https://ads.independent.com.mt/www/delivery/afr.php?zoneid=36&cb=139', 'aria_label': None, 'class': ['tmiads'], 'id': 'af87707c', 'text': ''}, {'tag': 'iframe', 'src': 'https://ads.independent.com.mt/www/delivery/afr.php?zoneid=144&cb=9', 'aria_label': None, 'class': ['tmiads'], 'id': 'a7d95b78', 'text': ''}, {'tag': 'iframe', 'src': 'https://ads.independent.com.mt/www/delivery/afr.php?zoneid=141&cb=41', 'aria_label': None, 'class': ['tmiads'], 'id': 'a1353246', 'text': ''}, {'tag': 'iframe', 'src': 'https://ads.independent.com.mt/www/delivery/afr.php?resize=1&zoneid=22&target=_blank&cb=59', 'aria_label': None, 'class': ['tmiads'], 'id': 'ad1ea670', 'text': ''}, {'tag': 'iframe', 'src': 'https://ads.independent.com.mt/www/delivery/afr.php?zoneid=35&cb=196', 'aria_label': None, 'class': ['tmiads'], 'id': 'abcfa804', 'text': ''}, {'tag': 'iframe', 'src': 'https://ads.independent.com.mt/www/delivery/afr.php?zoneid=140&cb=46', 'aria_label': None, 'class': ['tmiads'], 'id': 'afcbf42a', 'text': ''}, {'tag': 'iframe', 'src': 'https://ads.independent.com.mt/www/delivery/afr.php?zoneid=147&cb=28', 'aria_label': None, 'class': ['tmiads'], 'id': 'a65e2a3a', 'text': ''}, {'tag': 'iframe', 'src': 'https://ads.independent.com.mt/www/delivery/afr.php?zoneid=34&cb=113', 'aria_label': None, 'class': ['tmiads'], 'id': 'ac264775', 'text': ''}]",14,1,114,0.079002079002079,93,0,2,0,0,59,21,0.36363636363636365,1,0,0,1,0.09494109494109494,2,48,6,27.24390243902439,0,0,0,0,0,0,0,119,independent,article_pages
197,33,62,22,0,1,42,5,13355,2157,23,8,"[{'tag': 'iframe', 'src': 'https://ads.independent.com.mt/www/delivery/afr.php?zoneid=36&cb=139', 'aria_label': None, 'class': ['tmiads'], 'id': 'af87707c', 'text': ''}, {'tag': 'iframe', 'src': 'https://ads.independent.com.mt/www/delivery/afr.php?zoneid=144&cb=9', 'aria_label': None, 'class': ['tmiads'], 'id': 'a7d95b78', 'text': ''}, {'tag': 'iframe', 'src': 'https://ads.independent.com.mt/www/delivery/afr.php?zoneid=141&cb=41', 'aria_label': None, 'class': ['tmiads'], 'id': 'a1353246', 'text': ''}, {'tag': 'iframe', 'src': 'https://ads.independent.com.mt/www/delivery/afr.php?resize=1&zoneid=22&target=_blank&cb=59', 'aria_label': None, 'class': ['tmiads'], 'id': 'ad1ea670', 'text': ''}, {'tag': 'iframe', 'src': 'https://ads.independent.com.mt/www/delivery/afr.php?zoneid=35&cb=196', 'aria_label': None, 'class': ['tmiads'], 'id': 'abcfa804', 'text': ''}, {'tag': 'iframe', 'src': 'https://ads.independent.com.mt/www/delivery/afr.php?zoneid=140&cb=46', 'aria_label': None, 'class': ['tmiads'], 'id': 'afcbf42a', 'text': ''}, {'tag': 'iframe', 'src': 'https://ads.independent.com.mt/www/delivery/afr.php?zoneid=147&cb=28', 'aria_label': None, 'class': ['tmiads'], 'id': 'a65e2a3a', 'text': ''}, {'tag': 'iframe', 'src': 'https://ads.independent.com.mt/www/delivery/afr.php?zoneid=34&cb=113', 'aria_label': None, 'class': ['tmiads'], 'id': 'ac264775', 'text': ''}]",14,1,114,0.079002079002079,93,0,2,0,0,59,21,0.36363636363636365,1,0,0,1,0.09494109494109494,2,48,6,27.24390243902439,0,0,0,0,0,0,0,120,independent,article_pages
197,33,62,22,0,1,42,5,13355,2157,23,8,"[{'tag': 'iframe', 'src': 'https://ads.independent.com.mt/www/delivery/afr.php?zoneid=36&cb=139', 'aria_label': None, 'class': ['tmiads'], 'id': 'af87707c', 'text': ''}, {'tag': 'iframe', 'src': 'https://ads.independent.com.mt/www/delivery/afr.php?zoneid=144&cb=9', 'aria_label': None, 'class': ['tmiads'], 'id': 'a7d95b78', 'text': ''}, {'tag': 'iframe', 'src': 'https://ads.independent.com.mt/www/delivery/afr.php?zoneid=141&cb=41', 'aria_label': None, 'class': ['tmiads'], 'id': 'a1353246', 'text': ''}, {'tag': 'iframe', 'src': 'https://ads.independent.com.mt/www/delivery/afr.php?resize=1&zoneid=22&target=_blank&cb=59', 'aria_label': None, 'class': ['tmiads'], 'id': 'ad1ea670', 'text': ''}, {'tag': 'iframe', 'src': 'https://ads.independent.com.mt/www/delivery/afr.php?zoneid=35&cb=196', 'aria_label': None, 'class': ['tmiads'], 'id': 'abcfa804', 'text': ''}, {'tag': 'iframe', 'src': 'https://ads.independent.com.mt/www/delivery/afr.php?zoneid=140&cb=46', 'aria_label': None, 'class': ['tmiads'], 'id': 'afcbf42a', 'text': ''}, {'tag': 'iframe', 'src': 'https://ads.independent.com.mt/www/delivery/afr.php?zoneid=147&cb=28', 'aria_label': None, 'class': ['tmiads'], 'id': 'a65e2a3a', 'text': ''}, {'tag': 'iframe', 'src': 'https://ads.independent.com.mt/www/delivery/afr.php?zoneid=34&cb=113', 'aria_label': None, 'class': ['tmiads'], 'id': 'ac264775', 'text': ''}]",14,1,114,0.079002079002079,93,0,2,0,0,59,21,0.36363636363636365,1,0,0,1,0.09494109494109494,2,48,6,27.24390243902439,0,0,0,0,0,0,0,121,independent,article_pages
197,33,62,22,0,1,42,5,13355,2157,23,8,"[{'tag': 'iframe', 'src': 'https://ads.independent.com.mt/www/delivery/afr.php?zoneid=36&cb=139', 'aria_label': None, 'class': ['tmiads'], 'id': 'af87707c', 'text': ''}, {'tag': 'iframe', 'src': 'https://ads.independent.com.mt/www/delivery/afr.php?zoneid=144&cb=9', 'aria_label': None, 'class': ['tmiads'], 'id': 'a7d95b78', 'text': ''}, {'tag': 'iframe', 'src': 'https://ads.independent.com.mt/www/delivery/afr.php?zoneid=141&cb=41', 'aria_label': None, 'class': ['tmiads'], 'id': 'a1353246', 'text': ''}, {'tag': 'iframe', 'src': 'https://ads.independent.com.mt/www/delivery/afr.php?resize=1&zoneid=22&target=_blank&cb=59', 'aria_label': None, 'class': ['tmiads'], 'id': 'ad1ea670', 'text': ''}, {'tag': 'iframe', 'src': 'https://ads.independent.com.mt/www/delivery/afr.php?zoneid=35&cb=196', 'aria_label': None, 'class': ['tmiads'], 'id': 'abcfa804', 'text': ''}, {'tag': 'iframe', 'src': 'https://ads.independent.com.mt/www/delivery/afr.php?zoneid=140&cb=46', 'aria_label': None, 'class': ['tmiads'], 'id': 'afcbf42a', 'text': ''}, {'tag': 'iframe', 'src': 'https://ads.independent.com.mt/www/delivery/afr.php?zoneid=147&cb=28', 'aria_label': None, 'class': ['tmiads'], 'id': 'a65e2a3a', 'text': ''}, {'tag': 'iframe', 'src': 'https://ads.independent.com.mt/www/delivery/afr.php?zoneid=34&cb=113', 'aria_label': None, 'class': ['tmiads'], 'id': 'ac264775', 'text': ''}]",14,1,114,0.079002079002079,93,0,2,0,0,59,21,0.36363636363636365,1,0,0,1,0.09494109494109494,2,48,6,27.24390243902439,0,0,0,0,0,0,0,122,independent,article_pages
197,33,62,22,0,1,42,5,13355,2157,23,8,"[{'tag': 'iframe', 'src': 'https://ads.independent.com.mt/www/delivery/afr.php?zoneid=36&cb=139', 'aria_label': None, 'class': ['tmiads'], 'id': 'af87707c', 'text': ''}, {'tag': 'iframe', 'src': 'https://ads.independent.com.mt/www/delivery/afr.php?zoneid=144&cb=9', 'aria_label': None, 'class': ['tmiads'], 'id': 'a7d95b78', 'text': ''}, {'tag': 'iframe', 'src': 'https://ads.independent.com.mt/www/delivery/afr.php?zoneid=141&cb=41', 'aria_label': None, 'class': ['tmiads'], 'id': 'a1353246', 'text': ''}, {'tag': 'iframe', 'src': 'https://ads.independent.com.mt/www/delivery/afr.php?resize=1&zoneid=22&target=_blank&cb=59', 'aria_label': None, 'class': ['tmiads'], 'id': 'ad1ea670', 'text': ''}, {'tag': 'iframe', 'src': 'https://ads.independent.com.mt/www/delivery/afr.php?zoneid=35&cb=196', 'aria_label': None, 'class': ['tmiads'], 'id': 'abcfa804', 'text': ''}, {'tag': 'iframe', 'src': 'https://ads.independent.com.mt/www/delivery/afr.php?zoneid=140&cb=46', 'aria_label': None, 'class': ['tmiads'], 'id': 'afcbf42a', 'text': ''}, {'tag': 'iframe', 'src': 'https://ads.independent.com.mt/www/delivery/afr.php?zoneid=147&cb=28', 'aria_label': None, 'class': ['tmiads'], 'id': 'a65e2a3a', 'text': ''}, {'tag': 'iframe', 'src': 'https://ads.independent.com.mt/www/delivery/afr.php?zoneid=34&cb=113', 'aria_label': None, 'class': ['tmiads'], 'id': 'ac264775', 'text': ''}]",14,1,114,0.079002079002079,93,0,2,0,0,59,21,0.36363636363636365,1,0,0,1,0.09494109494109494,2,48,6,27.24390243902439,0,0,0,0,0,0,0,123,independent,article_pages
197,33,62,22,0,1,42,5,13355,2157,23,8,"[{'tag': 'iframe', 'src': 'https://ads.independent.com.mt/www/delivery/afr.php?zoneid=36&cb=139', 'aria_label': None, 'class': ['tmiads'], 'id': 'af87707c', 'text': ''}, {'tag': 'iframe', 'src': 'https://ads.independent.com.mt/www/delivery/afr.php?zoneid=144&cb=9', 'aria_label': None, 'class': ['tmiads'], 'id': 'a7d95b78', 'text': ''}, {'tag': 'iframe', 'src': 'https://ads.independent.com.mt/www/delivery/afr.php?zoneid=141&cb=41', 'aria_label': None, 'class': ['tmiads'], 'id': 'a1353246', 'text': ''}, {'tag': 'iframe', 'src': 'https://ads.independent.com.mt/www/delivery/afr.php?resize=1&zoneid=22&target=_blank&cb=59', 'aria_label': None, 'class': ['tmiads'], 'id': 'ad1ea670', 'text': ''}, {'tag': 'iframe', 'src': 'https://ads.independent.com.mt/www/delivery/afr.php?zoneid=35&cb=196', 'aria_label': None, 'class': ['tmiads'], 'id': 'abcfa804', 'text': ''}, {'tag': 'iframe', 'src': 'https://ads.independent.com.mt/www/delivery/afr.php?zoneid=140&cb=46', 'aria_label': None, 'class': ['tmiads'], 'id': 'afcbf42a', 'text': ''}, {'tag': 'iframe', 'src': 'https://ads.independent.com.mt/www/delivery/afr.php?zoneid=147&cb=28', 'aria_label': None, 'class': ['tmiads'], 'id': 'a65e2a3a', 'text': ''}, {'tag': 'iframe', 'src': 'https://ads.independent.com.mt/www/delivery/afr.php?zoneid=34&cb=113', 'aria_label': None, 'class': ['tmiads'], 'id': 'ac264775', 'text': ''}]",14,1,114,0.079002079002079,93,0,2,0,0,59,21,0.36363636363636365,1,0,0,1,0.09494109494109494,2,48,6,27.24390243902439,0,0,0,0,0,0,0,124,independent,article_pages
197,33,62,22,0,1,42,5,13355,2157,23,8,"[{'tag': 'iframe', 'src': 'https://ads.independent.com.mt/www/delivery/afr.php?zoneid=36&cb=139', 'aria_label': None, 'class': ['tmiads'], 'id': 'af87707c', 'text': ''}, {'tag': 'iframe', 'src': 'https://ads.independent.com.mt/www/delivery/afr.php?zoneid=144&cb=9', 'aria_label': None, 'class': ['tmiads'], 'id': 'a7d95b78', 'text': ''}, {'tag': 'iframe', 'src': 'https://ads.independent.com.mt/www/delivery/afr.php?zoneid=141&cb=41', 'aria_label': None, 'class': ['tmiads'], 'id': 'a1353246', 'text': ''}, {'tag': 'iframe', 'src': 'https://ads.independent.com.mt/www/delivery/afr.php?resize=1&zoneid=22&target=_blank&cb=59', 'aria_label': None, 'class': ['tmiads'], 'id': 'ad1ea670', 'text': ''}, {'tag': 'iframe', 'src': 'https://ads.independent.com.mt/www/delivery/afr.php?zoneid=35&cb=196', 'aria_label': None, 'class': ['tmiads'], 'id': 'abcfa804', 'text': ''}, {'tag': 'iframe', 'src': 'https://ads.independent.com.mt/www/delivery/afr.php?zoneid=140&cb=46', 'aria_label': None, 'class': ['tmiads'], 'id': 'afcbf42a', 'text': ''}, {'tag': 'iframe', 'src': 'https://ads.independent.com.mt/www/delivery/afr.php?zoneid=147&cb=28', 'aria_label': None, 'class': ['tmiads'], 'id': 'a65e2a3a', 'text': ''}, {'tag': 'iframe', 'src': 'https://ads.independent.com.mt/www/delivery/afr.php?zoneid=34&cb=113', 'aria_label': None, 'class': ['tmiads'], 'id': 'ac264775', 'text': ''}]",14,1,114,0.079002079002079,93,0,2,0,0,59,21,0.36363636363636365,1,0,0,1,0.09494109494109494,2,48,6,27.24390243902439,0,0,0,0,0,0,0,125,independent,article_pages
197,33,62,22,0,1,42,5,13355,2157,23,8,"[{'tag': 'iframe', 'src': 'https://ads.independent.com.mt/www/delivery/afr.php?zoneid=36&cb=139', 'aria_label': None, 'class': ['tmiads'], 'id': 'af87707c', 'text': ''}, {'tag': 'iframe', 'src': 'https://ads.independent.com.mt/www/delivery/afr.php?zoneid=144&cb=9', 'aria_label': None, 'class': ['tmiads'], 'id': 'a7d95b78', 'text': ''}, {'tag': 'iframe', 'src': 'https://ads.independent.com.mt/www/delivery/afr.php?zoneid=141&cb=41', 'aria_label': None, 'class': ['tmiads'], 'id': 'a1353246', 'text': ''}, {'tag': 'iframe', 'src': 'https://ads.independent.com.mt/www/delivery/afr.php?resize=1&zoneid=22&target=_blank&cb=59', 'aria_label': None, 'class': ['tmiads'], 'id': 'ad1ea670', 'text': ''}, {'tag': 'iframe', 'src': 'https://ads.independent.com.mt/www/delivery/afr.php?zoneid=35&cb=196', 'aria_label': None, 'class': ['tmiads'], 'id': 'abcfa804', 'text': ''}, {'tag': 'iframe', 'src': 'https://ads.independent.com.mt/www/delivery/afr.php?zoneid=140&cb=46', 'aria_label': None, 'class': ['tmiads'], 'id': 'afcbf42a', 'text': ''}, {'tag': 'iframe', 'src': 'https://ads.independent.com.mt/www/delivery/afr.php?zoneid=147&cb=28', 'aria_label': None, 'class': ['tmiads'], 'id': 'a65e2a3a', 'text': ''}, {'tag': 'iframe', 'src': 'https://ads.independent.com.mt/www/delivery/afr.php?zoneid=34&cb=113', 'aria_label': None, 'class': ['tmiads'], 'id': 'ac264775', 'text': ''}]",14,1,114,0.079002079002079,93,0,2,0,0,59,21,0.36363636363636365,1,0,0,1,0.09494109494109494,2,48,6,27.24390243902439,0,0,0,0,0,0,0,126,independent,article_pages
197,33,62,22,0,1,42,5,13355,2157,23,8,"[{'tag': 'iframe', 'src': 'https://ads.independent.com.mt/www/delivery/afr.php?zoneid=36&cb=139', 'aria_label': None, 'class': ['tmiads'], 'id': 'af87707c', 'text': ''}, {'tag': 'iframe', 'src': 'https://ads.independent.com.mt/www/delivery/afr.php?zoneid=144&cb=9', 'aria_label': None, 'class': ['tmiads'], 'id': 'a7d95b78', 'text': ''}, {'tag': 'iframe', 'src': 'https://ads.independent.com.mt/www/delivery/afr.php?zoneid=141&cb=41', 'aria_label': None, 'class': ['tmiads'], 'id': 'a1353246', 'text': ''}, {'tag': 'iframe', 'src': 'https://ads.independent.com.mt/www/delivery/afr.php?resize=1&zoneid=22&target=_blank&cb=59', 'aria_label': None, 'class': ['tmiads'], 'id': 'ad1ea670', 'text': ''}, {'tag': 'iframe', 'src': 'https://ads.independent.com.mt/www/delivery/afr.php?zoneid=35&cb=196', 'aria_label': None, 'class': ['tmiads'], 'id': 'abcfa804', 'text': ''}, {'tag': 'iframe', 'src': 'https://ads.independent.com.mt/www/delivery/afr.php?zoneid=140&cb=46', 'aria_label': None, 'class': ['tmiads'], 'id': 'afcbf42a', 'text': ''}, {'tag': 'iframe', 'src': 'https://ads.independent.com.mt/www/delivery/afr.php?zoneid=147&cb=28', 'aria_label': None, 'class': ['tmiads'], 'id': 'a65e2a3a', 'text': ''}, {'tag': 'iframe', 'src': 'https://ads.independent.com.mt/www/delivery/afr.php?zoneid=34&cb=113', 'aria_label': None, 'class': ['tmiads'], 'id': 'ac264775', 'text': ''}]",14,1,114,0.079002079002079,93,0,2,0,0,59,21,0.36363636363636365,1,0,0,1,0.09494109494109494,2,48,6,27.24390243902439,0,0,0,0,0,0,0,127,independent,article_pages
197,33,62,22,0,1,42,5,13355,2157,23,8,"[{'tag': 'iframe', 'src': 'https://ads.independent.com.mt/www/delivery/afr.php?zoneid=36&cb=139', 'aria_label': None, 'class': ['tmiads'], 'id': 'af87707c', 'text': ''}, {'tag': 'iframe', 'src': 'https://ads.independent.com.mt/www/delivery/afr.php?zoneid=144&cb=9', 'aria_label': None, 'class': ['tmiads'], 'id': 'a7d95b78', 'text': ''}, {'tag': 'iframe', 'src': 'https://ads.independent.com.mt/www/delivery/afr.php?zoneid=141&cb=41', 'aria_label': None, 'class': ['tmiads'], 'id': 'a1353246', 'text': ''}, {'tag': 'iframe', 'src': 'https://ads.independent.com.mt/www/delivery/afr.php?resize=1&zoneid=22&target=_blank&cb=59', 'aria_label': None, 'class': ['tmiads'], 'id': 'ad1ea670', 'text': ''}, {'tag': 'iframe', 'src': 'https://ads.independent.com.mt/www/delivery/afr.php?zoneid=35&cb=196', 'aria_label': None, 'class': ['tmiads'], 'id': 'abcfa804', 'text': ''}, {'tag': 'iframe', 'src': 'https://ads.independent.com.mt/www/delivery/afr.php?zoneid=140&cb=46', 'aria_label': None, 'class': ['tmiads'], 'id': 'afcbf42a', 'text': ''}, {'tag': 'iframe', 'src': 'https://ads.independent.com.mt/www/delivery/afr.php?zoneid=147&cb=28', 'aria_label': None, 'class': ['tmiads'], 'id': 'a65e2a3a', 'text': ''}, {'tag': 'iframe', 'src': 'https://ads.independent.com.mt/www/delivery/afr.php?zoneid=34&cb=113', 'aria_label': None, 'class': ['tmiads'], 'id': 'ac264775', 'text': ''}]",14,1,114,0.079002079002079,93,0,2,0,0,59,21,0.36363636363636365,1,0,0,1,0.09494109494109494,2,48,6,27.24390243902439,0,0,0,0,0,0,0,128,independent,article_pages
197,33,62,22,0,1,42,5,13355,2157,23,8,"[{'tag': 'iframe', 'src': 'https://ads.independent.com.mt/www/delivery/afr.php?zoneid=36&cb=139', 'aria_label': None, 'class': ['tmiads'], 'id': 'af87707c', 'text': ''}, {'tag': 'iframe', 'src': 'https://ads.independent.com.mt/www/delivery/afr.php?zoneid=144&cb=9', 'aria_label': None, 'class': ['tmiads'], 'id': 'a7d95b78', 'text': ''}, {'tag': 'iframe', 'src': 'https://ads.independent.com.mt/www/delivery/afr.php?zoneid=141&cb=41', 'aria_label': None, 'class': ['tmiads'], 'id': 'a1353246', 'text': ''}, {'tag': 'iframe', 'src': 'https://ads.independent.com.mt/www/delivery/afr.php?resize=1&zoneid=22&target=_blank&cb=59', 'aria_label': None, 'class': ['tmiads'], 'id': 'ad1ea670', 'text': ''}, {'tag': 'iframe', 'src': 'https://ads.independent.com.mt/www/delivery/afr.php?zoneid=35&cb=196', 'aria_label': None, 'class': ['tmiads'], 'id': 'abcfa804', 'text': ''}, {'tag': 'iframe', 'src': 'https://ads.independent.com.mt/www/delivery/afr.php?zoneid=140&cb=46', 'aria_label': None, 'class': ['tmiads'], 'id': 'afcbf42a', 'text': ''}, {'tag': 'iframe', 'src': 'https://ads.independent.com.mt/www/delivery/afr.php?zoneid=147&cb=28', 'aria_label': None, 'class': ['tmiads'], 'id': 'a65e2a3a', 'text': ''}, {'tag': 'iframe', 'src': 'https://ads.independent.com.mt/www/delivery/afr.php?zoneid=34&cb=113', 'aria_label': None, 'class': ['tmiads'], 'id': 'ac264775', 'text': ''}]",14,1,114,0.079002079002079,93,0,2,0,0,59,21,0.36363636363636365,1,0,0,1,0.09494109494109494,2,48,6,27.24390243902439,0,0,0,0,0,0,0,129,independent,article_pages
197,33,62,22,0,1,42,5,13355,2157,23,8,"[{'tag': 'iframe', 'src': 'https://ads.independent.com.mt/www/delivery/afr.php?zoneid=36&cb=139', 'aria_label': None, 'class': ['tmiads'], 'id': 'af87707c', 'text': ''}, {'tag': 'iframe', 'src': 'https://ads.independent.com.mt/www/delivery/afr.php?zoneid=144&cb=9', 'aria_label': None, 'class': ['tmiads'], 'id': 'a7d95b78', 'text': ''}, {'tag': 'iframe', 'src': 'https://ads.independent.com.mt/www/delivery/afr.php?zoneid=141&cb=41', 'aria_label': None, 'class': ['tmiads'], 'id': 'a1353246', 'text': ''}, {'tag': 'iframe', 'src': 'https://ads.independent.com.mt/www/delivery/afr.php?resize=1&zoneid=22&target=_blank&cb=59', 'aria_label': None, 'class': ['tmiads'], 'id': 'ad1ea670', 'text': ''}, {'tag': 'iframe', 'src': 'https://ads.independent.com.mt/www/delivery/afr.php?zoneid=35&cb=196', 'aria_label': None, 'class': ['tmiads'], 'id': 'abcfa804', 'text': ''}, {'tag': 'iframe', 'src': 'https://ads.independent.com.mt/www/delivery/afr.php?zoneid=140&cb=46', 'aria_label': None, 'class': ['tmiads'], 'id': 'afcbf42a', 'text': ''}, {'tag': 'iframe', 'src': 'https://ads.independent.com.mt/www/delivery/afr.php?zoneid=147&cb=28', 'aria_label': None, 'class': ['tmiads'], 'id': 'a65e2a3a', 'text': ''}, {'tag': 'iframe', 'src': 'https://ads.independent.com.mt/www/delivery/afr.php?zoneid=34&cb=113', 'aria_label': None, 'class': ['tmiads'], 'id': 'ac264775', 'text': ''}]",14,1,114,0.079002079002079,93,0,2,0,0,59,21,0.36363636363636365,1,0,0,1,0.09494109494109494,2,48,6,27.24390243902439,0,0,0,0,0,0,0,130,independent,article_pages
197,33,62,22,0,1,42,5,13355,2157,23,8,"[{'tag': 'iframe', 'src': 'https://ads.independent.com.mt/www/delivery/afr.php?zoneid=36&cb=139', 'aria_label': None, 'class': ['tmiads'], 'id': 'af87707c', 'text': ''}, {'tag': 'iframe', 'src': 'https://ads.independent.com.mt/www/delivery/afr.php?zoneid=144&cb=9', 'aria_label': None, 'class': ['tmiads'], 'id': 'a7d95b78', 'text': ''}, {'tag': 'iframe', 'src': 'https://ads.independent.com.mt/www/delivery/afr.php?zoneid=141&cb=41', 'aria_label': None, 'class': ['tmiads'], 'id': 'a1353246', 'text': ''}, {'tag': 'iframe', 'src': 'https://ads.independent.com.mt/www/delivery/afr.php?resize=1&zoneid=22&target=_blank&cb=59', 'aria_label': None, 'class': ['tmiads'], 'id': 'ad1ea670', 'text': ''}, {'tag': 'iframe', 'src': 'https://ads.independent.com.mt/www/delivery/afr.php?zoneid=35&cb=196', 'aria_label': None, 'class': ['tmiads'], 'id': 'abcfa804', 'text': ''}, {'tag': 'iframe', 'src': 'https://ads.independent.com.mt/www/delivery/afr.php?zoneid=140&cb=46', 'aria_label': None, 'class': ['tmiads'], 'id': 'afcbf42a', 'text': ''}, {'tag': 'iframe', 'src': 'https://ads.independent.com.mt/www/delivery/afr.php?zoneid=147&cb=28', 'aria_label': None, 'class': ['tmiads'], 'id': 'a65e2a3a', 'text': ''}, {'tag': 'iframe', 'src': 'https://ads.independent.com.mt/www/delivery/afr.php?zoneid=34&cb=113', 'aria_label': None, 'class': ['tmiads'], 'id': 'ac264775', 'text': ''}]",14,1,114,0.079002079002079,93,0,2,0,0,59,21,0.36363636363636365,1,0,0,1,0.09494109494109494,2,48,6,27.24390243902439,0,0,0,0,0,0,0,131,independent,article_pages
197,33,62,22,0,1,42,5,13355,2157,23,8,"[{'tag': 'iframe', 'src': 'https://ads.independent.com.mt/www/delivery/afr.php?zoneid=36&cb=139', 'aria_label': None, 'class': ['tmiads'], 'id': 'af87707c', 'text': ''}, {'tag': 'iframe', 'src': 'https://ads.independent.com.mt/www/delivery/afr.php?zoneid=144&cb=9', 'aria_label': None, 'class': ['tmiads'], 'id': 'a7d95b78', 'text': ''}, {'tag': 'iframe', 'src': 'https://ads.independent.com.mt/www/delivery/afr.php?zoneid=141&cb=41', 'aria_label': None, 'class': ['tmiads'], 'id': 'a1353246', 'text': ''}, {'tag': 'iframe', 'src': 'https://ads.independent.com.mt/www/delivery/afr.php?resize=1&zoneid=22&target=_blank&cb=59', 'aria_label': None, 'class': ['tmiads'], 'id': 'ad1ea670', 'text': ''}, {'tag': 'iframe', 'src': 'https://ads.independent.com.mt/www/delivery/afr.php?zoneid=35&cb=196', 'aria_label': None, 'class': ['tmiads'], 'id': 'abcfa804', 'text': ''}, {'tag': 'iframe', 'src': 'https://ads.independent.com.mt/www/delivery/afr.php?zoneid=140&cb=46', 'aria_label': None, 'class': ['tmiads'], 'id': 'afcbf42a', 'text': ''}, {'tag': 'iframe', 'src': 'https://ads.independent.com.mt/www/delivery/afr.php?zoneid=147&cb=28', 'aria_label': None, 'class': ['tmiads'], 'id': 'a65e2a3a', 'text': ''}, {'tag': 'iframe', 'src': 'https://ads.independent.com.mt/www/delivery/afr.php?zoneid=34&cb=113', 'aria_label': None, 'class': ['tmiads'], 'id': 'ac264775', 'text': ''}]",14,1,114,0.079002079002079,93,0,2,0,0,59,21,0.36363636363636365,1,0,0,1,0.09494109494109494,2,48,6,27.24390243902439,0,0,0,0,0,0,0,132,independent,article_pages
197,33,62,22,0,1,42,5,13355,2157,23,8,"[{'tag': 'iframe', 'src': 'https://ads.independent.com.mt/www/delivery/afr.php?zoneid=36&cb=139', 'aria_label': None, 'class': ['tmiads'], 'id': 'af87707c', 'text': ''}, {'tag': 'iframe', 'src': 'https://ads.independent.com.mt/www/delivery/afr.php?zoneid=144&cb=9', 'aria_label': None, 'class': ['tmiads'], 'id': 'a7d95b78', 'text': ''}, {'tag': 'iframe', 'src': 'https://ads.independent.com.mt/www/delivery/afr.php?zoneid=141&cb=41', 'aria_label': None, 'class': ['tmiads'], 'id': 'a1353246', 'text': ''}, {'tag': 'iframe', 'src': 'https://ads.independent.com.mt/www/delivery/afr.php?resize=1&zoneid=22&target=_blank&cb=59', 'aria_label': None, 'class': ['tmiads'], 'id': 'ad1ea670', 'text': ''}, {'tag': 'iframe', 'src': 'https://ads.independent.com.mt/www/delivery/afr.php?zoneid=35&cb=196', 'aria_label': None, 'class': ['tmiads'], 'id': 'abcfa804', 'text': ''}, {'tag': 'iframe', 'src': 'https://ads.independent.com.mt/www/delivery/afr.php?zoneid=140&cb=46', 'aria_label': None, 'class': ['tmiads'], 'id': 'afcbf42a', 'text': ''}, {'tag': 'iframe', 'src': 'https://ads.independent.com.mt/www/delivery/afr.php?zoneid=147&cb=28', 'aria_label': None, 'class': ['tmiads'], 'id': 'a65e2a3a', 'text': ''}, {'tag': 'iframe', 'src': 'https://ads.independent.com.mt/www/delivery/afr.php?zoneid=34&cb=113', 'aria_label': None, 'class': ['tmiads'], 'id': 'ac264775', 'text': ''}]",14,1,114,0.079002079002079,93,0,2,0,0,59,21,0.36363636363636365,1,0,0,1,0.09494109494109494,2,48,6,27.24390243902439,0,0,0,0,0,0,0,133,independent,article_pages
197,33,62,22,0,1,42,5,13355,2157,23,8,"[{'tag': 'iframe', 'src': 'https://ads.independent.com.mt/www/delivery/afr.php?zoneid=36&cb=139', 'aria_label': None, 'class': ['tmiads'], 'id': 'af87707c', 'text': ''}, {'tag': 'iframe', 'src': 'https://ads.independent.com.mt/www/delivery/afr.php?zoneid=144&cb=9', 'aria_label': None, 'class': ['tmiads'], 'id': 'a7d95b78', 'text': ''}, {'tag': 'iframe', 'src': 'https://ads.independent.com.mt/www/delivery/afr.php?zoneid=141&cb=41', 'aria_label': None, 'class': ['tmiads'], 'id': 'a1353246', 'text': ''}, {'tag': 'iframe', 'src': 'https://ads.independent.com.mt/www/delivery/afr.php?resize=1&zoneid=22&target=_blank&cb=59', 'aria_label': None, 'class': ['tmiads'], 'id': 'ad1ea670', 'text': ''}, {'tag': 'iframe', 'src': 'https://ads.independent.com.mt/www/delivery/afr.php?zoneid=35&cb=196', 'aria_label': None, 'class': ['tmiads'], 'id': 'abcfa804', 'text': ''}, {'tag': 'iframe', 'src': 'https://ads.independent.com.mt/www/delivery/afr.php?zoneid=140&cb=46', 'aria_label': None, 'class': ['tmiads'], 'id': 'afcbf42a', 'text': ''}, {'tag': 'iframe', 'src': 'https://ads.independent.com.mt/www/delivery/afr.php?zoneid=147&cb=28', 'aria_label': None, 'class': ['tmiads'], 'id': 'a65e2a3a', 'text': ''}, {'tag': 'iframe', 'src': 'https://ads.independent.com.mt/www/delivery/afr.php?zoneid=34&cb=113', 'aria_label': None, 'class': ['tmiads'], 'id': 'ac264775', 'text': ''}]",14,1,114,0.079002079002079,93,0,2,0,0,59,21,0.36363636363636365,1,0,0,1,0.09494109494109494,2,48,6,27.24390243902439,0,0,0,0,0,0,0,134,independent,article_pages
197,33,62,22,0,1,42,5,13355,2157,23,8,"[{'tag': 'iframe', 'src': 'https://ads.independent.com.mt/www/delivery/afr.php?zoneid=36&cb=139', 'aria_label': None, 'class': ['tmiads'], 'id': 'af87707c', 'text': ''}, {'tag': 'iframe', 'src': 'https://ads.independent.com.mt/www/delivery/afr.php?zoneid=144&cb=9', 'aria_label': None, 'class': ['tmiads'], 'id': 'a7d95b78', 'text': ''}, {'tag': 'iframe', 'src': 'https://ads.independent.com.mt/www/delivery/afr.php?zoneid=141&cb=41', 'aria_label': None, 'class': ['tmiads'], 'id': 'a1353246', 'text': ''}, {'tag': 'iframe', 'src': 'https://ads.independent.com.mt/www/delivery/afr.php?resize=1&zoneid=22&target=_blank&cb=59', 'aria_label': None, 'class': ['tmiads'], 'id': 'ad1ea670', 'text': ''}, {'tag': 'iframe', 'src': 'https://ads.independent.com.mt/www/delivery/afr.php?zoneid=35&cb=196', 'aria_label': None, 'class': ['tmiads'], 'id': 'abcfa804', 'text': ''}, {'tag': 'iframe', 'src': 'https://ads.independent.com.mt/www/delivery/afr.php?zoneid=140&cb=46', 'aria_label': None, 'class': ['tmiads'], 'id': 'afcbf42a', 'text': ''}, {'tag': 'iframe', 'src': 'https://ads.independent.com.mt/www/delivery/afr.php?zoneid=147&cb=28', 'aria_label': None, 'class': ['tmiads'], 'id': 'a65e2a3a', 'text': ''}, {'tag': 'iframe', 'src': 'https://ads.independent.com.mt/www/delivery/afr.php?zoneid=34&cb=113', 'aria_label': None, 'class': ['tmiads'], 'id': 'ac264775', 'text': ''}]",14,1,114,0.079002079002079,93,0,2,0,0,59,21,0.36363636363636365,1,0,0,1,0.09494109494109494,2,48,6,27.24390243902439,0,0,0,0,0,0,0,135,independent,article_pages
197,33,62,22,0,1,42,5,13355,2157,23,8,"[{'tag': 'iframe', 'src': 'https://ads.independent.com.mt/www/delivery/afr.php?zoneid=36&cb=139', 'aria_label': None, 'class': ['tmiads'], 'id': 'af87707c', 'text': ''}, {'tag': 'iframe', 'src': 'https://ads.independent.com.mt/www/delivery/afr.php?zoneid=144&cb=9', 'aria_label': None, 'class': ['tmiads'], 'id': 'a7d95b78', 'text': ''}, {'tag': 'iframe', 'src': 'https://ads.independent.com.mt/www/delivery/afr.php?zoneid=141&cb=41', 'aria_label': None, 'class': ['tmiads'], 'id': 'a1353246', 'text': ''}, {'tag': 'iframe', 'src': 'https://ads.independent.com.mt/www/delivery/afr.php?resize=1&zoneid=22&target=_blank&cb=59', 'aria_label': None, 'class': ['tmiads'], 'id': 'ad1ea670', 'text': ''}, {'tag': 'iframe', 'src': 'https://ads.independent.com.mt/www/delivery/afr.php?zoneid=35&cb=196', 'aria_label': None, 'class': ['tmiads'], 'id': 'abcfa804', 'text': ''}, {'tag': 'iframe', 'src': 'https://ads.independent.com.mt/www/delivery/afr.php?zoneid=140&cb=46', 'aria_label': None, 'class': ['tmiads'], 'id': 'afcbf42a', 'text': ''}, {'tag': 'iframe', 'src': 'https://ads.independent.com.mt/www/delivery/afr.php?zoneid=147&cb=28', 'aria_label': None, 'class': ['tmiads'], 'id': 'a65e2a3a', 'text': ''}, {'tag': 'iframe', 'src': 'https://ads.independent.com.mt/www/delivery/afr.php?zoneid=34&cb=113', 'aria_label': None, 'class': ['tmiads'], 'id': 'ac264775', 'text': ''}]",14,1,114,0.079002079002079,93,0,2,0,0,59,21,0.36363636363636365,1,0,0,1,0.09494109494109494,2,48,6,27.24390243902439,0,0,0,0,0,0,0,136,independent,article_pages
197,33,62,22,0,1,42,5,13355,2157,23,8,"[{'tag': 'iframe', 'src': 'https://ads.independent.com.mt/www/delivery/afr.php?zoneid=36&cb=139', 'aria_label': None, 'class': ['tmiads'], 'id': 'af87707c', 'text': ''}, {'tag': 'iframe', 'src': 'https://ads.independent.com.mt/www/delivery/afr.php?zoneid=144&cb=9', 'aria_label': None, 'class': ['tmiads'], 'id': 'a7d95b78', 'text': ''}, {'tag': 'iframe', 'src': 'https://ads.independent.com.mt/www/delivery/afr.php?zoneid=141&cb=41', 'aria_label': None, 'class': ['tmiads'], 'id': 'a1353246', 'text': ''}, {'tag': 'iframe', 'src': 'https://ads.independent.com.mt/www/delivery/afr.php?resize=1&zoneid=22&target=_blank&cb=59', 'aria_label': None, 'class': ['tmiads'], 'id': 'ad1ea670', 'text': ''}, {'tag': 'iframe', 'src': 'https://ads.independent.com.mt/www/delivery/afr.php?zoneid=35&cb=196', 'aria_label': None, 'class': ['tmiads'], 'id': 'abcfa804', 'text': ''}, {'tag': 'iframe', 'src': 'https://ads.independent.com.mt/www/delivery/afr.php?zoneid=140&cb=46', 'aria_label': None, 'class': ['tmiads'], 'id': 'afcbf42a', 'text': ''}, {'tag': 'iframe', 'src': 'https://ads.independent.com.mt/www/delivery/afr.php?zoneid=147&cb=28', 'aria_label': None, 'class': ['tmiads'], 'id': 'a65e2a3a', 'text': ''}, {'tag': 'iframe', 'src': 'https://ads.independent.com.mt/www/delivery/afr.php?zoneid=34&cb=113', 'aria_label': None, 'class': ['tmiads'], 'id': 'ac264775', 'text': ''}]",14,1,114,0.079002079002079,93,0,2,0,0,59,21,0.36363636363636365,1,0,0,1,0.09494109494109494,2,48,6,27.24390243902439,0,0,0,0,0,0,0,137,independent,article_pages
197,33,62,22,0,1,42,5,13355,2157,23,8,"[{'tag': 'iframe', 'src': 'https://ads.independent.com.mt/www/delivery/afr.php?zoneid=36&cb=139', 'aria_label': None, 'class': ['tmiads'], 'id': 'af87707c', 'text': ''}, {'tag': 'iframe', 'src': 'https://ads.independent.com.mt/www/delivery/afr.php?zoneid=144&cb=9', 'aria_label': None, 'class': ['tmiads'], 'id': 'a7d95b78', 'text': ''}, {'tag': 'iframe', 'src': 'https://ads.independent.com.mt/www/delivery/afr.php?zoneid=141&cb=41', 'aria_label': None, 'class': ['tmiads'], 'id': 'a1353246', 'text': ''}, {'tag': 'iframe', 'src': 'https://ads.independent.com.mt/www/delivery/afr.php?resize=1&zoneid=22&target=_blank&cb=59', 'aria_label': None, 'class': ['tmiads'], 'id': 'ad1ea670', 'text': ''}, {'tag': 'iframe', 'src': 'https://ads.independent.com.mt/www/delivery/afr.php?zoneid=35&cb=196', 'aria_label': None, 'class': ['tmiads'], 'id': 'abcfa804', 'text': ''}, {'tag': 'iframe', 'src': 'https://ads.independent.com.mt/www/delivery/afr.php?zoneid=140&cb=46', 'aria_label': None, 'class': ['tmiads'], 'id': 'afcbf42a', 'text': ''}, {'tag': 'iframe', 'src': 'https://ads.independent.com.mt/www/delivery/afr.php?zoneid=147&cb=28', 'aria_label': None, 'class': ['tmiads'], 'id': 'a65e2a3a', 'text': ''}, {'tag': 'iframe', 'src': 'https://ads.independent.com.mt/www/delivery/afr.php?zoneid=34&cb=113', 'aria_label': None, 'class': ['tmiads'], 'id': 'ac264775', 'text': ''}]",14,1,114,0.079002079002079,93,0,2,0,0,59,21,0.36363636363636365,1,0,0,1,0.09494109494109494,2,48,6,27.24390243902439,0,0,0,0,0,0,0,138,independent,article_pages
197,33,62,22,0,1,42,5,13355,2157,23,8,"[{'tag': 'iframe', 'src': 'https://ads.independent.com.mt/www/delivery/afr.php?zoneid=36&cb=139', 'aria_label': None, 'class': ['tmiads'], 'id': 'af87707c', 'text': ''}, {'tag': 'iframe', 'src': 'https://ads.independent.com.mt/www/delivery/afr.php?zoneid=144&cb=9', 'aria_label': None, 'class': ['tmiads'], 'id': 'a7d95b78', 'text': ''}, {'tag': 'iframe', 'src': 'https://ads.independent.com.mt/www/delivery/afr.php?zoneid=141&cb=41', 'aria_label': None, 'class': ['tmiads'], 'id': 'a1353246', 'text': ''}, {'tag': 'iframe', 'src': 'https://ads.independent.com.mt/www/delivery/afr.php?resize=1&zoneid=22&target=_blank&cb=59', 'aria_label': None, 'class': ['tmiads'], 'id': 'ad1ea670', 'text': ''}, {'tag': 'iframe', 'src': 'https://ads.independent.com.mt/www/delivery/afr.php?zoneid=35&cb=196', 'aria_label': None, 'class': ['tmiads'], 'id': 'abcfa804', 'text': ''}, {'tag': 'iframe', 'src': 'https://ads.independent.com.mt/www/delivery/afr.php?zoneid=140&cb=46', 'aria_label': None, 'class': ['tmiads'], 'id': 'afcbf42a', 'text': ''}, {'tag': 'iframe', 'src': 'https://ads.independent.com.mt/www/delivery/afr.php?zoneid=147&cb=28', 'aria_label': None, 'class': ['tmiads'], 'id': 'a65e2a3a', 'text': ''}, {'tag': 'iframe', 'src': 'https://ads.independent.com.mt/www/delivery/afr.php?zoneid=34&cb=113', 'aria_label': None, 'class': ['tmiads'], 'id': 'ac264775', 'text': ''}]",14,1,114,0.079002079002079,93,0,2,0,0,59,21,0.36363636363636365,1,0,0,1,0.09494109494109494,2,48,6,27.24390243902439,0,0,0,0,0,0,0,139,independent,article_pages
197,33,61,22,0,1,25,2,9329,1519,23,8,"[{'tag': 'iframe', 'src': 'https://ads.independent.com.mt/www/delivery/afr.php?zoneid=36&cb=149', 'aria_label': None, 'class': ['tmiads'], 'id': 'af87707c', 'text': ''}, {'tag': 'iframe', 'src': 'https://ads.independent.com.mt/www/delivery/afr.php?zoneid=144&cb=297', 'aria_label': None, 'class': ['tmiads'], 'id': 'a7d95b78', 'text': ''}, {'tag': 'iframe', 'src': 'https://ads.independent.com.mt/www/delivery/afr.php?zoneid=141&cb=52', 'aria_label': None, 'class': ['tmiads'], 'id': 'a1353246', 'text': ''}, {'tag': 'iframe', 'src': 'https://ads.independent.com.mt/www/delivery/afr.php?resize=1&zoneid=22&target=_blank&cb=262', 'aria_label': None, 'class': ['tmiads'], 'id': 'ad1ea670', 'text': ''}, {'tag': 'iframe', 'src': 'https://ads.independent.com.mt/www/delivery/afr.php?zoneid=35&cb=199', 'aria_label': None, 'class': ['tmiads'], 'id': 'abcfa804', 'text': ''}, {'tag': 'iframe', 'src': 'https://ads.independent.com.mt/www/delivery/afr.php?zoneid=140&cb=83', 'aria_label': None, 'class': ['tmiads'], 'id': 'afcbf42a', 'text': ''}, {'tag': 'iframe', 'src': 'https://ads.independent.com.mt/www/delivery/afr.php?zoneid=147&cb=118', 'aria_label': None, 'class': ['tmiads'], 'id': 'a65e2a3a', 'text': ''}, {'tag': 'iframe', 'src': 'https://ads.independent.com.mt/www/delivery/afr.php?zoneid=34&cb=256', 'aria_label': None, 'class': ['tmiads'], 'id': 'ac264775', 'text': ''}]",14,1,114,0.08039492242595205,93,0,2,0,0,59,21,0.36363636363636365,0,0,0,1,0.09661495063469676,2,48,6,21.772727272727273,0,0,0,0,0,0,0,140,independent,article_pages
197,33,61,22,0,1,25,2,9329,1519,23,8,"[{'tag': 'iframe', 'src': 'https://ads.independent.com.mt/www/delivery/afr.php?zoneid=36&cb=149', 'aria_label': None, 'class': ['tmiads'], 'id': 'af87707c', 'text': ''}, {'tag': 'iframe', 'src': 'https://ads.independent.com.mt/www/delivery/afr.php?zoneid=144&cb=297', 'aria_label': None, 'class': ['tmiads'], 'id': 'a7d95b78', 'text': ''}, {'tag': 'iframe', 'src': 'https://ads.independent.com.mt/www/delivery/afr.php?zoneid=141&cb=52', 'aria_label': None, 'class': ['tmiads'], 'id': 'a1353246', 'text': ''}, {'tag': 'iframe', 'src': 'https://ads.independent.com.mt/www/delivery/afr.php?resize=1&zoneid=22&target=_blank&cb=262', 'aria_label': None, 'class': ['tmiads'], 'id': 'ad1ea670', 'text': ''}, {'tag': 'iframe', 'src': 'https://ads.independent.com.mt/www/delivery/afr.php?zoneid=35&cb=199', 'aria_label': None, 'class': ['tmiads'], 'id': 'abcfa804', 'text': ''}, {'tag': 'iframe', 'src': 'https://ads.independent.com.mt/www/delivery/afr.php?zoneid=140&cb=83', 'aria_label': None, 'class': ['tmiads'], 'id': 'afcbf42a', 'text': ''}, {'tag': 'iframe', 'src': 'https://ads.independent.com.mt/www/delivery/afr.php?zoneid=147&cb=118', 'aria_label': None, 'class': ['tmiads'], 'id': 'a65e2a3a', 'text': ''}, {'tag': 'iframe', 'src': 'https://ads.independent.com.mt/www/delivery/afr.php?zoneid=34&cb=256', 'aria_label': None, 'class': ['tmiads'], 'id': 'ac264775', 'text': ''}]",14,1,114,0.08039492242595205,93,0,2,0,0,59,21,0.36363636363636365,0,0,0,1,0.09661495063469676,2,48,6,21.772727272727273,0,0,0,0,0,0,0,141,independent,article_pages
197,33,61,22,0,1,25,2,9329,1519,23,8,"[{'tag': 'iframe', 'src': 'https://ads.independent.com.mt/www/delivery/afr.php?zoneid=36&cb=149', 'aria_label': None, 'class': ['tmiads'], 'id': 'af87707c', 'text': ''}, {'tag': 'iframe', 'src': 'https://ads.independent.com.mt/www/delivery/afr.php?zoneid=144&cb=297', 'aria_label': None, 'class': ['tmiads'], 'id': 'a7d95b78', 'text': ''}, {'tag': 'iframe', 'src': 'https://ads.independent.com.mt/www/delivery/afr.php?zoneid=141&cb=52', 'aria_label': None, 'class': ['tmiads'], 'id': 'a1353246', 'text': ''}, {'tag': 'iframe', 'src': 'https://ads.independent.com.mt/www/delivery/afr.php?resize=1&zoneid=22&target=_blank&cb=262', 'aria_label': None, 'class': ['tmiads'], 'id': 'ad1ea670', 'text': ''}, {'tag': 'iframe', 'src': 'https://ads.independent.com.mt/www/delivery/afr.php?zoneid=35&cb=199', 'aria_label': None, 'class': ['tmiads'], 'id': 'abcfa804', 'text': ''}, {'tag': 'iframe', 'src': 'https://ads.independent.com.mt/www/delivery/afr.php?zoneid=140&cb=83', 'aria_label': None, 'class': ['tmiads'], 'id': 'afcbf42a', 'text': ''}, {'tag': 'iframe', 'src': 'https://ads.independent.com.mt/www/delivery/afr.php?zoneid=147&cb=118', 'aria_label': None, 'class': ['tmiads'], 'id': 'a65e2a3a', 'text': ''}, {'tag': 'iframe', 'src': 'https://ads.independent.com.mt/www/delivery/afr.php?zoneid=34&cb=256', 'aria_label': None, 'class': ['tmiads'], 'id': 'ac264775', 'text': ''}]",14,1,114,0.08039492242595205,93,0,2,0,0,59,21,0.36363636363636365,0,0,0,1,0.09661495063469676,2,48,6,21.772727272727273,0,0,0,0,0,0,0,142,independent,article_pages
197,33,61,22,0,1,25,2,9329,1519,23,8,"[{'tag': 'iframe', 'src': 'https://ads.independent.com.mt/www/delivery/afr.php?zoneid=36&cb=149', 'aria_label': None, 'class': ['tmiads'], 'id': 'af87707c', 'text': ''}, {'tag': 'iframe', 'src': 'https://ads.independent.com.mt/www/delivery/afr.php?zoneid=144&cb=297', 'aria_label': None, 'class': ['tmiads'], 'id': 'a7d95b78', 'text': ''}, {'tag': 'iframe', 'src': 'https://ads.independent.com.mt/www/delivery/afr.php?zoneid=141&cb=52', 'aria_label': None, 'class': ['tmiads'], 'id': 'a1353246', 'text': ''}, {'tag': 'iframe', 'src': 'https://ads.independent.com.mt/www/delivery/afr.php?resize=1&zoneid=22&target=_blank&cb=262', 'aria_label': None, 'class': ['tmiads'], 'id': 'ad1ea670', 'text': ''}, {'tag': 'iframe', 'src': 'https://ads.independent.com.mt/www/delivery/afr.php?zoneid=35&cb=199', 'aria_label': None, 'class': ['tmiads'], 'id': 'abcfa804', 'text': ''}, {'tag': 'iframe', 'src': 'https://ads.independent.com.mt/www/delivery/afr.php?zoneid=140&cb=83', 'aria_label': None, 'class': ['tmiads'], 'id': 'afcbf42a', 'text': ''}, {'tag': 'iframe', 'src': 'https://ads.independent.com.mt/www/delivery/afr.php?zoneid=147&cb=118', 'aria_label': None, 'class': ['tmiads'], 'id': 'a65e2a3a', 'text': ''}, {'tag': 'iframe', 'src': 'https://ads.independent.com.mt/www/delivery/afr.php?zoneid=34&cb=256', 'aria_label': None, 'class': ['tmiads'], 'id': 'ac264775', 'text': ''}]",14,1,114,0.08039492242595205,93,0,2,0,0,59,21,0.36363636363636365,0,0,0,1,0.09661495063469676,2,48,6,21.772727272727273,0,0,0,0,0,0,0,143,independent,article_pages
197,33,61,22,0,1,25,2,9329,1519,23,8,"[{'tag': 'iframe', 'src': 'https://ads.independent.com.mt/www/delivery/afr.php?zoneid=36&cb=149', 'aria_label': None, 'class': ['tmiads'], 'id': 'af87707c', 'text': ''}, {'tag': 'iframe', 'src': 'https://ads.independent.com.mt/www/delivery/afr.php?zoneid=144&cb=297', 'aria_label': None, 'class': ['tmiads'], 'id': 'a7d95b78', 'text': ''}, {'tag': 'iframe', 'src': 'https://ads.independent.com.mt/www/delivery/afr.php?zoneid=141&cb=52', 'aria_label': None, 'class': ['tmiads'], 'id': 'a1353246', 'text': ''}, {'tag': 'iframe', 'src': 'https://ads.independent.com.mt/www/delivery/afr.php?resize=1&zoneid=22&target=_blank&cb=262', 'aria_label': None, 'class': ['tmiads'], 'id': 'ad1ea670', 'text': ''}, {'tag': 'iframe', 'src': 'https://ads.independent.com.mt/www/delivery/afr.php?zoneid=35&cb=199', 'aria_label': None, 'class': ['tmiads'], 'id': 'abcfa804', 'text': ''}, {'tag': 'iframe', 'src': 'https://ads.independent.com.mt/www/delivery/afr.php?zoneid=140&cb=83', 'aria_label': None, 'class': ['tmiads'], 'id': 'afcbf42a', 'text': ''}, {'tag': 'iframe', 'src': 'https://ads.independent.com.mt/www/delivery/afr.php?zoneid=147&cb=118', 'aria_label': None, 'class': ['tmiads'], 'id': 'a65e2a3a', 'text': ''}, {'tag': 'iframe', 'src': 'https://ads.independent.com.mt/www/delivery/afr.php?zoneid=34&cb=256', 'aria_label': None, 'class': ['tmiads'], 'id': 'ac264775', 'text': ''}]",14,1,114,0.08039492242595205,93,0,2,0,0,59,21,0.36363636363636365,0,0,0,1,0.09661495063469676,2,48,6,21.772727272727273,0,0,0,0,0,0,0,144,independent,article_pages
197,33,61,22,0,1,25,2,9329,1519,23,8,"[{'tag': 'iframe', 'src': 'https://ads.independent.com.mt/www/delivery/afr.php?zoneid=36&cb=149', 'aria_label': None, 'class': ['tmiads'], 'id': 'af87707c', 'text': ''}, {'tag': 'iframe', 'src': 'https://ads.independent.com.mt/www/delivery/afr.php?zoneid=144&cb=297', 'aria_label': None, 'class': ['tmiads'], 'id': 'a7d95b78', 'text': ''}, {'tag': 'iframe', 'src': 'https://ads.independent.com.mt/www/delivery/afr.php?zoneid=141&cb=52', 'aria_label': None, 'class': ['tmiads'], 'id': 'a1353246', 'text': ''}, {'tag': 'iframe', 'src': 'https://ads.independent.com.mt/www/delivery/afr.php?resize=1&zoneid=22&target=_blank&cb=262', 'aria_label': None, 'class': ['tmiads'], 'id': 'ad1ea670', 'text': ''}, {'tag': 'iframe', 'src': 'https://ads.independent.com.mt/www/delivery/afr.php?zoneid=35&cb=199', 'aria_label': None, 'class': ['tmiads'], 'id': 'abcfa804', 'text': ''}, {'tag': 'iframe', 'src': 'https://ads.independent.com.mt/www/delivery/afr.php?zoneid=140&cb=83', 'aria_label': None, 'class': ['tmiads'], 'id': 'afcbf42a', 'text': ''}, {'tag': 'iframe', 'src': 'https://ads.independent.com.mt/www/delivery/afr.php?zoneid=147&cb=118', 'aria_label': None, 'class': ['tmiads'], 'id': 'a65e2a3a', 'text': ''}, {'tag': 'iframe', 'src': 'https://ads.independent.com.mt/www/delivery/afr.php?zoneid=34&cb=256', 'aria_label': None, 'class': ['tmiads'], 'id': 'ac264775', 'text': ''}]",14,1,114,0.08039492242595205,93,0,2,0,0,59,21,0.36363636363636365,0,0,0,1,0.09661495063469676,2,48,6,21.772727272727273,0,0,0,0,0,0,0,145,independent,article_pages
197,33,61,22,0,1,25,2,9329,1519,23,8,"[{'tag': 'iframe', 'src': 'https://ads.independent.com.mt/www/delivery/afr.php?zoneid=36&cb=149', 'aria_label': None, 'class': ['tmiads'], 'id': 'af87707c', 'text': ''}, {'tag': 'iframe', 'src': 'https://ads.independent.com.mt/www/delivery/afr.php?zoneid=144&cb=297', 'aria_label': None, 'class': ['tmiads'], 'id': 'a7d95b78', 'text': ''}, {'tag': 'iframe', 'src': 'https://ads.independent.com.mt/www/delivery/afr.php?zoneid=141&cb=52', 'aria_label': None, 'class': ['tmiads'], 'id': 'a1353246', 'text': ''}, {'tag': 'iframe', 'src': 'https://ads.independent.com.mt/www/delivery/afr.php?resize=1&zoneid=22&target=_blank&cb=262', 'aria_label': None, 'class': ['tmiads'], 'id': 'ad1ea670', 'text': ''}, {'tag': 'iframe', 'src': 'https://ads.independent.com.mt/www/delivery/afr.php?zoneid=35&cb=199', 'aria_label': None, 'class': ['tmiads'], 'id': 'abcfa804', 'text': ''}, {'tag': 'iframe', 'src': 'https://ads.independent.com.mt/www/delivery/afr.php?zoneid=140&cb=83', 'aria_label': None, 'class': ['tmiads'], 'id': 'afcbf42a', 'text': ''}, {'tag': 'iframe', 'src': 'https://ads.independent.com.mt/www/delivery/afr.php?zoneid=147&cb=118', 'aria_label': None, 'class': ['tmiads'], 'id': 'a65e2a3a', 'text': ''}, {'tag': 'iframe', 'src': 'https://ads.independent.com.mt/www/delivery/afr.php?zoneid=34&cb=256', 'aria_label': None, 'class': ['tmiads'], 'id': 'ac264775', 'text': ''}]",14,1,114,0.08039492242595205,93,0,2,0,0,59,21,0.36363636363636365,0,0,0,1,0.09661495063469676,2,48,6,21.772727272727273,0,0,0,0,0,0,0,146,independent,article_pages
197,33,61,22,0,1,25,2,9329,1519,23,8,"[{'tag': 'iframe', 'src': 'https://ads.independent.com.mt/www/delivery/afr.php?zoneid=36&cb=149', 'aria_label': None, 'class': ['tmiads'], 'id': 'af87707c', 'text': ''}, {'tag': 'iframe', 'src': 'https://ads.independent.com.mt/www/delivery/afr.php?zoneid=144&cb=297', 'aria_label': None, 'class': ['tmiads'], 'id': 'a7d95b78', 'text': ''}, {'tag': 'iframe', 'src': 'https://ads.independent.com.mt/www/delivery/afr.php?zoneid=141&cb=52', 'aria_label': None, 'class': ['tmiads'], 'id': 'a1353246', 'text': ''}, {'tag': 'iframe', 'src': 'https://ads.independent.com.mt/www/delivery/afr.php?resize=1&zoneid=22&target=_blank&cb=262', 'aria_label': None, 'class': ['tmiads'], 'id': 'ad1ea670', 'text': ''}, {'tag': 'iframe', 'src': 'https://ads.independent.com.mt/www/delivery/afr.php?zoneid=35&cb=199', 'aria_label': None, 'class': ['tmiads'], 'id': 'abcfa804', 'text': ''}, {'tag': 'iframe', 'src': 'https://ads.independent.com.mt/www/delivery/afr.php?zoneid=140&cb=83', 'aria_label': None, 'class': ['tmiads'], 'id': 'afcbf42a', 'text': ''}, {'tag': 'iframe', 'src': 'https://ads.independent.com.mt/www/delivery/afr.php?zoneid=147&cb=118', 'aria_label': None, 'class': ['tmiads'], 'id': 'a65e2a3a', 'text': ''}, {'tag': 'iframe', 'src': 'https://ads.independent.com.mt/www/delivery/afr.php?zoneid=34&cb=256', 'aria_label': None, 'class': ['tmiads'], 'id': 'ac264775', 'text': ''}]",14,1,114,0.08039492242595205,93,0,2,0,0,59,21,0.36363636363636365,0,0,0,1,0.09661495063469676,2,48,6,21.772727272727273,0,0,0,0,0,0,0,147,independent,article_pages
197,33,61,22,0,1,25,2,9329,1519,23,8,"[{'tag': 'iframe', 'src': 'https://ads.independent.com.mt/www/delivery/afr.php?zoneid=36&cb=149', 'aria_label': None, 'class': ['tmiads'], 'id': 'af87707c', 'text': ''}, {'tag': 'iframe', 'src': 'https://ads.independent.com.mt/www/delivery/afr.php?zoneid=144&cb=297', 'aria_label': None, 'class': ['tmiads'], 'id': 'a7d95b78', 'text': ''}, {'tag': 'iframe', 'src': 'https://ads.independent.com.mt/www/delivery/afr.php?zoneid=141&cb=52', 'aria_label': None, 'class': ['tmiads'], 'id': 'a1353246', 'text': ''}, {'tag': 'iframe', 'src': 'https://ads.independent.com.mt/www/delivery/afr.php?resize=1&zoneid=22&target=_blank&cb=262', 'aria_label': None, 'class': ['tmiads'], 'id': 'ad1ea670', 'text': ''}, {'tag': 'iframe', 'src': 'https://ads.independent.com.mt/www/delivery/afr.php?zoneid=35&cb=199', 'aria_label': None, 'class': ['tmiads'], 'id': 'abcfa804', 'text': ''}, {'tag': 'iframe', 'src': 'https://ads.independent.com.mt/www/delivery/afr.php?zoneid=140&cb=83', 'aria_label': None, 'class': ['tmiads'], 'id': 'afcbf42a', 'text': ''}, {'tag': 'iframe', 'src': 'https://ads.independent.com.mt/www/delivery/afr.php?zoneid=147&cb=118', 'aria_label': None, 'class': ['tmiads'], 'id': 'a65e2a3a', 'text': ''}, {'tag': 'iframe', 'src': 'https://ads.independent.com.mt/www/delivery/afr.php?zoneid=34&cb=256', 'aria_label': None, 'class': ['tmiads'], 'id': 'ac264775', 'text': ''}]",14,1,114,0.08039492242595205,93,0,2,0,0,59,21,0.36363636363636365,0,0,0,1,0.09661495063469676,2,48,6,21.772727272727273,0,0,0,0,0,0,0,148,independent,article_pages
197,33,61,22,0,1,25,2,9329,1519,23,8,"[{'tag': 'iframe', 'src': 'https://ads.independent.com.mt/www/delivery/afr.php?zoneid=36&cb=149', 'aria_label': None, 'class': ['tmiads'], 'id': 'af87707c', 'text': ''}, {'tag': 'iframe', 'src': 'https://ads.independent.com.mt/www/delivery/afr.php?zoneid=144&cb=297', 'aria_label': None, 'class': ['tmiads'], 'id': 'a7d95b78', 'text': ''}, {'tag': 'iframe', 'src': 'https://ads.independent.com.mt/www/delivery/afr.php?zoneid=141&cb=52', 'aria_label': None, 'class': ['tmiads'], 'id': 'a1353246', 'text': ''}, {'tag': 'iframe', 'src': 'https://ads.independent.com.mt/www/delivery/afr.php?resize=1&zoneid=22&target=_blank&cb=262', 'aria_label': None, 'class': ['tmiads'], 'id': 'ad1ea670', 'text': ''}, {'tag': 'iframe', 'src': 'https://ads.independent.com.mt/www/delivery/afr.php?zoneid=35&cb=199', 'aria_label': None, 'class': ['tmiads'], 'id': 'abcfa804', 'text': ''}, {'tag': 'iframe', 'src': 'https://ads.independent.com.mt/www/delivery/afr.php?zoneid=140&cb=83', 'aria_label': None, 'class': ['tmiads'], 'id': 'afcbf42a', 'text': ''}, {'tag': 'iframe', 'src': 'https://ads.independent.com.mt/www/delivery/afr.php?zoneid=147&cb=118', 'aria_label': None, 'class': ['tmiads'], 'id': 'a65e2a3a', 'text': ''}, {'tag': 'iframe', 'src': 'https://ads.independent.com.mt/www/delivery/afr.php?zoneid=34&cb=256', 'aria_label': None, 'class': ['tmiads'], 'id': 'ac264775', 'text': ''}]",14,1,114,0.08039492242595205,93,0,2,0,0,59,21,0.36363636363636365,0,0,0,1,0.09661495063469676,2,48,6,21.772727272727273,0,0,0,0,0,0,0,149,independent,article_pages
197,33,61,22,0,1,25,2,9329,1519,23,8,"[{'tag': 'iframe', 'src': 'https://ads.independent.com.mt/www/delivery/afr.php?zoneid=36&cb=149', 'aria_label': None, 'class': ['tmiads'], 'id': 'af87707c', 'text': ''}, {'tag': 'iframe', 'src': 'https://ads.independent.com.mt/www/delivery/afr.php?zoneid=144&cb=297', 'aria_label': None, 'class': ['tmiads'], 'id': 'a7d95b78', 'text': ''}, {'tag': 'iframe', 'src': 'https://ads.independent.com.mt/www/delivery/afr.php?zoneid=141&cb=52', 'aria_label': None, 'class': ['tmiads'], 'id': 'a1353246', 'text': ''}, {'tag': 'iframe', 'src': 'https://ads.independent.com.mt/www/delivery/afr.php?resize=1&zoneid=22&target=_blank&cb=262', 'aria_label': None, 'class': ['tmiads'], 'id': 'ad1ea670', 'text': ''}, {'tag': 'iframe', 'src': 'https://ads.independent.com.mt/www/delivery/afr.php?zoneid=35&cb=199', 'aria_label': None, 'class': ['tmiads'], 'id': 'abcfa804', 'text': ''}, {'tag': 'iframe', 'src': 'https://ads.independent.com.mt/www/delivery/afr.php?zoneid=140&cb=83', 'aria_label': None, 'class': ['tmiads'], 'id': 'afcbf42a', 'text': ''}, {'tag': 'iframe', 'src': 'https://ads.independent.com.mt/www/delivery/afr.php?zoneid=147&cb=118', 'aria_label': None, 'class': ['tmiads'], 'id': 'a65e2a3a', 'text': ''}, {'tag': 'iframe', 'src': 'https://ads.independent.com.mt/www/delivery/afr.php?zoneid=34&cb=256', 'aria_label': None, 'class': ['tmiads'], 'id': 'ac264775', 'text': ''}]",14,1,114,0.08039492242595205,93,0,2,0,0,59,21,0.36363636363636365,0,0,0,1,0.09661495063469676,2,48,6,21.772727272727273,0,0,0,0,0,0,0,150,independent,article_pages
197,33,61,22,0,1,25,2,9329,1519,23,8,"[{'tag': 'iframe', 'src': 'https://ads.independent.com.mt/www/delivery/afr.php?zoneid=36&cb=149', 'aria_label': None, 'class': ['tmiads'], 'id': 'af87707c', 'text': ''}, {'tag': 'iframe', 'src': 'https://ads.independent.com.mt/www/delivery/afr.php?zoneid=144&cb=297', 'aria_label': None, 'class': ['tmiads'], 'id': 'a7d95b78', 'text': ''}, {'tag': 'iframe', 'src': 'https://ads.independent.com.mt/www/delivery/afr.php?zoneid=141&cb=52', 'aria_label': None, 'class': ['tmiads'], 'id': 'a1353246', 'text': ''}, {'tag': 'iframe', 'src': 'https://ads.independent.com.mt/www/delivery/afr.php?resize=1&zoneid=22&target=_blank&cb=262', 'aria_label': None, 'class': ['tmiads'], 'id': 'ad1ea670', 'text': ''}, {'tag': 'iframe', 'src': 'https://ads.independent.com.mt/www/delivery/afr.php?zoneid=35&cb=199', 'aria_label': None, 'class': ['tmiads'], 'id': 'abcfa804', 'text': ''}, {'tag': 'iframe', 'src': 'https://ads.independent.com.mt/www/delivery/afr.php?zoneid=140&cb=83', 'aria_label': None, 'class': ['tmiads'], 'id': 'afcbf42a', 'text': ''}, {'tag': 'iframe', 'src': 'https://ads.independent.com.mt/www/delivery/afr.php?zoneid=147&cb=118', 'aria_label': None, 'class': ['tmiads'], 'id': 'a65e2a3a', 'text': ''}, {'tag': 'iframe', 'src': 'https://ads.independent.com.mt/www/delivery/afr.php?zoneid=34&cb=256', 'aria_label': None, 'class': ['tmiads'], 'id': 'ac264775', 'text': ''}]",14,1,114,0.08039492242595205,93,0,2,0,0,59,21,0.36363636363636365,0,0,0,1,0.09661495063469676,2,48,6,21.772727272727273,0,0,0,0,0,0,0,151,independent,article_pages
197,33,61,22,0,1,25,2,9329,1519,23,8,"[{'tag': 'iframe', 'src': 'https://ads.independent.com.mt/www/delivery/afr.php?zoneid=36&cb=149', 'aria_label': None, 'class': ['tmiads'], 'id': 'af87707c', 'text': ''}, {'tag': 'iframe', 'src': 'https://ads.independent.com.mt/www/delivery/afr.php?zoneid=144&cb=297', 'aria_label': None, 'class': ['tmiads'], 'id': 'a7d95b78', 'text': ''}, {'tag': 'iframe', 'src': 'https://ads.independent.com.mt/www/delivery/afr.php?zoneid=141&cb=52', 'aria_label': None, 'class': ['tmiads'], 'id': 'a1353246', 'text': ''}, {'tag': 'iframe', 'src': 'https://ads.independent.com.mt/www/delivery/afr.php?resize=1&zoneid=22&target=_blank&cb=262', 'aria_label': None, 'class': ['tmiads'], 'id': 'ad1ea670', 'text': ''}, {'tag': 'iframe', 'src': 'https://ads.independent.com.mt/www/delivery/afr.php?zoneid=35&cb=199', 'aria_label': None, 'class': ['tmiads'], 'id': 'abcfa804', 'text': ''}, {'tag': 'iframe', 'src': 'https://ads.independent.com.mt/www/delivery/afr.php?zoneid=140&cb=83', 'aria_label': None, 'class': ['tmiads'], 'id': 'afcbf42a', 'text': ''}, {'tag': 'iframe', 'src': 'https://ads.independent.com.mt/www/delivery/afr.php?zoneid=147&cb=118', 'aria_label': None, 'class': ['tmiads'], 'id': 'a65e2a3a', 'text': ''}, {'tag': 'iframe', 'src': 'https://ads.independent.com.mt/www/delivery/afr.php?zoneid=34&cb=256', 'aria_label': None, 'class': ['tmiads'], 'id': 'ac264775', 'text': ''}]",14,1,114,0.08039492242595205,93,0,2,0,0,59,21,0.36363636363636365,0,0,0,1,0.09661495063469676,2,48,6,21.772727272727273,0,0,0,0,0,0,0,152,independent,article_pages
197,33,61,22,0,1,25,2,9329,1519,23,8,"[{'tag': 'iframe', 'src': 'https://ads.independent.com.mt/www/delivery/afr.php?zoneid=36&cb=149', 'aria_label': None, 'class': ['tmiads'], 'id': 'af87707c', 'text': ''}, {'tag': 'iframe', 'src': 'https://ads.independent.com.mt/www/delivery/afr.php?zoneid=144&cb=297', 'aria_label': None, 'class': ['tmiads'], 'id': 'a7d95b78', 'text': ''}, {'tag': 'iframe', 'src': 'https://ads.independent.com.mt/www/delivery/afr.php?zoneid=141&cb=52', 'aria_label': None, 'class': ['tmiads'], 'id': 'a1353246', 'text': ''}, {'tag': 'iframe', 'src': 'https://ads.independent.com.mt/www/delivery/afr.php?resize=1&zoneid=22&target=_blank&cb=262', 'aria_label': None, 'class': ['tmiads'], 'id': 'ad1ea670', 'text': ''}, {'tag': 'iframe', 'src': 'https://ads.independent.com.mt/www/delivery/afr.php?zoneid=35&cb=199', 'aria_label': None, 'class': ['tmiads'], 'id': 'abcfa804', 'text': ''}, {'tag': 'iframe', 'src': 'https://ads.independent.com.mt/www/delivery/afr.php?zoneid=140&cb=83', 'aria_label': None, 'class': ['tmiads'], 'id': 'afcbf42a', 'text': ''}, {'tag': 'iframe', 'src': 'https://ads.independent.com.mt/www/delivery/afr.php?zoneid=147&cb=118', 'aria_label': None, 'class': ['tmiads'], 'id': 'a65e2a3a', 'text': ''}, {'tag': 'iframe', 'src': 'https://ads.independent.com.mt/www/delivery/afr.php?zoneid=34&cb=256', 'aria_label': None, 'class': ['tmiads'], 'id': 'ac264775', 'text': ''}]",14,1,114,0.08039492242595205,93,0,2,0,0,59,21,0.36363636363636365,0,0,0,1,0.09661495063469676,2,48,6,21.772727272727273,0,0,0,0,0,0,0,153,independent,article_pages
197,33,61,22,0,1,25,2,9329,1519,23,8,"[{'tag': 'iframe', 'src': 'https://ads.independent.com.mt/www/delivery/afr.php?zoneid=36&cb=149', 'aria_label': None, 'class': ['tmiads'], 'id': 'af87707c', 'text': ''}, {'tag': 'iframe', 'src': 'https://ads.independent.com.mt/www/delivery/afr.php?zoneid=144&cb=297', 'aria_label': None, 'class': ['tmiads'], 'id': 'a7d95b78', 'text': ''}, {'tag': 'iframe', 'src': 'https://ads.independent.com.mt/www/delivery/afr.php?zoneid=141&cb=52', 'aria_label': None, 'class': ['tmiads'], 'id': 'a1353246', 'text': ''}, {'tag': 'iframe', 'src': 'https://ads.independent.com.mt/www/delivery/afr.php?resize=1&zoneid=22&target=_blank&cb=262', 'aria_label': None, 'class': ['tmiads'], 'id': 'ad1ea670', 'text': ''}, {'tag': 'iframe', 'src': 'https://ads.independent.com.mt/www/delivery/afr.php?zoneid=35&cb=199', 'aria_label': None, 'class': ['tmiads'], 'id': 'abcfa804', 'text': ''}, {'tag': 'iframe', 'src': 'https://ads.independent.com.mt/www/delivery/afr.php?zoneid=140&cb=83', 'aria_label': None, 'class': ['tmiads'], 'id': 'afcbf42a', 'text': ''}, {'tag': 'iframe', 'src': 'https://ads.independent.com.mt/www/delivery/afr.php?zoneid=147&cb=118', 'aria_label': None, 'class': ['tmiads'], 'id': 'a65e2a3a', 'text': ''}, {'tag': 'iframe', 'src': 'https://ads.independent.com.mt/www/delivery/afr.php?zoneid=34&cb=256', 'aria_label': None, 'class': ['tmiads'], 'id': 'ac264775', 'text': ''}]",14,1,114,0.08039492242595205,93,0,2,0,0,59,21,0.36363636363636365,0,0,0,1,0.09661495063469676,2,48,6,21.772727272727273,0,0,0,0,0,0,0,154,independent,article_pages
197,33,61,22,0,1,25,2,9329,1519,23,8,"[{'tag': 'iframe', 'src': 'https://ads.independent.com.mt/www/delivery/afr.php?zoneid=36&cb=149', 'aria_label': None, 'class': ['tmiads'], 'id': 'af87707c', 'text': ''}, {'tag': 'iframe', 'src': 'https://ads.independent.com.mt/www/delivery/afr.php?zoneid=144&cb=297', 'aria_label': None, 'class': ['tmiads'], 'id': 'a7d95b78', 'text': ''}, {'tag': 'iframe', 'src': 'https://ads.independent.com.mt/www/delivery/afr.php?zoneid=141&cb=52', 'aria_label': None, 'class': ['tmiads'], 'id': 'a1353246', 'text': ''}, {'tag': 'iframe', 'src': 'https://ads.independent.com.mt/www/delivery/afr.php?resize=1&zoneid=22&target=_blank&cb=262', 'aria_label': None, 'class': ['tmiads'], 'id': 'ad1ea670', 'text': ''}, {'tag': 'iframe', 'src': 'https://ads.independent.com.mt/www/delivery/afr.php?zoneid=35&cb=199', 'aria_label': None, 'class': ['tmiads'], 'id': 'abcfa804', 'text': ''}, {'tag': 'iframe', 'src': 'https://ads.independent.com.mt/www/delivery/afr.php?zoneid=140&cb=83', 'aria_label': None, 'class': ['tmiads'], 'id': 'afcbf42a', 'text': ''}, {'tag': 'iframe', 'src': 'https://ads.independent.com.mt/www/delivery/afr.php?zoneid=147&cb=118', 'aria_label': None, 'class': ['tmiads'], 'id': 'a65e2a3a', 'text': ''}, {'tag': 'iframe', 'src': 'https://ads.independent.com.mt/www/delivery/afr.php?zoneid=34&cb=256', 'aria_label': None, 'class': ['tmiads'], 'id': 'ac264775', 'text': ''}]",14,1,114,0.08039492242595205,93,0,2,0,0,59,21,0.36363636363636365,0,0,0,1,0.09661495063469676,2,48,6,21.772727272727273,0,0,0,0,0,0,0,155,independent,article_pages
197,33,61,22,0,1,25,2,9329,1519,23,8,"[{'tag': 'iframe', 'src': 'https://ads.independent.com.mt/www/delivery/afr.php?zoneid=36&cb=149', 'aria_label': None, 'class': ['tmiads'], 'id': 'af87707c', 'text': ''}, {'tag': 'iframe', 'src': 'https://ads.independent.com.mt/www/delivery/afr.php?zoneid=144&cb=297', 'aria_label': None, 'class': ['tmiads'], 'id': 'a7d95b78', 'text': ''}, {'tag': 'iframe', 'src': 'https://ads.independent.com.mt/www/delivery/afr.php?zoneid=141&cb=52', 'aria_label': None, 'class': ['tmiads'], 'id': 'a1353246', 'text': ''}, {'tag': 'iframe', 'src': 'https://ads.independent.com.mt/www/delivery/afr.php?resize=1&zoneid=22&target=_blank&cb=262', 'aria_label': None, 'class': ['tmiads'], 'id': 'ad1ea670', 'text': ''}, {'tag': 'iframe', 'src': 'https://ads.independent.com.mt/www/delivery/afr.php?zoneid=35&cb=199', 'aria_label': None, 'class': ['tmiads'], 'id': 'abcfa804', 'text': ''}, {'tag': 'iframe', 'src': 'https://ads.independent.com.mt/www/delivery/afr.php?zoneid=140&cb=83', 'aria_label': None, 'class': ['tmiads'], 'id': 'afcbf42a', 'text': ''}, {'tag': 'iframe', 'src': 'https://ads.independent.com.mt/www/delivery/afr.php?zoneid=147&cb=118', 'aria_label': None, 'class': ['tmiads'], 'id': 'a65e2a3a', 'text': ''}, {'tag': 'iframe', 'src': 'https://ads.independent.com.mt/www/delivery/afr.php?zoneid=34&cb=256', 'aria_label': None, 'class': ['tmiads'], 'id': 'ac264775', 'text': ''}]",14,1,114,0.08039492242595205,93,0,2,0,0,59,21,0.36363636363636365,0,0,0,1,0.09661495063469676,2,48,6,21.772727272727273,0,0,0,0,0,0,0,156,independent,article_pages
197,33,61,22,0,1,25,2,9329,1519,23,8,"[{'tag': 'iframe', 'src': 'https://ads.independent.com.mt/www/delivery/afr.php?zoneid=36&cb=149', 'aria_label': None, 'class': ['tmiads'], 'id': 'af87707c', 'text': ''}, {'tag': 'iframe', 'src': 'https://ads.independent.com.mt/www/delivery/afr.php?zoneid=144&cb=297', 'aria_label': None, 'class': ['tmiads'], 'id': 'a7d95b78', 'text': ''}, {'tag': 'iframe', 'src': 'https://ads.independent.com.mt/www/delivery/afr.php?zoneid=141&cb=52', 'aria_label': None, 'class': ['tmiads'], 'id': 'a1353246', 'text': ''}, {'tag': 'iframe', 'src': 'https://ads.independent.com.mt/www/delivery/afr.php?resize=1&zoneid=22&target=_blank&cb=262', 'aria_label': None, 'class': ['tmiads'], 'id': 'ad1ea670', 'text': ''}, {'tag': 'iframe', 'src': 'https://ads.independent.com.mt/www/delivery/afr.php?zoneid=35&cb=199', 'aria_label': None, 'class': ['tmiads'], 'id': 'abcfa804', 'text': ''}, {'tag': 'iframe', 'src': 'https://ads.independent.com.mt/www/delivery/afr.php?zoneid=140&cb=83', 'aria_label': None, 'class': ['tmiads'], 'id': 'afcbf42a', 'text': ''}, {'tag': 'iframe', 'src': 'https://ads.independent.com.mt/www/delivery/afr.php?zoneid=147&cb=118', 'aria_label': None, 'class': ['tmiads'], 'id': 'a65e2a3a', 'text': ''}, {'tag': 'iframe', 'src': 'https://ads.independent.com.mt/www/delivery/afr.php?zoneid=34&cb=256', 'aria_label': None, 'class': ['tmiads'], 'id': 'ac264775', 'text': ''}]",14,1,114,0.08039492242595205,93,0,2,0,0,59,21,0.36363636363636365,0,0,0,1,0.09661495063469676,2,48,6,21.772727272727273,0,0,0,0,0,0,0,157,independent,article_pages
199,33,61,22,0,1,34,9,14029,2144,23,8,"[{'tag': 'iframe', 'src': 'https://ads.independent.com.mt/www/delivery/afr.php?zoneid=45&cb=161', 'aria_label': None, 'class': ['tmiads'], 'id': 'ab2eb8eb', 'text': ''}, {'tag': 'iframe', 'src': 'https://ads.independent.com.mt/www/delivery/afr.php?zoneid=119&cb=219', 'aria_label': None, 'class': ['tmiads'], 'id': 'a9fec59d', 'text': ''}, {'tag': 'iframe', 'src': 'https://ads.independent.com.mt/www/delivery/afr.php?zoneid=116&cb=48', 'aria_label': None, 'class': ['tmiads'], 'id': 'a8bec639', 'text': ''}, {'tag': 'iframe', 'src': 'https://ads.independent.com.mt/www/delivery/afr.php?resize=1&zoneid=22&target=_blank&cb=236', 'aria_label': None, 'class': ['tmiads'], 'id': 'ad1ea670', 'text': ''}, {'tag': 'iframe', 'src': 'https://ads.independent.com.mt/www/delivery/afr.php?zoneid=44&cb=5', 'aria_label': None, 'class': ['tmiads'], 'id': 'a578e25f', 'text': ''}, {'tag': 'iframe', 'src': 'https://ads.independent.com.mt/www/delivery/afr.php?zoneid=115&cb=213', 'aria_label': None, 'class': ['tmiads'], 'id': 'a295273c', 'text': ''}, {'tag': 'iframe', 'src': 'https://ads.independent.com.mt/www/delivery/afr.php?zoneid=147&cb=285', 'aria_label': None, 'class': ['tmiads'], 'id': 'a65e2a3a', 'text': ''}, {'tag': 'iframe', 'src': 'https://ads.independent.com.mt/www/delivery/afr.php?zoneid=43&cb=220', 'aria_label': None, 'class': ['tmiads'], 'id': 'af1935e1', 'text': ''}]",14,1,114,0.07883817427385892,93,0,2,0,0,59,21,0.36363636363636365,0,0,0,1,0.09474412171507607,2,48,6,38.67857142857143,0,0,0,0,0,0,0,158,independent,article_pages
199,33,61,22,0,1,34,9,14029,2144,23,8,"[{'tag': 'iframe', 'src': 'https://ads.independent.com.mt/www/delivery/afr.php?zoneid=45&cb=161', 'aria_label': None, 'class': ['tmiads'], 'id': 'ab2eb8eb', 'text': ''}, {'tag': 'iframe', 'src': 'https://ads.independent.com.mt/www/delivery/afr.php?zoneid=119&cb=219', 'aria_label': None, 'class': ['tmiads'], 'id': 'a9fec59d', 'text': ''}, {'tag': 'iframe', 'src': 'https://ads.independent.com.mt/www/delivery/afr.php?zoneid=116&cb=48', 'aria_label': None, 'class': ['tmiads'], 'id': 'a8bec639', 'text': ''}, {'tag': 'iframe', 'src': 'https://ads.independent.com.mt/www/delivery/afr.php?resize=1&zoneid=22&target=_blank&cb=236', 'aria_label': None, 'class': ['tmiads'], 'id': 'ad1ea670', 'text': ''}, {'tag': 'iframe', 'src': 'https://ads.independent.com.mt/www/delivery/afr.php?zoneid=44&cb=5', 'aria_label': None, 'class': ['tmiads'], 'id': 'a578e25f', 'text': ''}, {'tag': 'iframe', 'src': 'https://ads.independent.com.mt/www/delivery/afr.php?zoneid=115&cb=213', 'aria_label': None, 'class': ['tmiads'], 'id': 'a295273c', 'text': ''}, {'tag': 'iframe', 'src': 'https://ads.independent.com.mt/www/delivery/afr.php?zoneid=147&cb=285', 'aria_label': None, 'class': ['tmiads'], 'id': 'a65e2a3a', 'text': ''}, {'tag': 'iframe', 'src': 'https://ads.independent.com.mt/www/delivery/afr.php?zoneid=43&cb=220', 'aria_label': None, 'class': ['tmiads'], 'id': 'af1935e1', 'text': ''}]",14,1,114,0.07883817427385892,93,0,2,0,0,59,21,0.36363636363636365,0,0,0,1,0.09474412171507607,2,48,6,38.67857142857143,0,0,0,0,0,0,0,159,independent,article_pages
199,33,61,22,0,1,34,9,14029,2144,23,8,"[{'tag': 'iframe', 'src': 'https://ads.independent.com.mt/www/delivery/afr.php?zoneid=45&cb=161', 'aria_label': None, 'class': ['tmiads'], 'id': 'ab2eb8eb', 'text': ''}, {'tag': 'iframe', 'src': 'https://ads.independent.com.mt/www/delivery/afr.php?zoneid=119&cb=219', 'aria_label': None, 'class': ['tmiads'], 'id': 'a9fec59d', 'text': ''}, {'tag': 'iframe', 'src': 'https://ads.independent.com.mt/www/delivery/afr.php?zoneid=116&cb=48', 'aria_label': None, 'class': ['tmiads'], 'id': 'a8bec639', 'text': ''}, {'tag': 'iframe', 'src': 'https://ads.independent.com.mt/www/delivery/afr.php?resize=1&zoneid=22&target=_blank&cb=236', 'aria_label': None, 'class': ['tmiads'], 'id': 'ad1ea670', 'text': ''}, {'tag': 'iframe', 'src': 'https://ads.independent.com.mt/www/delivery/afr.php?zoneid=44&cb=5', 'aria_label': None, 'class': ['tmiads'], 'id': 'a578e25f', 'text': ''}, {'tag': 'iframe', 'src': 'https://ads.independent.com.mt/www/delivery/afr.php?zoneid=115&cb=213', 'aria_label': None, 'class': ['tmiads'], 'id': 'a295273c', 'text': ''}, {'tag': 'iframe', 'src': 'https://ads.independent.com.mt/www/delivery/afr.php?zoneid=147&cb=285', 'aria_label': None, 'class': ['tmiads'], 'id': 'a65e2a3a', 'text': ''}, {'tag': 'iframe', 'src': 'https://ads.independent.com.mt/www/delivery/afr.php?zoneid=43&cb=220', 'aria_label': None, 'class': ['tmiads'], 'id': 'af1935e1', 'text': ''}]",14,1,114,0.07883817427385892,93,0,2,0,0,59,21,0.36363636363636365,0,0,0,1,0.09474412171507607,2,48,6,38.67857142857143,0,0,0,0,0,0,0,160,independent,article_pages
199,33,61,22,0,1,34,9,14029,2144,23,8,"[{'tag': 'iframe', 'src': 'https://ads.independent.com.mt/www/delivery/afr.php?zoneid=45&cb=161', 'aria_label': None, 'class': ['tmiads'], 'id': 'ab2eb8eb', 'text': ''}, {'tag': 'iframe', 'src': 'https://ads.independent.com.mt/www/delivery/afr.php?zoneid=119&cb=219', 'aria_label': None, 'class': ['tmiads'], 'id': 'a9fec59d', 'text': ''}, {'tag': 'iframe', 'src': 'https://ads.independent.com.mt/www/delivery/afr.php?zoneid=116&cb=48', 'aria_label': None, 'class': ['tmiads'], 'id': 'a8bec639', 'text': ''}, {'tag': 'iframe', 'src': 'https://ads.independent.com.mt/www/delivery/afr.php?resize=1&zoneid=22&target=_blank&cb=236', 'aria_label': None, 'class': ['tmiads'], 'id': 'ad1ea670', 'text': ''}, {'tag': 'iframe', 'src': 'https://ads.independent.com.mt/www/delivery/afr.php?zoneid=44&cb=5', 'aria_label': None, 'class': ['tmiads'], 'id': 'a578e25f', 'text': ''}, {'tag': 'iframe', 'src': 'https://ads.independent.com.mt/www/delivery/afr.php?zoneid=115&cb=213', 'aria_label': None, 'class': ['tmiads'], 'id': 'a295273c', 'text': ''}, {'tag': 'iframe', 'src': 'https://ads.independent.com.mt/www/delivery/afr.php?zoneid=147&cb=285', 'aria_label': None, 'class': ['tmiads'], 'id': 'a65e2a3a', 'text': ''}, {'tag': 'iframe', 'src': 'https://ads.independent.com.mt/www/delivery/afr.php?zoneid=43&cb=220', 'aria_label': None, 'class': ['tmiads'], 'id': 'af1935e1', 'text': ''}]",14,1,114,0.07883817427385892,93,0,2,0,0,59,21,0.36363636363636365,0,0,0,1,0.09474412171507607,2,48,6,38.67857142857143,0,0,0,0,0,0,0,161,independent,article_pages
199,33,61,22,0,1,34,9,14029,2144,23,8,"[{'tag': 'iframe', 'src': 'https://ads.independent.com.mt/www/delivery/afr.php?zoneid=45&cb=161', 'aria_label': None, 'class': ['tmiads'], 'id': 'ab2eb8eb', 'text': ''}, {'tag': 'iframe', 'src': 'https://ads.independent.com.mt/www/delivery/afr.php?zoneid=119&cb=219', 'aria_label': None, 'class': ['tmiads'], 'id': 'a9fec59d', 'text': ''}, {'tag': 'iframe', 'src': 'https://ads.independent.com.mt/www/delivery/afr.php?zoneid=116&cb=48', 'aria_label': None, 'class': ['tmiads'], 'id': 'a8bec639', 'text': ''}, {'tag': 'iframe', 'src': 'https://ads.independent.com.mt/www/delivery/afr.php?resize=1&zoneid=22&target=_blank&cb=236', 'aria_label': None, 'class': ['tmiads'], 'id': 'ad1ea670', 'text': ''}, {'tag': 'iframe', 'src': 'https://ads.independent.com.mt/www/delivery/afr.php?zoneid=44&cb=5', 'aria_label': None, 'class': ['tmiads'], 'id': 'a578e25f', 'text': ''}, {'tag': 'iframe', 'src': 'https://ads.independent.com.mt/www/delivery/afr.php?zoneid=115&cb=213', 'aria_label': None, 'class': ['tmiads'], 'id': 'a295273c', 'text': ''}, {'tag': 'iframe', 'src': 'https://ads.independent.com.mt/www/delivery/afr.php?zoneid=147&cb=285', 'aria_label': None, 'class': ['tmiads'], 'id': 'a65e2a3a', 'text': ''}, {'tag': 'iframe', 'src': 'https://ads.independent.com.mt/www/delivery/afr.php?zoneid=43&cb=220', 'aria_label': None, 'class': ['tmiads'], 'id': 'af1935e1', 'text': ''}]",14,1,114,0.07883817427385892,93,0,2,0,0,59,21,0.36363636363636365,0,0,0,1,0.09474412171507607,2,48,6,38.67857142857143,0,0,0,0,0,0,0,162,independent,article_pages
199,33,61,22,0,1,34,9,14029,2144,23,8,"[{'tag': 'iframe', 'src': 'https://ads.independent.com.mt/www/delivery/afr.php?zoneid=45&cb=161', 'aria_label': None, 'class': ['tmiads'], 'id': 'ab2eb8eb', 'text': ''}, {'tag': 'iframe', 'src': 'https://ads.independent.com.mt/www/delivery/afr.php?zoneid=119&cb=219', 'aria_label': None, 'class': ['tmiads'], 'id': 'a9fec59d', 'text': ''}, {'tag': 'iframe', 'src': 'https://ads.independent.com.mt/www/delivery/afr.php?zoneid=116&cb=48', 'aria_label': None, 'class': ['tmiads'], 'id': 'a8bec639', 'text': ''}, {'tag': 'iframe', 'src': 'https://ads.independent.com.mt/www/delivery/afr.php?resize=1&zoneid=22&target=_blank&cb=236', 'aria_label': None, 'class': ['tmiads'], 'id': 'ad1ea670', 'text': ''}, {'tag': 'iframe', 'src': 'https://ads.independent.com.mt/www/delivery/afr.php?zoneid=44&cb=5', 'aria_label': None, 'class': ['tmiads'], 'id': 'a578e25f', 'text': ''}, {'tag': 'iframe', 'src': 'https://ads.independent.com.mt/www/delivery/afr.php?zoneid=115&cb=213', 'aria_label': None, 'class': ['tmiads'], 'id': 'a295273c', 'text': ''}, {'tag': 'iframe', 'src': 'https://ads.independent.com.mt/www/delivery/afr.php?zoneid=147&cb=285', 'aria_label': None, 'class': ['tmiads'], 'id': 'a65e2a3a', 'text': ''}, {'tag': 'iframe', 'src': 'https://ads.independent.com.mt/www/delivery/afr.php?zoneid=43&cb=220', 'aria_label': None, 'class': ['tmiads'], 'id': 'af1935e1', 'text': ''}]",14,1,114,0.07883817427385892,93,0,2,0,0,59,21,0.36363636363636365,0,0,0,1,0.09474412171507607,2,48,6,38.67857142857143,0,0,0,0,0,0,0,163,independent,article_pages
199,33,61,22,0,1,34,9,14029,2144,23,8,"[{'tag': 'iframe', 'src': 'https://ads.independent.com.mt/www/delivery/afr.php?zoneid=45&cb=161', 'aria_label': None, 'class': ['tmiads'], 'id': 'ab2eb8eb', 'text': ''}, {'tag': 'iframe', 'src': 'https://ads.independent.com.mt/www/delivery/afr.php?zoneid=119&cb=219', 'aria_label': None, 'class': ['tmiads'], 'id': 'a9fec59d', 'text': ''}, {'tag': 'iframe', 'src': 'https://ads.independent.com.mt/www/delivery/afr.php?zoneid=116&cb=48', 'aria_label': None, 'class': ['tmiads'], 'id': 'a8bec639', 'text': ''}, {'tag': 'iframe', 'src': 'https://ads.independent.com.mt/www/delivery/afr.php?resize=1&zoneid=22&target=_blank&cb=236', 'aria_label': None, 'class': ['tmiads'], 'id': 'ad1ea670', 'text': ''}, {'tag': 'iframe', 'src': 'https://ads.independent.com.mt/www/delivery/afr.php?zoneid=44&cb=5', 'aria_label': None, 'class': ['tmiads'], 'id': 'a578e25f', 'text': ''}, {'tag': 'iframe', 'src': 'https://ads.independent.com.mt/www/delivery/afr.php?zoneid=115&cb=213', 'aria_label': None, 'class': ['tmiads'], 'id': 'a295273c', 'text': ''}, {'tag': 'iframe', 'src': 'https://ads.independent.com.mt/www/delivery/afr.php?zoneid=147&cb=285', 'aria_label': None, 'class': ['tmiads'], 'id': 'a65e2a3a', 'text': ''}, {'tag': 'iframe', 'src': 'https://ads.independent.com.mt/www/delivery/afr.php?zoneid=43&cb=220', 'aria_label': None, 'class': ['tmiads'], 'id': 'af1935e1', 'text': ''}]",14,1,114,0.07883817427385892,93,0,2,0,0,59,21,0.36363636363636365,0,0,0,1,0.09474412171507607,2,48,6,38.67857142857143,0,0,0,0,0,0,0,164,independent,article_pages
199,33,61,22,0,1,34,9,14029,2144,23,8,"[{'tag': 'iframe', 'src': 'https://ads.independent.com.mt/www/delivery/afr.php?zoneid=45&cb=161', 'aria_label': None, 'class': ['tmiads'], 'id': 'ab2eb8eb', 'text': ''}, {'tag': 'iframe', 'src': 'https://ads.independent.com.mt/www/delivery/afr.php?zoneid=119&cb=219', 'aria_label': None, 'class': ['tmiads'], 'id': 'a9fec59d', 'text': ''}, {'tag': 'iframe', 'src': 'https://ads.independent.com.mt/www/delivery/afr.php?zoneid=116&cb=48', 'aria_label': None, 'class': ['tmiads'], 'id': 'a8bec639', 'text': ''}, {'tag': 'iframe', 'src': 'https://ads.independent.com.mt/www/delivery/afr.php?resize=1&zoneid=22&target=_blank&cb=236', 'aria_label': None, 'class': ['tmiads'], 'id': 'ad1ea670', 'text': ''}, {'tag': 'iframe', 'src': 'https://ads.independent.com.mt/www/delivery/afr.php?zoneid=44&cb=5', 'aria_label': None, 'class': ['tmiads'], 'id': 'a578e25f', 'text': ''}, {'tag': 'iframe', 'src': 'https://ads.independent.com.mt/www/delivery/afr.php?zoneid=115&cb=213', 'aria_label': None, 'class': ['tmiads'], 'id': 'a295273c', 'text': ''}, {'tag': 'iframe', 'src': 'https://ads.independent.com.mt/www/delivery/afr.php?zoneid=147&cb=285', 'aria_label': None, 'class': ['tmiads'], 'id': 'a65e2a3a', 'text': ''}, {'tag': 'iframe', 'src': 'https://ads.independent.com.mt/www/delivery/afr.php?zoneid=43&cb=220', 'aria_label': None, 'class': ['tmiads'], 'id': 'af1935e1', 'text': ''}]",14,1,114,0.07883817427385892,93,0,2,0,0,59,21,0.36363636363636365,0,0,0,1,0.09474412171507607,2,48,6,38.67857142857143,0,0,0,0,0,0,0,165,independent,article_pages
199,33,61,22,0,1,34,9,14029,2144,23,8,"[{'tag': 'iframe', 'src': 'https://ads.independent.com.mt/www/delivery/afr.php?zoneid=45&cb=161', 'aria_label': None, 'class': ['tmiads'], 'id': 'ab2eb8eb', 'text': ''}, {'tag': 'iframe', 'src': 'https://ads.independent.com.mt/www/delivery/afr.php?zoneid=119&cb=219', 'aria_label': None, 'class': ['tmiads'], 'id': 'a9fec59d', 'text': ''}, {'tag': 'iframe', 'src': 'https://ads.independent.com.mt/www/delivery/afr.php?zoneid=116&cb=48', 'aria_label': None, 'class': ['tmiads'], 'id': 'a8bec639', 'text': ''}, {'tag': 'iframe', 'src': 'https://ads.independent.com.mt/www/delivery/afr.php?resize=1&zoneid=22&target=_blank&cb=236', 'aria_label': None, 'class': ['tmiads'], 'id': 'ad1ea670', 'text': ''}, {'tag': 'iframe', 'src': 'https://ads.independent.com.mt/www/delivery/afr.php?zoneid=44&cb=5', 'aria_label': None, 'class': ['tmiads'], 'id': 'a578e25f', 'text': ''}, {'tag': 'iframe', 'src': 'https://ads.independent.com.mt/www/delivery/afr.php?zoneid=115&cb=213', 'aria_label': None, 'class': ['tmiads'], 'id': 'a295273c', 'text': ''}, {'tag': 'iframe', 'src': 'https://ads.independent.com.mt/www/delivery/afr.php?zoneid=147&cb=285', 'aria_label': None, 'class': ['tmiads'], 'id': 'a65e2a3a', 'text': ''}, {'tag': 'iframe', 'src': 'https://ads.independent.com.mt/www/delivery/afr.php?zoneid=43&cb=220', 'aria_label': None, 'class': ['tmiads'], 'id': 'af1935e1', 'text': ''}]",14,1,114,0.07883817427385892,93,0,2,0,0,59,21,0.36363636363636365,0,0,0,1,0.09474412171507607,2,48,6,38.67857142857143,0,0,0,0,0,0,0,166,independent,article_pages
199,33,61,22,0,1,34,9,14029,2144,23,8,"[{'tag': 'iframe', 'src': 'https://ads.independent.com.mt/www/delivery/afr.php?zoneid=45&cb=161', 'aria_label': None, 'class': ['tmiads'], 'id': 'ab2eb8eb', 'text': ''}, {'tag': 'iframe', 'src': 'https://ads.independent.com.mt/www/delivery/afr.php?zoneid=119&cb=219', 'aria_label': None, 'class': ['tmiads'], 'id': 'a9fec59d', 'text': ''}, {'tag': 'iframe', 'src': 'https://ads.independent.com.mt/www/delivery/afr.php?zoneid=116&cb=48', 'aria_label': None, 'class': ['tmiads'], 'id': 'a8bec639', 'text': ''}, {'tag': 'iframe', 'src': 'https://ads.independent.com.mt/www/delivery/afr.php?resize=1&zoneid=22&target=_blank&cb=236', 'aria_label': None, 'class': ['tmiads'], 'id': 'ad1ea670', 'text': ''}, {'tag': 'iframe', 'src': 'https://ads.independent.com.mt/www/delivery/afr.php?zoneid=44&cb=5', 'aria_label': None, 'class': ['tmiads'], 'id': 'a578e25f', 'text': ''}, {'tag': 'iframe', 'src': 'https://ads.independent.com.mt/www/delivery/afr.php?zoneid=115&cb=213', 'aria_label': None, 'class': ['tmiads'], 'id': 'a295273c', 'text': ''}, {'tag': 'iframe', 'src': 'https://ads.independent.com.mt/www/delivery/afr.php?zoneid=147&cb=285', 'aria_label': None, 'class': ['tmiads'], 'id': 'a65e2a3a', 'text': ''}, {'tag': 'iframe', 'src': 'https://ads.independent.com.mt/www/delivery/afr.php?zoneid=43&cb=220', 'aria_label': None, 'class': ['tmiads'], 'id': 'af1935e1', 'text': ''}]",14,1,114,0.07883817427385892,93,0,2,0,0,59,21,0.36363636363636365,0,0,0,1,0.09474412171507607,2,48,6,38.67857142857143,0,0,0,0,0,0,0,167,independent,article_pages
199,33,61,22,0,1,34,9,14029,2144,23,8,"[{'tag': 'iframe', 'src': 'https://ads.independent.com.mt/www/delivery/afr.php?zoneid=45&cb=161', 'aria_label': None, 'class': ['tmiads'], 'id': 'ab2eb8eb', 'text': ''}, {'tag': 'iframe', 'src': 'https://ads.independent.com.mt/www/delivery/afr.php?zoneid=119&cb=219', 'aria_label': None, 'class': ['tmiads'], 'id': 'a9fec59d', 'text': ''}, {'tag': 'iframe', 'src': 'https://ads.independent.com.mt/www/delivery/afr.php?zoneid=116&cb=48', 'aria_label': None, 'class': ['tmiads'], 'id': 'a8bec639', 'text': ''}, {'tag': 'iframe', 'src': 'https://ads.independent.com.mt/www/delivery/afr.php?resize=1&zoneid=22&target=_blank&cb=236', 'aria_label': None, 'class': ['tmiads'], 'id': 'ad1ea670', 'text': ''}, {'tag': 'iframe', 'src': 'https://ads.independent.com.mt/www/delivery/afr.php?zoneid=44&cb=5', 'aria_label': None, 'class': ['tmiads'], 'id': 'a578e25f', 'text': ''}, {'tag': 'iframe', 'src': 'https://ads.independent.com.mt/www/delivery/afr.php?zoneid=115&cb=213', 'aria_label': None, 'class': ['tmiads'], 'id': 'a295273c', 'text': ''}, {'tag': 'iframe', 'src': 'https://ads.independent.com.mt/www/delivery/afr.php?zoneid=147&cb=285', 'aria_label': None, 'class': ['tmiads'], 'id': 'a65e2a3a', 'text': ''}, {'tag': 'iframe', 'src': 'https://ads.independent.com.mt/www/delivery/afr.php?zoneid=43&cb=220', 'aria_label': None, 'class': ['tmiads'], 'id': 'af1935e1', 'text': ''}]",14,1,114,0.07883817427385892,93,0,2,0,0,59,21,0.36363636363636365,0,0,0,1,0.09474412171507607,2,48,6,38.67857142857143,0,0,0,0,0,0,0,168,independent,article_pages
199,33,61,22,0,1,34,9,14029,2144,23,8,"[{'tag': 'iframe', 'src': 'https://ads.independent.com.mt/www/delivery/afr.php?zoneid=45&cb=161', 'aria_label': None, 'class': ['tmiads'], 'id': 'ab2eb8eb', 'text': ''}, {'tag': 'iframe', 'src': 'https://ads.independent.com.mt/www/delivery/afr.php?zoneid=119&cb=219', 'aria_label': None, 'class': ['tmiads'], 'id': 'a9fec59d', 'text': ''}, {'tag': 'iframe', 'src': 'https://ads.independent.com.mt/www/delivery/afr.php?zoneid=116&cb=48', 'aria_label': None, 'class': ['tmiads'], 'id': 'a8bec639', 'text': ''}, {'tag': 'iframe', 'src': 'https://ads.independent.com.mt/www/delivery/afr.php?resize=1&zoneid=22&target=_blank&cb=236', 'aria_label': None, 'class': ['tmiads'], 'id': 'ad1ea670', 'text': ''}, {'tag': 'iframe', 'src': 'https://ads.independent.com.mt/www/delivery/afr.php?zoneid=44&cb=5', 'aria_label': None, 'class': ['tmiads'], 'id': 'a578e25f', 'text': ''}, {'tag': 'iframe', 'src': 'https://ads.independent.com.mt/www/delivery/afr.php?zoneid=115&cb=213', 'aria_label': None, 'class': ['tmiads'], 'id': 'a295273c', 'text': ''}, {'tag': 'iframe', 'src': 'https://ads.independent.com.mt/www/delivery/afr.php?zoneid=147&cb=285', 'aria_label': None, 'class': ['tmiads'], 'id': 'a65e2a3a', 'text': ''}, {'tag': 'iframe', 'src': 'https://ads.independent.com.mt/www/delivery/afr.php?zoneid=43&cb=220', 'aria_label': None, 'class': ['tmiads'], 'id': 'af1935e1', 'text': ''}]",14,1,114,0.07883817427385892,93,0,2,0,0,59,21,0.36363636363636365,0,0,0,1,0.09474412171507607,2,48,6,38.67857142857143,0,0,0,0,0,0,0,169,independent,article_pages
199,33,61,22,0,1,34,9,14029,2144,23,8,"[{'tag': 'iframe', 'src': 'https://ads.independent.com.mt/www/delivery/afr.php?zoneid=45&cb=161', 'aria_label': None, 'class': ['tmiads'], 'id': 'ab2eb8eb', 'text': ''}, {'tag': 'iframe', 'src': 'https://ads.independent.com.mt/www/delivery/afr.php?zoneid=119&cb=219', 'aria_label': None, 'class': ['tmiads'], 'id': 'a9fec59d', 'text': ''}, {'tag': 'iframe', 'src': 'https://ads.independent.com.mt/www/delivery/afr.php?zoneid=116&cb=48', 'aria_label': None, 'class': ['tmiads'], 'id': 'a8bec639', 'text': ''}, {'tag': 'iframe', 'src': 'https://ads.independent.com.mt/www/delivery/afr.php?resize=1&zoneid=22&target=_blank&cb=236', 'aria_label': None, 'class': ['tmiads'], 'id': 'ad1ea670', 'text': ''}, {'tag': 'iframe', 'src': 'https://ads.independent.com.mt/www/delivery/afr.php?zoneid=44&cb=5', 'aria_label': None, 'class': ['tmiads'], 'id': 'a578e25f', 'text': ''}, {'tag': 'iframe', 'src': 'https://ads.independent.com.mt/www/delivery/afr.php?zoneid=115&cb=213', 'aria_label': None, 'class': ['tmiads'], 'id': 'a295273c', 'text': ''}, {'tag': 'iframe', 'src': 'https://ads.independent.com.mt/www/delivery/afr.php?zoneid=147&cb=285', 'aria_label': None, 'class': ['tmiads'], 'id': 'a65e2a3a', 'text': ''}, {'tag': 'iframe', 'src': 'https://ads.independent.com.mt/www/delivery/afr.php?zoneid=43&cb=220', 'aria_label': None, 'class': ['tmiads'], 'id': 'af1935e1', 'text': ''}]",14,1,114,0.07883817427385892,93,0,2,0,0,59,21,0.36363636363636365,0,0,0,1,0.09474412171507607,2,48,6,38.67857142857143,0,0,0,0,0,0,0,170,independent,article_pages
199,33,61,22,0,1,34,9,14029,2144,23,8,"[{'tag': 'iframe', 'src': 'https://ads.independent.com.mt/www/delivery/afr.php?zoneid=45&cb=161', 'aria_label': None, 'class': ['tmiads'], 'id': 'ab2eb8eb', 'text': ''}, {'tag': 'iframe', 'src': 'https://ads.independent.com.mt/www/delivery/afr.php?zoneid=119&cb=219', 'aria_label': None, 'class': ['tmiads'], 'id': 'a9fec59d', 'text': ''}, {'tag': 'iframe', 'src': 'https://ads.independent.com.mt/www/delivery/afr.php?zoneid=116&cb=48', 'aria_label': None, 'class': ['tmiads'], 'id': 'a8bec639', 'text': ''}, {'tag': 'iframe', 'src': 'https://ads.independent.com.mt/www/delivery/afr.php?resize=1&zoneid=22&target=_blank&cb=236', 'aria_label': None, 'class': ['tmiads'], 'id': 'ad1ea670', 'text': ''}, {'tag': 'iframe', 'src': 'https://ads.independent.com.mt/www/delivery/afr.php?zoneid=44&cb=5', 'aria_label': None, 'class': ['tmiads'], 'id': 'a578e25f', 'text': ''}, {'tag': 'iframe', 'src': 'https://ads.independent.com.mt/www/delivery/afr.php?zoneid=115&cb=213', 'aria_label': None, 'class': ['tmiads'], 'id': 'a295273c', 'text': ''}, {'tag': 'iframe', 'src': 'https://ads.independent.com.mt/www/delivery/afr.php?zoneid=147&cb=285', 'aria_label': None, 'class': ['tmiads'], 'id': 'a65e2a3a', 'text': ''}, {'tag': 'iframe', 'src': 'https://ads.independent.com.mt/www/delivery/afr.php?zoneid=43&cb=220', 'aria_label': None, 'class': ['tmiads'], 'id': 'af1935e1', 'text': ''}]",14,1,114,0.07883817427385892,93,0,2,0,0,59,21,0.36363636363636365,0,0,0,1,0.09474412171507607,2,48,6,38.67857142857143,0,0,0,0,0,0,0,171,independent,article_pages
199,33,61,22,0,1,34,9,14029,2144,23,8,"[{'tag': 'iframe', 'src': 'https://ads.independent.com.mt/www/delivery/afr.php?zoneid=45&cb=161', 'aria_label': None, 'class': ['tmiads'], 'id': 'ab2eb8eb', 'text': ''}, {'tag': 'iframe', 'src': 'https://ads.independent.com.mt/www/delivery/afr.php?zoneid=119&cb=219', 'aria_label': None, 'class': ['tmiads'], 'id': 'a9fec59d', 'text': ''}, {'tag': 'iframe', 'src': 'https://ads.independent.com.mt/www/delivery/afr.php?zoneid=116&cb=48', 'aria_label': None, 'class': ['tmiads'], 'id': 'a8bec639', 'text': ''}, {'tag': 'iframe', 'src': 'https://ads.independent.com.mt/www/delivery/afr.php?resize=1&zoneid=22&target=_blank&cb=236', 'aria_label': None, 'class': ['tmiads'], 'id': 'ad1ea670', 'text': ''}, {'tag': 'iframe', 'src': 'https://ads.independent.com.mt/www/delivery/afr.php?zoneid=44&cb=5', 'aria_label': None, 'class': ['tmiads'], 'id': 'a578e25f', 'text': ''}, {'tag': 'iframe', 'src': 'https://ads.independent.com.mt/www/delivery/afr.php?zoneid=115&cb=213', 'aria_label': None, 'class': ['tmiads'], 'id': 'a295273c', 'text': ''}, {'tag': 'iframe', 'src': 'https://ads.independent.com.mt/www/delivery/afr.php?zoneid=147&cb=285', 'aria_label': None, 'class': ['tmiads'], 'id': 'a65e2a3a', 'text': ''}, {'tag': 'iframe', 'src': 'https://ads.independent.com.mt/www/delivery/afr.php?zoneid=43&cb=220', 'aria_label': None, 'class': ['tmiads'], 'id': 'af1935e1', 'text': ''}]",14,1,114,0.07883817427385892,93,0,2,0,0,59,21,0.36363636363636365,0,0,0,1,0.09474412171507607,2,48,6,38.67857142857143,0,0,0,0,0,0,0,172,independent,article_pages
199,33,61,22,0,1,34,9,14029,2144,23,8,"[{'tag': 'iframe', 'src': 'https://ads.independent.com.mt/www/delivery/afr.php?zoneid=45&cb=161', 'aria_label': None, 'class': ['tmiads'], 'id': 'ab2eb8eb', 'text': ''}, {'tag': 'iframe', 'src': 'https://ads.independent.com.mt/www/delivery/afr.php?zoneid=119&cb=219', 'aria_label': None, 'class': ['tmiads'], 'id': 'a9fec59d', 'text': ''}, {'tag': 'iframe', 'src': 'https://ads.independent.com.mt/www/delivery/afr.php?zoneid=116&cb=48', 'aria_label': None, 'class': ['tmiads'], 'id': 'a8bec639', 'text': ''}, {'tag': 'iframe', 'src': 'https://ads.independent.com.mt/www/delivery/afr.php?resize=1&zoneid=22&target=_blank&cb=236', 'aria_label': None, 'class': ['tmiads'], 'id': 'ad1ea670', 'text': ''}, {'tag': 'iframe', 'src': 'https://ads.independent.com.mt/www/delivery/afr.php?zoneid=44&cb=5', 'aria_label': None, 'class': ['tmiads'], 'id': 'a578e25f', 'text': ''}, {'tag': 'iframe', 'src': 'https://ads.independent.com.mt/www/delivery/afr.php?zoneid=115&cb=213', 'aria_label': None, 'class': ['tmiads'], 'id': 'a295273c', 'text': ''}, {'tag': 'iframe', 'src': 'https://ads.independent.com.mt/www/delivery/afr.php?zoneid=147&cb=285', 'aria_label': None, 'class': ['tmiads'], 'id': 'a65e2a3a', 'text': ''}, {'tag': 'iframe', 'src': 'https://ads.independent.com.mt/www/delivery/afr.php?zoneid=43&cb=220', 'aria_label': None, 'class': ['tmiads'], 'id': 'af1935e1', 'text': ''}]",14,1,114,0.07883817427385892,93,0,2,0,0,59,21,0.36363636363636365,0,0,0,1,0.09474412171507607,2,48,6,38.67857142857143,0,0,0,0,0,0,0,173,independent,article_pages
199,33,61,22,0,1,34,9,14029,2144,23,8,"[{'tag': 'iframe', 'src': 'https://ads.independent.com.mt/www/delivery/afr.php?zoneid=45&cb=161', 'aria_label': None, 'class': ['tmiads'], 'id': 'ab2eb8eb', 'text': ''}, {'tag': 'iframe', 'src': 'https://ads.independent.com.mt/www/delivery/afr.php?zoneid=119&cb=219', 'aria_label': None, 'class': ['tmiads'], 'id': 'a9fec59d', 'text': ''}, {'tag': 'iframe', 'src': 'https://ads.independent.com.mt/www/delivery/afr.php?zoneid=116&cb=48', 'aria_label': None, 'class': ['tmiads'], 'id': 'a8bec639', 'text': ''}, {'tag': 'iframe', 'src': 'https://ads.independent.com.mt/www/delivery/afr.php?resize=1&zoneid=22&target=_blank&cb=236', 'aria_label': None, 'class': ['tmiads'], 'id': 'ad1ea670', 'text': ''}, {'tag': 'iframe', 'src': 'https://ads.independent.com.mt/www/delivery/afr.php?zoneid=44&cb=5', 'aria_label': None, 'class': ['tmiads'], 'id': 'a578e25f', 'text': ''}, {'tag': 'iframe', 'src': 'https://ads.independent.com.mt/www/delivery/afr.php?zoneid=115&cb=213', 'aria_label': None, 'class': ['tmiads'], 'id': 'a295273c', 'text': ''}, {'tag': 'iframe', 'src': 'https://ads.independent.com.mt/www/delivery/afr.php?zoneid=147&cb=285', 'aria_label': None, 'class': ['tmiads'], 'id': 'a65e2a3a', 'text': ''}, {'tag': 'iframe', 'src': 'https://ads.independent.com.mt/www/delivery/afr.php?zoneid=43&cb=220', 'aria_label': None, 'class': ['tmiads'], 'id': 'af1935e1', 'text': ''}]",14,1,114,0.07883817427385892,93,0,2,0,0,59,21,0.36363636363636365,0,0,0,1,0.09474412171507607,2,48,6,38.67857142857143,0,0,0,0,0,0,0,174,independent,article_pages
199,33,61,22,0,1,34,9,14029,2144,23,8,"[{'tag': 'iframe', 'src': 'https://ads.independent.com.mt/www/delivery/afr.php?zoneid=45&cb=161', 'aria_label': None, 'class': ['tmiads'], 'id': 'ab2eb8eb', 'text': ''}, {'tag': 'iframe', 'src': 'https://ads.independent.com.mt/www/delivery/afr.php?zoneid=119&cb=219', 'aria_label': None, 'class': ['tmiads'], 'id': 'a9fec59d', 'text': ''}, {'tag': 'iframe', 'src': 'https://ads.independent.com.mt/www/delivery/afr.php?zoneid=116&cb=48', 'aria_label': None, 'class': ['tmiads'], 'id': 'a8bec639', 'text': ''}, {'tag': 'iframe', 'src': 'https://ads.independent.com.mt/www/delivery/afr.php?resize=1&zoneid=22&target=_blank&cb=236', 'aria_label': None, 'class': ['tmiads'], 'id': 'ad1ea670', 'text': ''}, {'tag': 'iframe', 'src': 'https://ads.independent.com.mt/www/delivery/afr.php?zoneid=44&cb=5', 'aria_label': None, 'class': ['tmiads'], 'id': 'a578e25f', 'text': ''}, {'tag': 'iframe', 'src': 'https://ads.independent.com.mt/www/delivery/afr.php?zoneid=115&cb=213', 'aria_label': None, 'class': ['tmiads'], 'id': 'a295273c', 'text': ''}, {'tag': 'iframe', 'src': 'https://ads.independent.com.mt/www/delivery/afr.php?zoneid=147&cb=285', 'aria_label': None, 'class': ['tmiads'], 'id': 'a65e2a3a', 'text': ''}, {'tag': 'iframe', 'src': 'https://ads.independent.com.mt/www/delivery/afr.php?zoneid=43&cb=220', 'aria_label': None, 'class': ['tmiads'], 'id': 'af1935e1', 'text': ''}]",14,1,114,0.07883817427385892,93,0,2,0,0,59,21,0.36363636363636365,0,0,0,1,0.09474412171507607,2,48,6,38.67857142857143,0,0,0,0,0,0,0,175,independent,article_pages
199,33,61,22,0,1,34,9,14029,2144,23,8,"[{'tag': 'iframe', 'src': 'https://ads.independent.com.mt/www/delivery/afr.php?zoneid=45&cb=161', 'aria_label': None, 'class': ['tmiads'], 'id': 'ab2eb8eb', 'text': ''}, {'tag': 'iframe', 'src': 'https://ads.independent.com.mt/www/delivery/afr.php?zoneid=119&cb=219', 'aria_label': None, 'class': ['tmiads'], 'id': 'a9fec59d', 'text': ''}, {'tag': 'iframe', 'src': 'https://ads.independent.com.mt/www/delivery/afr.php?zoneid=116&cb=48', 'aria_label': None, 'class': ['tmiads'], 'id': 'a8bec639', 'text': ''}, {'tag': 'iframe', 'src': 'https://ads.independent.com.mt/www/delivery/afr.php?resize=1&zoneid=22&target=_blank&cb=236', 'aria_label': None, 'class': ['tmiads'], 'id': 'ad1ea670', 'text': ''}, {'tag': 'iframe', 'src': 'https://ads.independent.com.mt/www/delivery/afr.php?zoneid=44&cb=5', 'aria_label': None, 'class': ['tmiads'], 'id': 'a578e25f', 'text': ''}, {'tag': 'iframe', 'src': 'https://ads.independent.com.mt/www/delivery/afr.php?zoneid=115&cb=213', 'aria_label': None, 'class': ['tmiads'], 'id': 'a295273c', 'text': ''}, {'tag': 'iframe', 'src': 'https://ads.independent.com.mt/www/delivery/afr.php?zoneid=147&cb=285', 'aria_label': None, 'class': ['tmiads'], 'id': 'a65e2a3a', 'text': ''}, {'tag': 'iframe', 'src': 'https://ads.independent.com.mt/www/delivery/afr.php?zoneid=43&cb=220', 'aria_label': None, 'class': ['tmiads'], 'id': 'af1935e1', 'text': ''}]",14,1,114,0.07883817427385892,93,0,2,0,0,59,21,0.36363636363636365,0,0,0,1,0.09474412171507607,2,48,6,38.67857142857143,0,0,0,0,0,0,0,176,independent,article_pages
199,33,61,22,0,1,34,9,14029,2144,23,8,"[{'tag': 'iframe', 'src': 'https://ads.independent.com.mt/www/delivery/afr.php?zoneid=45&cb=161', 'aria_label': None, 'class': ['tmiads'], 'id': 'ab2eb8eb', 'text': ''}, {'tag': 'iframe', 'src': 'https://ads.independent.com.mt/www/delivery/afr.php?zoneid=119&cb=219', 'aria_label': None, 'class': ['tmiads'], 'id': 'a9fec59d', 'text': ''}, {'tag': 'iframe', 'src': 'https://ads.independent.com.mt/www/delivery/afr.php?zoneid=116&cb=48', 'aria_label': None, 'class': ['tmiads'], 'id': 'a8bec639', 'text': ''}, {'tag': 'iframe', 'src': 'https://ads.independent.com.mt/www/delivery/afr.php?resize=1&zoneid=22&target=_blank&cb=236', 'aria_label': None, 'class': ['tmiads'], 'id': 'ad1ea670', 'text': ''}, {'tag': 'iframe', 'src': 'https://ads.independent.com.mt/www/delivery/afr.php?zoneid=44&cb=5', 'aria_label': None, 'class': ['tmiads'], 'id': 'a578e25f', 'text': ''}, {'tag': 'iframe', 'src': 'https://ads.independent.com.mt/www/delivery/afr.php?zoneid=115&cb=213', 'aria_label': None, 'class': ['tmiads'], 'id': 'a295273c', 'text': ''}, {'tag': 'iframe', 'src': 'https://ads.independent.com.mt/www/delivery/afr.php?zoneid=147&cb=285', 'aria_label': None, 'class': ['tmiads'], 'id': 'a65e2a3a', 'text': ''}, {'tag': 'iframe', 'src': 'https://ads.independent.com.mt/www/delivery/afr.php?zoneid=43&cb=220', 'aria_label': None, 'class': ['tmiads'], 'id': 'af1935e1', 'text': ''}]",14,1,114,0.07883817427385892,93,0,2,0,0,59,21,0.36363636363636365,0,0,0,1,0.09474412171507607,2,48,6,38.67857142857143,0,0,0,0,0,0,0,177,independent,article_pages
199,33,61,22,0,1,34,9,14029,2144,23,8,"[{'tag': 'iframe', 'src': 'https://ads.independent.com.mt/www/delivery/afr.php?zoneid=45&cb=161', 'aria_label': None, 'class': ['tmiads'], 'id': 'ab2eb8eb', 'text': ''}, {'tag': 'iframe', 'src': 'https://ads.independent.com.mt/www/delivery/afr.php?zoneid=119&cb=219', 'aria_label': None, 'class': ['tmiads'], 'id': 'a9fec59d', 'text': ''}, {'tag': 'iframe', 'src': 'https://ads.independent.com.mt/www/delivery/afr.php?zoneid=116&cb=48', 'aria_label': None, 'class': ['tmiads'], 'id': 'a8bec639', 'text': ''}, {'tag': 'iframe', 'src': 'https://ads.independent.com.mt/www/delivery/afr.php?resize=1&zoneid=22&target=_blank&cb=236', 'aria_label': None, 'class': ['tmiads'], 'id': 'ad1ea670', 'text': ''}, {'tag': 'iframe', 'src': 'https://ads.independent.com.mt/www/delivery/afr.php?zoneid=44&cb=5', 'aria_label': None, 'class': ['tmiads'], 'id': 'a578e25f', 'text': ''}, {'tag': 'iframe', 'src': 'https://ads.independent.com.mt/www/delivery/afr.php?zoneid=115&cb=213', 'aria_label': None, 'class': ['tmiads'], 'id': 'a295273c', 'text': ''}, {'tag': 'iframe', 'src': 'https://ads.independent.com.mt/www/delivery/afr.php?zoneid=147&cb=285', 'aria_label': None, 'class': ['tmiads'], 'id': 'a65e2a3a', 'text': ''}, {'tag': 'iframe', 'src': 'https://ads.independent.com.mt/www/delivery/afr.php?zoneid=43&cb=220', 'aria_label': None, 'class': ['tmiads'], 'id': 'af1935e1', 'text': ''}]",14,1,114,0.07883817427385892,93,0,2,0,0,59,21,0.36363636363636365,0,0,0,1,0.09474412171507607,2,48,6,38.67857142857143,0,0,0,0,0,0,0,178,independent,article_pages
197,33,61,22,0,1,22,2,10874,1777,23,8,"[{'tag': 'iframe', 'src': 'https://ads.independent.com.mt/www/delivery/afr.php?zoneid=54&cb=173', 'aria_label': None, 'class': ['tmiads'], 'id': 'a322d2a7', 'text': ''}, {'tag': 'iframe', 'src': 'https://ads.independent.com.mt/www/delivery/afr.php?zoneid=134&cb=73', 'aria_label': None, 'class': ['tmiads'], 'id': 'a160ea73', 'text': ''}, {'tag': 'iframe', 'src': 'https://ads.independent.com.mt/www/delivery/afr.php?zoneid=131&cb=22', 'aria_label': None, 'class': ['tmiads'], 'id': 'a78ab6a6', 'text': ''}, {'tag': 'iframe', 'src': 'https://ads.independent.com.mt/www/delivery/afr.php?resize=1&zoneid=22&target=_blank&cb=73', 'aria_label': None, 'class': ['tmiads'], 'id': 'ad1ea670', 'text': ''}, {'tag': 'iframe', 'src': 'https://ads.independent.com.mt/www/delivery/afr.php?zoneid=53&cb=132', 'aria_label': None, 'class': ['tmiads'], 'id': 'a7e2bd7c', 'text': ''}, {'tag': 'iframe', 'src': 'https://ads.independent.com.mt/www/delivery/afr.php?zoneid=130&cb=228', 'aria_label': None, 'class': ['tmiads'], 'id': 'a424f3a7', 'text': ''}, {'tag': 'iframe', 'src': 'https://ads.independent.com.mt/www/delivery/afr.php?zoneid=147&cb=119', 'aria_label': None, 'class': ['tmiads'], 'id': 'a65e2a3a', 'text': ''}, {'tag': 'iframe', 'src': 'https://ads.independent.com.mt/www/delivery/afr.php?zoneid=52&cb=258', 'aria_label': None, 'class': ['tmiads'], 'id': 'a998a06f', 'text': ''}]",14,1,114,0.08062234794908062,93,0,2,0,0,59,20,0.3939393939393939,0,0,0,1,0.09688826025459689,2,48,6,35.42857142857143,0,0,0,0,0,0,0,179,independent,article_pages
197,33,61,22,0,1,22,2,10874,1777,23,8,"[{'tag': 'iframe', 'src': 'https://ads.independent.com.mt/www/delivery/afr.php?zoneid=54&cb=173', 'aria_label': None, 'class': ['tmiads'], 'id': 'a322d2a7', 'text': ''}, {'tag': 'iframe', 'src': 'https://ads.independent.com.mt/www/delivery/afr.php?zoneid=134&cb=73', 'aria_label': None, 'class': ['tmiads'], 'id': 'a160ea73', 'text': ''}, {'tag': 'iframe', 'src': 'https://ads.independent.com.mt/www/delivery/afr.php?zoneid=131&cb=22', 'aria_label': None, 'class': ['tmiads'], 'id': 'a78ab6a6', 'text': ''}, {'tag': 'iframe', 'src': 'https://ads.independent.com.mt/www/delivery/afr.php?resize=1&zoneid=22&target=_blank&cb=73', 'aria_label': None, 'class': ['tmiads'], 'id': 'ad1ea670', 'text': ''}, {'tag': 'iframe', 'src': 'https://ads.independent.com.mt/www/delivery/afr.php?zoneid=53&cb=132', 'aria_label': None, 'class': ['tmiads'], 'id': 'a7e2bd7c', 'text': ''}, {'tag': 'iframe', 'src': 'https://ads.independent.com.mt/www/delivery/afr.php?zoneid=130&cb=228', 'aria_label': None, 'class': ['tmiads'], 'id': 'a424f3a7', 'text': ''}, {'tag': 'iframe', 'src': 'https://ads.independent.com.mt/www/delivery/afr.php?zoneid=147&cb=119', 'aria_label': None, 'class': ['tmiads'], 'id': 'a65e2a3a', 'text': ''}, {'tag': 'iframe', 'src': 'https://ads.independent.com.mt/www/delivery/afr.php?zoneid=52&cb=258', 'aria_label': None, 'class': ['tmiads'], 'id': 'a998a06f', 'text': ''}]",14,1,114,0.08062234794908062,93,0,2,0,0,59,20,0.3939393939393939,0,0,0,1,0.09688826025459689,2,48,6,35.42857142857143,0,0,0,0,0,0,0,180,independent,article_pages
197,33,61,22,0,1,22,2,10874,1777,23,8,"[{'tag': 'iframe', 'src': 'https://ads.independent.com.mt/www/delivery/afr.php?zoneid=54&cb=173', 'aria_label': None, 'class': ['tmiads'], 'id': 'a322d2a7', 'text': ''}, {'tag': 'iframe', 'src': 'https://ads.independent.com.mt/www/delivery/afr.php?zoneid=134&cb=73', 'aria_label': None, 'class': ['tmiads'], 'id': 'a160ea73', 'text': ''}, {'tag': 'iframe', 'src': 'https://ads.independent.com.mt/www/delivery/afr.php?zoneid=131&cb=22', 'aria_label': None, 'class': ['tmiads'], 'id': 'a78ab6a6', 'text': ''}, {'tag': 'iframe', 'src': 'https://ads.independent.com.mt/www/delivery/afr.php?resize=1&zoneid=22&target=_blank&cb=73', 'aria_label': None, 'class': ['tmiads'], 'id': 'ad1ea670', 'text': ''}, {'tag': 'iframe', 'src': 'https://ads.independent.com.mt/www/delivery/afr.php?zoneid=53&cb=132', 'aria_label': None, 'class': ['tmiads'], 'id': 'a7e2bd7c', 'text': ''}, {'tag': 'iframe', 'src': 'https://ads.independent.com.mt/www/delivery/afr.php?zoneid=130&cb=228', 'aria_label': None, 'class': ['tmiads'], 'id': 'a424f3a7', 'text': ''}, {'tag': 'iframe', 'src': 'https://ads.independent.com.mt/www/delivery/afr.php?zoneid=147&cb=119', 'aria_label': None, 'class': ['tmiads'], 'id': 'a65e2a3a', 'text': ''}, {'tag': 'iframe', 'src': 'https://ads.independent.com.mt/www/delivery/afr.php?zoneid=52&cb=258', 'aria_label': None, 'class': ['tmiads'], 'id': 'a998a06f', 'text': ''}]",14,1,114,0.08062234794908062,93,0,2,0,0,59,20,0.3939393939393939,0,0,0,1,0.09688826025459689,2,48,6,35.42857142857143,0,0,0,0,0,0,0,181,independent,article_pages
197,33,61,22,0,1,22,2,10874,1777,23,8,"[{'tag': 'iframe', 'src': 'https://ads.independent.com.mt/www/delivery/afr.php?zoneid=54&cb=173', 'aria_label': None, 'class': ['tmiads'], 'id': 'a322d2a7', 'text': ''}, {'tag': 'iframe', 'src': 'https://ads.independent.com.mt/www/delivery/afr.php?zoneid=134&cb=73', 'aria_label': None, 'class': ['tmiads'], 'id': 'a160ea73', 'text': ''}, {'tag': 'iframe', 'src': 'https://ads.independent.com.mt/www/delivery/afr.php?zoneid=131&cb=22', 'aria_label': None, 'class': ['tmiads'], 'id': 'a78ab6a6', 'text': ''}, {'tag': 'iframe', 'src': 'https://ads.independent.com.mt/www/delivery/afr.php?resize=1&zoneid=22&target=_blank&cb=73', 'aria_label': None, 'class': ['tmiads'], 'id': 'ad1ea670', 'text': ''}, {'tag': 'iframe', 'src': 'https://ads.independent.com.mt/www/delivery/afr.php?zoneid=53&cb=132', 'aria_label': None, 'class': ['tmiads'], 'id': 'a7e2bd7c', 'text': ''}, {'tag': 'iframe', 'src': 'https://ads.independent.com.mt/www/delivery/afr.php?zoneid=130&cb=228', 'aria_label': None, 'class': ['tmiads'], 'id': 'a424f3a7', 'text': ''}, {'tag': 'iframe', 'src': 'https://ads.independent.com.mt/www/delivery/afr.php?zoneid=147&cb=119', 'aria_label': None, 'class': ['tmiads'], 'id': 'a65e2a3a', 'text': ''}, {'tag': 'iframe', 'src': 'https://ads.independent.com.mt/www/delivery/afr.php?zoneid=52&cb=258', 'aria_label': None, 'class': ['tmiads'], 'id': 'a998a06f', 'text': ''}]",14,1,114,0.08062234794908062,93,0,2,0,0,59,20,0.3939393939393939,0,0,0,1,0.09688826025459689,2,48,6,35.42857142857143,0,0,0,0,0,0,0,182,independent,article_pages
197,33,61,22,0,1,22,2,10874,1777,23,8,"[{'tag': 'iframe', 'src': 'https://ads.independent.com.mt/www/delivery/afr.php?zoneid=54&cb=173', 'aria_label': None, 'class': ['tmiads'], 'id': 'a322d2a7', 'text': ''}, {'tag': 'iframe', 'src': 'https://ads.independent.com.mt/www/delivery/afr.php?zoneid=134&cb=73', 'aria_label': None, 'class': ['tmiads'], 'id': 'a160ea73', 'text': ''}, {'tag': 'iframe', 'src': 'https://ads.independent.com.mt/www/delivery/afr.php?zoneid=131&cb=22', 'aria_label': None, 'class': ['tmiads'], 'id': 'a78ab6a6', 'text': ''}, {'tag': 'iframe', 'src': 'https://ads.independent.com.mt/www/delivery/afr.php?resize=1&zoneid=22&target=_blank&cb=73', 'aria_label': None, 'class': ['tmiads'], 'id': 'ad1ea670', 'text': ''}, {'tag': 'iframe', 'src': 'https://ads.independent.com.mt/www/delivery/afr.php?zoneid=53&cb=132', 'aria_label': None, 'class': ['tmiads'], 'id': 'a7e2bd7c', 'text': ''}, {'tag': 'iframe', 'src': 'https://ads.independent.com.mt/www/delivery/afr.php?zoneid=130&cb=228', 'aria_label': None, 'class': ['tmiads'], 'id': 'a424f3a7', 'text': ''}, {'tag': 'iframe', 'src': 'https://ads.independent.com.mt/www/delivery/afr.php?zoneid=147&cb=119', 'aria_label': None, 'class': ['tmiads'], 'id': 'a65e2a3a', 'text': ''}, {'tag': 'iframe', 'src': 'https://ads.independent.com.mt/www/delivery/afr.php?zoneid=52&cb=258', 'aria_label': None, 'class': ['tmiads'], 'id': 'a998a06f', 'text': ''}]",14,1,114,0.08062234794908062,93,0,2,0,0,59,20,0.3939393939393939,0,0,0,1,0.09688826025459689,2,48,6,35.42857142857143,0,0,0,0,0,0,0,183,independent,article_pages
197,33,61,22,0,1,22,2,10874,1777,23,8,"[{'tag': 'iframe', 'src': 'https://ads.independent.com.mt/www/delivery/afr.php?zoneid=54&cb=173', 'aria_label': None, 'class': ['tmiads'], 'id': 'a322d2a7', 'text': ''}, {'tag': 'iframe', 'src': 'https://ads.independent.com.mt/www/delivery/afr.php?zoneid=134&cb=73', 'aria_label': None, 'class': ['tmiads'], 'id': 'a160ea73', 'text': ''}, {'tag': 'iframe', 'src': 'https://ads.independent.com.mt/www/delivery/afr.php?zoneid=131&cb=22', 'aria_label': None, 'class': ['tmiads'], 'id': 'a78ab6a6', 'text': ''}, {'tag': 'iframe', 'src': 'https://ads.independent.com.mt/www/delivery/afr.php?resize=1&zoneid=22&target=_blank&cb=73', 'aria_label': None, 'class': ['tmiads'], 'id': 'ad1ea670', 'text': ''}, {'tag': 'iframe', 'src': 'https://ads.independent.com.mt/www/delivery/afr.php?zoneid=53&cb=132', 'aria_label': None, 'class': ['tmiads'], 'id': 'a7e2bd7c', 'text': ''}, {'tag': 'iframe', 'src': 'https://ads.independent.com.mt/www/delivery/afr.php?zoneid=130&cb=228', 'aria_label': None, 'class': ['tmiads'], 'id': 'a424f3a7', 'text': ''}, {'tag': 'iframe', 'src': 'https://ads.independent.com.mt/www/delivery/afr.php?zoneid=147&cb=119', 'aria_label': None, 'class': ['tmiads'], 'id': 'a65e2a3a', 'text': ''}, {'tag': 'iframe', 'src': 'https://ads.independent.com.mt/www/delivery/afr.php?zoneid=52&cb=258', 'aria_label': None, 'class': ['tmiads'], 'id': 'a998a06f', 'text': ''}]",14,1,114,0.08062234794908062,93,0,2,0,0,59,20,0.3939393939393939,0,0,0,1,0.09688826025459689,2,48,6,35.42857142857143,0,0,0,0,0,0,0,184,independent,article_pages
197,33,61,22,0,1,22,2,10874,1777,23,8,"[{'tag': 'iframe', 'src': 'https://ads.independent.com.mt/www/delivery/afr.php?zoneid=54&cb=173', 'aria_label': None, 'class': ['tmiads'], 'id': 'a322d2a7', 'text': ''}, {'tag': 'iframe', 'src': 'https://ads.independent.com.mt/www/delivery/afr.php?zoneid=134&cb=73', 'aria_label': None, 'class': ['tmiads'], 'id': 'a160ea73', 'text': ''}, {'tag': 'iframe', 'src': 'https://ads.independent.com.mt/www/delivery/afr.php?zoneid=131&cb=22', 'aria_label': None, 'class': ['tmiads'], 'id': 'a78ab6a6', 'text': ''}, {'tag': 'iframe', 'src': 'https://ads.independent.com.mt/www/delivery/afr.php?resize=1&zoneid=22&target=_blank&cb=73', 'aria_label': None, 'class': ['tmiads'], 'id': 'ad1ea670', 'text': ''}, {'tag': 'iframe', 'src': 'https://ads.independent.com.mt/www/delivery/afr.php?zoneid=53&cb=132', 'aria_label': None, 'class': ['tmiads'], 'id': 'a7e2bd7c', 'text': ''}, {'tag': 'iframe', 'src': 'https://ads.independent.com.mt/www/delivery/afr.php?zoneid=130&cb=228', 'aria_label': None, 'class': ['tmiads'], 'id': 'a424f3a7', 'text': ''}, {'tag': 'iframe', 'src': 'https://ads.independent.com.mt/www/delivery/afr.php?zoneid=147&cb=119', 'aria_label': None, 'class': ['tmiads'], 'id': 'a65e2a3a', 'text': ''}, {'tag': 'iframe', 'src': 'https://ads.independent.com.mt/www/delivery/afr.php?zoneid=52&cb=258', 'aria_label': None, 'class': ['tmiads'], 'id': 'a998a06f', 'text': ''}]",14,1,114,0.08062234794908062,93,0,2,0,0,59,20,0.3939393939393939,0,0,0,1,0.09688826025459689,2,48,6,35.42857142857143,0,0,0,0,0,0,0,185,independent,article_pages
197,33,61,22,0,1,22,2,10874,1777,23,8,"[{'tag': 'iframe', 'src': 'https://ads.independent.com.mt/www/delivery/afr.php?zoneid=54&cb=173', 'aria_label': None, 'class': ['tmiads'], 'id': 'a322d2a7', 'text': ''}, {'tag': 'iframe', 'src': 'https://ads.independent.com.mt/www/delivery/afr.php?zoneid=134&cb=73', 'aria_label': None, 'class': ['tmiads'], 'id': 'a160ea73', 'text': ''}, {'tag': 'iframe', 'src': 'https://ads.independent.com.mt/www/delivery/afr.php?zoneid=131&cb=22', 'aria_label': None, 'class': ['tmiads'], 'id': 'a78ab6a6', 'text': ''}, {'tag': 'iframe', 'src': 'https://ads.independent.com.mt/www/delivery/afr.php?resize=1&zoneid=22&target=_blank&cb=73', 'aria_label': None, 'class': ['tmiads'], 'id': 'ad1ea670', 'text': ''}, {'tag': 'iframe', 'src': 'https://ads.independent.com.mt/www/delivery/afr.php?zoneid=53&cb=132', 'aria_label': None, 'class': ['tmiads'], 'id': 'a7e2bd7c', 'text': ''}, {'tag': 'iframe', 'src': 'https://ads.independent.com.mt/www/delivery/afr.php?zoneid=130&cb=228', 'aria_label': None, 'class': ['tmiads'], 'id': 'a424f3a7', 'text': ''}, {'tag': 'iframe', 'src': 'https://ads.independent.com.mt/www/delivery/afr.php?zoneid=147&cb=119', 'aria_label': None, 'class': ['tmiads'], 'id': 'a65e2a3a', 'text': ''}, {'tag': 'iframe', 'src': 'https://ads.independent.com.mt/www/delivery/afr.php?zoneid=52&cb=258', 'aria_label': None, 'class': ['tmiads'], 'id': 'a998a06f', 'text': ''}]",14,1,114,0.08062234794908062,93,0,2,0,0,59,20,0.3939393939393939,0,0,0,1,0.09688826025459689,2,48,6,35.42857142857143,0,0,0,0,0,0,0,186,independent,article_pages
197,33,61,22,0,1,22,2,10874,1777,23,8,"[{'tag': 'iframe', 'src': 'https://ads.independent.com.mt/www/delivery/afr.php?zoneid=54&cb=173', 'aria_label': None, 'class': ['tmiads'], 'id': 'a322d2a7', 'text': ''}, {'tag': 'iframe', 'src': 'https://ads.independent.com.mt/www/delivery/afr.php?zoneid=134&cb=73', 'aria_label': None, 'class': ['tmiads'], 'id': 'a160ea73', 'text': ''}, {'tag': 'iframe', 'src': 'https://ads.independent.com.mt/www/delivery/afr.php?zoneid=131&cb=22', 'aria_label': None, 'class': ['tmiads'], 'id': 'a78ab6a6', 'text': ''}, {'tag': 'iframe', 'src': 'https://ads.independent.com.mt/www/delivery/afr.php?resize=1&zoneid=22&target=_blank&cb=73', 'aria_label': None, 'class': ['tmiads'], 'id': 'ad1ea670', 'text': ''}, {'tag': 'iframe', 'src': 'https://ads.independent.com.mt/www/delivery/afr.php?zoneid=53&cb=132', 'aria_label': None, 'class': ['tmiads'], 'id': 'a7e2bd7c', 'text': ''}, {'tag': 'iframe', 'src': 'https://ads.independent.com.mt/www/delivery/afr.php?zoneid=130&cb=228', 'aria_label': None, 'class': ['tmiads'], 'id': 'a424f3a7', 'text': ''}, {'tag': 'iframe', 'src': 'https://ads.independent.com.mt/www/delivery/afr.php?zoneid=147&cb=119', 'aria_label': None, 'class': ['tmiads'], 'id': 'a65e2a3a', 'text': ''}, {'tag': 'iframe', 'src': 'https://ads.independent.com.mt/www/delivery/afr.php?zoneid=52&cb=258', 'aria_label': None, 'class': ['tmiads'], 'id': 'a998a06f', 'text': ''}]",14,1,114,0.08062234794908062,93,0,2,0,0,59,20,0.3939393939393939,0,0,0,1,0.09688826025459689,2,48,6,35.42857142857143,0,0,0,0,0,0,0,187,independent,article_pages
197,33,61,22,0,1,22,2,10874,1777,23,8,"[{'tag': 'iframe', 'src': 'https://ads.independent.com.mt/www/delivery/afr.php?zoneid=54&cb=173', 'aria_label': None, 'class': ['tmiads'], 'id': 'a322d2a7', 'text': ''}, {'tag': 'iframe', 'src': 'https://ads.independent.com.mt/www/delivery/afr.php?zoneid=134&cb=73', 'aria_label': None, 'class': ['tmiads'], 'id': 'a160ea73', 'text': ''}, {'tag': 'iframe', 'src': 'https://ads.independent.com.mt/www/delivery/afr.php?zoneid=131&cb=22', 'aria_label': None, 'class': ['tmiads'], 'id': 'a78ab6a6', 'text': ''}, {'tag': 'iframe', 'src': 'https://ads.independent.com.mt/www/delivery/afr.php?resize=1&zoneid=22&target=_blank&cb=73', 'aria_label': None, 'class': ['tmiads'], 'id': 'ad1ea670', 'text': ''}, {'tag': 'iframe', 'src': 'https://ads.independent.com.mt/www/delivery/afr.php?zoneid=53&cb=132', 'aria_label': None, 'class': ['tmiads'], 'id': 'a7e2bd7c', 'text': ''}, {'tag': 'iframe', 'src': 'https://ads.independent.com.mt/www/delivery/afr.php?zoneid=130&cb=228', 'aria_label': None, 'class': ['tmiads'], 'id': 'a424f3a7', 'text': ''}, {'tag': 'iframe', 'src': 'https://ads.independent.com.mt/www/delivery/afr.php?zoneid=147&cb=119', 'aria_label': None, 'class': ['tmiads'], 'id': 'a65e2a3a', 'text': ''}, {'tag': 'iframe', 'src': 'https://ads.independent.com.mt/www/delivery/afr.php?zoneid=52&cb=258', 'aria_label': None, 'class': ['tmiads'], 'id': 'a998a06f', 'text': ''}]",14,1,114,0.08062234794908062,93,0,2,0,0,59,20,0.3939393939393939,0,0,0,1,0.09688826025459689,2,48,6,35.42857142857143,0,0,0,0,0,0,0,188,independent,article_pages
197,33,61,22,0,1,22,2,10874,1777,23,8,"[{'tag': 'iframe', 'src': 'https://ads.independent.com.mt/www/delivery/afr.php?zoneid=54&cb=173', 'aria_label': None, 'class': ['tmiads'], 'id': 'a322d2a7', 'text': ''}, {'tag': 'iframe', 'src': 'https://ads.independent.com.mt/www/delivery/afr.php?zoneid=134&cb=73', 'aria_label': None, 'class': ['tmiads'], 'id': 'a160ea73', 'text': ''}, {'tag': 'iframe', 'src': 'https://ads.independent.com.mt/www/delivery/afr.php?zoneid=131&cb=22', 'aria_label': None, 'class': ['tmiads'], 'id': 'a78ab6a6', 'text': ''}, {'tag': 'iframe', 'src': 'https://ads.independent.com.mt/www/delivery/afr.php?resize=1&zoneid=22&target=_blank&cb=73', 'aria_label': None, 'class': ['tmiads'], 'id': 'ad1ea670', 'text': ''}, {'tag': 'iframe', 'src': 'https://ads.independent.com.mt/www/delivery/afr.php?zoneid=53&cb=132', 'aria_label': None, 'class': ['tmiads'], 'id': 'a7e2bd7c', 'text': ''}, {'tag': 'iframe', 'src': 'https://ads.independent.com.mt/www/delivery/afr.php?zoneid=130&cb=228', 'aria_label': None, 'class': ['tmiads'], 'id': 'a424f3a7', 'text': ''}, {'tag': 'iframe', 'src': 'https://ads.independent.com.mt/www/delivery/afr.php?zoneid=147&cb=119', 'aria_label': None, 'class': ['tmiads'], 'id': 'a65e2a3a', 'text': ''}, {'tag': 'iframe', 'src': 'https://ads.independent.com.mt/www/delivery/afr.php?zoneid=52&cb=258', 'aria_label': None, 'class': ['tmiads'], 'id': 'a998a06f', 'text': ''}]",14,1,114,0.08062234794908062,93,0,2,0,0,59,20,0.3939393939393939,0,0,0,1,0.09688826025459689,2,48,6,35.42857142857143,0,0,0,0,0,0,0,189,independent,article_pages
197,33,61,22,0,1,22,2,10874,1777,23,8,"[{'tag': 'iframe', 'src': 'https://ads.independent.com.mt/www/delivery/afr.php?zoneid=54&cb=173', 'aria_label': None, 'class': ['tmiads'], 'id': 'a322d2a7', 'text': ''}, {'tag': 'iframe', 'src': 'https://ads.independent.com.mt/www/delivery/afr.php?zoneid=134&cb=73', 'aria_label': None, 'class': ['tmiads'], 'id': 'a160ea73', 'text': ''}, {'tag': 'iframe', 'src': 'https://ads.independent.com.mt/www/delivery/afr.php?zoneid=131&cb=22', 'aria_label': None, 'class': ['tmiads'], 'id': 'a78ab6a6', 'text': ''}, {'tag': 'iframe', 'src': 'https://ads.independent.com.mt/www/delivery/afr.php?resize=1&zoneid=22&target=_blank&cb=73', 'aria_label': None, 'class': ['tmiads'], 'id': 'ad1ea670', 'text': ''}, {'tag': 'iframe', 'src': 'https://ads.independent.com.mt/www/delivery/afr.php?zoneid=53&cb=132', 'aria_label': None, 'class': ['tmiads'], 'id': 'a7e2bd7c', 'text': ''}, {'tag': 'iframe', 'src': 'https://ads.independent.com.mt/www/delivery/afr.php?zoneid=130&cb=228', 'aria_label': None, 'class': ['tmiads'], 'id': 'a424f3a7', 'text': ''}, {'tag': 'iframe', 'src': 'https://ads.independent.com.mt/www/delivery/afr.php?zoneid=147&cb=119', 'aria_label': None, 'class': ['tmiads'], 'id': 'a65e2a3a', 'text': ''}, {'tag': 'iframe', 'src': 'https://ads.independent.com.mt/www/delivery/afr.php?zoneid=52&cb=258', 'aria_label': None, 'class': ['tmiads'], 'id': 'a998a06f', 'text': ''}]",14,1,114,0.08062234794908062,93,0,2,0,0,59,20,0.3939393939393939,0,0,0,1,0.09688826025459689,2,48,6,35.42857142857143,0,0,0,0,0,0,0,190,independent,article_pages
197,33,61,22,0,1,22,2,10874,1777,23,8,"[{'tag': 'iframe', 'src': 'https://ads.independent.com.mt/www/delivery/afr.php?zoneid=54&cb=173', 'aria_label': None, 'class': ['tmiads'], 'id': 'a322d2a7', 'text': ''}, {'tag': 'iframe', 'src': 'https://ads.independent.com.mt/www/delivery/afr.php?zoneid=134&cb=73', 'aria_label': None, 'class': ['tmiads'], 'id': 'a160ea73', 'text': ''}, {'tag': 'iframe', 'src': 'https://ads.independent.com.mt/www/delivery/afr.php?zoneid=131&cb=22', 'aria_label': None, 'class': ['tmiads'], 'id': 'a78ab6a6', 'text': ''}, {'tag': 'iframe', 'src': 'https://ads.independent.com.mt/www/delivery/afr.php?resize=1&zoneid=22&target=_blank&cb=73', 'aria_label': None, 'class': ['tmiads'], 'id': 'ad1ea670', 'text': ''}, {'tag': 'iframe', 'src': 'https://ads.independent.com.mt/www/delivery/afr.php?zoneid=53&cb=132', 'aria_label': None, 'class': ['tmiads'], 'id': 'a7e2bd7c', 'text': ''}, {'tag': 'iframe', 'src': 'https://ads.independent.com.mt/www/delivery/afr.php?zoneid=130&cb=228', 'aria_label': None, 'class': ['tmiads'], 'id': 'a424f3a7', 'text': ''}, {'tag': 'iframe', 'src': 'https://ads.independent.com.mt/www/delivery/afr.php?zoneid=147&cb=119', 'aria_label': None, 'class': ['tmiads'], 'id': 'a65e2a3a', 'text': ''}, {'tag': 'iframe', 'src': 'https://ads.independent.com.mt/www/delivery/afr.php?zoneid=52&cb=258', 'aria_label': None, 'class': ['tmiads'], 'id': 'a998a06f', 'text': ''}]",14,1,114,0.08062234794908062,93,0,2,0,0,59,20,0.3939393939393939,0,0,0,1,0.09688826025459689,2,48,6,35.42857142857143,0,0,0,0,0,0,0,191,independent,article_pages
197,33,61,22,0,1,22,2,10874,1777,23,8,"[{'tag': 'iframe', 'src': 'https://ads.independent.com.mt/www/delivery/afr.php?zoneid=54&cb=173', 'aria_label': None, 'class': ['tmiads'], 'id': 'a322d2a7', 'text': ''}, {'tag': 'iframe', 'src': 'https://ads.independent.com.mt/www/delivery/afr.php?zoneid=134&cb=73', 'aria_label': None, 'class': ['tmiads'], 'id': 'a160ea73', 'text': ''}, {'tag': 'iframe', 'src': 'https://ads.independent.com.mt/www/delivery/afr.php?zoneid=131&cb=22', 'aria_label': None, 'class': ['tmiads'], 'id': 'a78ab6a6', 'text': ''}, {'tag': 'iframe', 'src': 'https://ads.independent.com.mt/www/delivery/afr.php?resize=1&zoneid=22&target=_blank&cb=73', 'aria_label': None, 'class': ['tmiads'], 'id': 'ad1ea670', 'text': ''}, {'tag': 'iframe', 'src': 'https://ads.independent.com.mt/www/delivery/afr.php?zoneid=53&cb=132', 'aria_label': None, 'class': ['tmiads'], 'id': 'a7e2bd7c', 'text': ''}, {'tag': 'iframe', 'src': 'https://ads.independent.com.mt/www/delivery/afr.php?zoneid=130&cb=228', 'aria_label': None, 'class': ['tmiads'], 'id': 'a424f3a7', 'text': ''}, {'tag': 'iframe', 'src': 'https://ads.independent.com.mt/www/delivery/afr.php?zoneid=147&cb=119', 'aria_label': None, 'class': ['tmiads'], 'id': 'a65e2a3a', 'text': ''}, {'tag': 'iframe', 'src': 'https://ads.independent.com.mt/www/delivery/afr.php?zoneid=52&cb=258', 'aria_label': None, 'class': ['tmiads'], 'id': 'a998a06f', 'text': ''}]",14,1,114,0.08062234794908062,93,0,2,0,0,59,20,0.3939393939393939,0,0,0,1,0.09688826025459689,2,48,6,35.42857142857143,0,0,0,0,0,0,0,192,independent,article_pages
197,33,61,22,0,1,22,2,10874,1777,23,8,"[{'tag': 'iframe', 'src': 'https://ads.independent.com.mt/www/delivery/afr.php?zoneid=54&cb=173', 'aria_label': None, 'class': ['tmiads'], 'id': 'a322d2a7', 'text': ''}, {'tag': 'iframe', 'src': 'https://ads.independent.com.mt/www/delivery/afr.php?zoneid=134&cb=73', 'aria_label': None, 'class': ['tmiads'], 'id': 'a160ea73', 'text': ''}, {'tag': 'iframe', 'src': 'https://ads.independent.com.mt/www/delivery/afr.php?zoneid=131&cb=22', 'aria_label': None, 'class': ['tmiads'], 'id': 'a78ab6a6', 'text': ''}, {'tag': 'iframe', 'src': 'https://ads.independent.com.mt/www/delivery/afr.php?resize=1&zoneid=22&target=_blank&cb=73', 'aria_label': None, 'class': ['tmiads'], 'id': 'ad1ea670', 'text': ''}, {'tag': 'iframe', 'src': 'https://ads.independent.com.mt/www/delivery/afr.php?zoneid=53&cb=132', 'aria_label': None, 'class': ['tmiads'], 'id': 'a7e2bd7c', 'text': ''}, {'tag': 'iframe', 'src': 'https://ads.independent.com.mt/www/delivery/afr.php?zoneid=130&cb=228', 'aria_label': None, 'class': ['tmiads'], 'id': 'a424f3a7', 'text': ''}, {'tag': 'iframe', 'src': 'https://ads.independent.com.mt/www/delivery/afr.php?zoneid=147&cb=119', 'aria_label': None, 'class': ['tmiads'], 'id': 'a65e2a3a', 'text': ''}, {'tag': 'iframe', 'src': 'https://ads.independent.com.mt/www/delivery/afr.php?zoneid=52&cb=258', 'aria_label': None, 'class': ['tmiads'], 'id': 'a998a06f', 'text': ''}]",14,1,114,0.08062234794908062,93,0,2,0,0,59,20,0.3939393939393939,0,0,0,1,0.09688826025459689,2,48,6,35.42857142857143,0,0,0,0,0,0,0,193,independent,article_pages
197,33,61,22,0,1,22,2,10874,1777,23,8,"[{'tag': 'iframe', 'src': 'https://ads.independent.com.mt/www/delivery/afr.php?zoneid=54&cb=173', 'aria_label': None, 'class': ['tmiads'], 'id': 'a322d2a7', 'text': ''}, {'tag': 'iframe', 'src': 'https://ads.independent.com.mt/www/delivery/afr.php?zoneid=134&cb=73', 'aria_label': None, 'class': ['tmiads'], 'id': 'a160ea73', 'text': ''}, {'tag': 'iframe', 'src': 'https://ads.independent.com.mt/www/delivery/afr.php?zoneid=131&cb=22', 'aria_label': None, 'class': ['tmiads'], 'id': 'a78ab6a6', 'text': ''}, {'tag': 'iframe', 'src': 'https://ads.independent.com.mt/www/delivery/afr.php?resize=1&zoneid=22&target=_blank&cb=73', 'aria_label': None, 'class': ['tmiads'], 'id': 'ad1ea670', 'text': ''}, {'tag': 'iframe', 'src': 'https://ads.independent.com.mt/www/delivery/afr.php?zoneid=53&cb=132', 'aria_label': None, 'class': ['tmiads'], 'id': 'a7e2bd7c', 'text': ''}, {'tag': 'iframe', 'src': 'https://ads.independent.com.mt/www/delivery/afr.php?zoneid=130&cb=228', 'aria_label': None, 'class': ['tmiads'], 'id': 'a424f3a7', 'text': ''}, {'tag': 'iframe', 'src': 'https://ads.independent.com.mt/www/delivery/afr.php?zoneid=147&cb=119', 'aria_label': None, 'class': ['tmiads'], 'id': 'a65e2a3a', 'text': ''}, {'tag': 'iframe', 'src': 'https://ads.independent.com.mt/www/delivery/afr.php?zoneid=52&cb=258', 'aria_label': None, 'class': ['tmiads'], 'id': 'a998a06f', 'text': ''}]",14,1,114,0.08062234794908062,93,0,2,0,0,59,20,0.3939393939393939,0,0,0,1,0.09688826025459689,2,48,6,35.42857142857143,0,0,0,0,0,0,0,194,independent,article_pages
197,33,61,22,0,1,22,2,10874,1777,23,8,"[{'tag': 'iframe', 'src': 'https://ads.independent.com.mt/www/delivery/afr.php?zoneid=54&cb=173', 'aria_label': None, 'class': ['tmiads'], 'id': 'a322d2a7', 'text': ''}, {'tag': 'iframe', 'src': 'https://ads.independent.com.mt/www/delivery/afr.php?zoneid=134&cb=73', 'aria_label': None, 'class': ['tmiads'], 'id': 'a160ea73', 'text': ''}, {'tag': 'iframe', 'src': 'https://ads.independent.com.mt/www/delivery/afr.php?zoneid=131&cb=22', 'aria_label': None, 'class': ['tmiads'], 'id': 'a78ab6a6', 'text': ''}, {'tag': 'iframe', 'src': 'https://ads.independent.com.mt/www/delivery/afr.php?resize=1&zoneid=22&target=_blank&cb=73', 'aria_label': None, 'class': ['tmiads'], 'id': 'ad1ea670', 'text': ''}, {'tag': 'iframe', 'src': 'https://ads.independent.com.mt/www/delivery/afr.php?zoneid=53&cb=132', 'aria_label': None, 'class': ['tmiads'], 'id': 'a7e2bd7c', 'text': ''}, {'tag': 'iframe', 'src': 'https://ads.independent.com.mt/www/delivery/afr.php?zoneid=130&cb=228', 'aria_label': None, 'class': ['tmiads'], 'id': 'a424f3a7', 'text': ''}, {'tag': 'iframe', 'src': 'https://ads.independent.com.mt/www/delivery/afr.php?zoneid=147&cb=119', 'aria_label': None, 'class': ['tmiads'], 'id': 'a65e2a3a', 'text': ''}, {'tag': 'iframe', 'src': 'https://ads.independent.com.mt/www/delivery/afr.php?zoneid=52&cb=258', 'aria_label': None, 'class': ['tmiads'], 'id': 'a998a06f', 'text': ''}]",14,1,114,0.08062234794908062,93,0,2,0,0,59,20,0.3939393939393939,0,0,0,1,0.09688826025459689,2,48,6,35.42857142857143,0,0,0,0,0,0,0,195,independent,article_pages
197,33,61,22,0,1,22,2,10874,1777,23,8,"[{'tag': 'iframe', 'src': 'https://ads.independent.com.mt/www/delivery/afr.php?zoneid=54&cb=173', 'aria_label': None, 'class': ['tmiads'], 'id': 'a322d2a7', 'text': ''}, {'tag': 'iframe', 'src': 'https://ads.independent.com.mt/www/delivery/afr.php?zoneid=134&cb=73', 'aria_label': None, 'class': ['tmiads'], 'id': 'a160ea73', 'text': ''}, {'tag': 'iframe', 'src': 'https://ads.independent.com.mt/www/delivery/afr.php?zoneid=131&cb=22', 'aria_label': None, 'class': ['tmiads'], 'id': 'a78ab6a6', 'text': ''}, {'tag': 'iframe', 'src': 'https://ads.independent.com.mt/www/delivery/afr.php?resize=1&zoneid=22&target=_blank&cb=73', 'aria_label': None, 'class': ['tmiads'], 'id': 'ad1ea670', 'text': ''}, {'tag': 'iframe', 'src': 'https://ads.independent.com.mt/www/delivery/afr.php?zoneid=53&cb=132', 'aria_label': None, 'class': ['tmiads'], 'id': 'a7e2bd7c', 'text': ''}, {'tag': 'iframe', 'src': 'https://ads.independent.com.mt/www/delivery/afr.php?zoneid=130&cb=228', 'aria_label': None, 'class': ['tmiads'], 'id': 'a424f3a7', 'text': ''}, {'tag': 'iframe', 'src': 'https://ads.independent.com.mt/www/delivery/afr.php?zoneid=147&cb=119', 'aria_label': None, 'class': ['tmiads'], 'id': 'a65e2a3a', 'text': ''}, {'tag': 'iframe', 'src': 'https://ads.independent.com.mt/www/delivery/afr.php?zoneid=52&cb=258', 'aria_label': None, 'class': ['tmiads'], 'id': 'a998a06f', 'text': ''}]",14,1,114,0.08062234794908062,93,0,2,0,0,59,20,0.3939393939393939,0,0,0,1,0.09688826025459689,2,48,6,35.42857142857143,0,0,0,0,0,0,0,196,independent,article_pages
197,33,61,22,0,1,22,2,10874,1777,23,8,"[{'tag': 'iframe', 'src': 'https://ads.independent.com.mt/www/delivery/afr.php?zoneid=54&cb=173', 'aria_label': None, 'class': ['tmiads'], 'id': 'a322d2a7', 'text': ''}, {'tag': 'iframe', 'src': 'https://ads.independent.com.mt/www/delivery/afr.php?zoneid=134&cb=73', 'aria_label': None, 'class': ['tmiads'], 'id': 'a160ea73', 'text': ''}, {'tag': 'iframe', 'src': 'https://ads.independent.com.mt/www/delivery/afr.php?zoneid=131&cb=22', 'aria_label': None, 'class': ['tmiads'], 'id': 'a78ab6a6', 'text': ''}, {'tag': 'iframe', 'src': 'https://ads.independent.com.mt/www/delivery/afr.php?resize=1&zoneid=22&target=_blank&cb=73', 'aria_label': None, 'class': ['tmiads'], 'id': 'ad1ea670', 'text': ''}, {'tag': 'iframe', 'src': 'https://ads.independent.com.mt/www/delivery/afr.php?zoneid=53&cb=132', 'aria_label': None, 'class': ['tmiads'], 'id': 'a7e2bd7c', 'text': ''}, {'tag': 'iframe', 'src': 'https://ads.independent.com.mt/www/delivery/afr.php?zoneid=130&cb=228', 'aria_label': None, 'class': ['tmiads'], 'id': 'a424f3a7', 'text': ''}, {'tag': 'iframe', 'src': 'https://ads.independent.com.mt/www/delivery/afr.php?zoneid=147&cb=119', 'aria_label': None, 'class': ['tmiads'], 'id': 'a65e2a3a', 'text': ''}, {'tag': 'iframe', 'src': 'https://ads.independent.com.mt/www/delivery/afr.php?zoneid=52&cb=258', 'aria_label': None, 'class': ['tmiads'], 'id': 'a998a06f', 'text': ''}]",14,1,114,0.08062234794908062,93,0,2,0,0,59,20,0.3939393939393939,0,0,0,1,0.09688826025459689,2,48,6,35.42857142857143,0,0,0,0,0,0,0,197,independent,article_pages
197,33,61,22,0,1,22,2,10874,1777,23,8,"[{'tag': 'iframe', 'src': 'https://ads.independent.com.mt/www/delivery/afr.php?zoneid=54&cb=173', 'aria_label': None, 'class': ['tmiads'], 'id': 'a322d2a7', 'text': ''}, {'tag': 'iframe', 'src': 'https://ads.independent.com.mt/www/delivery/afr.php?zoneid=134&cb=73', 'aria_label': None, 'class': ['tmiads'], 'id': 'a160ea73', 'text': ''}, {'tag': 'iframe', 'src': 'https://ads.independent.com.mt/www/delivery/afr.php?zoneid=131&cb=22', 'aria_label': None, 'class': ['tmiads'], 'id': 'a78ab6a6', 'text': ''}, {'tag': 'iframe', 'src': 'https://ads.independent.com.mt/www/delivery/afr.php?resize=1&zoneid=22&target=_blank&cb=73', 'aria_label': None, 'class': ['tmiads'], 'id': 'ad1ea670', 'text': ''}, {'tag': 'iframe', 'src': 'https://ads.independent.com.mt/www/delivery/afr.php?zoneid=53&cb=132', 'aria_label': None, 'class': ['tmiads'], 'id': 'a7e2bd7c', 'text': ''}, {'tag': 'iframe', 'src': 'https://ads.independent.com.mt/www/delivery/afr.php?zoneid=130&cb=228', 'aria_label': None, 'class': ['tmiads'], 'id': 'a424f3a7', 'text': ''}, {'tag': 'iframe', 'src': 'https://ads.independent.com.mt/www/delivery/afr.php?zoneid=147&cb=119', 'aria_label': None, 'class': ['tmiads'], 'id': 'a65e2a3a', 'text': ''}, {'tag': 'iframe', 'src': 'https://ads.independent.com.mt/www/delivery/afr.php?zoneid=52&cb=258', 'aria_label': None, 'class': ['tmiads'], 'id': 'a998a06f', 'text': ''}]",14,1,114,0.08062234794908062,93,0,2,0,0,59,20,0.3939393939393939,0,0,0,1,0.09688826025459689,2,48,6,35.42857142857143,0,0,0,0,0,0,0,198,independent,article_pages
197,33,62,22,0,1,17,2,7720,1252,23,8,"[{'tag': 'iframe', 'src': 'https://ads.independent.com.mt/www/delivery/afr.php?resize=1&zoneid=31&target=_blank&cb=38', 'aria_label': None, 'class': ['tmiads'], 'id': 'af5023f7', 'text': ''}, {'tag': 'iframe', 'src': 'https://ads.independent.com.mt/www/delivery/afr.php?zoneid=96&cb=270', 'aria_label': None, 'class': ['tmiads'], 'id': 'a843ba79', 'text': ''}, {'tag': 'iframe', 'src': 'https://ads.independent.com.mt/www/delivery/afr.php?zoneid=93&cb=231', 'aria_label': None, 'class': ['tmiads'], 'id': 'a5c2371e', 'text': ''}, {'tag': 'iframe', 'src': 'https://ads.independent.com.mt/www/delivery/afr.php?resize=1&zoneid=22&target=_blank&cb=12', 'aria_label': None, 'class': ['tmiads'], 'id': 'ad1ea670', 'text': ''}, {'tag': 'iframe', 'src': 'https://ads.independent.com.mt/www/delivery/afr.php?resize=1&zoneid=21&target=_blank&cb=77', 'aria_label': None, 'class': ['tmiads'], 'id': 'a7c93e83', 'text': ''}, {'tag': 'iframe', 'src': 'http://ads.independent.com.mt/www/delivery/afr.php?zoneid=92&cb=107', 'aria_label': None, 'class': ['tmiads'], 'id': 'a537fbf2', 'text': ''}, {'tag': 'iframe', 'src': 'https://ads.independent.com.mt/www/delivery/afr.php?zoneid=147&cb=95', 'aria_label': None, 'class': ['tmiads'], 'id': 'a65e2a3a', 'text': ''}, {'tag': 'iframe', 'src': 'https://ads.independent.com.mt/www/delivery/afr.php?resize=1&zoneid=20&target=_blank&cb=217', 'aria_label': None, 'class': ['tmiads'], 'id': 'a7652f8a', 'text': ''}]",14,1,114,0.08,93,0,2,0,0,59,21,0.36363636363636365,0,0,0,1,0.09614035087719298,2,48,6,13.5625,0,0,0,0,0,0,0,199,independent,article_pages
197,33,62,22,0,1,17,2,7720,1252,23,8,"[{'tag': 'iframe', 'src': 'https://ads.independent.com.mt/www/delivery/afr.php?resize=1&zoneid=31&target=_blank&cb=38', 'aria_label': None, 'class': ['tmiads'], 'id': 'af5023f7', 'text': ''}, {'tag': 'iframe', 'src': 'https://ads.independent.com.mt/www/delivery/afr.php?zoneid=96&cb=270', 'aria_label': None, 'class': ['tmiads'], 'id': 'a843ba79', 'text': ''}, {'tag': 'iframe', 'src': 'https://ads.independent.com.mt/www/delivery/afr.php?zoneid=93&cb=231', 'aria_label': None, 'class': ['tmiads'], 'id': 'a5c2371e', 'text': ''}, {'tag': 'iframe', 'src': 'https://ads.independent.com.mt/www/delivery/afr.php?resize=1&zoneid=22&target=_blank&cb=12', 'aria_label': None, 'class': ['tmiads'], 'id': 'ad1ea670', 'text': ''}, {'tag': 'iframe', 'src': 'https://ads.independent.com.mt/www/delivery/afr.php?resize=1&zoneid=21&target=_blank&cb=77', 'aria_label': None, 'class': ['tmiads'], 'id': 'a7c93e83', 'text': ''}, {'tag': 'iframe', 'src': 'http://ads.independent.com.mt/www/delivery/afr.php?zoneid=92&cb=107', 'aria_label': None, 'class': ['tmiads'], 'id': 'a537fbf2', 'text': ''}, {'tag': 'iframe', 'src': 'https://ads.independent.com.mt/www/delivery/afr.php?zoneid=147&cb=95', 'aria_label': None, 'class': ['tmiads'], 'id': 'a65e2a3a', 'text': ''}, {'tag': 'iframe', 'src': 'https://ads.independent.com.mt/www/delivery/afr.php?resize=1&zoneid=20&target=_blank&cb=217', 'aria_label': None, 'class': ['tmiads'], 'id': 'a7652f8a', 'text': ''}]",14,1,114,0.08,93,0,2,0,0,59,21,0.36363636363636365,0,0,0,1,0.09614035087719298,2,48,6,13.5625,0,0,0,0,0,0,0,200,independent,article_pages
197,33,62,22,0,1,17,2,7720,1252,23,8,"[{'tag': 'iframe', 'src': 'https://ads.independent.com.mt/www/delivery/afr.php?resize=1&zoneid=31&target=_blank&cb=38', 'aria_label': None, 'class': ['tmiads'], 'id': 'af5023f7', 'text': ''}, {'tag': 'iframe', 'src': 'https://ads.independent.com.mt/www/delivery/afr.php?zoneid=96&cb=270', 'aria_label': None, 'class': ['tmiads'], 'id': 'a843ba79', 'text': ''}, {'tag': 'iframe', 'src': 'https://ads.independent.com.mt/www/delivery/afr.php?zoneid=93&cb=231', 'aria_label': None, 'class': ['tmiads'], 'id': 'a5c2371e', 'text': ''}, {'tag': 'iframe', 'src': 'https://ads.independent.com.mt/www/delivery/afr.php?resize=1&zoneid=22&target=_blank&cb=12', 'aria_label': None, 'class': ['tmiads'], 'id': 'ad1ea670', 'text': ''}, {'tag': 'iframe', 'src': 'https://ads.independent.com.mt/www/delivery/afr.php?resize=1&zoneid=21&target=_blank&cb=77', 'aria_label': None, 'class': ['tmiads'], 'id': 'a7c93e83', 'text': ''}, {'tag': 'iframe', 'src': 'http://ads.independent.com.mt/www/delivery/afr.php?zoneid=92&cb=107', 'aria_label': None, 'class': ['tmiads'], 'id': 'a537fbf2', 'text': ''}, {'tag': 'iframe', 'src': 'https://ads.independent.com.mt/www/delivery/afr.php?zoneid=147&cb=95', 'aria_label': None, 'class': ['tmiads'], 'id': 'a65e2a3a', 'text': ''}, {'tag': 'iframe', 'src': 'https://ads.independent.com.mt/www/delivery/afr.php?resize=1&zoneid=20&target=_blank&cb=217', 'aria_label': None, 'class': ['tmiads'], 'id': 'a7652f8a', 'text': ''}]",14,1,114,0.08,93,0,2,0,0,59,21,0.36363636363636365,0,0,0,1,0.09614035087719298,2,48,6,13.5625,0,0,0,0,0,0,0,201,independent,article_pages
197,33,61,22,0,1,25,2,9329,1519,23,8,"[{'tag': 'iframe', 'src': 'https://ads.independent.com.mt/www/delivery/afr.php?zoneid=36&cb=149', 'aria_label': None, 'class': ['tmiads'], 'id': 'af87707c', 'text': ''}, {'tag': 'iframe', 'src': 'https://ads.independent.com.mt/www/delivery/afr.php?zoneid=144&cb=297', 'aria_label': None, 'class': ['tmiads'], 'id': 'a7d95b78', 'text': ''}, {'tag': 'iframe', 'src': 'https://ads.independent.com.mt/www/delivery/afr.php?zoneid=141&cb=52', 'aria_label': None, 'class': ['tmiads'], 'id': 'a1353246', 'text': ''}, {'tag': 'iframe', 'src': 'https://ads.independent.com.mt/www/delivery/afr.php?resize=1&zoneid=22&target=_blank&cb=262', 'aria_label': None, 'class': ['tmiads'], 'id': 'ad1ea670', 'text': ''}, {'tag': 'iframe', 'src': 'https://ads.independent.com.mt/www/delivery/afr.php?zoneid=35&cb=199', 'aria_label': None, 'class': ['tmiads'], 'id': 'abcfa804', 'text': ''}, {'tag': 'iframe', 'src': 'https://ads.independent.com.mt/www/delivery/afr.php?zoneid=140&cb=83', 'aria_label': None, 'class': ['tmiads'], 'id': 'afcbf42a', 'text': ''}, {'tag': 'iframe', 'src': 'https://ads.independent.com.mt/www/delivery/afr.php?zoneid=147&cb=118', 'aria_label': None, 'class': ['tmiads'], 'id': 'a65e2a3a', 'text': ''}, {'tag': 'iframe', 'src': 'https://ads.independent.com.mt/www/delivery/afr.php?zoneid=34&cb=256', 'aria_label': None, 'class': ['tmiads'], 'id': 'ac264775', 'text': ''}]",14,1,114,0.08039492242595205,93,0,2,0,0,59,21,0.36363636363636365,0,0,0,1,0.09661495063469676,2,48,6,21.772727272727273,0,0,0,0,0,0,0,202,independent,article_pages
197,33,61,22,0,1,25,2,9329,1519,23,8,"[{'tag': 'iframe', 'src': 'https://ads.independent.com.mt/www/delivery/afr.php?zoneid=36&cb=149', 'aria_label': None, 'class': ['tmiads'], 'id': 'af87707c', 'text': ''}, {'tag': 'iframe', 'src': 'https://ads.independent.com.mt/www/delivery/afr.php?zoneid=144&cb=297', 'aria_label': None, 'class': ['tmiads'], 'id': 'a7d95b78', 'text': ''}, {'tag': 'iframe', 'src': 'https://ads.independent.com.mt/www/delivery/afr.php?zoneid=141&cb=52', 'aria_label': None, 'class': ['tmiads'], 'id': 'a1353246', 'text': ''}, {'tag': 'iframe', 'src': 'https://ads.independent.com.mt/www/delivery/afr.php?resize=1&zoneid=22&target=_blank&cb=262', 'aria_label': None, 'class': ['tmiads'], 'id': 'ad1ea670', 'text': ''}, {'tag': 'iframe', 'src': 'https://ads.independent.com.mt/www/delivery/afr.php?zoneid=35&cb=199', 'aria_label': None, 'class': ['tmiads'], 'id': 'abcfa804', 'text': ''}, {'tag': 'iframe', 'src': 'https://ads.independent.com.mt/www/delivery/afr.php?zoneid=140&cb=83', 'aria_label': None, 'class': ['tmiads'], 'id': 'afcbf42a', 'text': ''}, {'tag': 'iframe', 'src': 'https://ads.independent.com.mt/www/delivery/afr.php?zoneid=147&cb=118', 'aria_label': None, 'class': ['tmiads'], 'id': 'a65e2a3a', 'text': ''}, {'tag': 'iframe', 'src': 'https://ads.independent.com.mt/www/delivery/afr.php?zoneid=34&cb=256', 'aria_label': None, 'class': ['tmiads'], 'id': 'ac264775', 'text': ''}]",14,1,114,0.08039492242595205,93,0,2,0,0,59,21,0.36363636363636365,0,0,0,1,0.09661495063469676,2,48,6,21.772727272727273,0,0,0,0,0,0,0,203,independent,article_pages
246,119,25,18,5,2,4,84,10526,1619,24,8,"[{'tag': 'iframe', 'src': None, 'aria_label': 'Advertisement', 'class': None, 'id': 'google_ads_iframe_/13474545/MT_Homepage_Leaderboard_0', 'text': ''}, {'tag': 'iframe', 'src': None, 'aria_label': 'Advertisement', 'class': None, 'id': 'google_ads_iframe_/13474545/MaltaToday_Home_RectBanner_300x250_0', 'text': ''}, {'tag': 'iframe', 'src': None, 'aria_label': 'Advertisement', 'class': None, 'id': 'google_ads_iframe_/13474545/MaltaToday_Home2_RectBanner2_0', 'text': ''}, {'tag': 'iframe', 'src': None, 'aria_label': 'Advertisement', 'class': None, 'id': 'google_ads_iframe_/13474545/MaltaToday_Home_RectBanner_300x250_1', 'text': ''}, {'tag': 'iframe', 'src': None, 'aria_label': 'Advertisement', 'class': None, 'id': 'google_ads_iframe_/13474545/MaltaToday_Home_Subsection_Leaderboard_0', 'text': ''}, {'tag': 'iframe', 'src': None, 'aria_label': 'Advertisement', 'class': None, 'id': 'google_ads_iframe_/13474545/MaltaToday_Home_Subsection_Leaderboard_1', 'text': ''}, {'tag': 'iframe', 'src': None, 'aria_label': 'Advertisement', 'class': None, 'id': 'google_ads_iframe_/13474545/MaltaToday_Home_Subsection_Leaderboard_2', 'text': ''}, {'tag': 'iframe', 'src': None, 'aria_label': 'Advertisement', 'class': None, 'id': 'google_ads_iframe_/13474545/MaltaToday_Home_Subsection_Leaderboard_5', 'text': ''}]",10,1,10,0.00589622641509434,8,0,1,0,0,60,51,0.5714285714285714,1,1,0,0,0.011202830188679245,2,56,2,19.0,0,0,0,0,0,0,0,204,malta_today,home_page
246,119,25,18,5,2,4,84,10526,1619,24,8,"[{'tag': 'iframe', 'src': None, 'aria_label': 'Advertisement', 'class': None, 'id': 'google_ads_iframe_/13474545/MT_Homepage_Leaderboard_0', 'text': ''}, {'tag': 'iframe', 'src': None, 'aria_label': 'Advertisement', 'class': None, 'id': 'google_ads_iframe_/13474545/MaltaToday_Home_RectBanner_300x250_0', 'text': ''}, {'tag': 'iframe', 'src': None, 'aria_label': 'Advertisement', 'class': None, 'id': 'google_ads_iframe_/13474545/MaltaToday_Home2_RectBanner2_0', 'text': ''}, {'tag': 'iframe', 'src': None, 'aria_label': 'Advertisement', 'class': None, 'id': 'google_ads_iframe_/13474545/MaltaToday_Home_RectBanner_300x250_1', 'text': ''}, {'tag': 'iframe', 'src': None, 'aria_label': 'Advertisement', 'class': None, 'id': 'google_ads_iframe_/13474545/MaltaToday_Home_Subsection_Leaderboard_0', 'text': ''}, {'tag': 'iframe', 'src': None, 'aria_label': 'Advertisement', 'class': None, 'id': 'google_ads_iframe_/13474545/MaltaToday_Home_Subsection_Leaderboard_1', 'text': ''}, {'tag': 'iframe', 'src': None, 'aria_label': 'Advertisement', 'class': None, 'id': 'google_ads_iframe_/13474545/MaltaToday_Home_Subsection_Leaderboard_2', 'text': ''}, {'tag': 'iframe', 'src': None, 'aria_label': 'Advertisement', 'class': None, 'id': 'google_ads_iframe_/13474545/MaltaToday_Home_Subsection_Leaderboard_5', 'text': ''}]",10,1,10,0.00589622641509434,8,0,1,0,0,60,51,0.5714285714285714,1,1,0,0,0.011202830188679245,2,56,2,19.0,0,0,0,0,0,0,0,205,malta_today,home_page
246,119,25,18,5,2,4,84,10526,1619,24,8,"[{'tag': 'iframe', 'src': None, 'aria_label': 'Advertisement', 'class': None, 'id': 'google_ads_iframe_/13474545/MT_Homepage_Leaderboard_0', 'text': ''}, {'tag': 'iframe', 'src': None, 'aria_label': 'Advertisement', 'class': None, 'id': 'google_ads_iframe_/13474545/MaltaToday_Home_RectBanner_300x250_0', 'text': ''}, {'tag': 'iframe', 'src': None, 'aria_label': 'Advertisement', 'class': None, 'id': 'google_ads_iframe_/13474545/MaltaToday_Home2_RectBanner2_0', 'text': ''}, {'tag': 'iframe', 'src': None, 'aria_label': 'Advertisement', 'class': None, 'id': 'google_ads_iframe_/13474545/MaltaToday_Home_RectBanner_300x250_1', 'text': ''}, {'tag': 'iframe', 'src': None, 'aria_label': 'Advertisement', 'class': None, 'id': 'google_ads_iframe_/13474545/MaltaToday_Home_Subsection_Leaderboard_0', 'text': ''}, {'tag': 'iframe', 'src': None, 'aria_label': 'Advertisement', 'class': None, 'id': 'google_ads_iframe_/13474545/MaltaToday_Home_Subsection_Leaderboard_1', 'text': ''}, {'tag': 'iframe', 'src': None, 'aria_label': 'Advertisement', 'class': None, 'id': 'google_ads_iframe_/13474545/MaltaToday_Home_Subsection_Leaderboard_2', 'text': ''}, {'tag': 'iframe', 'src': None, 'aria_label': 'Advertisement', 'class': None, 'id': 'google_ads_iframe_/13474545/MaltaToday_Home_Subsection_Leaderboard_5', 'text': ''}]",10,1,10,0.00589622641509434,8,0,1,0,0,60,51,0.5714285714285714,1,1,0,0,0.011202830188679245,2,56,2,19.0,0,0,0,0,0,0,0,206,malta_today,home_page
246,119,25,18,5,2,4,84,10526,1619,24,8,"[{'tag': 'iframe', 'src': None, 'aria_label': 'Advertisement', 'class': None, 'id': 'google_ads_iframe_/13474545/MT_Homepage_Leaderboard_0', 'text': ''}, {'tag': 'iframe', 'src': None, 'aria_label': 'Advertisement', 'class': None, 'id': 'google_ads_iframe_/13474545/MaltaToday_Home_RectBanner_300x250_0', 'text': ''}, {'tag': 'iframe', 'src': None, 'aria_label': 'Advertisement', 'class': None, 'id': 'google_ads_iframe_/13474545/MaltaToday_Home2_RectBanner2_0', 'text': ''}, {'tag': 'iframe', 'src': None, 'aria_label': 'Advertisement', 'class': None, 'id': 'google_ads_iframe_/13474545/MaltaToday_Home_RectBanner_300x250_1', 'text': ''}, {'tag': 'iframe', 'src': None, 'aria_label': 'Advertisement', 'class': None, 'id': 'google_ads_iframe_/13474545/MaltaToday_Home_Subsection_Leaderboard_0', 'text': ''}, {'tag': 'iframe', 'src': None, 'aria_label': 'Advertisement', 'class': None, 'id': 'google_ads_iframe_/13474545/MaltaToday_Home_Subsection_Leaderboard_1', 'text': ''}, {'tag': 'iframe', 'src': None, 'aria_label': 'Advertisement', 'class': None, 'id': 'google_ads_iframe_/13474545/MaltaToday_Home_Subsection_Leaderboard_2', 'text': ''}, {'tag': 'iframe', 'src': None, 'aria_label': 'Advertisement', 'class': None, 'id': 'google_ads_iframe_/13474545/MaltaToday_Home_Subsection_Leaderboard_5', 'text': ''}]",10,1,10,0.00589622641509434,8,0,1,0,0,60,51,0.5714285714285714,1,1,0,0,0.011202830188679245,2,56,2,19.0,0,0,0,0,0,0,0,207,malta_today,home_page
246,119,25,18,5,2,4,84,10526,1619,24,8,"[{'tag': 'iframe', 'src': None, 'aria_label': 'Advertisement', 'class': None, 'id': 'google_ads_iframe_/13474545/MT_Homepage_Leaderboard_0', 'text': ''}, {'tag': 'iframe', 'src': None, 'aria_label': 'Advertisement', 'class': None, 'id': 'google_ads_iframe_/13474545/MaltaToday_Home_RectBanner_300x250_0', 'text': ''}, {'tag': 'iframe', 'src': None, 'aria_label': 'Advertisement', 'class': None, 'id': 'google_ads_iframe_/13474545/MaltaToday_Home2_RectBanner2_0', 'text': ''}, {'tag': 'iframe', 'src': None, 'aria_label': 'Advertisement', 'class': None, 'id': 'google_ads_iframe_/13474545/MaltaToday_Home_RectBanner_300x250_1', 'text': ''}, {'tag': 'iframe', 'src': None, 'aria_label': 'Advertisement', 'class': None, 'id': 'google_ads_iframe_/13474545/MaltaToday_Home_Subsection_Leaderboard_0', 'text': ''}, {'tag': 'iframe', 'src': None, 'aria_label': 'Advertisement', 'class': None, 'id': 'google_ads_iframe_/13474545/MaltaToday_Home_Subsection_Leaderboard_1', 'text': ''}, {'tag': 'iframe', 'src': None, 'aria_label': 'Advertisement', 'class': None, 'id': 'google_ads_iframe_/13474545/MaltaToday_Home_Subsection_Leaderboard_2', 'text': ''}, {'tag': 'iframe', 'src': None, 'aria_label': 'Advertisement', 'class': None, 'id': 'google_ads_iframe_/13474545/MaltaToday_Home_Subsection_Leaderboard_5', 'text': ''}]",10,1,10,0.00589622641509434,8,0,1,0,0,60,51,0.5714285714285714,1,1,0,0,0.011202830188679245,2,56,2,19.0,0,0,0,0,0,0,0,208,malta_today,home_page
246,119,25,18,5,2,4,84,10526,1619,24,8,"[{'tag': 'iframe', 'src': None, 'aria_label': 'Advertisement', 'class': None, 'id': 'google_ads_iframe_/13474545/MT_Homepage_Leaderboard_0', 'text': ''}, {'tag': 'iframe', 'src': None, 'aria_label': 'Advertisement', 'class': None, 'id': 'google_ads_iframe_/13474545/MaltaToday_Home_RectBanner_300x250_0', 'text': ''}, {'tag': 'iframe', 'src': None, 'aria_label': 'Advertisement', 'class': None, 'id': 'google_ads_iframe_/13474545/MaltaToday_Home2_RectBanner2_0', 'text': ''}, {'tag': 'iframe', 'src': None, 'aria_label': 'Advertisement', 'class': None, 'id': 'google_ads_iframe_/13474545/MaltaToday_Home_RectBanner_300x250_1', 'text': ''}, {'tag': 'iframe', 'src': None, 'aria_label': 'Advertisement', 'class': None, 'id': 'google_ads_iframe_/13474545/MaltaToday_Home_Subsection_Leaderboard_0', 'text': ''}, {'tag': 'iframe', 'src': None, 'aria_label': 'Advertisement', 'class': None, 'id': 'google_ads_iframe_/13474545/MaltaToday_Home_Subsection_Leaderboard_1', 'text': ''}, {'tag': 'iframe', 'src': None, 'aria_label': 'Advertisement', 'class': None, 'id': 'google_ads_iframe_/13474545/MaltaToday_Home_Subsection_Leaderboard_2', 'text': ''}, {'tag': 'iframe', 'src': None, 'aria_label': 'Advertisement', 'class': None, 'id': 'google_ads_iframe_/13474545/MaltaToday_Home_Subsection_Leaderboard_5', 'text': ''}]",10,1,10,0.00589622641509434,8,0,1,0,0,60,51,0.5714285714285714,1,1,0,0,0.011202830188679245,2,56,2,19.0,0,0,0,0,0,0,0,209,malta_today,home_page
246,119,25,18,5,2,4,84,10526,1619,24,8,"[{'tag': 'iframe', 'src': None, 'aria_label': 'Advertisement', 'class': None, 'id': 'google_ads_iframe_/13474545/MT_Homepage_Leaderboard_0', 'text': ''}, {'tag': 'iframe', 'src': None, 'aria_label': 'Advertisement', 'class': None, 'id': 'google_ads_iframe_/13474545/MaltaToday_Home_RectBanner_300x250_0', 'text': ''}, {'tag': 'iframe', 'src': None, 'aria_label': 'Advertisement', 'class': None, 'id': 'google_ads_iframe_/13474545/MaltaToday_Home2_RectBanner2_0', 'text': ''}, {'tag': 'iframe', 'src': None, 'aria_label': 'Advertisement', 'class': None, 'id': 'google_ads_iframe_/13474545/MaltaToday_Home_RectBanner_300x250_1', 'text': ''}, {'tag': 'iframe', 'src': None, 'aria_label': 'Advertisement', 'class': None, 'id': 'google_ads_iframe_/13474545/MaltaToday_Home_Subsection_Leaderboard_0', 'text': ''}, {'tag': 'iframe', 'src': None, 'aria_label': 'Advertisement', 'class': None, 'id': 'google_ads_iframe_/13474545/MaltaToday_Home_Subsection_Leaderboard_1', 'text': ''}, {'tag': 'iframe', 'src': None, 'aria_label': 'Advertisement', 'class': None, 'id': 'google_ads_iframe_/13474545/MaltaToday_Home_Subsection_Leaderboard_2', 'text': ''}, {'tag': 'iframe', 'src': None, 'aria_label': 'Advertisement', 'class': None, 'id': 'google_ads_iframe_/13474545/MaltaToday_Home_Subsection_Leaderboard_5', 'text': ''}]",10,1,10,0.00589622641509434,8,0,1,0,0,60,51,0.5714285714285714,1,1,0,0,0.011202830188679245,2,56,2,19.0,0,0,0,0,0,0,0,210,malta_today,home_page
246,119,25,18,5,2,4,84,10526,1619,24,8,"[{'tag': 'iframe', 'src': None, 'aria_label': 'Advertisement', 'class': None, 'id': 'google_ads_iframe_/13474545/MT_Homepage_Leaderboard_0', 'text': ''}, {'tag': 'iframe', 'src': None, 'aria_label': 'Advertisement', 'class': None, 'id': 'google_ads_iframe_/13474545/MaltaToday_Home_RectBanner_300x250_0', 'text': ''}, {'tag': 'iframe', 'src': None, 'aria_label': 'Advertisement', 'class': None, 'id': 'google_ads_iframe_/13474545/MaltaToday_Home2_RectBanner2_0', 'text': ''}, {'tag': 'iframe', 'src': None, 'aria_label': 'Advertisement', 'class': None, 'id': 'google_ads_iframe_/13474545/MaltaToday_Home_RectBanner_300x250_1', 'text': ''}, {'tag': 'iframe', 'src': None, 'aria_label': 'Advertisement', 'class': None, 'id': 'google_ads_iframe_/13474545/MaltaToday_Home_Subsection_Leaderboard_0', 'text': ''}, {'tag': 'iframe', 'src': None, 'aria_label': 'Advertisement', 'class': None, 'id': 'google_ads_iframe_/13474545/MaltaToday_Home_Subsection_Leaderboard_1', 'text': ''}, {'tag': 'iframe', 'src': None, 'aria_label': 'Advertisement', 'class': None, 'id': 'google_ads_iframe_/13474545/MaltaToday_Home_Subsection_Leaderboard_2', 'text': ''}, {'tag': 'iframe', 'src': None, 'aria_label': 'Advertisement', 'class': None, 'id': 'google_ads_iframe_/13474545/MaltaToday_Home_Subsection_Leaderboard_5', 'text': ''}]",10,1,10,0.00589622641509434,8,0,1,0,0,60,51,0.5714285714285714,1,1,0,0,0.011202830188679245,2,56,2,19.0,0,0,0,0,0,0,0,211,malta_today,home_page
246,119,25,18,5,2,4,84,10526,1619,24,8,"[{'tag': 'iframe', 'src': None, 'aria_label': 'Advertisement', 'class': None, 'id': 'google_ads_iframe_/13474545/MT_Homepage_Leaderboard_0', 'text': ''}, {'tag': 'iframe', 'src': None, 'aria_label': 'Advertisement', 'class': None, 'id': 'google_ads_iframe_/13474545/MaltaToday_Home_RectBanner_300x250_0', 'text': ''}, {'tag': 'iframe', 'src': None, 'aria_label': 'Advertisement', 'class': None, 'id': 'google_ads_iframe_/13474545/MaltaToday_Home2_RectBanner2_0', 'text': ''}, {'tag': 'iframe', 'src': None, 'aria_label': 'Advertisement', 'class': None, 'id': 'google_ads_iframe_/13474545/MaltaToday_Home_RectBanner_300x250_1', 'text': ''}, {'tag': 'iframe', 'src': None, 'aria_label': 'Advertisement', 'class': None, 'id': 'google_ads_iframe_/13474545/MaltaToday_Home_Subsection_Leaderboard_0', 'text': ''}, {'tag': 'iframe', 'src': None, 'aria_label': 'Advertisement', 'class': None, 'id': 'google_ads_iframe_/13474545/MaltaToday_Home_Subsection_Leaderboard_1', 'text': ''}, {'tag': 'iframe', 'src': None, 'aria_label': 'Advertisement', 'class': None, 'id': 'google_ads_iframe_/13474545/MaltaToday_Home_Subsection_Leaderboard_2', 'text': ''}, {'tag': 'iframe', 'src': None, 'aria_label': 'Advertisement', 'class': None, 'id': 'google_ads_iframe_/13474545/MaltaToday_Home_Subsection_Leaderboard_5', 'text': ''}]",10,1,10,0.00589622641509434,8,0,1,0,0,60,51,0.5714285714285714,1,1,0,0,0.011202830188679245,2,56,2,19.0,0,0,0,0,0,0,0,212,malta_today,home_page
246,119,25,18,5,2,4,84,10526,1619,24,8,"[{'tag': 'iframe', 'src': None, 'aria_label': 'Advertisement', 'class': None, 'id': 'google_ads_iframe_/13474545/MT_Homepage_Leaderboard_0', 'text': ''}, {'tag': 'iframe', 'src': None, 'aria_label': 'Advertisement', 'class': None, 'id': 'google_ads_iframe_/13474545/MaltaToday_Home_RectBanner_300x250_0', 'text': ''}, {'tag': 'iframe', 'src': None, 'aria_label': 'Advertisement', 'class': None, 'id': 'google_ads_iframe_/13474545/MaltaToday_Home2_RectBanner2_0', 'text': ''}, {'tag': 'iframe', 'src': None, 'aria_label': 'Advertisement', 'class': None, 'id': 'google_ads_iframe_/13474545/MaltaToday_Home_RectBanner_300x250_1', 'text': ''}, {'tag': 'iframe', 'src': None, 'aria_label': 'Advertisement', 'class': None, 'id': 'google_ads_iframe_/13474545/MaltaToday_Home_Subsection_Leaderboard_0', 'text': ''}, {'tag': 'iframe', 'src': None, 'aria_label': 'Advertisement', 'class': None, 'id': 'google_ads_iframe_/13474545/MaltaToday_Home_Subsection_Leaderboard_1', 'text': ''}, {'tag': 'iframe', 'src': None, 'aria_label': 'Advertisement', 'class': None, 'id': 'google_ads_iframe_/13474545/MaltaToday_Home_Subsection_Leaderboard_2', 'text': ''}, {'tag': 'iframe', 'src': None, 'aria_label': 'Advertisement', 'class': None, 'id': 'google_ads_iframe_/13474545/MaltaToday_Home_Subsection_Leaderboard_5', 'text': ''}]",10,1,10,0.00589622641509434,8,0,1,0,0,60,51,0.5714285714285714,1,1,0,0,0.011202830188679245,2,56,2,19.0,0,0,0,0,0,0,0,213,malta_today,home_page
246,119,25,18,5,2,4,84,10526,1619,24,8,"[{'tag': 'iframe', 'src': None, 'aria_label': 'Advertisement', 'class': None, 'id': 'google_ads_iframe_/13474545/MT_Homepage_Leaderboard_0', 'text': ''}, {'tag': 'iframe', 'src': None, 'aria_label': 'Advertisement', 'class': None, 'id': 'google_ads_iframe_/13474545/MaltaToday_Home_RectBanner_300x250_0', 'text': ''}, {'tag': 'iframe', 'src': None, 'aria_label': 'Advertisement', 'class': None, 'id': 'google_ads_iframe_/13474545/MaltaToday_Home2_RectBanner2_0', 'text': ''}, {'tag': 'iframe', 'src': None, 'aria_label': 'Advertisement', 'class': None, 'id': 'google_ads_iframe_/13474545/MaltaToday_Home_RectBanner_300x250_1', 'text': ''}, {'tag': 'iframe', 'src': None, 'aria_label': 'Advertisement', 'class': None, 'id': 'google_ads_iframe_/13474545/MaltaToday_Home_Subsection_Leaderboard_0', 'text': ''}, {'tag': 'iframe', 'src': None, 'aria_label': 'Advertisement', 'class': None, 'id': 'google_ads_iframe_/13474545/MaltaToday_Home_Subsection_Leaderboard_1', 'text': ''}, {'tag': 'iframe', 'src': None, 'aria_label': 'Advertisement', 'class': None, 'id': 'google_ads_iframe_/13474545/MaltaToday_Home_Subsection_Leaderboard_2', 'text': ''}, {'tag': 'iframe', 'src': None, 'aria_label': 'Advertisement', 'class': None, 'id': 'google_ads_iframe_/13474545/MaltaToday_Home_Subsection_Leaderboard_5', 'text': ''}]",10,1,10,0.00589622641509434,8,0,1,0,0,60,51,0.5714285714285714,1,1,0,0,0.011202830188679245,2,56,2,19.0,0,0,0,0,0,0,0,214,malta_today,home_page
246,119,25,18,5,2,4,84,10526,1619,24,8,"[{'tag': 'iframe', 'src': None, 'aria_label': 'Advertisement', 'class': None, 'id': 'google_ads_iframe_/13474545/MT_Homepage_Leaderboard_0', 'text': ''}, {'tag': 'iframe', 'src': None, 'aria_label': 'Advertisement', 'class': None, 'id': 'google_ads_iframe_/13474545/MaltaToday_Home_RectBanner_300x250_0', 'text': ''}, {'tag': 'iframe', 'src': None, 'aria_label': 'Advertisement', 'class': None, 'id': 'google_ads_iframe_/13474545/MaltaToday_Home2_RectBanner2_0', 'text': ''}, {'tag': 'iframe', 'src': None, 'aria_label': 'Advertisement', 'class': None, 'id': 'google_ads_iframe_/13474545/MaltaToday_Home_RectBanner_300x250_1', 'text': ''}, {'tag': 'iframe', 'src': None, 'aria_label': 'Advertisement', 'class': None, 'id': 'google_ads_iframe_/13474545/MaltaToday_Home_Subsection_Leaderboard_0', 'text': ''}, {'tag': 'iframe', 'src': None, 'aria_label': 'Advertisement', 'class': None, 'id': 'google_ads_iframe_/13474545/MaltaToday_Home_Subsection_Leaderboard_1', 'text': ''}, {'tag': 'iframe', 'src': None, 'aria_label': 'Advertisement', 'class': None, 'id': 'google_ads_iframe_/13474545/MaltaToday_Home_Subsection_Leaderboard_2', 'text': ''}, {'tag': 'iframe', 'src': None, 'aria_label': 'Advertisement', 'class': None, 'id': 'google_ads_iframe_/13474545/MaltaToday_Home_Subsection_Leaderboard_5', 'text': ''}]",10,1,10,0.00589622641509434,8,0,1,0,0,60,51,0.5714285714285714,1,1,0,0,0.011202830188679245,2,56,2,19.0,0,0,0,0,0,0,0,215,malta_today,home_page
246,119,25,18,5,2,4,84,10526,1619,24,8,"[{'tag': 'iframe', 'src': None, 'aria_label': 'Advertisement', 'class': None, 'id': 'google_ads_iframe_/13474545/MT_Homepage_Leaderboard_0', 'text': ''}, {'tag': 'iframe', 'src': None, 'aria_label': 'Advertisement', 'class': None, 'id': 'google_ads_iframe_/13474545/MaltaToday_Home_RectBanner_300x250_0', 'text': ''}, {'tag': 'iframe', 'src': None, 'aria_label': 'Advertisement', 'class': None, 'id': 'google_ads_iframe_/13474545/MaltaToday_Home2_RectBanner2_0', 'text': ''}, {'tag': 'iframe', 'src': None, 'aria_label': 'Advertisement', 'class': None, 'id': 'google_ads_iframe_/13474545/MaltaToday_Home_RectBanner_300x250_1', 'text': ''}, {'tag': 'iframe', 'src': None, 'aria_label': 'Advertisement', 'class': None, 'id': 'google_ads_iframe_/13474545/MaltaToday_Home_Subsection_Leaderboard_0', 'text': ''}, {'tag': 'iframe', 'src': None, 'aria_label': 'Advertisement', 'class': None, 'id': 'google_ads_iframe_/13474545/MaltaToday_Home_Subsection_Leaderboard_1', 'text': ''}, {'tag': 'iframe', 'src': None, 'aria_label': 'Advertisement', 'class': None, 'id': 'google_ads_iframe_/13474545/MaltaToday_Home_Subsection_Leaderboard_2', 'text': ''}, {'tag': 'iframe', 'src': None, 'aria_label': 'Advertisement', 'class': None, 'id': 'google_ads_iframe_/13474545/MaltaToday_Home_Subsection_Leaderboard_5', 'text': ''}]",10,1,10,0.00589622641509434,8,0,1,0,0,60,51,0.5714285714285714,1,1,0,0,0.011202830188679245,2,56,2,19.0,0,0,0,0,0,0,0,216,malta_today,home_page
246,119,25,18,5,2,4,84,10526,1619,24,8,"[{'tag': 'iframe', 'src': None, 'aria_label': 'Advertisement', 'class': None, 'id': 'google_ads_iframe_/13474545/MT_Homepage_Leaderboard_0', 'text': ''}, {'tag': 'iframe', 'src': None, 'aria_label': 'Advertisement', 'class': None, 'id': 'google_ads_iframe_/13474545/MaltaToday_Home_RectBanner_300x250_0', 'text': ''}, {'tag': 'iframe', 'src': None, 'aria_label': 'Advertisement', 'class': None, 'id': 'google_ads_iframe_/13474545/MaltaToday_Home2_RectBanner2_0', 'text': ''}, {'tag': 'iframe', 'src': None, 'aria_label': 'Advertisement', 'class': None, 'id': 'google_ads_iframe_/13474545/MaltaToday_Home_RectBanner_300x250_1', 'text': ''}, {'tag': 'iframe', 'src': None, 'aria_label': 'Advertisement', 'class': None, 'id': 'google_ads_iframe_/13474545/MaltaToday_Home_Subsection_Leaderboard_0', 'text': ''}, {'tag': 'iframe', 'src': None, 'aria_label': 'Advertisement', 'class': None, 'id': 'google_ads_iframe_/13474545/MaltaToday_Home_Subsection_Leaderboard_1', 'text': ''}, {'tag': 'iframe', 'src': None, 'aria_label': 'Advertisement', 'class': None, 'id': 'google_ads_iframe_/13474545/MaltaToday_Home_Subsection_Leaderboard_2', 'text': ''}, {'tag': 'iframe', 'src': None, 'aria_label': 'Advertisement', 'class': None, 'id': 'google_ads_iframe_/13474545/MaltaToday_Home_Subsection_Leaderboard_5', 'text': ''}]",10,1,10,0.00589622641509434,8,0,1,0,0,60,51,0.5714285714285714,1,1,0,0,0.011202830188679245,2,56,2,19.0,0,0,0,0,0,0,0,217,malta_today,home_page
246,119,25,18,5,2,4,84,10526,1619,24,8,"[{'tag': 'iframe', 'src': None, 'aria_label': 'Advertisement', 'class': None, 'id': 'google_ads_iframe_/13474545/MT_Homepage_Leaderboard_0', 'text': ''}, {'tag': 'iframe', 'src': None, 'aria_label': 'Advertisement', 'class': None, 'id': 'google_ads_iframe_/13474545/MaltaToday_Home_RectBanner_300x250_0', 'text': ''}, {'tag': 'iframe', 'src': None, 'aria_label': 'Advertisement', 'class': None, 'id': 'google_ads_iframe_/13474545/MaltaToday_Home2_RectBanner2_0', 'text': ''}, {'tag': 'iframe', 'src': None, 'aria_label': 'Advertisement', 'class': None, 'id': 'google_ads_iframe_/13474545/MaltaToday_Home_RectBanner_300x250_1', 'text': ''}, {'tag': 'iframe', 'src': None, 'aria_label': 'Advertisement', 'class': None, 'id': 'google_ads_iframe_/13474545/MaltaToday_Home_Subsection_Leaderboard_0', 'text': ''}, {'tag': 'iframe', 'src': None, 'aria_label': 'Advertisement', 'class': None, 'id': 'google_ads_iframe_/13474545/MaltaToday_Home_Subsection_Leaderboard_1', 'text': ''}, {'tag': 'iframe', 'src': None, 'aria_label': 'Advertisement', 'class': None, 'id': 'google_ads_iframe_/13474545/MaltaToday_Home_Subsection_Leaderboard_2', 'text': ''}, {'tag': 'iframe', 'src': None, 'aria_label': 'Advertisement', 'class': None, 'id': 'google_ads_iframe_/13474545/MaltaToday_Home_Subsection_Leaderboard_5', 'text': ''}]",10,1,10,0.00589622641509434,8,0,1,0,0,60,51,0.5714285714285714,1,1,0,0,0.011202830188679245,2,56,2,19.0,0,0,0,0,0,0,0,218,malta_today,home_page
246,119,25,18,5,2,4,84,10526,1619,24,8,"[{'tag': 'iframe', 'src': None, 'aria_label': 'Advertisement', 'class': None, 'id': 'google_ads_iframe_/13474545/MT_Homepage_Leaderboard_0', 'text': ''}, {'tag': 'iframe', 'src': None, 'aria_label': 'Advertisement', 'class': None, 'id': 'google_ads_iframe_/13474545/MaltaToday_Home_RectBanner_300x250_0', 'text': ''}, {'tag': 'iframe', 'src': None, 'aria_label': 'Advertisement', 'class': None, 'id': 'google_ads_iframe_/13474545/MaltaToday_Home2_RectBanner2_0', 'text': ''}, {'tag': 'iframe', 'src': None, 'aria_label': 'Advertisement', 'class': None, 'id': 'google_ads_iframe_/13474545/MaltaToday_Home_RectBanner_300x250_1', 'text': ''}, {'tag': 'iframe', 'src': None, 'aria_label': 'Advertisement', 'class': None, 'id': 'google_ads_iframe_/13474545/MaltaToday_Home_Subsection_Leaderboard_0', 'text': ''}, {'tag': 'iframe', 'src': None, 'aria_label': 'Advertisement', 'class': None, 'id': 'google_ads_iframe_/13474545/MaltaToday_Home_Subsection_Leaderboard_1', 'text': ''}, {'tag': 'iframe', 'src': None, 'aria_label': 'Advertisement', 'class': None, 'id': 'google_ads_iframe_/13474545/MaltaToday_Home_Subsection_Leaderboard_2', 'text': ''}, {'tag': 'iframe', 'src': None, 'aria_label': 'Advertisement', 'class': None, 'id': 'google_ads_iframe_/13474545/MaltaToday_Home_Subsection_Leaderboard_5', 'text': ''}]",10,1,10,0.00589622641509434,8,0,1,0,0,60,51,0.5714285714285714,1,1,0,0,0.011202830188679245,2,56,2,19.0,0,0,0,0,0,0,0,219,malta_today,home_page
246,119,25,18,5,2,4,84,10526,1619,24,8,"[{'tag': 'iframe', 'src': None, 'aria_label': 'Advertisement', 'class': None, 'id': 'google_ads_iframe_/13474545/MT_Homepage_Leaderboard_0', 'text': ''}, {'tag': 'iframe', 'src': None, 'aria_label': 'Advertisement', 'class': None, 'id': 'google_ads_iframe_/13474545/MaltaToday_Home_RectBanner_300x250_0', 'text': ''}, {'tag': 'iframe', 'src': None, 'aria_label': 'Advertisement', 'class': None, 'id': 'google_ads_iframe_/13474545/MaltaToday_Home2_RectBanner2_0', 'text': ''}, {'tag': 'iframe', 'src': None, 'aria_label': 'Advertisement', 'class': None, 'id': 'google_ads_iframe_/13474545/MaltaToday_Home_RectBanner_300x250_1', 'text': ''}, {'tag': 'iframe', 'src': None, 'aria_label': 'Advertisement', 'class': None, 'id': 'google_ads_iframe_/13474545/MaltaToday_Home_Subsection_Leaderboard_0', 'text': ''}, {'tag': 'iframe', 'src': None, 'aria_label': 'Advertisement', 'class': None, 'id': 'google_ads_iframe_/13474545/MaltaToday_Home_Subsection_Leaderboard_1', 'text': ''}, {'tag': 'iframe', 'src': None, 'aria_label': 'Advertisement', 'class': None, 'id': 'google_ads_iframe_/13474545/MaltaToday_Home_Subsection_Leaderboard_2', 'text': ''}, {'tag': 'iframe', 'src': None, 'aria_label': 'Advertisement', 'class': None, 'id': 'google_ads_iframe_/13474545/MaltaToday_Home_Subsection_Leaderboard_5', 'text': ''}]",10,1,10,0.00589622641509434,8,0,1,0,0,60,51,0.5714285714285714,1,1,0,0,0.011202830188679245,2,56,2,19.0,0,0,0,0,0,0,0,220,malta_today,home_page
246,119,25,18,5,2,4,84,10526,1619,24,8,"[{'tag': 'iframe', 'src': None, 'aria_label': 'Advertisement', 'class': None, 'id': 'google_ads_iframe_/13474545/MT_Homepage_Leaderboard_0', 'text': ''}, {'tag': 'iframe', 'src': None, 'aria_label': 'Advertisement', 'class': None, 'id': 'google_ads_iframe_/13474545/MaltaToday_Home_RectBanner_300x250_0', 'text': ''}, {'tag': 'iframe', 'src': None, 'aria_label': 'Advertisement', 'class': None, 'id': 'google_ads_iframe_/13474545/MaltaToday_Home2_RectBanner2_0', 'text': ''}, {'tag': 'iframe', 'src': None, 'aria_label': 'Advertisement', 'class': None, 'id': 'google_ads_iframe_/13474545/MaltaToday_Home_RectBanner_300x250_1', 'text': ''}, {'tag': 'iframe', 'src': None, 'aria_label': 'Advertisement', 'class': None, 'id': 'google_ads_iframe_/13474545/MaltaToday_Home_Subsection_Leaderboard_0', 'text': ''}, {'tag': 'iframe', 'src': None, 'aria_label': 'Advertisement', 'class': None, 'id': 'google_ads_iframe_/13474545/MaltaToday_Home_Subsection_Leaderboard_1', 'text': ''}, {'tag': 'iframe', 'src': None, 'aria_label': 'Advertisement', 'class': None, 'id': 'google_ads_iframe_/13474545/MaltaToday_Home_Subsection_Leaderboard_2', 'text': ''}, {'tag': 'iframe', 'src': None, 'aria_label': 'Advertisement', 'class': None, 'id': 'google_ads_iframe_/13474545/MaltaToday_Home_Subsection_Leaderboard_5', 'text': ''}]",10,1,10,0.00589622641509434,8,0,1,0,0,60,51,0.5714285714285714,1,1,0,0,0.011202830188679245,2,56,2,19.0,0,0,0,0,0,0,0,221,malta_today,home_page
246,119,25,18,5,2,4,84,10526,1619,24,8,"[{'tag': 'iframe', 'src': None, 'aria_label': 'Advertisement', 'class': None, 'id': 'google_ads_iframe_/13474545/MT_Homepage_Leaderboard_0', 'text': ''}, {'tag': 'iframe', 'src': None, 'aria_label': 'Advertisement', 'class': None, 'id': 'google_ads_iframe_/13474545/MaltaToday_Home_RectBanner_300x250_0', 'text': ''}, {'tag': 'iframe', 'src': None, 'aria_label': 'Advertisement', 'class': None, 'id': 'google_ads_iframe_/13474545/MaltaToday_Home2_RectBanner2_0', 'text': ''}, {'tag': 'iframe', 'src': None, 'aria_label': 'Advertisement', 'class': None, 'id': 'google_ads_iframe_/13474545/MaltaToday_Home_RectBanner_300x250_1', 'text': ''}, {'tag': 'iframe', 'src': None, 'aria_label': 'Advertisement', 'class': None, 'id': 'google_ads_iframe_/13474545/MaltaToday_Home_Subsection_Leaderboard_0', 'text': ''}, {'tag': 'iframe', 'src': None, 'aria_label': 'Advertisement', 'class': None, 'id': 'google_ads_iframe_/13474545/MaltaToday_Home_Subsection_Leaderboard_1', 'text': ''}, {'tag': 'iframe', 'src': None, 'aria_label': 'Advertisement', 'class': None, 'id': 'google_ads_iframe_/13474545/MaltaToday_Home_Subsection_Leaderboard_2', 'text': ''}, {'tag': 'iframe', 'src': None, 'aria_label': 'Advertisement', 'class': None, 'id': 'google_ads_iframe_/13474545/MaltaToday_Home_Subsection_Leaderboard_5', 'text': ''}]",10,1,10,0.00589622641509434,8,0,1,0,0,60,51,0.5714285714285714,1,1,0,0,0.011202830188679245,2,56,2,19.0,0,0,0,0,0,0,0,222,malta_today,home_page
246,119,25,18,5,2,4,84,10526,1619,24,8,"[{'tag': 'iframe', 'src': None, 'aria_label': 'Advertisement', 'class': None, 'id': 'google_ads_iframe_/13474545/MT_Homepage_Leaderboard_0', 'text': ''}, {'tag': 'iframe', 'src': None, 'aria_label': 'Advertisement', 'class': None, 'id': 'google_ads_iframe_/13474545/MaltaToday_Home_RectBanner_300x250_0', 'text': ''}, {'tag': 'iframe', 'src': None, 'aria_label': 'Advertisement', 'class': None, 'id': 'google_ads_iframe_/13474545/MaltaToday_Home2_RectBanner2_0', 'text': ''}, {'tag': 'iframe', 'src': None, 'aria_label': 'Advertisement', 'class': None, 'id': 'google_ads_iframe_/13474545/MaltaToday_Home_RectBanner_300x250_1', 'text': ''}, {'tag': 'iframe', 'src': None, 'aria_label': 'Advertisement', 'class': None, 'id': 'google_ads_iframe_/13474545/MaltaToday_Home_Subsection_Leaderboard_0', 'text': ''}, {'tag': 'iframe', 'src': None, 'aria_label': 'Advertisement', 'class': None, 'id': 'google_ads_iframe_/13474545/MaltaToday_Home_Subsection_Leaderboard_1', 'text': ''}, {'tag': 'iframe', 'src': None, 'aria_label': 'Advertisement', 'class': None, 'id': 'google_ads_iframe_/13474545/MaltaToday_Home_Subsection_Leaderboard_2', 'text': ''}, {'tag': 'iframe', 'src': None, 'aria_label': 'Advertisement', 'class': None, 'id': 'google_ads_iframe_/13474545/MaltaToday_Home_Subsection_Leaderboard_5', 'text': ''}]",10,1,10,0.00589622641509434,8,0,1,0,0,60,51,0.5714285714285714,1,1,0,0,0.011202830188679245,2,56,2,19.0,0,0,0,0,0,0,0,223,malta_today,home_page
246,119,25,18,5,2,4,84,10526,1619,24,8,"[{'tag': 'iframe', 'src': None, 'aria_label': 'Advertisement', 'class': None, 'id': 'google_ads_iframe_/13474545/MT_Homepage_Leaderboard_0', 'text': ''}, {'tag': 'iframe', 'src': None, 'aria_label': 'Advertisement', 'class': None, 'id': 'google_ads_iframe_/13474545/MaltaToday_Home_RectBanner_300x250_0', 'text': ''}, {'tag': 'iframe', 'src': None, 'aria_label': 'Advertisement', 'class': None, 'id': 'google_ads_iframe_/13474545/MaltaToday_Home2_RectBanner2_0', 'text': ''}, {'tag': 'iframe', 'src': None, 'aria_label': 'Advertisement', 'class': None, 'id': 'google_ads_iframe_/13474545/MaltaToday_Home_RectBanner_300x250_1', 'text': ''}, {'tag': 'iframe', 'src': None, 'aria_label': 'Advertisement', 'class': None, 'id': 'google_ads_iframe_/13474545/MaltaToday_Home_Subsection_Leaderboard_0', 'text': ''}, {'tag': 'iframe', 'src': None, 'aria_label': 'Advertisement', 'class': None, 'id': 'google_ads_iframe_/13474545/MaltaToday_Home_Subsection_Leaderboard_1', 'text': ''}, {'tag': 'iframe', 'src': None, 'aria_label': 'Advertisement', 'class': None, 'id': 'google_ads_iframe_/13474545/MaltaToday_Home_Subsection_Leaderboard_2', 'text': ''}, {'tag': 'iframe', 'src': None, 'aria_label': 'Advertisement', 'class': None, 'id': 'google_ads_iframe_/13474545/MaltaToday_Home_Subsection_Leaderboard_5', 'text': ''}]",10,1,10,0.00589622641509434,8,0,1,0,0,60,51,0.5714285714285714,1,1,0,0,0.011202830188679245,2,56,2,19.0,0,0,0,0,0,0,0,224,malta_today,home_page
246,119,25,18,5,2,4,84,10526,1619,24,8,"[{'tag': 'iframe', 'src': None, 'aria_label': 'Advertisement', 'class': None, 'id': 'google_ads_iframe_/13474545/MT_Homepage_Leaderboard_0', 'text': ''}, {'tag': 'iframe', 'src': None, 'aria_label': 'Advertisement', 'class': None, 'id': 'google_ads_iframe_/13474545/MaltaToday_Home_RectBanner_300x250_0', 'text': ''}, {'tag': 'iframe', 'src': None, 'aria_label': 'Advertisement', 'class': None, 'id': 'google_ads_iframe_/13474545/MaltaToday_Home2_RectBanner2_0', 'text': ''}, {'tag': 'iframe', 'src': None, 'aria_label': 'Advertisement', 'class': None, 'id': 'google_ads_iframe_/13474545/MaltaToday_Home_RectBanner_300x250_1', 'text': ''}, {'tag': 'iframe', 'src': None, 'aria_label': 'Advertisement', 'class': None, 'id': 'google_ads_iframe_/13474545/MaltaToday_Home_Subsection_Leaderboard_0', 'text': ''}, {'tag': 'iframe', 'src': None, 'aria_label': 'Advertisement', 'class': None, 'id': 'google_ads_iframe_/13474545/MaltaToday_Home_Subsection_Leaderboard_1', 'text': ''}, {'tag': 'iframe', 'src': None, 'aria_label': 'Advertisement', 'class': None, 'id': 'google_ads_iframe_/13474545/MaltaToday_Home_Subsection_Leaderboard_2', 'text': ''}, {'tag': 'iframe', 'src': None, 'aria_label': 'Advertisement', 'class': None, 'id': 'google_ads_iframe_/13474545/MaltaToday_Home_Subsection_Leaderboard_5', 'text': ''}]",10,1,10,0.00589622641509434,8,0,1,0,0,60,51,0.5714285714285714,1,1,0,0,0.011202830188679245,2,56,2,19.0,0,0,0,0,0,0,0,225,malta_today,home_page
246,119,25,18,5,2,4,84,10526,1619,24,8,"[{'tag': 'iframe', 'src': None, 'aria_label': 'Advertisement', 'class': None, 'id': 'google_ads_iframe_/13474545/MT_Homepage_Leaderboard_0', 'text': ''}, {'tag': 'iframe', 'src': None, 'aria_label': 'Advertisement', 'class': None, 'id': 'google_ads_iframe_/13474545/MaltaToday_Home_RectBanner_300x250_0', 'text': ''}, {'tag': 'iframe', 'src': None, 'aria_label': 'Advertisement', 'class': None, 'id': 'google_ads_iframe_/13474545/MaltaToday_Home2_RectBanner2_0', 'text': ''}, {'tag': 'iframe', 'src': None, 'aria_label': 'Advertisement', 'class': None, 'id': 'google_ads_iframe_/13474545/MaltaToday_Home_RectBanner_300x250_1', 'text': ''}, {'tag': 'iframe', 'src': None, 'aria_label': 'Advertisement', 'class': None, 'id': 'google_ads_iframe_/13474545/MaltaToday_Home_Subsection_Leaderboard_0', 'text': ''}, {'tag': 'iframe', 'src': None, 'aria_label': 'Advertisement', 'class': None, 'id': 'google_ads_iframe_/13474545/MaltaToday_Home_Subsection_Leaderboard_1', 'text': ''}, {'tag': 'iframe', 'src': None, 'aria_label': 'Advertisement', 'class': None, 'id': 'google_ads_iframe_/13474545/MaltaToday_Home_Subsection_Leaderboard_2', 'text': ''}, {'tag': 'iframe', 'src': None, 'aria_label': 'Advertisement', 'class': None, 'id': 'google_ads_iframe_/13474545/MaltaToday_Home_Subsection_Leaderboard_5', 'text': ''}]",10,1,10,0.00589622641509434,8,0,1,0,0,60,51,0.5714285714285714,1,1,0,0,0.011202830188679245,2,56,2,19.0,0,0,0,0,0,0,0,226,malta_today,home_page
246,119,25,18,5,2,4,84,10526,1619,24,8,"[{'tag': 'iframe', 'src': None, 'aria_label': 'Advertisement', 'class': None, 'id': 'google_ads_iframe_/13474545/MT_Homepage_Leaderboard_0', 'text': ''}, {'tag': 'iframe', 'src': None, 'aria_label': 'Advertisement', 'class': None, 'id': 'google_ads_iframe_/13474545/MaltaToday_Home_RectBanner_300x250_0', 'text': ''}, {'tag': 'iframe', 'src': None, 'aria_label': 'Advertisement', 'class': None, 'id': 'google_ads_iframe_/13474545/MaltaToday_Home2_RectBanner2_0', 'text': ''}, {'tag': 'iframe', 'src': None, 'aria_label': 'Advertisement', 'class': None, 'id': 'google_ads_iframe_/13474545/MaltaToday_Home_RectBanner_300x250_1', 'text': ''}, {'tag': 'iframe', 'src': None, 'aria_label': 'Advertisement', 'class': None, 'id': 'google_ads_iframe_/13474545/MaltaToday_Home_Subsection_Leaderboard_0', 'text': ''}, {'tag': 'iframe', 'src': None, 'aria_label': 'Advertisement', 'class': None, 'id': 'google_ads_iframe_/13474545/MaltaToday_Home_Subsection_Leaderboard_1', 'text': ''}, {'tag': 'iframe', 'src': None, 'aria_label': 'Advertisement', 'class': None, 'id': 'google_ads_iframe_/13474545/MaltaToday_Home_Subsection_Leaderboard_2', 'text': ''}, {'tag': 'iframe', 'src': None, 'aria_label': 'Advertisement', 'class': None, 'id': 'google_ads_iframe_/13474545/MaltaToday_Home_Subsection_Leaderboard_5', 'text': ''}]",10,1,10,0.00589622641509434,8,0,1,0,0,60,51,0.5714285714285714,1,1,0,0,0.011202830188679245,2,56,2,19.0,0,0,0,0,0,0,0,227,malta_today,home_page
246,119,25,18,5,2,4,84,10526,1619,24,8,"[{'tag': 'iframe', 'src': None, 'aria_label': 'Advertisement', 'class': None, 'id': 'google_ads_iframe_/13474545/MT_Homepage_Leaderboard_0', 'text': ''}, {'tag': 'iframe', 'src': None, 'aria_label': 'Advertisement', 'class': None, 'id': 'google_ads_iframe_/13474545/MaltaToday_Home_RectBanner_300x250_0', 'text': ''}, {'tag': 'iframe', 'src': None, 'aria_label': 'Advertisement', 'class': None, 'id': 'google_ads_iframe_/13474545/MaltaToday_Home2_RectBanner2_0', 'text': ''}, {'tag': 'iframe', 'src': None, 'aria_label': 'Advertisement', 'class': None, 'id': 'google_ads_iframe_/13474545/MaltaToday_Home_RectBanner_300x250_1', 'text': ''}, {'tag': 'iframe', 'src': None, 'aria_label': 'Advertisement', 'class': None, 'id': 'google_ads_iframe_/13474545/MaltaToday_Home_Subsection_Leaderboard_0', 'text': ''}, {'tag': 'iframe', 'src': None, 'aria_label': 'Advertisement', 'class': None, 'id': 'google_ads_iframe_/13474545/MaltaToday_Home_Subsection_Leaderboard_1', 'text': ''}, {'tag': 'iframe', 'src': None, 'aria_label': 'Advertisement', 'class': None, 'id': 'google_ads_iframe_/13474545/MaltaToday_Home_Subsection_Leaderboard_2', 'text': ''}, {'tag': 'iframe', 'src': None, 'aria_label': 'Advertisement', 'class': None, 'id': 'google_ads_iframe_/13474545/MaltaToday_Home_Subsection_Leaderboard_5', 'text': ''}]",10,1,10,0.00589622641509434,8,0,1,0,0,60,51,0.5714285714285714,1,1,0,0,0.011202830188679245,2,56,2,19.0,0,0,0,0,0,0,0,228,malta_today,home_page
246,119,25,18,5,2,4,84,10526,1619,24,8,"[{'tag': 'iframe', 'src': None, 'aria_label': 'Advertisement', 'class': None, 'id': 'google_ads_iframe_/13474545/MT_Homepage_Leaderboard_0', 'text': ''}, {'tag': 'iframe', 'src': None, 'aria_label': 'Advertisement', 'class': None, 'id': 'google_ads_iframe_/13474545/MaltaToday_Home_RectBanner_300x250_0', 'text': ''}, {'tag': 'iframe', 'src': None, 'aria_label': 'Advertisement', 'class': None, 'id': 'google_ads_iframe_/13474545/MaltaToday_Home2_RectBanner2_0', 'text': ''}, {'tag': 'iframe', 'src': None, 'aria_label': 'Advertisement', 'class': None, 'id': 'google_ads_iframe_/13474545/MaltaToday_Home_RectBanner_300x250_1', 'text': ''}, {'tag': 'iframe', 'src': None, 'aria_label': 'Advertisement', 'class': None, 'id': 'google_ads_iframe_/13474545/MaltaToday_Home_Subsection_Leaderboard_0', 'text': ''}, {'tag': 'iframe', 'src': None, 'aria_label': 'Advertisement', 'class': None, 'id': 'google_ads_iframe_/13474545/MaltaToday_Home_Subsection_Leaderboard_1', 'text': ''}, {'tag': 'iframe', 'src': None, 'aria_label': 'Advertisement', 'class': None, 'id': 'google_ads_iframe_/13474545/MaltaToday_Home_Subsection_Leaderboard_2', 'text': ''}, {'tag': 'iframe', 'src': None, 'aria_label': 'Advertisement', 'class': None, 'id': 'google_ads_iframe_/13474545/MaltaToday_Home_Subsection_Leaderboard_5', 'text': ''}]",10,1,10,0.00589622641509434,8,0,1,0,0,60,51,0.5714285714285714,1,1,0,0,0.011202830188679245,2,56,2,19.0,0,0,0,0,0,0,0,229,malta_today,home_page
246,119,25,18,5,2,4,84,10526,1619,24,8,"[{'tag': 'iframe', 'src': None, 'aria_label': 'Advertisement', 'class': None, 'id': 'google_ads_iframe_/13474545/MT_Homepage_Leaderboard_0', 'text': ''}, {'tag': 'iframe', 'src': None, 'aria_label': 'Advertisement', 'class': None, 'id': 'google_ads_iframe_/13474545/MaltaToday_Home_RectBanner_300x250_0', 'text': ''}, {'tag': 'iframe', 'src': None, 'aria_label': 'Advertisement', 'class': None, 'id': 'google_ads_iframe_/13474545/MaltaToday_Home2_RectBanner2_0', 'text': ''}, {'tag': 'iframe', 'src': None, 'aria_label': 'Advertisement', 'class': None, 'id': 'google_ads_iframe_/13474545/MaltaToday_Home_RectBanner_300x250_1', 'text': ''}, {'tag': 'iframe', 'src': None, 'aria_label': 'Advertisement', 'class': None, 'id': 'google_ads_iframe_/13474545/MaltaToday_Home_Subsection_Leaderboard_0', 'text': ''}, {'tag': 'iframe', 'src': None, 'aria_label': 'Advertisement', 'class': None, 'id': 'google_ads_iframe_/13474545/MaltaToday_Home_Subsection_Leaderboard_1', 'text': ''}, {'tag': 'iframe', 'src': None, 'aria_label': 'Advertisement', 'class': None, 'id': 'google_ads_iframe_/13474545/MaltaToday_Home_Subsection_Leaderboard_2', 'text': ''}, {'tag': 'iframe', 'src': None, 'aria_label': 'Advertisement', 'class': None, 'id': 'google_ads_iframe_/13474545/MaltaToday_Home_Subsection_Leaderboard_5', 'text': ''}]",10,1,10,0.00589622641509434,8,0,1,0,0,60,51,0.5714285714285714,1,1,0,0,0.011202830188679245,2,56,2,19.0,0,0,0,0,0,0,0,230,malta_today,home_page
246,119,25,18,5,2,4,84,10526,1619,24,8,"[{'tag': 'iframe', 'src': None, 'aria_label': 'Advertisement', 'class': None, 'id': 'google_ads_iframe_/13474545/MT_Homepage_Leaderboard_0', 'text': ''}, {'tag': 'iframe', 'src': None, 'aria_label': 'Advertisement', 'class': None, 'id': 'google_ads_iframe_/13474545/MaltaToday_Home_RectBanner_300x250_0', 'text': ''}, {'tag': 'iframe', 'src': None, 'aria_label': 'Advertisement', 'class': None, 'id': 'google_ads_iframe_/13474545/MaltaToday_Home2_RectBanner2_0', 'text': ''}, {'tag': 'iframe', 'src': None, 'aria_label': 'Advertisement', 'class': None, 'id': 'google_ads_iframe_/13474545/MaltaToday_Home_RectBanner_300x250_1', 'text': ''}, {'tag': 'iframe', 'src': None, 'aria_label': 'Advertisement', 'class': None, 'id': 'google_ads_iframe_/13474545/MaltaToday_Home_Subsection_Leaderboard_0', 'text': ''}, {'tag': 'iframe', 'src': None, 'aria_label': 'Advertisement', 'class': None, 'id': 'google_ads_iframe_/13474545/MaltaToday_Home_Subsection_Leaderboard_1', 'text': ''}, {'tag': 'iframe', 'src': None, 'aria_label': 'Advertisement', 'class': None, 'id': 'google_ads_iframe_/13474545/MaltaToday_Home_Subsection_Leaderboard_2', 'text': ''}, {'tag': 'iframe', 'src': None, 'aria_label': 'Advertisement', 'class': None, 'id': 'google_ads_iframe_/13474545/MaltaToday_Home_Subsection_Leaderboard_5', 'text': ''}]",10,1,10,0.00589622641509434,8,0,1,0,0,60,51,0.5714285714285714,1,1,0,0,0.011202830188679245,2,56,2,19.0,0,0,0,0,0,0,0,231,malta_today,home_page
246,119,25,18,5,2,4,84,10526,1619,24,8,"[{'tag': 'iframe', 'src': None, 'aria_label': 'Advertisement', 'class': None, 'id': 'google_ads_iframe_/13474545/MT_Homepage_Leaderboard_0', 'text': ''}, {'tag': 'iframe', 'src': None, 'aria_label': 'Advertisement', 'class': None, 'id': 'google_ads_iframe_/13474545/MaltaToday_Home_RectBanner_300x250_0', 'text': ''}, {'tag': 'iframe', 'src': None, 'aria_label': 'Advertisement', 'class': None, 'id': 'google_ads_iframe_/13474545/MaltaToday_Home2_RectBanner2_0', 'text': ''}, {'tag': 'iframe', 'src': None, 'aria_label': 'Advertisement', 'class': None, 'id': 'google_ads_iframe_/13474545/MaltaToday_Home_RectBanner_300x250_1', 'text': ''}, {'tag': 'iframe', 'src': None, 'aria_label': 'Advertisement', 'class': None, 'id': 'google_ads_iframe_/13474545/MaltaToday_Home_Subsection_Leaderboard_0', 'text': ''}, {'tag': 'iframe', 'src': None, 'aria_label': 'Advertisement', 'class': None, 'id': 'google_ads_iframe_/13474545/MaltaToday_Home_Subsection_Leaderboard_1', 'text': ''}, {'tag': 'iframe', 'src': None, 'aria_label': 'Advertisement', 'class': None, 'id': 'google_ads_iframe_/13474545/MaltaToday_Home_Subsection_Leaderboard_2', 'text': ''}, {'tag': 'iframe', 'src': None, 'aria_label': 'Advertisement', 'class': None, 'id': 'google_ads_iframe_/13474545/MaltaToday_Home_Subsection_Leaderboard_5', 'text': ''}]",10,1,10,0.00589622641509434,8,0,1,0,0,60,51,0.5714285714285714,1,1,0,0,0.011202830188679245,2,56,2,19.0,0,0,0,0,0,0,0,232,malta_today,home_page
246,119,25,18,5,2,4,84,10526,1619,24,8,"[{'tag': 'iframe', 'src': None, 'aria_label': 'Advertisement', 'class': None, 'id': 'google_ads_iframe_/13474545/MT_Homepage_Leaderboard_0', 'text': ''}, {'tag': 'iframe', 'src': None, 'aria_label': 'Advertisement', 'class': None, 'id': 'google_ads_iframe_/13474545/MaltaToday_Home_RectBanner_300x250_0', 'text': ''}, {'tag': 'iframe', 'src': None, 'aria_label': 'Advertisement', 'class': None, 'id': 'google_ads_iframe_/13474545/MaltaToday_Home2_RectBanner2_0', 'text': ''}, {'tag': 'iframe', 'src': None, 'aria_label': 'Advertisement', 'class': None, 'id': 'google_ads_iframe_/13474545/MaltaToday_Home_RectBanner_300x250_1', 'text': ''}, {'tag': 'iframe', 'src': None, 'aria_label': 'Advertisement', 'class': None, 'id': 'google_ads_iframe_/13474545/MaltaToday_Home_Subsection_Leaderboard_0', 'text': ''}, {'tag': 'iframe', 'src': None, 'aria_label': 'Advertisement', 'class': None, 'id': 'google_ads_iframe_/13474545/MaltaToday_Home_Subsection_Leaderboard_1', 'text': ''}, {'tag': 'iframe', 'src': None, 'aria_label': 'Advertisement', 'class': None, 'id': 'google_ads_iframe_/13474545/MaltaToday_Home_Subsection_Leaderboard_2', 'text': ''}, {'tag': 'iframe', 'src': None, 'aria_label': 'Advertisement', 'class': None, 'id': 'google_ads_iframe_/13474545/MaltaToday_Home_Subsection_Leaderboard_5', 'text': ''}]",10,1,10,0.00589622641509434,8,0,1,0,0,60,51,0.5714285714285714,1,1,0,0,0.011202830188679245,2,56,2,19.0,0,0,0,0,0,0,0,233,malta_today,home_page
180,49,25,12,3,2,36,26,8807,1334,24,4,"[{'tag': 'iframe', 'src': None, 'aria_label': 'Advertisement', 'class': None, 'id': 'google_ads_iframe_/13474545/MaltaToday_News_Leaderboard_728x90_0', 'text': ''}, {'tag': 'iframe', 'src': None, 'aria_label': 'Advertisement', 'class': None, 'id': 'google_ads_iframe_/13474545/MaltaToday_News_RectBanner_300x250_0', 'text': ''}, {'tag': 'iframe', 'src': None, 'aria_label': 'Advertisement', 'class': None, 'id': 'google_ads_iframe_/13474545/MaltaToday_News_Leaderboard2_0', 'text': ''}, {'tag': 'iframe', 'src': None, 'aria_label': 'Advertisement', 'class': None, 'id': 'google_ads_iframe_/13474545/MaltaToday_News_Leaderboard2_1', 'text': ''}]",8,1,6,0.006557377049180328,4,0,1,0,0,35,26,0.46938775510204084,0,0,0,0,0.008743169398907104,2,31,2,14.583333333333334,0,0,0,0,0,0,0,234,malta_today,news_listing
180,49,25,12,3,2,36,26,8807,1334,24,4,"[{'tag': 'iframe', 'src': None, 'aria_label': 'Advertisement', 'class': None, 'id': 'google_ads_iframe_/13474545/MaltaToday_News_Leaderboard_728x90_0', 'text': ''}, {'tag': 'iframe', 'src': None, 'aria_label': 'Advertisement', 'class': None, 'id': 'google_ads_iframe_/13474545/MaltaToday_News_RectBanner_300x250_0', 'text': ''}, {'tag': 'iframe', 'src': None, 'aria_label': 'Advertisement', 'class': None, 'id': 'google_ads_iframe_/13474545/MaltaToday_News_Leaderboard2_0', 'text': ''}, {'tag': 'iframe', 'src': None, 'aria_label': 'Advertisement', 'class': None, 'id': 'google_ads_iframe_/13474545/MaltaToday_News_Leaderboard2_1', 'text': ''}]",8,1,6,0.006557377049180328,4,0,1,0,0,35,26,0.46938775510204084,0,0,0,0,0.008743169398907104,2,31,2,14.583333333333334,0,0,0,0,0,0,0,235,malta_today,news_listing
180,49,25,12,3,2,36,26,8807,1334,24,4,"[{'tag': 'iframe', 'src': None, 'aria_label': 'Advertisement', 'class': None, 'id': 'google_ads_iframe_/13474545/MaltaToday_News_Leaderboard_728x90_0', 'text': ''}, {'tag': 'iframe', 'src': None, 'aria_label': 'Advertisement', 'class': None, 'id': 'google_ads_iframe_/13474545/MaltaToday_News_RectBanner_300x250_0', 'text': ''}, {'tag': 'iframe', 'src': None, 'aria_label': 'Advertisement', 'class': None, 'id': 'google_ads_iframe_/13474545/MaltaToday_News_Leaderboard2_0', 'text': ''}, {'tag': 'iframe', 'src': None, 'aria_label': 'Advertisement', 'class': None, 'id': 'google_ads_iframe_/13474545/MaltaToday_News_Leaderboard2_1', 'text': ''}]",8,1,6,0.006557377049180328,4,0,1,0,0,35,26,0.46938775510204084,0,0,0,0,0.008743169398907104,2,31,2,14.583333333333334,0,0,0,0,0,0,0,236,malta_today,news_listing
180,49,25,12,3,2,36,26,8807,1334,24,4,"[{'tag': 'iframe', 'src': None, 'aria_label': 'Advertisement', 'class': None, 'id': 'google_ads_iframe_/13474545/MaltaToday_News_Leaderboard_728x90_0', 'text': ''}, {'tag': 'iframe', 'src': None, 'aria_label': 'Advertisement', 'class': None, 'id': 'google_ads_iframe_/13474545/MaltaToday_News_RectBanner_300x250_0', 'text': ''}, {'tag': 'iframe', 'src': None, 'aria_label': 'Advertisement', 'class': None, 'id': 'google_ads_iframe_/13474545/MaltaToday_News_Leaderboard2_0', 'text': ''}, {'tag': 'iframe', 'src': None, 'aria_label': 'Advertisement', 'class': None, 'id': 'google_ads_iframe_/13474545/MaltaToday_News_Leaderboard2_1', 'text': ''}]",8,1,6,0.006557377049180328,4,0,1,0,0,35,26,0.46938775510204084,0,0,0,0,0.008743169398907104,2,31,2,14.583333333333334,0,0,0,0,0,0,0,237,malta_today,news_listing
180,49,25,12,3,2,36,26,8807,1334,24,4,"[{'tag': 'iframe', 'src': None, 'aria_label': 'Advertisement', 'class': None, 'id': 'google_ads_iframe_/13474545/MaltaToday_News_Leaderboard_728x90_0', 'text': ''}, {'tag': 'iframe', 'src': None, 'aria_label': 'Advertisement', 'class': None, 'id': 'google_ads_iframe_/13474545/MaltaToday_News_RectBanner_300x250_0', 'text': ''}, {'tag': 'iframe', 'src': None, 'aria_label': 'Advertisement', 'class': None, 'id': 'google_ads_iframe_/13474545/MaltaToday_News_Leaderboard2_0', 'text': ''}, {'tag': 'iframe', 'src': None, 'aria_label': 'Advertisement', 'class': None, 'id': 'google_ads_iframe_/13474545/MaltaToday_News_Leaderboard2_1', 'text': ''}]",8,1,6,0.006557377049180328,4,0,1,0,0,35,26,0.46938775510204084,0,0,0,0,0.008743169398907104,2,31,2,14.583333333333334,0,0,0,0,0,0,0,238,malta_today,news_listing
180,49,25,12,3,2,36,26,8807,1334,24,4,"[{'tag': 'iframe', 'src': None, 'aria_label': 'Advertisement', 'class': None, 'id': 'google_ads_iframe_/13474545/MaltaToday_News_Leaderboard_728x90_0', 'text': ''}, {'tag': 'iframe', 'src': None, 'aria_label': 'Advertisement', 'class': None, 'id': 'google_ads_iframe_/13474545/MaltaToday_News_RectBanner_300x250_0', 'text': ''}, {'tag': 'iframe', 'src': None, 'aria_label': 'Advertisement', 'class': None, 'id': 'google_ads_iframe_/13474545/MaltaToday_News_Leaderboard2_0', 'text': ''}, {'tag': 'iframe', 'src': None, 'aria_label': 'Advertisement', 'class': None, 'id': 'google_ads_iframe_/13474545/MaltaToday_News_Leaderboard2_1', 'text': ''}]",8,1,6,0.006557377049180328,4,0,1,0,0,35,26,0.46938775510204084,0,0,0,0,0.008743169398907104,2,31,2,14.583333333333334,0,0,0,0,0,0,0,239,malta_today,news_listing
180,49,25,12,3,2,36,26,8807,1334,24,4,"[{'tag': 'iframe', 'src': None, 'aria_label': 'Advertisement', 'class': None, 'id': 'google_ads_iframe_/13474545/MaltaToday_News_Leaderboard_728x90_0', 'text': ''}, {'tag': 'iframe', 'src': None, 'aria_label': 'Advertisement', 'class': None, 'id': 'google_ads_iframe_/13474545/MaltaToday_News_RectBanner_300x250_0', 'text': ''}, {'tag': 'iframe', 'src': None, 'aria_label': 'Advertisement', 'class': None, 'id': 'google_ads_iframe_/13474545/MaltaToday_News_Leaderboard2_0', 'text': ''}, {'tag': 'iframe', 'src': None, 'aria_label': 'Advertisement', 'class': None, 'id': 'google_ads_iframe_/13474545/MaltaToday_News_Leaderboard2_1', 'text': ''}]",8,1,6,0.006557377049180328,4,0,1,0,0,35,26,0.46938775510204084,0,0,0,0,0.008743169398907104,2,31,2,14.583333333333334,0,0,0,0,0,0,0,240,malta_today,news_listing
180,49,25,12,3,2,36,26,8807,1334,24,4,"[{'tag': 'iframe', 'src': None, 'aria_label': 'Advertisement', 'class': None, 'id': 'google_ads_iframe_/13474545/MaltaToday_News_Leaderboard_728x90_0', 'text': ''}, {'tag': 'iframe', 'src': None, 'aria_label': 'Advertisement', 'class': None, 'id': 'google_ads_iframe_/13474545/MaltaToday_News_RectBanner_300x250_0', 'text': ''}, {'tag': 'iframe', 'src': None, 'aria_label': 'Advertisement', 'class': None, 'id': 'google_ads_iframe_/13474545/MaltaToday_News_Leaderboard2_0', 'text': ''}, {'tag': 'iframe', 'src': None, 'aria_label': 'Advertisement', 'class': None, 'id': 'google_ads_iframe_/13474545/MaltaToday_News_Leaderboard2_1', 'text': ''}]",8,1,6,0.006557377049180328,4,0,1,0,0,35,26,0.46938775510204084,0,0,0,0,0.008743169398907104,2,31,2,14.583333333333334,0,0,0,0,0,0,0,241,malta_today,news_listing
180,49,25,12,3,2,36,26,8807,1334,24,4,"[{'tag': 'iframe', 'src': None, 'aria_label': 'Advertisement', 'class': None, 'id': 'google_ads_iframe_/13474545/MaltaToday_News_Leaderboard_728x90_0', 'text': ''}, {'tag': 'iframe', 'src': None, 'aria_label': 'Advertisement', 'class': None, 'id': 'google_ads_iframe_/13474545/MaltaToday_News_RectBanner_300x250_0', 'text': ''}, {'tag': 'iframe', 'src': None, 'aria_label': 'Advertisement', 'class': None, 'id': 'google_ads_iframe_/13474545/MaltaToday_News_Leaderboard2_0', 'text': ''}, {'tag': 'iframe', 'src': None, 'aria_label': 'Advertisement', 'class': None, 'id': 'google_ads_iframe_/13474545/MaltaToday_News_Leaderboard2_1', 'text': ''}]",8,1,6,0.006557377049180328,4,0,1,0,0,35,26,0.46938775510204084,0,0,0,0,0.008743169398907104,2,31,2,14.583333333333334,0,0,0,0,0,0,0,242,malta_today,news_listing
180,49,25,12,3,2,36,26,8807,1334,24,4,"[{'tag': 'iframe', 'src': None, 'aria_label': 'Advertisement', 'class': None, 'id': 'google_ads_iframe_/13474545/MaltaToday_News_Leaderboard_728x90_0', 'text': ''}, {'tag': 'iframe', 'src': None, 'aria_label': 'Advertisement', 'class': None, 'id': 'google_ads_iframe_/13474545/MaltaToday_News_RectBanner_300x250_0', 'text': ''}, {'tag': 'iframe', 'src': None, 'aria_label': 'Advertisement', 'class': None, 'id': 'google_ads_iframe_/13474545/MaltaToday_News_Leaderboard2_0', 'text': ''}, {'tag': 'iframe', 'src': None, 'aria_label': 'Advertisement', 'class': None, 'id': 'google_ads_iframe_/13474545/MaltaToday_News_Leaderboard2_1', 'text': ''}]",8,1,6,0.006557377049180328,4,0,1,0,0,35,26,0.46938775510204084,0,0,0,0,0.008743169398907104,2,31,2,14.583333333333334,0,0,0,0,0,0,0,243,malta_today,news_listing
181,48,26,12,2,2,36,26,8432,1245,24,4,"[{'tag': 'iframe', 'src': None, 'aria_label': 'Advertisement', 'class': None, 'id': 'google_ads_iframe_/13474545/MaltaToday_News_Leaderboard_728x90_0', 'text': ''}, {'tag': 'iframe', 'src': None, 'aria_label': 'Advertisement', 'class': None, 'id': 'google_ads_iframe_/13474545/MaltaToday_News_RectBanner_300x250_0', 'text': ''}, {'tag': 'iframe', 'src': None, 'aria_label': 'Advertisement', 'class': None, 'id': 'google_ads_iframe_/13474545/MaltaToday_News_Leaderboard2_1', 'text': ''}, {'tag': 'iframe', 'src': None, 'aria_label': 'Advertisement', 'class': None, 'id': 'google_ads_iframe_/13474545/MaltaToday_News_Leaderboard2_2', 'text': ''}]",8,1,6,0.006615214994487321,4,0,1,0,0,35,26,0.4583333333333333,0,0,0,0,0.008820286659316428,1,32,2,12.61111111111111,0,0,0,0,0,0,0,244,malta_today,news_listing
181,48,26,12,2,2,36,26,8432,1245,24,4,"[{'tag': 'iframe', 'src': None, 'aria_label': 'Advertisement', 'class': None, 'id': 'google_ads_iframe_/13474545/MaltaToday_News_Leaderboard_728x90_0', 'text': ''}, {'tag': 'iframe', 'src': None, 'aria_label': 'Advertisement', 'class': None, 'id': 'google_ads_iframe_/13474545/MaltaToday_News_RectBanner_300x250_0', 'text': ''}, {'tag': 'iframe', 'src': None, 'aria_label': 'Advertisement', 'class': None, 'id': 'google_ads_iframe_/13474545/MaltaToday_News_Leaderboard2_1', 'text': ''}, {'tag': 'iframe', 'src': None, 'aria_label': 'Advertisement', 'class': None, 'id': 'google_ads_iframe_/13474545/MaltaToday_News_Leaderboard2_2', 'text': ''}]",8,1,6,0.006615214994487321,4,0,1,0,0,35,26,0.4583333333333333,0,0,0,0,0.008820286659316428,1,32,2,12.61111111111111,0,0,0,0,0,0,0,245,malta_today,news_listing
181,48,26,12,2,2,36,26,8432,1245,24,4,"[{'tag': 'iframe', 'src': None, 'aria_label': 'Advertisement', 'class': None, 'id': 'google_ads_iframe_/13474545/MaltaToday_News_Leaderboard_728x90_0', 'text': ''}, {'tag': 'iframe', 'src': None, 'aria_label': 'Advertisement', 'class': None, 'id': 'google_ads_iframe_/13474545/MaltaToday_News_RectBanner_300x250_0', 'text': ''}, {'tag': 'iframe', 'src': None, 'aria_label': 'Advertisement', 'class': None, 'id': 'google_ads_iframe_/13474545/MaltaToday_News_Leaderboard2_1', 'text': ''}, {'tag': 'iframe', 'src': None, 'aria_label': 'Advertisement', 'class': None, 'id': 'google_ads_iframe_/13474545/MaltaToday_News_Leaderboard2_2', 'text': ''}]",8,1,6,0.006615214994487321,4,0,1,0,0,35,26,0.4583333333333333,0,0,0,0,0.008820286659316428,1,32,2,12.61111111111111,0,0,0,0,0,0,0,246,malta_today,news_listing
181,48,26,12,2,2,36,26,8432,1245,24,4,"[{'tag': 'iframe', 'src': None, 'aria_label': 'Advertisement', 'class': None, 'id': 'google_ads_iframe_/13474545/MaltaToday_News_Leaderboard_728x90_0', 'text': ''}, {'tag': 'iframe', 'src': None, 'aria_label': 'Advertisement', 'class': None, 'id': 'google_ads_iframe_/13474545/MaltaToday_News_RectBanner_300x250_0', 'text': ''}, {'tag': 'iframe', 'src': None, 'aria_label': 'Advertisement', 'class': None, 'id': 'google_ads_iframe_/13474545/MaltaToday_News_Leaderboard2_1', 'text': ''}, {'tag': 'iframe', 'src': None, 'aria_label': 'Advertisement', 'class': None, 'id': 'google_ads_iframe_/13474545/MaltaToday_News_Leaderboard2_2', 'text': ''}]",8,1,6,0.006615214994487321,4,0,1,0,0,35,26,0.4583333333333333,0,0,0,0,0.008820286659316428,1,32,2,12.61111111111111,0,0,0,0,0,0,0,247,malta_today,news_listing
181,48,26,12,2,2,36,26,8432,1245,24,4,"[{'tag': 'iframe', 'src': None, 'aria_label': 'Advertisement', 'class': None, 'id': 'google_ads_iframe_/13474545/MaltaToday_News_Leaderboard_728x90_0', 'text': ''}, {'tag': 'iframe', 'src': None, 'aria_label': 'Advertisement', 'class': None, 'id': 'google_ads_iframe_/13474545/MaltaToday_News_RectBanner_300x250_0', 'text': ''}, {'tag': 'iframe', 'src': None, 'aria_label': 'Advertisement', 'class': None, 'id': 'google_ads_iframe_/13474545/MaltaToday_News_Leaderboard2_1', 'text': ''}, {'tag': 'iframe', 'src': None, 'aria_label': 'Advertisement', 'class': None, 'id': 'google_ads_iframe_/13474545/MaltaToday_News_Leaderboard2_2', 'text': ''}]",8,1,6,0.006615214994487321,4,0,1,0,0,35,26,0.4583333333333333,0,0,0,0,0.008820286659316428,1,32,2,12.61111111111111,0,0,0,0,0,0,0,248,malta_today,news_listing
182,48,25,12,2,2,36,26,8326,1256,24,4,"[{'tag': 'iframe', 'src': None, 'aria_label': 'Advertisement', 'class': None, 'id': 'google_ads_iframe_/13474545/MaltaToday_News_Leaderboard_728x90_0', 'text': ''}, {'tag': 'iframe', 'src': None, 'aria_label': 'Advertisement', 'class': None, 'id': 'google_ads_iframe_/13474545/MaltaToday_News_RectBanner_300x250_0', 'text': ''}, {'tag': 'iframe', 'src': None, 'aria_label': 'Advertisement', 'class': None, 'id': 'google_ads_iframe_/13474545/MaltaToday_News_Rect3_0', 'text': ''}, {'tag': 'iframe', 'src': None, 'aria_label': 'Advertisement', 'class': None, 'id': 'google_ads_iframe_/13474545/MaltaToday_News_Leaderboard2_1', 'text': ''}]",8,1,6,0.006607929515418502,4,0,1,0,0,35,26,0.4583333333333333,0,0,0,0,0.00881057268722467,1,32,2,12.527777777777779,0,0,0,0,0,0,0,249,malta_today,news_listing
182,48,25,12,2,2,36,26,8326,1256,24,4,"[{'tag': 'iframe', 'src': None, 'aria_label': 'Advertisement', 'class': None, 'id': 'google_ads_iframe_/13474545/MaltaToday_News_Leaderboard_728x90_0', 'text': ''}, {'tag': 'iframe', 'src': None, 'aria_label': 'Advertisement', 'class': None, 'id': 'google_ads_iframe_/13474545/MaltaToday_News_RectBanner_300x250_0', 'text': ''}, {'tag': 'iframe', 'src': None, 'aria_label': 'Advertisement', 'class': None, 'id': 'google_ads_iframe_/13474545/MaltaToday_News_Rect3_0', 'text': ''}, {'tag': 'iframe', 'src': None, 'aria_label': 'Advertisement', 'class': None, 'id': 'google_ads_iframe_/13474545/MaltaToday_News_Leaderboard2_1', 'text': ''}]",8,1,6,0.006607929515418502,4,0,1,0,0,35,26,0.4583333333333333,0,0,0,0,0.00881057268722467,1,32,2,12.527777777777779,0,0,0,0,0,0,0,250,malta_today,news_listing
182,48,25,12,2,2,36,26,8326,1256,24,4,"[{'tag': 'iframe', 'src': None, 'aria_label': 'Advertisement', 'class': None, 'id': 'google_ads_iframe_/13474545/MaltaToday_News_Leaderboard_728x90_0', 'text': ''}, {'tag': 'iframe', 'src': None, 'aria_label': 'Advertisement', 'class': None, 'id': 'google_ads_iframe_/13474545/MaltaToday_News_RectBanner_300x250_0', 'text': ''}, {'tag': 'iframe', 'src': None, 'aria_label': 'Advertisement', 'class': None, 'id': 'google_ads_iframe_/13474545/MaltaToday_News_Rect3_0', 'text': ''}, {'tag': 'iframe', 'src': None, 'aria_label': 'Advertisement', 'class': None, 'id': 'google_ads_iframe_/13474545/MaltaToday_News_Leaderboard2_1', 'text': ''}]",8,1,6,0.006607929515418502,4,0,1,0,0,35,26,0.4583333333333333,0,0,0,0,0.00881057268722467,1,32,2,12.527777777777779,0,0,0,0,0,0,0,251,malta_today,news_listing
182,48,25,12,2,2,36,26,8326,1256,24,4,"[{'tag': 'iframe', 'src': None, 'aria_label': 'Advertisement', 'class': None, 'id': 'google_ads_iframe_/13474545/MaltaToday_News_Leaderboard_728x90_0', 'text': ''}, {'tag': 'iframe', 'src': None, 'aria_label': 'Advertisement', 'class': None, 'id': 'google_ads_iframe_/13474545/MaltaToday_News_RectBanner_300x250_0', 'text': ''}, {'tag': 'iframe', 'src': None, 'aria_label': 'Advertisement', 'class': None, 'id': 'google_ads_iframe_/13474545/MaltaToday_News_Rect3_0', 'text': ''}, {'tag': 'iframe', 'src': None, 'aria_label': 'Advertisement', 'class': None, 'id': 'google_ads_iframe_/13474545/MaltaToday_News_Leaderboard2_1', 'text': ''}]",8,1,6,0.006607929515418502,4,0,1,0,0,35,26,0.4583333333333333,0,0,0,0,0.00881057268722467,1,32,2,12.527777777777779,0,0,0,0,0,0,0,252,malta_today,news_listing
182,48,25,12,2,2,36,26,8326,1256,24,4,"[{'tag': 'iframe', 'src': None, 'aria_label': 'Advertisement', 'class': None, 'id': 'google_ads_iframe_/13474545/MaltaToday_News_Leaderboard_728x90_0', 'text': ''}, {'tag': 'iframe', 'src': None, 'aria_label': 'Advertisement', 'class': None, 'id': 'google_ads_iframe_/13474545/MaltaToday_News_RectBanner_300x250_0', 'text': ''}, {'tag': 'iframe', 'src': None, 'aria_label': 'Advertisement', 'class': None, 'id': 'google_ads_iframe_/13474545/MaltaToday_News_Rect3_0', 'text': ''}, {'tag': 'iframe', 'src': None, 'aria_label': 'Advertisement', 'class': None, 'id': 'google_ads_iframe_/13474545/MaltaToday_News_Leaderboard2_1', 'text': ''}]",8,1,6,0.006607929515418502,4,0,1,0,0,35,26,0.4583333333333333,0,0,0,0,0.00881057268722467,1,32,2,12.527777777777779,0,0,0,0,0,0,0,253,malta_today,news_listing
182,48,25,12,2,2,36,26,8326,1256,24,4,"[{'tag': 'iframe', 'src': None, 'aria_label': 'Advertisement', 'class': None, 'id': 'google_ads_iframe_/13474545/MaltaToday_News_Leaderboard_728x90_0', 'text': ''}, {'tag': 'iframe', 'src': None, 'aria_label': 'Advertisement', 'class': None, 'id': 'google_ads_iframe_/13474545/MaltaToday_News_RectBanner_300x250_0', 'text': ''}, {'tag': 'iframe', 'src': None, 'aria_label': 'Advertisement', 'class': None, 'id': 'google_ads_iframe_/13474545/MaltaToday_News_Rect3_0', 'text': ''}, {'tag': 'iframe', 'src': None, 'aria_label': 'Advertisement', 'class': None, 'id': 'google_ads_iframe_/13474545/MaltaToday_News_Leaderboard2_1', 'text': ''}]",8,1,6,0.006607929515418502,4,0,1,0,0,35,26,0.4583333333333333,0,0,0,0,0.00881057268722467,1,32,2,12.527777777777779,0,0,0,0,0,0,0,254,malta_today,news_listing
182,48,25,12,2,2,36,26,8326,1256,24,4,"[{'tag': 'iframe', 'src': None, 'aria_label': 'Advertisement', 'class': None, 'id': 'google_ads_iframe_/13474545/MaltaToday_News_Leaderboard_728x90_0', 'text': ''}, {'tag': 'iframe', 'src': None, 'aria_label': 'Advertisement', 'class': None, 'id': 'google_ads_iframe_/13474545/MaltaToday_News_RectBanner_300x250_0', 'text': ''}, {'tag': 'iframe', 'src': None, 'aria_label': 'Advertisement', 'class': None, 'id': 'google_ads_iframe_/13474545/MaltaToday_News_Rect3_0', 'text': ''}, {'tag': 'iframe', 'src': None, 'aria_label': 'Advertisement', 'class': None, 'id': 'google_ads_iframe_/13474545/MaltaToday_News_Leaderboard2_1', 'text': ''}]",8,1,6,0.006607929515418502,4,0,1,0,0,35,26,0.4583333333333333,0,0,0,0,0.00881057268722467,1,32,2,12.527777777777779,0,0,0,0,0,0,0,255,malta_today,news_listing
182,48,25,12,2,2,36,26,8326,1256,24,4,"[{'tag': 'iframe', 'src': None, 'aria_label': 'Advertisement', 'class': None, 'id': 'google_ads_iframe_/13474545/MaltaToday_News_Leaderboard_728x90_0', 'text': ''}, {'tag': 'iframe', 'src': None, 'aria_label': 'Advertisement', 'class': None, 'id': 'google_ads_iframe_/13474545/MaltaToday_News_RectBanner_300x250_0', 'text': ''}, {'tag': 'iframe', 'src': None, 'aria_label': 'Advertisement', 'class': None, 'id': 'google_ads_iframe_/13474545/MaltaToday_News_Rect3_0', 'text': ''}, {'tag': 'iframe', 'src': None, 'aria_label': 'Advertisement', 'class': None, 'id': 'google_ads_iframe_/13474545/MaltaToday_News_Leaderboard2_1', 'text': ''}]",8,1,6,0.006607929515418502,4,0,1,0,0,35,26,0.4583333333333333,0,0,0,0,0.00881057268722467,1,32,2,12.527777777777779,0,0,0,0,0,0,0,256,malta_today,news_listing
182,48,25,12,2,2,36,26,8326,1256,24,4,"[{'tag': 'iframe', 'src': None, 'aria_label': 'Advertisement', 'class': None, 'id': 'google_ads_iframe_/13474545/MaltaToday_News_Leaderboard_728x90_0', 'text': ''}, {'tag': 'iframe', 'src': None, 'aria_label': 'Advertisement', 'class': None, 'id': 'google_ads_iframe_/13474545/MaltaToday_News_RectBanner_300x250_0', 'text': ''}, {'tag': 'iframe', 'src': None, 'aria_label': 'Advertisement', 'class': None, 'id': 'google_ads_iframe_/13474545/MaltaToday_News_Rect3_0', 'text': ''}, {'tag': 'iframe', 'src': None, 'aria_label': 'Advertisement', 'class': None, 'id': 'google_ads_iframe_/13474545/MaltaToday_News_Leaderboard2_1', 'text': ''}]",8,1,6,0.006607929515418502,4,0,1,0,0,35,26,0.4583333333333333,0,0,0,0,0.00881057268722467,1,32,2,12.527777777777779,0,0,0,0,0,0,0,257,malta_today,news_listing
182,48,25,12,2,2,36,26,8326,1256,24,4,"[{'tag': 'iframe', 'src': None, 'aria_label': 'Advertisement', 'class': None, 'id': 'google_ads_iframe_/13474545/MaltaToday_News_Leaderboard_728x90_0', 'text': ''}, {'tag': 'iframe', 'src': None, 'aria_label': 'Advertisement', 'class': None, 'id': 'google_ads_iframe_/13474545/MaltaToday_News_RectBanner_300x250_0', 'text': ''}, {'tag': 'iframe', 'src': None, 'aria_label': 'Advertisement', 'class': None, 'id': 'google_ads_iframe_/13474545/MaltaToday_News_Rect3_0', 'text': ''}, {'tag': 'iframe', 'src': None, 'aria_label': 'Advertisement', 'class': None, 'id': 'google_ads_iframe_/13474545/MaltaToday_News_Leaderboard2_1', 'text': ''}]",8,1,6,0.006607929515418502,4,0,1,0,0,35,26,0.4583333333333333,0,0,0,0,0.00881057268722467,1,32,2,12.527777777777779,0,0,0,0,0,0,0,258,malta_today,news_listing
182,48,25,12,2,2,36,26,8326,1256,24,4,"[{'tag': 'iframe', 'src': None, 'aria_label': 'Advertisement', 'class': None, 'id': 'google_ads_iframe_/13474545/MaltaToday_News_Leaderboard_728x90_0', 'text': ''}, {'tag': 'iframe', 'src': None, 'aria_label': 'Advertisement', 'class': None, 'id': 'google_ads_iframe_/13474545/MaltaToday_News_RectBanner_300x250_0', 'text': ''}, {'tag': 'iframe', 'src': None, 'aria_label': 'Advertisement', 'class': None, 'id': 'google_ads_iframe_/13474545/MaltaToday_News_Rect3_0', 'text': ''}, {'tag': 'iframe', 'src': None, 'aria_label': 'Advertisement', 'class': None, 'id': 'google_ads_iframe_/13474545/MaltaToday_News_Leaderboard2_1', 'text': ''}]",8,1,6,0.006607929515418502,4,0,1,0,0,35,26,0.4583333333333333,0,0,0,0,0.00881057268722467,1,32,2,12.527777777777779,0,0,0,0,0,0,0,259,malta_today,news_listing
182,48,25,12,2,2,36,26,8326,1256,24,4,"[{'tag': 'iframe', 'src': None, 'aria_label': 'Advertisement', 'class': None, 'id': 'google_ads_iframe_/13474545/MaltaToday_News_Leaderboard_728x90_0', 'text': ''}, {'tag': 'iframe', 'src': None, 'aria_label': 'Advertisement', 'class': None, 'id': 'google_ads_iframe_/13474545/MaltaToday_News_RectBanner_300x250_0', 'text': ''}, {'tag': 'iframe', 'src': None, 'aria_label': 'Advertisement', 'class': None, 'id': 'google_ads_iframe_/13474545/MaltaToday_News_Rect3_0', 'text': ''}, {'tag': 'iframe', 'src': None, 'aria_label': 'Advertisement', 'class': None, 'id': 'google_ads_iframe_/13474545/MaltaToday_News_Leaderboard2_1', 'text': ''}]",8,1,6,0.006607929515418502,4,0,1,0,0,35,26,0.4583333333333333,0,0,0,0,0.00881057268722467,1,32,2,12.527777777777779,0,0,0,0,0,0,0,260,malta_today,news_listing
182,48,25,12,2,2,36,26,8326,1256,24,4,"[{'tag': 'iframe', 'src': None, 'aria_label': 'Advertisement', 'class': None, 'id': 'google_ads_iframe_/13474545/MaltaToday_News_Leaderboard_728x90_0', 'text': ''}, {'tag': 'iframe', 'src': None, 'aria_label': 'Advertisement', 'class': None, 'id': 'google_ads_iframe_/13474545/MaltaToday_News_RectBanner_300x250_0', 'text': ''}, {'tag': 'iframe', 'src': None, 'aria_label': 'Advertisement', 'class': None, 'id': 'google_ads_iframe_/13474545/MaltaToday_News_Rect3_0', 'text': ''}, {'tag': 'iframe', 'src': None, 'aria_label': 'Advertisement', 'class': None, 'id': 'google_ads_iframe_/13474545/MaltaToday_News_Leaderboard2_1', 'text': ''}]",8,1,6,0.006607929515418502,4,0,1,0,0,35,26,0.4583333333333333,0,0,0,0,0.00881057268722467,1,32,2,12.527777777777779,0,0,0,0,0,0,0,261,malta_today,news_listing
182,48,25,10,2,2,36,26,8326,1256,24,2,"[{'tag': 'iframe', 'src': None, 'aria_label': 'Advertisement', 'class': None, 'id': 'google_ads_iframe_/13474545/MaltaToday_News_Leaderboard_728x90_0', 'text': ''}, {'tag': 'iframe', 'src': None, 'aria_label': 'Advertisement', 'class': None, 'id': 'google_ads_iframe_/13474545/MaltaToday_News_RectBanner_300x250_0', 'text': ''}]",8,1,4,0.004415011037527594,2,0,1,0,0,35,26,0.4583333333333333,0,0,0,0,0.008830022075055188,1,32,2,12.527777777777779,0,0,0,0,0,0,0,262,malta_today,news_listing
182,48,25,10,2,2,36,26,8326,1256,24,2,"[{'tag': 'iframe', 'src': None, 'aria_label': 'Advertisement', 'class': None, 'id': 'google_ads_iframe_/13474545/MaltaToday_News_Leaderboard_728x90_0', 'text': ''}, {'tag': 'iframe', 'src': None, 'aria_label': 'Advertisement', 'class': None, 'id': 'google_ads_iframe_/13474545/MaltaToday_News_RectBanner_300x250_0', 'text': ''}]",8,1,4,0.004415011037527594,2,0,1,0,0,35,26,0.4583333333333333,0,0,0,0,0.008830022075055188,1,32,2,12.527777777777779,0,0,0,0,0,0,0,263,malta_today,news_listing
182,48,25,10,2,2,36,26,8326,1256,24,2,"[{'tag': 'iframe', 'src': None, 'aria_label': 'Advertisement', 'class': None, 'id': 'google_ads_iframe_/13474545/MaltaToday_News_Leaderboard_728x90_0', 'text': ''}, {'tag': 'iframe', 'src': None, 'aria_label': 'Advertisement', 'class': None, 'id': 'google_ads_iframe_/13474545/MaltaToday_News_RectBanner_300x250_0', 'text': ''}]",8,1,4,0.004415011037527594,2,0,1,0,0,35,26,0.4583333333333333,0,0,0,0,0.008830022075055188,1,32,2,12.527777777777779,0,0,0,0,0,0,0,264,malta_today,news_listing
182,48,25,10,2,2,36,26,8326,1256,24,2,"[{'tag': 'iframe', 'src': None, 'aria_label': 'Advertisement', 'class': None, 'id': 'google_ads_iframe_/13474545/MaltaToday_News_Leaderboard_728x90_0', 'text': ''}, {'tag': 'iframe', 'src': None, 'aria_label': 'Advertisement', 'class': None, 'id': 'google_ads_iframe_/13474545/MaltaToday_News_RectBanner_300x250_0', 'text': ''}]",8,1,4,0.004415011037527594,2,0,1,0,0,35,26,0.4583333333333333,0,0,0,0,0.008830022075055188,1,32,2,12.527777777777779,0,0,0,0,0,0,0,265,malta_today,news_listing
182,48,25,10,2,2,36,26,8326,1256,24,2,"[{'tag': 'iframe', 'src': None, 'aria_label': 'Advertisement', 'class': None, 'id': 'google_ads_iframe_/13474545/MaltaToday_News_Leaderboard_728x90_0', 'text': ''}, {'tag': 'iframe', 'src': None, 'aria_label': 'Advertisement', 'class': None, 'id': 'google_ads_iframe_/13474545/MaltaToday_News_RectBanner_300x250_0', 'text': ''}]",8,1,4,0.004415011037527594,2,0,1,0,0,35,26,0.4583333333333333,0,0,0,0,0.008830022075055188,1,32,2,12.527777777777779,0,0,0,0,0,0,0,266,malta_today,news_listing
182,48,25,10,2,2,36,26,8326,1256,24,2,"[{'tag': 'iframe', 'src': None, 'aria_label': 'Advertisement', 'class': None, 'id': 'google_ads_iframe_/13474545/MaltaToday_News_Leaderboard_728x90_0', 'text': ''}, {'tag': 'iframe', 'src': None, 'aria_label': 'Advertisement', 'class': None, 'id': 'google_ads_iframe_/13474545/MaltaToday_News_RectBanner_300x250_0', 'text': ''}]",8,1,4,0.004415011037527594,2,0,1,0,0,35,26,0.4583333333333333,0,0,0,0,0.008830022075055188,1,32,2,12.527777777777779,0,0,0,0,0,0,0,267,malta_today,news_listing
182,48,25,10,2,2,36,26,8326,1256,24,2,"[{'tag': 'iframe', 'src': None, 'aria_label': 'Advertisement', 'class': None, 'id': 'google_ads_iframe_/13474545/MaltaToday_News_Leaderboard_728x90_0', 'text': ''}, {'tag': 'iframe', 'src': None, 'aria_label': 'Advertisement', 'class': None, 'id': 'google_ads_iframe_/13474545/MaltaToday_News_RectBanner_300x250_0', 'text': ''}]",8,1,4,0.004415011037527594,2,0,1,0,0,35,26,0.4583333333333333,0,0,0,0,0.008830022075055188,1,32,2,12.527777777777779,0,0,0,0,0,0,0,268,malta_today,news_listing
182,48,25,10,2,2,36,26,8326,1256,24,2,"[{'tag': 'iframe', 'src': None, 'aria_label': 'Advertisement', 'class': None, 'id': 'google_ads_iframe_/13474545/MaltaToday_News_Leaderboard_728x90_0', 'text': ''}, {'tag': 'iframe', 'src': None, 'aria_label': 'Advertisement', 'class': None, 'id': 'google_ads_iframe_/13474545/MaltaToday_News_RectBanner_300x250_0', 'text': ''}]",8,1,4,0.004415011037527594,2,0,1,0,0,35,26,0.4583333333333333,0,0,0,0,0.008830022075055188,1,32,2,12.527777777777779,0,0,0,0,0,0,0,269,malta_today,news_listing
182,48,25,12,2,2,36,26,8326,1256,24,4,"[{'tag': 'iframe', 'src': None, 'aria_label': 'Advertisement', 'class': None, 'id': 'google_ads_iframe_/13474545/MaltaToday_News_Leaderboard_728x90_0', 'text': ''}, {'tag': 'iframe', 'src': None, 'aria_label': 'Advertisement', 'class': None, 'id': 'google_ads_iframe_/13474545/MaltaToday_News_RectBanner_300x250_0', 'text': ''}, {'tag': 'iframe', 'src': None, 'aria_label': 'Advertisement', 'class': None, 'id': 'google_ads_iframe_/13474545/MaltaToday_News_Rect3_0', 'text': ''}, {'tag': 'iframe', 'src': None, 'aria_label': 'Advertisement', 'class': None, 'id': 'google_ads_iframe_/13474545/MaltaToday_News_Leaderboard2_2', 'text': ''}]",8,1,6,0.0065717415115005475,4,0,1,0,0,35,26,0.4583333333333333,0,0,0,0,0.008762322015334063,1,32,2,12.527777777777779,0,0,0,0,0,0,0,270,malta_today,news_listing
182,48,25,12,2,2,36,26,8326,1256,24,4,"[{'tag': 'iframe', 'src': None, 'aria_label': 'Advertisement', 'class': None, 'id': 'google_ads_iframe_/13474545/MaltaToday_News_Leaderboard_728x90_0', 'text': ''}, {'tag': 'iframe', 'src': None, 'aria_label': 'Advertisement', 'class': None, 'id': 'google_ads_iframe_/13474545/MaltaToday_News_RectBanner_300x250_0', 'text': ''}, {'tag': 'iframe', 'src': None, 'aria_label': 'Advertisement', 'class': None, 'id': 'google_ads_iframe_/13474545/MaltaToday_News_Rect3_0', 'text': ''}, {'tag': 'iframe', 'src': None, 'aria_label': 'Advertisement', 'class': None, 'id': 'google_ads_iframe_/13474545/MaltaToday_News_Leaderboard2_2', 'text': ''}]",8,1,6,0.0065717415115005475,4,0,1,0,0,35,26,0.4583333333333333,0,0,0,0,0.008762322015334063,1,32,2,12.527777777777779,0,0,0,0,0,0,0,271,malta_today,news_listing
182,48,25,12,2,2,36,26,8326,1256,24,4,"[{'tag': 'iframe', 'src': None, 'aria_label': 'Advertisement', 'class': None, 'id': 'google_ads_iframe_/13474545/MaltaToday_News_Leaderboard_728x90_0', 'text': ''}, {'tag': 'iframe', 'src': None, 'aria_label': 'Advertisement', 'class': None, 'id': 'google_ads_iframe_/13474545/MaltaToday_News_RectBanner_300x250_0', 'text': ''}, {'tag': 'iframe', 'src': None, 'aria_label': 'Advertisement', 'class': None, 'id': 'google_ads_iframe_/13474545/MaltaToday_News_Rect3_0', 'text': ''}, {'tag': 'iframe', 'src': None, 'aria_label': 'Advertisement', 'class': None, 'id': 'google_ads_iframe_/13474545/MaltaToday_News_Leaderboard2_2', 'text': ''}]",8,1,6,0.0065717415115005475,4,0,1,0,0,35,26,0.4583333333333333,0,0,0,0,0.008762322015334063,1,32,2,12.527777777777779,0,0,0,0,0,0,0,272,malta_today,news_listing
182,48,25,12,2,2,36,26,8326,1256,24,4,"[{'tag': 'iframe', 'src': None, 'aria_label': 'Advertisement', 'class': None, 'id': 'google_ads_iframe_/13474545/MaltaToday_News_Leaderboard_728x90_0', 'text': ''}, {'tag': 'iframe', 'src': None, 'aria_label': 'Advertisement', 'class': None, 'id': 'google_ads_iframe_/13474545/MaltaToday_News_RectBanner_300x250_0', 'text': ''}, {'tag': 'iframe', 'src': None, 'aria_label': 'Advertisement', 'class': None, 'id': 'google_ads_iframe_/13474545/MaltaToday_News_Rect3_0', 'text': ''}, {'tag': 'iframe', 'src': None, 'aria_label': 'Advertisement', 'class': None, 'id': 'google_ads_iframe_/13474545/MaltaToday_News_Leaderboard2_2', 'text': ''}]",8,1,6,0.0065717415115005475,4,0,1,0,0,35,26,0.4583333333333333,0,0,0,0,0.008762322015334063,1,32,2,12.527777777777779,0,0,0,0,0,0,0,273,malta_today,news_listing
182,48,25,12,2,2,36,26,8326,1256,24,4,"[{'tag': 'iframe', 'src': None, 'aria_label': 'Advertisement', 'class': None, 'id': 'google_ads_iframe_/13474545/MaltaToday_News_Leaderboard_728x90_0', 'text': ''}, {'tag': 'iframe', 'src': None, 'aria_label': 'Advertisement', 'class': None, 'id': 'google_ads_iframe_/13474545/MaltaToday_News_RectBanner_300x250_0', 'text': ''}, {'tag': 'iframe', 'src': None, 'aria_label': 'Advertisement', 'class': None, 'id': 'google_ads_iframe_/13474545/MaltaToday_News_Rect3_0', 'text': ''}, {'tag': 'iframe', 'src': None, 'aria_label': 'Advertisement', 'class': None, 'id': 'google_ads_iframe_/13474545/MaltaToday_News_Leaderboard2_2', 'text': ''}]",8,1,6,0.0065717415115005475,4,0,1,0,0,35,26,0.4583333333333333,0,0,0,0,0.008762322015334063,1,32,2,12.527777777777779,0,0,0,0,0,0,0,274,malta_today,news_listing
182,48,25,12,2,2,36,26,8326,1256,24,4,"[{'tag': 'iframe', 'src': None, 'aria_label': 'Advertisement', 'class': None, 'id': 'google_ads_iframe_/13474545/MaltaToday_News_Leaderboard_728x90_0', 'text': ''}, {'tag': 'iframe', 'src': None, 'aria_label': 'Advertisement', 'class': None, 'id': 'google_ads_iframe_/13474545/MaltaToday_News_RectBanner_300x250_0', 'text': ''}, {'tag': 'iframe', 'src': None, 'aria_label': 'Advertisement', 'class': None, 'id': 'google_ads_iframe_/13474545/MaltaToday_News_Rect3_0', 'text': ''}, {'tag': 'iframe', 'src': None, 'aria_label': 'Advertisement', 'class': None, 'id': 'google_ads_iframe_/13474545/MaltaToday_News_Leaderboard2_2', 'text': ''}]",8,1,6,0.0065717415115005475,4,0,1,0,0,35,26,0.4583333333333333,0,0,0,0,0.008762322015334063,1,32,2,12.527777777777779,0,0,0,0,0,0,0,275,malta_today,news_listing
182,48,25,12,2,2,36,26,8326,1256,24,4,"[{'tag': 'iframe', 'src': None, 'aria_label': 'Advertisement', 'class': None, 'id': 'google_ads_iframe_/13474545/MaltaToday_News_Leaderboard_728x90_0', 'text': ''}, {'tag': 'iframe', 'src': None, 'aria_label': 'Advertisement', 'class': None, 'id': 'google_ads_iframe_/13474545/MaltaToday_News_RectBanner_300x250_0', 'text': ''}, {'tag': 'iframe', 'src': None, 'aria_label': 'Advertisement', 'class': None, 'id': 'google_ads_iframe_/13474545/MaltaToday_News_Rect3_0', 'text': ''}, {'tag': 'iframe', 'src': None, 'aria_label': 'Advertisement', 'class': None, 'id': 'google_ads_iframe_/13474545/MaltaToday_News_Leaderboard2_2', 'text': ''}]",8,1,6,0.0065717415115005475,4,0,1,0,0,35,26,0.4583333333333333,0,0,0,0,0.008762322015334063,1,32,2,12.527777777777779,0,0,0,0,0,0,0,276,malta_today,news_listing
182,48,25,12,2,2,36,26,8326,1256,24,4,"[{'tag': 'iframe', 'src': None, 'aria_label': 'Advertisement', 'class': None, 'id': 'google_ads_iframe_/13474545/MaltaToday_News_Leaderboard_728x90_0', 'text': ''}, {'tag': 'iframe', 'src': None, 'aria_label': 'Advertisement', 'class': None, 'id': 'google_ads_iframe_/13474545/MaltaToday_News_RectBanner_300x250_0', 'text': ''}, {'tag': 'iframe', 'src': None, 'aria_label': 'Advertisement', 'class': None, 'id': 'google_ads_iframe_/13474545/MaltaToday_News_Rect3_0', 'text': ''}, {'tag': 'iframe', 'src': None, 'aria_label': 'Advertisement', 'class': None, 'id': 'google_ads_iframe_/13474545/MaltaToday_News_Leaderboard2_2', 'text': ''}]",8,1,6,0.0065717415115005475,4,0,1,0,0,35,26,0.4583333333333333,0,0,0,0,0.008762322015334063,1,32,2,12.527777777777779,0,0,0,0,0,0,0,277,malta_today,news_listing
190,48,24,11,3,2,36,26,8846,1312,24,3,"[{'tag': 'iframe', 'src': None, 'aria_label': 'Advertisement', 'class': None, 'id': 'google_ads_iframe_/13474545/MaltaToday_News_Leaderboard_728x90_0', 'text': ''}, {'tag': 'iframe', 'src': None, 'aria_label': 'Advertisement', 'class': None, 'id': 'google_ads_iframe_/13474545/MaltaToday_News_RectBanner_300x250_0', 'text': ''}, {'tag': 'iframe', 'src': None, 'aria_label': 'Advertisement', 'class': None, 'id': 'google_ads_iframe_/13474545/MaltaToday_News_Leaderboard2_0', 'text': ''}]",8,1,5,0.005393743257820928,3,0,1,0,0,36,26,0.4583333333333333,0,0,0,0,0.008629989212513484,2,32,2,12.777777777777779,0,0,0,0,0,0,0,278,malta_today,news_listing
190,48,24,11,3,2,36,26,8846,1312,24,3,"[{'tag': 'iframe', 'src': None, 'aria_label': 'Advertisement', 'class': None, 'id': 'google_ads_iframe_/13474545/MaltaToday_News_Leaderboard_728x90_0', 'text': ''}, {'tag': 'iframe', 'src': None, 'aria_label': 'Advertisement', 'class': None, 'id': 'google_ads_iframe_/13474545/MaltaToday_News_RectBanner_300x250_0', 'text': ''}, {'tag': 'iframe', 'src': None, 'aria_label': 'Advertisement', 'class': None, 'id': 'google_ads_iframe_/13474545/MaltaToday_News_Leaderboard2_0', 'text': ''}]",8,1,5,0.005393743257820928,3,0,1,0,0,36,26,0.4583333333333333,0,0,0,0,0.008629989212513484,2,32,2,12.777777777777779,0,0,0,0,0,0,0,279,malta_today,news_listing
190,48,24,11,3,2,36,26,8846,1312,24,3,"[{'tag': 'iframe', 'src': None, 'aria_label': 'Advertisement', 'class': None, 'id': 'google_ads_iframe_/13474545/MaltaToday_News_Leaderboard_728x90_0', 'text': ''}, {'tag': 'iframe', 'src': None, 'aria_label': 'Advertisement', 'class': None, 'id': 'google_ads_iframe_/13474545/MaltaToday_News_RectBanner_300x250_0', 'text': ''}, {'tag': 'iframe', 'src': None, 'aria_label': 'Advertisement', 'class': None, 'id': 'google_ads_iframe_/13474545/MaltaToday_News_Leaderboard2_0', 'text': ''}]",8,1,5,0.005393743257820928,3,0,1,0,0,36,26,0.4583333333333333,0,0,0,0,0.008629989212513484,2,32,2,12.777777777777779,0,0,0,0,0,0,0,280,malta_today,news_listing
190,48,24,11,3,2,36,26,8846,1312,24,3,"[{'tag': 'iframe', 'src': None, 'aria_label': 'Advertisement', 'class': None, 'id': 'google_ads_iframe_/13474545/MaltaToday_News_Leaderboard_728x90_0', 'text': ''}, {'tag': 'iframe', 'src': None, 'aria_label': 'Advertisement', 'class': None, 'id': 'google_ads_iframe_/13474545/MaltaToday_News_RectBanner_300x250_0', 'text': ''}, {'tag': 'iframe', 'src': None, 'aria_label': 'Advertisement', 'class': None, 'id': 'google_ads_iframe_/13474545/MaltaToday_News_Leaderboard2_0', 'text': ''}]",8,1,5,0.005393743257820928,3,0,1,0,0,36,26,0.4583333333333333,0,0,0,0,0.008629989212513484,2,32,2,12.777777777777779,0,0,0,0,0,0,0,281,malta_today,news_listing
190,48,24,11,3,2,36,26,8846,1312,24,3,"[{'tag': 'iframe', 'src': None, 'aria_label': 'Advertisement', 'class': None, 'id': 'google_ads_iframe_/13474545/MaltaToday_News_Leaderboard_728x90_0', 'text': ''}, {'tag': 'iframe', 'src': None, 'aria_label': 'Advertisement', 'class': None, 'id': 'google_ads_iframe_/13474545/MaltaToday_News_RectBanner_300x250_0', 'text': ''}, {'tag': 'iframe', 'src': None, 'aria_label': 'Advertisement', 'class': None, 'id': 'google_ads_iframe_/13474545/MaltaToday_News_Leaderboard2_0', 'text': ''}]",8,1,5,0.005393743257820928,3,0,1,0,0,36,26,0.4583333333333333,0,0,0,0,0.008629989212513484,2,32,2,12.777777777777779,0,0,0,0,0,0,0,282,malta_today,news_listing
190,48,24,11,3,2,36,26,8846,1312,24,3,"[{'tag': 'iframe', 'src': None, 'aria_label': 'Advertisement', 'class': None, 'id': 'google_ads_iframe_/13474545/MaltaToday_News_Leaderboard_728x90_0', 'text': ''}, {'tag': 'iframe', 'src': None, 'aria_label': 'Advertisement', 'class': None, 'id': 'google_ads_iframe_/13474545/MaltaToday_News_RectBanner_300x250_0', 'text': ''}, {'tag': 'iframe', 'src': None, 'aria_label': 'Advertisement', 'class': None, 'id': 'google_ads_iframe_/13474545/MaltaToday_News_Leaderboard2_0', 'text': ''}]",8,1,5,0.005393743257820928,3,0,1,0,0,36,26,0.4583333333333333,0,0,0,0,0.008629989212513484,2,32,2,12.777777777777779,0,0,0,0,0,0,0,283,malta_today,news_listing
190,48,24,11,3,2,36,26,8846,1312,24,3,"[{'tag': 'iframe', 'src': None, 'aria_label': 'Advertisement', 'class': None, 'id': 'google_ads_iframe_/13474545/MaltaToday_News_Leaderboard_728x90_0', 'text': ''}, {'tag': 'iframe', 'src': None, 'aria_label': 'Advertisement', 'class': None, 'id': 'google_ads_iframe_/13474545/MaltaToday_News_RectBanner_300x250_0', 'text': ''}, {'tag': 'iframe', 'src': None, 'aria_label': 'Advertisement', 'class': None, 'id': 'google_ads_iframe_/13474545/MaltaToday_News_Leaderboard2_0', 'text': ''}]",8,1,5,0.005393743257820928,3,0,1,0,0,36,26,0.4583333333333333,0,0,0,0,0.008629989212513484,2,32,2,12.777777777777779,0,0,0,0,0,0,0,284,malta_today,news_listing
190,48,24,11,3,2,36,26,8846,1312,24,3,"[{'tag': 'iframe', 'src': None, 'aria_label': 'Advertisement', 'class': None, 'id': 'google_ads_iframe_/13474545/MaltaToday_News_Leaderboard_728x90_0', 'text': ''}, {'tag': 'iframe', 'src': None, 'aria_label': 'Advertisement', 'class': None, 'id': 'google_ads_iframe_/13474545/MaltaToday_News_RectBanner_300x250_0', 'text': ''}, {'tag': 'iframe', 'src': None, 'aria_label': 'Advertisement', 'class': None, 'id': 'google_ads_iframe_/13474545/MaltaToday_News_Leaderboard2_0', 'text': ''}]",8,1,5,0.005393743257820928,3,0,1,0,0,36,26,0.4583333333333333,0,0,0,0,0.008629989212513484,2,32,2,12.777777777777779,0,0,0,0,0,0,0,285,malta_today,news_listing
190,48,24,11,3,2,36,26,8846,1312,24,3,"[{'tag': 'iframe', 'src': None, 'aria_label': 'Advertisement', 'class': None, 'id': 'google_ads_iframe_/13474545/MaltaToday_News_Leaderboard_728x90_0', 'text': ''}, {'tag': 'iframe', 'src': None, 'aria_label': 'Advertisement', 'class': None, 'id': 'google_ads_iframe_/13474545/MaltaToday_News_RectBanner_300x250_0', 'text': ''}, {'tag': 'iframe', 'src': None, 'aria_label': 'Advertisement', 'class': None, 'id': 'google_ads_iframe_/13474545/MaltaToday_News_Leaderboard2_0', 'text': ''}]",8,1,5,0.005393743257820928,3,0,1,0,0,36,26,0.4583333333333333,0,0,0,0,0.008629989212513484,2,32,2,12.777777777777779,0,0,0,0,0,0,0,286,malta_today,news_listing
190,49,25,11,3,2,36,26,8390,1268,24,3,"[{'tag': 'iframe', 'src': None, 'aria_label': 'Advertisement', 'class': None, 'id': 'google_ads_iframe_/13474545/MaltaToday_News_Leaderboard_728x90_0', 'text': ''}, {'tag': 'iframe', 'src': None, 'aria_label': 'Advertisement', 'class': None, 'id': 'google_ads_iframe_/13474545/MaltaToday_News_RectBanner_300x250_0', 'text': ''}, {'tag': 'iframe', 'src': None, 'aria_label': 'Advertisement', 'class': None, 'id': 'google_ads_iframe_/13474545/MaltaToday_News_Leaderboard2_0', 'text': ''}]",8,1,5,0.005393743257820928,3,0,1,0,0,36,26,0.46938775510204084,0,0,0,0,0.008629989212513484,2,32,2,12.194444444444445,0,0,0,0,0,0,0,287,malta_today,news_listing
190,49,25,11,3,2,36,26,8390,1268,24,3,"[{'tag': 'iframe', 'src': None, 'aria_label': 'Advertisement', 'class': None, 'id': 'google_ads_iframe_/13474545/MaltaToday_News_Leaderboard_728x90_0', 'text': ''}, {'tag': 'iframe', 'src': None, 'aria_label': 'Advertisement', 'class': None, 'id': 'google_ads_iframe_/13474545/MaltaToday_News_RectBanner_300x250_0', 'text': ''}, {'tag': 'iframe', 'src': None, 'aria_label': 'Advertisement', 'class': None, 'id': 'google_ads_iframe_/13474545/MaltaToday_News_Leaderboard2_0', 'text': ''}]",8,1,5,0.005393743257820928,3,0,1,0,0,36,26,0.46938775510204084,0,0,0,0,0.008629989212513484,2,32,2,12.194444444444445,0,0,0,0,0,0,0,288,malta_today,news_listing
190,49,25,11,3,2,36,26,8390,1268,24,3,"[{'tag': 'iframe', 'src': None, 'aria_label': 'Advertisement', 'class': None, 'id': 'google_ads_iframe_/13474545/MaltaToday_News_Leaderboard_728x90_0', 'text': ''}, {'tag': 'iframe', 'src': None, 'aria_label': 'Advertisement', 'class': None, 'id': 'google_ads_iframe_/13474545/MaltaToday_News_RectBanner_300x250_0', 'text': ''}, {'tag': 'iframe', 'src': None, 'aria_label': 'Advertisement', 'class': None, 'id': 'google_ads_iframe_/13474545/MaltaToday_News_Leaderboard2_0', 'text': ''}]",8,1,5,0.005393743257820928,3,0,1,0,0,36,26,0.46938775510204084,0,0,0,0,0.008629989212513484,2,32,2,12.194444444444445,0,0,0,0,0,0,0,289,malta_today,news_listing
190,49,25,11,3,2,36,26,8390,1268,24,3,"[{'tag': 'iframe', 'src': None, 'aria_label': 'Advertisement', 'class': None, 'id': 'google_ads_iframe_/13474545/MaltaToday_News_Leaderboard_728x90_0', 'text': ''}, {'tag': 'iframe', 'src': None, 'aria_label': 'Advertisement', 'class': None, 'id': 'google_ads_iframe_/13474545/MaltaToday_News_RectBanner_300x250_0', 'text': ''}, {'tag': 'iframe', 'src': None, 'aria_label': 'Advertisement', 'class': None, 'id': 'google_ads_iframe_/13474545/MaltaToday_News_Leaderboard2_0', 'text': ''}]",8,1,5,0.005393743257820928,3,0,1,0,0,36,26,0.46938775510204084,0,0,0,0,0.008629989212513484,2,32,2,12.194444444444445,0,0,0,0,0,0,0,290,malta_today,news_listing
190,49,25,11,3,2,36,26,8390,1268,24,3,"[{'tag': 'iframe', 'src': None, 'aria_label': 'Advertisement', 'class': None, 'id': 'google_ads_iframe_/13474545/MaltaToday_News_Leaderboard_728x90_0', 'text': ''}, {'tag': 'iframe', 'src': None, 'aria_label': 'Advertisement', 'class': None, 'id': 'google_ads_iframe_/13474545/MaltaToday_News_RectBanner_300x250_0', 'text': ''}, {'tag': 'iframe', 'src': None, 'aria_label': 'Advertisement', 'class': None, 'id': 'google_ads_iframe_/13474545/MaltaToday_News_Leaderboard2_0', 'text': ''}]",8,1,5,0.005393743257820928,3,0,1,0,0,36,26,0.46938775510204084,0,0,0,0,0.008629989212513484,2,32,2,12.194444444444445,0,0,0,0,0,0,0,291,malta_today,news_listing
190,49,25,11,3,2,36,26,8390,1268,24,3,"[{'tag': 'iframe', 'src': None, 'aria_label': 'Advertisement', 'class': None, 'id': 'google_ads_iframe_/13474545/MaltaToday_News_Leaderboard_728x90_0', 'text': ''}, {'tag': 'iframe', 'src': None, 'aria_label': 'Advertisement', 'class': None, 'id': 'google_ads_iframe_/13474545/MaltaToday_News_RectBanner_300x250_0', 'text': ''}, {'tag': 'iframe', 'src': None, 'aria_label': 'Advertisement', 'class': None, 'id': 'google_ads_iframe_/13474545/MaltaToday_News_Leaderboard2_0', 'text': ''}]",8,1,5,0.005393743257820928,3,0,1,0,0,36,26,0.46938775510204084,0,0,0,0,0.008629989212513484,2,32,2,12.194444444444445,0,0,0,0,0,0,0,292,malta_today,news_listing
190,49,25,11,3,2,36,26,8390,1268,24,3,"[{'tag': 'iframe', 'src': None, 'aria_label': 'Advertisement', 'class': None, 'id': 'google_ads_iframe_/13474545/MaltaToday_News_Leaderboard_728x90_0', 'text': ''}, {'tag': 'iframe', 'src': None, 'aria_label': 'Advertisement', 'class': None, 'id': 'google_ads_iframe_/13474545/MaltaToday_News_RectBanner_300x250_0', 'text': ''}, {'tag': 'iframe', 'src': None, 'aria_label': 'Advertisement', 'class': None, 'id': 'google_ads_iframe_/13474545/MaltaToday_News_Leaderboard2_0', 'text': ''}]",8,1,5,0.005393743257820928,3,0,1,0,0,36,26,0.46938775510204084,0,0,0,0,0.008629989212513484,2,32,2,12.194444444444445,0,0,0,0,0,0,0,293,malta_today,news_listing
190,49,25,11,3,2,36,26,8390,1268,24,3,"[{'tag': 'iframe', 'src': None, 'aria_label': 'Advertisement', 'class': None, 'id': 'google_ads_iframe_/13474545/MaltaToday_News_Leaderboard_728x90_0', 'text': ''}, {'tag': 'iframe', 'src': None, 'aria_label': 'Advertisement', 'class': None, 'id': 'google_ads_iframe_/13474545/MaltaToday_News_RectBanner_300x250_0', 'text': ''}, {'tag': 'iframe', 'src': None, 'aria_label': 'Advertisement', 'class': None, 'id': 'google_ads_iframe_/13474545/MaltaToday_News_Leaderboard2_0', 'text': ''}]",8,1,5,0.005393743257820928,3,0,1,0,0,36,26,0.46938775510204084,0,0,0,0,0.008629989212513484,2,32,2,12.194444444444445,0,0,0,0,0,0,0,294,malta_today,news_listing
189,48,24,12,2,2,36,26,8737,1293,24,4,"[{'tag': 'iframe', 'src': None, 'aria_label': 'Advertisement', 'class': None, 'id': 'google_ads_iframe_/13474545/MaltaToday_News_Leaderboard_728x90_0', 'text': ''}, {'tag': 'iframe', 'src': None, 'aria_label': 'Advertisement', 'class': None, 'id': 'google_ads_iframe_/13474545/MaltaToday_News_RectBanner_300x250_0', 'text': ''}, {'tag': 'iframe', 'src': None, 'aria_label': 'Advertisement', 'class': None, 'id': 'google_ads_iframe_/13474545/MaltaToday_News_Leaderboard2_0', 'text': ''}, {'tag': 'iframe', 'src': None, 'aria_label': 'Advertisement', 'class': None, 'id': 'google_ads_iframe_/13474545/MaltaToday_News_Leaderboard2_2', 'text': ''}]",8,1,6,0.006528835690968444,4,0,1,0,0,35,26,0.4583333333333333,0,0,0,0,0.008705114254624592,1,32,2,12.777777777777779,0,0,0,0,0,0,0,295,malta_today,news_listing
189,48,24,12,2,2,36,26,8737,1293,24,4,"[{'tag': 'iframe', 'src': None, 'aria_label': 'Advertisement', 'class': None, 'id': 'google_ads_iframe_/13474545/MaltaToday_News_Leaderboard_728x90_0', 'text': ''}, {'tag': 'iframe', 'src': None, 'aria_label': 'Advertisement', 'class': None, 'id': 'google_ads_iframe_/13474545/MaltaToday_News_RectBanner_300x250_0', 'text': ''}, {'tag': 'iframe', 'src': None, 'aria_label': 'Advertisement', 'class': None, 'id': 'google_ads_iframe_/13474545/MaltaToday_News_Leaderboard2_0', 'text': ''}, {'tag': 'iframe', 'src': None, 'aria_label': 'Advertisement', 'class': None, 'id': 'google_ads_iframe_/13474545/MaltaToday_News_Leaderboard2_2', 'text': ''}]",8,1,6,0.006528835690968444,4,0,1,0,0,35,26,0.4583333333333333,0,0,0,0,0.008705114254624592,1,32,2,12.777777777777779,0,0,0,0,0,0,0,296,malta_today,news_listing
189,48,24,12,2,2,36,26,8737,1293,24,4,"[{'tag': 'iframe', 'src': None, 'aria_label': 'Advertisement', 'class': None, 'id': 'google_ads_iframe_/13474545/MaltaToday_News_Leaderboard_728x90_0', 'text': ''}, {'tag': 'iframe', 'src': None, 'aria_label': 'Advertisement', 'class': None, 'id': 'google_ads_iframe_/13474545/MaltaToday_News_RectBanner_300x250_0', 'text': ''}, {'tag': 'iframe', 'src': None, 'aria_label': 'Advertisement', 'class': None, 'id': 'google_ads_iframe_/13474545/MaltaToday_News_Leaderboard2_0', 'text': ''}, {'tag': 'iframe', 'src': None, 'aria_label': 'Advertisement', 'class': None, 'id': 'google_ads_iframe_/13474545/MaltaToday_News_Leaderboard2_2', 'text': ''}]",8,1,6,0.006528835690968444,4,0,1,0,0,35,26,0.4583333333333333,0,0,0,0,0.008705114254624592,1,32,2,12.777777777777779,0,0,0,0,0,0,0,297,malta_today,news_listing
189,48,24,12,2,2,36,26,8737,1293,24,4,"[{'tag': 'iframe', 'src': None, 'aria_label': 'Advertisement', 'class': None, 'id': 'google_ads_iframe_/13474545/MaltaToday_News_Leaderboard_728x90_0', 'text': ''}, {'tag': 'iframe', 'src': None, 'aria_label': 'Advertisement', 'class': None, 'id': 'google_ads_iframe_/13474545/MaltaToday_News_RectBanner_300x250_0', 'text': ''}, {'tag': 'iframe', 'src': None, 'aria_label': 'Advertisement', 'class': None, 'id': 'google_ads_iframe_/13474545/MaltaToday_News_Leaderboard2_0', 'text': ''}, {'tag': 'iframe', 'src': None, 'aria_label': 'Advertisement', 'class': None, 'id': 'google_ads_iframe_/13474545/MaltaToday_News_Leaderboard2_2', 'text': ''}]",8,1,6,0.006528835690968444,4,0,1,0,0,35,26,0.4583333333333333,0,0,0,0,0.008705114254624592,1,32,2,12.777777777777779,0,0,0,0,0,0,0,298,malta_today,news_listing
189,48,24,12,2,2,36,26,8737,1293,24,4,"[{'tag': 'iframe', 'src': None, 'aria_label': 'Advertisement', 'class': None, 'id': 'google_ads_iframe_/13474545/MaltaToday_News_Leaderboard_728x90_0', 'text': ''}, {'tag': 'iframe', 'src': None, 'aria_label': 'Advertisement', 'class': None, 'id': 'google_ads_iframe_/13474545/MaltaToday_News_RectBanner_300x250_0', 'text': ''}, {'tag': 'iframe', 'src': None, 'aria_label': 'Advertisement', 'class': None, 'id': 'google_ads_iframe_/13474545/MaltaToday_News_Leaderboard2_0', 'text': ''}, {'tag': 'iframe', 'src': None, 'aria_label': 'Advertisement', 'class': None, 'id': 'google_ads_iframe_/13474545/MaltaToday_News_Leaderboard2_2', 'text': ''}]",8,1,6,0.006528835690968444,4,0,1,0,0,35,26,0.4583333333333333,0,0,0,0,0.008705114254624592,1,32,2,12.777777777777779,0,0,0,0,0,0,0,299,malta_today,news_listing
189,48,24,12,2,2,36,26,8737,1293,24,4,"[{'tag': 'iframe', 'src': None, 'aria_label': 'Advertisement', 'class': None, 'id': 'google_ads_iframe_/13474545/MaltaToday_News_Leaderboard_728x90_0', 'text': ''}, {'tag': 'iframe', 'src': None, 'aria_label': 'Advertisement', 'class': None, 'id': 'google_ads_iframe_/13474545/MaltaToday_News_RectBanner_300x250_0', 'text': ''}, {'tag': 'iframe', 'src': None, 'aria_label': 'Advertisement', 'class': None, 'id': 'google_ads_iframe_/13474545/MaltaToday_News_Leaderboard2_0', 'text': ''}, {'tag': 'iframe', 'src': None, 'aria_label': 'Advertisement', 'class': None, 'id': 'google_ads_iframe_/13474545/MaltaToday_News_Leaderboard2_2', 'text': ''}]",8,1,6,0.006528835690968444,4,0,1,0,0,35,26,0.4583333333333333,0,0,0,0,0.008705114254624592,1,32,2,12.777777777777779,0,0,0,0,0,0,0,300,malta_today,news_listing
189,48,24,12,2,2,36,26,8737,1293,24,4,"[{'tag': 'iframe', 'src': None, 'aria_label': 'Advertisement', 'class': None, 'id': 'google_ads_iframe_/13474545/MaltaToday_News_Leaderboard_728x90_0', 'text': ''}, {'tag': 'iframe', 'src': None, 'aria_label': 'Advertisement', 'class': None, 'id': 'google_ads_iframe_/13474545/MaltaToday_News_RectBanner_300x250_0', 'text': ''}, {'tag': 'iframe', 'src': None, 'aria_label': 'Advertisement', 'class': None, 'id': 'google_ads_iframe_/13474545/MaltaToday_News_Leaderboard2_0', 'text': ''}, {'tag': 'iframe', 'src': None, 'aria_label': 'Advertisement', 'class': None, 'id': 'google_ads_iframe_/13474545/MaltaToday_News_Leaderboard2_2', 'text': ''}]",8,1,6,0.006528835690968444,4,0,1,0,0,35,26,0.4583333333333333,0,0,0,0,0.008705114254624592,1,32,2,12.777777777777779,0,0,0,0,0,0,0,301,malta_today,news_listing
189,48,24,12,2,2,36,26,8737,1293,24,4,"[{'tag': 'iframe', 'src': None, 'aria_label': 'Advertisement', 'class': None, 'id': 'google_ads_iframe_/13474545/MaltaToday_News_Leaderboard_728x90_0', 'text': ''}, {'tag': 'iframe', 'src': None, 'aria_label': 'Advertisement', 'class': None, 'id': 'google_ads_iframe_/13474545/MaltaToday_News_RectBanner_300x250_0', 'text': ''}, {'tag': 'iframe', 'src': None, 'aria_label': 'Advertisement', 'class': None, 'id': 'google_ads_iframe_/13474545/MaltaToday_News_Leaderboard2_0', 'text': ''}, {'tag': 'iframe', 'src': None, 'aria_label': 'Advertisement', 'class': None, 'id': 'google_ads_iframe_/13474545/MaltaToday_News_Leaderboard2_2', 'text': ''}]",8,1,6,0.006528835690968444,4,0,1,0,0,35,26,0.4583333333333333,0,0,0,0,0.008705114254624592,1,32,2,12.777777777777779,0,0,0,0,0,0,0,302,malta_today,news_listing
151,31,41,15,3,2,9,2,4632,701,24,3,"[{'tag': 'iframe', 'src': None, 'aria_label': 'Advertisement', 'class': None, 'id': 'google_ads_iframe_/13474545/MaltaToday_news_Leaderboard_728x90_0', 'text': ''}, {'tag': 'iframe', 'src': None, 'aria_label': 'Advertisement', 'class': None, 'id': 'google_ads_iframe_/13474545/MaltaToday_news_Inline_300x250_0', 'text': ''}, {'tag': 'iframe', 'src': None, 'aria_label': 'Advertisement', 'class': None, 'id': 'google_ads_iframe_/13474545/video_advert_preroll_0', 'text': ''}]",12,1,8,0.01032258064516129,4,0,3,0,0,37,28,0.0967741935483871,0,0,0,0,0.0064516129032258064,2,31,4,22.125,0,0,0,0,0,0,0,303,malta_today,article_pages
151,31,41,15,3,2,9,2,4632,701,24,3,"[{'tag': 'iframe', 'src': None, 'aria_label': 'Advertisement', 'class': None, 'id': 'google_ads_iframe_/13474545/MaltaToday_news_Leaderboard_728x90_0', 'text': ''}, {'tag': 'iframe', 'src': None, 'aria_label': 'Advertisement', 'class': None, 'id': 'google_ads_iframe_/13474545/MaltaToday_news_Inline_300x250_0', 'text': ''}, {'tag': 'iframe', 'src': None, 'aria_label': 'Advertisement', 'class': None, 'id': 'google_ads_iframe_/13474545/video_advert_preroll_0', 'text': ''}]",12,1,8,0.01032258064516129,4,0,3,0,0,37,28,0.0967741935483871,0,0,0,0,0.0064516129032258064,2,31,4,22.125,0,0,0,0,0,0,0,304,malta_today,article_pages
151,31,41,15,3,2,9,2,4632,701,24,3,"[{'tag': 'iframe', 'src': None, 'aria_label': 'Advertisement', 'class': None, 'id': 'google_ads_iframe_/13474545/MaltaToday_news_Leaderboard_728x90_0', 'text': ''}, {'tag': 'iframe', 'src': None, 'aria_label': 'Advertisement', 'class': None, 'id': 'google_ads_iframe_/13474545/MaltaToday_news_Inline_300x250_0', 'text': ''}, {'tag': 'iframe', 'src': None, 'aria_label': 'Advertisement', 'class': None, 'id': 'google_ads_iframe_/13474545/video_advert_preroll_0', 'text': ''}]",12,1,8,0.01032258064516129,4,0,3,0,0,37,28,0.0967741935483871,0,0,0,0,0.0064516129032258064,2,31,4,22.125,0,0,0,0,0,0,0,305,malta_today,article_pages
151,31,41,15,3,2,9,2,4632,701,24,3,"[{'tag': 'iframe', 'src': None, 'aria_label': 'Advertisement', 'class': None, 'id': 'google_ads_iframe_/13474545/MaltaToday_news_Leaderboard_728x90_0', 'text': ''}, {'tag': 'iframe', 'src': None, 'aria_label': 'Advertisement', 'class': None, 'id': 'google_ads_iframe_/13474545/MaltaToday_news_Inline_300x250_0', 'text': ''}, {'tag': 'iframe', 'src': None, 'aria_label': 'Advertisement', 'class': None, 'id': 'google_ads_iframe_/13474545/video_advert_preroll_0', 'text': ''}]",12,1,8,0.01032258064516129,4,0,3,0,0,37,28,0.0967741935483871,0,0,0,0,0.0064516129032258064,2,31,4,22.125,0,0,0,0,0,0,0,306,malta_today,article_pages
151,31,41,15,3,2,9,2,4632,701,24,3,"[{'tag': 'iframe', 'src': None, 'aria_label': 'Advertisement', 'class': None, 'id': 'google_ads_iframe_/13474545/MaltaToday_news_Leaderboard_728x90_0', 'text': ''}, {'tag': 'iframe', 'src': None, 'aria_label': 'Advertisement', 'class': None, 'id': 'google_ads_iframe_/13474545/MaltaToday_news_Inline_300x250_0', 'text': ''}, {'tag': 'iframe', 'src': None, 'aria_label': 'Advertisement', 'class': None, 'id': 'google_ads_iframe_/13474545/video_advert_preroll_0', 'text': ''}]",12,1,8,0.01032258064516129,4,0,3,0,0,37,28,0.0967741935483871,0,0,0,0,0.0064516129032258064,2,31,4,22.125,0,0,0,0,0,0,0,307,malta_today,article_pages
151,31,41,15,3,2,9,2,4632,701,24,3,"[{'tag': 'iframe', 'src': None, 'aria_label': 'Advertisement', 'class': None, 'id': 'google_ads_iframe_/13474545/MaltaToday_news_Leaderboard_728x90_0', 'text': ''}, {'tag': 'iframe', 'src': None, 'aria_label': 'Advertisement', 'class': None, 'id': 'google_ads_iframe_/13474545/MaltaToday_news_Inline_300x250_0', 'text': ''}, {'tag': 'iframe', 'src': None, 'aria_label': 'Advertisement', 'class': None, 'id': 'google_ads_iframe_/13474545/video_advert_preroll_0', 'text': ''}]",12,1,8,0.01032258064516129,4,0,3,0,0,37,28,0.0967741935483871,0,0,0,0,0.0064516129032258064,2,31,4,22.125,0,0,0,0,0,0,0,308,malta_today,article_pages
151,31,41,15,3,2,9,2,4632,701,24,3,"[{'tag': 'iframe', 'src': None, 'aria_label': 'Advertisement', 'class': None, 'id': 'google_ads_iframe_/13474545/MaltaToday_news_Leaderboard_728x90_0', 'text': ''}, {'tag': 'iframe', 'src': None, 'aria_label': 'Advertisement', 'class': None, 'id': 'google_ads_iframe_/13474545/MaltaToday_news_Inline_300x250_0', 'text': ''}, {'tag': 'iframe', 'src': None, 'aria_label': 'Advertisement', 'class': None, 'id': 'google_ads_iframe_/13474545/video_advert_preroll_0', 'text': ''}]",12,1,8,0.01032258064516129,4,0,3,0,0,37,28,0.0967741935483871,0,0,0,0,0.0064516129032258064,2,31,4,22.125,0,0,0,0,0,0,0,309,malta_today,article_pages
151,31,41,15,3,2,9,2,4632,701,24,3,"[{'tag': 'iframe', 'src': None, 'aria_label': 'Advertisement', 'class': None, 'id': 'google_ads_iframe_/13474545/MaltaToday_news_Leaderboard_728x90_0', 'text': ''}, {'tag': 'iframe', 'src': None, 'aria_label': 'Advertisement', 'class': None, 'id': 'google_ads_iframe_/13474545/MaltaToday_news_Inline_300x250_0', 'text': ''}, {'tag': 'iframe', 'src': None, 'aria_label': 'Advertisement', 'class': None, 'id': 'google_ads_iframe_/13474545/video_advert_preroll_0', 'text': ''}]",12,1,8,0.01032258064516129,4,0,3,0,0,37,28,0.0967741935483871,0,0,0,0,0.0064516129032258064,2,31,4,22.125,0,0,0,0,0,0,0,310,malta_today,article_pages
151,31,41,15,3,2,9,2,4632,701,24,3,"[{'tag': 'iframe', 'src': None, 'aria_label': 'Advertisement', 'class': None, 'id': 'google_ads_iframe_/13474545/MaltaToday_news_Leaderboard_728x90_0', 'text': ''}, {'tag': 'iframe', 'src': None, 'aria_label': 'Advertisement', 'class': None, 'id': 'google_ads_iframe_/13474545/MaltaToday_news_Inline_300x250_0', 'text': ''}, {'tag': 'iframe', 'src': None, 'aria_label': 'Advertisement', 'class': None, 'id': 'google_ads_iframe_/13474545/video_advert_preroll_0', 'text': ''}]",12,1,8,0.01032258064516129,4,0,3,0,0,37,28,0.0967741935483871,0,0,0,0,0.0064516129032258064,2,31,4,22.125,0,0,0,0,0,0,0,311,malta_today,article_pages
151,31,40,14,3,2,10,2,5259,775,24,3,"[{'tag': 'iframe', 'src': None, 'aria_label': 'Advertisement', 'class': None, 'id': 'google_ads_iframe_/13474545/MaltaToday_news_Leaderboard_728x90_0', 'text': ''}, {'tag': 'iframe', 'src': None, 'aria_label': 'Advertisement', 'class': None, 'id': 'google_ads_iframe_/13474545/ELECTION_2026_INLINE_BANNER_0', 'text': ''}, {'tag': 'iframe', 'src': None, 'aria_label': 'Advertisement', 'class': None, 'id': 'google_ads_iframe_/13474545/video_advert_preroll_0', 'text': ''}]",11,1,8,0.01038961038961039,4,0,3,0,0,37,28,0.0967741935483871,0,0,0,0,0.006493506493506494,2,31,4,27.555555555555557,0,0,0,0,0,0,0,312,malta_today,article_pages
151,31,40,14,3,2,10,2,5259,775,24,3,"[{'tag': 'iframe', 'src': None, 'aria_label': 'Advertisement', 'class': None, 'id': 'google_ads_iframe_/13474545/MaltaToday_news_Leaderboard_728x90_0', 'text': ''}, {'tag': 'iframe', 'src': None, 'aria_label': 'Advertisement', 'class': None, 'id': 'google_ads_iframe_/13474545/ELECTION_2026_INLINE_BANNER_0', 'text': ''}, {'tag': 'iframe', 'src': None, 'aria_label': 'Advertisement', 'class': None, 'id': 'google_ads_iframe_/13474545/video_advert_preroll_0', 'text': ''}]",11,1,8,0.01038961038961039,4,0,3,0,0,37,28,0.0967741935483871,0,0,0,0,0.006493506493506494,2,31,4,27.555555555555557,0,0,0,0,0,0,0,313,malta_today,article_pages
151,31,40,14,3,2,10,2,5259,775,24,3,"[{'tag': 'iframe', 'src': None, 'aria_label': 'Advertisement', 'class': None, 'id': 'google_ads_iframe_/13474545/MaltaToday_news_Leaderboard_728x90_0', 'text': ''}, {'tag': 'iframe', 'src': None, 'aria_label': 'Advertisement', 'class': None, 'id': 'google_ads_iframe_/13474545/ELECTION_2026_INLINE_BANNER_0', 'text': ''}, {'tag': 'iframe', 'src': None, 'aria_label': 'Advertisement', 'class': None, 'id': 'google_ads_iframe_/13474545/video_advert_preroll_0', 'text': ''}]",11,1,8,0.01038961038961039,4,0,3,0,0,37,28,0.0967741935483871,0,0,0,0,0.006493506493506494,2,31,4,27.555555555555557,0,0,0,0,0,0,0,314,malta_today,article_pages
151,31,40,14,3,2,10,2,5259,775,24,3,"[{'tag': 'iframe', 'src': None, 'aria_label': 'Advertisement', 'class': None, 'id': 'google_ads_iframe_/13474545/MaltaToday_news_Leaderboard_728x90_0', 'text': ''}, {'tag': 'iframe', 'src': None, 'aria_label': 'Advertisement', 'class': None, 'id': 'google_ads_iframe_/13474545/ELECTION_2026_INLINE_BANNER_0', 'text': ''}, {'tag': 'iframe', 'src': None, 'aria_label': 'Advertisement', 'class': None, 'id': 'google_ads_iframe_/13474545/video_advert_preroll_0', 'text': ''}]",11,1,8,0.01038961038961039,4,0,3,0,0,37,28,0.0967741935483871,0,0,0,0,0.006493506493506494,2,31,4,27.555555555555557,0,0,0,0,0,0,0,315,malta_today,article_pages
151,31,40,14,3,2,10,2,5259,775,24,3,"[{'tag': 'iframe', 'src': None, 'aria_label': 'Advertisement', 'class': None, 'id': 'google_ads_iframe_/13474545/MaltaToday_news_Leaderboard_728x90_0', 'text': ''}, {'tag': 'iframe', 'src': None, 'aria_label': 'Advertisement', 'class': None, 'id': 'google_ads_iframe_/13474545/ELECTION_2026_INLINE_BANNER_0', 'text': ''}, {'tag': 'iframe', 'src': None, 'aria_label': 'Advertisement', 'class': None, 'id': 'google_ads_iframe_/13474545/video_advert_preroll_0', 'text': ''}]",11,1,8,0.01038961038961039,4,0,3,0,0,37,28,0.0967741935483871,0,0,0,0,0.006493506493506494,2,31,4,27.555555555555557,0,0,0,0,0,0,0,316,malta_today,article_pages
151,31,40,14,3,2,10,2,5259,775,24,3,"[{'tag': 'iframe', 'src': None, 'aria_label': 'Advertisement', 'class': None, 'id': 'google_ads_iframe_/13474545/MaltaToday_news_Leaderboard_728x90_0', 'text': ''}, {'tag': 'iframe', 'src': None, 'aria_label': 'Advertisement', 'class': None, 'id': 'google_ads_iframe_/13474545/ELECTION_2026_INLINE_BANNER_0', 'text': ''}, {'tag': 'iframe', 'src': None, 'aria_label': 'Advertisement', 'class': None, 'id': 'google_ads_iframe_/13474545/video_advert_preroll_0', 'text': ''}]",11,1,8,0.01038961038961039,4,0,3,0,0,37,28,0.0967741935483871,0,0,0,0,0.006493506493506494,2,31,4,27.555555555555557,0,0,0,0,0,0,0,317,malta_today,article_pages
151,31,40,14,3,2,10,2,5259,775,24,3,"[{'tag': 'iframe', 'src': None, 'aria_label': 'Advertisement', 'class': None, 'id': 'google_ads_iframe_/13474545/MaltaToday_news_Leaderboard_728x90_0', 'text': ''}, {'tag': 'iframe', 'src': None, 'aria_label': 'Advertisement', 'class': None, 'id': 'google_ads_iframe_/13474545/ELECTION_2026_INLINE_BANNER_0', 'text': ''}, {'tag': 'iframe', 'src': None, 'aria_label': 'Advertisement', 'class': None, 'id': 'google_ads_iframe_/13474545/video_advert_preroll_0', 'text': ''}]",11,1,8,0.01038961038961039,4,0,3,0,0,37,28,0.0967741935483871,0,0,0,0,0.006493506493506494,2,31,4,27.555555555555557,0,0,0,0,0,0,0,318,malta_today,article_pages
151,31,40,14,3,2,10,2,5259,775,24,3,"[{'tag': 'iframe', 'src': None, 'aria_label': 'Advertisement', 'class': None, 'id': 'google_ads_iframe_/13474545/MaltaToday_news_Leaderboard_728x90_0', 'text': ''}, {'tag': 'iframe', 'src': None, 'aria_label': 'Advertisement', 'class': None, 'id': 'google_ads_iframe_/13474545/ELECTION_2026_INLINE_BANNER_0', 'text': ''}, {'tag': 'iframe', 'src': None, 'aria_label': 'Advertisement', 'class': None, 'id': 'google_ads_iframe_/13474545/video_advert_preroll_0', 'text': ''}]",11,1,8,0.01038961038961039,4,0,3,0,0,37,28,0.0967741935483871,0,0,0,0,0.006493506493506494,2,31,4,27.555555555555557,0,0,0,0,0,0,0,319,malta_today,article_pages
153,48,28,12,6,2,11,2,5901,918,24,3,"[{'tag': 'iframe', 'src': None, 'aria_label': 'Advertisement', 'class': None, 'id': 'google_ads_iframe_/13474545/MaltaToday_news_Leaderboard_728x90_0', 'text': ''}, {'tag': 'iframe', 'src': None, 'aria_label': 'Advertisement', 'class': None, 'id': 'google_ads_iframe_/13474545/ELECTION_2026_INLINE_BANNER_0', 'text': ''}, {'tag': 'iframe', 'src': None, 'aria_label': 'Advertisement', 'class': None, 'id': 'google_ads_iframe_/13474545/video_advert_preroll_0', 'text': ''}]",9,1,26,0.030624263839811542,8,0,17,0,0,33,28,0.4166666666666667,0,0,0,0,0.005889281507656066,1,30,2,32.0,0,0,0,0,0,0,0,320,malta_today,article_pages
153,48,28,12,6,2,11,2,5901,918,24,3,"[{'tag': 'iframe', 'src': None, 'aria_label': 'Advertisement', 'class': None, 'id': 'google_ads_iframe_/13474545/MaltaToday_news_Leaderboard_728x90_0', 'text': ''}, {'tag': 'iframe', 'src': None, 'aria_label': 'Advertisement', 'class': None, 'id': 'google_ads_iframe_/13474545/ELECTION_2026_INLINE_BANNER_0', 'text': ''}, {'tag': 'iframe', 'src': None, 'aria_label': 'Advertisement', 'class': None, 'id': 'google_ads_iframe_/13474545/video_advert_preroll_0', 'text': ''}]",9,1,26,0.030624263839811542,8,0,17,0,0,33,28,0.4166666666666667,0,0,0,0,0.005889281507656066,1,30,2,32.0,0,0,0,0,0,0,0,321,malta_today,article_pages
153,48,28,12,6,2,11,2,5901,918,24,3,"[{'tag': 'iframe', 'src': None, 'aria_label': 'Advertisement', 'class': None, 'id': 'google_ads_iframe_/13474545/MaltaToday_news_Leaderboard_728x90_0', 'text': ''}, {'tag': 'iframe', 'src': None, 'aria_label': 'Advertisement', 'class': None, 'id': 'google_ads_iframe_/13474545/ELECTION_2026_INLINE_BANNER_0', 'text': ''}, {'tag': 'iframe', 'src': None, 'aria_label': 'Advertisement', 'class': None, 'id': 'google_ads_iframe_/13474545/video_advert_preroll_0', 'text': ''}]",9,1,26,0.030624263839811542,8,0,17,0,0,33,28,0.4166666666666667,0,0,0,0,0.005889281507656066,1,30,2,32.0,0,0,0,0,0,0,0,322,malta_today,article_pages
153,48,28,12,6,2,11,2,5901,918,24,3,"[{'tag': 'iframe', 'src': None, 'aria_label': 'Advertisement', 'class': None, 'id': 'google_ads_iframe_/13474545/MaltaToday_news_Leaderboard_728x90_0', 'text': ''}, {'tag': 'iframe', 'src': None, 'aria_label': 'Advertisement', 'class': None, 'id': 'google_ads_iframe_/13474545/ELECTION_2026_INLINE_BANNER_0', 'text': ''}, {'tag': 'iframe', 'src': None, 'aria_label': 'Advertisement', 'class': None, 'id': 'google_ads_iframe_/13474545/video_advert_preroll_0', 'text': ''}]",9,1,26,0.030624263839811542,8,0,17,0,0,33,28,0.4166666666666667,0,0,0,0,0.005889281507656066,1,30,2,32.0,0,0,0,0,0,0,0,323,malta_today,article_pages
153,48,28,12,6,2,11,2,5901,918,24,3,"[{'tag': 'iframe', 'src': None, 'aria_label': 'Advertisement', 'class': None, 'id': 'google_ads_iframe_/13474545/MaltaToday_news_Leaderboard_728x90_0', 'text': ''}, {'tag': 'iframe', 'src': None, 'aria_label': 'Advertisement', 'class': None, 'id': 'google_ads_iframe_/13474545/ELECTION_2026_INLINE_BANNER_0', 'text': ''}, {'tag': 'iframe', 'src': None, 'aria_label': 'Advertisement', 'class': None, 'id': 'google_ads_iframe_/13474545/video_advert_preroll_0', 'text': ''}]",9,1,26,0.030624263839811542,8,0,17,0,0,33,28,0.4166666666666667,0,0,0,0,0.005889281507656066,1,30,2,32.0,0,0,0,0,0,0,0,324,malta_today,article_pages
153,48,28,12,6,2,11,2,5901,918,24,3,"[{'tag': 'iframe', 'src': None, 'aria_label': 'Advertisement', 'class': None, 'id': 'google_ads_iframe_/13474545/MaltaToday_news_Leaderboard_728x90_0', 'text': ''}, {'tag': 'iframe', 'src': None, 'aria_label': 'Advertisement', 'class': None, 'id': 'google_ads_iframe_/13474545/ELECTION_2026_INLINE_BANNER_0', 'text': ''}, {'tag': 'iframe', 'src': None, 'aria_label': 'Advertisement', 'class': None, 'id': 'google_ads_iframe_/13474545/video_advert_preroll_0', 'text': ''}]",9,1,26,0.030624263839811542,8,0,17,0,0,33,28,0.4166666666666667,0,0,0,0,0.005889281507656066,1,30,2,32.0,0,0,0,0,0,0,0,325,malta_today,article_pages
153,48,28,12,6,2,11,2,5901,918,24,3,"[{'tag': 'iframe', 'src': None, 'aria_label': 'Advertisement', 'class': None, 'id': 'google_ads_iframe_/13474545/MaltaToday_news_Leaderboard_728x90_0', 'text': ''}, {'tag': 'iframe', 'src': None, 'aria_label': 'Advertisement', 'class': None, 'id': 'google_ads_iframe_/13474545/ELECTION_2026_INLINE_BANNER_0', 'text': ''}, {'tag': 'iframe', 'src': None, 'aria_label': 'Advertisement', 'class': None, 'id': 'google_ads_iframe_/13474545/video_advert_preroll_0', 'text': ''}]",9,1,26,0.030624263839811542,8,0,17,0,0,33,28,0.4166666666666667,0,0,0,0,0.005889281507656066,1,30,2,32.0,0,0,0,0,0,0,0,326,malta_today,article_pages
153,48,28,12,6,2,11,2,5901,918,24,3,"[{'tag': 'iframe', 'src': None, 'aria_label': 'Advertisement', 'class': None, 'id': 'google_ads_iframe_/13474545/MaltaToday_news_Leaderboard_728x90_0', 'text': ''}, {'tag': 'iframe', 'src': None, 'aria_label': 'Advertisement', 'class': None, 'id': 'google_ads_iframe_/13474545/ELECTION_2026_INLINE_BANNER_0', 'text': ''}, {'tag': 'iframe', 'src': None, 'aria_label': 'Advertisement', 'class': None, 'id': 'google_ads_iframe_/13474545/video_advert_preroll_0', 'text': ''}]",9,1,26,0.030624263839811542,8,0,17,0,0,33,28,0.4166666666666667,0,0,0,0,0.005889281507656066,1,30,2,32.0,0,0,0,0,0,0,0,327,malta_today,article_pages
153,48,28,12,6,2,11,2,5901,918,24,3,"[{'tag': 'iframe', 'src': None, 'aria_label': 'Advertisement', 'class': None, 'id': 'google_ads_iframe_/13474545/MaltaToday_news_Leaderboard_728x90_0', 'text': ''}, {'tag': 'iframe', 'src': None, 'aria_label': 'Advertisement', 'class': None, 'id': 'google_ads_iframe_/13474545/ELECTION_2026_INLINE_BANNER_0', 'text': ''}, {'tag': 'iframe', 'src': None, 'aria_label': 'Advertisement', 'class': None, 'id': 'google_ads_iframe_/13474545/video_advert_preroll_0', 'text': ''}]",9,1,26,0.030624263839811542,8,0,17,0,0,33,28,0.4166666666666667,0,0,0,0,0.005889281507656066,1,30,2,32.0,0,0,0,0,0,0,0,328,malta_today,article_pages
153,48,28,12,6,2,11,2,5901,918,24,3,"[{'tag': 'iframe', 'src': None, 'aria_label': 'Advertisement', 'class': None, 'id': 'google_ads_iframe_/13474545/MaltaToday_news_Leaderboard_728x90_0', 'text': ''}, {'tag': 'iframe', 'src': None, 'aria_label': 'Advertisement', 'class': None, 'id': 'google_ads_iframe_/13474545/ELECTION_2026_INLINE_BANNER_0', 'text': ''}, {'tag': 'iframe', 'src': None, 'aria_label': 'Advertisement', 'class': None, 'id': 'google_ads_iframe_/13474545/video_advert_preroll_0', 'text': ''}]",9,1,26,0.030624263839811542,8,0,17,0,0,33,28,0.4166666666666667,0,0,0,0,0.005889281507656066,1,30,2,32.0,0,0,0,0,0,0,0,329,malta_today,article_pages
153,48,28,12,6,2,11,2,5901,918,24,3,"[{'tag': 'iframe', 'src': None, 'aria_label': 'Advertisement', 'class': None, 'id': 'google_ads_iframe_/13474545/MaltaToday_news_Leaderboard_728x90_0', 'text': ''}, {'tag': 'iframe', 'src': None, 'aria_label': 'Advertisement', 'class': None, 'id': 'google_ads_iframe_/13474545/ELECTION_2026_INLINE_BANNER_0', 'text': ''}, {'tag': 'iframe', 'src': None, 'aria_label': 'Advertisement', 'class': None, 'id': 'google_ads_iframe_/13474545/video_advert_preroll_0', 'text': ''}]",9,1,26,0.030624263839811542,8,0,17,0,0,33,28,0.4166666666666667,0,0,0,0,0.005889281507656066,1,30,2,32.0,0,0,0,0,0,0,0,330,malta_today,article_pages
148,30,39,15,3,2,43,2,12734,1840,24,4,"[{'tag': 'iframe', 'src': None, 'aria_label': 'Advertisement', 'class': None, 'id': 'google_ads_iframe_/13474545/MaltaToday_business_Leaderboard_728x90_0', 'text': ''}, {'tag': 'iframe', 'src': None, 'aria_label': 'Advertisement', 'class': None, 'id': 'google_ads_iframe_/13474545/MaltaToday_business_Inline_300x250_0', 'text': ''}, {'tag': 'iframe', 'src': None, 'aria_label': 'Advertisement', 'class': None, 'id': 'google_ads_iframe_/13474545/MaltaToday_business_ArticleLeaderboard_0', 'text': ''}, {'tag': 'iframe', 'src': None, 'aria_label': 'Advertisement', 'class': None, 'id': 'google_ads_iframe_/13474545/video_advert_preroll_0', 'text': ''}]",11,1,9,0.011278195488721804,5,0,3,0,0,37,27,0.1,0,0,0,0,0.006265664160401002,2,31,4,31.902439024390244,0,0,0,0,0,0,0,331,malta_today,article_pages
148,30,39,15,3,2,43,2,12734,1840,24,4,"[{'tag': 'iframe', 'src': None, 'aria_label': 'Advertisement', 'class': None, 'id': 'google_ads_iframe_/13474545/MaltaToday_business_Leaderboard_728x90_0', 'text': ''}, {'tag': 'iframe', 'src': None, 'aria_label': 'Advertisement', 'class': None, 'id': 'google_ads_iframe_/13474545/MaltaToday_business_Inline_300x250_0', 'text': ''}, {'tag': 'iframe', 'src': None, 'aria_label': 'Advertisement', 'class': None, 'id': 'google_ads_iframe_/13474545/MaltaToday_business_ArticleLeaderboard_0', 'text': ''}, {'tag': 'iframe', 'src': None, 'aria_label': 'Advertisement', 'class': None, 'id': 'google_ads_iframe_/13474545/video_advert_preroll_0', 'text': ''}]",11,1,9,0.011278195488721804,5,0,3,0,0,37,27,0.1,0,0,0,0,0.006265664160401002,2,31,4,31.902439024390244,0,0,0,0,0,0,0,332,malta_today,article_pages
148,30,39,15,3,2,43,2,12734,1840,24,4,"[{'tag': 'iframe', 'src': None, 'aria_label': 'Advertisement', 'class': None, 'id': 'google_ads_iframe_/13474545/MaltaToday_business_Leaderboard_728x90_0', 'text': ''}, {'tag': 'iframe', 'src': None, 'aria_label': 'Advertisement', 'class': None, 'id': 'google_ads_iframe_/13474545/MaltaToday_business_Inline_300x250_0', 'text': ''}, {'tag': 'iframe', 'src': None, 'aria_label': 'Advertisement', 'class': None, 'id': 'google_ads_iframe_/13474545/MaltaToday_business_ArticleLeaderboard_0', 'text': ''}, {'tag': 'iframe', 'src': None, 'aria_label': 'Advertisement', 'class': None, 'id': 'google_ads_iframe_/13474545/video_advert_preroll_0', 'text': ''}]",11,1,9,0.011278195488721804,5,0,3,0,0,37,27,0.1,0,0,0,0,0.006265664160401002,2,31,4,31.902439024390244,0,0,0,0,0,0,0,333,malta_today,article_pages
148,30,39,15,3,2,43,2,12734,1840,24,4,"[{'tag': 'iframe', 'src': None, 'aria_label': 'Advertisement', 'class': None, 'id': 'google_ads_iframe_/13474545/MaltaToday_business_Leaderboard_728x90_0', 'text': ''}, {'tag': 'iframe', 'src': None, 'aria_label': 'Advertisement', 'class': None, 'id': 'google_ads_iframe_/13474545/MaltaToday_business_Inline_300x250_0', 'text': ''}, {'tag': 'iframe', 'src': None, 'aria_label': 'Advertisement', 'class': None, 'id': 'google_ads_iframe_/13474545/MaltaToday_business_ArticleLeaderboard_0', 'text': ''}, {'tag': 'iframe', 'src': None, 'aria_label': 'Advertisement', 'class': None, 'id': 'google_ads_iframe_/13474545/video_advert_preroll_0', 'text': ''}]",11,1,9,0.011278195488721804,5,0,3,0,0,37,27,0.1,0,0,0,0,0.006265664160401002,2,31,4,31.902439024390244,0,0,0,0,0,0,0,334,malta_today,article_pages
148,30,39,15,3,2,43,2,12734,1840,24,4,"[{'tag': 'iframe', 'src': None, 'aria_label': 'Advertisement', 'class': None, 'id': 'google_ads_iframe_/13474545/MaltaToday_business_Leaderboard_728x90_0', 'text': ''}, {'tag': 'iframe', 'src': None, 'aria_label': 'Advertisement', 'class': None, 'id': 'google_ads_iframe_/13474545/MaltaToday_business_Inline_300x250_0', 'text': ''}, {'tag': 'iframe', 'src': None, 'aria_label': 'Advertisement', 'class': None, 'id': 'google_ads_iframe_/13474545/MaltaToday_business_ArticleLeaderboard_0', 'text': ''}, {'tag': 'iframe', 'src': None, 'aria_label': 'Advertisement', 'class': None, 'id': 'google_ads_iframe_/13474545/video_advert_preroll_0', 'text': ''}]",11,1,9,0.011278195488721804,5,0,3,0,0,37,27,0.1,0,0,0,0,0.006265664160401002,2,31,4,31.902439024390244,0,0,0,0,0,0,0,335,malta_today,article_pages
148,30,39,15,3,2,43,2,12734,1840,24,4,"[{'tag': 'iframe', 'src': None, 'aria_label': 'Advertisement', 'class': None, 'id': 'google_ads_iframe_/13474545/MaltaToday_business_Leaderboard_728x90_0', 'text': ''}, {'tag': 'iframe', 'src': None, 'aria_label': 'Advertisement', 'class': None, 'id': 'google_ads_iframe_/13474545/MaltaToday_business_Inline_300x250_0', 'text': ''}, {'tag': 'iframe', 'src': None, 'aria_label': 'Advertisement', 'class': None, 'id': 'google_ads_iframe_/13474545/MaltaToday_business_ArticleLeaderboard_0', 'text': ''}, {'tag': 'iframe', 'src': None, 'aria_label': 'Advertisement', 'class': None, 'id': 'google_ads_iframe_/13474545/video_advert_preroll_0', 'text': ''}]",11,1,9,0.011278195488721804,5,0,3,0,0,37,27,0.1,0,0,0,0,0.006265664160401002,2,31,4,31.902439024390244,0,0,0,0,0,0,0,336,malta_today,article_pages
148,30,39,15,3,2,43,2,12734,1840,24,4,"[{'tag': 'iframe', 'src': None, 'aria_label': 'Advertisement', 'class': None, 'id': 'google_ads_iframe_/13474545/MaltaToday_business_Leaderboard_728x90_0', 'text': ''}, {'tag': 'iframe', 'src': None, 'aria_label': 'Advertisement', 'class': None, 'id': 'google_ads_iframe_/13474545/MaltaToday_business_Inline_300x250_0', 'text': ''}, {'tag': 'iframe', 'src': None, 'aria_label': 'Advertisement', 'class': None, 'id': 'google_ads_iframe_/13474545/MaltaToday_business_ArticleLeaderboard_0', 'text': ''}, {'tag': 'iframe', 'src': None, 'aria_label': 'Advertisement', 'class': None, 'id': 'google_ads_iframe_/13474545/video_advert_preroll_0', 'text': ''}]",11,1,9,0.011278195488721804,5,0,3,0,0,37,27,0.1,0,0,0,0,0.006265664160401002,2,31,4,31.902439024390244,0,0,0,0,0,0,0,337,malta_today,article_pages
148,30,39,15,3,2,43,2,12734,1840,24,4,"[{'tag': 'iframe', 'src': None, 'aria_label': 'Advertisement', 'class': None, 'id': 'google_ads_iframe_/13474545/MaltaToday_business_Leaderboard_728x90_0', 'text': ''}, {'tag': 'iframe', 'src': None, 'aria_label': 'Advertisement', 'class': None, 'id': 'google_ads_iframe_/13474545/MaltaToday_business_Inline_300x250_0', 'text': ''}, {'tag': 'iframe', 'src': None, 'aria_label': 'Advertisement', 'class': None, 'id': 'google_ads_iframe_/13474545/MaltaToday_business_ArticleLeaderboard_0', 'text': ''}, {'tag': 'iframe', 'src': None, 'aria_label': 'Advertisement', 'class': None, 'id': 'google_ads_iframe_/13474545/video_advert_preroll_0', 'text': ''}]",11,1,9,0.011278195488721804,5,0,3,0,0,37,27,0.1,0,0,0,0,0.006265664160401002,2,31,4,31.902439024390244,0,0,0,0,0,0,0,338,malta_today,article_pages
148,30,39,15,3,2,43,2,12734,1840,24,4,"[{'tag': 'iframe', 'src': None, 'aria_label': 'Advertisement', 'class': None, 'id': 'google_ads_iframe_/13474545/MaltaToday_business_Leaderboard_728x90_0', 'text': ''}, {'tag': 'iframe', 'src': None, 'aria_label': 'Advertisement', 'class': None, 'id': 'google_ads_iframe_/13474545/MaltaToday_business_Inline_300x250_0', 'text': ''}, {'tag': 'iframe', 'src': None, 'aria_label': 'Advertisement', 'class': None, 'id': 'google_ads_iframe_/13474545/MaltaToday_business_ArticleLeaderboard_0', 'text': ''}, {'tag': 'iframe', 'src': None, 'aria_label': 'Advertisement', 'class': None, 'id': 'google_ads_iframe_/13474545/video_advert_preroll_0', 'text': ''}]",11,1,9,0.011278195488721804,5,0,3,0,0,37,27,0.1,0,0,0,0,0.006265664160401002,2,31,4,31.902439024390244,0,0,0,0,0,0,0,339,malta_today,article_pages
148,30,39,15,3,2,43,2,12734,1840,24,4,"[{'tag': 'iframe', 'src': None, 'aria_label': 'Advertisement', 'class': None, 'id': 'google_ads_iframe_/13474545/MaltaToday_business_Leaderboard_728x90_0', 'text': ''}, {'tag': 'iframe', 'src': None, 'aria_label': 'Advertisement', 'class': None, 'id': 'google_ads_iframe_/13474545/MaltaToday_business_Inline_300x250_0', 'text': ''}, {'tag': 'iframe', 'src': None, 'aria_label': 'Advertisement', 'class': None, 'id': 'google_ads_iframe_/13474545/MaltaToday_business_ArticleLeaderboard_0', 'text': ''}, {'tag': 'iframe', 'src': None, 'aria_label': 'Advertisement', 'class': None, 'id': 'google_ads_iframe_/13474545/video_advert_preroll_0', 'text': ''}]",11,1,9,0.011278195488721804,5,0,3,0,0,37,27,0.1,0,0,0,0,0.006265664160401002,2,31,4,31.902439024390244,0,0,0,0,0,0,0,340,malta_today,article_pages
148,30,39,15,3,2,43,2,12734,1840,24,4,"[{'tag': 'iframe', 'src': None, 'aria_label': 'Advertisement', 'class': None, 'id': 'google_ads_iframe_/13474545/MaltaToday_business_Leaderboard_728x90_0', 'text': ''}, {'tag': 'iframe', 'src': None, 'aria_label': 'Advertisement', 'class': None, 'id': 'google_ads_iframe_/13474545/MaltaToday_business_Inline_300x250_0', 'text': ''}, {'tag': 'iframe', 'src': None, 'aria_label': 'Advertisement', 'class': None, 'id': 'google_ads_iframe_/13474545/MaltaToday_business_ArticleLeaderboard_0', 'text': ''}, {'tag': 'iframe', 'src': None, 'aria_label': 'Advertisement', 'class': None, 'id': 'google_ads_iframe_/13474545/video_advert_preroll_0', 'text': ''}]",11,1,9,0.011278195488721804,5,0,3,0,0,37,27,0.1,0,0,0,0,0.006265664160401002,2,31,4,31.902439024390244,0,0,0,0,0,0,0,341,malta_today,article_pages
148,30,39,15,3,2,43,2,12734,1840,24,4,"[{'tag': 'iframe', 'src': None, 'aria_label': 'Advertisement', 'class': None, 'id': 'google_ads_iframe_/13474545/MaltaToday_business_Leaderboard_728x90_0', 'text': ''}, {'tag': 'iframe', 'src': None, 'aria_label': 'Advertisement', 'class': None, 'id': 'google_ads_iframe_/13474545/MaltaToday_business_Inline_300x250_0', 'text': ''}, {'tag': 'iframe', 'src': None, 'aria_label': 'Advertisement', 'class': None, 'id': 'google_ads_iframe_/13474545/MaltaToday_business_ArticleLeaderboard_0', 'text': ''}, {'tag': 'iframe', 'src': None, 'aria_label': 'Advertisement', 'class': None, 'id': 'google_ads_iframe_/13474545/video_advert_preroll_0', 'text': ''}]",11,1,9,0.011278195488721804,5,0,3,0,0,37,27,0.1,0,0,0,0,0.006265664160401002,2,31,4,31.902439024390244,0,0,0,0,0,0,0,342,malta_today,article_pages
148,30,39,15,3,2,43,2,12734,1840,24,4,"[{'tag': 'iframe', 'src': None, 'aria_label': 'Advertisement', 'class': None, 'id': 'google_ads_iframe_/13474545/MaltaToday_business_Leaderboard_728x90_0', 'text': ''}, {'tag': 'iframe', 'src': None, 'aria_label': 'Advertisement', 'class': None, 'id': 'google_ads_iframe_/13474545/MaltaToday_business_Inline_300x250_0', 'text': ''}, {'tag': 'iframe', 'src': None, 'aria_label': 'Advertisement', 'class': None, 'id': 'google_ads_iframe_/13474545/MaltaToday_business_ArticleLeaderboard_0', 'text': ''}, {'tag': 'iframe', 'src': None, 'aria_label': 'Advertisement', 'class': None, 'id': 'google_ads_iframe_/13474545/video_advert_preroll_0', 'text': ''}]",11,1,9,0.011278195488721804,5,0,3,0,0,37,27,0.1,0,0,0,0,0.006265664160401002,2,31,4,31.902439024390244,0,0,0,0,0,0,0,343,malta_today,article_pages
148,30,39,15,3,2,43,2,12734,1840,24,4,"[{'tag': 'iframe', 'src': None, 'aria_label': 'Advertisement', 'class': None, 'id': 'google_ads_iframe_/13474545/MaltaToday_business_Leaderboard_728x90_0', 'text': ''}, {'tag': 'iframe', 'src': None, 'aria_label': 'Advertisement', 'class': None, 'id': 'google_ads_iframe_/13474545/MaltaToday_business_Inline_300x250_0', 'text': ''}, {'tag': 'iframe', 'src': None, 'aria_label': 'Advertisement', 'class': None, 'id': 'google_ads_iframe_/13474545/MaltaToday_business_ArticleLeaderboard_0', 'text': ''}, {'tag': 'iframe', 'src': None, 'aria_label': 'Advertisement', 'class': None, 'id': 'google_ads_iframe_/13474545/video_advert_preroll_0', 'text': ''}]",11,1,9,0.011278195488721804,5,0,3,0,0,37,27,0.1,0,0,0,0,0.006265664160401002,2,31,4,31.902439024390244,0,0,0,0,0,0,0,344,malta_today,article_pages
148,30,39,15,3,2,43,2,12734,1840,24,4,"[{'tag': 'iframe', 'src': None, 'aria_label': 'Advertisement', 'class': None, 'id': 'google_ads_iframe_/13474545/MaltaToday_business_Leaderboard_728x90_0', 'text': ''}, {'tag': 'iframe', 'src': None, 'aria_label': 'Advertisement', 'class': None, 'id': 'google_ads_iframe_/13474545/MaltaToday_business_Inline_300x250_0', 'text': ''}, {'tag': 'iframe', 'src': None, 'aria_label': 'Advertisement', 'class': None, 'id': 'google_ads_iframe_/13474545/MaltaToday_business_ArticleLeaderboard_0', 'text': ''}, {'tag': 'iframe', 'src': None, 'aria_label': 'Advertisement', 'class': None, 'id': 'google_ads_iframe_/13474545/video_advert_preroll_0', 'text': ''}]",11,1,9,0.011278195488721804,5,0,3,0,0,37,27,0.1,0,0,0,0,0.006265664160401002,2,31,4,31.902439024390244,0,0,0,0,0,0,0,345,malta_today,article_pages
148,30,39,15,3,2,43,2,12734,1840,24,4,"[{'tag': 'iframe', 'src': None, 'aria_label': 'Advertisement', 'class': None, 'id': 'google_ads_iframe_/13474545/MaltaToday_business_Leaderboard_728x90_0', 'text': ''}, {'tag': 'iframe', 'src': None, 'aria_label': 'Advertisement', 'class': None, 'id': 'google_ads_iframe_/13474545/MaltaToday_business_Inline_300x250_0', 'text': ''}, {'tag': 'iframe', 'src': None, 'aria_label': 'Advertisement', 'class': None, 'id': 'google_ads_iframe_/13474545/MaltaToday_business_ArticleLeaderboard_0', 'text': ''}, {'tag': 'iframe', 'src': None, 'aria_label': 'Advertisement', 'class': None, 'id': 'google_ads_iframe_/13474545/video_advert_preroll_0', 'text': ''}]",11,1,9,0.011278195488721804,5,0,3,0,0,37,27,0.1,0,0,0,0,0.006265664160401002,2,31,4,31.902439024390244,0,0,0,0,0,0,0,346,malta_today,article_pages
148,30,39,15,3,2,43,2,12734,1840,24,4,"[{'tag': 'iframe', 'src': None, 'aria_label': 'Advertisement', 'class': None, 'id': 'google_ads_iframe_/13474545/MaltaToday_business_Leaderboard_728x90_0', 'text': ''}, {'tag': 'iframe', 'src': None, 'aria_label': 'Advertisement', 'class': None, 'id': 'google_ads_iframe_/13474545/MaltaToday_business_Inline_300x250_0', 'text': ''}, {'tag': 'iframe', 'src': None, 'aria_label': 'Advertisement', 'class': None, 'id': 'google_ads_iframe_/13474545/MaltaToday_business_ArticleLeaderboard_0', 'text': ''}, {'tag': 'iframe', 'src': None, 'aria_label': 'Advertisement', 'class': None, 'id': 'google_ads_iframe_/13474545/video_advert_preroll_0', 'text': ''}]",11,1,9,0.011278195488721804,5,0,3,0,0,37,27,0.1,0,0,0,0,0.006265664160401002,2,31,4,31.902439024390244,0,0,0,0,0,0,0,347,malta_today,article_pages
146,30,38,15,3,2,16,2,7150,1088,24,4,"[{'tag': 'iframe', 'src': None, 'aria_label': 'Advertisement', 'class': None, 'id': 'google_ads_iframe_/13474545/MaltaToday_business_Leaderboard_728x90_0', 'text': ''}, {'tag': 'iframe', 'src': None, 'aria_label': 'Advertisement', 'class': None, 'id': 'google_ads_iframe_/13474545/MaltaToday_business_Inline_300x250_0', 'text': ''}, {'tag': 'iframe', 'src': None, 'aria_label': 'Advertisement', 'class': None, 'id': 'google_ads_iframe_/13474545/MaltaToday_business_ArticleLeaderboard_0', 'text': ''}, {'tag': 'iframe', 'src': None, 'aria_label': 'Advertisement', 'class': None, 'id': 'google_ads_iframe_/13474545/video_advert_preroll_0', 'text': ''}]",11,1,9,0.011873350923482849,5,0,3,0,0,37,27,0.1,0,0,0,0,0.006596306068601583,2,31,4,38.86666666666667,0,0,0,0,0,0,0,348,malta_today,article_pages
146,30,38,15,3,2,16,2,7150,1088,24,4,"[{'tag': 'iframe', 'src': None, 'aria_label': 'Advertisement', 'class': None, 'id': 'google_ads_iframe_/13474545/MaltaToday_business_Leaderboard_728x90_0', 'text': ''}, {'tag': 'iframe', 'src': None, 'aria_label': 'Advertisement', 'class': None, 'id': 'google_ads_iframe_/13474545/MaltaToday_business_Inline_300x250_0', 'text': ''}, {'tag': 'iframe', 'src': None, 'aria_label': 'Advertisement', 'class': None, 'id': 'google_ads_iframe_/13474545/MaltaToday_business_ArticleLeaderboard_0', 'text': ''}, {'tag': 'iframe', 'src': None, 'aria_label': 'Advertisement', 'class': None, 'id': 'google_ads_iframe_/13474545/video_advert_preroll_0', 'text': ''}]",11,1,9,0.011873350923482849,5,0,3,0,0,37,27,0.1,0,0,0,0,0.006596306068601583,2,31,4,38.86666666666667,0,0,0,0,0,0,0,349,malta_today,article_pages
146,30,38,15,3,2,16,2,7150,1088,24,4,"[{'tag': 'iframe', 'src': None, 'aria_label': 'Advertisement', 'class': None, 'id': 'google_ads_iframe_/13474545/MaltaToday_business_Leaderboard_728x90_0', 'text': ''}, {'tag': 'iframe', 'src': None, 'aria_label': 'Advertisement', 'class': None, 'id': 'google_ads_iframe_/13474545/MaltaToday_business_Inline_300x250_0', 'text': ''}, {'tag': 'iframe', 'src': None, 'aria_label': 'Advertisement', 'class': None, 'id': 'google_ads_iframe_/13474545/MaltaToday_business_ArticleLeaderboard_0', 'text': ''}, {'tag': 'iframe', 'src': None, 'aria_label': 'Advertisement', 'class': None, 'id': 'google_ads_iframe_/13474545/video_advert_preroll_0', 'text': ''}]",11,1,9,0.011873350923482849,5,0,3,0,0,37,27,0.1,0,0,0,0,0.006596306068601583,2,31,4,38.86666666666667,0,0,0,0,0,0,0,350,malta_today,article_pages
146,30,38,15,3,2,16,2,7150,1088,24,4,"[{'tag': 'iframe', 'src': None, 'aria_label': 'Advertisement', 'class': None, 'id': 'google_ads_iframe_/13474545/MaltaToday_business_Leaderboard_728x90_0', 'text': ''}, {'tag': 'iframe', 'src': None, 'aria_label': 'Advertisement', 'class': None, 'id': 'google_ads_iframe_/13474545/MaltaToday_business_Inline_300x250_0', 'text': ''}, {'tag': 'iframe', 'src': None, 'aria_label': 'Advertisement', 'class': None, 'id': 'google_ads_iframe_/13474545/MaltaToday_business_ArticleLeaderboard_0', 'text': ''}, {'tag': 'iframe', 'src': None, 'aria_label': 'Advertisement', 'class': None, 'id': 'google_ads_iframe_/13474545/video_advert_preroll_0', 'text': ''}]",11,1,9,0.011873350923482849,5,0,3,0,0,37,27,0.1,0,0,0,0,0.006596306068601583,2,31,4,38.86666666666667,0,0,0,0,0,0,0,351,malta_today,article_pages
146,30,38,15,3,2,16,2,7150,1088,24,4,"[{'tag': 'iframe', 'src': None, 'aria_label': 'Advertisement', 'class': None, 'id': 'google_ads_iframe_/13474545/MaltaToday_business_Leaderboard_728x90_0', 'text': ''}, {'tag': 'iframe', 'src': None, 'aria_label': 'Advertisement', 'class': None, 'id': 'google_ads_iframe_/13474545/MaltaToday_business_Inline_300x250_0', 'text': ''}, {'tag': 'iframe', 'src': None, 'aria_label': 'Advertisement', 'class': None, 'id': 'google_ads_iframe_/13474545/MaltaToday_business_ArticleLeaderboard_0', 'text': ''}, {'tag': 'iframe', 'src': None, 'aria_label': 'Advertisement', 'class': None, 'id': 'google_ads_iframe_/13474545/video_advert_preroll_0', 'text': ''}]",11,1,9,0.011873350923482849,5,0,3,0,0,37,27,0.1,0,0,0,0,0.006596306068601583,2,31,4,38.86666666666667,0,0,0,0,0,0,0,352,malta_today,article_pages
146,30,38,15,3,2,16,2,7150,1088,24,4,"[{'tag': 'iframe', 'src': None, 'aria_label': 'Advertisement', 'class': None, 'id': 'google_ads_iframe_/13474545/MaltaToday_business_Leaderboard_728x90_0', 'text': ''}, {'tag': 'iframe', 'src': None, 'aria_label': 'Advertisement', 'class': None, 'id': 'google_ads_iframe_/13474545/MaltaToday_business_Inline_300x250_0', 'text': ''}, {'tag': 'iframe', 'src': None, 'aria_label': 'Advertisement', 'class': None, 'id': 'google_ads_iframe_/13474545/MaltaToday_business_ArticleLeaderboard_0', 'text': ''}, {'tag': 'iframe', 'src': None, 'aria_label': 'Advertisement', 'class': None, 'id': 'google_ads_iframe_/13474545/video_advert_preroll_0', 'text': ''}]",11,1,9,0.011873350923482849,5,0,3,0,0,37,27,0.1,0,0,0,0,0.006596306068601583,2,31,4,38.86666666666667,0,0,0,0,0,0,0,353,malta_today,article_pages
146,30,38,15,3,2,16,2,7150,1088,24,4,"[{'tag': 'iframe', 'src': None, 'aria_label': 'Advertisement', 'class': None, 'id': 'google_ads_iframe_/13474545/MaltaToday_business_Leaderboard_728x90_0', 'text': ''}, {'tag': 'iframe', 'src': None, 'aria_label': 'Advertisement', 'class': None, 'id': 'google_ads_iframe_/13474545/MaltaToday_business_Inline_300x250_0', 'text': ''}, {'tag': 'iframe', 'src': None, 'aria_label': 'Advertisement', 'class': None, 'id': 'google_ads_iframe_/13474545/MaltaToday_business_ArticleLeaderboard_0', 'text': ''}, {'tag': 'iframe', 'src': None, 'aria_label': 'Advertisement', 'class': None, 'id': 'google_ads_iframe_/13474545/video_advert_preroll_0', 'text': ''}]",11,1,9,0.011873350923482849,5,0,3,0,0,37,27,0.1,0,0,0,0,0.006596306068601583,2,31,4,38.86666666666667,0,0,0,0,0,0,0,354,malta_today,article_pages
146,30,38,15,3,2,16,2,7150,1088,24,4,"[{'tag': 'iframe', 'src': None, 'aria_label': 'Advertisement', 'class': None, 'id': 'google_ads_iframe_/13474545/MaltaToday_business_Leaderboard_728x90_0', 'text': ''}, {'tag': 'iframe', 'src': None, 'aria_label': 'Advertisement', 'class': None, 'id': 'google_ads_iframe_/13474545/MaltaToday_business_Inline_300x250_0', 'text': ''}, {'tag': 'iframe', 'src': None, 'aria_label': 'Advertisement', 'class': None, 'id': 'google_ads_iframe_/13474545/MaltaToday_business_ArticleLeaderboard_0', 'text': ''}, {'tag': 'iframe', 'src': None, 'aria_label': 'Advertisement', 'class': None, 'id': 'google_ads_iframe_/13474545/video_advert_preroll_0', 'text': ''}]",11,1,9,0.011873350923482849,5,0,3,0,0,37,27,0.1,0,0,0,0,0.006596306068601583,2,31,4,38.86666666666667,0,0,0,0,0,0,0,355,malta_today,article_pages
146,30,38,15,3,2,16,2,7150,1088,24,4,"[{'tag': 'iframe', 'src': None, 'aria_label': 'Advertisement', 'class': None, 'id': 'google_ads_iframe_/13474545/MaltaToday_business_Leaderboard_728x90_0', 'text': ''}, {'tag': 'iframe', 'src': None, 'aria_label': 'Advertisement', 'class': None, 'id': 'google_ads_iframe_/13474545/MaltaToday_business_Inline_300x250_0', 'text': ''}, {'tag': 'iframe', 'src': None, 'aria_label': 'Advertisement', 'class': None, 'id': 'google_ads_iframe_/13474545/MaltaToday_business_ArticleLeaderboard_0', 'text': ''}, {'tag': 'iframe', 'src': None, 'aria_label': 'Advertisement', 'class': None, 'id': 'google_ads_iframe_/13474545/video_advert_preroll_0', 'text': ''}]",11,1,9,0.011873350923482849,5,0,3,0,0,37,27,0.1,0,0,0,0,0.006596306068601583,2,31,4,38.86666666666667,0,0,0,0,0,0,0,356,malta_today,article_pages
146,30,38,15,3,2,16,2,7150,1088,24,4,"[{'tag': 'iframe', 'src': None, 'aria_label': 'Advertisement', 'class': None, 'id': 'google_ads_iframe_/13474545/MaltaToday_business_Leaderboard_728x90_0', 'text': ''}, {'tag': 'iframe', 'src': None, 'aria_label': 'Advertisement', 'class': None, 'id': 'google_ads_iframe_/13474545/MaltaToday_business_Inline_300x250_0', 'text': ''}, {'tag': 'iframe', 'src': None, 'aria_label': 'Advertisement', 'class': None, 'id': 'google_ads_iframe_/13474545/MaltaToday_business_ArticleLeaderboard_0', 'text': ''}, {'tag': 'iframe', 'src': None, 'aria_label': 'Advertisement', 'class': None, 'id': 'google_ads_iframe_/13474545/video_advert_preroll_0', 'text': ''}]",11,1,9,0.011873350923482849,5,0,3,0,0,37,27,0.1,0,0,0,0,0.006596306068601583,2,31,4,38.86666666666667,0,0,0,0,0,0,0,357,malta_today,article_pages
146,30,38,15,3,2,16,2,7150,1088,24,4,"[{'tag': 'iframe', 'src': None, 'aria_label': 'Advertisement', 'class': None, 'id': 'google_ads_iframe_/13474545/MaltaToday_business_Leaderboard_728x90_0', 'text': ''}, {'tag': 'iframe', 'src': None, 'aria_label': 'Advertisement', 'class': None, 'id': 'google_ads_iframe_/13474545/MaltaToday_business_Inline_300x250_0', 'text': ''}, {'tag': 'iframe', 'src': None, 'aria_label': 'Advertisement', 'class': None, 'id': 'google_ads_iframe_/13474545/MaltaToday_business_ArticleLeaderboard_0', 'text': ''}, {'tag': 'iframe', 'src': None, 'aria_label': 'Advertisement', 'class': None, 'id': 'google_ads_iframe_/13474545/video_advert_preroll_0', 'text': ''}]",11,1,9,0.011873350923482849,5,0,3,0,0,37,27,0.1,0,0,0,0,0.006596306068601583,2,31,4,38.86666666666667,0,0,0,0,0,0,0,358,malta_today,article_pages
146,30,38,15,3,2,16,2,7150,1088,24,4,"[{'tag': 'iframe', 'src': None, 'aria_label': 'Advertisement', 'class': None, 'id': 'google_ads_iframe_/13474545/MaltaToday_business_Leaderboard_728x90_0', 'text': ''}, {'tag': 'iframe', 'src': None, 'aria_label': 'Advertisement', 'class': None, 'id': 'google_ads_iframe_/13474545/MaltaToday_business_Inline_300x250_0', 'text': ''}, {'tag': 'iframe', 'src': None, 'aria_label': 'Advertisement', 'class': None, 'id': 'google_ads_iframe_/13474545/MaltaToday_business_ArticleLeaderboard_0', 'text': ''}, {'tag': 'iframe', 'src': None, 'aria_label': 'Advertisement', 'class': None, 'id': 'google_ads_iframe_/13474545/video_advert_preroll_0', 'text': ''}]",11,1,9,0.011873350923482849,5,0,3,0,0,37,27,0.1,0,0,0,0,0.006596306068601583,2,31,4,38.86666666666667,0,0,0,0,0,0,0,359,malta_today,article_pages
392,49,58,0,15,2,22,80,22983,3227,21,8,"[{'tag': 'div', 'src': None, 'aria_label': None, 'class': ['ad', 'top_push_alt'], 'id': None, 'text': ''}, {'tag': 'div', 'src': None, 'aria_label': None, 'class': ['ad', 'top_push'], 'id': None, 'text': ''}, {'tag': 'div', 'src': None, 'aria_label': None, 'class': ['ad', 'home_top'], 'id': None, 'text': ''}, {'tag': 'div', 'src': None, 'aria_label': None, 'class': ['ad', 'home_mid'], 'id': None, 'text': ''}, {'tag': 'div', 'src': None, 'aria_label': None, 'class': ['ad', 'home_side2'], 'id': None, 'text': ''}, {'tag': 'div', 'src': None, 'aria_label': None, 'class': ['ad', 'home_monster'], 'id': None, 'text': ''}, {'tag': 'div', 'src': None, 'aria_label': None, 'class': ['ad', 'home_side3'], 'id': None, 'text': ''}, {'tag': 'div', 'src': None, 'aria_label': None, 'class': ['ad', 'home_foot'], 'id': None, 'text': ''}]",-8,1,125,0.05813953488372093,76,4,7,9,0,17,2,0.9591836734693877,1,0,0,1,0.03953488372093023,1,13,3,20.636363636363637,10,4,102,75,1,90,1,360,newsbook,home_page
392,49,58,0,15,2,22,80,22983,3227,21,8,"[{'tag': 'div', 'src': None, 'aria_label': None, 'class': ['ad', 'top_push_alt'], 'id': None, 'text': ''}, {'tag': 'div', 'src': None, 'aria_label': None, 'class': ['ad', 'top_push'], 'id': None, 'text': ''}, {'tag': 'div', 'src': None, 'aria_label': None, 'class': ['ad', 'home_top'], 'id': None, 'text': ''}, {'tag': 'div', 'src': None, 'aria_label': None, 'class': ['ad', 'home_mid'], 'id': None, 'text': ''}, {'tag': 'div', 'src': None, 'aria_label': None, 'class': ['ad', 'home_side2'], 'id': None, 'text': ''}, {'tag': 'div', 'src': None, 'aria_label': None, 'class': ['ad', 'home_monster'], 'id': None, 'text': ''}, {'tag': 'div', 'src': None, 'aria_label': None, 'class': ['ad', 'home_side3'], 'id': None, 'text': ''}, {'tag': 'div', 'src': None, 'aria_label': None, 'class': ['ad', 'home_foot'], 'id': None, 'text': ''}]",-8,1,125,0.05813953488372093,76,4,7,9,0,17,2,0.9591836734693877,1,0,0,1,0.03953488372093023,1,13,3,20.636363636363637,10,4,102,75,1,90,1,361,newsbook,home_page
392,49,58,0,15,2,22,80,22983,3227,21,8,"[{'tag': 'div', 'src': None, 'aria_label': None, 'class': ['ad', 'top_push_alt'], 'id': None, 'text': ''}, {'tag': 'div', 'src': None, 'aria_label': None, 'class': ['ad', 'top_push'], 'id': None, 'text': ''}, {'tag': 'div', 'src': None, 'aria_label': None, 'class': ['ad', 'home_top'], 'id': None, 'text': ''}, {'tag': 'div', 'src': None, 'aria_label': None, 'class': ['ad', 'home_mid'], 'id': None, 'text': ''}, {'tag': 'div', 'src': None, 'aria_label': None, 'class': ['ad', 'home_side2'], 'id': None, 'text': ''}, {'tag': 'div', 'src': None, 'aria_label': None, 'class': ['ad', 'home_monster'], 'id': None, 'text': ''}, {'tag': 'div', 'src': None, 'aria_label': None, 'class': ['ad', 'home_side3'], 'id': None, 'text': ''}, {'tag': 'div', 'src': None, 'aria_label': None, 'class': ['ad', 'home_foot'], 'id': None, 'text': ''}]",-8,1,125,0.05813953488372093,76,4,7,9,0,17,2,0.9591836734693877,1,0,0,1,0.03953488372093023,1,13,3,20.636363636363637,10,4,102,75,1,90,1,362,newsbook,home_page
392,49,58,0,15,2,22,80,22983,3227,21,8,"[{'tag': 'div', 'src': None, 'aria_label': None, 'class': ['ad', 'top_push_alt'], 'id': None, 'text': ''}, {'tag': 'div', 'src': None, 'aria_label': None, 'class': ['ad', 'top_push'], 'id': None, 'text': ''}, {'tag': 'div', 'src': None, 'aria_label': None, 'class': ['ad', 'home_top'], 'id': None, 'text': ''}, {'tag': 'div', 'src': None, 'aria_label': None, 'class': ['ad', 'home_mid'], 'id': None, 'text': ''}, {'tag': 'div', 'src': None, 'aria_label': None, 'class': ['ad', 'home_side2'], 'id': None, 'text': ''}, {'tag': 'div', 'src': None, 'aria_label': None, 'class': ['ad', 'home_monster'], 'id': None, 'text': ''}, {'tag': 'div', 'src': None, 'aria_label': None, 'class': ['ad', 'home_side3'], 'id': None, 'text': ''}, {'tag': 'div', 'src': None, 'aria_label': None, 'class': ['ad', 'home_foot'], 'id': None, 'text': ''}]",-8,1,125,0.05813953488372093,76,4,7,9,0,17,2,0.9591836734693877,1,0,0,1,0.03953488372093023,1,13,3,20.636363636363637,10,4,102,75,1,90,1,363,newsbook,home_page
392,49,58,0,15,2,22,80,22983,3227,21,8,"[{'tag': 'div', 'src': None, 'aria_label': None, 'class': ['ad', 'top_push_alt'], 'id': None, 'text': ''}, {'tag': 'div', 'src': None, 'aria_label': None, 'class': ['ad', 'top_push'], 'id': None, 'text': ''}, {'tag': 'div', 'src': None, 'aria_label': None, 'class': ['ad', 'home_top'], 'id': None, 'text': ''}, {'tag': 'div', 'src': None, 'aria_label': None, 'class': ['ad', 'home_mid'], 'id': None, 'text': ''}, {'tag': 'div', 'src': None, 'aria_label': None, 'class': ['ad', 'home_side2'], 'id': None, 'text': ''}, {'tag': 'div', 'src': None, 'aria_label': None, 'class': ['ad', 'home_monster'], 'id': None, 'text': ''}, {'tag': 'div', 'src': None, 'aria_label': None, 'class': ['ad', 'home_side3'], 'id': None, 'text': ''}, {'tag': 'div', 'src': None, 'aria_label': None, 'class': ['ad', 'home_foot'], 'id': None, 'text': ''}]",-8,1,125,0.05813953488372093,76,4,7,9,0,17,2,0.9591836734693877,1,0,0,1,0.03953488372093023,1,13,3,20.636363636363637,10,4,102,75,1,90,1,364,newsbook,home_page
392,49,58,0,15,2,22,80,22983,3227,21,8,"[{'tag': 'div', 'src': None, 'aria_label': None, 'class': ['ad', 'top_push_alt'], 'id': None, 'text': ''}, {'tag': 'div', 'src': None, 'aria_label': None, 'class': ['ad', 'top_push'], 'id': None, 'text': ''}, {'tag': 'div', 'src': None, 'aria_label': None, 'class': ['ad', 'home_top'], 'id': None, 'text': ''}, {'tag': 'div', 'src': None, 'aria_label': None, 'class': ['ad', 'home_mid'], 'id': None, 'text': ''}, {'tag': 'div', 'src': None, 'aria_label': None, 'class': ['ad', 'home_side2'], 'id': None, 'text': ''}, {'tag': 'div', 'src': None, 'aria_label': None, 'class': ['ad', 'home_monster'], 'id': None, 'text': ''}, {'tag': 'div', 'src': None, 'aria_label': None, 'class': ['ad', 'home_side3'], 'id': None, 'text': ''}, {'tag': 'div', 'src': None, 'aria_label': None, 'class': ['ad', 'home_foot'], 'id': None, 'text': ''}]",-8,1,125,0.05813953488372093,76,4,7,9,0,17,2,0.9591836734693877,1,0,0,1,0.03953488372093023,1,13,3,20.636363636363637,10,4,102,75,1,90,1,365,newsbook,home_page
392,49,58,0,15,2,22,80,22983,3227,21,8,"[{'tag': 'div', 'src': None, 'aria_label': None, 'class': ['ad', 'top_push_alt'], 'id': None, 'text': ''}, {'tag': 'div', 'src': None, 'aria_label': None, 'class': ['ad', 'top_push'], 'id': None, 'text': ''}, {'tag': 'div', 'src': None, 'aria_label': None, 'class': ['ad', 'home_top'], 'id': None, 'text': ''}, {'tag': 'div', 'src': None, 'aria_label': None, 'class': ['ad', 'home_mid'], 'id': None, 'text': ''}, {'tag': 'div', 'src': None, 'aria_label': None, 'class': ['ad', 'home_side2'], 'id': None, 'text': ''}, {'tag': 'div', 'src': None, 'aria_label': None, 'class': ['ad', 'home_monster'], 'id': None, 'text': ''}, {'tag': 'div', 'src': None, 'aria_label': None, 'class': ['ad', 'home_side3'], 'id': None, 'text': ''}, {'tag': 'div', 'src': None, 'aria_label': None, 'class': ['ad', 'home_foot'], 'id': None, 'text': ''}]",-8,1,125,0.05813953488372093,76,4,7,9,0,17,2,0.9591836734693877,1,0,0,1,0.03953488372093023,1,13,3,20.636363636363637,10,4,102,75,1,90,1,366,newsbook,home_page
392,49,58,0,15,2,22,80,22983,3227,21,8,"[{'tag': 'div', 'src': None, 'aria_label': None, 'class': ['ad', 'top_push_alt'], 'id': None, 'text': ''}, {'tag': 'div', 'src': None, 'aria_label': None, 'class': ['ad', 'top_push'], 'id': None, 'text': ''}, {'tag': 'div', 'src': None, 'aria_label': None, 'class': ['ad', 'home_top'], 'id': None, 'text': ''}, {'tag': 'div', 'src': None, 'aria_label': None, 'class': ['ad', 'home_mid'], 'id': None, 'text': ''}, {'tag': 'div', 'src': None, 'aria_label': None, 'class': ['ad', 'home_side2'], 'id': None, 'text': ''}, {'tag': 'div', 'src': None, 'aria_label': None, 'class': ['ad', 'home_monster'], 'id': None, 'text': ''}, {'tag': 'div', 'src': None, 'aria_label': None, 'class': ['ad', 'home_side3'], 'id': None, 'text': ''}, {'tag': 'div', 'src': None, 'aria_label': None, 'class': ['ad', 'home_foot'], 'id': None, 'text': ''}]",-8,1,125,0.05813953488372093,76,4,7,9,0,17,2,0.9591836734693877,1,0,0,1,0.03953488372093023,1,13,3,20.636363636363637,10,4,102,75,1,90,1,367,newsbook,home_page
392,49,58,0,15,2,22,80,22983,3227,21,8,"[{'tag': 'div', 'src': None, 'aria_label': None, 'class': ['ad', 'top_push_alt'], 'id': None, 'text': ''}, {'tag': 'div', 'src': None, 'aria_label': None, 'class': ['ad', 'top_push'], 'id': None, 'text': ''}, {'tag': 'div', 'src': None, 'aria_label': None, 'class': ['ad', 'home_top'], 'id': None, 'text': ''}, {'tag': 'div', 'src': None, 'aria_label': None, 'class': ['ad', 'home_mid'], 'id': None, 'text': ''}, {'tag': 'div', 'src': None, 'aria_label': None, 'class': ['ad', 'home_side2'], 'id': None, 'text': ''}, {'tag': 'div', 'src': None, 'aria_label': None, 'class': ['ad', 'home_monster'], 'id': None, 'text': ''}, {'tag': 'div', 'src': None, 'aria_label': None, 'class': ['ad', 'home_side3'], 'id': None, 'text': ''}, {'tag': 'div', 'src': None, 'aria_label': None, 'class': ['ad', 'home_foot'], 'id': None, 'text': ''}]",-8,1,125,0.05813953488372093,76,4,7,9,0,17,2,0.9591836734693877,1,0,0,1,0.03953488372093023,1,13,3,20.636363636363637,10,4,102,75,1,90,1,368,newsbook,home_page
392,49,58,0,15,2,22,80,22983,3227,21,8,"[{'tag': 'div', 'src': None, 'aria_label': None, 'class': ['ad', 'top_push_alt'], 'id': None, 'text': ''}, {'tag': 'div', 'src': None, 'aria_label': None, 'class': ['ad', 'top_push'], 'id': None, 'text': ''}, {'tag': 'div', 'src': None, 'aria_label': None, 'class': ['ad', 'home_top'], 'id': None, 'text': ''}, {'tag': 'div', 'src': None, 'aria_label': None, 'class': ['ad', 'home_mid'], 'id': None, 'text': ''}, {'tag': 'div', 'src': None, 'aria_label': None, 'class': ['ad', 'home_side2'], 'id': None, 'text': ''}, {'tag': 'div', 'src': None, 'aria_label': None, 'class': ['ad', 'home_monster'], 'id': None, 'text': ''}, {'tag': 'div', 'src': None, 'aria_label': None, 'class': ['ad', 'home_side3'], 'id': None, 'text': ''}, {'tag': 'div', 'src': None, 'aria_label': None, 'class': ['ad', 'home_foot'], 'id': None, 'text': ''}]",-8,1,125,0.05813953488372093,76,4,7,9,0,17,2,0.9591836734693877,1,0,0,1,0.03953488372093023,1,13,3,20.636363636363637,10,4,102,75,1,90,1,369,newsbook,home_page
392,49,58,0,15,2,22,80,22983,3227,21,8,"[{'tag': 'div', 'src': None, 'aria_label': None, 'class': ['ad', 'top_push_alt'], 'id': None, 'text': ''}, {'tag': 'div', 'src': None, 'aria_label': None, 'class': ['ad', 'top_push'], 'id': None, 'text': ''}, {'tag': 'div', 'src': None, 'aria_label': None, 'class': ['ad', 'home_top'], 'id': None, 'text': ''}, {'tag': 'div', 'src': None, 'aria_label': None, 'class': ['ad', 'home_mid'], 'id': None, 'text': ''}, {'tag': 'div', 'src': None, 'aria_label': None, 'class': ['ad', 'home_side2'], 'id': None, 'text': ''}, {'tag': 'div', 'src': None, 'aria_label': None, 'class': ['ad', 'home_monster'], 'id': None, 'text': ''}, {'tag': 'div', 'src': None, 'aria_label': None, 'class': ['ad', 'home_side3'], 'id': None, 'text': ''}, {'tag': 'div', 'src': None, 'aria_label': None, 'class': ['ad', 'home_foot'], 'id': None, 'text': ''}]",-8,1,125,0.05813953488372093,76,4,7,9,0,17,2,0.9591836734693877,1,0,0,1,0.03953488372093023,1,13,3,20.636363636363637,10,4,102,75,1,90,1,370,newsbook,home_page
392,49,58,0,15,2,22,80,22983,3227,21,8,"[{'tag': 'div', 'src': None, 'aria_label': None, 'class': ['ad', 'top_push_alt'], 'id': None, 'text': ''}, {'tag': 'div', 'src': None, 'aria_label': None, 'class': ['ad', 'top_push'], 'id': None, 'text': ''}, {'tag': 'div', 'src': None, 'aria_label': None, 'class': ['ad', 'home_top'], 'id': None, 'text': ''}, {'tag': 'div', 'src': None, 'aria_label': None, 'class': ['ad', 'home_mid'], 'id': None, 'text': ''}, {'tag': 'div', 'src': None, 'aria_label': None, 'class': ['ad', 'home_side2'], 'id': None, 'text': ''}, {'tag': 'div', 'src': None, 'aria_label': None, 'class': ['ad', 'home_monster'], 'id': None, 'text': ''}, {'tag': 'div', 'src': None, 'aria_label': None, 'class': ['ad', 'home_side3'], 'id': None, 'text': ''}, {'tag': 'div', 'src': None, 'aria_label': None, 'class': ['ad', 'home_foot'], 'id': None, 'text': ''}]",-8,1,125,0.05813953488372093,76,4,7,9,0,17,2,0.9591836734693877,1,0,0,1,0.03953488372093023,1,13,3,20.636363636363637,10,4,102,75,1,90,1,371,newsbook,home_page
392,49,58,0,15,2,22,80,22983,3227,21,8,"[{'tag': 'div', 'src': None, 'aria_label': None, 'class': ['ad', 'top_push_alt'], 'id': None, 'text': ''}, {'tag': 'div', 'src': None, 'aria_label': None, 'class': ['ad', 'top_push'], 'id': None, 'text': ''}, {'tag': 'div', 'src': None, 'aria_label': None, 'class': ['ad', 'home_top'], 'id': None, 'text': ''}, {'tag': 'div', 'src': None, 'aria_label': None, 'class': ['ad', 'home_mid'], 'id': None, 'text': ''}, {'tag': 'div', 'src': None, 'aria_label': None, 'class': ['ad', 'home_side2'], 'id': None, 'text': ''}, {'tag': 'div', 'src': None, 'aria_label': None, 'class': ['ad', 'home_monster'], 'id': None, 'text': ''}, {'tag': 'div', 'src': None, 'aria_label': None, 'class': ['ad', 'home_side3'], 'id': None, 'text': ''}, {'tag': 'div', 'src': None, 'aria_label': None, 'class': ['ad', 'home_foot'], 'id': None, 'text': ''}]",-8,1,125,0.05813953488372093,76,4,7,9,0,17,2,0.9591836734693877,1,0,0,1,0.03953488372093023,1,13,3,20.636363636363637,0,0,0,0,0,0,0,372,newsbook,home_page
392,49,58,0,15,2,22,80,22983,3227,21,8,"[{'tag': 'div', 'src': None, 'aria_label': None, 'class': ['ad', 'top_push_alt'], 'id': None, 'text': ''}, {'tag': 'div', 'src': None, 'aria_label': None, 'class': ['ad', 'top_push'], 'id': None, 'text': ''}, {'tag': 'div', 'src': None, 'aria_label': None, 'class': ['ad', 'home_top'], 'id': None, 'text': ''}, {'tag': 'div', 'src': None, 'aria_label': None, 'class': ['ad', 'home_mid'], 'id': None, 'text': ''}, {'tag': 'div', 'src': None, 'aria_label': None, 'class': ['ad', 'home_side2'], 'id': None, 'text': ''}, {'tag': 'div', 'src': None, 'aria_label': None, 'class': ['ad', 'home_monster'], 'id': None, 'text': ''}, {'tag': 'div', 'src': None, 'aria_label': None, 'class': ['ad', 'home_side3'], 'id': None, 'text': ''}, {'tag': 'div', 'src': None, 'aria_label': None, 'class': ['ad', 'home_foot'], 'id': None, 'text': ''}]",-8,1,125,0.05813953488372093,76,4,7,9,0,17,2,0.9591836734693877,1,0,0,1,0.03953488372093023,1,13,3,20.636363636363637,0,0,0,0,0,0,0,373,newsbook,home_page
392,49,58,0,15,2,22,80,22983,3227,21,8,"[{'tag': 'div', 'src': None, 'aria_label': None, 'class': ['ad', 'top_push_alt'], 'id': None, 'text': ''}, {'tag': 'div', 'src': None, 'aria_label': None, 'class': ['ad', 'top_push'], 'id': None, 'text': ''}, {'tag': 'div', 'src': None, 'aria_label': None, 'class': ['ad', 'home_top'], 'id': None, 'text': ''}, {'tag': 'div', 'src': None, 'aria_label': None, 'class': ['ad', 'home_mid'], 'id': None, 'text': ''}, {'tag': 'div', 'src': None, 'aria_label': None, 'class': ['ad', 'home_side2'], 'id': None, 'text': ''}, {'tag': 'div', 'src': None, 'aria_label': None, 'class': ['ad', 'home_monster'], 'id': None, 'text': ''}, {'tag': 'div', 'src': None, 'aria_label': None, 'class': ['ad', 'home_side3'], 'id': None, 'text': ''}, {'tag': 'div', 'src': None, 'aria_label': None, 'class': ['ad', 'home_foot'], 'id': None, 'text': ''}]",-8,1,125,0.05813953488372093,76,4,7,9,0,17,2,0.9591836734693877,1,0,0,1,0.03953488372093023,1,13,3,20.636363636363637,0,0,0,0,0,0,0,374,newsbook,home_page
392,49,58,0,15,2,22,80,22983,3227,21,8,"[{'tag': 'div', 'src': None, 'aria_label': None, 'class': ['ad', 'top_push_alt'], 'id': None, 'text': ''}, {'tag': 'div', 'src': None, 'aria_label': None, 'class': ['ad', 'top_push'], 'id': None, 'text': ''}, {'tag': 'div', 'src': None, 'aria_label': None, 'class': ['ad', 'home_top'], 'id': None, 'text': ''}, {'tag': 'div', 'src': None, 'aria_label': None, 'class': ['ad', 'home_mid'], 'id': None, 'text': ''}, {'tag': 'div', 'src': None, 'aria_label': None, 'class': ['ad', 'home_side2'], 'id': None, 'text': ''}, {'tag': 'div', 'src': None, 'aria_label': None, 'class': ['ad', 'home_monster'], 'id': None, 'text': ''}, {'tag': 'div', 'src': None, 'aria_label': None, 'class': ['ad', 'home_side3'], 'id': None, 'text': ''}, {'tag': 'div', 'src': None, 'aria_label': None, 'class': ['ad', 'home_foot'], 'id': None, 'text': ''}]",-8,1,125,0.05813953488372093,76,4,7,9,0,17,2,0.9591836734693877,1,0,0,1,0.03953488372093023,1,13,3,20.636363636363637,10,4,102,75,1,90,1,375,newsbook,home_page
392,49,58,0,15,2,22,80,22983,3227,21,8,"[{'tag': 'div', 'src': None, 'aria_label': None, 'class': ['ad', 'top_push_alt'], 'id': None, 'text': ''}, {'tag': 'div', 'src': None, 'aria_label': None, 'class': ['ad', 'top_push'], 'id': None, 'text': ''}, {'tag': 'div', 'src': None, 'aria_label': None, 'class': ['ad', 'home_top'], 'id': None, 'text': ''}, {'tag': 'div', 'src': None, 'aria_label': None, 'class': ['ad', 'home_mid'], 'id': None, 'text': ''}, {'tag': 'div', 'src': None, 'aria_label': None, 'class': ['ad', 'home_side2'], 'id': None, 'text': ''}, {'tag': 'div', 'src': None, 'aria_label': None, 'class': ['ad', 'home_monster'], 'id': None, 'text': ''}, {'tag': 'div', 'src': None, 'aria_label': None, 'class': ['ad', 'home_side3'], 'id': None, 'text': ''}, {'tag': 'div', 'src': None, 'aria_label': None, 'class': ['ad', 'home_foot'], 'id': None, 'text': ''}]",-8,1,125,0.05813953488372093,76,4,7,9,0,17,2,0.9591836734693877,1,0,0,1,0.03953488372093023,1,13,3,20.636363636363637,10,4,102,75,1,90,1,376,newsbook,home_page
392,49,58,0,15,2,22,80,22983,3227,21,8,"[{'tag': 'div', 'src': None, 'aria_label': None, 'class': ['ad', 'top_push_alt'], 'id': None, 'text': ''}, {'tag': 'div', 'src': None, 'aria_label': None, 'class': ['ad', 'top_push'], 'id': None, 'text': ''}, {'tag': 'div', 'src': None, 'aria_label': None, 'class': ['ad', 'home_top'], 'id': None, 'text': ''}, {'tag': 'div', 'src': None, 'aria_label': None, 'class': ['ad', 'home_mid'], 'id': None, 'text': ''}, {'tag': 'div', 'src': None, 'aria_label': None, 'class': ['ad', 'home_side2'], 'id': None, 'text': ''}, {'tag': 'div', 'src': None, 'aria_label': None, 'class': ['ad', 'home_monster'], 'id': None, 'text': ''}, {'tag': 'div', 'src': None, 'aria_label': None, 'class': ['ad', 'home_side3'], 'id': None, 'text': ''}, {'tag': 'div', 'src': None, 'aria_label': None, 'class': ['ad', 'home_foot'], 'id': None, 'text': ''}]",-8,1,125,0.05813953488372093,76,4,7,9,0,17,2,0.9591836734693877,1,0,0,1,0.03953488372093023,1,13,3,20.636363636363637,0,0,0,0,0,0,0,377,newsbook,home_page
392,49,58,0,15,2,22,80,22983,3227,21,8,"[{'tag': 'div', 'src': None, 'aria_label': None, 'class': ['ad', 'top_push_alt'], 'id': None, 'text': ''}, {'tag': 'div', 'src': None, 'aria_label': None, 'class': ['ad', 'top_push'], 'id': None, 'text': ''}, {'tag': 'div', 'src': None, 'aria_label': None, 'class': ['ad', 'home_top'], 'id': None, 'text': ''}, {'tag': 'div', 'src': None, 'aria_label': None, 'class': ['ad', 'home_mid'], 'id': None, 'text': ''}, {'tag': 'div', 'src': None, 'aria_label': None, 'class': ['ad', 'home_side2'], 'id': None, 'text': ''}, {'tag': 'div', 'src': None, 'aria_label': None, 'class': ['ad', 'home_monster'], 'id': None, 'text': ''}, {'tag': 'div', 'src': None, 'aria_label': None, 'class': ['ad', 'home_side3'], 'id': None, 'text': ''}, {'tag': 'div', 'src': None, 'aria_label': None, 'class': ['ad', 'home_foot'], 'id': None, 'text': ''}]",-8,1,125,0.05813953488372093,76,4,7,9,0,17,2,0.9591836734693877,1,0,0,1,0.03953488372093023,1,13,3,20.636363636363637,0,0,0,0,0,0,0,378,newsbook,home_page
392,49,58,0,15,2,22,80,22983,3227,21,8,"[{'tag': 'div', 'src': None, 'aria_label': None, 'class': ['ad', 'top_push_alt'], 'id': None, 'text': ''}, {'tag': 'div', 'src': None, 'aria_label': None, 'class': ['ad', 'top_push'], 'id': None, 'text': ''}, {'tag': 'div', 'src': None, 'aria_label': None, 'class': ['ad', 'home_top'], 'id': None, 'text': ''}, {'tag': 'div', 'src': None, 'aria_label': None, 'class': ['ad', 'home_mid'], 'id': None, 'text': ''}, {'tag': 'div', 'src': None, 'aria_label': None, 'class': ['ad', 'home_side2'], 'id': None, 'text': ''}, {'tag': 'div', 'src': None, 'aria_label': None, 'class': ['ad', 'home_monster'], 'id': None, 'text': ''}, {'tag': 'div', 'src': None, 'aria_label': None, 'class': ['ad', 'home_side3'], 'id': None, 'text': ''}, {'tag': 'div', 'src': None, 'aria_label': None, 'class': ['ad', 'home_foot'], 'id': None, 'text': ''}]",-8,1,125,0.05813953488372093,76,4,7,9,0,17,2,0.9591836734693877,1,0,0,1,0.03953488372093023,1,13,3,20.636363636363637,0,0,0,0,0,0,0,379,newsbook,home_page
392,49,58,0,15,2,22,80,22983,3227,21,8,"[{'tag': 'div', 'src': None, 'aria_label': None, 'class': ['ad', 'top_push_alt'], 'id': None, 'text': ''}, {'tag': 'div', 'src': None, 'aria_label': None, 'class': ['ad', 'top_push'], 'id': None, 'text': ''}, {'tag': 'div', 'src': None, 'aria_label': None, 'class': ['ad', 'home_top'], 'id': None, 'text': ''}, {'tag': 'div', 'src': None, 'aria_label': None, 'class': ['ad', 'home_mid'], 'id': None, 'text': ''}, {'tag': 'div', 'src': None, 'aria_label': None, 'class': ['ad', 'home_side2'], 'id': None, 'text': ''}, {'tag': 'div', 'src': None, 'aria_label': None, 'class': ['ad', 'home_monster'], 'id': None, 'text': ''}, {'tag': 'div', 'src': None, 'aria_label': None, 'class': ['ad', 'home_side3'], 'id': None, 'text': ''}, {'tag': 'div', 'src': None, 'aria_label': None, 'class': ['ad', 'home_foot'], 'id': None, 'text': ''}]",-8,1,125,0.05813953488372093,76,4,7,9,0,17,2,0.9591836734693877,1,0,0,1,0.03953488372093023,1,13,3,20.636363636363637,0,0,0,0,0,0,0,380,newsbook,home_page
392,49,58,0,15,2,22,80,22983,3227,21,8,"[{'tag': 'div', 'src': None, 'aria_label': None, 'class': ['ad', 'top_push_alt'], 'id': None, 'text': ''}, {'tag': 'div', 'src': None, 'aria_label': None, 'class': ['ad', 'top_push'], 'id': None, 'text': ''}, {'tag': 'div', 'src': None, 'aria_label': None, 'class': ['ad', 'home_top'], 'id': None, 'text': ''}, {'tag': 'div', 'src': None, 'aria_label': None, 'class': ['ad', 'home_mid'], 'id': None, 'text': ''}, {'tag': 'div', 'src': None, 'aria_label': None, 'class': ['ad', 'home_side2'], 'id': None, 'text': ''}, {'tag': 'div', 'src': None, 'aria_label': None, 'class': ['ad', 'home_monster'], 'id': None, 'text': ''}, {'tag': 'div', 'src': None, 'aria_label': None, 'class': ['ad', 'home_side3'], 'id': None, 'text': ''}, {'tag': 'div', 'src': None, 'aria_label': None, 'class': ['ad', 'home_foot'], 'id': None, 'text': ''}]",-8,1,125,0.05813953488372093,76,4,7,9,0,17,2,0.9591836734693877,1,0,0,1,0.03953488372093023,1,13,3,20.636363636363637,10,4,102,75,1,90,1,381,newsbook,home_page
392,49,58,0,15,2,22,80,22983,3227,21,8,"[{'tag': 'div', 'src': None, 'aria_label': None, 'class': ['ad', 'top_push_alt'], 'id': None, 'text': ''}, {'tag': 'div', 'src': None, 'aria_label': None, 'class': ['ad', 'top_push'], 'id': None, 'text': ''}, {'tag': 'div', 'src': None, 'aria_label': None, 'class': ['ad', 'home_top'], 'id': None, 'text': ''}, {'tag': 'div', 'src': None, 'aria_label': None, 'class': ['ad', 'home_mid'], 'id': None, 'text': ''}, {'tag': 'div', 'src': None, 'aria_label': None, 'class': ['ad', 'home_side2'], 'id': None, 'text': ''}, {'tag': 'div', 'src': None, 'aria_label': None, 'class': ['ad', 'home_monster'], 'id': None, 'text': ''}, {'tag': 'div', 'src': None, 'aria_label': None, 'class': ['ad', 'home_side3'], 'id': None, 'text': ''}, {'tag': 'div', 'src': None, 'aria_label': None, 'class': ['ad', 'home_foot'], 'id': None, 'text': ''}]",-8,1,125,0.05813953488372093,76,4,7,9,0,17,2,0.9591836734693877,1,0,0,1,0.03953488372093023,1,13,3,20.636363636363637,10,4,102,75,1,90,1,382,newsbook,home_page
392,49,58,0,15,2,22,80,22983,3227,21,8,"[{'tag': 'div', 'src': None, 'aria_label': None, 'class': ['ad', 'top_push_alt'], 'id': None, 'text': ''}, {'tag': 'div', 'src': None, 'aria_label': None, 'class': ['ad', 'top_push'], 'id': None, 'text': ''}, {'tag': 'div', 'src': None, 'aria_label': None, 'class': ['ad', 'home_top'], 'id': None, 'text': ''}, {'tag': 'div', 'src': None, 'aria_label': None, 'class': ['ad', 'home_mid'], 'id': None, 'text': ''}, {'tag': 'div', 'src': None, 'aria_label': None, 'class': ['ad', 'home_side2'], 'id': None, 'text': ''}, {'tag': 'div', 'src': None, 'aria_label': None, 'class': ['ad', 'home_monster'], 'id': None, 'text': ''}, {'tag': 'div', 'src': None, 'aria_label': None, 'class': ['ad', 'home_side3'], 'id': None, 'text': ''}, {'tag': 'div', 'src': None, 'aria_label': None, 'class': ['ad', 'home_foot'], 'id': None, 'text': ''}]",-8,1,125,0.05813953488372093,76,4,7,9,0,17,2,0.9591836734693877,1,0,0,1,0.03953488372093023,1,13,3,20.636363636363637,10,4,102,75,1,90,1,383,newsbook,home_page
392,49,58,0,15,2,22,80,22983,3227,21,8,"[{'tag': 'div', 'src': None, 'aria_label': None, 'class': ['ad', 'top_push_alt'], 'id': None, 'text': ''}, {'tag': 'div', 'src': None, 'aria_label': None, 'class': ['ad', 'top_push'], 'id': None, 'text': ''}, {'tag': 'div', 'src': None, 'aria_label': None, 'class': ['ad', 'home_top'], 'id': None, 'text': ''}, {'tag': 'div', 'src': None, 'aria_label': None, 'class': ['ad', 'home_mid'], 'id': None, 'text': ''}, {'tag': 'div', 'src': None, 'aria_label': None, 'class': ['ad', 'home_side2'], 'id': None, 'text': ''}, {'tag': 'div', 'src': None, 'aria_label': None, 'class': ['ad', 'home_monster'], 'id': None, 'text': ''}, {'tag': 'div', 'src': None, 'aria_label': None, 'class': ['ad', 'home_side3'], 'id': None, 'text': ''}, {'tag': 'div', 'src': None, 'aria_label': None, 'class': ['ad', 'home_foot'], 'id': None, 'text': ''}]",-8,1,125,0.05813953488372093,76,4,7,9,0,17,2,0.9591836734693877,1,0,0,1,0.03953488372093023,1,13,3,20.636363636363637,10,4,102,75,1,90,1,384,newsbook,home_page
392,49,58,0,15,2,22,80,22983,3227,21,8,"[{'tag': 'div', 'src': None, 'aria_label': None, 'class': ['ad', 'top_push_alt'], 'id': None, 'text': ''}, {'tag': 'div', 'src': None, 'aria_label': None, 'class': ['ad', 'top_push'], 'id': None, 'text': ''}, {'tag': 'div', 'src': None, 'aria_label': None, 'class': ['ad', 'home_top'], 'id': None, 'text': ''}, {'tag': 'div', 'src': None, 'aria_label': None, 'class': ['ad', 'home_mid'], 'id': None, 'text': ''}, {'tag': 'div', 'src': None, 'aria_label': None, 'class': ['ad', 'home_side2'], 'id': None, 'text': ''}, {'tag': 'div', 'src': None, 'aria_label': None, 'class': ['ad', 'home_monster'], 'id': None, 'text': ''}, {'tag': 'div', 'src': None, 'aria_label': None, 'class': ['ad', 'home_side3'], 'id': None, 'text': ''}, {'tag': 'div', 'src': None, 'aria_label': None, 'class': ['ad', 'home_foot'], 'id': None, 'text': ''}]",-8,1,125,0.05813953488372093,76,4,7,9,0,17,2,0.9591836734693877,1,0,0,1,0.03953488372093023,1,13,3,20.636363636363637,10,4,102,75,1,90,1,385,newsbook,home_page
392,49,58,0,15,2,22,80,22983,3227,21,8,"[{'tag': 'div', 'src': None, 'aria_label': None, 'class': ['ad', 'top_push_alt'], 'id': None, 'text': ''}, {'tag': 'div', 'src': None, 'aria_label': None, 'class': ['ad', 'top_push'], 'id': None, 'text': ''}, {'tag': 'div', 'src': None, 'aria_label': None, 'class': ['ad', 'home_top'], 'id': None, 'text': ''}, {'tag': 'div', 'src': None, 'aria_label': None, 'class': ['ad', 'home_mid'], 'id': None, 'text': ''}, {'tag': 'div', 'src': None, 'aria_label': None, 'class': ['ad', 'home_side2'], 'id': None, 'text': ''}, {'tag': 'div', 'src': None, 'aria_label': None, 'class': ['ad', 'home_monster'], 'id': None, 'text': ''}, {'tag': 'div', 'src': None, 'aria_label': None, 'class': ['ad', 'home_side3'], 'id': None, 'text': ''}, {'tag': 'div', 'src': None, 'aria_label': None, 'class': ['ad', 'home_foot'], 'id': None, 'text': ''}]",-8,1,125,0.05813953488372093,76,4,7,9,0,17,2,0.9591836734693877,1,0,0,1,0.03953488372093023,1,13,3,20.636363636363637,0,0,0,0,0,0,0,386,newsbook,home_page
392,49,58,0,15,2,22,80,22983,3227,21,8,"[{'tag': 'div', 'src': None, 'aria_label': None, 'class': ['ad', 'top_push_alt'], 'id': None, 'text': ''}, {'tag': 'div', 'src': None, 'aria_label': None, 'class': ['ad', 'top_push'], 'id': None, 'text': ''}, {'tag': 'div', 'src': None, 'aria_label': None, 'class': ['ad', 'home_top'], 'id': None, 'text': ''}, {'tag': 'div', 'src': None, 'aria_label': None, 'class': ['ad', 'home_mid'], 'id': None, 'text': ''}, {'tag': 'div', 'src': None, 'aria_label': None, 'class': ['ad', 'home_side2'], 'id': None, 'text': ''}, {'tag': 'div', 'src': None, 'aria_label': None, 'class': ['ad', 'home_monster'], 'id': None, 'text': ''}, {'tag': 'div', 'src': None, 'aria_label': None, 'class': ['ad', 'home_side3'], 'id': None, 'text': ''}, {'tag': 'div', 'src': None, 'aria_label': None, 'class': ['ad', 'home_foot'], 'id': None, 'text': ''}]",-8,1,125,0.05813953488372093,76,4,7,9,0,17,2,0.9591836734693877,1,0,0,1,0.03953488372093023,1,13,3,20.636363636363637,10,4,102,75,1,90,1,387,newsbook,home_page
392,49,58,0,15,2,22,80,22983,3227,21,8,"[{'tag': 'div', 'src': None, 'aria_label': None, 'class': ['ad', 'top_push_alt'], 'id': None, 'text': ''}, {'tag': 'div', 'src': None, 'aria_label': None, 'class': ['ad', 'top_push'], 'id': None, 'text': ''}, {'tag': 'div', 'src': None, 'aria_label': None, 'class': ['ad', 'home_top'], 'id': None, 'text': ''}, {'tag': 'div', 'src': None, 'aria_label': None, 'class': ['ad', 'home_mid'], 'id': None, 'text': ''}, {'tag': 'div', 'src': None, 'aria_label': None, 'class': ['ad', 'home_side2'], 'id': None, 'text': ''}, {'tag': 'div', 'src': None, 'aria_label': None, 'class': ['ad', 'home_monster'], 'id': None, 'text': ''}, {'tag': 'div', 'src': None, 'aria_label': None, 'class': ['ad', 'home_side3'], 'id': None, 'text': ''}, {'tag': 'div', 'src': None, 'aria_label': None, 'class': ['ad', 'home_foot'], 'id': None, 'text': ''}]",-8,1,125,0.05813953488372093,76,4,7,9,0,17,2,0.9591836734693877,1,0,0,1,0.03953488372093023,1,13,3,20.636363636363637,0,0,0,0,0,0,0,388,newsbook,home_page
392,49,58,0,15,2,22,80,22983,3227,21,8,"[{'tag': 'div', 'src': None, 'aria_label': None, 'class': ['ad', 'top_push_alt'], 'id': None, 'text': ''}, {'tag': 'div', 'src': None, 'aria_label': None, 'class': ['ad', 'top_push'], 'id': None, 'text': ''}, {'tag': 'div', 'src': None, 'aria_label': None, 'class': ['ad', 'home_top'], 'id': None, 'text': ''}, {'tag': 'div', 'src': None, 'aria_label': None, 'class': ['ad', 'home_mid'], 'id': None, 'text': ''}, {'tag': 'div', 'src': None, 'aria_label': None, 'class': ['ad', 'home_side2'], 'id': None, 'text': ''}, {'tag': 'div', 'src': None, 'aria_label': None, 'class': ['ad', 'home_monster'], 'id': None, 'text': ''}, {'tag': 'div', 'src': None, 'aria_label': None, 'class': ['ad', 'home_side3'], 'id': None, 'text': ''}, {'tag': 'div', 'src': None, 'aria_label': None, 'class': ['ad', 'home_foot'], 'id': None, 'text': ''}]",-8,1,125,0.05813953488372093,76,4,7,9,0,17,2,0.9591836734693877,1,0,0,1,0.03953488372093023,1,13,3,20.636363636363637,10,4,102,75,1,90,1,389,newsbook,home_page
392,49,58,0,15,2,22,80,22983,3227,21,8,"[{'tag': 'div', 'src': None, 'aria_label': None, 'class': ['ad', 'top_push_alt'], 'id': None, 'text': ''}, {'tag': 'div', 'src': None, 'aria_label': None, 'class': ['ad', 'top_push'], 'id': None, 'text': ''}, {'tag': 'div', 'src': None, 'aria_label': None, 'class': ['ad', 'home_top'], 'id': None, 'text': ''}, {'tag': 'div', 'src': None, 'aria_label': None, 'class': ['ad', 'home_mid'], 'id': None, 'text': ''}, {'tag': 'div', 'src': None, 'aria_label': None, 'class': ['ad', 'home_side2'], 'id': None, 'text': ''}, {'tag': 'div', 'src': None, 'aria_label': None, 'class': ['ad', 'home_monster'], 'id': None, 'text': ''}, {'tag': 'div', 'src': None, 'aria_label': None, 'class': ['ad', 'home_side3'], 'id': None, 'text': ''}, {'tag': 'div', 'src': None, 'aria_label': None, 'class': ['ad', 'home_foot'], 'id': None, 'text': ''}]",-8,1,125,0.05813953488372093,76,4,7,9,0,17,2,0.9591836734693877,1,0,0,1,0.03953488372093023,1,13,3,20.636363636363637,10,4,102,75,1,90,1,390,newsbook,home_page
392,49,58,0,15,2,22,80,22983,3227,21,8,"[{'tag': 'div', 'src': None, 'aria_label': None, 'class': ['ad', 'top_push_alt'], 'id': None, 'text': ''}, {'tag': 'div', 'src': None, 'aria_label': None, 'class': ['ad', 'top_push'], 'id': None, 'text': ''}, {'tag': 'div', 'src': None, 'aria_label': None, 'class': ['ad', 'home_top'], 'id': None, 'text': ''}, {'tag': 'div', 'src': None, 'aria_label': None, 'class': ['ad', 'home_mid'], 'id': None, 'text': ''}, {'tag': 'div', 'src': None, 'aria_label': None, 'class': ['ad', 'home_side2'], 'id': None, 'text': ''}, {'tag': 'div', 'src': None, 'aria_label': None, 'class': ['ad', 'home_monster'], 'id': None, 'text': ''}, {'tag': 'div', 'src': None, 'aria_label': None, 'class': ['ad', 'home_side3'], 'id': None, 'text': ''}, {'tag': 'div', 'src': None, 'aria_label': None, 'class': ['ad', 'home_foot'], 'id': None, 'text': ''}]",-8,1,125,0.05813953488372093,76,4,7,9,0,17,2,0.9591836734693877,1,0,0,1,0.03953488372093023,1,13,3,20.636363636363637,10,4,102,75,1,90,1,391,newsbook,home_page
392,49,58,0,15,2,22,80,22983,3227,21,8,"[{'tag': 'div', 'src': None, 'aria_label': None, 'class': ['ad', 'top_push_alt'], 'id': None, 'text': ''}, {'tag': 'div', 'src': None, 'aria_label': None, 'class': ['ad', 'top_push'], 'id': None, 'text': ''}, {'tag': 'div', 'src': None, 'aria_label': None, 'class': ['ad', 'home_top'], 'id': None, 'text': ''}, {'tag': 'div', 'src': None, 'aria_label': None, 'class': ['ad', 'home_mid'], 'id': None, 'text': ''}, {'tag': 'div', 'src': None, 'aria_label': None, 'class': ['ad', 'home_side2'], 'id': None, 'text': ''}, {'tag': 'div', 'src': None, 'aria_label': None, 'class': ['ad', 'home_monster'], 'id': None, 'text': ''}, {'tag': 'div', 'src': None, 'aria_label': None, 'class': ['ad', 'home_side3'], 'id': None, 'text': ''}, {'tag': 'div', 'src': None, 'aria_label': None, 'class': ['ad', 'home_foot'], 'id': None, 'text': ''}]",-8,1,125,0.05813953488372093,76,4,7,9,0,17,2,0.9591836734693877,1,0,0,1,0.03953488372093023,1,13,3,20.636363636363637,10,4,102,75,1,90,1,392,newsbook,home_page
392,49,58,0,15,2,22,80,22983,3227,21,8,"[{'tag': 'div', 'src': None, 'aria_label': None, 'class': ['ad', 'top_push_alt'], 'id': None, 'text': ''}, {'tag': 'div', 'src': None, 'aria_label': None, 'class': ['ad', 'top_push'], 'id': None, 'text': ''}, {'tag': 'div', 'src': None, 'aria_label': None, 'class': ['ad', 'home_top'], 'id': None, 'text': ''}, {'tag': 'div', 'src': None, 'aria_label': None, 'class': ['ad', 'home_mid'], 'id': None, 'text': ''}, {'tag': 'div', 'src': None, 'aria_label': None, 'class': ['ad', 'home_side2'], 'id': None, 'text': ''}, {'tag': 'div', 'src': None, 'aria_label': None, 'class': ['ad', 'home_monster'], 'id': None, 'text': ''}, {'tag': 'div', 'src': None, 'aria_label': None, 'class': ['ad', 'home_side3'], 'id': None, 'text': ''}, {'tag': 'div', 'src': None, 'aria_label': None, 'class': ['ad', 'home_foot'], 'id': None, 'text': ''}]",-8,1,125,0.05813953488372093,76,4,7,9,0,17,2,0.9591836734693877,1,0,0,1,0.03953488372093023,1,13,3,20.636363636363637,0,0,0,0,0,0,0,393,newsbook,home_page
392,49,58,0,15,2,22,80,22983,3227,21,8,"[{'tag': 'div', 'src': None, 'aria_label': None, 'class': ['ad', 'top_push_alt'], 'id': None, 'text': ''}, {'tag': 'div', 'src': None, 'aria_label': None, 'class': ['ad', 'top_push'], 'id': None, 'text': ''}, {'tag': 'div', 'src': None, 'aria_label': None, 'class': ['ad', 'home_top'], 'id': None, 'text': ''}, {'tag': 'div', 'src': None, 'aria_label': None, 'class': ['ad', 'home_mid'], 'id': None, 'text': ''}, {'tag': 'div', 'src': None, 'aria_label': None, 'class': ['ad', 'home_side2'], 'id': None, 'text': ''}, {'tag': 'div', 'src': None, 'aria_label': None, 'class': ['ad', 'home_monster'], 'id': None, 'text': ''}, {'tag': 'div', 'src': None, 'aria_label': None, 'class': ['ad', 'home_side3'], 'id': None, 'text': ''}, {'tag': 'div', 'src': None, 'aria_label': None, 'class': ['ad', 'home_foot'], 'id': None, 'text': ''}]",-8,1,125,0.05813953488372093,76,4,7,9,0,17,2,0.9591836734693877,1,0,0,1,0.03953488372093023,1,13,3,20.636363636363637,10,4,102,75,1,90,1,394,newsbook,home_page
132,38,49,0,15,2,21,21,6728,978,16,6,"[{'tag': 'div', 'src': None, 'aria_label': None, 'class': ['ad', 'top_push_alt'], 'id': None, 'text': ''}, {'tag': 'div', 'src': None, 'aria_label': None, 'class': ['ad', 'top_push'], 'id': None, 'text': ''}, {'tag': 'div', 'src': None, 'aria_label': None, 'class': ['ad', 'cat_side1'], 'id': None, 'text': ''}, {'tag': 'div', 'src': None, 'aria_label': None, 'class': ['ad', 'allcats_side_btwn_1_2'], 'id': None, 'text': ''}, {'tag': 'div', 'src': None, 'aria_label': None, 'class': ['ad', 'cat_side2'], 'id': None, 'text': ''}, {'tag': 'div', 'src': None, 'aria_label': None, 'class': ['ad', 'cat_side3'], 'id': None, 'text': ''}]",-6,1,41,0.04515418502202643,20,4,7,1,0,18,2,0.9473684210526315,1,0,0,1,0.03634361233480176,1,14,3,21.476190476190474,9,4,53,13,0,40,1,395,newsbook,news_listing
132,38,49,0,15,2,21,21,6728,978,16,6,"[{'tag': 'div', 'src': None, 'aria_label': None, 'class': ['ad', 'top_push_alt'], 'id': None, 'text': ''}, {'tag': 'div', 'src': None, 'aria_label': None, 'class': ['ad', 'top_push'], 'id': None, 'text': ''}, {'tag': 'div', 'src': None, 'aria_label': None, 'class': ['ad', 'cat_side1'], 'id': None, 'text': ''}, {'tag': 'div', 'src': None, 'aria_label': None, 'class': ['ad', 'allcats_side_btwn_1_2'], 'id': None, 'text': ''}, {'tag': 'div', 'src': None, 'aria_label': None, 'class': ['ad', 'cat_side2'], 'id': None, 'text': ''}, {'tag': 'div', 'src': None, 'aria_label': None, 'class': ['ad', 'cat_side3'], 'id': None, 'text': ''}]",-6,1,41,0.04515418502202643,20,4,7,1,0,18,2,0.9473684210526315,1,0,0,1,0.03634361233480176,1,14,3,21.476190476190474,9,4,53,13,0,40,1,396,newsbook,news_listing
132,38,49,0,15,2,21,21,6728,978,16,6,"[{'tag': 'div', 'src': None, 'aria_label': None, 'class': ['ad', 'top_push_alt'], 'id': None, 'text': ''}, {'tag': 'div', 'src': None, 'aria_label': None, 'class': ['ad', 'top_push'], 'id': None, 'text': ''}, {'tag': 'div', 'src': None, 'aria_label': None, 'class': ['ad', 'cat_side1'], 'id': None, 'text': ''}, {'tag': 'div', 'src': None, 'aria_label': None, 'class': ['ad', 'allcats_side_btwn_1_2'], 'id': None, 'text': ''}, {'tag': 'div', 'src': None, 'aria_label': None, 'class': ['ad', 'cat_side2'], 'id': None, 'text': ''}, {'tag': 'div', 'src': None, 'aria_label': None, 'class': ['ad', 'cat_side3'], 'id': None, 'text': ''}]",-6,1,41,0.04515418502202643,20,4,7,1,0,18,2,0.9473684210526315,1,0,0,1,0.03634361233480176,1,14,3,21.476190476190474,9,4,53,13,0,40,1,397,newsbook,news_listing
132,38,49,0,15,2,21,21,6728,978,16,6,"[{'tag': 'div', 'src': None, 'aria_label': None, 'class': ['ad', 'top_push_alt'], 'id': None, 'text': ''}, {'tag': 'div', 'src': None, 'aria_label': None, 'class': ['ad', 'top_push'], 'id': None, 'text': ''}, {'tag': 'div', 'src': None, 'aria_label': None, 'class': ['ad', 'cat_side1'], 'id': None, 'text': ''}, {'tag': 'div', 'src': None, 'aria_label': None, 'class': ['ad', 'allcats_side_btwn_1_2'], 'id': None, 'text': ''}, {'tag': 'div', 'src': None, 'aria_label': None, 'class': ['ad', 'cat_side2'], 'id': None, 'text': ''}, {'tag': 'div', 'src': None, 'aria_label': None, 'class': ['ad', 'cat_side3'], 'id': None, 'text': ''}]",-6,1,41,0.04515418502202643,20,4,7,1,0,18,2,0.9473684210526315,1,0,0,1,0.03634361233480176,1,14,3,21.476190476190474,9,4,53,13,0,40,1,398,newsbook,news_listing
132,38,49,0,15,2,21,21,6728,978,16,6,"[{'tag': 'div', 'src': None, 'aria_label': None, 'class': ['ad', 'top_push_alt'], 'id': None, 'text': ''}, {'tag': 'div', 'src': None, 'aria_label': None, 'class': ['ad', 'top_push'], 'id': None, 'text': ''}, {'tag': 'div', 'src': None, 'aria_label': None, 'class': ['ad', 'cat_side1'], 'id': None, 'text': ''}, {'tag': 'div', 'src': None, 'aria_label': None, 'class': ['ad', 'allcats_side_btwn_1_2'], 'id': None, 'text': ''}, {'tag': 'div', 'src': None, 'aria_label': None, 'class': ['ad', 'cat_side2'], 'id': None, 'text': ''}, {'tag': 'div', 'src': None, 'aria_label': None, 'class': ['ad', 'cat_side3'], 'id': None, 'text': ''}]",-6,1,41,0.04515418502202643,20,4,7,1,0,18,2,0.9473684210526315,1,0,0,1,0.03634361233480176,1,14,3,21.476190476190474,9,4,53,13,0,40,1,399,newsbook,news_listing
132,38,49,0,15,2,21,21,6728,978,16,6,"[{'tag': 'div', 'src': None, 'aria_label': None, 'class': ['ad', 'top_push_alt'], 'id': None, 'text': ''}, {'tag': 'div', 'src': None, 'aria_label': None, 'class': ['ad', 'top_push'], 'id': None, 'text': ''}, {'tag': 'div', 'src': None, 'aria_label': None, 'class': ['ad', 'cat_side1'], 'id': None, 'text': ''}, {'tag': 'div', 'src': None, 'aria_label': None, 'class': ['ad', 'allcats_side_btwn_1_2'], 'id': None, 'text': ''}, {'tag': 'div', 'src': None, 'aria_label': None, 'class': ['ad', 'cat_side2'], 'id': None, 'text': ''}, {'tag': 'div', 'src': None, 'aria_label': None, 'class': ['ad', 'cat_side3'], 'id': None, 'text': ''}]",-6,1,41,0.04515418502202643,20,4,7,1,0,18,2,0.9473684210526315,1,0,0,1,0.03634361233480176,1,14,3,21.476190476190474,0,0,0,0,0,0,0,400,newsbook,news_listing
132,38,49,0,15,2,21,21,6728,978,16,6,"[{'tag': 'div', 'src': None, 'aria_label': None, 'class': ['ad', 'top_push_alt'], 'id': None, 'text': ''}, {'tag': 'div', 'src': None, 'aria_label': None, 'class': ['ad', 'top_push'], 'id': None, 'text': ''}, {'tag': 'div', 'src': None, 'aria_label': None, 'class': ['ad', 'cat_side1'], 'id': None, 'text': ''}, {'tag': 'div', 'src': None, 'aria_label': None, 'class': ['ad', 'allcats_side_btwn_1_2'], 'id': None, 'text': ''}, {'tag': 'div', 'src': None, 'aria_label': None, 'class': ['ad', 'cat_side2'], 'id': None, 'text': ''}, {'tag': 'div', 'src': None, 'aria_label': None, 'class': ['ad', 'cat_side3'], 'id': None, 'text': ''}]",-6,1,41,0.04515418502202643,20,4,7,1,0,18,2,0.9473684210526315,1,0,0,1,0.03634361233480176,1,14,3,21.476190476190474,9,4,53,13,0,40,1,401,newsbook,news_listing
133,37,49,0,15,2,21,21,6553,955,16,6,"[{'tag': 'div', 'src': None, 'aria_label': None, 'class': ['ad', 'top_push_alt'], 'id': None, 'text': ''}, {'tag': 'div', 'src': None, 'aria_label': None, 'class': ['ad', 'top_push'], 'id': None, 'text': ''}, {'tag': 'div', 'src': None, 'aria_label': None, 'class': ['ad', 'cat_side1'], 'id': None, 'text': ''}, {'tag': 'div', 'src': None, 'aria_label': None, 'class': ['ad', 'allcats_side_btwn_1_2'], 'id': None, 'text': ''}, {'tag': 'div', 'src': None, 'aria_label': None, 'class': ['ad', 'cat_side2'], 'id': None, 'text': ''}, {'tag': 'div', 'src': None, 'aria_label': None, 'class': ['ad', 'cat_side3'], 'id': None, 'text': ''}]",-6,1,41,0.04525386313465784,20,4,7,1,0,19,2,0.9459459459459459,1,0,0,1,0.03642384105960265,1,15,3,21.476190476190474,9,4,54,13,0,40,1,402,newsbook,news_listing
133,37,49,0,15,2,21,21,6553,955,16,6,"[{'tag': 'div', 'src': None, 'aria_label': None, 'class': ['ad', 'top_push_alt'], 'id': None, 'text': ''}, {'tag': 'div', 'src': None, 'aria_label': None, 'class': ['ad', 'top_push'], 'id': None, 'text': ''}, {'tag': 'div', 'src': None, 'aria_label': None, 'class': ['ad', 'cat_side1'], 'id': None, 'text': ''}, {'tag': 'div', 'src': None, 'aria_label': None, 'class': ['ad', 'allcats_side_btwn_1_2'], 'id': None, 'text': ''}, {'tag': 'div', 'src': None, 'aria_label': None, 'class': ['ad', 'cat_side2'], 'id': None, 'text': ''}, {'tag': 'div', 'src': None, 'aria_label': None, 'class': ['ad', 'cat_side3'], 'id': None, 'text': ''}]",-6,1,41,0.04525386313465784,20,4,7,1,0,19,2,0.9459459459459459,1,0,0,1,0.03642384105960265,1,15,3,21.476190476190474,9,4,54,13,0,40,1,403,newsbook,news_listing
133,37,49,0,15,2,21,21,6553,955,16,6,"[{'tag': 'div', 'src': None, 'aria_label': None, 'class': ['ad', 'top_push_alt'], 'id': None, 'text': ''}, {'tag': 'div', 'src': None, 'aria_label': None, 'class': ['ad', 'top_push'], 'id': None, 'text': ''}, {'tag': 'div', 'src': None, 'aria_label': None, 'class': ['ad', 'cat_side1'], 'id': None, 'text': ''}, {'tag': 'div', 'src': None, 'aria_label': None, 'class': ['ad', 'allcats_side_btwn_1_2'], 'id': None, 'text': ''}, {'tag': 'div', 'src': None, 'aria_label': None, 'class': ['ad', 'cat_side2'], 'id': None, 'text': ''}, {'tag': 'div', 'src': None, 'aria_label': None, 'class': ['ad', 'cat_side3'], 'id': None, 'text': ''}]",-6,1,41,0.04525386313465784,20,4,7,1,0,19,2,0.9459459459459459,1,0,0,1,0.03642384105960265,1,15,3,21.476190476190474,9,4,54,13,0,40,1,404,newsbook,news_listing
133,37,49,0,15,2,21,21,6553,955,16,6,"[{'tag': 'div', 'src': None, 'aria_label': None, 'class': ['ad', 'top_push_alt'], 'id': None, 'text': ''}, {'tag': 'div', 'src': None, 'aria_label': None, 'class': ['ad', 'top_push'], 'id': None, 'text': ''}, {'tag': 'div', 'src': None, 'aria_label': None, 'class': ['ad', 'cat_side1'], 'id': None, 'text': ''}, {'tag': 'div', 'src': None, 'aria_label': None, 'class': ['ad', 'allcats_side_btwn_1_2'], 'id': None, 'text': ''}, {'tag': 'div', 'src': None, 'aria_label': None, 'class': ['ad', 'cat_side2'], 'id': None, 'text': ''}, {'tag': 'div', 'src': None, 'aria_label': None, 'class': ['ad', 'cat_side3'], 'id': None, 'text': ''}]",-6,1,41,0.04525386313465784,20,4,7,1,0,19,2,0.9459459459459459,1,0,0,1,0.03642384105960265,1,15,3,21.476190476190474,9,4,54,13,0,40,1,405,newsbook,news_listing
133,37,49,0,15,2,21,21,6553,955,16,6,"[{'tag': 'div', 'src': None, 'aria_label': None, 'class': ['ad', 'top_push_alt'], 'id': None, 'text': ''}, {'tag': 'div', 'src': None, 'aria_label': None, 'class': ['ad', 'top_push'], 'id': None, 'text': ''}, {'tag': 'div', 'src': None, 'aria_label': None, 'class': ['ad', 'cat_side1'], 'id': None, 'text': ''}, {'tag': 'div', 'src': None, 'aria_label': None, 'class': ['ad', 'allcats_side_btwn_1_2'], 'id': None, 'text': ''}, {'tag': 'div', 'src': None, 'aria_label': None, 'class': ['ad', 'cat_side2'], 'id': None, 'text': ''}, {'tag': 'div', 'src': None, 'aria_label': None, 'class': ['ad', 'cat_side3'], 'id': None, 'text': ''}]",-6,1,41,0.04525386313465784,20,4,7,1,0,19,2,0.9459459459459459,1,0,0,1,0.03642384105960265,1,15,3,21.476190476190474,9,4,54,13,0,40,1,406,newsbook,news_listing
133,37,49,0,15,2,21,21,6553,955,16,6,"[{'tag': 'div', 'src': None, 'aria_label': None, 'class': ['ad', 'top_push_alt'], 'id': None, 'text': ''}, {'tag': 'div', 'src': None, 'aria_label': None, 'class': ['ad', 'top_push'], 'id': None, 'text': ''}, {'tag': 'div', 'src': None, 'aria_label': None, 'class': ['ad', 'cat_side1'], 'id': None, 'text': ''}, {'tag': 'div', 'src': None, 'aria_label': None, 'class': ['ad', 'allcats_side_btwn_1_2'], 'id': None, 'text': ''}, {'tag': 'div', 'src': None, 'aria_label': None, 'class': ['ad', 'cat_side2'], 'id': None, 'text': ''}, {'tag': 'div', 'src': None, 'aria_label': None, 'class': ['ad', 'cat_side3'], 'id': None, 'text': ''}]",-6,1,41,0.04525386313465784,20,4,7,1,0,19,2,0.9459459459459459,1,0,0,1,0.03642384105960265,1,15,3,21.476190476190474,9,4,54,13,0,40,1,407,newsbook,news_listing
133,37,49,0,15,2,21,21,6553,955,16,6,"[{'tag': 'div', 'src': None, 'aria_label': None, 'class': ['ad', 'top_push_alt'], 'id': None, 'text': ''}, {'tag': 'div', 'src': None, 'aria_label': None, 'class': ['ad', 'top_push'], 'id': None, 'text': ''}, {'tag': 'div', 'src': None, 'aria_label': None, 'class': ['ad', 'cat_side1'], 'id': None, 'text': ''}, {'tag': 'div', 'src': None, 'aria_label': None, 'class': ['ad', 'allcats_side_btwn_1_2'], 'id': None, 'text': ''}, {'tag': 'div', 'src': None, 'aria_label': None, 'class': ['ad', 'cat_side2'], 'id': None, 'text': ''}, {'tag': 'div', 'src': None, 'aria_label': None, 'class': ['ad', 'cat_side3'], 'id': None, 'text': ''}]",-6,1,41,0.04525386313465784,20,4,7,1,0,19,2,0.9459459459459459,1,0,0,1,0.03642384105960265,1,15,3,21.476190476190474,0,0,0,0,0,0,0,408,newsbook,news_listing
134,37,49,0,15,2,21,21,6480,955,16,6,"[{'tag': 'div', 'src': None, 'aria_label': None, 'class': ['ad', 'top_push_alt'], 'id': None, 'text': ''}, {'tag': 'div', 'src': None, 'aria_label': None, 'class': ['ad', 'top_push'], 'id': None, 'text': ''}, {'tag': 'div', 'src': None, 'aria_label': None, 'class': ['ad', 'cat_side1'], 'id': None, 'text': ''}, {'tag': 'div', 'src': None, 'aria_label': None, 'class': ['ad', 'allcats_side_btwn_1_2'], 'id': None, 'text': ''}, {'tag': 'div', 'src': None, 'aria_label': None, 'class': ['ad', 'cat_side2'], 'id': None, 'text': ''}, {'tag': 'div', 'src': None, 'aria_label': None, 'class': ['ad', 'cat_side3'], 'id': None, 'text': ''}]",-6,1,41,0.04520396912899669,20,4,7,1,0,19,2,0.9459459459459459,1,0,0,1,0.03638368246968027,1,15,3,21.476190476190474,9,4,54,13,0,40,1,409,newsbook,news_listing
134,37,49,0,15,2,21,21,6480,955,16,6,"[{'tag': 'div', 'src': None, 'aria_label': None, 'class': ['ad', 'top_push_alt'], 'id': None, 'text': ''}, {'tag': 'div', 'src': None, 'aria_label': None, 'class': ['ad', 'top_push'], 'id': None, 'text': ''}, {'tag': 'div', 'src': None, 'aria_label': None, 'class': ['ad', 'cat_side1'], 'id': None, 'text': ''}, {'tag': 'div', 'src': None, 'aria_label': None, 'class': ['ad', 'allcats_side_btwn_1_2'], 'id': None, 'text': ''}, {'tag': 'div', 'src': None, 'aria_label': None, 'class': ['ad', 'cat_side2'], 'id': None, 'text': ''}, {'tag': 'div', 'src': None, 'aria_label': None, 'class': ['ad', 'cat_side3'], 'id': None, 'text': ''}]",-6,1,41,0.04520396912899669,20,4,7,1,0,19,2,0.9459459459459459,1,0,0,1,0.03638368246968027,1,15,3,21.476190476190474,0,0,0,0,0,0,0,410,newsbook,news_listing
134,37,49,0,15,2,21,21,6480,955,16,6,"[{'tag': 'div', 'src': None, 'aria_label': None, 'class': ['ad', 'top_push_alt'], 'id': None, 'text': ''}, {'tag': 'div', 'src': None, 'aria_label': None, 'class': ['ad', 'top_push'], 'id': None, 'text': ''}, {'tag': 'div', 'src': None, 'aria_label': None, 'class': ['ad', 'cat_side1'], 'id': None, 'text': ''}, {'tag': 'div', 'src': None, 'aria_label': None, 'class': ['ad', 'allcats_side_btwn_1_2'], 'id': None, 'text': ''}, {'tag': 'div', 'src': None, 'aria_label': None, 'class': ['ad', 'cat_side2'], 'id': None, 'text': ''}, {'tag': 'div', 'src': None, 'aria_label': None, 'class': ['ad', 'cat_side3'], 'id': None, 'text': ''}]",-6,1,41,0.04520396912899669,20,4,7,1,0,19,2,0.9459459459459459,1,0,0,1,0.03638368246968027,1,15,3,21.476190476190474,0,0,0,0,0,0,0,411,newsbook,news_listing
134,37,49,0,15,2,21,21,6480,955,16,6,"[{'tag': 'div', 'src': None, 'aria_label': None, 'class': ['ad', 'top_push_alt'], 'id': None, 'text': ''}, {'tag': 'div', 'src': None, 'aria_label': None, 'class': ['ad', 'top_push'], 'id': None, 'text': ''}, {'tag': 'div', 'src': None, 'aria_label': None, 'class': ['ad', 'cat_side1'], 'id': None, 'text': ''}, {'tag': 'div', 'src': None, 'aria_label': None, 'class': ['ad', 'allcats_side_btwn_1_2'], 'id': None, 'text': ''}, {'tag': 'div', 'src': None, 'aria_label': None, 'class': ['ad', 'cat_side2'], 'id': None, 'text': ''}, {'tag': 'div', 'src': None, 'aria_label': None, 'class': ['ad', 'cat_side3'], 'id': None, 'text': ''}]",-6,1,41,0.04520396912899669,20,4,7,1,0,19,2,0.9459459459459459,1,0,0,1,0.03638368246968027,1,15,3,21.476190476190474,0,0,0,0,0,0,0,412,newsbook,news_listing
135,40,49,0,15,2,21,21,6628,975,16,6,"[{'tag': 'div', 'src': None, 'aria_label': None, 'class': ['ad', 'top_push_alt'], 'id': None, 'text': ''}, {'tag': 'div', 'src': None, 'aria_label': None, 'class': ['ad', 'top_push'], 'id': None, 'text': ''}, {'tag': 'div', 'src': None, 'aria_label': None, 'class': ['ad', 'cat_side1'], 'id': None, 'text': ''}, {'tag': 'div', 'src': None, 'aria_label': None, 'class': ['ad', 'allcats_side_btwn_1_2'], 'id': None, 'text': ''}, {'tag': 'div', 'src': None, 'aria_label': None, 'class': ['ad', 'cat_side2'], 'id': None, 'text': ''}, {'tag': 'div', 'src': None, 'aria_label': None, 'class': ['ad', 'cat_side3'], 'id': None, 'text': ''}]",-6,1,41,0.044857768052516414,20,4,7,1,0,20,2,0.95,1,0,0,1,0.036105032822757115,1,16,3,21.476190476190474,9,4,55,13,0,40,1,413,newsbook,news_listing
135,40,49,0,15,2,21,21,6628,975,16,6,"[{'tag': 'div', 'src': None, 'aria_label': None, 'class': ['ad', 'top_push_alt'], 'id': None, 'text': ''}, {'tag': 'div', 'src': None, 'aria_label': None, 'class': ['ad', 'top_push'], 'id': None, 'text': ''}, {'tag': 'div', 'src': None, 'aria_label': None, 'class': ['ad', 'cat_side1'], 'id': None, 'text': ''}, {'tag': 'div', 'src': None, 'aria_label': None, 'class': ['ad', 'allcats_side_btwn_1_2'], 'id': None, 'text': ''}, {'tag': 'div', 'src': None, 'aria_label': None, 'class': ['ad', 'cat_side2'], 'id': None, 'text': ''}, {'tag': 'div', 'src': None, 'aria_label': None, 'class': ['ad', 'cat_side3'], 'id': None, 'text': ''}]",-6,1,41,0.044857768052516414,20,4,7,1,0,20,2,0.95,1,0,0,1,0.036105032822757115,1,16,3,21.476190476190474,9,4,55,13,0,40,1,414,newsbook,news_listing
135,40,49,0,15,2,21,21,6628,975,16,6,"[{'tag': 'div', 'src': None, 'aria_label': None, 'class': ['ad', 'top_push_alt'], 'id': None, 'text': ''}, {'tag': 'div', 'src': None, 'aria_label': None, 'class': ['ad', 'top_push'], 'id': None, 'text': ''}, {'tag': 'div', 'src': None, 'aria_label': None, 'class': ['ad', 'cat_side1'], 'id': None, 'text': ''}, {'tag': 'div', 'src': None, 'aria_label': None, 'class': ['ad', 'allcats_side_btwn_1_2'], 'id': None, 'text': ''}, {'tag': 'div', 'src': None, 'aria_label': None, 'class': ['ad', 'cat_side2'], 'id': None, 'text': ''}, {'tag': 'div', 'src': None, 'aria_label': None, 'class': ['ad', 'cat_side3'], 'id': None, 'text': ''}]",-6,1,41,0.044857768052516414,20,4,7,1,0,20,2,0.95,1,0,0,1,0.036105032822757115,1,16,3,21.476190476190474,9,4,55,13,0,40,1,415,newsbook,news_listing
134,38,49,0,15,2,21,21,6501,950,16,6,"[{'tag': 'div', 'src': None, 'aria_label': None, 'class': ['ad', 'top_push_alt'], 'id': None, 'text': ''}, {'tag': 'div', 'src': None, 'aria_label': None, 'class': ['ad', 'top_push'], 'id': None, 'text': ''}, {'tag': 'div', 'src': None, 'aria_label': None, 'class': ['ad', 'cat_side1'], 'id': None, 'text': ''}, {'tag': 'div', 'src': None, 'aria_label': None, 'class': ['ad', 'allcats_side_btwn_1_2'], 'id': None, 'text': ''}, {'tag': 'div', 'src': None, 'aria_label': None, 'class': ['ad', 'cat_side2'], 'id': None, 'text': ''}, {'tag': 'div', 'src': None, 'aria_label': None, 'class': ['ad', 'cat_side3'], 'id': None, 'text': ''}]",-6,1,41,0.045054945054945054,20,4,7,1,0,19,2,0.9473684210526315,1,0,0,1,0.03626373626373627,1,15,3,21.476190476190474,0,0,0,0,0,0,0,416,newsbook,news_listing
129,41,48,0,15,2,21,21,6590,1013,16,6,"[{'tag': 'div', 'src': None, 'aria_label': None, 'class': ['ad', 'top_push_alt'], 'id': None, 'text': ''}, {'tag': 'div', 'src': None, 'aria_label': None, 'class': ['ad', 'top_push'], 'id': None, 'text': ''}, {'tag': 'div', 'src': None, 'aria_label': None, 'class': ['ad', 'cat_side1'], 'id': None, 'text': ''}, {'tag': 'div', 'src': None, 'aria_label': None, 'class': ['ad', 'allcats_side_btwn_1_2'], 'id': None, 'text': ''}, {'tag': 'div', 'src': None, 'aria_label': None, 'class': ['ad', 'cat_side2'], 'id': None, 'text': ''}, {'tag': 'div', 'src': None, 'aria_label': None, 'class': ['ad', 'cat_side3'], 'id': None, 'text': ''}]",-6,1,41,0.04520396912899669,20,4,7,1,0,19,2,0.9512195121951219,1,0,0,1,0.03638368246968027,1,15,3,21.476190476190474,0,0,0,0,0,0,0,417,newsbook,news_listing
129,41,48,0,15,2,21,21,6590,1013,16,6,"[{'tag': 'div', 'src': None, 'aria_label': None, 'class': ['ad', 'top_push_alt'], 'id': None, 'text': ''}, {'tag': 'div', 'src': None, 'aria_label': None, 'class': ['ad', 'top_push'], 'id': None, 'text': ''}, {'tag': 'div', 'src': None, 'aria_label': None, 'class': ['ad', 'cat_side1'], 'id': None, 'text': ''}, {'tag': 'div', 'src': None, 'aria_label': None, 'class': ['ad', 'allcats_side_btwn_1_2'], 'id': None, 'text': ''}, {'tag': 'div', 'src': None, 'aria_label': None, 'class': ['ad', 'cat_side2'], 'id': None, 'text': ''}, {'tag': 'div', 'src': None, 'aria_label': None, 'class': ['ad', 'cat_side3'], 'id': None, 'text': ''}]",-6,1,41,0.04520396912899669,20,4,7,1,0,19,2,0.9512195121951219,1,0,0,1,0.03638368246968027,1,15,3,21.476190476190474,0,0,0,0,0,0,0,418,newsbook,news_listing
129,41,48,0,15,2,21,21,6590,1013,16,6,"[{'tag': 'div', 'src': None, 'aria_label': None, 'class': ['ad', 'top_push_alt'], 'id': None, 'text': ''}, {'tag': 'div', 'src': None, 'aria_label': None, 'class': ['ad', 'top_push'], 'id': None, 'text': ''}, {'tag': 'div', 'src': None, 'aria_label': None, 'class': ['ad', 'cat_side1'], 'id': None, 'text': ''}, {'tag': 'div', 'src': None, 'aria_label': None, 'class': ['ad', 'allcats_side_btwn_1_2'], 'id': None, 'text': ''}, {'tag': 'div', 'src': None, 'aria_label': None, 'class': ['ad', 'cat_side2'], 'id': None, 'text': ''}, {'tag': 'div', 'src': None, 'aria_label': None, 'class': ['ad', 'cat_side3'], 'id': None, 'text': ''}]",-6,1,41,0.04520396912899669,20,4,7,1,0,19,2,0.9512195121951219,1,0,0,1,0.03638368246968027,1,15,3,21.476190476190474,0,0,0,0,0,0,0,419,newsbook,news_listing
129,41,48,0,15,2,21,21,6590,1013,16,6,"[{'tag': 'div', 'src': None, 'aria_label': None, 'class': ['ad', 'top_push_alt'], 'id': None, 'text': ''}, {'tag': 'div', 'src': None, 'aria_label': None, 'class': ['ad', 'top_push'], 'id': None, 'text': ''}, {'tag': 'div', 'src': None, 'aria_label': None, 'class': ['ad', 'cat_side1'], 'id': None, 'text': ''}, {'tag': 'div', 'src': None, 'aria_label': None, 'class': ['ad', 'allcats_side_btwn_1_2'], 'id': None, 'text': ''}, {'tag': 'div', 'src': None, 'aria_label': None, 'class': ['ad', 'cat_side2'], 'id': None, 'text': ''}, {'tag': 'div', 'src': None, 'aria_label': None, 'class': ['ad', 'cat_side3'], 'id': None, 'text': ''}]",-6,1,41,0.04520396912899669,20,4,7,1,0,19,2,0.9512195121951219,1,0,0,1,0.03638368246968027,1,15,3,21.476190476190474,0,0,0,0,0,0,0,420,newsbook,news_listing
129,41,48,0,15,2,21,21,6590,1013,16,6,"[{'tag': 'div', 'src': None, 'aria_label': None, 'class': ['ad', 'top_push_alt'], 'id': None, 'text': ''}, {'tag': 'div', 'src': None, 'aria_label': None, 'class': ['ad', 'top_push'], 'id': None, 'text': ''}, {'tag': 'div', 'src': None, 'aria_label': None, 'class': ['ad', 'cat_side1'], 'id': None, 'text': ''}, {'tag': 'div', 'src': None, 'aria_label': None, 'class': ['ad', 'allcats_side_btwn_1_2'], 'id': None, 'text': ''}, {'tag': 'div', 'src': None, 'aria_label': None, 'class': ['ad', 'cat_side2'], 'id': None, 'text': ''}, {'tag': 'div', 'src': None, 'aria_label': None, 'class': ['ad', 'cat_side3'], 'id': None, 'text': ''}]",-6,1,41,0.04520396912899669,20,4,7,1,0,19,2,0.9512195121951219,1,0,0,1,0.03638368246968027,1,15,3,21.476190476190474,9,4,52,13,0,38,1,421,newsbook,news_listing
129,38,48,0,15,2,21,21,6283,956,16,6,"[{'tag': 'div', 'src': None, 'aria_label': None, 'class': ['ad', 'top_push_alt'], 'id': None, 'text': ''}, {'tag': 'div', 'src': None, 'aria_label': None, 'class': ['ad', 'top_push'], 'id': None, 'text': ''}, {'tag': 'div', 'src': None, 'aria_label': None, 'class': ['ad', 'cat_side1'], 'id': None, 'text': ''}, {'tag': 'div', 'src': None, 'aria_label': None, 'class': ['ad', 'allcats_side_btwn_1_2'], 'id': None, 'text': ''}, {'tag': 'div', 'src': None, 'aria_label': None, 'class': ['ad', 'cat_side2'], 'id': None, 'text': ''}, {'tag': 'div', 'src': None, 'aria_label': None, 'class': ['ad', 'cat_side3'], 'id': None, 'text': ''}]",-6,1,41,0.04550499445061043,20,4,7,1,0,19,2,0.9473684210526315,1,0,0,1,0.03662597114317425,1,15,3,21.476190476190474,0,0,0,0,0,0,0,422,newsbook,news_listing
129,38,48,0,15,2,21,21,6283,956,16,6,"[{'tag': 'div', 'src': None, 'aria_label': None, 'class': ['ad', 'top_push_alt'], 'id': None, 'text': ''}, {'tag': 'div', 'src': None, 'aria_label': None, 'class': ['ad', 'top_push'], 'id': None, 'text': ''}, {'tag': 'div', 'src': None, 'aria_label': None, 'class': ['ad', 'cat_side1'], 'id': None, 'text': ''}, {'tag': 'div', 'src': None, 'aria_label': None, 'class': ['ad', 'allcats_side_btwn_1_2'], 'id': None, 'text': ''}, {'tag': 'div', 'src': None, 'aria_label': None, 'class': ['ad', 'cat_side2'], 'id': None, 'text': ''}, {'tag': 'div', 'src': None, 'aria_label': None, 'class': ['ad', 'cat_side3'], 'id': None, 'text': ''}]",-6,1,41,0.04550499445061043,20,4,7,1,0,19,2,0.9473684210526315,1,0,0,1,0.03662597114317425,1,15,3,21.476190476190474,0,0,0,0,0,0,0,423,newsbook,news_listing
129,38,48,0,15,2,21,21,6283,956,16,6,"[{'tag': 'div', 'src': None, 'aria_label': None, 'class': ['ad', 'top_push_alt'], 'id': None, 'text': ''}, {'tag': 'div', 'src': None, 'aria_label': None, 'class': ['ad', 'top_push'], 'id': None, 'text': ''}, {'tag': 'div', 'src': None, 'aria_label': None, 'class': ['ad', 'cat_side1'], 'id': None, 'text': ''}, {'tag': 'div', 'src': None, 'aria_label': None, 'class': ['ad', 'allcats_side_btwn_1_2'], 'id': None, 'text': ''}, {'tag': 'div', 'src': None, 'aria_label': None, 'class': ['ad', 'cat_side2'], 'id': None, 'text': ''}, {'tag': 'div', 'src': None, 'aria_label': None, 'class': ['ad', 'cat_side3'], 'id': None, 'text': ''}]",-6,1,41,0.04550499445061043,20,4,7,1,0,19,2,0.9473684210526315,1,0,0,1,0.03662597114317425,1,15,3,21.476190476190474,0,0,0,0,0,0,0,424,newsbook,news_listing
129,38,48,0,15,2,21,21,6283,956,16,6,"[{'tag': 'div', 'src': None, 'aria_label': None, 'class': ['ad', 'top_push_alt'], 'id': None, 'text': ''}, {'tag': 'div', 'src': None, 'aria_label': None, 'class': ['ad', 'top_push'], 'id': None, 'text': ''}, {'tag': 'div', 'src': None, 'aria_label': None, 'class': ['ad', 'cat_side1'], 'id': None, 'text': ''}, {'tag': 'div', 'src': None, 'aria_label': None, 'class': ['ad', 'allcats_side_btwn_1_2'], 'id': None, 'text': ''}, {'tag': 'div', 'src': None, 'aria_label': None, 'class': ['ad', 'cat_side2'], 'id': None, 'text': ''}, {'tag': 'div', 'src': None, 'aria_label': None, 'class': ['ad', 'cat_side3'], 'id': None, 'text': ''}]",-6,1,41,0.04550499445061043,20,4,7,1,0,19,2,0.9473684210526315,1,0,0,1,0.03662597114317425,1,15,3,21.476190476190474,0,0,0,0,0,0,0,425,newsbook,news_listing
130,37,48,0,15,2,21,21,6412,977,16,6,"[{'tag': 'div', 'src': None, 'aria_label': None, 'class': ['ad', 'top_push_alt'], 'id': None, 'text': ''}, {'tag': 'div', 'src': None, 'aria_label': None, 'class': ['ad', 'top_push'], 'id': None, 'text': ''}, {'tag': 'div', 'src': None, 'aria_label': None, 'class': ['ad', 'cat_side1'], 'id': None, 'text': ''}, {'tag': 'div', 'src': None, 'aria_label': None, 'class': ['ad', 'allcats_side_btwn_1_2'], 'id': None, 'text': ''}, {'tag': 'div', 'src': None, 'aria_label': None, 'class': ['ad', 'cat_side2'], 'id': None, 'text': ''}, {'tag': 'div', 'src': None, 'aria_label': None, 'class': ['ad', 'cat_side3'], 'id': None, 'text': ''}]",-6,1,41,0.04555555555555556,20,4,7,1,0,19,2,0.9459459459459459,1,0,0,1,0.03666666666666667,1,15,3,21.476190476190474,9,4,52,13,0,38,1,426,newsbook,news_listing
130,37,48,0,15,2,21,21,6412,977,16,6,"[{'tag': 'div', 'src': None, 'aria_label': None, 'class': ['ad', 'top_push_alt'], 'id': None, 'text': ''}, {'tag': 'div', 'src': None, 'aria_label': None, 'class': ['ad', 'top_push'], 'id': None, 'text': ''}, {'tag': 'div', 'src': None, 'aria_label': None, 'class': ['ad', 'cat_side1'], 'id': None, 'text': ''}, {'tag': 'div', 'src': None, 'aria_label': None, 'class': ['ad', 'allcats_side_btwn_1_2'], 'id': None, 'text': ''}, {'tag': 'div', 'src': None, 'aria_label': None, 'class': ['ad', 'cat_side2'], 'id': None, 'text': ''}, {'tag': 'div', 'src': None, 'aria_label': None, 'class': ['ad', 'cat_side3'], 'id': None, 'text': ''}]",-6,1,41,0.04555555555555556,20,4,7,1,0,19,2,0.9459459459459459,1,0,0,1,0.03666666666666667,1,15,3,21.476190476190474,9,4,52,13,0,38,1,427,newsbook,news_listing
130,37,48,0,15,2,21,21,6412,977,16,6,"[{'tag': 'div', 'src': None, 'aria_label': None, 'class': ['ad', 'top_push_alt'], 'id': None, 'text': ''}, {'tag': 'div', 'src': None, 'aria_label': None, 'class': ['ad', 'top_push'], 'id': None, 'text': ''}, {'tag': 'div', 'src': None, 'aria_label': None, 'class': ['ad', 'cat_side1'], 'id': None, 'text': ''}, {'tag': 'div', 'src': None, 'aria_label': None, 'class': ['ad', 'allcats_side_btwn_1_2'], 'id': None, 'text': ''}, {'tag': 'div', 'src': None, 'aria_label': None, 'class': ['ad', 'cat_side2'], 'id': None, 'text': ''}, {'tag': 'div', 'src': None, 'aria_label': None, 'class': ['ad', 'cat_side3'], 'id': None, 'text': ''}]",-6,1,41,0.04555555555555556,20,4,7,1,0,19,2,0.9459459459459459,1,0,0,1,0.03666666666666667,1,15,3,21.476190476190474,9,4,52,13,0,38,1,428,newsbook,news_listing
130,38,48,0,15,2,21,21,6586,1018,16,6,"[{'tag': 'div', 'src': None, 'aria_label': None, 'class': ['ad', 'top_push_alt'], 'id': None, 'text': ''}, {'tag': 'div', 'src': None, 'aria_label': None, 'class': ['ad', 'top_push'], 'id': None, 'text': ''}, {'tag': 'div', 'src': None, 'aria_label': None, 'class': ['ad', 'cat_side1'], 'id': None, 'text': ''}, {'tag': 'div', 'src': None, 'aria_label': None, 'class': ['ad', 'allcats_side_btwn_1_2'], 'id': None, 'text': ''}, {'tag': 'div', 'src': None, 'aria_label': None, 'class': ['ad', 'cat_side2'], 'id': None, 'text': ''}, {'tag': 'div', 'src': None, 'aria_label': None, 'class': ['ad', 'cat_side3'], 'id': None, 'text': ''}]",-6,1,41,0.04540420819490587,20,4,7,1,0,19,2,0.9473684210526315,1,0,0,1,0.036544850498338874,1,15,3,21.476190476190474,0,0,0,0,0,0,0,429,newsbook,news_listing
130,38,48,0,15,2,21,21,6586,1018,16,6,"[{'tag': 'div', 'src': None, 'aria_label': None, 'class': ['ad', 'top_push_alt'], 'id': None, 'text': ''}, {'tag': 'div', 'src': None, 'aria_label': None, 'class': ['ad', 'top_push'], 'id': None, 'text': ''}, {'tag': 'div', 'src': None, 'aria_label': None, 'class': ['ad', 'cat_side1'], 'id': None, 'text': ''}, {'tag': 'div', 'src': None, 'aria_label': None, 'class': ['ad', 'allcats_side_btwn_1_2'], 'id': None, 'text': ''}, {'tag': 'div', 'src': None, 'aria_label': None, 'class': ['ad', 'cat_side2'], 'id': None, 'text': ''}, {'tag': 'div', 'src': None, 'aria_label': None, 'class': ['ad', 'cat_side3'], 'id': None, 'text': ''}]",-6,1,41,0.04540420819490587,20,4,7,1,0,19,2,0.9473684210526315,1,0,0,1,0.036544850498338874,1,15,3,21.476190476190474,0,0,0,0,0,0,0,430,newsbook,news_listing
130,38,48,0,15,2,21,21,6586,1018,16,6,"[{'tag': 'div', 'src': None, 'aria_label': None, 'class': ['ad', 'top_push_alt'], 'id': None, 'text': ''}, {'tag': 'div', 'src': None, 'aria_label': None, 'class': ['ad', 'top_push'], 'id': None, 'text': ''}, {'tag': 'div', 'src': None, 'aria_label': None, 'class': ['ad', 'cat_side1'], 'id': None, 'text': ''}, {'tag': 'div', 'src': None, 'aria_label': None, 'class': ['ad', 'allcats_side_btwn_1_2'], 'id': None, 'text': ''}, {'tag': 'div', 'src': None, 'aria_label': None, 'class': ['ad', 'cat_side2'], 'id': None, 'text': ''}, {'tag': 'div', 'src': None, 'aria_label': None, 'class': ['ad', 'cat_side3'], 'id': None, 'text': ''}]",-6,1,41,0.04540420819490587,20,4,7,1,0,19,2,0.9473684210526315,1,0,0,1,0.036544850498338874,1,15,3,21.476190476190474,0,0,0,0,0,0,0,431,newsbook,news_listing
130,36,48,0,15,2,21,21,6653,1014,16,6,"[{'tag': 'div', 'src': None, 'aria_label': None, 'class': ['ad', 'top_push_alt'], 'id': None, 'text': ''}, {'tag': 'div', 'src': None, 'aria_label': None, 'class': ['ad', 'top_push'], 'id': None, 'text': ''}, {'tag': 'div', 'src': None, 'aria_label': None, 'class': ['ad', 'cat_side1'], 'id': None, 'text': ''}, {'tag': 'div', 'src': None, 'aria_label': None, 'class': ['ad', 'allcats_side_btwn_1_2'], 'id': None, 'text': ''}, {'tag': 'div', 'src': None, 'aria_label': None, 'class': ['ad', 'cat_side2'], 'id': None, 'text': ''}, {'tag': 'div', 'src': None, 'aria_label': None, 'class': ['ad', 'cat_side3'], 'id': None, 'text': ''}]",-6,1,41,0.04560622914349277,20,4,7,1,0,19,2,0.9444444444444444,1,0,0,1,0.03670745272525028,1,15,3,21.476190476190474,9,4,52,13,0,38,1,432,newsbook,news_listing
132,33,49,0,15,2,21,21,6535,946,16,6,"[{'tag': 'div', 'src': None, 'aria_label': None, 'class': ['ad', 'top_push_alt'], 'id': None, 'text': ''}, {'tag': 'div', 'src': None, 'aria_label': None, 'class': ['ad', 'top_push'], 'id': None, 'text': ''}, {'tag': 'div', 'src': None, 'aria_label': None, 'class': ['ad', 'cat_side1'], 'id': None, 'text': ''}, {'tag': 'div', 'src': None, 'aria_label': None, 'class': ['ad', 'allcats_side_btwn_1_2'], 'id': None, 'text': ''}, {'tag': 'div', 'src': None, 'aria_label': None, 'class': ['ad', 'cat_side2'], 'id': None, 'text': ''}, {'tag': 'div', 'src': None, 'aria_label': None, 'class': ['ad', 'cat_side3'], 'id': None, 'text': ''}]",-6,1,41,0.045657015590200446,20,4,7,1,0,18,2,0.9393939393939394,1,0,0,1,0.036748329621380846,1,14,3,21.476190476190474,0,0,0,0,0,0,0,433,newsbook,news_listing
132,33,49,0,15,2,21,21,6535,946,16,6,"[{'tag': 'div', 'src': None, 'aria_label': None, 'class': ['ad', 'top_push_alt'], 'id': None, 'text': ''}, {'tag': 'div', 'src': None, 'aria_label': None, 'class': ['ad', 'top_push'], 'id': None, 'text': ''}, {'tag': 'div', 'src': None, 'aria_label': None, 'class': ['ad', 'cat_side1'], 'id': None, 'text': ''}, {'tag': 'div', 'src': None, 'aria_label': None, 'class': ['ad', 'allcats_side_btwn_1_2'], 'id': None, 'text': ''}, {'tag': 'div', 'src': None, 'aria_label': None, 'class': ['ad', 'cat_side2'], 'id': None, 'text': ''}, {'tag': 'div', 'src': None, 'aria_label': None, 'class': ['ad', 'cat_side3'], 'id': None, 'text': ''}]",-6,1,41,0.045657015590200446,20,4,7,1,0,18,2,0.9393939393939394,1,0,0,1,0.036748329621380846,1,14,3,21.476190476190474,0,0,0,0,0,0,0,434,newsbook,news_listing
132,33,49,0,15,2,21,21,6535,946,16,6,"[{'tag': 'div', 'src': None, 'aria_label': None, 'class': ['ad', 'top_push_alt'], 'id': None, 'text': ''}, {'tag': 'div', 'src': None, 'aria_label': None, 'class': ['ad', 'top_push'], 'id': None, 'text': ''}, {'tag': 'div', 'src': None, 'aria_label': None, 'class': ['ad', 'cat_side1'], 'id': None, 'text': ''}, {'tag': 'div', 'src': None, 'aria_label': None, 'class': ['ad', 'allcats_side_btwn_1_2'], 'id': None, 'text': ''}, {'tag': 'div', 'src': None, 'aria_label': None, 'class': ['ad', 'cat_side2'], 'id': None, 'text': ''}, {'tag': 'div', 'src': None, 'aria_label': None, 'class': ['ad', 'cat_side3'], 'id': None, 'text': ''}]",-6,1,41,0.045657015590200446,20,4,7,1,0,18,2,0.9393939393939394,1,0,0,1,0.036748329621380846,1,14,3,21.476190476190474,0,0,0,0,0,0,0,435,newsbook,news_listing
132,33,49,0,15,2,21,21,6535,946,16,6,"[{'tag': 'div', 'src': None, 'aria_label': None, 'class': ['ad', 'top_push_alt'], 'id': None, 'text': ''}, {'tag': 'div', 'src': None, 'aria_label': None, 'class': ['ad', 'top_push'], 'id': None, 'text': ''}, {'tag': 'div', 'src': None, 'aria_label': None, 'class': ['ad', 'cat_side1'], 'id': None, 'text': ''}, {'tag': 'div', 'src': None, 'aria_label': None, 'class': ['ad', 'allcats_side_btwn_1_2'], 'id': None, 'text': ''}, {'tag': 'div', 'src': None, 'aria_label': None, 'class': ['ad', 'cat_side2'], 'id': None, 'text': ''}, {'tag': 'div', 'src': None, 'aria_label': None, 'class': ['ad', 'cat_side3'], 'id': None, 'text': ''}]",-6,1,41,0.045657015590200446,20,4,7,1,0,18,2,0.9393939393939394,1,0,0,1,0.036748329621380846,1,14,3,21.476190476190474,0,0,0,0,0,0,0,436,newsbook,news_listing
134,34,49,0,15,2,21,21,6957,1007,16,6,"[{'tag': 'div', 'src': None, 'aria_label': None, 'class': ['ad', 'top_push_alt'], 'id': None, 'text': ''}, {'tag': 'div', 'src': None, 'aria_label': None, 'class': ['ad', 'top_push'], 'id': None, 'text': ''}, {'tag': 'div', 'src': None, 'aria_label': None, 'class': ['ad', 'cat_side1'], 'id': None, 'text': ''}, {'tag': 'div', 'src': None, 'aria_label': None, 'class': ['ad', 'allcats_side_btwn_1_2'], 'id': None, 'text': ''}, {'tag': 'div', 'src': None, 'aria_label': None, 'class': ['ad', 'cat_side2'], 'id': None, 'text': ''}, {'tag': 'div', 'src': None, 'aria_label': None, 'class': ['ad', 'cat_side3'], 'id': None, 'text': ''}]",-6,1,41,0.04555555555555556,20,4,7,1,0,20,2,0.9411764705882353,1,0,0,1,0.03666666666666667,1,16,3,21.476190476190474,0,0,0,0,0,0,0,437,newsbook,news_listing
134,34,49,0,15,2,21,21,6957,1007,16,6,"[{'tag': 'div', 'src': None, 'aria_label': None, 'class': ['ad', 'top_push_alt'], 'id': None, 'text': ''}, {'tag': 'div', 'src': None, 'aria_label': None, 'class': ['ad', 'top_push'], 'id': None, 'text': ''}, {'tag': 'div', 'src': None, 'aria_label': None, 'class': ['ad', 'cat_side1'], 'id': None, 'text': ''}, {'tag': 'div', 'src': None, 'aria_label': None, 'class': ['ad', 'allcats_side_btwn_1_2'], 'id': None, 'text': ''}, {'tag': 'div', 'src': None, 'aria_label': None, 'class': ['ad', 'cat_side2'], 'id': None, 'text': ''}, {'tag': 'div', 'src': None, 'aria_label': None, 'class': ['ad', 'cat_side3'], 'id': None, 'text': ''}]",-6,1,41,0.04555555555555556,20,4,7,1,0,20,2,0.9411764705882353,1,0,0,1,0.03666666666666667,1,16,3,21.476190476190474,0,0,0,0,0,0,0,438,newsbook,news_listing
134,34,49,0,15,2,21,21,6957,1007,16,6,"[{'tag': 'div', 'src': None, 'aria_label': None, 'class': ['ad', 'top_push_alt'], 'id': None, 'text': ''}, {'tag': 'div', 'src': None, 'aria_label': None, 'class': ['ad', 'top_push'], 'id': None, 'text': ''}, {'tag': 'div', 'src': None, 'aria_label': None, 'class': ['ad', 'cat_side1'], 'id': None, 'text': ''}, {'tag': 'div', 'src': None, 'aria_label': None, 'class': ['ad', 'allcats_side_btwn_1_2'], 'id': None, 'text': ''}, {'tag': 'div', 'src': None, 'aria_label': None, 'class': ['ad', 'cat_side2'], 'id': None, 'text': ''}, {'tag': 'div', 'src': None, 'aria_label': None, 'class': ['ad', 'cat_side3'], 'id': None, 'text': ''}]",-6,1,41,0.04555555555555556,20,4,7,1,0,20,2,0.9411764705882353,1,0,0,1,0.03666666666666667,1,16,3,21.476190476190474,0,0,0,0,0,0,0,439,newsbook,news_listing
134,36,49,0,15,2,21,21,6621,958,16,6,"[{'tag': 'div', 'src': None, 'aria_label': None, 'class': ['ad', 'top_push_alt'], 'id': None, 'text': ''}, {'tag': 'div', 'src': None, 'aria_label': None, 'class': ['ad', 'top_push'], 'id': None, 'text': ''}, {'tag': 'div', 'src': None, 'aria_label': None, 'class': ['ad', 'cat_side1'], 'id': None, 'text': ''}, {'tag': 'div', 'src': None, 'aria_label': None, 'class': ['ad', 'allcats_side_btwn_1_2'], 'id': None, 'text': ''}, {'tag': 'div', 'src': None, 'aria_label': None, 'class': ['ad', 'cat_side2'], 'id': None, 'text': ''}, {'tag': 'div', 'src': None, 'aria_label': None, 'class': ['ad', 'cat_side3'], 'id': None, 'text': ''}]",-6,1,41,0.045303867403314914,20,4,7,1,0,19,2,0.9444444444444444,1,0,0,1,0.036464088397790057,1,15,3,21.476190476190474,0,0,0,0,0,0,0,440,newsbook,news_listing
134,36,49,0,15,2,21,21,6621,958,16,6,"[{'tag': 'div', 'src': None, 'aria_label': None, 'class': ['ad', 'top_push_alt'], 'id': None, 'text': ''}, {'tag': 'div', 'src': None, 'aria_label': None, 'class': ['ad', 'top_push'], 'id': None, 'text': ''}, {'tag': 'div', 'src': None, 'aria_label': None, 'class': ['ad', 'cat_side1'], 'id': None, 'text': ''}, {'tag': 'div', 'src': None, 'aria_label': None, 'class': ['ad', 'allcats_side_btwn_1_2'], 'id': None, 'text': ''}, {'tag': 'div', 'src': None, 'aria_label': None, 'class': ['ad', 'cat_side2'], 'id': None, 'text': ''}, {'tag': 'div', 'src': None, 'aria_label': None, 'class': ['ad', 'cat_side3'], 'id': None, 'text': ''}]",-6,1,41,0.045303867403314914,20,4,7,1,0,19,2,0.9444444444444444,1,0,0,1,0.036464088397790057,1,15,3,21.476190476190474,0,0,0,0,0,0,0,441,newsbook,news_listing
133,33,49,0,15,2,21,21,6399,947,16,6,"[{'tag': 'div', 'src': None, 'aria_label': None, 'class': ['ad', 'top_push_alt'], 'id': None, 'text': ''}, {'tag': 'div', 'src': None, 'aria_label': None, 'class': ['ad', 'top_push'], 'id': None, 'text': ''}, {'tag': 'div', 'src': None, 'aria_label': None, 'class': ['ad', 'cat_side1'], 'id': None, 'text': ''}, {'tag': 'div', 'src': None, 'aria_label': None, 'class': ['ad', 'allcats_side_btwn_1_2'], 'id': None, 'text': ''}, {'tag': 'div', 'src': None, 'aria_label': None, 'class': ['ad', 'cat_side2'], 'id': None, 'text': ''}, {'tag': 'div', 'src': None, 'aria_label': None, 'class': ['ad', 'cat_side3'], 'id': None, 'text': ''}]",-6,1,41,0.04555555555555556,20,4,7,1,0,18,2,0.9393939393939394,1,0,0,1,0.03666666666666667,1,14,3,21.476190476190474,0,0,0,0,0,0,0,442,newsbook,news_listing
133,33,49,0,15,2,21,21,6399,947,16,6,"[{'tag': 'div', 'src': None, 'aria_label': None, 'class': ['ad', 'top_push_alt'], 'id': None, 'text': ''}, {'tag': 'div', 'src': None, 'aria_label': None, 'class': ['ad', 'top_push'], 'id': None, 'text': ''}, {'tag': 'div', 'src': None, 'aria_label': None, 'class': ['ad', 'cat_side1'], 'id': None, 'text': ''}, {'tag': 'div', 'src': None, 'aria_label': None, 'class': ['ad', 'allcats_side_btwn_1_2'], 'id': None, 'text': ''}, {'tag': 'div', 'src': None, 'aria_label': None, 'class': ['ad', 'cat_side2'], 'id': None, 'text': ''}, {'tag': 'div', 'src': None, 'aria_label': None, 'class': ['ad', 'cat_side3'], 'id': None, 'text': ''}]",-6,1,41,0.04555555555555556,20,4,7,1,0,18,2,0.9393939393939394,1,0,0,1,0.03666666666666667,1,14,3,21.476190476190474,0,0,0,0,0,0,0,443,newsbook,news_listing
134,35,49,0,15,2,21,21,6638,964,16,6,"[{'tag': 'div', 'src': None, 'aria_label': None, 'class': ['ad', 'top_push_alt'], 'id': None, 'text': ''}, {'tag': 'div', 'src': None, 'aria_label': None, 'class': ['ad', 'top_push'], 'id': None, 'text': ''}, {'tag': 'div', 'src': None, 'aria_label': None, 'class': ['ad', 'cat_side1'], 'id': None, 'text': ''}, {'tag': 'div', 'src': None, 'aria_label': None, 'class': ['ad', 'allcats_side_btwn_1_2'], 'id': None, 'text': ''}, {'tag': 'div', 'src': None, 'aria_label': None, 'class': ['ad', 'cat_side2'], 'id': None, 'text': ''}, {'tag': 'div', 'src': None, 'aria_label': None, 'class': ['ad', 'cat_side3'], 'id': None, 'text': ''}]",-6,1,41,0.04535398230088496,20,4,7,1,0,19,2,0.9428571428571428,1,0,0,1,0.03650442477876106,1,15,3,21.476190476190474,0,0,0,0,0,0,0,444,newsbook,news_listing
128,33,48,0,15,2,21,21,6470,983,16,6,"[{'tag': 'div', 'src': None, 'aria_label': None, 'class': ['ad', 'top_push_alt'], 'id': None, 'text': ''}, {'tag': 'div', 'src': None, 'aria_label': None, 'class': ['ad', 'top_push'], 'id': None, 'text': ''}, {'tag': 'div', 'src': None, 'aria_label': None, 'class': ['ad', 'cat_side1'], 'id': None, 'text': ''}, {'tag': 'div', 'src': None, 'aria_label': None, 'class': ['ad', 'allcats_side_btwn_1_2'], 'id': None, 'text': ''}, {'tag': 'div', 'src': None, 'aria_label': None, 'class': ['ad', 'cat_side2'], 'id': None, 'text': ''}, {'tag': 'div', 'src': None, 'aria_label': None, 'class': ['ad', 'cat_side3'], 'id': None, 'text': ''}]",-6,1,41,0.04601571268237935,20,4,7,1,0,18,2,0.9393939393939394,1,0,0,1,0.037037037037037035,1,14,3,21.476190476190474,9,4,51,13,0,38,1,445,newsbook,news_listing
128,33,48,0,15,2,21,21,6470,983,16,6,"[{'tag': 'div', 'src': None, 'aria_label': None, 'class': ['ad', 'top_push_alt'], 'id': None, 'text': ''}, {'tag': 'div', 'src': None, 'aria_label': None, 'class': ['ad', 'top_push'], 'id': None, 'text': ''}, {'tag': 'div', 'src': None, 'aria_label': None, 'class': ['ad', 'cat_side1'], 'id': None, 'text': ''}, {'tag': 'div', 'src': None, 'aria_label': None, 'class': ['ad', 'allcats_side_btwn_1_2'], 'id': None, 'text': ''}, {'tag': 'div', 'src': None, 'aria_label': None, 'class': ['ad', 'cat_side2'], 'id': None, 'text': ''}, {'tag': 'div', 'src': None, 'aria_label': None, 'class': ['ad', 'cat_side3'], 'id': None, 'text': ''}]",-6,1,41,0.04601571268237935,20,4,7,1,0,18,2,0.9393939393939394,1,0,0,1,0.037037037037037035,1,14,3,21.476190476190474,9,4,51,13,0,38,1,446,newsbook,news_listing
128,33,48,0,15,2,21,21,6470,983,16,6,"[{'tag': 'div', 'src': None, 'aria_label': None, 'class': ['ad', 'top_push_alt'], 'id': None, 'text': ''}, {'tag': 'div', 'src': None, 'aria_label': None, 'class': ['ad', 'top_push'], 'id': None, 'text': ''}, {'tag': 'div', 'src': None, 'aria_label': None, 'class': ['ad', 'cat_side1'], 'id': None, 'text': ''}, {'tag': 'div', 'src': None, 'aria_label': None, 'class': ['ad', 'allcats_side_btwn_1_2'], 'id': None, 'text': ''}, {'tag': 'div', 'src': None, 'aria_label': None, 'class': ['ad', 'cat_side2'], 'id': None, 'text': ''}, {'tag': 'div', 'src': None, 'aria_label': None, 'class': ['ad', 'cat_side3'], 'id': None, 'text': ''}]",-6,1,41,0.04601571268237935,20,4,7,1,0,18,2,0.9393939393939394,1,0,0,1,0.037037037037037035,1,14,3,21.476190476190474,9,4,51,13,0,38,1,447,newsbook,news_listing
129,34,48,0,15,2,21,21,6419,995,16,6,"[{'tag': 'div', 'src': None, 'aria_label': None, 'class': ['ad', 'top_push_alt'], 'id': None, 'text': ''}, {'tag': 'div', 'src': None, 'aria_label': None, 'class': ['ad', 'top_push'], 'id': None, 'text': ''}, {'tag': 'div', 'src': None, 'aria_label': None, 'class': ['ad', 'cat_side1'], 'id': None, 'text': ''}, {'tag': 'div', 'src': None, 'aria_label': None, 'class': ['ad', 'allcats_side_btwn_1_2'], 'id': None, 'text': ''}, {'tag': 'div', 'src': None, 'aria_label': None, 'class': ['ad', 'cat_side2'], 'id': None, 'text': ''}, {'tag': 'div', 'src': None, 'aria_label': None, 'class': ['ad', 'cat_side3'], 'id': None, 'text': ''}]",-6,1,41,0.04591265397536394,20,4,7,1,0,19,2,0.9411764705882353,1,0,0,1,0.036954087346024636,1,15,3,21.476190476190474,9,4,52,13,0,38,1,448,newsbook,news_listing
129,34,48,0,15,2,21,21,6419,995,16,6,"[{'tag': 'div', 'src': None, 'aria_label': None, 'class': ['ad', 'top_push_alt'], 'id': None, 'text': ''}, {'tag': 'div', 'src': None, 'aria_label': None, 'class': ['ad', 'top_push'], 'id': None, 'text': ''}, {'tag': 'div', 'src': None, 'aria_label': None, 'class': ['ad', 'cat_side1'], 'id': None, 'text': ''}, {'tag': 'div', 'src': None, 'aria_label': None, 'class': ['ad', 'allcats_side_btwn_1_2'], 'id': None, 'text': ''}, {'tag': 'div', 'src': None, 'aria_label': None, 'class': ['ad', 'cat_side2'], 'id': None, 'text': ''}, {'tag': 'div', 'src': None, 'aria_label': None, 'class': ['ad', 'cat_side3'], 'id': None, 'text': ''}]",-6,1,41,0.04591265397536394,20,4,7,1,0,19,2,0.9411764705882353,1,0,0,1,0.036954087346024636,1,15,3,21.476190476190474,9,4,52,13,0,38,1,449,newsbook,news_listing
130,34,48,0,15,2,21,21,6443,983,16,6,"[{'tag': 'div', 'src': None, 'aria_label': None, 'class': ['ad', 'top_push_alt'], 'id': None, 'text': ''}, {'tag': 'div', 'src': None, 'aria_label': None, 'class': ['ad', 'top_push'], 'id': None, 'text': ''}, {'tag': 'div', 'src': None, 'aria_label': None, 'class': ['ad', 'cat_side1'], 'id': None, 'text': ''}, {'tag': 'div', 'src': None, 'aria_label': None, 'class': ['ad', 'allcats_side_btwn_1_2'], 'id': None, 'text': ''}, {'tag': 'div', 'src': None, 'aria_label': None, 'class': ['ad', 'cat_side2'], 'id': None, 'text': ''}, {'tag': 'div', 'src': None, 'aria_label': None, 'class': ['ad', 'cat_side3'], 'id': None, 'text': ''}]",-6,1,41,0.04586129753914989,20,4,7,1,0,19,2,0.9411764705882353,1,0,0,1,0.03691275167785235,1,15,3,21.476190476190474,0,0,0,0,0,0,0,450,newsbook,news_listing
130,34,48,0,15,2,21,21,6549,998,16,6,"[{'tag': 'div', 'src': None, 'aria_label': None, 'class': ['ad', 'top_push_alt'], 'id': None, 'text': ''}, {'tag': 'div', 'src': None, 'aria_label': None, 'class': ['ad', 'top_push'], 'id': None, 'text': ''}, {'tag': 'div', 'src': None, 'aria_label': None, 'class': ['ad', 'cat_side1'], 'id': None, 'text': ''}, {'tag': 'div', 'src': None, 'aria_label': None, 'class': ['ad', 'allcats_side_btwn_1_2'], 'id': None, 'text': ''}, {'tag': 'div', 'src': None, 'aria_label': None, 'class': ['ad', 'cat_side2'], 'id': None, 'text': ''}, {'tag': 'div', 'src': None, 'aria_label': None, 'class': ['ad', 'cat_side3'], 'id': None, 'text': ''}]",-6,1,41,0.04581005586592179,20,4,7,1,0,19,2,0.9411764705882353,1,0,0,1,0.03687150837988827,1,15,3,21.476190476190474,9,4,52,13,0,38,1,451,newsbook,news_listing
130,34,48,0,15,2,21,21,6549,998,16,6,"[{'tag': 'div', 'src': None, 'aria_label': None, 'class': ['ad', 'top_push_alt'], 'id': None, 'text': ''}, {'tag': 'div', 'src': None, 'aria_label': None, 'class': ['ad', 'top_push'], 'id': None, 'text': ''}, {'tag': 'div', 'src': None, 'aria_label': None, 'class': ['ad', 'cat_side1'], 'id': None, 'text': ''}, {'tag': 'div', 'src': None, 'aria_label': None, 'class': ['ad', 'allcats_side_btwn_1_2'], 'id': None, 'text': ''}, {'tag': 'div', 'src': None, 'aria_label': None, 'class': ['ad', 'cat_side2'], 'id': None, 'text': ''}, {'tag': 'div', 'src': None, 'aria_label': None, 'class': ['ad', 'cat_side3'], 'id': None, 'text': ''}]",-6,1,41,0.04581005586592179,20,4,7,1,0,19,2,0.9411764705882353,1,0,0,1,0.03687150837988827,1,15,3,21.476190476190474,9,4,52,13,0,38,1,452,newsbook,news_listing
130,34,48,0,15,2,21,21,6549,998,16,6,"[{'tag': 'div', 'src': None, 'aria_label': None, 'class': ['ad', 'top_push_alt'], 'id': None, 'text': ''}, {'tag': 'div', 'src': None, 'aria_label': None, 'class': ['ad', 'top_push'], 'id': None, 'text': ''}, {'tag': 'div', 'src': None, 'aria_label': None, 'class': ['ad', 'cat_side1'], 'id': None, 'text': ''}, {'tag': 'div', 'src': None, 'aria_label': None, 'class': ['ad', 'allcats_side_btwn_1_2'], 'id': None, 'text': ''}, {'tag': 'div', 'src': None, 'aria_label': None, 'class': ['ad', 'cat_side2'], 'id': None, 'text': ''}, {'tag': 'div', 'src': None, 'aria_label': None, 'class': ['ad', 'cat_side3'], 'id': None, 'text': ''}]",-6,1,41,0.04581005586592179,20,4,7,1,0,19,2,0.9411764705882353,1,0,0,1,0.03687150837988827,1,15,3,21.476190476190474,9,4,52,13,0,38,1,453,newsbook,news_listing
130,34,48,0,15,2,21,21,6549,998,16,6,"[{'tag': 'div', 'src': None, 'aria_label': None, 'class': ['ad', 'top_push_alt'], 'id': None, 'text': ''}, {'tag': 'div', 'src': None, 'aria_label': None, 'class': ['ad', 'top_push'], 'id': None, 'text': ''}, {'tag': 'div', 'src': None, 'aria_label': None, 'class': ['ad', 'cat_side1'], 'id': None, 'text': ''}, {'tag': 'div', 'src': None, 'aria_label': None, 'class': ['ad', 'allcats_side_btwn_1_2'], 'id': None, 'text': ''}, {'tag': 'div', 'src': None, 'aria_label': None, 'class': ['ad', 'cat_side2'], 'id': None, 'text': ''}, {'tag': 'div', 'src': None, 'aria_label': None, 'class': ['ad', 'cat_side3'], 'id': None, 'text': ''}]",-6,1,41,0.04581005586592179,20,4,7,1,0,19,2,0.9411764705882353,1,0,0,1,0.03687150837988827,1,15,3,21.476190476190474,9,4,52,13,0,38,1,454,newsbook,news_listing
130,34,48,0,15,2,21,21,6674,1018,16,6,"[{'tag': 'div', 'src': None, 'aria_label': None, 'class': ['ad', 'top_push_alt'], 'id': None, 'text': ''}, {'tag': 'div', 'src': None, 'aria_label': None, 'class': ['ad', 'top_push'], 'id': None, 'text': ''}, {'tag': 'div', 'src': None, 'aria_label': None, 'class': ['ad', 'cat_side1'], 'id': None, 'text': ''}, {'tag': 'div', 'src': None, 'aria_label': None, 'class': ['ad', 'allcats_side_btwn_1_2'], 'id': None, 'text': ''}, {'tag': 'div', 'src': None, 'aria_label': None, 'class': ['ad', 'cat_side2'], 'id': None, 'text': ''}, {'tag': 'div', 'src': None, 'aria_label': None, 'class': ['ad', 'cat_side3'], 'id': None, 'text': ''}]",-6,1,41,0.04581005586592179,20,4,7,1,0,19,2,0.9411764705882353,1,0,0,1,0.03687150837988827,1,15,3,21.476190476190474,9,4,52,13,0,38,1,455,newsbook,news_listing
130,34,48,0,15,2,21,21,6674,1018,16,6,"[{'tag': 'div', 'src': None, 'aria_label': None, 'class': ['ad', 'top_push_alt'], 'id': None, 'text': ''}, {'tag': 'div', 'src': None, 'aria_label': None, 'class': ['ad', 'top_push'], 'id': None, 'text': ''}, {'tag': 'div', 'src': None, 'aria_label': None, 'class': ['ad', 'cat_side1'], 'id': None, 'text': ''}, {'tag': 'div', 'src': None, 'aria_label': None, 'class': ['ad', 'allcats_side_btwn_1_2'], 'id': None, 'text': ''}, {'tag': 'div', 'src': None, 'aria_label': None, 'class': ['ad', 'cat_side2'], 'id': None, 'text': ''}, {'tag': 'div', 'src': None, 'aria_label': None, 'class': ['ad', 'cat_side3'], 'id': None, 'text': ''}]",-6,1,41,0.04581005586592179,20,4,7,1,0,19,2,0.9411764705882353,1,0,0,1,0.03687150837988827,1,15,3,21.476190476190474,9,4,52,13,0,38,1,456,newsbook,news_listing
130,34,48,0,15,2,21,21,6674,1018,16,6,"[{'tag': 'div', 'src': None, 'aria_label': None, 'class': ['ad', 'top_push_alt'], 'id': None, 'text': ''}, {'tag': 'div', 'src': None, 'aria_label': None, 'class': ['ad', 'top_push'], 'id': None, 'text': ''}, {'tag': 'div', 'src': None, 'aria_label': None, 'class': ['ad', 'cat_side1'], 'id': None, 'text': ''}, {'tag': 'div', 'src': None, 'aria_label': None, 'class': ['ad', 'allcats_side_btwn_1_2'], 'id': None, 'text': ''}, {'tag': 'div', 'src': None, 'aria_label': None, 'class': ['ad', 'cat_side2'], 'id': None, 'text': ''}, {'tag': 'div', 'src': None, 'aria_label': None, 'class': ['ad', 'cat_side3'], 'id': None, 'text': ''}]",-6,1,41,0.04581005586592179,20,4,7,1,0,19,2,0.9411764705882353,1,0,0,1,0.03687150837988827,1,15,3,21.476190476190474,0,0,0,0,0,0,0,457,newsbook,news_listing
133,38,49,0,15,2,21,21,6452,934,16,6,"[{'tag': 'div', 'src': None, 'aria_label': None, 'class': ['ad', 'top_push_alt'], 'id': None, 'text': ''}, {'tag': 'div', 'src': None, 'aria_label': None, 'class': ['ad', 'top_push'], 'id': None, 'text': ''}, {'tag': 'div', 'src': None, 'aria_label': None, 'class': ['ad', 'cat_side1'], 'id': None, 'text': ''}, {'tag': 'div', 'src': None, 'aria_label': None, 'class': ['ad', 'allcats_side_btwn_1_2'], 'id': None, 'text': ''}, {'tag': 'div', 'src': None, 'aria_label': None, 'class': ['ad', 'cat_side2'], 'id': None, 'text': ''}, {'tag': 'div', 'src': None, 'aria_label': None, 'class': ['ad', 'cat_side3'], 'id': None, 'text': ''}]",-6,1,41,0.04515418502202643,20,4,7,1,0,19,2,0.9473684210526315,1,0,0,1,0.03634361233480176,1,15,3,21.476190476190474,9,4,54,13,0,40,1,458,newsbook,news_listing
133,38,49,0,15,2,21,21,6452,934,16,6,"[{'tag': 'div', 'src': None, 'aria_label': None, 'class': ['ad', 'top_push_alt'], 'id': None, 'text': ''}, {'tag': 'div', 'src': None, 'aria_label': None, 'class': ['ad', 'top_push'], 'id': None, 'text': ''}, {'tag': 'div', 'src': None, 'aria_label': None, 'class': ['ad', 'cat_side1'], 'id': None, 'text': ''}, {'tag': 'div', 'src': None, 'aria_label': None, 'class': ['ad', 'allcats_side_btwn_1_2'], 'id': None, 'text': ''}, {'tag': 'div', 'src': None, 'aria_label': None, 'class': ['ad', 'cat_side2'], 'id': None, 'text': ''}, {'tag': 'div', 'src': None, 'aria_label': None, 'class': ['ad', 'cat_side3'], 'id': None, 'text': ''}]",-6,1,41,0.04515418502202643,20,4,7,1,0,19,2,0.9473684210526315,1,0,0,1,0.03634361233480176,1,15,3,21.476190476190474,9,4,54,13,0,40,1,459,newsbook,news_listing
133,38,49,0,15,2,21,21,6452,934,16,6,"[{'tag': 'div', 'src': None, 'aria_label': None, 'class': ['ad', 'top_push_alt'], 'id': None, 'text': ''}, {'tag': 'div', 'src': None, 'aria_label': None, 'class': ['ad', 'top_push'], 'id': None, 'text': ''}, {'tag': 'div', 'src': None, 'aria_label': None, 'class': ['ad', 'cat_side1'], 'id': None, 'text': ''}, {'tag': 'div', 'src': None, 'aria_label': None, 'class': ['ad', 'allcats_side_btwn_1_2'], 'id': None, 'text': ''}, {'tag': 'div', 'src': None, 'aria_label': None, 'class': ['ad', 'cat_side2'], 'id': None, 'text': ''}, {'tag': 'div', 'src': None, 'aria_label': None, 'class': ['ad', 'cat_side3'], 'id': None, 'text': ''}]",-6,1,41,0.04515418502202643,20,4,7,1,0,19,2,0.9473684210526315,1,0,0,1,0.03634361233480176,1,15,3,21.476190476190474,9,4,54,13,0,40,1,460,newsbook,news_listing
133,38,49,0,15,2,21,21,6452,934,16,6,"[{'tag': 'div', 'src': None, 'aria_label': None, 'class': ['ad', 'top_push_alt'], 'id': None, 'text': ''}, {'tag': 'div', 'src': None, 'aria_label': None, 'class': ['ad', 'top_push'], 'id': None, 'text': ''}, {'tag': 'div', 'src': None, 'aria_label': None, 'class': ['ad', 'cat_side1'], 'id': None, 'text': ''}, {'tag': 'div', 'src': None, 'aria_label': None, 'class': ['ad', 'allcats_side_btwn_1_2'], 'id': None, 'text': ''}, {'tag': 'div', 'src': None, 'aria_label': None, 'class': ['ad', 'cat_side2'], 'id': None, 'text': ''}, {'tag': 'div', 'src': None, 'aria_label': None, 'class': ['ad', 'cat_side3'], 'id': None, 'text': ''}]",-6,1,41,0.04515418502202643,20,4,7,1,0,19,2,0.9473684210526315,1,0,0,1,0.03634361233480176,1,15,3,21.476190476190474,9,4,54,13,0,40,1,461,newsbook,news_listing
133,38,49,0,15,2,21,21,6452,934,16,6,"[{'tag': 'div', 'src': None, 'aria_label': None, 'class': ['ad', 'top_push_alt'], 'id': None, 'text': ''}, {'tag': 'div', 'src': None, 'aria_label': None, 'class': ['ad', 'top_push'], 'id': None, 'text': ''}, {'tag': 'div', 'src': None, 'aria_label': None, 'class': ['ad', 'cat_side1'], 'id': None, 'text': ''}, {'tag': 'div', 'src': None, 'aria_label': None, 'class': ['ad', 'allcats_side_btwn_1_2'], 'id': None, 'text': ''}, {'tag': 'div', 'src': None, 'aria_label': None, 'class': ['ad', 'cat_side2'], 'id': None, 'text': ''}, {'tag': 'div', 'src': None, 'aria_label': None, 'class': ['ad', 'cat_side3'], 'id': None, 'text': ''}]",-6,1,41,0.04515418502202643,20,4,7,1,0,19,2,0.9473684210526315,1,0,0,1,0.03634361233480176,1,15,3,21.476190476190474,9,4,54,13,0,40,1,462,newsbook,news_listing
133,38,49,0,15,2,21,21,6452,934,16,6,"[{'tag': 'div', 'src': None, 'aria_label': None, 'class': ['ad', 'top_push_alt'], 'id': None, 'text': ''}, {'tag': 'div', 'src': None, 'aria_label': None, 'class': ['ad', 'top_push'], 'id': None, 'text': ''}, {'tag': 'div', 'src': None, 'aria_label': None, 'class': ['ad', 'cat_side1'], 'id': None, 'text': ''}, {'tag': 'div', 'src': None, 'aria_label': None, 'class': ['ad', 'allcats_side_btwn_1_2'], 'id': None, 'text': ''}, {'tag': 'div', 'src': None, 'aria_label': None, 'class': ['ad', 'cat_side2'], 'id': None, 'text': ''}, {'tag': 'div', 'src': None, 'aria_label': None, 'class': ['ad', 'cat_side3'], 'id': None, 'text': ''}]",-6,1,41,0.04515418502202643,20,4,7,1,0,19,2,0.9473684210526315,1,0,0,1,0.03634361233480176,1,15,3,21.476190476190474,9,4,54,13,0,40,1,463,newsbook,news_listing
134,35,49,0,15,2,21,21,6743,977,16,6,"[{'tag': 'div', 'src': None, 'aria_label': None, 'class': ['ad', 'top_push_alt'], 'id': None, 'text': ''}, {'tag': 'div', 'src': None, 'aria_label': None, 'class': ['ad', 'top_push'], 'id': None, 'text': ''}, {'tag': 'div', 'src': None, 'aria_label': None, 'class': ['ad', 'cat_side1'], 'id': None, 'text': ''}, {'tag': 'div', 'src': None, 'aria_label': None, 'class': ['ad', 'allcats_side_btwn_1_2'], 'id': None, 'text': ''}, {'tag': 'div', 'src': None, 'aria_label': None, 'class': ['ad', 'cat_side2'], 'id': None, 'text': ''}, {'tag': 'div', 'src': None, 'aria_label': None, 'class': ['ad', 'cat_side3'], 'id': None, 'text': ''}]",-6,1,41,0.045454545454545456,20,4,7,1,0,20,2,0.9428571428571428,1,0,0,1,0.036585365853658534,1,16,3,21.476190476190474,9,4,55,13,0,40,1,464,newsbook,news_listing
134,35,49,0,15,2,21,21,6743,977,16,6,"[{'tag': 'div', 'src': None, 'aria_label': None, 'class': ['ad', 'top_push_alt'], 'id': None, 'text': ''}, {'tag': 'div', 'src': None, 'aria_label': None, 'class': ['ad', 'top_push'], 'id': None, 'text': ''}, {'tag': 'div', 'src': None, 'aria_label': None, 'class': ['ad', 'cat_side1'], 'id': None, 'text': ''}, {'tag': 'div', 'src': None, 'aria_label': None, 'class': ['ad', 'allcats_side_btwn_1_2'], 'id': None, 'text': ''}, {'tag': 'div', 'src': None, 'aria_label': None, 'class': ['ad', 'cat_side2'], 'id': None, 'text': ''}, {'tag': 'div', 'src': None, 'aria_label': None, 'class': ['ad', 'cat_side3'], 'id': None, 'text': ''}]",-6,1,41,0.045454545454545456,20,4,7,1,0,20,2,0.9428571428571428,1,0,0,1,0.036585365853658534,1,16,3,21.476190476190474,9,4,55,13,0,40,1,465,newsbook,news_listing
134,35,49,0,15,2,21,21,6743,977,16,6,"[{'tag': 'div', 'src': None, 'aria_label': None, 'class': ['ad', 'top_push_alt'], 'id': None, 'text': ''}, {'tag': 'div', 'src': None, 'aria_label': None, 'class': ['ad', 'top_push'], 'id': None, 'text': ''}, {'tag': 'div', 'src': None, 'aria_label': None, 'class': ['ad', 'cat_side1'], 'id': None, 'text': ''}, {'tag': 'div', 'src': None, 'aria_label': None, 'class': ['ad', 'allcats_side_btwn_1_2'], 'id': None, 'text': ''}, {'tag': 'div', 'src': None, 'aria_label': None, 'class': ['ad', 'cat_side2'], 'id': None, 'text': ''}, {'tag': 'div', 'src': None, 'aria_label': None, 'class': ['ad', 'cat_side3'], 'id': None, 'text': ''}]",-6,1,41,0.045454545454545456,20,4,7,1,0,20,2,0.9428571428571428,1,0,0,1,0.036585365853658534,1,16,3,21.476190476190474,9,4,55,13,0,40,1,466,newsbook,news_listing
135,35,49,0,15,2,21,21,6827,980,16,6,"[{'tag': 'div', 'src': None, 'aria_label': None, 'class': ['ad', 'top_push_alt'], 'id': None, 'text': ''}, {'tag': 'div', 'src': None, 'aria_label': None, 'class': ['ad', 'top_push'], 'id': None, 'text': ''}, {'tag': 'div', 'src': None, 'aria_label': None, 'class': ['ad', 'cat_side1'], 'id': None, 'text': ''}, {'tag': 'div', 'src': None, 'aria_label': None, 'class': ['ad', 'allcats_side_btwn_1_2'], 'id': None, 'text': ''}, {'tag': 'div', 'src': None, 'aria_label': None, 'class': ['ad', 'cat_side2'], 'id': None, 'text': ''}, {'tag': 'div', 'src': None, 'aria_label': None, 'class': ['ad', 'cat_side3'], 'id': None, 'text': ''}]",-6,1,41,0.04540420819490587,20,4,7,1,0,20,2,0.9428571428571428,1,0,0,1,0.036544850498338874,1,16,3,21.476190476190474,0,0,0,0,0,0,0,467,newsbook,news_listing
135,35,49,0,15,2,21,21,6827,980,16,6,"[{'tag': 'div', 'src': None, 'aria_label': None, 'class': ['ad', 'top_push_alt'], 'id': None, 'text': ''}, {'tag': 'div', 'src': None, 'aria_label': None, 'class': ['ad', 'top_push'], 'id': None, 'text': ''}, {'tag': 'div', 'src': None, 'aria_label': None, 'class': ['ad', 'cat_side1'], 'id': None, 'text': ''}, {'tag': 'div', 'src': None, 'aria_label': None, 'class': ['ad', 'allcats_side_btwn_1_2'], 'id': None, 'text': ''}, {'tag': 'div', 'src': None, 'aria_label': None, 'class': ['ad', 'cat_side2'], 'id': None, 'text': ''}, {'tag': 'div', 'src': None, 'aria_label': None, 'class': ['ad', 'cat_side3'], 'id': None, 'text': ''}]",-6,1,41,0.04540420819490587,20,4,7,1,0,20,2,0.9428571428571428,1,0,0,1,0.036544850498338874,1,16,3,21.476190476190474,0,0,0,0,0,0,0,468,newsbook,news_listing
135,35,49,0,15,2,21,21,6827,980,16,6,"[{'tag': 'div', 'src': None, 'aria_label': None, 'class': ['ad', 'top_push_alt'], 'id': None, 'text': ''}, {'tag': 'div', 'src': None, 'aria_label': None, 'class': ['ad', 'top_push'], 'id': None, 'text': ''}, {'tag': 'div', 'src': None, 'aria_label': None, 'class': ['ad', 'cat_side1'], 'id': None, 'text': ''}, {'tag': 'div', 'src': None, 'aria_label': None, 'class': ['ad', 'allcats_side_btwn_1_2'], 'id': None, 'text': ''}, {'tag': 'div', 'src': None, 'aria_label': None, 'class': ['ad', 'cat_side2'], 'id': None, 'text': ''}, {'tag': 'div', 'src': None, 'aria_label': None, 'class': ['ad', 'cat_side3'], 'id': None, 'text': ''}]",-6,1,41,0.04540420819490587,20,4,7,1,0,20,2,0.9428571428571428,1,0,0,1,0.036544850498338874,1,16,3,21.476190476190474,0,0,0,0,0,0,0,469,newsbook,news_listing
134,34,49,0,15,2,21,21,6897,1003,16,6,"[{'tag': 'div', 'src': None, 'aria_label': None, 'class': ['ad', 'top_push_alt'], 'id': None, 'text': ''}, {'tag': 'div', 'src': None, 'aria_label': None, 'class': ['ad', 'top_push'], 'id': None, 'text': ''}, {'tag': 'div', 'src': None, 'aria_label': None, 'class': ['ad', 'cat_side1'], 'id': None, 'text': ''}, {'tag': 'div', 'src': None, 'aria_label': None, 'class': ['ad', 'allcats_side_btwn_1_2'], 'id': None, 'text': ''}, {'tag': 'div', 'src': None, 'aria_label': None, 'class': ['ad', 'cat_side2'], 'id': None, 'text': ''}, {'tag': 'div', 'src': None, 'aria_label': None, 'class': ['ad', 'cat_side3'], 'id': None, 'text': ''}]",-6,1,41,0.045454545454545456,20,4,7,1,0,19,2,0.9411764705882353,1,0,0,1,0.036585365853658534,1,15,3,21.476190476190474,9,4,54,13,0,40,1,470,newsbook,news_listing
134,34,49,0,15,2,21,21,6897,1003,16,6,"[{'tag': 'div', 'src': None, 'aria_label': None, 'class': ['ad', 'top_push_alt'], 'id': None, 'text': ''}, {'tag': 'div', 'src': None, 'aria_label': None, 'class': ['ad', 'top_push'], 'id': None, 'text': ''}, {'tag': 'div', 'src': None, 'aria_label': None, 'class': ['ad', 'cat_side1'], 'id': None, 'text': ''}, {'tag': 'div', 'src': None, 'aria_label': None, 'class': ['ad', 'allcats_side_btwn_1_2'], 'id': None, 'text': ''}, {'tag': 'div', 'src': None, 'aria_label': None, 'class': ['ad', 'cat_side2'], 'id': None, 'text': ''}, {'tag': 'div', 'src': None, 'aria_label': None, 'class': ['ad', 'cat_side3'], 'id': None, 'text': ''}]",-6,1,41,0.045454545454545456,20,4,7,1,0,19,2,0.9411764705882353,1,0,0,1,0.036585365853658534,1,15,3,21.476190476190474,9,4,54,13,0,40,1,471,newsbook,news_listing
134,34,49,0,15,2,21,21,6897,1003,16,6,"[{'tag': 'div', 'src': None, 'aria_label': None, 'class': ['ad', 'top_push_alt'], 'id': None, 'text': ''}, {'tag': 'div', 'src': None, 'aria_label': None, 'class': ['ad', 'top_push'], 'id': None, 'text': ''}, {'tag': 'div', 'src': None, 'aria_label': None, 'class': ['ad', 'cat_side1'], 'id': None, 'text': ''}, {'tag': 'div', 'src': None, 'aria_label': None, 'class': ['ad', 'allcats_side_btwn_1_2'], 'id': None, 'text': ''}, {'tag': 'div', 'src': None, 'aria_label': None, 'class': ['ad', 'cat_side2'], 'id': None, 'text': ''}, {'tag': 'div', 'src': None, 'aria_label': None, 'class': ['ad', 'cat_side3'], 'id': None, 'text': ''}]",-6,1,41,0.045454545454545456,20,4,7,1,0,19,2,0.9411764705882353,1,0,0,1,0.036585365853658534,1,15,3,21.476190476190474,9,4,54,13,0,40,1,472,newsbook,news_listing
134,34,49,0,15,2,21,21,6897,1003,16,6,"[{'tag': 'div', 'src': None, 'aria_label': None, 'class': ['ad', 'top_push_alt'], 'id': None, 'text': ''}, {'tag': 'div', 'src': None, 'aria_label': None, 'class': ['ad', 'top_push'], 'id': None, 'text': ''}, {'tag': 'div', 'src': None, 'aria_label': None, 'class': ['ad', 'cat_side1'], 'id': None, 'text': ''}, {'tag': 'div', 'src': None, 'aria_label': None, 'class': ['ad', 'allcats_side_btwn_1_2'], 'id': None, 'text': ''}, {'tag': 'div', 'src': None, 'aria_label': None, 'class': ['ad', 'cat_side2'], 'id': None, 'text': ''}, {'tag': 'div', 'src': None, 'aria_label': None, 'class': ['ad', 'cat_side3'], 'id': None, 'text': ''}]",-6,1,41,0.045454545454545456,20,4,7,1,0,19,2,0.9411764705882353,1,0,0,1,0.036585365853658534,1,15,3,21.476190476190474,0,0,0,0,0,0,0,473,newsbook,news_listing
134,35,49,0,15,2,21,21,6766,973,16,6,"[{'tag': 'div', 'src': None, 'aria_label': None, 'class': ['ad', 'top_push_alt'], 'id': None, 'text': ''}, {'tag': 'div', 'src': None, 'aria_label': None, 'class': ['ad', 'top_push'], 'id': None, 'text': ''}, {'tag': 'div', 'src': None, 'aria_label': None, 'class': ['ad', 'cat_side1'], 'id': None, 'text': ''}, {'tag': 'div', 'src': None, 'aria_label': None, 'class': ['ad', 'allcats_side_btwn_1_2'], 'id': None, 'text': ''}, {'tag': 'div', 'src': None, 'aria_label': None, 'class': ['ad', 'cat_side2'], 'id': None, 'text': ''}, {'tag': 'div', 'src': None, 'aria_label': None, 'class': ['ad', 'cat_side3'], 'id': None, 'text': ''}]",-6,1,41,0.04535398230088496,20,4,7,1,0,19,2,0.9428571428571428,1,0,0,1,0.03650442477876106,1,15,3,21.476190476190474,0,0,0,0,0,0,0,474,newsbook,news_listing
134,35,49,0,15,2,21,21,6766,973,16,6,"[{'tag': 'div', 'src': None, 'aria_label': None, 'class': ['ad', 'top_push_alt'], 'id': None, 'text': ''}, {'tag': 'div', 'src': None, 'aria_label': None, 'class': ['ad', 'top_push'], 'id': None, 'text': ''}, {'tag': 'div', 'src': None, 'aria_label': None, 'class': ['ad', 'cat_side1'], 'id': None, 'text': ''}, {'tag': 'div', 'src': None, 'aria_label': None, 'class': ['ad', 'allcats_side_btwn_1_2'], 'id': None, 'text': ''}, {'tag': 'div', 'src': None, 'aria_label': None, 'class': ['ad', 'cat_side2'], 'id': None, 'text': ''}, {'tag': 'div', 'src': None, 'aria_label': None, 'class': ['ad', 'cat_side3'], 'id': None, 'text': ''}]",-6,1,41,0.04535398230088496,20,4,7,1,0,19,2,0.9428571428571428,1,0,0,1,0.03650442477876106,1,15,3,21.476190476190474,9,4,54,13,0,40,1,475,newsbook,news_listing
134,35,49,0,15,2,21,21,6766,973,16,6,"[{'tag': 'div', 'src': None, 'aria_label': None, 'class': ['ad', 'top_push_alt'], 'id': None, 'text': ''}, {'tag': 'div', 'src': None, 'aria_label': None, 'class': ['ad', 'top_push'], 'id': None, 'text': ''}, {'tag': 'div', 'src': None, 'aria_label': None, 'class': ['ad', 'cat_side1'], 'id': None, 'text': ''}, {'tag': 'div', 'src': None, 'aria_label': None, 'class': ['ad', 'allcats_side_btwn_1_2'], 'id': None, 'text': ''}, {'tag': 'div', 'src': None, 'aria_label': None, 'class': ['ad', 'cat_side2'], 'id': None, 'text': ''}, {'tag': 'div', 'src': None, 'aria_label': None, 'class': ['ad', 'cat_side3'], 'id': None, 'text': ''}]",-6,1,41,0.04535398230088496,20,4,7,1,0,19,2,0.9428571428571428,1,0,0,1,0.03650442477876106,1,15,3,21.476190476190474,9,4,54,13,0,40,1,476,newsbook,news_listing
134,35,49,0,15,2,21,21,6766,973,16,6,"[{'tag': 'div', 'src': None, 'aria_label': None, 'class': ['ad', 'top_push_alt'], 'id': None, 'text': ''}, {'tag': 'div', 'src': None, 'aria_label': None, 'class': ['ad', 'top_push'], 'id': None, 'text': ''}, {'tag': 'div', 'src': None, 'aria_label': None, 'class': ['ad', 'cat_side1'], 'id': None, 'text': ''}, {'tag': 'div', 'src': None, 'aria_label': None, 'class': ['ad', 'allcats_side_btwn_1_2'], 'id': None, 'text': ''}, {'tag': 'div', 'src': None, 'aria_label': None, 'class': ['ad', 'cat_side2'], 'id': None, 'text': ''}, {'tag': 'div', 'src': None, 'aria_label': None, 'class': ['ad', 'cat_side3'], 'id': None, 'text': ''}]",-6,1,41,0.04535398230088496,20,4,7,1,0,19,2,0.9428571428571428,1,0,0,1,0.03650442477876106,1,15,3,21.476190476190474,9,4,54,13,0,40,1,477,newsbook,news_listing
134,35,49,0,15,2,21,21,6766,973,16,6,"[{'tag': 'div', 'src': None, 'aria_label': None, 'class': ['ad', 'top_push_alt'], 'id': None, 'text': ''}, {'tag': 'div', 'src': None, 'aria_label': None, 'class': ['ad', 'top_push'], 'id': None, 'text': ''}, {'tag': 'div', 'src': None, 'aria_label': None, 'class': ['ad', 'cat_side1'], 'id': None, 'text': ''}, {'tag': 'div', 'src': None, 'aria_label': None, 'class': ['ad', 'allcats_side_btwn_1_2'], 'id': None, 'text': ''}, {'tag': 'div', 'src': None, 'aria_label': None, 'class': ['ad', 'cat_side2'], 'id': None, 'text': ''}, {'tag': 'div', 'src': None, 'aria_label': None, 'class': ['ad', 'cat_side3'], 'id': None, 'text': ''}]",-6,1,41,0.04535398230088496,20,4,7,1,0,19,2,0.9428571428571428,1,0,0,1,0.03650442477876106,1,15,3,21.476190476190474,9,4,54,13,0,40,1,478,newsbook,news_listing
136,34,49,0,15,2,21,21,6956,1006,16,6,"[{'tag': 'div', 'src': None, 'aria_label': None, 'class': ['ad', 'top_push_alt'], 'id': None, 'text': ''}, {'tag': 'div', 'src': None, 'aria_label': None, 'class': ['ad', 'top_push'], 'id': None, 'text': ''}, {'tag': 'div', 'src': None, 'aria_label': None, 'class': ['ad', 'cat_side1'], 'id': None, 'text': ''}, {'tag': 'div', 'src': None, 'aria_label': None, 'class': ['ad', 'allcats_side_btwn_1_2'], 'id': None, 'text': ''}, {'tag': 'div', 'src': None, 'aria_label': None, 'class': ['ad', 'cat_side2'], 'id': None, 'text': ''}, {'tag': 'div', 'src': None, 'aria_label': None, 'class': ['ad', 'cat_side3'], 'id': None, 'text': ''}]",-6,1,41,0.045303867403314914,20,4,7,1,0,18,2,0.9411764705882353,1,0,0,1,0.036464088397790057,1,14,3,21.476190476190474,9,4,55,13,0,42,1,479,newsbook,news_listing
136,34,49,0,15,2,21,21,6956,1006,16,6,"[{'tag': 'div', 'src': None, 'aria_label': None, 'class': ['ad', 'top_push_alt'], 'id': None, 'text': ''}, {'tag': 'div', 'src': None, 'aria_label': None, 'class': ['ad', 'top_push'], 'id': None, 'text': ''}, {'tag': 'div', 'src': None, 'aria_label': None, 'class': ['ad', 'cat_side1'], 'id': None, 'text': ''}, {'tag': 'div', 'src': None, 'aria_label': None, 'class': ['ad', 'allcats_side_btwn_1_2'], 'id': None, 'text': ''}, {'tag': 'div', 'src': None, 'aria_label': None, 'class': ['ad', 'cat_side2'], 'id': None, 'text': ''}, {'tag': 'div', 'src': None, 'aria_label': None, 'class': ['ad', 'cat_side3'], 'id': None, 'text': ''}]",-6,1,41,0.045303867403314914,20,4,7,1,0,18,2,0.9411764705882353,1,0,0,1,0.036464088397790057,1,14,3,21.476190476190474,9,4,55,13,0,42,1,480,newsbook,news_listing
136,34,49,0,15,2,21,21,6956,1006,16,6,"[{'tag': 'div', 'src': None, 'aria_label': None, 'class': ['ad', 'top_push_alt'], 'id': None, 'text': ''}, {'tag': 'div', 'src': None, 'aria_label': None, 'class': ['ad', 'top_push'], 'id': None, 'text': ''}, {'tag': 'div', 'src': None, 'aria_label': None, 'class': ['ad', 'cat_side1'], 'id': None, 'text': ''}, {'tag': 'div', 'src': None, 'aria_label': None, 'class': ['ad', 'allcats_side_btwn_1_2'], 'id': None, 'text': ''}, {'tag': 'div', 'src': None, 'aria_label': None, 'class': ['ad', 'cat_side2'], 'id': None, 'text': ''}, {'tag': 'div', 'src': None, 'aria_label': None, 'class': ['ad', 'cat_side3'], 'id': None, 'text': ''}]",-6,1,41,0.045303867403314914,20,4,7,1,0,18,2,0.9411764705882353,1,0,0,1,0.036464088397790057,1,14,3,21.476190476190474,0,0,0,0,0,0,0,481,newsbook,news_listing
136,34,49,0,15,2,21,21,6956,1006,16,6,"[{'tag': 'div', 'src': None, 'aria_label': None, 'class': ['ad', 'top_push_alt'], 'id': None, 'text': ''}, {'tag': 'div', 'src': None, 'aria_label': None, 'class': ['ad', 'top_push'], 'id': None, 'text': ''}, {'tag': 'div', 'src': None, 'aria_label': None, 'class': ['ad', 'cat_side1'], 'id': None, 'text': ''}, {'tag': 'div', 'src': None, 'aria_label': None, 'class': ['ad', 'allcats_side_btwn_1_2'], 'id': None, 'text': ''}, {'tag': 'div', 'src': None, 'aria_label': None, 'class': ['ad', 'cat_side2'], 'id': None, 'text': ''}, {'tag': 'div', 'src': None, 'aria_label': None, 'class': ['ad', 'cat_side3'], 'id': None, 'text': ''}]",-6,1,41,0.045303867403314914,20,4,7,1,0,18,2,0.9411764705882353,1,0,0,1,0.036464088397790057,1,14,3,21.476190476190474,9,4,55,13,0,42,1,482,newsbook,news_listing
128,34,48,0,15,2,21,21,6483,978,16,6,"[{'tag': 'div', 'src': None, 'aria_label': None, 'class': ['ad', 'top_push_alt'], 'id': None, 'text': ''}, {'tag': 'div', 'src': None, 'aria_label': None, 'class': ['ad', 'top_push'], 'id': None, 'text': ''}, {'tag': 'div', 'src': None, 'aria_label': None, 'class': ['ad', 'cat_side1'], 'id': None, 'text': ''}, {'tag': 'div', 'src': None, 'aria_label': None, 'class': ['ad', 'allcats_side_btwn_1_2'], 'id': None, 'text': ''}, {'tag': 'div', 'src': None, 'aria_label': None, 'class': ['ad', 'cat_side2'], 'id': None, 'text': ''}, {'tag': 'div', 'src': None, 'aria_label': None, 'class': ['ad', 'cat_side3'], 'id': None, 'text': ''}]",-6,1,41,0.04601571268237935,20,4,7,1,0,18,2,0.9411764705882353,1,0,0,1,0.037037037037037035,1,14,3,21.476190476190474,9,4,51,13,0,38,1,483,newsbook,news_listing
128,34,48,0,15,2,21,21,6483,978,16,6,"[{'tag': 'div', 'src': None, 'aria_label': None, 'class': ['ad', 'top_push_alt'], 'id': None, 'text': ''}, {'tag': 'div', 'src': None, 'aria_label': None, 'class': ['ad', 'top_push'], 'id': None, 'text': ''}, {'tag': 'div', 'src': None, 'aria_label': None, 'class': ['ad', 'cat_side1'], 'id': None, 'text': ''}, {'tag': 'div', 'src': None, 'aria_label': None, 'class': ['ad', 'allcats_side_btwn_1_2'], 'id': None, 'text': ''}, {'tag': 'div', 'src': None, 'aria_label': None, 'class': ['ad', 'cat_side2'], 'id': None, 'text': ''}, {'tag': 'div', 'src': None, 'aria_label': None, 'class': ['ad', 'cat_side3'], 'id': None, 'text': ''}]",-6,1,41,0.04601571268237935,20,4,7,1,0,18,2,0.9411764705882353,1,0,0,1,0.037037037037037035,1,14,3,21.476190476190474,9,4,51,13,0,38,1,484,newsbook,news_listing
128,34,48,0,15,2,21,21,6483,978,16,6,"[{'tag': 'div', 'src': None, 'aria_label': None, 'class': ['ad', 'top_push_alt'], 'id': None, 'text': ''}, {'tag': 'div', 'src': None, 'aria_label': None, 'class': ['ad', 'top_push'], 'id': None, 'text': ''}, {'tag': 'div', 'src': None, 'aria_label': None, 'class': ['ad', 'cat_side1'], 'id': None, 'text': ''}, {'tag': 'div', 'src': None, 'aria_label': None, 'class': ['ad', 'allcats_side_btwn_1_2'], 'id': None, 'text': ''}, {'tag': 'div', 'src': None, 'aria_label': None, 'class': ['ad', 'cat_side2'], 'id': None, 'text': ''}, {'tag': 'div', 'src': None, 'aria_label': None, 'class': ['ad', 'cat_side3'], 'id': None, 'text': ''}]",-6,1,41,0.04601571268237935,20,4,7,1,0,18,2,0.9411764705882353,1,0,0,1,0.037037037037037035,1,14,3,21.476190476190474,9,4,51,13,0,38,1,485,newsbook,news_listing
128,34,48,0,15,2,21,21,6483,978,16,6,"[{'tag': 'div', 'src': None, 'aria_label': None, 'class': ['ad', 'top_push_alt'], 'id': None, 'text': ''}, {'tag': 'div', 'src': None, 'aria_label': None, 'class': ['ad', 'top_push'], 'id': None, 'text': ''}, {'tag': 'div', 'src': None, 'aria_label': None, 'class': ['ad', 'cat_side1'], 'id': None, 'text': ''}, {'tag': 'div', 'src': None, 'aria_label': None, 'class': ['ad', 'allcats_side_btwn_1_2'], 'id': None, 'text': ''}, {'tag': 'div', 'src': None, 'aria_label': None, 'class': ['ad', 'cat_side2'], 'id': None, 'text': ''}, {'tag': 'div', 'src': None, 'aria_label': None, 'class': ['ad', 'cat_side3'], 'id': None, 'text': ''}]",-6,1,41,0.04601571268237935,20,4,7,1,0,18,2,0.9411764705882353,1,0,0,1,0.037037037037037035,1,14,3,21.476190476190474,9,4,51,13,0,38,1,486,newsbook,news_listing
128,34,48,0,15,2,21,21,6483,978,16,6,"[{'tag': 'div', 'src': None, 'aria_label': None, 'class': ['ad', 'top_push_alt'], 'id': None, 'text': ''}, {'tag': 'div', 'src': None, 'aria_label': None, 'class': ['ad', 'top_push'], 'id': None, 'text': ''}, {'tag': 'div', 'src': None, 'aria_label': None, 'class': ['ad', 'cat_side1'], 'id': None, 'text': ''}, {'tag': 'div', 'src': None, 'aria_label': None, 'class': ['ad', 'allcats_side_btwn_1_2'], 'id': None, 'text': ''}, {'tag': 'div', 'src': None, 'aria_label': None, 'class': ['ad', 'cat_side2'], 'id': None, 'text': ''}, {'tag': 'div', 'src': None, 'aria_label': None, 'class': ['ad', 'cat_side3'], 'id': None, 'text': ''}]",-6,1,41,0.04601571268237935,20,4,7,1,0,18,2,0.9411764705882353,1,0,0,1,0.037037037037037035,1,14,3,21.476190476190474,0,0,0,0,0,0,0,487,newsbook,news_listing
128,34,48,0,15,2,21,21,6483,978,16,6,"[{'tag': 'div', 'src': None, 'aria_label': None, 'class': ['ad', 'top_push_alt'], 'id': None, 'text': ''}, {'tag': 'div', 'src': None, 'aria_label': None, 'class': ['ad', 'top_push'], 'id': None, 'text': ''}, {'tag': 'div', 'src': None, 'aria_label': None, 'class': ['ad', 'cat_side1'], 'id': None, 'text': ''}, {'tag': 'div', 'src': None, 'aria_label': None, 'class': ['ad', 'allcats_side_btwn_1_2'], 'id': None, 'text': ''}, {'tag': 'div', 'src': None, 'aria_label': None, 'class': ['ad', 'cat_side2'], 'id': None, 'text': ''}, {'tag': 'div', 'src': None, 'aria_label': None, 'class': ['ad', 'cat_side3'], 'id': None, 'text': ''}]",-6,1,41,0.04601571268237935,20,4,7,1,0,18,2,0.9411764705882353,1,0,0,1,0.037037037037037035,1,14,3,21.476190476190474,9,4,51,13,0,38,1,488,newsbook,news_listing
129,34,48,0,15,2,21,21,6679,1021,16,6,"[{'tag': 'div', 'src': None, 'aria_label': None, 'class': ['ad', 'top_push_alt'], 'id': None, 'text': ''}, {'tag': 'div', 'src': None, 'aria_label': None, 'class': ['ad', 'top_push'], 'id': None, 'text': ''}, {'tag': 'div', 'src': None, 'aria_label': None, 'class': ['ad', 'cat_side1'], 'id': None, 'text': ''}, {'tag': 'div', 'src': None, 'aria_label': None, 'class': ['ad', 'allcats_side_btwn_1_2'], 'id': None, 'text': ''}, {'tag': 'div', 'src': None, 'aria_label': None, 'class': ['ad', 'cat_side2'], 'id': None, 'text': ''}, {'tag': 'div', 'src': None, 'aria_label': None, 'class': ['ad', 'cat_side3'], 'id': None, 'text': ''}]",-6,1,41,0.04601571268237935,20,4,7,1,0,19,2,0.9411764705882353,1,0,0,1,0.037037037037037035,1,15,3,21.476190476190474,0,0,0,0,0,0,0,489,newsbook,news_listing
129,34,48,0,15,2,21,21,6679,1021,16,6,"[{'tag': 'div', 'src': None, 'aria_label': None, 'class': ['ad', 'top_push_alt'], 'id': None, 'text': ''}, {'tag': 'div', 'src': None, 'aria_label': None, 'class': ['ad', 'top_push'], 'id': None, 'text': ''}, {'tag': 'div', 'src': None, 'aria_label': None, 'class': ['ad', 'cat_side1'], 'id': None, 'text': ''}, {'tag': 'div', 'src': None, 'aria_label': None, 'class': ['ad', 'allcats_side_btwn_1_2'], 'id': None, 'text': ''}, {'tag': 'div', 'src': None, 'aria_label': None, 'class': ['ad', 'cat_side2'], 'id': None, 'text': ''}, {'tag': 'div', 'src': None, 'aria_label': None, 'class': ['ad', 'cat_side3'], 'id': None, 'text': ''}]",-6,1,41,0.04601571268237935,20,4,7,1,0,19,2,0.9411764705882353,1,0,0,1,0.037037037037037035,1,15,3,21.476190476190474,0,0,0,0,0,0,0,490,newsbook,news_listing
129,34,48,0,15,2,21,21,6679,1021,16,6,"[{'tag': 'div', 'src': None, 'aria_label': None, 'class': ['ad', 'top_push_alt'], 'id': None, 'text': ''}, {'tag': 'div', 'src': None, 'aria_label': None, 'class': ['ad', 'top_push'], 'id': None, 'text': ''}, {'tag': 'div', 'src': None, 'aria_label': None, 'class': ['ad', 'cat_side1'], 'id': None, 'text': ''}, {'tag': 'div', 'src': None, 'aria_label': None, 'class': ['ad', 'allcats_side_btwn_1_2'], 'id': None, 'text': ''}, {'tag': 'div', 'src': None, 'aria_label': None, 'class': ['ad', 'cat_side2'], 'id': None, 'text': ''}, {'tag': 'div', 'src': None, 'aria_label': None, 'class': ['ad', 'cat_side3'], 'id': None, 'text': ''}]",-6,1,41,0.04601571268237935,20,4,7,1,0,19,2,0.9411764705882353,1,0,0,1,0.037037037037037035,1,15,3,21.476190476190474,9,4,52,13,0,38,1,491,newsbook,news_listing
129,34,48,0,15,2,21,21,6679,1021,16,6,"[{'tag': 'div', 'src': None, 'aria_label': None, 'class': ['ad', 'top_push_alt'], 'id': None, 'text': ''}, {'tag': 'div', 'src': None, 'aria_label': None, 'class': ['ad', 'top_push'], 'id': None, 'text': ''}, {'tag': 'div', 'src': None, 'aria_label': None, 'class': ['ad', 'cat_side1'], 'id': None, 'text': ''}, {'tag': 'div', 'src': None, 'aria_label': None, 'class': ['ad', 'allcats_side_btwn_1_2'], 'id': None, 'text': ''}, {'tag': 'div', 'src': None, 'aria_label': None, 'class': ['ad', 'cat_side2'], 'id': None, 'text': ''}, {'tag': 'div', 'src': None, 'aria_label': None, 'class': ['ad', 'cat_side3'], 'id': None, 'text': ''}]",-6,1,41,0.04601571268237935,20,4,7,1,0,19,2,0.9411764705882353,1,0,0,1,0.037037037037037035,1,15,3,21.476190476190474,9,4,52,13,0,38,1,492,newsbook,news_listing
129,34,48,0,15,2,21,21,6679,1021,16,6,"[{'tag': 'div', 'src': None, 'aria_label': None, 'class': ['ad', 'top_push_alt'], 'id': None, 'text': ''}, {'tag': 'div', 'src': None, 'aria_label': None, 'class': ['ad', 'top_push'], 'id': None, 'text': ''}, {'tag': 'div', 'src': None, 'aria_label': None, 'class': ['ad', 'cat_side1'], 'id': None, 'text': ''}, {'tag': 'div', 'src': None, 'aria_label': None, 'class': ['ad', 'allcats_side_btwn_1_2'], 'id': None, 'text': ''}, {'tag': 'div', 'src': None, 'aria_label': None, 'class': ['ad', 'cat_side2'], 'id': None, 'text': ''}, {'tag': 'div', 'src': None, 'aria_label': None, 'class': ['ad', 'cat_side3'], 'id': None, 'text': ''}]",-6,1,41,0.04601571268237935,20,4,7,1,0,19,2,0.9411764705882353,1,0,0,1,0.037037037037037035,1,15,3,21.476190476190474,9,4,52,13,0,38,1,493,newsbook,news_listing
131,34,48,0,15,2,21,21,6628,1007,16,6,"[{'tag': 'div', 'src': None, 'aria_label': None, 'class': ['ad', 'top_push_alt'], 'id': None, 'text': ''}, {'tag': 'div', 'src': None, 'aria_label': None, 'class': ['ad', 'top_push'], 'id': None, 'text': ''}, {'tag': 'div', 'src': None, 'aria_label': None, 'class': ['ad', 'cat_side1'], 'id': None, 'text': ''}, {'tag': 'div', 'src': None, 'aria_label': None, 'class': ['ad', 'allcats_side_btwn_1_2'], 'id': None, 'text': ''}, {'tag': 'div', 'src': None, 'aria_label': None, 'class': ['ad', 'cat_side2'], 'id': None, 'text': ''}, {'tag': 'div', 'src': None, 'aria_label': None, 'class': ['ad', 'cat_side3'], 'id': None, 'text': ''}]",-6,1,41,0.04596412556053812,20,4,7,1,0,20,2,0.9411764705882353,1,0,0,1,0.03699551569506727,1,16,3,21.476190476190474,9,4,53,13,0,38,1,494,newsbook,news_listing
131,34,48,0,15,2,21,21,6628,1007,16,6,"[{'tag': 'div', 'src': None, 'aria_label': None, 'class': ['ad', 'top_push_alt'], 'id': None, 'text': ''}, {'tag': 'div', 'src': None, 'aria_label': None, 'class': ['ad', 'top_push'], 'id': None, 'text': ''}, {'tag': 'div', 'src': None, 'aria_label': None, 'class': ['ad', 'cat_side1'], 'id': None, 'text': ''}, {'tag': 'div', 'src': None, 'aria_label': None, 'class': ['ad', 'allcats_side_btwn_1_2'], 'id': None, 'text': ''}, {'tag': 'div', 'src': None, 'aria_label': None, 'class': ['ad', 'cat_side2'], 'id': None, 'text': ''}, {'tag': 'div', 'src': None, 'aria_label': None, 'class': ['ad', 'cat_side3'], 'id': None, 'text': ''}]",-6,1,41,0.04596412556053812,20,4,7,1,0,20,2,0.9411764705882353,1,0,0,1,0.03699551569506727,1,16,3,21.476190476190474,9,4,53,13,0,38,1,495,newsbook,news_listing
131,34,48,0,15,2,21,21,6628,1007,16,6,"[{'tag': 'div', 'src': None, 'aria_label': None, 'class': ['ad', 'top_push_alt'], 'id': None, 'text': ''}, {'tag': 'div', 'src': None, 'aria_label': None, 'class': ['ad', 'top_push'], 'id': None, 'text': ''}, {'tag': 'div', 'src': None, 'aria_label': None, 'class': ['ad', 'cat_side1'], 'id': None, 'text': ''}, {'tag': 'div', 'src': None, 'aria_label': None, 'class': ['ad', 'allcats_side_btwn_1_2'], 'id': None, 'text': ''}, {'tag': 'div', 'src': None, 'aria_label': None, 'class': ['ad', 'cat_side2'], 'id': None, 'text': ''}, {'tag': 'div', 'src': None, 'aria_label': None, 'class': ['ad', 'cat_side3'], 'id': None, 'text': ''}]",-6,1,41,0.04596412556053812,20,4,7,1,0,20,2,0.9411764705882353,1,0,0,1,0.03699551569506727,1,16,3,21.476190476190474,0,0,0,0,0,0,0,496,newsbook,news_listing
131,34,48,0,15,2,21,21,6628,1007,16,6,"[{'tag': 'div', 'src': None, 'aria_label': None, 'class': ['ad', 'top_push_alt'], 'id': None, 'text': ''}, {'tag': 'div', 'src': None, 'aria_label': None, 'class': ['ad', 'top_push'], 'id': None, 'text': ''}, {'tag': 'div', 'src': None, 'aria_label': None, 'class': ['ad', 'cat_side1'], 'id': None, 'text': ''}, {'tag': 'div', 'src': None, 'aria_label': None, 'class': ['ad', 'allcats_side_btwn_1_2'], 'id': None, 'text': ''}, {'tag': 'div', 'src': None, 'aria_label': None, 'class': ['ad', 'cat_side2'], 'id': None, 'text': ''}, {'tag': 'div', 'src': None, 'aria_label': None, 'class': ['ad', 'cat_side3'], 'id': None, 'text': ''}]",-6,1,41,0.04596412556053812,20,4,7,1,0,20,2,0.9411764705882353,1,0,0,1,0.03699551569506727,1,16,3,21.476190476190474,9,4,53,13,0,38,1,497,newsbook,news_listing
130,34,48,0,15,2,21,21,6456,969,16,6,"[{'tag': 'div', 'src': None, 'aria_label': None, 'class': ['ad', 'top_push_alt'], 'id': None, 'text': ''}, {'tag': 'div', 'src': None, 'aria_label': None, 'class': ['ad', 'top_push'], 'id': None, 'text': ''}, {'tag': 'div', 'src': None, 'aria_label': None, 'class': ['ad', 'cat_side1'], 'id': None, 'text': ''}, {'tag': 'div', 'src': None, 'aria_label': None, 'class': ['ad', 'allcats_side_btwn_1_2'], 'id': None, 'text': ''}, {'tag': 'div', 'src': None, 'aria_label': None, 'class': ['ad', 'cat_side2'], 'id': None, 'text': ''}, {'tag': 'div', 'src': None, 'aria_label': None, 'class': ['ad', 'cat_side3'], 'id': None, 'text': ''}]",-6,1,41,0.04591265397536394,20,4,7,1,0,19,2,0.9411764705882353,1,0,0,1,0.036954087346024636,1,15,3,21.476190476190474,0,0,0,0,0,0,0,498,newsbook,news_listing
130,34,48,0,15,2,21,21,6456,969,16,6,"[{'tag': 'div', 'src': None, 'aria_label': None, 'class': ['ad', 'top_push_alt'], 'id': None, 'text': ''}, {'tag': 'div', 'src': None, 'aria_label': None, 'class': ['ad', 'top_push'], 'id': None, 'text': ''}, {'tag': 'div', 'src': None, 'aria_label': None, 'class': ['ad', 'cat_side1'], 'id': None, 'text': ''}, {'tag': 'div', 'src': None, 'aria_label': None, 'class': ['ad', 'allcats_side_btwn_1_2'], 'id': None, 'text': ''}, {'tag': 'div', 'src': None, 'aria_label': None, 'class': ['ad', 'cat_side2'], 'id': None, 'text': ''}, {'tag': 'div', 'src': None, 'aria_label': None, 'class': ['ad', 'cat_side3'], 'id': None, 'text': ''}]",-6,1,41,0.04591265397536394,20,4,7,1,0,19,2,0.9411764705882353,1,0,0,1,0.036954087346024636,1,15,3,21.476190476190474,9,4,52,13,0,38,1,499,newsbook,news_listing
130,34,48,0,15,2,21,21,6456,969,16,6,"[{'tag': 'div', 'src': None, 'aria_label': None, 'class': ['ad', 'top_push_alt'], 'id': None, 'text': ''}, {'tag': 'div', 'src': None, 'aria_label': None, 'class': ['ad', 'top_push'], 'id': None, 'text': ''}, {'tag': 'div', 'src': None, 'aria_label': None, 'class': ['ad', 'cat_side1'], 'id': None, 'text': ''}, {'tag': 'div', 'src': None, 'aria_label': None, 'class': ['ad', 'allcats_side_btwn_1_2'], 'id': None, 'text': ''}, {'tag': 'div', 'src': None, 'aria_label': None, 'class': ['ad', 'cat_side2'], 'id': None, 'text': ''}, {'tag': 'div', 'src': None, 'aria_label': None, 'class': ['ad', 'cat_side3'], 'id': None, 'text': ''}]",-6,1,41,0.04591265397536394,20,4,7,1,0,19,2,0.9411764705882353,1,0,0,1,0.036954087346024636,1,15,3,21.476190476190474,0,0,0,0,0,0,0,500,newsbook,news_listing
130,34,48,0,15,2,21,21,6456,969,16,6,"[{'tag': 'div', 'src': None, 'aria_label': None, 'class': ['ad', 'top_push_alt'], 'id': None, 'text': ''}, {'tag': 'div', 'src': None, 'aria_label': None, 'class': ['ad', 'top_push'], 'id': None, 'text': ''}, {'tag': 'div', 'src': None, 'aria_label': None, 'class': ['ad', 'cat_side1'], 'id': None, 'text': ''}, {'tag': 'div', 'src': None, 'aria_label': None, 'class': ['ad', 'allcats_side_btwn_1_2'], 'id': None, 'text': ''}, {'tag': 'div', 'src': None, 'aria_label': None, 'class': ['ad', 'cat_side2'], 'id': None, 'text': ''}, {'tag': 'div', 'src': None, 'aria_label': None, 'class': ['ad', 'cat_side3'], 'id': None, 'text': ''}]",-6,1,41,0.04591265397536394,20,4,7,1,0,19,2,0.9411764705882353,1,0,0,1,0.036954087346024636,1,15,3,21.476190476190474,0,0,0,0,0,0,0,501,newsbook,news_listing
130,34,48,0,15,2,21,21,6456,969,16,6,"[{'tag': 'div', 'src': None, 'aria_label': None, 'class': ['ad', 'top_push_alt'], 'id': None, 'text': ''}, {'tag': 'div', 'src': None, 'aria_label': None, 'class': ['ad', 'top_push'], 'id': None, 'text': ''}, {'tag': 'div', 'src': None, 'aria_label': None, 'class': ['ad', 'cat_side1'], 'id': None, 'text': ''}, {'tag': 'div', 'src': None, 'aria_label': None, 'class': ['ad', 'allcats_side_btwn_1_2'], 'id': None, 'text': ''}, {'tag': 'div', 'src': None, 'aria_label': None, 'class': ['ad', 'cat_side2'], 'id': None, 'text': ''}, {'tag': 'div', 'src': None, 'aria_label': None, 'class': ['ad', 'cat_side3'], 'id': None, 'text': ''}]",-6,1,41,0.04591265397536394,20,4,7,1,0,19,2,0.9411764705882353,1,0,0,1,0.036954087346024636,1,15,3,21.476190476190474,0,0,0,0,0,0,0,502,newsbook,news_listing
130,34,48,0,15,2,21,21,6634,994,16,6,"[{'tag': 'div', 'src': None, 'aria_label': None, 'class': ['ad', 'top_push_alt'], 'id': None, 'text': ''}, {'tag': 'div', 'src': None, 'aria_label': None, 'class': ['ad', 'top_push'], 'id': None, 'text': ''}, {'tag': 'div', 'src': None, 'aria_label': None, 'class': ['ad', 'cat_side1'], 'id': None, 'text': ''}, {'tag': 'div', 'src': None, 'aria_label': None, 'class': ['ad', 'allcats_side_btwn_1_2'], 'id': None, 'text': ''}, {'tag': 'div', 'src': None, 'aria_label': None, 'class': ['ad', 'cat_side2'], 'id': None, 'text': ''}, {'tag': 'div', 'src': None, 'aria_label': None, 'class': ['ad', 'cat_side3'], 'id': None, 'text': ''}]",-6,1,41,0.04591265397536394,20,4,7,1,0,19,2,0.9411764705882353,1,0,0,1,0.036954087346024636,1,15,3,21.476190476190474,9,4,52,13,0,38,1,503,newsbook,news_listing
130,34,48,0,15,2,21,21,6634,994,16,6,"[{'tag': 'div', 'src': None, 'aria_label': None, 'class': ['ad', 'top_push_alt'], 'id': None, 'text': ''}, {'tag': 'div', 'src': None, 'aria_label': None, 'class': ['ad', 'top_push'], 'id': None, 'text': ''}, {'tag': 'div', 'src': None, 'aria_label': None, 'class': ['ad', 'cat_side1'], 'id': None, 'text': ''}, {'tag': 'div', 'src': None, 'aria_label': None, 'class': ['ad', 'allcats_side_btwn_1_2'], 'id': None, 'text': ''}, {'tag': 'div', 'src': None, 'aria_label': None, 'class': ['ad', 'cat_side2'], 'id': None, 'text': ''}, {'tag': 'div', 'src': None, 'aria_label': None, 'class': ['ad', 'cat_side3'], 'id': None, 'text': ''}]",-6,1,41,0.04591265397536394,20,4,7,1,0,19,2,0.9411764705882353,1,0,0,1,0.036954087346024636,1,15,3,21.476190476190474,9,4,52,13,0,38,1,504,newsbook,news_listing
130,34,48,0,15,2,21,21,6634,994,16,6,"[{'tag': 'div', 'src': None, 'aria_label': None, 'class': ['ad', 'top_push_alt'], 'id': None, 'text': ''}, {'tag': 'div', 'src': None, 'aria_label': None, 'class': ['ad', 'top_push'], 'id': None, 'text': ''}, {'tag': 'div', 'src': None, 'aria_label': None, 'class': ['ad', 'cat_side1'], 'id': None, 'text': ''}, {'tag': 'div', 'src': None, 'aria_label': None, 'class': ['ad', 'allcats_side_btwn_1_2'], 'id': None, 'text': ''}, {'tag': 'div', 'src': None, 'aria_label': None, 'class': ['ad', 'cat_side2'], 'id': None, 'text': ''}, {'tag': 'div', 'src': None, 'aria_label': None, 'class': ['ad', 'cat_side3'], 'id': None, 'text': ''}]",-6,1,41,0.04591265397536394,20,4,7,1,0,19,2,0.9411764705882353,1,0,0,1,0.036954087346024636,1,15,3,21.476190476190474,0,0,0,0,0,0,0,505,newsbook,news_listing
130,34,48,0,15,2,21,21,6634,994,16,6,"[{'tag': 'div', 'src': None, 'aria_label': None, 'class': ['ad', 'top_push_alt'], 'id': None, 'text': ''}, {'tag': 'div', 'src': None, 'aria_label': None, 'class': ['ad', 'top_push'], 'id': None, 'text': ''}, {'tag': 'div', 'src': None, 'aria_label': None, 'class': ['ad', 'cat_side1'], 'id': None, 'text': ''}, {'tag': 'div', 'src': None, 'aria_label': None, 'class': ['ad', 'allcats_side_btwn_1_2'], 'id': None, 'text': ''}, {'tag': 'div', 'src': None, 'aria_label': None, 'class': ['ad', 'cat_side2'], 'id': None, 'text': ''}, {'tag': 'div', 'src': None, 'aria_label': None, 'class': ['ad', 'cat_side3'], 'id': None, 'text': ''}]",-6,1,41,0.04591265397536394,20,4,7,1,0,19,2,0.9411764705882353,1,0,0,1,0.036954087346024636,1,15,3,21.476190476190474,0,0,0,0,0,0,0,506,newsbook,news_listing
132,38,49,0,15,2,21,21,6728,978,16,6,"[{'tag': 'div', 'src': None, 'aria_label': None, 'class': ['ad', 'top_push_alt'], 'id': None, 'text': ''}, {'tag': 'div', 'src': None, 'aria_label': None, 'class': ['ad', 'top_push'], 'id': None, 'text': ''}, {'tag': 'div', 'src': None, 'aria_label': None, 'class': ['ad', 'cat_side1'], 'id': None, 'text': ''}, {'tag': 'div', 'src': None, 'aria_label': None, 'class': ['ad', 'allcats_side_btwn_1_2'], 'id': None, 'text': ''}, {'tag': 'div', 'src': None, 'aria_label': None, 'class': ['ad', 'cat_side2'], 'id': None, 'text': ''}, {'tag': 'div', 'src': None, 'aria_label': None, 'class': ['ad', 'cat_side3'], 'id': None, 'text': ''}]",-6,1,41,0.04515418502202643,20,4,7,1,0,18,2,0.9473684210526315,1,0,0,1,0.03634361233480176,1,14,3,21.476190476190474,9,4,53,13,0,40,1,507,newsbook,news_listing
132,33,49,0,15,2,21,21,6535,946,16,6,"[{'tag': 'div', 'src': None, 'aria_label': None, 'class': ['ad', 'top_push_alt'], 'id': None, 'text': ''}, {'tag': 'div', 'src': None, 'aria_label': None, 'class': ['ad', 'top_push'], 'id': None, 'text': ''}, {'tag': 'div', 'src': None, 'aria_label': None, 'class': ['ad', 'cat_side1'], 'id': None, 'text': ''}, {'tag': 'div', 'src': None, 'aria_label': None, 'class': ['ad', 'allcats_side_btwn_1_2'], 'id': None, 'text': ''}, {'tag': 'div', 'src': None, 'aria_label': None, 'class': ['ad', 'cat_side2'], 'id': None, 'text': ''}, {'tag': 'div', 'src': None, 'aria_label': None, 'class': ['ad', 'cat_side3'], 'id': None, 'text': ''}]",-6,1,41,0.045657015590200446,20,4,7,1,0,18,2,0.9393939393939394,1,0,0,1,0.036748329621380846,1,14,3,21.476190476190474,9,4,53,13,0,40,1,508,newsbook,news_listing
129,41,48,0,15,2,21,21,6590,1013,16,6,"[{'tag': 'div', 'src': None, 'aria_label': None, 'class': ['ad', 'top_push_alt'], 'id': None, 'text': ''}, {'tag': 'div', 'src': None, 'aria_label': None, 'class': ['ad', 'top_push'], 'id': None, 'text': ''}, {'tag': 'div', 'src': None, 'aria_label': None, 'class': ['ad', 'cat_side1'], 'id': None, 'text': ''}, {'tag': 'div', 'src': None, 'aria_label': None, 'class': ['ad', 'allcats_side_btwn_1_2'], 'id': None, 'text': ''}, {'tag': 'div', 'src': None, 'aria_label': None, 'class': ['ad', 'cat_side2'], 'id': None, 'text': ''}, {'tag': 'div', 'src': None, 'aria_label': None, 'class': ['ad', 'cat_side3'], 'id': None, 'text': ''}]",-6,1,41,0.04520396912899669,20,4,7,1,0,19,2,0.9512195121951219,1,0,0,1,0.03638368246968027,1,15,3,21.476190476190474,0,0,0,0,0,0,0,509,newsbook,news_listing
128,33,48,0,15,2,21,21,6470,983,16,6,"[{'tag': 'div', 'src': None, 'aria_label': None, 'class': ['ad', 'top_push_alt'], 'id': None, 'text': ''}, {'tag': 'div', 'src': None, 'aria_label': None, 'class': ['ad', 'top_push'], 'id': None, 'text': ''}, {'tag': 'div', 'src': None, 'aria_label': None, 'class': ['ad', 'cat_side1'], 'id': None, 'text': ''}, {'tag': 'div', 'src': None, 'aria_label': None, 'class': ['ad', 'allcats_side_btwn_1_2'], 'id': None, 'text': ''}, {'tag': 'div', 'src': None, 'aria_label': None, 'class': ['ad', 'cat_side2'], 'id': None, 'text': ''}, {'tag': 'div', 'src': None, 'aria_label': None, 'class': ['ad', 'cat_side3'], 'id': None, 'text': ''}]",-6,1,41,0.04601571268237935,20,4,7,1,0,18,2,0.9393939393939394,1,0,0,1,0.037037037037037035,1,14,3,21.476190476190474,0,0,0,0,0,0,0,510,newsbook,news_listing
133,38,49,0,15,2,21,21,6452,934,16,6,"[{'tag': 'div', 'src': None, 'aria_label': None, 'class': ['ad', 'top_push_alt'], 'id': None, 'text': ''}, {'tag': 'div', 'src': None, 'aria_label': None, 'class': ['ad', 'top_push'], 'id': None, 'text': ''}, {'tag': 'div', 'src': None, 'aria_label': None, 'class': ['ad', 'cat_side1'], 'id': None, 'text': ''}, {'tag': 'div', 'src': None, 'aria_label': None, 'class': ['ad', 'allcats_side_btwn_1_2'], 'id': None, 'text': ''}, {'tag': 'div', 'src': None, 'aria_label': None, 'class': ['ad', 'cat_side2'], 'id': None, 'text': ''}, {'tag': 'div', 'src': None, 'aria_label': None, 'class': ['ad', 'cat_side3'], 'id': None, 'text': ''}]",-6,1,41,0.04515418502202643,20,4,7,1,0,19,2,0.9473684210526315,1,0,0,1,0.03634361233480176,1,15,3,21.476190476190474,0,0,0,0,0,0,0,511,newsbook,news_listing
128,34,48,0,15,2,21,21,6483,978,16,6,"[{'tag': 'div', 'src': None, 'aria_label': None, 'class': ['ad', 'top_push_alt'], 'id': None, 'text': ''}, {'tag': 'div', 'src': None, 'aria_label': None, 'class': ['ad', 'top_push'], 'id': None, 'text': ''}, {'tag': 'div', 'src': None, 'aria_label': None, 'class': ['ad', 'cat_side1'], 'id': None, 'text': ''}, {'tag': 'div', 'src': None, 'aria_label': None, 'class': ['ad', 'allcats_side_btwn_1_2'], 'id': None, 'text': ''}, {'tag': 'div', 'src': None, 'aria_label': None, 'class': ['ad', 'cat_side2'], 'id': None, 'text': ''}, {'tag': 'div', 'src': None, 'aria_label': None, 'class': ['ad', 'cat_side3'], 'id': None, 'text': ''}]",-6,1,41,0.04601571268237935,20,4,7,1,0,18,2,0.9411764705882353,1,0,0,1,0.037037037037037035,1,14,3,21.476190476190474,9,4,51,13,0,38,1,512,newsbook,news_listing
135,37,49,0,15,2,21,21,6725,996,16,6,"[{'tag': 'div', 'src': None, 'aria_label': None, 'class': ['ad', 'top_push_alt'], 'id': None, 'text': ''}, {'tag': 'div', 'src': None, 'aria_label': None, 'class': ['ad', 'top_push'], 'id': None, 'text': ''}, {'tag': 'div', 'src': None, 'aria_label': None, 'class': ['ad', 'cat_side1'], 'id': None, 'text': ''}, {'tag': 'div', 'src': None, 'aria_label': None, 'class': ['ad', 'allcats_side_btwn_1_2'], 'id': None, 'text': ''}, {'tag': 'div', 'src': None, 'aria_label': None, 'class': ['ad', 'cat_side2'], 'id': None, 'text': ''}, {'tag': 'div', 'src': None, 'aria_label': None, 'class': ['ad', 'cat_side3'], 'id': None, 'text': ''}]",-6,1,41,0.04515418502202643,20,4,7,1,0,20,2,0.9459459459459459,1,0,0,1,0.03634361233480176,1,16,3,21.476190476190474,9,4,57,13,0,42,1,513,newsbook,news_listing
135,37,49,0,15,2,21,21,6725,996,16,6,"[{'tag': 'div', 'src': None, 'aria_label': None, 'class': ['ad', 'top_push_alt'], 'id': None, 'text': ''}, {'tag': 'div', 'src': None, 'aria_label': None, 'class': ['ad', 'top_push'], 'id': None, 'text': ''}, {'tag': 'div', 'src': None, 'aria_label': None, 'class': ['ad', 'cat_side1'], 'id': None, 'text': ''}, {'tag': 'div', 'src': None, 'aria_label': None, 'class': ['ad', 'allcats_side_btwn_1_2'], 'id': None, 'text': ''}, {'tag': 'div', 'src': None, 'aria_label': None, 'class': ['ad', 'cat_side2'], 'id': None, 'text': ''}, {'tag': 'div', 'src': None, 'aria_label': None, 'class': ['ad', 'cat_side3'], 'id': None, 'text': ''}]",-6,1,41,0.04515418502202643,20,4,7,1,0,20,2,0.9459459459459459,1,0,0,1,0.03634361233480176,1,16,3,21.476190476190474,9,4,57,13,0,42,1,514,newsbook,news_listing
135,37,49,0,15,2,21,21,6725,996,16,6,"[{'tag': 'div', 'src': None, 'aria_label': None, 'class': ['ad', 'top_push_alt'], 'id': None, 'text': ''}, {'tag': 'div', 'src': None, 'aria_label': None, 'class': ['ad', 'top_push'], 'id': None, 'text': ''}, {'tag': 'div', 'src': None, 'aria_label': None, 'class': ['ad', 'cat_side1'], 'id': None, 'text': ''}, {'tag': 'div', 'src': None, 'aria_label': None, 'class': ['ad', 'allcats_side_btwn_1_2'], 'id': None, 'text': ''}, {'tag': 'div', 'src': None, 'aria_label': None, 'class': ['ad', 'cat_side2'], 'id': None, 'text': ''}, {'tag': 'div', 'src': None, 'aria_label': None, 'class': ['ad', 'cat_side3'], 'id': None, 'text': ''}]",-6,1,41,0.04515418502202643,20,4,7,1,0,20,2,0.9459459459459459,1,0,0,1,0.03634361233480176,1,16,3,21.476190476190474,9,4,57,13,0,42,1,515,newsbook,news_listing
135,37,49,0,15,2,21,21,6725,996,16,6,"[{'tag': 'div', 'src': None, 'aria_label': None, 'class': ['ad', 'top_push_alt'], 'id': None, 'text': ''}, {'tag': 'div', 'src': None, 'aria_label': None, 'class': ['ad', 'top_push'], 'id': None, 'text': ''}, {'tag': 'div', 'src': None, 'aria_label': None, 'class': ['ad', 'cat_side1'], 'id': None, 'text': ''}, {'tag': 'div', 'src': None, 'aria_label': None, 'class': ['ad', 'allcats_side_btwn_1_2'], 'id': None, 'text': ''}, {'tag': 'div', 'src': None, 'aria_label': None, 'class': ['ad', 'cat_side2'], 'id': None, 'text': ''}, {'tag': 'div', 'src': None, 'aria_label': None, 'class': ['ad', 'cat_side3'], 'id': None, 'text': ''}]",-6,1,41,0.04515418502202643,20,4,7,1,0,20,2,0.9459459459459459,1,0,0,1,0.03634361233480176,1,16,3,21.476190476190474,9,4,57,13,0,42,1,516,newsbook,news_listing
135,37,49,0,15,2,21,21,6725,996,16,6,"[{'tag': 'div', 'src': None, 'aria_label': None, 'class': ['ad', 'top_push_alt'], 'id': None, 'text': ''}, {'tag': 'div', 'src': None, 'aria_label': None, 'class': ['ad', 'top_push'], 'id': None, 'text': ''}, {'tag': 'div', 'src': None, 'aria_label': None, 'class': ['ad', 'cat_side1'], 'id': None, 'text': ''}, {'tag': 'div', 'src': None, 'aria_label': None, 'class': ['ad', 'allcats_side_btwn_1_2'], 'id': None, 'text': ''}, {'tag': 'div', 'src': None, 'aria_label': None, 'class': ['ad', 'cat_side2'], 'id': None, 'text': ''}, {'tag': 'div', 'src': None, 'aria_label': None, 'class': ['ad', 'cat_side3'], 'id': None, 'text': ''}]",-6,1,41,0.04515418502202643,20,4,7,1,0,20,2,0.9459459459459459,1,0,0,1,0.03634361233480176,1,16,3,21.476190476190474,9,4,57,13,0,42,1,517,newsbook,news_listing
135,36,49,0,15,2,21,21,6576,953,16,6,"[{'tag': 'div', 'src': None, 'aria_label': None, 'class': ['ad', 'top_push_alt'], 'id': None, 'text': ''}, {'tag': 'div', 'src': None, 'aria_label': None, 'class': ['ad', 'top_push'], 'id': None, 'text': ''}, {'tag': 'div', 'src': None, 'aria_label': None, 'class': ['ad', 'cat_side1'], 'id': None, 'text': ''}, {'tag': 'div', 'src': None, 'aria_label': None, 'class': ['ad', 'allcats_side_btwn_1_2'], 'id': None, 'text': ''}, {'tag': 'div', 'src': None, 'aria_label': None, 'class': ['ad', 'cat_side2'], 'id': None, 'text': ''}, {'tag': 'div', 'src': None, 'aria_label': None, 'class': ['ad', 'cat_side3'], 'id': None, 'text': ''}]",-6,1,41,0.04525386313465784,20,4,7,1,0,20,2,0.9444444444444444,1,0,0,1,0.03642384105960265,1,16,3,21.476190476190474,9,4,57,13,0,42,1,518,newsbook,news_listing
135,36,49,0,15,2,21,21,6576,953,16,6,"[{'tag': 'div', 'src': None, 'aria_label': None, 'class': ['ad', 'top_push_alt'], 'id': None, 'text': ''}, {'tag': 'div', 'src': None, 'aria_label': None, 'class': ['ad', 'top_push'], 'id': None, 'text': ''}, {'tag': 'div', 'src': None, 'aria_label': None, 'class': ['ad', 'cat_side1'], 'id': None, 'text': ''}, {'tag': 'div', 'src': None, 'aria_label': None, 'class': ['ad', 'allcats_side_btwn_1_2'], 'id': None, 'text': ''}, {'tag': 'div', 'src': None, 'aria_label': None, 'class': ['ad', 'cat_side2'], 'id': None, 'text': ''}, {'tag': 'div', 'src': None, 'aria_label': None, 'class': ['ad', 'cat_side3'], 'id': None, 'text': ''}]",-6,1,41,0.04525386313465784,20,4,7,1,0,20,2,0.9444444444444444,1,0,0,1,0.03642384105960265,1,16,3,21.476190476190474,9,4,57,13,0,42,1,519,newsbook,news_listing
135,36,49,0,15,2,21,21,6576,953,16,6,"[{'tag': 'div', 'src': None, 'aria_label': None, 'class': ['ad', 'top_push_alt'], 'id': None, 'text': ''}, {'tag': 'div', 'src': None, 'aria_label': None, 'class': ['ad', 'top_push'], 'id': None, 'text': ''}, {'tag': 'div', 'src': None, 'aria_label': None, 'class': ['ad', 'cat_side1'], 'id': None, 'text': ''}, {'tag': 'div', 'src': None, 'aria_label': None, 'class': ['ad', 'allcats_side_btwn_1_2'], 'id': None, 'text': ''}, {'tag': 'div', 'src': None, 'aria_label': None, 'class': ['ad', 'cat_side2'], 'id': None, 'text': ''}, {'tag': 'div', 'src': None, 'aria_label': None, 'class': ['ad', 'cat_side3'], 'id': None, 'text': ''}]",-6,1,41,0.04525386313465784,20,4,7,1,0,20,2,0.9444444444444444,1,0,0,1,0.03642384105960265,1,16,3,21.476190476190474,9,4,57,13,0,42,1,520,newsbook,news_listing
135,36,49,0,15,2,21,21,6576,953,16,6,"[{'tag': 'div', 'src': None, 'aria_label': None, 'class': ['ad', 'top_push_alt'], 'id': None, 'text': ''}, {'tag': 'div', 'src': None, 'aria_label': None, 'class': ['ad', 'top_push'], 'id': None, 'text': ''}, {'tag': 'div', 'src': None, 'aria_label': None, 'class': ['ad', 'cat_side1'], 'id': None, 'text': ''}, {'tag': 'div', 'src': None, 'aria_label': None, 'class': ['ad', 'allcats_side_btwn_1_2'], 'id': None, 'text': ''}, {'tag': 'div', 'src': None, 'aria_label': None, 'class': ['ad', 'cat_side2'], 'id': None, 'text': ''}, {'tag': 'div', 'src': None, 'aria_label': None, 'class': ['ad', 'cat_side3'], 'id': None, 'text': ''}]",-6,1,41,0.04525386313465784,20,4,7,1,0,20,2,0.9444444444444444,1,0,0,1,0.03642384105960265,1,16,3,21.476190476190474,9,4,57,13,0,42,1,521,newsbook,news_listing
135,36,49,0,15,2,21,21,6576,953,16,6,"[{'tag': 'div', 'src': None, 'aria_label': None, 'class': ['ad', 'top_push_alt'], 'id': None, 'text': ''}, {'tag': 'div', 'src': None, 'aria_label': None, 'class': ['ad', 'top_push'], 'id': None, 'text': ''}, {'tag': 'div', 'src': None, 'aria_label': None, 'class': ['ad', 'cat_side1'], 'id': None, 'text': ''}, {'tag': 'div', 'src': None, 'aria_label': None, 'class': ['ad', 'allcats_side_btwn_1_2'], 'id': None, 'text': ''}, {'tag': 'div', 'src': None, 'aria_label': None, 'class': ['ad', 'cat_side2'], 'id': None, 'text': ''}, {'tag': 'div', 'src': None, 'aria_label': None, 'class': ['ad', 'cat_side3'], 'id': None, 'text': ''}]",-6,1,41,0.04525386313465784,20,4,7,1,0,20,2,0.9444444444444444,1,0,0,1,0.03642384105960265,1,16,3,21.476190476190474,0,0,0,0,0,0,0,522,newsbook,news_listing
135,36,49,0,15,2,21,21,6534,952,16,6,"[{'tag': 'div', 'src': None, 'aria_label': None, 'class': ['ad', 'top_push_alt'], 'id': None, 'text': ''}, {'tag': 'div', 'src': None, 'aria_label': None, 'class': ['ad', 'top_push'], 'id': None, 'text': ''}, {'tag': 'div', 'src': None, 'aria_label': None, 'class': ['ad', 'cat_side1'], 'id': None, 'text': ''}, {'tag': 'div', 'src': None, 'aria_label': None, 'class': ['ad', 'allcats_side_btwn_1_2'], 'id': None, 'text': ''}, {'tag': 'div', 'src': None, 'aria_label': None, 'class': ['ad', 'cat_side2'], 'id': None, 'text': ''}, {'tag': 'div', 'src': None, 'aria_label': None, 'class': ['ad', 'cat_side3'], 'id': None, 'text': ''}]",-6,1,41,0.04525386313465784,20,4,7,1,0,20,2,0.9444444444444444,1,0,0,1,0.03642384105960265,1,16,3,21.476190476190474,9,4,57,13,0,42,1,523,newsbook,news_listing
135,36,49,0,15,2,21,21,6534,952,16,6,"[{'tag': 'div', 'src': None, 'aria_label': None, 'class': ['ad', 'top_push_alt'], 'id': None, 'text': ''}, {'tag': 'div', 'src': None, 'aria_label': None, 'class': ['ad', 'top_push'], 'id': None, 'text': ''}, {'tag': 'div', 'src': None, 'aria_label': None, 'class': ['ad', 'cat_side1'], 'id': None, 'text': ''}, {'tag': 'div', 'src': None, 'aria_label': None, 'class': ['ad', 'allcats_side_btwn_1_2'], 'id': None, 'text': ''}, {'tag': 'div', 'src': None, 'aria_label': None, 'class': ['ad', 'cat_side2'], 'id': None, 'text': ''}, {'tag': 'div', 'src': None, 'aria_label': None, 'class': ['ad', 'cat_side3'], 'id': None, 'text': ''}]",-6,1,41,0.04525386313465784,20,4,7,1,0,20,2,0.9444444444444444,1,0,0,1,0.03642384105960265,1,16,3,21.476190476190474,0,0,0,0,0,0,0,524,newsbook,news_listing
135,36,49,0,15,2,21,21,6534,952,16,6,"[{'tag': 'div', 'src': None, 'aria_label': None, 'class': ['ad', 'top_push_alt'], 'id': None, 'text': ''}, {'tag': 'div', 'src': None, 'aria_label': None, 'class': ['ad', 'top_push'], 'id': None, 'text': ''}, {'tag': 'div', 'src': None, 'aria_label': None, 'class': ['ad', 'cat_side1'], 'id': None, 'text': ''}, {'tag': 'div', 'src': None, 'aria_label': None, 'class': ['ad', 'allcats_side_btwn_1_2'], 'id': None, 'text': ''}, {'tag': 'div', 'src': None, 'aria_label': None, 'class': ['ad', 'cat_side2'], 'id': None, 'text': ''}, {'tag': 'div', 'src': None, 'aria_label': None, 'class': ['ad', 'cat_side3'], 'id': None, 'text': ''}]",-6,1,41,0.04525386313465784,20,4,7,1,0,20,2,0.9444444444444444,1,0,0,1,0.03642384105960265,1,16,3,21.476190476190474,9,4,57,13,0,42,1,525,newsbook,news_listing
131,38,48,0,15,2,21,21,6745,1036,16,6,"[{'tag': 'div', 'src': None, 'aria_label': None, 'class': ['ad', 'top_push_alt'], 'id': None, 'text': ''}, {'tag': 'div', 'src': None, 'aria_label': None, 'class': ['ad', 'top_push'], 'id': None, 'text': ''}, {'tag': 'div', 'src': None, 'aria_label': None, 'class': ['ad', 'cat_side1'], 'id': None, 'text': ''}, {'tag': 'div', 'src': None, 'aria_label': None, 'class': ['ad', 'allcats_side_btwn_1_2'], 'id': None, 'text': ''}, {'tag': 'div', 'src': None, 'aria_label': None, 'class': ['ad', 'cat_side2'], 'id': None, 'text': ''}, {'tag': 'div', 'src': None, 'aria_label': None, 'class': ['ad', 'cat_side3'], 'id': None, 'text': ''}]",-6,1,41,0.04540420819490587,20,4,7,1,0,20,2,0.9473684210526315,1,0,0,1,0.036544850498338874,1,16,3,21.476190476190474,9,4,55,13,0,40,1,526,newsbook,news_listing
131,38,48,0,15,2,21,21,6745,1036,16,6,"[{'tag': 'div', 'src': None, 'aria_label': None, 'class': ['ad', 'top_push_alt'], 'id': None, 'text': ''}, {'tag': 'div', 'src': None, 'aria_label': None, 'class': ['ad', 'top_push'], 'id': None, 'text': ''}, {'tag': 'div', 'src': None, 'aria_label': None, 'class': ['ad', 'cat_side1'], 'id': None, 'text': ''}, {'tag': 'div', 'src': None, 'aria_label': None, 'class': ['ad', 'allcats_side_btwn_1_2'], 'id': None, 'text': ''}, {'tag': 'div', 'src': None, 'aria_label': None, 'class': ['ad', 'cat_side2'], 'id': None, 'text': ''}, {'tag': 'div', 'src': None, 'aria_label': None, 'class': ['ad', 'cat_side3'], 'id': None, 'text': ''}]",-6,1,41,0.04540420819490587,20,4,7,1,0,20,2,0.9473684210526315,1,0,0,1,0.036544850498338874,1,16,3,21.476190476190474,9,4,55,13,0,40,1,527,newsbook,news_listing
131,38,48,0,15,2,21,21,6745,1036,16,6,"[{'tag': 'div', 'src': None, 'aria_label': None, 'class': ['ad', 'top_push_alt'], 'id': None, 'text': ''}, {'tag': 'div', 'src': None, 'aria_label': None, 'class': ['ad', 'top_push'], 'id': None, 'text': ''}, {'tag': 'div', 'src': None, 'aria_label': None, 'class': ['ad', 'cat_side1'], 'id': None, 'text': ''}, {'tag': 'div', 'src': None, 'aria_label': None, 'class': ['ad', 'allcats_side_btwn_1_2'], 'id': None, 'text': ''}, {'tag': 'div', 'src': None, 'aria_label': None, 'class': ['ad', 'cat_side2'], 'id': None, 'text': ''}, {'tag': 'div', 'src': None, 'aria_label': None, 'class': ['ad', 'cat_side3'], 'id': None, 'text': ''}]",-6,1,41,0.04540420819490587,20,4,7,1,0,20,2,0.9473684210526315,1,0,0,1,0.036544850498338874,1,16,3,21.476190476190474,9,4,55,13,0,40,1,528,newsbook,news_listing
131,38,48,0,15,2,21,21,6745,1036,16,6,"[{'tag': 'div', 'src': None, 'aria_label': None, 'class': ['ad', 'top_push_alt'], 'id': None, 'text': ''}, {'tag': 'div', 'src': None, 'aria_label': None, 'class': ['ad', 'top_push'], 'id': None, 'text': ''}, {'tag': 'div', 'src': None, 'aria_label': None, 'class': ['ad', 'cat_side1'], 'id': None, 'text': ''}, {'tag': 'div', 'src': None, 'aria_label': None, 'class': ['ad', 'allcats_side_btwn_1_2'], 'id': None, 'text': ''}, {'tag': 'div', 'src': None, 'aria_label': None, 'class': ['ad', 'cat_side2'], 'id': None, 'text': ''}, {'tag': 'div', 'src': None, 'aria_label': None, 'class': ['ad', 'cat_side3'], 'id': None, 'text': ''}]",-6,1,41,0.04540420819490587,20,4,7,1,0,20,2,0.9473684210526315,1,0,0,1,0.036544850498338874,1,16,3,21.476190476190474,9,4,55,13,0,40,1,529,newsbook,news_listing
131,38,48,0,15,2,21,21,6745,1036,16,6,"[{'tag': 'div', 'src': None, 'aria_label': None, 'class': ['ad', 'top_push_alt'], 'id': None, 'text': ''}, {'tag': 'div', 'src': None, 'aria_label': None, 'class': ['ad', 'top_push'], 'id': None, 'text': ''}, {'tag': 'div', 'src': None, 'aria_label': None, 'class': ['ad', 'cat_side1'], 'id': None, 'text': ''}, {'tag': 'div', 'src': None, 'aria_label': None, 'class': ['ad', 'allcats_side_btwn_1_2'], 'id': None, 'text': ''}, {'tag': 'div', 'src': None, 'aria_label': None, 'class': ['ad', 'cat_side2'], 'id': None, 'text': ''}, {'tag': 'div', 'src': None, 'aria_label': None, 'class': ['ad', 'cat_side3'], 'id': None, 'text': ''}]",-6,1,41,0.04540420819490587,20,4,7,1,0,20,2,0.9473684210526315,1,0,0,1,0.036544850498338874,1,16,3,21.476190476190474,9,4,55,13,0,40,1,530,newsbook,news_listing
131,38,48,0,15,2,21,21,6745,1036,16,6,"[{'tag': 'div', 'src': None, 'aria_label': None, 'class': ['ad', 'top_push_alt'], 'id': None, 'text': ''}, {'tag': 'div', 'src': None, 'aria_label': None, 'class': ['ad', 'top_push'], 'id': None, 'text': ''}, {'tag': 'div', 'src': None, 'aria_label': None, 'class': ['ad', 'cat_side1'], 'id': None, 'text': ''}, {'tag': 'div', 'src': None, 'aria_label': None, 'class': ['ad', 'allcats_side_btwn_1_2'], 'id': None, 'text': ''}, {'tag': 'div', 'src': None, 'aria_label': None, 'class': ['ad', 'cat_side2'], 'id': None, 'text': ''}, {'tag': 'div', 'src': None, 'aria_label': None, 'class': ['ad', 'cat_side3'], 'id': None, 'text': ''}]",-6,1,41,0.04540420819490587,20,4,7,1,0,20,2,0.9473684210526315,1,0,0,1,0.036544850498338874,1,16,3,21.476190476190474,9,4,55,13,0,40,1,531,newsbook,news_listing
131,37,48,0,15,2,21,21,6267,970,16,6,"[{'tag': 'div', 'src': None, 'aria_label': None, 'class': ['ad', 'top_push_alt'], 'id': None, 'text': ''}, {'tag': 'div', 'src': None, 'aria_label': None, 'class': ['ad', 'top_push'], 'id': None, 'text': ''}, {'tag': 'div', 'src': None, 'aria_label': None, 'class': ['ad', 'cat_side1'], 'id': None, 'text': ''}, {'tag': 'div', 'src': None, 'aria_label': None, 'class': ['ad', 'allcats_side_btwn_1_2'], 'id': None, 'text': ''}, {'tag': 'div', 'src': None, 'aria_label': None, 'class': ['ad', 'cat_side2'], 'id': None, 'text': ''}, {'tag': 'div', 'src': None, 'aria_label': None, 'class': ['ad', 'cat_side3'], 'id': None, 'text': ''}]",-6,1,41,0.04550499445061043,20,4,7,1,0,20,2,0.9459459459459459,1,0,0,1,0.03662597114317425,1,16,3,21.476190476190474,9,4,55,13,0,40,1,532,newsbook,news_listing
131,37,48,0,15,2,21,21,6267,970,16,6,"[{'tag': 'div', 'src': None, 'aria_label': None, 'class': ['ad', 'top_push_alt'], 'id': None, 'text': ''}, {'tag': 'div', 'src': None, 'aria_label': None, 'class': ['ad', 'top_push'], 'id': None, 'text': ''}, {'tag': 'div', 'src': None, 'aria_label': None, 'class': ['ad', 'cat_side1'], 'id': None, 'text': ''}, {'tag': 'div', 'src': None, 'aria_label': None, 'class': ['ad', 'allcats_side_btwn_1_2'], 'id': None, 'text': ''}, {'tag': 'div', 'src': None, 'aria_label': None, 'class': ['ad', 'cat_side2'], 'id': None, 'text': ''}, {'tag': 'div', 'src': None, 'aria_label': None, 'class': ['ad', 'cat_side3'], 'id': None, 'text': ''}]",-6,1,41,0.04550499445061043,20,4,7,1,0,20,2,0.9459459459459459,1,0,0,1,0.03662597114317425,1,16,3,21.476190476190474,9,4,55,13,0,40,1,533,newsbook,news_listing
131,37,48,0,15,2,21,21,6267,970,16,6,"[{'tag': 'div', 'src': None, 'aria_label': None, 'class': ['ad', 'top_push_alt'], 'id': None, 'text': ''}, {'tag': 'div', 'src': None, 'aria_label': None, 'class': ['ad', 'top_push'], 'id': None, 'text': ''}, {'tag': 'div', 'src': None, 'aria_label': None, 'class': ['ad', 'cat_side1'], 'id': None, 'text': ''}, {'tag': 'div', 'src': None, 'aria_label': None, 'class': ['ad', 'allcats_side_btwn_1_2'], 'id': None, 'text': ''}, {'tag': 'div', 'src': None, 'aria_label': None, 'class': ['ad', 'cat_side2'], 'id': None, 'text': ''}, {'tag': 'div', 'src': None, 'aria_label': None, 'class': ['ad', 'cat_side3'], 'id': None, 'text': ''}]",-6,1,41,0.04550499445061043,20,4,7,1,0,20,2,0.9459459459459459,1,0,0,1,0.03662597114317425,1,16,3,21.476190476190474,9,4,55,13,0,40,1,534,newsbook,news_listing
131,37,48,0,15,2,21,21,6267,970,16,6,"[{'tag': 'div', 'src': None, 'aria_label': None, 'class': ['ad', 'top_push_alt'], 'id': None, 'text': ''}, {'tag': 'div', 'src': None, 'aria_label': None, 'class': ['ad', 'top_push'], 'id': None, 'text': ''}, {'tag': 'div', 'src': None, 'aria_label': None, 'class': ['ad', 'cat_side1'], 'id': None, 'text': ''}, {'tag': 'div', 'src': None, 'aria_label': None, 'class': ['ad', 'allcats_side_btwn_1_2'], 'id': None, 'text': ''}, {'tag': 'div', 'src': None, 'aria_label': None, 'class': ['ad', 'cat_side2'], 'id': None, 'text': ''}, {'tag': 'div', 'src': None, 'aria_label': None, 'class': ['ad', 'cat_side3'], 'id': None, 'text': ''}]",-6,1,41,0.04550499445061043,20,4,7,1,0,20,2,0.9459459459459459,1,0,0,1,0.03662597114317425,1,16,3,21.476190476190474,0,0,0,0,0,0,0,535,newsbook,news_listing
131,37,48,0,15,2,21,21,6267,970,16,6,"[{'tag': 'div', 'src': None, 'aria_label': None, 'class': ['ad', 'top_push_alt'], 'id': None, 'text': ''}, {'tag': 'div', 'src': None, 'aria_label': None, 'class': ['ad', 'top_push'], 'id': None, 'text': ''}, {'tag': 'div', 'src': None, 'aria_label': None, 'class': ['ad', 'cat_side1'], 'id': None, 'text': ''}, {'tag': 'div', 'src': None, 'aria_label': None, 'class': ['ad', 'allcats_side_btwn_1_2'], 'id': None, 'text': ''}, {'tag': 'div', 'src': None, 'aria_label': None, 'class': ['ad', 'cat_side2'], 'id': None, 'text': ''}, {'tag': 'div', 'src': None, 'aria_label': None, 'class': ['ad', 'cat_side3'], 'id': None, 'text': ''}]",-6,1,41,0.04550499445061043,20,4,7,1,0,20,2,0.9459459459459459,1,0,0,1,0.03662597114317425,1,16,3,21.476190476190474,9,4,55,13,0,40,1,536,newsbook,news_listing
131,34,48,0,15,2,21,21,6551,1006,16,6,"[{'tag': 'div', 'src': None, 'aria_label': None, 'class': ['ad', 'top_push_alt'], 'id': None, 'text': ''}, {'tag': 'div', 'src': None, 'aria_label': None, 'class': ['ad', 'top_push'], 'id': None, 'text': ''}, {'tag': 'div', 'src': None, 'aria_label': None, 'class': ['ad', 'cat_side1'], 'id': None, 'text': ''}, {'tag': 'div', 'src': None, 'aria_label': None, 'class': ['ad', 'allcats_side_btwn_1_2'], 'id': None, 'text': ''}, {'tag': 'div', 'src': None, 'aria_label': None, 'class': ['ad', 'cat_side2'], 'id': None, 'text': ''}, {'tag': 'div', 'src': None, 'aria_label': None, 'class': ['ad', 'cat_side3'], 'id': None, 'text': ''}]",-6,1,41,0.04581005586592179,20,4,7,1,0,20,2,0.9411764705882353,1,0,0,1,0.03687150837988827,1,16,3,21.476190476190474,9,4,55,13,0,40,1,537,newsbook,news_listing
131,34,48,0,15,2,21,21,6551,1006,16,6,"[{'tag': 'div', 'src': None, 'aria_label': None, 'class': ['ad', 'top_push_alt'], 'id': None, 'text': ''}, {'tag': 'div', 'src': None, 'aria_label': None, 'class': ['ad', 'top_push'], 'id': None, 'text': ''}, {'tag': 'div', 'src': None, 'aria_label': None, 'class': ['ad', 'cat_side1'], 'id': None, 'text': ''}, {'tag': 'div', 'src': None, 'aria_label': None, 'class': ['ad', 'allcats_side_btwn_1_2'], 'id': None, 'text': ''}, {'tag': 'div', 'src': None, 'aria_label': None, 'class': ['ad', 'cat_side2'], 'id': None, 'text': ''}, {'tag': 'div', 'src': None, 'aria_label': None, 'class': ['ad', 'cat_side3'], 'id': None, 'text': ''}]",-6,1,41,0.04581005586592179,20,4,7,1,0,20,2,0.9411764705882353,1,0,0,1,0.03687150837988827,1,16,3,21.476190476190474,9,4,55,13,0,40,1,538,newsbook,news_listing
131,34,48,0,15,2,21,21,6551,1006,16,6,"[{'tag': 'div', 'src': None, 'aria_label': None, 'class': ['ad', 'top_push_alt'], 'id': None, 'text': ''}, {'tag': 'div', 'src': None, 'aria_label': None, 'class': ['ad', 'top_push'], 'id': None, 'text': ''}, {'tag': 'div', 'src': None, 'aria_label': None, 'class': ['ad', 'cat_side1'], 'id': None, 'text': ''}, {'tag': 'div', 'src': None, 'aria_label': None, 'class': ['ad', 'allcats_side_btwn_1_2'], 'id': None, 'text': ''}, {'tag': 'div', 'src': None, 'aria_label': None, 'class': ['ad', 'cat_side2'], 'id': None, 'text': ''}, {'tag': 'div', 'src': None, 'aria_label': None, 'class': ['ad', 'cat_side3'], 'id': None, 'text': ''}]",-6,1,41,0.04581005586592179,20,4,7,1,0,20,2,0.9411764705882353,1,0,0,1,0.03687150837988827,1,16,3,21.476190476190474,9,4,55,13,0,40,1,539,newsbook,news_listing
131,34,48,0,15,2,21,21,6551,1006,16,6,"[{'tag': 'div', 'src': None, 'aria_label': None, 'class': ['ad', 'top_push_alt'], 'id': None, 'text': ''}, {'tag': 'div', 'src': None, 'aria_label': None, 'class': ['ad', 'top_push'], 'id': None, 'text': ''}, {'tag': 'div', 'src': None, 'aria_label': None, 'class': ['ad', 'cat_side1'], 'id': None, 'text': ''}, {'tag': 'div', 'src': None, 'aria_label': None, 'class': ['ad', 'allcats_side_btwn_1_2'], 'id': None, 'text': ''}, {'tag': 'div', 'src': None, 'aria_label': None, 'class': ['ad', 'cat_side2'], 'id': None, 'text': ''}, {'tag': 'div', 'src': None, 'aria_label': None, 'class': ['ad', 'cat_side3'], 'id': None, 'text': ''}]",-6,1,41,0.04581005586592179,20,4,7,1,0,20,2,0.9411764705882353,1,0,0,1,0.03687150837988827,1,16,3,21.476190476190474,9,4,55,13,0,40,1,540,newsbook,news_listing
131,34,48,0,15,2,21,21,6551,1006,16,6,"[{'tag': 'div', 'src': None, 'aria_label': None, 'class': ['ad', 'top_push_alt'], 'id': None, 'text': ''}, {'tag': 'div', 'src': None, 'aria_label': None, 'class': ['ad', 'top_push'], 'id': None, 'text': ''}, {'tag': 'div', 'src': None, 'aria_label': None, 'class': ['ad', 'cat_side1'], 'id': None, 'text': ''}, {'tag': 'div', 'src': None, 'aria_label': None, 'class': ['ad', 'allcats_side_btwn_1_2'], 'id': None, 'text': ''}, {'tag': 'div', 'src': None, 'aria_label': None, 'class': ['ad', 'cat_side2'], 'id': None, 'text': ''}, {'tag': 'div', 'src': None, 'aria_label': None, 'class': ['ad', 'cat_side3'], 'id': None, 'text': ''}]",-6,1,41,0.04581005586592179,20,4,7,1,0,20,2,0.9411764705882353,1,0,0,1,0.03687150837988827,1,16,3,21.476190476190474,9,4,55,13,0,40,1,541,newsbook,news_listing
109,32,52,0,15,2,38,10,10948,1673,20,8,"[{'tag': 'div', 'src': None, 'aria_label': None, 'class': ['ad', 'top_push_alt'], 'id': None, 'text': ''}, {'tag': 'div', 'src': None, 'aria_label': None, 'class': ['ad', 'top_push'], 'id': None, 'text': ''}, {'tag': 'div', 'src': None, 'aria_label': None, 'class': ['ad', 'cat_top'], 'id': None, 'text': ''}, {'tag': 'div', 'src': None, 'aria_label': None, 'class': ['ad', 'cat_foot'], 'id': None, 'text': ''}, {'tag': 'div', 'src': None, 'aria_label': None, 'class': ['ad', 'cat_side1'], 'id': None, 'text': ''}, {'tag': 'div', 'src': None, 'aria_label': None, 'class': ['ad', 'allcats_side_btwn_1_2'], 'id': None, 'text': ''}, {'tag': 'div', 'src': None, 'aria_label': None, 'class': ['ad', 'cat_side2'], 'id': None, 'text': ''}, {'tag': 'div', 'src': None, 'aria_label': None, 'class': ['ad', 'cat_side3'], 'id': None, 'text': ''}]",-8,1,49,0.05493273542600897,20,4,15,1,0,21,2,0.9375,1,0,1,1,0.053811659192825115,1,17,3,34.611111111111114,9,4,62,12,0,46,1,542,newsbook,article_pages
109,32,52,0,15,2,38,10,10948,1673,20,8,"[{'tag': 'div', 'src': None, 'aria_label': None, 'class': ['ad', 'top_push_alt'], 'id': None, 'text': ''}, {'tag': 'div', 'src': None, 'aria_label': None, 'class': ['ad', 'top_push'], 'id': None, 'text': ''}, {'tag': 'div', 'src': None, 'aria_label': None, 'class': ['ad', 'cat_top'], 'id': None, 'text': ''}, {'tag': 'div', 'src': None, 'aria_label': None, 'class': ['ad', 'cat_foot'], 'id': None, 'text': ''}, {'tag': 'div', 'src': None, 'aria_label': None, 'class': ['ad', 'cat_side1'], 'id': None, 'text': ''}, {'tag': 'div', 'src': None, 'aria_label': None, 'class': ['ad', 'allcats_side_btwn_1_2'], 'id': None, 'text': ''}, {'tag': 'div', 'src': None, 'aria_label': None, 'class': ['ad', 'cat_side2'], 'id': None, 'text': ''}, {'tag': 'div', 'src': None, 'aria_label': None, 'class': ['ad', 'cat_side3'], 'id': None, 'text': ''}]",-8,1,49,0.05493273542600897,20,4,15,1,0,21,2,0.9375,1,0,1,1,0.053811659192825115,1,17,3,34.611111111111114,9,4,62,12,0,46,1,543,newsbook,article_pages
109,32,52,0,15,2,38,10,10948,1673,20,8,"[{'tag': 'div', 'src': None, 'aria_label': None, 'class': ['ad', 'top_push_alt'], 'id': None, 'text': ''}, {'tag': 'div', 'src': None, 'aria_label': None, 'class': ['ad', 'top_push'], 'id': None, 'text': ''}, {'tag': 'div', 'src': None, 'aria_label': None, 'class': ['ad', 'cat_top'], 'id': None, 'text': ''}, {'tag': 'div', 'src': None, 'aria_label': None, 'class': ['ad', 'cat_foot'], 'id': None, 'text': ''}, {'tag': 'div', 'src': None, 'aria_label': None, 'class': ['ad', 'cat_side1'], 'id': None, 'text': ''}, {'tag': 'div', 'src': None, 'aria_label': None, 'class': ['ad', 'allcats_side_btwn_1_2'], 'id': None, 'text': ''}, {'tag': 'div', 'src': None, 'aria_label': None, 'class': ['ad', 'cat_side2'], 'id': None, 'text': ''}, {'tag': 'div', 'src': None, 'aria_label': None, 'class': ['ad', 'cat_side3'], 'id': None, 'text': ''}]",-8,1,49,0.05493273542600897,20,4,15,1,0,21,2,0.9375,1,0,1,1,0.053811659192825115,1,17,3,34.611111111111114,9,4,62,12,0,46,1,544,newsbook,article_pages
109,32,52,0,15,2,38,10,10948,1673,20,8,"[{'tag': 'div', 'src': None, 'aria_label': None, 'class': ['ad', 'top_push_alt'], 'id': None, 'text': ''}, {'tag': 'div', 'src': None, 'aria_label': None, 'class': ['ad', 'top_push'], 'id': None, 'text': ''}, {'tag': 'div', 'src': None, 'aria_label': None, 'class': ['ad', 'cat_top'], 'id': None, 'text': ''}, {'tag': 'div', 'src': None, 'aria_label': None, 'class': ['ad', 'cat_foot'], 'id': None, 'text': ''}, {'tag': 'div', 'src': None, 'aria_label': None, 'class': ['ad', 'cat_side1'], 'id': None, 'text': ''}, {'tag': 'div', 'src': None, 'aria_label': None, 'class': ['ad', 'allcats_side_btwn_1_2'], 'id': None, 'text': ''}, {'tag': 'div', 'src': None, 'aria_label': None, 'class': ['ad', 'cat_side2'], 'id': None, 'text': ''}, {'tag': 'div', 'src': None, 'aria_label': None, 'class': ['ad', 'cat_side3'], 'id': None, 'text': ''}]",-8,1,49,0.05493273542600897,20,4,15,1,0,21,2,0.9375,1,0,1,1,0.053811659192825115,1,17,3,34.611111111111114,9,4,62,12,0,46,1,545,newsbook,article_pages
109,32,52,0,15,2,38,10,10948,1673,20,8,"[{'tag': 'div', 'src': None, 'aria_label': None, 'class': ['ad', 'top_push_alt'], 'id': None, 'text': ''}, {'tag': 'div', 'src': None, 'aria_label': None, 'class': ['ad', 'top_push'], 'id': None, 'text': ''}, {'tag': 'div', 'src': None, 'aria_label': None, 'class': ['ad', 'cat_top'], 'id': None, 'text': ''}, {'tag': 'div', 'src': None, 'aria_label': None, 'class': ['ad', 'cat_foot'], 'id': None, 'text': ''}, {'tag': 'div', 'src': None, 'aria_label': None, 'class': ['ad', 'cat_side1'], 'id': None, 'text': ''}, {'tag': 'div', 'src': None, 'aria_label': None, 'class': ['ad', 'allcats_side_btwn_1_2'], 'id': None, 'text': ''}, {'tag': 'div', 'src': None, 'aria_label': None, 'class': ['ad', 'cat_side2'], 'id': None, 'text': ''}, {'tag': 'div', 'src': None, 'aria_label': None, 'class': ['ad', 'cat_side3'], 'id': None, 'text': ''}]",-8,1,49,0.05493273542600897,20,4,15,1,0,21,2,0.9375,1,0,1,1,0.053811659192825115,1,17,3,34.611111111111114,9,4,62,12,0,46,1,546,newsbook,article_pages
109,32,52,0,15,2,38,10,10948,1673,20,8,"[{'tag': 'div', 'src': None, 'aria_label': None, 'class': ['ad', 'top_push_alt'], 'id': None, 'text': ''}, {'tag': 'div', 'src': None, 'aria_label': None, 'class': ['ad', 'top_push'], 'id': None, 'text': ''}, {'tag': 'div', 'src': None, 'aria_label': None, 'class': ['ad', 'cat_top'], 'id': None, 'text': ''}, {'tag': 'div', 'src': None, 'aria_label': None, 'class': ['ad', 'cat_foot'], 'id': None, 'text': ''}, {'tag': 'div', 'src': None, 'aria_label': None, 'class': ['ad', 'cat_side1'], 'id': None, 'text': ''}, {'tag': 'div', 'src': None, 'aria_label': None, 'class': ['ad', 'allcats_side_btwn_1_2'], 'id': None, 'text': ''}, {'tag': 'div', 'src': None, 'aria_label': None, 'class': ['ad', 'cat_side2'], 'id': None, 'text': ''}, {'tag': 'div', 'src': None, 'aria_label': None, 'class': ['ad', 'cat_side3'], 'id': None, 'text': ''}]",-8,1,49,0.05493273542600897,20,4,15,1,0,21,2,0.9375,1,0,1,1,0.053811659192825115,1,17,3,34.611111111111114,9,4,62,12,0,46,1,547,newsbook,article_pages
109,32,52,0,15,2,38,10,10948,1673,20,8,"[{'tag': 'div', 'src': None, 'aria_label': None, 'class': ['ad', 'top_push_alt'], 'id': None, 'text': ''}, {'tag': 'div', 'src': None, 'aria_label': None, 'class': ['ad', 'top_push'], 'id': None, 'text': ''}, {'tag': 'div', 'src': None, 'aria_label': None, 'class': ['ad', 'cat_top'], 'id': None, 'text': ''}, {'tag': 'div', 'src': None, 'aria_label': None, 'class': ['ad', 'cat_foot'], 'id': None, 'text': ''}, {'tag': 'div', 'src': None, 'aria_label': None, 'class': ['ad', 'cat_side1'], 'id': None, 'text': ''}, {'tag': 'div', 'src': None, 'aria_label': None, 'class': ['ad', 'allcats_side_btwn_1_2'], 'id': None, 'text': ''}, {'tag': 'div', 'src': None, 'aria_label': None, 'class': ['ad', 'cat_side2'], 'id': None, 'text': ''}, {'tag': 'div', 'src': None, 'aria_label': None, 'class': ['ad', 'cat_side3'], 'id': None, 'text': ''}]",-8,1,49,0.05493273542600897,20,4,15,1,0,21,2,0.9375,1,0,1,1,0.053811659192825115,1,17,3,34.611111111111114,9,4,62,12,0,46,1,548,newsbook,article_pages
109,32,52,0,15,2,38,10,10948,1673,20,8,"[{'tag': 'div', 'src': None, 'aria_label': None, 'class': ['ad', 'top_push_alt'], 'id': None, 'text': ''}, {'tag': 'div', 'src': None, 'aria_label': None, 'class': ['ad', 'top_push'], 'id': None, 'text': ''}, {'tag': 'div', 'src': None, 'aria_label': None, 'class': ['ad', 'cat_top'], 'id': None, 'text': ''}, {'tag': 'div', 'src': None, 'aria_label': None, 'class': ['ad', 'cat_foot'], 'id': None, 'text': ''}, {'tag': 'div', 'src': None, 'aria_label': None, 'class': ['ad', 'cat_side1'], 'id': None, 'text': ''}, {'tag': 'div', 'src': None, 'aria_label': None, 'class': ['ad', 'allcats_side_btwn_1_2'], 'id': None, 'text': ''}, {'tag': 'div', 'src': None, 'aria_label': None, 'class': ['ad', 'cat_side2'], 'id': None, 'text': ''}, {'tag': 'div', 'src': None, 'aria_label': None, 'class': ['ad', 'cat_side3'], 'id': None, 'text': ''}]",-8,1,49,0.05493273542600897,20,4,15,1,0,21,2,0.9375,1,0,1,1,0.053811659192825115,1,17,3,34.611111111111114,9,4,62,12,0,46,1,549,newsbook,article_pages
109,32,52,0,15,2,38,10,10948,1673,20,8,"[{'tag': 'div', 'src': None, 'aria_label': None, 'class': ['ad', 'top_push_alt'], 'id': None, 'text': ''}, {'tag': 'div', 'src': None, 'aria_label': None, 'class': ['ad', 'top_push'], 'id': None, 'text': ''}, {'tag': 'div', 'src': None, 'aria_label': None, 'class': ['ad', 'cat_top'], 'id': None, 'text': ''}, {'tag': 'div', 'src': None, 'aria_label': None, 'class': ['ad', 'cat_foot'], 'id': None, 'text': ''}, {'tag': 'div', 'src': None, 'aria_label': None, 'class': ['ad', 'cat_side1'], 'id': None, 'text': ''}, {'tag': 'div', 'src': None, 'aria_label': None, 'class': ['ad', 'allcats_side_btwn_1_2'], 'id': None, 'text': ''}, {'tag': 'div', 'src': None, 'aria_label': None, 'class': ['ad', 'cat_side2'], 'id': None, 'text': ''}, {'tag': 'div', 'src': None, 'aria_label': None, 'class': ['ad', 'cat_side3'], 'id': None, 'text': ''}]",-8,1,49,0.05493273542600897,20,4,15,1,0,21,2,0.9375,1,0,1,1,0.053811659192825115,1,17,3,34.611111111111114,9,4,62,12,0,46,1,550,newsbook,article_pages
109,32,52,0,15,2,38,10,10948,1673,20,8,"[{'tag': 'div', 'src': None, 'aria_label': None, 'class': ['ad', 'top_push_alt'], 'id': None, 'text': ''}, {'tag': 'div', 'src': None, 'aria_label': None, 'class': ['ad', 'top_push'], 'id': None, 'text': ''}, {'tag': 'div', 'src': None, 'aria_label': None, 'class': ['ad', 'cat_top'], 'id': None, 'text': ''}, {'tag': 'div', 'src': None, 'aria_label': None, 'class': ['ad', 'cat_foot'], 'id': None, 'text': ''}, {'tag': 'div', 'src': None, 'aria_label': None, 'class': ['ad', 'cat_side1'], 'id': None, 'text': ''}, {'tag': 'div', 'src': None, 'aria_label': None, 'class': ['ad', 'allcats_side_btwn_1_2'], 'id': None, 'text': ''}, {'tag': 'div', 'src': None, 'aria_label': None, 'class': ['ad', 'cat_side2'], 'id': None, 'text': ''}, {'tag': 'div', 'src': None, 'aria_label': None, 'class': ['ad', 'cat_side3'], 'id': None, 'text': ''}]",-8,1,49,0.05493273542600897,20,4,15,1,0,21,2,0.9375,1,0,1,1,0.053811659192825115,1,17,3,34.611111111111114,9,4,62,12,0,46,1,551,newsbook,article_pages
133,36,53,0,15,2,29,16,7926,1206,20,8,"[{'tag': 'div', 'src': None, 'aria_label': None, 'class': ['ad', 'top_push_alt'], 'id': None, 'text': ''}, {'tag': 'div', 'src': None, 'aria_label': None, 'class': ['ad', 'top_push'], 'id': None, 'text': ''}, {'tag': 'div', 'src': None, 'aria_label': None, 'class': ['ad', 'cat_top'], 'id': None, 'text': ''}, {'tag': 'div', 'src': None, 'aria_label': None, 'class': ['ad', 'cat_foot'], 'id': None, 'text': ''}, {'tag': 'div', 'src': None, 'aria_label': None, 'class': ['ad', 'cat_side1'], 'id': None, 'text': ''}, {'tag': 'div', 'src': None, 'aria_label': None, 'class': ['ad', 'allcats_side_btwn_1_2'], 'id': None, 'text': ''}, {'tag': 'div', 'src': None, 'aria_label': None, 'class': ['ad', 'cat_side2'], 'id': None, 'text': ''}, {'tag': 'div', 'src': None, 'aria_label': None, 'class': ['ad', 'cat_side3'], 'id': None, 'text': ''}]",-8,1,49,0.051470588235294115,20,4,15,1,0,23,2,0.9444444444444444,1,0,1,1,0.05042016806722689,1,19,3,23.20689655172414,9,4,70,11,0,52,1,552,newsbook,article_pages
133,36,53,0,15,2,29,16,7926,1206,20,8,"[{'tag': 'div', 'src': None, 'aria_label': None, 'class': ['ad', 'top_push_alt'], 'id': None, 'text': ''}, {'tag': 'div', 'src': None, 'aria_label': None, 'class': ['ad', 'top_push'], 'id': None, 'text': ''}, {'tag': 'div', 'src': None, 'aria_label': None, 'class': ['ad', 'cat_top'], 'id': None, 'text': ''}, {'tag': 'div', 'src': None, 'aria_label': None, 'class': ['ad', 'cat_foot'], 'id': None, 'text': ''}, {'tag': 'div', 'src': None, 'aria_label': None, 'class': ['ad', 'cat_side1'], 'id': None, 'text': ''}, {'tag': 'div', 'src': None, 'aria_label': None, 'class': ['ad', 'allcats_side_btwn_1_2'], 'id': None, 'text': ''}, {'tag': 'div', 'src': None, 'aria_label': None, 'class': ['ad', 'cat_side2'], 'id': None, 'text': ''}, {'tag': 'div', 'src': None, 'aria_label': None, 'class': ['ad', 'cat_side3'], 'id': None, 'text': ''}]",-8,1,49,0.051470588235294115,20,4,15,1,0,23,2,0.9444444444444444,1,0,1,1,0.05042016806722689,1,19,3,23.20689655172414,9,4,70,11,0,52,1,553,newsbook,article_pages
133,36,53,0,15,2,29,16,7926,1206,20,8,"[{'tag': 'div', 'src': None, 'aria_label': None, 'class': ['ad', 'top_push_alt'], 'id': None, 'text': ''}, {'tag': 'div', 'src': None, 'aria_label': None, 'class': ['ad', 'top_push'], 'id': None, 'text': ''}, {'tag': 'div', 'src': None, 'aria_label': None, 'class': ['ad', 'cat_top'], 'id': None, 'text': ''}, {'tag': 'div', 'src': None, 'aria_label': None, 'class': ['ad', 'cat_foot'], 'id': None, 'text': ''}, {'tag': 'div', 'src': None, 'aria_label': None, 'class': ['ad', 'cat_side1'], 'id': None, 'text': ''}, {'tag': 'div', 'src': None, 'aria_label': None, 'class': ['ad', 'allcats_side_btwn_1_2'], 'id': None, 'text': ''}, {'tag': 'div', 'src': None, 'aria_label': None, 'class': ['ad', 'cat_side2'], 'id': None, 'text': ''}, {'tag': 'div', 'src': None, 'aria_label': None, 'class': ['ad', 'cat_side3'], 'id': None, 'text': ''}]",-8,1,49,0.051470588235294115,20,4,15,1,0,23,2,0.9444444444444444,1,0,1,1,0.05042016806722689,1,19,3,23.20689655172414,9,4,70,11,0,52,1,554,newsbook,article_pages
133,36,53,0,15,2,29,16,7926,1206,20,8,"[{'tag': 'div', 'src': None, 'aria_label': None, 'class': ['ad', 'top_push_alt'], 'id': None, 'text': ''}, {'tag': 'div', 'src': None, 'aria_label': None, 'class': ['ad', 'top_push'], 'id': None, 'text': ''}, {'tag': 'div', 'src': None, 'aria_label': None, 'class': ['ad', 'cat_top'], 'id': None, 'text': ''}, {'tag': 'div', 'src': None, 'aria_label': None, 'class': ['ad', 'cat_foot'], 'id': None, 'text': ''}, {'tag': 'div', 'src': None, 'aria_label': None, 'class': ['ad', 'cat_side1'], 'id': None, 'text': ''}, {'tag': 'div', 'src': None, 'aria_label': None, 'class': ['ad', 'allcats_side_btwn_1_2'], 'id': None, 'text': ''}, {'tag': 'div', 'src': None, 'aria_label': None, 'class': ['ad', 'cat_side2'], 'id': None, 'text': ''}, {'tag': 'div', 'src': None, 'aria_label': None, 'class': ['ad', 'cat_side3'], 'id': None, 'text': ''}]",-8,1,49,0.051470588235294115,20,4,15,1,0,23,2,0.9444444444444444,1,0,1,1,0.05042016806722689,1,19,3,23.20689655172414,9,4,70,11,0,52,1,555,newsbook,article_pages
133,36,53,0,15,2,29,16,7926,1206,20,8,"[{'tag': 'div', 'src': None, 'aria_label': None, 'class': ['ad', 'top_push_alt'], 'id': None, 'text': ''}, {'tag': 'div', 'src': None, 'aria_label': None, 'class': ['ad', 'top_push'], 'id': None, 'text': ''}, {'tag': 'div', 'src': None, 'aria_label': None, 'class': ['ad', 'cat_top'], 'id': None, 'text': ''}, {'tag': 'div', 'src': None, 'aria_label': None, 'class': ['ad', 'cat_foot'], 'id': None, 'text': ''}, {'tag': 'div', 'src': None, 'aria_label': None, 'class': ['ad', 'cat_side1'], 'id': None, 'text': ''}, {'tag': 'div', 'src': None, 'aria_label': None, 'class': ['ad', 'allcats_side_btwn_1_2'], 'id': None, 'text': ''}, {'tag': 'div', 'src': None, 'aria_label': None, 'class': ['ad', 'cat_side2'], 'id': None, 'text': ''}, {'tag': 'div', 'src': None, 'aria_label': None, 'class': ['ad', 'cat_side3'], 'id': None, 'text': ''}]",-8,1,49,0.051470588235294115,20,4,15,1,0,23,2,0.9444444444444444,1,0,1,1,0.05042016806722689,1,19,3,23.20689655172414,9,4,70,11,0,52,1,556,newsbook,article_pages
133,36,53,0,15,2,29,16,7926,1206,20,8,"[{'tag': 'div', 'src': None, 'aria_label': None, 'class': ['ad', 'top_push_alt'], 'id': None, 'text': ''}, {'tag': 'div', 'src': None, 'aria_label': None, 'class': ['ad', 'top_push'], 'id': None, 'text': ''}, {'tag': 'div', 'src': None, 'aria_label': None, 'class': ['ad', 'cat_top'], 'id': None, 'text': ''}, {'tag': 'div', 'src': None, 'aria_label': None, 'class': ['ad', 'cat_foot'], 'id': None, 'text': ''}, {'tag': 'div', 'src': None, 'aria_label': None, 'class': ['ad', 'cat_side1'], 'id': None, 'text': ''}, {'tag': 'div', 'src': None, 'aria_label': None, 'class': ['ad', 'allcats_side_btwn_1_2'], 'id': None, 'text': ''}, {'tag': 'div', 'src': None, 'aria_label': None, 'class': ['ad', 'cat_side2'], 'id': None, 'text': ''}, {'tag': 'div', 'src': None, 'aria_label': None, 'class': ['ad', 'cat_side3'], 'id': None, 'text': ''}]",-8,1,49,0.051470588235294115,20,4,15,1,0,23,2,0.9444444444444444,1,0,1,1,0.05042016806722689,1,19,3,23.20689655172414,9,4,70,11,0,52,1,557,newsbook,article_pages
133,36,53,0,15,2,29,16,7926,1206,20,8,"[{'tag': 'div', 'src': None, 'aria_label': None, 'class': ['ad', 'top_push_alt'], 'id': None, 'text': ''}, {'tag': 'div', 'src': None, 'aria_label': None, 'class': ['ad', 'top_push'], 'id': None, 'text': ''}, {'tag': 'div', 'src': None, 'aria_label': None, 'class': ['ad', 'cat_top'], 'id': None, 'text': ''}, {'tag': 'div', 'src': None, 'aria_label': None, 'class': ['ad', 'cat_foot'], 'id': None, 'text': ''}, {'tag': 'div', 'src': None, 'aria_label': None, 'class': ['ad', 'cat_side1'], 'id': None, 'text': ''}, {'tag': 'div', 'src': None, 'aria_label': None, 'class': ['ad', 'allcats_side_btwn_1_2'], 'id': None, 'text': ''}, {'tag': 'div', 'src': None, 'aria_label': None, 'class': ['ad', 'cat_side2'], 'id': None, 'text': ''}, {'tag': 'div', 'src': None, 'aria_label': None, 'class': ['ad', 'cat_side3'], 'id': None, 'text': ''}]",-8,1,49,0.051470588235294115,20,4,15,1,0,23,2,0.9444444444444444,1,0,1,1,0.05042016806722689,1,19,3,23.20689655172414,0,0,0,0,0,0,0,558,newsbook,article_pages
133,36,53,0,15,2,29,16,7926,1206,20,8,"[{'tag': 'div', 'src': None, 'aria_label': None, 'class': ['ad', 'top_push_alt'], 'id': None, 'text': ''}, {'tag': 'div', 'src': None, 'aria_label': None, 'class': ['ad', 'top_push'], 'id': None, 'text': ''}, {'tag': 'div', 'src': None, 'aria_label': None, 'class': ['ad', 'cat_top'], 'id': None, 'text': ''}, {'tag': 'div', 'src': None, 'aria_label': None, 'class': ['ad', 'cat_foot'], 'id': None, 'text': ''}, {'tag': 'div', 'src': None, 'aria_label': None, 'class': ['ad', 'cat_side1'], 'id': None, 'text': ''}, {'tag': 'div', 'src': None, 'aria_label': None, 'class': ['ad', 'allcats_side_btwn_1_2'], 'id': None, 'text': ''}, {'tag': 'div', 'src': None, 'aria_label': None, 'class': ['ad', 'cat_side2'], 'id': None, 'text': ''}, {'tag': 'div', 'src': None, 'aria_label': None, 'class': ['ad', 'cat_side3'], 'id': None, 'text': ''}]",-8,1,49,0.051470588235294115,20,4,15,1,0,23,2,0.9444444444444444,1,0,1,1,0.05042016806722689,1,19,3,23.20689655172414,9,4,70,11,0,52,1,559,newsbook,article_pages
136,40,53,1,15,2,28,19,7785,1186,20,8,"[{'tag': 'div', 'src': None, 'aria_label': None, 'class': ['ad', 'top_push_alt'], 'id': None, 'text': ''}, {'tag': 'div', 'src': None, 'aria_label': None, 'class': ['ad', 'top_push'], 'id': None, 'text': ''}, {'tag': 'div', 'src': None, 'aria_label': None, 'class': ['ad', 'cat_top'], 'id': None, 'text': ''}, {'tag': 'div', 'src': None, 'aria_label': None, 'class': ['ad', 'cat_foot'], 'id': None, 'text': ''}, {'tag': 'div', 'src': None, 'aria_label': None, 'class': ['ad', 'cat_side1'], 'id': None, 'text': ''}, {'tag': 'div', 'src': None, 'aria_label': None, 'class': ['ad', 'allcats_side_btwn_1_2'], 'id': None, 'text': ''}, {'tag': 'div', 'src': None, 'aria_label': None, 'class': ['ad', 'cat_side2'], 'id': None, 'text': ''}, {'tag': 'div', 'src': None, 'aria_label': None, 'class': ['ad', 'cat_side3'], 'id': None, 'text': ''}]",-7,1,49,0.049746192893401014,20,4,15,1,0,21,2,0.95,1,0,1,1,0.046700507614213196,1,17,3,23.892857142857142,0,0,0,0,0,0,0,560,newsbook,article_pages
136,40,53,1,15,2,28,19,7785,1186,20,8,"[{'tag': 'div', 'src': None, 'aria_label': None, 'class': ['ad', 'top_push_alt'], 'id': None, 'text': ''}, {'tag': 'div', 'src': None, 'aria_label': None, 'class': ['ad', 'top_push'], 'id': None, 'text': ''}, {'tag': 'div', 'src': None, 'aria_label': None, 'class': ['ad', 'cat_top'], 'id': None, 'text': ''}, {'tag': 'div', 'src': None, 'aria_label': None, 'class': ['ad', 'cat_foot'], 'id': None, 'text': ''}, {'tag': 'div', 'src': None, 'aria_label': None, 'class': ['ad', 'cat_side1'], 'id': None, 'text': ''}, {'tag': 'div', 'src': None, 'aria_label': None, 'class': ['ad', 'allcats_side_btwn_1_2'], 'id': None, 'text': ''}, {'tag': 'div', 'src': None, 'aria_label': None, 'class': ['ad', 'cat_side2'], 'id': None, 'text': ''}, {'tag': 'div', 'src': None, 'aria_label': None, 'class': ['ad', 'cat_side3'], 'id': None, 'text': ''}]",-7,1,49,0.049746192893401014,20,4,15,1,0,21,2,0.95,1,0,1,1,0.046700507614213196,1,17,3,23.892857142857142,0,0,0,0,0,0,0,561,newsbook,article_pages
136,40,53,1,15,2,28,19,7785,1186,20,8,"[{'tag': 'div', 'src': None, 'aria_label': None, 'class': ['ad', 'top_push_alt'], 'id': None, 'text': ''}, {'tag': 'div', 'src': None, 'aria_label': None, 'class': ['ad', 'top_push'], 'id': None, 'text': ''}, {'tag': 'div', 'src': None, 'aria_label': None, 'class': ['ad', 'cat_top'], 'id': None, 'text': ''}, {'tag': 'div', 'src': None, 'aria_label': None, 'class': ['ad', 'cat_foot'], 'id': None, 'text': ''}, {'tag': 'div', 'src': None, 'aria_label': None, 'class': ['ad', 'cat_side1'], 'id': None, 'text': ''}, {'tag': 'div', 'src': None, 'aria_label': None, 'class': ['ad', 'allcats_side_btwn_1_2'], 'id': None, 'text': ''}, {'tag': 'div', 'src': None, 'aria_label': None, 'class': ['ad', 'cat_side2'], 'id': None, 'text': ''}, {'tag': 'div', 'src': None, 'aria_label': None, 'class': ['ad', 'cat_side3'], 'id': None, 'text': ''}]",-7,1,49,0.049746192893401014,20,4,15,1,0,21,2,0.95,1,0,1,1,0.046700507614213196,1,17,3,23.892857142857142,0,0,0,0,0,0,0,562,newsbook,article_pages
136,40,53,1,15,2,28,19,7785,1186,20,8,"[{'tag': 'div', 'src': None, 'aria_label': None, 'class': ['ad', 'top_push_alt'], 'id': None, 'text': ''}, {'tag': 'div', 'src': None, 'aria_label': None, 'class': ['ad', 'top_push'], 'id': None, 'text': ''}, {'tag': 'div', 'src': None, 'aria_label': None, 'class': ['ad', 'cat_top'], 'id': None, 'text': ''}, {'tag': 'div', 'src': None, 'aria_label': None, 'class': ['ad', 'cat_foot'], 'id': None, 'text': ''}, {'tag': 'div', 'src': None, 'aria_label': None, 'class': ['ad', 'cat_side1'], 'id': None, 'text': ''}, {'tag': 'div', 'src': None, 'aria_label': None, 'class': ['ad', 'allcats_side_btwn_1_2'], 'id': None, 'text': ''}, {'tag': 'div', 'src': None, 'aria_label': None, 'class': ['ad', 'cat_side2'], 'id': None, 'text': ''}, {'tag': 'div', 'src': None, 'aria_label': None, 'class': ['ad', 'cat_side3'], 'id': None, 'text': ''}]",-7,1,49,0.049746192893401014,20,4,15,1,0,21,2,0.95,1,0,1,1,0.046700507614213196,1,17,3,23.892857142857142,0,0,0,0,0,0,0,563,newsbook,article_pages
136,40,53,1,15,2,28,19,7785,1186,20,8,"[{'tag': 'div', 'src': None, 'aria_label': None, 'class': ['ad', 'top_push_alt'], 'id': None, 'text': ''}, {'tag': 'div', 'src': None, 'aria_label': None, 'class': ['ad', 'top_push'], 'id': None, 'text': ''}, {'tag': 'div', 'src': None, 'aria_label': None, 'class': ['ad', 'cat_top'], 'id': None, 'text': ''}, {'tag': 'div', 'src': None, 'aria_label': None, 'class': ['ad', 'cat_foot'], 'id': None, 'text': ''}, {'tag': 'div', 'src': None, 'aria_label': None, 'class': ['ad', 'cat_side1'], 'id': None, 'text': ''}, {'tag': 'div', 'src': None, 'aria_label': None, 'class': ['ad', 'allcats_side_btwn_1_2'], 'id': None, 'text': ''}, {'tag': 'div', 'src': None, 'aria_label': None, 'class': ['ad', 'cat_side2'], 'id': None, 'text': ''}, {'tag': 'div', 'src': None, 'aria_label': None, 'class': ['ad', 'cat_side3'], 'id': None, 'text': ''}]",-7,1,49,0.049746192893401014,20,4,15,1,0,21,2,0.95,1,0,1,1,0.046700507614213196,1,17,3,23.892857142857142,0,0,0,0,0,0,0,564,newsbook,article_pages
136,40,53,1,15,2,28,19,7785,1186,20,8,"[{'tag': 'div', 'src': None, 'aria_label': None, 'class': ['ad', 'top_push_alt'], 'id': None, 'text': ''}, {'tag': 'div', 'src': None, 'aria_label': None, 'class': ['ad', 'top_push'], 'id': None, 'text': ''}, {'tag': 'div', 'src': None, 'aria_label': None, 'class': ['ad', 'cat_top'], 'id': None, 'text': ''}, {'tag': 'div', 'src': None, 'aria_label': None, 'class': ['ad', 'cat_foot'], 'id': None, 'text': ''}, {'tag': 'div', 'src': None, 'aria_label': None, 'class': ['ad', 'cat_side1'], 'id': None, 'text': ''}, {'tag': 'div', 'src': None, 'aria_label': None, 'class': ['ad', 'allcats_side_btwn_1_2'], 'id': None, 'text': ''}, {'tag': 'div', 'src': None, 'aria_label': None, 'class': ['ad', 'cat_side2'], 'id': None, 'text': ''}, {'tag': 'div', 'src': None, 'aria_label': None, 'class': ['ad', 'cat_side3'], 'id': None, 'text': ''}]",-7,1,49,0.049746192893401014,20,4,15,1,0,21,2,0.95,1,0,1,1,0.046700507614213196,1,17,3,23.892857142857142,0,0,0,0,0,0,0,565,newsbook,article_pages
136,40,53,1,15,2,28,19,7785,1186,20,8,"[{'tag': 'div', 'src': None, 'aria_label': None, 'class': ['ad', 'top_push_alt'], 'id': None, 'text': ''}, {'tag': 'div', 'src': None, 'aria_label': None, 'class': ['ad', 'top_push'], 'id': None, 'text': ''}, {'tag': 'div', 'src': None, 'aria_label': None, 'class': ['ad', 'cat_top'], 'id': None, 'text': ''}, {'tag': 'div', 'src': None, 'aria_label': None, 'class': ['ad', 'cat_foot'], 'id': None, 'text': ''}, {'tag': 'div', 'src': None, 'aria_label': None, 'class': ['ad', 'cat_side1'], 'id': None, 'text': ''}, {'tag': 'div', 'src': None, 'aria_label': None, 'class': ['ad', 'allcats_side_btwn_1_2'], 'id': None, 'text': ''}, {'tag': 'div', 'src': None, 'aria_label': None, 'class': ['ad', 'cat_side2'], 'id': None, 'text': ''}, {'tag': 'div', 'src': None, 'aria_label': None, 'class': ['ad', 'cat_side3'], 'id': None, 'text': ''}]",-7,1,49,0.049746192893401014,20,4,15,1,0,21,2,0.95,1,0,1,1,0.046700507614213196,1,17,3,23.892857142857142,0,0,0,0,0,0,0,566,newsbook,article_pages
136,40,53,1,15,2,28,19,7785,1186,20,8,"[{'tag': 'div', 'src': None, 'aria_label': None, 'class': ['ad', 'top_push_alt'], 'id': None, 'text': ''}, {'tag': 'div', 'src': None, 'aria_label': None, 'class': ['ad', 'top_push'], 'id': None, 'text': ''}, {'tag': 'div', 'src': None, 'aria_label': None, 'class': ['ad', 'cat_top'], 'id': None, 'text': ''}, {'tag': 'div', 'src': None, 'aria_label': None, 'class': ['ad', 'cat_foot'], 'id': None, 'text': ''}, {'tag': 'div', 'src': None, 'aria_label': None, 'class': ['ad', 'cat_side1'], 'id': None, 'text': ''}, {'tag': 'div', 'src': None, 'aria_label': None, 'class': ['ad', 'allcats_side_btwn_1_2'], 'id': None, 'text': ''}, {'tag': 'div', 'src': None, 'aria_label': None, 'class': ['ad', 'cat_side2'], 'id': None, 'text': ''}, {'tag': 'div', 'src': None, 'aria_label': None, 'class': ['ad', 'cat_side3'], 'id': None, 'text': ''}]",-7,1,49,0.049746192893401014,20,4,15,1,0,21,2,0.95,1,0,1,1,0.046700507614213196,1,17,3,23.892857142857142,0,0,0,0,0,0,0,567,newsbook,article_pages
108,30,52,0,15,2,25,9,6700,1016,20,8,"[{'tag': 'div', 'src': None, 'aria_label': None, 'class': ['ad', 'top_push_alt'], 'id': None, 'text': ''}, {'tag': 'div', 'src': None, 'aria_label': None, 'class': ['ad', 'top_push'], 'id': None, 'text': ''}, {'tag': 'div', 'src': None, 'aria_label': None, 'class': ['ad', 'cat_top'], 'id': None, 'text': ''}, {'tag': 'div', 'src': None, 'aria_label': None, 'class': ['ad', 'cat_foot'], 'id': None, 'text': ''}, {'tag': 'div', 'src': None, 'aria_label': None, 'class': ['ad', 'cat_side1'], 'id': None, 'text': ''}, {'tag': 'div', 'src': None, 'aria_label': None, 'class': ['ad', 'allcats_side_btwn_1_2'], 'id': None, 'text': ''}, {'tag': 'div', 'src': None, 'aria_label': None, 'class': ['ad', 'cat_side2'], 'id': None, 'text': ''}, {'tag': 'div', 'src': None, 'aria_label': None, 'class': ['ad', 'cat_side3'], 'id': None, 'text': ''}]",-8,1,49,0.05638665132336018,20,4,15,1,0,20,2,0.9333333333333333,1,0,1,1,0.05753739930955121,1,16,3,22.64,9,4,63,11,0,48,1,568,newsbook,article_pages
108,30,52,0,15,2,25,9,6700,1016,20,8,"[{'tag': 'div', 'src': None, 'aria_label': None, 'class': ['ad', 'top_push_alt'], 'id': None, 'text': ''}, {'tag': 'div', 'src': None, 'aria_label': None, 'class': ['ad', 'top_push'], 'id': None, 'text': ''}, {'tag': 'div', 'src': None, 'aria_label': None, 'class': ['ad', 'cat_top'], 'id': None, 'text': ''}, {'tag': 'div', 'src': None, 'aria_label': None, 'class': ['ad', 'cat_foot'], 'id': None, 'text': ''}, {'tag': 'div', 'src': None, 'aria_label': None, 'class': ['ad', 'cat_side1'], 'id': None, 'text': ''}, {'tag': 'div', 'src': None, 'aria_label': None, 'class': ['ad', 'allcats_side_btwn_1_2'], 'id': None, 'text': ''}, {'tag': 'div', 'src': None, 'aria_label': None, 'class': ['ad', 'cat_side2'], 'id': None, 'text': ''}, {'tag': 'div', 'src': None, 'aria_label': None, 'class': ['ad', 'cat_side3'], 'id': None, 'text': ''}]",-8,1,49,0.05638665132336018,20,4,15,1,0,20,2,0.9333333333333333,1,0,1,1,0.05753739930955121,1,16,3,22.64,0,0,0,0,0,0,0,569,newsbook,article_pages
108,30,52,0,15,2,25,9,6700,1016,20,8,"[{'tag': 'div', 'src': None, 'aria_label': None, 'class': ['ad', 'top_push_alt'], 'id': None, 'text': ''}, {'tag': 'div', 'src': None, 'aria_label': None, 'class': ['ad', 'top_push'], 'id': None, 'text': ''}, {'tag': 'div', 'src': None, 'aria_label': None, 'class': ['ad', 'cat_top'], 'id': None, 'text': ''}, {'tag': 'div', 'src': None, 'aria_label': None, 'class': ['ad', 'cat_foot'], 'id': None, 'text': ''}, {'tag': 'div', 'src': None, 'aria_label': None, 'class': ['ad', 'cat_side1'], 'id': None, 'text': ''}, {'tag': 'div', 'src': None, 'aria_label': None, 'class': ['ad', 'allcats_side_btwn_1_2'], 'id': None, 'text': ''}, {'tag': 'div', 'src': None, 'aria_label': None, 'class': ['ad', 'cat_side2'], 'id': None, 'text': ''}, {'tag': 'div', 'src': None, 'aria_label': None, 'class': ['ad', 'cat_side3'], 'id': None, 'text': ''}]",-8,1,49,0.05638665132336018,20,4,15,1,0,20,2,0.9333333333333333,1,0,1,1,0.05753739930955121,1,16,3,22.64,9,4,63,11,0,48,1,570,newsbook,article_pages
108,30,52,0,15,2,25,9,6700,1016,20,8,"[{'tag': 'div', 'src': None, 'aria_label': None, 'class': ['ad', 'top_push_alt'], 'id': None, 'text': ''}, {'tag': 'div', 'src': None, 'aria_label': None, 'class': ['ad', 'top_push'], 'id': None, 'text': ''}, {'tag': 'div', 'src': None, 'aria_label': None, 'class': ['ad', 'cat_top'], 'id': None, 'text': ''}, {'tag': 'div', 'src': None, 'aria_label': None, 'class': ['ad', 'cat_foot'], 'id': None, 'text': ''}, {'tag': 'div', 'src': None, 'aria_label': None, 'class': ['ad', 'cat_side1'], 'id': None, 'text': ''}, {'tag': 'div', 'src': None, 'aria_label': None, 'class': ['ad', 'allcats_side_btwn_1_2'], 'id': None, 'text': ''}, {'tag': 'div', 'src': None, 'aria_label': None, 'class': ['ad', 'cat_side2'], 'id': None, 'text': ''}, {'tag': 'div', 'src': None, 'aria_label': None, 'class': ['ad', 'cat_side3'], 'id': None, 'text': ''}]",-8,1,49,0.05638665132336018,20,4,15,1,0,20,2,0.9333333333333333,1,0,1,1,0.05753739930955121,1,16,3,22.64,9,4,63,11,0,48,1,571,newsbook,article_pages
108,30,52,0,15,2,25,9,6700,1016,20,8,"[{'tag': 'div', 'src': None, 'aria_label': None, 'class': ['ad', 'top_push_alt'], 'id': None, 'text': ''}, {'tag': 'div', 'src': None, 'aria_label': None, 'class': ['ad', 'top_push'], 'id': None, 'text': ''}, {'tag': 'div', 'src': None, 'aria_label': None, 'class': ['ad', 'cat_top'], 'id': None, 'text': ''}, {'tag': 'div', 'src': None, 'aria_label': None, 'class': ['ad', 'cat_foot'], 'id': None, 'text': ''}, {'tag': 'div', 'src': None, 'aria_label': None, 'class': ['ad', 'cat_side1'], 'id': None, 'text': ''}, {'tag': 'div', 'src': None, 'aria_label': None, 'class': ['ad', 'allcats_side_btwn_1_2'], 'id': None, 'text': ''}, {'tag': 'div', 'src': None, 'aria_label': None, 'class': ['ad', 'cat_side2'], 'id': None, 'text': ''}, {'tag': 'div', 'src': None, 'aria_label': None, 'class': ['ad', 'cat_side3'], 'id': None, 'text': ''}]",-8,1,49,0.05638665132336018,20,4,15,1,0,20,2,0.9333333333333333,1,0,1,1,0.05753739930955121,1,16,3,22.64,9,4,63,11,0,48,1,572,newsbook,article_pages
108,30,52,0,15,2,25,9,6700,1016,20,8,"[{'tag': 'div', 'src': None, 'aria_label': None, 'class': ['ad', 'top_push_alt'], 'id': None, 'text': ''}, {'tag': 'div', 'src': None, 'aria_label': None, 'class': ['ad', 'top_push'], 'id': None, 'text': ''}, {'tag': 'div', 'src': None, 'aria_label': None, 'class': ['ad', 'cat_top'], 'id': None, 'text': ''}, {'tag': 'div', 'src': None, 'aria_label': None, 'class': ['ad', 'cat_foot'], 'id': None, 'text': ''}, {'tag': 'div', 'src': None, 'aria_label': None, 'class': ['ad', 'cat_side1'], 'id': None, 'text': ''}, {'tag': 'div', 'src': None, 'aria_label': None, 'class': ['ad', 'allcats_side_btwn_1_2'], 'id': None, 'text': ''}, {'tag': 'div', 'src': None, 'aria_label': None, 'class': ['ad', 'cat_side2'], 'id': None, 'text': ''}, {'tag': 'div', 'src': None, 'aria_label': None, 'class': ['ad', 'cat_side3'], 'id': None, 'text': ''}]",-8,1,49,0.05638665132336018,20,4,15,1,0,20,2,0.9333333333333333,1,0,1,1,0.05753739930955121,1,16,3,22.64,9,4,63,11,0,48,1,573,newsbook,article_pages
108,30,52,0,15,2,25,9,6700,1016,20,8,"[{'tag': 'div', 'src': None, 'aria_label': None, 'class': ['ad', 'top_push_alt'], 'id': None, 'text': ''}, {'tag': 'div', 'src': None, 'aria_label': None, 'class': ['ad', 'top_push'], 'id': None, 'text': ''}, {'tag': 'div', 'src': None, 'aria_label': None, 'class': ['ad', 'cat_top'], 'id': None, 'text': ''}, {'tag': 'div', 'src': None, 'aria_label': None, 'class': ['ad', 'cat_foot'], 'id': None, 'text': ''}, {'tag': 'div', 'src': None, 'aria_label': None, 'class': ['ad', 'cat_side1'], 'id': None, 'text': ''}, {'tag': 'div', 'src': None, 'aria_label': None, 'class': ['ad', 'allcats_side_btwn_1_2'], 'id': None, 'text': ''}, {'tag': 'div', 'src': None, 'aria_label': None, 'class': ['ad', 'cat_side2'], 'id': None, 'text': ''}, {'tag': 'div', 'src': None, 'aria_label': None, 'class': ['ad', 'cat_side3'], 'id': None, 'text': ''}]",-8,1,49,0.05638665132336018,20,4,15,1,0,20,2,0.9333333333333333,1,0,1,1,0.05753739930955121,1,16,3,22.64,9,4,63,11,0,48,1,574,newsbook,article_pages
108,30,52,0,15,2,25,9,6700,1016,20,8,"[{'tag': 'div', 'src': None, 'aria_label': None, 'class': ['ad', 'top_push_alt'], 'id': None, 'text': ''}, {'tag': 'div', 'src': None, 'aria_label': None, 'class': ['ad', 'top_push'], 'id': None, 'text': ''}, {'tag': 'div', 'src': None, 'aria_label': None, 'class': ['ad', 'cat_top'], 'id': None, 'text': ''}, {'tag': 'div', 'src': None, 'aria_label': None, 'class': ['ad', 'cat_foot'], 'id': None, 'text': ''}, {'tag': 'div', 'src': None, 'aria_label': None, 'class': ['ad', 'cat_side1'], 'id': None, 'text': ''}, {'tag': 'div', 'src': None, 'aria_label': None, 'class': ['ad', 'allcats_side_btwn_1_2'], 'id': None, 'text': ''}, {'tag': 'div', 'src': None, 'aria_label': None, 'class': ['ad', 'cat_side2'], 'id': None, 'text': ''}, {'tag': 'div', 'src': None, 'aria_label': None, 'class': ['ad', 'cat_side3'], 'id': None, 'text': ''}]",-8,1,49,0.05638665132336018,20,4,15,1,0,20,2,0.9333333333333333,1,0,1,1,0.05753739930955121,1,16,3,22.64,0,0,0,0,0,0,0,575,newsbook,article_pages
106,29,52,0,15,2,32,9,9153,1389,20,8,"[{'tag': 'div', 'src': None, 'aria_label': None, 'class': ['ad', 'top_push_alt'], 'id': None, 'text': ''}, {'tag': 'div', 'src': None, 'aria_label': None, 'class': ['ad', 'top_push'], 'id': None, 'text': ''}, {'tag': 'div', 'src': None, 'aria_label': None, 'class': ['ad', 'cat_top'], 'id': None, 'text': ''}, {'tag': 'div', 'src': None, 'aria_label': None, 'class': ['ad', 'cat_foot'], 'id': None, 'text': ''}, {'tag': 'div', 'src': None, 'aria_label': None, 'class': ['ad', 'cat_side1'], 'id': None, 'text': ''}, {'tag': 'div', 'src': None, 'aria_label': None, 'class': ['ad', 'allcats_side_btwn_1_2'], 'id': None, 'text': ''}, {'tag': 'div', 'src': None, 'aria_label': None, 'class': ['ad', 'cat_side2'], 'id': None, 'text': ''}, {'tag': 'div', 'src': None, 'aria_label': None, 'class': ['ad', 'cat_side3'], 'id': None, 'text': ''}]",-8,1,49,0.05632183908045977,20,4,15,1,0,20,2,0.9310344827586207,1,0,1,1,0.05517241379310345,1,16,3,29.875,9,4,61,11,0,46,1,576,newsbook,article_pages
106,29,52,0,15,2,32,9,9153,1389,20,8,"[{'tag': 'div', 'src': None, 'aria_label': None, 'class': ['ad', 'top_push_alt'], 'id': None, 'text': ''}, {'tag': 'div', 'src': None, 'aria_label': None, 'class': ['ad', 'top_push'], 'id': None, 'text': ''}, {'tag': 'div', 'src': None, 'aria_label': None, 'class': ['ad', 'cat_top'], 'id': None, 'text': ''}, {'tag': 'div', 'src': None, 'aria_label': None, 'class': ['ad', 'cat_foot'], 'id': None, 'text': ''}, {'tag': 'div', 'src': None, 'aria_label': None, 'class': ['ad', 'cat_side1'], 'id': None, 'text': ''}, {'tag': 'div', 'src': None, 'aria_label': None, 'class': ['ad', 'allcats_side_btwn_1_2'], 'id': None, 'text': ''}, {'tag': 'div', 'src': None, 'aria_label': None, 'class': ['ad', 'cat_side2'], 'id': None, 'text': ''}, {'tag': 'div', 'src': None, 'aria_label': None, 'class': ['ad', 'cat_side3'], 'id': None, 'text': ''}]",-8,1,49,0.05632183908045977,20,4,15,1,0,20,2,0.9310344827586207,1,0,1,1,0.05517241379310345,1,16,3,29.875,9,4,61,11,0,46,1,577,newsbook,article_pages
106,29,52,0,15,2,32,9,9153,1389,20,8,"[{'tag': 'div', 'src': None, 'aria_label': None, 'class': ['ad', 'top_push_alt'], 'id': None, 'text': ''}, {'tag': 'div', 'src': None, 'aria_label': None, 'class': ['ad', 'top_push'], 'id': None, 'text': ''}, {'tag': 'div', 'src': None, 'aria_label': None, 'class': ['ad', 'cat_top'], 'id': None, 'text': ''}, {'tag': 'div', 'src': None, 'aria_label': None, 'class': ['ad', 'cat_foot'], 'id': None, 'text': ''}, {'tag': 'div', 'src': None, 'aria_label': None, 'class': ['ad', 'cat_side1'], 'id': None, 'text': ''}, {'tag': 'div', 'src': None, 'aria_label': None, 'class': ['ad', 'allcats_side_btwn_1_2'], 'id': None, 'text': ''}, {'tag': 'div', 'src': None, 'aria_label': None, 'class': ['ad', 'cat_side2'], 'id': None, 'text': ''}, {'tag': 'div', 'src': None, 'aria_label': None, 'class': ['ad', 'cat_side3'], 'id': None, 'text': ''}]",-8,1,49,0.05632183908045977,20,4,15,1,0,20,2,0.9310344827586207,1,0,1,1,0.05517241379310345,1,16,3,29.875,9,4,61,11,0,46,1,578,newsbook,article_pages
106,29,52,0,15,2,32,9,9153,1389,20,8,"[{'tag': 'div', 'src': None, 'aria_label': None, 'class': ['ad', 'top_push_alt'], 'id': None, 'text': ''}, {'tag': 'div', 'src': None, 'aria_label': None, 'class': ['ad', 'top_push'], 'id': None, 'text': ''}, {'tag': 'div', 'src': None, 'aria_label': None, 'class': ['ad', 'cat_top'], 'id': None, 'text': ''}, {'tag': 'div', 'src': None, 'aria_label': None, 'class': ['ad', 'cat_foot'], 'id': None, 'text': ''}, {'tag': 'div', 'src': None, 'aria_label': None, 'class': ['ad', 'cat_side1'], 'id': None, 'text': ''}, {'tag': 'div', 'src': None, 'aria_label': None, 'class': ['ad', 'allcats_side_btwn_1_2'], 'id': None, 'text': ''}, {'tag': 'div', 'src': None, 'aria_label': None, 'class': ['ad', 'cat_side2'], 'id': None, 'text': ''}, {'tag': 'div', 'src': None, 'aria_label': None, 'class': ['ad', 'cat_side3'], 'id': None, 'text': ''}]",-8,1,49,0.05632183908045977,20,4,15,1,0,20,2,0.9310344827586207,1,0,1,1,0.05517241379310345,1,16,3,29.875,9,4,61,11,0,46,1,579,newsbook,article_pages
106,29,52,0,15,2,32,9,9153,1389,20,8,"[{'tag': 'div', 'src': None, 'aria_label': None, 'class': ['ad', 'top_push_alt'], 'id': None, 'text': ''}, {'tag': 'div', 'src': None, 'aria_label': None, 'class': ['ad', 'top_push'], 'id': None, 'text': ''}, {'tag': 'div', 'src': None, 'aria_label': None, 'class': ['ad', 'cat_top'], 'id': None, 'text': ''}, {'tag': 'div', 'src': None, 'aria_label': None, 'class': ['ad', 'cat_foot'], 'id': None, 'text': ''}, {'tag': 'div', 'src': None, 'aria_label': None, 'class': ['ad', 'cat_side1'], 'id': None, 'text': ''}, {'tag': 'div', 'src': None, 'aria_label': None, 'class': ['ad', 'allcats_side_btwn_1_2'], 'id': None, 'text': ''}, {'tag': 'div', 'src': None, 'aria_label': None, 'class': ['ad', 'cat_side2'], 'id': None, 'text': ''}, {'tag': 'div', 'src': None, 'aria_label': None, 'class': ['ad', 'cat_side3'], 'id': None, 'text': ''}]",-8,1,49,0.05632183908045977,20,4,15,1,0,20,2,0.9310344827586207,1,0,1,1,0.05517241379310345,1,16,3,29.875,9,4,61,11,0,46,1,580,newsbook,article_pages
138,40,53,0,15,2,32,19,8354,1318,20,8,"[{'tag': 'div', 'src': None, 'aria_label': None, 'class': ['ad', 'top_push_alt'], 'id': None, 'text': ''}, {'tag': 'div', 'src': None, 'aria_label': None, 'class': ['ad', 'top_push'], 'id': None, 'text': ''}, {'tag': 'div', 'src': None, 'aria_label': None, 'class': ['ad', 'cat_top'], 'id': None, 'text': ''}, {'tag': 'div', 'src': None, 'aria_label': None, 'class': ['ad', 'cat_foot'], 'id': None, 'text': ''}, {'tag': 'div', 'src': None, 'aria_label': None, 'class': ['ad', 'cat_side1'], 'id': None, 'text': ''}, {'tag': 'div', 'src': None, 'aria_label': None, 'class': ['ad', 'allcats_side_btwn_1_2'], 'id': None, 'text': ''}, {'tag': 'div', 'src': None, 'aria_label': None, 'class': ['ad', 'cat_side2'], 'id': None, 'text': ''}, {'tag': 'div', 'src': None, 'aria_label': None, 'class': ['ad', 'cat_side3'], 'id': None, 'text': ''}]",-8,1,49,0.04934541792547835,20,4,15,1,0,22,2,0.95,1,0,1,1,0.04833836858006042,1,18,3,24.34375,9,4,75,12,0,58,1,581,newsbook,article_pages
138,40,53,0,15,2,32,19,8354,1318,20,8,"[{'tag': 'div', 'src': None, 'aria_label': None, 'class': ['ad', 'top_push_alt'], 'id': None, 'text': ''}, {'tag': 'div', 'src': None, 'aria_label': None, 'class': ['ad', 'top_push'], 'id': None, 'text': ''}, {'tag': 'div', 'src': None, 'aria_label': None, 'class': ['ad', 'cat_top'], 'id': None, 'text': ''}, {'tag': 'div', 'src': None, 'aria_label': None, 'class': ['ad', 'cat_foot'], 'id': None, 'text': ''}, {'tag': 'div', 'src': None, 'aria_label': None, 'class': ['ad', 'cat_side1'], 'id': None, 'text': ''}, {'tag': 'div', 'src': None, 'aria_label': None, 'class': ['ad', 'allcats_side_btwn_1_2'], 'id': None, 'text': ''}, {'tag': 'div', 'src': None, 'aria_label': None, 'class': ['ad', 'cat_side2'], 'id': None, 'text': ''}, {'tag': 'div', 'src': None, 'aria_label': None, 'class': ['ad', 'cat_side3'], 'id': None, 'text': ''}]",-8,1,49,0.04934541792547835,20,4,15,1,0,22,2,0.95,1,0,1,1,0.04833836858006042,1,18,3,24.34375,0,0,0,0,0,0,0,582,newsbook,article_pages
138,40,53,0,15,2,32,19,8354,1318,20,8,"[{'tag': 'div', 'src': None, 'aria_label': None, 'class': ['ad', 'top_push_alt'], 'id': None, 'text': ''}, {'tag': 'div', 'src': None, 'aria_label': None, 'class': ['ad', 'top_push'], 'id': None, 'text': ''}, {'tag': 'div', 'src': None, 'aria_label': None, 'class': ['ad', 'cat_top'], 'id': None, 'text': ''}, {'tag': 'div', 'src': None, 'aria_label': None, 'class': ['ad', 'cat_foot'], 'id': None, 'text': ''}, {'tag': 'div', 'src': None, 'aria_label': None, 'class': ['ad', 'cat_side1'], 'id': None, 'text': ''}, {'tag': 'div', 'src': None, 'aria_label': None, 'class': ['ad', 'allcats_side_btwn_1_2'], 'id': None, 'text': ''}, {'tag': 'div', 'src': None, 'aria_label': None, 'class': ['ad', 'cat_side2'], 'id': None, 'text': ''}, {'tag': 'div', 'src': None, 'aria_label': None, 'class': ['ad', 'cat_side3'], 'id': None, 'text': ''}]",-8,1,49,0.04934541792547835,20,4,15,1,0,22,2,0.95,1,0,1,1,0.04833836858006042,1,18,3,24.34375,9,4,75,12,0,58,1,583,newsbook,article_pages
138,40,53,0,15,2,32,19,8354,1318,20,8,"[{'tag': 'div', 'src': None, 'aria_label': None, 'class': ['ad', 'top_push_alt'], 'id': None, 'text': ''}, {'tag': 'div', 'src': None, 'aria_label': None, 'class': ['ad', 'top_push'], 'id': None, 'text': ''}, {'tag': 'div', 'src': None, 'aria_label': None, 'class': ['ad', 'cat_top'], 'id': None, 'text': ''}, {'tag': 'div', 'src': None, 'aria_label': None, 'class': ['ad', 'cat_foot'], 'id': None, 'text': ''}, {'tag': 'div', 'src': None, 'aria_label': None, 'class': ['ad', 'cat_side1'], 'id': None, 'text': ''}, {'tag': 'div', 'src': None, 'aria_label': None, 'class': ['ad', 'allcats_side_btwn_1_2'], 'id': None, 'text': ''}, {'tag': 'div', 'src': None, 'aria_label': None, 'class': ['ad', 'cat_side2'], 'id': None, 'text': ''}, {'tag': 'div', 'src': None, 'aria_label': None, 'class': ['ad', 'cat_side3'], 'id': None, 'text': ''}]",-8,1,49,0.04934541792547835,20,4,15,1,0,22,2,0.95,1,0,1,1,0.04833836858006042,1,18,3,24.34375,9,4,75,12,0,58,1,584,newsbook,article_pages
138,40,53,0,15,2,32,19,8354,1318,20,8,"[{'tag': 'div', 'src': None, 'aria_label': None, 'class': ['ad', 'top_push_alt'], 'id': None, 'text': ''}, {'tag': 'div', 'src': None, 'aria_label': None, 'class': ['ad', 'top_push'], 'id': None, 'text': ''}, {'tag': 'div', 'src': None, 'aria_label': None, 'class': ['ad', 'cat_top'], 'id': None, 'text': ''}, {'tag': 'div', 'src': None, 'aria_label': None, 'class': ['ad', 'cat_foot'], 'id': None, 'text': ''}, {'tag': 'div', 'src': None, 'aria_label': None, 'class': ['ad', 'cat_side1'], 'id': None, 'text': ''}, {'tag': 'div', 'src': None, 'aria_label': None, 'class': ['ad', 'allcats_side_btwn_1_2'], 'id': None, 'text': ''}, {'tag': 'div', 'src': None, 'aria_label': None, 'class': ['ad', 'cat_side2'], 'id': None, 'text': ''}, {'tag': 'div', 'src': None, 'aria_label': None, 'class': ['ad', 'cat_side3'], 'id': None, 'text': ''}]",-8,1,49,0.04934541792547835,20,4,15,1,0,22,2,0.95,1,0,1,1,0.04833836858006042,1,18,3,24.34375,9,4,75,12,0,58,1,585,newsbook,article_pages
138,40,53,0,15,2,32,19,8354,1318,20,8,"[{'tag': 'div', 'src': None, 'aria_label': None, 'class': ['ad', 'top_push_alt'], 'id': None, 'text': ''}, {'tag': 'div', 'src': None, 'aria_label': None, 'class': ['ad', 'top_push'], 'id': None, 'text': ''}, {'tag': 'div', 'src': None, 'aria_label': None, 'class': ['ad', 'cat_top'], 'id': None, 'text': ''}, {'tag': 'div', 'src': None, 'aria_label': None, 'class': ['ad', 'cat_foot'], 'id': None, 'text': ''}, {'tag': 'div', 'src': None, 'aria_label': None, 'class': ['ad', 'cat_side1'], 'id': None, 'text': ''}, {'tag': 'div', 'src': None, 'aria_label': None, 'class': ['ad', 'allcats_side_btwn_1_2'], 'id': None, 'text': ''}, {'tag': 'div', 'src': None, 'aria_label': None, 'class': ['ad', 'cat_side2'], 'id': None, 'text': ''}, {'tag': 'div', 'src': None, 'aria_label': None, 'class': ['ad', 'cat_side3'], 'id': None, 'text': ''}]",-8,1,49,0.04934541792547835,20,4,15,1,0,22,2,0.95,1,0,1,1,0.04833836858006042,1,18,3,24.34375,9,4,75,12,0,58,1,586,newsbook,article_pages
138,40,53,0,15,2,32,19,8354,1318,20,8,"[{'tag': 'div', 'src': None, 'aria_label': None, 'class': ['ad', 'top_push_alt'], 'id': None, 'text': ''}, {'tag': 'div', 'src': None, 'aria_label': None, 'class': ['ad', 'top_push'], 'id': None, 'text': ''}, {'tag': 'div', 'src': None, 'aria_label': None, 'class': ['ad', 'cat_top'], 'id': None, 'text': ''}, {'tag': 'div', 'src': None, 'aria_label': None, 'class': ['ad', 'cat_foot'], 'id': None, 'text': ''}, {'tag': 'div', 'src': None, 'aria_label': None, 'class': ['ad', 'cat_side1'], 'id': None, 'text': ''}, {'tag': 'div', 'src': None, 'aria_label': None, 'class': ['ad', 'allcats_side_btwn_1_2'], 'id': None, 'text': ''}, {'tag': 'div', 'src': None, 'aria_label': None, 'class': ['ad', 'cat_side2'], 'id': None, 'text': ''}, {'tag': 'div', 'src': None, 'aria_label': None, 'class': ['ad', 'cat_side3'], 'id': None, 'text': ''}]",-8,1,49,0.04934541792547835,20,4,15,1,0,22,2,0.95,1,0,1,1,0.04833836858006042,1,18,3,24.34375,0,0,0,0,0,0,0,587,newsbook,article_pages
138,40,53,0,15,2,32,19,8354,1318,20,8,"[{'tag': 'div', 'src': None, 'aria_label': None, 'class': ['ad', 'top_push_alt'], 'id': None, 'text': ''}, {'tag': 'div', 'src': None, 'aria_label': None, 'class': ['ad', 'top_push'], 'id': None, 'text': ''}, {'tag': 'div', 'src': None, 'aria_label': None, 'class': ['ad', 'cat_top'], 'id': None, 'text': ''}, {'tag': 'div', 'src': None, 'aria_label': None, 'class': ['ad', 'cat_foot'], 'id': None, 'text': ''}, {'tag': 'div', 'src': None, 'aria_label': None, 'class': ['ad', 'cat_side1'], 'id': None, 'text': ''}, {'tag': 'div', 'src': None, 'aria_label': None, 'class': ['ad', 'allcats_side_btwn_1_2'], 'id': None, 'text': ''}, {'tag': 'div', 'src': None, 'aria_label': None, 'class': ['ad', 'cat_side2'], 'id': None, 'text': ''}, {'tag': 'div', 'src': None, 'aria_label': None, 'class': ['ad', 'cat_side3'], 'id': None, 'text': ''}]",-8,1,49,0.04934541792547835,20,4,15,1,0,22,2,0.95,1,0,1,1,0.04833836858006042,1,18,3,24.34375,9,4,75,12,0,58,1,588,newsbook,article_pages
107,29,52,0,15,2,31,9,8431,1319,20,8,"[{'tag': 'div', 'src': None, 'aria_label': None, 'class': ['ad', 'top_push_alt'], 'id': None, 'text': ''}, {'tag': 'div', 'src': None, 'aria_label': None, 'class': ['ad', 'top_push'], 'id': None, 'text': ''}, {'tag': 'div', 'src': None, 'aria_label': None, 'class': ['ad', 'cat_top'], 'id': None, 'text': ''}, {'tag': 'div', 'src': None, 'aria_label': None, 'class': ['ad', 'cat_foot'], 'id': None, 'text': ''}, {'tag': 'div', 'src': None, 'aria_label': None, 'class': ['ad', 'cat_side1'], 'id': None, 'text': ''}, {'tag': 'div', 'src': None, 'aria_label': None, 'class': ['ad', 'allcats_side_btwn_1_2'], 'id': None, 'text': ''}, {'tag': 'div', 'src': None, 'aria_label': None, 'class': ['ad', 'cat_side2'], 'id': None, 'text': ''}, {'tag': 'div', 'src': None, 'aria_label': None, 'class': ['ad', 'cat_side3'], 'id': None, 'text': ''}]",-8,1,49,0.055872291904218926,20,4,15,1,0,19,2,0.9310344827586207,1,0,1,1,0.05473204104903079,1,15,3,26.516129032258064,9,4,62,11,0,48,1,589,newsbook,article_pages
107,29,52,0,15,2,31,9,8431,1319,20,8,"[{'tag': 'div', 'src': None, 'aria_label': None, 'class': ['ad', 'top_push_alt'], 'id': None, 'text': ''}, {'tag': 'div', 'src': None, 'aria_label': None, 'class': ['ad', 'top_push'], 'id': None, 'text': ''}, {'tag': 'div', 'src': None, 'aria_label': None, 'class': ['ad', 'cat_top'], 'id': None, 'text': ''}, {'tag': 'div', 'src': None, 'aria_label': None, 'class': ['ad', 'cat_foot'], 'id': None, 'text': ''}, {'tag': 'div', 'src': None, 'aria_label': None, 'class': ['ad', 'cat_side1'], 'id': None, 'text': ''}, {'tag': 'div', 'src': None, 'aria_label': None, 'class': ['ad', 'allcats_side_btwn_1_2'], 'id': None, 'text': ''}, {'tag': 'div', 'src': None, 'aria_label': None, 'class': ['ad', 'cat_side2'], 'id': None, 'text': ''}, {'tag': 'div', 'src': None, 'aria_label': None, 'class': ['ad', 'cat_side3'], 'id': None, 'text': ''}]",-8,1,49,0.055872291904218926,20,4,15,1,0,19,2,0.9310344827586207,1,0,1,1,0.05473204104903079,1,15,3,26.516129032258064,9,4,62,11,0,48,1,590,newsbook,article_pages
107,29,52,0,15,2,31,9,8431,1319,20,8,"[{'tag': 'div', 'src': None, 'aria_label': None, 'class': ['ad', 'top_push_alt'], 'id': None, 'text': ''}, {'tag': 'div', 'src': None, 'aria_label': None, 'class': ['ad', 'top_push'], 'id': None, 'text': ''}, {'tag': 'div', 'src': None, 'aria_label': None, 'class': ['ad', 'cat_top'], 'id': None, 'text': ''}, {'tag': 'div', 'src': None, 'aria_label': None, 'class': ['ad', 'cat_foot'], 'id': None, 'text': ''}, {'tag': 'div', 'src': None, 'aria_label': None, 'class': ['ad', 'cat_side1'], 'id': None, 'text': ''}, {'tag': 'div', 'src': None, 'aria_label': None, 'class': ['ad', 'allcats_side_btwn_1_2'], 'id': None, 'text': ''}, {'tag': 'div', 'src': None, 'aria_label': None, 'class': ['ad', 'cat_side2'], 'id': None, 'text': ''}, {'tag': 'div', 'src': None, 'aria_label': None, 'class': ['ad', 'cat_side3'], 'id': None, 'text': ''}]",-8,1,49,0.055872291904218926,20,4,15,1,0,19,2,0.9310344827586207,1,0,1,1,0.05473204104903079,1,15,3,26.516129032258064,9,4,62,11,0,48,1,591,newsbook,article_pages
107,29,52,0,15,2,31,9,8431,1319,20,8,"[{'tag': 'div', 'src': None, 'aria_label': None, 'class': ['ad', 'top_push_alt'], 'id': None, 'text': ''}, {'tag': 'div', 'src': None, 'aria_label': None, 'class': ['ad', 'top_push'], 'id': None, 'text': ''}, {'tag': 'div', 'src': None, 'aria_label': None, 'class': ['ad', 'cat_top'], 'id': None, 'text': ''}, {'tag': 'div', 'src': None, 'aria_label': None, 'class': ['ad', 'cat_foot'], 'id': None, 'text': ''}, {'tag': 'div', 'src': None, 'aria_label': None, 'class': ['ad', 'cat_side1'], 'id': None, 'text': ''}, {'tag': 'div', 'src': None, 'aria_label': None, 'class': ['ad', 'allcats_side_btwn_1_2'], 'id': None, 'text': ''}, {'tag': 'div', 'src': None, 'aria_label': None, 'class': ['ad', 'cat_side2'], 'id': None, 'text': ''}, {'tag': 'div', 'src': None, 'aria_label': None, 'class': ['ad', 'cat_side3'], 'id': None, 'text': ''}]",-8,1,49,0.055872291904218926,20,4,15,1,0,19,2,0.9310344827586207,1,0,1,1,0.05473204104903079,1,15,3,26.516129032258064,9,4,62,11,0,48,1,592,newsbook,article_pages
107,29,52,0,15,2,31,9,8431,1319,20,8,"[{'tag': 'div', 'src': None, 'aria_label': None, 'class': ['ad', 'top_push_alt'], 'id': None, 'text': ''}, {'tag': 'div', 'src': None, 'aria_label': None, 'class': ['ad', 'top_push'], 'id': None, 'text': ''}, {'tag': 'div', 'src': None, 'aria_label': None, 'class': ['ad', 'cat_top'], 'id': None, 'text': ''}, {'tag': 'div', 'src': None, 'aria_label': None, 'class': ['ad', 'cat_foot'], 'id': None, 'text': ''}, {'tag': 'div', 'src': None, 'aria_label': None, 'class': ['ad', 'cat_side1'], 'id': None, 'text': ''}, {'tag': 'div', 'src': None, 'aria_label': None, 'class': ['ad', 'allcats_side_btwn_1_2'], 'id': None, 'text': ''}, {'tag': 'div', 'src': None, 'aria_label': None, 'class': ['ad', 'cat_side2'], 'id': None, 'text': ''}, {'tag': 'div', 'src': None, 'aria_label': None, 'class': ['ad', 'cat_side3'], 'id': None, 'text': ''}]",-8,1,49,0.055872291904218926,20,4,15,1,0,19,2,0.9310344827586207,1,0,1,1,0.05473204104903079,1,15,3,26.516129032258064,9,4,62,11,0,48,1,593,newsbook,article_pages
107,29,52,0,15,2,31,9,8431,1319,20,8,"[{'tag': 'div', 'src': None, 'aria_label': None, 'class': ['ad', 'top_push_alt'], 'id': None, 'text': ''}, {'tag': 'div', 'src': None, 'aria_label': None, 'class': ['ad', 'top_push'], 'id': None, 'text': ''}, {'tag': 'div', 'src': None, 'aria_label': None, 'class': ['ad', 'cat_top'], 'id': None, 'text': ''}, {'tag': 'div', 'src': None, 'aria_label': None, 'class': ['ad', 'cat_foot'], 'id': None, 'text': ''}, {'tag': 'div', 'src': None, 'aria_label': None, 'class': ['ad', 'cat_side1'], 'id': None, 'text': ''}, {'tag': 'div', 'src': None, 'aria_label': None, 'class': ['ad', 'allcats_side_btwn_1_2'], 'id': None, 'text': ''}, {'tag': 'div', 'src': None, 'aria_label': None, 'class': ['ad', 'cat_side2'], 'id': None, 'text': ''}, {'tag': 'div', 'src': None, 'aria_label': None, 'class': ['ad', 'cat_side3'], 'id': None, 'text': ''}]",-8,1,49,0.055872291904218926,20,4,15,1,0,19,2,0.9310344827586207,1,0,1,1,0.05473204104903079,1,15,3,26.516129032258064,9,4,62,11,0,48,1,594,newsbook,article_pages
107,29,52,0,15,2,31,9,8431,1319,20,8,"[{'tag': 'div', 'src': None, 'aria_label': None, 'class': ['ad', 'top_push_alt'], 'id': None, 'text': ''}, {'tag': 'div', 'src': None, 'aria_label': None, 'class': ['ad', 'top_push'], 'id': None, 'text': ''}, {'tag': 'div', 'src': None, 'aria_label': None, 'class': ['ad', 'cat_top'], 'id': None, 'text': ''}, {'tag': 'div', 'src': None, 'aria_label': None, 'class': ['ad', 'cat_foot'], 'id': None, 'text': ''}, {'tag': 'div', 'src': None, 'aria_label': None, 'class': ['ad', 'cat_side1'], 'id': None, 'text': ''}, {'tag': 'div', 'src': None, 'aria_label': None, 'class': ['ad', 'allcats_side_btwn_1_2'], 'id': None, 'text': ''}, {'tag': 'div', 'src': None, 'aria_label': None, 'class': ['ad', 'cat_side2'], 'id': None, 'text': ''}, {'tag': 'div', 'src': None, 'aria_label': None, 'class': ['ad', 'cat_side3'], 'id': None, 'text': ''}]",-8,1,49,0.055872291904218926,20,4,15,1,0,19,2,0.9310344827586207,1,0,1,1,0.05473204104903079,1,15,3,26.516129032258064,9,4,62,11,0,48,1,595,newsbook,article_pages
107,29,52,0,15,2,31,9,8431,1319,20,8,"[{'tag': 'div', 'src': None, 'aria_label': None, 'class': ['ad', 'top_push_alt'], 'id': None, 'text': ''}, {'tag': 'div', 'src': None, 'aria_label': None, 'class': ['ad', 'top_push'], 'id': None, 'text': ''}, {'tag': 'div', 'src': None, 'aria_label': None, 'class': ['ad', 'cat_top'], 'id': None, 'text': ''}, {'tag': 'div', 'src': None, 'aria_label': None, 'class': ['ad', 'cat_foot'], 'id': None, 'text': ''}, {'tag': 'div', 'src': None, 'aria_label': None, 'class': ['ad', 'cat_side1'], 'id': None, 'text': ''}, {'tag': 'div', 'src': None, 'aria_label': None, 'class': ['ad', 'allcats_side_btwn_1_2'], 'id': None, 'text': ''}, {'tag': 'div', 'src': None, 'aria_label': None, 'class': ['ad', 'cat_side2'], 'id': None, 'text': ''}, {'tag': 'div', 'src': None, 'aria_label': None, 'class': ['ad', 'cat_side3'], 'id': None, 'text': ''}]",-8,1,49,0.055872291904218926,20,4,15,1,0,19,2,0.9310344827586207,1,0,1,1,0.05473204104903079,1,15,3,26.516129032258064,9,4,62,11,0,48,1,596,newsbook,article_pages
115,32,53,0,15,2,29,12,7506,1070,20,8,"[{'tag': 'div', 'src': None, 'aria_label': None, 'class': ['ad', 'top_push_alt'], 'id': None, 'text': ''}, {'tag': 'div', 'src': None, 'aria_label': None, 'class': ['ad', 'top_push'], 'id': None, 'text': ''}, {'tag': 'div', 'src': None, 'aria_label': None, 'class': ['ad', 'cat_top'], 'id': None, 'text': ''}, {'tag': 'div', 'src': None, 'aria_label': None, 'class': ['ad', 'cat_foot'], 'id': None, 'text': ''}, {'tag': 'div', 'src': None, 'aria_label': None, 'class': ['ad', 'cat_side1'], 'id': None, 'text': ''}, {'tag': 'div', 'src': None, 'aria_label': None, 'class': ['ad', 'allcats_side_btwn_1_2'], 'id': None, 'text': ''}, {'tag': 'div', 'src': None, 'aria_label': None, 'class': ['ad', 'cat_side2'], 'id': None, 'text': ''}, {'tag': 'div', 'src': None, 'aria_label': None, 'class': ['ad', 'cat_side3'], 'id': None, 'text': ''}]",-8,1,49,0.05402425578831312,20,4,15,1,0,19,2,0.9375,1,0,1,1,0.050716648291069456,1,15,3,21.93103448275862,9,4,62,12,0,48,1,597,newsbook,article_pages
115,32,53,0,15,2,29,12,7506,1070,20,8,"[{'tag': 'div', 'src': None, 'aria_label': None, 'class': ['ad', 'top_push_alt'], 'id': None, 'text': ''}, {'tag': 'div', 'src': None, 'aria_label': None, 'class': ['ad', 'top_push'], 'id': None, 'text': ''}, {'tag': 'div', 'src': None, 'aria_label': None, 'class': ['ad', 'cat_top'], 'id': None, 'text': ''}, {'tag': 'div', 'src': None, 'aria_label': None, 'class': ['ad', 'cat_foot'], 'id': None, 'text': ''}, {'tag': 'div', 'src': None, 'aria_label': None, 'class': ['ad', 'cat_side1'], 'id': None, 'text': ''}, {'tag': 'div', 'src': None, 'aria_label': None, 'class': ['ad', 'allcats_side_btwn_1_2'], 'id': None, 'text': ''}, {'tag': 'div', 'src': None, 'aria_label': None, 'class': ['ad', 'cat_side2'], 'id': None, 'text': ''}, {'tag': 'div', 'src': None, 'aria_label': None, 'class': ['ad', 'cat_side3'], 'id': None, 'text': ''}]",-8,1,49,0.05402425578831312,20,4,15,1,0,19,2,0.9375,1,0,1,1,0.050716648291069456,1,15,3,21.93103448275862,9,4,62,12,0,48,1,598,newsbook,article_pages
115,32,53,0,15,2,29,12,7506,1070,20,8,"[{'tag': 'div', 'src': None, 'aria_label': None, 'class': ['ad', 'top_push_alt'], 'id': None, 'text': ''}, {'tag': 'div', 'src': None, 'aria_label': None, 'class': ['ad', 'top_push'], 'id': None, 'text': ''}, {'tag': 'div', 'src': None, 'aria_label': None, 'class': ['ad', 'cat_top'], 'id': None, 'text': ''}, {'tag': 'div', 'src': None, 'aria_label': None, 'class': ['ad', 'cat_foot'], 'id': None, 'text': ''}, {'tag': 'div', 'src': None, 'aria_label': None, 'class': ['ad', 'cat_side1'], 'id': None, 'text': ''}, {'tag': 'div', 'src': None, 'aria_label': None, 'class': ['ad', 'allcats_side_btwn_1_2'], 'id': None, 'text': ''}, {'tag': 'div', 'src': None, 'aria_label': None, 'class': ['ad', 'cat_side2'], 'id': None, 'text': ''}, {'tag': 'div', 'src': None, 'aria_label': None, 'class': ['ad', 'cat_side3'], 'id': None, 'text': ''}]",-8,1,49,0.05402425578831312,20,4,15,1,0,19,2,0.9375,1,0,1,1,0.050716648291069456,1,15,3,21.93103448275862,9,4,62,12,0,48,1,599,newsbook,article_pages
115,32,53,0,15,2,29,12,7506,1070,20,8,"[{'tag': 'div', 'src': None, 'aria_label': None, 'class': ['ad', 'top_push_alt'], 'id': None, 'text': ''}, {'tag': 'div', 'src': None, 'aria_label': None, 'class': ['ad', 'top_push'], 'id': None, 'text': ''}, {'tag': 'div', 'src': None, 'aria_label': None, 'class': ['ad', 'cat_top'], 'id': None, 'text': ''}, {'tag': 'div', 'src': None, 'aria_label': None, 'class': ['ad', 'cat_foot'], 'id': None, 'text': ''}, {'tag': 'div', 'src': None, 'aria_label': None, 'class': ['ad', 'cat_side1'], 'id': None, 'text': ''}, {'tag': 'div', 'src': None, 'aria_label': None, 'class': ['ad', 'allcats_side_btwn_1_2'], 'id': None, 'text': ''}, {'tag': 'div', 'src': None, 'aria_label': None, 'class': ['ad', 'cat_side2'], 'id': None, 'text': ''}, {'tag': 'div', 'src': None, 'aria_label': None, 'class': ['ad', 'cat_side3'], 'id': None, 'text': ''}]",-8,1,49,0.05402425578831312,20,4,15,1,0,19,2,0.9375,1,0,1,1,0.050716648291069456,1,15,3,21.93103448275862,0,0,0,0,0,0,0,600,newsbook,article_pages
115,32,53,0,15,2,29,12,7506,1070,20,8,"[{'tag': 'div', 'src': None, 'aria_label': None, 'class': ['ad', 'top_push_alt'], 'id': None, 'text': ''}, {'tag': 'div', 'src': None, 'aria_label': None, 'class': ['ad', 'top_push'], 'id': None, 'text': ''}, {'tag': 'div', 'src': None, 'aria_label': None, 'class': ['ad', 'cat_top'], 'id': None, 'text': ''}, {'tag': 'div', 'src': None, 'aria_label': None, 'class': ['ad', 'cat_foot'], 'id': None, 'text': ''}, {'tag': 'div', 'src': None, 'aria_label': None, 'class': ['ad', 'cat_side1'], 'id': None, 'text': ''}, {'tag': 'div', 'src': None, 'aria_label': None, 'class': ['ad', 'allcats_side_btwn_1_2'], 'id': None, 'text': ''}, {'tag': 'div', 'src': None, 'aria_label': None, 'class': ['ad', 'cat_side2'], 'id': None, 'text': ''}, {'tag': 'div', 'src': None, 'aria_label': None, 'class': ['ad', 'cat_side3'], 'id': None, 'text': ''}]",-8,1,49,0.05402425578831312,20,4,15,1,0,19,2,0.9375,1,0,1,1,0.050716648291069456,1,15,3,21.93103448275862,9,4,62,12,0,48,1,601,newsbook,article_pages
115,32,53,0,15,2,29,12,7506,1070,20,8,"[{'tag': 'div', 'src': None, 'aria_label': None, 'class': ['ad', 'top_push_alt'], 'id': None, 'text': ''}, {'tag': 'div', 'src': None, 'aria_label': None, 'class': ['ad', 'top_push'], 'id': None, 'text': ''}, {'tag': 'div', 'src': None, 'aria_label': None, 'class': ['ad', 'cat_top'], 'id': None, 'text': ''}, {'tag': 'div', 'src': None, 'aria_label': None, 'class': ['ad', 'cat_foot'], 'id': None, 'text': ''}, {'tag': 'div', 'src': None, 'aria_label': None, 'class': ['ad', 'cat_side1'], 'id': None, 'text': ''}, {'tag': 'div', 'src': None, 'aria_label': None, 'class': ['ad', 'allcats_side_btwn_1_2'], 'id': None, 'text': ''}, {'tag': 'div', 'src': None, 'aria_label': None, 'class': ['ad', 'cat_side2'], 'id': None, 'text': ''}, {'tag': 'div', 'src': None, 'aria_label': None, 'class': ['ad', 'cat_side3'], 'id': None, 'text': ''}]",-8,1,49,0.05402425578831312,20,4,15,1,0,19,2,0.9375,1,0,1,1,0.050716648291069456,1,15,3,21.93103448275862,9,4,62,12,0,48,1,602,newsbook,article_pages
121,35,53,0,15,2,24,12,6833,990,20,8,"[{'tag': 'div', 'src': None, 'aria_label': None, 'class': ['ad', 'top_push_alt'], 'id': None, 'text': ''}, {'tag': 'div', 'src': None, 'aria_label': None, 'class': ['ad', 'top_push'], 'id': None, 'text': ''}, {'tag': 'div', 'src': None, 'aria_label': None, 'class': ['ad', 'cat_top'], 'id': None, 'text': ''}, {'tag': 'div', 'src': None, 'aria_label': None, 'class': ['ad', 'cat_foot'], 'id': None, 'text': ''}, {'tag': 'div', 'src': None, 'aria_label': None, 'class': ['ad', 'cat_side1'], 'id': None, 'text': ''}, {'tag': 'div', 'src': None, 'aria_label': None, 'class': ['ad', 'allcats_side_btwn_1_2'], 'id': None, 'text': ''}, {'tag': 'div', 'src': None, 'aria_label': None, 'class': ['ad', 'cat_side2'], 'id': None, 'text': ''}, {'tag': 'div', 'src': None, 'aria_label': None, 'class': ['ad', 'cat_side3'], 'id': None, 'text': ''}]",-8,1,49,0.05314533622559653,20,4,15,1,0,21,2,0.9428571428571428,1,0,1,1,0.052060737527114966,1,17,3,22.625,9,4,68,12,0,52,1,603,newsbook,article_pages
121,35,53,0,15,2,24,12,6833,990,20,8,"[{'tag': 'div', 'src': None, 'aria_label': None, 'class': ['ad', 'top_push_alt'], 'id': None, 'text': ''}, {'tag': 'div', 'src': None, 'aria_label': None, 'class': ['ad', 'top_push'], 'id': None, 'text': ''}, {'tag': 'div', 'src': None, 'aria_label': None, 'class': ['ad', 'cat_top'], 'id': None, 'text': ''}, {'tag': 'div', 'src': None, 'aria_label': None, 'class': ['ad', 'cat_foot'], 'id': None, 'text': ''}, {'tag': 'div', 'src': None, 'aria_label': None, 'class': ['ad', 'cat_side1'], 'id': None, 'text': ''}, {'tag': 'div', 'src': None, 'aria_label': None, 'class': ['ad', 'allcats_side_btwn_1_2'], 'id': None, 'text': ''}, {'tag': 'div', 'src': None, 'aria_label': None, 'class': ['ad', 'cat_side2'], 'id': None, 'text': ''}, {'tag': 'div', 'src': None, 'aria_label': None, 'class': ['ad', 'cat_side3'], 'id': None, 'text': ''}]",-8,1,49,0.05314533622559653,20,4,15,1,0,21,2,0.9428571428571428,1,0,1,1,0.052060737527114966,1,17,3,22.625,9,4,68,12,0,52,1,604,newsbook,article_pages
121,35,53,0,15,2,24,12,6833,990,20,8,"[{'tag': 'div', 'src': None, 'aria_label': None, 'class': ['ad', 'top_push_alt'], 'id': None, 'text': ''}, {'tag': 'div', 'src': None, 'aria_label': None, 'class': ['ad', 'top_push'], 'id': None, 'text': ''}, {'tag': 'div', 'src': None, 'aria_label': None, 'class': ['ad', 'cat_top'], 'id': None, 'text': ''}, {'tag': 'div', 'src': None, 'aria_label': None, 'class': ['ad', 'cat_foot'], 'id': None, 'text': ''}, {'tag': 'div', 'src': None, 'aria_label': None, 'class': ['ad', 'cat_side1'], 'id': None, 'text': ''}, {'tag': 'div', 'src': None, 'aria_label': None, 'class': ['ad', 'allcats_side_btwn_1_2'], 'id': None, 'text': ''}, {'tag': 'div', 'src': None, 'aria_label': None, 'class': ['ad', 'cat_side2'], 'id': None, 'text': ''}, {'tag': 'div', 'src': None, 'aria_label': None, 'class': ['ad', 'cat_side3'], 'id': None, 'text': ''}]",-8,1,49,0.05314533622559653,20,4,15,1,0,21,2,0.9428571428571428,1,0,1,1,0.052060737527114966,1,17,3,22.625,9,4,68,12,0,52,1,605,newsbook,article_pages
121,35,53,0,15,2,24,12,6833,990,20,8,"[{'tag': 'div', 'src': None, 'aria_label': None, 'class': ['ad', 'top_push_alt'], 'id': None, 'text': ''}, {'tag': 'div', 'src': None, 'aria_label': None, 'class': ['ad', 'top_push'], 'id': None, 'text': ''}, {'tag': 'div', 'src': None, 'aria_label': None, 'class': ['ad', 'cat_top'], 'id': None, 'text': ''}, {'tag': 'div', 'src': None, 'aria_label': None, 'class': ['ad', 'cat_foot'], 'id': None, 'text': ''}, {'tag': 'div', 'src': None, 'aria_label': None, 'class': ['ad', 'cat_side1'], 'id': None, 'text': ''}, {'tag': 'div', 'src': None, 'aria_label': None, 'class': ['ad', 'allcats_side_btwn_1_2'], 'id': None, 'text': ''}, {'tag': 'div', 'src': None, 'aria_label': None, 'class': ['ad', 'cat_side2'], 'id': None, 'text': ''}, {'tag': 'div', 'src': None, 'aria_label': None, 'class': ['ad', 'cat_side3'], 'id': None, 'text': ''}]",-8,1,49,0.05314533622559653,20,4,15,1,0,21,2,0.9428571428571428,1,0,1,1,0.052060737527114966,1,17,3,22.625,9,4,68,12,0,52,1,606,newsbook,article_pages
121,35,53,0,15,2,24,12,6833,990,20,8,"[{'tag': 'div', 'src': None, 'aria_label': None, 'class': ['ad', 'top_push_alt'], 'id': None, 'text': ''}, {'tag': 'div', 'src': None, 'aria_label': None, 'class': ['ad', 'top_push'], 'id': None, 'text': ''}, {'tag': 'div', 'src': None, 'aria_label': None, 'class': ['ad', 'cat_top'], 'id': None, 'text': ''}, {'tag': 'div', 'src': None, 'aria_label': None, 'class': ['ad', 'cat_foot'], 'id': None, 'text': ''}, {'tag': 'div', 'src': None, 'aria_label': None, 'class': ['ad', 'cat_side1'], 'id': None, 'text': ''}, {'tag': 'div', 'src': None, 'aria_label': None, 'class': ['ad', 'allcats_side_btwn_1_2'], 'id': None, 'text': ''}, {'tag': 'div', 'src': None, 'aria_label': None, 'class': ['ad', 'cat_side2'], 'id': None, 'text': ''}, {'tag': 'div', 'src': None, 'aria_label': None, 'class': ['ad', 'cat_side3'], 'id': None, 'text': ''}]",-8,1,49,0.05314533622559653,20,4,15,1,0,21,2,0.9428571428571428,1,0,1,1,0.052060737527114966,1,17,3,22.625,9,4,68,12,0,52,1,607,newsbook,article_pages
121,35,53,0,15,2,24,12,6833,990,20,8,"[{'tag': 'div', 'src': None, 'aria_label': None, 'class': ['ad', 'top_push_alt'], 'id': None, 'text': ''}, {'tag': 'div', 'src': None, 'aria_label': None, 'class': ['ad', 'top_push'], 'id': None, 'text': ''}, {'tag': 'div', 'src': None, 'aria_label': None, 'class': ['ad', 'cat_top'], 'id': None, 'text': ''}, {'tag': 'div', 'src': None, 'aria_label': None, 'class': ['ad', 'cat_foot'], 'id': None, 'text': ''}, {'tag': 'div', 'src': None, 'aria_label': None, 'class': ['ad', 'cat_side1'], 'id': None, 'text': ''}, {'tag': 'div', 'src': None, 'aria_label': None, 'class': ['ad', 'allcats_side_btwn_1_2'], 'id': None, 'text': ''}, {'tag': 'div', 'src': None, 'aria_label': None, 'class': ['ad', 'cat_side2'], 'id': None, 'text': ''}, {'tag': 'div', 'src': None, 'aria_label': None, 'class': ['ad', 'cat_side3'], 'id': None, 'text': ''}]",-8,1,49,0.05314533622559653,20,4,15,1,0,21,2,0.9428571428571428,1,0,1,1,0.052060737527114966,1,17,3,22.625,9,4,68,12,0,52,1,608,newsbook,article_pages
115,32,53,0,15,2,29,12,7506,1070,20,8,"[{'tag': 'div', 'src': None, 'aria_label': None, 'class': ['ad', 'top_push_alt'], 'id': None, 'text': ''}, {'tag': 'div', 'src': None, 'aria_label': None, 'class': ['ad', 'top_push'], 'id': None, 'text': ''}, {'tag': 'div', 'src': None, 'aria_label': None, 'class': ['ad', 'cat_top'], 'id': None, 'text': ''}, {'tag': 'div', 'src': None, 'aria_label': None, 'class': ['ad', 'cat_foot'], 'id': None, 'text': ''}, {'tag': 'div', 'src': None, 'aria_label': None, 'class': ['ad', 'cat_side1'], 'id': None, 'text': ''}, {'tag': 'div', 'src': None, 'aria_label': None, 'class': ['ad', 'allcats_side_btwn_1_2'], 'id': None, 'text': ''}, {'tag': 'div', 'src': None, 'aria_label': None, 'class': ['ad', 'cat_side2'], 'id': None, 'text': ''}, {'tag': 'div', 'src': None, 'aria_label': None, 'class': ['ad', 'cat_side3'], 'id': None, 'text': ''}]",-8,1,49,0.05402425578831312,20,4,15,1,0,19,2,0.9375,1,0,1,1,0.050716648291069456,1,15,3,21.93103448275862,0,0,0,0,0,0,0,609,newsbook,article_pages
115,32,53,0,15,2,29,12,7506,1070,20,8,"[{'tag': 'div', 'src': None, 'aria_label': None, 'class': ['ad', 'top_push_alt'], 'id': None, 'text': ''}, {'tag': 'div', 'src': None, 'aria_label': None, 'class': ['ad', 'top_push'], 'id': None, 'text': ''}, {'tag': 'div', 'src': None, 'aria_label': None, 'class': ['ad', 'cat_top'], 'id': None, 'text': ''}, {'tag': 'div', 'src': None, 'aria_label': None, 'class': ['ad', 'cat_foot'], 'id': None, 'text': ''}, {'tag': 'div', 'src': None, 'aria_label': None, 'class': ['ad', 'cat_side1'], 'id': None, 'text': ''}, {'tag': 'div', 'src': None, 'aria_label': None, 'class': ['ad', 'allcats_side_btwn_1_2'], 'id': None, 'text': ''}, {'tag': 'div', 'src': None, 'aria_label': None, 'class': ['ad', 'cat_side2'], 'id': None, 'text': ''}, {'tag': 'div', 'src': None, 'aria_label': None, 'class': ['ad', 'cat_side3'], 'id': None, 'text': ''}]",-8,1,49,0.05402425578831312,20,4,15,1,0,19,2,0.9375,1,0,1,1,0.050716648291069456,1,15,3,21.93103448275862,9,4,62,12,0,48,1,610,newsbook,article_pages
139,38,54,0,15,2,25,17,8593,1227,20,8,"[{'tag': 'div', 'src': None, 'aria_label': None, 'class': ['ad', 'top_push_alt'], 'id': None, 'text': ''}, {'tag': 'div', 'src': None, 'aria_label': None, 'class': ['ad', 'top_push'], 'id': None, 'text': ''}, {'tag': 'div', 'src': None, 'aria_label': None, 'class': ['ad', 'cat_top'], 'id': None, 'text': ''}, {'tag': 'div', 'src': None, 'aria_label': None, 'class': ['ad', 'cat_foot'], 'id': None, 'text': ''}, {'tag': 'div', 'src': None, 'aria_label': None, 'class': ['ad', 'cat_side1'], 'id': None, 'text': ''}, {'tag': 'div', 'src': None, 'aria_label': None, 'class': ['ad', 'allcats_side_btwn_1_2'], 'id': None, 'text': ''}, {'tag': 'div', 'src': None, 'aria_label': None, 'class': ['ad', 'cat_side2'], 'id': None, 'text': ''}, {'tag': 'div', 'src': None, 'aria_label': None, 'class': ['ad', 'cat_side3'], 'id': None, 'text': ''}]",-8,1,49,0.050102249488752554,20,4,15,1,0,23,3,0.9210526315789473,1,0,1,1,0.049079754601226995,1,19,3,29.08,0,0,0,0,0,0,0,611,newsbook,article_pages
139,38,54,0,15,2,25,17,8593,1227,20,8,"[{'tag': 'div', 'src': None, 'aria_label': None, 'class': ['ad', 'top_push_alt'], 'id': None, 'text': ''}, {'tag': 'div', 'src': None, 'aria_label': None, 'class': ['ad', 'top_push'], 'id': None, 'text': ''}, {'tag': 'div', 'src': None, 'aria_label': None, 'class': ['ad', 'cat_top'], 'id': None, 'text': ''}, {'tag': 'div', 'src': None, 'aria_label': None, 'class': ['ad', 'cat_foot'], 'id': None, 'text': ''}, {'tag': 'div', 'src': None, 'aria_label': None, 'class': ['ad', 'cat_side1'], 'id': None, 'text': ''}, {'tag': 'div', 'src': None, 'aria_label': None, 'class': ['ad', 'allcats_side_btwn_1_2'], 'id': None, 'text': ''}, {'tag': 'div', 'src': None, 'aria_label': None, 'class': ['ad', 'cat_side2'], 'id': None, 'text': ''}, {'tag': 'div', 'src': None, 'aria_label': None, 'class': ['ad', 'cat_side3'], 'id': None, 'text': ''}]",-8,1,49,0.050102249488752554,20,4,15,1,0,23,3,0.9210526315789473,1,0,1,1,0.049079754601226995,1,19,3,29.08,9,5,73,12,0,55,1,612,newsbook,article_pages
139,38,54,0,15,2,25,17,8593,1227,20,8,"[{'tag': 'div', 'src': None, 'aria_label': None, 'class': ['ad', 'top_push_alt'], 'id': None, 'text': ''}, {'tag': 'div', 'src': None, 'aria_label': None, 'class': ['ad', 'top_push'], 'id': None, 'text': ''}, {'tag': 'div', 'src': None, 'aria_label': None, 'class': ['ad', 'cat_top'], 'id': None, 'text': ''}, {'tag': 'div', 'src': None, 'aria_label': None, 'class': ['ad', 'cat_foot'], 'id': None, 'text': ''}, {'tag': 'div', 'src': None, 'aria_label': None, 'class': ['ad', 'cat_side1'], 'id': None, 'text': ''}, {'tag': 'div', 'src': None, 'aria_label': None, 'class': ['ad', 'allcats_side_btwn_1_2'], 'id': None, 'text': ''}, {'tag': 'div', 'src': None, 'aria_label': None, 'class': ['ad', 'cat_side2'], 'id': None, 'text': ''}, {'tag': 'div', 'src': None, 'aria_label': None, 'class': ['ad', 'cat_side3'], 'id': None, 'text': ''}]",-8,1,49,0.050102249488752554,20,4,15,1,0,23,3,0.9210526315789473,1,0,1,1,0.049079754601226995,1,19,3,29.08,0,0,0,0,0,0,0,613,newsbook,article_pages
139,38,54,0,15,2,25,17,8593,1227,20,8,"[{'tag': 'div', 'src': None, 'aria_label': None, 'class': ['ad', 'top_push_alt'], 'id': None, 'text': ''}, {'tag': 'div', 'src': None, 'aria_label': None, 'class': ['ad', 'top_push'], 'id': None, 'text': ''}, {'tag': 'div', 'src': None, 'aria_label': None, 'class': ['ad', 'cat_top'], 'id': None, 'text': ''}, {'tag': 'div', 'src': None, 'aria_label': None, 'class': ['ad', 'cat_foot'], 'id': None, 'text': ''}, {'tag': 'div', 'src': None, 'aria_label': None, 'class': ['ad', 'cat_side1'], 'id': None, 'text': ''}, {'tag': 'div', 'src': None, 'aria_label': None, 'class': ['ad', 'allcats_side_btwn_1_2'], 'id': None, 'text': ''}, {'tag': 'div', 'src': None, 'aria_label': None, 'class': ['ad', 'cat_side2'], 'id': None, 'text': ''}, {'tag': 'div', 'src': None, 'aria_label': None, 'class': ['ad', 'cat_side3'], 'id': None, 'text': ''}]",-8,1,49,0.050102249488752554,20,4,15,1,0,23,3,0.9210526315789473,1,0,1,1,0.049079754601226995,1,19,3,29.08,0,0,0,0,0,0,0,614,newsbook,article_pages
139,38,54,0,15,2,25,17,8593,1227,20,8,"[{'tag': 'div', 'src': None, 'aria_label': None, 'class': ['ad', 'top_push_alt'], 'id': None, 'text': ''}, {'tag': 'div', 'src': None, 'aria_label': None, 'class': ['ad', 'top_push'], 'id': None, 'text': ''}, {'tag': 'div', 'src': None, 'aria_label': None, 'class': ['ad', 'cat_top'], 'id': None, 'text': ''}, {'tag': 'div', 'src': None, 'aria_label': None, 'class': ['ad', 'cat_foot'], 'id': None, 'text': ''}, {'tag': 'div', 'src': None, 'aria_label': None, 'class': ['ad', 'cat_side1'], 'id': None, 'text': ''}, {'tag': 'div', 'src': None, 'aria_label': None, 'class': ['ad', 'allcats_side_btwn_1_2'], 'id': None, 'text': ''}, {'tag': 'div', 'src': None, 'aria_label': None, 'class': ['ad', 'cat_side2'], 'id': None, 'text': ''}, {'tag': 'div', 'src': None, 'aria_label': None, 'class': ['ad', 'cat_side3'], 'id': None, 'text': ''}]",-8,1,49,0.050102249488752554,20,4,15,1,0,23,3,0.9210526315789473,1,0,1,1,0.049079754601226995,1,19,3,29.08,9,5,73,12,0,55,1,615,newsbook,article_pages
139,38,54,0,15,2,25,17,8593,1227,20,8,"[{'tag': 'div', 'src': None, 'aria_label': None, 'class': ['ad', 'top_push_alt'], 'id': None, 'text': ''}, {'tag': 'div', 'src': None, 'aria_label': None, 'class': ['ad', 'top_push'], 'id': None, 'text': ''}, {'tag': 'div', 'src': None, 'aria_label': None, 'class': ['ad', 'cat_top'], 'id': None, 'text': ''}, {'tag': 'div', 'src': None, 'aria_label': None, 'class': ['ad', 'cat_foot'], 'id': None, 'text': ''}, {'tag': 'div', 'src': None, 'aria_label': None, 'class': ['ad', 'cat_side1'], 'id': None, 'text': ''}, {'tag': 'div', 'src': None, 'aria_label': None, 'class': ['ad', 'allcats_side_btwn_1_2'], 'id': None, 'text': ''}, {'tag': 'div', 'src': None, 'aria_label': None, 'class': ['ad', 'cat_side2'], 'id': None, 'text': ''}, {'tag': 'div', 'src': None, 'aria_label': None, 'class': ['ad', 'cat_side3'], 'id': None, 'text': ''}]",-8,1,49,0.050102249488752554,20,4,15,1,0,23,3,0.9210526315789473,1,0,1,1,0.049079754601226995,1,19,3,29.08,9,5,73,12,0,55,1,616,newsbook,article_pages
139,38,54,0,15,2,42,20,10578,1465,20,8,"[{'tag': 'div', 'src': None, 'aria_label': None, 'class': ['ad', 'top_push_alt'], 'id': None, 'text': ''}, {'tag': 'div', 'src': None, 'aria_label': None, 'class': ['ad', 'top_push'], 'id': None, 'text': ''}, {'tag': 'div', 'src': None, 'aria_label': None, 'class': ['ad', 'cat_top'], 'id': None, 'text': ''}, {'tag': 'div', 'src': None, 'aria_label': None, 'class': ['ad', 'cat_foot'], 'id': None, 'text': ''}, {'tag': 'div', 'src': None, 'aria_label': None, 'class': ['ad', 'cat_side1'], 'id': None, 'text': ''}, {'tag': 'div', 'src': None, 'aria_label': None, 'class': ['ad', 'allcats_side_btwn_1_2'], 'id': None, 'text': ''}, {'tag': 'div', 'src': None, 'aria_label': None, 'class': ['ad', 'cat_side2'], 'id': None, 'text': ''}, {'tag': 'div', 'src': None, 'aria_label': None, 'class': ['ad', 'cat_side3'], 'id': None, 'text': ''}]",-8,1,49,0.04909819639278557,20,4,15,1,0,22,2,0.9473684210526315,0,0,1,1,0.04809619238476954,1,18,3,23.761904761904763,8,4,74,11,0,57,0,617,newsbook,article_pages
139,38,54,0,15,2,42,20,10578,1465,20,8,"[{'tag': 'div', 'src': None, 'aria_label': None, 'class': ['ad', 'top_push_alt'], 'id': None, 'text': ''}, {'tag': 'div', 'src': None, 'aria_label': None, 'class': ['ad', 'top_push'], 'id': None, 'text': ''}, {'tag': 'div', 'src': None, 'aria_label': None, 'class': ['ad', 'cat_top'], 'id': None, 'text': ''}, {'tag': 'div', 'src': None, 'aria_label': None, 'class': ['ad', 'cat_foot'], 'id': None, 'text': ''}, {'tag': 'div', 'src': None, 'aria_label': None, 'class': ['ad', 'cat_side1'], 'id': None, 'text': ''}, {'tag': 'div', 'src': None, 'aria_label': None, 'class': ['ad', 'allcats_side_btwn_1_2'], 'id': None, 'text': ''}, {'tag': 'div', 'src': None, 'aria_label': None, 'class': ['ad', 'cat_side2'], 'id': None, 'text': ''}, {'tag': 'div', 'src': None, 'aria_label': None, 'class': ['ad', 'cat_side3'], 'id': None, 'text': ''}]",-8,1,49,0.04909819639278557,20,4,15,1,0,22,2,0.9473684210526315,0,0,1,1,0.04809619238476954,1,18,3,23.761904761904763,8,4,74,11,0,57,0,618,newsbook,article_pages
139,38,54,0,15,2,42,20,10578,1465,20,8,"[{'tag': 'div', 'src': None, 'aria_label': None, 'class': ['ad', 'top_push_alt'], 'id': None, 'text': ''}, {'tag': 'div', 'src': None, 'aria_label': None, 'class': ['ad', 'top_push'], 'id': None, 'text': ''}, {'tag': 'div', 'src': None, 'aria_label': None, 'class': ['ad', 'cat_top'], 'id': None, 'text': ''}, {'tag': 'div', 'src': None, 'aria_label': None, 'class': ['ad', 'cat_foot'], 'id': None, 'text': ''}, {'tag': 'div', 'src': None, 'aria_label': None, 'class': ['ad', 'cat_side1'], 'id': None, 'text': ''}, {'tag': 'div', 'src': None, 'aria_label': None, 'class': ['ad', 'allcats_side_btwn_1_2'], 'id': None, 'text': ''}, {'tag': 'div', 'src': None, 'aria_label': None, 'class': ['ad', 'cat_side2'], 'id': None, 'text': ''}, {'tag': 'div', 'src': None, 'aria_label': None, 'class': ['ad', 'cat_side3'], 'id': None, 'text': ''}]",-8,1,49,0.04909819639278557,20,4,15,1,0,22,2,0.9473684210526315,0,0,1,1,0.04809619238476954,1,18,3,23.761904761904763,8,4,74,11,0,57,0,619,newsbook,article_pages
139,38,54,0,15,2,42,20,10578,1465,20,8,"[{'tag': 'div', 'src': None, 'aria_label': None, 'class': ['ad', 'top_push_alt'], 'id': None, 'text': ''}, {'tag': 'div', 'src': None, 'aria_label': None, 'class': ['ad', 'top_push'], 'id': None, 'text': ''}, {'tag': 'div', 'src': None, 'aria_label': None, 'class': ['ad', 'cat_top'], 'id': None, 'text': ''}, {'tag': 'div', 'src': None, 'aria_label': None, 'class': ['ad', 'cat_foot'], 'id': None, 'text': ''}, {'tag': 'div', 'src': None, 'aria_label': None, 'class': ['ad', 'cat_side1'], 'id': None, 'text': ''}, {'tag': 'div', 'src': None, 'aria_label': None, 'class': ['ad', 'allcats_side_btwn_1_2'], 'id': None, 'text': ''}, {'tag': 'div', 'src': None, 'aria_label': None, 'class': ['ad', 'cat_side2'], 'id': None, 'text': ''}, {'tag': 'div', 'src': None, 'aria_label': None, 'class': ['ad', 'cat_side3'], 'id': None, 'text': ''}]",-8,1,49,0.04909819639278557,20,4,15,1,0,22,2,0.9473684210526315,0,0,1,1,0.04809619238476954,1,18,3,23.761904761904763,8,4,74,11,0,57,0,620,newsbook,article_pages
139,38,54,0,15,2,42,20,10578,1465,20,8,"[{'tag': 'div', 'src': None, 'aria_label': None, 'class': ['ad', 'top_push_alt'], 'id': None, 'text': ''}, {'tag': 'div', 'src': None, 'aria_label': None, 'class': ['ad', 'top_push'], 'id': None, 'text': ''}, {'tag': 'div', 'src': None, 'aria_label': None, 'class': ['ad', 'cat_top'], 'id': None, 'text': ''}, {'tag': 'div', 'src': None, 'aria_label': None, 'class': ['ad', 'cat_foot'], 'id': None, 'text': ''}, {'tag': 'div', 'src': None, 'aria_label': None, 'class': ['ad', 'cat_side1'], 'id': None, 'text': ''}, {'tag': 'div', 'src': None, 'aria_label': None, 'class': ['ad', 'allcats_side_btwn_1_2'], 'id': None, 'text': ''}, {'tag': 'div', 'src': None, 'aria_label': None, 'class': ['ad', 'cat_side2'], 'id': None, 'text': ''}, {'tag': 'div', 'src': None, 'aria_label': None, 'class': ['ad', 'cat_side3'], 'id': None, 'text': ''}]",-8,1,49,0.04909819639278557,20,4,15,1,0,22,2,0.9473684210526315,0,0,1,1,0.04809619238476954,1,18,3,23.761904761904763,8,4,74,11,0,57,0,621,newsbook,article_pages
139,38,54,0,15,2,42,20,10578,1465,20,8,"[{'tag': 'div', 'src': None, 'aria_label': None, 'class': ['ad', 'top_push_alt'], 'id': None, 'text': ''}, {'tag': 'div', 'src': None, 'aria_label': None, 'class': ['ad', 'top_push'], 'id': None, 'text': ''}, {'tag': 'div', 'src': None, 'aria_label': None, 'class': ['ad', 'cat_top'], 'id': None, 'text': ''}, {'tag': 'div', 'src': None, 'aria_label': None, 'class': ['ad', 'cat_foot'], 'id': None, 'text': ''}, {'tag': 'div', 'src': None, 'aria_label': None, 'class': ['ad', 'cat_side1'], 'id': None, 'text': ''}, {'tag': 'div', 'src': None, 'aria_label': None, 'class': ['ad', 'allcats_side_btwn_1_2'], 'id': None, 'text': ''}, {'tag': 'div', 'src': None, 'aria_label': None, 'class': ['ad', 'cat_side2'], 'id': None, 'text': ''}, {'tag': 'div', 'src': None, 'aria_label': None, 'class': ['ad', 'cat_side3'], 'id': None, 'text': ''}]",-8,1,49,0.04909819639278557,20,4,15,1,0,22,2,0.9473684210526315,0,0,1,1,0.04809619238476954,1,18,3,23.761904761904763,8,4,74,11,0,57,0,622,newsbook,article_pages
139,38,54,0,15,2,42,20,10578,1465,20,8,"[{'tag': 'div', 'src': None, 'aria_label': None, 'class': ['ad', 'top_push_alt'], 'id': None, 'text': ''}, {'tag': 'div', 'src': None, 'aria_label': None, 'class': ['ad', 'top_push'], 'id': None, 'text': ''}, {'tag': 'div', 'src': None, 'aria_label': None, 'class': ['ad', 'cat_top'], 'id': None, 'text': ''}, {'tag': 'div', 'src': None, 'aria_label': None, 'class': ['ad', 'cat_foot'], 'id': None, 'text': ''}, {'tag': 'div', 'src': None, 'aria_label': None, 'class': ['ad', 'cat_side1'], 'id': None, 'text': ''}, {'tag': 'div', 'src': None, 'aria_label': None, 'class': ['ad', 'allcats_side_btwn_1_2'], 'id': None, 'text': ''}, {'tag': 'div', 'src': None, 'aria_label': None, 'class': ['ad', 'cat_side2'], 'id': None, 'text': ''}, {'tag': 'div', 'src': None, 'aria_label': None, 'class': ['ad', 'cat_side3'], 'id': None, 'text': ''}]",-8,1,49,0.04909819639278557,20,4,15,1,0,22,2,0.9473684210526315,0,0,1,1,0.04809619238476954,1,18,3,23.761904761904763,8,4,74,11,0,57,0,623,newsbook,article_pages
139,38,54,0,15,2,42,20,10578,1465,20,8,"[{'tag': 'div', 'src': None, 'aria_label': None, 'class': ['ad', 'top_push_alt'], 'id': None, 'text': ''}, {'tag': 'div', 'src': None, 'aria_label': None, 'class': ['ad', 'top_push'], 'id': None, 'text': ''}, {'tag': 'div', 'src': None, 'aria_label': None, 'class': ['ad', 'cat_top'], 'id': None, 'text': ''}, {'tag': 'div', 'src': None, 'aria_label': None, 'class': ['ad', 'cat_foot'], 'id': None, 'text': ''}, {'tag': 'div', 'src': None, 'aria_label': None, 'class': ['ad', 'cat_side1'], 'id': None, 'text': ''}, {'tag': 'div', 'src': None, 'aria_label': None, 'class': ['ad', 'allcats_side_btwn_1_2'], 'id': None, 'text': ''}, {'tag': 'div', 'src': None, 'aria_label': None, 'class': ['ad', 'cat_side2'], 'id': None, 'text': ''}, {'tag': 'div', 'src': None, 'aria_label': None, 'class': ['ad', 'cat_side3'], 'id': None, 'text': ''}]",-8,1,49,0.04909819639278557,20,4,15,1,0,22,2,0.9473684210526315,0,0,1,1,0.04809619238476954,1,18,3,23.761904761904763,8,4,74,11,0,57,0,624,newsbook,article_pages
139,38,54,0,15,2,42,20,10578,1465,20,8,"[{'tag': 'div', 'src': None, 'aria_label': None, 'class': ['ad', 'top_push_alt'], 'id': None, 'text': ''}, {'tag': 'div', 'src': None, 'aria_label': None, 'class': ['ad', 'top_push'], 'id': None, 'text': ''}, {'tag': 'div', 'src': None, 'aria_label': None, 'class': ['ad', 'cat_top'], 'id': None, 'text': ''}, {'tag': 'div', 'src': None, 'aria_label': None, 'class': ['ad', 'cat_foot'], 'id': None, 'text': ''}, {'tag': 'div', 'src': None, 'aria_label': None, 'class': ['ad', 'cat_side1'], 'id': None, 'text': ''}, {'tag': 'div', 'src': None, 'aria_label': None, 'class': ['ad', 'allcats_side_btwn_1_2'], 'id': None, 'text': ''}, {'tag': 'div', 'src': None, 'aria_label': None, 'class': ['ad', 'cat_side2'], 'id': None, 'text': ''}, {'tag': 'div', 'src': None, 'aria_label': None, 'class': ['ad', 'cat_side3'], 'id': None, 'text': ''}]",-8,1,49,0.04909819639278557,20,4,15,1,0,22,2,0.9473684210526315,0,0,1,1,0.04809619238476954,1,18,3,23.761904761904763,8,4,74,11,0,57,0,625,newsbook,article_pages
139,38,54,0,15,2,42,20,10578,1465,20,8,"[{'tag': 'div', 'src': None, 'aria_label': None, 'class': ['ad', 'top_push_alt'], 'id': None, 'text': ''}, {'tag': 'div', 'src': None, 'aria_label': None, 'class': ['ad', 'top_push'], 'id': None, 'text': ''}, {'tag': 'div', 'src': None, 'aria_label': None, 'class': ['ad', 'cat_top'], 'id': None, 'text': ''}, {'tag': 'div', 'src': None, 'aria_label': None, 'class': ['ad', 'cat_foot'], 'id': None, 'text': ''}, {'tag': 'div', 'src': None, 'aria_label': None, 'class': ['ad', 'cat_side1'], 'id': None, 'text': ''}, {'tag': 'div', 'src': None, 'aria_label': None, 'class': ['ad', 'allcats_side_btwn_1_2'], 'id': None, 'text': ''}, {'tag': 'div', 'src': None, 'aria_label': None, 'class': ['ad', 'cat_side2'], 'id': None, 'text': ''}, {'tag': 'div', 'src': None, 'aria_label': None, 'class': ['ad', 'cat_side3'], 'id': None, 'text': ''}]",-8,1,49,0.04909819639278557,20,4,15,1,0,22,2,0.9473684210526315,0,0,1,1,0.04809619238476954,1,18,3,23.761904761904763,0,0,0,0,0,0,0,626,newsbook,article_pages
139,38,54,0,15,2,42,20,10578,1465,20,8,"[{'tag': 'div', 'src': None, 'aria_label': None, 'class': ['ad', 'top_push_alt'], 'id': None, 'text': ''}, {'tag': 'div', 'src': None, 'aria_label': None, 'class': ['ad', 'top_push'], 'id': None, 'text': ''}, {'tag': 'div', 'src': None, 'aria_label': None, 'class': ['ad', 'cat_top'], 'id': None, 'text': ''}, {'tag': 'div', 'src': None, 'aria_label': None, 'class': ['ad', 'cat_foot'], 'id': None, 'text': ''}, {'tag': 'div', 'src': None, 'aria_label': None, 'class': ['ad', 'cat_side1'], 'id': None, 'text': ''}, {'tag': 'div', 'src': None, 'aria_label': None, 'class': ['ad', 'allcats_side_btwn_1_2'], 'id': None, 'text': ''}, {'tag': 'div', 'src': None, 'aria_label': None, 'class': ['ad', 'cat_side2'], 'id': None, 'text': ''}, {'tag': 'div', 'src': None, 'aria_label': None, 'class': ['ad', 'cat_side3'], 'id': None, 'text': ''}]",-8,1,49,0.04909819639278557,20,4,15,1,0,22,2,0.9473684210526315,0,0,1,1,0.04809619238476954,1,18,3,23.761904761904763,8,4,74,11,0,57,0,627,newsbook,article_pages
141,39,54,0,15,2,38,18,9163,1330,20,8,"[{'tag': 'div', 'src': None, 'aria_label': None, 'class': ['ad', 'top_push_alt'], 'id': None, 'text': ''}, {'tag': 'div', 'src': None, 'aria_label': None, 'class': ['ad', 'top_push'], 'id': None, 'text': ''}, {'tag': 'div', 'src': None, 'aria_label': None, 'class': ['ad', 'cat_top'], 'id': None, 'text': ''}, {'tag': 'div', 'src': None, 'aria_label': None, 'class': ['ad', 'cat_foot'], 'id': None, 'text': ''}, {'tag': 'div', 'src': None, 'aria_label': None, 'class': ['ad', 'cat_side1'], 'id': None, 'text': ''}, {'tag': 'div', 'src': None, 'aria_label': None, 'class': ['ad', 'allcats_side_btwn_1_2'], 'id': None, 'text': ''}, {'tag': 'div', 'src': None, 'aria_label': None, 'class': ['ad', 'cat_side2'], 'id': None, 'text': ''}, {'tag': 'div', 'src': None, 'aria_label': None, 'class': ['ad', 'cat_side3'], 'id': None, 'text': ''}]",-8,1,49,0.04924623115577889,20,4,15,1,0,22,2,0.9487179487179487,0,0,1,1,0.04824120603015075,1,18,3,22.05263157894737,0,0,0,0,0,0,0,628,newsbook,article_pages
141,39,54,0,15,2,38,18,9163,1330,20,8,"[{'tag': 'div', 'src': None, 'aria_label': None, 'class': ['ad', 'top_push_alt'], 'id': None, 'text': ''}, {'tag': 'div', 'src': None, 'aria_label': None, 'class': ['ad', 'top_push'], 'id': None, 'text': ''}, {'tag': 'div', 'src': None, 'aria_label': None, 'class': ['ad', 'cat_top'], 'id': None, 'text': ''}, {'tag': 'div', 'src': None, 'aria_label': None, 'class': ['ad', 'cat_foot'], 'id': None, 'text': ''}, {'tag': 'div', 'src': None, 'aria_label': None, 'class': ['ad', 'cat_side1'], 'id': None, 'text': ''}, {'tag': 'div', 'src': None, 'aria_label': None, 'class': ['ad', 'allcats_side_btwn_1_2'], 'id': None, 'text': ''}, {'tag': 'div', 'src': None, 'aria_label': None, 'class': ['ad', 'cat_side2'], 'id': None, 'text': ''}, {'tag': 'div', 'src': None, 'aria_label': None, 'class': ['ad', 'cat_side3'], 'id': None, 'text': ''}]",-8,1,49,0.04924623115577889,20,4,15,1,0,22,2,0.9487179487179487,0,0,1,1,0.04824120603015075,1,18,3,22.05263157894737,8,4,78,11,0,61,0,629,newsbook,article_pages
141,39,54,0,15,2,38,18,9163,1330,20,8,"[{'tag': 'div', 'src': None, 'aria_label': None, 'class': ['ad', 'top_push_alt'], 'id': None, 'text': ''}, {'tag': 'div', 'src': None, 'aria_label': None, 'class': ['ad', 'top_push'], 'id': None, 'text': ''}, {'tag': 'div', 'src': None, 'aria_label': None, 'class': ['ad', 'cat_top'], 'id': None, 'text': ''}, {'tag': 'div', 'src': None, 'aria_label': None, 'class': ['ad', 'cat_foot'], 'id': None, 'text': ''}, {'tag': 'div', 'src': None, 'aria_label': None, 'class': ['ad', 'cat_side1'], 'id': None, 'text': ''}, {'tag': 'div', 'src': None, 'aria_label': None, 'class': ['ad', 'allcats_side_btwn_1_2'], 'id': None, 'text': ''}, {'tag': 'div', 'src': None, 'aria_label': None, 'class': ['ad', 'cat_side2'], 'id': None, 'text': ''}, {'tag': 'div', 'src': None, 'aria_label': None, 'class': ['ad', 'cat_side3'], 'id': None, 'text': ''}]",-8,1,49,0.04924623115577889,20,4,15,1,0,22,2,0.9487179487179487,0,0,1,1,0.04824120603015075,1,18,3,22.05263157894737,8,4,78,11,0,61,0,630,newsbook,article_pages
141,39,54,0,15,2,38,18,9163,1330,20,8,"[{'tag': 'div', 'src': None, 'aria_label': None, 'class': ['ad', 'top_push_alt'], 'id': None, 'text': ''}, {'tag': 'div', 'src': None, 'aria_label': None, 'class': ['ad', 'top_push'], 'id': None, 'text': ''}, {'tag': 'div', 'src': None, 'aria_label': None, 'class': ['ad', 'cat_top'], 'id': None, 'text': ''}, {'tag': 'div', 'src': None, 'aria_label': None, 'class': ['ad', 'cat_foot'], 'id': None, 'text': ''}, {'tag': 'div', 'src': None, 'aria_label': None, 'class': ['ad', 'cat_side1'], 'id': None, 'text': ''}, {'tag': 'div', 'src': None, 'aria_label': None, 'class': ['ad', 'allcats_side_btwn_1_2'], 'id': None, 'text': ''}, {'tag': 'div', 'src': None, 'aria_label': None, 'class': ['ad', 'cat_side2'], 'id': None, 'text': ''}, {'tag': 'div', 'src': None, 'aria_label': None, 'class': ['ad', 'cat_side3'], 'id': None, 'text': ''}]",-8,1,49,0.04924623115577889,20,4,15,1,0,22,2,0.9487179487179487,0,0,1,1,0.04824120603015075,1,18,3,22.05263157894737,8,4,78,11,0,61,0,631,newsbook,article_pages
141,39,54,0,15,2,38,18,9163,1330,20,8,"[{'tag': 'div', 'src': None, 'aria_label': None, 'class': ['ad', 'top_push_alt'], 'id': None, 'text': ''}, {'tag': 'div', 'src': None, 'aria_label': None, 'class': ['ad', 'top_push'], 'id': None, 'text': ''}, {'tag': 'div', 'src': None, 'aria_label': None, 'class': ['ad', 'cat_top'], 'id': None, 'text': ''}, {'tag': 'div', 'src': None, 'aria_label': None, 'class': ['ad', 'cat_foot'], 'id': None, 'text': ''}, {'tag': 'div', 'src': None, 'aria_label': None, 'class': ['ad', 'cat_side1'], 'id': None, 'text': ''}, {'tag': 'div', 'src': None, 'aria_label': None, 'class': ['ad', 'allcats_side_btwn_1_2'], 'id': None, 'text': ''}, {'tag': 'div', 'src': None, 'aria_label': None, 'class': ['ad', 'cat_side2'], 'id': None, 'text': ''}, {'tag': 'div', 'src': None, 'aria_label': None, 'class': ['ad', 'cat_side3'], 'id': None, 'text': ''}]",-8,1,49,0.04924623115577889,20,4,15,1,0,22,2,0.9487179487179487,0,0,1,1,0.04824120603015075,1,18,3,22.05263157894737,0,0,0,0,0,0,0,632,newsbook,article_pages
141,39,54,0,15,2,38,18,9163,1330,20,8,"[{'tag': 'div', 'src': None, 'aria_label': None, 'class': ['ad', 'top_push_alt'], 'id': None, 'text': ''}, {'tag': 'div', 'src': None, 'aria_label': None, 'class': ['ad', 'top_push'], 'id': None, 'text': ''}, {'tag': 'div', 'src': None, 'aria_label': None, 'class': ['ad', 'cat_top'], 'id': None, 'text': ''}, {'tag': 'div', 'src': None, 'aria_label': None, 'class': ['ad', 'cat_foot'], 'id': None, 'text': ''}, {'tag': 'div', 'src': None, 'aria_label': None, 'class': ['ad', 'cat_side1'], 'id': None, 'text': ''}, {'tag': 'div', 'src': None, 'aria_label': None, 'class': ['ad', 'allcats_side_btwn_1_2'], 'id': None, 'text': ''}, {'tag': 'div', 'src': None, 'aria_label': None, 'class': ['ad', 'cat_side2'], 'id': None, 'text': ''}, {'tag': 'div', 'src': None, 'aria_label': None, 'class': ['ad', 'cat_side3'], 'id': None, 'text': ''}]",-8,1,49,0.04924623115577889,20,4,15,1,0,22,2,0.9487179487179487,0,0,1,1,0.04824120603015075,1,18,3,22.05263157894737,8,4,78,11,0,61,0,633,newsbook,article_pages
141,39,54,0,15,2,38,18,9163,1330,20,8,"[{'tag': 'div', 'src': None, 'aria_label': None, 'class': ['ad', 'top_push_alt'], 'id': None, 'text': ''}, {'tag': 'div', 'src': None, 'aria_label': None, 'class': ['ad', 'top_push'], 'id': None, 'text': ''}, {'tag': 'div', 'src': None, 'aria_label': None, 'class': ['ad', 'cat_top'], 'id': None, 'text': ''}, {'tag': 'div', 'src': None, 'aria_label': None, 'class': ['ad', 'cat_foot'], 'id': None, 'text': ''}, {'tag': 'div', 'src': None, 'aria_label': None, 'class': ['ad', 'cat_side1'], 'id': None, 'text': ''}, {'tag': 'div', 'src': None, 'aria_label': None, 'class': ['ad', 'allcats_side_btwn_1_2'], 'id': None, 'text': ''}, {'tag': 'div', 'src': None, 'aria_label': None, 'class': ['ad', 'cat_side2'], 'id': None, 'text': ''}, {'tag': 'div', 'src': None, 'aria_label': None, 'class': ['ad', 'cat_side3'], 'id': None, 'text': ''}]",-8,1,49,0.04924623115577889,20,4,15,1,0,22,2,0.9487179487179487,0,0,1,1,0.04824120603015075,1,18,3,22.05263157894737,0,0,0,0,0,0,0,634,newsbook,article_pages
141,39,54,0,15,2,38,18,9163,1330,20,8,"[{'tag': 'div', 'src': None, 'aria_label': None, 'class': ['ad', 'top_push_alt'], 'id': None, 'text': ''}, {'tag': 'div', 'src': None, 'aria_label': None, 'class': ['ad', 'top_push'], 'id': None, 'text': ''}, {'tag': 'div', 'src': None, 'aria_label': None, 'class': ['ad', 'cat_top'], 'id': None, 'text': ''}, {'tag': 'div', 'src': None, 'aria_label': None, 'class': ['ad', 'cat_foot'], 'id': None, 'text': ''}, {'tag': 'div', 'src': None, 'aria_label': None, 'class': ['ad', 'cat_side1'], 'id': None, 'text': ''}, {'tag': 'div', 'src': None, 'aria_label': None, 'class': ['ad', 'allcats_side_btwn_1_2'], 'id': None, 'text': ''}, {'tag': 'div', 'src': None, 'aria_label': None, 'class': ['ad', 'cat_side2'], 'id': None, 'text': ''}, {'tag': 'div', 'src': None, 'aria_label': None, 'class': ['ad', 'cat_side3'], 'id': None, 'text': ''}]",-8,1,49,0.04924623115577889,20,4,15,1,0,22,2,0.9487179487179487,0,0,1,1,0.04824120603015075,1,18,3,22.05263157894737,8,4,78,11,0,61,0,635,newsbook,article_pages
141,39,54,0,15,2,38,18,9163,1330,20,8,"[{'tag': 'div', 'src': None, 'aria_label': None, 'class': ['ad', 'top_push_alt'], 'id': None, 'text': ''}, {'tag': 'div', 'src': None, 'aria_label': None, 'class': ['ad', 'top_push'], 'id': None, 'text': ''}, {'tag': 'div', 'src': None, 'aria_label': None, 'class': ['ad', 'cat_top'], 'id': None, 'text': ''}, {'tag': 'div', 'src': None, 'aria_label': None, 'class': ['ad', 'cat_foot'], 'id': None, 'text': ''}, {'tag': 'div', 'src': None, 'aria_label': None, 'class': ['ad', 'cat_side1'], 'id': None, 'text': ''}, {'tag': 'div', 'src': None, 'aria_label': None, 'class': ['ad', 'allcats_side_btwn_1_2'], 'id': None, 'text': ''}, {'tag': 'div', 'src': None, 'aria_label': None, 'class': ['ad', 'cat_side2'], 'id': None, 'text': ''}, {'tag': 'div', 'src': None, 'aria_label': None, 'class': ['ad', 'cat_side3'], 'id': None, 'text': ''}]",-8,1,49,0.04924623115577889,20,4,15,1,0,22,2,0.9487179487179487,0,0,1,1,0.04824120603015075,1,18,3,22.05263157894737,8,4,78,11,0,61,0,636,newsbook,article_pages
141,39,54,0,15,2,38,18,9163,1330,20,8,"[{'tag': 'div', 'src': None, 'aria_label': None, 'class': ['ad', 'top_push_alt'], 'id': None, 'text': ''}, {'tag': 'div', 'src': None, 'aria_label': None, 'class': ['ad', 'top_push'], 'id': None, 'text': ''}, {'tag': 'div', 'src': None, 'aria_label': None, 'class': ['ad', 'cat_top'], 'id': None, 'text': ''}, {'tag': 'div', 'src': None, 'aria_label': None, 'class': ['ad', 'cat_foot'], 'id': None, 'text': ''}, {'tag': 'div', 'src': None, 'aria_label': None, 'class': ['ad', 'cat_side1'], 'id': None, 'text': ''}, {'tag': 'div', 'src': None, 'aria_label': None, 'class': ['ad', 'allcats_side_btwn_1_2'], 'id': None, 'text': ''}, {'tag': 'div', 'src': None, 'aria_label': None, 'class': ['ad', 'cat_side2'], 'id': None, 'text': ''}, {'tag': 'div', 'src': None, 'aria_label': None, 'class': ['ad', 'cat_side3'], 'id': None, 'text': ''}]",-8,1,49,0.04924623115577889,20,4,15,1,0,22,2,0.9487179487179487,0,0,1,1,0.04824120603015075,1,18,3,22.05263157894737,8,4,78,11,0,61,0,637,newsbook,article_pages
127,34,54,0,15,2,27,14,7209,1014,20,8,"[{'tag': 'div', 'src': None, 'aria_label': None, 'class': ['ad', 'top_push_alt'], 'id': None, 'text': ''}, {'tag': 'div', 'src': None, 'aria_label': None, 'class': ['ad', 'top_push'], 'id': None, 'text': ''}, {'tag': 'div', 'src': None, 'aria_label': None, 'class': ['ad', 'cat_top'], 'id': None, 'text': ''}, {'tag': 'div', 'src': None, 'aria_label': None, 'class': ['ad', 'cat_foot'], 'id': None, 'text': ''}, {'tag': 'div', 'src': None, 'aria_label': None, 'class': ['ad', 'cat_side1'], 'id': None, 'text': ''}, {'tag': 'div', 'src': None, 'aria_label': None, 'class': ['ad', 'allcats_side_btwn_1_2'], 'id': None, 'text': ''}, {'tag': 'div', 'src': None, 'aria_label': None, 'class': ['ad', 'cat_side2'], 'id': None, 'text': ''}, {'tag': 'div', 'src': None, 'aria_label': None, 'class': ['ad', 'cat_side3'], 'id': None, 'text': ''}]",-8,1,49,0.05223880597014925,20,4,15,1,0,22,2,0.9411764705882353,1,0,1,1,0.0511727078891258,1,18,3,21.333333333333332,0,0,0,0,0,0,0,638,newsbook,article_pages
127,34,54,0,15,2,27,14,7209,1014,20,8,"[{'tag': 'div', 'src': None, 'aria_label': None, 'class': ['ad', 'top_push_alt'], 'id': None, 'text': ''}, {'tag': 'div', 'src': None, 'aria_label': None, 'class': ['ad', 'top_push'], 'id': None, 'text': ''}, {'tag': 'div', 'src': None, 'aria_label': None, 'class': ['ad', 'cat_top'], 'id': None, 'text': ''}, {'tag': 'div', 'src': None, 'aria_label': None, 'class': ['ad', 'cat_foot'], 'id': None, 'text': ''}, {'tag': 'div', 'src': None, 'aria_label': None, 'class': ['ad', 'cat_side1'], 'id': None, 'text': ''}, {'tag': 'div', 'src': None, 'aria_label': None, 'class': ['ad', 'allcats_side_btwn_1_2'], 'id': None, 'text': ''}, {'tag': 'div', 'src': None, 'aria_label': None, 'class': ['ad', 'cat_side2'], 'id': None, 'text': ''}, {'tag': 'div', 'src': None, 'aria_label': None, 'class': ['ad', 'cat_side3'], 'id': None, 'text': ''}]",-8,1,49,0.05223880597014925,20,4,15,1,0,22,2,0.9411764705882353,1,0,1,1,0.0511727078891258,1,18,3,21.333333333333332,9,4,69,12,0,52,1,639,newsbook,article_pages
127,34,54,0,15,2,27,14,7209,1014,20,8,"[{'tag': 'div', 'src': None, 'aria_label': None, 'class': ['ad', 'top_push_alt'], 'id': None, 'text': ''}, {'tag': 'div', 'src': None, 'aria_label': None, 'class': ['ad', 'top_push'], 'id': None, 'text': ''}, {'tag': 'div', 'src': None, 'aria_label': None, 'class': ['ad', 'cat_top'], 'id': None, 'text': ''}, {'tag': 'div', 'src': None, 'aria_label': None, 'class': ['ad', 'cat_foot'], 'id': None, 'text': ''}, {'tag': 'div', 'src': None, 'aria_label': None, 'class': ['ad', 'cat_side1'], 'id': None, 'text': ''}, {'tag': 'div', 'src': None, 'aria_label': None, 'class': ['ad', 'allcats_side_btwn_1_2'], 'id': None, 'text': ''}, {'tag': 'div', 'src': None, 'aria_label': None, 'class': ['ad', 'cat_side2'], 'id': None, 'text': ''}, {'tag': 'div', 'src': None, 'aria_label': None, 'class': ['ad', 'cat_side3'], 'id': None, 'text': ''}]",-8,1,49,0.05223880597014925,20,4,15,1,0,22,2,0.9411764705882353,1,0,1,1,0.0511727078891258,1,18,3,21.333333333333332,9,4,69,12,0,52,1,640,newsbook,article_pages
127,34,54,0,15,2,27,14,7209,1014,20,8,"[{'tag': 'div', 'src': None, 'aria_label': None, 'class': ['ad', 'top_push_alt'], 'id': None, 'text': ''}, {'tag': 'div', 'src': None, 'aria_label': None, 'class': ['ad', 'top_push'], 'id': None, 'text': ''}, {'tag': 'div', 'src': None, 'aria_label': None, 'class': ['ad', 'cat_top'], 'id': None, 'text': ''}, {'tag': 'div', 'src': None, 'aria_label': None, 'class': ['ad', 'cat_foot'], 'id': None, 'text': ''}, {'tag': 'div', 'src': None, 'aria_label': None, 'class': ['ad', 'cat_side1'], 'id': None, 'text': ''}, {'tag': 'div', 'src': None, 'aria_label': None, 'class': ['ad', 'allcats_side_btwn_1_2'], 'id': None, 'text': ''}, {'tag': 'div', 'src': None, 'aria_label': None, 'class': ['ad', 'cat_side2'], 'id': None, 'text': ''}, {'tag': 'div', 'src': None, 'aria_label': None, 'class': ['ad', 'cat_side3'], 'id': None, 'text': ''}]",-8,1,49,0.05223880597014925,20,4,15,1,0,22,2,0.9411764705882353,1,0,1,1,0.0511727078891258,1,18,3,21.333333333333332,0,0,0,0,0,0,0,641,newsbook,article_pages
127,34,54,0,15,2,27,14,7209,1014,20,8,"[{'tag': 'div', 'src': None, 'aria_label': None, 'class': ['ad', 'top_push_alt'], 'id': None, 'text': ''}, {'tag': 'div', 'src': None, 'aria_label': None, 'class': ['ad', 'top_push'], 'id': None, 'text': ''}, {'tag': 'div', 'src': None, 'aria_label': None, 'class': ['ad', 'cat_top'], 'id': None, 'text': ''}, {'tag': 'div', 'src': None, 'aria_label': None, 'class': ['ad', 'cat_foot'], 'id': None, 'text': ''}, {'tag': 'div', 'src': None, 'aria_label': None, 'class': ['ad', 'cat_side1'], 'id': None, 'text': ''}, {'tag': 'div', 'src': None, 'aria_label': None, 'class': ['ad', 'allcats_side_btwn_1_2'], 'id': None, 'text': ''}, {'tag': 'div', 'src': None, 'aria_label': None, 'class': ['ad', 'cat_side2'], 'id': None, 'text': ''}, {'tag': 'div', 'src': None, 'aria_label': None, 'class': ['ad', 'cat_side3'], 'id': None, 'text': ''}]",-8,1,49,0.05223880597014925,20,4,15,1,0,22,2,0.9411764705882353,1,0,1,1,0.0511727078891258,1,18,3,21.333333333333332,9,4,69,12,0,52,1,642,newsbook,article_pages
127,34,54,0,15,2,27,14,7209,1014,20,8,"[{'tag': 'div', 'src': None, 'aria_label': None, 'class': ['ad', 'top_push_alt'], 'id': None, 'text': ''}, {'tag': 'div', 'src': None, 'aria_label': None, 'class': ['ad', 'top_push'], 'id': None, 'text': ''}, {'tag': 'div', 'src': None, 'aria_label': None, 'class': ['ad', 'cat_top'], 'id': None, 'text': ''}, {'tag': 'div', 'src': None, 'aria_label': None, 'class': ['ad', 'cat_foot'], 'id': None, 'text': ''}, {'tag': 'div', 'src': None, 'aria_label': None, 'class': ['ad', 'cat_side1'], 'id': None, 'text': ''}, {'tag': 'div', 'src': None, 'aria_label': None, 'class': ['ad', 'allcats_side_btwn_1_2'], 'id': None, 'text': ''}, {'tag': 'div', 'src': None, 'aria_label': None, 'class': ['ad', 'cat_side2'], 'id': None, 'text': ''}, {'tag': 'div', 'src': None, 'aria_label': None, 'class': ['ad', 'cat_side3'], 'id': None, 'text': ''}]",-8,1,49,0.05223880597014925,20,4,15,1,0,22,2,0.9411764705882353,1,0,1,1,0.0511727078891258,1,18,3,21.333333333333332,9,4,69,12,0,52,1,643,newsbook,article_pages
127,34,54,0,15,2,27,14,7209,1014,20,8,"[{'tag': 'div', 'src': None, 'aria_label': None, 'class': ['ad', 'top_push_alt'], 'id': None, 'text': ''}, {'tag': 'div', 'src': None, 'aria_label': None, 'class': ['ad', 'top_push'], 'id': None, 'text': ''}, {'tag': 'div', 'src': None, 'aria_label': None, 'class': ['ad', 'cat_top'], 'id': None, 'text': ''}, {'tag': 'div', 'src': None, 'aria_label': None, 'class': ['ad', 'cat_foot'], 'id': None, 'text': ''}, {'tag': 'div', 'src': None, 'aria_label': None, 'class': ['ad', 'cat_side1'], 'id': None, 'text': ''}, {'tag': 'div', 'src': None, 'aria_label': None, 'class': ['ad', 'allcats_side_btwn_1_2'], 'id': None, 'text': ''}, {'tag': 'div', 'src': None, 'aria_label': None, 'class': ['ad', 'cat_side2'], 'id': None, 'text': ''}, {'tag': 'div', 'src': None, 'aria_label': None, 'class': ['ad', 'cat_side3'], 'id': None, 'text': ''}]",-8,1,49,0.05223880597014925,20,4,15,1,0,22,2,0.9411764705882353,1,0,1,1,0.0511727078891258,1,18,3,21.333333333333332,9,4,69,12,0,52,1,644,newsbook,article_pages
88,55,67,11,9,6,30,44,7322,1173,16,1,"[{'tag': 'iframe', 'src': 'https://19c7a0b6e74e380fdf5d562fe9e8275f.safeframe.googlesyndication.com/safeframe/1-0-45/html/container.html', 'aria_label': 'Advertisement', 'class': None, 'id': 'google_ads_iframe_/162717810,22769416952/theshiftnews.com/interstitial_0', 'text': ''}]",10,1,26,0.02531645569620253,3,3,4,2,0,75,0,1.0,6,0,1,1,0.027263875365141188,4,1,4,18.346153846153847,0,0,0,0,0,0,0,645,the_shift,home_page
88,55,67,11,9,6,30,44,7322,1173,16,1,"[{'tag': 'iframe', 'src': 'https://19c7a0b6e74e380fdf5d562fe9e8275f.safeframe.googlesyndication.com/safeframe/1-0-45/html/container.html', 'aria_label': 'Advertisement', 'class': None, 'id': 'google_ads_iframe_/162717810,22769416952/theshiftnews.com/interstitial_0', 'text': ''}]",10,1,26,0.02531645569620253,3,3,4,2,0,75,0,1.0,6,0,1,1,0.027263875365141188,4,1,4,18.346153846153847,0,0,0,0,0,0,0,646,the_shift,home_page
88,55,67,11,9,6,30,44,7322,1173,16,1,"[{'tag': 'iframe', 'src': 'https://19c7a0b6e74e380fdf5d562fe9e8275f.safeframe.googlesyndication.com/safeframe/1-0-45/html/container.html', 'aria_label': 'Advertisement', 'class': None, 'id': 'google_ads_iframe_/162717810,22769416952/theshiftnews.com/interstitial_0', 'text': ''}]",10,1,26,0.02531645569620253,3,3,4,2,0,75,0,1.0,6,0,1,1,0.027263875365141188,4,1,4,18.346153846153847,0,0,0,0,0,0,0,647,the_shift,home_page
88,55,67,11,9,6,30,44,7322,1173,16,1,"[{'tag': 'iframe', 'src': 'https://19c7a0b6e74e380fdf5d562fe9e8275f.safeframe.googlesyndication.com/safeframe/1-0-45/html/container.html', 'aria_label': 'Advertisement', 'class': None, 'id': 'google_ads_iframe_/162717810,22769416952/theshiftnews.com/interstitial_0', 'text': ''}]",10,1,26,0.02531645569620253,3,3,4,2,0,75,0,1.0,6,0,1,1,0.027263875365141188,4,1,4,18.346153846153847,8,3,1,18,2,0,6,648,the_shift,home_page
88,55,67,11,9,6,30,44,7322,1173,16,1,"[{'tag': 'iframe', 'src': 'https://19c7a0b6e74e380fdf5d562fe9e8275f.safeframe.googlesyndication.com/safeframe/1-0-45/html/container.html', 'aria_label': 'Advertisement', 'class': None, 'id': 'google_ads_iframe_/162717810,22769416952/theshiftnews.com/interstitial_0', 'text': ''}]",10,1,26,0.02531645569620253,3,3,4,2,0,75,0,1.0,6,0,1,1,0.027263875365141188,4,1,4,18.346153846153847,0,0,0,0,0,0,0,649,the_shift,home_page
88,55,67,11,9,6,30,44,7322,1173,16,1,"[{'tag': 'iframe', 'src': 'https://19c7a0b6e74e380fdf5d562fe9e8275f.safeframe.googlesyndication.com/safeframe/1-0-45/html/container.html', 'aria_label': 'Advertisement', 'class': None, 'id': 'google_ads_iframe_/162717810,22769416952/theshiftnews.com/interstitial_0', 'text': ''}]",10,1,26,0.02531645569620253,3,3,4,2,0,75,0,1.0,6,0,1,1,0.027263875365141188,4,1,4,18.346153846153847,0,0,0,0,0,0,0,650,the_shift,home_page
88,55,67,11,9,6,30,44,7322,1173,16,1,"[{'tag': 'iframe', 'src': 'https://19c7a0b6e74e380fdf5d562fe9e8275f.safeframe.googlesyndication.com/safeframe/1-0-45/html/container.html', 'aria_label': 'Advertisement', 'class': None, 'id': 'google_ads_iframe_/162717810,22769416952/theshiftnews.com/interstitial_0', 'text': ''}]",10,1,26,0.02531645569620253,3,3,4,2,0,75,0,1.0,6,0,1,1,0.027263875365141188,4,1,4,18.346153846153847,8,3,1,18,2,0,6,651,the_shift,home_page
88,55,67,11,9,6,30,44,7322,1173,16,1,"[{'tag': 'iframe', 'src': 'https://19c7a0b6e74e380fdf5d562fe9e8275f.safeframe.googlesyndication.com/safeframe/1-0-45/html/container.html', 'aria_label': 'Advertisement', 'class': None, 'id': 'google_ads_iframe_/162717810,22769416952/theshiftnews.com/interstitial_0', 'text': ''}]",10,1,26,0.02531645569620253,3,3,4,2,0,75,0,1.0,6,0,1,1,0.027263875365141188,4,1,4,18.346153846153847,0,0,0,0,0,0,0,652,the_shift,home_page
88,55,67,11,9,6,30,44,7322,1173,16,1,"[{'tag': 'iframe', 'src': 'https://19c7a0b6e74e380fdf5d562fe9e8275f.safeframe.googlesyndication.com/safeframe/1-0-45/html/container.html', 'aria_label': 'Advertisement', 'class': None, 'id': 'google_ads_iframe_/162717810,22769416952/theshiftnews.com/interstitial_0', 'text': ''}]",10,1,26,0.02531645569620253,3,3,4,2,0,75,0,1.0,6,0,1,1,0.027263875365141188,4,1,4,18.346153846153847,8,3,1,18,2,0,6,653,the_shift,home_page
88,55,67,11,9,6,30,44,7322,1173,16,1,"[{'tag': 'iframe', 'src': 'https://19c7a0b6e74e380fdf5d562fe9e8275f.safeframe.googlesyndication.com/safeframe/1-0-45/html/container.html', 'aria_label': 'Advertisement', 'class': None, 'id': 'google_ads_iframe_/162717810,22769416952/theshiftnews.com/interstitial_0', 'text': ''}]",10,1,26,0.02531645569620253,3,3,4,2,0,75,0,1.0,6,0,1,1,0.027263875365141188,4,1,4,18.346153846153847,0,0,0,0,0,0,0,654,the_shift,home_page
88,55,67,11,9,6,30,44,7322,1173,16,1,"[{'tag': 'iframe', 'src': 'https://19c7a0b6e74e380fdf5d562fe9e8275f.safeframe.googlesyndication.com/safeframe/1-0-45/html/container.html', 'aria_label': 'Advertisement', 'class': None, 'id': 'google_ads_iframe_/162717810,22769416952/theshiftnews.com/interstitial_0', 'text': ''}]",10,1,26,0.02531645569620253,3,3,4,2,0,75,0,1.0,6,0,1,1,0.027263875365141188,4,1,4,18.346153846153847,0,0,0,0,0,0,0,655,the_shift,home_page
88,55,67,11,9,6,30,44,7322,1173,16,1,"[{'tag': 'iframe', 'src': 'https://19c7a0b6e74e380fdf5d562fe9e8275f.safeframe.googlesyndication.com/safeframe/1-0-45/html/container.html', 'aria_label': 'Advertisement', 'class': None, 'id': 'google_ads_iframe_/162717810,22769416952/theshiftnews.com/interstitial_0', 'text': ''}]",10,1,26,0.02531645569620253,3,3,4,2,0,75,0,1.0,6,0,1,1,0.027263875365141188,4,1,4,18.346153846153847,0,0,0,0,0,0,0,656,the_shift,home_page
88,55,67,11,9,6,30,44,7322,1173,16,1,"[{'tag': 'iframe', 'src': 'https://19c7a0b6e74e380fdf5d562fe9e8275f.safeframe.googlesyndication.com/safeframe/1-0-45/html/container.html', 'aria_label': 'Advertisement', 'class': None, 'id': 'google_ads_iframe_/162717810,22769416952/theshiftnews.com/interstitial_0', 'text': ''}]",10,1,26,0.02531645569620253,3,3,4,2,0,75,0,1.0,6,0,1,1,0.027263875365141188,4,1,4,18.346153846153847,8,3,1,18,2,0,6,657,the_shift,home_page
88,55,67,11,9,6,30,44,7322,1173,16,1,"[{'tag': 'iframe', 'src': 'https://19c7a0b6e74e380fdf5d562fe9e8275f.safeframe.googlesyndication.com/safeframe/1-0-45/html/container.html', 'aria_label': 'Advertisement', 'class': None, 'id': 'google_ads_iframe_/162717810,22769416952/theshiftnews.com/interstitial_0', 'text': ''}]",10,1,26,0.02531645569620253,3,3,4,2,0,75,0,1.0,6,0,1,1,0.027263875365141188,4,1,4,18.346153846153847,0,0,0,0,0,0,0,658,the_shift,home_page
88,55,67,11,9,6,30,44,7322,1173,16,1,"[{'tag': 'iframe', 'src': 'https://19c7a0b6e74e380fdf5d562fe9e8275f.safeframe.googlesyndication.com/safeframe/1-0-45/html/container.html', 'aria_label': 'Advertisement', 'class': None, 'id': 'google_ads_iframe_/162717810,22769416952/theshiftnews.com/interstitial_0', 'text': ''}]",10,1,26,0.02531645569620253,3,3,4,2,0,75,0,1.0,6,0,1,1,0.027263875365141188,4,1,4,18.346153846153847,0,0,0,0,0,0,0,659,the_shift,home_page
88,55,67,11,9,6,30,44,7322,1173,16,1,"[{'tag': 'iframe', 'src': 'https://19c7a0b6e74e380fdf5d562fe9e8275f.safeframe.googlesyndication.com/safeframe/1-0-45/html/container.html', 'aria_label': 'Advertisement', 'class': None, 'id': 'google_ads_iframe_/162717810,22769416952/theshiftnews.com/interstitial_0', 'text': ''}]",10,1,26,0.02531645569620253,3,3,4,2,0,75,0,1.0,6,0,1,1,0.027263875365141188,4,1,4,18.346153846153847,0,0,0,0,0,0,0,660,the_shift,home_page
88,55,67,11,9,6,30,44,7322,1173,16,1,"[{'tag': 'iframe', 'src': 'https://19c7a0b6e74e380fdf5d562fe9e8275f.safeframe.googlesyndication.com/safeframe/1-0-45/html/container.html', 'aria_label': 'Advertisement', 'class': None, 'id': 'google_ads_iframe_/162717810,22769416952/theshiftnews.com/interstitial_0', 'text': ''}]",10,1,26,0.02531645569620253,3,3,4,2,0,75,0,1.0,6,0,1,1,0.027263875365141188,4,1,4,18.346153846153847,0,0,0,0,0,0,0,661,the_shift,home_page
88,55,67,11,9,6,30,44,7322,1173,16,1,"[{'tag': 'iframe', 'src': 'https://19c7a0b6e74e380fdf5d562fe9e8275f.safeframe.googlesyndication.com/safeframe/1-0-45/html/container.html', 'aria_label': 'Advertisement', 'class': None, 'id': 'google_ads_iframe_/162717810,22769416952/theshiftnews.com/interstitial_0', 'text': ''}]",10,1,26,0.02531645569620253,3,3,4,2,0,75,0,1.0,6,0,1,1,0.027263875365141188,4,1,4,18.346153846153847,8,3,1,18,2,0,6,662,the_shift,home_page
88,55,67,11,9,6,30,44,7322,1173,16,1,"[{'tag': 'iframe', 'src': 'https://19c7a0b6e74e380fdf5d562fe9e8275f.safeframe.googlesyndication.com/safeframe/1-0-45/html/container.html', 'aria_label': 'Advertisement', 'class': None, 'id': 'google_ads_iframe_/162717810,22769416952/theshiftnews.com/interstitial_0', 'text': ''}]",10,1,26,0.02531645569620253,3,3,4,2,0,75,0,1.0,6,0,1,1,0.027263875365141188,4,1,4,18.346153846153847,8,3,1,18,2,0,6,663,the_shift,home_page
88,55,67,11,9,6,30,44,7322,1173,16,1,"[{'tag': 'iframe', 'src': 'https://19c7a0b6e74e380fdf5d562fe9e8275f.safeframe.googlesyndication.com/safeframe/1-0-45/html/container.html', 'aria_label': 'Advertisement', 'class': None, 'id': 'google_ads_iframe_/162717810,22769416952/theshiftnews.com/interstitial_0', 'text': ''}]",10,1,26,0.02531645569620253,3,3,4,2,0,75,0,1.0,6,0,1,1,0.027263875365141188,4,1,4,18.346153846153847,8,3,1,18,2,0,6,664,the_shift,home_page
88,55,67,11,9,6,30,44,7322,1173,16,1,"[{'tag': 'iframe', 'src': 'https://19c7a0b6e74e380fdf5d562fe9e8275f.safeframe.googlesyndication.com/safeframe/1-0-45/html/container.html', 'aria_label': 'Advertisement', 'class': None, 'id': 'google_ads_iframe_/162717810,22769416952/theshiftnews.com/interstitial_0', 'text': ''}]",10,1,26,0.02531645569620253,3,3,4,2,0,75,0,1.0,6,0,1,1,0.027263875365141188,4,1,4,18.346153846153847,8,3,1,18,2,0,6,665,the_shift,home_page
88,55,67,11,9,6,30,44,7322,1173,16,1,"[{'tag': 'iframe', 'src': 'https://19c7a0b6e74e380fdf5d562fe9e8275f.safeframe.googlesyndication.com/safeframe/1-0-45/html/container.html', 'aria_label': 'Advertisement', 'class': None, 'id': 'google_ads_iframe_/162717810,22769416952/theshiftnews.com/interstitial_0', 'text': ''}]",10,1,26,0.02531645569620253,3,3,4,2,0,75,0,1.0,6,0,1,1,0.027263875365141188,4,1,4,18.346153846153847,8,3,1,18,2,0,6,666,the_shift,home_page
181,62,36,10,1,2,33,34,6297,1014,14,2,"[{'tag': 'iframe', 'src': None, 'aria_label': 'Advertisement', 'class': None, 'id': 'google_ads_iframe_/162717810,22769416952/theshiftnews.com/header_0', 'text': ''}, {'tag': 'iframe', 'src': 'https://63e0f9fa73f9f7c634af9152bbd562a7.safeframe.googlesyndication.com/safeframe/1-0-45/html/container.html', 'aria_label': 'Advertisement', 'class': None, 'id': 'google_ads_iframe_/162717810,22769416952/theshiftnews.com/interstitial_0', 'text': ''}]",8,1,11,0.014120667522464698,6,0,3,0,0,31,29,0.532258064516129,2,0,1,1,0.08857509627727857,1,28,0,6.096774193548387,0,0,0,0,0,0,0,667,the_shift,news_listing
181,62,36,10,1,2,33,34,6297,1014,14,2,"[{'tag': 'iframe', 'src': None, 'aria_label': 'Advertisement', 'class': None, 'id': 'google_ads_iframe_/162717810,22769416952/theshiftnews.com/header_0', 'text': ''}, {'tag': 'iframe', 'src': 'https://63e0f9fa73f9f7c634af9152bbd562a7.safeframe.googlesyndication.com/safeframe/1-0-45/html/container.html', 'aria_label': 'Advertisement', 'class': None, 'id': 'google_ads_iframe_/162717810,22769416952/theshiftnews.com/interstitial_0', 'text': ''}]",8,1,11,0.014120667522464698,6,0,3,0,0,31,29,0.532258064516129,2,0,1,1,0.08857509627727857,1,28,0,6.096774193548387,0,0,0,0,0,0,0,668,the_shift,news_listing
181,62,36,10,1,2,33,34,6297,1014,14,2,"[{'tag': 'iframe', 'src': None, 'aria_label': 'Advertisement', 'class': None, 'id': 'google_ads_iframe_/162717810,22769416952/theshiftnews.com/header_0', 'text': ''}, {'tag': 'iframe', 'src': 'https://63e0f9fa73f9f7c634af9152bbd562a7.safeframe.googlesyndication.com/safeframe/1-0-45/html/container.html', 'aria_label': 'Advertisement', 'class': None, 'id': 'google_ads_iframe_/162717810,22769416952/theshiftnews.com/interstitial_0', 'text': ''}]",8,1,11,0.014120667522464698,6,0,3,0,0,31,29,0.532258064516129,2,0,1,1,0.08857509627727857,1,28,0,6.096774193548387,0,0,0,0,0,0,0,669,the_shift,news_listing
181,62,36,10,1,2,33,34,6297,1014,14,2,"[{'tag': 'iframe', 'src': None, 'aria_label': 'Advertisement', 'class': None, 'id': 'google_ads_iframe_/162717810,22769416952/theshiftnews.com/header_0', 'text': ''}, {'tag': 'iframe', 'src': 'https://63e0f9fa73f9f7c634af9152bbd562a7.safeframe.googlesyndication.com/safeframe/1-0-45/html/container.html', 'aria_label': 'Advertisement', 'class': None, 'id': 'google_ads_iframe_/162717810,22769416952/theshiftnews.com/interstitial_0', 'text': ''}]",8,1,11,0.014120667522464698,6,0,3,0,0,31,29,0.532258064516129,2,0,1,1,0.08857509627727857,1,28,0,6.096774193548387,0,0,0,0,0,0,0,670,the_shift,news_listing
181,62,36,10,1,2,33,34,6297,1014,14,2,"[{'tag': 'iframe', 'src': None, 'aria_label': 'Advertisement', 'class': None, 'id': 'google_ads_iframe_/162717810,22769416952/theshiftnews.com/header_0', 'text': ''}, {'tag': 'iframe', 'src': 'https://63e0f9fa73f9f7c634af9152bbd562a7.safeframe.googlesyndication.com/safeframe/1-0-45/html/container.html', 'aria_label': 'Advertisement', 'class': None, 'id': 'google_ads_iframe_/162717810,22769416952/theshiftnews.com/interstitial_0', 'text': ''}]",8,1,11,0.014120667522464698,6,0,3,0,0,31,29,0.532258064516129,2,0,1,1,0.08857509627727857,1,28,0,6.096774193548387,0,0,0,0,0,0,0,671,the_shift,news_listing
181,62,36,10,1,2,33,34,6297,1014,14,2,"[{'tag': 'iframe', 'src': None, 'aria_label': 'Advertisement', 'class': None, 'id': 'google_ads_iframe_/162717810,22769416952/theshiftnews.com/header_0', 'text': ''}, {'tag': 'iframe', 'src': 'https://63e0f9fa73f9f7c634af9152bbd562a7.safeframe.googlesyndication.com/safeframe/1-0-45/html/container.html', 'aria_label': 'Advertisement', 'class': None, 'id': 'google_ads_iframe_/162717810,22769416952/theshiftnews.com/interstitial_0', 'text': ''}]",8,1,11,0.014120667522464698,6,0,3,0,0,31,29,0.532258064516129,2,0,1,1,0.08857509627727857,1,28,0,6.096774193548387,0,0,0,0,0,0,0,672,the_shift,news_listing
181,62,36,10,1,2,33,34,6297,1014,14,2,"[{'tag': 'iframe', 'src': None, 'aria_label': 'Advertisement', 'class': None, 'id': 'google_ads_iframe_/162717810,22769416952/theshiftnews.com/header_0', 'text': ''}, {'tag': 'iframe', 'src': 'https://63e0f9fa73f9f7c634af9152bbd562a7.safeframe.googlesyndication.com/safeframe/1-0-45/html/container.html', 'aria_label': 'Advertisement', 'class': None, 'id': 'google_ads_iframe_/162717810,22769416952/theshiftnews.com/interstitial_0', 'text': ''}]",8,1,11,0.014120667522464698,6,0,3,0,0,31,29,0.532258064516129,2,0,1,1,0.08857509627727857,1,28,0,6.096774193548387,0,0,0,0,0,0,0,673,the_shift,news_listing
181,62,36,10,1,2,33,34,6297,1014,14,2,"[{'tag': 'iframe', 'src': None, 'aria_label': 'Advertisement', 'class': None, 'id': 'google_ads_iframe_/162717810,22769416952/theshiftnews.com/header_0', 'text': ''}, {'tag': 'iframe', 'src': 'https://63e0f9fa73f9f7c634af9152bbd562a7.safeframe.googlesyndication.com/safeframe/1-0-45/html/container.html', 'aria_label': 'Advertisement', 'class': None, 'id': 'google_ads_iframe_/162717810,22769416952/theshiftnews.com/interstitial_0', 'text': ''}]",8,1,11,0.014120667522464698,6,0,3,0,0,31,29,0.532258064516129,2,0,1,1,0.08857509627727857,1,28,0,6.096774193548387,0,0,0,0,0,0,0,674,the_shift,news_listing
195,63,36,10,1,2,33,34,6411,1004,14,2,"[{'tag': 'iframe', 'src': 'https://7d33063009b60dc492c64acc7c11aa6d.safeframe.googlesyndication.com/safeframe/1-0-45/html/container.html', 'aria_label': 'Advertisement', 'class': None, 'id': 'google_ads_iframe_/162717810,22769416952/theshiftnews.com/header_0', 'text': ''}, {'tag': 'iframe', 'src': 'https://7d33063009b60dc492c64acc7c11aa6d.safeframe.googlesyndication.com/safeframe/1-0-45/html/container.html', 'aria_label': 'Advertisement', 'class': None, 'id': 'google_ads_iframe_/162717810,22769416952/theshiftnews.com/interstitial_0', 'text': ''}]",8,1,11,0.013784461152882205,6,0,3,0,0,31,30,0.5238095238095238,2,0,1,1,0.08646616541353383,1,28,0,6.193548387096774,0,0,0,0,0,0,0,675,the_shift,news_listing
195,63,36,10,1,2,33,34,6411,1004,14,2,"[{'tag': 'iframe', 'src': 'https://7d33063009b60dc492c64acc7c11aa6d.safeframe.googlesyndication.com/safeframe/1-0-45/html/container.html', 'aria_label': 'Advertisement', 'class': None, 'id': 'google_ads_iframe_/162717810,22769416952/theshiftnews.com/header_0', 'text': ''}, {'tag': 'iframe', 'src': 'https://7d33063009b60dc492c64acc7c11aa6d.safeframe.googlesyndication.com/safeframe/1-0-45/html/container.html', 'aria_label': 'Advertisement', 'class': None, 'id': 'google_ads_iframe_/162717810,22769416952/theshiftnews.com/interstitial_0', 'text': ''}]",8,1,11,0.013784461152882205,6,0,3,0,0,31,30,0.5238095238095238,2,0,1,1,0.08646616541353383,1,28,0,6.193548387096774,0,0,0,0,0,0,0,676,the_shift,news_listing
195,63,36,10,1,2,33,34,6411,1004,14,2,"[{'tag': 'iframe', 'src': 'https://7d33063009b60dc492c64acc7c11aa6d.safeframe.googlesyndication.com/safeframe/1-0-45/html/container.html', 'aria_label': 'Advertisement', 'class': None, 'id': 'google_ads_iframe_/162717810,22769416952/theshiftnews.com/header_0', 'text': ''}, {'tag': 'iframe', 'src': 'https://7d33063009b60dc492c64acc7c11aa6d.safeframe.googlesyndication.com/safeframe/1-0-45/html/container.html', 'aria_label': 'Advertisement', 'class': None, 'id': 'google_ads_iframe_/162717810,22769416952/theshiftnews.com/interstitial_0', 'text': ''}]",8,1,11,0.013784461152882205,6,0,3,0,0,31,30,0.5238095238095238,2,0,1,1,0.08646616541353383,1,28,0,6.193548387096774,0,0,0,0,0,0,0,677,the_shift,news_listing
195,63,36,10,1,2,33,34,6411,1004,14,2,"[{'tag': 'iframe', 'src': 'https://7d33063009b60dc492c64acc7c11aa6d.safeframe.googlesyndication.com/safeframe/1-0-45/html/container.html', 'aria_label': 'Advertisement', 'class': None, 'id': 'google_ads_iframe_/162717810,22769416952/theshiftnews.com/header_0', 'text': ''}, {'tag': 'iframe', 'src': 'https://7d33063009b60dc492c64acc7c11aa6d.safeframe.googlesyndication.com/safeframe/1-0-45/html/container.html', 'aria_label': 'Advertisement', 'class': None, 'id': 'google_ads_iframe_/162717810,22769416952/theshiftnews.com/interstitial_0', 'text': ''}]",8,1,11,0.013784461152882205,6,0,3,0,0,31,30,0.5238095238095238,2,0,1,1,0.08646616541353383,1,28,0,6.193548387096774,0,0,0,0,0,0,0,678,the_shift,news_listing
195,63,36,10,1,2,33,34,6411,1004,14,2,"[{'tag': 'iframe', 'src': 'https://7d33063009b60dc492c64acc7c11aa6d.safeframe.googlesyndication.com/safeframe/1-0-45/html/container.html', 'aria_label': 'Advertisement', 'class': None, 'id': 'google_ads_iframe_/162717810,22769416952/theshiftnews.com/header_0', 'text': ''}, {'tag': 'iframe', 'src': 'https://7d33063009b60dc492c64acc7c11aa6d.safeframe.googlesyndication.com/safeframe/1-0-45/html/container.html', 'aria_label': 'Advertisement', 'class': None, 'id': 'google_ads_iframe_/162717810,22769416952/theshiftnews.com/interstitial_0', 'text': ''}]",8,1,11,0.013784461152882205,6,0,3,0,0,31,30,0.5238095238095238,2,0,1,1,0.08646616541353383,1,28,0,6.193548387096774,0,0,0,0,0,0,0,679,the_shift,news_listing
195,63,36,10,1,2,33,34,6411,1004,14,2,"[{'tag': 'iframe', 'src': 'https://7d33063009b60dc492c64acc7c11aa6d.safeframe.googlesyndication.com/safeframe/1-0-45/html/container.html', 'aria_label': 'Advertisement', 'class': None, 'id': 'google_ads_iframe_/162717810,22769416952/theshiftnews.com/header_0', 'text': ''}, {'tag': 'iframe', 'src': 'https://7d33063009b60dc492c64acc7c11aa6d.safeframe.googlesyndication.com/safeframe/1-0-45/html/container.html', 'aria_label': 'Advertisement', 'class': None, 'id': 'google_ads_iframe_/162717810,22769416952/theshiftnews.com/interstitial_0', 'text': ''}]",8,1,11,0.013784461152882205,6,0,3,0,0,31,30,0.5238095238095238,2,0,1,1,0.08646616541353383,1,28,0,6.193548387096774,0,0,0,0,0,0,0,680,the_shift,news_listing
195,63,36,10,1,2,33,34,6411,1004,14,2,"[{'tag': 'iframe', 'src': 'https://7d33063009b60dc492c64acc7c11aa6d.safeframe.googlesyndication.com/safeframe/1-0-45/html/container.html', 'aria_label': 'Advertisement', 'class': None, 'id': 'google_ads_iframe_/162717810,22769416952/theshiftnews.com/header_0', 'text': ''}, {'tag': 'iframe', 'src': 'https://7d33063009b60dc492c64acc7c11aa6d.safeframe.googlesyndication.com/safeframe/1-0-45/html/container.html', 'aria_label': 'Advertisement', 'class': None, 'id': 'google_ads_iframe_/162717810,22769416952/theshiftnews.com/interstitial_0', 'text': ''}]",8,1,11,0.013784461152882205,6,0,3,0,0,31,30,0.5238095238095238,2,0,1,1,0.08646616541353383,1,28,0,6.193548387096774,0,0,0,0,0,0,0,681,the_shift,news_listing
200,63,36,10,1,2,33,34,6612,1029,14,2,"[{'tag': 'iframe', 'src': None, 'aria_label': 'Advertisement', 'class': None, 'id': 'google_ads_iframe_/162717810,22769416952/theshiftnews.com/header_0', 'text': ''}, {'tag': 'iframe', 'src': 'https://c60b0bb264f76d9fbc25c63506fccef8.safeframe.googlesyndication.com/safeframe/1-0-45/html/container.html', 'aria_label': 'Advertisement', 'class': None, 'id': 'google_ads_iframe_/162717810,22769416952/theshiftnews.com/interstitial_0', 'text': ''}]",8,1,11,0.013681592039800995,6,0,3,0,0,31,30,0.5238095238095238,2,0,1,1,0.08582089552238806,1,28,0,6.129032258064516,0,0,0,0,0,0,0,682,the_shift,news_listing
200,63,36,10,1,2,33,34,6612,1029,14,2,"[{'tag': 'iframe', 'src': None, 'aria_label': 'Advertisement', 'class': None, 'id': 'google_ads_iframe_/162717810,22769416952/theshiftnews.com/header_0', 'text': ''}, {'tag': 'iframe', 'src': 'https://c60b0bb264f76d9fbc25c63506fccef8.safeframe.googlesyndication.com/safeframe/1-0-45/html/container.html', 'aria_label': 'Advertisement', 'class': None, 'id': 'google_ads_iframe_/162717810,22769416952/theshiftnews.com/interstitial_0', 'text': ''}]",8,1,11,0.013681592039800995,6,0,3,0,0,31,30,0.5238095238095238,2,0,1,1,0.08582089552238806,1,28,0,6.129032258064516,0,0,0,0,0,0,0,683,the_shift,news_listing
200,63,36,10,1,2,33,34,6612,1029,14,2,"[{'tag': 'iframe', 'src': None, 'aria_label': 'Advertisement', 'class': None, 'id': 'google_ads_iframe_/162717810,22769416952/theshiftnews.com/header_0', 'text': ''}, {'tag': 'iframe', 'src': 'https://c60b0bb264f76d9fbc25c63506fccef8.safeframe.googlesyndication.com/safeframe/1-0-45/html/container.html', 'aria_label': 'Advertisement', 'class': None, 'id': 'google_ads_iframe_/162717810,22769416952/theshiftnews.com/interstitial_0', 'text': ''}]",8,1,11,0.013681592039800995,6,0,3,0,0,31,30,0.5238095238095238,2,0,1,1,0.08582089552238806,1,28,0,6.129032258064516,0,0,0,0,0,0,0,684,the_shift,news_listing
200,63,36,10,1,2,33,34,6612,1029,14,2,"[{'tag': 'iframe', 'src': None, 'aria_label': 'Advertisement', 'class': None, 'id': 'google_ads_iframe_/162717810,22769416952/theshiftnews.com/header_0', 'text': ''}, {'tag': 'iframe', 'src': 'https://c60b0bb264f76d9fbc25c63506fccef8.safeframe.googlesyndication.com/safeframe/1-0-45/html/container.html', 'aria_label': 'Advertisement', 'class': None, 'id': 'google_ads_iframe_/162717810,22769416952/theshiftnews.com/interstitial_0', 'text': ''}]",8,1,11,0.013681592039800995,6,0,3,0,0,31,30,0.5238095238095238,2,0,1,1,0.08582089552238806,1,28,0,6.129032258064516,0,0,0,0,0,0,0,685,the_shift,news_listing
200,63,36,10,1,2,33,34,6612,1029,14,2,"[{'tag': 'iframe', 'src': None, 'aria_label': 'Advertisement', 'class': None, 'id': 'google_ads_iframe_/162717810,22769416952/theshiftnews.com/header_0', 'text': ''}, {'tag': 'iframe', 'src': 'https://c60b0bb264f76d9fbc25c63506fccef8.safeframe.googlesyndication.com/safeframe/1-0-45/html/container.html', 'aria_label': 'Advertisement', 'class': None, 'id': 'google_ads_iframe_/162717810,22769416952/theshiftnews.com/interstitial_0', 'text': ''}]",8,1,11,0.013681592039800995,6,0,3,0,0,31,30,0.5238095238095238,2,0,1,1,0.08582089552238806,1,28,0,6.129032258064516,0,0,0,0,0,0,0,686,the_shift,news_listing
200,63,36,10,1,2,33,34,6612,1029,14,2,"[{'tag': 'iframe', 'src': None, 'aria_label': 'Advertisement', 'class': None, 'id': 'google_ads_iframe_/162717810,22769416952/theshiftnews.com/header_0', 'text': ''}, {'tag': 'iframe', 'src': 'https://c60b0bb264f76d9fbc25c63506fccef8.safeframe.googlesyndication.com/safeframe/1-0-45/html/container.html', 'aria_label': 'Advertisement', 'class': None, 'id': 'google_ads_iframe_/162717810,22769416952/theshiftnews.com/interstitial_0', 'text': ''}]",8,1,11,0.013681592039800995,6,0,3,0,0,31,30,0.5238095238095238,2,0,1,1,0.08582089552238806,1,28,0,6.129032258064516,0,0,0,0,0,0,0,687,the_shift,news_listing
200,63,36,10,1,2,33,34,6612,1029,14,2,"[{'tag': 'iframe', 'src': None, 'aria_label': 'Advertisement', 'class': None, 'id': 'google_ads_iframe_/162717810,22769416952/theshiftnews.com/header_0', 'text': ''}, {'tag': 'iframe', 'src': 'https://c60b0bb264f76d9fbc25c63506fccef8.safeframe.googlesyndication.com/safeframe/1-0-45/html/container.html', 'aria_label': 'Advertisement', 'class': None, 'id': 'google_ads_iframe_/162717810,22769416952/theshiftnews.com/interstitial_0', 'text': ''}]",8,1,11,0.013681592039800995,6,0,3,0,0,31,30,0.5238095238095238,2,0,1,1,0.08582089552238806,1,28,0,6.129032258064516,0,0,0,0,0,0,0,688,the_shift,news_listing
195,63,36,10,1,2,33,34,6680,1058,14,2,"[{'tag': 'iframe', 'src': None, 'aria_label': 'Advertisement', 'class': None, 'id': 'google_ads_iframe_/162717810,22769416952/theshiftnews.com/header_0', 'text': ''}, {'tag': 'iframe', 'src': 'https://697d6842372581c3e82ef01a8684337c.safeframe.googlesyndication.com/safeframe/1-0-45/html/container.html', 'aria_label': 'Advertisement', 'class': None, 'id': 'google_ads_iframe_/162717810,22769416952/theshiftnews.com/interstitial_0', 'text': ''}]",8,1,11,0.01375,6,0,3,0,0,31,30,0.5238095238095238,2,0,1,1,0.08625,1,28,0,6.193548387096774,0,0,0,0,0,0,0,689,the_shift,news_listing
195,63,36,10,1,2,33,34,6680,1058,14,2,"[{'tag': 'iframe', 'src': None, 'aria_label': 'Advertisement', 'class': None, 'id': 'google_ads_iframe_/162717810,22769416952/theshiftnews.com/header_0', 'text': ''}, {'tag': 'iframe', 'src': 'https://697d6842372581c3e82ef01a8684337c.safeframe.googlesyndication.com/safeframe/1-0-45/html/container.html', 'aria_label': 'Advertisement', 'class': None, 'id': 'google_ads_iframe_/162717810,22769416952/theshiftnews.com/interstitial_0', 'text': ''}]",8,1,11,0.01375,6,0,3,0,0,31,30,0.5238095238095238,2,0,1,1,0.08625,1,28,0,6.193548387096774,0,0,0,0,0,0,0,690,the_shift,news_listing
195,63,36,10,1,2,33,34,6680,1058,14,2,"[{'tag': 'iframe', 'src': None, 'aria_label': 'Advertisement', 'class': None, 'id': 'google_ads_iframe_/162717810,22769416952/theshiftnews.com/header_0', 'text': ''}, {'tag': 'iframe', 'src': 'https://697d6842372581c3e82ef01a8684337c.safeframe.googlesyndication.com/safeframe/1-0-45/html/container.html', 'aria_label': 'Advertisement', 'class': None, 'id': 'google_ads_iframe_/162717810,22769416952/theshiftnews.com/interstitial_0', 'text': ''}]",8,1,11,0.01375,6,0,3,0,0,31,30,0.5238095238095238,2,0,1,1,0.08625,1,28,0,6.193548387096774,0,0,0,0,0,0,0,691,the_shift,news_listing
195,63,36,10,1,2,33,34,6680,1058,14,2,"[{'tag': 'iframe', 'src': None, 'aria_label': 'Advertisement', 'class': None, 'id': 'google_ads_iframe_/162717810,22769416952/theshiftnews.com/header_0', 'text': ''}, {'tag': 'iframe', 'src': 'https://697d6842372581c3e82ef01a8684337c.safeframe.googlesyndication.com/safeframe/1-0-45/html/container.html', 'aria_label': 'Advertisement', 'class': None, 'id': 'google_ads_iframe_/162717810,22769416952/theshiftnews.com/interstitial_0', 'text': ''}]",8,1,11,0.01375,6,0,3,0,0,31,30,0.5238095238095238,2,0,1,1,0.08625,1,28,0,6.193548387096774,0,0,0,0,0,0,0,692,the_shift,news_listing
195,63,36,10,1,2,33,34,6680,1058,14,2,"[{'tag': 'iframe', 'src': None, 'aria_label': 'Advertisement', 'class': None, 'id': 'google_ads_iframe_/162717810,22769416952/theshiftnews.com/header_0', 'text': ''}, {'tag': 'iframe', 'src': 'https://697d6842372581c3e82ef01a8684337c.safeframe.googlesyndication.com/safeframe/1-0-45/html/container.html', 'aria_label': 'Advertisement', 'class': None, 'id': 'google_ads_iframe_/162717810,22769416952/theshiftnews.com/interstitial_0', 'text': ''}]",8,1,11,0.01375,6,0,3,0,0,31,30,0.5238095238095238,2,0,1,1,0.08625,1,28,0,6.193548387096774,0,0,0,0,0,0,0,693,the_shift,news_listing
195,63,36,10,1,2,33,34,6680,1058,14,2,"[{'tag': 'iframe', 'src': None, 'aria_label': 'Advertisement', 'class': None, 'id': 'google_ads_iframe_/162717810,22769416952/theshiftnews.com/header_0', 'text': ''}, {'tag': 'iframe', 'src': 'https://697d6842372581c3e82ef01a8684337c.safeframe.googlesyndication.com/safeframe/1-0-45/html/container.html', 'aria_label': 'Advertisement', 'class': None, 'id': 'google_ads_iframe_/162717810,22769416952/theshiftnews.com/interstitial_0', 'text': ''}]",8,1,11,0.01375,6,0,3,0,0,31,30,0.5238095238095238,2,0,1,1,0.08625,1,28,0,6.193548387096774,0,0,0,0,0,0,0,694,the_shift,news_listing
195,63,36,10,1,2,33,34,6680,1058,14,2,"[{'tag': 'iframe', 'src': None, 'aria_label': 'Advertisement', 'class': None, 'id': 'google_ads_iframe_/162717810,22769416952/theshiftnews.com/header_0', 'text': ''}, {'tag': 'iframe', 'src': 'https://697d6842372581c3e82ef01a8684337c.safeframe.googlesyndication.com/safeframe/1-0-45/html/container.html', 'aria_label': 'Advertisement', 'class': None, 'id': 'google_ads_iframe_/162717810,22769416952/theshiftnews.com/interstitial_0', 'text': ''}]",8,1,11,0.01375,6,0,3,0,0,31,30,0.5238095238095238,2,0,1,1,0.08625,1,28,0,6.193548387096774,0,0,0,0,0,0,0,695,the_shift,news_listing
195,63,36,10,1,2,33,34,6680,1058,14,2,"[{'tag': 'iframe', 'src': None, 'aria_label': 'Advertisement', 'class': None, 'id': 'google_ads_iframe_/162717810,22769416952/theshiftnews.com/header_0', 'text': ''}, {'tag': 'iframe', 'src': 'https://697d6842372581c3e82ef01a8684337c.safeframe.googlesyndication.com/safeframe/1-0-45/html/container.html', 'aria_label': 'Advertisement', 'class': None, 'id': 'google_ads_iframe_/162717810,22769416952/theshiftnews.com/interstitial_0', 'text': ''}]",8,1,11,0.01375,6,0,3,0,0,31,30,0.5238095238095238,2,0,1,1,0.08625,1,28,0,6.193548387096774,0,0,0,0,0,0,0,696,the_shift,news_listing
185,63,33,7,1,2,33,34,6503,1035,14,2,"[{'tag': 'iframe', 'src': 'https://7176179830d0ee3cb49abe4c11cd383f.safeframe.googlesyndication.com/safeframe/1-0-45/html/container.html', 'aria_label': 'Advertisement', 'class': None, 'id': 'google_ads_iframe_/162717810,22769416952/theshiftnews.com/header_0', 'text': ''}, {'tag': 'iframe', 'src': 'https://7176179830d0ee3cb49abe4c11cd383f.safeframe.googlesyndication.com/safeframe/1-0-45/html/container.html', 'aria_label': 'Advertisement', 'class': None, 'id': 'google_ads_iframe_/162717810,22769416952/theshiftnews.com/interstitial_0', 'text': ''}]",5,1,11,0.014012738853503185,6,0,3,0,0,31,30,0.5238095238095238,2,0,1,1,0.08789808917197452,1,28,0,6.096774193548387,0,0,0,0,0,0,0,697,the_shift,news_listing
185,63,33,7,1,2,33,34,6503,1035,14,2,"[{'tag': 'iframe', 'src': 'https://7176179830d0ee3cb49abe4c11cd383f.safeframe.googlesyndication.com/safeframe/1-0-45/html/container.html', 'aria_label': 'Advertisement', 'class': None, 'id': 'google_ads_iframe_/162717810,22769416952/theshiftnews.com/header_0', 'text': ''}, {'tag': 'iframe', 'src': 'https://7176179830d0ee3cb49abe4c11cd383f.safeframe.googlesyndication.com/safeframe/1-0-45/html/container.html', 'aria_label': 'Advertisement', 'class': None, 'id': 'google_ads_iframe_/162717810,22769416952/theshiftnews.com/interstitial_0', 'text': ''}]",5,1,11,0.014012738853503185,6,0,3,0,0,31,30,0.5238095238095238,2,0,1,1,0.08789808917197452,1,28,0,6.096774193548387,0,0,0,0,0,0,0,698,the_shift,news_listing
185,63,33,7,1,2,33,34,6503,1035,14,2,"[{'tag': 'iframe', 'src': 'https://7176179830d0ee3cb49abe4c11cd383f.safeframe.googlesyndication.com/safeframe/1-0-45/html/container.html', 'aria_label': 'Advertisement', 'class': None, 'id': 'google_ads_iframe_/162717810,22769416952/theshiftnews.com/header_0', 'text': ''}, {'tag': 'iframe', 'src': 'https://7176179830d0ee3cb49abe4c11cd383f.safeframe.googlesyndication.com/safeframe/1-0-45/html/container.html', 'aria_label': 'Advertisement', 'class': None, 'id': 'google_ads_iframe_/162717810,22769416952/theshiftnews.com/interstitial_0', 'text': ''}]",5,1,11,0.014012738853503185,6,0,3,0,0,31,30,0.5238095238095238,2,0,1,1,0.08789808917197452,1,28,0,6.096774193548387,0,0,0,0,0,0,0,699,the_shift,news_listing
185,63,33,7,1,2,33,34,6503,1035,14,2,"[{'tag': 'iframe', 'src': 'https://7176179830d0ee3cb49abe4c11cd383f.safeframe.googlesyndication.com/safeframe/1-0-45/html/container.html', 'aria_label': 'Advertisement', 'class': None, 'id': 'google_ads_iframe_/162717810,22769416952/theshiftnews.com/header_0', 'text': ''}, {'tag': 'iframe', 'src': 'https://7176179830d0ee3cb49abe4c11cd383f.safeframe.googlesyndication.com/safeframe/1-0-45/html/container.html', 'aria_label': 'Advertisement', 'class': None, 'id': 'google_ads_iframe_/162717810,22769416952/theshiftnews.com/interstitial_0', 'text': ''}]",5,1,11,0.014012738853503185,6,0,3,0,0,31,30,0.5238095238095238,2,0,1,1,0.08789808917197452,1,28,0,6.096774193548387,0,0,0,0,0,0,0,700,the_shift,news_listing
185,63,33,7,1,2,33,34,6503,1035,14,2,"[{'tag': 'iframe', 'src': 'https://7176179830d0ee3cb49abe4c11cd383f.safeframe.googlesyndication.com/safeframe/1-0-45/html/container.html', 'aria_label': 'Advertisement', 'class': None, 'id': 'google_ads_iframe_/162717810,22769416952/theshiftnews.com/header_0', 'text': ''}, {'tag': 'iframe', 'src': 'https://7176179830d0ee3cb49abe4c11cd383f.safeframe.googlesyndication.com/safeframe/1-0-45/html/container.html', 'aria_label': 'Advertisement', 'class': None, 'id': 'google_ads_iframe_/162717810,22769416952/theshiftnews.com/interstitial_0', 'text': ''}]",5,1,11,0.014012738853503185,6,0,3,0,0,31,30,0.5238095238095238,2,0,1,1,0.08789808917197452,1,28,0,6.096774193548387,0,0,0,0,0,0,0,701,the_shift,news_listing
185,63,33,7,1,2,33,34,6503,1035,14,2,"[{'tag': 'iframe', 'src': 'https://7176179830d0ee3cb49abe4c11cd383f.safeframe.googlesyndication.com/safeframe/1-0-45/html/container.html', 'aria_label': 'Advertisement', 'class': None, 'id': 'google_ads_iframe_/162717810,22769416952/theshiftnews.com/header_0', 'text': ''}, {'tag': 'iframe', 'src': 'https://7176179830d0ee3cb49abe4c11cd383f.safeframe.googlesyndication.com/safeframe/1-0-45/html/container.html', 'aria_label': 'Advertisement', 'class': None, 'id': 'google_ads_iframe_/162717810,22769416952/theshiftnews.com/interstitial_0', 'text': ''}]",5,1,11,0.014012738853503185,6,0,3,0,0,31,30,0.5238095238095238,2,0,1,1,0.08789808917197452,1,28,0,6.096774193548387,0,0,0,0,0,0,0,702,the_shift,news_listing
185,63,33,7,1,2,33,34,6503,1035,14,2,"[{'tag': 'iframe', 'src': 'https://7176179830d0ee3cb49abe4c11cd383f.safeframe.googlesyndication.com/safeframe/1-0-45/html/container.html', 'aria_label': 'Advertisement', 'class': None, 'id': 'google_ads_iframe_/162717810,22769416952/theshiftnews.com/header_0', 'text': ''}, {'tag': 'iframe', 'src': 'https://7176179830d0ee3cb49abe4c11cd383f.safeframe.googlesyndication.com/safeframe/1-0-45/html/container.html', 'aria_label': 'Advertisement', 'class': None, 'id': 'google_ads_iframe_/162717810,22769416952/theshiftnews.com/interstitial_0', 'text': ''}]",5,1,11,0.014012738853503185,6,0,3,0,0,31,30,0.5238095238095238,2,0,1,1,0.08789808917197452,1,28,0,6.096774193548387,0,0,0,0,0,0,0,703,the_shift,news_listing
185,63,43,10,1,2,33,34,6191,1009,14,1,"[{'tag': 'iframe', 'src': None, 'aria_label': 'Advertisement', 'class': None, 'id': 'google_ads_iframe_/162717810,22769416952/theshiftnews.com/header_0', 'text': ''}]",9,1,9,0.01125,5,0,2,0,0,31,30,0.5238095238095238,2,0,1,1,0.08625,1,28,0,6.129032258064516,0,0,0,0,0,0,0,704,the_shift,news_listing
185,63,43,10,1,2,33,34,6191,1009,14,1,"[{'tag': 'iframe', 'src': None, 'aria_label': 'Advertisement', 'class': None, 'id': 'google_ads_iframe_/162717810,22769416952/theshiftnews.com/header_0', 'text': ''}]",9,1,9,0.01125,5,0,2,0,0,31,30,0.5238095238095238,2,0,1,1,0.08625,1,28,0,6.129032258064516,0,0,0,0,0,0,0,705,the_shift,news_listing
185,63,43,10,1,2,33,34,6191,1009,14,1,"[{'tag': 'iframe', 'src': None, 'aria_label': 'Advertisement', 'class': None, 'id': 'google_ads_iframe_/162717810,22769416952/theshiftnews.com/header_0', 'text': ''}]",9,1,9,0.01125,5,0,2,0,0,31,30,0.5238095238095238,2,0,1,1,0.08625,1,28,0,6.129032258064516,0,0,0,0,0,0,0,706,the_shift,news_listing
185,63,43,10,1,2,33,34,6191,1009,14,1,"[{'tag': 'iframe', 'src': None, 'aria_label': 'Advertisement', 'class': None, 'id': 'google_ads_iframe_/162717810,22769416952/theshiftnews.com/header_0', 'text': ''}]",9,1,9,0.01125,5,0,2,0,0,31,30,0.5238095238095238,2,0,1,1,0.08625,1,28,0,6.129032258064516,0,0,0,0,0,0,0,707,the_shift,news_listing
185,63,43,10,1,2,33,34,6191,1009,14,1,"[{'tag': 'iframe', 'src': None, 'aria_label': 'Advertisement', 'class': None, 'id': 'google_ads_iframe_/162717810,22769416952/theshiftnews.com/header_0', 'text': ''}]",9,1,9,0.01125,5,0,2,0,0,31,30,0.5238095238095238,2,0,1,1,0.08625,1,28,0,6.129032258064516,0,0,0,0,0,0,0,708,the_shift,news_listing
185,63,43,10,1,2,33,34,6191,1009,14,1,"[{'tag': 'iframe', 'src': None, 'aria_label': 'Advertisement', 'class': None, 'id': 'google_ads_iframe_/162717810,22769416952/theshiftnews.com/header_0', 'text': ''}]",9,1,9,0.01125,5,0,2,0,0,31,30,0.5238095238095238,2,0,1,1,0.08625,1,28,0,6.129032258064516,0,0,0,0,0,0,0,709,the_shift,news_listing
187,63,36,10,1,2,33,34,6560,1036,14,2,"[{'tag': 'iframe', 'src': None, 'aria_label': 'Advertisement', 'class': None, 'id': 'google_ads_iframe_/162717810,22769416952/theshiftnews.com/header_0', 'text': ''}, {'tag': 'iframe', 'src': 'https://7b4c171b945a08883e1b014afebce856.safeframe.googlesyndication.com/safeframe/1-0-45/html/container.html', 'aria_label': 'Advertisement', 'class': None, 'id': 'google_ads_iframe_/162717810,22769416952/theshiftnews.com/interstitial_0', 'text': ''}]",8,1,11,0.013871374527112233,6,0,3,0,0,31,30,0.5238095238095238,2,0,1,1,0.08701134930643127,1,28,0,6.193548387096774,0,0,0,0,0,0,0,710,the_shift,news_listing
187,63,36,10,1,2,33,34,6560,1036,14,2,"[{'tag': 'iframe', 'src': None, 'aria_label': 'Advertisement', 'class': None, 'id': 'google_ads_iframe_/162717810,22769416952/theshiftnews.com/header_0', 'text': ''}, {'tag': 'iframe', 'src': 'https://7b4c171b945a08883e1b014afebce856.safeframe.googlesyndication.com/safeframe/1-0-45/html/container.html', 'aria_label': 'Advertisement', 'class': None, 'id': 'google_ads_iframe_/162717810,22769416952/theshiftnews.com/interstitial_0', 'text': ''}]",8,1,11,0.013871374527112233,6,0,3,0,0,31,30,0.5238095238095238,2,0,1,1,0.08701134930643127,1,28,0,6.193548387096774,0,0,0,0,0,0,0,711,the_shift,news_listing
187,63,36,10,1,2,33,34,6560,1036,14,2,"[{'tag': 'iframe', 'src': None, 'aria_label': 'Advertisement', 'class': None, 'id': 'google_ads_iframe_/162717810,22769416952/theshiftnews.com/header_0', 'text': ''}, {'tag': 'iframe', 'src': 'https://7b4c171b945a08883e1b014afebce856.safeframe.googlesyndication.com/safeframe/1-0-45/html/container.html', 'aria_label': 'Advertisement', 'class': None, 'id': 'google_ads_iframe_/162717810,22769416952/theshiftnews.com/interstitial_0', 'text': ''}]",8,1,11,0.013871374527112233,6,0,3,0,0,31,30,0.5238095238095238,2,0,1,1,0.08701134930643127,1,28,0,6.193548387096774,0,0,0,0,0,0,0,712,the_shift,news_listing
187,63,36,10,1,2,33,34,6560,1036,14,2,"[{'tag': 'iframe', 'src': None, 'aria_label': 'Advertisement', 'class': None, 'id': 'google_ads_iframe_/162717810,22769416952/theshiftnews.com/header_0', 'text': ''}, {'tag': 'iframe', 'src': 'https://7b4c171b945a08883e1b014afebce856.safeframe.googlesyndication.com/safeframe/1-0-45/html/container.html', 'aria_label': 'Advertisement', 'class': None, 'id': 'google_ads_iframe_/162717810,22769416952/theshiftnews.com/interstitial_0', 'text': ''}]",8,1,11,0.013871374527112233,6,0,3,0,0,31,30,0.5238095238095238,2,0,1,1,0.08701134930643127,1,28,0,6.193548387096774,0,0,0,0,0,0,0,713,the_shift,news_listing
187,63,36,10,1,2,33,34,6560,1036,14,2,"[{'tag': 'iframe', 'src': None, 'aria_label': 'Advertisement', 'class': None, 'id': 'google_ads_iframe_/162717810,22769416952/theshiftnews.com/header_0', 'text': ''}, {'tag': 'iframe', 'src': 'https://7b4c171b945a08883e1b014afebce856.safeframe.googlesyndication.com/safeframe/1-0-45/html/container.html', 'aria_label': 'Advertisement', 'class': None, 'id': 'google_ads_iframe_/162717810,22769416952/theshiftnews.com/interstitial_0', 'text': ''}]",8,1,11,0.013871374527112233,6,0,3,0,0,31,30,0.5238095238095238,2,0,1,1,0.08701134930643127,1,28,0,6.193548387096774,0,0,0,0,0,0,0,714,the_shift,news_listing
187,63,36,10,1,2,33,34,6560,1036,14,2,"[{'tag': 'iframe', 'src': None, 'aria_label': 'Advertisement', 'class': None, 'id': 'google_ads_iframe_/162717810,22769416952/theshiftnews.com/header_0', 'text': ''}, {'tag': 'iframe', 'src': 'https://7b4c171b945a08883e1b014afebce856.safeframe.googlesyndication.com/safeframe/1-0-45/html/container.html', 'aria_label': 'Advertisement', 'class': None, 'id': 'google_ads_iframe_/162717810,22769416952/theshiftnews.com/interstitial_0', 'text': ''}]",8,1,11,0.013871374527112233,6,0,3,0,0,31,30,0.5238095238095238,2,0,1,1,0.08701134930643127,1,28,0,6.193548387096774,0,0,0,0,0,0,0,715,the_shift,news_listing
187,63,36,10,1,2,33,34,6560,1036,14,2,"[{'tag': 'iframe', 'src': None, 'aria_label': 'Advertisement', 'class': None, 'id': 'google_ads_iframe_/162717810,22769416952/theshiftnews.com/header_0', 'text': ''}, {'tag': 'iframe', 'src': 'https://7b4c171b945a08883e1b014afebce856.safeframe.googlesyndication.com/safeframe/1-0-45/html/container.html', 'aria_label': 'Advertisement', 'class': None, 'id': 'google_ads_iframe_/162717810,22769416952/theshiftnews.com/interstitial_0', 'text': ''}]",8,1,11,0.013871374527112233,6,0,3,0,0,31,30,0.5238095238095238,2,0,1,1,0.08701134930643127,1,28,0,6.193548387096774,0,0,0,0,0,0,0,716,the_shift,news_listing
185,63,36,9,1,2,33,34,6465,1034,14,1,"[{'tag': 'iframe', 'src': None, 'aria_label': 'Advertisement', 'class': None, 'id': 'google_ads_iframe_/162717810,22769416952/theshiftnews.com/header_0', 'text': ''}]",8,1,8,0.01008827238335435,5,0,1,0,0,31,30,0.5238095238095238,2,0,1,1,0.08701134930643127,1,28,0,6.225806451612903,0,0,0,0,0,0,0,717,the_shift,news_listing
185,63,36,9,1,2,33,34,6465,1034,14,1,"[{'tag': 'iframe', 'src': None, 'aria_label': 'Advertisement', 'class': None, 'id': 'google_ads_iframe_/162717810,22769416952/theshiftnews.com/header_0', 'text': ''}]",8,1,8,0.01008827238335435,5,0,1,0,0,31,30,0.5238095238095238,2,0,1,1,0.08701134930643127,1,28,0,6.225806451612903,0,0,0,0,0,0,0,718,the_shift,news_listing
185,63,36,9,1,2,33,34,6465,1034,14,1,"[{'tag': 'iframe', 'src': None, 'aria_label': 'Advertisement', 'class': None, 'id': 'google_ads_iframe_/162717810,22769416952/theshiftnews.com/header_0', 'text': ''}]",8,1,8,0.01008827238335435,5,0,1,0,0,31,30,0.5238095238095238,2,0,1,1,0.08701134930643127,1,28,0,6.225806451612903,0,0,0,0,0,0,0,719,the_shift,news_listing
185,63,36,9,1,2,33,34,6465,1034,14,1,"[{'tag': 'iframe', 'src': None, 'aria_label': 'Advertisement', 'class': None, 'id': 'google_ads_iframe_/162717810,22769416952/theshiftnews.com/header_0', 'text': ''}]",8,1,8,0.01008827238335435,5,0,1,0,0,31,30,0.5238095238095238,2,0,1,1,0.08701134930643127,1,28,0,6.225806451612903,0,0,0,0,0,0,0,720,the_shift,news_listing
185,63,36,9,1,2,33,34,6465,1034,14,1,"[{'tag': 'iframe', 'src': None, 'aria_label': 'Advertisement', 'class': None, 'id': 'google_ads_iframe_/162717810,22769416952/theshiftnews.com/header_0', 'text': ''}]",8,1,8,0.01008827238335435,5,0,1,0,0,31,30,0.5238095238095238,2,0,1,1,0.08701134930643127,1,28,0,6.225806451612903,0,0,0,0,0,0,0,721,the_shift,news_listing
185,63,36,9,1,2,33,34,6465,1034,14,1,"[{'tag': 'iframe', 'src': None, 'aria_label': 'Advertisement', 'class': None, 'id': 'google_ads_iframe_/162717810,22769416952/theshiftnews.com/header_0', 'text': ''}]",8,1,8,0.01008827238335435,5,0,1,0,0,31,30,0.5238095238095238,2,0,1,1,0.08701134930643127,1,28,0,6.225806451612903,0,0,0,0,0,0,0,722,the_shift,news_listing
127,43,62,9,5,6,46,24,8533,1343,26,0,[],9,1,38,0.03917525773195876,7,0,17,2,0,57,16,0.627906976744186,4,0,1,1,0.07010309278350516,4,16,7,16.065217391304348,10,19,19,9,0,3,4,723,the_shift,article_pages
127,43,62,9,5,6,46,24,8533,1343,26,0,[],9,1,38,0.03917525773195876,7,0,17,2,0,57,16,0.627906976744186,4,0,1,1,0.07010309278350516,4,16,7,16.065217391304348,10,19,19,9,0,3,4,724,the_shift,article_pages
127,43,62,9,5,6,46,24,8533,1343,26,0,[],9,1,38,0.03917525773195876,7,0,17,2,0,57,16,0.627906976744186,4,0,1,1,0.07010309278350516,4,16,7,16.065217391304348,10,19,19,9,0,3,4,725,the_shift,article_pages
127,43,62,9,5,6,46,24,8533,1343,26,0,[],9,1,38,0.03917525773195876,7,0,17,2,0,57,16,0.627906976744186,4,0,1,1,0.07010309278350516,4,16,7,16.065217391304348,10,19,19,9,0,3,4,726,the_shift,article_pages
127,43,62,9,5,6,46,24,8533,1343,26,0,[],9,1,38,0.03917525773195876,7,0,17,2,0,57,16,0.627906976744186,4,0,1,1,0.07010309278350516,4,16,7,16.065217391304348,0,0,0,0,0,0,0,727,the_shift,article_pages
127,43,62,9,5,6,46,24,8533,1343,26,0,[],9,1,38,0.03917525773195876,7,0,17,2,0,57,16,0.627906976744186,4,0,1,1,0.07010309278350516,4,16,7,16.065217391304348,10,19,19,9,0,3,4,728,the_shift,article_pages
127,43,62,9,5,6,46,24,8533,1343,26,0,[],9,1,38,0.03917525773195876,7,0,17,2,0,57,16,0.627906976744186,4,0,1,1,0.07010309278350516,4,16,7,16.065217391304348,10,19,19,9,0,3,4,729,the_shift,article_pages
127,43,62,9,5,6,46,24,8533,1343,26,0,[],9,1,38,0.03917525773195876,7,0,17,2,0,57,16,0.627906976744186,4,0,1,1,0.07010309278350516,4,16,7,16.065217391304348,10,19,19,9,0,3,4,730,the_shift,article_pages
127,43,62,9,5,6,46,24,8533,1343,26,0,[],9,1,38,0.03917525773195876,7,0,17,2,0,57,16,0.627906976744186,4,0,1,1,0.07010309278350516,4,16,7,16.065217391304348,10,19,19,9,0,3,4,731,the_shift,article_pages
127,43,62,9,5,6,46,24,8533,1343,26,0,[],9,1,38,0.03917525773195876,7,0,17,2,0,57,16,0.627906976744186,4,0,1,1,0.07010309278350516,4,16,7,16.065217391304348,10,19,19,9,0,3,4,732,the_shift,article_pages
127,43,62,9,5,6,46,24,8533,1343,26,0,[],9,1,38,0.03917525773195876,7,0,17,2,0,57,16,0.627906976744186,4,0,1,1,0.07010309278350516,4,16,7,16.065217391304348,10,19,19,9,0,3,4,733,the_shift,article_pages
127,43,62,9,5,6,46,24,8533,1343,26,0,[],9,1,38,0.03917525773195876,7,0,17,2,0,57,16,0.627906976744186,4,0,1,1,0.07010309278350516,4,16,7,16.065217391304348,10,19,19,9,0,3,4,734,the_shift,article_pages
127,43,62,9,5,6,46,24,8533,1343,26,0,[],9,1,38,0.03917525773195876,7,0,17,2,0,57,16,0.627906976744186,4,0,1,1,0.07010309278350516,4,16,7,16.065217391304348,10,19,19,9,0,3,4,735,the_shift,article_pages
127,43,62,9,5,6,46,24,8533,1343,26,0,[],9,1,38,0.03917525773195876,7,0,17,2,0,57,16,0.627906976744186,4,0,1,1,0.07010309278350516,4,16,7,16.065217391304348,10,19,19,9,0,3,4,736,the_shift,article_pages
127,43,62,9,5,6,46,24,8533,1343,26,0,[],9,1,38,0.03917525773195876,7,0,17,2,0,57,16,0.627906976744186,4,0,1,1,0.07010309278350516,4,16,7,16.065217391304348,10,19,19,9,0,3,4,737,the_shift,article_pages
127,43,62,9,5,6,46,24,8533,1343,26,0,[],9,1,38,0.03917525773195876,7,0,17,2,0,57,16,0.627906976744186,4,0,1,1,0.07010309278350516,4,16,7,16.065217391304348,10,19,19,9,0,3,4,738,the_shift,article_pages
127,43,62,9,5,6,46,24,8533,1343,26,0,[],9,1,38,0.03917525773195876,7,0,17,2,0,57,16,0.627906976744186,4,0,1,1,0.07010309278350516,4,16,7,16.065217391304348,10,19,19,9,0,3,4,739,the_shift,article_pages
127,43,62,9,5,6,46,24,8533,1343,26,0,[],9,1,38,0.03917525773195876,7,0,17,2,0,57,16,0.627906976744186,4,0,1,1,0.07010309278350516,4,16,7,16.065217391304348,10,19,19,9,0,3,4,740,the_shift,article_pages
127,43,62,9,5,6,46,24,8533,1343,26,0,[],9,1,38,0.03917525773195876,7,0,17,2,0,57,16,0.627906976744186,4,0,1,1,0.07010309278350516,4,16,7,16.065217391304348,10,19,19,9,0,3,4,741,the_shift,article_pages
138,46,63,9,27,6,76,25,12869,2027,26,0,[],9,1,42,0.03595890410958904,5,0,21,2,0,63,16,0.6521739130434783,4,0,1,1,0.06335616438356165,4,19,8,18.133333333333333,10,20,20,9,0,3,4,742,the_shift,article_pages
138,46,63,9,27,6,76,25,12869,2027,26,0,[],9,1,42,0.03595890410958904,5,0,21,2,0,63,16,0.6521739130434783,4,0,1,1,0.06335616438356165,4,19,8,18.133333333333333,10,20,20,9,0,3,4,743,the_shift,article_pages
138,46,63,9,27,6,76,25,12869,2027,26,0,[],9,1,42,0.03595890410958904,5,0,21,2,0,63,16,0.6521739130434783,4,0,1,1,0.06335616438356165,4,19,8,18.133333333333333,10,20,20,9,0,3,4,744,the_shift,article_pages
138,46,63,9,27,6,76,25,12869,2027,26,0,[],9,1,42,0.03595890410958904,5,0,21,2,0,63,16,0.6521739130434783,4,0,1,1,0.06335616438356165,4,19,8,18.133333333333333,0,0,0,0,0,0,0,745,the_shift,article_pages
138,46,63,9,27,6,76,25,12869,2027,26,0,[],9,1,42,0.03595890410958904,5,0,21,2,0,63,16,0.6521739130434783,4,0,1,1,0.06335616438356165,4,19,8,18.133333333333333,10,20,20,9,0,3,4,746,the_shift,article_pages
138,46,63,9,27,6,76,25,12869,2027,26,0,[],9,1,42,0.03595890410958904,5,0,21,2,0,63,16,0.6521739130434783,4,0,1,1,0.06335616438356165,4,19,8,18.133333333333333,10,20,20,9,0,3,4,747,the_shift,article_pages
138,46,63,9,27,6,76,25,12869,2027,26,0,[],9,1,42,0.03595890410958904,5,0,21,2,0,63,16,0.6521739130434783,4,0,1,1,0.06335616438356165,4,19,8,18.133333333333333,10,20,20,9,0,3,4,748,the_shift,article_pages
138,46,63,9,27,6,76,25,12869,2027,26,0,[],9,1,42,0.03595890410958904,5,0,21,2,0,63,16,0.6521739130434783,4,0,1,1,0.06335616438356165,4,19,8,18.133333333333333,10,20,20,9,0,3,4,749,the_shift,article_pages
138,46,63,9,27,6,76,25,12869,2027,26,0,[],9,1,42,0.03595890410958904,5,0,21,2,0,63,16,0.6521739130434783,4,0,1,1,0.06335616438356165,4,19,8,18.133333333333333,10,20,20,9,0,3,4,750,the_shift,article_pages
138,46,63,9,27,6,76,25,12869,2027,26,0,[],9,1,42,0.03595890410958904,5,0,21,2,0,63,16,0.6521739130434783,4,0,1,1,0.06335616438356165,4,19,8,18.133333333333333,10,20,20,9,0,3,4,751,the_shift,article_pages
138,46,63,9,27,6,76,25,12869,2027,26,0,[],9,1,42,0.03595890410958904,5,0,21,2,0,63,16,0.6521739130434783,4,0,1,1,0.06335616438356165,4,19,8,18.133333333333333,10,20,20,9,0,3,4,752,the_shift,article_pages
138,46,63,9,27,6,76,25,12869,2027,26,0,[],9,1,42,0.03595890410958904,5,0,21,2,0,63,16,0.6521739130434783,4,0,1,1,0.06335616438356165,4,19,8,18.133333333333333,10,20,20,9,0,3,4,753,the_shift,article_pages
138,46,63,9,27,6,76,25,12869,2027,26,0,[],9,1,42,0.03595890410958904,5,0,21,2,0,63,16,0.6521739130434783,4,0,1,1,0.06335616438356165,4,19,8,18.133333333333333,0,0,0,0,0,0,0,754,the_shift,article_pages
138,46,63,9,27,6,76,25,12869,2027,26,0,[],9,1,42,0.03595890410958904,5,0,21,2,0,63,16,0.6521739130434783,4,0,1,1,0.06335616438356165,4,19,8,18.133333333333333,10,20,20,9,0,3,4,755,the_shift,article_pages
138,46,63,9,27,6,76,25,12869,2027,26,0,[],9,1,42,0.03595890410958904,5,0,21,2,0,63,16,0.6521739130434783,4,0,1,1,0.06335616438356165,4,19,8,18.133333333333333,10,20,20,9,0,3,4,756,the_shift,article_pages
138,46,63,9,27,6,76,25,12869,2027,26,0,[],9,1,42,0.03595890410958904,5,0,21,2,0,63,16,0.6521739130434783,4,0,1,1,0.06335616438356165,4,19,8,18.133333333333333,10,20,20,9,0,3,4,757,the_shift,article_pages
138,46,63,9,27,6,76,25,12869,2027,26,0,[],9,1,42,0.03595890410958904,5,0,21,2,0,63,16,0.6521739130434783,4,0,1,1,0.06335616438356165,4,19,8,18.133333333333333,10,20,20,9,0,3,4,758,the_shift,article_pages
138,46,63,9,27,6,76,25,12869,2027,26,0,[],9,1,42,0.03595890410958904,5,0,21,2,0,63,16,0.6521739130434783,4,0,1,1,0.06335616438356165,4,19,8,18.133333333333333,0,0,0,0,0,0,0,759,the_shift,article_pages
138,46,63,9,27,6,76,25,12869,2027,26,0,[],9,1,42,0.03595890410958904,5,0,21,2,0,63,16,0.6521739130434783,4,0,1,1,0.06335616438356165,4,19,8,18.133333333333333,10,20,20,9,0,3,4,760,the_shift,article_pages
138,46,63,9,27,6,76,25,12869,2027,26,0,[],9,1,42,0.03595890410958904,5,0,21,2,0,63,16,0.6521739130434783,4,0,1,1,0.06335616438356165,4,19,8,18.133333333333333,10,20,20,9,0,3,4,761,the_shift,article_pages
133,44,63,10,27,6,46,24,7787,1238,26,1,"[{'tag': 'iframe', 'src': 'https://adb91b820a23687e364712e8be44c101.safeframe.googlesyndication.com/safeframe/1-0-45/html/container.html', 'aria_label': 'Advertisement', 'class': None, 'id': 'google_ads_iframe_/162717810,22769416952/theshiftnews.com/interstitial_0', 'text': ''}]",9,1,43,0.03905540417801998,6,0,23,2,0,63,16,0.6363636363636364,4,0,1,1,0.06357856494096276,4,19,8,16.6,10,20,20,9,0,3,4,762,the_shift,article_pages
133,44,63,10,27,6,46,24,7787,1238,26,1,"[{'tag': 'iframe', 'src': 'https://adb91b820a23687e364712e8be44c101.safeframe.googlesyndication.com/safeframe/1-0-45/html/container.html', 'aria_label': 'Advertisement', 'class': None, 'id': 'google_ads_iframe_/162717810,22769416952/theshiftnews.com/interstitial_0', 'text': ''}]",9,1,43,0.03905540417801998,6,0,23,2,0,63,16,0.6363636363636364,4,0,1,1,0.06357856494096276,4,19,8,16.6,10,20,20,9,0,3,4,763,the_shift,article_pages
133,44,63,10,27,6,46,24,7787,1238,26,1,"[{'tag': 'iframe', 'src': 'https://adb91b820a23687e364712e8be44c101.safeframe.googlesyndication.com/safeframe/1-0-45/html/container.html', 'aria_label': 'Advertisement', 'class': None, 'id': 'google_ads_iframe_/162717810,22769416952/theshiftnews.com/interstitial_0', 'text': ''}]",9,1,43,0.03905540417801998,6,0,23,2,0,63,16,0.6363636363636364,4,0,1,1,0.06357856494096276,4,19,8,16.6,0,0,0,0,0,0,0,764,the_shift,article_pages
133,44,63,10,27,6,46,24,7787,1238,26,1,"[{'tag': 'iframe', 'src': 'https://adb91b820a23687e364712e8be44c101.safeframe.googlesyndication.com/safeframe/1-0-45/html/container.html', 'aria_label': 'Advertisement', 'class': None, 'id': 'google_ads_iframe_/162717810,22769416952/theshiftnews.com/interstitial_0', 'text': ''}]",9,1,43,0.03905540417801998,6,0,23,2,0,63,16,0.6363636363636364,4,0,1,1,0.06357856494096276,4,19,8,16.6,10,20,20,9,0,3,4,765,the_shift,article_pages
133,44,63,10,27,6,46,24,7787,1238,26,1,"[{'tag': 'iframe', 'src': 'https://adb91b820a23687e364712e8be44c101.safeframe.googlesyndication.com/safeframe/1-0-45/html/container.html', 'aria_label': 'Advertisement', 'class': None, 'id': 'google_ads_iframe_/162717810,22769416952/theshiftnews.com/interstitial_0', 'text': ''}]",9,1,43,0.03905540417801998,6,0,23,2,0,63,16,0.6363636363636364,4,0,1,1,0.06357856494096276,4,19,8,16.6,0,0,0,0,0,0,0,766,the_shift,article_pages
133,44,63,10,27,6,46,24,7787,1238,26,1,"[{'tag': 'iframe', 'src': 'https://adb91b820a23687e364712e8be44c101.safeframe.googlesyndication.com/safeframe/1-0-45/html/container.html', 'aria_label': 'Advertisement', 'class': None, 'id': 'google_ads_iframe_/162717810,22769416952/theshiftnews.com/interstitial_0', 'text': ''}]",9,1,43,0.03905540417801998,6,0,23,2,0,63,16,0.6363636363636364,4,0,1,1,0.06357856494096276,4,19,8,16.6,10,20,20,9,0,3,4,767,the_shift,article_pages
133,44,63,10,27,6,46,24,7787,1238,26,1,"[{'tag': 'iframe', 'src': 'https://adb91b820a23687e364712e8be44c101.safeframe.googlesyndication.com/safeframe/1-0-45/html/container.html', 'aria_label': 'Advertisement', 'class': None, 'id': 'google_ads_iframe_/162717810,22769416952/theshiftnews.com/interstitial_0', 'text': ''}]",9,1,43,0.03905540417801998,6,0,23,2,0,63,16,0.6363636363636364,4,0,1,1,0.06357856494096276,4,19,8,16.6,10,20,20,9,0,3,4,768,the_shift,article_pages
133,44,63,10,27,6,46,24,7787,1238,26,1,"[{'tag': 'iframe', 'src': 'https://adb91b820a23687e364712e8be44c101.safeframe.googlesyndication.com/safeframe/1-0-45/html/container.html', 'aria_label': 'Advertisement', 'class': None, 'id': 'google_ads_iframe_/162717810,22769416952/theshiftnews.com/interstitial_0', 'text': ''}]",9,1,43,0.03905540417801998,6,0,23,2,0,63,16,0.6363636363636364,4,0,1,1,0.06357856494096276,4,19,8,16.6,10,20,20,9,0,3,4,769,the_shift,article_pages
133,44,63,10,27,6,46,24,7787,1238,26,1,"[{'tag': 'iframe', 'src': 'https://adb91b820a23687e364712e8be44c101.safeframe.googlesyndication.com/safeframe/1-0-45/html/container.html', 'aria_label': 'Advertisement', 'class': None, 'id': 'google_ads_iframe_/162717810,22769416952/theshiftnews.com/interstitial_0', 'text': ''}]",9,1,43,0.03905540417801998,6,0,23,2,0,63,16,0.6363636363636364,4,0,1,1,0.06357856494096276,4,19,8,16.6,10,20,20,9,0,3,4,770,the_shift,article_pages
133,44,63,10,27,6,46,24,7787,1238,26,1,"[{'tag': 'iframe', 'src': 'https://adb91b820a23687e364712e8be44c101.safeframe.googlesyndication.com/safeframe/1-0-45/html/container.html', 'aria_label': 'Advertisement', 'class': None, 'id': 'google_ads_iframe_/162717810,22769416952/theshiftnews.com/interstitial_0', 'text': ''}]",9,1,43,0.03905540417801998,6,0,23,2,0,63,16,0.6363636363636364,4,0,1,1,0.06357856494096276,4,19,8,16.6,0,0,0,0,0,0,0,771,the_shift,article_pages
133,44,63,10,27,6,46,24,7787,1238,26,1,"[{'tag': 'iframe', 'src': 'https://adb91b820a23687e364712e8be44c101.safeframe.googlesyndication.com/safeframe/1-0-45/html/container.html', 'aria_label': 'Advertisement', 'class': None, 'id': 'google_ads_iframe_/162717810,22769416952/theshiftnews.com/interstitial_0', 'text': ''}]",9,1,43,0.03905540417801998,6,0,23,2,0,63,16,0.6363636363636364,4,0,1,1,0.06357856494096276,4,19,8,16.6,10,20,20,9,0,3,4,772,the_shift,article_pages
133,44,63,10,27,6,46,24,7787,1238,26,1,"[{'tag': 'iframe', 'src': 'https://adb91b820a23687e364712e8be44c101.safeframe.googlesyndication.com/safeframe/1-0-45/html/container.html', 'aria_label': 'Advertisement', 'class': None, 'id': 'google_ads_iframe_/162717810,22769416952/theshiftnews.com/interstitial_0', 'text': ''}]",9,1,43,0.03905540417801998,6,0,23,2,0,63,16,0.6363636363636364,4,0,1,1,0.06357856494096276,4,19,8,16.6,0,0,0,0,0,0,0,773,the_shift,article_pages
133,44,63,10,27,6,46,24,7787,1238,26,1,"[{'tag': 'iframe', 'src': 'https://adb91b820a23687e364712e8be44c101.safeframe.googlesyndication.com/safeframe/1-0-45/html/container.html', 'aria_label': 'Advertisement', 'class': None, 'id': 'google_ads_iframe_/162717810,22769416952/theshiftnews.com/interstitial_0', 'text': ''}]",9,1,43,0.03905540417801998,6,0,23,2,0,63,16,0.6363636363636364,4,0,1,1,0.06357856494096276,4,19,8,16.6,10,20,20,9,0,3,4,774,the_shift,article_pages
133,44,63,10,27,6,46,24,7787,1238,26,1,"[{'tag': 'iframe', 'src': 'https://adb91b820a23687e364712e8be44c101.safeframe.googlesyndication.com/safeframe/1-0-45/html/container.html', 'aria_label': 'Advertisement', 'class': None, 'id': 'google_ads_iframe_/162717810,22769416952/theshiftnews.com/interstitial_0', 'text': ''}]",9,1,43,0.03905540417801998,6,0,23,2,0,63,16,0.6363636363636364,4,0,1,1,0.06357856494096276,4,19,8,16.6,10,20,20,9,0,3,4,775,the_shift,article_pages
133,44,63,10,27,6,46,24,7787,1238,26,1,"[{'tag': 'iframe', 'src': 'https://adb91b820a23687e364712e8be44c101.safeframe.googlesyndication.com/safeframe/1-0-45/html/container.html', 'aria_label': 'Advertisement', 'class': None, 'id': 'google_ads_iframe_/162717810,22769416952/theshiftnews.com/interstitial_0', 'text': ''}]",9,1,43,0.03905540417801998,6,0,23,2,0,63,16,0.6363636363636364,4,0,1,1,0.06357856494096276,4,19,8,16.6,10,20,20,9,0,3,4,776,the_shift,article_pages
133,44,63,10,27,6,46,24,7787,1238,26,1,"[{'tag': 'iframe', 'src': 'https://adb91b820a23687e364712e8be44c101.safeframe.googlesyndication.com/safeframe/1-0-45/html/container.html', 'aria_label': 'Advertisement', 'class': None, 'id': 'google_ads_iframe_/162717810,22769416952/theshiftnews.com/interstitial_0', 'text': ''}]",9,1,43,0.03905540417801998,6,0,23,2,0,63,16,0.6363636363636364,4,0,1,1,0.06357856494096276,4,19,8,16.6,10,20,20,9,0,3,4,777,the_shift,article_pages
129,44,63,9,27,6,46,24,7443,1163,26,0,[],9,1,40,0.03669724770642202,5,0,21,2,0,63,16,0.6363636363636364,4,0,1,1,0.06422018348623854,4,19,8,12.2,10,20,20,9,0,3,4,778,the_shift,article_pages
129,44,63,9,27,6,46,24,7443,1163,26,0,[],9,1,40,0.03669724770642202,5,0,21,2,0,63,16,0.6363636363636364,4,0,1,1,0.06422018348623854,4,19,8,12.2,10,20,20,9,0,3,4,779,the_shift,article_pages
129,44,63,9,27,6,46,24,7443,1163,26,0,[],9,1,40,0.03669724770642202,5,0,21,2,0,63,16,0.6363636363636364,4,0,1,1,0.06422018348623854,4,19,8,12.2,0,0,0,0,0,0,0,780,the_shift,article_pages
129,44,63,9,27,6,46,24,7443,1163,26,0,[],9,1,40,0.03669724770642202,5,0,21,2,0,63,16,0.6363636363636364,4,0,1,1,0.06422018348623854,4,19,8,12.2,0,0,0,0,0,0,0,781,the_shift,article_pages
129,44,63,9,27,6,46,24,7443,1163,26,0,[],9,1,40,0.03669724770642202,5,0,21,2,0,63,16,0.6363636363636364,4,0,1,1,0.06422018348623854,4,19,8,12.2,10,20,20,9,0,3,4,782,the_shift,article_pages
129,44,63,9,27,6,46,24,7443,1163,26,0,[],9,1,40,0.03669724770642202,5,0,21,2,0,63,16,0.6363636363636364,4,0,1,1,0.06422018348623854,4,19,8,12.2,0,0,0,0,0,0,0,783,the_shift,article_pages
129,44,63,9,27,6,46,24,7443,1163,26,0,[],9,1,40,0.03669724770642202,5,0,21,2,0,63,16,0.6363636363636364,4,0,1,1,0.06422018348623854,4,19,8,12.2,10,20,20,9,0,3,4,784,the_shift,article_pages
129,44,63,9,27,6,46,24,7443,1163,26,0,[],9,1,40,0.03669724770642202,5,0,21,2,0,63,16,0.6363636363636364,4,0,1,1,0.06422018348623854,4,19,8,12.2,10,20,20,9,0,3,4,785,the_shift,article_pages
129,44,63,9,27,6,46,24,7443,1163,26,0,[],9,1,40,0.03669724770642202,5,0,21,2,0,63,16,0.6363636363636364,4,0,1,1,0.06422018348623854,4,19,8,12.2,0,0,0,0,0,0,0,786,the_shift,article_pages
129,44,63,9,27,6,46,24,7443,1163,26,0,[],9,1,40,0.03669724770642202,5,0,21,2,0,63,16,0.6363636363636364,4,0,1,1,0.06422018348623854,4,19,8,12.2,10,20,20,9,0,3,4,787,the_shift,article_pages
129,44,63,9,27,6,46,24,7443,1163,26,0,[],9,1,40,0.03669724770642202,5,0,21,2,0,63,16,0.6363636363636364,4,0,1,1,0.06422018348623854,4,19,8,12.2,0,0,0,0,0,0,0,788,the_shift,article_pages
129,44,63,9,27,6,46,24,7443,1163,26,0,[],9,1,40,0.03669724770642202,5,0,21,2,0,63,16,0.6363636363636364,4,0,1,1,0.06422018348623854,4,19,8,12.2,10,20,20,9,0,3,4,789,the_shift,article_pages
129,44,63,9,27,6,46,24,7443,1163,26,0,[],9,1,40,0.03669724770642202,5,0,21,2,0,63,16,0.6363636363636364,4,0,1,1,0.06422018348623854,4,19,8,12.2,10,20,20,9,0,3,4,790,the_shift,article_pages
140,49,67,14,28,6,78,24,10630,1664,26,2,"[{'tag': 'iframe', 'src': 'https://e27762b050d7b5a24193ca6bd230fb75.safeframe.googlesyndication.com/safeframe/1-0-45/html/container.html', 'aria_label': 'Advertisement', 'class': None, 'id': 'google_ads_iframe_/162717810,22769416952/theshiftnews.com/reward_0', 'text': ''}, {'tag': 'iframe', 'src': 'https://e27762b050d7b5a24193ca6bd230fb75.safeframe.googlesyndication.com/safeframe/1-0-45/html/container.html', 'aria_label': 'Advertisement', 'class': None, 'id': 'google_ads_iframe_/162717810,22769416952/theshiftnews.com/interstitial_0', 'text': ''}]",12,1,55,0.04250386398763524,10,0,31,2,0,63,16,0.673469387755102,4,0,1,1,0.0571870170015456,4,19,8,12.688311688311689,0,0,0,0,0,0,0,791,the_shift,article_pages
140,49,67,14,28,6,78,24,10630,1664,26,2,"[{'tag': 'iframe', 'src': 'https://e27762b050d7b5a24193ca6bd230fb75.safeframe.googlesyndication.com/safeframe/1-0-45/html/container.html', 'aria_label': 'Advertisement', 'class': None, 'id': 'google_ads_iframe_/162717810,22769416952/theshiftnews.com/reward_0', 'text': ''}, {'tag': 'iframe', 'src': 'https://e27762b050d7b5a24193ca6bd230fb75.safeframe.googlesyndication.com/safeframe/1-0-45/html/container.html', 'aria_label': 'Advertisement', 'class': None, 'id': 'google_ads_iframe_/162717810,22769416952/theshiftnews.com/interstitial_0', 'text': ''}]",12,1,55,0.04250386398763524,10,0,31,2,0,63,16,0.673469387755102,4,0,1,1,0.0571870170015456,4,19,8,12.688311688311689,0,0,0,0,0,0,0,792,the_shift,article_pages
140,49,67,14,28,6,78,24,10630,1664,26,2,"[{'tag': 'iframe', 'src': 'https://e27762b050d7b5a24193ca6bd230fb75.safeframe.googlesyndication.com/safeframe/1-0-45/html/container.html', 'aria_label': 'Advertisement', 'class': None, 'id': 'google_ads_iframe_/162717810,22769416952/theshiftnews.com/reward_0', 'text': ''}, {'tag': 'iframe', 'src': 'https://e27762b050d7b5a24193ca6bd230fb75.safeframe.googlesyndication.com/safeframe/1-0-45/html/container.html', 'aria_label': 'Advertisement', 'class': None, 'id': 'google_ads_iframe_/162717810,22769416952/theshiftnews.com/interstitial_0', 'text': ''}]",12,1,55,0.04250386398763524,10,0,31,2,0,63,16,0.673469387755102,4,0,1,1,0.0571870170015456,4,19,8,12.688311688311689,0,0,0,0,0,0,0,793,the_shift,article_pages
140,49,67,14,28,6,78,24,10630,1664,26,2,"[{'tag': 'iframe', 'src': 'https://e27762b050d7b5a24193ca6bd230fb75.safeframe.googlesyndication.com/safeframe/1-0-45/html/container.html', 'aria_label': 'Advertisement', 'class': None, 'id': 'google_ads_iframe_/162717810,22769416952/theshiftnews.com/reward_0', 'text': ''}, {'tag': 'iframe', 'src': 'https://e27762b050d7b5a24193ca6bd230fb75.safeframe.googlesyndication.com/safeframe/1-0-45/html/container.html', 'aria_label': 'Advertisement', 'class': None, 'id': 'google_ads_iframe_/162717810,22769416952/theshiftnews.com/interstitial_0', 'text': ''}]",12,1,55,0.04250386398763524,10,0,31,2,0,63,16,0.673469387755102,4,0,1,1,0.0571870170015456,4,19,8,12.688311688311689,0,0,0,0,0,0,0,794,the_shift,article_pages
140,49,67,14,28,6,78,24,10630,1664,26,2,"[{'tag': 'iframe', 'src': 'https://e27762b050d7b5a24193ca6bd230fb75.safeframe.googlesyndication.com/safeframe/1-0-45/html/container.html', 'aria_label': 'Advertisement', 'class': None, 'id': 'google_ads_iframe_/162717810,22769416952/theshiftnews.com/reward_0', 'text': ''}, {'tag': 'iframe', 'src': 'https://e27762b050d7b5a24193ca6bd230fb75.safeframe.googlesyndication.com/safeframe/1-0-45/html/container.html', 'aria_label': 'Advertisement', 'class': None, 'id': 'google_ads_iframe_/162717810,22769416952/theshiftnews.com/interstitial_0', 'text': ''}]",12,1,55,0.04250386398763524,10,0,31,2,0,63,16,0.673469387755102,4,0,1,1,0.0571870170015456,4,19,8,12.688311688311689,0,0,0,0,0,0,0,795,the_shift,article_pages
140,49,67,14,28,6,78,24,10630,1664,26,2,"[{'tag': 'iframe', 'src': 'https://e27762b050d7b5a24193ca6bd230fb75.safeframe.googlesyndication.com/safeframe/1-0-45/html/container.html', 'aria_label': 'Advertisement', 'class': None, 'id': 'google_ads_iframe_/162717810,22769416952/theshiftnews.com/reward_0', 'text': ''}, {'tag': 'iframe', 'src': 'https://e27762b050d7b5a24193ca6bd230fb75.safeframe.googlesyndication.com/safeframe/1-0-45/html/container.html', 'aria_label': 'Advertisement', 'class': None, 'id': 'google_ads_iframe_/162717810,22769416952/theshiftnews.com/interstitial_0', 'text': ''}]",12,1,55,0.04250386398763524,10,0,31,2,0,63,16,0.673469387755102,4,0,1,1,0.0571870170015456,4,19,8,12.688311688311689,0,0,0,0,0,0,0,796,the_shift,article_pages
140,49,67,14,28,6,78,24,10630,1664,26,2,"[{'tag': 'iframe', 'src': 'https://e27762b050d7b5a24193ca6bd230fb75.safeframe.googlesyndication.com/safeframe/1-0-45/html/container.html', 'aria_label': 'Advertisement', 'class': None, 'id': 'google_ads_iframe_/162717810,22769416952/theshiftnews.com/reward_0', 'text': ''}, {'tag': 'iframe', 'src': 'https://e27762b050d7b5a24193ca6bd230fb75.safeframe.googlesyndication.com/safeframe/1-0-45/html/container.html', 'aria_label': 'Advertisement', 'class': None, 'id': 'google_ads_iframe_/162717810,22769416952/theshiftnews.com/interstitial_0', 'text': ''}]",12,1,55,0.04250386398763524,10,0,31,2,0,63,16,0.673469387755102,4,0,1,1,0.0571870170015456,4,19,8,12.688311688311689,0,0,0,0,0,0,0,797,the_shift,article_pages
140,49,67,14,28,6,78,24,10630,1664,26,2,"[{'tag': 'iframe', 'src': 'https://e27762b050d7b5a24193ca6bd230fb75.safeframe.googlesyndication.com/safeframe/1-0-45/html/container.html', 'aria_label': 'Advertisement', 'class': None, 'id': 'google_ads_iframe_/162717810,22769416952/theshiftnews.com/reward_0', 'text': ''}, {'tag': 'iframe', 'src': 'https://e27762b050d7b5a24193ca6bd230fb75.safeframe.googlesyndication.com/safeframe/1-0-45/html/container.html', 'aria_label': 'Advertisement', 'class': None, 'id': 'google_ads_iframe_/162717810,22769416952/theshiftnews.com/interstitial_0', 'text': ''}]",12,1,55,0.04250386398763524,10,0,31,2,0,63,16,0.673469387755102,4,0,1,1,0.0571870170015456,4,19,8,12.688311688311689,0,0,0,0,0,0,0,798,the_shift,article_pages
140,49,67,14,28,6,78,24,10630,1664,26,2,"[{'tag': 'iframe', 'src': 'https://e27762b050d7b5a24193ca6bd230fb75.safeframe.googlesyndication.com/safeframe/1-0-45/html/container.html', 'aria_label': 'Advertisement', 'class': None, 'id': 'google_ads_iframe_/162717810,22769416952/theshiftnews.com/reward_0', 'text': ''}, {'tag': 'iframe', 'src': 'https://e27762b050d7b5a24193ca6bd230fb75.safeframe.googlesyndication.com/safeframe/1-0-45/html/container.html', 'aria_label': 'Advertisement', 'class': None, 'id': 'google_ads_iframe_/162717810,22769416952/theshiftnews.com/interstitial_0', 'text': ''}]",12,1,55,0.04250386398763524,10,0,31,2,0,63,16,0.673469387755102,4,0,1,1,0.0571870170015456,4,19,8,12.688311688311689,0,0,0,0,0,0,0,799,the_shift,article_pages
140,49,67,14,28,6,78,24,10630,1664,26,2,"[{'tag': 'iframe', 'src': 'https://e27762b050d7b5a24193ca6bd230fb75.safeframe.googlesyndication.com/safeframe/1-0-45/html/container.html', 'aria_label': 'Advertisement', 'class': None, 'id': 'google_ads_iframe_/162717810,22769416952/theshiftnews.com/reward_0', 'text': ''}, {'tag': 'iframe', 'src': 'https://e27762b050d7b5a24193ca6bd230fb75.safeframe.googlesyndication.com/safeframe/1-0-45/html/container.html', 'aria_label': 'Advertisement', 'class': None, 'id': 'google_ads_iframe_/162717810,22769416952/theshiftnews.com/interstitial_0', 'text': ''}]",12,1,55,0.04250386398763524,10,0,31,2,0,63,16,0.673469387755102,4,0,1,1,0.0571870170015456,4,19,8,12.688311688311689,0,0,0,0,0,0,0,800,the_shift,article_pages
140,49,67,14,28,6,78,24,10630,1664,26,2,"[{'tag': 'iframe', 'src': 'https://e27762b050d7b5a24193ca6bd230fb75.safeframe.googlesyndication.com/safeframe/1-0-45/html/container.html', 'aria_label': 'Advertisement', 'class': None, 'id': 'google_ads_iframe_/162717810,22769416952/theshiftnews.com/reward_0', 'text': ''}, {'tag': 'iframe', 'src': 'https://e27762b050d7b5a24193ca6bd230fb75.safeframe.googlesyndication.com/safeframe/1-0-45/html/container.html', 'aria_label': 'Advertisement', 'class': None, 'id': 'google_ads_iframe_/162717810,22769416952/theshiftnews.com/interstitial_0', 'text': ''}]",12,1,55,0.04250386398763524,10,0,31,2,0,63,16,0.673469387755102,4,0,1,1,0.0571870170015456,4,19,8,12.688311688311689,0,0,0,0,0,0,0,801,the_shift,article_pages
140,49,67,14,28,6,78,24,10630,1664,26,2,"[{'tag': 'iframe', 'src': 'https://e27762b050d7b5a24193ca6bd230fb75.safeframe.googlesyndication.com/safeframe/1-0-45/html/container.html', 'aria_label': 'Advertisement', 'class': None, 'id': 'google_ads_iframe_/162717810,22769416952/theshiftnews.com/reward_0', 'text': ''}, {'tag': 'iframe', 'src': 'https://e27762b050d7b5a24193ca6bd230fb75.safeframe.googlesyndication.com/safeframe/1-0-45/html/container.html', 'aria_label': 'Advertisement', 'class': None, 'id': 'google_ads_iframe_/162717810,22769416952/theshiftnews.com/interstitial_0', 'text': ''}]",12,1,55,0.04250386398763524,10,0,31,2,0,63,16,0.673469387755102,4,0,1,1,0.0571870170015456,4,19,8,12.688311688311689,0,0,0,0,0,0,0,802,the_shift,article_pages
140,49,67,14,28,6,78,24,10630,1664,26,2,"[{'tag': 'iframe', 'src': 'https://e27762b050d7b5a24193ca6bd230fb75.safeframe.googlesyndication.com/safeframe/1-0-45/html/container.html', 'aria_label': 'Advertisement', 'class': None, 'id': 'google_ads_iframe_/162717810,22769416952/theshiftnews.com/reward_0', 'text': ''}, {'tag': 'iframe', 'src': 'https://e27762b050d7b5a24193ca6bd230fb75.safeframe.googlesyndication.com/safeframe/1-0-45/html/container.html', 'aria_label': 'Advertisement', 'class': None, 'id': 'google_ads_iframe_/162717810,22769416952/theshiftnews.com/interstitial_0', 'text': ''}]",12,1,55,0.04250386398763524,10,0,31,2,0,63,16,0.673469387755102,4,0,1,1,0.0571870170015456,4,19,8,12.688311688311689,0,0,0,0,0,0,0,803,the_shift,article_pages
140,49,67,14,28,6,78,24,10630,1664,26,2,"[{'tag': 'iframe', 'src': 'https://e27762b050d7b5a24193ca6bd230fb75.safeframe.googlesyndication.com/safeframe/1-0-45/html/container.html', 'aria_label': 'Advertisement', 'class': None, 'id': 'google_ads_iframe_/162717810,22769416952/theshiftnews.com/reward_0', 'text': ''}, {'tag': 'iframe', 'src': 'https://e27762b050d7b5a24193ca6bd230fb75.safeframe.googlesyndication.com/safeframe/1-0-45/html/container.html', 'aria_label': 'Advertisement', 'class': None, 'id': 'google_ads_iframe_/162717810,22769416952/theshiftnews.com/interstitial_0', 'text': ''}]",12,1,55,0.04250386398763524,10,0,31,2,0,63,16,0.673469387755102,4,0,1,1,0.0571870170015456,4,19,8,12.688311688311689,0,0,0,0,0,0,0,804,the_shift,article_pages
140,49,67,14,28,6,78,24,10630,1664,26,2,"[{'tag': 'iframe', 'src': 'https://e27762b050d7b5a24193ca6bd230fb75.safeframe.googlesyndication.com/safeframe/1-0-45/html/container.html', 'aria_label': 'Advertisement', 'class': None, 'id': 'google_ads_iframe_/162717810,22769416952/theshiftnews.com/reward_0', 'text': ''}, {'tag': 'iframe', 'src': 'https://e27762b050d7b5a24193ca6bd230fb75.safeframe.googlesyndication.com/safeframe/1-0-45/html/container.html', 'aria_label': 'Advertisement', 'class': None, 'id': 'google_ads_iframe_/162717810,22769416952/theshiftnews.com/interstitial_0', 'text': ''}]",12,1,55,0.04250386398763524,10,0,31,2,0,63,16,0.673469387755102,4,0,1,1,0.0571870170015456,4,19,8,12.688311688311689,0,0,0,0,0,0,0,805,the_shift,article_pages
67,21,77,15,28,0,1,13,1702,264,12,3,"[{'tag': 'iframe', 'src': None, 'aria_label': 'Advertisement', 'class': None, 'id': 'google_ads_iframe_/65246246/timesofmalta.com/billboard1_0', 'text': ''}, {'tag': 'iframe', 'src': None, 'aria_label': 'Advertisement', 'class': None, 'id': 'google_ads_iframe_/65246246/timesofmalta.com/sidebar1_0', 'text': ''}, {'tag': 'iframe', 'src': None, 'aria_label': 'Advertisement', 'class': None, 'id': 'google_ads_iframe_/65246246/timesofmalta.com/billboard2_0', 'text': ''}]",12,1,59,0.11195445920303605,49,0,8,0,0,0,1,0.9523809523809523,0,0,1,1,0.06451612903225806,0,0,0,10.0,0,0,0,0,0,0,0,806,times_of_malta,home_page
67,21,77,15,28,0,1,13,1702,264,12,3,"[{'tag': 'iframe', 'src': None, 'aria_label': 'Advertisement', 'class': None, 'id': 'google_ads_iframe_/65246246/timesofmalta.com/billboard1_0', 'text': ''}, {'tag': 'iframe', 'src': None, 'aria_label': 'Advertisement', 'class': None, 'id': 'google_ads_iframe_/65246246/timesofmalta.com/sidebar1_0', 'text': ''}, {'tag': 'iframe', 'src': None, 'aria_label': 'Advertisement', 'class': None, 'id': 'google_ads_iframe_/65246246/timesofmalta.com/billboard2_0', 'text': ''}]",12,1,59,0.11195445920303605,49,0,8,0,0,0,1,0.9523809523809523,0,0,1,1,0.06451612903225806,0,0,0,10.0,0,0,0,0,0,0,0,807,times_of_malta,home_page
67,21,77,15,28,0,1,13,1702,264,12,3,"[{'tag': 'iframe', 'src': None, 'aria_label': 'Advertisement', 'class': None, 'id': 'google_ads_iframe_/65246246/timesofmalta.com/billboard1_0', 'text': ''}, {'tag': 'iframe', 'src': None, 'aria_label': 'Advertisement', 'class': None, 'id': 'google_ads_iframe_/65246246/timesofmalta.com/sidebar1_0', 'text': ''}, {'tag': 'iframe', 'src': None, 'aria_label': 'Advertisement', 'class': None, 'id': 'google_ads_iframe_/65246246/timesofmalta.com/billboard2_0', 'text': ''}]",12,1,59,0.11195445920303605,49,0,8,0,0,0,1,0.9523809523809523,0,0,1,1,0.06451612903225806,0,0,0,10.0,0,0,0,0,0,0,0,808,times_of_malta,home_page
67,21,77,15,28,0,1,13,1702,264,12,3,"[{'tag': 'iframe', 'src': None, 'aria_label': 'Advertisement', 'class': None, 'id': 'google_ads_iframe_/65246246/timesofmalta.com/billboard1_0', 'text': ''}, {'tag': 'iframe', 'src': None, 'aria_label': 'Advertisement', 'class': None, 'id': 'google_ads_iframe_/65246246/timesofmalta.com/sidebar1_0', 'text': ''}, {'tag': 'iframe', 'src': None, 'aria_label': 'Advertisement', 'class': None, 'id': 'google_ads_iframe_/65246246/timesofmalta.com/billboard2_0', 'text': ''}]",12,1,59,0.11195445920303605,49,0,8,0,0,0,1,0.9523809523809523,0,0,1,1,0.06451612903225806,0,0,0,10.0,0,0,0,0,0,0,0,809,times_of_malta,home_page
67,21,77,15,28,0,1,13,1702,264,12,3,"[{'tag': 'iframe', 'src': None, 'aria_label': 'Advertisement', 'class': None, 'id': 'google_ads_iframe_/65246246/timesofmalta.com/billboard1_0', 'text': ''}, {'tag': 'iframe', 'src': None, 'aria_label': 'Advertisement', 'class': None, 'id': 'google_ads_iframe_/65246246/timesofmalta.com/sidebar1_0', 'text': ''}, {'tag': 'iframe', 'src': None, 'aria_label': 'Advertisement', 'class': None, 'id': 'google_ads_iframe_/65246246/timesofmalta.com/billboard2_0', 'text': ''}]",12,1,59,0.11195445920303605,49,0,8,0,0,0,1,0.9523809523809523,0,0,1,1,0.06451612903225806,0,0,0,10.0,0,0,0,0,0,0,0,810,times_of_malta,home_page
67,21,77,15,28,0,1,13,1702,264,12,3,"[{'tag': 'iframe', 'src': None, 'aria_label': 'Advertisement', 'class': None, 'id': 'google_ads_iframe_/65246246/timesofmalta.com/billboard1_0', 'text': ''}, {'tag': 'iframe', 'src': None, 'aria_label': 'Advertisement', 'class': None, 'id': 'google_ads_iframe_/65246246/timesofmalta.com/sidebar1_0', 'text': ''}, {'tag': 'iframe', 'src': None, 'aria_label': 'Advertisement', 'class': None, 'id': 'google_ads_iframe_/65246246/timesofmalta.com/billboard2_0', 'text': ''}]",12,1,59,0.11195445920303605,49,0,8,0,0,0,1,0.9523809523809523,0,0,1,1,0.06451612903225806,0,0,0,10.0,0,0,0,0,0,0,0,811,times_of_malta,home_page
67,21,77,15,28,0,1,13,1702,264,12,3,"[{'tag': 'iframe', 'src': None, 'aria_label': 'Advertisement', 'class': None, 'id': 'google_ads_iframe_/65246246/timesofmalta.com/billboard1_0', 'text': ''}, {'tag': 'iframe', 'src': None, 'aria_label': 'Advertisement', 'class': None, 'id': 'google_ads_iframe_/65246246/timesofmalta.com/sidebar1_0', 'text': ''}, {'tag': 'iframe', 'src': None, 'aria_label': 'Advertisement', 'class': None, 'id': 'google_ads_iframe_/65246246/timesofmalta.com/billboard2_0', 'text': ''}]",12,1,59,0.11195445920303605,49,0,8,0,0,0,1,0.9523809523809523,0,0,1,1,0.06451612903225806,0,0,0,10.0,0,0,0,0,0,0,0,812,times_of_malta,home_page
67,21,77,15,28,0,1,13,1702,264,12,3,"[{'tag': 'iframe', 'src': None, 'aria_label': 'Advertisement', 'class': None, 'id': 'google_ads_iframe_/65246246/timesofmalta.com/billboard1_0', 'text': ''}, {'tag': 'iframe', 'src': None, 'aria_label': 'Advertisement', 'class': None, 'id': 'google_ads_iframe_/65246246/timesofmalta.com/sidebar1_0', 'text': ''}, {'tag': 'iframe', 'src': None, 'aria_label': 'Advertisement', 'class': None, 'id': 'google_ads_iframe_/65246246/timesofmalta.com/billboard2_0', 'text': ''}]",12,1,59,0.11195445920303605,49,0,8,0,0,0,1,0.9523809523809523,0,0,1,1,0.06451612903225806,0,0,0,10.0,0,0,0,0,0,0,0,813,times_of_malta,home_page
67,21,77,15,28,0,1,13,1702,264,12,3,"[{'tag': 'iframe', 'src': None, 'aria_label': 'Advertisement', 'class': None, 'id': 'google_ads_iframe_/65246246/timesofmalta.com/billboard1_0', 'text': ''}, {'tag': 'iframe', 'src': None, 'aria_label': 'Advertisement', 'class': None, 'id': 'google_ads_iframe_/65246246/timesofmalta.com/sidebar1_0', 'text': ''}, {'tag': 'iframe', 'src': None, 'aria_label': 'Advertisement', 'class': None, 'id': 'google_ads_iframe_/65246246/timesofmalta.com/billboard2_0', 'text': ''}]",12,1,59,0.11195445920303605,49,0,8,0,0,0,1,0.9523809523809523,0,0,1,1,0.06451612903225806,0,0,0,10.0,0,0,0,0,0,0,0,814,times_of_malta,home_page
67,21,77,15,28,0,1,13,1702,264,12,3,"[{'tag': 'iframe', 'src': None, 'aria_label': 'Advertisement', 'class': None, 'id': 'google_ads_iframe_/65246246/timesofmalta.com/billboard1_0', 'text': ''}, {'tag': 'iframe', 'src': None, 'aria_label': 'Advertisement', 'class': None, 'id': 'google_ads_iframe_/65246246/timesofmalta.com/sidebar1_0', 'text': ''}, {'tag': 'iframe', 'src': None, 'aria_label': 'Advertisement', 'class': None, 'id': 'google_ads_iframe_/65246246/timesofmalta.com/billboard2_0', 'text': ''}]",12,1,59,0.11195445920303605,49,0,8,0,0,0,1,0.9523809523809523,0,0,1,1,0.06451612903225806,0,0,0,10.0,0,0,0,0,0,0,0,815,times_of_malta,home_page
67,21,77,15,28,0,1,13,1702,264,12,3,"[{'tag': 'iframe', 'src': None, 'aria_label': 'Advertisement', 'class': None, 'id': 'google_ads_iframe_/65246246/timesofmalta.com/billboard1_0', 'text': ''}, {'tag': 'iframe', 'src': None, 'aria_label': 'Advertisement', 'class': None, 'id': 'google_ads_iframe_/65246246/timesofmalta.com/sidebar1_0', 'text': ''}, {'tag': 'iframe', 'src': None, 'aria_label': 'Advertisement', 'class': None, 'id': 'google_ads_iframe_/65246246/timesofmalta.com/billboard2_0', 'text': ''}]",12,1,59,0.11195445920303605,49,0,8,0,0,0,1,0.9523809523809523,0,0,1,1,0.06451612903225806,0,0,0,10.0,0,0,0,0,0,0,0,816,times_of_malta,home_page
67,21,77,15,28,0,1,13,1702,264,12,3,"[{'tag': 'iframe', 'src': None, 'aria_label': 'Advertisement', 'class': None, 'id': 'google_ads_iframe_/65246246/timesofmalta.com/billboard1_0', 'text': ''}, {'tag': 'iframe', 'src': None, 'aria_label': 'Advertisement', 'class': None, 'id': 'google_ads_iframe_/65246246/timesofmalta.com/sidebar1_0', 'text': ''}, {'tag': 'iframe', 'src': None, 'aria_label': 'Advertisement', 'class': None, 'id': 'google_ads_iframe_/65246246/timesofmalta.com/billboard2_0', 'text': ''}]",12,1,59,0.11195445920303605,49,0,8,0,0,0,1,0.9523809523809523,0,0,1,1,0.06451612903225806,0,0,0,10.0,0,0,0,0,0,0,0,817,times_of_malta,home_page
67,21,77,15,28,0,1,13,1702,264,12,3,"[{'tag': 'iframe', 'src': None, 'aria_label': 'Advertisement', 'class': None, 'id': 'google_ads_iframe_/65246246/timesofmalta.com/billboard1_0', 'text': ''}, {'tag': 'iframe', 'src': None, 'aria_label': 'Advertisement', 'class': None, 'id': 'google_ads_iframe_/65246246/timesofmalta.com/sidebar1_0', 'text': ''}, {'tag': 'iframe', 'src': None, 'aria_label': 'Advertisement', 'class': None, 'id': 'google_ads_iframe_/65246246/timesofmalta.com/billboard2_0', 'text': ''}]",12,1,59,0.11195445920303605,49,0,8,0,0,0,1,0.9523809523809523,0,0,1,1,0.06451612903225806,0,0,0,10.0,0,0,0,0,0,0,0,818,times_of_malta,home_page
67,21,77,15,28,0,1,13,1702,264,12,3,"[{'tag': 'iframe', 'src': None, 'aria_label': 'Advertisement', 'class': None, 'id': 'google_ads_iframe_/65246246/timesofmalta.com/billboard1_0', 'text': ''}, {'tag': 'iframe', 'src': None, 'aria_label': 'Advertisement', 'class': None, 'id': 'google_ads_iframe_/65246246/timesofmalta.com/sidebar1_0', 'text': ''}, {'tag': 'iframe', 'src': None, 'aria_label': 'Advertisement', 'class': None, 'id': 'google_ads_iframe_/65246246/timesofmalta.com/billboard2_0', 'text': ''}]",12,1,59,0.11195445920303605,49,0,8,0,0,0,1,0.9523809523809523,0,0,1,1,0.06451612903225806,0,0,0,10.0,0,0,0,0,0,0,0,819,times_of_malta,home_page
67,21,77,15,28,0,1,13,1702,264,12,3,"[{'tag': 'iframe', 'src': None, 'aria_label': 'Advertisement', 'class': None, 'id': 'google_ads_iframe_/65246246/timesofmalta.com/billboard1_0', 'text': ''}, {'tag': 'iframe', 'src': None, 'aria_label': 'Advertisement', 'class': None, 'id': 'google_ads_iframe_/65246246/timesofmalta.com/sidebar1_0', 'text': ''}, {'tag': 'iframe', 'src': None, 'aria_label': 'Advertisement', 'class': None, 'id': 'google_ads_iframe_/65246246/timesofmalta.com/billboard2_0', 'text': ''}]",12,1,59,0.11195445920303605,49,0,8,0,0,0,1,0.9523809523809523,0,0,1,1,0.06451612903225806,0,0,0,10.0,0,0,0,0,0,0,0,820,times_of_malta,home_page
67,21,77,15,28,0,1,13,1702,264,12,3,"[{'tag': 'iframe', 'src': None, 'aria_label': 'Advertisement', 'class': None, 'id': 'google_ads_iframe_/65246246/timesofmalta.com/billboard1_0', 'text': ''}, {'tag': 'iframe', 'src': None, 'aria_label': 'Advertisement', 'class': None, 'id': 'google_ads_iframe_/65246246/timesofmalta.com/sidebar1_0', 'text': ''}, {'tag': 'iframe', 'src': None, 'aria_label': 'Advertisement', 'class': None, 'id': 'google_ads_iframe_/65246246/timesofmalta.com/billboard2_0', 'text': ''}]",12,1,59,0.11195445920303605,49,0,8,0,0,0,1,0.9523809523809523,0,0,1,1,0.06451612903225806,0,0,0,10.0,0,0,0,0,0,0,0,821,times_of_malta,home_page
67,21,77,15,28,0,1,13,1702,264,12,3,"[{'tag': 'iframe', 'src': None, 'aria_label': 'Advertisement', 'class': None, 'id': 'google_ads_iframe_/65246246/timesofmalta.com/billboard1_0', 'text': ''}, {'tag': 'iframe', 'src': None, 'aria_label': 'Advertisement', 'class': None, 'id': 'google_ads_iframe_/65246246/timesofmalta.com/sidebar1_0', 'text': ''}, {'tag': 'iframe', 'src': None, 'aria_label': 'Advertisement', 'class': None, 'id': 'google_ads_iframe_/65246246/timesofmalta.com/billboard2_0', 'text': ''}]",12,1,59,0.11195445920303605,49,0,8,0,0,0,1,0.9523809523809523,0,0,1,1,0.06451612903225806,0,0,0,10.0,0,0,0,0,0,0,0,822,times_of_malta,home_page
67,21,77,15,28,0,1,13,1702,264,12,3,"[{'tag': 'iframe', 'src': None, 'aria_label': 'Advertisement', 'class': None, 'id': 'google_ads_iframe_/65246246/timesofmalta.com/billboard1_0', 'text': ''}, {'tag': 'iframe', 'src': None, 'aria_label': 'Advertisement', 'class': None, 'id': 'google_ads_iframe_/65246246/timesofmalta.com/sidebar1_0', 'text': ''}, {'tag': 'iframe', 'src': None, 'aria_label': 'Advertisement', 'class': None, 'id': 'google_ads_iframe_/65246246/timesofmalta.com/billboard2_0', 'text': ''}]",12,1,59,0.11195445920303605,49,0,8,0,0,0,1,0.9523809523809523,0,0,1,1,0.06451612903225806,0,0,0,10.0,0,0,0,0,0,0,0,823,times_of_malta,home_page
67,21,77,15,28,0,1,13,1702,264,12,3,"[{'tag': 'iframe', 'src': None, 'aria_label': 'Advertisement', 'class': None, 'id': 'google_ads_iframe_/65246246/timesofmalta.com/billboard1_0', 'text': ''}, {'tag': 'iframe', 'src': None, 'aria_label': 'Advertisement', 'class': None, 'id': 'google_ads_iframe_/65246246/timesofmalta.com/sidebar1_0', 'text': ''}, {'tag': 'iframe', 'src': None, 'aria_label': 'Advertisement', 'class': None, 'id': 'google_ads_iframe_/65246246/timesofmalta.com/billboard2_0', 'text': ''}]",12,1,59,0.11195445920303605,49,0,8,0,0,0,1,0.9523809523809523,0,0,1,1,0.06451612903225806,0,0,0,10.0,0,0,0,0,0,0,0,824,times_of_malta,home_page
67,21,77,15,28,0,1,13,1702,264,12,3,"[{'tag': 'iframe', 'src': None, 'aria_label': 'Advertisement', 'class': None, 'id': 'google_ads_iframe_/65246246/timesofmalta.com/billboard1_0', 'text': ''}, {'tag': 'iframe', 'src': None, 'aria_label': 'Advertisement', 'class': None, 'id': 'google_ads_iframe_/65246246/timesofmalta.com/sidebar1_0', 'text': ''}, {'tag': 'iframe', 'src': None, 'aria_label': 'Advertisement', 'class': None, 'id': 'google_ads_iframe_/65246246/timesofmalta.com/billboard2_0', 'text': ''}]",12,1,59,0.11195445920303605,49,0,8,0,0,0,1,0.9523809523809523,0,0,1,1,0.06451612903225806,0,0,0,10.0,0,0,0,0,0,0,0,825,times_of_malta,home_page
67,21,77,15,28,0,1,13,1702,264,12,3,"[{'tag': 'iframe', 'src': None, 'aria_label': 'Advertisement', 'class': None, 'id': 'google_ads_iframe_/65246246/timesofmalta.com/billboard1_0', 'text': ''}, {'tag': 'iframe', 'src': None, 'aria_label': 'Advertisement', 'class': None, 'id': 'google_ads_iframe_/65246246/timesofmalta.com/sidebar1_0', 'text': ''}, {'tag': 'iframe', 'src': None, 'aria_label': 'Advertisement', 'class': None, 'id': 'google_ads_iframe_/65246246/timesofmalta.com/billboard2_0', 'text': ''}]",12,1,59,0.11195445920303605,49,0,8,0,0,0,1,0.9523809523809523,0,0,1,1,0.06451612903225806,0,0,0,10.0,0,0,0,0,0,0,0,826,times_of_malta,home_page
67,21,77,15,28,0,1,13,1702,264,12,3,"[{'tag': 'iframe', 'src': None, 'aria_label': 'Advertisement', 'class': None, 'id': 'google_ads_iframe_/65246246/timesofmalta.com/billboard1_0', 'text': ''}, {'tag': 'iframe', 'src': None, 'aria_label': 'Advertisement', 'class': None, 'id': 'google_ads_iframe_/65246246/timesofmalta.com/sidebar1_0', 'text': ''}, {'tag': 'iframe', 'src': None, 'aria_label': 'Advertisement', 'class': None, 'id': 'google_ads_iframe_/65246246/timesofmalta.com/billboard2_0', 'text': ''}]",12,1,59,0.11195445920303605,49,0,8,0,0,0,1,0.9523809523809523,0,0,1,1,0.06451612903225806,0,0,0,10.0,0,0,0,0,0,0,0,827,times_of_malta,home_page
67,21,77,15,28,0,1,13,1702,264,12,3,"[{'tag': 'iframe', 'src': None, 'aria_label': 'Advertisement', 'class': None, 'id': 'google_ads_iframe_/65246246/timesofmalta.com/billboard1_0', 'text': ''}, {'tag': 'iframe', 'src': None, 'aria_label': 'Advertisement', 'class': None, 'id': 'google_ads_iframe_/65246246/timesofmalta.com/sidebar1_0', 'text': ''}, {'tag': 'iframe', 'src': None, 'aria_label': 'Advertisement', 'class': None, 'id': 'google_ads_iframe_/65246246/timesofmalta.com/billboard2_0', 'text': ''}]",12,1,59,0.11195445920303605,49,0,8,0,0,0,1,0.9523809523809523,0,0,1,1,0.06451612903225806,0,0,0,10.0,0,0,0,0,0,0,0,828,times_of_malta,home_page
67,21,77,15,28,0,1,13,1702,264,12,3,"[{'tag': 'iframe', 'src': None, 'aria_label': 'Advertisement', 'class': None, 'id': 'google_ads_iframe_/65246246/timesofmalta.com/billboard1_0', 'text': ''}, {'tag': 'iframe', 'src': None, 'aria_label': 'Advertisement', 'class': None, 'id': 'google_ads_iframe_/65246246/timesofmalta.com/sidebar1_0', 'text': ''}, {'tag': 'iframe', 'src': None, 'aria_label': 'Advertisement', 'class': None, 'id': 'google_ads_iframe_/65246246/timesofmalta.com/billboard2_0', 'text': ''}]",12,1,59,0.11195445920303605,49,0,8,0,0,0,1,0.9523809523809523,0,0,1,1,0.06451612903225806,0,0,0,10.0,0,0,0,0,0,0,0,829,times_of_malta,home_page
67,21,77,15,28,0,1,13,1702,264,12,3,"[{'tag': 'iframe', 'src': None, 'aria_label': 'Advertisement', 'class': None, 'id': 'google_ads_iframe_/65246246/timesofmalta.com/billboard1_0', 'text': ''}, {'tag': 'iframe', 'src': None, 'aria_label': 'Advertisement', 'class': None, 'id': 'google_ads_iframe_/65246246/timesofmalta.com/sidebar1_0', 'text': ''}, {'tag': 'iframe', 'src': None, 'aria_label': 'Advertisement', 'class': None, 'id': 'google_ads_iframe_/65246246/timesofmalta.com/billboard2_0', 'text': ''}]",12,1,59,0.11195445920303605,49,0,8,0,0,0,1,0.9523809523809523,0,0,1,1,0.06451612903225806,0,0,0,10.0,0,0,0,0,0,0,0,830,times_of_malta,home_page
67,21,77,15,28,0,1,13,1702,264,12,3,"[{'tag': 'iframe', 'src': None, 'aria_label': 'Advertisement', 'class': None, 'id': 'google_ads_iframe_/65246246/timesofmalta.com/billboard1_0', 'text': ''}, {'tag': 'iframe', 'src': None, 'aria_label': 'Advertisement', 'class': None, 'id': 'google_ads_iframe_/65246246/timesofmalta.com/sidebar1_0', 'text': ''}, {'tag': 'iframe', 'src': None, 'aria_label': 'Advertisement', 'class': None, 'id': 'google_ads_iframe_/65246246/timesofmalta.com/billboard2_0', 'text': ''}]",12,1,59,0.11195445920303605,49,0,8,0,0,0,1,0.9523809523809523,0,0,1,1,0.06451612903225806,0,0,0,10.0,0,0,0,0,0,0,0,831,times_of_malta,home_page
67,21,77,15,28,0,1,13,1702,264,12,3,"[{'tag': 'iframe', 'src': None, 'aria_label': 'Advertisement', 'class': None, 'id': 'google_ads_iframe_/65246246/timesofmalta.com/billboard1_0', 'text': ''}, {'tag': 'iframe', 'src': None, 'aria_label': 'Advertisement', 'class': None, 'id': 'google_ads_iframe_/65246246/timesofmalta.com/sidebar1_0', 'text': ''}, {'tag': 'iframe', 'src': None, 'aria_label': 'Advertisement', 'class': None, 'id': 'google_ads_iframe_/65246246/timesofmalta.com/billboard2_0', 'text': ''}]",12,1,59,0.11195445920303605,49,0,8,0,0,0,1,0.9523809523809523,0,0,1,1,0.06451612903225806,0,0,0,10.0,0,0,0,0,0,0,0,832,times_of_malta,home_page
67,21,77,15,28,0,1,13,1702,264,12,3,"[{'tag': 'iframe', 'src': None, 'aria_label': 'Advertisement', 'class': None, 'id': 'google_ads_iframe_/65246246/timesofmalta.com/billboard1_0', 'text': ''}, {'tag': 'iframe', 'src': None, 'aria_label': 'Advertisement', 'class': None, 'id': 'google_ads_iframe_/65246246/timesofmalta.com/sidebar1_0', 'text': ''}, {'tag': 'iframe', 'src': None, 'aria_label': 'Advertisement', 'class': None, 'id': 'google_ads_iframe_/65246246/timesofmalta.com/billboard2_0', 'text': ''}]",12,1,59,0.11195445920303605,49,0,8,0,0,0,1,0.9523809523809523,0,0,1,1,0.06451612903225806,0,0,0,10.0,0,0,0,0,0,0,0,833,times_of_malta,home_page
173,42,67,20,121,1,32,35,7139,1182,14,2,"[{'tag': 'iframe', 'src': None, 'aria_label': 'Advertisement', 'class': None, 'id': 'google_ads_iframe_/65246246/timesofmalta.com/billboard1_0', 'text': ''}, {'tag': 'iframe', 'src': 'https://337a8b6605a13a0a6a6f0473de21aad7.safeframe.googlesyndication.com/safeframe/1-0-45/html/container.html', 'aria_label': 'Advertisement', 'class': None, 'id': 'google_ads_iframe_/65246246/timesofmalta.com/sidebar1_0', 'text': ''}]",18,1,162,0.13763806287170774,122,1,35,0,0,8,1,0.9761904761904762,1,0,1,1,0.0951571792693288,0,3,0,11.625,0,0,0,0,0,0,0,834,times_of_malta,news_listing
173,42,67,20,121,1,32,35,7139,1182,14,2,"[{'tag': 'iframe', 'src': None, 'aria_label': 'Advertisement', 'class': None, 'id': 'google_ads_iframe_/65246246/timesofmalta.com/billboard1_0', 'text': ''}, {'tag': 'iframe', 'src': 'https://337a8b6605a13a0a6a6f0473de21aad7.safeframe.googlesyndication.com/safeframe/1-0-45/html/container.html', 'aria_label': 'Advertisement', 'class': None, 'id': 'google_ads_iframe_/65246246/timesofmalta.com/sidebar1_0', 'text': ''}]",18,1,162,0.13763806287170774,122,1,35,0,0,8,1,0.9761904761904762,1,0,1,1,0.0951571792693288,0,3,0,11.625,0,0,0,0,0,0,0,835,times_of_malta,news_listing
173,42,67,20,121,1,32,35,7139,1182,14,2,"[{'tag': 'iframe', 'src': None, 'aria_label': 'Advertisement', 'class': None, 'id': 'google_ads_iframe_/65246246/timesofmalta.com/billboard1_0', 'text': ''}, {'tag': 'iframe', 'src': 'https://337a8b6605a13a0a6a6f0473de21aad7.safeframe.googlesyndication.com/safeframe/1-0-45/html/container.html', 'aria_label': 'Advertisement', 'class': None, 'id': 'google_ads_iframe_/65246246/timesofmalta.com/sidebar1_0', 'text': ''}]",18,1,162,0.13763806287170774,122,1,35,0,0,8,1,0.9761904761904762,1,0,1,1,0.0951571792693288,0,3,0,11.625,0,0,0,0,0,0,0,836,times_of_malta,news_listing
173,42,67,20,121,1,32,35,7139,1182,14,2,"[{'tag': 'iframe', 'src': None, 'aria_label': 'Advertisement', 'class': None, 'id': 'google_ads_iframe_/65246246/timesofmalta.com/billboard1_0', 'text': ''}, {'tag': 'iframe', 'src': 'https://337a8b6605a13a0a6a6f0473de21aad7.safeframe.googlesyndication.com/safeframe/1-0-45/html/container.html', 'aria_label': 'Advertisement', 'class': None, 'id': 'google_ads_iframe_/65246246/timesofmalta.com/sidebar1_0', 'text': ''}]",18,1,162,0.13763806287170774,122,1,35,0,0,8,1,0.9761904761904762,1,0,1,1,0.0951571792693288,0,3,0,11.625,0,0,0,0,0,0,0,837,times_of_malta,news_listing
173,42,67,20,121,1,32,35,7139,1182,14,2,"[{'tag': 'iframe', 'src': None, 'aria_label': 'Advertisement', 'class': None, 'id': 'google_ads_iframe_/65246246/timesofmalta.com/billboard1_0', 'text': ''}, {'tag': 'iframe', 'src': 'https://337a8b6605a13a0a6a6f0473de21aad7.safeframe.googlesyndication.com/safeframe/1-0-45/html/container.html', 'aria_label': 'Advertisement', 'class': None, 'id': 'google_ads_iframe_/65246246/timesofmalta.com/sidebar1_0', 'text': ''}]",18,1,162,0.13763806287170774,122,1,35,0,0,8,1,0.9761904761904762,1,0,1,1,0.0951571792693288,0,3,0,11.625,0,0,0,0,0,0,0,838,times_of_malta,news_listing
173,42,67,20,121,1,32,35,7139,1182,14,2,"[{'tag': 'iframe', 'src': None, 'aria_label': 'Advertisement', 'class': None, 'id': 'google_ads_iframe_/65246246/timesofmalta.com/billboard1_0', 'text': ''}, {'tag': 'iframe', 'src': 'https://337a8b6605a13a0a6a6f0473de21aad7.safeframe.googlesyndication.com/safeframe/1-0-45/html/container.html', 'aria_label': 'Advertisement', 'class': None, 'id': 'google_ads_iframe_/65246246/timesofmalta.com/sidebar1_0', 'text': ''}]",18,1,162,0.13763806287170774,122,1,35,0,0,8,1,0.9761904761904762,1,0,1,1,0.0951571792693288,0,3,0,11.625,0,0,0,0,0,0,0,839,times_of_malta,news_listing
173,42,67,20,121,1,32,35,7139,1182,14,2,"[{'tag': 'iframe', 'src': None, 'aria_label': 'Advertisement', 'class': None, 'id': 'google_ads_iframe_/65246246/timesofmalta.com/billboard1_0', 'text': ''}, {'tag': 'iframe', 'src': 'https://337a8b6605a13a0a6a6f0473de21aad7.safeframe.googlesyndication.com/safeframe/1-0-45/html/container.html', 'aria_label': 'Advertisement', 'class': None, 'id': 'google_ads_iframe_/65246246/timesofmalta.com/sidebar1_0', 'text': ''}]",18,1,162,0.13763806287170774,122,1,35,0,0,8,1,0.9761904761904762,1,0,1,1,0.0951571792693288,0,3,0,11.625,0,0,0,0,0,0,0,840,times_of_malta,news_listing
173,42,67,20,121,1,32,35,7139,1182,14,2,"[{'tag': 'iframe', 'src': None, 'aria_label': 'Advertisement', 'class': None, 'id': 'google_ads_iframe_/65246246/timesofmalta.com/billboard1_0', 'text': ''}, {'tag': 'iframe', 'src': 'https://337a8b6605a13a0a6a6f0473de21aad7.safeframe.googlesyndication.com/safeframe/1-0-45/html/container.html', 'aria_label': 'Advertisement', 'class': None, 'id': 'google_ads_iframe_/65246246/timesofmalta.com/sidebar1_0', 'text': ''}]",18,1,162,0.13763806287170774,122,1,35,0,0,8,1,0.9761904761904762,1,0,1,1,0.0951571792693288,0,3,0,11.625,0,0,0,0,0,0,0,841,times_of_malta,news_listing
173,42,67,20,121,1,32,35,7139,1182,14,2,"[{'tag': 'iframe', 'src': None, 'aria_label': 'Advertisement', 'class': None, 'id': 'google_ads_iframe_/65246246/timesofmalta.com/billboard1_0', 'text': ''}, {'tag': 'iframe', 'src': 'https://337a8b6605a13a0a6a6f0473de21aad7.safeframe.googlesyndication.com/safeframe/1-0-45/html/container.html', 'aria_label': 'Advertisement', 'class': None, 'id': 'google_ads_iframe_/65246246/timesofmalta.com/sidebar1_0', 'text': ''}]",18,1,162,0.13763806287170774,122,1,35,0,0,8,1,0.9761904761904762,1,0,1,1,0.0951571792693288,0,3,0,11.625,0,0,0,0,0,0,0,842,times_of_malta,news_listing
173,42,67,20,121,1,32,35,7139,1182,14,2,"[{'tag': 'iframe', 'src': None, 'aria_label': 'Advertisement', 'class': None, 'id': 'google_ads_iframe_/65246246/timesofmalta.com/billboard1_0', 'text': ''}, {'tag': 'iframe', 'src': 'https://337a8b6605a13a0a6a6f0473de21aad7.safeframe.googlesyndication.com/safeframe/1-0-45/html/container.html', 'aria_label': 'Advertisement', 'class': None, 'id': 'google_ads_iframe_/65246246/timesofmalta.com/sidebar1_0', 'text': ''}]",18,1,162,0.13763806287170774,122,1,35,0,0,8,1,0.9761904761904762,1,0,1,1,0.0951571792693288,0,3,0,11.625,0,0,0,0,0,0,0,843,times_of_malta,news_listing
172,42,67,20,107,0,31,35,7190,1174,14,2,"[{'tag': 'iframe', 'src': None, 'aria_label': 'Advertisement', 'class': None, 'id': 'google_ads_iframe_/65246246/timesofmalta.com/billboard1_0', 'text': ''}, {'tag': 'iframe', 'src': 'https://f25e79b765a0806438a4d4526136a229.safeframe.googlesyndication.com/safeframe/1-0-45/html/container.html', 'aria_label': 'Advertisement', 'class': None, 'id': 'google_ads_iframe_/65246246/timesofmalta.com/sidebar1_0', 'text': ''}]",18,1,159,0.1394736842105263,121,0,35,0,0,3,1,0.9761904761904762,1,0,1,1,0.09385964912280702,0,3,0,12.483870967741936,0,0,0,0,0,0,0,844,times_of_malta,news_listing
172,42,67,20,107,0,31,35,7190,1174,14,2,"[{'tag': 'iframe', 'src': None, 'aria_label': 'Advertisement', 'class': None, 'id': 'google_ads_iframe_/65246246/timesofmalta.com/billboard1_0', 'text': ''}, {'tag': 'iframe', 'src': 'https://f25e79b765a0806438a4d4526136a229.safeframe.googlesyndication.com/safeframe/1-0-45/html/container.html', 'aria_label': 'Advertisement', 'class': None, 'id': 'google_ads_iframe_/65246246/timesofmalta.com/sidebar1_0', 'text': ''}]",18,1,159,0.1394736842105263,121,0,35,0,0,3,1,0.9761904761904762,1,0,1,1,0.09385964912280702,0,3,0,12.483870967741936,0,0,0,0,0,0,0,845,times_of_malta,news_listing
172,42,67,20,107,0,31,35,7190,1174,14,2,"[{'tag': 'iframe', 'src': None, 'aria_label': 'Advertisement', 'class': None, 'id': 'google_ads_iframe_/65246246/timesofmalta.com/billboard1_0', 'text': ''}, {'tag': 'iframe', 'src': 'https://f25e79b765a0806438a4d4526136a229.safeframe.googlesyndication.com/safeframe/1-0-45/html/container.html', 'aria_label': 'Advertisement', 'class': None, 'id': 'google_ads_iframe_/65246246/timesofmalta.com/sidebar1_0', 'text': ''}]",18,1,159,0.1394736842105263,121,0,35,0,0,3,1,0.9761904761904762,1,0,1,1,0.09385964912280702,0,3,0,12.483870967741936,0,0,0,0,0,0,0,846,times_of_malta,news_listing
172,42,67,20,107,0,31,35,7190,1174,14,2,"[{'tag': 'iframe', 'src': None, 'aria_label': 'Advertisement', 'class': None, 'id': 'google_ads_iframe_/65246246/timesofmalta.com/billboard1_0', 'text': ''}, {'tag': 'iframe', 'src': 'https://f25e79b765a0806438a4d4526136a229.safeframe.googlesyndication.com/safeframe/1-0-45/html/container.html', 'aria_label': 'Advertisement', 'class': None, 'id': 'google_ads_iframe_/65246246/timesofmalta.com/sidebar1_0', 'text': ''}]",18,1,159,0.1394736842105263,121,0,35,0,0,3,1,0.9761904761904762,1,0,1,1,0.09385964912280702,0,3,0,12.483870967741936,0,0,0,0,0,0,0,847,times_of_malta,news_listing
172,42,67,20,107,0,31,35,7190,1174,14,2,"[{'tag': 'iframe', 'src': None, 'aria_label': 'Advertisement', 'class': None, 'id': 'google_ads_iframe_/65246246/timesofmalta.com/billboard1_0', 'text': ''}, {'tag': 'iframe', 'src': 'https://f25e79b765a0806438a4d4526136a229.safeframe.googlesyndication.com/safeframe/1-0-45/html/container.html', 'aria_label': 'Advertisement', 'class': None, 'id': 'google_ads_iframe_/65246246/timesofmalta.com/sidebar1_0', 'text': ''}]",18,1,159,0.1394736842105263,121,0,35,0,0,3,1,0.9761904761904762,1,0,1,1,0.09385964912280702,0,3,0,12.483870967741936,0,0,0,0,0,0,0,848,times_of_malta,news_listing
172,42,67,20,103,0,31,35,6525,1138,14,2,"[{'tag': 'iframe', 'src': 'https://73d2eb9222e502e543a94bafca6a0713.safeframe.googlesyndication.com/safeframe/1-0-45/html/container.html', 'aria_label': 'Advertisement', 'class': None, 'id': 'google_ads_iframe_/65246246/timesofmalta.com/billboard1_0', 'text': ''}, {'tag': 'iframe', 'src': None, 'aria_label': 'Advertisement', 'class': None, 'id': 'google_ads_iframe_/65246246/timesofmalta.com/sidebar1_0', 'text': ''}]",18,1,161,0.14210061782877317,122,0,35,0,0,0,1,0.9761904761904762,1,0,1,1,0.09532215357458076,0,0,0,13.35483870967742,0,0,0,0,0,0,0,849,times_of_malta,news_listing
172,42,67,20,103,0,31,35,6525,1138,14,2,"[{'tag': 'iframe', 'src': 'https://73d2eb9222e502e543a94bafca6a0713.safeframe.googlesyndication.com/safeframe/1-0-45/html/container.html', 'aria_label': 'Advertisement', 'class': None, 'id': 'google_ads_iframe_/65246246/timesofmalta.com/billboard1_0', 'text': ''}, {'tag': 'iframe', 'src': None, 'aria_label': 'Advertisement', 'class': None, 'id': 'google_ads_iframe_/65246246/timesofmalta.com/sidebar1_0', 'text': ''}]",18,1,161,0.14210061782877317,122,0,35,0,0,0,1,0.9761904761904762,1,0,1,1,0.09532215357458076,0,0,0,13.35483870967742,0,0,0,0,0,0,0,850,times_of_malta,news_listing
172,42,67,20,103,0,31,35,6525,1138,14,2,"[{'tag': 'iframe', 'src': 'https://73d2eb9222e502e543a94bafca6a0713.safeframe.googlesyndication.com/safeframe/1-0-45/html/container.html', 'aria_label': 'Advertisement', 'class': None, 'id': 'google_ads_iframe_/65246246/timesofmalta.com/billboard1_0', 'text': ''}, {'tag': 'iframe', 'src': None, 'aria_label': 'Advertisement', 'class': None, 'id': 'google_ads_iframe_/65246246/timesofmalta.com/sidebar1_0', 'text': ''}]",18,1,161,0.14210061782877317,122,0,35,0,0,0,1,0.9761904761904762,1,0,1,1,0.09532215357458076,0,0,0,13.35483870967742,0,0,0,0,0,0,0,851,times_of_malta,news_listing
172,42,67,20,103,0,31,35,6525,1138,14,2,"[{'tag': 'iframe', 'src': 'https://73d2eb9222e502e543a94bafca6a0713.safeframe.googlesyndication.com/safeframe/1-0-45/html/container.html', 'aria_label': 'Advertisement', 'class': None, 'id': 'google_ads_iframe_/65246246/timesofmalta.com/billboard1_0', 'text': ''}, {'tag': 'iframe', 'src': None, 'aria_label': 'Advertisement', 'class': None, 'id': 'google_ads_iframe_/65246246/timesofmalta.com/sidebar1_0', 'text': ''}]",18,1,161,0.14210061782877317,122,0,35,0,0,0,1,0.9761904761904762,1,0,1,1,0.09532215357458076,0,0,0,13.35483870967742,0,0,0,0,0,0,0,852,times_of_malta,news_listing
172,42,67,20,103,0,31,35,6525,1138,14,2,"[{'tag': 'iframe', 'src': 'https://73d2eb9222e502e543a94bafca6a0713.safeframe.googlesyndication.com/safeframe/1-0-45/html/container.html', 'aria_label': 'Advertisement', 'class': None, 'id': 'google_ads_iframe_/65246246/timesofmalta.com/billboard1_0', 'text': ''}, {'tag': 'iframe', 'src': None, 'aria_label': 'Advertisement', 'class': None, 'id': 'google_ads_iframe_/65246246/timesofmalta.com/sidebar1_0', 'text': ''}]",18,1,161,0.14210061782877317,122,0,35,0,0,0,1,0.9761904761904762,1,0,1,1,0.09532215357458076,0,0,0,13.35483870967742,0,0,0,0,0,0,0,853,times_of_malta,news_listing
172,42,67,20,103,0,31,35,6525,1138,14,2,"[{'tag': 'iframe', 'src': 'https://73d2eb9222e502e543a94bafca6a0713.safeframe.googlesyndication.com/safeframe/1-0-45/html/container.html', 'aria_label': 'Advertisement', 'class': None, 'id': 'google_ads_iframe_/65246246/timesofmalta.com/billboard1_0', 'text': ''}, {'tag': 'iframe', 'src': None, 'aria_label': 'Advertisement', 'class': None, 'id': 'google_ads_iframe_/65246246/timesofmalta.com/sidebar1_0', 'text': ''}]",18,1,161,0.14210061782877317,122,0,35,0,0,0,1,0.9761904761904762,1,0,1,1,0.09532215357458076,0,0,0,13.35483870967742,0,0,0,0,0,0,0,854,times_of_malta,news_listing
172,42,67,20,103,0,31,35,6525,1138,14,2,"[{'tag': 'iframe', 'src': 'https://73d2eb9222e502e543a94bafca6a0713.safeframe.googlesyndication.com/safeframe/1-0-45/html/container.html', 'aria_label': 'Advertisement', 'class': None, 'id': 'google_ads_iframe_/65246246/timesofmalta.com/billboard1_0', 'text': ''}, {'tag': 'iframe', 'src': None, 'aria_label': 'Advertisement', 'class': None, 'id': 'google_ads_iframe_/65246246/timesofmalta.com/sidebar1_0', 'text': ''}]",18,1,161,0.14210061782877317,122,0,35,0,0,0,1,0.9761904761904762,1,0,1,1,0.09532215357458076,0,0,0,13.35483870967742,0,0,0,0,0,0,0,855,times_of_malta,news_listing
172,42,67,20,121,0,31,35,6780,1192,14,2,"[{'tag': 'iframe', 'src': 'https://259ca2e938d750759dc93b2bc5c9374e.safeframe.googlesyndication.com/safeframe/1-0-45/html/container.html', 'aria_label': 'Advertisement', 'class': None, 'id': 'google_ads_iframe_/65246246/timesofmalta.com/billboard1_0', 'text': ''}, {'tag': 'iframe', 'src': None, 'aria_label': 'Advertisement', 'class': None, 'id': 'google_ads_iframe_/65246246/timesofmalta.com/sidebar1_0', 'text': ''}]",18,1,159,0.13826086956521738,121,0,35,0,0,0,1,0.9761904761904762,1,0,1,1,0.09304347826086956,0,0,0,13.387096774193548,0,0,0,0,0,0,0,856,times_of_malta,news_listing
172,42,67,20,121,0,31,35,6780,1192,14,2,"[{'tag': 'iframe', 'src': 'https://259ca2e938d750759dc93b2bc5c9374e.safeframe.googlesyndication.com/safeframe/1-0-45/html/container.html', 'aria_label': 'Advertisement', 'class': None, 'id': 'google_ads_iframe_/65246246/timesofmalta.com/billboard1_0', 'text': ''}, {'tag': 'iframe', 'src': None, 'aria_label': 'Advertisement', 'class': None, 'id': 'google_ads_iframe_/65246246/timesofmalta.com/sidebar1_0', 'text': ''}]",18,1,159,0.13826086956521738,121,0,35,0,0,0,1,0.9761904761904762,1,0,1,1,0.09304347826086956,0,0,0,13.387096774193548,0,0,0,0,0,0,0,857,times_of_malta,news_listing
172,42,67,20,121,0,31,35,6780,1192,14,2,"[{'tag': 'iframe', 'src': 'https://259ca2e938d750759dc93b2bc5c9374e.safeframe.googlesyndication.com/safeframe/1-0-45/html/container.html', 'aria_label': 'Advertisement', 'class': None, 'id': 'google_ads_iframe_/65246246/timesofmalta.com/billboard1_0', 'text': ''}, {'tag': 'iframe', 'src': None, 'aria_label': 'Advertisement', 'class': None, 'id': 'google_ads_iframe_/65246246/timesofmalta.com/sidebar1_0', 'text': ''}]",18,1,159,0.13826086956521738,121,0,35,0,0,0,1,0.9761904761904762,1,0,1,1,0.09304347826086956,0,0,0,13.387096774193548,0,0,0,0,0,0,0,858,times_of_malta,news_listing
172,42,67,20,121,0,31,35,6780,1192,14,2,"[{'tag': 'iframe', 'src': 'https://259ca2e938d750759dc93b2bc5c9374e.safeframe.googlesyndication.com/safeframe/1-0-45/html/container.html', 'aria_label': 'Advertisement', 'class': None, 'id': 'google_ads_iframe_/65246246/timesofmalta.com/billboard1_0', 'text': ''}, {'tag': 'iframe', 'src': None, 'aria_label': 'Advertisement', 'class': None, 'id': 'google_ads_iframe_/65246246/timesofmalta.com/sidebar1_0', 'text': ''}]",18,1,159,0.13826086956521738,121,0,35,0,0,0,1,0.9761904761904762,1,0,1,1,0.09304347826086956,0,0,0,13.387096774193548,0,0,0,0,0,0,0,859,times_of_malta,news_listing
172,42,67,20,121,0,31,35,6780,1192,14,2,"[{'tag': 'iframe', 'src': 'https://259ca2e938d750759dc93b2bc5c9374e.safeframe.googlesyndication.com/safeframe/1-0-45/html/container.html', 'aria_label': 'Advertisement', 'class': None, 'id': 'google_ads_iframe_/65246246/timesofmalta.com/billboard1_0', 'text': ''}, {'tag': 'iframe', 'src': None, 'aria_label': 'Advertisement', 'class': None, 'id': 'google_ads_iframe_/65246246/timesofmalta.com/sidebar1_0', 'text': ''}]",18,1,159,0.13826086956521738,121,0,35,0,0,0,1,0.9761904761904762,1,0,1,1,0.09304347826086956,0,0,0,13.387096774193548,0,0,0,0,0,0,0,860,times_of_malta,news_listing
172,42,67,20,121,0,31,35,6780,1192,14,2,"[{'tag': 'iframe', 'src': 'https://259ca2e938d750759dc93b2bc5c9374e.safeframe.googlesyndication.com/safeframe/1-0-45/html/container.html', 'aria_label': 'Advertisement', 'class': None, 'id': 'google_ads_iframe_/65246246/timesofmalta.com/billboard1_0', 'text': ''}, {'tag': 'iframe', 'src': None, 'aria_label': 'Advertisement', 'class': None, 'id': 'google_ads_iframe_/65246246/timesofmalta.com/sidebar1_0', 'text': ''}]",18,1,159,0.13826086956521738,121,0,35,0,0,0,1,0.9761904761904762,1,0,1,1,0.09304347826086956,0,0,0,13.387096774193548,0,0,0,0,0,0,0,861,times_of_malta,news_listing
160,42,68,20,101,0,31,35,7060,1145,14,2,"[{'tag': 'iframe', 'src': 'https://36f3a1eeb1263a5e8175da2252a93741.safeframe.googlesyndication.com/safeframe/1-0-45/html/container.html', 'aria_label': 'Advertisement', 'class': None, 'id': 'google_ads_iframe_/65246246/timesofmalta.com/billboard1_0', 'text': ''}, {'tag': 'iframe', 'src': 'https://36f3a1eeb1263a5e8175da2252a93741.safeframe.googlesyndication.com/safeframe/1-0-45/html/container.html', 'aria_label': 'Advertisement', 'class': None, 'id': 'google_ads_iframe_/65246246/timesofmalta.com/sidebar1_0', 'text': ''}]",18,1,149,0.1336322869955157,110,0,35,0,0,8,1,0.9761904761904762,1,0,1,1,0.08609865470852018,0,8,0,14.064516129032258,0,0,0,0,0,0,0,862,times_of_malta,news_listing
160,42,68,20,101,0,31,35,7060,1145,14,2,"[{'tag': 'iframe', 'src': 'https://36f3a1eeb1263a5e8175da2252a93741.safeframe.googlesyndication.com/safeframe/1-0-45/html/container.html', 'aria_label': 'Advertisement', 'class': None, 'id': 'google_ads_iframe_/65246246/timesofmalta.com/billboard1_0', 'text': ''}, {'tag': 'iframe', 'src': 'https://36f3a1eeb1263a5e8175da2252a93741.safeframe.googlesyndication.com/safeframe/1-0-45/html/container.html', 'aria_label': 'Advertisement', 'class': None, 'id': 'google_ads_iframe_/65246246/timesofmalta.com/sidebar1_0', 'text': ''}]",18,1,149,0.1336322869955157,110,0,35,0,0,8,1,0.9761904761904762,1,0,1,1,0.08609865470852018,0,8,0,14.064516129032258,0,0,0,0,0,0,0,863,times_of_malta,news_listing
160,42,68,20,101,0,31,35,7060,1145,14,2,"[{'tag': 'iframe', 'src': 'https://36f3a1eeb1263a5e8175da2252a93741.safeframe.googlesyndication.com/safeframe/1-0-45/html/container.html', 'aria_label': 'Advertisement', 'class': None, 'id': 'google_ads_iframe_/65246246/timesofmalta.com/billboard1_0', 'text': ''}, {'tag': 'iframe', 'src': 'https://36f3a1eeb1263a5e8175da2252a93741.safeframe.googlesyndication.com/safeframe/1-0-45/html/container.html', 'aria_label': 'Advertisement', 'class': None, 'id': 'google_ads_iframe_/65246246/timesofmalta.com/sidebar1_0', 'text': ''}]",18,1,149,0.1336322869955157,110,0,35,0,0,8,1,0.9761904761904762,1,0,1,1,0.08609865470852018,0,8,0,14.064516129032258,0,0,0,0,0,0,0,864,times_of_malta,news_listing
160,42,68,20,101,0,31,35,7060,1145,14,2,"[{'tag': 'iframe', 'src': 'https://36f3a1eeb1263a5e8175da2252a93741.safeframe.googlesyndication.com/safeframe/1-0-45/html/container.html', 'aria_label': 'Advertisement', 'class': None, 'id': 'google_ads_iframe_/65246246/timesofmalta.com/billboard1_0', 'text': ''}, {'tag': 'iframe', 'src': 'https://36f3a1eeb1263a5e8175da2252a93741.safeframe.googlesyndication.com/safeframe/1-0-45/html/container.html', 'aria_label': 'Advertisement', 'class': None, 'id': 'google_ads_iframe_/65246246/timesofmalta.com/sidebar1_0', 'text': ''}]",18,1,149,0.1336322869955157,110,0,35,0,0,8,1,0.9761904761904762,1,0,1,1,0.08609865470852018,0,8,0,14.064516129032258,0,0,0,0,0,0,0,865,times_of_malta,news_listing
160,42,68,20,101,0,31,35,7060,1145,14,2,"[{'tag': 'iframe', 'src': 'https://36f3a1eeb1263a5e8175da2252a93741.safeframe.googlesyndication.com/safeframe/1-0-45/html/container.html', 'aria_label': 'Advertisement', 'class': None, 'id': 'google_ads_iframe_/65246246/timesofmalta.com/billboard1_0', 'text': ''}, {'tag': 'iframe', 'src': 'https://36f3a1eeb1263a5e8175da2252a93741.safeframe.googlesyndication.com/safeframe/1-0-45/html/container.html', 'aria_label': 'Advertisement', 'class': None, 'id': 'google_ads_iframe_/65246246/timesofmalta.com/sidebar1_0', 'text': ''}]",18,1,149,0.1336322869955157,110,0,35,0,0,8,1,0.9761904761904762,1,0,1,1,0.08609865470852018,0,8,0,14.064516129032258,0,0,0,0,0,0,0,866,times_of_malta,news_listing
160,42,68,20,101,0,31,35,7060,1145,14,2,"[{'tag': 'iframe', 'src': 'https://36f3a1eeb1263a5e8175da2252a93741.safeframe.googlesyndication.com/safeframe/1-0-45/html/container.html', 'aria_label': 'Advertisement', 'class': None, 'id': 'google_ads_iframe_/65246246/timesofmalta.com/billboard1_0', 'text': ''}, {'tag': 'iframe', 'src': 'https://36f3a1eeb1263a5e8175da2252a93741.safeframe.googlesyndication.com/safeframe/1-0-45/html/container.html', 'aria_label': 'Advertisement', 'class': None, 'id': 'google_ads_iframe_/65246246/timesofmalta.com/sidebar1_0', 'text': ''}]",18,1,149,0.1336322869955157,110,0,35,0,0,8,1,0.9761904761904762,1,0,1,1,0.08609865470852018,0,8,0,14.064516129032258,0,0,0,0,0,0,0,867,times_of_malta,news_listing
160,42,68,20,101,0,31,35,7060,1145,14,2,"[{'tag': 'iframe', 'src': 'https://36f3a1eeb1263a5e8175da2252a93741.safeframe.googlesyndication.com/safeframe/1-0-45/html/container.html', 'aria_label': 'Advertisement', 'class': None, 'id': 'google_ads_iframe_/65246246/timesofmalta.com/billboard1_0', 'text': ''}, {'tag': 'iframe', 'src': 'https://36f3a1eeb1263a5e8175da2252a93741.safeframe.googlesyndication.com/safeframe/1-0-45/html/container.html', 'aria_label': 'Advertisement', 'class': None, 'id': 'google_ads_iframe_/65246246/timesofmalta.com/sidebar1_0', 'text': ''}]",18,1,149,0.1336322869955157,110,0,35,0,0,8,1,0.9761904761904762,1,0,1,1,0.08609865470852018,0,8,0,14.064516129032258,0,0,0,0,0,0,0,868,times_of_malta,news_listing
160,42,68,20,101,0,31,35,7060,1145,14,2,"[{'tag': 'iframe', 'src': 'https://36f3a1eeb1263a5e8175da2252a93741.safeframe.googlesyndication.com/safeframe/1-0-45/html/container.html', 'aria_label': 'Advertisement', 'class': None, 'id': 'google_ads_iframe_/65246246/timesofmalta.com/billboard1_0', 'text': ''}, {'tag': 'iframe', 'src': 'https://36f3a1eeb1263a5e8175da2252a93741.safeframe.googlesyndication.com/safeframe/1-0-45/html/container.html', 'aria_label': 'Advertisement', 'class': None, 'id': 'google_ads_iframe_/65246246/timesofmalta.com/sidebar1_0', 'text': ''}]",18,1,149,0.1336322869955157,110,0,35,0,0,8,1,0.9761904761904762,1,0,1,1,0.08609865470852018,0,8,0,14.064516129032258,0,0,0,0,0,0,0,869,times_of_malta,news_listing
160,42,68,20,101,0,31,35,7060,1145,14,2,"[{'tag': 'iframe', 'src': 'https://36f3a1eeb1263a5e8175da2252a93741.safeframe.googlesyndication.com/safeframe/1-0-45/html/container.html', 'aria_label': 'Advertisement', 'class': None, 'id': 'google_ads_iframe_/65246246/timesofmalta.com/billboard1_0', 'text': ''}, {'tag': 'iframe', 'src': 'https://36f3a1eeb1263a5e8175da2252a93741.safeframe.googlesyndication.com/safeframe/1-0-45/html/container.html', 'aria_label': 'Advertisement', 'class': None, 'id': 'google_ads_iframe_/65246246/timesofmalta.com/sidebar1_0', 'text': ''}]",18,1,149,0.1336322869955157,110,0,35,0,0,8,1,0.9761904761904762,1,0,1,1,0.08609865470852018,0,8,0,14.064516129032258,0,0,0,0,0,0,0,870,times_of_malta,news_listing
160,42,68,20,104,0,31,35,7095,1173,14,2,"[{'tag': 'iframe', 'src': 'https://10c12fc94ce2f0a1402ca32677a1efa9.safeframe.googlesyndication.com/safeframe/1-0-45/html/container.html', 'aria_label': 'Advertisement', 'class': None, 'id': 'google_ads_iframe_/65246246/timesofmalta.com/billboard1_0', 'text': ''}, {'tag': 'iframe', 'src': 'https://10c12fc94ce2f0a1402ca32677a1efa9.safeframe.googlesyndication.com/safeframe/1-0-45/html/container.html', 'aria_label': 'Advertisement', 'class': None, 'id': 'google_ads_iframe_/65246246/timesofmalta.com/sidebar1_0', 'text': ''}]",18,1,147,0.13101604278074866,109,0,35,0,0,6,1,0.9761904761904762,1,0,1,1,0.08467023172905526,0,6,0,14.903225806451612,0,0,0,0,0,0,0,871,times_of_malta,news_listing
160,42,68,20,104,0,31,35,7095,1173,14,2,"[{'tag': 'iframe', 'src': 'https://10c12fc94ce2f0a1402ca32677a1efa9.safeframe.googlesyndication.com/safeframe/1-0-45/html/container.html', 'aria_label': 'Advertisement', 'class': None, 'id': 'google_ads_iframe_/65246246/timesofmalta.com/billboard1_0', 'text': ''}, {'tag': 'iframe', 'src': 'https://10c12fc94ce2f0a1402ca32677a1efa9.safeframe.googlesyndication.com/safeframe/1-0-45/html/container.html', 'aria_label': 'Advertisement', 'class': None, 'id': 'google_ads_iframe_/65246246/timesofmalta.com/sidebar1_0', 'text': ''}]",18,1,147,0.13101604278074866,109,0,35,0,0,6,1,0.9761904761904762,1,0,1,1,0.08467023172905526,0,6,0,14.903225806451612,0,0,0,0,0,0,0,872,times_of_malta,news_listing
160,42,68,20,104,0,31,35,7095,1173,14,2,"[{'tag': 'iframe', 'src': 'https://10c12fc94ce2f0a1402ca32677a1efa9.safeframe.googlesyndication.com/safeframe/1-0-45/html/container.html', 'aria_label': 'Advertisement', 'class': None, 'id': 'google_ads_iframe_/65246246/timesofmalta.com/billboard1_0', 'text': ''}, {'tag': 'iframe', 'src': 'https://10c12fc94ce2f0a1402ca32677a1efa9.safeframe.googlesyndication.com/safeframe/1-0-45/html/container.html', 'aria_label': 'Advertisement', 'class': None, 'id': 'google_ads_iframe_/65246246/timesofmalta.com/sidebar1_0', 'text': ''}]",18,1,147,0.13101604278074866,109,0,35,0,0,6,1,0.9761904761904762,1,0,1,1,0.08467023172905526,0,6,0,14.903225806451612,0,0,0,0,0,0,0,873,times_of_malta,news_listing
160,42,68,20,104,0,31,35,7095,1173,14,2,"[{'tag': 'iframe', 'src': 'https://10c12fc94ce2f0a1402ca32677a1efa9.safeframe.googlesyndication.com/safeframe/1-0-45/html/container.html', 'aria_label': 'Advertisement', 'class': None, 'id': 'google_ads_iframe_/65246246/timesofmalta.com/billboard1_0', 'text': ''}, {'tag': 'iframe', 'src': 'https://10c12fc94ce2f0a1402ca32677a1efa9.safeframe.googlesyndication.com/safeframe/1-0-45/html/container.html', 'aria_label': 'Advertisement', 'class': None, 'id': 'google_ads_iframe_/65246246/timesofmalta.com/sidebar1_0', 'text': ''}]",18,1,147,0.13101604278074866,109,0,35,0,0,6,1,0.9761904761904762,1,0,1,1,0.08467023172905526,0,6,0,14.903225806451612,0,0,0,0,0,0,0,874,times_of_malta,news_listing
160,42,68,20,104,0,31,35,7095,1173,14,2,"[{'tag': 'iframe', 'src': 'https://10c12fc94ce2f0a1402ca32677a1efa9.safeframe.googlesyndication.com/safeframe/1-0-45/html/container.html', 'aria_label': 'Advertisement', 'class': None, 'id': 'google_ads_iframe_/65246246/timesofmalta.com/billboard1_0', 'text': ''}, {'tag': 'iframe', 'src': 'https://10c12fc94ce2f0a1402ca32677a1efa9.safeframe.googlesyndication.com/safeframe/1-0-45/html/container.html', 'aria_label': 'Advertisement', 'class': None, 'id': 'google_ads_iframe_/65246246/timesofmalta.com/sidebar1_0', 'text': ''}]",18,1,147,0.13101604278074866,109,0,35,0,0,6,1,0.9761904761904762,1,0,1,1,0.08467023172905526,0,6,0,14.903225806451612,0,0,0,0,0,0,0,875,times_of_malta,news_listing
160,42,68,20,104,0,31,35,7095,1173,14,2,"[{'tag': 'iframe', 'src': 'https://10c12fc94ce2f0a1402ca32677a1efa9.safeframe.googlesyndication.com/safeframe/1-0-45/html/container.html', 'aria_label': 'Advertisement', 'class': None, 'id': 'google_ads_iframe_/65246246/timesofmalta.com/billboard1_0', 'text': ''}, {'tag': 'iframe', 'src': 'https://10c12fc94ce2f0a1402ca32677a1efa9.safeframe.googlesyndication.com/safeframe/1-0-45/html/container.html', 'aria_label': 'Advertisement', 'class': None, 'id': 'google_ads_iframe_/65246246/timesofmalta.com/sidebar1_0', 'text': ''}]",18,1,147,0.13101604278074866,109,0,35,0,0,6,1,0.9761904761904762,1,0,1,1,0.08467023172905526,0,6,0,14.903225806451612,0,0,0,0,0,0,0,876,times_of_malta,news_listing
160,42,68,20,104,0,31,35,7095,1173,14,2,"[{'tag': 'iframe', 'src': 'https://10c12fc94ce2f0a1402ca32677a1efa9.safeframe.googlesyndication.com/safeframe/1-0-45/html/container.html', 'aria_label': 'Advertisement', 'class': None, 'id': 'google_ads_iframe_/65246246/timesofmalta.com/billboard1_0', 'text': ''}, {'tag': 'iframe', 'src': 'https://10c12fc94ce2f0a1402ca32677a1efa9.safeframe.googlesyndication.com/safeframe/1-0-45/html/container.html', 'aria_label': 'Advertisement', 'class': None, 'id': 'google_ads_iframe_/65246246/timesofmalta.com/sidebar1_0', 'text': ''}]",18,1,147,0.13101604278074866,109,0,35,0,0,6,1,0.9761904761904762,1,0,1,1,0.08467023172905526,0,6,0,14.903225806451612,0,0,0,0,0,0,0,877,times_of_malta,news_listing
160,42,68,20,104,0,31,35,7095,1173,14,2,"[{'tag': 'iframe', 'src': 'https://10c12fc94ce2f0a1402ca32677a1efa9.safeframe.googlesyndication.com/safeframe/1-0-45/html/container.html', 'aria_label': 'Advertisement', 'class': None, 'id': 'google_ads_iframe_/65246246/timesofmalta.com/billboard1_0', 'text': ''}, {'tag': 'iframe', 'src': 'https://10c12fc94ce2f0a1402ca32677a1efa9.safeframe.googlesyndication.com/safeframe/1-0-45/html/container.html', 'aria_label': 'Advertisement', 'class': None, 'id': 'google_ads_iframe_/65246246/timesofmalta.com/sidebar1_0', 'text': ''}]",18,1,147,0.13101604278074866,109,0,35,0,0,6,1,0.9761904761904762,1,0,1,1,0.08467023172905526,0,6,0,14.903225806451612,0,0,0,0,0,0,0,878,times_of_malta,news_listing
160,42,68,20,104,0,31,35,7095,1173,14,2,"[{'tag': 'iframe', 'src': 'https://10c12fc94ce2f0a1402ca32677a1efa9.safeframe.googlesyndication.com/safeframe/1-0-45/html/container.html', 'aria_label': 'Advertisement', 'class': None, 'id': 'google_ads_iframe_/65246246/timesofmalta.com/billboard1_0', 'text': ''}, {'tag': 'iframe', 'src': 'https://10c12fc94ce2f0a1402ca32677a1efa9.safeframe.googlesyndication.com/safeframe/1-0-45/html/container.html', 'aria_label': 'Advertisement', 'class': None, 'id': 'google_ads_iframe_/65246246/timesofmalta.com/sidebar1_0', 'text': ''}]",18,1,147,0.13101604278074866,109,0,35,0,0,6,1,0.9761904761904762,1,0,1,1,0.08467023172905526,0,6,0,14.903225806451612,0,0,0,0,0,0,0,879,times_of_malta,news_listing
160,42,68,20,104,0,31,35,7095,1173,14,2,"[{'tag': 'iframe', 'src': 'https://10c12fc94ce2f0a1402ca32677a1efa9.safeframe.googlesyndication.com/safeframe/1-0-45/html/container.html', 'aria_label': 'Advertisement', 'class': None, 'id': 'google_ads_iframe_/65246246/timesofmalta.com/billboard1_0', 'text': ''}, {'tag': 'iframe', 'src': 'https://10c12fc94ce2f0a1402ca32677a1efa9.safeframe.googlesyndication.com/safeframe/1-0-45/html/container.html', 'aria_label': 'Advertisement', 'class': None, 'id': 'google_ads_iframe_/65246246/timesofmalta.com/sidebar1_0', 'text': ''}]",18,1,147,0.13101604278074866,109,0,35,0,0,6,1,0.9761904761904762,1,0,1,1,0.08467023172905526,0,6,0,14.903225806451612,0,0,0,0,0,0,0,880,times_of_malta,news_listing
151,39,67,20,94,0,31,31,6016,973,14,2,"[{'tag': 'iframe', 'src': 'https://ac60ad43b0456784e1107fa87acb857c.safeframe.googlesyndication.com/safeframe/1-0-45/html/container.html', 'aria_label': 'Advertisement', 'class': None, 'id': 'google_ads_iframe_/65246246/timesofmalta.com/billboard1_0', 'text': ''}, {'tag': 'iframe', 'src': None, 'aria_label': 'Advertisement', 'class': None, 'id': 'google_ads_iframe_/65246246/timesofmalta.com/sidebar1_0', 'text': ''}]",18,1,143,0.1330232558139535,104,0,35,0,0,16,1,0.9743589743589743,1,0,1,1,0.08372093023255814,0,16,0,11.32258064516129,0,0,0,0,0,0,0,881,times_of_malta,news_listing
151,39,67,20,94,0,31,31,6016,973,14,2,"[{'tag': 'iframe', 'src': 'https://ac60ad43b0456784e1107fa87acb857c.safeframe.googlesyndication.com/safeframe/1-0-45/html/container.html', 'aria_label': 'Advertisement', 'class': None, 'id': 'google_ads_iframe_/65246246/timesofmalta.com/billboard1_0', 'text': ''}, {'tag': 'iframe', 'src': None, 'aria_label': 'Advertisement', 'class': None, 'id': 'google_ads_iframe_/65246246/timesofmalta.com/sidebar1_0', 'text': ''}]",18,1,143,0.1330232558139535,104,0,35,0,0,16,1,0.9743589743589743,1,0,1,1,0.08372093023255814,0,16,0,11.32258064516129,0,0,0,0,0,0,0,882,times_of_malta,news_listing
151,39,67,20,94,0,31,31,6016,973,14,2,"[{'tag': 'iframe', 'src': 'https://ac60ad43b0456784e1107fa87acb857c.safeframe.googlesyndication.com/safeframe/1-0-45/html/container.html', 'aria_label': 'Advertisement', 'class': None, 'id': 'google_ads_iframe_/65246246/timesofmalta.com/billboard1_0', 'text': ''}, {'tag': 'iframe', 'src': None, 'aria_label': 'Advertisement', 'class': None, 'id': 'google_ads_iframe_/65246246/timesofmalta.com/sidebar1_0', 'text': ''}]",18,1,143,0.1330232558139535,104,0,35,0,0,16,1,0.9743589743589743,1,0,1,1,0.08372093023255814,0,16,0,11.32258064516129,0,0,0,0,0,0,0,883,times_of_malta,news_listing
151,39,67,20,94,0,31,31,6016,973,14,2,"[{'tag': 'iframe', 'src': 'https://ac60ad43b0456784e1107fa87acb857c.safeframe.googlesyndication.com/safeframe/1-0-45/html/container.html', 'aria_label': 'Advertisement', 'class': None, 'id': 'google_ads_iframe_/65246246/timesofmalta.com/billboard1_0', 'text': ''}, {'tag': 'iframe', 'src': None, 'aria_label': 'Advertisement', 'class': None, 'id': 'google_ads_iframe_/65246246/timesofmalta.com/sidebar1_0', 'text': ''}]",18,1,143,0.1330232558139535,104,0,35,0,0,16,1,0.9743589743589743,1,0,1,1,0.08372093023255814,0,16,0,11.32258064516129,0,0,0,0,0,0,0,884,times_of_malta,news_listing
151,39,67,20,94,0,31,31,6016,973,14,2,"[{'tag': 'iframe', 'src': 'https://ac60ad43b0456784e1107fa87acb857c.safeframe.googlesyndication.com/safeframe/1-0-45/html/container.html', 'aria_label': 'Advertisement', 'class': None, 'id': 'google_ads_iframe_/65246246/timesofmalta.com/billboard1_0', 'text': ''}, {'tag': 'iframe', 'src': None, 'aria_label': 'Advertisement', 'class': None, 'id': 'google_ads_iframe_/65246246/timesofmalta.com/sidebar1_0', 'text': ''}]",18,1,143,0.1330232558139535,104,0,35,0,0,16,1,0.9743589743589743,1,0,1,1,0.08372093023255814,0,16,0,11.32258064516129,0,0,0,0,0,0,0,885,times_of_malta,news_listing
151,39,67,20,94,0,31,31,6016,973,14,2,"[{'tag': 'iframe', 'src': 'https://ac60ad43b0456784e1107fa87acb857c.safeframe.googlesyndication.com/safeframe/1-0-45/html/container.html', 'aria_label': 'Advertisement', 'class': None, 'id': 'google_ads_iframe_/65246246/timesofmalta.com/billboard1_0', 'text': ''}, {'tag': 'iframe', 'src': None, 'aria_label': 'Advertisement', 'class': None, 'id': 'google_ads_iframe_/65246246/timesofmalta.com/sidebar1_0', 'text': ''}]",18,1,143,0.1330232558139535,104,0,35,0,0,16,1,0.9743589743589743,1,0,1,1,0.08372093023255814,0,16,0,11.32258064516129,0,0,0,0,0,0,0,886,times_of_malta,news_listing
151,39,67,20,94,0,31,31,6016,973,14,2,"[{'tag': 'iframe', 'src': 'https://ac60ad43b0456784e1107fa87acb857c.safeframe.googlesyndication.com/safeframe/1-0-45/html/container.html', 'aria_label': 'Advertisement', 'class': None, 'id': 'google_ads_iframe_/65246246/timesofmalta.com/billboard1_0', 'text': ''}, {'tag': 'iframe', 'src': None, 'aria_label': 'Advertisement', 'class': None, 'id': 'google_ads_iframe_/65246246/timesofmalta.com/sidebar1_0', 'text': ''}]",18,1,143,0.1330232558139535,104,0,35,0,0,16,1,0.9743589743589743,1,0,1,1,0.08372093023255814,0,16,0,11.32258064516129,0,0,0,0,0,0,0,887,times_of_malta,news_listing
151,39,67,20,94,0,31,31,6016,973,14,2,"[{'tag': 'iframe', 'src': 'https://ac60ad43b0456784e1107fa87acb857c.safeframe.googlesyndication.com/safeframe/1-0-45/html/container.html', 'aria_label': 'Advertisement', 'class': None, 'id': 'google_ads_iframe_/65246246/timesofmalta.com/billboard1_0', 'text': ''}, {'tag': 'iframe', 'src': None, 'aria_label': 'Advertisement', 'class': None, 'id': 'google_ads_iframe_/65246246/timesofmalta.com/sidebar1_0', 'text': ''}]",18,1,143,0.1330232558139535,104,0,35,0,0,16,1,0.9743589743589743,1,0,1,1,0.08372093023255814,0,16,0,11.32258064516129,0,0,0,0,0,0,0,888,times_of_malta,news_listing
174,42,66,14,105,0,31,35,6681,1136,14,2,"[{'tag': 'iframe', 'src': None, 'aria_label': 'Advertisement', 'class': None, 'id': 'google_ads_iframe_/65246246/timesofmalta.com/billboard1_0', 'text': ''}, {'tag': 'iframe', 'src': None, 'aria_label': 'Advertisement', 'class': None, 'id': 'google_ads_iframe_/65246246/timesofmalta.com/sidebar1_0', 'text': ''}]",12,1,162,0.14323607427055704,123,0,36,0,0,5,1,0.9761904761904762,1,0,1,1,0.09637488947833775,0,5,0,10.419354838709678,0,0,0,0,0,0,0,889,times_of_malta,news_listing
174,42,66,14,105,0,31,35,6681,1136,14,2,"[{'tag': 'iframe', 'src': None, 'aria_label': 'Advertisement', 'class': None, 'id': 'google_ads_iframe_/65246246/timesofmalta.com/billboard1_0', 'text': ''}, {'tag': 'iframe', 'src': None, 'aria_label': 'Advertisement', 'class': None, 'id': 'google_ads_iframe_/65246246/timesofmalta.com/sidebar1_0', 'text': ''}]",12,1,162,0.14323607427055704,123,0,36,0,0,5,1,0.9761904761904762,1,0,1,1,0.09637488947833775,0,5,0,10.419354838709678,0,0,0,0,0,0,0,890,times_of_malta,news_listing
174,42,66,14,105,0,31,35,6681,1136,14,2,"[{'tag': 'iframe', 'src': None, 'aria_label': 'Advertisement', 'class': None, 'id': 'google_ads_iframe_/65246246/timesofmalta.com/billboard1_0', 'text': ''}, {'tag': 'iframe', 'src': None, 'aria_label': 'Advertisement', 'class': None, 'id': 'google_ads_iframe_/65246246/timesofmalta.com/sidebar1_0', 'text': ''}]",12,1,162,0.14323607427055704,123,0,36,0,0,5,1,0.9761904761904762,1,0,1,1,0.09637488947833775,0,5,0,10.419354838709678,0,0,0,0,0,0,0,891,times_of_malta,news_listing
174,42,66,14,105,0,31,35,6681,1136,14,2,"[{'tag': 'iframe', 'src': None, 'aria_label': 'Advertisement', 'class': None, 'id': 'google_ads_iframe_/65246246/timesofmalta.com/billboard1_0', 'text': ''}, {'tag': 'iframe', 'src': None, 'aria_label': 'Advertisement', 'class': None, 'id': 'google_ads_iframe_/65246246/timesofmalta.com/sidebar1_0', 'text': ''}]",12,1,162,0.14323607427055704,123,0,36,0,0,5,1,0.9761904761904762,1,0,1,1,0.09637488947833775,0,5,0,10.419354838709678,0,0,0,0,0,0,0,892,times_of_malta,news_listing
174,42,66,14,105,0,31,35,6681,1136,14,2,"[{'tag': 'iframe', 'src': None, 'aria_label': 'Advertisement', 'class': None, 'id': 'google_ads_iframe_/65246246/timesofmalta.com/billboard1_0', 'text': ''}, {'tag': 'iframe', 'src': None, 'aria_label': 'Advertisement', 'class': None, 'id': 'google_ads_iframe_/65246246/timesofmalta.com/sidebar1_0', 'text': ''}]",12,1,162,0.14323607427055704,123,0,36,0,0,5,1,0.9761904761904762,1,0,1,1,0.09637488947833775,0,5,0,10.419354838709678,0,0,0,0,0,0,0,893,times_of_malta,news_listing
174,42,66,14,105,0,31,35,6681,1136,14,2,"[{'tag': 'iframe', 'src': None, 'aria_label': 'Advertisement', 'class': None, 'id': 'google_ads_iframe_/65246246/timesofmalta.com/billboard1_0', 'text': ''}, {'tag': 'iframe', 'src': None, 'aria_label': 'Advertisement', 'class': None, 'id': 'google_ads_iframe_/65246246/timesofmalta.com/sidebar1_0', 'text': ''}]",12,1,162,0.14323607427055704,123,0,36,0,0,5,1,0.9761904761904762,1,0,1,1,0.09637488947833775,0,5,0,10.419354838709678,0,0,0,0,0,0,0,894,times_of_malta,news_listing
174,42,66,14,105,0,31,35,6681,1136,14,2,"[{'tag': 'iframe', 'src': None, 'aria_label': 'Advertisement', 'class': None, 'id': 'google_ads_iframe_/65246246/timesofmalta.com/billboard1_0', 'text': ''}, {'tag': 'iframe', 'src': None, 'aria_label': 'Advertisement', 'class': None, 'id': 'google_ads_iframe_/65246246/timesofmalta.com/sidebar1_0', 'text': ''}]",12,1,162,0.14323607427055704,123,0,36,0,0,5,1,0.9761904761904762,1,0,1,1,0.09637488947833775,0,5,0,10.419354838709678,0,0,0,0,0,0,0,895,times_of_malta,news_listing
174,42,66,14,105,0,31,35,6681,1136,14,2,"[{'tag': 'iframe', 'src': None, 'aria_label': 'Advertisement', 'class': None, 'id': 'google_ads_iframe_/65246246/timesofmalta.com/billboard1_0', 'text': ''}, {'tag': 'iframe', 'src': None, 'aria_label': 'Advertisement', 'class': None, 'id': 'google_ads_iframe_/65246246/timesofmalta.com/sidebar1_0', 'text': ''}]",12,1,162,0.14323607427055704,123,0,36,0,0,5,1,0.9761904761904762,1,0,1,1,0.09637488947833775,0,5,0,10.419354838709678,0,0,0,0,0,0,0,896,times_of_malta,news_listing
174,42,66,14,105,0,31,35,6681,1136,14,2,"[{'tag': 'iframe', 'src': None, 'aria_label': 'Advertisement', 'class': None, 'id': 'google_ads_iframe_/65246246/timesofmalta.com/billboard1_0', 'text': ''}, {'tag': 'iframe', 'src': None, 'aria_label': 'Advertisement', 'class': None, 'id': 'google_ads_iframe_/65246246/timesofmalta.com/sidebar1_0', 'text': ''}]",12,1,162,0.14323607427055704,123,0,36,0,0,5,1,0.9761904761904762,1,0,1,1,0.09637488947833775,0,5,0,10.419354838709678,0,0,0,0,0,0,0,897,times_of_malta,news_listing
174,42,66,14,105,0,31,35,6681,1136,14,2,"[{'tag': 'iframe', 'src': None, 'aria_label': 'Advertisement', 'class': None, 'id': 'google_ads_iframe_/65246246/timesofmalta.com/billboard1_0', 'text': ''}, {'tag': 'iframe', 'src': None, 'aria_label': 'Advertisement', 'class': None, 'id': 'google_ads_iframe_/65246246/timesofmalta.com/sidebar1_0', 'text': ''}]",12,1,162,0.14323607427055704,123,0,36,0,0,5,1,0.9761904761904762,1,0,1,1,0.09637488947833775,0,5,0,10.419354838709678,0,0,0,0,0,0,0,898,times_of_malta,news_listing
174,42,66,14,105,0,31,35,6681,1136,14,2,"[{'tag': 'iframe', 'src': None, 'aria_label': 'Advertisement', 'class': None, 'id': 'google_ads_iframe_/65246246/timesofmalta.com/billboard1_0', 'text': ''}, {'tag': 'iframe', 'src': None, 'aria_label': 'Advertisement', 'class': None, 'id': 'google_ads_iframe_/65246246/timesofmalta.com/sidebar1_0', 'text': ''}]",12,1,162,0.14323607427055704,123,0,36,0,0,5,1,0.9761904761904762,1,0,1,1,0.09637488947833775,0,5,0,10.419354838709678,0,0,0,0,0,0,0,899,times_of_malta,news_listing
174,42,66,14,105,0,31,35,6681,1136,14,2,"[{'tag': 'iframe', 'src': None, 'aria_label': 'Advertisement', 'class': None, 'id': 'google_ads_iframe_/65246246/timesofmalta.com/billboard1_0', 'text': ''}, {'tag': 'iframe', 'src': None, 'aria_label': 'Advertisement', 'class': None, 'id': 'google_ads_iframe_/65246246/timesofmalta.com/sidebar1_0', 'text': ''}]",12,1,162,0.14323607427055704,123,0,36,0,0,5,1,0.9761904761904762,1,0,1,1,0.09637488947833775,0,5,0,10.419354838709678,0,0,0,0,0,0,0,900,times_of_malta,news_listing
175,42,65,21,117,0,31,35,7216,1192,14,2,"[{'tag': 'iframe', 'src': None, 'aria_label': 'Advertisement', 'class': None, 'id': 'google_ads_iframe_/65246246/timesofmalta.com/billboard1_0', 'text': ''}, {'tag': 'iframe', 'src': None, 'aria_label': 'Advertisement', 'class': None, 'id': 'google_ads_iframe_/65246246/timesofmalta.com/sidebar1_0', 'text': ''}]",19,1,162,0.14123801220575413,124,0,35,0,0,2,1,0.9761904761904762,1,0,1,1,0.0959023539668701,0,2,0,12.096774193548388,0,0,0,0,0,0,0,901,times_of_malta,news_listing
175,42,65,21,117,0,31,35,7216,1192,14,2,"[{'tag': 'iframe', 'src': None, 'aria_label': 'Advertisement', 'class': None, 'id': 'google_ads_iframe_/65246246/timesofmalta.com/billboard1_0', 'text': ''}, {'tag': 'iframe', 'src': None, 'aria_label': 'Advertisement', 'class': None, 'id': 'google_ads_iframe_/65246246/timesofmalta.com/sidebar1_0', 'text': ''}]",19,1,162,0.14123801220575413,124,0,35,0,0,2,1,0.9761904761904762,1,0,1,1,0.0959023539668701,0,2,0,12.096774193548388,0,0,0,0,0,0,0,902,times_of_malta,news_listing
175,42,65,21,117,0,31,35,7216,1192,14,2,"[{'tag': 'iframe', 'src': None, 'aria_label': 'Advertisement', 'class': None, 'id': 'google_ads_iframe_/65246246/timesofmalta.com/billboard1_0', 'text': ''}, {'tag': 'iframe', 'src': None, 'aria_label': 'Advertisement', 'class': None, 'id': 'google_ads_iframe_/65246246/timesofmalta.com/sidebar1_0', 'text': ''}]",19,1,162,0.14123801220575413,124,0,35,0,0,2,1,0.9761904761904762,1,0,1,1,0.0959023539668701,0,2,0,12.096774193548388,0,0,0,0,0,0,0,903,times_of_malta,news_listing
175,42,65,21,117,0,31,35,7216,1192,14,2,"[{'tag': 'iframe', 'src': None, 'aria_label': 'Advertisement', 'class': None, 'id': 'google_ads_iframe_/65246246/timesofmalta.com/billboard1_0', 'text': ''}, {'tag': 'iframe', 'src': None, 'aria_label': 'Advertisement', 'class': None, 'id': 'google_ads_iframe_/65246246/timesofmalta.com/sidebar1_0', 'text': ''}]",19,1,162,0.14123801220575413,124,0,35,0,0,2,1,0.9761904761904762,1,0,1,1,0.0959023539668701,0,2,0,12.096774193548388,0,0,0,0,0,0,0,904,times_of_malta,news_listing
175,42,65,21,117,0,31,35,7216,1192,14,2,"[{'tag': 'iframe', 'src': None, 'aria_label': 'Advertisement', 'class': None, 'id': 'google_ads_iframe_/65246246/timesofmalta.com/billboard1_0', 'text': ''}, {'tag': 'iframe', 'src': None, 'aria_label': 'Advertisement', 'class': None, 'id': 'google_ads_iframe_/65246246/timesofmalta.com/sidebar1_0', 'text': ''}]",19,1,162,0.14123801220575413,124,0,35,0,0,2,1,0.9761904761904762,1,0,1,1,0.0959023539668701,0,2,0,12.096774193548388,0,0,0,0,0,0,0,905,times_of_malta,news_listing
175,42,65,21,117,0,31,35,7216,1192,14,2,"[{'tag': 'iframe', 'src': None, 'aria_label': 'Advertisement', 'class': None, 'id': 'google_ads_iframe_/65246246/timesofmalta.com/billboard1_0', 'text': ''}, {'tag': 'iframe', 'src': None, 'aria_label': 'Advertisement', 'class': None, 'id': 'google_ads_iframe_/65246246/timesofmalta.com/sidebar1_0', 'text': ''}]",19,1,162,0.14123801220575413,124,0,35,0,0,2,1,0.9761904761904762,1,0,1,1,0.0959023539668701,0,2,0,12.096774193548388,0,0,0,0,0,0,0,906,times_of_malta,news_listing
175,42,65,21,117,0,31,35,7216,1192,14,2,"[{'tag': 'iframe', 'src': None, 'aria_label': 'Advertisement', 'class': None, 'id': 'google_ads_iframe_/65246246/timesofmalta.com/billboard1_0', 'text': ''}, {'tag': 'iframe', 'src': None, 'aria_label': 'Advertisement', 'class': None, 'id': 'google_ads_iframe_/65246246/timesofmalta.com/sidebar1_0', 'text': ''}]",19,1,162,0.14123801220575413,124,0,35,0,0,2,1,0.9761904761904762,1,0,1,1,0.0959023539668701,0,2,0,12.096774193548388,0,0,0,0,0,0,0,907,times_of_malta,news_listing
175,42,65,21,117,0,31,35,7216,1192,14,2,"[{'tag': 'iframe', 'src': None, 'aria_label': 'Advertisement', 'class': None, 'id': 'google_ads_iframe_/65246246/timesofmalta.com/billboard1_0', 'text': ''}, {'tag': 'iframe', 'src': None, 'aria_label': 'Advertisement', 'class': None, 'id': 'google_ads_iframe_/65246246/timesofmalta.com/sidebar1_0', 'text': ''}]",19,1,162,0.14123801220575413,124,0,35,0,0,2,1,0.9761904761904762,1,0,1,1,0.0959023539668701,0,2,0,12.096774193548388,0,0,0,0,0,0,0,908,times_of_malta,news_listing
175,42,65,21,117,0,31,35,7216,1192,14,2,"[{'tag': 'iframe', 'src': None, 'aria_label': 'Advertisement', 'class': None, 'id': 'google_ads_iframe_/65246246/timesofmalta.com/billboard1_0', 'text': ''}, {'tag': 'iframe', 'src': None, 'aria_label': 'Advertisement', 'class': None, 'id': 'google_ads_iframe_/65246246/timesofmalta.com/sidebar1_0', 'text': ''}]",19,1,162,0.14123801220575413,124,0,35,0,0,2,1,0.9761904761904762,1,0,1,1,0.0959023539668701,0,2,0,12.096774193548388,0,0,0,0,0,0,0,909,times_of_malta,news_listing
175,42,65,21,117,0,31,35,7216,1192,14,2,"[{'tag': 'iframe', 'src': None, 'aria_label': 'Advertisement', 'class': None, 'id': 'google_ads_iframe_/65246246/timesofmalta.com/billboard1_0', 'text': ''}, {'tag': 'iframe', 'src': None, 'aria_label': 'Advertisement', 'class': None, 'id': 'google_ads_iframe_/65246246/timesofmalta.com/sidebar1_0', 'text': ''}]",19,1,162,0.14123801220575413,124,0,35,0,0,2,1,0.9761904761904762,1,0,1,1,0.0959023539668701,0,2,0,12.096774193548388,0,0,0,0,0,0,0,910,times_of_malta,news_listing
175,42,65,21,117,0,31,35,7216,1192,14,2,"[{'tag': 'iframe', 'src': None, 'aria_label': 'Advertisement', 'class': None, 'id': 'google_ads_iframe_/65246246/timesofmalta.com/billboard1_0', 'text': ''}, {'tag': 'iframe', 'src': None, 'aria_label': 'Advertisement', 'class': None, 'id': 'google_ads_iframe_/65246246/timesofmalta.com/sidebar1_0', 'text': ''}]",19,1,162,0.14123801220575413,124,0,35,0,0,2,1,0.9761904761904762,1,0,1,1,0.0959023539668701,0,2,0,12.096774193548388,0,0,0,0,0,0,0,911,times_of_malta,news_listing
173,42,65,21,92,0,31,35,6654,1135,14,2,"[{'tag': 'iframe', 'src': None, 'aria_label': 'Advertisement', 'class': None, 'id': 'google_ads_iframe_/65246246/timesofmalta.com/billboard1_0', 'text': ''}, {'tag': 'iframe', 'src': None, 'aria_label': 'Advertisement', 'class': None, 'id': 'google_ads_iframe_/65246246/timesofmalta.com/sidebar1_0', 'text': ''}]",19,1,160,0.14285714285714285,122,0,35,0,0,2,1,0.9761904761904762,1,0,1,1,0.09642857142857143,0,2,0,11.193548387096774,0,0,0,0,0,0,0,912,times_of_malta,news_listing
173,42,65,21,92,0,31,35,6654,1135,14,2,"[{'tag': 'iframe', 'src': None, 'aria_label': 'Advertisement', 'class': None, 'id': 'google_ads_iframe_/65246246/timesofmalta.com/billboard1_0', 'text': ''}, {'tag': 'iframe', 'src': None, 'aria_label': 'Advertisement', 'class': None, 'id': 'google_ads_iframe_/65246246/timesofmalta.com/sidebar1_0', 'text': ''}]",19,1,160,0.14285714285714285,122,0,35,0,0,2,1,0.9761904761904762,1,0,1,1,0.09642857142857143,0,2,0,11.193548387096774,0,0,0,0,0,0,0,913,times_of_malta,news_listing
173,42,65,21,92,0,31,35,6654,1135,14,2,"[{'tag': 'iframe', 'src': None, 'aria_label': 'Advertisement', 'class': None, 'id': 'google_ads_iframe_/65246246/timesofmalta.com/billboard1_0', 'text': ''}, {'tag': 'iframe', 'src': None, 'aria_label': 'Advertisement', 'class': None, 'id': 'google_ads_iframe_/65246246/timesofmalta.com/sidebar1_0', 'text': ''}]",19,1,160,0.14285714285714285,122,0,35,0,0,2,1,0.9761904761904762,1,0,1,1,0.09642857142857143,0,2,0,11.193548387096774,0,0,0,0,0,0,0,914,times_of_malta,news_listing
173,42,65,21,92,0,31,35,6654,1135,14,2,"[{'tag': 'iframe', 'src': None, 'aria_label': 'Advertisement', 'class': None, 'id': 'google_ads_iframe_/65246246/timesofmalta.com/billboard1_0', 'text': ''}, {'tag': 'iframe', 'src': None, 'aria_label': 'Advertisement', 'class': None, 'id': 'google_ads_iframe_/65246246/timesofmalta.com/sidebar1_0', 'text': ''}]",19,1,160,0.14285714285714285,122,0,35,0,0,2,1,0.9761904761904762,1,0,1,1,0.09642857142857143,0,2,0,11.193548387096774,0,0,0,0,0,0,0,915,times_of_malta,news_listing
173,42,65,21,92,0,31,35,6654,1135,14,2,"[{'tag': 'iframe', 'src': None, 'aria_label': 'Advertisement', 'class': None, 'id': 'google_ads_iframe_/65246246/timesofmalta.com/billboard1_0', 'text': ''}, {'tag': 'iframe', 'src': None, 'aria_label': 'Advertisement', 'class': None, 'id': 'google_ads_iframe_/65246246/timesofmalta.com/sidebar1_0', 'text': ''}]",19,1,160,0.14285714285714285,122,0,35,0,0,2,1,0.9761904761904762,1,0,1,1,0.09642857142857143,0,2,0,11.193548387096774,0,0,0,0,0,0,0,916,times_of_malta,news_listing
173,42,65,21,92,0,31,35,6654,1135,14,2,"[{'tag': 'iframe', 'src': None, 'aria_label': 'Advertisement', 'class': None, 'id': 'google_ads_iframe_/65246246/timesofmalta.com/billboard1_0', 'text': ''}, {'tag': 'iframe', 'src': None, 'aria_label': 'Advertisement', 'class': None, 'id': 'google_ads_iframe_/65246246/timesofmalta.com/sidebar1_0', 'text': ''}]",19,1,160,0.14285714285714285,122,0,35,0,0,2,1,0.9761904761904762,1,0,1,1,0.09642857142857143,0,2,0,11.193548387096774,0,0,0,0,0,0,0,917,times_of_malta,news_listing
173,42,65,21,92,0,31,35,6654,1135,14,2,"[{'tag': 'iframe', 'src': None, 'aria_label': 'Advertisement', 'class': None, 'id': 'google_ads_iframe_/65246246/timesofmalta.com/billboard1_0', 'text': ''}, {'tag': 'iframe', 'src': None, 'aria_label': 'Advertisement', 'class': None, 'id': 'google_ads_iframe_/65246246/timesofmalta.com/sidebar1_0', 'text': ''}]",19,1,160,0.14285714285714285,122,0,35,0,0,2,1,0.9761904761904762,1,0,1,1,0.09642857142857143,0,2,0,11.193548387096774,0,0,0,0,0,0,0,918,times_of_malta,news_listing
173,42,65,21,92,0,31,35,6654,1135,14,2,"[{'tag': 'iframe', 'src': None, 'aria_label': 'Advertisement', 'class': None, 'id': 'google_ads_iframe_/65246246/timesofmalta.com/billboard1_0', 'text': ''}, {'tag': 'iframe', 'src': None, 'aria_label': 'Advertisement', 'class': None, 'id': 'google_ads_iframe_/65246246/timesofmalta.com/sidebar1_0', 'text': ''}]",19,1,160,0.14285714285714285,122,0,35,0,0,2,1,0.9761904761904762,1,0,1,1,0.09642857142857143,0,2,0,11.193548387096774,0,0,0,0,0,0,0,919,times_of_malta,news_listing
173,42,65,21,92,0,31,35,6654,1135,14,2,"[{'tag': 'iframe', 'src': None, 'aria_label': 'Advertisement', 'class': None, 'id': 'google_ads_iframe_/65246246/timesofmalta.com/billboard1_0', 'text': ''}, {'tag': 'iframe', 'src': None, 'aria_label': 'Advertisement', 'class': None, 'id': 'google_ads_iframe_/65246246/timesofmalta.com/sidebar1_0', 'text': ''}]",19,1,160,0.14285714285714285,122,0,35,0,0,2,1,0.9761904761904762,1,0,1,1,0.09642857142857143,0,2,0,11.193548387096774,0,0,0,0,0,0,0,920,times_of_malta,news_listing
173,42,65,21,92,0,31,35,6654,1135,14,2,"[{'tag': 'iframe', 'src': None, 'aria_label': 'Advertisement', 'class': None, 'id': 'google_ads_iframe_/65246246/timesofmalta.com/billboard1_0', 'text': ''}, {'tag': 'iframe', 'src': None, 'aria_label': 'Advertisement', 'class': None, 'id': 'google_ads_iframe_/65246246/timesofmalta.com/sidebar1_0', 'text': ''}]",19,1,160,0.14285714285714285,122,0,35,0,0,2,1,0.9761904761904762,1,0,1,1,0.09642857142857143,0,2,0,11.193548387096774,0,0,0,0,0,0,0,921,times_of_malta,news_listing
173,42,65,21,92,0,31,35,6654,1135,14,2,"[{'tag': 'iframe', 'src': None, 'aria_label': 'Advertisement', 'class': None, 'id': 'google_ads_iframe_/65246246/timesofmalta.com/billboard1_0', 'text': ''}, {'tag': 'iframe', 'src': None, 'aria_label': 'Advertisement', 'class': None, 'id': 'google_ads_iframe_/65246246/timesofmalta.com/sidebar1_0', 'text': ''}]",19,1,160,0.14285714285714285,122,0,35,0,0,2,1,0.9761904761904762,1,0,1,1,0.09642857142857143,0,2,0,11.193548387096774,0,0,0,0,0,0,0,922,times_of_malta,news_listing
173,42,65,21,92,0,31,35,6654,1135,14,2,"[{'tag': 'iframe', 'src': None, 'aria_label': 'Advertisement', 'class': None, 'id': 'google_ads_iframe_/65246246/timesofmalta.com/billboard1_0', 'text': ''}, {'tag': 'iframe', 'src': None, 'aria_label': 'Advertisement', 'class': None, 'id': 'google_ads_iframe_/65246246/timesofmalta.com/sidebar1_0', 'text': ''}]",19,1,160,0.14285714285714285,122,0,35,0,0,2,1,0.9761904761904762,1,0,1,1,0.09642857142857143,0,2,0,11.193548387096774,0,0,0,0,0,0,0,923,times_of_malta,news_listing
173,42,65,21,103,0,31,35,6791,1147,14,2,"[{'tag': 'iframe', 'src': None, 'aria_label': 'Advertisement', 'class': None, 'id': 'google_ads_iframe_/65246246/timesofmalta.com/billboard1_0', 'text': ''}, {'tag': 'iframe', 'src': None, 'aria_label': 'Advertisement', 'class': None, 'id': 'google_ads_iframe_/65246246/timesofmalta.com/sidebar1_0', 'text': ''}]",19,1,160,0.1413427561837456,122,0,35,0,0,3,1,0.9761904761904762,1,0,1,1,0.09540636042402827,0,3,0,11.96774193548387,0,0,0,0,0,0,0,924,times_of_malta,news_listing
173,42,65,21,103,0,31,35,6791,1147,14,2,"[{'tag': 'iframe', 'src': None, 'aria_label': 'Advertisement', 'class': None, 'id': 'google_ads_iframe_/65246246/timesofmalta.com/billboard1_0', 'text': ''}, {'tag': 'iframe', 'src': None, 'aria_label': 'Advertisement', 'class': None, 'id': 'google_ads_iframe_/65246246/timesofmalta.com/sidebar1_0', 'text': ''}]",19,1,160,0.1413427561837456,122,0,35,0,0,3,1,0.9761904761904762,1,0,1,1,0.09540636042402827,0,3,0,11.96774193548387,0,0,0,0,0,0,0,925,times_of_malta,news_listing
173,42,65,21,103,0,31,35,6791,1147,14,2,"[{'tag': 'iframe', 'src': None, 'aria_label': 'Advertisement', 'class': None, 'id': 'google_ads_iframe_/65246246/timesofmalta.com/billboard1_0', 'text': ''}, {'tag': 'iframe', 'src': None, 'aria_label': 'Advertisement', 'class': None, 'id': 'google_ads_iframe_/65246246/timesofmalta.com/sidebar1_0', 'text': ''}]",19,1,160,0.1413427561837456,122,0,35,0,0,3,1,0.9761904761904762,1,0,1,1,0.09540636042402827,0,3,0,11.96774193548387,0,0,0,0,0,0,0,926,times_of_malta,news_listing
173,42,65,21,103,0,31,35,6791,1147,14,2,"[{'tag': 'iframe', 'src': None, 'aria_label': 'Advertisement', 'class': None, 'id': 'google_ads_iframe_/65246246/timesofmalta.com/billboard1_0', 'text': ''}, {'tag': 'iframe', 'src': None, 'aria_label': 'Advertisement', 'class': None, 'id': 'google_ads_iframe_/65246246/timesofmalta.com/sidebar1_0', 'text': ''}]",19,1,160,0.1413427561837456,122,0,35,0,0,3,1,0.9761904761904762,1,0,1,1,0.09540636042402827,0,3,0,11.96774193548387,0,0,0,0,0,0,0,927,times_of_malta,news_listing
173,42,65,21,103,0,31,35,6791,1147,14,2,"[{'tag': 'iframe', 'src': None, 'aria_label': 'Advertisement', 'class': None, 'id': 'google_ads_iframe_/65246246/timesofmalta.com/billboard1_0', 'text': ''}, {'tag': 'iframe', 'src': None, 'aria_label': 'Advertisement', 'class': None, 'id': 'google_ads_iframe_/65246246/timesofmalta.com/sidebar1_0', 'text': ''}]",19,1,160,0.1413427561837456,122,0,35,0,0,3,1,0.9761904761904762,1,0,1,1,0.09540636042402827,0,3,0,11.96774193548387,0,0,0,0,0,0,0,928,times_of_malta,news_listing
173,42,65,21,103,0,31,35,6791,1147,14,2,"[{'tag': 'iframe', 'src': None, 'aria_label': 'Advertisement', 'class': None, 'id': 'google_ads_iframe_/65246246/timesofmalta.com/billboard1_0', 'text': ''}, {'tag': 'iframe', 'src': None, 'aria_label': 'Advertisement', 'class': None, 'id': 'google_ads_iframe_/65246246/timesofmalta.com/sidebar1_0', 'text': ''}]",19,1,160,0.1413427561837456,122,0,35,0,0,3,1,0.9761904761904762,1,0,1,1,0.09540636042402827,0,3,0,11.96774193548387,0,0,0,0,0,0,0,929,times_of_malta,news_listing
173,42,65,21,103,0,31,35,6791,1147,14,2,"[{'tag': 'iframe', 'src': None, 'aria_label': 'Advertisement', 'class': None, 'id': 'google_ads_iframe_/65246246/timesofmalta.com/billboard1_0', 'text': ''}, {'tag': 'iframe', 'src': None, 'aria_label': 'Advertisement', 'class': None, 'id': 'google_ads_iframe_/65246246/timesofmalta.com/sidebar1_0', 'text': ''}]",19,1,160,0.1413427561837456,122,0,35,0,0,3,1,0.9761904761904762,1,0,1,1,0.09540636042402827,0,3,0,11.96774193548387,0,0,0,0,0,0,0,930,times_of_malta,news_listing
173,42,65,21,103,0,31,35,6791,1147,14,2,"[{'tag': 'iframe', 'src': None, 'aria_label': 'Advertisement', 'class': None, 'id': 'google_ads_iframe_/65246246/timesofmalta.com/billboard1_0', 'text': ''}, {'tag': 'iframe', 'src': None, 'aria_label': 'Advertisement', 'class': None, 'id': 'google_ads_iframe_/65246246/timesofmalta.com/sidebar1_0', 'text': ''}]",19,1,160,0.1413427561837456,122,0,35,0,0,3,1,0.9761904761904762,1,0,1,1,0.09540636042402827,0,3,0,11.96774193548387,0,0,0,0,0,0,0,931,times_of_malta,news_listing
173,42,65,21,103,0,31,35,6791,1147,14,2,"[{'tag': 'iframe', 'src': None, 'aria_label': 'Advertisement', 'class': None, 'id': 'google_ads_iframe_/65246246/timesofmalta.com/billboard1_0', 'text': ''}, {'tag': 'iframe', 'src': None, 'aria_label': 'Advertisement', 'class': None, 'id': 'google_ads_iframe_/65246246/timesofmalta.com/sidebar1_0', 'text': ''}]",19,1,160,0.1413427561837456,122,0,35,0,0,3,1,0.9761904761904762,1,0,1,1,0.09540636042402827,0,3,0,11.96774193548387,0,0,0,0,0,0,0,932,times_of_malta,news_listing
173,42,65,21,103,0,31,35,6791,1147,14,2,"[{'tag': 'iframe', 'src': None, 'aria_label': 'Advertisement', 'class': None, 'id': 'google_ads_iframe_/65246246/timesofmalta.com/billboard1_0', 'text': ''}, {'tag': 'iframe', 'src': None, 'aria_label': 'Advertisement', 'class': None, 'id': 'google_ads_iframe_/65246246/timesofmalta.com/sidebar1_0', 'text': ''}]",19,1,160,0.1413427561837456,122,0,35,0,0,3,1,0.9761904761904762,1,0,1,1,0.09540636042402827,0,3,0,11.96774193548387,0,0,0,0,0,0,0,933,times_of_malta,news_listing
173,42,65,21,103,0,31,35,6791,1147,14,2,"[{'tag': 'iframe', 'src': None, 'aria_label': 'Advertisement', 'class': None, 'id': 'google_ads_iframe_/65246246/timesofmalta.com/billboard1_0', 'text': ''}, {'tag': 'iframe', 'src': None, 'aria_label': 'Advertisement', 'class': None, 'id': 'google_ads_iframe_/65246246/timesofmalta.com/sidebar1_0', 'text': ''}]",19,1,160,0.1413427561837456,122,0,35,0,0,3,1,0.9761904761904762,1,0,1,1,0.09540636042402827,0,3,0,11.96774193548387,0,0,0,0,0,0,0,934,times_of_malta,news_listing
173,42,65,21,103,0,31,35,6791,1147,14,2,"[{'tag': 'iframe', 'src': None, 'aria_label': 'Advertisement', 'class': None, 'id': 'google_ads_iframe_/65246246/timesofmalta.com/billboard1_0', 'text': ''}, {'tag': 'iframe', 'src': None, 'aria_label': 'Advertisement', 'class': None, 'id': 'google_ads_iframe_/65246246/timesofmalta.com/sidebar1_0', 'text': ''}]",19,1,160,0.1413427561837456,122,0,35,0,0,3,1,0.9761904761904762,1,0,1,1,0.09540636042402827,0,3,0,11.96774193548387,0,0,0,0,0,0,0,935,times_of_malta,news_listing
60,27,81,19,22,1,25,4,5595,844,19,1,"[{'tag': 'iframe', 'src': None, 'aria_label': 'Advertisement', 'class': None, 'id': 'google_ads_iframe_/65246246/timesofmalta.com/billboard1_0', 'text': ''}]",18,1,47,0.07448494453248812,34,0,11,0,0,7,2,0.9259259259259259,0,0,1,1,0.04595879556259905,0,1,1,25.6,0,0,0,0,0,0,0,936,times_of_malta,article_pages
60,27,81,19,22,1,25,4,5595,844,19,1,"[{'tag': 'iframe', 'src': None, 'aria_label': 'Advertisement', 'class': None, 'id': 'google_ads_iframe_/65246246/timesofmalta.com/billboard1_0', 'text': ''}]",18,1,47,0.07448494453248812,34,0,11,0,0,7,2,0.9259259259259259,0,0,1,1,0.04595879556259905,0,1,1,25.6,0,0,0,0,0,0,0,937,times_of_malta,article_pages
60,27,81,19,22,1,25,4,5595,844,19,1,"[{'tag': 'iframe', 'src': None, 'aria_label': 'Advertisement', 'class': None, 'id': 'google_ads_iframe_/65246246/timesofmalta.com/billboard1_0', 'text': ''}]",18,1,47,0.07448494453248812,34,0,11,0,0,7,2,0.9259259259259259,0,0,1,1,0.04595879556259905,0,1,1,25.6,0,0,0,0,0,0,0,938,times_of_malta,article_pages
60,27,81,19,22,1,25,4,5595,844,19,1,"[{'tag': 'iframe', 'src': None, 'aria_label': 'Advertisement', 'class': None, 'id': 'google_ads_iframe_/65246246/timesofmalta.com/billboard1_0', 'text': ''}]",18,1,47,0.07448494453248812,34,0,11,0,0,7,2,0.9259259259259259,0,0,1,1,0.04595879556259905,0,1,1,25.6,0,0,0,0,0,0,0,939,times_of_malta,article_pages
60,27,81,19,22,1,25,4,5595,844,19,1,"[{'tag': 'iframe', 'src': None, 'aria_label': 'Advertisement', 'class': None, 'id': 'google_ads_iframe_/65246246/timesofmalta.com/billboard1_0', 'text': ''}]",18,1,47,0.07448494453248812,34,0,11,0,0,7,2,0.9259259259259259,0,0,1,1,0.04595879556259905,0,1,1,25.6,0,0,0,0,0,0,0,940,times_of_malta,article_pages
60,27,81,19,22,1,25,4,5595,844,19,1,"[{'tag': 'iframe', 'src': None, 'aria_label': 'Advertisement', 'class': None, 'id': 'google_ads_iframe_/65246246/timesofmalta.com/billboard1_0', 'text': ''}]",18,1,47,0.07448494453248812,34,0,11,0,0,7,2,0.9259259259259259,0,0,1,1,0.04595879556259905,0,1,1,25.6,0,0,0,0,0,0,0,941,times_of_malta,article_pages
60,27,81,19,22,1,25,4,5595,844,19,1,"[{'tag': 'iframe', 'src': None, 'aria_label': 'Advertisement', 'class': None, 'id': 'google_ads_iframe_/65246246/timesofmalta.com/billboard1_0', 'text': ''}]",18,1,47,0.07448494453248812,34,0,11,0,0,7,2,0.9259259259259259,0,0,1,1,0.04595879556259905,0,1,1,25.6,0,0,0,0,0,0,0,942,times_of_malta,article_pages
60,27,81,19,22,1,25,4,5595,844,19,1,"[{'tag': 'iframe', 'src': None, 'aria_label': 'Advertisement', 'class': None, 'id': 'google_ads_iframe_/65246246/timesofmalta.com/billboard1_0', 'text': ''}]",18,1,47,0.07448494453248812,34,0,11,0,0,7,2,0.9259259259259259,0,0,1,1,0.04595879556259905,0,1,1,25.6,0,0,0,0,0,0,0,943,times_of_malta,article_pages
60,27,81,19,22,1,25,4,5595,844,19,1,"[{'tag': 'iframe', 'src': None, 'aria_label': 'Advertisement', 'class': None, 'id': 'google_ads_iframe_/65246246/timesofmalta.com/billboard1_0', 'text': ''}]",18,1,47,0.07448494453248812,34,0,11,0,0,7,2,0.9259259259259259,0,0,1,1,0.04595879556259905,0,1,1,25.6,0,0,0,0,0,0,0,944,times_of_malta,article_pages
60,27,81,19,22,1,25,4,5595,844,19,1,"[{'tag': 'iframe', 'src': None, 'aria_label': 'Advertisement', 'class': None, 'id': 'google_ads_iframe_/65246246/timesofmalta.com/billboard1_0', 'text': ''}]",18,1,47,0.07448494453248812,34,0,11,0,0,7,2,0.9259259259259259,0,0,1,1,0.04595879556259905,0,1,1,25.6,0,0,0,0,0,0,0,945,times_of_malta,article_pages
60,27,81,19,22,1,25,4,5595,844,19,1,"[{'tag': 'iframe', 'src': None, 'aria_label': 'Advertisement', 'class': None, 'id': 'google_ads_iframe_/65246246/timesofmalta.com/billboard1_0', 'text': ''}]",18,1,47,0.07448494453248812,34,0,11,0,0,7,2,0.9259259259259259,0,0,1,1,0.04595879556259905,0,1,1,25.6,0,0,0,0,0,0,0,946,times_of_malta,article_pages
60,27,81,19,22,1,25,4,5595,844,19,1,"[{'tag': 'iframe', 'src': None, 'aria_label': 'Advertisement', 'class': None, 'id': 'google_ads_iframe_/65246246/timesofmalta.com/billboard1_0', 'text': ''}]",18,1,47,0.07448494453248812,34,0,11,0,0,7,2,0.9259259259259259,0,0,1,1,0.04595879556259905,0,1,1,25.6,0,0,0,0,0,0,0,947,times_of_malta,article_pages
58,26,73,17,22,1,14,4,3045,486,15,1,"[{'tag': 'iframe', 'src': None, 'aria_label': 'Advertisement', 'class': None, 'id': 'google_ads_iframe_/65246246/timesofmalta.com/billboard1_0', 'text': ''}]",16,1,45,0.08256880733944955,33,0,9,0,0,6,1,0.9615384615384616,0,0,1,1,0.05137614678899083,0,0,1,20.714285714285715,0,0,0,0,0,0,0,948,times_of_malta,article_pages
58,26,73,17,22,1,14,4,3045,486,15,1,"[{'tag': 'iframe', 'src': None, 'aria_label': 'Advertisement', 'class': None, 'id': 'google_ads_iframe_/65246246/timesofmalta.com/billboard1_0', 'text': ''}]",16,1,45,0.08256880733944955,33,0,9,0,0,6,1,0.9615384615384616,0,0,1,1,0.05137614678899083,0,0,1,20.714285714285715,0,0,0,0,0,0,0,949,times_of_malta,article_pages
58,26,73,17,22,1,14,4,3045,486,15,1,"[{'tag': 'iframe', 'src': None, 'aria_label': 'Advertisement', 'class': None, 'id': 'google_ads_iframe_/65246246/timesofmalta.com/billboard1_0', 'text': ''}]",16,1,45,0.08256880733944955,33,0,9,0,0,6,1,0.9615384615384616,0,0,1,1,0.05137614678899083,0,0,1,20.714285714285715,0,0,0,0,0,0,0,950,times_of_malta,article_pages
58,26,73,17,22,1,14,4,3045,486,15,1,"[{'tag': 'iframe', 'src': None, 'aria_label': 'Advertisement', 'class': None, 'id': 'google_ads_iframe_/65246246/timesofmalta.com/billboard1_0', 'text': ''}]",16,1,45,0.08256880733944955,33,0,9,0,0,6,1,0.9615384615384616,0,0,1,1,0.05137614678899083,0,0,1,20.714285714285715,0,0,0,0,0,0,0,951,times_of_malta,article_pages
58,26,73,17,22,1,14,4,3045,486,15,1,"[{'tag': 'iframe', 'src': None, 'aria_label': 'Advertisement', 'class': None, 'id': 'google_ads_iframe_/65246246/timesofmalta.com/billboard1_0', 'text': ''}]",16,1,45,0.08256880733944955,33,0,9,0,0,6,1,0.9615384615384616,0,0,1,1,0.05137614678899083,0,0,1,20.714285714285715,0,0,0,0,0,0,0,952,times_of_malta,article_pages
58,26,73,17,22,1,14,4,3045,486,15,1,"[{'tag': 'iframe', 'src': None, 'aria_label': 'Advertisement', 'class': None, 'id': 'google_ads_iframe_/65246246/timesofmalta.com/billboard1_0', 'text': ''}]",16,1,45,0.08256880733944955,33,0,9,0,0,6,1,0.9615384615384616,0,0,1,1,0.05137614678899083,0,0,1,20.714285714285715,0,0,0,0,0,0,0,953,times_of_malta,article_pages
58,26,73,17,22,1,14,4,3045,486,15,1,"[{'tag': 'iframe', 'src': None, 'aria_label': 'Advertisement', 'class': None, 'id': 'google_ads_iframe_/65246246/timesofmalta.com/billboard1_0', 'text': ''}]",16,1,45,0.08256880733944955,33,0,9,0,0,6,1,0.9615384615384616,0,0,1,1,0.05137614678899083,0,0,1,20.714285714285715,0,0,0,0,0,0,0,954,times_of_malta,article_pages
55,27,78,19,22,1,21,2,6244,947,19,1,"[{'tag': 'iframe', 'src': None, 'aria_label': 'Advertisement', 'class': None, 'id': 'google_ads_iframe_/65246246/timesofmalta.com/billboard1_0', 'text': ''}]",18,1,45,0.07389162561576355,32,0,10,0,0,7,1,0.9629629629629629,0,0,1,1,0.04433497536945813,0,1,1,44.05882352941177,0,0,0,0,0,0,0,955,times_of_malta,article_pages
55,27,78,19,22,1,21,2,6244,947,19,1,"[{'tag': 'iframe', 'src': None, 'aria_label': 'Advertisement', 'class': None, 'id': 'google_ads_iframe_/65246246/timesofmalta.com/billboard1_0', 'text': ''}]",18,1,45,0.07389162561576355,32,0,10,0,0,7,1,0.9629629629629629,0,0,1,1,0.04433497536945813,0,1,1,44.05882352941177,0,0,0,0,0,0,0,956,times_of_malta,article_pages
55,27,78,19,22,1,21,2,6244,947,19,1,"[{'tag': 'iframe', 'src': None, 'aria_label': 'Advertisement', 'class': None, 'id': 'google_ads_iframe_/65246246/timesofmalta.com/billboard1_0', 'text': ''}]",18,1,45,0.07389162561576355,32,0,10,0,0,7,1,0.9629629629629629,0,0,1,1,0.04433497536945813,0,1,1,44.05882352941177,0,0,0,0,0,0,0,957,times_of_malta,article_pages
55,27,78,19,22,1,21,2,6244,947,19,1,"[{'tag': 'iframe', 'src': None, 'aria_label': 'Advertisement', 'class': None, 'id': 'google_ads_iframe_/65246246/timesofmalta.com/billboard1_0', 'text': ''}]",18,1,45,0.07389162561576355,32,0,10,0,0,7,1,0.9629629629629629,0,0,1,1,0.04433497536945813,0,1,1,44.05882352941177,0,0,0,0,0,0,0,958,times_of_malta,article_pages
55,27,78,19,22,1,21,2,6244,947,19,1,"[{'tag': 'iframe', 'src': None, 'aria_label': 'Advertisement', 'class': None, 'id': 'google_ads_iframe_/65246246/timesofmalta.com/billboard1_0', 'text': ''}]",18,1,45,0.07389162561576355,32,0,10,0,0,7,1,0.9629629629629629,0,0,1,1,0.04433497536945813,0,1,1,44.05882352941177,0,0,0,0,0,0,0,959,times_of_malta,article_pages
55,27,78,19,22,1,21,2,6244,947,19,1,"[{'tag': 'iframe', 'src': None, 'aria_label': 'Advertisement', 'class': None, 'id': 'google_ads_iframe_/65246246/timesofmalta.com/billboard1_0', 'text': ''}]",18,1,45,0.07389162561576355,32,0,10,0,0,7,1,0.9629629629629629,0,0,1,1,0.04433497536945813,0,1,1,44.05882352941177,0,0,0,0,0,0,0,960,times_of_malta,article_pages
55,27,78,19,22,1,21,2,6244,947,19,1,"[{'tag': 'iframe', 'src': None, 'aria_label': 'Advertisement', 'class': None, 'id': 'google_ads_iframe_/65246246/timesofmalta.com/billboard1_0', 'text': ''}]",18,1,45,0.07389162561576355,32,0,10,0,0,7,1,0.9629629629629629,0,0,1,1,0.04433497536945813,0,1,1,44.05882352941177,0,0,0,0,0,0,0,961,times_of_malta,article_pages
55,27,78,19,22,1,21,2,6244,947,19,1,"[{'tag': 'iframe', 'src': None, 'aria_label': 'Advertisement', 'class': None, 'id': 'google_ads_iframe_/65246246/timesofmalta.com/billboard1_0', 'text': ''}]",18,1,45,0.07389162561576355,32,0,10,0,0,7,1,0.9629629629629629,0,0,1,1,0.04433497536945813,0,1,1,44.05882352941177,0,0,0,0,0,0,0,962,times_of_malta,article_pages
55,27,78,19,22,1,21,2,6244,947,19,1,"[{'tag': 'iframe', 'src': None, 'aria_label': 'Advertisement', 'class': None, 'id': 'google_ads_iframe_/65246246/timesofmalta.com/billboard1_0', 'text': ''}]",18,1,45,0.07389162561576355,32,0,10,0,0,7,1,0.9629629629629629,0,0,1,1,0.04433497536945813,0,1,1,44.05882352941177,0,0,0,0,0,0,0,963,times_of_malta,article_pages
55,27,78,19,22,1,21,2,6244,947,19,1,"[{'tag': 'iframe', 'src': None, 'aria_label': 'Advertisement', 'class': None, 'id': 'google_ads_iframe_/65246246/timesofmalta.com/billboard1_0', 'text': ''}]",18,1,45,0.07389162561576355,32,0,10,0,0,7,1,0.9629629629629629,0,0,1,1,0.04433497536945813,0,1,1,44.05882352941177,0,0,0,0,0,0,0,964,times_of_malta,article_pages
55,27,78,19,22,1,21,2,6244,947,19,1,"[{'tag': 'iframe', 'src': None, 'aria_label': 'Advertisement', 'class': None, 'id': 'google_ads_iframe_/65246246/timesofmalta.com/billboard1_0', 'text': ''}]",18,1,45,0.07389162561576355,32,0,10,0,0,7,1,0.9629629629629629,0,0,1,1,0.04433497536945813,0,1,1,44.05882352941177,0,0,0,0,0,0,0,965,times_of_malta,article_pages
55,27,78,19,22,1,21,2,6244,947,19,1,"[{'tag': 'iframe', 'src': None, 'aria_label': 'Advertisement', 'class': None, 'id': 'google_ads_iframe_/65246246/timesofmalta.com/billboard1_0', 'text': ''}]",18,1,45,0.07389162561576355,32,0,10,0,0,7,1,0.9629629629629629,0,0,1,1,0.04433497536945813,0,1,1,44.05882352941177,0,0,0,0,0,0,0,966,times_of_malta,article_pages
55,27,78,19,22,1,21,2,6244,947,19,1,"[{'tag': 'iframe', 'src': None, 'aria_label': 'Advertisement', 'class': None, 'id': 'google_ads_iframe_/65246246/timesofmalta.com/billboard1_0', 'text': ''}]",18,1,45,0.07389162561576355,32,0,10,0,0,7,1,0.9629629629629629,0,0,1,1,0.04433497536945813,0,1,1,44.05882352941177,0,0,0,0,0,0,0,967,times_of_malta,article_pages
55,27,78,19,22,1,21,2,6244,947,19,1,"[{'tag': 'iframe', 'src': None, 'aria_label': 'Advertisement', 'class': None, 'id': 'google_ads_iframe_/65246246/timesofmalta.com/billboard1_0', 'text': ''}]",18,1,45,0.07389162561576355,32,0,10,0,0,7,1,0.9629629629629629,0,0,1,1,0.04433497536945813,0,1,1,44.05882352941177,0,0,0,0,0,0,0,968,times_of_malta,article_pages
58,27,96,21,38,1,26,4,5868,910,19,1,"[{'tag': 'iframe', 'src': None, 'aria_label': 'Advertisement', 'class': None, 'id': 'google_ads_iframe_/65246246/timesofmalta.com/billboard1_0', 'text': ''}]",20,1,161,0.16529774127310062,97,0,13,2,0,7,3,0.8888888888888888,0,0,1,1,0.0944558521560575,0,1,2,22.863636363636363,0,0,0,0,0,0,0,969,times_of_malta,article_pages
58,27,96,21,38,1,26,4,5868,910,19,1,"[{'tag': 'iframe', 'src': None, 'aria_label': 'Advertisement', 'class': None, 'id': 'google_ads_iframe_/65246246/timesofmalta.com/billboard1_0', 'text': ''}]",20,1,161,0.16529774127310062,97,0,13,2,0,7,3,0.8888888888888888,0,0,1,1,0.0944558521560575,0,1,2,22.863636363636363,0,0,0,0,0,0,0,970,times_of_malta,article_pages
58,27,96,21,38,1,26,4,5868,910,19,1,"[{'tag': 'iframe', 'src': None, 'aria_label': 'Advertisement', 'class': None, 'id': 'google_ads_iframe_/65246246/timesofmalta.com/billboard1_0', 'text': ''}]",20,1,161,0.16529774127310062,97,0,13,2,0,7,3,0.8888888888888888,0,0,1,1,0.0944558521560575,0,1,2,22.863636363636363,0,0,0,0,0,0,0,971,times_of_malta,article_pages
58,27,96,21,38,1,26,4,5868,910,19,1,"[{'tag': 'iframe', 'src': None, 'aria_label': 'Advertisement', 'class': None, 'id': 'google_ads_iframe_/65246246/timesofmalta.com/billboard1_0', 'text': ''}]",20,1,161,0.16529774127310062,97,0,13,2,0,7,3,0.8888888888888888,0,0,1,1,0.0944558521560575,0,1,2,22.863636363636363,0,0,0,0,0,0,0,972,times_of_malta,article_pages
58,27,96,21,38,1,26,4,5868,910,19,1,"[{'tag': 'iframe', 'src': None, 'aria_label': 'Advertisement', 'class': None, 'id': 'google_ads_iframe_/65246246/timesofmalta.com/billboard1_0', 'text': ''}]",20,1,161,0.16529774127310062,97,0,13,2,0,7,3,0.8888888888888888,0,0,1,1,0.0944558521560575,0,1,2,22.863636363636363,0,0,0,0,0,0,0,973,times_of_malta,article_pages
58,27,96,21,38,1,26,4,5868,910,19,1,"[{'tag': 'iframe', 'src': None, 'aria_label': 'Advertisement', 'class': None, 'id': 'google_ads_iframe_/65246246/timesofmalta.com/billboard1_0', 'text': ''}]",20,1,161,0.16529774127310062,97,0,13,2,0,7,3,0.8888888888888888,0,0,1,1,0.0944558521560575,0,1,2,22.863636363636363,0,0,0,0,0,0,0,974,times_of_malta,article_pages
58,27,96,21,38,1,26,4,5868,910,19,1,"[{'tag': 'iframe', 'src': None, 'aria_label': 'Advertisement', 'class': None, 'id': 'google_ads_iframe_/65246246/timesofmalta.com/billboard1_0', 'text': ''}]",20,1,161,0.16529774127310062,97,0,13,2,0,7,3,0.8888888888888888,0,0,1,1,0.0944558521560575,0,1,2,22.863636363636363,0,0,0,0,0,0,0,975,times_of_malta,article_pages
58,27,96,21,38,1,26,4,5868,910,19,1,"[{'tag': 'iframe', 'src': None, 'aria_label': 'Advertisement', 'class': None, 'id': 'google_ads_iframe_/65246246/timesofmalta.com/billboard1_0', 'text': ''}]",20,1,161,0.16529774127310062,97,0,13,2,0,7,3,0.8888888888888888,0,0,1,1,0.0944558521560575,0,1,2,22.863636363636363,0,0,0,0,0,0,0,976,times_of_malta,article_pages
58,27,96,21,38,1,26,4,5868,910,19,1,"[{'tag': 'iframe', 'src': None, 'aria_label': 'Advertisement', 'class': None, 'id': 'google_ads_iframe_/65246246/timesofmalta.com/billboard1_0', 'text': ''}]",20,1,161,0.16529774127310062,97,0,13,2,0,7,3,0.8888888888888888,0,0,1,1,0.0944558521560575,0,1,2,22.863636363636363,0,0,0,0,0,0,0,977,times_of_malta,article_pages
58,27,96,21,38,1,26,4,5868,910,19,1,"[{'tag': 'iframe', 'src': None, 'aria_label': 'Advertisement', 'class': None, 'id': 'google_ads_iframe_/65246246/timesofmalta.com/billboard1_0', 'text': ''}]",20,1,161,0.16529774127310062,97,0,13,2,0,7,3,0.8888888888888888,0,0,1,1,0.0944558521560575,0,1,2,22.863636363636363,0,0,0,0,0,0,0,978,times_of_malta,article_pages
58,27,96,21,38,1,26,4,5868,910,19,1,"[{'tag': 'iframe', 'src': None, 'aria_label': 'Advertisement', 'class': None, 'id': 'google_ads_iframe_/65246246/timesofmalta.com/billboard1_0', 'text': ''}]",20,1,161,0.16529774127310062,97,0,13,2,0,7,3,0.8888888888888888,0,0,1,1,0.0944558521560575,0,1,2,22.863636363636363,0,0,0,0,0,0,0,979,times_of_malta,article_pages
58,27,96,21,38,1,26,4,5868,910,19,1,"[{'tag': 'iframe', 'src': None, 'aria_label': 'Advertisement', 'class': None, 'id': 'google_ads_iframe_/65246246/timesofmalta.com/billboard1_0', 'text': ''}]",20,1,161,0.16529774127310062,97,0,13,2,0,7,3,0.8888888888888888,0,0,1,1,0.0944558521560575,0,1,2,22.863636363636363,0,0,0,0,0,0,0,980,times_of_malta,article_pages
58,27,96,21,38,1,26,4,5868,910,19,1,"[{'tag': 'iframe', 'src': None, 'aria_label': 'Advertisement', 'class': None, 'id': 'google_ads_iframe_/65246246/timesofmalta.com/billboard1_0', 'text': ''}]",20,1,161,0.16529774127310062,97,0,13,2,0,7,3,0.8888888888888888,0,0,1,1,0.0944558521560575,0,1,2,22.863636363636363,0,0,0,0,0,0,0,981,times_of_malta,article_pages
58,27,96,21,38,1,26,4,5868,910,19,1,"[{'tag': 'iframe', 'src': None, 'aria_label': 'Advertisement', 'class': None, 'id': 'google_ads_iframe_/65246246/timesofmalta.com/billboard1_0', 'text': ''}]",20,1,161,0.16529774127310062,97,0,13,2,0,7,3,0.8888888888888888,0,0,1,1,0.0944558521560575,0,1,2,22.863636363636363,0,0,0,0,0,0,0,982,times_of_malta,article_pages
