num_links,num_images,num_scripts,num_iframes,num_buttons,num_forms,num_paragraphs,num_headings,text_length,word_count,dom_depth,num_advertisement_iframes,advertisement_iframes,num_non_ad_iframes,has_aria_attributes,num_aria_attributes,aria_attribute_density,num_aria_label,num_aria_labelledby,num_aria_hidden,num_aria_live,num_broken_aria_labelledby_refs,total_buttons,total_links,total_inputs,buttons_without_accessible_name,links_without_accessible_name,inputs_without_label,unlabelled_button_ratio,unlabelled_link_ratio,unlabelled_input_ratio,id,website,page_type
419,187,52,25,12,1,65,45,36431,5570,23,18,"[{'tag': 'iframe', 'src': 'https://ads.independent.com.mt/www/delivery/afr.php?resize=1&zoneid=32&target=_blank&cb=297', 'aria_label': None, 'class': ['tmiads'], 'id': 'a735fbc0', 'text': ''}, {'tag': 'iframe', 'src': 'https://ads.independent.com.mt/www/delivery/afr.php?zoneid=103&cb=175', 'aria_label': None, 'class': ['tmiads'], 'id': 'a0d81251', 'text': ''}, {'tag': 'iframe', 'src': 'https://ads.independent.com.mt/www/delivery/afr.php?resize=1&zoneid=9&target=_blank&cb=196', 'aria_label': None, 'class': ['tmiads'], 'id': 'a94be7f3', 'text': ''}, {'tag': 'iframe', 'src': 'https://ads.independent.com.mt/www/delivery/afr.php?resize=1&zoneid=10&target=_blank&cb=64', 'aria_label': None, 'class': ['tmiads'], 'id': 'a7d8fb45', 'text': ''}, {'tag': 'iframe', 'src': 'https://ads.independent.com.mt/www/delivery/afr.php?resize=1&zoneid=146&target=_blank&cb=218', 'aria_label': None, 'class': ['tmiads'], 'id': 'a94be7f3', 'text': ''}, {'tag': 'iframe', 'src': 'https://ads.independent.com.mt/www/delivery/afr.php?zoneid=147&cb=8', 'aria_label': None, 'class': ['tmiads'], 'id': 'a65e2a3a', 'text': ''}, {'tag': 'iframe', 'src': 'https://ads.independent.com.mt/www/delivery/afr.php?resize=1&zoneid=146&target=_blank&cb=218', 'aria_label': None, 'class': ['tmiads'], 'id': 'a94be7f3', 'text': ''}, {'tag': 'iframe', 'src': 'https://ads.independent.com.mt/www/delivery/afr.php?resize=1&zoneid=5&target=_blank&cb=95', 'aria_label': None, 'class': ['tmiads'], 'id': 'a6868fa4', 'text': ''}, {'tag': 'iframe', 'src': 'https://ads.independent.com.mt/www/delivery/afr.php?zoneid=17&cb=158', 'aria_label': None, 'class': ['tmiads'], 'id': 'ac72d028', 'text': ''}, {'tag': 'iframe', 'src': 'https://ads.independent.com.mt/www/delivery/afr.php?zoneid=12&cb=238', 'aria_label': None, 'class': ['tmiads'], 'id': 'af2737e4', 'text': ''}, {'tag': 'iframe', 'src': 'https://ads.independent.com.mt/www/delivery/afr.php?resize=1&zoneid=13&target=_blank&cb=85', 'aria_label': None, 'class': ['tmiads'], 'id': 'a86ac61d', 'text': ''}, {'tag': 'iframe', 'src': 'https://ads.independent.com.mt/www/delivery/afr.php?zoneid=147&cb=244', 'aria_label': None, 'class': ['tmiads'], 'id': 'a65e2a3a', 'text': ''}, {'tag': 'iframe', 'src': 'https://ads.independent.com.mt/www/delivery/afr.php?resize=1&zoneid=6&target=_blank&cb=227', 'aria_label': None, 'class': ['tmiads'], 'id': 'a486284e', 'text': ''}, {'tag': 'iframe', 'src': 'https://ads.independent.com.mt/www/delivery/afr.php?resize=1&zoneid=14&target=_blank&cb=159', 'aria_label': None, 'class': ['tmiads'], 'id': 'a8e28c82', 'text': ''}, {'tag': 'iframe', 'src': 'https://ads.independent.com.mt/www/delivery/afr.php?resize=1&zoneid=15&target=_blank&cb=254', 'aria_label': None, 'class': ['tmiads'], 'id': 'a5aefaca', 'text': ''}, {'tag': 'iframe', 'src': 'https://ads.independent.com.mt/www/delivery/afr.php?zoneid=147&cb=250', 'aria_label': None, 'class': ['tmiads'], 'id': 'a65e2a3a', 'text': ''}, {'tag': 'iframe', 'src': 'https://ads.independent.com.mt/www/delivery/afr.php?resize=1&zoneid=16&target=_blank&cb=201', 'aria_label': None, 'class': ['tmiads'], 'id': 'a4798ae8', 'text': ''}, {'tag': 'iframe', 'src': 'https://ads.independent.com.mt/www/delivery/afr.php?resize=1&zoneid=7&target=_blank&cb=186', 'aria_label': None, 'class': ['tmiads'], 'id': 'a3c00537', 'text': ''}]",7,1,251,0.08770090845562543,34,9,11,0,0,12,419,32,0,88,27,0.0,0.21,0.8438,001,independent,home_page
419,187,52,25,12,1,65,45,36431,5570,23,18,"[{'tag': 'iframe', 'src': 'https://ads.independent.com.mt/www/delivery/afr.php?resize=1&zoneid=32&target=_blank&cb=297', 'aria_label': None, 'class': ['tmiads'], 'id': 'a735fbc0', 'text': ''}, {'tag': 'iframe', 'src': 'https://ads.independent.com.mt/www/delivery/afr.php?zoneid=103&cb=175', 'aria_label': None, 'class': ['tmiads'], 'id': 'a0d81251', 'text': ''}, {'tag': 'iframe', 'src': 'https://ads.independent.com.mt/www/delivery/afr.php?resize=1&zoneid=9&target=_blank&cb=196', 'aria_label': None, 'class': ['tmiads'], 'id': 'a94be7f3', 'text': ''}, {'tag': 'iframe', 'src': 'https://ads.independent.com.mt/www/delivery/afr.php?resize=1&zoneid=10&target=_blank&cb=64', 'aria_label': None, 'class': ['tmiads'], 'id': 'a7d8fb45', 'text': ''}, {'tag': 'iframe', 'src': 'https://ads.independent.com.mt/www/delivery/afr.php?resize=1&zoneid=146&target=_blank&cb=218', 'aria_label': None, 'class': ['tmiads'], 'id': 'a94be7f3', 'text': ''}, {'tag': 'iframe', 'src': 'https://ads.independent.com.mt/www/delivery/afr.php?zoneid=147&cb=8', 'aria_label': None, 'class': ['tmiads'], 'id': 'a65e2a3a', 'text': ''}, {'tag': 'iframe', 'src': 'https://ads.independent.com.mt/www/delivery/afr.php?resize=1&zoneid=146&target=_blank&cb=218', 'aria_label': None, 'class': ['tmiads'], 'id': 'a94be7f3', 'text': ''}, {'tag': 'iframe', 'src': 'https://ads.independent.com.mt/www/delivery/afr.php?resize=1&zoneid=5&target=_blank&cb=95', 'aria_label': None, 'class': ['tmiads'], 'id': 'a6868fa4', 'text': ''}, {'tag': 'iframe', 'src': 'https://ads.independent.com.mt/www/delivery/afr.php?zoneid=17&cb=158', 'aria_label': None, 'class': ['tmiads'], 'id': 'ac72d028', 'text': ''}, {'tag': 'iframe', 'src': 'https://ads.independent.com.mt/www/delivery/afr.php?zoneid=12&cb=238', 'aria_label': None, 'class': ['tmiads'], 'id': 'af2737e4', 'text': ''}, {'tag': 'iframe', 'src': 'https://ads.independent.com.mt/www/delivery/afr.php?resize=1&zoneid=13&target=_blank&cb=85', 'aria_label': None, 'class': ['tmiads'], 'id': 'a86ac61d', 'text': ''}, {'tag': 'iframe', 'src': 'https://ads.independent.com.mt/www/delivery/afr.php?zoneid=147&cb=244', 'aria_label': None, 'class': ['tmiads'], 'id': 'a65e2a3a', 'text': ''}, {'tag': 'iframe', 'src': 'https://ads.independent.com.mt/www/delivery/afr.php?resize=1&zoneid=6&target=_blank&cb=227', 'aria_label': None, 'class': ['tmiads'], 'id': 'a486284e', 'text': ''}, {'tag': 'iframe', 'src': 'https://ads.independent.com.mt/www/delivery/afr.php?resize=1&zoneid=14&target=_blank&cb=159', 'aria_label': None, 'class': ['tmiads'], 'id': 'a8e28c82', 'text': ''}, {'tag': 'iframe', 'src': 'https://ads.independent.com.mt/www/delivery/afr.php?resize=1&zoneid=15&target=_blank&cb=254', 'aria_label': None, 'class': ['tmiads'], 'id': 'a5aefaca', 'text': ''}, {'tag': 'iframe', 'src': 'https://ads.independent.com.mt/www/delivery/afr.php?zoneid=147&cb=250', 'aria_label': None, 'class': ['tmiads'], 'id': 'a65e2a3a', 'text': ''}, {'tag': 'iframe', 'src': 'https://ads.independent.com.mt/www/delivery/afr.php?resize=1&zoneid=16&target=_blank&cb=201', 'aria_label': None, 'class': ['tmiads'], 'id': 'a4798ae8', 'text': ''}, {'tag': 'iframe', 'src': 'https://ads.independent.com.mt/www/delivery/afr.php?resize=1&zoneid=7&target=_blank&cb=186', 'aria_label': None, 'class': ['tmiads'], 'id': 'a3c00537', 'text': ''}]",7,1,251,0.08770090845562543,34,9,11,0,0,12,419,32,0,88,27,0.0,0.21,0.8438,002,independent,home_page
419,187,52,25,12,1,65,45,36431,5570,23,18,"[{'tag': 'iframe', 'src': 'https://ads.independent.com.mt/www/delivery/afr.php?resize=1&zoneid=32&target=_blank&cb=297', 'aria_label': None, 'class': ['tmiads'], 'id': 'a735fbc0', 'text': ''}, {'tag': 'iframe', 'src': 'https://ads.independent.com.mt/www/delivery/afr.php?zoneid=103&cb=175', 'aria_label': None, 'class': ['tmiads'], 'id': 'a0d81251', 'text': ''}, {'tag': 'iframe', 'src': 'https://ads.independent.com.mt/www/delivery/afr.php?resize=1&zoneid=9&target=_blank&cb=196', 'aria_label': None, 'class': ['tmiads'], 'id': 'a94be7f3', 'text': ''}, {'tag': 'iframe', 'src': 'https://ads.independent.com.mt/www/delivery/afr.php?resize=1&zoneid=10&target=_blank&cb=64', 'aria_label': None, 'class': ['tmiads'], 'id': 'a7d8fb45', 'text': ''}, {'tag': 'iframe', 'src': 'https://ads.independent.com.mt/www/delivery/afr.php?resize=1&zoneid=146&target=_blank&cb=218', 'aria_label': None, 'class': ['tmiads'], 'id': 'a94be7f3', 'text': ''}, {'tag': 'iframe', 'src': 'https://ads.independent.com.mt/www/delivery/afr.php?zoneid=147&cb=8', 'aria_label': None, 'class': ['tmiads'], 'id': 'a65e2a3a', 'text': ''}, {'tag': 'iframe', 'src': 'https://ads.independent.com.mt/www/delivery/afr.php?resize=1&zoneid=146&target=_blank&cb=218', 'aria_label': None, 'class': ['tmiads'], 'id': 'a94be7f3', 'text': ''}, {'tag': 'iframe', 'src': 'https://ads.independent.com.mt/www/delivery/afr.php?resize=1&zoneid=5&target=_blank&cb=95', 'aria_label': None, 'class': ['tmiads'], 'id': 'a6868fa4', 'text': ''}, {'tag': 'iframe', 'src': 'https://ads.independent.com.mt/www/delivery/afr.php?zoneid=17&cb=158', 'aria_label': None, 'class': ['tmiads'], 'id': 'ac72d028', 'text': ''}, {'tag': 'iframe', 'src': 'https://ads.independent.com.mt/www/delivery/afr.php?zoneid=12&cb=238', 'aria_label': None, 'class': ['tmiads'], 'id': 'af2737e4', 'text': ''}, {'tag': 'iframe', 'src': 'https://ads.independent.com.mt/www/delivery/afr.php?resize=1&zoneid=13&target=_blank&cb=85', 'aria_label': None, 'class': ['tmiads'], 'id': 'a86ac61d', 'text': ''}, {'tag': 'iframe', 'src': 'https://ads.independent.com.mt/www/delivery/afr.php?zoneid=147&cb=244', 'aria_label': None, 'class': ['tmiads'], 'id': 'a65e2a3a', 'text': ''}, {'tag': 'iframe', 'src': 'https://ads.independent.com.mt/www/delivery/afr.php?resize=1&zoneid=6&target=_blank&cb=227', 'aria_label': None, 'class': ['tmiads'], 'id': 'a486284e', 'text': ''}, {'tag': 'iframe', 'src': 'https://ads.independent.com.mt/www/delivery/afr.php?resize=1&zoneid=14&target=_blank&cb=159', 'aria_label': None, 'class': ['tmiads'], 'id': 'a8e28c82', 'text': ''}, {'tag': 'iframe', 'src': 'https://ads.independent.com.mt/www/delivery/afr.php?resize=1&zoneid=15&target=_blank&cb=254', 'aria_label': None, 'class': ['tmiads'], 'id': 'a5aefaca', 'text': ''}, {'tag': 'iframe', 'src': 'https://ads.independent.com.mt/www/delivery/afr.php?zoneid=147&cb=250', 'aria_label': None, 'class': ['tmiads'], 'id': 'a65e2a3a', 'text': ''}, {'tag': 'iframe', 'src': 'https://ads.independent.com.mt/www/delivery/afr.php?resize=1&zoneid=16&target=_blank&cb=201', 'aria_label': None, 'class': ['tmiads'], 'id': 'a4798ae8', 'text': ''}, {'tag': 'iframe', 'src': 'https://ads.independent.com.mt/www/delivery/afr.php?resize=1&zoneid=7&target=_blank&cb=186', 'aria_label': None, 'class': ['tmiads'], 'id': 'a3c00537', 'text': ''}]",7,1,251,0.08770090845562543,34,9,11,0,0,12,419,32,0,88,27,0.0,0.21,0.8438,003,independent,home_page
419,187,52,25,12,1,65,45,36431,5570,23,18,"[{'tag': 'iframe', 'src': 'https://ads.independent.com.mt/www/delivery/afr.php?resize=1&zoneid=32&target=_blank&cb=297', 'aria_label': None, 'class': ['tmiads'], 'id': 'a735fbc0', 'text': ''}, {'tag': 'iframe', 'src': 'https://ads.independent.com.mt/www/delivery/afr.php?zoneid=103&cb=175', 'aria_label': None, 'class': ['tmiads'], 'id': 'a0d81251', 'text': ''}, {'tag': 'iframe', 'src': 'https://ads.independent.com.mt/www/delivery/afr.php?resize=1&zoneid=9&target=_blank&cb=196', 'aria_label': None, 'class': ['tmiads'], 'id': 'a94be7f3', 'text': ''}, {'tag': 'iframe', 'src': 'https://ads.independent.com.mt/www/delivery/afr.php?resize=1&zoneid=10&target=_blank&cb=64', 'aria_label': None, 'class': ['tmiads'], 'id': 'a7d8fb45', 'text': ''}, {'tag': 'iframe', 'src': 'https://ads.independent.com.mt/www/delivery/afr.php?resize=1&zoneid=146&target=_blank&cb=218', 'aria_label': None, 'class': ['tmiads'], 'id': 'a94be7f3', 'text': ''}, {'tag': 'iframe', 'src': 'https://ads.independent.com.mt/www/delivery/afr.php?zoneid=147&cb=8', 'aria_label': None, 'class': ['tmiads'], 'id': 'a65e2a3a', 'text': ''}, {'tag': 'iframe', 'src': 'https://ads.independent.com.mt/www/delivery/afr.php?resize=1&zoneid=146&target=_blank&cb=218', 'aria_label': None, 'class': ['tmiads'], 'id': 'a94be7f3', 'text': ''}, {'tag': 'iframe', 'src': 'https://ads.independent.com.mt/www/delivery/afr.php?resize=1&zoneid=5&target=_blank&cb=95', 'aria_label': None, 'class': ['tmiads'], 'id': 'a6868fa4', 'text': ''}, {'tag': 'iframe', 'src': 'https://ads.independent.com.mt/www/delivery/afr.php?zoneid=17&cb=158', 'aria_label': None, 'class': ['tmiads'], 'id': 'ac72d028', 'text': ''}, {'tag': 'iframe', 'src': 'https://ads.independent.com.mt/www/delivery/afr.php?zoneid=12&cb=238', 'aria_label': None, 'class': ['tmiads'], 'id': 'af2737e4', 'text': ''}, {'tag': 'iframe', 'src': 'https://ads.independent.com.mt/www/delivery/afr.php?resize=1&zoneid=13&target=_blank&cb=85', 'aria_label': None, 'class': ['tmiads'], 'id': 'a86ac61d', 'text': ''}, {'tag': 'iframe', 'src': 'https://ads.independent.com.mt/www/delivery/afr.php?zoneid=147&cb=244', 'aria_label': None, 'class': ['tmiads'], 'id': 'a65e2a3a', 'text': ''}, {'tag': 'iframe', 'src': 'https://ads.independent.com.mt/www/delivery/afr.php?resize=1&zoneid=6&target=_blank&cb=227', 'aria_label': None, 'class': ['tmiads'], 'id': 'a486284e', 'text': ''}, {'tag': 'iframe', 'src': 'https://ads.independent.com.mt/www/delivery/afr.php?resize=1&zoneid=14&target=_blank&cb=159', 'aria_label': None, 'class': ['tmiads'], 'id': 'a8e28c82', 'text': ''}, {'tag': 'iframe', 'src': 'https://ads.independent.com.mt/www/delivery/afr.php?resize=1&zoneid=15&target=_blank&cb=254', 'aria_label': None, 'class': ['tmiads'], 'id': 'a5aefaca', 'text': ''}, {'tag': 'iframe', 'src': 'https://ads.independent.com.mt/www/delivery/afr.php?zoneid=147&cb=250', 'aria_label': None, 'class': ['tmiads'], 'id': 'a65e2a3a', 'text': ''}, {'tag': 'iframe', 'src': 'https://ads.independent.com.mt/www/delivery/afr.php?resize=1&zoneid=16&target=_blank&cb=201', 'aria_label': None, 'class': ['tmiads'], 'id': 'a4798ae8', 'text': ''}, {'tag': 'iframe', 'src': 'https://ads.independent.com.mt/www/delivery/afr.php?resize=1&zoneid=7&target=_blank&cb=186', 'aria_label': None, 'class': ['tmiads'], 'id': 'a3c00537', 'text': ''}]",7,1,251,0.08770090845562543,34,9,11,0,0,12,419,32,0,88,27,0.0,0.21,0.8438,004,independent,home_page
419,187,52,25,12,1,65,45,36431,5570,23,18,"[{'tag': 'iframe', 'src': 'https://ads.independent.com.mt/www/delivery/afr.php?resize=1&zoneid=32&target=_blank&cb=297', 'aria_label': None, 'class': ['tmiads'], 'id': 'a735fbc0', 'text': ''}, {'tag': 'iframe', 'src': 'https://ads.independent.com.mt/www/delivery/afr.php?zoneid=103&cb=175', 'aria_label': None, 'class': ['tmiads'], 'id': 'a0d81251', 'text': ''}, {'tag': 'iframe', 'src': 'https://ads.independent.com.mt/www/delivery/afr.php?resize=1&zoneid=9&target=_blank&cb=196', 'aria_label': None, 'class': ['tmiads'], 'id': 'a94be7f3', 'text': ''}, {'tag': 'iframe', 'src': 'https://ads.independent.com.mt/www/delivery/afr.php?resize=1&zoneid=10&target=_blank&cb=64', 'aria_label': None, 'class': ['tmiads'], 'id': 'a7d8fb45', 'text': ''}, {'tag': 'iframe', 'src': 'https://ads.independent.com.mt/www/delivery/afr.php?resize=1&zoneid=146&target=_blank&cb=218', 'aria_label': None, 'class': ['tmiads'], 'id': 'a94be7f3', 'text': ''}, {'tag': 'iframe', 'src': 'https://ads.independent.com.mt/www/delivery/afr.php?zoneid=147&cb=8', 'aria_label': None, 'class': ['tmiads'], 'id': 'a65e2a3a', 'text': ''}, {'tag': 'iframe', 'src': 'https://ads.independent.com.mt/www/delivery/afr.php?resize=1&zoneid=146&target=_blank&cb=218', 'aria_label': None, 'class': ['tmiads'], 'id': 'a94be7f3', 'text': ''}, {'tag': 'iframe', 'src': 'https://ads.independent.com.mt/www/delivery/afr.php?resize=1&zoneid=5&target=_blank&cb=95', 'aria_label': None, 'class': ['tmiads'], 'id': 'a6868fa4', 'text': ''}, {'tag': 'iframe', 'src': 'https://ads.independent.com.mt/www/delivery/afr.php?zoneid=17&cb=158', 'aria_label': None, 'class': ['tmiads'], 'id': 'ac72d028', 'text': ''}, {'tag': 'iframe', 'src': 'https://ads.independent.com.mt/www/delivery/afr.php?zoneid=12&cb=238', 'aria_label': None, 'class': ['tmiads'], 'id': 'af2737e4', 'text': ''}, {'tag': 'iframe', 'src': 'https://ads.independent.com.mt/www/delivery/afr.php?resize=1&zoneid=13&target=_blank&cb=85', 'aria_label': None, 'class': ['tmiads'], 'id': 'a86ac61d', 'text': ''}, {'tag': 'iframe', 'src': 'https://ads.independent.com.mt/www/delivery/afr.php?zoneid=147&cb=244', 'aria_label': None, 'class': ['tmiads'], 'id': 'a65e2a3a', 'text': ''}, {'tag': 'iframe', 'src': 'https://ads.independent.com.mt/www/delivery/afr.php?resize=1&zoneid=6&target=_blank&cb=227', 'aria_label': None, 'class': ['tmiads'], 'id': 'a486284e', 'text': ''}, {'tag': 'iframe', 'src': 'https://ads.independent.com.mt/www/delivery/afr.php?resize=1&zoneid=14&target=_blank&cb=159', 'aria_label': None, 'class': ['tmiads'], 'id': 'a8e28c82', 'text': ''}, {'tag': 'iframe', 'src': 'https://ads.independent.com.mt/www/delivery/afr.php?resize=1&zoneid=15&target=_blank&cb=254', 'aria_label': None, 'class': ['tmiads'], 'id': 'a5aefaca', 'text': ''}, {'tag': 'iframe', 'src': 'https://ads.independent.com.mt/www/delivery/afr.php?zoneid=147&cb=250', 'aria_label': None, 'class': ['tmiads'], 'id': 'a65e2a3a', 'text': ''}, {'tag': 'iframe', 'src': 'https://ads.independent.com.mt/www/delivery/afr.php?resize=1&zoneid=16&target=_blank&cb=201', 'aria_label': None, 'class': ['tmiads'], 'id': 'a4798ae8', 'text': ''}, {'tag': 'iframe', 'src': 'https://ads.independent.com.mt/www/delivery/afr.php?resize=1&zoneid=7&target=_blank&cb=186', 'aria_label': None, 'class': ['tmiads'], 'id': 'a3c00537', 'text': ''}]",7,1,251,0.08770090845562543,34,9,11,0,0,12,419,32,0,88,27,0.0,0.21,0.8438,005,independent,home_page
419,187,52,25,12,1,65,45,36431,5570,23,18,"[{'tag': 'iframe', 'src': 'https://ads.independent.com.mt/www/delivery/afr.php?resize=1&zoneid=32&target=_blank&cb=297', 'aria_label': None, 'class': ['tmiads'], 'id': 'a735fbc0', 'text': ''}, {'tag': 'iframe', 'src': 'https://ads.independent.com.mt/www/delivery/afr.php?zoneid=103&cb=175', 'aria_label': None, 'class': ['tmiads'], 'id': 'a0d81251', 'text': ''}, {'tag': 'iframe', 'src': 'https://ads.independent.com.mt/www/delivery/afr.php?resize=1&zoneid=9&target=_blank&cb=196', 'aria_label': None, 'class': ['tmiads'], 'id': 'a94be7f3', 'text': ''}, {'tag': 'iframe', 'src': 'https://ads.independent.com.mt/www/delivery/afr.php?resize=1&zoneid=10&target=_blank&cb=64', 'aria_label': None, 'class': ['tmiads'], 'id': 'a7d8fb45', 'text': ''}, {'tag': 'iframe', 'src': 'https://ads.independent.com.mt/www/delivery/afr.php?resize=1&zoneid=146&target=_blank&cb=218', 'aria_label': None, 'class': ['tmiads'], 'id': 'a94be7f3', 'text': ''}, {'tag': 'iframe', 'src': 'https://ads.independent.com.mt/www/delivery/afr.php?zoneid=147&cb=8', 'aria_label': None, 'class': ['tmiads'], 'id': 'a65e2a3a', 'text': ''}, {'tag': 'iframe', 'src': 'https://ads.independent.com.mt/www/delivery/afr.php?resize=1&zoneid=146&target=_blank&cb=218', 'aria_label': None, 'class': ['tmiads'], 'id': 'a94be7f3', 'text': ''}, {'tag': 'iframe', 'src': 'https://ads.independent.com.mt/www/delivery/afr.php?resize=1&zoneid=5&target=_blank&cb=95', 'aria_label': None, 'class': ['tmiads'], 'id': 'a6868fa4', 'text': ''}, {'tag': 'iframe', 'src': 'https://ads.independent.com.mt/www/delivery/afr.php?zoneid=17&cb=158', 'aria_label': None, 'class': ['tmiads'], 'id': 'ac72d028', 'text': ''}, {'tag': 'iframe', 'src': 'https://ads.independent.com.mt/www/delivery/afr.php?zoneid=12&cb=238', 'aria_label': None, 'class': ['tmiads'], 'id': 'af2737e4', 'text': ''}, {'tag': 'iframe', 'src': 'https://ads.independent.com.mt/www/delivery/afr.php?resize=1&zoneid=13&target=_blank&cb=85', 'aria_label': None, 'class': ['tmiads'], 'id': 'a86ac61d', 'text': ''}, {'tag': 'iframe', 'src': 'https://ads.independent.com.mt/www/delivery/afr.php?zoneid=147&cb=244', 'aria_label': None, 'class': ['tmiads'], 'id': 'a65e2a3a', 'text': ''}, {'tag': 'iframe', 'src': 'https://ads.independent.com.mt/www/delivery/afr.php?resize=1&zoneid=6&target=_blank&cb=227', 'aria_label': None, 'class': ['tmiads'], 'id': 'a486284e', 'text': ''}, {'tag': 'iframe', 'src': 'https://ads.independent.com.mt/www/delivery/afr.php?resize=1&zoneid=14&target=_blank&cb=159', 'aria_label': None, 'class': ['tmiads'], 'id': 'a8e28c82', 'text': ''}, {'tag': 'iframe', 'src': 'https://ads.independent.com.mt/www/delivery/afr.php?resize=1&zoneid=15&target=_blank&cb=254', 'aria_label': None, 'class': ['tmiads'], 'id': 'a5aefaca', 'text': ''}, {'tag': 'iframe', 'src': 'https://ads.independent.com.mt/www/delivery/afr.php?zoneid=147&cb=250', 'aria_label': None, 'class': ['tmiads'], 'id': 'a65e2a3a', 'text': ''}, {'tag': 'iframe', 'src': 'https://ads.independent.com.mt/www/delivery/afr.php?resize=1&zoneid=16&target=_blank&cb=201', 'aria_label': None, 'class': ['tmiads'], 'id': 'a4798ae8', 'text': ''}, {'tag': 'iframe', 'src': 'https://ads.independent.com.mt/www/delivery/afr.php?resize=1&zoneid=7&target=_blank&cb=186', 'aria_label': None, 'class': ['tmiads'], 'id': 'a3c00537', 'text': ''}]",7,1,251,0.08770090845562543,34,9,11,0,0,12,419,32,0,88,27,0.0,0.21,0.8438,006,independent,home_page
419,187,52,25,12,1,65,45,36431,5570,23,18,"[{'tag': 'iframe', 'src': 'https://ads.independent.com.mt/www/delivery/afr.php?resize=1&zoneid=32&target=_blank&cb=297', 'aria_label': None, 'class': ['tmiads'], 'id': 'a735fbc0', 'text': ''}, {'tag': 'iframe', 'src': 'https://ads.independent.com.mt/www/delivery/afr.php?zoneid=103&cb=175', 'aria_label': None, 'class': ['tmiads'], 'id': 'a0d81251', 'text': ''}, {'tag': 'iframe', 'src': 'https://ads.independent.com.mt/www/delivery/afr.php?resize=1&zoneid=9&target=_blank&cb=196', 'aria_label': None, 'class': ['tmiads'], 'id': 'a94be7f3', 'text': ''}, {'tag': 'iframe', 'src': 'https://ads.independent.com.mt/www/delivery/afr.php?resize=1&zoneid=10&target=_blank&cb=64', 'aria_label': None, 'class': ['tmiads'], 'id': 'a7d8fb45', 'text': ''}, {'tag': 'iframe', 'src': 'https://ads.independent.com.mt/www/delivery/afr.php?resize=1&zoneid=146&target=_blank&cb=218', 'aria_label': None, 'class': ['tmiads'], 'id': 'a94be7f3', 'text': ''}, {'tag': 'iframe', 'src': 'https://ads.independent.com.mt/www/delivery/afr.php?zoneid=147&cb=8', 'aria_label': None, 'class': ['tmiads'], 'id': 'a65e2a3a', 'text': ''}, {'tag': 'iframe', 'src': 'https://ads.independent.com.mt/www/delivery/afr.php?resize=1&zoneid=146&target=_blank&cb=218', 'aria_label': None, 'class': ['tmiads'], 'id': 'a94be7f3', 'text': ''}, {'tag': 'iframe', 'src': 'https://ads.independent.com.mt/www/delivery/afr.php?resize=1&zoneid=5&target=_blank&cb=95', 'aria_label': None, 'class': ['tmiads'], 'id': 'a6868fa4', 'text': ''}, {'tag': 'iframe', 'src': 'https://ads.independent.com.mt/www/delivery/afr.php?zoneid=17&cb=158', 'aria_label': None, 'class': ['tmiads'], 'id': 'ac72d028', 'text': ''}, {'tag': 'iframe', 'src': 'https://ads.independent.com.mt/www/delivery/afr.php?zoneid=12&cb=238', 'aria_label': None, 'class': ['tmiads'], 'id': 'af2737e4', 'text': ''}, {'tag': 'iframe', 'src': 'https://ads.independent.com.mt/www/delivery/afr.php?resize=1&zoneid=13&target=_blank&cb=85', 'aria_label': None, 'class': ['tmiads'], 'id': 'a86ac61d', 'text': ''}, {'tag': 'iframe', 'src': 'https://ads.independent.com.mt/www/delivery/afr.php?zoneid=147&cb=244', 'aria_label': None, 'class': ['tmiads'], 'id': 'a65e2a3a', 'text': ''}, {'tag': 'iframe', 'src': 'https://ads.independent.com.mt/www/delivery/afr.php?resize=1&zoneid=6&target=_blank&cb=227', 'aria_label': None, 'class': ['tmiads'], 'id': 'a486284e', 'text': ''}, {'tag': 'iframe', 'src': 'https://ads.independent.com.mt/www/delivery/afr.php?resize=1&zoneid=14&target=_blank&cb=159', 'aria_label': None, 'class': ['tmiads'], 'id': 'a8e28c82', 'text': ''}, {'tag': 'iframe', 'src': 'https://ads.independent.com.mt/www/delivery/afr.php?resize=1&zoneid=15&target=_blank&cb=254', 'aria_label': None, 'class': ['tmiads'], 'id': 'a5aefaca', 'text': ''}, {'tag': 'iframe', 'src': 'https://ads.independent.com.mt/www/delivery/afr.php?zoneid=147&cb=250', 'aria_label': None, 'class': ['tmiads'], 'id': 'a65e2a3a', 'text': ''}, {'tag': 'iframe', 'src': 'https://ads.independent.com.mt/www/delivery/afr.php?resize=1&zoneid=16&target=_blank&cb=201', 'aria_label': None, 'class': ['tmiads'], 'id': 'a4798ae8', 'text': ''}, {'tag': 'iframe', 'src': 'https://ads.independent.com.mt/www/delivery/afr.php?resize=1&zoneid=7&target=_blank&cb=186', 'aria_label': None, 'class': ['tmiads'], 'id': 'a3c00537', 'text': ''}]",7,1,251,0.08770090845562543,34,9,11,0,0,12,419,32,0,88,27,0.0,0.21,0.8438,007,independent,home_page
419,187,52,25,12,1,65,45,36431,5570,23,18,"[{'tag': 'iframe', 'src': 'https://ads.independent.com.mt/www/delivery/afr.php?resize=1&zoneid=32&target=_blank&cb=297', 'aria_label': None, 'class': ['tmiads'], 'id': 'a735fbc0', 'text': ''}, {'tag': 'iframe', 'src': 'https://ads.independent.com.mt/www/delivery/afr.php?zoneid=103&cb=175', 'aria_label': None, 'class': ['tmiads'], 'id': 'a0d81251', 'text': ''}, {'tag': 'iframe', 'src': 'https://ads.independent.com.mt/www/delivery/afr.php?resize=1&zoneid=9&target=_blank&cb=196', 'aria_label': None, 'class': ['tmiads'], 'id': 'a94be7f3', 'text': ''}, {'tag': 'iframe', 'src': 'https://ads.independent.com.mt/www/delivery/afr.php?resize=1&zoneid=10&target=_blank&cb=64', 'aria_label': None, 'class': ['tmiads'], 'id': 'a7d8fb45', 'text': ''}, {'tag': 'iframe', 'src': 'https://ads.independent.com.mt/www/delivery/afr.php?resize=1&zoneid=146&target=_blank&cb=218', 'aria_label': None, 'class': ['tmiads'], 'id': 'a94be7f3', 'text': ''}, {'tag': 'iframe', 'src': 'https://ads.independent.com.mt/www/delivery/afr.php?zoneid=147&cb=8', 'aria_label': None, 'class': ['tmiads'], 'id': 'a65e2a3a', 'text': ''}, {'tag': 'iframe', 'src': 'https://ads.independent.com.mt/www/delivery/afr.php?resize=1&zoneid=146&target=_blank&cb=218', 'aria_label': None, 'class': ['tmiads'], 'id': 'a94be7f3', 'text': ''}, {'tag': 'iframe', 'src': 'https://ads.independent.com.mt/www/delivery/afr.php?resize=1&zoneid=5&target=_blank&cb=95', 'aria_label': None, 'class': ['tmiads'], 'id': 'a6868fa4', 'text': ''}, {'tag': 'iframe', 'src': 'https://ads.independent.com.mt/www/delivery/afr.php?zoneid=17&cb=158', 'aria_label': None, 'class': ['tmiads'], 'id': 'ac72d028', 'text': ''}, {'tag': 'iframe', 'src': 'https://ads.independent.com.mt/www/delivery/afr.php?zoneid=12&cb=238', 'aria_label': None, 'class': ['tmiads'], 'id': 'af2737e4', 'text': ''}, {'tag': 'iframe', 'src': 'https://ads.independent.com.mt/www/delivery/afr.php?resize=1&zoneid=13&target=_blank&cb=85', 'aria_label': None, 'class': ['tmiads'], 'id': 'a86ac61d', 'text': ''}, {'tag': 'iframe', 'src': 'https://ads.independent.com.mt/www/delivery/afr.php?zoneid=147&cb=244', 'aria_label': None, 'class': ['tmiads'], 'id': 'a65e2a3a', 'text': ''}, {'tag': 'iframe', 'src': 'https://ads.independent.com.mt/www/delivery/afr.php?resize=1&zoneid=6&target=_blank&cb=227', 'aria_label': None, 'class': ['tmiads'], 'id': 'a486284e', 'text': ''}, {'tag': 'iframe', 'src': 'https://ads.independent.com.mt/www/delivery/afr.php?resize=1&zoneid=14&target=_blank&cb=159', 'aria_label': None, 'class': ['tmiads'], 'id': 'a8e28c82', 'text': ''}, {'tag': 'iframe', 'src': 'https://ads.independent.com.mt/www/delivery/afr.php?resize=1&zoneid=15&target=_blank&cb=254', 'aria_label': None, 'class': ['tmiads'], 'id': 'a5aefaca', 'text': ''}, {'tag': 'iframe', 'src': 'https://ads.independent.com.mt/www/delivery/afr.php?zoneid=147&cb=250', 'aria_label': None, 'class': ['tmiads'], 'id': 'a65e2a3a', 'text': ''}, {'tag': 'iframe', 'src': 'https://ads.independent.com.mt/www/delivery/afr.php?resize=1&zoneid=16&target=_blank&cb=201', 'aria_label': None, 'class': ['tmiads'], 'id': 'a4798ae8', 'text': ''}, {'tag': 'iframe', 'src': 'https://ads.independent.com.mt/www/delivery/afr.php?resize=1&zoneid=7&target=_blank&cb=186', 'aria_label': None, 'class': ['tmiads'], 'id': 'a3c00537', 'text': ''}]",7,1,251,0.08770090845562543,34,9,11,0,0,12,419,32,0,88,27,0.0,0.21,0.8438,008,independent,home_page
419,187,52,25,12,1,65,45,36431,5570,23,18,"[{'tag': 'iframe', 'src': 'https://ads.independent.com.mt/www/delivery/afr.php?resize=1&zoneid=32&target=_blank&cb=297', 'aria_label': None, 'class': ['tmiads'], 'id': 'a735fbc0', 'text': ''}, {'tag': 'iframe', 'src': 'https://ads.independent.com.mt/www/delivery/afr.php?zoneid=103&cb=175', 'aria_label': None, 'class': ['tmiads'], 'id': 'a0d81251', 'text': ''}, {'tag': 'iframe', 'src': 'https://ads.independent.com.mt/www/delivery/afr.php?resize=1&zoneid=9&target=_blank&cb=196', 'aria_label': None, 'class': ['tmiads'], 'id': 'a94be7f3', 'text': ''}, {'tag': 'iframe', 'src': 'https://ads.independent.com.mt/www/delivery/afr.php?resize=1&zoneid=10&target=_blank&cb=64', 'aria_label': None, 'class': ['tmiads'], 'id': 'a7d8fb45', 'text': ''}, {'tag': 'iframe', 'src': 'https://ads.independent.com.mt/www/delivery/afr.php?resize=1&zoneid=146&target=_blank&cb=218', 'aria_label': None, 'class': ['tmiads'], 'id': 'a94be7f3', 'text': ''}, {'tag': 'iframe', 'src': 'https://ads.independent.com.mt/www/delivery/afr.php?zoneid=147&cb=8', 'aria_label': None, 'class': ['tmiads'], 'id': 'a65e2a3a', 'text': ''}, {'tag': 'iframe', 'src': 'https://ads.independent.com.mt/www/delivery/afr.php?resize=1&zoneid=146&target=_blank&cb=218', 'aria_label': None, 'class': ['tmiads'], 'id': 'a94be7f3', 'text': ''}, {'tag': 'iframe', 'src': 'https://ads.independent.com.mt/www/delivery/afr.php?resize=1&zoneid=5&target=_blank&cb=95', 'aria_label': None, 'class': ['tmiads'], 'id': 'a6868fa4', 'text': ''}, {'tag': 'iframe', 'src': 'https://ads.independent.com.mt/www/delivery/afr.php?zoneid=17&cb=158', 'aria_label': None, 'class': ['tmiads'], 'id': 'ac72d028', 'text': ''}, {'tag': 'iframe', 'src': 'https://ads.independent.com.mt/www/delivery/afr.php?zoneid=12&cb=238', 'aria_label': None, 'class': ['tmiads'], 'id': 'af2737e4', 'text': ''}, {'tag': 'iframe', 'src': 'https://ads.independent.com.mt/www/delivery/afr.php?resize=1&zoneid=13&target=_blank&cb=85', 'aria_label': None, 'class': ['tmiads'], 'id': 'a86ac61d', 'text': ''}, {'tag': 'iframe', 'src': 'https://ads.independent.com.mt/www/delivery/afr.php?zoneid=147&cb=244', 'aria_label': None, 'class': ['tmiads'], 'id': 'a65e2a3a', 'text': ''}, {'tag': 'iframe', 'src': 'https://ads.independent.com.mt/www/delivery/afr.php?resize=1&zoneid=6&target=_blank&cb=227', 'aria_label': None, 'class': ['tmiads'], 'id': 'a486284e', 'text': ''}, {'tag': 'iframe', 'src': 'https://ads.independent.com.mt/www/delivery/afr.php?resize=1&zoneid=14&target=_blank&cb=159', 'aria_label': None, 'class': ['tmiads'], 'id': 'a8e28c82', 'text': ''}, {'tag': 'iframe', 'src': 'https://ads.independent.com.mt/www/delivery/afr.php?resize=1&zoneid=15&target=_blank&cb=254', 'aria_label': None, 'class': ['tmiads'], 'id': 'a5aefaca', 'text': ''}, {'tag': 'iframe', 'src': 'https://ads.independent.com.mt/www/delivery/afr.php?zoneid=147&cb=250', 'aria_label': None, 'class': ['tmiads'], 'id': 'a65e2a3a', 'text': ''}, {'tag': 'iframe', 'src': 'https://ads.independent.com.mt/www/delivery/afr.php?resize=1&zoneid=16&target=_blank&cb=201', 'aria_label': None, 'class': ['tmiads'], 'id': 'a4798ae8', 'text': ''}, {'tag': 'iframe', 'src': 'https://ads.independent.com.mt/www/delivery/afr.php?resize=1&zoneid=7&target=_blank&cb=186', 'aria_label': None, 'class': ['tmiads'], 'id': 'a3c00537', 'text': ''}]",7,1,251,0.08770090845562543,34,9,11,0,0,12,419,32,0,88,27,0.0,0.21,0.8438,009,independent,home_page
419,187,52,25,12,1,65,45,36431,5570,23,18,"[{'tag': 'iframe', 'src': 'https://ads.independent.com.mt/www/delivery/afr.php?resize=1&zoneid=32&target=_blank&cb=297', 'aria_label': None, 'class': ['tmiads'], 'id': 'a735fbc0', 'text': ''}, {'tag': 'iframe', 'src': 'https://ads.independent.com.mt/www/delivery/afr.php?zoneid=103&cb=175', 'aria_label': None, 'class': ['tmiads'], 'id': 'a0d81251', 'text': ''}, {'tag': 'iframe', 'src': 'https://ads.independent.com.mt/www/delivery/afr.php?resize=1&zoneid=9&target=_blank&cb=196', 'aria_label': None, 'class': ['tmiads'], 'id': 'a94be7f3', 'text': ''}, {'tag': 'iframe', 'src': 'https://ads.independent.com.mt/www/delivery/afr.php?resize=1&zoneid=10&target=_blank&cb=64', 'aria_label': None, 'class': ['tmiads'], 'id': 'a7d8fb45', 'text': ''}, {'tag': 'iframe', 'src': 'https://ads.independent.com.mt/www/delivery/afr.php?resize=1&zoneid=146&target=_blank&cb=218', 'aria_label': None, 'class': ['tmiads'], 'id': 'a94be7f3', 'text': ''}, {'tag': 'iframe', 'src': 'https://ads.independent.com.mt/www/delivery/afr.php?zoneid=147&cb=8', 'aria_label': None, 'class': ['tmiads'], 'id': 'a65e2a3a', 'text': ''}, {'tag': 'iframe', 'src': 'https://ads.independent.com.mt/www/delivery/afr.php?resize=1&zoneid=146&target=_blank&cb=218', 'aria_label': None, 'class': ['tmiads'], 'id': 'a94be7f3', 'text': ''}, {'tag': 'iframe', 'src': 'https://ads.independent.com.mt/www/delivery/afr.php?resize=1&zoneid=5&target=_blank&cb=95', 'aria_label': None, 'class': ['tmiads'], 'id': 'a6868fa4', 'text': ''}, {'tag': 'iframe', 'src': 'https://ads.independent.com.mt/www/delivery/afr.php?zoneid=17&cb=158', 'aria_label': None, 'class': ['tmiads'], 'id': 'ac72d028', 'text': ''}, {'tag': 'iframe', 'src': 'https://ads.independent.com.mt/www/delivery/afr.php?zoneid=12&cb=238', 'aria_label': None, 'class': ['tmiads'], 'id': 'af2737e4', 'text': ''}, {'tag': 'iframe', 'src': 'https://ads.independent.com.mt/www/delivery/afr.php?resize=1&zoneid=13&target=_blank&cb=85', 'aria_label': None, 'class': ['tmiads'], 'id': 'a86ac61d', 'text': ''}, {'tag': 'iframe', 'src': 'https://ads.independent.com.mt/www/delivery/afr.php?zoneid=147&cb=244', 'aria_label': None, 'class': ['tmiads'], 'id': 'a65e2a3a', 'text': ''}, {'tag': 'iframe', 'src': 'https://ads.independent.com.mt/www/delivery/afr.php?resize=1&zoneid=6&target=_blank&cb=227', 'aria_label': None, 'class': ['tmiads'], 'id': 'a486284e', 'text': ''}, {'tag': 'iframe', 'src': 'https://ads.independent.com.mt/www/delivery/afr.php?resize=1&zoneid=14&target=_blank&cb=159', 'aria_label': None, 'class': ['tmiads'], 'id': 'a8e28c82', 'text': ''}, {'tag': 'iframe', 'src': 'https://ads.independent.com.mt/www/delivery/afr.php?resize=1&zoneid=15&target=_blank&cb=254', 'aria_label': None, 'class': ['tmiads'], 'id': 'a5aefaca', 'text': ''}, {'tag': 'iframe', 'src': 'https://ads.independent.com.mt/www/delivery/afr.php?zoneid=147&cb=250', 'aria_label': None, 'class': ['tmiads'], 'id': 'a65e2a3a', 'text': ''}, {'tag': 'iframe', 'src': 'https://ads.independent.com.mt/www/delivery/afr.php?resize=1&zoneid=16&target=_blank&cb=201', 'aria_label': None, 'class': ['tmiads'], 'id': 'a4798ae8', 'text': ''}, {'tag': 'iframe', 'src': 'https://ads.independent.com.mt/www/delivery/afr.php?resize=1&zoneid=7&target=_blank&cb=186', 'aria_label': None, 'class': ['tmiads'], 'id': 'a3c00537', 'text': ''}]",7,1,251,0.08770090845562543,34,9,11,0,0,12,419,32,0,88,27,0.0,0.21,0.8438,010,independent,home_page
419,187,52,25,12,1,65,45,36431,5570,23,18,"[{'tag': 'iframe', 'src': 'https://ads.independent.com.mt/www/delivery/afr.php?resize=1&zoneid=32&target=_blank&cb=297', 'aria_label': None, 'class': ['tmiads'], 'id': 'a735fbc0', 'text': ''}, {'tag': 'iframe', 'src': 'https://ads.independent.com.mt/www/delivery/afr.php?zoneid=103&cb=175', 'aria_label': None, 'class': ['tmiads'], 'id': 'a0d81251', 'text': ''}, {'tag': 'iframe', 'src': 'https://ads.independent.com.mt/www/delivery/afr.php?resize=1&zoneid=9&target=_blank&cb=196', 'aria_label': None, 'class': ['tmiads'], 'id': 'a94be7f3', 'text': ''}, {'tag': 'iframe', 'src': 'https://ads.independent.com.mt/www/delivery/afr.php?resize=1&zoneid=10&target=_blank&cb=64', 'aria_label': None, 'class': ['tmiads'], 'id': 'a7d8fb45', 'text': ''}, {'tag': 'iframe', 'src': 'https://ads.independent.com.mt/www/delivery/afr.php?resize=1&zoneid=146&target=_blank&cb=218', 'aria_label': None, 'class': ['tmiads'], 'id': 'a94be7f3', 'text': ''}, {'tag': 'iframe', 'src': 'https://ads.independent.com.mt/www/delivery/afr.php?zoneid=147&cb=8', 'aria_label': None, 'class': ['tmiads'], 'id': 'a65e2a3a', 'text': ''}, {'tag': 'iframe', 'src': 'https://ads.independent.com.mt/www/delivery/afr.php?resize=1&zoneid=146&target=_blank&cb=218', 'aria_label': None, 'class': ['tmiads'], 'id': 'a94be7f3', 'text': ''}, {'tag': 'iframe', 'src': 'https://ads.independent.com.mt/www/delivery/afr.php?resize=1&zoneid=5&target=_blank&cb=95', 'aria_label': None, 'class': ['tmiads'], 'id': 'a6868fa4', 'text': ''}, {'tag': 'iframe', 'src': 'https://ads.independent.com.mt/www/delivery/afr.php?zoneid=17&cb=158', 'aria_label': None, 'class': ['tmiads'], 'id': 'ac72d028', 'text': ''}, {'tag': 'iframe', 'src': 'https://ads.independent.com.mt/www/delivery/afr.php?zoneid=12&cb=238', 'aria_label': None, 'class': ['tmiads'], 'id': 'af2737e4', 'text': ''}, {'tag': 'iframe', 'src': 'https://ads.independent.com.mt/www/delivery/afr.php?resize=1&zoneid=13&target=_blank&cb=85', 'aria_label': None, 'class': ['tmiads'], 'id': 'a86ac61d', 'text': ''}, {'tag': 'iframe', 'src': 'https://ads.independent.com.mt/www/delivery/afr.php?zoneid=147&cb=244', 'aria_label': None, 'class': ['tmiads'], 'id': 'a65e2a3a', 'text': ''}, {'tag': 'iframe', 'src': 'https://ads.independent.com.mt/www/delivery/afr.php?resize=1&zoneid=6&target=_blank&cb=227', 'aria_label': None, 'class': ['tmiads'], 'id': 'a486284e', 'text': ''}, {'tag': 'iframe', 'src': 'https://ads.independent.com.mt/www/delivery/afr.php?resize=1&zoneid=14&target=_blank&cb=159', 'aria_label': None, 'class': ['tmiads'], 'id': 'a8e28c82', 'text': ''}, {'tag': 'iframe', 'src': 'https://ads.independent.com.mt/www/delivery/afr.php?resize=1&zoneid=15&target=_blank&cb=254', 'aria_label': None, 'class': ['tmiads'], 'id': 'a5aefaca', 'text': ''}, {'tag': 'iframe', 'src': 'https://ads.independent.com.mt/www/delivery/afr.php?zoneid=147&cb=250', 'aria_label': None, 'class': ['tmiads'], 'id': 'a65e2a3a', 'text': ''}, {'tag': 'iframe', 'src': 'https://ads.independent.com.mt/www/delivery/afr.php?resize=1&zoneid=16&target=_blank&cb=201', 'aria_label': None, 'class': ['tmiads'], 'id': 'a4798ae8', 'text': ''}, {'tag': 'iframe', 'src': 'https://ads.independent.com.mt/www/delivery/afr.php?resize=1&zoneid=7&target=_blank&cb=186', 'aria_label': None, 'class': ['tmiads'], 'id': 'a3c00537', 'text': ''}]",7,1,251,0.08770090845562543,34,9,11,0,0,12,419,32,0,88,27,0.0,0.21,0.8438,011,independent,home_page
419,187,52,25,12,1,65,45,36431,5570,23,18,"[{'tag': 'iframe', 'src': 'https://ads.independent.com.mt/www/delivery/afr.php?resize=1&zoneid=32&target=_blank&cb=297', 'aria_label': None, 'class': ['tmiads'], 'id': 'a735fbc0', 'text': ''}, {'tag': 'iframe', 'src': 'https://ads.independent.com.mt/www/delivery/afr.php?zoneid=103&cb=175', 'aria_label': None, 'class': ['tmiads'], 'id': 'a0d81251', 'text': ''}, {'tag': 'iframe', 'src': 'https://ads.independent.com.mt/www/delivery/afr.php?resize=1&zoneid=9&target=_blank&cb=196', 'aria_label': None, 'class': ['tmiads'], 'id': 'a94be7f3', 'text': ''}, {'tag': 'iframe', 'src': 'https://ads.independent.com.mt/www/delivery/afr.php?resize=1&zoneid=10&target=_blank&cb=64', 'aria_label': None, 'class': ['tmiads'], 'id': 'a7d8fb45', 'text': ''}, {'tag': 'iframe', 'src': 'https://ads.independent.com.mt/www/delivery/afr.php?resize=1&zoneid=146&target=_blank&cb=218', 'aria_label': None, 'class': ['tmiads'], 'id': 'a94be7f3', 'text': ''}, {'tag': 'iframe', 'src': 'https://ads.independent.com.mt/www/delivery/afr.php?zoneid=147&cb=8', 'aria_label': None, 'class': ['tmiads'], 'id': 'a65e2a3a', 'text': ''}, {'tag': 'iframe', 'src': 'https://ads.independent.com.mt/www/delivery/afr.php?resize=1&zoneid=146&target=_blank&cb=218', 'aria_label': None, 'class': ['tmiads'], 'id': 'a94be7f3', 'text': ''}, {'tag': 'iframe', 'src': 'https://ads.independent.com.mt/www/delivery/afr.php?resize=1&zoneid=5&target=_blank&cb=95', 'aria_label': None, 'class': ['tmiads'], 'id': 'a6868fa4', 'text': ''}, {'tag': 'iframe', 'src': 'https://ads.independent.com.mt/www/delivery/afr.php?zoneid=17&cb=158', 'aria_label': None, 'class': ['tmiads'], 'id': 'ac72d028', 'text': ''}, {'tag': 'iframe', 'src': 'https://ads.independent.com.mt/www/delivery/afr.php?zoneid=12&cb=238', 'aria_label': None, 'class': ['tmiads'], 'id': 'af2737e4', 'text': ''}, {'tag': 'iframe', 'src': 'https://ads.independent.com.mt/www/delivery/afr.php?resize=1&zoneid=13&target=_blank&cb=85', 'aria_label': None, 'class': ['tmiads'], 'id': 'a86ac61d', 'text': ''}, {'tag': 'iframe', 'src': 'https://ads.independent.com.mt/www/delivery/afr.php?zoneid=147&cb=244', 'aria_label': None, 'class': ['tmiads'], 'id': 'a65e2a3a', 'text': ''}, {'tag': 'iframe', 'src': 'https://ads.independent.com.mt/www/delivery/afr.php?resize=1&zoneid=6&target=_blank&cb=227', 'aria_label': None, 'class': ['tmiads'], 'id': 'a486284e', 'text': ''}, {'tag': 'iframe', 'src': 'https://ads.independent.com.mt/www/delivery/afr.php?resize=1&zoneid=14&target=_blank&cb=159', 'aria_label': None, 'class': ['tmiads'], 'id': 'a8e28c82', 'text': ''}, {'tag': 'iframe', 'src': 'https://ads.independent.com.mt/www/delivery/afr.php?resize=1&zoneid=15&target=_blank&cb=254', 'aria_label': None, 'class': ['tmiads'], 'id': 'a5aefaca', 'text': ''}, {'tag': 'iframe', 'src': 'https://ads.independent.com.mt/www/delivery/afr.php?zoneid=147&cb=250', 'aria_label': None, 'class': ['tmiads'], 'id': 'a65e2a3a', 'text': ''}, {'tag': 'iframe', 'src': 'https://ads.independent.com.mt/www/delivery/afr.php?resize=1&zoneid=16&target=_blank&cb=201', 'aria_label': None, 'class': ['tmiads'], 'id': 'a4798ae8', 'text': ''}, {'tag': 'iframe', 'src': 'https://ads.independent.com.mt/www/delivery/afr.php?resize=1&zoneid=7&target=_blank&cb=186', 'aria_label': None, 'class': ['tmiads'], 'id': 'a3c00537', 'text': ''}]",7,1,251,0.08770090845562543,34,9,11,0,0,12,419,32,0,88,27,0.0,0.21,0.8438,012,independent,home_page
419,187,52,25,12,1,65,45,36431,5570,23,18,"[{'tag': 'iframe', 'src': 'https://ads.independent.com.mt/www/delivery/afr.php?resize=1&zoneid=32&target=_blank&cb=297', 'aria_label': None, 'class': ['tmiads'], 'id': 'a735fbc0', 'text': ''}, {'tag': 'iframe', 'src': 'https://ads.independent.com.mt/www/delivery/afr.php?zoneid=103&cb=175', 'aria_label': None, 'class': ['tmiads'], 'id': 'a0d81251', 'text': ''}, {'tag': 'iframe', 'src': 'https://ads.independent.com.mt/www/delivery/afr.php?resize=1&zoneid=9&target=_blank&cb=196', 'aria_label': None, 'class': ['tmiads'], 'id': 'a94be7f3', 'text': ''}, {'tag': 'iframe', 'src': 'https://ads.independent.com.mt/www/delivery/afr.php?resize=1&zoneid=10&target=_blank&cb=64', 'aria_label': None, 'class': ['tmiads'], 'id': 'a7d8fb45', 'text': ''}, {'tag': 'iframe', 'src': 'https://ads.independent.com.mt/www/delivery/afr.php?resize=1&zoneid=146&target=_blank&cb=218', 'aria_label': None, 'class': ['tmiads'], 'id': 'a94be7f3', 'text': ''}, {'tag': 'iframe', 'src': 'https://ads.independent.com.mt/www/delivery/afr.php?zoneid=147&cb=8', 'aria_label': None, 'class': ['tmiads'], 'id': 'a65e2a3a', 'text': ''}, {'tag': 'iframe', 'src': 'https://ads.independent.com.mt/www/delivery/afr.php?resize=1&zoneid=146&target=_blank&cb=218', 'aria_label': None, 'class': ['tmiads'], 'id': 'a94be7f3', 'text': ''}, {'tag': 'iframe', 'src': 'https://ads.independent.com.mt/www/delivery/afr.php?resize=1&zoneid=5&target=_blank&cb=95', 'aria_label': None, 'class': ['tmiads'], 'id': 'a6868fa4', 'text': ''}, {'tag': 'iframe', 'src': 'https://ads.independent.com.mt/www/delivery/afr.php?zoneid=17&cb=158', 'aria_label': None, 'class': ['tmiads'], 'id': 'ac72d028', 'text': ''}, {'tag': 'iframe', 'src': 'https://ads.independent.com.mt/www/delivery/afr.php?zoneid=12&cb=238', 'aria_label': None, 'class': ['tmiads'], 'id': 'af2737e4', 'text': ''}, {'tag': 'iframe', 'src': 'https://ads.independent.com.mt/www/delivery/afr.php?resize=1&zoneid=13&target=_blank&cb=85', 'aria_label': None, 'class': ['tmiads'], 'id': 'a86ac61d', 'text': ''}, {'tag': 'iframe', 'src': 'https://ads.independent.com.mt/www/delivery/afr.php?zoneid=147&cb=244', 'aria_label': None, 'class': ['tmiads'], 'id': 'a65e2a3a', 'text': ''}, {'tag': 'iframe', 'src': 'https://ads.independent.com.mt/www/delivery/afr.php?resize=1&zoneid=6&target=_blank&cb=227', 'aria_label': None, 'class': ['tmiads'], 'id': 'a486284e', 'text': ''}, {'tag': 'iframe', 'src': 'https://ads.independent.com.mt/www/delivery/afr.php?resize=1&zoneid=14&target=_blank&cb=159', 'aria_label': None, 'class': ['tmiads'], 'id': 'a8e28c82', 'text': ''}, {'tag': 'iframe', 'src': 'https://ads.independent.com.mt/www/delivery/afr.php?resize=1&zoneid=15&target=_blank&cb=254', 'aria_label': None, 'class': ['tmiads'], 'id': 'a5aefaca', 'text': ''}, {'tag': 'iframe', 'src': 'https://ads.independent.com.mt/www/delivery/afr.php?zoneid=147&cb=250', 'aria_label': None, 'class': ['tmiads'], 'id': 'a65e2a3a', 'text': ''}, {'tag': 'iframe', 'src': 'https://ads.independent.com.mt/www/delivery/afr.php?resize=1&zoneid=16&target=_blank&cb=201', 'aria_label': None, 'class': ['tmiads'], 'id': 'a4798ae8', 'text': ''}, {'tag': 'iframe', 'src': 'https://ads.independent.com.mt/www/delivery/afr.php?resize=1&zoneid=7&target=_blank&cb=186', 'aria_label': None, 'class': ['tmiads'], 'id': 'a3c00537', 'text': ''}]",7,1,251,0.08770090845562543,34,9,11,0,0,12,419,32,0,88,27,0.0,0.21,0.8438,013,independent,home_page
419,187,52,25,12,1,65,45,36431,5570,23,18,"[{'tag': 'iframe', 'src': 'https://ads.independent.com.mt/www/delivery/afr.php?resize=1&zoneid=32&target=_blank&cb=297', 'aria_label': None, 'class': ['tmiads'], 'id': 'a735fbc0', 'text': ''}, {'tag': 'iframe', 'src': 'https://ads.independent.com.mt/www/delivery/afr.php?zoneid=103&cb=175', 'aria_label': None, 'class': ['tmiads'], 'id': 'a0d81251', 'text': ''}, {'tag': 'iframe', 'src': 'https://ads.independent.com.mt/www/delivery/afr.php?resize=1&zoneid=9&target=_blank&cb=196', 'aria_label': None, 'class': ['tmiads'], 'id': 'a94be7f3', 'text': ''}, {'tag': 'iframe', 'src': 'https://ads.independent.com.mt/www/delivery/afr.php?resize=1&zoneid=10&target=_blank&cb=64', 'aria_label': None, 'class': ['tmiads'], 'id': 'a7d8fb45', 'text': ''}, {'tag': 'iframe', 'src': 'https://ads.independent.com.mt/www/delivery/afr.php?resize=1&zoneid=146&target=_blank&cb=218', 'aria_label': None, 'class': ['tmiads'], 'id': 'a94be7f3', 'text': ''}, {'tag': 'iframe', 'src': 'https://ads.independent.com.mt/www/delivery/afr.php?zoneid=147&cb=8', 'aria_label': None, 'class': ['tmiads'], 'id': 'a65e2a3a', 'text': ''}, {'tag': 'iframe', 'src': 'https://ads.independent.com.mt/www/delivery/afr.php?resize=1&zoneid=146&target=_blank&cb=218', 'aria_label': None, 'class': ['tmiads'], 'id': 'a94be7f3', 'text': ''}, {'tag': 'iframe', 'src': 'https://ads.independent.com.mt/www/delivery/afr.php?resize=1&zoneid=5&target=_blank&cb=95', 'aria_label': None, 'class': ['tmiads'], 'id': 'a6868fa4', 'text': ''}, {'tag': 'iframe', 'src': 'https://ads.independent.com.mt/www/delivery/afr.php?zoneid=17&cb=158', 'aria_label': None, 'class': ['tmiads'], 'id': 'ac72d028', 'text': ''}, {'tag': 'iframe', 'src': 'https://ads.independent.com.mt/www/delivery/afr.php?zoneid=12&cb=238', 'aria_label': None, 'class': ['tmiads'], 'id': 'af2737e4', 'text': ''}, {'tag': 'iframe', 'src': 'https://ads.independent.com.mt/www/delivery/afr.php?resize=1&zoneid=13&target=_blank&cb=85', 'aria_label': None, 'class': ['tmiads'], 'id': 'a86ac61d', 'text': ''}, {'tag': 'iframe', 'src': 'https://ads.independent.com.mt/www/delivery/afr.php?zoneid=147&cb=244', 'aria_label': None, 'class': ['tmiads'], 'id': 'a65e2a3a', 'text': ''}, {'tag': 'iframe', 'src': 'https://ads.independent.com.mt/www/delivery/afr.php?resize=1&zoneid=6&target=_blank&cb=227', 'aria_label': None, 'class': ['tmiads'], 'id': 'a486284e', 'text': ''}, {'tag': 'iframe', 'src': 'https://ads.independent.com.mt/www/delivery/afr.php?resize=1&zoneid=14&target=_blank&cb=159', 'aria_label': None, 'class': ['tmiads'], 'id': 'a8e28c82', 'text': ''}, {'tag': 'iframe', 'src': 'https://ads.independent.com.mt/www/delivery/afr.php?resize=1&zoneid=15&target=_blank&cb=254', 'aria_label': None, 'class': ['tmiads'], 'id': 'a5aefaca', 'text': ''}, {'tag': 'iframe', 'src': 'https://ads.independent.com.mt/www/delivery/afr.php?zoneid=147&cb=250', 'aria_label': None, 'class': ['tmiads'], 'id': 'a65e2a3a', 'text': ''}, {'tag': 'iframe', 'src': 'https://ads.independent.com.mt/www/delivery/afr.php?resize=1&zoneid=16&target=_blank&cb=201', 'aria_label': None, 'class': ['tmiads'], 'id': 'a4798ae8', 'text': ''}, {'tag': 'iframe', 'src': 'https://ads.independent.com.mt/www/delivery/afr.php?resize=1&zoneid=7&target=_blank&cb=186', 'aria_label': None, 'class': ['tmiads'], 'id': 'a3c00537', 'text': ''}]",7,1,251,0.08770090845562543,34,9,11,0,0,12,419,32,0,88,27,0.0,0.21,0.8438,014,independent,home_page
419,187,52,25,12,1,65,45,36431,5570,23,18,"[{'tag': 'iframe', 'src': 'https://ads.independent.com.mt/www/delivery/afr.php?resize=1&zoneid=32&target=_blank&cb=297', 'aria_label': None, 'class': ['tmiads'], 'id': 'a735fbc0', 'text': ''}, {'tag': 'iframe', 'src': 'https://ads.independent.com.mt/www/delivery/afr.php?zoneid=103&cb=175', 'aria_label': None, 'class': ['tmiads'], 'id': 'a0d81251', 'text': ''}, {'tag': 'iframe', 'src': 'https://ads.independent.com.mt/www/delivery/afr.php?resize=1&zoneid=9&target=_blank&cb=196', 'aria_label': None, 'class': ['tmiads'], 'id': 'a94be7f3', 'text': ''}, {'tag': 'iframe', 'src': 'https://ads.independent.com.mt/www/delivery/afr.php?resize=1&zoneid=10&target=_blank&cb=64', 'aria_label': None, 'class': ['tmiads'], 'id': 'a7d8fb45', 'text': ''}, {'tag': 'iframe', 'src': 'https://ads.independent.com.mt/www/delivery/afr.php?resize=1&zoneid=146&target=_blank&cb=218', 'aria_label': None, 'class': ['tmiads'], 'id': 'a94be7f3', 'text': ''}, {'tag': 'iframe', 'src': 'https://ads.independent.com.mt/www/delivery/afr.php?zoneid=147&cb=8', 'aria_label': None, 'class': ['tmiads'], 'id': 'a65e2a3a', 'text': ''}, {'tag': 'iframe', 'src': 'https://ads.independent.com.mt/www/delivery/afr.php?resize=1&zoneid=146&target=_blank&cb=218', 'aria_label': None, 'class': ['tmiads'], 'id': 'a94be7f3', 'text': ''}, {'tag': 'iframe', 'src': 'https://ads.independent.com.mt/www/delivery/afr.php?resize=1&zoneid=5&target=_blank&cb=95', 'aria_label': None, 'class': ['tmiads'], 'id': 'a6868fa4', 'text': ''}, {'tag': 'iframe', 'src': 'https://ads.independent.com.mt/www/delivery/afr.php?zoneid=17&cb=158', 'aria_label': None, 'class': ['tmiads'], 'id': 'ac72d028', 'text': ''}, {'tag': 'iframe', 'src': 'https://ads.independent.com.mt/www/delivery/afr.php?zoneid=12&cb=238', 'aria_label': None, 'class': ['tmiads'], 'id': 'af2737e4', 'text': ''}, {'tag': 'iframe', 'src': 'https://ads.independent.com.mt/www/delivery/afr.php?resize=1&zoneid=13&target=_blank&cb=85', 'aria_label': None, 'class': ['tmiads'], 'id': 'a86ac61d', 'text': ''}, {'tag': 'iframe', 'src': 'https://ads.independent.com.mt/www/delivery/afr.php?zoneid=147&cb=244', 'aria_label': None, 'class': ['tmiads'], 'id': 'a65e2a3a', 'text': ''}, {'tag': 'iframe', 'src': 'https://ads.independent.com.mt/www/delivery/afr.php?resize=1&zoneid=6&target=_blank&cb=227', 'aria_label': None, 'class': ['tmiads'], 'id': 'a486284e', 'text': ''}, {'tag': 'iframe', 'src': 'https://ads.independent.com.mt/www/delivery/afr.php?resize=1&zoneid=14&target=_blank&cb=159', 'aria_label': None, 'class': ['tmiads'], 'id': 'a8e28c82', 'text': ''}, {'tag': 'iframe', 'src': 'https://ads.independent.com.mt/www/delivery/afr.php?resize=1&zoneid=15&target=_blank&cb=254', 'aria_label': None, 'class': ['tmiads'], 'id': 'a5aefaca', 'text': ''}, {'tag': 'iframe', 'src': 'https://ads.independent.com.mt/www/delivery/afr.php?zoneid=147&cb=250', 'aria_label': None, 'class': ['tmiads'], 'id': 'a65e2a3a', 'text': ''}, {'tag': 'iframe', 'src': 'https://ads.independent.com.mt/www/delivery/afr.php?resize=1&zoneid=16&target=_blank&cb=201', 'aria_label': None, 'class': ['tmiads'], 'id': 'a4798ae8', 'text': ''}, {'tag': 'iframe', 'src': 'https://ads.independent.com.mt/www/delivery/afr.php?resize=1&zoneid=7&target=_blank&cb=186', 'aria_label': None, 'class': ['tmiads'], 'id': 'a3c00537', 'text': ''}]",7,1,251,0.08770090845562543,34,9,11,0,0,12,419,32,0,88,27,0.0,0.21,0.8438,015,independent,home_page
419,187,52,25,12,1,65,45,36431,5570,23,18,"[{'tag': 'iframe', 'src': 'https://ads.independent.com.mt/www/delivery/afr.php?resize=1&zoneid=32&target=_blank&cb=297', 'aria_label': None, 'class': ['tmiads'], 'id': 'a735fbc0', 'text': ''}, {'tag': 'iframe', 'src': 'https://ads.independent.com.mt/www/delivery/afr.php?zoneid=103&cb=175', 'aria_label': None, 'class': ['tmiads'], 'id': 'a0d81251', 'text': ''}, {'tag': 'iframe', 'src': 'https://ads.independent.com.mt/www/delivery/afr.php?resize=1&zoneid=9&target=_blank&cb=196', 'aria_label': None, 'class': ['tmiads'], 'id': 'a94be7f3', 'text': ''}, {'tag': 'iframe', 'src': 'https://ads.independent.com.mt/www/delivery/afr.php?resize=1&zoneid=10&target=_blank&cb=64', 'aria_label': None, 'class': ['tmiads'], 'id': 'a7d8fb45', 'text': ''}, {'tag': 'iframe', 'src': 'https://ads.independent.com.mt/www/delivery/afr.php?resize=1&zoneid=146&target=_blank&cb=218', 'aria_label': None, 'class': ['tmiads'], 'id': 'a94be7f3', 'text': ''}, {'tag': 'iframe', 'src': 'https://ads.independent.com.mt/www/delivery/afr.php?zoneid=147&cb=8', 'aria_label': None, 'class': ['tmiads'], 'id': 'a65e2a3a', 'text': ''}, {'tag': 'iframe', 'src': 'https://ads.independent.com.mt/www/delivery/afr.php?resize=1&zoneid=146&target=_blank&cb=218', 'aria_label': None, 'class': ['tmiads'], 'id': 'a94be7f3', 'text': ''}, {'tag': 'iframe', 'src': 'https://ads.independent.com.mt/www/delivery/afr.php?resize=1&zoneid=5&target=_blank&cb=95', 'aria_label': None, 'class': ['tmiads'], 'id': 'a6868fa4', 'text': ''}, {'tag': 'iframe', 'src': 'https://ads.independent.com.mt/www/delivery/afr.php?zoneid=17&cb=158', 'aria_label': None, 'class': ['tmiads'], 'id': 'ac72d028', 'text': ''}, {'tag': 'iframe', 'src': 'https://ads.independent.com.mt/www/delivery/afr.php?zoneid=12&cb=238', 'aria_label': None, 'class': ['tmiads'], 'id': 'af2737e4', 'text': ''}, {'tag': 'iframe', 'src': 'https://ads.independent.com.mt/www/delivery/afr.php?resize=1&zoneid=13&target=_blank&cb=85', 'aria_label': None, 'class': ['tmiads'], 'id': 'a86ac61d', 'text': ''}, {'tag': 'iframe', 'src': 'https://ads.independent.com.mt/www/delivery/afr.php?zoneid=147&cb=244', 'aria_label': None, 'class': ['tmiads'], 'id': 'a65e2a3a', 'text': ''}, {'tag': 'iframe', 'src': 'https://ads.independent.com.mt/www/delivery/afr.php?resize=1&zoneid=6&target=_blank&cb=227', 'aria_label': None, 'class': ['tmiads'], 'id': 'a486284e', 'text': ''}, {'tag': 'iframe', 'src': 'https://ads.independent.com.mt/www/delivery/afr.php?resize=1&zoneid=14&target=_blank&cb=159', 'aria_label': None, 'class': ['tmiads'], 'id': 'a8e28c82', 'text': ''}, {'tag': 'iframe', 'src': 'https://ads.independent.com.mt/www/delivery/afr.php?resize=1&zoneid=15&target=_blank&cb=254', 'aria_label': None, 'class': ['tmiads'], 'id': 'a5aefaca', 'text': ''}, {'tag': 'iframe', 'src': 'https://ads.independent.com.mt/www/delivery/afr.php?zoneid=147&cb=250', 'aria_label': None, 'class': ['tmiads'], 'id': 'a65e2a3a', 'text': ''}, {'tag': 'iframe', 'src': 'https://ads.independent.com.mt/www/delivery/afr.php?resize=1&zoneid=16&target=_blank&cb=201', 'aria_label': None, 'class': ['tmiads'], 'id': 'a4798ae8', 'text': ''}, {'tag': 'iframe', 'src': 'https://ads.independent.com.mt/www/delivery/afr.php?resize=1&zoneid=7&target=_blank&cb=186', 'aria_label': None, 'class': ['tmiads'], 'id': 'a3c00537', 'text': ''}]",7,1,251,0.08770090845562543,34,9,11,0,0,12,419,32,0,88,27,0.0,0.21,0.8438,016,independent,home_page
419,187,52,25,12,1,65,45,36431,5570,23,18,"[{'tag': 'iframe', 'src': 'https://ads.independent.com.mt/www/delivery/afr.php?resize=1&zoneid=32&target=_blank&cb=297', 'aria_label': None, 'class': ['tmiads'], 'id': 'a735fbc0', 'text': ''}, {'tag': 'iframe', 'src': 'https://ads.independent.com.mt/www/delivery/afr.php?zoneid=103&cb=175', 'aria_label': None, 'class': ['tmiads'], 'id': 'a0d81251', 'text': ''}, {'tag': 'iframe', 'src': 'https://ads.independent.com.mt/www/delivery/afr.php?resize=1&zoneid=9&target=_blank&cb=196', 'aria_label': None, 'class': ['tmiads'], 'id': 'a94be7f3', 'text': ''}, {'tag': 'iframe', 'src': 'https://ads.independent.com.mt/www/delivery/afr.php?resize=1&zoneid=10&target=_blank&cb=64', 'aria_label': None, 'class': ['tmiads'], 'id': 'a7d8fb45', 'text': ''}, {'tag': 'iframe', 'src': 'https://ads.independent.com.mt/www/delivery/afr.php?resize=1&zoneid=146&target=_blank&cb=218', 'aria_label': None, 'class': ['tmiads'], 'id': 'a94be7f3', 'text': ''}, {'tag': 'iframe', 'src': 'https://ads.independent.com.mt/www/delivery/afr.php?zoneid=147&cb=8', 'aria_label': None, 'class': ['tmiads'], 'id': 'a65e2a3a', 'text': ''}, {'tag': 'iframe', 'src': 'https://ads.independent.com.mt/www/delivery/afr.php?resize=1&zoneid=146&target=_blank&cb=218', 'aria_label': None, 'class': ['tmiads'], 'id': 'a94be7f3', 'text': ''}, {'tag': 'iframe', 'src': 'https://ads.independent.com.mt/www/delivery/afr.php?resize=1&zoneid=5&target=_blank&cb=95', 'aria_label': None, 'class': ['tmiads'], 'id': 'a6868fa4', 'text': ''}, {'tag': 'iframe', 'src': 'https://ads.independent.com.mt/www/delivery/afr.php?zoneid=17&cb=158', 'aria_label': None, 'class': ['tmiads'], 'id': 'ac72d028', 'text': ''}, {'tag': 'iframe', 'src': 'https://ads.independent.com.mt/www/delivery/afr.php?zoneid=12&cb=238', 'aria_label': None, 'class': ['tmiads'], 'id': 'af2737e4', 'text': ''}, {'tag': 'iframe', 'src': 'https://ads.independent.com.mt/www/delivery/afr.php?resize=1&zoneid=13&target=_blank&cb=85', 'aria_label': None, 'class': ['tmiads'], 'id': 'a86ac61d', 'text': ''}, {'tag': 'iframe', 'src': 'https://ads.independent.com.mt/www/delivery/afr.php?zoneid=147&cb=244', 'aria_label': None, 'class': ['tmiads'], 'id': 'a65e2a3a', 'text': ''}, {'tag': 'iframe', 'src': 'https://ads.independent.com.mt/www/delivery/afr.php?resize=1&zoneid=6&target=_blank&cb=227', 'aria_label': None, 'class': ['tmiads'], 'id': 'a486284e', 'text': ''}, {'tag': 'iframe', 'src': 'https://ads.independent.com.mt/www/delivery/afr.php?resize=1&zoneid=14&target=_blank&cb=159', 'aria_label': None, 'class': ['tmiads'], 'id': 'a8e28c82', 'text': ''}, {'tag': 'iframe', 'src': 'https://ads.independent.com.mt/www/delivery/afr.php?resize=1&zoneid=15&target=_blank&cb=254', 'aria_label': None, 'class': ['tmiads'], 'id': 'a5aefaca', 'text': ''}, {'tag': 'iframe', 'src': 'https://ads.independent.com.mt/www/delivery/afr.php?zoneid=147&cb=250', 'aria_label': None, 'class': ['tmiads'], 'id': 'a65e2a3a', 'text': ''}, {'tag': 'iframe', 'src': 'https://ads.independent.com.mt/www/delivery/afr.php?resize=1&zoneid=16&target=_blank&cb=201', 'aria_label': None, 'class': ['tmiads'], 'id': 'a4798ae8', 'text': ''}, {'tag': 'iframe', 'src': 'https://ads.independent.com.mt/www/delivery/afr.php?resize=1&zoneid=7&target=_blank&cb=186', 'aria_label': None, 'class': ['tmiads'], 'id': 'a3c00537', 'text': ''}]",7,1,251,0.08770090845562543,34,9,11,0,0,12,419,32,0,88,27,0.0,0.21,0.8438,017,independent,home_page
419,187,52,25,12,1,65,45,36431,5570,23,18,"[{'tag': 'iframe', 'src': 'https://ads.independent.com.mt/www/delivery/afr.php?resize=1&zoneid=32&target=_blank&cb=297', 'aria_label': None, 'class': ['tmiads'], 'id': 'a735fbc0', 'text': ''}, {'tag': 'iframe', 'src': 'https://ads.independent.com.mt/www/delivery/afr.php?zoneid=103&cb=175', 'aria_label': None, 'class': ['tmiads'], 'id': 'a0d81251', 'text': ''}, {'tag': 'iframe', 'src': 'https://ads.independent.com.mt/www/delivery/afr.php?resize=1&zoneid=9&target=_blank&cb=196', 'aria_label': None, 'class': ['tmiads'], 'id': 'a94be7f3', 'text': ''}, {'tag': 'iframe', 'src': 'https://ads.independent.com.mt/www/delivery/afr.php?resize=1&zoneid=10&target=_blank&cb=64', 'aria_label': None, 'class': ['tmiads'], 'id': 'a7d8fb45', 'text': ''}, {'tag': 'iframe', 'src': 'https://ads.independent.com.mt/www/delivery/afr.php?resize=1&zoneid=146&target=_blank&cb=218', 'aria_label': None, 'class': ['tmiads'], 'id': 'a94be7f3', 'text': ''}, {'tag': 'iframe', 'src': 'https://ads.independent.com.mt/www/delivery/afr.php?zoneid=147&cb=8', 'aria_label': None, 'class': ['tmiads'], 'id': 'a65e2a3a', 'text': ''}, {'tag': 'iframe', 'src': 'https://ads.independent.com.mt/www/delivery/afr.php?resize=1&zoneid=146&target=_blank&cb=218', 'aria_label': None, 'class': ['tmiads'], 'id': 'a94be7f3', 'text': ''}, {'tag': 'iframe', 'src': 'https://ads.independent.com.mt/www/delivery/afr.php?resize=1&zoneid=5&target=_blank&cb=95', 'aria_label': None, 'class': ['tmiads'], 'id': 'a6868fa4', 'text': ''}, {'tag': 'iframe', 'src': 'https://ads.independent.com.mt/www/delivery/afr.php?zoneid=17&cb=158', 'aria_label': None, 'class': ['tmiads'], 'id': 'ac72d028', 'text': ''}, {'tag': 'iframe', 'src': 'https://ads.independent.com.mt/www/delivery/afr.php?zoneid=12&cb=238', 'aria_label': None, 'class': ['tmiads'], 'id': 'af2737e4', 'text': ''}, {'tag': 'iframe', 'src': 'https://ads.independent.com.mt/www/delivery/afr.php?resize=1&zoneid=13&target=_blank&cb=85', 'aria_label': None, 'class': ['tmiads'], 'id': 'a86ac61d', 'text': ''}, {'tag': 'iframe', 'src': 'https://ads.independent.com.mt/www/delivery/afr.php?zoneid=147&cb=244', 'aria_label': None, 'class': ['tmiads'], 'id': 'a65e2a3a', 'text': ''}, {'tag': 'iframe', 'src': 'https://ads.independent.com.mt/www/delivery/afr.php?resize=1&zoneid=6&target=_blank&cb=227', 'aria_label': None, 'class': ['tmiads'], 'id': 'a486284e', 'text': ''}, {'tag': 'iframe', 'src': 'https://ads.independent.com.mt/www/delivery/afr.php?resize=1&zoneid=14&target=_blank&cb=159', 'aria_label': None, 'class': ['tmiads'], 'id': 'a8e28c82', 'text': ''}, {'tag': 'iframe', 'src': 'https://ads.independent.com.mt/www/delivery/afr.php?resize=1&zoneid=15&target=_blank&cb=254', 'aria_label': None, 'class': ['tmiads'], 'id': 'a5aefaca', 'text': ''}, {'tag': 'iframe', 'src': 'https://ads.independent.com.mt/www/delivery/afr.php?zoneid=147&cb=250', 'aria_label': None, 'class': ['tmiads'], 'id': 'a65e2a3a', 'text': ''}, {'tag': 'iframe', 'src': 'https://ads.independent.com.mt/www/delivery/afr.php?resize=1&zoneid=16&target=_blank&cb=201', 'aria_label': None, 'class': ['tmiads'], 'id': 'a4798ae8', 'text': ''}, {'tag': 'iframe', 'src': 'https://ads.independent.com.mt/www/delivery/afr.php?resize=1&zoneid=7&target=_blank&cb=186', 'aria_label': None, 'class': ['tmiads'], 'id': 'a3c00537', 'text': ''}]",7,1,251,0.08770090845562543,34,9,11,0,0,12,419,32,0,88,27,0.0,0.21,0.8438,018,independent,home_page
419,187,52,25,12,1,65,45,36431,5570,23,18,"[{'tag': 'iframe', 'src': 'https://ads.independent.com.mt/www/delivery/afr.php?resize=1&zoneid=32&target=_blank&cb=297', 'aria_label': None, 'class': ['tmiads'], 'id': 'a735fbc0', 'text': ''}, {'tag': 'iframe', 'src': 'https://ads.independent.com.mt/www/delivery/afr.php?zoneid=103&cb=175', 'aria_label': None, 'class': ['tmiads'], 'id': 'a0d81251', 'text': ''}, {'tag': 'iframe', 'src': 'https://ads.independent.com.mt/www/delivery/afr.php?resize=1&zoneid=9&target=_blank&cb=196', 'aria_label': None, 'class': ['tmiads'], 'id': 'a94be7f3', 'text': ''}, {'tag': 'iframe', 'src': 'https://ads.independent.com.mt/www/delivery/afr.php?resize=1&zoneid=10&target=_blank&cb=64', 'aria_label': None, 'class': ['tmiads'], 'id': 'a7d8fb45', 'text': ''}, {'tag': 'iframe', 'src': 'https://ads.independent.com.mt/www/delivery/afr.php?resize=1&zoneid=146&target=_blank&cb=218', 'aria_label': None, 'class': ['tmiads'], 'id': 'a94be7f3', 'text': ''}, {'tag': 'iframe', 'src': 'https://ads.independent.com.mt/www/delivery/afr.php?zoneid=147&cb=8', 'aria_label': None, 'class': ['tmiads'], 'id': 'a65e2a3a', 'text': ''}, {'tag': 'iframe', 'src': 'https://ads.independent.com.mt/www/delivery/afr.php?resize=1&zoneid=146&target=_blank&cb=218', 'aria_label': None, 'class': ['tmiads'], 'id': 'a94be7f3', 'text': ''}, {'tag': 'iframe', 'src': 'https://ads.independent.com.mt/www/delivery/afr.php?resize=1&zoneid=5&target=_blank&cb=95', 'aria_label': None, 'class': ['tmiads'], 'id': 'a6868fa4', 'text': ''}, {'tag': 'iframe', 'src': 'https://ads.independent.com.mt/www/delivery/afr.php?zoneid=17&cb=158', 'aria_label': None, 'class': ['tmiads'], 'id': 'ac72d028', 'text': ''}, {'tag': 'iframe', 'src': 'https://ads.independent.com.mt/www/delivery/afr.php?zoneid=12&cb=238', 'aria_label': None, 'class': ['tmiads'], 'id': 'af2737e4', 'text': ''}, {'tag': 'iframe', 'src': 'https://ads.independent.com.mt/www/delivery/afr.php?resize=1&zoneid=13&target=_blank&cb=85', 'aria_label': None, 'class': ['tmiads'], 'id': 'a86ac61d', 'text': ''}, {'tag': 'iframe', 'src': 'https://ads.independent.com.mt/www/delivery/afr.php?zoneid=147&cb=244', 'aria_label': None, 'class': ['tmiads'], 'id': 'a65e2a3a', 'text': ''}, {'tag': 'iframe', 'src': 'https://ads.independent.com.mt/www/delivery/afr.php?resize=1&zoneid=6&target=_blank&cb=227', 'aria_label': None, 'class': ['tmiads'], 'id': 'a486284e', 'text': ''}, {'tag': 'iframe', 'src': 'https://ads.independent.com.mt/www/delivery/afr.php?resize=1&zoneid=14&target=_blank&cb=159', 'aria_label': None, 'class': ['tmiads'], 'id': 'a8e28c82', 'text': ''}, {'tag': 'iframe', 'src': 'https://ads.independent.com.mt/www/delivery/afr.php?resize=1&zoneid=15&target=_blank&cb=254', 'aria_label': None, 'class': ['tmiads'], 'id': 'a5aefaca', 'text': ''}, {'tag': 'iframe', 'src': 'https://ads.independent.com.mt/www/delivery/afr.php?zoneid=147&cb=250', 'aria_label': None, 'class': ['tmiads'], 'id': 'a65e2a3a', 'text': ''}, {'tag': 'iframe', 'src': 'https://ads.independent.com.mt/www/delivery/afr.php?resize=1&zoneid=16&target=_blank&cb=201', 'aria_label': None, 'class': ['tmiads'], 'id': 'a4798ae8', 'text': ''}, {'tag': 'iframe', 'src': 'https://ads.independent.com.mt/www/delivery/afr.php?resize=1&zoneid=7&target=_blank&cb=186', 'aria_label': None, 'class': ['tmiads'], 'id': 'a3c00537', 'text': ''}]",7,1,251,0.08770090845562543,34,9,11,0,0,12,419,32,0,88,27,0.0,0.21,0.8438,019,independent,home_page
419,187,52,25,12,1,65,45,36431,5570,23,18,"[{'tag': 'iframe', 'src': 'https://ads.independent.com.mt/www/delivery/afr.php?resize=1&zoneid=32&target=_blank&cb=297', 'aria_label': None, 'class': ['tmiads'], 'id': 'a735fbc0', 'text': ''}, {'tag': 'iframe', 'src': 'https://ads.independent.com.mt/www/delivery/afr.php?zoneid=103&cb=175', 'aria_label': None, 'class': ['tmiads'], 'id': 'a0d81251', 'text': ''}, {'tag': 'iframe', 'src': 'https://ads.independent.com.mt/www/delivery/afr.php?resize=1&zoneid=9&target=_blank&cb=196', 'aria_label': None, 'class': ['tmiads'], 'id': 'a94be7f3', 'text': ''}, {'tag': 'iframe', 'src': 'https://ads.independent.com.mt/www/delivery/afr.php?resize=1&zoneid=10&target=_blank&cb=64', 'aria_label': None, 'class': ['tmiads'], 'id': 'a7d8fb45', 'text': ''}, {'tag': 'iframe', 'src': 'https://ads.independent.com.mt/www/delivery/afr.php?resize=1&zoneid=146&target=_blank&cb=218', 'aria_label': None, 'class': ['tmiads'], 'id': 'a94be7f3', 'text': ''}, {'tag': 'iframe', 'src': 'https://ads.independent.com.mt/www/delivery/afr.php?zoneid=147&cb=8', 'aria_label': None, 'class': ['tmiads'], 'id': 'a65e2a3a', 'text': ''}, {'tag': 'iframe', 'src': 'https://ads.independent.com.mt/www/delivery/afr.php?resize=1&zoneid=146&target=_blank&cb=218', 'aria_label': None, 'class': ['tmiads'], 'id': 'a94be7f3', 'text': ''}, {'tag': 'iframe', 'src': 'https://ads.independent.com.mt/www/delivery/afr.php?resize=1&zoneid=5&target=_blank&cb=95', 'aria_label': None, 'class': ['tmiads'], 'id': 'a6868fa4', 'text': ''}, {'tag': 'iframe', 'src': 'https://ads.independent.com.mt/www/delivery/afr.php?zoneid=17&cb=158', 'aria_label': None, 'class': ['tmiads'], 'id': 'ac72d028', 'text': ''}, {'tag': 'iframe', 'src': 'https://ads.independent.com.mt/www/delivery/afr.php?zoneid=12&cb=238', 'aria_label': None, 'class': ['tmiads'], 'id': 'af2737e4', 'text': ''}, {'tag': 'iframe', 'src': 'https://ads.independent.com.mt/www/delivery/afr.php?resize=1&zoneid=13&target=_blank&cb=85', 'aria_label': None, 'class': ['tmiads'], 'id': 'a86ac61d', 'text': ''}, {'tag': 'iframe', 'src': 'https://ads.independent.com.mt/www/delivery/afr.php?zoneid=147&cb=244', 'aria_label': None, 'class': ['tmiads'], 'id': 'a65e2a3a', 'text': ''}, {'tag': 'iframe', 'src': 'https://ads.independent.com.mt/www/delivery/afr.php?resize=1&zoneid=6&target=_blank&cb=227', 'aria_label': None, 'class': ['tmiads'], 'id': 'a486284e', 'text': ''}, {'tag': 'iframe', 'src': 'https://ads.independent.com.mt/www/delivery/afr.php?resize=1&zoneid=14&target=_blank&cb=159', 'aria_label': None, 'class': ['tmiads'], 'id': 'a8e28c82', 'text': ''}, {'tag': 'iframe', 'src': 'https://ads.independent.com.mt/www/delivery/afr.php?resize=1&zoneid=15&target=_blank&cb=254', 'aria_label': None, 'class': ['tmiads'], 'id': 'a5aefaca', 'text': ''}, {'tag': 'iframe', 'src': 'https://ads.independent.com.mt/www/delivery/afr.php?zoneid=147&cb=250', 'aria_label': None, 'class': ['tmiads'], 'id': 'a65e2a3a', 'text': ''}, {'tag': 'iframe', 'src': 'https://ads.independent.com.mt/www/delivery/afr.php?resize=1&zoneid=16&target=_blank&cb=201', 'aria_label': None, 'class': ['tmiads'], 'id': 'a4798ae8', 'text': ''}, {'tag': 'iframe', 'src': 'https://ads.independent.com.mt/www/delivery/afr.php?resize=1&zoneid=7&target=_blank&cb=186', 'aria_label': None, 'class': ['tmiads'], 'id': 'a3c00537', 'text': ''}]",7,1,251,0.08770090845562543,34,9,11,0,0,12,419,32,0,88,27,0.0,0.21,0.8438,020,independent,home_page
419,187,52,25,12,1,65,45,36431,5570,23,18,"[{'tag': 'iframe', 'src': 'https://ads.independent.com.mt/www/delivery/afr.php?resize=1&zoneid=32&target=_blank&cb=297', 'aria_label': None, 'class': ['tmiads'], 'id': 'a735fbc0', 'text': ''}, {'tag': 'iframe', 'src': 'https://ads.independent.com.mt/www/delivery/afr.php?zoneid=103&cb=175', 'aria_label': None, 'class': ['tmiads'], 'id': 'a0d81251', 'text': ''}, {'tag': 'iframe', 'src': 'https://ads.independent.com.mt/www/delivery/afr.php?resize=1&zoneid=9&target=_blank&cb=196', 'aria_label': None, 'class': ['tmiads'], 'id': 'a94be7f3', 'text': ''}, {'tag': 'iframe', 'src': 'https://ads.independent.com.mt/www/delivery/afr.php?resize=1&zoneid=10&target=_blank&cb=64', 'aria_label': None, 'class': ['tmiads'], 'id': 'a7d8fb45', 'text': ''}, {'tag': 'iframe', 'src': 'https://ads.independent.com.mt/www/delivery/afr.php?resize=1&zoneid=146&target=_blank&cb=218', 'aria_label': None, 'class': ['tmiads'], 'id': 'a94be7f3', 'text': ''}, {'tag': 'iframe', 'src': 'https://ads.independent.com.mt/www/delivery/afr.php?zoneid=147&cb=8', 'aria_label': None, 'class': ['tmiads'], 'id': 'a65e2a3a', 'text': ''}, {'tag': 'iframe', 'src': 'https://ads.independent.com.mt/www/delivery/afr.php?resize=1&zoneid=146&target=_blank&cb=218', 'aria_label': None, 'class': ['tmiads'], 'id': 'a94be7f3', 'text': ''}, {'tag': 'iframe', 'src': 'https://ads.independent.com.mt/www/delivery/afr.php?resize=1&zoneid=5&target=_blank&cb=95', 'aria_label': None, 'class': ['tmiads'], 'id': 'a6868fa4', 'text': ''}, {'tag': 'iframe', 'src': 'https://ads.independent.com.mt/www/delivery/afr.php?zoneid=17&cb=158', 'aria_label': None, 'class': ['tmiads'], 'id': 'ac72d028', 'text': ''}, {'tag': 'iframe', 'src': 'https://ads.independent.com.mt/www/delivery/afr.php?zoneid=12&cb=238', 'aria_label': None, 'class': ['tmiads'], 'id': 'af2737e4', 'text': ''}, {'tag': 'iframe', 'src': 'https://ads.independent.com.mt/www/delivery/afr.php?resize=1&zoneid=13&target=_blank&cb=85', 'aria_label': None, 'class': ['tmiads'], 'id': 'a86ac61d', 'text': ''}, {'tag': 'iframe', 'src': 'https://ads.independent.com.mt/www/delivery/afr.php?zoneid=147&cb=244', 'aria_label': None, 'class': ['tmiads'], 'id': 'a65e2a3a', 'text': ''}, {'tag': 'iframe', 'src': 'https://ads.independent.com.mt/www/delivery/afr.php?resize=1&zoneid=6&target=_blank&cb=227', 'aria_label': None, 'class': ['tmiads'], 'id': 'a486284e', 'text': ''}, {'tag': 'iframe', 'src': 'https://ads.independent.com.mt/www/delivery/afr.php?resize=1&zoneid=14&target=_blank&cb=159', 'aria_label': None, 'class': ['tmiads'], 'id': 'a8e28c82', 'text': ''}, {'tag': 'iframe', 'src': 'https://ads.independent.com.mt/www/delivery/afr.php?resize=1&zoneid=15&target=_blank&cb=254', 'aria_label': None, 'class': ['tmiads'], 'id': 'a5aefaca', 'text': ''}, {'tag': 'iframe', 'src': 'https://ads.independent.com.mt/www/delivery/afr.php?zoneid=147&cb=250', 'aria_label': None, 'class': ['tmiads'], 'id': 'a65e2a3a', 'text': ''}, {'tag': 'iframe', 'src': 'https://ads.independent.com.mt/www/delivery/afr.php?resize=1&zoneid=16&target=_blank&cb=201', 'aria_label': None, 'class': ['tmiads'], 'id': 'a4798ae8', 'text': ''}, {'tag': 'iframe', 'src': 'https://ads.independent.com.mt/www/delivery/afr.php?resize=1&zoneid=7&target=_blank&cb=186', 'aria_label': None, 'class': ['tmiads'], 'id': 'a3c00537', 'text': ''}]",7,1,251,0.08770090845562543,34,9,11,0,0,12,419,32,0,88,27,0.0,0.21,0.8438,021,independent,home_page
419,187,52,25,12,1,65,45,36431,5570,23,18,"[{'tag': 'iframe', 'src': 'https://ads.independent.com.mt/www/delivery/afr.php?resize=1&zoneid=32&target=_blank&cb=297', 'aria_label': None, 'class': ['tmiads'], 'id': 'a735fbc0', 'text': ''}, {'tag': 'iframe', 'src': 'https://ads.independent.com.mt/www/delivery/afr.php?zoneid=103&cb=175', 'aria_label': None, 'class': ['tmiads'], 'id': 'a0d81251', 'text': ''}, {'tag': 'iframe', 'src': 'https://ads.independent.com.mt/www/delivery/afr.php?resize=1&zoneid=9&target=_blank&cb=196', 'aria_label': None, 'class': ['tmiads'], 'id': 'a94be7f3', 'text': ''}, {'tag': 'iframe', 'src': 'https://ads.independent.com.mt/www/delivery/afr.php?resize=1&zoneid=10&target=_blank&cb=64', 'aria_label': None, 'class': ['tmiads'], 'id': 'a7d8fb45', 'text': ''}, {'tag': 'iframe', 'src': 'https://ads.independent.com.mt/www/delivery/afr.php?resize=1&zoneid=146&target=_blank&cb=218', 'aria_label': None, 'class': ['tmiads'], 'id': 'a94be7f3', 'text': ''}, {'tag': 'iframe', 'src': 'https://ads.independent.com.mt/www/delivery/afr.php?zoneid=147&cb=8', 'aria_label': None, 'class': ['tmiads'], 'id': 'a65e2a3a', 'text': ''}, {'tag': 'iframe', 'src': 'https://ads.independent.com.mt/www/delivery/afr.php?resize=1&zoneid=146&target=_blank&cb=218', 'aria_label': None, 'class': ['tmiads'], 'id': 'a94be7f3', 'text': ''}, {'tag': 'iframe', 'src': 'https://ads.independent.com.mt/www/delivery/afr.php?resize=1&zoneid=5&target=_blank&cb=95', 'aria_label': None, 'class': ['tmiads'], 'id': 'a6868fa4', 'text': ''}, {'tag': 'iframe', 'src': 'https://ads.independent.com.mt/www/delivery/afr.php?zoneid=17&cb=158', 'aria_label': None, 'class': ['tmiads'], 'id': 'ac72d028', 'text': ''}, {'tag': 'iframe', 'src': 'https://ads.independent.com.mt/www/delivery/afr.php?zoneid=12&cb=238', 'aria_label': None, 'class': ['tmiads'], 'id': 'af2737e4', 'text': ''}, {'tag': 'iframe', 'src': 'https://ads.independent.com.mt/www/delivery/afr.php?resize=1&zoneid=13&target=_blank&cb=85', 'aria_label': None, 'class': ['tmiads'], 'id': 'a86ac61d', 'text': ''}, {'tag': 'iframe', 'src': 'https://ads.independent.com.mt/www/delivery/afr.php?zoneid=147&cb=244', 'aria_label': None, 'class': ['tmiads'], 'id': 'a65e2a3a', 'text': ''}, {'tag': 'iframe', 'src': 'https://ads.independent.com.mt/www/delivery/afr.php?resize=1&zoneid=6&target=_blank&cb=227', 'aria_label': None, 'class': ['tmiads'], 'id': 'a486284e', 'text': ''}, {'tag': 'iframe', 'src': 'https://ads.independent.com.mt/www/delivery/afr.php?resize=1&zoneid=14&target=_blank&cb=159', 'aria_label': None, 'class': ['tmiads'], 'id': 'a8e28c82', 'text': ''}, {'tag': 'iframe', 'src': 'https://ads.independent.com.mt/www/delivery/afr.php?resize=1&zoneid=15&target=_blank&cb=254', 'aria_label': None, 'class': ['tmiads'], 'id': 'a5aefaca', 'text': ''}, {'tag': 'iframe', 'src': 'https://ads.independent.com.mt/www/delivery/afr.php?zoneid=147&cb=250', 'aria_label': None, 'class': ['tmiads'], 'id': 'a65e2a3a', 'text': ''}, {'tag': 'iframe', 'src': 'https://ads.independent.com.mt/www/delivery/afr.php?resize=1&zoneid=16&target=_blank&cb=201', 'aria_label': None, 'class': ['tmiads'], 'id': 'a4798ae8', 'text': ''}, {'tag': 'iframe', 'src': 'https://ads.independent.com.mt/www/delivery/afr.php?resize=1&zoneid=7&target=_blank&cb=186', 'aria_label': None, 'class': ['tmiads'], 'id': 'a3c00537', 'text': ''}]",7,1,251,0.08770090845562543,34,9,11,0,0,12,419,32,0,88,27,0.0,0.21,0.8438,022,independent,home_page
419,187,52,25,12,1,65,45,36431,5570,23,18,"[{'tag': 'iframe', 'src': 'https://ads.independent.com.mt/www/delivery/afr.php?resize=1&zoneid=32&target=_blank&cb=297', 'aria_label': None, 'class': ['tmiads'], 'id': 'a735fbc0', 'text': ''}, {'tag': 'iframe', 'src': 'https://ads.independent.com.mt/www/delivery/afr.php?zoneid=103&cb=175', 'aria_label': None, 'class': ['tmiads'], 'id': 'a0d81251', 'text': ''}, {'tag': 'iframe', 'src': 'https://ads.independent.com.mt/www/delivery/afr.php?resize=1&zoneid=9&target=_blank&cb=196', 'aria_label': None, 'class': ['tmiads'], 'id': 'a94be7f3', 'text': ''}, {'tag': 'iframe', 'src': 'https://ads.independent.com.mt/www/delivery/afr.php?resize=1&zoneid=10&target=_blank&cb=64', 'aria_label': None, 'class': ['tmiads'], 'id': 'a7d8fb45', 'text': ''}, {'tag': 'iframe', 'src': 'https://ads.independent.com.mt/www/delivery/afr.php?resize=1&zoneid=146&target=_blank&cb=218', 'aria_label': None, 'class': ['tmiads'], 'id': 'a94be7f3', 'text': ''}, {'tag': 'iframe', 'src': 'https://ads.independent.com.mt/www/delivery/afr.php?zoneid=147&cb=8', 'aria_label': None, 'class': ['tmiads'], 'id': 'a65e2a3a', 'text': ''}, {'tag': 'iframe', 'src': 'https://ads.independent.com.mt/www/delivery/afr.php?resize=1&zoneid=146&target=_blank&cb=218', 'aria_label': None, 'class': ['tmiads'], 'id': 'a94be7f3', 'text': ''}, {'tag': 'iframe', 'src': 'https://ads.independent.com.mt/www/delivery/afr.php?resize=1&zoneid=5&target=_blank&cb=95', 'aria_label': None, 'class': ['tmiads'], 'id': 'a6868fa4', 'text': ''}, {'tag': 'iframe', 'src': 'https://ads.independent.com.mt/www/delivery/afr.php?zoneid=17&cb=158', 'aria_label': None, 'class': ['tmiads'], 'id': 'ac72d028', 'text': ''}, {'tag': 'iframe', 'src': 'https://ads.independent.com.mt/www/delivery/afr.php?zoneid=12&cb=238', 'aria_label': None, 'class': ['tmiads'], 'id': 'af2737e4', 'text': ''}, {'tag': 'iframe', 'src': 'https://ads.independent.com.mt/www/delivery/afr.php?resize=1&zoneid=13&target=_blank&cb=85', 'aria_label': None, 'class': ['tmiads'], 'id': 'a86ac61d', 'text': ''}, {'tag': 'iframe', 'src': 'https://ads.independent.com.mt/www/delivery/afr.php?zoneid=147&cb=244', 'aria_label': None, 'class': ['tmiads'], 'id': 'a65e2a3a', 'text': ''}, {'tag': 'iframe', 'src': 'https://ads.independent.com.mt/www/delivery/afr.php?resize=1&zoneid=6&target=_blank&cb=227', 'aria_label': None, 'class': ['tmiads'], 'id': 'a486284e', 'text': ''}, {'tag': 'iframe', 'src': 'https://ads.independent.com.mt/www/delivery/afr.php?resize=1&zoneid=14&target=_blank&cb=159', 'aria_label': None, 'class': ['tmiads'], 'id': 'a8e28c82', 'text': ''}, {'tag': 'iframe', 'src': 'https://ads.independent.com.mt/www/delivery/afr.php?resize=1&zoneid=15&target=_blank&cb=254', 'aria_label': None, 'class': ['tmiads'], 'id': 'a5aefaca', 'text': ''}, {'tag': 'iframe', 'src': 'https://ads.independent.com.mt/www/delivery/afr.php?zoneid=147&cb=250', 'aria_label': None, 'class': ['tmiads'], 'id': 'a65e2a3a', 'text': ''}, {'tag': 'iframe', 'src': 'https://ads.independent.com.mt/www/delivery/afr.php?resize=1&zoneid=16&target=_blank&cb=201', 'aria_label': None, 'class': ['tmiads'], 'id': 'a4798ae8', 'text': ''}, {'tag': 'iframe', 'src': 'https://ads.independent.com.mt/www/delivery/afr.php?resize=1&zoneid=7&target=_blank&cb=186', 'aria_label': None, 'class': ['tmiads'], 'id': 'a3c00537', 'text': ''}]",7,1,251,0.08770090845562543,34,9,11,0,0,12,419,32,0,88,27,0.0,0.21,0.8438,023,independent,home_page
419,187,52,25,12,1,65,45,36431,5570,23,18,"[{'tag': 'iframe', 'src': 'https://ads.independent.com.mt/www/delivery/afr.php?resize=1&zoneid=32&target=_blank&cb=297', 'aria_label': None, 'class': ['tmiads'], 'id': 'a735fbc0', 'text': ''}, {'tag': 'iframe', 'src': 'https://ads.independent.com.mt/www/delivery/afr.php?zoneid=103&cb=175', 'aria_label': None, 'class': ['tmiads'], 'id': 'a0d81251', 'text': ''}, {'tag': 'iframe', 'src': 'https://ads.independent.com.mt/www/delivery/afr.php?resize=1&zoneid=9&target=_blank&cb=196', 'aria_label': None, 'class': ['tmiads'], 'id': 'a94be7f3', 'text': ''}, {'tag': 'iframe', 'src': 'https://ads.independent.com.mt/www/delivery/afr.php?resize=1&zoneid=10&target=_blank&cb=64', 'aria_label': None, 'class': ['tmiads'], 'id': 'a7d8fb45', 'text': ''}, {'tag': 'iframe', 'src': 'https://ads.independent.com.mt/www/delivery/afr.php?resize=1&zoneid=146&target=_blank&cb=218', 'aria_label': None, 'class': ['tmiads'], 'id': 'a94be7f3', 'text': ''}, {'tag': 'iframe', 'src': 'https://ads.independent.com.mt/www/delivery/afr.php?zoneid=147&cb=8', 'aria_label': None, 'class': ['tmiads'], 'id': 'a65e2a3a', 'text': ''}, {'tag': 'iframe', 'src': 'https://ads.independent.com.mt/www/delivery/afr.php?resize=1&zoneid=146&target=_blank&cb=218', 'aria_label': None, 'class': ['tmiads'], 'id': 'a94be7f3', 'text': ''}, {'tag': 'iframe', 'src': 'https://ads.independent.com.mt/www/delivery/afr.php?resize=1&zoneid=5&target=_blank&cb=95', 'aria_label': None, 'class': ['tmiads'], 'id': 'a6868fa4', 'text': ''}, {'tag': 'iframe', 'src': 'https://ads.independent.com.mt/www/delivery/afr.php?zoneid=17&cb=158', 'aria_label': None, 'class': ['tmiads'], 'id': 'ac72d028', 'text': ''}, {'tag': 'iframe', 'src': 'https://ads.independent.com.mt/www/delivery/afr.php?zoneid=12&cb=238', 'aria_label': None, 'class': ['tmiads'], 'id': 'af2737e4', 'text': ''}, {'tag': 'iframe', 'src': 'https://ads.independent.com.mt/www/delivery/afr.php?resize=1&zoneid=13&target=_blank&cb=85', 'aria_label': None, 'class': ['tmiads'], 'id': 'a86ac61d', 'text': ''}, {'tag': 'iframe', 'src': 'https://ads.independent.com.mt/www/delivery/afr.php?zoneid=147&cb=244', 'aria_label': None, 'class': ['tmiads'], 'id': 'a65e2a3a', 'text': ''}, {'tag': 'iframe', 'src': 'https://ads.independent.com.mt/www/delivery/afr.php?resize=1&zoneid=6&target=_blank&cb=227', 'aria_label': None, 'class': ['tmiads'], 'id': 'a486284e', 'text': ''}, {'tag': 'iframe', 'src': 'https://ads.independent.com.mt/www/delivery/afr.php?resize=1&zoneid=14&target=_blank&cb=159', 'aria_label': None, 'class': ['tmiads'], 'id': 'a8e28c82', 'text': ''}, {'tag': 'iframe', 'src': 'https://ads.independent.com.mt/www/delivery/afr.php?resize=1&zoneid=15&target=_blank&cb=254', 'aria_label': None, 'class': ['tmiads'], 'id': 'a5aefaca', 'text': ''}, {'tag': 'iframe', 'src': 'https://ads.independent.com.mt/www/delivery/afr.php?zoneid=147&cb=250', 'aria_label': None, 'class': ['tmiads'], 'id': 'a65e2a3a', 'text': ''}, {'tag': 'iframe', 'src': 'https://ads.independent.com.mt/www/delivery/afr.php?resize=1&zoneid=16&target=_blank&cb=201', 'aria_label': None, 'class': ['tmiads'], 'id': 'a4798ae8', 'text': ''}, {'tag': 'iframe', 'src': 'https://ads.independent.com.mt/www/delivery/afr.php?resize=1&zoneid=7&target=_blank&cb=186', 'aria_label': None, 'class': ['tmiads'], 'id': 'a3c00537', 'text': ''}]",7,1,251,0.08770090845562543,34,9,11,0,0,12,419,32,0,88,27,0.0,0.21,0.8438,024,independent,home_page
419,187,52,25,12,1,65,45,36431,5570,23,18,"[{'tag': 'iframe', 'src': 'https://ads.independent.com.mt/www/delivery/afr.php?resize=1&zoneid=32&target=_blank&cb=297', 'aria_label': None, 'class': ['tmiads'], 'id': 'a735fbc0', 'text': ''}, {'tag': 'iframe', 'src': 'https://ads.independent.com.mt/www/delivery/afr.php?zoneid=103&cb=175', 'aria_label': None, 'class': ['tmiads'], 'id': 'a0d81251', 'text': ''}, {'tag': 'iframe', 'src': 'https://ads.independent.com.mt/www/delivery/afr.php?resize=1&zoneid=9&target=_blank&cb=196', 'aria_label': None, 'class': ['tmiads'], 'id': 'a94be7f3', 'text': ''}, {'tag': 'iframe', 'src': 'https://ads.independent.com.mt/www/delivery/afr.php?resize=1&zoneid=10&target=_blank&cb=64', 'aria_label': None, 'class': ['tmiads'], 'id': 'a7d8fb45', 'text': ''}, {'tag': 'iframe', 'src': 'https://ads.independent.com.mt/www/delivery/afr.php?resize=1&zoneid=146&target=_blank&cb=218', 'aria_label': None, 'class': ['tmiads'], 'id': 'a94be7f3', 'text': ''}, {'tag': 'iframe', 'src': 'https://ads.independent.com.mt/www/delivery/afr.php?zoneid=147&cb=8', 'aria_label': None, 'class': ['tmiads'], 'id': 'a65e2a3a', 'text': ''}, {'tag': 'iframe', 'src': 'https://ads.independent.com.mt/www/delivery/afr.php?resize=1&zoneid=146&target=_blank&cb=218', 'aria_label': None, 'class': ['tmiads'], 'id': 'a94be7f3', 'text': ''}, {'tag': 'iframe', 'src': 'https://ads.independent.com.mt/www/delivery/afr.php?resize=1&zoneid=5&target=_blank&cb=95', 'aria_label': None, 'class': ['tmiads'], 'id': 'a6868fa4', 'text': ''}, {'tag': 'iframe', 'src': 'https://ads.independent.com.mt/www/delivery/afr.php?zoneid=17&cb=158', 'aria_label': None, 'class': ['tmiads'], 'id': 'ac72d028', 'text': ''}, {'tag': 'iframe', 'src': 'https://ads.independent.com.mt/www/delivery/afr.php?zoneid=12&cb=238', 'aria_label': None, 'class': ['tmiads'], 'id': 'af2737e4', 'text': ''}, {'tag': 'iframe', 'src': 'https://ads.independent.com.mt/www/delivery/afr.php?resize=1&zoneid=13&target=_blank&cb=85', 'aria_label': None, 'class': ['tmiads'], 'id': 'a86ac61d', 'text': ''}, {'tag': 'iframe', 'src': 'https://ads.independent.com.mt/www/delivery/afr.php?zoneid=147&cb=244', 'aria_label': None, 'class': ['tmiads'], 'id': 'a65e2a3a', 'text': ''}, {'tag': 'iframe', 'src': 'https://ads.independent.com.mt/www/delivery/afr.php?resize=1&zoneid=6&target=_blank&cb=227', 'aria_label': None, 'class': ['tmiads'], 'id': 'a486284e', 'text': ''}, {'tag': 'iframe', 'src': 'https://ads.independent.com.mt/www/delivery/afr.php?resize=1&zoneid=14&target=_blank&cb=159', 'aria_label': None, 'class': ['tmiads'], 'id': 'a8e28c82', 'text': ''}, {'tag': 'iframe', 'src': 'https://ads.independent.com.mt/www/delivery/afr.php?resize=1&zoneid=15&target=_blank&cb=254', 'aria_label': None, 'class': ['tmiads'], 'id': 'a5aefaca', 'text': ''}, {'tag': 'iframe', 'src': 'https://ads.independent.com.mt/www/delivery/afr.php?zoneid=147&cb=250', 'aria_label': None, 'class': ['tmiads'], 'id': 'a65e2a3a', 'text': ''}, {'tag': 'iframe', 'src': 'https://ads.independent.com.mt/www/delivery/afr.php?resize=1&zoneid=16&target=_blank&cb=201', 'aria_label': None, 'class': ['tmiads'], 'id': 'a4798ae8', 'text': ''}, {'tag': 'iframe', 'src': 'https://ads.independent.com.mt/www/delivery/afr.php?resize=1&zoneid=7&target=_blank&cb=186', 'aria_label': None, 'class': ['tmiads'], 'id': 'a3c00537', 'text': ''}]",7,1,251,0.08770090845562543,34,9,11,0,0,12,419,32,0,88,27,0.0,0.21,0.8438,025,independent,home_page
419,187,52,25,12,1,65,45,36431,5570,23,18,"[{'tag': 'iframe', 'src': 'https://ads.independent.com.mt/www/delivery/afr.php?resize=1&zoneid=32&target=_blank&cb=297', 'aria_label': None, 'class': ['tmiads'], 'id': 'a735fbc0', 'text': ''}, {'tag': 'iframe', 'src': 'https://ads.independent.com.mt/www/delivery/afr.php?zoneid=103&cb=175', 'aria_label': None, 'class': ['tmiads'], 'id': 'a0d81251', 'text': ''}, {'tag': 'iframe', 'src': 'https://ads.independent.com.mt/www/delivery/afr.php?resize=1&zoneid=9&target=_blank&cb=196', 'aria_label': None, 'class': ['tmiads'], 'id': 'a94be7f3', 'text': ''}, {'tag': 'iframe', 'src': 'https://ads.independent.com.mt/www/delivery/afr.php?resize=1&zoneid=10&target=_blank&cb=64', 'aria_label': None, 'class': ['tmiads'], 'id': 'a7d8fb45', 'text': ''}, {'tag': 'iframe', 'src': 'https://ads.independent.com.mt/www/delivery/afr.php?resize=1&zoneid=146&target=_blank&cb=218', 'aria_label': None, 'class': ['tmiads'], 'id': 'a94be7f3', 'text': ''}, {'tag': 'iframe', 'src': 'https://ads.independent.com.mt/www/delivery/afr.php?zoneid=147&cb=8', 'aria_label': None, 'class': ['tmiads'], 'id': 'a65e2a3a', 'text': ''}, {'tag': 'iframe', 'src': 'https://ads.independent.com.mt/www/delivery/afr.php?resize=1&zoneid=146&target=_blank&cb=218', 'aria_label': None, 'class': ['tmiads'], 'id': 'a94be7f3', 'text': ''}, {'tag': 'iframe', 'src': 'https://ads.independent.com.mt/www/delivery/afr.php?resize=1&zoneid=5&target=_blank&cb=95', 'aria_label': None, 'class': ['tmiads'], 'id': 'a6868fa4', 'text': ''}, {'tag': 'iframe', 'src': 'https://ads.independent.com.mt/www/delivery/afr.php?zoneid=17&cb=158', 'aria_label': None, 'class': ['tmiads'], 'id': 'ac72d028', 'text': ''}, {'tag': 'iframe', 'src': 'https://ads.independent.com.mt/www/delivery/afr.php?zoneid=12&cb=238', 'aria_label': None, 'class': ['tmiads'], 'id': 'af2737e4', 'text': ''}, {'tag': 'iframe', 'src': 'https://ads.independent.com.mt/www/delivery/afr.php?resize=1&zoneid=13&target=_blank&cb=85', 'aria_label': None, 'class': ['tmiads'], 'id': 'a86ac61d', 'text': ''}, {'tag': 'iframe', 'src': 'https://ads.independent.com.mt/www/delivery/afr.php?zoneid=147&cb=244', 'aria_label': None, 'class': ['tmiads'], 'id': 'a65e2a3a', 'text': ''}, {'tag': 'iframe', 'src': 'https://ads.independent.com.mt/www/delivery/afr.php?resize=1&zoneid=6&target=_blank&cb=227', 'aria_label': None, 'class': ['tmiads'], 'id': 'a486284e', 'text': ''}, {'tag': 'iframe', 'src': 'https://ads.independent.com.mt/www/delivery/afr.php?resize=1&zoneid=14&target=_blank&cb=159', 'aria_label': None, 'class': ['tmiads'], 'id': 'a8e28c82', 'text': ''}, {'tag': 'iframe', 'src': 'https://ads.independent.com.mt/www/delivery/afr.php?resize=1&zoneid=15&target=_blank&cb=254', 'aria_label': None, 'class': ['tmiads'], 'id': 'a5aefaca', 'text': ''}, {'tag': 'iframe', 'src': 'https://ads.independent.com.mt/www/delivery/afr.php?zoneid=147&cb=250', 'aria_label': None, 'class': ['tmiads'], 'id': 'a65e2a3a', 'text': ''}, {'tag': 'iframe', 'src': 'https://ads.independent.com.mt/www/delivery/afr.php?resize=1&zoneid=16&target=_blank&cb=201', 'aria_label': None, 'class': ['tmiads'], 'id': 'a4798ae8', 'text': ''}, {'tag': 'iframe', 'src': 'https://ads.independent.com.mt/www/delivery/afr.php?resize=1&zoneid=7&target=_blank&cb=186', 'aria_label': None, 'class': ['tmiads'], 'id': 'a3c00537', 'text': ''}]",7,1,251,0.08770090845562543,34,9,11,0,0,12,419,32,0,88,27,0.0,0.21,0.8438,026,independent,home_page
419,187,52,25,12,1,65,45,36431,5570,23,18,"[{'tag': 'iframe', 'src': 'https://ads.independent.com.mt/www/delivery/afr.php?resize=1&zoneid=32&target=_blank&cb=297', 'aria_label': None, 'class': ['tmiads'], 'id': 'a735fbc0', 'text': ''}, {'tag': 'iframe', 'src': 'https://ads.independent.com.mt/www/delivery/afr.php?zoneid=103&cb=175', 'aria_label': None, 'class': ['tmiads'], 'id': 'a0d81251', 'text': ''}, {'tag': 'iframe', 'src': 'https://ads.independent.com.mt/www/delivery/afr.php?resize=1&zoneid=9&target=_blank&cb=196', 'aria_label': None, 'class': ['tmiads'], 'id': 'a94be7f3', 'text': ''}, {'tag': 'iframe', 'src': 'https://ads.independent.com.mt/www/delivery/afr.php?resize=1&zoneid=10&target=_blank&cb=64', 'aria_label': None, 'class': ['tmiads'], 'id': 'a7d8fb45', 'text': ''}, {'tag': 'iframe', 'src': 'https://ads.independent.com.mt/www/delivery/afr.php?resize=1&zoneid=146&target=_blank&cb=218', 'aria_label': None, 'class': ['tmiads'], 'id': 'a94be7f3', 'text': ''}, {'tag': 'iframe', 'src': 'https://ads.independent.com.mt/www/delivery/afr.php?zoneid=147&cb=8', 'aria_label': None, 'class': ['tmiads'], 'id': 'a65e2a3a', 'text': ''}, {'tag': 'iframe', 'src': 'https://ads.independent.com.mt/www/delivery/afr.php?resize=1&zoneid=146&target=_blank&cb=218', 'aria_label': None, 'class': ['tmiads'], 'id': 'a94be7f3', 'text': ''}, {'tag': 'iframe', 'src': 'https://ads.independent.com.mt/www/delivery/afr.php?resize=1&zoneid=5&target=_blank&cb=95', 'aria_label': None, 'class': ['tmiads'], 'id': 'a6868fa4', 'text': ''}, {'tag': 'iframe', 'src': 'https://ads.independent.com.mt/www/delivery/afr.php?zoneid=17&cb=158', 'aria_label': None, 'class': ['tmiads'], 'id': 'ac72d028', 'text': ''}, {'tag': 'iframe', 'src': 'https://ads.independent.com.mt/www/delivery/afr.php?zoneid=12&cb=238', 'aria_label': None, 'class': ['tmiads'], 'id': 'af2737e4', 'text': ''}, {'tag': 'iframe', 'src': 'https://ads.independent.com.mt/www/delivery/afr.php?resize=1&zoneid=13&target=_blank&cb=85', 'aria_label': None, 'class': ['tmiads'], 'id': 'a86ac61d', 'text': ''}, {'tag': 'iframe', 'src': 'https://ads.independent.com.mt/www/delivery/afr.php?zoneid=147&cb=244', 'aria_label': None, 'class': ['tmiads'], 'id': 'a65e2a3a', 'text': ''}, {'tag': 'iframe', 'src': 'https://ads.independent.com.mt/www/delivery/afr.php?resize=1&zoneid=6&target=_blank&cb=227', 'aria_label': None, 'class': ['tmiads'], 'id': 'a486284e', 'text': ''}, {'tag': 'iframe', 'src': 'https://ads.independent.com.mt/www/delivery/afr.php?resize=1&zoneid=14&target=_blank&cb=159', 'aria_label': None, 'class': ['tmiads'], 'id': 'a8e28c82', 'text': ''}, {'tag': 'iframe', 'src': 'https://ads.independent.com.mt/www/delivery/afr.php?resize=1&zoneid=15&target=_blank&cb=254', 'aria_label': None, 'class': ['tmiads'], 'id': 'a5aefaca', 'text': ''}, {'tag': 'iframe', 'src': 'https://ads.independent.com.mt/www/delivery/afr.php?zoneid=147&cb=250', 'aria_label': None, 'class': ['tmiads'], 'id': 'a65e2a3a', 'text': ''}, {'tag': 'iframe', 'src': 'https://ads.independent.com.mt/www/delivery/afr.php?resize=1&zoneid=16&target=_blank&cb=201', 'aria_label': None, 'class': ['tmiads'], 'id': 'a4798ae8', 'text': ''}, {'tag': 'iframe', 'src': 'https://ads.independent.com.mt/www/delivery/afr.php?resize=1&zoneid=7&target=_blank&cb=186', 'aria_label': None, 'class': ['tmiads'], 'id': 'a3c00537', 'text': ''}]",7,1,251,0.08770090845562543,34,9,11,0,0,12,419,32,0,88,27,0.0,0.21,0.8438,027,independent,home_page
419,187,52,25,12,1,65,45,36431,5570,23,18,"[{'tag': 'iframe', 'src': 'https://ads.independent.com.mt/www/delivery/afr.php?resize=1&zoneid=32&target=_blank&cb=297', 'aria_label': None, 'class': ['tmiads'], 'id': 'a735fbc0', 'text': ''}, {'tag': 'iframe', 'src': 'https://ads.independent.com.mt/www/delivery/afr.php?zoneid=103&cb=175', 'aria_label': None, 'class': ['tmiads'], 'id': 'a0d81251', 'text': ''}, {'tag': 'iframe', 'src': 'https://ads.independent.com.mt/www/delivery/afr.php?resize=1&zoneid=9&target=_blank&cb=196', 'aria_label': None, 'class': ['tmiads'], 'id': 'a94be7f3', 'text': ''}, {'tag': 'iframe', 'src': 'https://ads.independent.com.mt/www/delivery/afr.php?resize=1&zoneid=10&target=_blank&cb=64', 'aria_label': None, 'class': ['tmiads'], 'id': 'a7d8fb45', 'text': ''}, {'tag': 'iframe', 'src': 'https://ads.independent.com.mt/www/delivery/afr.php?resize=1&zoneid=146&target=_blank&cb=218', 'aria_label': None, 'class': ['tmiads'], 'id': 'a94be7f3', 'text': ''}, {'tag': 'iframe', 'src': 'https://ads.independent.com.mt/www/delivery/afr.php?zoneid=147&cb=8', 'aria_label': None, 'class': ['tmiads'], 'id': 'a65e2a3a', 'text': ''}, {'tag': 'iframe', 'src': 'https://ads.independent.com.mt/www/delivery/afr.php?resize=1&zoneid=146&target=_blank&cb=218', 'aria_label': None, 'class': ['tmiads'], 'id': 'a94be7f3', 'text': ''}, {'tag': 'iframe', 'src': 'https://ads.independent.com.mt/www/delivery/afr.php?resize=1&zoneid=5&target=_blank&cb=95', 'aria_label': None, 'class': ['tmiads'], 'id': 'a6868fa4', 'text': ''}, {'tag': 'iframe', 'src': 'https://ads.independent.com.mt/www/delivery/afr.php?zoneid=17&cb=158', 'aria_label': None, 'class': ['tmiads'], 'id': 'ac72d028', 'text': ''}, {'tag': 'iframe', 'src': 'https://ads.independent.com.mt/www/delivery/afr.php?zoneid=12&cb=238', 'aria_label': None, 'class': ['tmiads'], 'id': 'af2737e4', 'text': ''}, {'tag': 'iframe', 'src': 'https://ads.independent.com.mt/www/delivery/afr.php?resize=1&zoneid=13&target=_blank&cb=85', 'aria_label': None, 'class': ['tmiads'], 'id': 'a86ac61d', 'text': ''}, {'tag': 'iframe', 'src': 'https://ads.independent.com.mt/www/delivery/afr.php?zoneid=147&cb=244', 'aria_label': None, 'class': ['tmiads'], 'id': 'a65e2a3a', 'text': ''}, {'tag': 'iframe', 'src': 'https://ads.independent.com.mt/www/delivery/afr.php?resize=1&zoneid=6&target=_blank&cb=227', 'aria_label': None, 'class': ['tmiads'], 'id': 'a486284e', 'text': ''}, {'tag': 'iframe', 'src': 'https://ads.independent.com.mt/www/delivery/afr.php?resize=1&zoneid=14&target=_blank&cb=159', 'aria_label': None, 'class': ['tmiads'], 'id': 'a8e28c82', 'text': ''}, {'tag': 'iframe', 'src': 'https://ads.independent.com.mt/www/delivery/afr.php?resize=1&zoneid=15&target=_blank&cb=254', 'aria_label': None, 'class': ['tmiads'], 'id': 'a5aefaca', 'text': ''}, {'tag': 'iframe', 'src': 'https://ads.independent.com.mt/www/delivery/afr.php?zoneid=147&cb=250', 'aria_label': None, 'class': ['tmiads'], 'id': 'a65e2a3a', 'text': ''}, {'tag': 'iframe', 'src': 'https://ads.independent.com.mt/www/delivery/afr.php?resize=1&zoneid=16&target=_blank&cb=201', 'aria_label': None, 'class': ['tmiads'], 'id': 'a4798ae8', 'text': ''}, {'tag': 'iframe', 'src': 'https://ads.independent.com.mt/www/delivery/afr.php?resize=1&zoneid=7&target=_blank&cb=186', 'aria_label': None, 'class': ['tmiads'], 'id': 'a3c00537', 'text': ''}]",7,1,251,0.08770090845562543,34,9,11,0,0,12,419,32,0,88,27,0.0,0.21,0.8438,028,independent,home_page
419,187,52,25,12,1,65,45,36431,5570,23,18,"[{'tag': 'iframe', 'src': 'https://ads.independent.com.mt/www/delivery/afr.php?resize=1&zoneid=32&target=_blank&cb=297', 'aria_label': None, 'class': ['tmiads'], 'id': 'a735fbc0', 'text': ''}, {'tag': 'iframe', 'src': 'https://ads.independent.com.mt/www/delivery/afr.php?zoneid=103&cb=175', 'aria_label': None, 'class': ['tmiads'], 'id': 'a0d81251', 'text': ''}, {'tag': 'iframe', 'src': 'https://ads.independent.com.mt/www/delivery/afr.php?resize=1&zoneid=9&target=_blank&cb=196', 'aria_label': None, 'class': ['tmiads'], 'id': 'a94be7f3', 'text': ''}, {'tag': 'iframe', 'src': 'https://ads.independent.com.mt/www/delivery/afr.php?resize=1&zoneid=10&target=_blank&cb=64', 'aria_label': None, 'class': ['tmiads'], 'id': 'a7d8fb45', 'text': ''}, {'tag': 'iframe', 'src': 'https://ads.independent.com.mt/www/delivery/afr.php?resize=1&zoneid=146&target=_blank&cb=218', 'aria_label': None, 'class': ['tmiads'], 'id': 'a94be7f3', 'text': ''}, {'tag': 'iframe', 'src': 'https://ads.independent.com.mt/www/delivery/afr.php?zoneid=147&cb=8', 'aria_label': None, 'class': ['tmiads'], 'id': 'a65e2a3a', 'text': ''}, {'tag': 'iframe', 'src': 'https://ads.independent.com.mt/www/delivery/afr.php?resize=1&zoneid=146&target=_blank&cb=218', 'aria_label': None, 'class': ['tmiads'], 'id': 'a94be7f3', 'text': ''}, {'tag': 'iframe', 'src': 'https://ads.independent.com.mt/www/delivery/afr.php?resize=1&zoneid=5&target=_blank&cb=95', 'aria_label': None, 'class': ['tmiads'], 'id': 'a6868fa4', 'text': ''}, {'tag': 'iframe', 'src': 'https://ads.independent.com.mt/www/delivery/afr.php?zoneid=17&cb=158', 'aria_label': None, 'class': ['tmiads'], 'id': 'ac72d028', 'text': ''}, {'tag': 'iframe', 'src': 'https://ads.independent.com.mt/www/delivery/afr.php?zoneid=12&cb=238', 'aria_label': None, 'class': ['tmiads'], 'id': 'af2737e4', 'text': ''}, {'tag': 'iframe', 'src': 'https://ads.independent.com.mt/www/delivery/afr.php?resize=1&zoneid=13&target=_blank&cb=85', 'aria_label': None, 'class': ['tmiads'], 'id': 'a86ac61d', 'text': ''}, {'tag': 'iframe', 'src': 'https://ads.independent.com.mt/www/delivery/afr.php?zoneid=147&cb=244', 'aria_label': None, 'class': ['tmiads'], 'id': 'a65e2a3a', 'text': ''}, {'tag': 'iframe', 'src': 'https://ads.independent.com.mt/www/delivery/afr.php?resize=1&zoneid=6&target=_blank&cb=227', 'aria_label': None, 'class': ['tmiads'], 'id': 'a486284e', 'text': ''}, {'tag': 'iframe', 'src': 'https://ads.independent.com.mt/www/delivery/afr.php?resize=1&zoneid=14&target=_blank&cb=159', 'aria_label': None, 'class': ['tmiads'], 'id': 'a8e28c82', 'text': ''}, {'tag': 'iframe', 'src': 'https://ads.independent.com.mt/www/delivery/afr.php?resize=1&zoneid=15&target=_blank&cb=254', 'aria_label': None, 'class': ['tmiads'], 'id': 'a5aefaca', 'text': ''}, {'tag': 'iframe', 'src': 'https://ads.independent.com.mt/www/delivery/afr.php?zoneid=147&cb=250', 'aria_label': None, 'class': ['tmiads'], 'id': 'a65e2a3a', 'text': ''}, {'tag': 'iframe', 'src': 'https://ads.independent.com.mt/www/delivery/afr.php?resize=1&zoneid=16&target=_blank&cb=201', 'aria_label': None, 'class': ['tmiads'], 'id': 'a4798ae8', 'text': ''}, {'tag': 'iframe', 'src': 'https://ads.independent.com.mt/www/delivery/afr.php?resize=1&zoneid=7&target=_blank&cb=186', 'aria_label': None, 'class': ['tmiads'], 'id': 'a3c00537', 'text': ''}]",7,1,251,0.08770090845562543,34,9,11,0,0,12,419,32,0,88,27,0.0,0.21,0.8438,029,independent,home_page
419,187,52,25,12,1,65,45,36431,5570,23,18,"[{'tag': 'iframe', 'src': 'https://ads.independent.com.mt/www/delivery/afr.php?resize=1&zoneid=32&target=_blank&cb=297', 'aria_label': None, 'class': ['tmiads'], 'id': 'a735fbc0', 'text': ''}, {'tag': 'iframe', 'src': 'https://ads.independent.com.mt/www/delivery/afr.php?zoneid=103&cb=175', 'aria_label': None, 'class': ['tmiads'], 'id': 'a0d81251', 'text': ''}, {'tag': 'iframe', 'src': 'https://ads.independent.com.mt/www/delivery/afr.php?resize=1&zoneid=9&target=_blank&cb=196', 'aria_label': None, 'class': ['tmiads'], 'id': 'a94be7f3', 'text': ''}, {'tag': 'iframe', 'src': 'https://ads.independent.com.mt/www/delivery/afr.php?resize=1&zoneid=10&target=_blank&cb=64', 'aria_label': None, 'class': ['tmiads'], 'id': 'a7d8fb45', 'text': ''}, {'tag': 'iframe', 'src': 'https://ads.independent.com.mt/www/delivery/afr.php?resize=1&zoneid=146&target=_blank&cb=218', 'aria_label': None, 'class': ['tmiads'], 'id': 'a94be7f3', 'text': ''}, {'tag': 'iframe', 'src': 'https://ads.independent.com.mt/www/delivery/afr.php?zoneid=147&cb=8', 'aria_label': None, 'class': ['tmiads'], 'id': 'a65e2a3a', 'text': ''}, {'tag': 'iframe', 'src': 'https://ads.independent.com.mt/www/delivery/afr.php?resize=1&zoneid=146&target=_blank&cb=218', 'aria_label': None, 'class': ['tmiads'], 'id': 'a94be7f3', 'text': ''}, {'tag': 'iframe', 'src': 'https://ads.independent.com.mt/www/delivery/afr.php?resize=1&zoneid=5&target=_blank&cb=95', 'aria_label': None, 'class': ['tmiads'], 'id': 'a6868fa4', 'text': ''}, {'tag': 'iframe', 'src': 'https://ads.independent.com.mt/www/delivery/afr.php?zoneid=17&cb=158', 'aria_label': None, 'class': ['tmiads'], 'id': 'ac72d028', 'text': ''}, {'tag': 'iframe', 'src': 'https://ads.independent.com.mt/www/delivery/afr.php?zoneid=12&cb=238', 'aria_label': None, 'class': ['tmiads'], 'id': 'af2737e4', 'text': ''}, {'tag': 'iframe', 'src': 'https://ads.independent.com.mt/www/delivery/afr.php?resize=1&zoneid=13&target=_blank&cb=85', 'aria_label': None, 'class': ['tmiads'], 'id': 'a86ac61d', 'text': ''}, {'tag': 'iframe', 'src': 'https://ads.independent.com.mt/www/delivery/afr.php?zoneid=147&cb=244', 'aria_label': None, 'class': ['tmiads'], 'id': 'a65e2a3a', 'text': ''}, {'tag': 'iframe', 'src': 'https://ads.independent.com.mt/www/delivery/afr.php?resize=1&zoneid=6&target=_blank&cb=227', 'aria_label': None, 'class': ['tmiads'], 'id': 'a486284e', 'text': ''}, {'tag': 'iframe', 'src': 'https://ads.independent.com.mt/www/delivery/afr.php?resize=1&zoneid=14&target=_blank&cb=159', 'aria_label': None, 'class': ['tmiads'], 'id': 'a8e28c82', 'text': ''}, {'tag': 'iframe', 'src': 'https://ads.independent.com.mt/www/delivery/afr.php?resize=1&zoneid=15&target=_blank&cb=254', 'aria_label': None, 'class': ['tmiads'], 'id': 'a5aefaca', 'text': ''}, {'tag': 'iframe', 'src': 'https://ads.independent.com.mt/www/delivery/afr.php?zoneid=147&cb=250', 'aria_label': None, 'class': ['tmiads'], 'id': 'a65e2a3a', 'text': ''}, {'tag': 'iframe', 'src': 'https://ads.independent.com.mt/www/delivery/afr.php?resize=1&zoneid=16&target=_blank&cb=201', 'aria_label': None, 'class': ['tmiads'], 'id': 'a4798ae8', 'text': ''}, {'tag': 'iframe', 'src': 'https://ads.independent.com.mt/www/delivery/afr.php?resize=1&zoneid=7&target=_blank&cb=186', 'aria_label': None, 'class': ['tmiads'], 'id': 'a3c00537', 'text': ''}]",7,1,251,0.08770090845562543,34,9,11,0,0,12,419,32,0,88,27,0.0,0.21,0.8438,030,independent,home_page
419,187,52,25,12,1,65,45,36431,5570,23,18,"[{'tag': 'iframe', 'src': 'https://ads.independent.com.mt/www/delivery/afr.php?resize=1&zoneid=32&target=_blank&cb=297', 'aria_label': None, 'class': ['tmiads'], 'id': 'a735fbc0', 'text': ''}, {'tag': 'iframe', 'src': 'https://ads.independent.com.mt/www/delivery/afr.php?zoneid=103&cb=175', 'aria_label': None, 'class': ['tmiads'], 'id': 'a0d81251', 'text': ''}, {'tag': 'iframe', 'src': 'https://ads.independent.com.mt/www/delivery/afr.php?resize=1&zoneid=9&target=_blank&cb=196', 'aria_label': None, 'class': ['tmiads'], 'id': 'a94be7f3', 'text': ''}, {'tag': 'iframe', 'src': 'https://ads.independent.com.mt/www/delivery/afr.php?resize=1&zoneid=10&target=_blank&cb=64', 'aria_label': None, 'class': ['tmiads'], 'id': 'a7d8fb45', 'text': ''}, {'tag': 'iframe', 'src': 'https://ads.independent.com.mt/www/delivery/afr.php?resize=1&zoneid=146&target=_blank&cb=218', 'aria_label': None, 'class': ['tmiads'], 'id': 'a94be7f3', 'text': ''}, {'tag': 'iframe', 'src': 'https://ads.independent.com.mt/www/delivery/afr.php?zoneid=147&cb=8', 'aria_label': None, 'class': ['tmiads'], 'id': 'a65e2a3a', 'text': ''}, {'tag': 'iframe', 'src': 'https://ads.independent.com.mt/www/delivery/afr.php?resize=1&zoneid=146&target=_blank&cb=218', 'aria_label': None, 'class': ['tmiads'], 'id': 'a94be7f3', 'text': ''}, {'tag': 'iframe', 'src': 'https://ads.independent.com.mt/www/delivery/afr.php?resize=1&zoneid=5&target=_blank&cb=95', 'aria_label': None, 'class': ['tmiads'], 'id': 'a6868fa4', 'text': ''}, {'tag': 'iframe', 'src': 'https://ads.independent.com.mt/www/delivery/afr.php?zoneid=17&cb=158', 'aria_label': None, 'class': ['tmiads'], 'id': 'ac72d028', 'text': ''}, {'tag': 'iframe', 'src': 'https://ads.independent.com.mt/www/delivery/afr.php?zoneid=12&cb=238', 'aria_label': None, 'class': ['tmiads'], 'id': 'af2737e4', 'text': ''}, {'tag': 'iframe', 'src': 'https://ads.independent.com.mt/www/delivery/afr.php?resize=1&zoneid=13&target=_blank&cb=85', 'aria_label': None, 'class': ['tmiads'], 'id': 'a86ac61d', 'text': ''}, {'tag': 'iframe', 'src': 'https://ads.independent.com.mt/www/delivery/afr.php?zoneid=147&cb=244', 'aria_label': None, 'class': ['tmiads'], 'id': 'a65e2a3a', 'text': ''}, {'tag': 'iframe', 'src': 'https://ads.independent.com.mt/www/delivery/afr.php?resize=1&zoneid=6&target=_blank&cb=227', 'aria_label': None, 'class': ['tmiads'], 'id': 'a486284e', 'text': ''}, {'tag': 'iframe', 'src': 'https://ads.independent.com.mt/www/delivery/afr.php?resize=1&zoneid=14&target=_blank&cb=159', 'aria_label': None, 'class': ['tmiads'], 'id': 'a8e28c82', 'text': ''}, {'tag': 'iframe', 'src': 'https://ads.independent.com.mt/www/delivery/afr.php?resize=1&zoneid=15&target=_blank&cb=254', 'aria_label': None, 'class': ['tmiads'], 'id': 'a5aefaca', 'text': ''}, {'tag': 'iframe', 'src': 'https://ads.independent.com.mt/www/delivery/afr.php?zoneid=147&cb=250', 'aria_label': None, 'class': ['tmiads'], 'id': 'a65e2a3a', 'text': ''}, {'tag': 'iframe', 'src': 'https://ads.independent.com.mt/www/delivery/afr.php?resize=1&zoneid=16&target=_blank&cb=201', 'aria_label': None, 'class': ['tmiads'], 'id': 'a4798ae8', 'text': ''}, {'tag': 'iframe', 'src': 'https://ads.independent.com.mt/www/delivery/afr.php?resize=1&zoneid=7&target=_blank&cb=186', 'aria_label': None, 'class': ['tmiads'], 'id': 'a3c00537', 'text': ''}]",7,1,251,0.08770090845562543,34,9,11,0,0,12,419,32,0,88,27,0.0,0.21,0.8438,031,independent,home_page
419,187,52,25,12,1,65,45,36431,5570,23,18,"[{'tag': 'iframe', 'src': 'https://ads.independent.com.mt/www/delivery/afr.php?resize=1&zoneid=32&target=_blank&cb=297', 'aria_label': None, 'class': ['tmiads'], 'id': 'a735fbc0', 'text': ''}, {'tag': 'iframe', 'src': 'https://ads.independent.com.mt/www/delivery/afr.php?zoneid=103&cb=175', 'aria_label': None, 'class': ['tmiads'], 'id': 'a0d81251', 'text': ''}, {'tag': 'iframe', 'src': 'https://ads.independent.com.mt/www/delivery/afr.php?resize=1&zoneid=9&target=_blank&cb=196', 'aria_label': None, 'class': ['tmiads'], 'id': 'a94be7f3', 'text': ''}, {'tag': 'iframe', 'src': 'https://ads.independent.com.mt/www/delivery/afr.php?resize=1&zoneid=10&target=_blank&cb=64', 'aria_label': None, 'class': ['tmiads'], 'id': 'a7d8fb45', 'text': ''}, {'tag': 'iframe', 'src': 'https://ads.independent.com.mt/www/delivery/afr.php?resize=1&zoneid=146&target=_blank&cb=218', 'aria_label': None, 'class': ['tmiads'], 'id': 'a94be7f3', 'text': ''}, {'tag': 'iframe', 'src': 'https://ads.independent.com.mt/www/delivery/afr.php?zoneid=147&cb=8', 'aria_label': None, 'class': ['tmiads'], 'id': 'a65e2a3a', 'text': ''}, {'tag': 'iframe', 'src': 'https://ads.independent.com.mt/www/delivery/afr.php?resize=1&zoneid=146&target=_blank&cb=218', 'aria_label': None, 'class': ['tmiads'], 'id': 'a94be7f3', 'text': ''}, {'tag': 'iframe', 'src': 'https://ads.independent.com.mt/www/delivery/afr.php?resize=1&zoneid=5&target=_blank&cb=95', 'aria_label': None, 'class': ['tmiads'], 'id': 'a6868fa4', 'text': ''}, {'tag': 'iframe', 'src': 'https://ads.independent.com.mt/www/delivery/afr.php?zoneid=17&cb=158', 'aria_label': None, 'class': ['tmiads'], 'id': 'ac72d028', 'text': ''}, {'tag': 'iframe', 'src': 'https://ads.independent.com.mt/www/delivery/afr.php?zoneid=12&cb=238', 'aria_label': None, 'class': ['tmiads'], 'id': 'af2737e4', 'text': ''}, {'tag': 'iframe', 'src': 'https://ads.independent.com.mt/www/delivery/afr.php?resize=1&zoneid=13&target=_blank&cb=85', 'aria_label': None, 'class': ['tmiads'], 'id': 'a86ac61d', 'text': ''}, {'tag': 'iframe', 'src': 'https://ads.independent.com.mt/www/delivery/afr.php?zoneid=147&cb=244', 'aria_label': None, 'class': ['tmiads'], 'id': 'a65e2a3a', 'text': ''}, {'tag': 'iframe', 'src': 'https://ads.independent.com.mt/www/delivery/afr.php?resize=1&zoneid=6&target=_blank&cb=227', 'aria_label': None, 'class': ['tmiads'], 'id': 'a486284e', 'text': ''}, {'tag': 'iframe', 'src': 'https://ads.independent.com.mt/www/delivery/afr.php?resize=1&zoneid=14&target=_blank&cb=159', 'aria_label': None, 'class': ['tmiads'], 'id': 'a8e28c82', 'text': ''}, {'tag': 'iframe', 'src': 'https://ads.independent.com.mt/www/delivery/afr.php?resize=1&zoneid=15&target=_blank&cb=254', 'aria_label': None, 'class': ['tmiads'], 'id': 'a5aefaca', 'text': ''}, {'tag': 'iframe', 'src': 'https://ads.independent.com.mt/www/delivery/afr.php?zoneid=147&cb=250', 'aria_label': None, 'class': ['tmiads'], 'id': 'a65e2a3a', 'text': ''}, {'tag': 'iframe', 'src': 'https://ads.independent.com.mt/www/delivery/afr.php?resize=1&zoneid=16&target=_blank&cb=201', 'aria_label': None, 'class': ['tmiads'], 'id': 'a4798ae8', 'text': ''}, {'tag': 'iframe', 'src': 'https://ads.independent.com.mt/www/delivery/afr.php?resize=1&zoneid=7&target=_blank&cb=186', 'aria_label': None, 'class': ['tmiads'], 'id': 'a3c00537', 'text': ''}]",7,1,251,0.08770090845562543,34,9,11,0,0,12,419,32,0,88,27,0.0,0.21,0.8438,032,independent,home_page
419,187,52,25,12,1,65,45,36431,5570,23,18,"[{'tag': 'iframe', 'src': 'https://ads.independent.com.mt/www/delivery/afr.php?resize=1&zoneid=32&target=_blank&cb=297', 'aria_label': None, 'class': ['tmiads'], 'id': 'a735fbc0', 'text': ''}, {'tag': 'iframe', 'src': 'https://ads.independent.com.mt/www/delivery/afr.php?zoneid=103&cb=175', 'aria_label': None, 'class': ['tmiads'], 'id': 'a0d81251', 'text': ''}, {'tag': 'iframe', 'src': 'https://ads.independent.com.mt/www/delivery/afr.php?resize=1&zoneid=9&target=_blank&cb=196', 'aria_label': None, 'class': ['tmiads'], 'id': 'a94be7f3', 'text': ''}, {'tag': 'iframe', 'src': 'https://ads.independent.com.mt/www/delivery/afr.php?resize=1&zoneid=10&target=_blank&cb=64', 'aria_label': None, 'class': ['tmiads'], 'id': 'a7d8fb45', 'text': ''}, {'tag': 'iframe', 'src': 'https://ads.independent.com.mt/www/delivery/afr.php?resize=1&zoneid=146&target=_blank&cb=218', 'aria_label': None, 'class': ['tmiads'], 'id': 'a94be7f3', 'text': ''}, {'tag': 'iframe', 'src': 'https://ads.independent.com.mt/www/delivery/afr.php?zoneid=147&cb=8', 'aria_label': None, 'class': ['tmiads'], 'id': 'a65e2a3a', 'text': ''}, {'tag': 'iframe', 'src': 'https://ads.independent.com.mt/www/delivery/afr.php?resize=1&zoneid=146&target=_blank&cb=218', 'aria_label': None, 'class': ['tmiads'], 'id': 'a94be7f3', 'text': ''}, {'tag': 'iframe', 'src': 'https://ads.independent.com.mt/www/delivery/afr.php?resize=1&zoneid=5&target=_blank&cb=95', 'aria_label': None, 'class': ['tmiads'], 'id': 'a6868fa4', 'text': ''}, {'tag': 'iframe', 'src': 'https://ads.independent.com.mt/www/delivery/afr.php?zoneid=17&cb=158', 'aria_label': None, 'class': ['tmiads'], 'id': 'ac72d028', 'text': ''}, {'tag': 'iframe', 'src': 'https://ads.independent.com.mt/www/delivery/afr.php?zoneid=12&cb=238', 'aria_label': None, 'class': ['tmiads'], 'id': 'af2737e4', 'text': ''}, {'tag': 'iframe', 'src': 'https://ads.independent.com.mt/www/delivery/afr.php?resize=1&zoneid=13&target=_blank&cb=85', 'aria_label': None, 'class': ['tmiads'], 'id': 'a86ac61d', 'text': ''}, {'tag': 'iframe', 'src': 'https://ads.independent.com.mt/www/delivery/afr.php?zoneid=147&cb=244', 'aria_label': None, 'class': ['tmiads'], 'id': 'a65e2a3a', 'text': ''}, {'tag': 'iframe', 'src': 'https://ads.independent.com.mt/www/delivery/afr.php?resize=1&zoneid=6&target=_blank&cb=227', 'aria_label': None, 'class': ['tmiads'], 'id': 'a486284e', 'text': ''}, {'tag': 'iframe', 'src': 'https://ads.independent.com.mt/www/delivery/afr.php?resize=1&zoneid=14&target=_blank&cb=159', 'aria_label': None, 'class': ['tmiads'], 'id': 'a8e28c82', 'text': ''}, {'tag': 'iframe', 'src': 'https://ads.independent.com.mt/www/delivery/afr.php?resize=1&zoneid=15&target=_blank&cb=254', 'aria_label': None, 'class': ['tmiads'], 'id': 'a5aefaca', 'text': ''}, {'tag': 'iframe', 'src': 'https://ads.independent.com.mt/www/delivery/afr.php?zoneid=147&cb=250', 'aria_label': None, 'class': ['tmiads'], 'id': 'a65e2a3a', 'text': ''}, {'tag': 'iframe', 'src': 'https://ads.independent.com.mt/www/delivery/afr.php?resize=1&zoneid=16&target=_blank&cb=201', 'aria_label': None, 'class': ['tmiads'], 'id': 'a4798ae8', 'text': ''}, {'tag': 'iframe', 'src': 'https://ads.independent.com.mt/www/delivery/afr.php?resize=1&zoneid=7&target=_blank&cb=186', 'aria_label': None, 'class': ['tmiads'], 'id': 'a3c00537', 'text': ''}]",7,1,251,0.08770090845562543,34,9,11,0,0,12,419,32,0,88,27,0.0,0.21,0.8438,033,independent,home_page
419,187,52,25,12,1,65,45,36431,5570,23,18,"[{'tag': 'iframe', 'src': 'https://ads.independent.com.mt/www/delivery/afr.php?resize=1&zoneid=32&target=_blank&cb=297', 'aria_label': None, 'class': ['tmiads'], 'id': 'a735fbc0', 'text': ''}, {'tag': 'iframe', 'src': 'https://ads.independent.com.mt/www/delivery/afr.php?zoneid=103&cb=175', 'aria_label': None, 'class': ['tmiads'], 'id': 'a0d81251', 'text': ''}, {'tag': 'iframe', 'src': 'https://ads.independent.com.mt/www/delivery/afr.php?resize=1&zoneid=9&target=_blank&cb=196', 'aria_label': None, 'class': ['tmiads'], 'id': 'a94be7f3', 'text': ''}, {'tag': 'iframe', 'src': 'https://ads.independent.com.mt/www/delivery/afr.php?resize=1&zoneid=10&target=_blank&cb=64', 'aria_label': None, 'class': ['tmiads'], 'id': 'a7d8fb45', 'text': ''}, {'tag': 'iframe', 'src': 'https://ads.independent.com.mt/www/delivery/afr.php?resize=1&zoneid=146&target=_blank&cb=218', 'aria_label': None, 'class': ['tmiads'], 'id': 'a94be7f3', 'text': ''}, {'tag': 'iframe', 'src': 'https://ads.independent.com.mt/www/delivery/afr.php?zoneid=147&cb=8', 'aria_label': None, 'class': ['tmiads'], 'id': 'a65e2a3a', 'text': ''}, {'tag': 'iframe', 'src': 'https://ads.independent.com.mt/www/delivery/afr.php?resize=1&zoneid=146&target=_blank&cb=218', 'aria_label': None, 'class': ['tmiads'], 'id': 'a94be7f3', 'text': ''}, {'tag': 'iframe', 'src': 'https://ads.independent.com.mt/www/delivery/afr.php?resize=1&zoneid=5&target=_blank&cb=95', 'aria_label': None, 'class': ['tmiads'], 'id': 'a6868fa4', 'text': ''}, {'tag': 'iframe', 'src': 'https://ads.independent.com.mt/www/delivery/afr.php?zoneid=17&cb=158', 'aria_label': None, 'class': ['tmiads'], 'id': 'ac72d028', 'text': ''}, {'tag': 'iframe', 'src': 'https://ads.independent.com.mt/www/delivery/afr.php?zoneid=12&cb=238', 'aria_label': None, 'class': ['tmiads'], 'id': 'af2737e4', 'text': ''}, {'tag': 'iframe', 'src': 'https://ads.independent.com.mt/www/delivery/afr.php?resize=1&zoneid=13&target=_blank&cb=85', 'aria_label': None, 'class': ['tmiads'], 'id': 'a86ac61d', 'text': ''}, {'tag': 'iframe', 'src': 'https://ads.independent.com.mt/www/delivery/afr.php?zoneid=147&cb=244', 'aria_label': None, 'class': ['tmiads'], 'id': 'a65e2a3a', 'text': ''}, {'tag': 'iframe', 'src': 'https://ads.independent.com.mt/www/delivery/afr.php?resize=1&zoneid=6&target=_blank&cb=227', 'aria_label': None, 'class': ['tmiads'], 'id': 'a486284e', 'text': ''}, {'tag': 'iframe', 'src': 'https://ads.independent.com.mt/www/delivery/afr.php?resize=1&zoneid=14&target=_blank&cb=159', 'aria_label': None, 'class': ['tmiads'], 'id': 'a8e28c82', 'text': ''}, {'tag': 'iframe', 'src': 'https://ads.independent.com.mt/www/delivery/afr.php?resize=1&zoneid=15&target=_blank&cb=254', 'aria_label': None, 'class': ['tmiads'], 'id': 'a5aefaca', 'text': ''}, {'tag': 'iframe', 'src': 'https://ads.independent.com.mt/www/delivery/afr.php?zoneid=147&cb=250', 'aria_label': None, 'class': ['tmiads'], 'id': 'a65e2a3a', 'text': ''}, {'tag': 'iframe', 'src': 'https://ads.independent.com.mt/www/delivery/afr.php?resize=1&zoneid=16&target=_blank&cb=201', 'aria_label': None, 'class': ['tmiads'], 'id': 'a4798ae8', 'text': ''}, {'tag': 'iframe', 'src': 'https://ads.independent.com.mt/www/delivery/afr.php?resize=1&zoneid=7&target=_blank&cb=186', 'aria_label': None, 'class': ['tmiads'], 'id': 'a3c00537', 'text': ''}]",7,1,251,0.08770090845562543,34,9,11,0,0,12,419,32,0,88,27,0.0,0.21,0.8438,034,independent,home_page
135,30,40,11,0,1,20,12,4772,746,16,7,"[{'tag': 'iframe', 'src': 'https://ads.independent.com.mt/www/delivery/afr.php?resize=1&zoneid=33&target=_blank&cb=7', 'aria_label': None, 'class': ['tmiads'], 'id': 'a5559624', 'text': ''}, {'tag': 'iframe', 'src': 'https://ads.independent.com.mt/www/delivery/afr.php?zoneid=108&cb=3', 'aria_label': None, 'class': ['tmiads'], 'id': 'a8127595', 'text': ''}, {'tag': 'iframe', 'src': 'https://ads.independent.com.mt/www/delivery/afr.php?zoneid=105&cb=188', 'aria_label': None, 'class': ['tmiads'], 'id': 'a301feba', 'text': ''}, {'tag': 'iframe', 'src': 'https://ads.independent.com.mt/www/delivery/afr.php?resize=1&zoneid=19&target=_blank&cb=288', 'aria_label': None, 'class': ['tmiads'], 'id': 'a3f5f1e3', 'text': ''}, {'tag': 'iframe', 'src': 'https://ads.independent.com.mt/www/delivery/afr.php?zoneid=104&cb=107', 'aria_label': None, 'class': ['tmiads'], 'id': 'a7ef03f2', 'text': ''}, {'tag': 'iframe', 'src': 'https://ads.independent.com.mt/www/delivery/afr.php?zoneid=147&cb=276', 'aria_label': None, 'class': ['tmiads'], 'id': 'a65e2a3a', 'text': ''}, {'tag': 'iframe', 'src': 'https://ads.independent.com.mt/www/delivery/afr.php?resize=1&zoneid=18&target=_blank&cb=45', 'aria_label': None, 'class': ['tmiads'], 'id': 'afd0542d', 'text': ''}]",4,1,2,0.0035714285714285713,0,0,2,0,0,0,135,12,0,22,11,0.0,0.163,0.9167,035,independent,news_listing
135,30,40,11,0,1,20,12,4772,746,16,7,"[{'tag': 'iframe', 'src': 'https://ads.independent.com.mt/www/delivery/afr.php?resize=1&zoneid=33&target=_blank&cb=7', 'aria_label': None, 'class': ['tmiads'], 'id': 'a5559624', 'text': ''}, {'tag': 'iframe', 'src': 'https://ads.independent.com.mt/www/delivery/afr.php?zoneid=108&cb=3', 'aria_label': None, 'class': ['tmiads'], 'id': 'a8127595', 'text': ''}, {'tag': 'iframe', 'src': 'https://ads.independent.com.mt/www/delivery/afr.php?zoneid=105&cb=188', 'aria_label': None, 'class': ['tmiads'], 'id': 'a301feba', 'text': ''}, {'tag': 'iframe', 'src': 'https://ads.independent.com.mt/www/delivery/afr.php?resize=1&zoneid=19&target=_blank&cb=288', 'aria_label': None, 'class': ['tmiads'], 'id': 'a3f5f1e3', 'text': ''}, {'tag': 'iframe', 'src': 'https://ads.independent.com.mt/www/delivery/afr.php?zoneid=104&cb=107', 'aria_label': None, 'class': ['tmiads'], 'id': 'a7ef03f2', 'text': ''}, {'tag': 'iframe', 'src': 'https://ads.independent.com.mt/www/delivery/afr.php?zoneid=147&cb=276', 'aria_label': None, 'class': ['tmiads'], 'id': 'a65e2a3a', 'text': ''}, {'tag': 'iframe', 'src': 'https://ads.independent.com.mt/www/delivery/afr.php?resize=1&zoneid=18&target=_blank&cb=45', 'aria_label': None, 'class': ['tmiads'], 'id': 'afd0542d', 'text': ''}]",4,1,2,0.0035714285714285713,0,0,2,0,0,0,135,12,0,22,11,0.0,0.163,0.9167,036,independent,news_listing
135,30,40,11,0,1,20,12,4772,746,16,7,"[{'tag': 'iframe', 'src': 'https://ads.independent.com.mt/www/delivery/afr.php?resize=1&zoneid=33&target=_blank&cb=7', 'aria_label': None, 'class': ['tmiads'], 'id': 'a5559624', 'text': ''}, {'tag': 'iframe', 'src': 'https://ads.independent.com.mt/www/delivery/afr.php?zoneid=108&cb=3', 'aria_label': None, 'class': ['tmiads'], 'id': 'a8127595', 'text': ''}, {'tag': 'iframe', 'src': 'https://ads.independent.com.mt/www/delivery/afr.php?zoneid=105&cb=188', 'aria_label': None, 'class': ['tmiads'], 'id': 'a301feba', 'text': ''}, {'tag': 'iframe', 'src': 'https://ads.independent.com.mt/www/delivery/afr.php?resize=1&zoneid=19&target=_blank&cb=288', 'aria_label': None, 'class': ['tmiads'], 'id': 'a3f5f1e3', 'text': ''}, {'tag': 'iframe', 'src': 'https://ads.independent.com.mt/www/delivery/afr.php?zoneid=104&cb=107', 'aria_label': None, 'class': ['tmiads'], 'id': 'a7ef03f2', 'text': ''}, {'tag': 'iframe', 'src': 'https://ads.independent.com.mt/www/delivery/afr.php?zoneid=147&cb=276', 'aria_label': None, 'class': ['tmiads'], 'id': 'a65e2a3a', 'text': ''}, {'tag': 'iframe', 'src': 'https://ads.independent.com.mt/www/delivery/afr.php?resize=1&zoneid=18&target=_blank&cb=45', 'aria_label': None, 'class': ['tmiads'], 'id': 'afd0542d', 'text': ''}]",4,1,2,0.0035714285714285713,0,0,2,0,0,0,135,12,0,22,11,0.0,0.163,0.9167,037,independent,news_listing
135,30,40,11,0,1,20,12,4772,746,16,7,"[{'tag': 'iframe', 'src': 'https://ads.independent.com.mt/www/delivery/afr.php?resize=1&zoneid=33&target=_blank&cb=7', 'aria_label': None, 'class': ['tmiads'], 'id': 'a5559624', 'text': ''}, {'tag': 'iframe', 'src': 'https://ads.independent.com.mt/www/delivery/afr.php?zoneid=108&cb=3', 'aria_label': None, 'class': ['tmiads'], 'id': 'a8127595', 'text': ''}, {'tag': 'iframe', 'src': 'https://ads.independent.com.mt/www/delivery/afr.php?zoneid=105&cb=188', 'aria_label': None, 'class': ['tmiads'], 'id': 'a301feba', 'text': ''}, {'tag': 'iframe', 'src': 'https://ads.independent.com.mt/www/delivery/afr.php?resize=1&zoneid=19&target=_blank&cb=288', 'aria_label': None, 'class': ['tmiads'], 'id': 'a3f5f1e3', 'text': ''}, {'tag': 'iframe', 'src': 'https://ads.independent.com.mt/www/delivery/afr.php?zoneid=104&cb=107', 'aria_label': None, 'class': ['tmiads'], 'id': 'a7ef03f2', 'text': ''}, {'tag': 'iframe', 'src': 'https://ads.independent.com.mt/www/delivery/afr.php?zoneid=147&cb=276', 'aria_label': None, 'class': ['tmiads'], 'id': 'a65e2a3a', 'text': ''}, {'tag': 'iframe', 'src': 'https://ads.independent.com.mt/www/delivery/afr.php?resize=1&zoneid=18&target=_blank&cb=45', 'aria_label': None, 'class': ['tmiads'], 'id': 'afd0542d', 'text': ''}]",4,1,2,0.0035714285714285713,0,0,2,0,0,0,135,12,0,22,11,0.0,0.163,0.9167,038,independent,news_listing
135,30,40,11,0,1,20,12,4772,746,16,7,"[{'tag': 'iframe', 'src': 'https://ads.independent.com.mt/www/delivery/afr.php?resize=1&zoneid=33&target=_blank&cb=7', 'aria_label': None, 'class': ['tmiads'], 'id': 'a5559624', 'text': ''}, {'tag': 'iframe', 'src': 'https://ads.independent.com.mt/www/delivery/afr.php?zoneid=108&cb=3', 'aria_label': None, 'class': ['tmiads'], 'id': 'a8127595', 'text': ''}, {'tag': 'iframe', 'src': 'https://ads.independent.com.mt/www/delivery/afr.php?zoneid=105&cb=188', 'aria_label': None, 'class': ['tmiads'], 'id': 'a301feba', 'text': ''}, {'tag': 'iframe', 'src': 'https://ads.independent.com.mt/www/delivery/afr.php?resize=1&zoneid=19&target=_blank&cb=288', 'aria_label': None, 'class': ['tmiads'], 'id': 'a3f5f1e3', 'text': ''}, {'tag': 'iframe', 'src': 'https://ads.independent.com.mt/www/delivery/afr.php?zoneid=104&cb=107', 'aria_label': None, 'class': ['tmiads'], 'id': 'a7ef03f2', 'text': ''}, {'tag': 'iframe', 'src': 'https://ads.independent.com.mt/www/delivery/afr.php?zoneid=147&cb=276', 'aria_label': None, 'class': ['tmiads'], 'id': 'a65e2a3a', 'text': ''}, {'tag': 'iframe', 'src': 'https://ads.independent.com.mt/www/delivery/afr.php?resize=1&zoneid=18&target=_blank&cb=45', 'aria_label': None, 'class': ['tmiads'], 'id': 'afd0542d', 'text': ''}]",4,1,2,0.0035714285714285713,0,0,2,0,0,0,135,12,0,22,11,0.0,0.163,0.9167,039,independent,news_listing
135,30,40,11,0,1,20,12,4772,746,16,7,"[{'tag': 'iframe', 'src': 'https://ads.independent.com.mt/www/delivery/afr.php?resize=1&zoneid=33&target=_blank&cb=7', 'aria_label': None, 'class': ['tmiads'], 'id': 'a5559624', 'text': ''}, {'tag': 'iframe', 'src': 'https://ads.independent.com.mt/www/delivery/afr.php?zoneid=108&cb=3', 'aria_label': None, 'class': ['tmiads'], 'id': 'a8127595', 'text': ''}, {'tag': 'iframe', 'src': 'https://ads.independent.com.mt/www/delivery/afr.php?zoneid=105&cb=188', 'aria_label': None, 'class': ['tmiads'], 'id': 'a301feba', 'text': ''}, {'tag': 'iframe', 'src': 'https://ads.independent.com.mt/www/delivery/afr.php?resize=1&zoneid=19&target=_blank&cb=288', 'aria_label': None, 'class': ['tmiads'], 'id': 'a3f5f1e3', 'text': ''}, {'tag': 'iframe', 'src': 'https://ads.independent.com.mt/www/delivery/afr.php?zoneid=104&cb=107', 'aria_label': None, 'class': ['tmiads'], 'id': 'a7ef03f2', 'text': ''}, {'tag': 'iframe', 'src': 'https://ads.independent.com.mt/www/delivery/afr.php?zoneid=147&cb=276', 'aria_label': None, 'class': ['tmiads'], 'id': 'a65e2a3a', 'text': ''}, {'tag': 'iframe', 'src': 'https://ads.independent.com.mt/www/delivery/afr.php?resize=1&zoneid=18&target=_blank&cb=45', 'aria_label': None, 'class': ['tmiads'], 'id': 'afd0542d', 'text': ''}]",4,1,2,0.0035714285714285713,0,0,2,0,0,0,135,12,0,22,11,0.0,0.163,0.9167,040,independent,news_listing
135,30,40,11,0,1,20,12,4772,746,16,7,"[{'tag': 'iframe', 'src': 'https://ads.independent.com.mt/www/delivery/afr.php?resize=1&zoneid=33&target=_blank&cb=7', 'aria_label': None, 'class': ['tmiads'], 'id': 'a5559624', 'text': ''}, {'tag': 'iframe', 'src': 'https://ads.independent.com.mt/www/delivery/afr.php?zoneid=108&cb=3', 'aria_label': None, 'class': ['tmiads'], 'id': 'a8127595', 'text': ''}, {'tag': 'iframe', 'src': 'https://ads.independent.com.mt/www/delivery/afr.php?zoneid=105&cb=188', 'aria_label': None, 'class': ['tmiads'], 'id': 'a301feba', 'text': ''}, {'tag': 'iframe', 'src': 'https://ads.independent.com.mt/www/delivery/afr.php?resize=1&zoneid=19&target=_blank&cb=288', 'aria_label': None, 'class': ['tmiads'], 'id': 'a3f5f1e3', 'text': ''}, {'tag': 'iframe', 'src': 'https://ads.independent.com.mt/www/delivery/afr.php?zoneid=104&cb=107', 'aria_label': None, 'class': ['tmiads'], 'id': 'a7ef03f2', 'text': ''}, {'tag': 'iframe', 'src': 'https://ads.independent.com.mt/www/delivery/afr.php?zoneid=147&cb=276', 'aria_label': None, 'class': ['tmiads'], 'id': 'a65e2a3a', 'text': ''}, {'tag': 'iframe', 'src': 'https://ads.independent.com.mt/www/delivery/afr.php?resize=1&zoneid=18&target=_blank&cb=45', 'aria_label': None, 'class': ['tmiads'], 'id': 'afd0542d', 'text': ''}]",4,1,2,0.0035714285714285713,0,0,2,0,0,0,135,12,0,22,11,0.0,0.163,0.9167,041,independent,news_listing
135,30,40,11,0,1,20,12,4772,746,16,7,"[{'tag': 'iframe', 'src': 'https://ads.independent.com.mt/www/delivery/afr.php?resize=1&zoneid=33&target=_blank&cb=7', 'aria_label': None, 'class': ['tmiads'], 'id': 'a5559624', 'text': ''}, {'tag': 'iframe', 'src': 'https://ads.independent.com.mt/www/delivery/afr.php?zoneid=108&cb=3', 'aria_label': None, 'class': ['tmiads'], 'id': 'a8127595', 'text': ''}, {'tag': 'iframe', 'src': 'https://ads.independent.com.mt/www/delivery/afr.php?zoneid=105&cb=188', 'aria_label': None, 'class': ['tmiads'], 'id': 'a301feba', 'text': ''}, {'tag': 'iframe', 'src': 'https://ads.independent.com.mt/www/delivery/afr.php?resize=1&zoneid=19&target=_blank&cb=288', 'aria_label': None, 'class': ['tmiads'], 'id': 'a3f5f1e3', 'text': ''}, {'tag': 'iframe', 'src': 'https://ads.independent.com.mt/www/delivery/afr.php?zoneid=104&cb=107', 'aria_label': None, 'class': ['tmiads'], 'id': 'a7ef03f2', 'text': ''}, {'tag': 'iframe', 'src': 'https://ads.independent.com.mt/www/delivery/afr.php?zoneid=147&cb=276', 'aria_label': None, 'class': ['tmiads'], 'id': 'a65e2a3a', 'text': ''}, {'tag': 'iframe', 'src': 'https://ads.independent.com.mt/www/delivery/afr.php?resize=1&zoneid=18&target=_blank&cb=45', 'aria_label': None, 'class': ['tmiads'], 'id': 'afd0542d', 'text': ''}]",4,1,2,0.0035714285714285713,0,0,2,0,0,0,135,12,0,22,11,0.0,0.163,0.9167,042,independent,news_listing
135,30,40,11,0,1,20,12,4721,747,16,7,"[{'tag': 'iframe', 'src': 'https://ads.independent.com.mt/www/delivery/afr.php?resize=1&zoneid=33&target=_blank&cb=75', 'aria_label': None, 'class': ['tmiads'], 'id': 'a5559624', 'text': ''}, {'tag': 'iframe', 'src': 'https://ads.independent.com.mt/www/delivery/afr.php?zoneid=108&cb=243', 'aria_label': None, 'class': ['tmiads'], 'id': 'a8127595', 'text': ''}, {'tag': 'iframe', 'src': 'https://ads.independent.com.mt/www/delivery/afr.php?zoneid=105&cb=122', 'aria_label': None, 'class': ['tmiads'], 'id': 'a301feba', 'text': ''}, {'tag': 'iframe', 'src': 'https://ads.independent.com.mt/www/delivery/afr.php?resize=1&zoneid=19&target=_blank&cb=189', 'aria_label': None, 'class': ['tmiads'], 'id': 'a3f5f1e3', 'text': ''}, {'tag': 'iframe', 'src': 'https://ads.independent.com.mt/www/delivery/afr.php?zoneid=104&cb=148', 'aria_label': None, 'class': ['tmiads'], 'id': 'a7ef03f2', 'text': ''}, {'tag': 'iframe', 'src': 'https://ads.independent.com.mt/www/delivery/afr.php?zoneid=147&cb=150', 'aria_label': None, 'class': ['tmiads'], 'id': 'a65e2a3a', 'text': ''}, {'tag': 'iframe', 'src': 'https://ads.independent.com.mt/www/delivery/afr.php?resize=1&zoneid=18&target=_blank&cb=231', 'aria_label': None, 'class': ['tmiads'], 'id': 'afd0542d', 'text': ''}]",4,1,2,0.0035714285714285713,0,0,2,0,0,0,135,12,0,22,11,0.0,0.163,0.9167,043,independent,news_listing
135,30,40,11,0,1,20,12,4721,747,16,7,"[{'tag': 'iframe', 'src': 'https://ads.independent.com.mt/www/delivery/afr.php?resize=1&zoneid=33&target=_blank&cb=75', 'aria_label': None, 'class': ['tmiads'], 'id': 'a5559624', 'text': ''}, {'tag': 'iframe', 'src': 'https://ads.independent.com.mt/www/delivery/afr.php?zoneid=108&cb=243', 'aria_label': None, 'class': ['tmiads'], 'id': 'a8127595', 'text': ''}, {'tag': 'iframe', 'src': 'https://ads.independent.com.mt/www/delivery/afr.php?zoneid=105&cb=122', 'aria_label': None, 'class': ['tmiads'], 'id': 'a301feba', 'text': ''}, {'tag': 'iframe', 'src': 'https://ads.independent.com.mt/www/delivery/afr.php?resize=1&zoneid=19&target=_blank&cb=189', 'aria_label': None, 'class': ['tmiads'], 'id': 'a3f5f1e3', 'text': ''}, {'tag': 'iframe', 'src': 'https://ads.independent.com.mt/www/delivery/afr.php?zoneid=104&cb=148', 'aria_label': None, 'class': ['tmiads'], 'id': 'a7ef03f2', 'text': ''}, {'tag': 'iframe', 'src': 'https://ads.independent.com.mt/www/delivery/afr.php?zoneid=147&cb=150', 'aria_label': None, 'class': ['tmiads'], 'id': 'a65e2a3a', 'text': ''}, {'tag': 'iframe', 'src': 'https://ads.independent.com.mt/www/delivery/afr.php?resize=1&zoneid=18&target=_blank&cb=231', 'aria_label': None, 'class': ['tmiads'], 'id': 'afd0542d', 'text': ''}]",4,1,2,0.0035714285714285713,0,0,2,0,0,0,135,12,0,22,11,0.0,0.163,0.9167,044,independent,news_listing
135,30,40,11,0,1,20,12,4721,747,16,7,"[{'tag': 'iframe', 'src': 'https://ads.independent.com.mt/www/delivery/afr.php?resize=1&zoneid=33&target=_blank&cb=75', 'aria_label': None, 'class': ['tmiads'], 'id': 'a5559624', 'text': ''}, {'tag': 'iframe', 'src': 'https://ads.independent.com.mt/www/delivery/afr.php?zoneid=108&cb=243', 'aria_label': None, 'class': ['tmiads'], 'id': 'a8127595', 'text': ''}, {'tag': 'iframe', 'src': 'https://ads.independent.com.mt/www/delivery/afr.php?zoneid=105&cb=122', 'aria_label': None, 'class': ['tmiads'], 'id': 'a301feba', 'text': ''}, {'tag': 'iframe', 'src': 'https://ads.independent.com.mt/www/delivery/afr.php?resize=1&zoneid=19&target=_blank&cb=189', 'aria_label': None, 'class': ['tmiads'], 'id': 'a3f5f1e3', 'text': ''}, {'tag': 'iframe', 'src': 'https://ads.independent.com.mt/www/delivery/afr.php?zoneid=104&cb=148', 'aria_label': None, 'class': ['tmiads'], 'id': 'a7ef03f2', 'text': ''}, {'tag': 'iframe', 'src': 'https://ads.independent.com.mt/www/delivery/afr.php?zoneid=147&cb=150', 'aria_label': None, 'class': ['tmiads'], 'id': 'a65e2a3a', 'text': ''}, {'tag': 'iframe', 'src': 'https://ads.independent.com.mt/www/delivery/afr.php?resize=1&zoneid=18&target=_blank&cb=231', 'aria_label': None, 'class': ['tmiads'], 'id': 'afd0542d', 'text': ''}]",4,1,2,0.0035714285714285713,0,0,2,0,0,0,135,12,0,22,11,0.0,0.163,0.9167,045,independent,news_listing
135,30,40,11,0,1,20,12,4721,747,16,7,"[{'tag': 'iframe', 'src': 'https://ads.independent.com.mt/www/delivery/afr.php?resize=1&zoneid=33&target=_blank&cb=75', 'aria_label': None, 'class': ['tmiads'], 'id': 'a5559624', 'text': ''}, {'tag': 'iframe', 'src': 'https://ads.independent.com.mt/www/delivery/afr.php?zoneid=108&cb=243', 'aria_label': None, 'class': ['tmiads'], 'id': 'a8127595', 'text': ''}, {'tag': 'iframe', 'src': 'https://ads.independent.com.mt/www/delivery/afr.php?zoneid=105&cb=122', 'aria_label': None, 'class': ['tmiads'], 'id': 'a301feba', 'text': ''}, {'tag': 'iframe', 'src': 'https://ads.independent.com.mt/www/delivery/afr.php?resize=1&zoneid=19&target=_blank&cb=189', 'aria_label': None, 'class': ['tmiads'], 'id': 'a3f5f1e3', 'text': ''}, {'tag': 'iframe', 'src': 'https://ads.independent.com.mt/www/delivery/afr.php?zoneid=104&cb=148', 'aria_label': None, 'class': ['tmiads'], 'id': 'a7ef03f2', 'text': ''}, {'tag': 'iframe', 'src': 'https://ads.independent.com.mt/www/delivery/afr.php?zoneid=147&cb=150', 'aria_label': None, 'class': ['tmiads'], 'id': 'a65e2a3a', 'text': ''}, {'tag': 'iframe', 'src': 'https://ads.independent.com.mt/www/delivery/afr.php?resize=1&zoneid=18&target=_blank&cb=231', 'aria_label': None, 'class': ['tmiads'], 'id': 'afd0542d', 'text': ''}]",4,1,2,0.0035714285714285713,0,0,2,0,0,0,135,12,0,22,11,0.0,0.163,0.9167,046,independent,news_listing
135,30,40,11,0,1,20,12,4721,747,16,7,"[{'tag': 'iframe', 'src': 'https://ads.independent.com.mt/www/delivery/afr.php?resize=1&zoneid=33&target=_blank&cb=75', 'aria_label': None, 'class': ['tmiads'], 'id': 'a5559624', 'text': ''}, {'tag': 'iframe', 'src': 'https://ads.independent.com.mt/www/delivery/afr.php?zoneid=108&cb=243', 'aria_label': None, 'class': ['tmiads'], 'id': 'a8127595', 'text': ''}, {'tag': 'iframe', 'src': 'https://ads.independent.com.mt/www/delivery/afr.php?zoneid=105&cb=122', 'aria_label': None, 'class': ['tmiads'], 'id': 'a301feba', 'text': ''}, {'tag': 'iframe', 'src': 'https://ads.independent.com.mt/www/delivery/afr.php?resize=1&zoneid=19&target=_blank&cb=189', 'aria_label': None, 'class': ['tmiads'], 'id': 'a3f5f1e3', 'text': ''}, {'tag': 'iframe', 'src': 'https://ads.independent.com.mt/www/delivery/afr.php?zoneid=104&cb=148', 'aria_label': None, 'class': ['tmiads'], 'id': 'a7ef03f2', 'text': ''}, {'tag': 'iframe', 'src': 'https://ads.independent.com.mt/www/delivery/afr.php?zoneid=147&cb=150', 'aria_label': None, 'class': ['tmiads'], 'id': 'a65e2a3a', 'text': ''}, {'tag': 'iframe', 'src': 'https://ads.independent.com.mt/www/delivery/afr.php?resize=1&zoneid=18&target=_blank&cb=231', 'aria_label': None, 'class': ['tmiads'], 'id': 'afd0542d', 'text': ''}]",4,1,2,0.0035714285714285713,0,0,2,0,0,0,135,12,0,22,11,0.0,0.163,0.9167,047,independent,news_listing
135,30,40,11,0,1,20,12,4721,747,16,7,"[{'tag': 'iframe', 'src': 'https://ads.independent.com.mt/www/delivery/afr.php?resize=1&zoneid=33&target=_blank&cb=75', 'aria_label': None, 'class': ['tmiads'], 'id': 'a5559624', 'text': ''}, {'tag': 'iframe', 'src': 'https://ads.independent.com.mt/www/delivery/afr.php?zoneid=108&cb=243', 'aria_label': None, 'class': ['tmiads'], 'id': 'a8127595', 'text': ''}, {'tag': 'iframe', 'src': 'https://ads.independent.com.mt/www/delivery/afr.php?zoneid=105&cb=122', 'aria_label': None, 'class': ['tmiads'], 'id': 'a301feba', 'text': ''}, {'tag': 'iframe', 'src': 'https://ads.independent.com.mt/www/delivery/afr.php?resize=1&zoneid=19&target=_blank&cb=189', 'aria_label': None, 'class': ['tmiads'], 'id': 'a3f5f1e3', 'text': ''}, {'tag': 'iframe', 'src': 'https://ads.independent.com.mt/www/delivery/afr.php?zoneid=104&cb=148', 'aria_label': None, 'class': ['tmiads'], 'id': 'a7ef03f2', 'text': ''}, {'tag': 'iframe', 'src': 'https://ads.independent.com.mt/www/delivery/afr.php?zoneid=147&cb=150', 'aria_label': None, 'class': ['tmiads'], 'id': 'a65e2a3a', 'text': ''}, {'tag': 'iframe', 'src': 'https://ads.independent.com.mt/www/delivery/afr.php?resize=1&zoneid=18&target=_blank&cb=231', 'aria_label': None, 'class': ['tmiads'], 'id': 'afd0542d', 'text': ''}]",4,1,2,0.0035714285714285713,0,0,2,0,0,0,135,12,0,22,11,0.0,0.163,0.9167,048,independent,news_listing
135,30,40,11,0,1,20,12,4721,747,16,7,"[{'tag': 'iframe', 'src': 'https://ads.independent.com.mt/www/delivery/afr.php?resize=1&zoneid=33&target=_blank&cb=75', 'aria_label': None, 'class': ['tmiads'], 'id': 'a5559624', 'text': ''}, {'tag': 'iframe', 'src': 'https://ads.independent.com.mt/www/delivery/afr.php?zoneid=108&cb=243', 'aria_label': None, 'class': ['tmiads'], 'id': 'a8127595', 'text': ''}, {'tag': 'iframe', 'src': 'https://ads.independent.com.mt/www/delivery/afr.php?zoneid=105&cb=122', 'aria_label': None, 'class': ['tmiads'], 'id': 'a301feba', 'text': ''}, {'tag': 'iframe', 'src': 'https://ads.independent.com.mt/www/delivery/afr.php?resize=1&zoneid=19&target=_blank&cb=189', 'aria_label': None, 'class': ['tmiads'], 'id': 'a3f5f1e3', 'text': ''}, {'tag': 'iframe', 'src': 'https://ads.independent.com.mt/www/delivery/afr.php?zoneid=104&cb=148', 'aria_label': None, 'class': ['tmiads'], 'id': 'a7ef03f2', 'text': ''}, {'tag': 'iframe', 'src': 'https://ads.independent.com.mt/www/delivery/afr.php?zoneid=147&cb=150', 'aria_label': None, 'class': ['tmiads'], 'id': 'a65e2a3a', 'text': ''}, {'tag': 'iframe', 'src': 'https://ads.independent.com.mt/www/delivery/afr.php?resize=1&zoneid=18&target=_blank&cb=231', 'aria_label': None, 'class': ['tmiads'], 'id': 'afd0542d', 'text': ''}]",4,1,2,0.0035714285714285713,0,0,2,0,0,0,135,12,0,22,11,0.0,0.163,0.9167,049,independent,news_listing
135,30,40,11,0,1,20,12,4785,756,16,7,"[{'tag': 'iframe', 'src': 'https://ads.independent.com.mt/www/delivery/afr.php?resize=1&zoneid=33&target=_blank&cb=91', 'aria_label': None, 'class': ['tmiads'], 'id': 'a5559624', 'text': ''}, {'tag': 'iframe', 'src': 'https://ads.independent.com.mt/www/delivery/afr.php?zoneid=108&cb=83', 'aria_label': None, 'class': ['tmiads'], 'id': 'a8127595', 'text': ''}, {'tag': 'iframe', 'src': 'https://ads.independent.com.mt/www/delivery/afr.php?zoneid=105&cb=222', 'aria_label': None, 'class': ['tmiads'], 'id': 'a301feba', 'text': ''}, {'tag': 'iframe', 'src': 'https://ads.independent.com.mt/www/delivery/afr.php?resize=1&zoneid=19&target=_blank&cb=66', 'aria_label': None, 'class': ['tmiads'], 'id': 'a3f5f1e3', 'text': ''}, {'tag': 'iframe', 'src': 'https://ads.independent.com.mt/www/delivery/afr.php?zoneid=104&cb=116', 'aria_label': None, 'class': ['tmiads'], 'id': 'a7ef03f2', 'text': ''}, {'tag': 'iframe', 'src': 'https://ads.independent.com.mt/www/delivery/afr.php?zoneid=147&cb=152', 'aria_label': None, 'class': ['tmiads'], 'id': 'a65e2a3a', 'text': ''}, {'tag': 'iframe', 'src': 'https://ads.independent.com.mt/www/delivery/afr.php?resize=1&zoneid=18&target=_blank&cb=51', 'aria_label': None, 'class': ['tmiads'], 'id': 'afd0542d', 'text': ''}]",4,1,2,0.003552397868561279,0,0,2,0,0,0,135,12,0,22,11,0.0,0.163,0.9167,050,independent,news_listing
135,30,40,11,0,1,20,12,4785,756,16,7,"[{'tag': 'iframe', 'src': 'https://ads.independent.com.mt/www/delivery/afr.php?resize=1&zoneid=33&target=_blank&cb=91', 'aria_label': None, 'class': ['tmiads'], 'id': 'a5559624', 'text': ''}, {'tag': 'iframe', 'src': 'https://ads.independent.com.mt/www/delivery/afr.php?zoneid=108&cb=83', 'aria_label': None, 'class': ['tmiads'], 'id': 'a8127595', 'text': ''}, {'tag': 'iframe', 'src': 'https://ads.independent.com.mt/www/delivery/afr.php?zoneid=105&cb=222', 'aria_label': None, 'class': ['tmiads'], 'id': 'a301feba', 'text': ''}, {'tag': 'iframe', 'src': 'https://ads.independent.com.mt/www/delivery/afr.php?resize=1&zoneid=19&target=_blank&cb=66', 'aria_label': None, 'class': ['tmiads'], 'id': 'a3f5f1e3', 'text': ''}, {'tag': 'iframe', 'src': 'https://ads.independent.com.mt/www/delivery/afr.php?zoneid=104&cb=116', 'aria_label': None, 'class': ['tmiads'], 'id': 'a7ef03f2', 'text': ''}, {'tag': 'iframe', 'src': 'https://ads.independent.com.mt/www/delivery/afr.php?zoneid=147&cb=152', 'aria_label': None, 'class': ['tmiads'], 'id': 'a65e2a3a', 'text': ''}, {'tag': 'iframe', 'src': 'https://ads.independent.com.mt/www/delivery/afr.php?resize=1&zoneid=18&target=_blank&cb=51', 'aria_label': None, 'class': ['tmiads'], 'id': 'afd0542d', 'text': ''}]",4,1,2,0.003552397868561279,0,0,2,0,0,0,135,12,0,22,11,0.0,0.163,0.9167,051,independent,news_listing
135,30,40,11,0,1,20,12,4785,756,16,7,"[{'tag': 'iframe', 'src': 'https://ads.independent.com.mt/www/delivery/afr.php?resize=1&zoneid=33&target=_blank&cb=91', 'aria_label': None, 'class': ['tmiads'], 'id': 'a5559624', 'text': ''}, {'tag': 'iframe', 'src': 'https://ads.independent.com.mt/www/delivery/afr.php?zoneid=108&cb=83', 'aria_label': None, 'class': ['tmiads'], 'id': 'a8127595', 'text': ''}, {'tag': 'iframe', 'src': 'https://ads.independent.com.mt/www/delivery/afr.php?zoneid=105&cb=222', 'aria_label': None, 'class': ['tmiads'], 'id': 'a301feba', 'text': ''}, {'tag': 'iframe', 'src': 'https://ads.independent.com.mt/www/delivery/afr.php?resize=1&zoneid=19&target=_blank&cb=66', 'aria_label': None, 'class': ['tmiads'], 'id': 'a3f5f1e3', 'text': ''}, {'tag': 'iframe', 'src': 'https://ads.independent.com.mt/www/delivery/afr.php?zoneid=104&cb=116', 'aria_label': None, 'class': ['tmiads'], 'id': 'a7ef03f2', 'text': ''}, {'tag': 'iframe', 'src': 'https://ads.independent.com.mt/www/delivery/afr.php?zoneid=147&cb=152', 'aria_label': None, 'class': ['tmiads'], 'id': 'a65e2a3a', 'text': ''}, {'tag': 'iframe', 'src': 'https://ads.independent.com.mt/www/delivery/afr.php?resize=1&zoneid=18&target=_blank&cb=51', 'aria_label': None, 'class': ['tmiads'], 'id': 'afd0542d', 'text': ''}]",4,1,2,0.003552397868561279,0,0,2,0,0,0,135,12,0,22,11,0.0,0.163,0.9167,052,independent,news_listing
135,30,40,11,0,1,20,12,4785,756,16,7,"[{'tag': 'iframe', 'src': 'https://ads.independent.com.mt/www/delivery/afr.php?resize=1&zoneid=33&target=_blank&cb=91', 'aria_label': None, 'class': ['tmiads'], 'id': 'a5559624', 'text': ''}, {'tag': 'iframe', 'src': 'https://ads.independent.com.mt/www/delivery/afr.php?zoneid=108&cb=83', 'aria_label': None, 'class': ['tmiads'], 'id': 'a8127595', 'text': ''}, {'tag': 'iframe', 'src': 'https://ads.independent.com.mt/www/delivery/afr.php?zoneid=105&cb=222', 'aria_label': None, 'class': ['tmiads'], 'id': 'a301feba', 'text': ''}, {'tag': 'iframe', 'src': 'https://ads.independent.com.mt/www/delivery/afr.php?resize=1&zoneid=19&target=_blank&cb=66', 'aria_label': None, 'class': ['tmiads'], 'id': 'a3f5f1e3', 'text': ''}, {'tag': 'iframe', 'src': 'https://ads.independent.com.mt/www/delivery/afr.php?zoneid=104&cb=116', 'aria_label': None, 'class': ['tmiads'], 'id': 'a7ef03f2', 'text': ''}, {'tag': 'iframe', 'src': 'https://ads.independent.com.mt/www/delivery/afr.php?zoneid=147&cb=152', 'aria_label': None, 'class': ['tmiads'], 'id': 'a65e2a3a', 'text': ''}, {'tag': 'iframe', 'src': 'https://ads.independent.com.mt/www/delivery/afr.php?resize=1&zoneid=18&target=_blank&cb=51', 'aria_label': None, 'class': ['tmiads'], 'id': 'afd0542d', 'text': ''}]",4,1,2,0.003552397868561279,0,0,2,0,0,0,135,12,0,22,11,0.0,0.163,0.9167,053,independent,news_listing
135,30,40,11,0,1,20,12,4785,756,16,7,"[{'tag': 'iframe', 'src': 'https://ads.independent.com.mt/www/delivery/afr.php?resize=1&zoneid=33&target=_blank&cb=91', 'aria_label': None, 'class': ['tmiads'], 'id': 'a5559624', 'text': ''}, {'tag': 'iframe', 'src': 'https://ads.independent.com.mt/www/delivery/afr.php?zoneid=108&cb=83', 'aria_label': None, 'class': ['tmiads'], 'id': 'a8127595', 'text': ''}, {'tag': 'iframe', 'src': 'https://ads.independent.com.mt/www/delivery/afr.php?zoneid=105&cb=222', 'aria_label': None, 'class': ['tmiads'], 'id': 'a301feba', 'text': ''}, {'tag': 'iframe', 'src': 'https://ads.independent.com.mt/www/delivery/afr.php?resize=1&zoneid=19&target=_blank&cb=66', 'aria_label': None, 'class': ['tmiads'], 'id': 'a3f5f1e3', 'text': ''}, {'tag': 'iframe', 'src': 'https://ads.independent.com.mt/www/delivery/afr.php?zoneid=104&cb=116', 'aria_label': None, 'class': ['tmiads'], 'id': 'a7ef03f2', 'text': ''}, {'tag': 'iframe', 'src': 'https://ads.independent.com.mt/www/delivery/afr.php?zoneid=147&cb=152', 'aria_label': None, 'class': ['tmiads'], 'id': 'a65e2a3a', 'text': ''}, {'tag': 'iframe', 'src': 'https://ads.independent.com.mt/www/delivery/afr.php?resize=1&zoneid=18&target=_blank&cb=51', 'aria_label': None, 'class': ['tmiads'], 'id': 'afd0542d', 'text': ''}]",4,1,2,0.003552397868561279,0,0,2,0,0,0,135,12,0,22,11,0.0,0.163,0.9167,054,independent,news_listing
135,30,40,11,0,1,20,12,4785,756,16,7,"[{'tag': 'iframe', 'src': 'https://ads.independent.com.mt/www/delivery/afr.php?resize=1&zoneid=33&target=_blank&cb=91', 'aria_label': None, 'class': ['tmiads'], 'id': 'a5559624', 'text': ''}, {'tag': 'iframe', 'src': 'https://ads.independent.com.mt/www/delivery/afr.php?zoneid=108&cb=83', 'aria_label': None, 'class': ['tmiads'], 'id': 'a8127595', 'text': ''}, {'tag': 'iframe', 'src': 'https://ads.independent.com.mt/www/delivery/afr.php?zoneid=105&cb=222', 'aria_label': None, 'class': ['tmiads'], 'id': 'a301feba', 'text': ''}, {'tag': 'iframe', 'src': 'https://ads.independent.com.mt/www/delivery/afr.php?resize=1&zoneid=19&target=_blank&cb=66', 'aria_label': None, 'class': ['tmiads'], 'id': 'a3f5f1e3', 'text': ''}, {'tag': 'iframe', 'src': 'https://ads.independent.com.mt/www/delivery/afr.php?zoneid=104&cb=116', 'aria_label': None, 'class': ['tmiads'], 'id': 'a7ef03f2', 'text': ''}, {'tag': 'iframe', 'src': 'https://ads.independent.com.mt/www/delivery/afr.php?zoneid=147&cb=152', 'aria_label': None, 'class': ['tmiads'], 'id': 'a65e2a3a', 'text': ''}, {'tag': 'iframe', 'src': 'https://ads.independent.com.mt/www/delivery/afr.php?resize=1&zoneid=18&target=_blank&cb=51', 'aria_label': None, 'class': ['tmiads'], 'id': 'afd0542d', 'text': ''}]",4,1,2,0.003552397868561279,0,0,2,0,0,0,135,12,0,22,11,0.0,0.163,0.9167,055,independent,news_listing
135,30,40,11,0,1,20,12,4785,756,16,7,"[{'tag': 'iframe', 'src': 'https://ads.independent.com.mt/www/delivery/afr.php?resize=1&zoneid=33&target=_blank&cb=91', 'aria_label': None, 'class': ['tmiads'], 'id': 'a5559624', 'text': ''}, {'tag': 'iframe', 'src': 'https://ads.independent.com.mt/www/delivery/afr.php?zoneid=108&cb=83', 'aria_label': None, 'class': ['tmiads'], 'id': 'a8127595', 'text': ''}, {'tag': 'iframe', 'src': 'https://ads.independent.com.mt/www/delivery/afr.php?zoneid=105&cb=222', 'aria_label': None, 'class': ['tmiads'], 'id': 'a301feba', 'text': ''}, {'tag': 'iframe', 'src': 'https://ads.independent.com.mt/www/delivery/afr.php?resize=1&zoneid=19&target=_blank&cb=66', 'aria_label': None, 'class': ['tmiads'], 'id': 'a3f5f1e3', 'text': ''}, {'tag': 'iframe', 'src': 'https://ads.independent.com.mt/www/delivery/afr.php?zoneid=104&cb=116', 'aria_label': None, 'class': ['tmiads'], 'id': 'a7ef03f2', 'text': ''}, {'tag': 'iframe', 'src': 'https://ads.independent.com.mt/www/delivery/afr.php?zoneid=147&cb=152', 'aria_label': None, 'class': ['tmiads'], 'id': 'a65e2a3a', 'text': ''}, {'tag': 'iframe', 'src': 'https://ads.independent.com.mt/www/delivery/afr.php?resize=1&zoneid=18&target=_blank&cb=51', 'aria_label': None, 'class': ['tmiads'], 'id': 'afd0542d', 'text': ''}]",4,1,2,0.003552397868561279,0,0,2,0,0,0,135,12,0,22,11,0.0,0.163,0.9167,056,independent,news_listing
135,30,40,11,0,1,20,12,4785,756,16,7,"[{'tag': 'iframe', 'src': 'https://ads.independent.com.mt/www/delivery/afr.php?resize=1&zoneid=33&target=_blank&cb=91', 'aria_label': None, 'class': ['tmiads'], 'id': 'a5559624', 'text': ''}, {'tag': 'iframe', 'src': 'https://ads.independent.com.mt/www/delivery/afr.php?zoneid=108&cb=83', 'aria_label': None, 'class': ['tmiads'], 'id': 'a8127595', 'text': ''}, {'tag': 'iframe', 'src': 'https://ads.independent.com.mt/www/delivery/afr.php?zoneid=105&cb=222', 'aria_label': None, 'class': ['tmiads'], 'id': 'a301feba', 'text': ''}, {'tag': 'iframe', 'src': 'https://ads.independent.com.mt/www/delivery/afr.php?resize=1&zoneid=19&target=_blank&cb=66', 'aria_label': None, 'class': ['tmiads'], 'id': 'a3f5f1e3', 'text': ''}, {'tag': 'iframe', 'src': 'https://ads.independent.com.mt/www/delivery/afr.php?zoneid=104&cb=116', 'aria_label': None, 'class': ['tmiads'], 'id': 'a7ef03f2', 'text': ''}, {'tag': 'iframe', 'src': 'https://ads.independent.com.mt/www/delivery/afr.php?zoneid=147&cb=152', 'aria_label': None, 'class': ['tmiads'], 'id': 'a65e2a3a', 'text': ''}, {'tag': 'iframe', 'src': 'https://ads.independent.com.mt/www/delivery/afr.php?resize=1&zoneid=18&target=_blank&cb=51', 'aria_label': None, 'class': ['tmiads'], 'id': 'afd0542d', 'text': ''}]",4,1,2,0.003552397868561279,0,0,2,0,0,0,135,12,0,22,11,0.0,0.163,0.9167,057,independent,news_listing
135,30,40,11,0,1,20,12,4967,762,16,7,"[{'tag': 'iframe', 'src': 'https://ads.independent.com.mt/www/delivery/afr.php?resize=1&zoneid=33&target=_blank&cb=226', 'aria_label': None, 'class': ['tmiads'], 'id': 'a5559624', 'text': ''}, {'tag': 'iframe', 'src': 'https://ads.independent.com.mt/www/delivery/afr.php?zoneid=108&cb=199', 'aria_label': None, 'class': ['tmiads'], 'id': 'a8127595', 'text': ''}, {'tag': 'iframe', 'src': 'https://ads.independent.com.mt/www/delivery/afr.php?zoneid=105&cb=250', 'aria_label': None, 'class': ['tmiads'], 'id': 'a301feba', 'text': ''}, {'tag': 'iframe', 'src': 'https://ads.independent.com.mt/www/delivery/afr.php?resize=1&zoneid=19&target=_blank&cb=258', 'aria_label': None, 'class': ['tmiads'], 'id': 'a3f5f1e3', 'text': ''}, {'tag': 'iframe', 'src': 'https://ads.independent.com.mt/www/delivery/afr.php?zoneid=104&cb=17', 'aria_label': None, 'class': ['tmiads'], 'id': 'a7ef03f2', 'text': ''}, {'tag': 'iframe', 'src': 'https://ads.independent.com.mt/www/delivery/afr.php?zoneid=147&cb=245', 'aria_label': None, 'class': ['tmiads'], 'id': 'a65e2a3a', 'text': ''}, {'tag': 'iframe', 'src': 'https://ads.independent.com.mt/www/delivery/afr.php?resize=1&zoneid=18&target=_blank&cb=264', 'aria_label': None, 'class': ['tmiads'], 'id': 'afd0542d', 'text': ''}]",4,1,2,0.0035398230088495575,0,0,2,0,0,0,135,12,0,22,11,0.0,0.163,0.9167,058,independent,news_listing
135,30,40,11,0,1,20,12,4967,762,16,7,"[{'tag': 'iframe', 'src': 'https://ads.independent.com.mt/www/delivery/afr.php?resize=1&zoneid=33&target=_blank&cb=226', 'aria_label': None, 'class': ['tmiads'], 'id': 'a5559624', 'text': ''}, {'tag': 'iframe', 'src': 'https://ads.independent.com.mt/www/delivery/afr.php?zoneid=108&cb=199', 'aria_label': None, 'class': ['tmiads'], 'id': 'a8127595', 'text': ''}, {'tag': 'iframe', 'src': 'https://ads.independent.com.mt/www/delivery/afr.php?zoneid=105&cb=250', 'aria_label': None, 'class': ['tmiads'], 'id': 'a301feba', 'text': ''}, {'tag': 'iframe', 'src': 'https://ads.independent.com.mt/www/delivery/afr.php?resize=1&zoneid=19&target=_blank&cb=258', 'aria_label': None, 'class': ['tmiads'], 'id': 'a3f5f1e3', 'text': ''}, {'tag': 'iframe', 'src': 'https://ads.independent.com.mt/www/delivery/afr.php?zoneid=104&cb=17', 'aria_label': None, 'class': ['tmiads'], 'id': 'a7ef03f2', 'text': ''}, {'tag': 'iframe', 'src': 'https://ads.independent.com.mt/www/delivery/afr.php?zoneid=147&cb=245', 'aria_label': None, 'class': ['tmiads'], 'id': 'a65e2a3a', 'text': ''}, {'tag': 'iframe', 'src': 'https://ads.independent.com.mt/www/delivery/afr.php?resize=1&zoneid=18&target=_blank&cb=264', 'aria_label': None, 'class': ['tmiads'], 'id': 'afd0542d', 'text': ''}]",4,1,2,0.0035398230088495575,0,0,2,0,0,0,135,12,0,22,11,0.0,0.163,0.9167,059,independent,news_listing
135,30,40,11,0,1,20,12,4967,762,16,7,"[{'tag': 'iframe', 'src': 'https://ads.independent.com.mt/www/delivery/afr.php?resize=1&zoneid=33&target=_blank&cb=226', 'aria_label': None, 'class': ['tmiads'], 'id': 'a5559624', 'text': ''}, {'tag': 'iframe', 'src': 'https://ads.independent.com.mt/www/delivery/afr.php?zoneid=108&cb=199', 'aria_label': None, 'class': ['tmiads'], 'id': 'a8127595', 'text': ''}, {'tag': 'iframe', 'src': 'https://ads.independent.com.mt/www/delivery/afr.php?zoneid=105&cb=250', 'aria_label': None, 'class': ['tmiads'], 'id': 'a301feba', 'text': ''}, {'tag': 'iframe', 'src': 'https://ads.independent.com.mt/www/delivery/afr.php?resize=1&zoneid=19&target=_blank&cb=258', 'aria_label': None, 'class': ['tmiads'], 'id': 'a3f5f1e3', 'text': ''}, {'tag': 'iframe', 'src': 'https://ads.independent.com.mt/www/delivery/afr.php?zoneid=104&cb=17', 'aria_label': None, 'class': ['tmiads'], 'id': 'a7ef03f2', 'text': ''}, {'tag': 'iframe', 'src': 'https://ads.independent.com.mt/www/delivery/afr.php?zoneid=147&cb=245', 'aria_label': None, 'class': ['tmiads'], 'id': 'a65e2a3a', 'text': ''}, {'tag': 'iframe', 'src': 'https://ads.independent.com.mt/www/delivery/afr.php?resize=1&zoneid=18&target=_blank&cb=264', 'aria_label': None, 'class': ['tmiads'], 'id': 'afd0542d', 'text': ''}]",4,1,2,0.0035398230088495575,0,0,2,0,0,0,135,12,0,22,11,0.0,0.163,0.9167,060,independent,news_listing
135,30,40,11,0,1,20,12,4967,762,16,7,"[{'tag': 'iframe', 'src': 'https://ads.independent.com.mt/www/delivery/afr.php?resize=1&zoneid=33&target=_blank&cb=226', 'aria_label': None, 'class': ['tmiads'], 'id': 'a5559624', 'text': ''}, {'tag': 'iframe', 'src': 'https://ads.independent.com.mt/www/delivery/afr.php?zoneid=108&cb=199', 'aria_label': None, 'class': ['tmiads'], 'id': 'a8127595', 'text': ''}, {'tag': 'iframe', 'src': 'https://ads.independent.com.mt/www/delivery/afr.php?zoneid=105&cb=250', 'aria_label': None, 'class': ['tmiads'], 'id': 'a301feba', 'text': ''}, {'tag': 'iframe', 'src': 'https://ads.independent.com.mt/www/delivery/afr.php?resize=1&zoneid=19&target=_blank&cb=258', 'aria_label': None, 'class': ['tmiads'], 'id': 'a3f5f1e3', 'text': ''}, {'tag': 'iframe', 'src': 'https://ads.independent.com.mt/www/delivery/afr.php?zoneid=104&cb=17', 'aria_label': None, 'class': ['tmiads'], 'id': 'a7ef03f2', 'text': ''}, {'tag': 'iframe', 'src': 'https://ads.independent.com.mt/www/delivery/afr.php?zoneid=147&cb=245', 'aria_label': None, 'class': ['tmiads'], 'id': 'a65e2a3a', 'text': ''}, {'tag': 'iframe', 'src': 'https://ads.independent.com.mt/www/delivery/afr.php?resize=1&zoneid=18&target=_blank&cb=264', 'aria_label': None, 'class': ['tmiads'], 'id': 'afd0542d', 'text': ''}]",4,1,2,0.0035398230088495575,0,0,2,0,0,0,135,12,0,22,11,0.0,0.163,0.9167,061,independent,news_listing
135,30,40,11,0,1,20,12,4967,762,16,7,"[{'tag': 'iframe', 'src': 'https://ads.independent.com.mt/www/delivery/afr.php?resize=1&zoneid=33&target=_blank&cb=226', 'aria_label': None, 'class': ['tmiads'], 'id': 'a5559624', 'text': ''}, {'tag': 'iframe', 'src': 'https://ads.independent.com.mt/www/delivery/afr.php?zoneid=108&cb=199', 'aria_label': None, 'class': ['tmiads'], 'id': 'a8127595', 'text': ''}, {'tag': 'iframe', 'src': 'https://ads.independent.com.mt/www/delivery/afr.php?zoneid=105&cb=250', 'aria_label': None, 'class': ['tmiads'], 'id': 'a301feba', 'text': ''}, {'tag': 'iframe', 'src': 'https://ads.independent.com.mt/www/delivery/afr.php?resize=1&zoneid=19&target=_blank&cb=258', 'aria_label': None, 'class': ['tmiads'], 'id': 'a3f5f1e3', 'text': ''}, {'tag': 'iframe', 'src': 'https://ads.independent.com.mt/www/delivery/afr.php?zoneid=104&cb=17', 'aria_label': None, 'class': ['tmiads'], 'id': 'a7ef03f2', 'text': ''}, {'tag': 'iframe', 'src': 'https://ads.independent.com.mt/www/delivery/afr.php?zoneid=147&cb=245', 'aria_label': None, 'class': ['tmiads'], 'id': 'a65e2a3a', 'text': ''}, {'tag': 'iframe', 'src': 'https://ads.independent.com.mt/www/delivery/afr.php?resize=1&zoneid=18&target=_blank&cb=264', 'aria_label': None, 'class': ['tmiads'], 'id': 'afd0542d', 'text': ''}]",4,1,2,0.0035398230088495575,0,0,2,0,0,0,135,12,0,22,11,0.0,0.163,0.9167,062,independent,news_listing
135,30,40,11,0,1,20,12,4967,762,16,7,"[{'tag': 'iframe', 'src': 'https://ads.independent.com.mt/www/delivery/afr.php?resize=1&zoneid=33&target=_blank&cb=226', 'aria_label': None, 'class': ['tmiads'], 'id': 'a5559624', 'text': ''}, {'tag': 'iframe', 'src': 'https://ads.independent.com.mt/www/delivery/afr.php?zoneid=108&cb=199', 'aria_label': None, 'class': ['tmiads'], 'id': 'a8127595', 'text': ''}, {'tag': 'iframe', 'src': 'https://ads.independent.com.mt/www/delivery/afr.php?zoneid=105&cb=250', 'aria_label': None, 'class': ['tmiads'], 'id': 'a301feba', 'text': ''}, {'tag': 'iframe', 'src': 'https://ads.independent.com.mt/www/delivery/afr.php?resize=1&zoneid=19&target=_blank&cb=258', 'aria_label': None, 'class': ['tmiads'], 'id': 'a3f5f1e3', 'text': ''}, {'tag': 'iframe', 'src': 'https://ads.independent.com.mt/www/delivery/afr.php?zoneid=104&cb=17', 'aria_label': None, 'class': ['tmiads'], 'id': 'a7ef03f2', 'text': ''}, {'tag': 'iframe', 'src': 'https://ads.independent.com.mt/www/delivery/afr.php?zoneid=147&cb=245', 'aria_label': None, 'class': ['tmiads'], 'id': 'a65e2a3a', 'text': ''}, {'tag': 'iframe', 'src': 'https://ads.independent.com.mt/www/delivery/afr.php?resize=1&zoneid=18&target=_blank&cb=264', 'aria_label': None, 'class': ['tmiads'], 'id': 'afd0542d', 'text': ''}]",4,1,2,0.0035398230088495575,0,0,2,0,0,0,135,12,0,22,11,0.0,0.163,0.9167,063,independent,news_listing
135,30,40,11,0,1,20,12,4967,762,16,7,"[{'tag': 'iframe', 'src': 'https://ads.independent.com.mt/www/delivery/afr.php?resize=1&zoneid=33&target=_blank&cb=226', 'aria_label': None, 'class': ['tmiads'], 'id': 'a5559624', 'text': ''}, {'tag': 'iframe', 'src': 'https://ads.independent.com.mt/www/delivery/afr.php?zoneid=108&cb=199', 'aria_label': None, 'class': ['tmiads'], 'id': 'a8127595', 'text': ''}, {'tag': 'iframe', 'src': 'https://ads.independent.com.mt/www/delivery/afr.php?zoneid=105&cb=250', 'aria_label': None, 'class': ['tmiads'], 'id': 'a301feba', 'text': ''}, {'tag': 'iframe', 'src': 'https://ads.independent.com.mt/www/delivery/afr.php?resize=1&zoneid=19&target=_blank&cb=258', 'aria_label': None, 'class': ['tmiads'], 'id': 'a3f5f1e3', 'text': ''}, {'tag': 'iframe', 'src': 'https://ads.independent.com.mt/www/delivery/afr.php?zoneid=104&cb=17', 'aria_label': None, 'class': ['tmiads'], 'id': 'a7ef03f2', 'text': ''}, {'tag': 'iframe', 'src': 'https://ads.independent.com.mt/www/delivery/afr.php?zoneid=147&cb=245', 'aria_label': None, 'class': ['tmiads'], 'id': 'a65e2a3a', 'text': ''}, {'tag': 'iframe', 'src': 'https://ads.independent.com.mt/www/delivery/afr.php?resize=1&zoneid=18&target=_blank&cb=264', 'aria_label': None, 'class': ['tmiads'], 'id': 'afd0542d', 'text': ''}]",4,1,2,0.0035398230088495575,0,0,2,0,0,0,135,12,0,22,11,0.0,0.163,0.9167,064,independent,news_listing
135,30,40,11,0,1,20,12,4846,761,16,7,"[{'tag': 'iframe', 'src': 'https://ads.independent.com.mt/www/delivery/afr.php?resize=1&zoneid=33&target=_blank&cb=74', 'aria_label': None, 'class': ['tmiads'], 'id': 'a5559624', 'text': ''}, {'tag': 'iframe', 'src': 'https://ads.independent.com.mt/www/delivery/afr.php?zoneid=108&cb=50', 'aria_label': None, 'class': ['tmiads'], 'id': 'a8127595', 'text': ''}, {'tag': 'iframe', 'src': 'https://ads.independent.com.mt/www/delivery/afr.php?zoneid=105&cb=66', 'aria_label': None, 'class': ['tmiads'], 'id': 'a301feba', 'text': ''}, {'tag': 'iframe', 'src': 'https://ads.independent.com.mt/www/delivery/afr.php?resize=1&zoneid=19&target=_blank&cb=279', 'aria_label': None, 'class': ['tmiads'], 'id': 'a3f5f1e3', 'text': ''}, {'tag': 'iframe', 'src': 'https://ads.independent.com.mt/www/delivery/afr.php?zoneid=104&cb=41', 'aria_label': None, 'class': ['tmiads'], 'id': 'a7ef03f2', 'text': ''}, {'tag': 'iframe', 'src': 'https://ads.independent.com.mt/www/delivery/afr.php?zoneid=147&cb=213', 'aria_label': None, 'class': ['tmiads'], 'id': 'a65e2a3a', 'text': ''}, {'tag': 'iframe', 'src': 'https://ads.independent.com.mt/www/delivery/afr.php?resize=1&zoneid=18&target=_blank&cb=117', 'aria_label': None, 'class': ['tmiads'], 'id': 'afd0542d', 'text': ''}]",4,1,2,0.0035460992907801418,0,0,2,0,0,0,135,12,0,22,11,0.0,0.163,0.9167,065,independent,news_listing
135,30,40,11,0,1,20,12,4846,761,16,7,"[{'tag': 'iframe', 'src': 'https://ads.independent.com.mt/www/delivery/afr.php?resize=1&zoneid=33&target=_blank&cb=74', 'aria_label': None, 'class': ['tmiads'], 'id': 'a5559624', 'text': ''}, {'tag': 'iframe', 'src': 'https://ads.independent.com.mt/www/delivery/afr.php?zoneid=108&cb=50', 'aria_label': None, 'class': ['tmiads'], 'id': 'a8127595', 'text': ''}, {'tag': 'iframe', 'src': 'https://ads.independent.com.mt/www/delivery/afr.php?zoneid=105&cb=66', 'aria_label': None, 'class': ['tmiads'], 'id': 'a301feba', 'text': ''}, {'tag': 'iframe', 'src': 'https://ads.independent.com.mt/www/delivery/afr.php?resize=1&zoneid=19&target=_blank&cb=279', 'aria_label': None, 'class': ['tmiads'], 'id': 'a3f5f1e3', 'text': ''}, {'tag': 'iframe', 'src': 'https://ads.independent.com.mt/www/delivery/afr.php?zoneid=104&cb=41', 'aria_label': None, 'class': ['tmiads'], 'id': 'a7ef03f2', 'text': ''}, {'tag': 'iframe', 'src': 'https://ads.independent.com.mt/www/delivery/afr.php?zoneid=147&cb=213', 'aria_label': None, 'class': ['tmiads'], 'id': 'a65e2a3a', 'text': ''}, {'tag': 'iframe', 'src': 'https://ads.independent.com.mt/www/delivery/afr.php?resize=1&zoneid=18&target=_blank&cb=117', 'aria_label': None, 'class': ['tmiads'], 'id': 'afd0542d', 'text': ''}]",4,1,2,0.0035460992907801418,0,0,2,0,0,0,135,12,0,22,11,0.0,0.163,0.9167,066,independent,news_listing
135,30,40,11,0,1,20,12,4846,761,16,7,"[{'tag': 'iframe', 'src': 'https://ads.independent.com.mt/www/delivery/afr.php?resize=1&zoneid=33&target=_blank&cb=74', 'aria_label': None, 'class': ['tmiads'], 'id': 'a5559624', 'text': ''}, {'tag': 'iframe', 'src': 'https://ads.independent.com.mt/www/delivery/afr.php?zoneid=108&cb=50', 'aria_label': None, 'class': ['tmiads'], 'id': 'a8127595', 'text': ''}, {'tag': 'iframe', 'src': 'https://ads.independent.com.mt/www/delivery/afr.php?zoneid=105&cb=66', 'aria_label': None, 'class': ['tmiads'], 'id': 'a301feba', 'text': ''}, {'tag': 'iframe', 'src': 'https://ads.independent.com.mt/www/delivery/afr.php?resize=1&zoneid=19&target=_blank&cb=279', 'aria_label': None, 'class': ['tmiads'], 'id': 'a3f5f1e3', 'text': ''}, {'tag': 'iframe', 'src': 'https://ads.independent.com.mt/www/delivery/afr.php?zoneid=104&cb=41', 'aria_label': None, 'class': ['tmiads'], 'id': 'a7ef03f2', 'text': ''}, {'tag': 'iframe', 'src': 'https://ads.independent.com.mt/www/delivery/afr.php?zoneid=147&cb=213', 'aria_label': None, 'class': ['tmiads'], 'id': 'a65e2a3a', 'text': ''}, {'tag': 'iframe', 'src': 'https://ads.independent.com.mt/www/delivery/afr.php?resize=1&zoneid=18&target=_blank&cb=117', 'aria_label': None, 'class': ['tmiads'], 'id': 'afd0542d', 'text': ''}]",4,1,2,0.0035460992907801418,0,0,2,0,0,0,135,12,0,22,11,0.0,0.163,0.9167,067,independent,news_listing
135,30,40,11,0,1,20,12,4846,761,16,7,"[{'tag': 'iframe', 'src': 'https://ads.independent.com.mt/www/delivery/afr.php?resize=1&zoneid=33&target=_blank&cb=74', 'aria_label': None, 'class': ['tmiads'], 'id': 'a5559624', 'text': ''}, {'tag': 'iframe', 'src': 'https://ads.independent.com.mt/www/delivery/afr.php?zoneid=108&cb=50', 'aria_label': None, 'class': ['tmiads'], 'id': 'a8127595', 'text': ''}, {'tag': 'iframe', 'src': 'https://ads.independent.com.mt/www/delivery/afr.php?zoneid=105&cb=66', 'aria_label': None, 'class': ['tmiads'], 'id': 'a301feba', 'text': ''}, {'tag': 'iframe', 'src': 'https://ads.independent.com.mt/www/delivery/afr.php?resize=1&zoneid=19&target=_blank&cb=279', 'aria_label': None, 'class': ['tmiads'], 'id': 'a3f5f1e3', 'text': ''}, {'tag': 'iframe', 'src': 'https://ads.independent.com.mt/www/delivery/afr.php?zoneid=104&cb=41', 'aria_label': None, 'class': ['tmiads'], 'id': 'a7ef03f2', 'text': ''}, {'tag': 'iframe', 'src': 'https://ads.independent.com.mt/www/delivery/afr.php?zoneid=147&cb=213', 'aria_label': None, 'class': ['tmiads'], 'id': 'a65e2a3a', 'text': ''}, {'tag': 'iframe', 'src': 'https://ads.independent.com.mt/www/delivery/afr.php?resize=1&zoneid=18&target=_blank&cb=117', 'aria_label': None, 'class': ['tmiads'], 'id': 'afd0542d', 'text': ''}]",4,1,2,0.0035460992907801418,0,0,2,0,0,0,135,12,0,22,11,0.0,0.163,0.9167,068,independent,news_listing
135,30,40,11,0,1,20,12,4846,761,16,7,"[{'tag': 'iframe', 'src': 'https://ads.independent.com.mt/www/delivery/afr.php?resize=1&zoneid=33&target=_blank&cb=74', 'aria_label': None, 'class': ['tmiads'], 'id': 'a5559624', 'text': ''}, {'tag': 'iframe', 'src': 'https://ads.independent.com.mt/www/delivery/afr.php?zoneid=108&cb=50', 'aria_label': None, 'class': ['tmiads'], 'id': 'a8127595', 'text': ''}, {'tag': 'iframe', 'src': 'https://ads.independent.com.mt/www/delivery/afr.php?zoneid=105&cb=66', 'aria_label': None, 'class': ['tmiads'], 'id': 'a301feba', 'text': ''}, {'tag': 'iframe', 'src': 'https://ads.independent.com.mt/www/delivery/afr.php?resize=1&zoneid=19&target=_blank&cb=279', 'aria_label': None, 'class': ['tmiads'], 'id': 'a3f5f1e3', 'text': ''}, {'tag': 'iframe', 'src': 'https://ads.independent.com.mt/www/delivery/afr.php?zoneid=104&cb=41', 'aria_label': None, 'class': ['tmiads'], 'id': 'a7ef03f2', 'text': ''}, {'tag': 'iframe', 'src': 'https://ads.independent.com.mt/www/delivery/afr.php?zoneid=147&cb=213', 'aria_label': None, 'class': ['tmiads'], 'id': 'a65e2a3a', 'text': ''}, {'tag': 'iframe', 'src': 'https://ads.independent.com.mt/www/delivery/afr.php?resize=1&zoneid=18&target=_blank&cb=117', 'aria_label': None, 'class': ['tmiads'], 'id': 'afd0542d', 'text': ''}]",4,1,2,0.0035460992907801418,0,0,2,0,0,0,135,12,0,22,11,0.0,0.163,0.9167,069,independent,news_listing
135,30,40,11,0,1,20,12,4846,761,16,7,"[{'tag': 'iframe', 'src': 'https://ads.independent.com.mt/www/delivery/afr.php?resize=1&zoneid=33&target=_blank&cb=74', 'aria_label': None, 'class': ['tmiads'], 'id': 'a5559624', 'text': ''}, {'tag': 'iframe', 'src': 'https://ads.independent.com.mt/www/delivery/afr.php?zoneid=108&cb=50', 'aria_label': None, 'class': ['tmiads'], 'id': 'a8127595', 'text': ''}, {'tag': 'iframe', 'src': 'https://ads.independent.com.mt/www/delivery/afr.php?zoneid=105&cb=66', 'aria_label': None, 'class': ['tmiads'], 'id': 'a301feba', 'text': ''}, {'tag': 'iframe', 'src': 'https://ads.independent.com.mt/www/delivery/afr.php?resize=1&zoneid=19&target=_blank&cb=279', 'aria_label': None, 'class': ['tmiads'], 'id': 'a3f5f1e3', 'text': ''}, {'tag': 'iframe', 'src': 'https://ads.independent.com.mt/www/delivery/afr.php?zoneid=104&cb=41', 'aria_label': None, 'class': ['tmiads'], 'id': 'a7ef03f2', 'text': ''}, {'tag': 'iframe', 'src': 'https://ads.independent.com.mt/www/delivery/afr.php?zoneid=147&cb=213', 'aria_label': None, 'class': ['tmiads'], 'id': 'a65e2a3a', 'text': ''}, {'tag': 'iframe', 'src': 'https://ads.independent.com.mt/www/delivery/afr.php?resize=1&zoneid=18&target=_blank&cb=117', 'aria_label': None, 'class': ['tmiads'], 'id': 'afd0542d', 'text': ''}]",4,1,2,0.0035460992907801418,0,0,2,0,0,0,135,12,0,22,11,0.0,0.163,0.9167,070,independent,news_listing
135,30,40,11,0,1,20,12,4846,761,16,7,"[{'tag': 'iframe', 'src': 'https://ads.independent.com.mt/www/delivery/afr.php?resize=1&zoneid=33&target=_blank&cb=74', 'aria_label': None, 'class': ['tmiads'], 'id': 'a5559624', 'text': ''}, {'tag': 'iframe', 'src': 'https://ads.independent.com.mt/www/delivery/afr.php?zoneid=108&cb=50', 'aria_label': None, 'class': ['tmiads'], 'id': 'a8127595', 'text': ''}, {'tag': 'iframe', 'src': 'https://ads.independent.com.mt/www/delivery/afr.php?zoneid=105&cb=66', 'aria_label': None, 'class': ['tmiads'], 'id': 'a301feba', 'text': ''}, {'tag': 'iframe', 'src': 'https://ads.independent.com.mt/www/delivery/afr.php?resize=1&zoneid=19&target=_blank&cb=279', 'aria_label': None, 'class': ['tmiads'], 'id': 'a3f5f1e3', 'text': ''}, {'tag': 'iframe', 'src': 'https://ads.independent.com.mt/www/delivery/afr.php?zoneid=104&cb=41', 'aria_label': None, 'class': ['tmiads'], 'id': 'a7ef03f2', 'text': ''}, {'tag': 'iframe', 'src': 'https://ads.independent.com.mt/www/delivery/afr.php?zoneid=147&cb=213', 'aria_label': None, 'class': ['tmiads'], 'id': 'a65e2a3a', 'text': ''}, {'tag': 'iframe', 'src': 'https://ads.independent.com.mt/www/delivery/afr.php?resize=1&zoneid=18&target=_blank&cb=117', 'aria_label': None, 'class': ['tmiads'], 'id': 'afd0542d', 'text': ''}]",4,1,2,0.0035460992907801418,0,0,2,0,0,0,135,12,0,22,11,0.0,0.163,0.9167,071,independent,news_listing
135,30,40,11,0,1,20,12,4846,761,16,7,"[{'tag': 'iframe', 'src': 'https://ads.independent.com.mt/www/delivery/afr.php?resize=1&zoneid=33&target=_blank&cb=74', 'aria_label': None, 'class': ['tmiads'], 'id': 'a5559624', 'text': ''}, {'tag': 'iframe', 'src': 'https://ads.independent.com.mt/www/delivery/afr.php?zoneid=108&cb=50', 'aria_label': None, 'class': ['tmiads'], 'id': 'a8127595', 'text': ''}, {'tag': 'iframe', 'src': 'https://ads.independent.com.mt/www/delivery/afr.php?zoneid=105&cb=66', 'aria_label': None, 'class': ['tmiads'], 'id': 'a301feba', 'text': ''}, {'tag': 'iframe', 'src': 'https://ads.independent.com.mt/www/delivery/afr.php?resize=1&zoneid=19&target=_blank&cb=279', 'aria_label': None, 'class': ['tmiads'], 'id': 'a3f5f1e3', 'text': ''}, {'tag': 'iframe', 'src': 'https://ads.independent.com.mt/www/delivery/afr.php?zoneid=104&cb=41', 'aria_label': None, 'class': ['tmiads'], 'id': 'a7ef03f2', 'text': ''}, {'tag': 'iframe', 'src': 'https://ads.independent.com.mt/www/delivery/afr.php?zoneid=147&cb=213', 'aria_label': None, 'class': ['tmiads'], 'id': 'a65e2a3a', 'text': ''}, {'tag': 'iframe', 'src': 'https://ads.independent.com.mt/www/delivery/afr.php?resize=1&zoneid=18&target=_blank&cb=117', 'aria_label': None, 'class': ['tmiads'], 'id': 'afd0542d', 'text': ''}]",4,1,2,0.0035460992907801418,0,0,2,0,0,0,135,12,0,22,11,0.0,0.163,0.9167,072,independent,news_listing
135,30,40,11,0,1,20,12,4754,750,16,7,"[{'tag': 'iframe', 'src': 'https://ads.independent.com.mt/www/delivery/afr.php?resize=1&zoneid=33&target=_blank&cb=34', 'aria_label': None, 'class': ['tmiads'], 'id': 'a5559624', 'text': ''}, {'tag': 'iframe', 'src': 'https://ads.independent.com.mt/www/delivery/afr.php?zoneid=108&cb=296', 'aria_label': None, 'class': ['tmiads'], 'id': 'a8127595', 'text': ''}, {'tag': 'iframe', 'src': 'https://ads.independent.com.mt/www/delivery/afr.php?zoneid=105&cb=180', 'aria_label': None, 'class': ['tmiads'], 'id': 'a301feba', 'text': ''}, {'tag': 'iframe', 'src': 'https://ads.independent.com.mt/www/delivery/afr.php?resize=1&zoneid=19&target=_blank&cb=271', 'aria_label': None, 'class': ['tmiads'], 'id': 'a3f5f1e3', 'text': ''}, {'tag': 'iframe', 'src': 'https://ads.independent.com.mt/www/delivery/afr.php?zoneid=104&cb=173', 'aria_label': None, 'class': ['tmiads'], 'id': 'a7ef03f2', 'text': ''}, {'tag': 'iframe', 'src': 'https://ads.independent.com.mt/www/delivery/afr.php?zoneid=147&cb=73', 'aria_label': None, 'class': ['tmiads'], 'id': 'a65e2a3a', 'text': ''}, {'tag': 'iframe', 'src': 'https://ads.independent.com.mt/www/delivery/afr.php?resize=1&zoneid=18&target=_blank&cb=190', 'aria_label': None, 'class': ['tmiads'], 'id': 'afd0542d', 'text': ''}]",4,1,2,0.0035650623885918,0,0,2,0,0,0,135,12,0,22,11,0.0,0.163,0.9167,073,independent,news_listing
135,30,40,11,0,1,20,12,4754,750,16,7,"[{'tag': 'iframe', 'src': 'https://ads.independent.com.mt/www/delivery/afr.php?resize=1&zoneid=33&target=_blank&cb=34', 'aria_label': None, 'class': ['tmiads'], 'id': 'a5559624', 'text': ''}, {'tag': 'iframe', 'src': 'https://ads.independent.com.mt/www/delivery/afr.php?zoneid=108&cb=296', 'aria_label': None, 'class': ['tmiads'], 'id': 'a8127595', 'text': ''}, {'tag': 'iframe', 'src': 'https://ads.independent.com.mt/www/delivery/afr.php?zoneid=105&cb=180', 'aria_label': None, 'class': ['tmiads'], 'id': 'a301feba', 'text': ''}, {'tag': 'iframe', 'src': 'https://ads.independent.com.mt/www/delivery/afr.php?resize=1&zoneid=19&target=_blank&cb=271', 'aria_label': None, 'class': ['tmiads'], 'id': 'a3f5f1e3', 'text': ''}, {'tag': 'iframe', 'src': 'https://ads.independent.com.mt/www/delivery/afr.php?zoneid=104&cb=173', 'aria_label': None, 'class': ['tmiads'], 'id': 'a7ef03f2', 'text': ''}, {'tag': 'iframe', 'src': 'https://ads.independent.com.mt/www/delivery/afr.php?zoneid=147&cb=73', 'aria_label': None, 'class': ['tmiads'], 'id': 'a65e2a3a', 'text': ''}, {'tag': 'iframe', 'src': 'https://ads.independent.com.mt/www/delivery/afr.php?resize=1&zoneid=18&target=_blank&cb=190', 'aria_label': None, 'class': ['tmiads'], 'id': 'afd0542d', 'text': ''}]",4,1,2,0.0035650623885918,0,0,2,0,0,0,135,12,0,22,11,0.0,0.163,0.9167,074,independent,news_listing
135,30,40,11,0,1,20,12,4754,750,16,7,"[{'tag': 'iframe', 'src': 'https://ads.independent.com.mt/www/delivery/afr.php?resize=1&zoneid=33&target=_blank&cb=34', 'aria_label': None, 'class': ['tmiads'], 'id': 'a5559624', 'text': ''}, {'tag': 'iframe', 'src': 'https://ads.independent.com.mt/www/delivery/afr.php?zoneid=108&cb=296', 'aria_label': None, 'class': ['tmiads'], 'id': 'a8127595', 'text': ''}, {'tag': 'iframe', 'src': 'https://ads.independent.com.mt/www/delivery/afr.php?zoneid=105&cb=180', 'aria_label': None, 'class': ['tmiads'], 'id': 'a301feba', 'text': ''}, {'tag': 'iframe', 'src': 'https://ads.independent.com.mt/www/delivery/afr.php?resize=1&zoneid=19&target=_blank&cb=271', 'aria_label': None, 'class': ['tmiads'], 'id': 'a3f5f1e3', 'text': ''}, {'tag': 'iframe', 'src': 'https://ads.independent.com.mt/www/delivery/afr.php?zoneid=104&cb=173', 'aria_label': None, 'class': ['tmiads'], 'id': 'a7ef03f2', 'text': ''}, {'tag': 'iframe', 'src': 'https://ads.independent.com.mt/www/delivery/afr.php?zoneid=147&cb=73', 'aria_label': None, 'class': ['tmiads'], 'id': 'a65e2a3a', 'text': ''}, {'tag': 'iframe', 'src': 'https://ads.independent.com.mt/www/delivery/afr.php?resize=1&zoneid=18&target=_blank&cb=190', 'aria_label': None, 'class': ['tmiads'], 'id': 'afd0542d', 'text': ''}]",4,1,2,0.0035650623885918,0,0,2,0,0,0,135,12,0,22,11,0.0,0.163,0.9167,075,independent,news_listing
135,30,40,11,0,1,20,12,4754,750,16,7,"[{'tag': 'iframe', 'src': 'https://ads.independent.com.mt/www/delivery/afr.php?resize=1&zoneid=33&target=_blank&cb=34', 'aria_label': None, 'class': ['tmiads'], 'id': 'a5559624', 'text': ''}, {'tag': 'iframe', 'src': 'https://ads.independent.com.mt/www/delivery/afr.php?zoneid=108&cb=296', 'aria_label': None, 'class': ['tmiads'], 'id': 'a8127595', 'text': ''}, {'tag': 'iframe', 'src': 'https://ads.independent.com.mt/www/delivery/afr.php?zoneid=105&cb=180', 'aria_label': None, 'class': ['tmiads'], 'id': 'a301feba', 'text': ''}, {'tag': 'iframe', 'src': 'https://ads.independent.com.mt/www/delivery/afr.php?resize=1&zoneid=19&target=_blank&cb=271', 'aria_label': None, 'class': ['tmiads'], 'id': 'a3f5f1e3', 'text': ''}, {'tag': 'iframe', 'src': 'https://ads.independent.com.mt/www/delivery/afr.php?zoneid=104&cb=173', 'aria_label': None, 'class': ['tmiads'], 'id': 'a7ef03f2', 'text': ''}, {'tag': 'iframe', 'src': 'https://ads.independent.com.mt/www/delivery/afr.php?zoneid=147&cb=73', 'aria_label': None, 'class': ['tmiads'], 'id': 'a65e2a3a', 'text': ''}, {'tag': 'iframe', 'src': 'https://ads.independent.com.mt/www/delivery/afr.php?resize=1&zoneid=18&target=_blank&cb=190', 'aria_label': None, 'class': ['tmiads'], 'id': 'afd0542d', 'text': ''}]",4,1,2,0.0035650623885918,0,0,2,0,0,0,135,12,0,22,11,0.0,0.163,0.9167,076,independent,news_listing
135,30,40,11,0,1,20,12,4754,750,16,7,"[{'tag': 'iframe', 'src': 'https://ads.independent.com.mt/www/delivery/afr.php?resize=1&zoneid=33&target=_blank&cb=34', 'aria_label': None, 'class': ['tmiads'], 'id': 'a5559624', 'text': ''}, {'tag': 'iframe', 'src': 'https://ads.independent.com.mt/www/delivery/afr.php?zoneid=108&cb=296', 'aria_label': None, 'class': ['tmiads'], 'id': 'a8127595', 'text': ''}, {'tag': 'iframe', 'src': 'https://ads.independent.com.mt/www/delivery/afr.php?zoneid=105&cb=180', 'aria_label': None, 'class': ['tmiads'], 'id': 'a301feba', 'text': ''}, {'tag': 'iframe', 'src': 'https://ads.independent.com.mt/www/delivery/afr.php?resize=1&zoneid=19&target=_blank&cb=271', 'aria_label': None, 'class': ['tmiads'], 'id': 'a3f5f1e3', 'text': ''}, {'tag': 'iframe', 'src': 'https://ads.independent.com.mt/www/delivery/afr.php?zoneid=104&cb=173', 'aria_label': None, 'class': ['tmiads'], 'id': 'a7ef03f2', 'text': ''}, {'tag': 'iframe', 'src': 'https://ads.independent.com.mt/www/delivery/afr.php?zoneid=147&cb=73', 'aria_label': None, 'class': ['tmiads'], 'id': 'a65e2a3a', 'text': ''}, {'tag': 'iframe', 'src': 'https://ads.independent.com.mt/www/delivery/afr.php?resize=1&zoneid=18&target=_blank&cb=190', 'aria_label': None, 'class': ['tmiads'], 'id': 'afd0542d', 'text': ''}]",4,1,2,0.0035650623885918,0,0,2,0,0,0,135,12,0,22,11,0.0,0.163,0.9167,077,independent,news_listing
135,30,40,11,0,1,20,12,4754,750,16,7,"[{'tag': 'iframe', 'src': 'https://ads.independent.com.mt/www/delivery/afr.php?resize=1&zoneid=33&target=_blank&cb=34', 'aria_label': None, 'class': ['tmiads'], 'id': 'a5559624', 'text': ''}, {'tag': 'iframe', 'src': 'https://ads.independent.com.mt/www/delivery/afr.php?zoneid=108&cb=296', 'aria_label': None, 'class': ['tmiads'], 'id': 'a8127595', 'text': ''}, {'tag': 'iframe', 'src': 'https://ads.independent.com.mt/www/delivery/afr.php?zoneid=105&cb=180', 'aria_label': None, 'class': ['tmiads'], 'id': 'a301feba', 'text': ''}, {'tag': 'iframe', 'src': 'https://ads.independent.com.mt/www/delivery/afr.php?resize=1&zoneid=19&target=_blank&cb=271', 'aria_label': None, 'class': ['tmiads'], 'id': 'a3f5f1e3', 'text': ''}, {'tag': 'iframe', 'src': 'https://ads.independent.com.mt/www/delivery/afr.php?zoneid=104&cb=173', 'aria_label': None, 'class': ['tmiads'], 'id': 'a7ef03f2', 'text': ''}, {'tag': 'iframe', 'src': 'https://ads.independent.com.mt/www/delivery/afr.php?zoneid=147&cb=73', 'aria_label': None, 'class': ['tmiads'], 'id': 'a65e2a3a', 'text': ''}, {'tag': 'iframe', 'src': 'https://ads.independent.com.mt/www/delivery/afr.php?resize=1&zoneid=18&target=_blank&cb=190', 'aria_label': None, 'class': ['tmiads'], 'id': 'afd0542d', 'text': ''}]",4,1,2,0.0035650623885918,0,0,2,0,0,0,135,12,0,22,11,0.0,0.163,0.9167,078,independent,news_listing
135,30,40,11,0,1,20,12,4754,750,16,7,"[{'tag': 'iframe', 'src': 'https://ads.independent.com.mt/www/delivery/afr.php?resize=1&zoneid=33&target=_blank&cb=34', 'aria_label': None, 'class': ['tmiads'], 'id': 'a5559624', 'text': ''}, {'tag': 'iframe', 'src': 'https://ads.independent.com.mt/www/delivery/afr.php?zoneid=108&cb=296', 'aria_label': None, 'class': ['tmiads'], 'id': 'a8127595', 'text': ''}, {'tag': 'iframe', 'src': 'https://ads.independent.com.mt/www/delivery/afr.php?zoneid=105&cb=180', 'aria_label': None, 'class': ['tmiads'], 'id': 'a301feba', 'text': ''}, {'tag': 'iframe', 'src': 'https://ads.independent.com.mt/www/delivery/afr.php?resize=1&zoneid=19&target=_blank&cb=271', 'aria_label': None, 'class': ['tmiads'], 'id': 'a3f5f1e3', 'text': ''}, {'tag': 'iframe', 'src': 'https://ads.independent.com.mt/www/delivery/afr.php?zoneid=104&cb=173', 'aria_label': None, 'class': ['tmiads'], 'id': 'a7ef03f2', 'text': ''}, {'tag': 'iframe', 'src': 'https://ads.independent.com.mt/www/delivery/afr.php?zoneid=147&cb=73', 'aria_label': None, 'class': ['tmiads'], 'id': 'a65e2a3a', 'text': ''}, {'tag': 'iframe', 'src': 'https://ads.independent.com.mt/www/delivery/afr.php?resize=1&zoneid=18&target=_blank&cb=190', 'aria_label': None, 'class': ['tmiads'], 'id': 'afd0542d', 'text': ''}]",4,1,2,0.0035650623885918,0,0,2,0,0,0,135,12,0,22,11,0.0,0.163,0.9167,079,independent,news_listing
135,30,40,11,0,1,20,12,4772,746,16,7,"[{'tag': 'iframe', 'src': 'https://ads.independent.com.mt/www/delivery/afr.php?resize=1&zoneid=33&target=_blank&cb=7', 'aria_label': None, 'class': ['tmiads'], 'id': 'a5559624', 'text': ''}, {'tag': 'iframe', 'src': 'https://ads.independent.com.mt/www/delivery/afr.php?zoneid=108&cb=3', 'aria_label': None, 'class': ['tmiads'], 'id': 'a8127595', 'text': ''}, {'tag': 'iframe', 'src': 'https://ads.independent.com.mt/www/delivery/afr.php?zoneid=105&cb=188', 'aria_label': None, 'class': ['tmiads'], 'id': 'a301feba', 'text': ''}, {'tag': 'iframe', 'src': 'https://ads.independent.com.mt/www/delivery/afr.php?resize=1&zoneid=19&target=_blank&cb=288', 'aria_label': None, 'class': ['tmiads'], 'id': 'a3f5f1e3', 'text': ''}, {'tag': 'iframe', 'src': 'https://ads.independent.com.mt/www/delivery/afr.php?zoneid=104&cb=107', 'aria_label': None, 'class': ['tmiads'], 'id': 'a7ef03f2', 'text': ''}, {'tag': 'iframe', 'src': 'https://ads.independent.com.mt/www/delivery/afr.php?zoneid=147&cb=276', 'aria_label': None, 'class': ['tmiads'], 'id': 'a65e2a3a', 'text': ''}, {'tag': 'iframe', 'src': 'https://ads.independent.com.mt/www/delivery/afr.php?resize=1&zoneid=18&target=_blank&cb=45', 'aria_label': None, 'class': ['tmiads'], 'id': 'afd0542d', 'text': ''}]",4,1,2,0.0035714285714285713,0,0,2,0,0,0,135,12,0,22,11,0.0,0.163,0.9167,080,independent,news_listing
135,30,40,11,0,1,20,12,4772,746,16,7,"[{'tag': 'iframe', 'src': 'https://ads.independent.com.mt/www/delivery/afr.php?resize=1&zoneid=33&target=_blank&cb=7', 'aria_label': None, 'class': ['tmiads'], 'id': 'a5559624', 'text': ''}, {'tag': 'iframe', 'src': 'https://ads.independent.com.mt/www/delivery/afr.php?zoneid=108&cb=3', 'aria_label': None, 'class': ['tmiads'], 'id': 'a8127595', 'text': ''}, {'tag': 'iframe', 'src': 'https://ads.independent.com.mt/www/delivery/afr.php?zoneid=105&cb=188', 'aria_label': None, 'class': ['tmiads'], 'id': 'a301feba', 'text': ''}, {'tag': 'iframe', 'src': 'https://ads.independent.com.mt/www/delivery/afr.php?resize=1&zoneid=19&target=_blank&cb=288', 'aria_label': None, 'class': ['tmiads'], 'id': 'a3f5f1e3', 'text': ''}, {'tag': 'iframe', 'src': 'https://ads.independent.com.mt/www/delivery/afr.php?zoneid=104&cb=107', 'aria_label': None, 'class': ['tmiads'], 'id': 'a7ef03f2', 'text': ''}, {'tag': 'iframe', 'src': 'https://ads.independent.com.mt/www/delivery/afr.php?zoneid=147&cb=276', 'aria_label': None, 'class': ['tmiads'], 'id': 'a65e2a3a', 'text': ''}, {'tag': 'iframe', 'src': 'https://ads.independent.com.mt/www/delivery/afr.php?resize=1&zoneid=18&target=_blank&cb=45', 'aria_label': None, 'class': ['tmiads'], 'id': 'afd0542d', 'text': ''}]",4,1,2,0.0035714285714285713,0,0,2,0,0,0,135,12,0,22,11,0.0,0.163,0.9167,081,independent,news_listing
135,30,40,11,0,1,20,12,4772,746,16,7,"[{'tag': 'iframe', 'src': 'https://ads.independent.com.mt/www/delivery/afr.php?resize=1&zoneid=33&target=_blank&cb=7', 'aria_label': None, 'class': ['tmiads'], 'id': 'a5559624', 'text': ''}, {'tag': 'iframe', 'src': 'https://ads.independent.com.mt/www/delivery/afr.php?zoneid=108&cb=3', 'aria_label': None, 'class': ['tmiads'], 'id': 'a8127595', 'text': ''}, {'tag': 'iframe', 'src': 'https://ads.independent.com.mt/www/delivery/afr.php?zoneid=105&cb=188', 'aria_label': None, 'class': ['tmiads'], 'id': 'a301feba', 'text': ''}, {'tag': 'iframe', 'src': 'https://ads.independent.com.mt/www/delivery/afr.php?resize=1&zoneid=19&target=_blank&cb=288', 'aria_label': None, 'class': ['tmiads'], 'id': 'a3f5f1e3', 'text': ''}, {'tag': 'iframe', 'src': 'https://ads.independent.com.mt/www/delivery/afr.php?zoneid=104&cb=107', 'aria_label': None, 'class': ['tmiads'], 'id': 'a7ef03f2', 'text': ''}, {'tag': 'iframe', 'src': 'https://ads.independent.com.mt/www/delivery/afr.php?zoneid=147&cb=276', 'aria_label': None, 'class': ['tmiads'], 'id': 'a65e2a3a', 'text': ''}, {'tag': 'iframe', 'src': 'https://ads.independent.com.mt/www/delivery/afr.php?resize=1&zoneid=18&target=_blank&cb=45', 'aria_label': None, 'class': ['tmiads'], 'id': 'afd0542d', 'text': ''}]",4,1,2,0.0035714285714285713,0,0,2,0,0,0,135,12,0,22,11,0.0,0.163,0.9167,082,independent,news_listing
135,30,40,11,0,1,20,12,4772,746,16,7,"[{'tag': 'iframe', 'src': 'https://ads.independent.com.mt/www/delivery/afr.php?resize=1&zoneid=33&target=_blank&cb=7', 'aria_label': None, 'class': ['tmiads'], 'id': 'a5559624', 'text': ''}, {'tag': 'iframe', 'src': 'https://ads.independent.com.mt/www/delivery/afr.php?zoneid=108&cb=3', 'aria_label': None, 'class': ['tmiads'], 'id': 'a8127595', 'text': ''}, {'tag': 'iframe', 'src': 'https://ads.independent.com.mt/www/delivery/afr.php?zoneid=105&cb=188', 'aria_label': None, 'class': ['tmiads'], 'id': 'a301feba', 'text': ''}, {'tag': 'iframe', 'src': 'https://ads.independent.com.mt/www/delivery/afr.php?resize=1&zoneid=19&target=_blank&cb=288', 'aria_label': None, 'class': ['tmiads'], 'id': 'a3f5f1e3', 'text': ''}, {'tag': 'iframe', 'src': 'https://ads.independent.com.mt/www/delivery/afr.php?zoneid=104&cb=107', 'aria_label': None, 'class': ['tmiads'], 'id': 'a7ef03f2', 'text': ''}, {'tag': 'iframe', 'src': 'https://ads.independent.com.mt/www/delivery/afr.php?zoneid=147&cb=276', 'aria_label': None, 'class': ['tmiads'], 'id': 'a65e2a3a', 'text': ''}, {'tag': 'iframe', 'src': 'https://ads.independent.com.mt/www/delivery/afr.php?resize=1&zoneid=18&target=_blank&cb=45', 'aria_label': None, 'class': ['tmiads'], 'id': 'afd0542d', 'text': ''}]",4,1,2,0.0035714285714285713,0,0,2,0,0,0,135,12,0,22,11,0.0,0.163,0.9167,083,independent,news_listing
135,30,40,11,0,1,20,12,4772,746,16,7,"[{'tag': 'iframe', 'src': 'https://ads.independent.com.mt/www/delivery/afr.php?resize=1&zoneid=33&target=_blank&cb=7', 'aria_label': None, 'class': ['tmiads'], 'id': 'a5559624', 'text': ''}, {'tag': 'iframe', 'src': 'https://ads.independent.com.mt/www/delivery/afr.php?zoneid=108&cb=3', 'aria_label': None, 'class': ['tmiads'], 'id': 'a8127595', 'text': ''}, {'tag': 'iframe', 'src': 'https://ads.independent.com.mt/www/delivery/afr.php?zoneid=105&cb=188', 'aria_label': None, 'class': ['tmiads'], 'id': 'a301feba', 'text': ''}, {'tag': 'iframe', 'src': 'https://ads.independent.com.mt/www/delivery/afr.php?resize=1&zoneid=19&target=_blank&cb=288', 'aria_label': None, 'class': ['tmiads'], 'id': 'a3f5f1e3', 'text': ''}, {'tag': 'iframe', 'src': 'https://ads.independent.com.mt/www/delivery/afr.php?zoneid=104&cb=107', 'aria_label': None, 'class': ['tmiads'], 'id': 'a7ef03f2', 'text': ''}, {'tag': 'iframe', 'src': 'https://ads.independent.com.mt/www/delivery/afr.php?zoneid=147&cb=276', 'aria_label': None, 'class': ['tmiads'], 'id': 'a65e2a3a', 'text': ''}, {'tag': 'iframe', 'src': 'https://ads.independent.com.mt/www/delivery/afr.php?resize=1&zoneid=18&target=_blank&cb=45', 'aria_label': None, 'class': ['tmiads'], 'id': 'afd0542d', 'text': ''}]",4,1,2,0.0035714285714285713,0,0,2,0,0,0,135,12,0,22,11,0.0,0.163,0.9167,084,independent,news_listing
135,30,40,11,0,1,20,12,4772,746,16,7,"[{'tag': 'iframe', 'src': 'https://ads.independent.com.mt/www/delivery/afr.php?resize=1&zoneid=33&target=_blank&cb=7', 'aria_label': None, 'class': ['tmiads'], 'id': 'a5559624', 'text': ''}, {'tag': 'iframe', 'src': 'https://ads.independent.com.mt/www/delivery/afr.php?zoneid=108&cb=3', 'aria_label': None, 'class': ['tmiads'], 'id': 'a8127595', 'text': ''}, {'tag': 'iframe', 'src': 'https://ads.independent.com.mt/www/delivery/afr.php?zoneid=105&cb=188', 'aria_label': None, 'class': ['tmiads'], 'id': 'a301feba', 'text': ''}, {'tag': 'iframe', 'src': 'https://ads.independent.com.mt/www/delivery/afr.php?resize=1&zoneid=19&target=_blank&cb=288', 'aria_label': None, 'class': ['tmiads'], 'id': 'a3f5f1e3', 'text': ''}, {'tag': 'iframe', 'src': 'https://ads.independent.com.mt/www/delivery/afr.php?zoneid=104&cb=107', 'aria_label': None, 'class': ['tmiads'], 'id': 'a7ef03f2', 'text': ''}, {'tag': 'iframe', 'src': 'https://ads.independent.com.mt/www/delivery/afr.php?zoneid=147&cb=276', 'aria_label': None, 'class': ['tmiads'], 'id': 'a65e2a3a', 'text': ''}, {'tag': 'iframe', 'src': 'https://ads.independent.com.mt/www/delivery/afr.php?resize=1&zoneid=18&target=_blank&cb=45', 'aria_label': None, 'class': ['tmiads'], 'id': 'afd0542d', 'text': ''}]",4,1,2,0.0035714285714285713,0,0,2,0,0,0,135,12,0,22,11,0.0,0.163,0.9167,085,independent,news_listing
135,30,40,11,0,1,20,12,4772,746,16,7,"[{'tag': 'iframe', 'src': 'https://ads.independent.com.mt/www/delivery/afr.php?resize=1&zoneid=33&target=_blank&cb=7', 'aria_label': None, 'class': ['tmiads'], 'id': 'a5559624', 'text': ''}, {'tag': 'iframe', 'src': 'https://ads.independent.com.mt/www/delivery/afr.php?zoneid=108&cb=3', 'aria_label': None, 'class': ['tmiads'], 'id': 'a8127595', 'text': ''}, {'tag': 'iframe', 'src': 'https://ads.independent.com.mt/www/delivery/afr.php?zoneid=105&cb=188', 'aria_label': None, 'class': ['tmiads'], 'id': 'a301feba', 'text': ''}, {'tag': 'iframe', 'src': 'https://ads.independent.com.mt/www/delivery/afr.php?resize=1&zoneid=19&target=_blank&cb=288', 'aria_label': None, 'class': ['tmiads'], 'id': 'a3f5f1e3', 'text': ''}, {'tag': 'iframe', 'src': 'https://ads.independent.com.mt/www/delivery/afr.php?zoneid=104&cb=107', 'aria_label': None, 'class': ['tmiads'], 'id': 'a7ef03f2', 'text': ''}, {'tag': 'iframe', 'src': 'https://ads.independent.com.mt/www/delivery/afr.php?zoneid=147&cb=276', 'aria_label': None, 'class': ['tmiads'], 'id': 'a65e2a3a', 'text': ''}, {'tag': 'iframe', 'src': 'https://ads.independent.com.mt/www/delivery/afr.php?resize=1&zoneid=18&target=_blank&cb=45', 'aria_label': None, 'class': ['tmiads'], 'id': 'afd0542d', 'text': ''}]",4,1,2,0.0035714285714285713,0,0,2,0,0,0,135,12,0,22,11,0.0,0.163,0.9167,086,independent,news_listing
135,30,40,11,0,1,20,12,4721,747,16,7,"[{'tag': 'iframe', 'src': 'https://ads.independent.com.mt/www/delivery/afr.php?resize=1&zoneid=33&target=_blank&cb=75', 'aria_label': None, 'class': ['tmiads'], 'id': 'a5559624', 'text': ''}, {'tag': 'iframe', 'src': 'https://ads.independent.com.mt/www/delivery/afr.php?zoneid=108&cb=243', 'aria_label': None, 'class': ['tmiads'], 'id': 'a8127595', 'text': ''}, {'tag': 'iframe', 'src': 'https://ads.independent.com.mt/www/delivery/afr.php?zoneid=105&cb=122', 'aria_label': None, 'class': ['tmiads'], 'id': 'a301feba', 'text': ''}, {'tag': 'iframe', 'src': 'https://ads.independent.com.mt/www/delivery/afr.php?resize=1&zoneid=19&target=_blank&cb=189', 'aria_label': None, 'class': ['tmiads'], 'id': 'a3f5f1e3', 'text': ''}, {'tag': 'iframe', 'src': 'https://ads.independent.com.mt/www/delivery/afr.php?zoneid=104&cb=148', 'aria_label': None, 'class': ['tmiads'], 'id': 'a7ef03f2', 'text': ''}, {'tag': 'iframe', 'src': 'https://ads.independent.com.mt/www/delivery/afr.php?zoneid=147&cb=150', 'aria_label': None, 'class': ['tmiads'], 'id': 'a65e2a3a', 'text': ''}, {'tag': 'iframe', 'src': 'https://ads.independent.com.mt/www/delivery/afr.php?resize=1&zoneid=18&target=_blank&cb=231', 'aria_label': None, 'class': ['tmiads'], 'id': 'afd0542d', 'text': ''}]",4,1,2,0.0035714285714285713,0,0,2,0,0,0,135,12,0,22,11,0.0,0.163,0.9167,087,independent,news_listing
135,30,40,11,0,1,20,12,4721,747,16,7,"[{'tag': 'iframe', 'src': 'https://ads.independent.com.mt/www/delivery/afr.php?resize=1&zoneid=33&target=_blank&cb=75', 'aria_label': None, 'class': ['tmiads'], 'id': 'a5559624', 'text': ''}, {'tag': 'iframe', 'src': 'https://ads.independent.com.mt/www/delivery/afr.php?zoneid=108&cb=243', 'aria_label': None, 'class': ['tmiads'], 'id': 'a8127595', 'text': ''}, {'tag': 'iframe', 'src': 'https://ads.independent.com.mt/www/delivery/afr.php?zoneid=105&cb=122', 'aria_label': None, 'class': ['tmiads'], 'id': 'a301feba', 'text': ''}, {'tag': 'iframe', 'src': 'https://ads.independent.com.mt/www/delivery/afr.php?resize=1&zoneid=19&target=_blank&cb=189', 'aria_label': None, 'class': ['tmiads'], 'id': 'a3f5f1e3', 'text': ''}, {'tag': 'iframe', 'src': 'https://ads.independent.com.mt/www/delivery/afr.php?zoneid=104&cb=148', 'aria_label': None, 'class': ['tmiads'], 'id': 'a7ef03f2', 'text': ''}, {'tag': 'iframe', 'src': 'https://ads.independent.com.mt/www/delivery/afr.php?zoneid=147&cb=150', 'aria_label': None, 'class': ['tmiads'], 'id': 'a65e2a3a', 'text': ''}, {'tag': 'iframe', 'src': 'https://ads.independent.com.mt/www/delivery/afr.php?resize=1&zoneid=18&target=_blank&cb=231', 'aria_label': None, 'class': ['tmiads'], 'id': 'afd0542d', 'text': ''}]",4,1,2,0.0035714285714285713,0,0,2,0,0,0,135,12,0,22,11,0.0,0.163,0.9167,088,independent,news_listing
135,30,40,11,0,1,20,12,4721,747,16,7,"[{'tag': 'iframe', 'src': 'https://ads.independent.com.mt/www/delivery/afr.php?resize=1&zoneid=33&target=_blank&cb=75', 'aria_label': None, 'class': ['tmiads'], 'id': 'a5559624', 'text': ''}, {'tag': 'iframe', 'src': 'https://ads.independent.com.mt/www/delivery/afr.php?zoneid=108&cb=243', 'aria_label': None, 'class': ['tmiads'], 'id': 'a8127595', 'text': ''}, {'tag': 'iframe', 'src': 'https://ads.independent.com.mt/www/delivery/afr.php?zoneid=105&cb=122', 'aria_label': None, 'class': ['tmiads'], 'id': 'a301feba', 'text': ''}, {'tag': 'iframe', 'src': 'https://ads.independent.com.mt/www/delivery/afr.php?resize=1&zoneid=19&target=_blank&cb=189', 'aria_label': None, 'class': ['tmiads'], 'id': 'a3f5f1e3', 'text': ''}, {'tag': 'iframe', 'src': 'https://ads.independent.com.mt/www/delivery/afr.php?zoneid=104&cb=148', 'aria_label': None, 'class': ['tmiads'], 'id': 'a7ef03f2', 'text': ''}, {'tag': 'iframe', 'src': 'https://ads.independent.com.mt/www/delivery/afr.php?zoneid=147&cb=150', 'aria_label': None, 'class': ['tmiads'], 'id': 'a65e2a3a', 'text': ''}, {'tag': 'iframe', 'src': 'https://ads.independent.com.mt/www/delivery/afr.php?resize=1&zoneid=18&target=_blank&cb=231', 'aria_label': None, 'class': ['tmiads'], 'id': 'afd0542d', 'text': ''}]",4,1,2,0.0035714285714285713,0,0,2,0,0,0,135,12,0,22,11,0.0,0.163,0.9167,089,independent,news_listing
135,30,40,11,0,1,20,12,4721,747,16,7,"[{'tag': 'iframe', 'src': 'https://ads.independent.com.mt/www/delivery/afr.php?resize=1&zoneid=33&target=_blank&cb=75', 'aria_label': None, 'class': ['tmiads'], 'id': 'a5559624', 'text': ''}, {'tag': 'iframe', 'src': 'https://ads.independent.com.mt/www/delivery/afr.php?zoneid=108&cb=243', 'aria_label': None, 'class': ['tmiads'], 'id': 'a8127595', 'text': ''}, {'tag': 'iframe', 'src': 'https://ads.independent.com.mt/www/delivery/afr.php?zoneid=105&cb=122', 'aria_label': None, 'class': ['tmiads'], 'id': 'a301feba', 'text': ''}, {'tag': 'iframe', 'src': 'https://ads.independent.com.mt/www/delivery/afr.php?resize=1&zoneid=19&target=_blank&cb=189', 'aria_label': None, 'class': ['tmiads'], 'id': 'a3f5f1e3', 'text': ''}, {'tag': 'iframe', 'src': 'https://ads.independent.com.mt/www/delivery/afr.php?zoneid=104&cb=148', 'aria_label': None, 'class': ['tmiads'], 'id': 'a7ef03f2', 'text': ''}, {'tag': 'iframe', 'src': 'https://ads.independent.com.mt/www/delivery/afr.php?zoneid=147&cb=150', 'aria_label': None, 'class': ['tmiads'], 'id': 'a65e2a3a', 'text': ''}, {'tag': 'iframe', 'src': 'https://ads.independent.com.mt/www/delivery/afr.php?resize=1&zoneid=18&target=_blank&cb=231', 'aria_label': None, 'class': ['tmiads'], 'id': 'afd0542d', 'text': ''}]",4,1,2,0.0035714285714285713,0,0,2,0,0,0,135,12,0,22,11,0.0,0.163,0.9167,090,independent,news_listing
135,30,40,11,0,1,20,12,4721,747,16,7,"[{'tag': 'iframe', 'src': 'https://ads.independent.com.mt/www/delivery/afr.php?resize=1&zoneid=33&target=_blank&cb=75', 'aria_label': None, 'class': ['tmiads'], 'id': 'a5559624', 'text': ''}, {'tag': 'iframe', 'src': 'https://ads.independent.com.mt/www/delivery/afr.php?zoneid=108&cb=243', 'aria_label': None, 'class': ['tmiads'], 'id': 'a8127595', 'text': ''}, {'tag': 'iframe', 'src': 'https://ads.independent.com.mt/www/delivery/afr.php?zoneid=105&cb=122', 'aria_label': None, 'class': ['tmiads'], 'id': 'a301feba', 'text': ''}, {'tag': 'iframe', 'src': 'https://ads.independent.com.mt/www/delivery/afr.php?resize=1&zoneid=19&target=_blank&cb=189', 'aria_label': None, 'class': ['tmiads'], 'id': 'a3f5f1e3', 'text': ''}, {'tag': 'iframe', 'src': 'https://ads.independent.com.mt/www/delivery/afr.php?zoneid=104&cb=148', 'aria_label': None, 'class': ['tmiads'], 'id': 'a7ef03f2', 'text': ''}, {'tag': 'iframe', 'src': 'https://ads.independent.com.mt/www/delivery/afr.php?zoneid=147&cb=150', 'aria_label': None, 'class': ['tmiads'], 'id': 'a65e2a3a', 'text': ''}, {'tag': 'iframe', 'src': 'https://ads.independent.com.mt/www/delivery/afr.php?resize=1&zoneid=18&target=_blank&cb=231', 'aria_label': None, 'class': ['tmiads'], 'id': 'afd0542d', 'text': ''}]",4,1,2,0.0035714285714285713,0,0,2,0,0,0,135,12,0,22,11,0.0,0.163,0.9167,091,independent,news_listing
135,30,40,11,0,1,20,12,4721,747,16,7,"[{'tag': 'iframe', 'src': 'https://ads.independent.com.mt/www/delivery/afr.php?resize=1&zoneid=33&target=_blank&cb=75', 'aria_label': None, 'class': ['tmiads'], 'id': 'a5559624', 'text': ''}, {'tag': 'iframe', 'src': 'https://ads.independent.com.mt/www/delivery/afr.php?zoneid=108&cb=243', 'aria_label': None, 'class': ['tmiads'], 'id': 'a8127595', 'text': ''}, {'tag': 'iframe', 'src': 'https://ads.independent.com.mt/www/delivery/afr.php?zoneid=105&cb=122', 'aria_label': None, 'class': ['tmiads'], 'id': 'a301feba', 'text': ''}, {'tag': 'iframe', 'src': 'https://ads.independent.com.mt/www/delivery/afr.php?resize=1&zoneid=19&target=_blank&cb=189', 'aria_label': None, 'class': ['tmiads'], 'id': 'a3f5f1e3', 'text': ''}, {'tag': 'iframe', 'src': 'https://ads.independent.com.mt/www/delivery/afr.php?zoneid=104&cb=148', 'aria_label': None, 'class': ['tmiads'], 'id': 'a7ef03f2', 'text': ''}, {'tag': 'iframe', 'src': 'https://ads.independent.com.mt/www/delivery/afr.php?zoneid=147&cb=150', 'aria_label': None, 'class': ['tmiads'], 'id': 'a65e2a3a', 'text': ''}, {'tag': 'iframe', 'src': 'https://ads.independent.com.mt/www/delivery/afr.php?resize=1&zoneid=18&target=_blank&cb=231', 'aria_label': None, 'class': ['tmiads'], 'id': 'afd0542d', 'text': ''}]",4,1,2,0.0035714285714285713,0,0,2,0,0,0,135,12,0,22,11,0.0,0.163,0.9167,092,independent,news_listing
210,55,45,12,12,1,24,12,29508,3719,23,7,"[{'tag': 'iframe', 'src': 'https://ads.independent.com.mt/www/delivery/afr.php?resize=1&zoneid=33&target=_blank&cb=130', 'aria_label': None, 'class': ['tmiads'], 'id': 'a5559624', 'text': ''}, {'tag': 'iframe', 'src': 'https://ads.independent.com.mt/www/delivery/afr.php?zoneid=108&cb=102', 'aria_label': None, 'class': ['tmiads'], 'id': 'a8127595', 'text': ''}, {'tag': 'iframe', 'src': 'https://ads.independent.com.mt/www/delivery/afr.php?zoneid=105&cb=191', 'aria_label': None, 'class': ['tmiads'], 'id': 'a301feba', 'text': ''}, {'tag': 'iframe', 'src': 'https://ads.independent.com.mt/www/delivery/afr.php?resize=1&zoneid=19&target=_blank&cb=227', 'aria_label': None, 'class': ['tmiads'], 'id': 'a3f5f1e3', 'text': ''}, {'tag': 'iframe', 'src': 'https://ads.independent.com.mt/www/delivery/afr.php?zoneid=104&cb=206', 'aria_label': None, 'class': ['tmiads'], 'id': 'a7ef03f2', 'text': ''}, {'tag': 'iframe', 'src': 'https://ads.independent.com.mt/www/delivery/afr.php?zoneid=147&cb=69', 'aria_label': None, 'class': ['tmiads'], 'id': 'a65e2a3a', 'text': ''}, {'tag': 'iframe', 'src': 'https://ads.independent.com.mt/www/delivery/afr.php?resize=1&zoneid=18&target=_blank&cb=281', 'aria_label': None, 'class': ['tmiads'], 'id': 'afd0542d', 'text': ''}]",5,1,244,0.12468063362289218,33,10,11,0,0,12,210,21,0,22,16,0.0,0.1048,0.7619,093,independent,news_listing
210,55,45,12,12,1,24,12,29508,3719,23,7,"[{'tag': 'iframe', 'src': 'https://ads.independent.com.mt/www/delivery/afr.php?resize=1&zoneid=33&target=_blank&cb=130', 'aria_label': None, 'class': ['tmiads'], 'id': 'a5559624', 'text': ''}, {'tag': 'iframe', 'src': 'https://ads.independent.com.mt/www/delivery/afr.php?zoneid=108&cb=102', 'aria_label': None, 'class': ['tmiads'], 'id': 'a8127595', 'text': ''}, {'tag': 'iframe', 'src': 'https://ads.independent.com.mt/www/delivery/afr.php?zoneid=105&cb=191', 'aria_label': None, 'class': ['tmiads'], 'id': 'a301feba', 'text': ''}, {'tag': 'iframe', 'src': 'https://ads.independent.com.mt/www/delivery/afr.php?resize=1&zoneid=19&target=_blank&cb=227', 'aria_label': None, 'class': ['tmiads'], 'id': 'a3f5f1e3', 'text': ''}, {'tag': 'iframe', 'src': 'https://ads.independent.com.mt/www/delivery/afr.php?zoneid=104&cb=206', 'aria_label': None, 'class': ['tmiads'], 'id': 'a7ef03f2', 'text': ''}, {'tag': 'iframe', 'src': 'https://ads.independent.com.mt/www/delivery/afr.php?zoneid=147&cb=69', 'aria_label': None, 'class': ['tmiads'], 'id': 'a65e2a3a', 'text': ''}, {'tag': 'iframe', 'src': 'https://ads.independent.com.mt/www/delivery/afr.php?resize=1&zoneid=18&target=_blank&cb=281', 'aria_label': None, 'class': ['tmiads'], 'id': 'afd0542d', 'text': ''}]",5,1,244,0.12468063362289218,33,10,11,0,0,12,210,21,0,22,16,0.0,0.1048,0.7619,094,independent,news_listing
210,55,45,12,12,1,24,12,29508,3719,23,7,"[{'tag': 'iframe', 'src': 'https://ads.independent.com.mt/www/delivery/afr.php?resize=1&zoneid=33&target=_blank&cb=130', 'aria_label': None, 'class': ['tmiads'], 'id': 'a5559624', 'text': ''}, {'tag': 'iframe', 'src': 'https://ads.independent.com.mt/www/delivery/afr.php?zoneid=108&cb=102', 'aria_label': None, 'class': ['tmiads'], 'id': 'a8127595', 'text': ''}, {'tag': 'iframe', 'src': 'https://ads.independent.com.mt/www/delivery/afr.php?zoneid=105&cb=191', 'aria_label': None, 'class': ['tmiads'], 'id': 'a301feba', 'text': ''}, {'tag': 'iframe', 'src': 'https://ads.independent.com.mt/www/delivery/afr.php?resize=1&zoneid=19&target=_blank&cb=227', 'aria_label': None, 'class': ['tmiads'], 'id': 'a3f5f1e3', 'text': ''}, {'tag': 'iframe', 'src': 'https://ads.independent.com.mt/www/delivery/afr.php?zoneid=104&cb=206', 'aria_label': None, 'class': ['tmiads'], 'id': 'a7ef03f2', 'text': ''}, {'tag': 'iframe', 'src': 'https://ads.independent.com.mt/www/delivery/afr.php?zoneid=147&cb=69', 'aria_label': None, 'class': ['tmiads'], 'id': 'a65e2a3a', 'text': ''}, {'tag': 'iframe', 'src': 'https://ads.independent.com.mt/www/delivery/afr.php?resize=1&zoneid=18&target=_blank&cb=281', 'aria_label': None, 'class': ['tmiads'], 'id': 'afd0542d', 'text': ''}]",5,1,244,0.12468063362289218,33,10,11,0,0,12,210,21,0,22,16,0.0,0.1048,0.7619,095,independent,news_listing
210,55,45,12,12,1,24,12,29508,3719,23,7,"[{'tag': 'iframe', 'src': 'https://ads.independent.com.mt/www/delivery/afr.php?resize=1&zoneid=33&target=_blank&cb=130', 'aria_label': None, 'class': ['tmiads'], 'id': 'a5559624', 'text': ''}, {'tag': 'iframe', 'src': 'https://ads.independent.com.mt/www/delivery/afr.php?zoneid=108&cb=102', 'aria_label': None, 'class': ['tmiads'], 'id': 'a8127595', 'text': ''}, {'tag': 'iframe', 'src': 'https://ads.independent.com.mt/www/delivery/afr.php?zoneid=105&cb=191', 'aria_label': None, 'class': ['tmiads'], 'id': 'a301feba', 'text': ''}, {'tag': 'iframe', 'src': 'https://ads.independent.com.mt/www/delivery/afr.php?resize=1&zoneid=19&target=_blank&cb=227', 'aria_label': None, 'class': ['tmiads'], 'id': 'a3f5f1e3', 'text': ''}, {'tag': 'iframe', 'src': 'https://ads.independent.com.mt/www/delivery/afr.php?zoneid=104&cb=206', 'aria_label': None, 'class': ['tmiads'], 'id': 'a7ef03f2', 'text': ''}, {'tag': 'iframe', 'src': 'https://ads.independent.com.mt/www/delivery/afr.php?zoneid=147&cb=69', 'aria_label': None, 'class': ['tmiads'], 'id': 'a65e2a3a', 'text': ''}, {'tag': 'iframe', 'src': 'https://ads.independent.com.mt/www/delivery/afr.php?resize=1&zoneid=18&target=_blank&cb=281', 'aria_label': None, 'class': ['tmiads'], 'id': 'afd0542d', 'text': ''}]",5,1,244,0.12468063362289218,33,10,11,0,0,12,210,21,0,22,16,0.0,0.1048,0.7619,096,independent,news_listing
210,55,45,12,12,1,24,12,29508,3719,23,7,"[{'tag': 'iframe', 'src': 'https://ads.independent.com.mt/www/delivery/afr.php?resize=1&zoneid=33&target=_blank&cb=130', 'aria_label': None, 'class': ['tmiads'], 'id': 'a5559624', 'text': ''}, {'tag': 'iframe', 'src': 'https://ads.independent.com.mt/www/delivery/afr.php?zoneid=108&cb=102', 'aria_label': None, 'class': ['tmiads'], 'id': 'a8127595', 'text': ''}, {'tag': 'iframe', 'src': 'https://ads.independent.com.mt/www/delivery/afr.php?zoneid=105&cb=191', 'aria_label': None, 'class': ['tmiads'], 'id': 'a301feba', 'text': ''}, {'tag': 'iframe', 'src': 'https://ads.independent.com.mt/www/delivery/afr.php?resize=1&zoneid=19&target=_blank&cb=227', 'aria_label': None, 'class': ['tmiads'], 'id': 'a3f5f1e3', 'text': ''}, {'tag': 'iframe', 'src': 'https://ads.independent.com.mt/www/delivery/afr.php?zoneid=104&cb=206', 'aria_label': None, 'class': ['tmiads'], 'id': 'a7ef03f2', 'text': ''}, {'tag': 'iframe', 'src': 'https://ads.independent.com.mt/www/delivery/afr.php?zoneid=147&cb=69', 'aria_label': None, 'class': ['tmiads'], 'id': 'a65e2a3a', 'text': ''}, {'tag': 'iframe', 'src': 'https://ads.independent.com.mt/www/delivery/afr.php?resize=1&zoneid=18&target=_blank&cb=281', 'aria_label': None, 'class': ['tmiads'], 'id': 'afd0542d', 'text': ''}]",5,1,244,0.12468063362289218,33,10,11,0,0,12,210,21,0,22,16,0.0,0.1048,0.7619,097,independent,news_listing
210,55,45,12,12,1,24,12,29508,3719,23,7,"[{'tag': 'iframe', 'src': 'https://ads.independent.com.mt/www/delivery/afr.php?resize=1&zoneid=33&target=_blank&cb=130', 'aria_label': None, 'class': ['tmiads'], 'id': 'a5559624', 'text': ''}, {'tag': 'iframe', 'src': 'https://ads.independent.com.mt/www/delivery/afr.php?zoneid=108&cb=102', 'aria_label': None, 'class': ['tmiads'], 'id': 'a8127595', 'text': ''}, {'tag': 'iframe', 'src': 'https://ads.independent.com.mt/www/delivery/afr.php?zoneid=105&cb=191', 'aria_label': None, 'class': ['tmiads'], 'id': 'a301feba', 'text': ''}, {'tag': 'iframe', 'src': 'https://ads.independent.com.mt/www/delivery/afr.php?resize=1&zoneid=19&target=_blank&cb=227', 'aria_label': None, 'class': ['tmiads'], 'id': 'a3f5f1e3', 'text': ''}, {'tag': 'iframe', 'src': 'https://ads.independent.com.mt/www/delivery/afr.php?zoneid=104&cb=206', 'aria_label': None, 'class': ['tmiads'], 'id': 'a7ef03f2', 'text': ''}, {'tag': 'iframe', 'src': 'https://ads.independent.com.mt/www/delivery/afr.php?zoneid=147&cb=69', 'aria_label': None, 'class': ['tmiads'], 'id': 'a65e2a3a', 'text': ''}, {'tag': 'iframe', 'src': 'https://ads.independent.com.mt/www/delivery/afr.php?resize=1&zoneid=18&target=_blank&cb=281', 'aria_label': None, 'class': ['tmiads'], 'id': 'afd0542d', 'text': ''}]",5,1,244,0.12468063362289218,33,10,11,0,0,12,210,21,0,22,16,0.0,0.1048,0.7619,098,independent,news_listing
135,30,40,11,0,1,20,12,4966,763,16,7,"[{'tag': 'iframe', 'src': 'https://ads.independent.com.mt/www/delivery/afr.php?resize=1&zoneid=33&target=_blank&cb=68', 'aria_label': None, 'class': ['tmiads'], 'id': 'a5559624', 'text': ''}, {'tag': 'iframe', 'src': 'https://ads.independent.com.mt/www/delivery/afr.php?zoneid=108&cb=172', 'aria_label': None, 'class': ['tmiads'], 'id': 'a8127595', 'text': ''}, {'tag': 'iframe', 'src': 'https://ads.independent.com.mt/www/delivery/afr.php?zoneid=105&cb=118', 'aria_label': None, 'class': ['tmiads'], 'id': 'a301feba', 'text': ''}, {'tag': 'iframe', 'src': 'https://ads.independent.com.mt/www/delivery/afr.php?resize=1&zoneid=19&target=_blank&cb=20', 'aria_label': None, 'class': ['tmiads'], 'id': 'a3f5f1e3', 'text': ''}, {'tag': 'iframe', 'src': 'https://ads.independent.com.mt/www/delivery/afr.php?zoneid=104&cb=260', 'aria_label': None, 'class': ['tmiads'], 'id': 'a7ef03f2', 'text': ''}, {'tag': 'iframe', 'src': 'https://ads.independent.com.mt/www/delivery/afr.php?zoneid=147&cb=204', 'aria_label': None, 'class': ['tmiads'], 'id': 'a65e2a3a', 'text': ''}, {'tag': 'iframe', 'src': 'https://ads.independent.com.mt/www/delivery/afr.php?resize=1&zoneid=18&target=_blank&cb=232', 'aria_label': None, 'class': ['tmiads'], 'id': 'afd0542d', 'text': ''}]",4,1,2,0.0035460992907801418,0,0,2,0,0,0,135,12,0,22,11,0.0,0.163,0.9167,099,independent,news_listing
135,30,40,11,0,1,20,12,4966,763,16,7,"[{'tag': 'iframe', 'src': 'https://ads.independent.com.mt/www/delivery/afr.php?resize=1&zoneid=33&target=_blank&cb=68', 'aria_label': None, 'class': ['tmiads'], 'id': 'a5559624', 'text': ''}, {'tag': 'iframe', 'src': 'https://ads.independent.com.mt/www/delivery/afr.php?zoneid=108&cb=172', 'aria_label': None, 'class': ['tmiads'], 'id': 'a8127595', 'text': ''}, {'tag': 'iframe', 'src': 'https://ads.independent.com.mt/www/delivery/afr.php?zoneid=105&cb=118', 'aria_label': None, 'class': ['tmiads'], 'id': 'a301feba', 'text': ''}, {'tag': 'iframe', 'src': 'https://ads.independent.com.mt/www/delivery/afr.php?resize=1&zoneid=19&target=_blank&cb=20', 'aria_label': None, 'class': ['tmiads'], 'id': 'a3f5f1e3', 'text': ''}, {'tag': 'iframe', 'src': 'https://ads.independent.com.mt/www/delivery/afr.php?zoneid=104&cb=260', 'aria_label': None, 'class': ['tmiads'], 'id': 'a7ef03f2', 'text': ''}, {'tag': 'iframe', 'src': 'https://ads.independent.com.mt/www/delivery/afr.php?zoneid=147&cb=204', 'aria_label': None, 'class': ['tmiads'], 'id': 'a65e2a3a', 'text': ''}, {'tag': 'iframe', 'src': 'https://ads.independent.com.mt/www/delivery/afr.php?resize=1&zoneid=18&target=_blank&cb=232', 'aria_label': None, 'class': ['tmiads'], 'id': 'afd0542d', 'text': ''}]",4,1,2,0.0035460992907801418,0,0,2,0,0,0,135,12,0,22,11,0.0,0.163,0.9167,100,independent,news_listing
135,30,40,11,0,1,20,12,4966,763,16,7,"[{'tag': 'iframe', 'src': 'https://ads.independent.com.mt/www/delivery/afr.php?resize=1&zoneid=33&target=_blank&cb=68', 'aria_label': None, 'class': ['tmiads'], 'id': 'a5559624', 'text': ''}, {'tag': 'iframe', 'src': 'https://ads.independent.com.mt/www/delivery/afr.php?zoneid=108&cb=172', 'aria_label': None, 'class': ['tmiads'], 'id': 'a8127595', 'text': ''}, {'tag': 'iframe', 'src': 'https://ads.independent.com.mt/www/delivery/afr.php?zoneid=105&cb=118', 'aria_label': None, 'class': ['tmiads'], 'id': 'a301feba', 'text': ''}, {'tag': 'iframe', 'src': 'https://ads.independent.com.mt/www/delivery/afr.php?resize=1&zoneid=19&target=_blank&cb=20', 'aria_label': None, 'class': ['tmiads'], 'id': 'a3f5f1e3', 'text': ''}, {'tag': 'iframe', 'src': 'https://ads.independent.com.mt/www/delivery/afr.php?zoneid=104&cb=260', 'aria_label': None, 'class': ['tmiads'], 'id': 'a7ef03f2', 'text': ''}, {'tag': 'iframe', 'src': 'https://ads.independent.com.mt/www/delivery/afr.php?zoneid=147&cb=204', 'aria_label': None, 'class': ['tmiads'], 'id': 'a65e2a3a', 'text': ''}, {'tag': 'iframe', 'src': 'https://ads.independent.com.mt/www/delivery/afr.php?resize=1&zoneid=18&target=_blank&cb=232', 'aria_label': None, 'class': ['tmiads'], 'id': 'afd0542d', 'text': ''}]",4,1,2,0.0035460992907801418,0,0,2,0,0,0,135,12,0,22,11,0.0,0.163,0.9167,101,independent,news_listing
197,33,62,22,0,1,17,2,7720,1252,23,8,"[{'tag': 'iframe', 'src': 'https://ads.independent.com.mt/www/delivery/afr.php?resize=1&zoneid=31&target=_blank&cb=38', 'aria_label': None, 'class': ['tmiads'], 'id': 'af5023f7', 'text': ''}, {'tag': 'iframe', 'src': 'https://ads.independent.com.mt/www/delivery/afr.php?zoneid=96&cb=270', 'aria_label': None, 'class': ['tmiads'], 'id': 'a843ba79', 'text': ''}, {'tag': 'iframe', 'src': 'https://ads.independent.com.mt/www/delivery/afr.php?zoneid=93&cb=231', 'aria_label': None, 'class': ['tmiads'], 'id': 'a5c2371e', 'text': ''}, {'tag': 'iframe', 'src': 'https://ads.independent.com.mt/www/delivery/afr.php?resize=1&zoneid=22&target=_blank&cb=12', 'aria_label': None, 'class': ['tmiads'], 'id': 'ad1ea670', 'text': ''}, {'tag': 'iframe', 'src': 'https://ads.independent.com.mt/www/delivery/afr.php?resize=1&zoneid=21&target=_blank&cb=77', 'aria_label': None, 'class': ['tmiads'], 'id': 'a7c93e83', 'text': ''}, {'tag': 'iframe', 'src': 'http://ads.independent.com.mt/www/delivery/afr.php?zoneid=92&cb=107', 'aria_label': None, 'class': ['tmiads'], 'id': 'a537fbf2', 'text': ''}, {'tag': 'iframe', 'src': 'https://ads.independent.com.mt/www/delivery/afr.php?zoneid=147&cb=95', 'aria_label': None, 'class': ['tmiads'], 'id': 'a65e2a3a', 'text': ''}, {'tag': 'iframe', 'src': 'https://ads.independent.com.mt/www/delivery/afr.php?resize=1&zoneid=20&target=_blank&cb=217', 'aria_label': None, 'class': ['tmiads'], 'id': 'a7652f8a', 'text': ''}]",14,1,114,0.08,93,0,2,0,0,0,197,14,0,50,12,0.0,0.2538,0.8571,102,independent,article_pages
197,33,62,22,0,1,17,2,7720,1252,23,8,"[{'tag': 'iframe', 'src': 'https://ads.independent.com.mt/www/delivery/afr.php?resize=1&zoneid=31&target=_blank&cb=38', 'aria_label': None, 'class': ['tmiads'], 'id': 'af5023f7', 'text': ''}, {'tag': 'iframe', 'src': 'https://ads.independent.com.mt/www/delivery/afr.php?zoneid=96&cb=270', 'aria_label': None, 'class': ['tmiads'], 'id': 'a843ba79', 'text': ''}, {'tag': 'iframe', 'src': 'https://ads.independent.com.mt/www/delivery/afr.php?zoneid=93&cb=231', 'aria_label': None, 'class': ['tmiads'], 'id': 'a5c2371e', 'text': ''}, {'tag': 'iframe', 'src': 'https://ads.independent.com.mt/www/delivery/afr.php?resize=1&zoneid=22&target=_blank&cb=12', 'aria_label': None, 'class': ['tmiads'], 'id': 'ad1ea670', 'text': ''}, {'tag': 'iframe', 'src': 'https://ads.independent.com.mt/www/delivery/afr.php?resize=1&zoneid=21&target=_blank&cb=77', 'aria_label': None, 'class': ['tmiads'], 'id': 'a7c93e83', 'text': ''}, {'tag': 'iframe', 'src': 'http://ads.independent.com.mt/www/delivery/afr.php?zoneid=92&cb=107', 'aria_label': None, 'class': ['tmiads'], 'id': 'a537fbf2', 'text': ''}, {'tag': 'iframe', 'src': 'https://ads.independent.com.mt/www/delivery/afr.php?zoneid=147&cb=95', 'aria_label': None, 'class': ['tmiads'], 'id': 'a65e2a3a', 'text': ''}, {'tag': 'iframe', 'src': 'https://ads.independent.com.mt/www/delivery/afr.php?resize=1&zoneid=20&target=_blank&cb=217', 'aria_label': None, 'class': ['tmiads'], 'id': 'a7652f8a', 'text': ''}]",14,1,114,0.08,93,0,2,0,0,0,197,14,0,50,12,0.0,0.2538,0.8571,103,independent,article_pages
197,33,62,22,0,1,17,2,7720,1252,23,8,"[{'tag': 'iframe', 'src': 'https://ads.independent.com.mt/www/delivery/afr.php?resize=1&zoneid=31&target=_blank&cb=38', 'aria_label': None, 'class': ['tmiads'], 'id': 'af5023f7', 'text': ''}, {'tag': 'iframe', 'src': 'https://ads.independent.com.mt/www/delivery/afr.php?zoneid=96&cb=270', 'aria_label': None, 'class': ['tmiads'], 'id': 'a843ba79', 'text': ''}, {'tag': 'iframe', 'src': 'https://ads.independent.com.mt/www/delivery/afr.php?zoneid=93&cb=231', 'aria_label': None, 'class': ['tmiads'], 'id': 'a5c2371e', 'text': ''}, {'tag': 'iframe', 'src': 'https://ads.independent.com.mt/www/delivery/afr.php?resize=1&zoneid=22&target=_blank&cb=12', 'aria_label': None, 'class': ['tmiads'], 'id': 'ad1ea670', 'text': ''}, {'tag': 'iframe', 'src': 'https://ads.independent.com.mt/www/delivery/afr.php?resize=1&zoneid=21&target=_blank&cb=77', 'aria_label': None, 'class': ['tmiads'], 'id': 'a7c93e83', 'text': ''}, {'tag': 'iframe', 'src': 'http://ads.independent.com.mt/www/delivery/afr.php?zoneid=92&cb=107', 'aria_label': None, 'class': ['tmiads'], 'id': 'a537fbf2', 'text': ''}, {'tag': 'iframe', 'src': 'https://ads.independent.com.mt/www/delivery/afr.php?zoneid=147&cb=95', 'aria_label': None, 'class': ['tmiads'], 'id': 'a65e2a3a', 'text': ''}, {'tag': 'iframe', 'src': 'https://ads.independent.com.mt/www/delivery/afr.php?resize=1&zoneid=20&target=_blank&cb=217', 'aria_label': None, 'class': ['tmiads'], 'id': 'a7652f8a', 'text': ''}]",14,1,114,0.08,93,0,2,0,0,0,197,14,0,50,12,0.0,0.2538,0.8571,104,independent,article_pages
197,33,62,22,0,1,17,2,7720,1252,23,8,"[{'tag': 'iframe', 'src': 'https://ads.independent.com.mt/www/delivery/afr.php?resize=1&zoneid=31&target=_blank&cb=38', 'aria_label': None, 'class': ['tmiads'], 'id': 'af5023f7', 'text': ''}, {'tag': 'iframe', 'src': 'https://ads.independent.com.mt/www/delivery/afr.php?zoneid=96&cb=270', 'aria_label': None, 'class': ['tmiads'], 'id': 'a843ba79', 'text': ''}, {'tag': 'iframe', 'src': 'https://ads.independent.com.mt/www/delivery/afr.php?zoneid=93&cb=231', 'aria_label': None, 'class': ['tmiads'], 'id': 'a5c2371e', 'text': ''}, {'tag': 'iframe', 'src': 'https://ads.independent.com.mt/www/delivery/afr.php?resize=1&zoneid=22&target=_blank&cb=12', 'aria_label': None, 'class': ['tmiads'], 'id': 'ad1ea670', 'text': ''}, {'tag': 'iframe', 'src': 'https://ads.independent.com.mt/www/delivery/afr.php?resize=1&zoneid=21&target=_blank&cb=77', 'aria_label': None, 'class': ['tmiads'], 'id': 'a7c93e83', 'text': ''}, {'tag': 'iframe', 'src': 'http://ads.independent.com.mt/www/delivery/afr.php?zoneid=92&cb=107', 'aria_label': None, 'class': ['tmiads'], 'id': 'a537fbf2', 'text': ''}, {'tag': 'iframe', 'src': 'https://ads.independent.com.mt/www/delivery/afr.php?zoneid=147&cb=95', 'aria_label': None, 'class': ['tmiads'], 'id': 'a65e2a3a', 'text': ''}, {'tag': 'iframe', 'src': 'https://ads.independent.com.mt/www/delivery/afr.php?resize=1&zoneid=20&target=_blank&cb=217', 'aria_label': None, 'class': ['tmiads'], 'id': 'a7652f8a', 'text': ''}]",14,1,114,0.08,93,0,2,0,0,0,197,14,0,50,12,0.0,0.2538,0.8571,105,independent,article_pages
197,33,62,22,0,1,17,2,7720,1252,23,8,"[{'tag': 'iframe', 'src': 'https://ads.independent.com.mt/www/delivery/afr.php?resize=1&zoneid=31&target=_blank&cb=38', 'aria_label': None, 'class': ['tmiads'], 'id': 'af5023f7', 'text': ''}, {'tag': 'iframe', 'src': 'https://ads.independent.com.mt/www/delivery/afr.php?zoneid=96&cb=270', 'aria_label': None, 'class': ['tmiads'], 'id': 'a843ba79', 'text': ''}, {'tag': 'iframe', 'src': 'https://ads.independent.com.mt/www/delivery/afr.php?zoneid=93&cb=231', 'aria_label': None, 'class': ['tmiads'], 'id': 'a5c2371e', 'text': ''}, {'tag': 'iframe', 'src': 'https://ads.independent.com.mt/www/delivery/afr.php?resize=1&zoneid=22&target=_blank&cb=12', 'aria_label': None, 'class': ['tmiads'], 'id': 'ad1ea670', 'text': ''}, {'tag': 'iframe', 'src': 'https://ads.independent.com.mt/www/delivery/afr.php?resize=1&zoneid=21&target=_blank&cb=77', 'aria_label': None, 'class': ['tmiads'], 'id': 'a7c93e83', 'text': ''}, {'tag': 'iframe', 'src': 'http://ads.independent.com.mt/www/delivery/afr.php?zoneid=92&cb=107', 'aria_label': None, 'class': ['tmiads'], 'id': 'a537fbf2', 'text': ''}, {'tag': 'iframe', 'src': 'https://ads.independent.com.mt/www/delivery/afr.php?zoneid=147&cb=95', 'aria_label': None, 'class': ['tmiads'], 'id': 'a65e2a3a', 'text': ''}, {'tag': 'iframe', 'src': 'https://ads.independent.com.mt/www/delivery/afr.php?resize=1&zoneid=20&target=_blank&cb=217', 'aria_label': None, 'class': ['tmiads'], 'id': 'a7652f8a', 'text': ''}]",14,1,114,0.08,93,0,2,0,0,0,197,14,0,50,12,0.0,0.2538,0.8571,106,independent,article_pages
197,33,62,22,0,1,17,2,7720,1252,23,8,"[{'tag': 'iframe', 'src': 'https://ads.independent.com.mt/www/delivery/afr.php?resize=1&zoneid=31&target=_blank&cb=38', 'aria_label': None, 'class': ['tmiads'], 'id': 'af5023f7', 'text': ''}, {'tag': 'iframe', 'src': 'https://ads.independent.com.mt/www/delivery/afr.php?zoneid=96&cb=270', 'aria_label': None, 'class': ['tmiads'], 'id': 'a843ba79', 'text': ''}, {'tag': 'iframe', 'src': 'https://ads.independent.com.mt/www/delivery/afr.php?zoneid=93&cb=231', 'aria_label': None, 'class': ['tmiads'], 'id': 'a5c2371e', 'text': ''}, {'tag': 'iframe', 'src': 'https://ads.independent.com.mt/www/delivery/afr.php?resize=1&zoneid=22&target=_blank&cb=12', 'aria_label': None, 'class': ['tmiads'], 'id': 'ad1ea670', 'text': ''}, {'tag': 'iframe', 'src': 'https://ads.independent.com.mt/www/delivery/afr.php?resize=1&zoneid=21&target=_blank&cb=77', 'aria_label': None, 'class': ['tmiads'], 'id': 'a7c93e83', 'text': ''}, {'tag': 'iframe', 'src': 'http://ads.independent.com.mt/www/delivery/afr.php?zoneid=92&cb=107', 'aria_label': None, 'class': ['tmiads'], 'id': 'a537fbf2', 'text': ''}, {'tag': 'iframe', 'src': 'https://ads.independent.com.mt/www/delivery/afr.php?zoneid=147&cb=95', 'aria_label': None, 'class': ['tmiads'], 'id': 'a65e2a3a', 'text': ''}, {'tag': 'iframe', 'src': 'https://ads.independent.com.mt/www/delivery/afr.php?resize=1&zoneid=20&target=_blank&cb=217', 'aria_label': None, 'class': ['tmiads'], 'id': 'a7652f8a', 'text': ''}]",14,1,114,0.08,93,0,2,0,0,0,197,14,0,50,12,0.0,0.2538,0.8571,107,independent,article_pages
197,33,62,22,0,1,17,2,7720,1252,23,8,"[{'tag': 'iframe', 'src': 'https://ads.independent.com.mt/www/delivery/afr.php?resize=1&zoneid=31&target=_blank&cb=38', 'aria_label': None, 'class': ['tmiads'], 'id': 'af5023f7', 'text': ''}, {'tag': 'iframe', 'src': 'https://ads.independent.com.mt/www/delivery/afr.php?zoneid=96&cb=270', 'aria_label': None, 'class': ['tmiads'], 'id': 'a843ba79', 'text': ''}, {'tag': 'iframe', 'src': 'https://ads.independent.com.mt/www/delivery/afr.php?zoneid=93&cb=231', 'aria_label': None, 'class': ['tmiads'], 'id': 'a5c2371e', 'text': ''}, {'tag': 'iframe', 'src': 'https://ads.independent.com.mt/www/delivery/afr.php?resize=1&zoneid=22&target=_blank&cb=12', 'aria_label': None, 'class': ['tmiads'], 'id': 'ad1ea670', 'text': ''}, {'tag': 'iframe', 'src': 'https://ads.independent.com.mt/www/delivery/afr.php?resize=1&zoneid=21&target=_blank&cb=77', 'aria_label': None, 'class': ['tmiads'], 'id': 'a7c93e83', 'text': ''}, {'tag': 'iframe', 'src': 'http://ads.independent.com.mt/www/delivery/afr.php?zoneid=92&cb=107', 'aria_label': None, 'class': ['tmiads'], 'id': 'a537fbf2', 'text': ''}, {'tag': 'iframe', 'src': 'https://ads.independent.com.mt/www/delivery/afr.php?zoneid=147&cb=95', 'aria_label': None, 'class': ['tmiads'], 'id': 'a65e2a3a', 'text': ''}, {'tag': 'iframe', 'src': 'https://ads.independent.com.mt/www/delivery/afr.php?resize=1&zoneid=20&target=_blank&cb=217', 'aria_label': None, 'class': ['tmiads'], 'id': 'a7652f8a', 'text': ''}]",14,1,114,0.08,93,0,2,0,0,0,197,14,0,50,12,0.0,0.2538,0.8571,108,independent,article_pages
197,33,62,22,0,1,17,2,7720,1252,23,8,"[{'tag': 'iframe', 'src': 'https://ads.independent.com.mt/www/delivery/afr.php?resize=1&zoneid=31&target=_blank&cb=38', 'aria_label': None, 'class': ['tmiads'], 'id': 'af5023f7', 'text': ''}, {'tag': 'iframe', 'src': 'https://ads.independent.com.mt/www/delivery/afr.php?zoneid=96&cb=270', 'aria_label': None, 'class': ['tmiads'], 'id': 'a843ba79', 'text': ''}, {'tag': 'iframe', 'src': 'https://ads.independent.com.mt/www/delivery/afr.php?zoneid=93&cb=231', 'aria_label': None, 'class': ['tmiads'], 'id': 'a5c2371e', 'text': ''}, {'tag': 'iframe', 'src': 'https://ads.independent.com.mt/www/delivery/afr.php?resize=1&zoneid=22&target=_blank&cb=12', 'aria_label': None, 'class': ['tmiads'], 'id': 'ad1ea670', 'text': ''}, {'tag': 'iframe', 'src': 'https://ads.independent.com.mt/www/delivery/afr.php?resize=1&zoneid=21&target=_blank&cb=77', 'aria_label': None, 'class': ['tmiads'], 'id': 'a7c93e83', 'text': ''}, {'tag': 'iframe', 'src': 'http://ads.independent.com.mt/www/delivery/afr.php?zoneid=92&cb=107', 'aria_label': None, 'class': ['tmiads'], 'id': 'a537fbf2', 'text': ''}, {'tag': 'iframe', 'src': 'https://ads.independent.com.mt/www/delivery/afr.php?zoneid=147&cb=95', 'aria_label': None, 'class': ['tmiads'], 'id': 'a65e2a3a', 'text': ''}, {'tag': 'iframe', 'src': 'https://ads.independent.com.mt/www/delivery/afr.php?resize=1&zoneid=20&target=_blank&cb=217', 'aria_label': None, 'class': ['tmiads'], 'id': 'a7652f8a', 'text': ''}]",14,1,114,0.08,93,0,2,0,0,0,197,14,0,50,12,0.0,0.2538,0.8571,109,independent,article_pages
197,33,62,22,0,1,17,2,7720,1252,23,8,"[{'tag': 'iframe', 'src': 'https://ads.independent.com.mt/www/delivery/afr.php?resize=1&zoneid=31&target=_blank&cb=38', 'aria_label': None, 'class': ['tmiads'], 'id': 'af5023f7', 'text': ''}, {'tag': 'iframe', 'src': 'https://ads.independent.com.mt/www/delivery/afr.php?zoneid=96&cb=270', 'aria_label': None, 'class': ['tmiads'], 'id': 'a843ba79', 'text': ''}, {'tag': 'iframe', 'src': 'https://ads.independent.com.mt/www/delivery/afr.php?zoneid=93&cb=231', 'aria_label': None, 'class': ['tmiads'], 'id': 'a5c2371e', 'text': ''}, {'tag': 'iframe', 'src': 'https://ads.independent.com.mt/www/delivery/afr.php?resize=1&zoneid=22&target=_blank&cb=12', 'aria_label': None, 'class': ['tmiads'], 'id': 'ad1ea670', 'text': ''}, {'tag': 'iframe', 'src': 'https://ads.independent.com.mt/www/delivery/afr.php?resize=1&zoneid=21&target=_blank&cb=77', 'aria_label': None, 'class': ['tmiads'], 'id': 'a7c93e83', 'text': ''}, {'tag': 'iframe', 'src': 'http://ads.independent.com.mt/www/delivery/afr.php?zoneid=92&cb=107', 'aria_label': None, 'class': ['tmiads'], 'id': 'a537fbf2', 'text': ''}, {'tag': 'iframe', 'src': 'https://ads.independent.com.mt/www/delivery/afr.php?zoneid=147&cb=95', 'aria_label': None, 'class': ['tmiads'], 'id': 'a65e2a3a', 'text': ''}, {'tag': 'iframe', 'src': 'https://ads.independent.com.mt/www/delivery/afr.php?resize=1&zoneid=20&target=_blank&cb=217', 'aria_label': None, 'class': ['tmiads'], 'id': 'a7652f8a', 'text': ''}]",14,1,114,0.08,93,0,2,0,0,0,197,14,0,50,12,0.0,0.2538,0.8571,110,independent,article_pages
197,33,62,22,0,1,17,2,7720,1252,23,8,"[{'tag': 'iframe', 'src': 'https://ads.independent.com.mt/www/delivery/afr.php?resize=1&zoneid=31&target=_blank&cb=38', 'aria_label': None, 'class': ['tmiads'], 'id': 'af5023f7', 'text': ''}, {'tag': 'iframe', 'src': 'https://ads.independent.com.mt/www/delivery/afr.php?zoneid=96&cb=270', 'aria_label': None, 'class': ['tmiads'], 'id': 'a843ba79', 'text': ''}, {'tag': 'iframe', 'src': 'https://ads.independent.com.mt/www/delivery/afr.php?zoneid=93&cb=231', 'aria_label': None, 'class': ['tmiads'], 'id': 'a5c2371e', 'text': ''}, {'tag': 'iframe', 'src': 'https://ads.independent.com.mt/www/delivery/afr.php?resize=1&zoneid=22&target=_blank&cb=12', 'aria_label': None, 'class': ['tmiads'], 'id': 'ad1ea670', 'text': ''}, {'tag': 'iframe', 'src': 'https://ads.independent.com.mt/www/delivery/afr.php?resize=1&zoneid=21&target=_blank&cb=77', 'aria_label': None, 'class': ['tmiads'], 'id': 'a7c93e83', 'text': ''}, {'tag': 'iframe', 'src': 'http://ads.independent.com.mt/www/delivery/afr.php?zoneid=92&cb=107', 'aria_label': None, 'class': ['tmiads'], 'id': 'a537fbf2', 'text': ''}, {'tag': 'iframe', 'src': 'https://ads.independent.com.mt/www/delivery/afr.php?zoneid=147&cb=95', 'aria_label': None, 'class': ['tmiads'], 'id': 'a65e2a3a', 'text': ''}, {'tag': 'iframe', 'src': 'https://ads.independent.com.mt/www/delivery/afr.php?resize=1&zoneid=20&target=_blank&cb=217', 'aria_label': None, 'class': ['tmiads'], 'id': 'a7652f8a', 'text': ''}]",14,1,114,0.08,93,0,2,0,0,0,197,14,0,50,12,0.0,0.2538,0.8571,111,independent,article_pages
197,33,62,22,0,1,17,2,7720,1252,23,8,"[{'tag': 'iframe', 'src': 'https://ads.independent.com.mt/www/delivery/afr.php?resize=1&zoneid=31&target=_blank&cb=38', 'aria_label': None, 'class': ['tmiads'], 'id': 'af5023f7', 'text': ''}, {'tag': 'iframe', 'src': 'https://ads.independent.com.mt/www/delivery/afr.php?zoneid=96&cb=270', 'aria_label': None, 'class': ['tmiads'], 'id': 'a843ba79', 'text': ''}, {'tag': 'iframe', 'src': 'https://ads.independent.com.mt/www/delivery/afr.php?zoneid=93&cb=231', 'aria_label': None, 'class': ['tmiads'], 'id': 'a5c2371e', 'text': ''}, {'tag': 'iframe', 'src': 'https://ads.independent.com.mt/www/delivery/afr.php?resize=1&zoneid=22&target=_blank&cb=12', 'aria_label': None, 'class': ['tmiads'], 'id': 'ad1ea670', 'text': ''}, {'tag': 'iframe', 'src': 'https://ads.independent.com.mt/www/delivery/afr.php?resize=1&zoneid=21&target=_blank&cb=77', 'aria_label': None, 'class': ['tmiads'], 'id': 'a7c93e83', 'text': ''}, {'tag': 'iframe', 'src': 'http://ads.independent.com.mt/www/delivery/afr.php?zoneid=92&cb=107', 'aria_label': None, 'class': ['tmiads'], 'id': 'a537fbf2', 'text': ''}, {'tag': 'iframe', 'src': 'https://ads.independent.com.mt/www/delivery/afr.php?zoneid=147&cb=95', 'aria_label': None, 'class': ['tmiads'], 'id': 'a65e2a3a', 'text': ''}, {'tag': 'iframe', 'src': 'https://ads.independent.com.mt/www/delivery/afr.php?resize=1&zoneid=20&target=_blank&cb=217', 'aria_label': None, 'class': ['tmiads'], 'id': 'a7652f8a', 'text': ''}]",14,1,114,0.08,93,0,2,0,0,0,197,14,0,50,12,0.0,0.2538,0.8571,112,independent,article_pages
197,33,62,22,0,1,17,2,7720,1252,23,8,"[{'tag': 'iframe', 'src': 'https://ads.independent.com.mt/www/delivery/afr.php?resize=1&zoneid=31&target=_blank&cb=38', 'aria_label': None, 'class': ['tmiads'], 'id': 'af5023f7', 'text': ''}, {'tag': 'iframe', 'src': 'https://ads.independent.com.mt/www/delivery/afr.php?zoneid=96&cb=270', 'aria_label': None, 'class': ['tmiads'], 'id': 'a843ba79', 'text': ''}, {'tag': 'iframe', 'src': 'https://ads.independent.com.mt/www/delivery/afr.php?zoneid=93&cb=231', 'aria_label': None, 'class': ['tmiads'], 'id': 'a5c2371e', 'text': ''}, {'tag': 'iframe', 'src': 'https://ads.independent.com.mt/www/delivery/afr.php?resize=1&zoneid=22&target=_blank&cb=12', 'aria_label': None, 'class': ['tmiads'], 'id': 'ad1ea670', 'text': ''}, {'tag': 'iframe', 'src': 'https://ads.independent.com.mt/www/delivery/afr.php?resize=1&zoneid=21&target=_blank&cb=77', 'aria_label': None, 'class': ['tmiads'], 'id': 'a7c93e83', 'text': ''}, {'tag': 'iframe', 'src': 'http://ads.independent.com.mt/www/delivery/afr.php?zoneid=92&cb=107', 'aria_label': None, 'class': ['tmiads'], 'id': 'a537fbf2', 'text': ''}, {'tag': 'iframe', 'src': 'https://ads.independent.com.mt/www/delivery/afr.php?zoneid=147&cb=95', 'aria_label': None, 'class': ['tmiads'], 'id': 'a65e2a3a', 'text': ''}, {'tag': 'iframe', 'src': 'https://ads.independent.com.mt/www/delivery/afr.php?resize=1&zoneid=20&target=_blank&cb=217', 'aria_label': None, 'class': ['tmiads'], 'id': 'a7652f8a', 'text': ''}]",14,1,114,0.08,93,0,2,0,0,0,197,14,0,50,12,0.0,0.2538,0.8571,113,independent,article_pages
197,33,62,22,0,1,42,5,13355,2157,23,8,"[{'tag': 'iframe', 'src': 'https://ads.independent.com.mt/www/delivery/afr.php?zoneid=36&cb=139', 'aria_label': None, 'class': ['tmiads'], 'id': 'af87707c', 'text': ''}, {'tag': 'iframe', 'src': 'https://ads.independent.com.mt/www/delivery/afr.php?zoneid=144&cb=9', 'aria_label': None, 'class': ['tmiads'], 'id': 'a7d95b78', 'text': ''}, {'tag': 'iframe', 'src': 'https://ads.independent.com.mt/www/delivery/afr.php?zoneid=141&cb=41', 'aria_label': None, 'class': ['tmiads'], 'id': 'a1353246', 'text': ''}, {'tag': 'iframe', 'src': 'https://ads.independent.com.mt/www/delivery/afr.php?resize=1&zoneid=22&target=_blank&cb=59', 'aria_label': None, 'class': ['tmiads'], 'id': 'ad1ea670', 'text': ''}, {'tag': 'iframe', 'src': 'https://ads.independent.com.mt/www/delivery/afr.php?zoneid=35&cb=196', 'aria_label': None, 'class': ['tmiads'], 'id': 'abcfa804', 'text': ''}, {'tag': 'iframe', 'src': 'https://ads.independent.com.mt/www/delivery/afr.php?zoneid=140&cb=46', 'aria_label': None, 'class': ['tmiads'], 'id': 'afcbf42a', 'text': ''}, {'tag': 'iframe', 'src': 'https://ads.independent.com.mt/www/delivery/afr.php?zoneid=147&cb=28', 'aria_label': None, 'class': ['tmiads'], 'id': 'a65e2a3a', 'text': ''}, {'tag': 'iframe', 'src': 'https://ads.independent.com.mt/www/delivery/afr.php?zoneid=34&cb=113', 'aria_label': None, 'class': ['tmiads'], 'id': 'ac264775', 'text': ''}]",14,1,114,0.079002079002079,93,0,2,0,0,0,197,14,0,50,12,0.0,0.2538,0.8571,114,independent,article_pages
197,33,62,22,0,1,42,5,13355,2157,23,8,"[{'tag': 'iframe', 'src': 'https://ads.independent.com.mt/www/delivery/afr.php?zoneid=36&cb=139', 'aria_label': None, 'class': ['tmiads'], 'id': 'af87707c', 'text': ''}, {'tag': 'iframe', 'src': 'https://ads.independent.com.mt/www/delivery/afr.php?zoneid=144&cb=9', 'aria_label': None, 'class': ['tmiads'], 'id': 'a7d95b78', 'text': ''}, {'tag': 'iframe', 'src': 'https://ads.independent.com.mt/www/delivery/afr.php?zoneid=141&cb=41', 'aria_label': None, 'class': ['tmiads'], 'id': 'a1353246', 'text': ''}, {'tag': 'iframe', 'src': 'https://ads.independent.com.mt/www/delivery/afr.php?resize=1&zoneid=22&target=_blank&cb=59', 'aria_label': None, 'class': ['tmiads'], 'id': 'ad1ea670', 'text': ''}, {'tag': 'iframe', 'src': 'https://ads.independent.com.mt/www/delivery/afr.php?zoneid=35&cb=196', 'aria_label': None, 'class': ['tmiads'], 'id': 'abcfa804', 'text': ''}, {'tag': 'iframe', 'src': 'https://ads.independent.com.mt/www/delivery/afr.php?zoneid=140&cb=46', 'aria_label': None, 'class': ['tmiads'], 'id': 'afcbf42a', 'text': ''}, {'tag': 'iframe', 'src': 'https://ads.independent.com.mt/www/delivery/afr.php?zoneid=147&cb=28', 'aria_label': None, 'class': ['tmiads'], 'id': 'a65e2a3a', 'text': ''}, {'tag': 'iframe', 'src': 'https://ads.independent.com.mt/www/delivery/afr.php?zoneid=34&cb=113', 'aria_label': None, 'class': ['tmiads'], 'id': 'ac264775', 'text': ''}]",14,1,114,0.079002079002079,93,0,2,0,0,0,197,14,0,50,12,0.0,0.2538,0.8571,115,independent,article_pages
197,33,62,22,0,1,42,5,13355,2157,23,8,"[{'tag': 'iframe', 'src': 'https://ads.independent.com.mt/www/delivery/afr.php?zoneid=36&cb=139', 'aria_label': None, 'class': ['tmiads'], 'id': 'af87707c', 'text': ''}, {'tag': 'iframe', 'src': 'https://ads.independent.com.mt/www/delivery/afr.php?zoneid=144&cb=9', 'aria_label': None, 'class': ['tmiads'], 'id': 'a7d95b78', 'text': ''}, {'tag': 'iframe', 'src': 'https://ads.independent.com.mt/www/delivery/afr.php?zoneid=141&cb=41', 'aria_label': None, 'class': ['tmiads'], 'id': 'a1353246', 'text': ''}, {'tag': 'iframe', 'src': 'https://ads.independent.com.mt/www/delivery/afr.php?resize=1&zoneid=22&target=_blank&cb=59', 'aria_label': None, 'class': ['tmiads'], 'id': 'ad1ea670', 'text': ''}, {'tag': 'iframe', 'src': 'https://ads.independent.com.mt/www/delivery/afr.php?zoneid=35&cb=196', 'aria_label': None, 'class': ['tmiads'], 'id': 'abcfa804', 'text': ''}, {'tag': 'iframe', 'src': 'https://ads.independent.com.mt/www/delivery/afr.php?zoneid=140&cb=46', 'aria_label': None, 'class': ['tmiads'], 'id': 'afcbf42a', 'text': ''}, {'tag': 'iframe', 'src': 'https://ads.independent.com.mt/www/delivery/afr.php?zoneid=147&cb=28', 'aria_label': None, 'class': ['tmiads'], 'id': 'a65e2a3a', 'text': ''}, {'tag': 'iframe', 'src': 'https://ads.independent.com.mt/www/delivery/afr.php?zoneid=34&cb=113', 'aria_label': None, 'class': ['tmiads'], 'id': 'ac264775', 'text': ''}]",14,1,114,0.079002079002079,93,0,2,0,0,0,197,14,0,50,12,0.0,0.2538,0.8571,116,independent,article_pages
197,33,62,22,0,1,42,5,13355,2157,23,8,"[{'tag': 'iframe', 'src': 'https://ads.independent.com.mt/www/delivery/afr.php?zoneid=36&cb=139', 'aria_label': None, 'class': ['tmiads'], 'id': 'af87707c', 'text': ''}, {'tag': 'iframe', 'src': 'https://ads.independent.com.mt/www/delivery/afr.php?zoneid=144&cb=9', 'aria_label': None, 'class': ['tmiads'], 'id': 'a7d95b78', 'text': ''}, {'tag': 'iframe', 'src': 'https://ads.independent.com.mt/www/delivery/afr.php?zoneid=141&cb=41', 'aria_label': None, 'class': ['tmiads'], 'id': 'a1353246', 'text': ''}, {'tag': 'iframe', 'src': 'https://ads.independent.com.mt/www/delivery/afr.php?resize=1&zoneid=22&target=_blank&cb=59', 'aria_label': None, 'class': ['tmiads'], 'id': 'ad1ea670', 'text': ''}, {'tag': 'iframe', 'src': 'https://ads.independent.com.mt/www/delivery/afr.php?zoneid=35&cb=196', 'aria_label': None, 'class': ['tmiads'], 'id': 'abcfa804', 'text': ''}, {'tag': 'iframe', 'src': 'https://ads.independent.com.mt/www/delivery/afr.php?zoneid=140&cb=46', 'aria_label': None, 'class': ['tmiads'], 'id': 'afcbf42a', 'text': ''}, {'tag': 'iframe', 'src': 'https://ads.independent.com.mt/www/delivery/afr.php?zoneid=147&cb=28', 'aria_label': None, 'class': ['tmiads'], 'id': 'a65e2a3a', 'text': ''}, {'tag': 'iframe', 'src': 'https://ads.independent.com.mt/www/delivery/afr.php?zoneid=34&cb=113', 'aria_label': None, 'class': ['tmiads'], 'id': 'ac264775', 'text': ''}]",14,1,114,0.079002079002079,93,0,2,0,0,0,197,14,0,50,12,0.0,0.2538,0.8571,117,independent,article_pages
197,33,62,22,0,1,42,5,13355,2157,23,8,"[{'tag': 'iframe', 'src': 'https://ads.independent.com.mt/www/delivery/afr.php?zoneid=36&cb=139', 'aria_label': None, 'class': ['tmiads'], 'id': 'af87707c', 'text': ''}, {'tag': 'iframe', 'src': 'https://ads.independent.com.mt/www/delivery/afr.php?zoneid=144&cb=9', 'aria_label': None, 'class': ['tmiads'], 'id': 'a7d95b78', 'text': ''}, {'tag': 'iframe', 'src': 'https://ads.independent.com.mt/www/delivery/afr.php?zoneid=141&cb=41', 'aria_label': None, 'class': ['tmiads'], 'id': 'a1353246', 'text': ''}, {'tag': 'iframe', 'src': 'https://ads.independent.com.mt/www/delivery/afr.php?resize=1&zoneid=22&target=_blank&cb=59', 'aria_label': None, 'class': ['tmiads'], 'id': 'ad1ea670', 'text': ''}, {'tag': 'iframe', 'src': 'https://ads.independent.com.mt/www/delivery/afr.php?zoneid=35&cb=196', 'aria_label': None, 'class': ['tmiads'], 'id': 'abcfa804', 'text': ''}, {'tag': 'iframe', 'src': 'https://ads.independent.com.mt/www/delivery/afr.php?zoneid=140&cb=46', 'aria_label': None, 'class': ['tmiads'], 'id': 'afcbf42a', 'text': ''}, {'tag': 'iframe', 'src': 'https://ads.independent.com.mt/www/delivery/afr.php?zoneid=147&cb=28', 'aria_label': None, 'class': ['tmiads'], 'id': 'a65e2a3a', 'text': ''}, {'tag': 'iframe', 'src': 'https://ads.independent.com.mt/www/delivery/afr.php?zoneid=34&cb=113', 'aria_label': None, 'class': ['tmiads'], 'id': 'ac264775', 'text': ''}]",14,1,114,0.079002079002079,93,0,2,0,0,0,197,14,0,50,12,0.0,0.2538,0.8571,118,independent,article_pages
197,33,62,22,0,1,42,5,13355,2157,23,8,"[{'tag': 'iframe', 'src': 'https://ads.independent.com.mt/www/delivery/afr.php?zoneid=36&cb=139', 'aria_label': None, 'class': ['tmiads'], 'id': 'af87707c', 'text': ''}, {'tag': 'iframe', 'src': 'https://ads.independent.com.mt/www/delivery/afr.php?zoneid=144&cb=9', 'aria_label': None, 'class': ['tmiads'], 'id': 'a7d95b78', 'text': ''}, {'tag': 'iframe', 'src': 'https://ads.independent.com.mt/www/delivery/afr.php?zoneid=141&cb=41', 'aria_label': None, 'class': ['tmiads'], 'id': 'a1353246', 'text': ''}, {'tag': 'iframe', 'src': 'https://ads.independent.com.mt/www/delivery/afr.php?resize=1&zoneid=22&target=_blank&cb=59', 'aria_label': None, 'class': ['tmiads'], 'id': 'ad1ea670', 'text': ''}, {'tag': 'iframe', 'src': 'https://ads.independent.com.mt/www/delivery/afr.php?zoneid=35&cb=196', 'aria_label': None, 'class': ['tmiads'], 'id': 'abcfa804', 'text': ''}, {'tag': 'iframe', 'src': 'https://ads.independent.com.mt/www/delivery/afr.php?zoneid=140&cb=46', 'aria_label': None, 'class': ['tmiads'], 'id': 'afcbf42a', 'text': ''}, {'tag': 'iframe', 'src': 'https://ads.independent.com.mt/www/delivery/afr.php?zoneid=147&cb=28', 'aria_label': None, 'class': ['tmiads'], 'id': 'a65e2a3a', 'text': ''}, {'tag': 'iframe', 'src': 'https://ads.independent.com.mt/www/delivery/afr.php?zoneid=34&cb=113', 'aria_label': None, 'class': ['tmiads'], 'id': 'ac264775', 'text': ''}]",14,1,114,0.079002079002079,93,0,2,0,0,0,197,14,0,50,12,0.0,0.2538,0.8571,119,independent,article_pages
197,33,62,22,0,1,42,5,13355,2157,23,8,"[{'tag': 'iframe', 'src': 'https://ads.independent.com.mt/www/delivery/afr.php?zoneid=36&cb=139', 'aria_label': None, 'class': ['tmiads'], 'id': 'af87707c', 'text': ''}, {'tag': 'iframe', 'src': 'https://ads.independent.com.mt/www/delivery/afr.php?zoneid=144&cb=9', 'aria_label': None, 'class': ['tmiads'], 'id': 'a7d95b78', 'text': ''}, {'tag': 'iframe', 'src': 'https://ads.independent.com.mt/www/delivery/afr.php?zoneid=141&cb=41', 'aria_label': None, 'class': ['tmiads'], 'id': 'a1353246', 'text': ''}, {'tag': 'iframe', 'src': 'https://ads.independent.com.mt/www/delivery/afr.php?resize=1&zoneid=22&target=_blank&cb=59', 'aria_label': None, 'class': ['tmiads'], 'id': 'ad1ea670', 'text': ''}, {'tag': 'iframe', 'src': 'https://ads.independent.com.mt/www/delivery/afr.php?zoneid=35&cb=196', 'aria_label': None, 'class': ['tmiads'], 'id': 'abcfa804', 'text': ''}, {'tag': 'iframe', 'src': 'https://ads.independent.com.mt/www/delivery/afr.php?zoneid=140&cb=46', 'aria_label': None, 'class': ['tmiads'], 'id': 'afcbf42a', 'text': ''}, {'tag': 'iframe', 'src': 'https://ads.independent.com.mt/www/delivery/afr.php?zoneid=147&cb=28', 'aria_label': None, 'class': ['tmiads'], 'id': 'a65e2a3a', 'text': ''}, {'tag': 'iframe', 'src': 'https://ads.independent.com.mt/www/delivery/afr.php?zoneid=34&cb=113', 'aria_label': None, 'class': ['tmiads'], 'id': 'ac264775', 'text': ''}]",14,1,114,0.079002079002079,93,0,2,0,0,0,197,14,0,50,12,0.0,0.2538,0.8571,120,independent,article_pages
197,33,62,22,0,1,42,5,13355,2157,23,8,"[{'tag': 'iframe', 'src': 'https://ads.independent.com.mt/www/delivery/afr.php?zoneid=36&cb=139', 'aria_label': None, 'class': ['tmiads'], 'id': 'af87707c', 'text': ''}, {'tag': 'iframe', 'src': 'https://ads.independent.com.mt/www/delivery/afr.php?zoneid=144&cb=9', 'aria_label': None, 'class': ['tmiads'], 'id': 'a7d95b78', 'text': ''}, {'tag': 'iframe', 'src': 'https://ads.independent.com.mt/www/delivery/afr.php?zoneid=141&cb=41', 'aria_label': None, 'class': ['tmiads'], 'id': 'a1353246', 'text': ''}, {'tag': 'iframe', 'src': 'https://ads.independent.com.mt/www/delivery/afr.php?resize=1&zoneid=22&target=_blank&cb=59', 'aria_label': None, 'class': ['tmiads'], 'id': 'ad1ea670', 'text': ''}, {'tag': 'iframe', 'src': 'https://ads.independent.com.mt/www/delivery/afr.php?zoneid=35&cb=196', 'aria_label': None, 'class': ['tmiads'], 'id': 'abcfa804', 'text': ''}, {'tag': 'iframe', 'src': 'https://ads.independent.com.mt/www/delivery/afr.php?zoneid=140&cb=46', 'aria_label': None, 'class': ['tmiads'], 'id': 'afcbf42a', 'text': ''}, {'tag': 'iframe', 'src': 'https://ads.independent.com.mt/www/delivery/afr.php?zoneid=147&cb=28', 'aria_label': None, 'class': ['tmiads'], 'id': 'a65e2a3a', 'text': ''}, {'tag': 'iframe', 'src': 'https://ads.independent.com.mt/www/delivery/afr.php?zoneid=34&cb=113', 'aria_label': None, 'class': ['tmiads'], 'id': 'ac264775', 'text': ''}]",14,1,114,0.079002079002079,93,0,2,0,0,0,197,14,0,50,12,0.0,0.2538,0.8571,121,independent,article_pages
197,33,62,22,0,1,42,5,13355,2157,23,8,"[{'tag': 'iframe', 'src': 'https://ads.independent.com.mt/www/delivery/afr.php?zoneid=36&cb=139', 'aria_label': None, 'class': ['tmiads'], 'id': 'af87707c', 'text': ''}, {'tag': 'iframe', 'src': 'https://ads.independent.com.mt/www/delivery/afr.php?zoneid=144&cb=9', 'aria_label': None, 'class': ['tmiads'], 'id': 'a7d95b78', 'text': ''}, {'tag': 'iframe', 'src': 'https://ads.independent.com.mt/www/delivery/afr.php?zoneid=141&cb=41', 'aria_label': None, 'class': ['tmiads'], 'id': 'a1353246', 'text': ''}, {'tag': 'iframe', 'src': 'https://ads.independent.com.mt/www/delivery/afr.php?resize=1&zoneid=22&target=_blank&cb=59', 'aria_label': None, 'class': ['tmiads'], 'id': 'ad1ea670', 'text': ''}, {'tag': 'iframe', 'src': 'https://ads.independent.com.mt/www/delivery/afr.php?zoneid=35&cb=196', 'aria_label': None, 'class': ['tmiads'], 'id': 'abcfa804', 'text': ''}, {'tag': 'iframe', 'src': 'https://ads.independent.com.mt/www/delivery/afr.php?zoneid=140&cb=46', 'aria_label': None, 'class': ['tmiads'], 'id': 'afcbf42a', 'text': ''}, {'tag': 'iframe', 'src': 'https://ads.independent.com.mt/www/delivery/afr.php?zoneid=147&cb=28', 'aria_label': None, 'class': ['tmiads'], 'id': 'a65e2a3a', 'text': ''}, {'tag': 'iframe', 'src': 'https://ads.independent.com.mt/www/delivery/afr.php?zoneid=34&cb=113', 'aria_label': None, 'class': ['tmiads'], 'id': 'ac264775', 'text': ''}]",14,1,114,0.079002079002079,93,0,2,0,0,0,197,14,0,50,12,0.0,0.2538,0.8571,122,independent,article_pages
197,33,62,22,0,1,42,5,13355,2157,23,8,"[{'tag': 'iframe', 'src': 'https://ads.independent.com.mt/www/delivery/afr.php?zoneid=36&cb=139', 'aria_label': None, 'class': ['tmiads'], 'id': 'af87707c', 'text': ''}, {'tag': 'iframe', 'src': 'https://ads.independent.com.mt/www/delivery/afr.php?zoneid=144&cb=9', 'aria_label': None, 'class': ['tmiads'], 'id': 'a7d95b78', 'text': ''}, {'tag': 'iframe', 'src': 'https://ads.independent.com.mt/www/delivery/afr.php?zoneid=141&cb=41', 'aria_label': None, 'class': ['tmiads'], 'id': 'a1353246', 'text': ''}, {'tag': 'iframe', 'src': 'https://ads.independent.com.mt/www/delivery/afr.php?resize=1&zoneid=22&target=_blank&cb=59', 'aria_label': None, 'class': ['tmiads'], 'id': 'ad1ea670', 'text': ''}, {'tag': 'iframe', 'src': 'https://ads.independent.com.mt/www/delivery/afr.php?zoneid=35&cb=196', 'aria_label': None, 'class': ['tmiads'], 'id': 'abcfa804', 'text': ''}, {'tag': 'iframe', 'src': 'https://ads.independent.com.mt/www/delivery/afr.php?zoneid=140&cb=46', 'aria_label': None, 'class': ['tmiads'], 'id': 'afcbf42a', 'text': ''}, {'tag': 'iframe', 'src': 'https://ads.independent.com.mt/www/delivery/afr.php?zoneid=147&cb=28', 'aria_label': None, 'class': ['tmiads'], 'id': 'a65e2a3a', 'text': ''}, {'tag': 'iframe', 'src': 'https://ads.independent.com.mt/www/delivery/afr.php?zoneid=34&cb=113', 'aria_label': None, 'class': ['tmiads'], 'id': 'ac264775', 'text': ''}]",14,1,114,0.079002079002079,93,0,2,0,0,0,197,14,0,50,12,0.0,0.2538,0.8571,123,independent,article_pages
197,33,62,22,0,1,42,5,13355,2157,23,8,"[{'tag': 'iframe', 'src': 'https://ads.independent.com.mt/www/delivery/afr.php?zoneid=36&cb=139', 'aria_label': None, 'class': ['tmiads'], 'id': 'af87707c', 'text': ''}, {'tag': 'iframe', 'src': 'https://ads.independent.com.mt/www/delivery/afr.php?zoneid=144&cb=9', 'aria_label': None, 'class': ['tmiads'], 'id': 'a7d95b78', 'text': ''}, {'tag': 'iframe', 'src': 'https://ads.independent.com.mt/www/delivery/afr.php?zoneid=141&cb=41', 'aria_label': None, 'class': ['tmiads'], 'id': 'a1353246', 'text': ''}, {'tag': 'iframe', 'src': 'https://ads.independent.com.mt/www/delivery/afr.php?resize=1&zoneid=22&target=_blank&cb=59', 'aria_label': None, 'class': ['tmiads'], 'id': 'ad1ea670', 'text': ''}, {'tag': 'iframe', 'src': 'https://ads.independent.com.mt/www/delivery/afr.php?zoneid=35&cb=196', 'aria_label': None, 'class': ['tmiads'], 'id': 'abcfa804', 'text': ''}, {'tag': 'iframe', 'src': 'https://ads.independent.com.mt/www/delivery/afr.php?zoneid=140&cb=46', 'aria_label': None, 'class': ['tmiads'], 'id': 'afcbf42a', 'text': ''}, {'tag': 'iframe', 'src': 'https://ads.independent.com.mt/www/delivery/afr.php?zoneid=147&cb=28', 'aria_label': None, 'class': ['tmiads'], 'id': 'a65e2a3a', 'text': ''}, {'tag': 'iframe', 'src': 'https://ads.independent.com.mt/www/delivery/afr.php?zoneid=34&cb=113', 'aria_label': None, 'class': ['tmiads'], 'id': 'ac264775', 'text': ''}]",14,1,114,0.079002079002079,93,0,2,0,0,0,197,14,0,50,12,0.0,0.2538,0.8571,124,independent,article_pages
197,33,62,22,0,1,42,5,13355,2157,23,8,"[{'tag': 'iframe', 'src': 'https://ads.independent.com.mt/www/delivery/afr.php?zoneid=36&cb=139', 'aria_label': None, 'class': ['tmiads'], 'id': 'af87707c', 'text': ''}, {'tag': 'iframe', 'src': 'https://ads.independent.com.mt/www/delivery/afr.php?zoneid=144&cb=9', 'aria_label': None, 'class': ['tmiads'], 'id': 'a7d95b78', 'text': ''}, {'tag': 'iframe', 'src': 'https://ads.independent.com.mt/www/delivery/afr.php?zoneid=141&cb=41', 'aria_label': None, 'class': ['tmiads'], 'id': 'a1353246', 'text': ''}, {'tag': 'iframe', 'src': 'https://ads.independent.com.mt/www/delivery/afr.php?resize=1&zoneid=22&target=_blank&cb=59', 'aria_label': None, 'class': ['tmiads'], 'id': 'ad1ea670', 'text': ''}, {'tag': 'iframe', 'src': 'https://ads.independent.com.mt/www/delivery/afr.php?zoneid=35&cb=196', 'aria_label': None, 'class': ['tmiads'], 'id': 'abcfa804', 'text': ''}, {'tag': 'iframe', 'src': 'https://ads.independent.com.mt/www/delivery/afr.php?zoneid=140&cb=46', 'aria_label': None, 'class': ['tmiads'], 'id': 'afcbf42a', 'text': ''}, {'tag': 'iframe', 'src': 'https://ads.independent.com.mt/www/delivery/afr.php?zoneid=147&cb=28', 'aria_label': None, 'class': ['tmiads'], 'id': 'a65e2a3a', 'text': ''}, {'tag': 'iframe', 'src': 'https://ads.independent.com.mt/www/delivery/afr.php?zoneid=34&cb=113', 'aria_label': None, 'class': ['tmiads'], 'id': 'ac264775', 'text': ''}]",14,1,114,0.079002079002079,93,0,2,0,0,0,197,14,0,50,12,0.0,0.2538,0.8571,125,independent,article_pages
197,33,62,22,0,1,42,5,13355,2157,23,8,"[{'tag': 'iframe', 'src': 'https://ads.independent.com.mt/www/delivery/afr.php?zoneid=36&cb=139', 'aria_label': None, 'class': ['tmiads'], 'id': 'af87707c', 'text': ''}, {'tag': 'iframe', 'src': 'https://ads.independent.com.mt/www/delivery/afr.php?zoneid=144&cb=9', 'aria_label': None, 'class': ['tmiads'], 'id': 'a7d95b78', 'text': ''}, {'tag': 'iframe', 'src': 'https://ads.independent.com.mt/www/delivery/afr.php?zoneid=141&cb=41', 'aria_label': None, 'class': ['tmiads'], 'id': 'a1353246', 'text': ''}, {'tag': 'iframe', 'src': 'https://ads.independent.com.mt/www/delivery/afr.php?resize=1&zoneid=22&target=_blank&cb=59', 'aria_label': None, 'class': ['tmiads'], 'id': 'ad1ea670', 'text': ''}, {'tag': 'iframe', 'src': 'https://ads.independent.com.mt/www/delivery/afr.php?zoneid=35&cb=196', 'aria_label': None, 'class': ['tmiads'], 'id': 'abcfa804', 'text': ''}, {'tag': 'iframe', 'src': 'https://ads.independent.com.mt/www/delivery/afr.php?zoneid=140&cb=46', 'aria_label': None, 'class': ['tmiads'], 'id': 'afcbf42a', 'text': ''}, {'tag': 'iframe', 'src': 'https://ads.independent.com.mt/www/delivery/afr.php?zoneid=147&cb=28', 'aria_label': None, 'class': ['tmiads'], 'id': 'a65e2a3a', 'text': ''}, {'tag': 'iframe', 'src': 'https://ads.independent.com.mt/www/delivery/afr.php?zoneid=34&cb=113', 'aria_label': None, 'class': ['tmiads'], 'id': 'ac264775', 'text': ''}]",14,1,114,0.079002079002079,93,0,2,0,0,0,197,14,0,50,12,0.0,0.2538,0.8571,126,independent,article_pages
197,33,62,22,0,1,42,5,13355,2157,23,8,"[{'tag': 'iframe', 'src': 'https://ads.independent.com.mt/www/delivery/afr.php?zoneid=36&cb=139', 'aria_label': None, 'class': ['tmiads'], 'id': 'af87707c', 'text': ''}, {'tag': 'iframe', 'src': 'https://ads.independent.com.mt/www/delivery/afr.php?zoneid=144&cb=9', 'aria_label': None, 'class': ['tmiads'], 'id': 'a7d95b78', 'text': ''}, {'tag': 'iframe', 'src': 'https://ads.independent.com.mt/www/delivery/afr.php?zoneid=141&cb=41', 'aria_label': None, 'class': ['tmiads'], 'id': 'a1353246', 'text': ''}, {'tag': 'iframe', 'src': 'https://ads.independent.com.mt/www/delivery/afr.php?resize=1&zoneid=22&target=_blank&cb=59', 'aria_label': None, 'class': ['tmiads'], 'id': 'ad1ea670', 'text': ''}, {'tag': 'iframe', 'src': 'https://ads.independent.com.mt/www/delivery/afr.php?zoneid=35&cb=196', 'aria_label': None, 'class': ['tmiads'], 'id': 'abcfa804', 'text': ''}, {'tag': 'iframe', 'src': 'https://ads.independent.com.mt/www/delivery/afr.php?zoneid=140&cb=46', 'aria_label': None, 'class': ['tmiads'], 'id': 'afcbf42a', 'text': ''}, {'tag': 'iframe', 'src': 'https://ads.independent.com.mt/www/delivery/afr.php?zoneid=147&cb=28', 'aria_label': None, 'class': ['tmiads'], 'id': 'a65e2a3a', 'text': ''}, {'tag': 'iframe', 'src': 'https://ads.independent.com.mt/www/delivery/afr.php?zoneid=34&cb=113', 'aria_label': None, 'class': ['tmiads'], 'id': 'ac264775', 'text': ''}]",14,1,114,0.079002079002079,93,0,2,0,0,0,197,14,0,50,12,0.0,0.2538,0.8571,127,independent,article_pages
197,33,62,22,0,1,42,5,13355,2157,23,8,"[{'tag': 'iframe', 'src': 'https://ads.independent.com.mt/www/delivery/afr.php?zoneid=36&cb=139', 'aria_label': None, 'class': ['tmiads'], 'id': 'af87707c', 'text': ''}, {'tag': 'iframe', 'src': 'https://ads.independent.com.mt/www/delivery/afr.php?zoneid=144&cb=9', 'aria_label': None, 'class': ['tmiads'], 'id': 'a7d95b78', 'text': ''}, {'tag': 'iframe', 'src': 'https://ads.independent.com.mt/www/delivery/afr.php?zoneid=141&cb=41', 'aria_label': None, 'class': ['tmiads'], 'id': 'a1353246', 'text': ''}, {'tag': 'iframe', 'src': 'https://ads.independent.com.mt/www/delivery/afr.php?resize=1&zoneid=22&target=_blank&cb=59', 'aria_label': None, 'class': ['tmiads'], 'id': 'ad1ea670', 'text': ''}, {'tag': 'iframe', 'src': 'https://ads.independent.com.mt/www/delivery/afr.php?zoneid=35&cb=196', 'aria_label': None, 'class': ['tmiads'], 'id': 'abcfa804', 'text': ''}, {'tag': 'iframe', 'src': 'https://ads.independent.com.mt/www/delivery/afr.php?zoneid=140&cb=46', 'aria_label': None, 'class': ['tmiads'], 'id': 'afcbf42a', 'text': ''}, {'tag': 'iframe', 'src': 'https://ads.independent.com.mt/www/delivery/afr.php?zoneid=147&cb=28', 'aria_label': None, 'class': ['tmiads'], 'id': 'a65e2a3a', 'text': ''}, {'tag': 'iframe', 'src': 'https://ads.independent.com.mt/www/delivery/afr.php?zoneid=34&cb=113', 'aria_label': None, 'class': ['tmiads'], 'id': 'ac264775', 'text': ''}]",14,1,114,0.079002079002079,93,0,2,0,0,0,197,14,0,50,12,0.0,0.2538,0.8571,128,independent,article_pages
197,33,62,22,0,1,42,5,13355,2157,23,8,"[{'tag': 'iframe', 'src': 'https://ads.independent.com.mt/www/delivery/afr.php?zoneid=36&cb=139', 'aria_label': None, 'class': ['tmiads'], 'id': 'af87707c', 'text': ''}, {'tag': 'iframe', 'src': 'https://ads.independent.com.mt/www/delivery/afr.php?zoneid=144&cb=9', 'aria_label': None, 'class': ['tmiads'], 'id': 'a7d95b78', 'text': ''}, {'tag': 'iframe', 'src': 'https://ads.independent.com.mt/www/delivery/afr.php?zoneid=141&cb=41', 'aria_label': None, 'class': ['tmiads'], 'id': 'a1353246', 'text': ''}, {'tag': 'iframe', 'src': 'https://ads.independent.com.mt/www/delivery/afr.php?resize=1&zoneid=22&target=_blank&cb=59', 'aria_label': None, 'class': ['tmiads'], 'id': 'ad1ea670', 'text': ''}, {'tag': 'iframe', 'src': 'https://ads.independent.com.mt/www/delivery/afr.php?zoneid=35&cb=196', 'aria_label': None, 'class': ['tmiads'], 'id': 'abcfa804', 'text': ''}, {'tag': 'iframe', 'src': 'https://ads.independent.com.mt/www/delivery/afr.php?zoneid=140&cb=46', 'aria_label': None, 'class': ['tmiads'], 'id': 'afcbf42a', 'text': ''}, {'tag': 'iframe', 'src': 'https://ads.independent.com.mt/www/delivery/afr.php?zoneid=147&cb=28', 'aria_label': None, 'class': ['tmiads'], 'id': 'a65e2a3a', 'text': ''}, {'tag': 'iframe', 'src': 'https://ads.independent.com.mt/www/delivery/afr.php?zoneid=34&cb=113', 'aria_label': None, 'class': ['tmiads'], 'id': 'ac264775', 'text': ''}]",14,1,114,0.079002079002079,93,0,2,0,0,0,197,14,0,50,12,0.0,0.2538,0.8571,129,independent,article_pages
197,33,62,22,0,1,42,5,13355,2157,23,8,"[{'tag': 'iframe', 'src': 'https://ads.independent.com.mt/www/delivery/afr.php?zoneid=36&cb=139', 'aria_label': None, 'class': ['tmiads'], 'id': 'af87707c', 'text': ''}, {'tag': 'iframe', 'src': 'https://ads.independent.com.mt/www/delivery/afr.php?zoneid=144&cb=9', 'aria_label': None, 'class': ['tmiads'], 'id': 'a7d95b78', 'text': ''}, {'tag': 'iframe', 'src': 'https://ads.independent.com.mt/www/delivery/afr.php?zoneid=141&cb=41', 'aria_label': None, 'class': ['tmiads'], 'id': 'a1353246', 'text': ''}, {'tag': 'iframe', 'src': 'https://ads.independent.com.mt/www/delivery/afr.php?resize=1&zoneid=22&target=_blank&cb=59', 'aria_label': None, 'class': ['tmiads'], 'id': 'ad1ea670', 'text': ''}, {'tag': 'iframe', 'src': 'https://ads.independent.com.mt/www/delivery/afr.php?zoneid=35&cb=196', 'aria_label': None, 'class': ['tmiads'], 'id': 'abcfa804', 'text': ''}, {'tag': 'iframe', 'src': 'https://ads.independent.com.mt/www/delivery/afr.php?zoneid=140&cb=46', 'aria_label': None, 'class': ['tmiads'], 'id': 'afcbf42a', 'text': ''}, {'tag': 'iframe', 'src': 'https://ads.independent.com.mt/www/delivery/afr.php?zoneid=147&cb=28', 'aria_label': None, 'class': ['tmiads'], 'id': 'a65e2a3a', 'text': ''}, {'tag': 'iframe', 'src': 'https://ads.independent.com.mt/www/delivery/afr.php?zoneid=34&cb=113', 'aria_label': None, 'class': ['tmiads'], 'id': 'ac264775', 'text': ''}]",14,1,114,0.079002079002079,93,0,2,0,0,0,197,14,0,50,12,0.0,0.2538,0.8571,130,independent,article_pages
197,33,62,22,0,1,42,5,13355,2157,23,8,"[{'tag': 'iframe', 'src': 'https://ads.independent.com.mt/www/delivery/afr.php?zoneid=36&cb=139', 'aria_label': None, 'class': ['tmiads'], 'id': 'af87707c', 'text': ''}, {'tag': 'iframe', 'src': 'https://ads.independent.com.mt/www/delivery/afr.php?zoneid=144&cb=9', 'aria_label': None, 'class': ['tmiads'], 'id': 'a7d95b78', 'text': ''}, {'tag': 'iframe', 'src': 'https://ads.independent.com.mt/www/delivery/afr.php?zoneid=141&cb=41', 'aria_label': None, 'class': ['tmiads'], 'id': 'a1353246', 'text': ''}, {'tag': 'iframe', 'src': 'https://ads.independent.com.mt/www/delivery/afr.php?resize=1&zoneid=22&target=_blank&cb=59', 'aria_label': None, 'class': ['tmiads'], 'id': 'ad1ea670', 'text': ''}, {'tag': 'iframe', 'src': 'https://ads.independent.com.mt/www/delivery/afr.php?zoneid=35&cb=196', 'aria_label': None, 'class': ['tmiads'], 'id': 'abcfa804', 'text': ''}, {'tag': 'iframe', 'src': 'https://ads.independent.com.mt/www/delivery/afr.php?zoneid=140&cb=46', 'aria_label': None, 'class': ['tmiads'], 'id': 'afcbf42a', 'text': ''}, {'tag': 'iframe', 'src': 'https://ads.independent.com.mt/www/delivery/afr.php?zoneid=147&cb=28', 'aria_label': None, 'class': ['tmiads'], 'id': 'a65e2a3a', 'text': ''}, {'tag': 'iframe', 'src': 'https://ads.independent.com.mt/www/delivery/afr.php?zoneid=34&cb=113', 'aria_label': None, 'class': ['tmiads'], 'id': 'ac264775', 'text': ''}]",14,1,114,0.079002079002079,93,0,2,0,0,0,197,14,0,50,12,0.0,0.2538,0.8571,131,independent,article_pages
197,33,62,22,0,1,42,5,13355,2157,23,8,"[{'tag': 'iframe', 'src': 'https://ads.independent.com.mt/www/delivery/afr.php?zoneid=36&cb=139', 'aria_label': None, 'class': ['tmiads'], 'id': 'af87707c', 'text': ''}, {'tag': 'iframe', 'src': 'https://ads.independent.com.mt/www/delivery/afr.php?zoneid=144&cb=9', 'aria_label': None, 'class': ['tmiads'], 'id': 'a7d95b78', 'text': ''}, {'tag': 'iframe', 'src': 'https://ads.independent.com.mt/www/delivery/afr.php?zoneid=141&cb=41', 'aria_label': None, 'class': ['tmiads'], 'id': 'a1353246', 'text': ''}, {'tag': 'iframe', 'src': 'https://ads.independent.com.mt/www/delivery/afr.php?resize=1&zoneid=22&target=_blank&cb=59', 'aria_label': None, 'class': ['tmiads'], 'id': 'ad1ea670', 'text': ''}, {'tag': 'iframe', 'src': 'https://ads.independent.com.mt/www/delivery/afr.php?zoneid=35&cb=196', 'aria_label': None, 'class': ['tmiads'], 'id': 'abcfa804', 'text': ''}, {'tag': 'iframe', 'src': 'https://ads.independent.com.mt/www/delivery/afr.php?zoneid=140&cb=46', 'aria_label': None, 'class': ['tmiads'], 'id': 'afcbf42a', 'text': ''}, {'tag': 'iframe', 'src': 'https://ads.independent.com.mt/www/delivery/afr.php?zoneid=147&cb=28', 'aria_label': None, 'class': ['tmiads'], 'id': 'a65e2a3a', 'text': ''}, {'tag': 'iframe', 'src': 'https://ads.independent.com.mt/www/delivery/afr.php?zoneid=34&cb=113', 'aria_label': None, 'class': ['tmiads'], 'id': 'ac264775', 'text': ''}]",14,1,114,0.079002079002079,93,0,2,0,0,0,197,14,0,50,12,0.0,0.2538,0.8571,132,independent,article_pages
197,33,62,22,0,1,42,5,13355,2157,23,8,"[{'tag': 'iframe', 'src': 'https://ads.independent.com.mt/www/delivery/afr.php?zoneid=36&cb=139', 'aria_label': None, 'class': ['tmiads'], 'id': 'af87707c', 'text': ''}, {'tag': 'iframe', 'src': 'https://ads.independent.com.mt/www/delivery/afr.php?zoneid=144&cb=9', 'aria_label': None, 'class': ['tmiads'], 'id': 'a7d95b78', 'text': ''}, {'tag': 'iframe', 'src': 'https://ads.independent.com.mt/www/delivery/afr.php?zoneid=141&cb=41', 'aria_label': None, 'class': ['tmiads'], 'id': 'a1353246', 'text': ''}, {'tag': 'iframe', 'src': 'https://ads.independent.com.mt/www/delivery/afr.php?resize=1&zoneid=22&target=_blank&cb=59', 'aria_label': None, 'class': ['tmiads'], 'id': 'ad1ea670', 'text': ''}, {'tag': 'iframe', 'src': 'https://ads.independent.com.mt/www/delivery/afr.php?zoneid=35&cb=196', 'aria_label': None, 'class': ['tmiads'], 'id': 'abcfa804', 'text': ''}, {'tag': 'iframe', 'src': 'https://ads.independent.com.mt/www/delivery/afr.php?zoneid=140&cb=46', 'aria_label': None, 'class': ['tmiads'], 'id': 'afcbf42a', 'text': ''}, {'tag': 'iframe', 'src': 'https://ads.independent.com.mt/www/delivery/afr.php?zoneid=147&cb=28', 'aria_label': None, 'class': ['tmiads'], 'id': 'a65e2a3a', 'text': ''}, {'tag': 'iframe', 'src': 'https://ads.independent.com.mt/www/delivery/afr.php?zoneid=34&cb=113', 'aria_label': None, 'class': ['tmiads'], 'id': 'ac264775', 'text': ''}]",14,1,114,0.079002079002079,93,0,2,0,0,0,197,14,0,50,12,0.0,0.2538,0.8571,133,independent,article_pages
197,33,62,22,0,1,42,5,13355,2157,23,8,"[{'tag': 'iframe', 'src': 'https://ads.independent.com.mt/www/delivery/afr.php?zoneid=36&cb=139', 'aria_label': None, 'class': ['tmiads'], 'id': 'af87707c', 'text': ''}, {'tag': 'iframe', 'src': 'https://ads.independent.com.mt/www/delivery/afr.php?zoneid=144&cb=9', 'aria_label': None, 'class': ['tmiads'], 'id': 'a7d95b78', 'text': ''}, {'tag': 'iframe', 'src': 'https://ads.independent.com.mt/www/delivery/afr.php?zoneid=141&cb=41', 'aria_label': None, 'class': ['tmiads'], 'id': 'a1353246', 'text': ''}, {'tag': 'iframe', 'src': 'https://ads.independent.com.mt/www/delivery/afr.php?resize=1&zoneid=22&target=_blank&cb=59', 'aria_label': None, 'class': ['tmiads'], 'id': 'ad1ea670', 'text': ''}, {'tag': 'iframe', 'src': 'https://ads.independent.com.mt/www/delivery/afr.php?zoneid=35&cb=196', 'aria_label': None, 'class': ['tmiads'], 'id': 'abcfa804', 'text': ''}, {'tag': 'iframe', 'src': 'https://ads.independent.com.mt/www/delivery/afr.php?zoneid=140&cb=46', 'aria_label': None, 'class': ['tmiads'], 'id': 'afcbf42a', 'text': ''}, {'tag': 'iframe', 'src': 'https://ads.independent.com.mt/www/delivery/afr.php?zoneid=147&cb=28', 'aria_label': None, 'class': ['tmiads'], 'id': 'a65e2a3a', 'text': ''}, {'tag': 'iframe', 'src': 'https://ads.independent.com.mt/www/delivery/afr.php?zoneid=34&cb=113', 'aria_label': None, 'class': ['tmiads'], 'id': 'ac264775', 'text': ''}]",14,1,114,0.079002079002079,93,0,2,0,0,0,197,14,0,50,12,0.0,0.2538,0.8571,134,independent,article_pages
197,33,62,22,0,1,42,5,13355,2157,23,8,"[{'tag': 'iframe', 'src': 'https://ads.independent.com.mt/www/delivery/afr.php?zoneid=36&cb=139', 'aria_label': None, 'class': ['tmiads'], 'id': 'af87707c', 'text': ''}, {'tag': 'iframe', 'src': 'https://ads.independent.com.mt/www/delivery/afr.php?zoneid=144&cb=9', 'aria_label': None, 'class': ['tmiads'], 'id': 'a7d95b78', 'text': ''}, {'tag': 'iframe', 'src': 'https://ads.independent.com.mt/www/delivery/afr.php?zoneid=141&cb=41', 'aria_label': None, 'class': ['tmiads'], 'id': 'a1353246', 'text': ''}, {'tag': 'iframe', 'src': 'https://ads.independent.com.mt/www/delivery/afr.php?resize=1&zoneid=22&target=_blank&cb=59', 'aria_label': None, 'class': ['tmiads'], 'id': 'ad1ea670', 'text': ''}, {'tag': 'iframe', 'src': 'https://ads.independent.com.mt/www/delivery/afr.php?zoneid=35&cb=196', 'aria_label': None, 'class': ['tmiads'], 'id': 'abcfa804', 'text': ''}, {'tag': 'iframe', 'src': 'https://ads.independent.com.mt/www/delivery/afr.php?zoneid=140&cb=46', 'aria_label': None, 'class': ['tmiads'], 'id': 'afcbf42a', 'text': ''}, {'tag': 'iframe', 'src': 'https://ads.independent.com.mt/www/delivery/afr.php?zoneid=147&cb=28', 'aria_label': None, 'class': ['tmiads'], 'id': 'a65e2a3a', 'text': ''}, {'tag': 'iframe', 'src': 'https://ads.independent.com.mt/www/delivery/afr.php?zoneid=34&cb=113', 'aria_label': None, 'class': ['tmiads'], 'id': 'ac264775', 'text': ''}]",14,1,114,0.079002079002079,93,0,2,0,0,0,197,14,0,50,12,0.0,0.2538,0.8571,135,independent,article_pages
197,33,62,22,0,1,42,5,13355,2157,23,8,"[{'tag': 'iframe', 'src': 'https://ads.independent.com.mt/www/delivery/afr.php?zoneid=36&cb=139', 'aria_label': None, 'class': ['tmiads'], 'id': 'af87707c', 'text': ''}, {'tag': 'iframe', 'src': 'https://ads.independent.com.mt/www/delivery/afr.php?zoneid=144&cb=9', 'aria_label': None, 'class': ['tmiads'], 'id': 'a7d95b78', 'text': ''}, {'tag': 'iframe', 'src': 'https://ads.independent.com.mt/www/delivery/afr.php?zoneid=141&cb=41', 'aria_label': None, 'class': ['tmiads'], 'id': 'a1353246', 'text': ''}, {'tag': 'iframe', 'src': 'https://ads.independent.com.mt/www/delivery/afr.php?resize=1&zoneid=22&target=_blank&cb=59', 'aria_label': None, 'class': ['tmiads'], 'id': 'ad1ea670', 'text': ''}, {'tag': 'iframe', 'src': 'https://ads.independent.com.mt/www/delivery/afr.php?zoneid=35&cb=196', 'aria_label': None, 'class': ['tmiads'], 'id': 'abcfa804', 'text': ''}, {'tag': 'iframe', 'src': 'https://ads.independent.com.mt/www/delivery/afr.php?zoneid=140&cb=46', 'aria_label': None, 'class': ['tmiads'], 'id': 'afcbf42a', 'text': ''}, {'tag': 'iframe', 'src': 'https://ads.independent.com.mt/www/delivery/afr.php?zoneid=147&cb=28', 'aria_label': None, 'class': ['tmiads'], 'id': 'a65e2a3a', 'text': ''}, {'tag': 'iframe', 'src': 'https://ads.independent.com.mt/www/delivery/afr.php?zoneid=34&cb=113', 'aria_label': None, 'class': ['tmiads'], 'id': 'ac264775', 'text': ''}]",14,1,114,0.079002079002079,93,0,2,0,0,0,197,14,0,50,12,0.0,0.2538,0.8571,136,independent,article_pages
197,33,62,22,0,1,42,5,13355,2157,23,8,"[{'tag': 'iframe', 'src': 'https://ads.independent.com.mt/www/delivery/afr.php?zoneid=36&cb=139', 'aria_label': None, 'class': ['tmiads'], 'id': 'af87707c', 'text': ''}, {'tag': 'iframe', 'src': 'https://ads.independent.com.mt/www/delivery/afr.php?zoneid=144&cb=9', 'aria_label': None, 'class': ['tmiads'], 'id': 'a7d95b78', 'text': ''}, {'tag': 'iframe', 'src': 'https://ads.independent.com.mt/www/delivery/afr.php?zoneid=141&cb=41', 'aria_label': None, 'class': ['tmiads'], 'id': 'a1353246', 'text': ''}, {'tag': 'iframe', 'src': 'https://ads.independent.com.mt/www/delivery/afr.php?resize=1&zoneid=22&target=_blank&cb=59', 'aria_label': None, 'class': ['tmiads'], 'id': 'ad1ea670', 'text': ''}, {'tag': 'iframe', 'src': 'https://ads.independent.com.mt/www/delivery/afr.php?zoneid=35&cb=196', 'aria_label': None, 'class': ['tmiads'], 'id': 'abcfa804', 'text': ''}, {'tag': 'iframe', 'src': 'https://ads.independent.com.mt/www/delivery/afr.php?zoneid=140&cb=46', 'aria_label': None, 'class': ['tmiads'], 'id': 'afcbf42a', 'text': ''}, {'tag': 'iframe', 'src': 'https://ads.independent.com.mt/www/delivery/afr.php?zoneid=147&cb=28', 'aria_label': None, 'class': ['tmiads'], 'id': 'a65e2a3a', 'text': ''}, {'tag': 'iframe', 'src': 'https://ads.independent.com.mt/www/delivery/afr.php?zoneid=34&cb=113', 'aria_label': None, 'class': ['tmiads'], 'id': 'ac264775', 'text': ''}]",14,1,114,0.079002079002079,93,0,2,0,0,0,197,14,0,50,12,0.0,0.2538,0.8571,137,independent,article_pages
197,33,62,22,0,1,42,5,13355,2157,23,8,"[{'tag': 'iframe', 'src': 'https://ads.independent.com.mt/www/delivery/afr.php?zoneid=36&cb=139', 'aria_label': None, 'class': ['tmiads'], 'id': 'af87707c', 'text': ''}, {'tag': 'iframe', 'src': 'https://ads.independent.com.mt/www/delivery/afr.php?zoneid=144&cb=9', 'aria_label': None, 'class': ['tmiads'], 'id': 'a7d95b78', 'text': ''}, {'tag': 'iframe', 'src': 'https://ads.independent.com.mt/www/delivery/afr.php?zoneid=141&cb=41', 'aria_label': None, 'class': ['tmiads'], 'id': 'a1353246', 'text': ''}, {'tag': 'iframe', 'src': 'https://ads.independent.com.mt/www/delivery/afr.php?resize=1&zoneid=22&target=_blank&cb=59', 'aria_label': None, 'class': ['tmiads'], 'id': 'ad1ea670', 'text': ''}, {'tag': 'iframe', 'src': 'https://ads.independent.com.mt/www/delivery/afr.php?zoneid=35&cb=196', 'aria_label': None, 'class': ['tmiads'], 'id': 'abcfa804', 'text': ''}, {'tag': 'iframe', 'src': 'https://ads.independent.com.mt/www/delivery/afr.php?zoneid=140&cb=46', 'aria_label': None, 'class': ['tmiads'], 'id': 'afcbf42a', 'text': ''}, {'tag': 'iframe', 'src': 'https://ads.independent.com.mt/www/delivery/afr.php?zoneid=147&cb=28', 'aria_label': None, 'class': ['tmiads'], 'id': 'a65e2a3a', 'text': ''}, {'tag': 'iframe', 'src': 'https://ads.independent.com.mt/www/delivery/afr.php?zoneid=34&cb=113', 'aria_label': None, 'class': ['tmiads'], 'id': 'ac264775', 'text': ''}]",14,1,114,0.079002079002079,93,0,2,0,0,0,197,14,0,50,12,0.0,0.2538,0.8571,138,independent,article_pages
197,33,62,22,0,1,42,5,13355,2157,23,8,"[{'tag': 'iframe', 'src': 'https://ads.independent.com.mt/www/delivery/afr.php?zoneid=36&cb=139', 'aria_label': None, 'class': ['tmiads'], 'id': 'af87707c', 'text': ''}, {'tag': 'iframe', 'src': 'https://ads.independent.com.mt/www/delivery/afr.php?zoneid=144&cb=9', 'aria_label': None, 'class': ['tmiads'], 'id': 'a7d95b78', 'text': ''}, {'tag': 'iframe', 'src': 'https://ads.independent.com.mt/www/delivery/afr.php?zoneid=141&cb=41', 'aria_label': None, 'class': ['tmiads'], 'id': 'a1353246', 'text': ''}, {'tag': 'iframe', 'src': 'https://ads.independent.com.mt/www/delivery/afr.php?resize=1&zoneid=22&target=_blank&cb=59', 'aria_label': None, 'class': ['tmiads'], 'id': 'ad1ea670', 'text': ''}, {'tag': 'iframe', 'src': 'https://ads.independent.com.mt/www/delivery/afr.php?zoneid=35&cb=196', 'aria_label': None, 'class': ['tmiads'], 'id': 'abcfa804', 'text': ''}, {'tag': 'iframe', 'src': 'https://ads.independent.com.mt/www/delivery/afr.php?zoneid=140&cb=46', 'aria_label': None, 'class': ['tmiads'], 'id': 'afcbf42a', 'text': ''}, {'tag': 'iframe', 'src': 'https://ads.independent.com.mt/www/delivery/afr.php?zoneid=147&cb=28', 'aria_label': None, 'class': ['tmiads'], 'id': 'a65e2a3a', 'text': ''}, {'tag': 'iframe', 'src': 'https://ads.independent.com.mt/www/delivery/afr.php?zoneid=34&cb=113', 'aria_label': None, 'class': ['tmiads'], 'id': 'ac264775', 'text': ''}]",14,1,114,0.079002079002079,93,0,2,0,0,0,197,14,0,50,12,0.0,0.2538,0.8571,139,independent,article_pages
197,33,61,22,0,1,25,2,9329,1519,23,8,"[{'tag': 'iframe', 'src': 'https://ads.independent.com.mt/www/delivery/afr.php?zoneid=36&cb=149', 'aria_label': None, 'class': ['tmiads'], 'id': 'af87707c', 'text': ''}, {'tag': 'iframe', 'src': 'https://ads.independent.com.mt/www/delivery/afr.php?zoneid=144&cb=297', 'aria_label': None, 'class': ['tmiads'], 'id': 'a7d95b78', 'text': ''}, {'tag': 'iframe', 'src': 'https://ads.independent.com.mt/www/delivery/afr.php?zoneid=141&cb=52', 'aria_label': None, 'class': ['tmiads'], 'id': 'a1353246', 'text': ''}, {'tag': 'iframe', 'src': 'https://ads.independent.com.mt/www/delivery/afr.php?resize=1&zoneid=22&target=_blank&cb=262', 'aria_label': None, 'class': ['tmiads'], 'id': 'ad1ea670', 'text': ''}, {'tag': 'iframe', 'src': 'https://ads.independent.com.mt/www/delivery/afr.php?zoneid=35&cb=199', 'aria_label': None, 'class': ['tmiads'], 'id': 'abcfa804', 'text': ''}, {'tag': 'iframe', 'src': 'https://ads.independent.com.mt/www/delivery/afr.php?zoneid=140&cb=83', 'aria_label': None, 'class': ['tmiads'], 'id': 'afcbf42a', 'text': ''}, {'tag': 'iframe', 'src': 'https://ads.independent.com.mt/www/delivery/afr.php?zoneid=147&cb=118', 'aria_label': None, 'class': ['tmiads'], 'id': 'a65e2a3a', 'text': ''}, {'tag': 'iframe', 'src': 'https://ads.independent.com.mt/www/delivery/afr.php?zoneid=34&cb=256', 'aria_label': None, 'class': ['tmiads'], 'id': 'ac264775', 'text': ''}]",14,1,114,0.08039492242595205,93,0,2,0,0,0,197,14,0,50,12,0.0,0.2538,0.8571,140,independent,article_pages
197,33,61,22,0,1,25,2,9329,1519,23,8,"[{'tag': 'iframe', 'src': 'https://ads.independent.com.mt/www/delivery/afr.php?zoneid=36&cb=149', 'aria_label': None, 'class': ['tmiads'], 'id': 'af87707c', 'text': ''}, {'tag': 'iframe', 'src': 'https://ads.independent.com.mt/www/delivery/afr.php?zoneid=144&cb=297', 'aria_label': None, 'class': ['tmiads'], 'id': 'a7d95b78', 'text': ''}, {'tag': 'iframe', 'src': 'https://ads.independent.com.mt/www/delivery/afr.php?zoneid=141&cb=52', 'aria_label': None, 'class': ['tmiads'], 'id': 'a1353246', 'text': ''}, {'tag': 'iframe', 'src': 'https://ads.independent.com.mt/www/delivery/afr.php?resize=1&zoneid=22&target=_blank&cb=262', 'aria_label': None, 'class': ['tmiads'], 'id': 'ad1ea670', 'text': ''}, {'tag': 'iframe', 'src': 'https://ads.independent.com.mt/www/delivery/afr.php?zoneid=35&cb=199', 'aria_label': None, 'class': ['tmiads'], 'id': 'abcfa804', 'text': ''}, {'tag': 'iframe', 'src': 'https://ads.independent.com.mt/www/delivery/afr.php?zoneid=140&cb=83', 'aria_label': None, 'class': ['tmiads'], 'id': 'afcbf42a', 'text': ''}, {'tag': 'iframe', 'src': 'https://ads.independent.com.mt/www/delivery/afr.php?zoneid=147&cb=118', 'aria_label': None, 'class': ['tmiads'], 'id': 'a65e2a3a', 'text': ''}, {'tag': 'iframe', 'src': 'https://ads.independent.com.mt/www/delivery/afr.php?zoneid=34&cb=256', 'aria_label': None, 'class': ['tmiads'], 'id': 'ac264775', 'text': ''}]",14,1,114,0.08039492242595205,93,0,2,0,0,0,197,14,0,50,12,0.0,0.2538,0.8571,141,independent,article_pages
197,33,61,22,0,1,25,2,9329,1519,23,8,"[{'tag': 'iframe', 'src': 'https://ads.independent.com.mt/www/delivery/afr.php?zoneid=36&cb=149', 'aria_label': None, 'class': ['tmiads'], 'id': 'af87707c', 'text': ''}, {'tag': 'iframe', 'src': 'https://ads.independent.com.mt/www/delivery/afr.php?zoneid=144&cb=297', 'aria_label': None, 'class': ['tmiads'], 'id': 'a7d95b78', 'text': ''}, {'tag': 'iframe', 'src': 'https://ads.independent.com.mt/www/delivery/afr.php?zoneid=141&cb=52', 'aria_label': None, 'class': ['tmiads'], 'id': 'a1353246', 'text': ''}, {'tag': 'iframe', 'src': 'https://ads.independent.com.mt/www/delivery/afr.php?resize=1&zoneid=22&target=_blank&cb=262', 'aria_label': None, 'class': ['tmiads'], 'id': 'ad1ea670', 'text': ''}, {'tag': 'iframe', 'src': 'https://ads.independent.com.mt/www/delivery/afr.php?zoneid=35&cb=199', 'aria_label': None, 'class': ['tmiads'], 'id': 'abcfa804', 'text': ''}, {'tag': 'iframe', 'src': 'https://ads.independent.com.mt/www/delivery/afr.php?zoneid=140&cb=83', 'aria_label': None, 'class': ['tmiads'], 'id': 'afcbf42a', 'text': ''}, {'tag': 'iframe', 'src': 'https://ads.independent.com.mt/www/delivery/afr.php?zoneid=147&cb=118', 'aria_label': None, 'class': ['tmiads'], 'id': 'a65e2a3a', 'text': ''}, {'tag': 'iframe', 'src': 'https://ads.independent.com.mt/www/delivery/afr.php?zoneid=34&cb=256', 'aria_label': None, 'class': ['tmiads'], 'id': 'ac264775', 'text': ''}]",14,1,114,0.08039492242595205,93,0,2,0,0,0,197,14,0,50,12,0.0,0.2538,0.8571,142,independent,article_pages
197,33,61,22,0,1,25,2,9329,1519,23,8,"[{'tag': 'iframe', 'src': 'https://ads.independent.com.mt/www/delivery/afr.php?zoneid=36&cb=149', 'aria_label': None, 'class': ['tmiads'], 'id': 'af87707c', 'text': ''}, {'tag': 'iframe', 'src': 'https://ads.independent.com.mt/www/delivery/afr.php?zoneid=144&cb=297', 'aria_label': None, 'class': ['tmiads'], 'id': 'a7d95b78', 'text': ''}, {'tag': 'iframe', 'src': 'https://ads.independent.com.mt/www/delivery/afr.php?zoneid=141&cb=52', 'aria_label': None, 'class': ['tmiads'], 'id': 'a1353246', 'text': ''}, {'tag': 'iframe', 'src': 'https://ads.independent.com.mt/www/delivery/afr.php?resize=1&zoneid=22&target=_blank&cb=262', 'aria_label': None, 'class': ['tmiads'], 'id': 'ad1ea670', 'text': ''}, {'tag': 'iframe', 'src': 'https://ads.independent.com.mt/www/delivery/afr.php?zoneid=35&cb=199', 'aria_label': None, 'class': ['tmiads'], 'id': 'abcfa804', 'text': ''}, {'tag': 'iframe', 'src': 'https://ads.independent.com.mt/www/delivery/afr.php?zoneid=140&cb=83', 'aria_label': None, 'class': ['tmiads'], 'id': 'afcbf42a', 'text': ''}, {'tag': 'iframe', 'src': 'https://ads.independent.com.mt/www/delivery/afr.php?zoneid=147&cb=118', 'aria_label': None, 'class': ['tmiads'], 'id': 'a65e2a3a', 'text': ''}, {'tag': 'iframe', 'src': 'https://ads.independent.com.mt/www/delivery/afr.php?zoneid=34&cb=256', 'aria_label': None, 'class': ['tmiads'], 'id': 'ac264775', 'text': ''}]",14,1,114,0.08039492242595205,93,0,2,0,0,0,197,14,0,50,12,0.0,0.2538,0.8571,143,independent,article_pages
197,33,61,22,0,1,25,2,9329,1519,23,8,"[{'tag': 'iframe', 'src': 'https://ads.independent.com.mt/www/delivery/afr.php?zoneid=36&cb=149', 'aria_label': None, 'class': ['tmiads'], 'id': 'af87707c', 'text': ''}, {'tag': 'iframe', 'src': 'https://ads.independent.com.mt/www/delivery/afr.php?zoneid=144&cb=297', 'aria_label': None, 'class': ['tmiads'], 'id': 'a7d95b78', 'text': ''}, {'tag': 'iframe', 'src': 'https://ads.independent.com.mt/www/delivery/afr.php?zoneid=141&cb=52', 'aria_label': None, 'class': ['tmiads'], 'id': 'a1353246', 'text': ''}, {'tag': 'iframe', 'src': 'https://ads.independent.com.mt/www/delivery/afr.php?resize=1&zoneid=22&target=_blank&cb=262', 'aria_label': None, 'class': ['tmiads'], 'id': 'ad1ea670', 'text': ''}, {'tag': 'iframe', 'src': 'https://ads.independent.com.mt/www/delivery/afr.php?zoneid=35&cb=199', 'aria_label': None, 'class': ['tmiads'], 'id': 'abcfa804', 'text': ''}, {'tag': 'iframe', 'src': 'https://ads.independent.com.mt/www/delivery/afr.php?zoneid=140&cb=83', 'aria_label': None, 'class': ['tmiads'], 'id': 'afcbf42a', 'text': ''}, {'tag': 'iframe', 'src': 'https://ads.independent.com.mt/www/delivery/afr.php?zoneid=147&cb=118', 'aria_label': None, 'class': ['tmiads'], 'id': 'a65e2a3a', 'text': ''}, {'tag': 'iframe', 'src': 'https://ads.independent.com.mt/www/delivery/afr.php?zoneid=34&cb=256', 'aria_label': None, 'class': ['tmiads'], 'id': 'ac264775', 'text': ''}]",14,1,114,0.08039492242595205,93,0,2,0,0,0,197,14,0,50,12,0.0,0.2538,0.8571,144,independent,article_pages
197,33,61,22,0,1,25,2,9329,1519,23,8,"[{'tag': 'iframe', 'src': 'https://ads.independent.com.mt/www/delivery/afr.php?zoneid=36&cb=149', 'aria_label': None, 'class': ['tmiads'], 'id': 'af87707c', 'text': ''}, {'tag': 'iframe', 'src': 'https://ads.independent.com.mt/www/delivery/afr.php?zoneid=144&cb=297', 'aria_label': None, 'class': ['tmiads'], 'id': 'a7d95b78', 'text': ''}, {'tag': 'iframe', 'src': 'https://ads.independent.com.mt/www/delivery/afr.php?zoneid=141&cb=52', 'aria_label': None, 'class': ['tmiads'], 'id': 'a1353246', 'text': ''}, {'tag': 'iframe', 'src': 'https://ads.independent.com.mt/www/delivery/afr.php?resize=1&zoneid=22&target=_blank&cb=262', 'aria_label': None, 'class': ['tmiads'], 'id': 'ad1ea670', 'text': ''}, {'tag': 'iframe', 'src': 'https://ads.independent.com.mt/www/delivery/afr.php?zoneid=35&cb=199', 'aria_label': None, 'class': ['tmiads'], 'id': 'abcfa804', 'text': ''}, {'tag': 'iframe', 'src': 'https://ads.independent.com.mt/www/delivery/afr.php?zoneid=140&cb=83', 'aria_label': None, 'class': ['tmiads'], 'id': 'afcbf42a', 'text': ''}, {'tag': 'iframe', 'src': 'https://ads.independent.com.mt/www/delivery/afr.php?zoneid=147&cb=118', 'aria_label': None, 'class': ['tmiads'], 'id': 'a65e2a3a', 'text': ''}, {'tag': 'iframe', 'src': 'https://ads.independent.com.mt/www/delivery/afr.php?zoneid=34&cb=256', 'aria_label': None, 'class': ['tmiads'], 'id': 'ac264775', 'text': ''}]",14,1,114,0.08039492242595205,93,0,2,0,0,0,197,14,0,50,12,0.0,0.2538,0.8571,145,independent,article_pages
197,33,61,22,0,1,25,2,9329,1519,23,8,"[{'tag': 'iframe', 'src': 'https://ads.independent.com.mt/www/delivery/afr.php?zoneid=36&cb=149', 'aria_label': None, 'class': ['tmiads'], 'id': 'af87707c', 'text': ''}, {'tag': 'iframe', 'src': 'https://ads.independent.com.mt/www/delivery/afr.php?zoneid=144&cb=297', 'aria_label': None, 'class': ['tmiads'], 'id': 'a7d95b78', 'text': ''}, {'tag': 'iframe', 'src': 'https://ads.independent.com.mt/www/delivery/afr.php?zoneid=141&cb=52', 'aria_label': None, 'class': ['tmiads'], 'id': 'a1353246', 'text': ''}, {'tag': 'iframe', 'src': 'https://ads.independent.com.mt/www/delivery/afr.php?resize=1&zoneid=22&target=_blank&cb=262', 'aria_label': None, 'class': ['tmiads'], 'id': 'ad1ea670', 'text': ''}, {'tag': 'iframe', 'src': 'https://ads.independent.com.mt/www/delivery/afr.php?zoneid=35&cb=199', 'aria_label': None, 'class': ['tmiads'], 'id': 'abcfa804', 'text': ''}, {'tag': 'iframe', 'src': 'https://ads.independent.com.mt/www/delivery/afr.php?zoneid=140&cb=83', 'aria_label': None, 'class': ['tmiads'], 'id': 'afcbf42a', 'text': ''}, {'tag': 'iframe', 'src': 'https://ads.independent.com.mt/www/delivery/afr.php?zoneid=147&cb=118', 'aria_label': None, 'class': ['tmiads'], 'id': 'a65e2a3a', 'text': ''}, {'tag': 'iframe', 'src': 'https://ads.independent.com.mt/www/delivery/afr.php?zoneid=34&cb=256', 'aria_label': None, 'class': ['tmiads'], 'id': 'ac264775', 'text': ''}]",14,1,114,0.08039492242595205,93,0,2,0,0,0,197,14,0,50,12,0.0,0.2538,0.8571,146,independent,article_pages
197,33,61,22,0,1,25,2,9329,1519,23,8,"[{'tag': 'iframe', 'src': 'https://ads.independent.com.mt/www/delivery/afr.php?zoneid=36&cb=149', 'aria_label': None, 'class': ['tmiads'], 'id': 'af87707c', 'text': ''}, {'tag': 'iframe', 'src': 'https://ads.independent.com.mt/www/delivery/afr.php?zoneid=144&cb=297', 'aria_label': None, 'class': ['tmiads'], 'id': 'a7d95b78', 'text': ''}, {'tag': 'iframe', 'src': 'https://ads.independent.com.mt/www/delivery/afr.php?zoneid=141&cb=52', 'aria_label': None, 'class': ['tmiads'], 'id': 'a1353246', 'text': ''}, {'tag': 'iframe', 'src': 'https://ads.independent.com.mt/www/delivery/afr.php?resize=1&zoneid=22&target=_blank&cb=262', 'aria_label': None, 'class': ['tmiads'], 'id': 'ad1ea670', 'text': ''}, {'tag': 'iframe', 'src': 'https://ads.independent.com.mt/www/delivery/afr.php?zoneid=35&cb=199', 'aria_label': None, 'class': ['tmiads'], 'id': 'abcfa804', 'text': ''}, {'tag': 'iframe', 'src': 'https://ads.independent.com.mt/www/delivery/afr.php?zoneid=140&cb=83', 'aria_label': None, 'class': ['tmiads'], 'id': 'afcbf42a', 'text': ''}, {'tag': 'iframe', 'src': 'https://ads.independent.com.mt/www/delivery/afr.php?zoneid=147&cb=118', 'aria_label': None, 'class': ['tmiads'], 'id': 'a65e2a3a', 'text': ''}, {'tag': 'iframe', 'src': 'https://ads.independent.com.mt/www/delivery/afr.php?zoneid=34&cb=256', 'aria_label': None, 'class': ['tmiads'], 'id': 'ac264775', 'text': ''}]",14,1,114,0.08039492242595205,93,0,2,0,0,0,197,14,0,50,12,0.0,0.2538,0.8571,147,independent,article_pages
197,33,61,22,0,1,25,2,9329,1519,23,8,"[{'tag': 'iframe', 'src': 'https://ads.independent.com.mt/www/delivery/afr.php?zoneid=36&cb=149', 'aria_label': None, 'class': ['tmiads'], 'id': 'af87707c', 'text': ''}, {'tag': 'iframe', 'src': 'https://ads.independent.com.mt/www/delivery/afr.php?zoneid=144&cb=297', 'aria_label': None, 'class': ['tmiads'], 'id': 'a7d95b78', 'text': ''}, {'tag': 'iframe', 'src': 'https://ads.independent.com.mt/www/delivery/afr.php?zoneid=141&cb=52', 'aria_label': None, 'class': ['tmiads'], 'id': 'a1353246', 'text': ''}, {'tag': 'iframe', 'src': 'https://ads.independent.com.mt/www/delivery/afr.php?resize=1&zoneid=22&target=_blank&cb=262', 'aria_label': None, 'class': ['tmiads'], 'id': 'ad1ea670', 'text': ''}, {'tag': 'iframe', 'src': 'https://ads.independent.com.mt/www/delivery/afr.php?zoneid=35&cb=199', 'aria_label': None, 'class': ['tmiads'], 'id': 'abcfa804', 'text': ''}, {'tag': 'iframe', 'src': 'https://ads.independent.com.mt/www/delivery/afr.php?zoneid=140&cb=83', 'aria_label': None, 'class': ['tmiads'], 'id': 'afcbf42a', 'text': ''}, {'tag': 'iframe', 'src': 'https://ads.independent.com.mt/www/delivery/afr.php?zoneid=147&cb=118', 'aria_label': None, 'class': ['tmiads'], 'id': 'a65e2a3a', 'text': ''}, {'tag': 'iframe', 'src': 'https://ads.independent.com.mt/www/delivery/afr.php?zoneid=34&cb=256', 'aria_label': None, 'class': ['tmiads'], 'id': 'ac264775', 'text': ''}]",14,1,114,0.08039492242595205,93,0,2,0,0,0,197,14,0,50,12,0.0,0.2538,0.8571,148,independent,article_pages
197,33,61,22,0,1,25,2,9329,1519,23,8,"[{'tag': 'iframe', 'src': 'https://ads.independent.com.mt/www/delivery/afr.php?zoneid=36&cb=149', 'aria_label': None, 'class': ['tmiads'], 'id': 'af87707c', 'text': ''}, {'tag': 'iframe', 'src': 'https://ads.independent.com.mt/www/delivery/afr.php?zoneid=144&cb=297', 'aria_label': None, 'class': ['tmiads'], 'id': 'a7d95b78', 'text': ''}, {'tag': 'iframe', 'src': 'https://ads.independent.com.mt/www/delivery/afr.php?zoneid=141&cb=52', 'aria_label': None, 'class': ['tmiads'], 'id': 'a1353246', 'text': ''}, {'tag': 'iframe', 'src': 'https://ads.independent.com.mt/www/delivery/afr.php?resize=1&zoneid=22&target=_blank&cb=262', 'aria_label': None, 'class': ['tmiads'], 'id': 'ad1ea670', 'text': ''}, {'tag': 'iframe', 'src': 'https://ads.independent.com.mt/www/delivery/afr.php?zoneid=35&cb=199', 'aria_label': None, 'class': ['tmiads'], 'id': 'abcfa804', 'text': ''}, {'tag': 'iframe', 'src': 'https://ads.independent.com.mt/www/delivery/afr.php?zoneid=140&cb=83', 'aria_label': None, 'class': ['tmiads'], 'id': 'afcbf42a', 'text': ''}, {'tag': 'iframe', 'src': 'https://ads.independent.com.mt/www/delivery/afr.php?zoneid=147&cb=118', 'aria_label': None, 'class': ['tmiads'], 'id': 'a65e2a3a', 'text': ''}, {'tag': 'iframe', 'src': 'https://ads.independent.com.mt/www/delivery/afr.php?zoneid=34&cb=256', 'aria_label': None, 'class': ['tmiads'], 'id': 'ac264775', 'text': ''}]",14,1,114,0.08039492242595205,93,0,2,0,0,0,197,14,0,50,12,0.0,0.2538,0.8571,149,independent,article_pages
197,33,61,22,0,1,25,2,9329,1519,23,8,"[{'tag': 'iframe', 'src': 'https://ads.independent.com.mt/www/delivery/afr.php?zoneid=36&cb=149', 'aria_label': None, 'class': ['tmiads'], 'id': 'af87707c', 'text': ''}, {'tag': 'iframe', 'src': 'https://ads.independent.com.mt/www/delivery/afr.php?zoneid=144&cb=297', 'aria_label': None, 'class': ['tmiads'], 'id': 'a7d95b78', 'text': ''}, {'tag': 'iframe', 'src': 'https://ads.independent.com.mt/www/delivery/afr.php?zoneid=141&cb=52', 'aria_label': None, 'class': ['tmiads'], 'id': 'a1353246', 'text': ''}, {'tag': 'iframe', 'src': 'https://ads.independent.com.mt/www/delivery/afr.php?resize=1&zoneid=22&target=_blank&cb=262', 'aria_label': None, 'class': ['tmiads'], 'id': 'ad1ea670', 'text': ''}, {'tag': 'iframe', 'src': 'https://ads.independent.com.mt/www/delivery/afr.php?zoneid=35&cb=199', 'aria_label': None, 'class': ['tmiads'], 'id': 'abcfa804', 'text': ''}, {'tag': 'iframe', 'src': 'https://ads.independent.com.mt/www/delivery/afr.php?zoneid=140&cb=83', 'aria_label': None, 'class': ['tmiads'], 'id': 'afcbf42a', 'text': ''}, {'tag': 'iframe', 'src': 'https://ads.independent.com.mt/www/delivery/afr.php?zoneid=147&cb=118', 'aria_label': None, 'class': ['tmiads'], 'id': 'a65e2a3a', 'text': ''}, {'tag': 'iframe', 'src': 'https://ads.independent.com.mt/www/delivery/afr.php?zoneid=34&cb=256', 'aria_label': None, 'class': ['tmiads'], 'id': 'ac264775', 'text': ''}]",14,1,114,0.08039492242595205,93,0,2,0,0,0,197,14,0,50,12,0.0,0.2538,0.8571,150,independent,article_pages
197,33,61,22,0,1,25,2,9329,1519,23,8,"[{'tag': 'iframe', 'src': 'https://ads.independent.com.mt/www/delivery/afr.php?zoneid=36&cb=149', 'aria_label': None, 'class': ['tmiads'], 'id': 'af87707c', 'text': ''}, {'tag': 'iframe', 'src': 'https://ads.independent.com.mt/www/delivery/afr.php?zoneid=144&cb=297', 'aria_label': None, 'class': ['tmiads'], 'id': 'a7d95b78', 'text': ''}, {'tag': 'iframe', 'src': 'https://ads.independent.com.mt/www/delivery/afr.php?zoneid=141&cb=52', 'aria_label': None, 'class': ['tmiads'], 'id': 'a1353246', 'text': ''}, {'tag': 'iframe', 'src': 'https://ads.independent.com.mt/www/delivery/afr.php?resize=1&zoneid=22&target=_blank&cb=262', 'aria_label': None, 'class': ['tmiads'], 'id': 'ad1ea670', 'text': ''}, {'tag': 'iframe', 'src': 'https://ads.independent.com.mt/www/delivery/afr.php?zoneid=35&cb=199', 'aria_label': None, 'class': ['tmiads'], 'id': 'abcfa804', 'text': ''}, {'tag': 'iframe', 'src': 'https://ads.independent.com.mt/www/delivery/afr.php?zoneid=140&cb=83', 'aria_label': None, 'class': ['tmiads'], 'id': 'afcbf42a', 'text': ''}, {'tag': 'iframe', 'src': 'https://ads.independent.com.mt/www/delivery/afr.php?zoneid=147&cb=118', 'aria_label': None, 'class': ['tmiads'], 'id': 'a65e2a3a', 'text': ''}, {'tag': 'iframe', 'src': 'https://ads.independent.com.mt/www/delivery/afr.php?zoneid=34&cb=256', 'aria_label': None, 'class': ['tmiads'], 'id': 'ac264775', 'text': ''}]",14,1,114,0.08039492242595205,93,0,2,0,0,0,197,14,0,50,12,0.0,0.2538,0.8571,151,independent,article_pages
197,33,61,22,0,1,25,2,9329,1519,23,8,"[{'tag': 'iframe', 'src': 'https://ads.independent.com.mt/www/delivery/afr.php?zoneid=36&cb=149', 'aria_label': None, 'class': ['tmiads'], 'id': 'af87707c', 'text': ''}, {'tag': 'iframe', 'src': 'https://ads.independent.com.mt/www/delivery/afr.php?zoneid=144&cb=297', 'aria_label': None, 'class': ['tmiads'], 'id': 'a7d95b78', 'text': ''}, {'tag': 'iframe', 'src': 'https://ads.independent.com.mt/www/delivery/afr.php?zoneid=141&cb=52', 'aria_label': None, 'class': ['tmiads'], 'id': 'a1353246', 'text': ''}, {'tag': 'iframe', 'src': 'https://ads.independent.com.mt/www/delivery/afr.php?resize=1&zoneid=22&target=_blank&cb=262', 'aria_label': None, 'class': ['tmiads'], 'id': 'ad1ea670', 'text': ''}, {'tag': 'iframe', 'src': 'https://ads.independent.com.mt/www/delivery/afr.php?zoneid=35&cb=199', 'aria_label': None, 'class': ['tmiads'], 'id': 'abcfa804', 'text': ''}, {'tag': 'iframe', 'src': 'https://ads.independent.com.mt/www/delivery/afr.php?zoneid=140&cb=83', 'aria_label': None, 'class': ['tmiads'], 'id': 'afcbf42a', 'text': ''}, {'tag': 'iframe', 'src': 'https://ads.independent.com.mt/www/delivery/afr.php?zoneid=147&cb=118', 'aria_label': None, 'class': ['tmiads'], 'id': 'a65e2a3a', 'text': ''}, {'tag': 'iframe', 'src': 'https://ads.independent.com.mt/www/delivery/afr.php?zoneid=34&cb=256', 'aria_label': None, 'class': ['tmiads'], 'id': 'ac264775', 'text': ''}]",14,1,114,0.08039492242595205,93,0,2,0,0,0,197,14,0,50,12,0.0,0.2538,0.8571,152,independent,article_pages
197,33,61,22,0,1,25,2,9329,1519,23,8,"[{'tag': 'iframe', 'src': 'https://ads.independent.com.mt/www/delivery/afr.php?zoneid=36&cb=149', 'aria_label': None, 'class': ['tmiads'], 'id': 'af87707c', 'text': ''}, {'tag': 'iframe', 'src': 'https://ads.independent.com.mt/www/delivery/afr.php?zoneid=144&cb=297', 'aria_label': None, 'class': ['tmiads'], 'id': 'a7d95b78', 'text': ''}, {'tag': 'iframe', 'src': 'https://ads.independent.com.mt/www/delivery/afr.php?zoneid=141&cb=52', 'aria_label': None, 'class': ['tmiads'], 'id': 'a1353246', 'text': ''}, {'tag': 'iframe', 'src': 'https://ads.independent.com.mt/www/delivery/afr.php?resize=1&zoneid=22&target=_blank&cb=262', 'aria_label': None, 'class': ['tmiads'], 'id': 'ad1ea670', 'text': ''}, {'tag': 'iframe', 'src': 'https://ads.independent.com.mt/www/delivery/afr.php?zoneid=35&cb=199', 'aria_label': None, 'class': ['tmiads'], 'id': 'abcfa804', 'text': ''}, {'tag': 'iframe', 'src': 'https://ads.independent.com.mt/www/delivery/afr.php?zoneid=140&cb=83', 'aria_label': None, 'class': ['tmiads'], 'id': 'afcbf42a', 'text': ''}, {'tag': 'iframe', 'src': 'https://ads.independent.com.mt/www/delivery/afr.php?zoneid=147&cb=118', 'aria_label': None, 'class': ['tmiads'], 'id': 'a65e2a3a', 'text': ''}, {'tag': 'iframe', 'src': 'https://ads.independent.com.mt/www/delivery/afr.php?zoneid=34&cb=256', 'aria_label': None, 'class': ['tmiads'], 'id': 'ac264775', 'text': ''}]",14,1,114,0.08039492242595205,93,0,2,0,0,0,197,14,0,50,12,0.0,0.2538,0.8571,153,independent,article_pages
197,33,61,22,0,1,25,2,9329,1519,23,8,"[{'tag': 'iframe', 'src': 'https://ads.independent.com.mt/www/delivery/afr.php?zoneid=36&cb=149', 'aria_label': None, 'class': ['tmiads'], 'id': 'af87707c', 'text': ''}, {'tag': 'iframe', 'src': 'https://ads.independent.com.mt/www/delivery/afr.php?zoneid=144&cb=297', 'aria_label': None, 'class': ['tmiads'], 'id': 'a7d95b78', 'text': ''}, {'tag': 'iframe', 'src': 'https://ads.independent.com.mt/www/delivery/afr.php?zoneid=141&cb=52', 'aria_label': None, 'class': ['tmiads'], 'id': 'a1353246', 'text': ''}, {'tag': 'iframe', 'src': 'https://ads.independent.com.mt/www/delivery/afr.php?resize=1&zoneid=22&target=_blank&cb=262', 'aria_label': None, 'class': ['tmiads'], 'id': 'ad1ea670', 'text': ''}, {'tag': 'iframe', 'src': 'https://ads.independent.com.mt/www/delivery/afr.php?zoneid=35&cb=199', 'aria_label': None, 'class': ['tmiads'], 'id': 'abcfa804', 'text': ''}, {'tag': 'iframe', 'src': 'https://ads.independent.com.mt/www/delivery/afr.php?zoneid=140&cb=83', 'aria_label': None, 'class': ['tmiads'], 'id': 'afcbf42a', 'text': ''}, {'tag': 'iframe', 'src': 'https://ads.independent.com.mt/www/delivery/afr.php?zoneid=147&cb=118', 'aria_label': None, 'class': ['tmiads'], 'id': 'a65e2a3a', 'text': ''}, {'tag': 'iframe', 'src': 'https://ads.independent.com.mt/www/delivery/afr.php?zoneid=34&cb=256', 'aria_label': None, 'class': ['tmiads'], 'id': 'ac264775', 'text': ''}]",14,1,114,0.08039492242595205,93,0,2,0,0,0,197,14,0,50,12,0.0,0.2538,0.8571,154,independent,article_pages
197,33,61,22,0,1,25,2,9329,1519,23,8,"[{'tag': 'iframe', 'src': 'https://ads.independent.com.mt/www/delivery/afr.php?zoneid=36&cb=149', 'aria_label': None, 'class': ['tmiads'], 'id': 'af87707c', 'text': ''}, {'tag': 'iframe', 'src': 'https://ads.independent.com.mt/www/delivery/afr.php?zoneid=144&cb=297', 'aria_label': None, 'class': ['tmiads'], 'id': 'a7d95b78', 'text': ''}, {'tag': 'iframe', 'src': 'https://ads.independent.com.mt/www/delivery/afr.php?zoneid=141&cb=52', 'aria_label': None, 'class': ['tmiads'], 'id': 'a1353246', 'text': ''}, {'tag': 'iframe', 'src': 'https://ads.independent.com.mt/www/delivery/afr.php?resize=1&zoneid=22&target=_blank&cb=262', 'aria_label': None, 'class': ['tmiads'], 'id': 'ad1ea670', 'text': ''}, {'tag': 'iframe', 'src': 'https://ads.independent.com.mt/www/delivery/afr.php?zoneid=35&cb=199', 'aria_label': None, 'class': ['tmiads'], 'id': 'abcfa804', 'text': ''}, {'tag': 'iframe', 'src': 'https://ads.independent.com.mt/www/delivery/afr.php?zoneid=140&cb=83', 'aria_label': None, 'class': ['tmiads'], 'id': 'afcbf42a', 'text': ''}, {'tag': 'iframe', 'src': 'https://ads.independent.com.mt/www/delivery/afr.php?zoneid=147&cb=118', 'aria_label': None, 'class': ['tmiads'], 'id': 'a65e2a3a', 'text': ''}, {'tag': 'iframe', 'src': 'https://ads.independent.com.mt/www/delivery/afr.php?zoneid=34&cb=256', 'aria_label': None, 'class': ['tmiads'], 'id': 'ac264775', 'text': ''}]",14,1,114,0.08039492242595205,93,0,2,0,0,0,197,14,0,50,12,0.0,0.2538,0.8571,155,independent,article_pages
197,33,61,22,0,1,25,2,9329,1519,23,8,"[{'tag': 'iframe', 'src': 'https://ads.independent.com.mt/www/delivery/afr.php?zoneid=36&cb=149', 'aria_label': None, 'class': ['tmiads'], 'id': 'af87707c', 'text': ''}, {'tag': 'iframe', 'src': 'https://ads.independent.com.mt/www/delivery/afr.php?zoneid=144&cb=297', 'aria_label': None, 'class': ['tmiads'], 'id': 'a7d95b78', 'text': ''}, {'tag': 'iframe', 'src': 'https://ads.independent.com.mt/www/delivery/afr.php?zoneid=141&cb=52', 'aria_label': None, 'class': ['tmiads'], 'id': 'a1353246', 'text': ''}, {'tag': 'iframe', 'src': 'https://ads.independent.com.mt/www/delivery/afr.php?resize=1&zoneid=22&target=_blank&cb=262', 'aria_label': None, 'class': ['tmiads'], 'id': 'ad1ea670', 'text': ''}, {'tag': 'iframe', 'src': 'https://ads.independent.com.mt/www/delivery/afr.php?zoneid=35&cb=199', 'aria_label': None, 'class': ['tmiads'], 'id': 'abcfa804', 'text': ''}, {'tag': 'iframe', 'src': 'https://ads.independent.com.mt/www/delivery/afr.php?zoneid=140&cb=83', 'aria_label': None, 'class': ['tmiads'], 'id': 'afcbf42a', 'text': ''}, {'tag': 'iframe', 'src': 'https://ads.independent.com.mt/www/delivery/afr.php?zoneid=147&cb=118', 'aria_label': None, 'class': ['tmiads'], 'id': 'a65e2a3a', 'text': ''}, {'tag': 'iframe', 'src': 'https://ads.independent.com.mt/www/delivery/afr.php?zoneid=34&cb=256', 'aria_label': None, 'class': ['tmiads'], 'id': 'ac264775', 'text': ''}]",14,1,114,0.08039492242595205,93,0,2,0,0,0,197,14,0,50,12,0.0,0.2538,0.8571,156,independent,article_pages
197,33,61,22,0,1,25,2,9329,1519,23,8,"[{'tag': 'iframe', 'src': 'https://ads.independent.com.mt/www/delivery/afr.php?zoneid=36&cb=149', 'aria_label': None, 'class': ['tmiads'], 'id': 'af87707c', 'text': ''}, {'tag': 'iframe', 'src': 'https://ads.independent.com.mt/www/delivery/afr.php?zoneid=144&cb=297', 'aria_label': None, 'class': ['tmiads'], 'id': 'a7d95b78', 'text': ''}, {'tag': 'iframe', 'src': 'https://ads.independent.com.mt/www/delivery/afr.php?zoneid=141&cb=52', 'aria_label': None, 'class': ['tmiads'], 'id': 'a1353246', 'text': ''}, {'tag': 'iframe', 'src': 'https://ads.independent.com.mt/www/delivery/afr.php?resize=1&zoneid=22&target=_blank&cb=262', 'aria_label': None, 'class': ['tmiads'], 'id': 'ad1ea670', 'text': ''}, {'tag': 'iframe', 'src': 'https://ads.independent.com.mt/www/delivery/afr.php?zoneid=35&cb=199', 'aria_label': None, 'class': ['tmiads'], 'id': 'abcfa804', 'text': ''}, {'tag': 'iframe', 'src': 'https://ads.independent.com.mt/www/delivery/afr.php?zoneid=140&cb=83', 'aria_label': None, 'class': ['tmiads'], 'id': 'afcbf42a', 'text': ''}, {'tag': 'iframe', 'src': 'https://ads.independent.com.mt/www/delivery/afr.php?zoneid=147&cb=118', 'aria_label': None, 'class': ['tmiads'], 'id': 'a65e2a3a', 'text': ''}, {'tag': 'iframe', 'src': 'https://ads.independent.com.mt/www/delivery/afr.php?zoneid=34&cb=256', 'aria_label': None, 'class': ['tmiads'], 'id': 'ac264775', 'text': ''}]",14,1,114,0.08039492242595205,93,0,2,0,0,0,197,14,0,50,12,0.0,0.2538,0.8571,157,independent,article_pages
199,33,61,22,0,1,34,9,14029,2144,23,8,"[{'tag': 'iframe', 'src': 'https://ads.independent.com.mt/www/delivery/afr.php?zoneid=45&cb=161', 'aria_label': None, 'class': ['tmiads'], 'id': 'ab2eb8eb', 'text': ''}, {'tag': 'iframe', 'src': 'https://ads.independent.com.mt/www/delivery/afr.php?zoneid=119&cb=219', 'aria_label': None, 'class': ['tmiads'], 'id': 'a9fec59d', 'text': ''}, {'tag': 'iframe', 'src': 'https://ads.independent.com.mt/www/delivery/afr.php?zoneid=116&cb=48', 'aria_label': None, 'class': ['tmiads'], 'id': 'a8bec639', 'text': ''}, {'tag': 'iframe', 'src': 'https://ads.independent.com.mt/www/delivery/afr.php?resize=1&zoneid=22&target=_blank&cb=236', 'aria_label': None, 'class': ['tmiads'], 'id': 'ad1ea670', 'text': ''}, {'tag': 'iframe', 'src': 'https://ads.independent.com.mt/www/delivery/afr.php?zoneid=44&cb=5', 'aria_label': None, 'class': ['tmiads'], 'id': 'a578e25f', 'text': ''}, {'tag': 'iframe', 'src': 'https://ads.independent.com.mt/www/delivery/afr.php?zoneid=115&cb=213', 'aria_label': None, 'class': ['tmiads'], 'id': 'a295273c', 'text': ''}, {'tag': 'iframe', 'src': 'https://ads.independent.com.mt/www/delivery/afr.php?zoneid=147&cb=285', 'aria_label': None, 'class': ['tmiads'], 'id': 'a65e2a3a', 'text': ''}, {'tag': 'iframe', 'src': 'https://ads.independent.com.mt/www/delivery/afr.php?zoneid=43&cb=220', 'aria_label': None, 'class': ['tmiads'], 'id': 'af1935e1', 'text': ''}]",14,1,114,0.07883817427385892,93,0,2,0,0,0,199,14,0,50,12,0.0,0.2513,0.8571,158,independent,article_pages
199,33,61,22,0,1,34,9,14029,2144,23,8,"[{'tag': 'iframe', 'src': 'https://ads.independent.com.mt/www/delivery/afr.php?zoneid=45&cb=161', 'aria_label': None, 'class': ['tmiads'], 'id': 'ab2eb8eb', 'text': ''}, {'tag': 'iframe', 'src': 'https://ads.independent.com.mt/www/delivery/afr.php?zoneid=119&cb=219', 'aria_label': None, 'class': ['tmiads'], 'id': 'a9fec59d', 'text': ''}, {'tag': 'iframe', 'src': 'https://ads.independent.com.mt/www/delivery/afr.php?zoneid=116&cb=48', 'aria_label': None, 'class': ['tmiads'], 'id': 'a8bec639', 'text': ''}, {'tag': 'iframe', 'src': 'https://ads.independent.com.mt/www/delivery/afr.php?resize=1&zoneid=22&target=_blank&cb=236', 'aria_label': None, 'class': ['tmiads'], 'id': 'ad1ea670', 'text': ''}, {'tag': 'iframe', 'src': 'https://ads.independent.com.mt/www/delivery/afr.php?zoneid=44&cb=5', 'aria_label': None, 'class': ['tmiads'], 'id': 'a578e25f', 'text': ''}, {'tag': 'iframe', 'src': 'https://ads.independent.com.mt/www/delivery/afr.php?zoneid=115&cb=213', 'aria_label': None, 'class': ['tmiads'], 'id': 'a295273c', 'text': ''}, {'tag': 'iframe', 'src': 'https://ads.independent.com.mt/www/delivery/afr.php?zoneid=147&cb=285', 'aria_label': None, 'class': ['tmiads'], 'id': 'a65e2a3a', 'text': ''}, {'tag': 'iframe', 'src': 'https://ads.independent.com.mt/www/delivery/afr.php?zoneid=43&cb=220', 'aria_label': None, 'class': ['tmiads'], 'id': 'af1935e1', 'text': ''}]",14,1,114,0.07883817427385892,93,0,2,0,0,0,199,14,0,50,12,0.0,0.2513,0.8571,159,independent,article_pages
199,33,61,22,0,1,34,9,14029,2144,23,8,"[{'tag': 'iframe', 'src': 'https://ads.independent.com.mt/www/delivery/afr.php?zoneid=45&cb=161', 'aria_label': None, 'class': ['tmiads'], 'id': 'ab2eb8eb', 'text': ''}, {'tag': 'iframe', 'src': 'https://ads.independent.com.mt/www/delivery/afr.php?zoneid=119&cb=219', 'aria_label': None, 'class': ['tmiads'], 'id': 'a9fec59d', 'text': ''}, {'tag': 'iframe', 'src': 'https://ads.independent.com.mt/www/delivery/afr.php?zoneid=116&cb=48', 'aria_label': None, 'class': ['tmiads'], 'id': 'a8bec639', 'text': ''}, {'tag': 'iframe', 'src': 'https://ads.independent.com.mt/www/delivery/afr.php?resize=1&zoneid=22&target=_blank&cb=236', 'aria_label': None, 'class': ['tmiads'], 'id': 'ad1ea670', 'text': ''}, {'tag': 'iframe', 'src': 'https://ads.independent.com.mt/www/delivery/afr.php?zoneid=44&cb=5', 'aria_label': None, 'class': ['tmiads'], 'id': 'a578e25f', 'text': ''}, {'tag': 'iframe', 'src': 'https://ads.independent.com.mt/www/delivery/afr.php?zoneid=115&cb=213', 'aria_label': None, 'class': ['tmiads'], 'id': 'a295273c', 'text': ''}, {'tag': 'iframe', 'src': 'https://ads.independent.com.mt/www/delivery/afr.php?zoneid=147&cb=285', 'aria_label': None, 'class': ['tmiads'], 'id': 'a65e2a3a', 'text': ''}, {'tag': 'iframe', 'src': 'https://ads.independent.com.mt/www/delivery/afr.php?zoneid=43&cb=220', 'aria_label': None, 'class': ['tmiads'], 'id': 'af1935e1', 'text': ''}]",14,1,114,0.07883817427385892,93,0,2,0,0,0,199,14,0,50,12,0.0,0.2513,0.8571,160,independent,article_pages
199,33,61,22,0,1,34,9,14029,2144,23,8,"[{'tag': 'iframe', 'src': 'https://ads.independent.com.mt/www/delivery/afr.php?zoneid=45&cb=161', 'aria_label': None, 'class': ['tmiads'], 'id': 'ab2eb8eb', 'text': ''}, {'tag': 'iframe', 'src': 'https://ads.independent.com.mt/www/delivery/afr.php?zoneid=119&cb=219', 'aria_label': None, 'class': ['tmiads'], 'id': 'a9fec59d', 'text': ''}, {'tag': 'iframe', 'src': 'https://ads.independent.com.mt/www/delivery/afr.php?zoneid=116&cb=48', 'aria_label': None, 'class': ['tmiads'], 'id': 'a8bec639', 'text': ''}, {'tag': 'iframe', 'src': 'https://ads.independent.com.mt/www/delivery/afr.php?resize=1&zoneid=22&target=_blank&cb=236', 'aria_label': None, 'class': ['tmiads'], 'id': 'ad1ea670', 'text': ''}, {'tag': 'iframe', 'src': 'https://ads.independent.com.mt/www/delivery/afr.php?zoneid=44&cb=5', 'aria_label': None, 'class': ['tmiads'], 'id': 'a578e25f', 'text': ''}, {'tag': 'iframe', 'src': 'https://ads.independent.com.mt/www/delivery/afr.php?zoneid=115&cb=213', 'aria_label': None, 'class': ['tmiads'], 'id': 'a295273c', 'text': ''}, {'tag': 'iframe', 'src': 'https://ads.independent.com.mt/www/delivery/afr.php?zoneid=147&cb=285', 'aria_label': None, 'class': ['tmiads'], 'id': 'a65e2a3a', 'text': ''}, {'tag': 'iframe', 'src': 'https://ads.independent.com.mt/www/delivery/afr.php?zoneid=43&cb=220', 'aria_label': None, 'class': ['tmiads'], 'id': 'af1935e1', 'text': ''}]",14,1,114,0.07883817427385892,93,0,2,0,0,0,199,14,0,50,12,0.0,0.2513,0.8571,161,independent,article_pages
199,33,61,22,0,1,34,9,14029,2144,23,8,"[{'tag': 'iframe', 'src': 'https://ads.independent.com.mt/www/delivery/afr.php?zoneid=45&cb=161', 'aria_label': None, 'class': ['tmiads'], 'id': 'ab2eb8eb', 'text': ''}, {'tag': 'iframe', 'src': 'https://ads.independent.com.mt/www/delivery/afr.php?zoneid=119&cb=219', 'aria_label': None, 'class': ['tmiads'], 'id': 'a9fec59d', 'text': ''}, {'tag': 'iframe', 'src': 'https://ads.independent.com.mt/www/delivery/afr.php?zoneid=116&cb=48', 'aria_label': None, 'class': ['tmiads'], 'id': 'a8bec639', 'text': ''}, {'tag': 'iframe', 'src': 'https://ads.independent.com.mt/www/delivery/afr.php?resize=1&zoneid=22&target=_blank&cb=236', 'aria_label': None, 'class': ['tmiads'], 'id': 'ad1ea670', 'text': ''}, {'tag': 'iframe', 'src': 'https://ads.independent.com.mt/www/delivery/afr.php?zoneid=44&cb=5', 'aria_label': None, 'class': ['tmiads'], 'id': 'a578e25f', 'text': ''}, {'tag': 'iframe', 'src': 'https://ads.independent.com.mt/www/delivery/afr.php?zoneid=115&cb=213', 'aria_label': None, 'class': ['tmiads'], 'id': 'a295273c', 'text': ''}, {'tag': 'iframe', 'src': 'https://ads.independent.com.mt/www/delivery/afr.php?zoneid=147&cb=285', 'aria_label': None, 'class': ['tmiads'], 'id': 'a65e2a3a', 'text': ''}, {'tag': 'iframe', 'src': 'https://ads.independent.com.mt/www/delivery/afr.php?zoneid=43&cb=220', 'aria_label': None, 'class': ['tmiads'], 'id': 'af1935e1', 'text': ''}]",14,1,114,0.07883817427385892,93,0,2,0,0,0,199,14,0,50,12,0.0,0.2513,0.8571,162,independent,article_pages
199,33,61,22,0,1,34,9,14029,2144,23,8,"[{'tag': 'iframe', 'src': 'https://ads.independent.com.mt/www/delivery/afr.php?zoneid=45&cb=161', 'aria_label': None, 'class': ['tmiads'], 'id': 'ab2eb8eb', 'text': ''}, {'tag': 'iframe', 'src': 'https://ads.independent.com.mt/www/delivery/afr.php?zoneid=119&cb=219', 'aria_label': None, 'class': ['tmiads'], 'id': 'a9fec59d', 'text': ''}, {'tag': 'iframe', 'src': 'https://ads.independent.com.mt/www/delivery/afr.php?zoneid=116&cb=48', 'aria_label': None, 'class': ['tmiads'], 'id': 'a8bec639', 'text': ''}, {'tag': 'iframe', 'src': 'https://ads.independent.com.mt/www/delivery/afr.php?resize=1&zoneid=22&target=_blank&cb=236', 'aria_label': None, 'class': ['tmiads'], 'id': 'ad1ea670', 'text': ''}, {'tag': 'iframe', 'src': 'https://ads.independent.com.mt/www/delivery/afr.php?zoneid=44&cb=5', 'aria_label': None, 'class': ['tmiads'], 'id': 'a578e25f', 'text': ''}, {'tag': 'iframe', 'src': 'https://ads.independent.com.mt/www/delivery/afr.php?zoneid=115&cb=213', 'aria_label': None, 'class': ['tmiads'], 'id': 'a295273c', 'text': ''}, {'tag': 'iframe', 'src': 'https://ads.independent.com.mt/www/delivery/afr.php?zoneid=147&cb=285', 'aria_label': None, 'class': ['tmiads'], 'id': 'a65e2a3a', 'text': ''}, {'tag': 'iframe', 'src': 'https://ads.independent.com.mt/www/delivery/afr.php?zoneid=43&cb=220', 'aria_label': None, 'class': ['tmiads'], 'id': 'af1935e1', 'text': ''}]",14,1,114,0.07883817427385892,93,0,2,0,0,0,199,14,0,50,12,0.0,0.2513,0.8571,163,independent,article_pages
199,33,61,22,0,1,34,9,14029,2144,23,8,"[{'tag': 'iframe', 'src': 'https://ads.independent.com.mt/www/delivery/afr.php?zoneid=45&cb=161', 'aria_label': None, 'class': ['tmiads'], 'id': 'ab2eb8eb', 'text': ''}, {'tag': 'iframe', 'src': 'https://ads.independent.com.mt/www/delivery/afr.php?zoneid=119&cb=219', 'aria_label': None, 'class': ['tmiads'], 'id': 'a9fec59d', 'text': ''}, {'tag': 'iframe', 'src': 'https://ads.independent.com.mt/www/delivery/afr.php?zoneid=116&cb=48', 'aria_label': None, 'class': ['tmiads'], 'id': 'a8bec639', 'text': ''}, {'tag': 'iframe', 'src': 'https://ads.independent.com.mt/www/delivery/afr.php?resize=1&zoneid=22&target=_blank&cb=236', 'aria_label': None, 'class': ['tmiads'], 'id': 'ad1ea670', 'text': ''}, {'tag': 'iframe', 'src': 'https://ads.independent.com.mt/www/delivery/afr.php?zoneid=44&cb=5', 'aria_label': None, 'class': ['tmiads'], 'id': 'a578e25f', 'text': ''}, {'tag': 'iframe', 'src': 'https://ads.independent.com.mt/www/delivery/afr.php?zoneid=115&cb=213', 'aria_label': None, 'class': ['tmiads'], 'id': 'a295273c', 'text': ''}, {'tag': 'iframe', 'src': 'https://ads.independent.com.mt/www/delivery/afr.php?zoneid=147&cb=285', 'aria_label': None, 'class': ['tmiads'], 'id': 'a65e2a3a', 'text': ''}, {'tag': 'iframe', 'src': 'https://ads.independent.com.mt/www/delivery/afr.php?zoneid=43&cb=220', 'aria_label': None, 'class': ['tmiads'], 'id': 'af1935e1', 'text': ''}]",14,1,114,0.07883817427385892,93,0,2,0,0,0,199,14,0,50,12,0.0,0.2513,0.8571,164,independent,article_pages
199,33,61,22,0,1,34,9,14029,2144,23,8,"[{'tag': 'iframe', 'src': 'https://ads.independent.com.mt/www/delivery/afr.php?zoneid=45&cb=161', 'aria_label': None, 'class': ['tmiads'], 'id': 'ab2eb8eb', 'text': ''}, {'tag': 'iframe', 'src': 'https://ads.independent.com.mt/www/delivery/afr.php?zoneid=119&cb=219', 'aria_label': None, 'class': ['tmiads'], 'id': 'a9fec59d', 'text': ''}, {'tag': 'iframe', 'src': 'https://ads.independent.com.mt/www/delivery/afr.php?zoneid=116&cb=48', 'aria_label': None, 'class': ['tmiads'], 'id': 'a8bec639', 'text': ''}, {'tag': 'iframe', 'src': 'https://ads.independent.com.mt/www/delivery/afr.php?resize=1&zoneid=22&target=_blank&cb=236', 'aria_label': None, 'class': ['tmiads'], 'id': 'ad1ea670', 'text': ''}, {'tag': 'iframe', 'src': 'https://ads.independent.com.mt/www/delivery/afr.php?zoneid=44&cb=5', 'aria_label': None, 'class': ['tmiads'], 'id': 'a578e25f', 'text': ''}, {'tag': 'iframe', 'src': 'https://ads.independent.com.mt/www/delivery/afr.php?zoneid=115&cb=213', 'aria_label': None, 'class': ['tmiads'], 'id': 'a295273c', 'text': ''}, {'tag': 'iframe', 'src': 'https://ads.independent.com.mt/www/delivery/afr.php?zoneid=147&cb=285', 'aria_label': None, 'class': ['tmiads'], 'id': 'a65e2a3a', 'text': ''}, {'tag': 'iframe', 'src': 'https://ads.independent.com.mt/www/delivery/afr.php?zoneid=43&cb=220', 'aria_label': None, 'class': ['tmiads'], 'id': 'af1935e1', 'text': ''}]",14,1,114,0.07883817427385892,93,0,2,0,0,0,199,14,0,50,12,0.0,0.2513,0.8571,165,independent,article_pages
199,33,61,22,0,1,34,9,14029,2144,23,8,"[{'tag': 'iframe', 'src': 'https://ads.independent.com.mt/www/delivery/afr.php?zoneid=45&cb=161', 'aria_label': None, 'class': ['tmiads'], 'id': 'ab2eb8eb', 'text': ''}, {'tag': 'iframe', 'src': 'https://ads.independent.com.mt/www/delivery/afr.php?zoneid=119&cb=219', 'aria_label': None, 'class': ['tmiads'], 'id': 'a9fec59d', 'text': ''}, {'tag': 'iframe', 'src': 'https://ads.independent.com.mt/www/delivery/afr.php?zoneid=116&cb=48', 'aria_label': None, 'class': ['tmiads'], 'id': 'a8bec639', 'text': ''}, {'tag': 'iframe', 'src': 'https://ads.independent.com.mt/www/delivery/afr.php?resize=1&zoneid=22&target=_blank&cb=236', 'aria_label': None, 'class': ['tmiads'], 'id': 'ad1ea670', 'text': ''}, {'tag': 'iframe', 'src': 'https://ads.independent.com.mt/www/delivery/afr.php?zoneid=44&cb=5', 'aria_label': None, 'class': ['tmiads'], 'id': 'a578e25f', 'text': ''}, {'tag': 'iframe', 'src': 'https://ads.independent.com.mt/www/delivery/afr.php?zoneid=115&cb=213', 'aria_label': None, 'class': ['tmiads'], 'id': 'a295273c', 'text': ''}, {'tag': 'iframe', 'src': 'https://ads.independent.com.mt/www/delivery/afr.php?zoneid=147&cb=285', 'aria_label': None, 'class': ['tmiads'], 'id': 'a65e2a3a', 'text': ''}, {'tag': 'iframe', 'src': 'https://ads.independent.com.mt/www/delivery/afr.php?zoneid=43&cb=220', 'aria_label': None, 'class': ['tmiads'], 'id': 'af1935e1', 'text': ''}]",14,1,114,0.07883817427385892,93,0,2,0,0,0,199,14,0,50,12,0.0,0.2513,0.8571,166,independent,article_pages
199,33,61,22,0,1,34,9,14029,2144,23,8,"[{'tag': 'iframe', 'src': 'https://ads.independent.com.mt/www/delivery/afr.php?zoneid=45&cb=161', 'aria_label': None, 'class': ['tmiads'], 'id': 'ab2eb8eb', 'text': ''}, {'tag': 'iframe', 'src': 'https://ads.independent.com.mt/www/delivery/afr.php?zoneid=119&cb=219', 'aria_label': None, 'class': ['tmiads'], 'id': 'a9fec59d', 'text': ''}, {'tag': 'iframe', 'src': 'https://ads.independent.com.mt/www/delivery/afr.php?zoneid=116&cb=48', 'aria_label': None, 'class': ['tmiads'], 'id': 'a8bec639', 'text': ''}, {'tag': 'iframe', 'src': 'https://ads.independent.com.mt/www/delivery/afr.php?resize=1&zoneid=22&target=_blank&cb=236', 'aria_label': None, 'class': ['tmiads'], 'id': 'ad1ea670', 'text': ''}, {'tag': 'iframe', 'src': 'https://ads.independent.com.mt/www/delivery/afr.php?zoneid=44&cb=5', 'aria_label': None, 'class': ['tmiads'], 'id': 'a578e25f', 'text': ''}, {'tag': 'iframe', 'src': 'https://ads.independent.com.mt/www/delivery/afr.php?zoneid=115&cb=213', 'aria_label': None, 'class': ['tmiads'], 'id': 'a295273c', 'text': ''}, {'tag': 'iframe', 'src': 'https://ads.independent.com.mt/www/delivery/afr.php?zoneid=147&cb=285', 'aria_label': None, 'class': ['tmiads'], 'id': 'a65e2a3a', 'text': ''}, {'tag': 'iframe', 'src': 'https://ads.independent.com.mt/www/delivery/afr.php?zoneid=43&cb=220', 'aria_label': None, 'class': ['tmiads'], 'id': 'af1935e1', 'text': ''}]",14,1,114,0.07883817427385892,93,0,2,0,0,0,199,14,0,50,12,0.0,0.2513,0.8571,167,independent,article_pages
199,33,61,22,0,1,34,9,14029,2144,23,8,"[{'tag': 'iframe', 'src': 'https://ads.independent.com.mt/www/delivery/afr.php?zoneid=45&cb=161', 'aria_label': None, 'class': ['tmiads'], 'id': 'ab2eb8eb', 'text': ''}, {'tag': 'iframe', 'src': 'https://ads.independent.com.mt/www/delivery/afr.php?zoneid=119&cb=219', 'aria_label': None, 'class': ['tmiads'], 'id': 'a9fec59d', 'text': ''}, {'tag': 'iframe', 'src': 'https://ads.independent.com.mt/www/delivery/afr.php?zoneid=116&cb=48', 'aria_label': None, 'class': ['tmiads'], 'id': 'a8bec639', 'text': ''}, {'tag': 'iframe', 'src': 'https://ads.independent.com.mt/www/delivery/afr.php?resize=1&zoneid=22&target=_blank&cb=236', 'aria_label': None, 'class': ['tmiads'], 'id': 'ad1ea670', 'text': ''}, {'tag': 'iframe', 'src': 'https://ads.independent.com.mt/www/delivery/afr.php?zoneid=44&cb=5', 'aria_label': None, 'class': ['tmiads'], 'id': 'a578e25f', 'text': ''}, {'tag': 'iframe', 'src': 'https://ads.independent.com.mt/www/delivery/afr.php?zoneid=115&cb=213', 'aria_label': None, 'class': ['tmiads'], 'id': 'a295273c', 'text': ''}, {'tag': 'iframe', 'src': 'https://ads.independent.com.mt/www/delivery/afr.php?zoneid=147&cb=285', 'aria_label': None, 'class': ['tmiads'], 'id': 'a65e2a3a', 'text': ''}, {'tag': 'iframe', 'src': 'https://ads.independent.com.mt/www/delivery/afr.php?zoneid=43&cb=220', 'aria_label': None, 'class': ['tmiads'], 'id': 'af1935e1', 'text': ''}]",14,1,114,0.07883817427385892,93,0,2,0,0,0,199,14,0,50,12,0.0,0.2513,0.8571,168,independent,article_pages
199,33,61,22,0,1,34,9,14029,2144,23,8,"[{'tag': 'iframe', 'src': 'https://ads.independent.com.mt/www/delivery/afr.php?zoneid=45&cb=161', 'aria_label': None, 'class': ['tmiads'], 'id': 'ab2eb8eb', 'text': ''}, {'tag': 'iframe', 'src': 'https://ads.independent.com.mt/www/delivery/afr.php?zoneid=119&cb=219', 'aria_label': None, 'class': ['tmiads'], 'id': 'a9fec59d', 'text': ''}, {'tag': 'iframe', 'src': 'https://ads.independent.com.mt/www/delivery/afr.php?zoneid=116&cb=48', 'aria_label': None, 'class': ['tmiads'], 'id': 'a8bec639', 'text': ''}, {'tag': 'iframe', 'src': 'https://ads.independent.com.mt/www/delivery/afr.php?resize=1&zoneid=22&target=_blank&cb=236', 'aria_label': None, 'class': ['tmiads'], 'id': 'ad1ea670', 'text': ''}, {'tag': 'iframe', 'src': 'https://ads.independent.com.mt/www/delivery/afr.php?zoneid=44&cb=5', 'aria_label': None, 'class': ['tmiads'], 'id': 'a578e25f', 'text': ''}, {'tag': 'iframe', 'src': 'https://ads.independent.com.mt/www/delivery/afr.php?zoneid=115&cb=213', 'aria_label': None, 'class': ['tmiads'], 'id': 'a295273c', 'text': ''}, {'tag': 'iframe', 'src': 'https://ads.independent.com.mt/www/delivery/afr.php?zoneid=147&cb=285', 'aria_label': None, 'class': ['tmiads'], 'id': 'a65e2a3a', 'text': ''}, {'tag': 'iframe', 'src': 'https://ads.independent.com.mt/www/delivery/afr.php?zoneid=43&cb=220', 'aria_label': None, 'class': ['tmiads'], 'id': 'af1935e1', 'text': ''}]",14,1,114,0.07883817427385892,93,0,2,0,0,0,199,14,0,50,12,0.0,0.2513,0.8571,169,independent,article_pages
199,33,61,22,0,1,34,9,14029,2144,23,8,"[{'tag': 'iframe', 'src': 'https://ads.independent.com.mt/www/delivery/afr.php?zoneid=45&cb=161', 'aria_label': None, 'class': ['tmiads'], 'id': 'ab2eb8eb', 'text': ''}, {'tag': 'iframe', 'src': 'https://ads.independent.com.mt/www/delivery/afr.php?zoneid=119&cb=219', 'aria_label': None, 'class': ['tmiads'], 'id': 'a9fec59d', 'text': ''}, {'tag': 'iframe', 'src': 'https://ads.independent.com.mt/www/delivery/afr.php?zoneid=116&cb=48', 'aria_label': None, 'class': ['tmiads'], 'id': 'a8bec639', 'text': ''}, {'tag': 'iframe', 'src': 'https://ads.independent.com.mt/www/delivery/afr.php?resize=1&zoneid=22&target=_blank&cb=236', 'aria_label': None, 'class': ['tmiads'], 'id': 'ad1ea670', 'text': ''}, {'tag': 'iframe', 'src': 'https://ads.independent.com.mt/www/delivery/afr.php?zoneid=44&cb=5', 'aria_label': None, 'class': ['tmiads'], 'id': 'a578e25f', 'text': ''}, {'tag': 'iframe', 'src': 'https://ads.independent.com.mt/www/delivery/afr.php?zoneid=115&cb=213', 'aria_label': None, 'class': ['tmiads'], 'id': 'a295273c', 'text': ''}, {'tag': 'iframe', 'src': 'https://ads.independent.com.mt/www/delivery/afr.php?zoneid=147&cb=285', 'aria_label': None, 'class': ['tmiads'], 'id': 'a65e2a3a', 'text': ''}, {'tag': 'iframe', 'src': 'https://ads.independent.com.mt/www/delivery/afr.php?zoneid=43&cb=220', 'aria_label': None, 'class': ['tmiads'], 'id': 'af1935e1', 'text': ''}]",14,1,114,0.07883817427385892,93,0,2,0,0,0,199,14,0,50,12,0.0,0.2513,0.8571,170,independent,article_pages
199,33,61,22,0,1,34,9,14029,2144,23,8,"[{'tag': 'iframe', 'src': 'https://ads.independent.com.mt/www/delivery/afr.php?zoneid=45&cb=161', 'aria_label': None, 'class': ['tmiads'], 'id': 'ab2eb8eb', 'text': ''}, {'tag': 'iframe', 'src': 'https://ads.independent.com.mt/www/delivery/afr.php?zoneid=119&cb=219', 'aria_label': None, 'class': ['tmiads'], 'id': 'a9fec59d', 'text': ''}, {'tag': 'iframe', 'src': 'https://ads.independent.com.mt/www/delivery/afr.php?zoneid=116&cb=48', 'aria_label': None, 'class': ['tmiads'], 'id': 'a8bec639', 'text': ''}, {'tag': 'iframe', 'src': 'https://ads.independent.com.mt/www/delivery/afr.php?resize=1&zoneid=22&target=_blank&cb=236', 'aria_label': None, 'class': ['tmiads'], 'id': 'ad1ea670', 'text': ''}, {'tag': 'iframe', 'src': 'https://ads.independent.com.mt/www/delivery/afr.php?zoneid=44&cb=5', 'aria_label': None, 'class': ['tmiads'], 'id': 'a578e25f', 'text': ''}, {'tag': 'iframe', 'src': 'https://ads.independent.com.mt/www/delivery/afr.php?zoneid=115&cb=213', 'aria_label': None, 'class': ['tmiads'], 'id': 'a295273c', 'text': ''}, {'tag': 'iframe', 'src': 'https://ads.independent.com.mt/www/delivery/afr.php?zoneid=147&cb=285', 'aria_label': None, 'class': ['tmiads'], 'id': 'a65e2a3a', 'text': ''}, {'tag': 'iframe', 'src': 'https://ads.independent.com.mt/www/delivery/afr.php?zoneid=43&cb=220', 'aria_label': None, 'class': ['tmiads'], 'id': 'af1935e1', 'text': ''}]",14,1,114,0.07883817427385892,93,0,2,0,0,0,199,14,0,50,12,0.0,0.2513,0.8571,171,independent,article_pages
199,33,61,22,0,1,34,9,14029,2144,23,8,"[{'tag': 'iframe', 'src': 'https://ads.independent.com.mt/www/delivery/afr.php?zoneid=45&cb=161', 'aria_label': None, 'class': ['tmiads'], 'id': 'ab2eb8eb', 'text': ''}, {'tag': 'iframe', 'src': 'https://ads.independent.com.mt/www/delivery/afr.php?zoneid=119&cb=219', 'aria_label': None, 'class': ['tmiads'], 'id': 'a9fec59d', 'text': ''}, {'tag': 'iframe', 'src': 'https://ads.independent.com.mt/www/delivery/afr.php?zoneid=116&cb=48', 'aria_label': None, 'class': ['tmiads'], 'id': 'a8bec639', 'text': ''}, {'tag': 'iframe', 'src': 'https://ads.independent.com.mt/www/delivery/afr.php?resize=1&zoneid=22&target=_blank&cb=236', 'aria_label': None, 'class': ['tmiads'], 'id': 'ad1ea670', 'text': ''}, {'tag': 'iframe', 'src': 'https://ads.independent.com.mt/www/delivery/afr.php?zoneid=44&cb=5', 'aria_label': None, 'class': ['tmiads'], 'id': 'a578e25f', 'text': ''}, {'tag': 'iframe', 'src': 'https://ads.independent.com.mt/www/delivery/afr.php?zoneid=115&cb=213', 'aria_label': None, 'class': ['tmiads'], 'id': 'a295273c', 'text': ''}, {'tag': 'iframe', 'src': 'https://ads.independent.com.mt/www/delivery/afr.php?zoneid=147&cb=285', 'aria_label': None, 'class': ['tmiads'], 'id': 'a65e2a3a', 'text': ''}, {'tag': 'iframe', 'src': 'https://ads.independent.com.mt/www/delivery/afr.php?zoneid=43&cb=220', 'aria_label': None, 'class': ['tmiads'], 'id': 'af1935e1', 'text': ''}]",14,1,114,0.07883817427385892,93,0,2,0,0,0,199,14,0,50,12,0.0,0.2513,0.8571,172,independent,article_pages
199,33,61,22,0,1,34,9,14029,2144,23,8,"[{'tag': 'iframe', 'src': 'https://ads.independent.com.mt/www/delivery/afr.php?zoneid=45&cb=161', 'aria_label': None, 'class': ['tmiads'], 'id': 'ab2eb8eb', 'text': ''}, {'tag': 'iframe', 'src': 'https://ads.independent.com.mt/www/delivery/afr.php?zoneid=119&cb=219', 'aria_label': None, 'class': ['tmiads'], 'id': 'a9fec59d', 'text': ''}, {'tag': 'iframe', 'src': 'https://ads.independent.com.mt/www/delivery/afr.php?zoneid=116&cb=48', 'aria_label': None, 'class': ['tmiads'], 'id': 'a8bec639', 'text': ''}, {'tag': 'iframe', 'src': 'https://ads.independent.com.mt/www/delivery/afr.php?resize=1&zoneid=22&target=_blank&cb=236', 'aria_label': None, 'class': ['tmiads'], 'id': 'ad1ea670', 'text': ''}, {'tag': 'iframe', 'src': 'https://ads.independent.com.mt/www/delivery/afr.php?zoneid=44&cb=5', 'aria_label': None, 'class': ['tmiads'], 'id': 'a578e25f', 'text': ''}, {'tag': 'iframe', 'src': 'https://ads.independent.com.mt/www/delivery/afr.php?zoneid=115&cb=213', 'aria_label': None, 'class': ['tmiads'], 'id': 'a295273c', 'text': ''}, {'tag': 'iframe', 'src': 'https://ads.independent.com.mt/www/delivery/afr.php?zoneid=147&cb=285', 'aria_label': None, 'class': ['tmiads'], 'id': 'a65e2a3a', 'text': ''}, {'tag': 'iframe', 'src': 'https://ads.independent.com.mt/www/delivery/afr.php?zoneid=43&cb=220', 'aria_label': None, 'class': ['tmiads'], 'id': 'af1935e1', 'text': ''}]",14,1,114,0.07883817427385892,93,0,2,0,0,0,199,14,0,50,12,0.0,0.2513,0.8571,173,independent,article_pages
199,33,61,22,0,1,34,9,14029,2144,23,8,"[{'tag': 'iframe', 'src': 'https://ads.independent.com.mt/www/delivery/afr.php?zoneid=45&cb=161', 'aria_label': None, 'class': ['tmiads'], 'id': 'ab2eb8eb', 'text': ''}, {'tag': 'iframe', 'src': 'https://ads.independent.com.mt/www/delivery/afr.php?zoneid=119&cb=219', 'aria_label': None, 'class': ['tmiads'], 'id': 'a9fec59d', 'text': ''}, {'tag': 'iframe', 'src': 'https://ads.independent.com.mt/www/delivery/afr.php?zoneid=116&cb=48', 'aria_label': None, 'class': ['tmiads'], 'id': 'a8bec639', 'text': ''}, {'tag': 'iframe', 'src': 'https://ads.independent.com.mt/www/delivery/afr.php?resize=1&zoneid=22&target=_blank&cb=236', 'aria_label': None, 'class': ['tmiads'], 'id': 'ad1ea670', 'text': ''}, {'tag': 'iframe', 'src': 'https://ads.independent.com.mt/www/delivery/afr.php?zoneid=44&cb=5', 'aria_label': None, 'class': ['tmiads'], 'id': 'a578e25f', 'text': ''}, {'tag': 'iframe', 'src': 'https://ads.independent.com.mt/www/delivery/afr.php?zoneid=115&cb=213', 'aria_label': None, 'class': ['tmiads'], 'id': 'a295273c', 'text': ''}, {'tag': 'iframe', 'src': 'https://ads.independent.com.mt/www/delivery/afr.php?zoneid=147&cb=285', 'aria_label': None, 'class': ['tmiads'], 'id': 'a65e2a3a', 'text': ''}, {'tag': 'iframe', 'src': 'https://ads.independent.com.mt/www/delivery/afr.php?zoneid=43&cb=220', 'aria_label': None, 'class': ['tmiads'], 'id': 'af1935e1', 'text': ''}]",14,1,114,0.07883817427385892,93,0,2,0,0,0,199,14,0,50,12,0.0,0.2513,0.8571,174,independent,article_pages
199,33,61,22,0,1,34,9,14029,2144,23,8,"[{'tag': 'iframe', 'src': 'https://ads.independent.com.mt/www/delivery/afr.php?zoneid=45&cb=161', 'aria_label': None, 'class': ['tmiads'], 'id': 'ab2eb8eb', 'text': ''}, {'tag': 'iframe', 'src': 'https://ads.independent.com.mt/www/delivery/afr.php?zoneid=119&cb=219', 'aria_label': None, 'class': ['tmiads'], 'id': 'a9fec59d', 'text': ''}, {'tag': 'iframe', 'src': 'https://ads.independent.com.mt/www/delivery/afr.php?zoneid=116&cb=48', 'aria_label': None, 'class': ['tmiads'], 'id': 'a8bec639', 'text': ''}, {'tag': 'iframe', 'src': 'https://ads.independent.com.mt/www/delivery/afr.php?resize=1&zoneid=22&target=_blank&cb=236', 'aria_label': None, 'class': ['tmiads'], 'id': 'ad1ea670', 'text': ''}, {'tag': 'iframe', 'src': 'https://ads.independent.com.mt/www/delivery/afr.php?zoneid=44&cb=5', 'aria_label': None, 'class': ['tmiads'], 'id': 'a578e25f', 'text': ''}, {'tag': 'iframe', 'src': 'https://ads.independent.com.mt/www/delivery/afr.php?zoneid=115&cb=213', 'aria_label': None, 'class': ['tmiads'], 'id': 'a295273c', 'text': ''}, {'tag': 'iframe', 'src': 'https://ads.independent.com.mt/www/delivery/afr.php?zoneid=147&cb=285', 'aria_label': None, 'class': ['tmiads'], 'id': 'a65e2a3a', 'text': ''}, {'tag': 'iframe', 'src': 'https://ads.independent.com.mt/www/delivery/afr.php?zoneid=43&cb=220', 'aria_label': None, 'class': ['tmiads'], 'id': 'af1935e1', 'text': ''}]",14,1,114,0.07883817427385892,93,0,2,0,0,0,199,14,0,50,12,0.0,0.2513,0.8571,175,independent,article_pages
199,33,61,22,0,1,34,9,14029,2144,23,8,"[{'tag': 'iframe', 'src': 'https://ads.independent.com.mt/www/delivery/afr.php?zoneid=45&cb=161', 'aria_label': None, 'class': ['tmiads'], 'id': 'ab2eb8eb', 'text': ''}, {'tag': 'iframe', 'src': 'https://ads.independent.com.mt/www/delivery/afr.php?zoneid=119&cb=219', 'aria_label': None, 'class': ['tmiads'], 'id': 'a9fec59d', 'text': ''}, {'tag': 'iframe', 'src': 'https://ads.independent.com.mt/www/delivery/afr.php?zoneid=116&cb=48', 'aria_label': None, 'class': ['tmiads'], 'id': 'a8bec639', 'text': ''}, {'tag': 'iframe', 'src': 'https://ads.independent.com.mt/www/delivery/afr.php?resize=1&zoneid=22&target=_blank&cb=236', 'aria_label': None, 'class': ['tmiads'], 'id': 'ad1ea670', 'text': ''}, {'tag': 'iframe', 'src': 'https://ads.independent.com.mt/www/delivery/afr.php?zoneid=44&cb=5', 'aria_label': None, 'class': ['tmiads'], 'id': 'a578e25f', 'text': ''}, {'tag': 'iframe', 'src': 'https://ads.independent.com.mt/www/delivery/afr.php?zoneid=115&cb=213', 'aria_label': None, 'class': ['tmiads'], 'id': 'a295273c', 'text': ''}, {'tag': 'iframe', 'src': 'https://ads.independent.com.mt/www/delivery/afr.php?zoneid=147&cb=285', 'aria_label': None, 'class': ['tmiads'], 'id': 'a65e2a3a', 'text': ''}, {'tag': 'iframe', 'src': 'https://ads.independent.com.mt/www/delivery/afr.php?zoneid=43&cb=220', 'aria_label': None, 'class': ['tmiads'], 'id': 'af1935e1', 'text': ''}]",14,1,114,0.07883817427385892,93,0,2,0,0,0,199,14,0,50,12,0.0,0.2513,0.8571,176,independent,article_pages
199,33,61,22,0,1,34,9,14029,2144,23,8,"[{'tag': 'iframe', 'src': 'https://ads.independent.com.mt/www/delivery/afr.php?zoneid=45&cb=161', 'aria_label': None, 'class': ['tmiads'], 'id': 'ab2eb8eb', 'text': ''}, {'tag': 'iframe', 'src': 'https://ads.independent.com.mt/www/delivery/afr.php?zoneid=119&cb=219', 'aria_label': None, 'class': ['tmiads'], 'id': 'a9fec59d', 'text': ''}, {'tag': 'iframe', 'src': 'https://ads.independent.com.mt/www/delivery/afr.php?zoneid=116&cb=48', 'aria_label': None, 'class': ['tmiads'], 'id': 'a8bec639', 'text': ''}, {'tag': 'iframe', 'src': 'https://ads.independent.com.mt/www/delivery/afr.php?resize=1&zoneid=22&target=_blank&cb=236', 'aria_label': None, 'class': ['tmiads'], 'id': 'ad1ea670', 'text': ''}, {'tag': 'iframe', 'src': 'https://ads.independent.com.mt/www/delivery/afr.php?zoneid=44&cb=5', 'aria_label': None, 'class': ['tmiads'], 'id': 'a578e25f', 'text': ''}, {'tag': 'iframe', 'src': 'https://ads.independent.com.mt/www/delivery/afr.php?zoneid=115&cb=213', 'aria_label': None, 'class': ['tmiads'], 'id': 'a295273c', 'text': ''}, {'tag': 'iframe', 'src': 'https://ads.independent.com.mt/www/delivery/afr.php?zoneid=147&cb=285', 'aria_label': None, 'class': ['tmiads'], 'id': 'a65e2a3a', 'text': ''}, {'tag': 'iframe', 'src': 'https://ads.independent.com.mt/www/delivery/afr.php?zoneid=43&cb=220', 'aria_label': None, 'class': ['tmiads'], 'id': 'af1935e1', 'text': ''}]",14,1,114,0.07883817427385892,93,0,2,0,0,0,199,14,0,50,12,0.0,0.2513,0.8571,177,independent,article_pages
199,33,61,22,0,1,34,9,14029,2144,23,8,"[{'tag': 'iframe', 'src': 'https://ads.independent.com.mt/www/delivery/afr.php?zoneid=45&cb=161', 'aria_label': None, 'class': ['tmiads'], 'id': 'ab2eb8eb', 'text': ''}, {'tag': 'iframe', 'src': 'https://ads.independent.com.mt/www/delivery/afr.php?zoneid=119&cb=219', 'aria_label': None, 'class': ['tmiads'], 'id': 'a9fec59d', 'text': ''}, {'tag': 'iframe', 'src': 'https://ads.independent.com.mt/www/delivery/afr.php?zoneid=116&cb=48', 'aria_label': None, 'class': ['tmiads'], 'id': 'a8bec639', 'text': ''}, {'tag': 'iframe', 'src': 'https://ads.independent.com.mt/www/delivery/afr.php?resize=1&zoneid=22&target=_blank&cb=236', 'aria_label': None, 'class': ['tmiads'], 'id': 'ad1ea670', 'text': ''}, {'tag': 'iframe', 'src': 'https://ads.independent.com.mt/www/delivery/afr.php?zoneid=44&cb=5', 'aria_label': None, 'class': ['tmiads'], 'id': 'a578e25f', 'text': ''}, {'tag': 'iframe', 'src': 'https://ads.independent.com.mt/www/delivery/afr.php?zoneid=115&cb=213', 'aria_label': None, 'class': ['tmiads'], 'id': 'a295273c', 'text': ''}, {'tag': 'iframe', 'src': 'https://ads.independent.com.mt/www/delivery/afr.php?zoneid=147&cb=285', 'aria_label': None, 'class': ['tmiads'], 'id': 'a65e2a3a', 'text': ''}, {'tag': 'iframe', 'src': 'https://ads.independent.com.mt/www/delivery/afr.php?zoneid=43&cb=220', 'aria_label': None, 'class': ['tmiads'], 'id': 'af1935e1', 'text': ''}]",14,1,114,0.07883817427385892,93,0,2,0,0,0,199,14,0,50,12,0.0,0.2513,0.8571,178,independent,article_pages
197,33,61,22,0,1,22,2,10874,1777,23,8,"[{'tag': 'iframe', 'src': 'https://ads.independent.com.mt/www/delivery/afr.php?zoneid=54&cb=173', 'aria_label': None, 'class': ['tmiads'], 'id': 'a322d2a7', 'text': ''}, {'tag': 'iframe', 'src': 'https://ads.independent.com.mt/www/delivery/afr.php?zoneid=134&cb=73', 'aria_label': None, 'class': ['tmiads'], 'id': 'a160ea73', 'text': ''}, {'tag': 'iframe', 'src': 'https://ads.independent.com.mt/www/delivery/afr.php?zoneid=131&cb=22', 'aria_label': None, 'class': ['tmiads'], 'id': 'a78ab6a6', 'text': ''}, {'tag': 'iframe', 'src': 'https://ads.independent.com.mt/www/delivery/afr.php?resize=1&zoneid=22&target=_blank&cb=73', 'aria_label': None, 'class': ['tmiads'], 'id': 'ad1ea670', 'text': ''}, {'tag': 'iframe', 'src': 'https://ads.independent.com.mt/www/delivery/afr.php?zoneid=53&cb=132', 'aria_label': None, 'class': ['tmiads'], 'id': 'a7e2bd7c', 'text': ''}, {'tag': 'iframe', 'src': 'https://ads.independent.com.mt/www/delivery/afr.php?zoneid=130&cb=228', 'aria_label': None, 'class': ['tmiads'], 'id': 'a424f3a7', 'text': ''}, {'tag': 'iframe', 'src': 'https://ads.independent.com.mt/www/delivery/afr.php?zoneid=147&cb=119', 'aria_label': None, 'class': ['tmiads'], 'id': 'a65e2a3a', 'text': ''}, {'tag': 'iframe', 'src': 'https://ads.independent.com.mt/www/delivery/afr.php?zoneid=52&cb=258', 'aria_label': None, 'class': ['tmiads'], 'id': 'a998a06f', 'text': ''}]",14,1,114,0.08062234794908062,93,0,2,0,0,0,197,14,0,50,12,0.0,0.2538,0.8571,179,independent,article_pages
197,33,61,22,0,1,22,2,10874,1777,23,8,"[{'tag': 'iframe', 'src': 'https://ads.independent.com.mt/www/delivery/afr.php?zoneid=54&cb=173', 'aria_label': None, 'class': ['tmiads'], 'id': 'a322d2a7', 'text': ''}, {'tag': 'iframe', 'src': 'https://ads.independent.com.mt/www/delivery/afr.php?zoneid=134&cb=73', 'aria_label': None, 'class': ['tmiads'], 'id': 'a160ea73', 'text': ''}, {'tag': 'iframe', 'src': 'https://ads.independent.com.mt/www/delivery/afr.php?zoneid=131&cb=22', 'aria_label': None, 'class': ['tmiads'], 'id': 'a78ab6a6', 'text': ''}, {'tag': 'iframe', 'src': 'https://ads.independent.com.mt/www/delivery/afr.php?resize=1&zoneid=22&target=_blank&cb=73', 'aria_label': None, 'class': ['tmiads'], 'id': 'ad1ea670', 'text': ''}, {'tag': 'iframe', 'src': 'https://ads.independent.com.mt/www/delivery/afr.php?zoneid=53&cb=132', 'aria_label': None, 'class': ['tmiads'], 'id': 'a7e2bd7c', 'text': ''}, {'tag': 'iframe', 'src': 'https://ads.independent.com.mt/www/delivery/afr.php?zoneid=130&cb=228', 'aria_label': None, 'class': ['tmiads'], 'id': 'a424f3a7', 'text': ''}, {'tag': 'iframe', 'src': 'https://ads.independent.com.mt/www/delivery/afr.php?zoneid=147&cb=119', 'aria_label': None, 'class': ['tmiads'], 'id': 'a65e2a3a', 'text': ''}, {'tag': 'iframe', 'src': 'https://ads.independent.com.mt/www/delivery/afr.php?zoneid=52&cb=258', 'aria_label': None, 'class': ['tmiads'], 'id': 'a998a06f', 'text': ''}]",14,1,114,0.08062234794908062,93,0,2,0,0,0,197,14,0,50,12,0.0,0.2538,0.8571,180,independent,article_pages
197,33,61,22,0,1,22,2,10874,1777,23,8,"[{'tag': 'iframe', 'src': 'https://ads.independent.com.mt/www/delivery/afr.php?zoneid=54&cb=173', 'aria_label': None, 'class': ['tmiads'], 'id': 'a322d2a7', 'text': ''}, {'tag': 'iframe', 'src': 'https://ads.independent.com.mt/www/delivery/afr.php?zoneid=134&cb=73', 'aria_label': None, 'class': ['tmiads'], 'id': 'a160ea73', 'text': ''}, {'tag': 'iframe', 'src': 'https://ads.independent.com.mt/www/delivery/afr.php?zoneid=131&cb=22', 'aria_label': None, 'class': ['tmiads'], 'id': 'a78ab6a6', 'text': ''}, {'tag': 'iframe', 'src': 'https://ads.independent.com.mt/www/delivery/afr.php?resize=1&zoneid=22&target=_blank&cb=73', 'aria_label': None, 'class': ['tmiads'], 'id': 'ad1ea670', 'text': ''}, {'tag': 'iframe', 'src': 'https://ads.independent.com.mt/www/delivery/afr.php?zoneid=53&cb=132', 'aria_label': None, 'class': ['tmiads'], 'id': 'a7e2bd7c', 'text': ''}, {'tag': 'iframe', 'src': 'https://ads.independent.com.mt/www/delivery/afr.php?zoneid=130&cb=228', 'aria_label': None, 'class': ['tmiads'], 'id': 'a424f3a7', 'text': ''}, {'tag': 'iframe', 'src': 'https://ads.independent.com.mt/www/delivery/afr.php?zoneid=147&cb=119', 'aria_label': None, 'class': ['tmiads'], 'id': 'a65e2a3a', 'text': ''}, {'tag': 'iframe', 'src': 'https://ads.independent.com.mt/www/delivery/afr.php?zoneid=52&cb=258', 'aria_label': None, 'class': ['tmiads'], 'id': 'a998a06f', 'text': ''}]",14,1,114,0.08062234794908062,93,0,2,0,0,0,197,14,0,50,12,0.0,0.2538,0.8571,181,independent,article_pages
197,33,61,22,0,1,22,2,10874,1777,23,8,"[{'tag': 'iframe', 'src': 'https://ads.independent.com.mt/www/delivery/afr.php?zoneid=54&cb=173', 'aria_label': None, 'class': ['tmiads'], 'id': 'a322d2a7', 'text': ''}, {'tag': 'iframe', 'src': 'https://ads.independent.com.mt/www/delivery/afr.php?zoneid=134&cb=73', 'aria_label': None, 'class': ['tmiads'], 'id': 'a160ea73', 'text': ''}, {'tag': 'iframe', 'src': 'https://ads.independent.com.mt/www/delivery/afr.php?zoneid=131&cb=22', 'aria_label': None, 'class': ['tmiads'], 'id': 'a78ab6a6', 'text': ''}, {'tag': 'iframe', 'src': 'https://ads.independent.com.mt/www/delivery/afr.php?resize=1&zoneid=22&target=_blank&cb=73', 'aria_label': None, 'class': ['tmiads'], 'id': 'ad1ea670', 'text': ''}, {'tag': 'iframe', 'src': 'https://ads.independent.com.mt/www/delivery/afr.php?zoneid=53&cb=132', 'aria_label': None, 'class': ['tmiads'], 'id': 'a7e2bd7c', 'text': ''}, {'tag': 'iframe', 'src': 'https://ads.independent.com.mt/www/delivery/afr.php?zoneid=130&cb=228', 'aria_label': None, 'class': ['tmiads'], 'id': 'a424f3a7', 'text': ''}, {'tag': 'iframe', 'src': 'https://ads.independent.com.mt/www/delivery/afr.php?zoneid=147&cb=119', 'aria_label': None, 'class': ['tmiads'], 'id': 'a65e2a3a', 'text': ''}, {'tag': 'iframe', 'src': 'https://ads.independent.com.mt/www/delivery/afr.php?zoneid=52&cb=258', 'aria_label': None, 'class': ['tmiads'], 'id': 'a998a06f', 'text': ''}]",14,1,114,0.08062234794908062,93,0,2,0,0,0,197,14,0,50,12,0.0,0.2538,0.8571,182,independent,article_pages
197,33,61,22,0,1,22,2,10874,1777,23,8,"[{'tag': 'iframe', 'src': 'https://ads.independent.com.mt/www/delivery/afr.php?zoneid=54&cb=173', 'aria_label': None, 'class': ['tmiads'], 'id': 'a322d2a7', 'text': ''}, {'tag': 'iframe', 'src': 'https://ads.independent.com.mt/www/delivery/afr.php?zoneid=134&cb=73', 'aria_label': None, 'class': ['tmiads'], 'id': 'a160ea73', 'text': ''}, {'tag': 'iframe', 'src': 'https://ads.independent.com.mt/www/delivery/afr.php?zoneid=131&cb=22', 'aria_label': None, 'class': ['tmiads'], 'id': 'a78ab6a6', 'text': ''}, {'tag': 'iframe', 'src': 'https://ads.independent.com.mt/www/delivery/afr.php?resize=1&zoneid=22&target=_blank&cb=73', 'aria_label': None, 'class': ['tmiads'], 'id': 'ad1ea670', 'text': ''}, {'tag': 'iframe', 'src': 'https://ads.independent.com.mt/www/delivery/afr.php?zoneid=53&cb=132', 'aria_label': None, 'class': ['tmiads'], 'id': 'a7e2bd7c', 'text': ''}, {'tag': 'iframe', 'src': 'https://ads.independent.com.mt/www/delivery/afr.php?zoneid=130&cb=228', 'aria_label': None, 'class': ['tmiads'], 'id': 'a424f3a7', 'text': ''}, {'tag': 'iframe', 'src': 'https://ads.independent.com.mt/www/delivery/afr.php?zoneid=147&cb=119', 'aria_label': None, 'class': ['tmiads'], 'id': 'a65e2a3a', 'text': ''}, {'tag': 'iframe', 'src': 'https://ads.independent.com.mt/www/delivery/afr.php?zoneid=52&cb=258', 'aria_label': None, 'class': ['tmiads'], 'id': 'a998a06f', 'text': ''}]",14,1,114,0.08062234794908062,93,0,2,0,0,0,197,14,0,50,12,0.0,0.2538,0.8571,183,independent,article_pages
197,33,61,22,0,1,22,2,10874,1777,23,8,"[{'tag': 'iframe', 'src': 'https://ads.independent.com.mt/www/delivery/afr.php?zoneid=54&cb=173', 'aria_label': None, 'class': ['tmiads'], 'id': 'a322d2a7', 'text': ''}, {'tag': 'iframe', 'src': 'https://ads.independent.com.mt/www/delivery/afr.php?zoneid=134&cb=73', 'aria_label': None, 'class': ['tmiads'], 'id': 'a160ea73', 'text': ''}, {'tag': 'iframe', 'src': 'https://ads.independent.com.mt/www/delivery/afr.php?zoneid=131&cb=22', 'aria_label': None, 'class': ['tmiads'], 'id': 'a78ab6a6', 'text': ''}, {'tag': 'iframe', 'src': 'https://ads.independent.com.mt/www/delivery/afr.php?resize=1&zoneid=22&target=_blank&cb=73', 'aria_label': None, 'class': ['tmiads'], 'id': 'ad1ea670', 'text': ''}, {'tag': 'iframe', 'src': 'https://ads.independent.com.mt/www/delivery/afr.php?zoneid=53&cb=132', 'aria_label': None, 'class': ['tmiads'], 'id': 'a7e2bd7c', 'text': ''}, {'tag': 'iframe', 'src': 'https://ads.independent.com.mt/www/delivery/afr.php?zoneid=130&cb=228', 'aria_label': None, 'class': ['tmiads'], 'id': 'a424f3a7', 'text': ''}, {'tag': 'iframe', 'src': 'https://ads.independent.com.mt/www/delivery/afr.php?zoneid=147&cb=119', 'aria_label': None, 'class': ['tmiads'], 'id': 'a65e2a3a', 'text': ''}, {'tag': 'iframe', 'src': 'https://ads.independent.com.mt/www/delivery/afr.php?zoneid=52&cb=258', 'aria_label': None, 'class': ['tmiads'], 'id': 'a998a06f', 'text': ''}]",14,1,114,0.08062234794908062,93,0,2,0,0,0,197,14,0,50,12,0.0,0.2538,0.8571,184,independent,article_pages
197,33,61,22,0,1,22,2,10874,1777,23,8,"[{'tag': 'iframe', 'src': 'https://ads.independent.com.mt/www/delivery/afr.php?zoneid=54&cb=173', 'aria_label': None, 'class': ['tmiads'], 'id': 'a322d2a7', 'text': ''}, {'tag': 'iframe', 'src': 'https://ads.independent.com.mt/www/delivery/afr.php?zoneid=134&cb=73', 'aria_label': None, 'class': ['tmiads'], 'id': 'a160ea73', 'text': ''}, {'tag': 'iframe', 'src': 'https://ads.independent.com.mt/www/delivery/afr.php?zoneid=131&cb=22', 'aria_label': None, 'class': ['tmiads'], 'id': 'a78ab6a6', 'text': ''}, {'tag': 'iframe', 'src': 'https://ads.independent.com.mt/www/delivery/afr.php?resize=1&zoneid=22&target=_blank&cb=73', 'aria_label': None, 'class': ['tmiads'], 'id': 'ad1ea670', 'text': ''}, {'tag': 'iframe', 'src': 'https://ads.independent.com.mt/www/delivery/afr.php?zoneid=53&cb=132', 'aria_label': None, 'class': ['tmiads'], 'id': 'a7e2bd7c', 'text': ''}, {'tag': 'iframe', 'src': 'https://ads.independent.com.mt/www/delivery/afr.php?zoneid=130&cb=228', 'aria_label': None, 'class': ['tmiads'], 'id': 'a424f3a7', 'text': ''}, {'tag': 'iframe', 'src': 'https://ads.independent.com.mt/www/delivery/afr.php?zoneid=147&cb=119', 'aria_label': None, 'class': ['tmiads'], 'id': 'a65e2a3a', 'text': ''}, {'tag': 'iframe', 'src': 'https://ads.independent.com.mt/www/delivery/afr.php?zoneid=52&cb=258', 'aria_label': None, 'class': ['tmiads'], 'id': 'a998a06f', 'text': ''}]",14,1,114,0.08062234794908062,93,0,2,0,0,0,197,14,0,50,12,0.0,0.2538,0.8571,185,independent,article_pages
197,33,61,22,0,1,22,2,10874,1777,23,8,"[{'tag': 'iframe', 'src': 'https://ads.independent.com.mt/www/delivery/afr.php?zoneid=54&cb=173', 'aria_label': None, 'class': ['tmiads'], 'id': 'a322d2a7', 'text': ''}, {'tag': 'iframe', 'src': 'https://ads.independent.com.mt/www/delivery/afr.php?zoneid=134&cb=73', 'aria_label': None, 'class': ['tmiads'], 'id': 'a160ea73', 'text': ''}, {'tag': 'iframe', 'src': 'https://ads.independent.com.mt/www/delivery/afr.php?zoneid=131&cb=22', 'aria_label': None, 'class': ['tmiads'], 'id': 'a78ab6a6', 'text': ''}, {'tag': 'iframe', 'src': 'https://ads.independent.com.mt/www/delivery/afr.php?resize=1&zoneid=22&target=_blank&cb=73', 'aria_label': None, 'class': ['tmiads'], 'id': 'ad1ea670', 'text': ''}, {'tag': 'iframe', 'src': 'https://ads.independent.com.mt/www/delivery/afr.php?zoneid=53&cb=132', 'aria_label': None, 'class': ['tmiads'], 'id': 'a7e2bd7c', 'text': ''}, {'tag': 'iframe', 'src': 'https://ads.independent.com.mt/www/delivery/afr.php?zoneid=130&cb=228', 'aria_label': None, 'class': ['tmiads'], 'id': 'a424f3a7', 'text': ''}, {'tag': 'iframe', 'src': 'https://ads.independent.com.mt/www/delivery/afr.php?zoneid=147&cb=119', 'aria_label': None, 'class': ['tmiads'], 'id': 'a65e2a3a', 'text': ''}, {'tag': 'iframe', 'src': 'https://ads.independent.com.mt/www/delivery/afr.php?zoneid=52&cb=258', 'aria_label': None, 'class': ['tmiads'], 'id': 'a998a06f', 'text': ''}]",14,1,114,0.08062234794908062,93,0,2,0,0,0,197,14,0,50,12,0.0,0.2538,0.8571,186,independent,article_pages
197,33,61,22,0,1,22,2,10874,1777,23,8,"[{'tag': 'iframe', 'src': 'https://ads.independent.com.mt/www/delivery/afr.php?zoneid=54&cb=173', 'aria_label': None, 'class': ['tmiads'], 'id': 'a322d2a7', 'text': ''}, {'tag': 'iframe', 'src': 'https://ads.independent.com.mt/www/delivery/afr.php?zoneid=134&cb=73', 'aria_label': None, 'class': ['tmiads'], 'id': 'a160ea73', 'text': ''}, {'tag': 'iframe', 'src': 'https://ads.independent.com.mt/www/delivery/afr.php?zoneid=131&cb=22', 'aria_label': None, 'class': ['tmiads'], 'id': 'a78ab6a6', 'text': ''}, {'tag': 'iframe', 'src': 'https://ads.independent.com.mt/www/delivery/afr.php?resize=1&zoneid=22&target=_blank&cb=73', 'aria_label': None, 'class': ['tmiads'], 'id': 'ad1ea670', 'text': ''}, {'tag': 'iframe', 'src': 'https://ads.independent.com.mt/www/delivery/afr.php?zoneid=53&cb=132', 'aria_label': None, 'class': ['tmiads'], 'id': 'a7e2bd7c', 'text': ''}, {'tag': 'iframe', 'src': 'https://ads.independent.com.mt/www/delivery/afr.php?zoneid=130&cb=228', 'aria_label': None, 'class': ['tmiads'], 'id': 'a424f3a7', 'text': ''}, {'tag': 'iframe', 'src': 'https://ads.independent.com.mt/www/delivery/afr.php?zoneid=147&cb=119', 'aria_label': None, 'class': ['tmiads'], 'id': 'a65e2a3a', 'text': ''}, {'tag': 'iframe', 'src': 'https://ads.independent.com.mt/www/delivery/afr.php?zoneid=52&cb=258', 'aria_label': None, 'class': ['tmiads'], 'id': 'a998a06f', 'text': ''}]",14,1,114,0.08062234794908062,93,0,2,0,0,0,197,14,0,50,12,0.0,0.2538,0.8571,187,independent,article_pages
197,33,61,22,0,1,22,2,10874,1777,23,8,"[{'tag': 'iframe', 'src': 'https://ads.independent.com.mt/www/delivery/afr.php?zoneid=54&cb=173', 'aria_label': None, 'class': ['tmiads'], 'id': 'a322d2a7', 'text': ''}, {'tag': 'iframe', 'src': 'https://ads.independent.com.mt/www/delivery/afr.php?zoneid=134&cb=73', 'aria_label': None, 'class': ['tmiads'], 'id': 'a160ea73', 'text': ''}, {'tag': 'iframe', 'src': 'https://ads.independent.com.mt/www/delivery/afr.php?zoneid=131&cb=22', 'aria_label': None, 'class': ['tmiads'], 'id': 'a78ab6a6', 'text': ''}, {'tag': 'iframe', 'src': 'https://ads.independent.com.mt/www/delivery/afr.php?resize=1&zoneid=22&target=_blank&cb=73', 'aria_label': None, 'class': ['tmiads'], 'id': 'ad1ea670', 'text': ''}, {'tag': 'iframe', 'src': 'https://ads.independent.com.mt/www/delivery/afr.php?zoneid=53&cb=132', 'aria_label': None, 'class': ['tmiads'], 'id': 'a7e2bd7c', 'text': ''}, {'tag': 'iframe', 'src': 'https://ads.independent.com.mt/www/delivery/afr.php?zoneid=130&cb=228', 'aria_label': None, 'class': ['tmiads'], 'id': 'a424f3a7', 'text': ''}, {'tag': 'iframe', 'src': 'https://ads.independent.com.mt/www/delivery/afr.php?zoneid=147&cb=119', 'aria_label': None, 'class': ['tmiads'], 'id': 'a65e2a3a', 'text': ''}, {'tag': 'iframe', 'src': 'https://ads.independent.com.mt/www/delivery/afr.php?zoneid=52&cb=258', 'aria_label': None, 'class': ['tmiads'], 'id': 'a998a06f', 'text': ''}]",14,1,114,0.08062234794908062,93,0,2,0,0,0,197,14,0,50,12,0.0,0.2538,0.8571,188,independent,article_pages
197,33,61,22,0,1,22,2,10874,1777,23,8,"[{'tag': 'iframe', 'src': 'https://ads.independent.com.mt/www/delivery/afr.php?zoneid=54&cb=173', 'aria_label': None, 'class': ['tmiads'], 'id': 'a322d2a7', 'text': ''}, {'tag': 'iframe', 'src': 'https://ads.independent.com.mt/www/delivery/afr.php?zoneid=134&cb=73', 'aria_label': None, 'class': ['tmiads'], 'id': 'a160ea73', 'text': ''}, {'tag': 'iframe', 'src': 'https://ads.independent.com.mt/www/delivery/afr.php?zoneid=131&cb=22', 'aria_label': None, 'class': ['tmiads'], 'id': 'a78ab6a6', 'text': ''}, {'tag': 'iframe', 'src': 'https://ads.independent.com.mt/www/delivery/afr.php?resize=1&zoneid=22&target=_blank&cb=73', 'aria_label': None, 'class': ['tmiads'], 'id': 'ad1ea670', 'text': ''}, {'tag': 'iframe', 'src': 'https://ads.independent.com.mt/www/delivery/afr.php?zoneid=53&cb=132', 'aria_label': None, 'class': ['tmiads'], 'id': 'a7e2bd7c', 'text': ''}, {'tag': 'iframe', 'src': 'https://ads.independent.com.mt/www/delivery/afr.php?zoneid=130&cb=228', 'aria_label': None, 'class': ['tmiads'], 'id': 'a424f3a7', 'text': ''}, {'tag': 'iframe', 'src': 'https://ads.independent.com.mt/www/delivery/afr.php?zoneid=147&cb=119', 'aria_label': None, 'class': ['tmiads'], 'id': 'a65e2a3a', 'text': ''}, {'tag': 'iframe', 'src': 'https://ads.independent.com.mt/www/delivery/afr.php?zoneid=52&cb=258', 'aria_label': None, 'class': ['tmiads'], 'id': 'a998a06f', 'text': ''}]",14,1,114,0.08062234794908062,93,0,2,0,0,0,197,14,0,50,12,0.0,0.2538,0.8571,189,independent,article_pages
197,33,61,22,0,1,22,2,10874,1777,23,8,"[{'tag': 'iframe', 'src': 'https://ads.independent.com.mt/www/delivery/afr.php?zoneid=54&cb=173', 'aria_label': None, 'class': ['tmiads'], 'id': 'a322d2a7', 'text': ''}, {'tag': 'iframe', 'src': 'https://ads.independent.com.mt/www/delivery/afr.php?zoneid=134&cb=73', 'aria_label': None, 'class': ['tmiads'], 'id': 'a160ea73', 'text': ''}, {'tag': 'iframe', 'src': 'https://ads.independent.com.mt/www/delivery/afr.php?zoneid=131&cb=22', 'aria_label': None, 'class': ['tmiads'], 'id': 'a78ab6a6', 'text': ''}, {'tag': 'iframe', 'src': 'https://ads.independent.com.mt/www/delivery/afr.php?resize=1&zoneid=22&target=_blank&cb=73', 'aria_label': None, 'class': ['tmiads'], 'id': 'ad1ea670', 'text': ''}, {'tag': 'iframe', 'src': 'https://ads.independent.com.mt/www/delivery/afr.php?zoneid=53&cb=132', 'aria_label': None, 'class': ['tmiads'], 'id': 'a7e2bd7c', 'text': ''}, {'tag': 'iframe', 'src': 'https://ads.independent.com.mt/www/delivery/afr.php?zoneid=130&cb=228', 'aria_label': None, 'class': ['tmiads'], 'id': 'a424f3a7', 'text': ''}, {'tag': 'iframe', 'src': 'https://ads.independent.com.mt/www/delivery/afr.php?zoneid=147&cb=119', 'aria_label': None, 'class': ['tmiads'], 'id': 'a65e2a3a', 'text': ''}, {'tag': 'iframe', 'src': 'https://ads.independent.com.mt/www/delivery/afr.php?zoneid=52&cb=258', 'aria_label': None, 'class': ['tmiads'], 'id': 'a998a06f', 'text': ''}]",14,1,114,0.08062234794908062,93,0,2,0,0,0,197,14,0,50,12,0.0,0.2538,0.8571,190,independent,article_pages
197,33,61,22,0,1,22,2,10874,1777,23,8,"[{'tag': 'iframe', 'src': 'https://ads.independent.com.mt/www/delivery/afr.php?zoneid=54&cb=173', 'aria_label': None, 'class': ['tmiads'], 'id': 'a322d2a7', 'text': ''}, {'tag': 'iframe', 'src': 'https://ads.independent.com.mt/www/delivery/afr.php?zoneid=134&cb=73', 'aria_label': None, 'class': ['tmiads'], 'id': 'a160ea73', 'text': ''}, {'tag': 'iframe', 'src': 'https://ads.independent.com.mt/www/delivery/afr.php?zoneid=131&cb=22', 'aria_label': None, 'class': ['tmiads'], 'id': 'a78ab6a6', 'text': ''}, {'tag': 'iframe', 'src': 'https://ads.independent.com.mt/www/delivery/afr.php?resize=1&zoneid=22&target=_blank&cb=73', 'aria_label': None, 'class': ['tmiads'], 'id': 'ad1ea670', 'text': ''}, {'tag': 'iframe', 'src': 'https://ads.independent.com.mt/www/delivery/afr.php?zoneid=53&cb=132', 'aria_label': None, 'class': ['tmiads'], 'id': 'a7e2bd7c', 'text': ''}, {'tag': 'iframe', 'src': 'https://ads.independent.com.mt/www/delivery/afr.php?zoneid=130&cb=228', 'aria_label': None, 'class': ['tmiads'], 'id': 'a424f3a7', 'text': ''}, {'tag': 'iframe', 'src': 'https://ads.independent.com.mt/www/delivery/afr.php?zoneid=147&cb=119', 'aria_label': None, 'class': ['tmiads'], 'id': 'a65e2a3a', 'text': ''}, {'tag': 'iframe', 'src': 'https://ads.independent.com.mt/www/delivery/afr.php?zoneid=52&cb=258', 'aria_label': None, 'class': ['tmiads'], 'id': 'a998a06f', 'text': ''}]",14,1,114,0.08062234794908062,93,0,2,0,0,0,197,14,0,50,12,0.0,0.2538,0.8571,191,independent,article_pages
197,33,61,22,0,1,22,2,10874,1777,23,8,"[{'tag': 'iframe', 'src': 'https://ads.independent.com.mt/www/delivery/afr.php?zoneid=54&cb=173', 'aria_label': None, 'class': ['tmiads'], 'id': 'a322d2a7', 'text': ''}, {'tag': 'iframe', 'src': 'https://ads.independent.com.mt/www/delivery/afr.php?zoneid=134&cb=73', 'aria_label': None, 'class': ['tmiads'], 'id': 'a160ea73', 'text': ''}, {'tag': 'iframe', 'src': 'https://ads.independent.com.mt/www/delivery/afr.php?zoneid=131&cb=22', 'aria_label': None, 'class': ['tmiads'], 'id': 'a78ab6a6', 'text': ''}, {'tag': 'iframe', 'src': 'https://ads.independent.com.mt/www/delivery/afr.php?resize=1&zoneid=22&target=_blank&cb=73', 'aria_label': None, 'class': ['tmiads'], 'id': 'ad1ea670', 'text': ''}, {'tag': 'iframe', 'src': 'https://ads.independent.com.mt/www/delivery/afr.php?zoneid=53&cb=132', 'aria_label': None, 'class': ['tmiads'], 'id': 'a7e2bd7c', 'text': ''}, {'tag': 'iframe', 'src': 'https://ads.independent.com.mt/www/delivery/afr.php?zoneid=130&cb=228', 'aria_label': None, 'class': ['tmiads'], 'id': 'a424f3a7', 'text': ''}, {'tag': 'iframe', 'src': 'https://ads.independent.com.mt/www/delivery/afr.php?zoneid=147&cb=119', 'aria_label': None, 'class': ['tmiads'], 'id': 'a65e2a3a', 'text': ''}, {'tag': 'iframe', 'src': 'https://ads.independent.com.mt/www/delivery/afr.php?zoneid=52&cb=258', 'aria_label': None, 'class': ['tmiads'], 'id': 'a998a06f', 'text': ''}]",14,1,114,0.08062234794908062,93,0,2,0,0,0,197,14,0,50,12,0.0,0.2538,0.8571,192,independent,article_pages
197,33,61,22,0,1,22,2,10874,1777,23,8,"[{'tag': 'iframe', 'src': 'https://ads.independent.com.mt/www/delivery/afr.php?zoneid=54&cb=173', 'aria_label': None, 'class': ['tmiads'], 'id': 'a322d2a7', 'text': ''}, {'tag': 'iframe', 'src': 'https://ads.independent.com.mt/www/delivery/afr.php?zoneid=134&cb=73', 'aria_label': None, 'class': ['tmiads'], 'id': 'a160ea73', 'text': ''}, {'tag': 'iframe', 'src': 'https://ads.independent.com.mt/www/delivery/afr.php?zoneid=131&cb=22', 'aria_label': None, 'class': ['tmiads'], 'id': 'a78ab6a6', 'text': ''}, {'tag': 'iframe', 'src': 'https://ads.independent.com.mt/www/delivery/afr.php?resize=1&zoneid=22&target=_blank&cb=73', 'aria_label': None, 'class': ['tmiads'], 'id': 'ad1ea670', 'text': ''}, {'tag': 'iframe', 'src': 'https://ads.independent.com.mt/www/delivery/afr.php?zoneid=53&cb=132', 'aria_label': None, 'class': ['tmiads'], 'id': 'a7e2bd7c', 'text': ''}, {'tag': 'iframe', 'src': 'https://ads.independent.com.mt/www/delivery/afr.php?zoneid=130&cb=228', 'aria_label': None, 'class': ['tmiads'], 'id': 'a424f3a7', 'text': ''}, {'tag': 'iframe', 'src': 'https://ads.independent.com.mt/www/delivery/afr.php?zoneid=147&cb=119', 'aria_label': None, 'class': ['tmiads'], 'id': 'a65e2a3a', 'text': ''}, {'tag': 'iframe', 'src': 'https://ads.independent.com.mt/www/delivery/afr.php?zoneid=52&cb=258', 'aria_label': None, 'class': ['tmiads'], 'id': 'a998a06f', 'text': ''}]",14,1,114,0.08062234794908062,93,0,2,0,0,0,197,14,0,50,12,0.0,0.2538,0.8571,193,independent,article_pages
197,33,61,22,0,1,22,2,10874,1777,23,8,"[{'tag': 'iframe', 'src': 'https://ads.independent.com.mt/www/delivery/afr.php?zoneid=54&cb=173', 'aria_label': None, 'class': ['tmiads'], 'id': 'a322d2a7', 'text': ''}, {'tag': 'iframe', 'src': 'https://ads.independent.com.mt/www/delivery/afr.php?zoneid=134&cb=73', 'aria_label': None, 'class': ['tmiads'], 'id': 'a160ea73', 'text': ''}, {'tag': 'iframe', 'src': 'https://ads.independent.com.mt/www/delivery/afr.php?zoneid=131&cb=22', 'aria_label': None, 'class': ['tmiads'], 'id': 'a78ab6a6', 'text': ''}, {'tag': 'iframe', 'src': 'https://ads.independent.com.mt/www/delivery/afr.php?resize=1&zoneid=22&target=_blank&cb=73', 'aria_label': None, 'class': ['tmiads'], 'id': 'ad1ea670', 'text': ''}, {'tag': 'iframe', 'src': 'https://ads.independent.com.mt/www/delivery/afr.php?zoneid=53&cb=132', 'aria_label': None, 'class': ['tmiads'], 'id': 'a7e2bd7c', 'text': ''}, {'tag': 'iframe', 'src': 'https://ads.independent.com.mt/www/delivery/afr.php?zoneid=130&cb=228', 'aria_label': None, 'class': ['tmiads'], 'id': 'a424f3a7', 'text': ''}, {'tag': 'iframe', 'src': 'https://ads.independent.com.mt/www/delivery/afr.php?zoneid=147&cb=119', 'aria_label': None, 'class': ['tmiads'], 'id': 'a65e2a3a', 'text': ''}, {'tag': 'iframe', 'src': 'https://ads.independent.com.mt/www/delivery/afr.php?zoneid=52&cb=258', 'aria_label': None, 'class': ['tmiads'], 'id': 'a998a06f', 'text': ''}]",14,1,114,0.08062234794908062,93,0,2,0,0,0,197,14,0,50,12,0.0,0.2538,0.8571,194,independent,article_pages
197,33,61,22,0,1,22,2,10874,1777,23,8,"[{'tag': 'iframe', 'src': 'https://ads.independent.com.mt/www/delivery/afr.php?zoneid=54&cb=173', 'aria_label': None, 'class': ['tmiads'], 'id': 'a322d2a7', 'text': ''}, {'tag': 'iframe', 'src': 'https://ads.independent.com.mt/www/delivery/afr.php?zoneid=134&cb=73', 'aria_label': None, 'class': ['tmiads'], 'id': 'a160ea73', 'text': ''}, {'tag': 'iframe', 'src': 'https://ads.independent.com.mt/www/delivery/afr.php?zoneid=131&cb=22', 'aria_label': None, 'class': ['tmiads'], 'id': 'a78ab6a6', 'text': ''}, {'tag': 'iframe', 'src': 'https://ads.independent.com.mt/www/delivery/afr.php?resize=1&zoneid=22&target=_blank&cb=73', 'aria_label': None, 'class': ['tmiads'], 'id': 'ad1ea670', 'text': ''}, {'tag': 'iframe', 'src': 'https://ads.independent.com.mt/www/delivery/afr.php?zoneid=53&cb=132', 'aria_label': None, 'class': ['tmiads'], 'id': 'a7e2bd7c', 'text': ''}, {'tag': 'iframe', 'src': 'https://ads.independent.com.mt/www/delivery/afr.php?zoneid=130&cb=228', 'aria_label': None, 'class': ['tmiads'], 'id': 'a424f3a7', 'text': ''}, {'tag': 'iframe', 'src': 'https://ads.independent.com.mt/www/delivery/afr.php?zoneid=147&cb=119', 'aria_label': None, 'class': ['tmiads'], 'id': 'a65e2a3a', 'text': ''}, {'tag': 'iframe', 'src': 'https://ads.independent.com.mt/www/delivery/afr.php?zoneid=52&cb=258', 'aria_label': None, 'class': ['tmiads'], 'id': 'a998a06f', 'text': ''}]",14,1,114,0.08062234794908062,93,0,2,0,0,0,197,14,0,50,12,0.0,0.2538,0.8571,195,independent,article_pages
197,33,61,22,0,1,22,2,10874,1777,23,8,"[{'tag': 'iframe', 'src': 'https://ads.independent.com.mt/www/delivery/afr.php?zoneid=54&cb=173', 'aria_label': None, 'class': ['tmiads'], 'id': 'a322d2a7', 'text': ''}, {'tag': 'iframe', 'src': 'https://ads.independent.com.mt/www/delivery/afr.php?zoneid=134&cb=73', 'aria_label': None, 'class': ['tmiads'], 'id': 'a160ea73', 'text': ''}, {'tag': 'iframe', 'src': 'https://ads.independent.com.mt/www/delivery/afr.php?zoneid=131&cb=22', 'aria_label': None, 'class': ['tmiads'], 'id': 'a78ab6a6', 'text': ''}, {'tag': 'iframe', 'src': 'https://ads.independent.com.mt/www/delivery/afr.php?resize=1&zoneid=22&target=_blank&cb=73', 'aria_label': None, 'class': ['tmiads'], 'id': 'ad1ea670', 'text': ''}, {'tag': 'iframe', 'src': 'https://ads.independent.com.mt/www/delivery/afr.php?zoneid=53&cb=132', 'aria_label': None, 'class': ['tmiads'], 'id': 'a7e2bd7c', 'text': ''}, {'tag': 'iframe', 'src': 'https://ads.independent.com.mt/www/delivery/afr.php?zoneid=130&cb=228', 'aria_label': None, 'class': ['tmiads'], 'id': 'a424f3a7', 'text': ''}, {'tag': 'iframe', 'src': 'https://ads.independent.com.mt/www/delivery/afr.php?zoneid=147&cb=119', 'aria_label': None, 'class': ['tmiads'], 'id': 'a65e2a3a', 'text': ''}, {'tag': 'iframe', 'src': 'https://ads.independent.com.mt/www/delivery/afr.php?zoneid=52&cb=258', 'aria_label': None, 'class': ['tmiads'], 'id': 'a998a06f', 'text': ''}]",14,1,114,0.08062234794908062,93,0,2,0,0,0,197,14,0,50,12,0.0,0.2538,0.8571,196,independent,article_pages
197,33,61,22,0,1,22,2,10874,1777,23,8,"[{'tag': 'iframe', 'src': 'https://ads.independent.com.mt/www/delivery/afr.php?zoneid=54&cb=173', 'aria_label': None, 'class': ['tmiads'], 'id': 'a322d2a7', 'text': ''}, {'tag': 'iframe', 'src': 'https://ads.independent.com.mt/www/delivery/afr.php?zoneid=134&cb=73', 'aria_label': None, 'class': ['tmiads'], 'id': 'a160ea73', 'text': ''}, {'tag': 'iframe', 'src': 'https://ads.independent.com.mt/www/delivery/afr.php?zoneid=131&cb=22', 'aria_label': None, 'class': ['tmiads'], 'id': 'a78ab6a6', 'text': ''}, {'tag': 'iframe', 'src': 'https://ads.independent.com.mt/www/delivery/afr.php?resize=1&zoneid=22&target=_blank&cb=73', 'aria_label': None, 'class': ['tmiads'], 'id': 'ad1ea670', 'text': ''}, {'tag': 'iframe', 'src': 'https://ads.independent.com.mt/www/delivery/afr.php?zoneid=53&cb=132', 'aria_label': None, 'class': ['tmiads'], 'id': 'a7e2bd7c', 'text': ''}, {'tag': 'iframe', 'src': 'https://ads.independent.com.mt/www/delivery/afr.php?zoneid=130&cb=228', 'aria_label': None, 'class': ['tmiads'], 'id': 'a424f3a7', 'text': ''}, {'tag': 'iframe', 'src': 'https://ads.independent.com.mt/www/delivery/afr.php?zoneid=147&cb=119', 'aria_label': None, 'class': ['tmiads'], 'id': 'a65e2a3a', 'text': ''}, {'tag': 'iframe', 'src': 'https://ads.independent.com.mt/www/delivery/afr.php?zoneid=52&cb=258', 'aria_label': None, 'class': ['tmiads'], 'id': 'a998a06f', 'text': ''}]",14,1,114,0.08062234794908062,93,0,2,0,0,0,197,14,0,50,12,0.0,0.2538,0.8571,197,independent,article_pages
197,33,61,22,0,1,22,2,10874,1777,23,8,"[{'tag': 'iframe', 'src': 'https://ads.independent.com.mt/www/delivery/afr.php?zoneid=54&cb=173', 'aria_label': None, 'class': ['tmiads'], 'id': 'a322d2a7', 'text': ''}, {'tag': 'iframe', 'src': 'https://ads.independent.com.mt/www/delivery/afr.php?zoneid=134&cb=73', 'aria_label': None, 'class': ['tmiads'], 'id': 'a160ea73', 'text': ''}, {'tag': 'iframe', 'src': 'https://ads.independent.com.mt/www/delivery/afr.php?zoneid=131&cb=22', 'aria_label': None, 'class': ['tmiads'], 'id': 'a78ab6a6', 'text': ''}, {'tag': 'iframe', 'src': 'https://ads.independent.com.mt/www/delivery/afr.php?resize=1&zoneid=22&target=_blank&cb=73', 'aria_label': None, 'class': ['tmiads'], 'id': 'ad1ea670', 'text': ''}, {'tag': 'iframe', 'src': 'https://ads.independent.com.mt/www/delivery/afr.php?zoneid=53&cb=132', 'aria_label': None, 'class': ['tmiads'], 'id': 'a7e2bd7c', 'text': ''}, {'tag': 'iframe', 'src': 'https://ads.independent.com.mt/www/delivery/afr.php?zoneid=130&cb=228', 'aria_label': None, 'class': ['tmiads'], 'id': 'a424f3a7', 'text': ''}, {'tag': 'iframe', 'src': 'https://ads.independent.com.mt/www/delivery/afr.php?zoneid=147&cb=119', 'aria_label': None, 'class': ['tmiads'], 'id': 'a65e2a3a', 'text': ''}, {'tag': 'iframe', 'src': 'https://ads.independent.com.mt/www/delivery/afr.php?zoneid=52&cb=258', 'aria_label': None, 'class': ['tmiads'], 'id': 'a998a06f', 'text': ''}]",14,1,114,0.08062234794908062,93,0,2,0,0,0,197,14,0,50,12,0.0,0.2538,0.8571,198,independent,article_pages
197,33,62,22,0,1,17,2,7720,1252,23,8,"[{'tag': 'iframe', 'src': 'https://ads.independent.com.mt/www/delivery/afr.php?resize=1&zoneid=31&target=_blank&cb=38', 'aria_label': None, 'class': ['tmiads'], 'id': 'af5023f7', 'text': ''}, {'tag': 'iframe', 'src': 'https://ads.independent.com.mt/www/delivery/afr.php?zoneid=96&cb=270', 'aria_label': None, 'class': ['tmiads'], 'id': 'a843ba79', 'text': ''}, {'tag': 'iframe', 'src': 'https://ads.independent.com.mt/www/delivery/afr.php?zoneid=93&cb=231', 'aria_label': None, 'class': ['tmiads'], 'id': 'a5c2371e', 'text': ''}, {'tag': 'iframe', 'src': 'https://ads.independent.com.mt/www/delivery/afr.php?resize=1&zoneid=22&target=_blank&cb=12', 'aria_label': None, 'class': ['tmiads'], 'id': 'ad1ea670', 'text': ''}, {'tag': 'iframe', 'src': 'https://ads.independent.com.mt/www/delivery/afr.php?resize=1&zoneid=21&target=_blank&cb=77', 'aria_label': None, 'class': ['tmiads'], 'id': 'a7c93e83', 'text': ''}, {'tag': 'iframe', 'src': 'http://ads.independent.com.mt/www/delivery/afr.php?zoneid=92&cb=107', 'aria_label': None, 'class': ['tmiads'], 'id': 'a537fbf2', 'text': ''}, {'tag': 'iframe', 'src': 'https://ads.independent.com.mt/www/delivery/afr.php?zoneid=147&cb=95', 'aria_label': None, 'class': ['tmiads'], 'id': 'a65e2a3a', 'text': ''}, {'tag': 'iframe', 'src': 'https://ads.independent.com.mt/www/delivery/afr.php?resize=1&zoneid=20&target=_blank&cb=217', 'aria_label': None, 'class': ['tmiads'], 'id': 'a7652f8a', 'text': ''}]",14,1,114,0.08,93,0,2,0,0,0,197,14,0,50,12,0.0,0.2538,0.8571,199,independent,article_pages
197,33,62,22,0,1,17,2,7720,1252,23,8,"[{'tag': 'iframe', 'src': 'https://ads.independent.com.mt/www/delivery/afr.php?resize=1&zoneid=31&target=_blank&cb=38', 'aria_label': None, 'class': ['tmiads'], 'id': 'af5023f7', 'text': ''}, {'tag': 'iframe', 'src': 'https://ads.independent.com.mt/www/delivery/afr.php?zoneid=96&cb=270', 'aria_label': None, 'class': ['tmiads'], 'id': 'a843ba79', 'text': ''}, {'tag': 'iframe', 'src': 'https://ads.independent.com.mt/www/delivery/afr.php?zoneid=93&cb=231', 'aria_label': None, 'class': ['tmiads'], 'id': 'a5c2371e', 'text': ''}, {'tag': 'iframe', 'src': 'https://ads.independent.com.mt/www/delivery/afr.php?resize=1&zoneid=22&target=_blank&cb=12', 'aria_label': None, 'class': ['tmiads'], 'id': 'ad1ea670', 'text': ''}, {'tag': 'iframe', 'src': 'https://ads.independent.com.mt/www/delivery/afr.php?resize=1&zoneid=21&target=_blank&cb=77', 'aria_label': None, 'class': ['tmiads'], 'id': 'a7c93e83', 'text': ''}, {'tag': 'iframe', 'src': 'http://ads.independent.com.mt/www/delivery/afr.php?zoneid=92&cb=107', 'aria_label': None, 'class': ['tmiads'], 'id': 'a537fbf2', 'text': ''}, {'tag': 'iframe', 'src': 'https://ads.independent.com.mt/www/delivery/afr.php?zoneid=147&cb=95', 'aria_label': None, 'class': ['tmiads'], 'id': 'a65e2a3a', 'text': ''}, {'tag': 'iframe', 'src': 'https://ads.independent.com.mt/www/delivery/afr.php?resize=1&zoneid=20&target=_blank&cb=217', 'aria_label': None, 'class': ['tmiads'], 'id': 'a7652f8a', 'text': ''}]",14,1,114,0.08,93,0,2,0,0,0,197,14,0,50,12,0.0,0.2538,0.8571,200,independent,article_pages
197,33,62,22,0,1,17,2,7720,1252,23,8,"[{'tag': 'iframe', 'src': 'https://ads.independent.com.mt/www/delivery/afr.php?resize=1&zoneid=31&target=_blank&cb=38', 'aria_label': None, 'class': ['tmiads'], 'id': 'af5023f7', 'text': ''}, {'tag': 'iframe', 'src': 'https://ads.independent.com.mt/www/delivery/afr.php?zoneid=96&cb=270', 'aria_label': None, 'class': ['tmiads'], 'id': 'a843ba79', 'text': ''}, {'tag': 'iframe', 'src': 'https://ads.independent.com.mt/www/delivery/afr.php?zoneid=93&cb=231', 'aria_label': None, 'class': ['tmiads'], 'id': 'a5c2371e', 'text': ''}, {'tag': 'iframe', 'src': 'https://ads.independent.com.mt/www/delivery/afr.php?resize=1&zoneid=22&target=_blank&cb=12', 'aria_label': None, 'class': ['tmiads'], 'id': 'ad1ea670', 'text': ''}, {'tag': 'iframe', 'src': 'https://ads.independent.com.mt/www/delivery/afr.php?resize=1&zoneid=21&target=_blank&cb=77', 'aria_label': None, 'class': ['tmiads'], 'id': 'a7c93e83', 'text': ''}, {'tag': 'iframe', 'src': 'http://ads.independent.com.mt/www/delivery/afr.php?zoneid=92&cb=107', 'aria_label': None, 'class': ['tmiads'], 'id': 'a537fbf2', 'text': ''}, {'tag': 'iframe', 'src': 'https://ads.independent.com.mt/www/delivery/afr.php?zoneid=147&cb=95', 'aria_label': None, 'class': ['tmiads'], 'id': 'a65e2a3a', 'text': ''}, {'tag': 'iframe', 'src': 'https://ads.independent.com.mt/www/delivery/afr.php?resize=1&zoneid=20&target=_blank&cb=217', 'aria_label': None, 'class': ['tmiads'], 'id': 'a7652f8a', 'text': ''}]",14,1,114,0.08,93,0,2,0,0,0,197,14,0,50,12,0.0,0.2538,0.8571,201,independent,article_pages
197,33,61,22,0,1,25,2,9329,1519,23,8,"[{'tag': 'iframe', 'src': 'https://ads.independent.com.mt/www/delivery/afr.php?zoneid=36&cb=149', 'aria_label': None, 'class': ['tmiads'], 'id': 'af87707c', 'text': ''}, {'tag': 'iframe', 'src': 'https://ads.independent.com.mt/www/delivery/afr.php?zoneid=144&cb=297', 'aria_label': None, 'class': ['tmiads'], 'id': 'a7d95b78', 'text': ''}, {'tag': 'iframe', 'src': 'https://ads.independent.com.mt/www/delivery/afr.php?zoneid=141&cb=52', 'aria_label': None, 'class': ['tmiads'], 'id': 'a1353246', 'text': ''}, {'tag': 'iframe', 'src': 'https://ads.independent.com.mt/www/delivery/afr.php?resize=1&zoneid=22&target=_blank&cb=262', 'aria_label': None, 'class': ['tmiads'], 'id': 'ad1ea670', 'text': ''}, {'tag': 'iframe', 'src': 'https://ads.independent.com.mt/www/delivery/afr.php?zoneid=35&cb=199', 'aria_label': None, 'class': ['tmiads'], 'id': 'abcfa804', 'text': ''}, {'tag': 'iframe', 'src': 'https://ads.independent.com.mt/www/delivery/afr.php?zoneid=140&cb=83', 'aria_label': None, 'class': ['tmiads'], 'id': 'afcbf42a', 'text': ''}, {'tag': 'iframe', 'src': 'https://ads.independent.com.mt/www/delivery/afr.php?zoneid=147&cb=118', 'aria_label': None, 'class': ['tmiads'], 'id': 'a65e2a3a', 'text': ''}, {'tag': 'iframe', 'src': 'https://ads.independent.com.mt/www/delivery/afr.php?zoneid=34&cb=256', 'aria_label': None, 'class': ['tmiads'], 'id': 'ac264775', 'text': ''}]",14,1,114,0.08039492242595205,93,0,2,0,0,0,197,14,0,50,12,0.0,0.2538,0.8571,202,independent,article_pages
197,33,61,22,0,1,25,2,9329,1519,23,8,"[{'tag': 'iframe', 'src': 'https://ads.independent.com.mt/www/delivery/afr.php?zoneid=36&cb=149', 'aria_label': None, 'class': ['tmiads'], 'id': 'af87707c', 'text': ''}, {'tag': 'iframe', 'src': 'https://ads.independent.com.mt/www/delivery/afr.php?zoneid=144&cb=297', 'aria_label': None, 'class': ['tmiads'], 'id': 'a7d95b78', 'text': ''}, {'tag': 'iframe', 'src': 'https://ads.independent.com.mt/www/delivery/afr.php?zoneid=141&cb=52', 'aria_label': None, 'class': ['tmiads'], 'id': 'a1353246', 'text': ''}, {'tag': 'iframe', 'src': 'https://ads.independent.com.mt/www/delivery/afr.php?resize=1&zoneid=22&target=_blank&cb=262', 'aria_label': None, 'class': ['tmiads'], 'id': 'ad1ea670', 'text': ''}, {'tag': 'iframe', 'src': 'https://ads.independent.com.mt/www/delivery/afr.php?zoneid=35&cb=199', 'aria_label': None, 'class': ['tmiads'], 'id': 'abcfa804', 'text': ''}, {'tag': 'iframe', 'src': 'https://ads.independent.com.mt/www/delivery/afr.php?zoneid=140&cb=83', 'aria_label': None, 'class': ['tmiads'], 'id': 'afcbf42a', 'text': ''}, {'tag': 'iframe', 'src': 'https://ads.independent.com.mt/www/delivery/afr.php?zoneid=147&cb=118', 'aria_label': None, 'class': ['tmiads'], 'id': 'a65e2a3a', 'text': ''}, {'tag': 'iframe', 'src': 'https://ads.independent.com.mt/www/delivery/afr.php?zoneid=34&cb=256', 'aria_label': None, 'class': ['tmiads'], 'id': 'ac264775', 'text': ''}]",14,1,114,0.08039492242595205,93,0,2,0,0,0,197,14,0,50,12,0.0,0.2538,0.8571,203,independent,article_pages
246,119,25,18,5,2,4,84,10526,1619,24,8,"[{'tag': 'iframe', 'src': None, 'aria_label': 'Advertisement', 'class': None, 'id': 'google_ads_iframe_/13474545/MT_Homepage_Leaderboard_0', 'text': ''}, {'tag': 'iframe', 'src': None, 'aria_label': 'Advertisement', 'class': None, 'id': 'google_ads_iframe_/13474545/MaltaToday_Home_RectBanner_300x250_0', 'text': ''}, {'tag': 'iframe', 'src': None, 'aria_label': 'Advertisement', 'class': None, 'id': 'google_ads_iframe_/13474545/MaltaToday_Home2_RectBanner2_0', 'text': ''}, {'tag': 'iframe', 'src': None, 'aria_label': 'Advertisement', 'class': None, 'id': 'google_ads_iframe_/13474545/MaltaToday_Home_RectBanner_300x250_1', 'text': ''}, {'tag': 'iframe', 'src': None, 'aria_label': 'Advertisement', 'class': None, 'id': 'google_ads_iframe_/13474545/MaltaToday_Home_Subsection_Leaderboard_0', 'text': ''}, {'tag': 'iframe', 'src': None, 'aria_label': 'Advertisement', 'class': None, 'id': 'google_ads_iframe_/13474545/MaltaToday_Home_Subsection_Leaderboard_1', 'text': ''}, {'tag': 'iframe', 'src': None, 'aria_label': 'Advertisement', 'class': None, 'id': 'google_ads_iframe_/13474545/MaltaToday_Home_Subsection_Leaderboard_2', 'text': ''}, {'tag': 'iframe', 'src': None, 'aria_label': 'Advertisement', 'class': None, 'id': 'google_ads_iframe_/13474545/MaltaToday_Home_Subsection_Leaderboard_5', 'text': ''}]",10,1,10,0.00589622641509434,8,0,1,0,0,5,246,2,2,57,2,0.4,0.2317,1.0,204,malta_today,home_page
246,119,25,18,5,2,4,84,10526,1619,24,8,"[{'tag': 'iframe', 'src': None, 'aria_label': 'Advertisement', 'class': None, 'id': 'google_ads_iframe_/13474545/MT_Homepage_Leaderboard_0', 'text': ''}, {'tag': 'iframe', 'src': None, 'aria_label': 'Advertisement', 'class': None, 'id': 'google_ads_iframe_/13474545/MaltaToday_Home_RectBanner_300x250_0', 'text': ''}, {'tag': 'iframe', 'src': None, 'aria_label': 'Advertisement', 'class': None, 'id': 'google_ads_iframe_/13474545/MaltaToday_Home2_RectBanner2_0', 'text': ''}, {'tag': 'iframe', 'src': None, 'aria_label': 'Advertisement', 'class': None, 'id': 'google_ads_iframe_/13474545/MaltaToday_Home_RectBanner_300x250_1', 'text': ''}, {'tag': 'iframe', 'src': None, 'aria_label': 'Advertisement', 'class': None, 'id': 'google_ads_iframe_/13474545/MaltaToday_Home_Subsection_Leaderboard_0', 'text': ''}, {'tag': 'iframe', 'src': None, 'aria_label': 'Advertisement', 'class': None, 'id': 'google_ads_iframe_/13474545/MaltaToday_Home_Subsection_Leaderboard_1', 'text': ''}, {'tag': 'iframe', 'src': None, 'aria_label': 'Advertisement', 'class': None, 'id': 'google_ads_iframe_/13474545/MaltaToday_Home_Subsection_Leaderboard_2', 'text': ''}, {'tag': 'iframe', 'src': None, 'aria_label': 'Advertisement', 'class': None, 'id': 'google_ads_iframe_/13474545/MaltaToday_Home_Subsection_Leaderboard_5', 'text': ''}]",10,1,10,0.00589622641509434,8,0,1,0,0,5,246,2,2,57,2,0.4,0.2317,1.0,205,malta_today,home_page
246,119,25,18,5,2,4,84,10526,1619,24,8,"[{'tag': 'iframe', 'src': None, 'aria_label': 'Advertisement', 'class': None, 'id': 'google_ads_iframe_/13474545/MT_Homepage_Leaderboard_0', 'text': ''}, {'tag': 'iframe', 'src': None, 'aria_label': 'Advertisement', 'class': None, 'id': 'google_ads_iframe_/13474545/MaltaToday_Home_RectBanner_300x250_0', 'text': ''}, {'tag': 'iframe', 'src': None, 'aria_label': 'Advertisement', 'class': None, 'id': 'google_ads_iframe_/13474545/MaltaToday_Home2_RectBanner2_0', 'text': ''}, {'tag': 'iframe', 'src': None, 'aria_label': 'Advertisement', 'class': None, 'id': 'google_ads_iframe_/13474545/MaltaToday_Home_RectBanner_300x250_1', 'text': ''}, {'tag': 'iframe', 'src': None, 'aria_label': 'Advertisement', 'class': None, 'id': 'google_ads_iframe_/13474545/MaltaToday_Home_Subsection_Leaderboard_0', 'text': ''}, {'tag': 'iframe', 'src': None, 'aria_label': 'Advertisement', 'class': None, 'id': 'google_ads_iframe_/13474545/MaltaToday_Home_Subsection_Leaderboard_1', 'text': ''}, {'tag': 'iframe', 'src': None, 'aria_label': 'Advertisement', 'class': None, 'id': 'google_ads_iframe_/13474545/MaltaToday_Home_Subsection_Leaderboard_2', 'text': ''}, {'tag': 'iframe', 'src': None, 'aria_label': 'Advertisement', 'class': None, 'id': 'google_ads_iframe_/13474545/MaltaToday_Home_Subsection_Leaderboard_5', 'text': ''}]",10,1,10,0.00589622641509434,8,0,1,0,0,5,246,2,2,57,2,0.4,0.2317,1.0,206,malta_today,home_page
246,119,25,18,5,2,4,84,10526,1619,24,8,"[{'tag': 'iframe', 'src': None, 'aria_label': 'Advertisement', 'class': None, 'id': 'google_ads_iframe_/13474545/MT_Homepage_Leaderboard_0', 'text': ''}, {'tag': 'iframe', 'src': None, 'aria_label': 'Advertisement', 'class': None, 'id': 'google_ads_iframe_/13474545/MaltaToday_Home_RectBanner_300x250_0', 'text': ''}, {'tag': 'iframe', 'src': None, 'aria_label': 'Advertisement', 'class': None, 'id': 'google_ads_iframe_/13474545/MaltaToday_Home2_RectBanner2_0', 'text': ''}, {'tag': 'iframe', 'src': None, 'aria_label': 'Advertisement', 'class': None, 'id': 'google_ads_iframe_/13474545/MaltaToday_Home_RectBanner_300x250_1', 'text': ''}, {'tag': 'iframe', 'src': None, 'aria_label': 'Advertisement', 'class': None, 'id': 'google_ads_iframe_/13474545/MaltaToday_Home_Subsection_Leaderboard_0', 'text': ''}, {'tag': 'iframe', 'src': None, 'aria_label': 'Advertisement', 'class': None, 'id': 'google_ads_iframe_/13474545/MaltaToday_Home_Subsection_Leaderboard_1', 'text': ''}, {'tag': 'iframe', 'src': None, 'aria_label': 'Advertisement', 'class': None, 'id': 'google_ads_iframe_/13474545/MaltaToday_Home_Subsection_Leaderboard_2', 'text': ''}, {'tag': 'iframe', 'src': None, 'aria_label': 'Advertisement', 'class': None, 'id': 'google_ads_iframe_/13474545/MaltaToday_Home_Subsection_Leaderboard_5', 'text': ''}]",10,1,10,0.00589622641509434,8,0,1,0,0,5,246,2,2,57,2,0.4,0.2317,1.0,207,malta_today,home_page
246,119,25,18,5,2,4,84,10526,1619,24,8,"[{'tag': 'iframe', 'src': None, 'aria_label': 'Advertisement', 'class': None, 'id': 'google_ads_iframe_/13474545/MT_Homepage_Leaderboard_0', 'text': ''}, {'tag': 'iframe', 'src': None, 'aria_label': 'Advertisement', 'class': None, 'id': 'google_ads_iframe_/13474545/MaltaToday_Home_RectBanner_300x250_0', 'text': ''}, {'tag': 'iframe', 'src': None, 'aria_label': 'Advertisement', 'class': None, 'id': 'google_ads_iframe_/13474545/MaltaToday_Home2_RectBanner2_0', 'text': ''}, {'tag': 'iframe', 'src': None, 'aria_label': 'Advertisement', 'class': None, 'id': 'google_ads_iframe_/13474545/MaltaToday_Home_RectBanner_300x250_1', 'text': ''}, {'tag': 'iframe', 'src': None, 'aria_label': 'Advertisement', 'class': None, 'id': 'google_ads_iframe_/13474545/MaltaToday_Home_Subsection_Leaderboard_0', 'text': ''}, {'tag': 'iframe', 'src': None, 'aria_label': 'Advertisement', 'class': None, 'id': 'google_ads_iframe_/13474545/MaltaToday_Home_Subsection_Leaderboard_1', 'text': ''}, {'tag': 'iframe', 'src': None, 'aria_label': 'Advertisement', 'class': None, 'id': 'google_ads_iframe_/13474545/MaltaToday_Home_Subsection_Leaderboard_2', 'text': ''}, {'tag': 'iframe', 'src': None, 'aria_label': 'Advertisement', 'class': None, 'id': 'google_ads_iframe_/13474545/MaltaToday_Home_Subsection_Leaderboard_5', 'text': ''}]",10,1,10,0.00589622641509434,8,0,1,0,0,5,246,2,2,57,2,0.4,0.2317,1.0,208,malta_today,home_page
246,119,25,18,5,2,4,84,10526,1619,24,8,"[{'tag': 'iframe', 'src': None, 'aria_label': 'Advertisement', 'class': None, 'id': 'google_ads_iframe_/13474545/MT_Homepage_Leaderboard_0', 'text': ''}, {'tag': 'iframe', 'src': None, 'aria_label': 'Advertisement', 'class': None, 'id': 'google_ads_iframe_/13474545/MaltaToday_Home_RectBanner_300x250_0', 'text': ''}, {'tag': 'iframe', 'src': None, 'aria_label': 'Advertisement', 'class': None, 'id': 'google_ads_iframe_/13474545/MaltaToday_Home2_RectBanner2_0', 'text': ''}, {'tag': 'iframe', 'src': None, 'aria_label': 'Advertisement', 'class': None, 'id': 'google_ads_iframe_/13474545/MaltaToday_Home_RectBanner_300x250_1', 'text': ''}, {'tag': 'iframe', 'src': None, 'aria_label': 'Advertisement', 'class': None, 'id': 'google_ads_iframe_/13474545/MaltaToday_Home_Subsection_Leaderboard_0', 'text': ''}, {'tag': 'iframe', 'src': None, 'aria_label': 'Advertisement', 'class': None, 'id': 'google_ads_iframe_/13474545/MaltaToday_Home_Subsection_Leaderboard_1', 'text': ''}, {'tag': 'iframe', 'src': None, 'aria_label': 'Advertisement', 'class': None, 'id': 'google_ads_iframe_/13474545/MaltaToday_Home_Subsection_Leaderboard_2', 'text': ''}, {'tag': 'iframe', 'src': None, 'aria_label': 'Advertisement', 'class': None, 'id': 'google_ads_iframe_/13474545/MaltaToday_Home_Subsection_Leaderboard_5', 'text': ''}]",10,1,10,0.00589622641509434,8,0,1,0,0,5,246,2,2,57,2,0.4,0.2317,1.0,209,malta_today,home_page
246,119,25,18,5,2,4,84,10526,1619,24,8,"[{'tag': 'iframe', 'src': None, 'aria_label': 'Advertisement', 'class': None, 'id': 'google_ads_iframe_/13474545/MT_Homepage_Leaderboard_0', 'text': ''}, {'tag': 'iframe', 'src': None, 'aria_label': 'Advertisement', 'class': None, 'id': 'google_ads_iframe_/13474545/MaltaToday_Home_RectBanner_300x250_0', 'text': ''}, {'tag': 'iframe', 'src': None, 'aria_label': 'Advertisement', 'class': None, 'id': 'google_ads_iframe_/13474545/MaltaToday_Home2_RectBanner2_0', 'text': ''}, {'tag': 'iframe', 'src': None, 'aria_label': 'Advertisement', 'class': None, 'id': 'google_ads_iframe_/13474545/MaltaToday_Home_RectBanner_300x250_1', 'text': ''}, {'tag': 'iframe', 'src': None, 'aria_label': 'Advertisement', 'class': None, 'id': 'google_ads_iframe_/13474545/MaltaToday_Home_Subsection_Leaderboard_0', 'text': ''}, {'tag': 'iframe', 'src': None, 'aria_label': 'Advertisement', 'class': None, 'id': 'google_ads_iframe_/13474545/MaltaToday_Home_Subsection_Leaderboard_1', 'text': ''}, {'tag': 'iframe', 'src': None, 'aria_label': 'Advertisement', 'class': None, 'id': 'google_ads_iframe_/13474545/MaltaToday_Home_Subsection_Leaderboard_2', 'text': ''}, {'tag': 'iframe', 'src': None, 'aria_label': 'Advertisement', 'class': None, 'id': 'google_ads_iframe_/13474545/MaltaToday_Home_Subsection_Leaderboard_5', 'text': ''}]",10,1,10,0.00589622641509434,8,0,1,0,0,5,246,2,2,57,2,0.4,0.2317,1.0,210,malta_today,home_page
246,119,25,18,5,2,4,84,10526,1619,24,8,"[{'tag': 'iframe', 'src': None, 'aria_label': 'Advertisement', 'class': None, 'id': 'google_ads_iframe_/13474545/MT_Homepage_Leaderboard_0', 'text': ''}, {'tag': 'iframe', 'src': None, 'aria_label': 'Advertisement', 'class': None, 'id': 'google_ads_iframe_/13474545/MaltaToday_Home_RectBanner_300x250_0', 'text': ''}, {'tag': 'iframe', 'src': None, 'aria_label': 'Advertisement', 'class': None, 'id': 'google_ads_iframe_/13474545/MaltaToday_Home2_RectBanner2_0', 'text': ''}, {'tag': 'iframe', 'src': None, 'aria_label': 'Advertisement', 'class': None, 'id': 'google_ads_iframe_/13474545/MaltaToday_Home_RectBanner_300x250_1', 'text': ''}, {'tag': 'iframe', 'src': None, 'aria_label': 'Advertisement', 'class': None, 'id': 'google_ads_iframe_/13474545/MaltaToday_Home_Subsection_Leaderboard_0', 'text': ''}, {'tag': 'iframe', 'src': None, 'aria_label': 'Advertisement', 'class': None, 'id': 'google_ads_iframe_/13474545/MaltaToday_Home_Subsection_Leaderboard_1', 'text': ''}, {'tag': 'iframe', 'src': None, 'aria_label': 'Advertisement', 'class': None, 'id': 'google_ads_iframe_/13474545/MaltaToday_Home_Subsection_Leaderboard_2', 'text': ''}, {'tag': 'iframe', 'src': None, 'aria_label': 'Advertisement', 'class': None, 'id': 'google_ads_iframe_/13474545/MaltaToday_Home_Subsection_Leaderboard_5', 'text': ''}]",10,1,10,0.00589622641509434,8,0,1,0,0,5,246,2,2,57,2,0.4,0.2317,1.0,211,malta_today,home_page
246,119,25,18,5,2,4,84,10526,1619,24,8,"[{'tag': 'iframe', 'src': None, 'aria_label': 'Advertisement', 'class': None, 'id': 'google_ads_iframe_/13474545/MT_Homepage_Leaderboard_0', 'text': ''}, {'tag': 'iframe', 'src': None, 'aria_label': 'Advertisement', 'class': None, 'id': 'google_ads_iframe_/13474545/MaltaToday_Home_RectBanner_300x250_0', 'text': ''}, {'tag': 'iframe', 'src': None, 'aria_label': 'Advertisement', 'class': None, 'id': 'google_ads_iframe_/13474545/MaltaToday_Home2_RectBanner2_0', 'text': ''}, {'tag': 'iframe', 'src': None, 'aria_label': 'Advertisement', 'class': None, 'id': 'google_ads_iframe_/13474545/MaltaToday_Home_RectBanner_300x250_1', 'text': ''}, {'tag': 'iframe', 'src': None, 'aria_label': 'Advertisement', 'class': None, 'id': 'google_ads_iframe_/13474545/MaltaToday_Home_Subsection_Leaderboard_0', 'text': ''}, {'tag': 'iframe', 'src': None, 'aria_label': 'Advertisement', 'class': None, 'id': 'google_ads_iframe_/13474545/MaltaToday_Home_Subsection_Leaderboard_1', 'text': ''}, {'tag': 'iframe', 'src': None, 'aria_label': 'Advertisement', 'class': None, 'id': 'google_ads_iframe_/13474545/MaltaToday_Home_Subsection_Leaderboard_2', 'text': ''}, {'tag': 'iframe', 'src': None, 'aria_label': 'Advertisement', 'class': None, 'id': 'google_ads_iframe_/13474545/MaltaToday_Home_Subsection_Leaderboard_5', 'text': ''}]",10,1,10,0.00589622641509434,8,0,1,0,0,5,246,2,2,57,2,0.4,0.2317,1.0,212,malta_today,home_page
246,119,25,18,5,2,4,84,10526,1619,24,8,"[{'tag': 'iframe', 'src': None, 'aria_label': 'Advertisement', 'class': None, 'id': 'google_ads_iframe_/13474545/MT_Homepage_Leaderboard_0', 'text': ''}, {'tag': 'iframe', 'src': None, 'aria_label': 'Advertisement', 'class': None, 'id': 'google_ads_iframe_/13474545/MaltaToday_Home_RectBanner_300x250_0', 'text': ''}, {'tag': 'iframe', 'src': None, 'aria_label': 'Advertisement', 'class': None, 'id': 'google_ads_iframe_/13474545/MaltaToday_Home2_RectBanner2_0', 'text': ''}, {'tag': 'iframe', 'src': None, 'aria_label': 'Advertisement', 'class': None, 'id': 'google_ads_iframe_/13474545/MaltaToday_Home_RectBanner_300x250_1', 'text': ''}, {'tag': 'iframe', 'src': None, 'aria_label': 'Advertisement', 'class': None, 'id': 'google_ads_iframe_/13474545/MaltaToday_Home_Subsection_Leaderboard_0', 'text': ''}, {'tag': 'iframe', 'src': None, 'aria_label': 'Advertisement', 'class': None, 'id': 'google_ads_iframe_/13474545/MaltaToday_Home_Subsection_Leaderboard_1', 'text': ''}, {'tag': 'iframe', 'src': None, 'aria_label': 'Advertisement', 'class': None, 'id': 'google_ads_iframe_/13474545/MaltaToday_Home_Subsection_Leaderboard_2', 'text': ''}, {'tag': 'iframe', 'src': None, 'aria_label': 'Advertisement', 'class': None, 'id': 'google_ads_iframe_/13474545/MaltaToday_Home_Subsection_Leaderboard_5', 'text': ''}]",10,1,10,0.00589622641509434,8,0,1,0,0,5,246,2,2,57,2,0.4,0.2317,1.0,213,malta_today,home_page
246,119,25,18,5,2,4,84,10526,1619,24,8,"[{'tag': 'iframe', 'src': None, 'aria_label': 'Advertisement', 'class': None, 'id': 'google_ads_iframe_/13474545/MT_Homepage_Leaderboard_0', 'text': ''}, {'tag': 'iframe', 'src': None, 'aria_label': 'Advertisement', 'class': None, 'id': 'google_ads_iframe_/13474545/MaltaToday_Home_RectBanner_300x250_0', 'text': ''}, {'tag': 'iframe', 'src': None, 'aria_label': 'Advertisement', 'class': None, 'id': 'google_ads_iframe_/13474545/MaltaToday_Home2_RectBanner2_0', 'text': ''}, {'tag': 'iframe', 'src': None, 'aria_label': 'Advertisement', 'class': None, 'id': 'google_ads_iframe_/13474545/MaltaToday_Home_RectBanner_300x250_1', 'text': ''}, {'tag': 'iframe', 'src': None, 'aria_label': 'Advertisement', 'class': None, 'id': 'google_ads_iframe_/13474545/MaltaToday_Home_Subsection_Leaderboard_0', 'text': ''}, {'tag': 'iframe', 'src': None, 'aria_label': 'Advertisement', 'class': None, 'id': 'google_ads_iframe_/13474545/MaltaToday_Home_Subsection_Leaderboard_1', 'text': ''}, {'tag': 'iframe', 'src': None, 'aria_label': 'Advertisement', 'class': None, 'id': 'google_ads_iframe_/13474545/MaltaToday_Home_Subsection_Leaderboard_2', 'text': ''}, {'tag': 'iframe', 'src': None, 'aria_label': 'Advertisement', 'class': None, 'id': 'google_ads_iframe_/13474545/MaltaToday_Home_Subsection_Leaderboard_5', 'text': ''}]",10,1,10,0.00589622641509434,8,0,1,0,0,5,246,2,2,57,2,0.4,0.2317,1.0,214,malta_today,home_page
246,119,25,18,5,2,4,84,10526,1619,24,8,"[{'tag': 'iframe', 'src': None, 'aria_label': 'Advertisement', 'class': None, 'id': 'google_ads_iframe_/13474545/MT_Homepage_Leaderboard_0', 'text': ''}, {'tag': 'iframe', 'src': None, 'aria_label': 'Advertisement', 'class': None, 'id': 'google_ads_iframe_/13474545/MaltaToday_Home_RectBanner_300x250_0', 'text': ''}, {'tag': 'iframe', 'src': None, 'aria_label': 'Advertisement', 'class': None, 'id': 'google_ads_iframe_/13474545/MaltaToday_Home2_RectBanner2_0', 'text': ''}, {'tag': 'iframe', 'src': None, 'aria_label': 'Advertisement', 'class': None, 'id': 'google_ads_iframe_/13474545/MaltaToday_Home_RectBanner_300x250_1', 'text': ''}, {'tag': 'iframe', 'src': None, 'aria_label': 'Advertisement', 'class': None, 'id': 'google_ads_iframe_/13474545/MaltaToday_Home_Subsection_Leaderboard_0', 'text': ''}, {'tag': 'iframe', 'src': None, 'aria_label': 'Advertisement', 'class': None, 'id': 'google_ads_iframe_/13474545/MaltaToday_Home_Subsection_Leaderboard_1', 'text': ''}, {'tag': 'iframe', 'src': None, 'aria_label': 'Advertisement', 'class': None, 'id': 'google_ads_iframe_/13474545/MaltaToday_Home_Subsection_Leaderboard_2', 'text': ''}, {'tag': 'iframe', 'src': None, 'aria_label': 'Advertisement', 'class': None, 'id': 'google_ads_iframe_/13474545/MaltaToday_Home_Subsection_Leaderboard_5', 'text': ''}]",10,1,10,0.00589622641509434,8,0,1,0,0,5,246,2,2,57,2,0.4,0.2317,1.0,215,malta_today,home_page
246,119,25,18,5,2,4,84,10526,1619,24,8,"[{'tag': 'iframe', 'src': None, 'aria_label': 'Advertisement', 'class': None, 'id': 'google_ads_iframe_/13474545/MT_Homepage_Leaderboard_0', 'text': ''}, {'tag': 'iframe', 'src': None, 'aria_label': 'Advertisement', 'class': None, 'id': 'google_ads_iframe_/13474545/MaltaToday_Home_RectBanner_300x250_0', 'text': ''}, {'tag': 'iframe', 'src': None, 'aria_label': 'Advertisement', 'class': None, 'id': 'google_ads_iframe_/13474545/MaltaToday_Home2_RectBanner2_0', 'text': ''}, {'tag': 'iframe', 'src': None, 'aria_label': 'Advertisement', 'class': None, 'id': 'google_ads_iframe_/13474545/MaltaToday_Home_RectBanner_300x250_1', 'text': ''}, {'tag': 'iframe', 'src': None, 'aria_label': 'Advertisement', 'class': None, 'id': 'google_ads_iframe_/13474545/MaltaToday_Home_Subsection_Leaderboard_0', 'text': ''}, {'tag': 'iframe', 'src': None, 'aria_label': 'Advertisement', 'class': None, 'id': 'google_ads_iframe_/13474545/MaltaToday_Home_Subsection_Leaderboard_1', 'text': ''}, {'tag': 'iframe', 'src': None, 'aria_label': 'Advertisement', 'class': None, 'id': 'google_ads_iframe_/13474545/MaltaToday_Home_Subsection_Leaderboard_2', 'text': ''}, {'tag': 'iframe', 'src': None, 'aria_label': 'Advertisement', 'class': None, 'id': 'google_ads_iframe_/13474545/MaltaToday_Home_Subsection_Leaderboard_5', 'text': ''}]",10,1,10,0.00589622641509434,8,0,1,0,0,5,246,2,2,57,2,0.4,0.2317,1.0,216,malta_today,home_page
246,119,25,18,5,2,4,84,10526,1619,24,8,"[{'tag': 'iframe', 'src': None, 'aria_label': 'Advertisement', 'class': None, 'id': 'google_ads_iframe_/13474545/MT_Homepage_Leaderboard_0', 'text': ''}, {'tag': 'iframe', 'src': None, 'aria_label': 'Advertisement', 'class': None, 'id': 'google_ads_iframe_/13474545/MaltaToday_Home_RectBanner_300x250_0', 'text': ''}, {'tag': 'iframe', 'src': None, 'aria_label': 'Advertisement', 'class': None, 'id': 'google_ads_iframe_/13474545/MaltaToday_Home2_RectBanner2_0', 'text': ''}, {'tag': 'iframe', 'src': None, 'aria_label': 'Advertisement', 'class': None, 'id': 'google_ads_iframe_/13474545/MaltaToday_Home_RectBanner_300x250_1', 'text': ''}, {'tag': 'iframe', 'src': None, 'aria_label': 'Advertisement', 'class': None, 'id': 'google_ads_iframe_/13474545/MaltaToday_Home_Subsection_Leaderboard_0', 'text': ''}, {'tag': 'iframe', 'src': None, 'aria_label': 'Advertisement', 'class': None, 'id': 'google_ads_iframe_/13474545/MaltaToday_Home_Subsection_Leaderboard_1', 'text': ''}, {'tag': 'iframe', 'src': None, 'aria_label': 'Advertisement', 'class': None, 'id': 'google_ads_iframe_/13474545/MaltaToday_Home_Subsection_Leaderboard_2', 'text': ''}, {'tag': 'iframe', 'src': None, 'aria_label': 'Advertisement', 'class': None, 'id': 'google_ads_iframe_/13474545/MaltaToday_Home_Subsection_Leaderboard_5', 'text': ''}]",10,1,10,0.00589622641509434,8,0,1,0,0,5,246,2,2,57,2,0.4,0.2317,1.0,217,malta_today,home_page
246,119,25,18,5,2,4,84,10526,1619,24,8,"[{'tag': 'iframe', 'src': None, 'aria_label': 'Advertisement', 'class': None, 'id': 'google_ads_iframe_/13474545/MT_Homepage_Leaderboard_0', 'text': ''}, {'tag': 'iframe', 'src': None, 'aria_label': 'Advertisement', 'class': None, 'id': 'google_ads_iframe_/13474545/MaltaToday_Home_RectBanner_300x250_0', 'text': ''}, {'tag': 'iframe', 'src': None, 'aria_label': 'Advertisement', 'class': None, 'id': 'google_ads_iframe_/13474545/MaltaToday_Home2_RectBanner2_0', 'text': ''}, {'tag': 'iframe', 'src': None, 'aria_label': 'Advertisement', 'class': None, 'id': 'google_ads_iframe_/13474545/MaltaToday_Home_RectBanner_300x250_1', 'text': ''}, {'tag': 'iframe', 'src': None, 'aria_label': 'Advertisement', 'class': None, 'id': 'google_ads_iframe_/13474545/MaltaToday_Home_Subsection_Leaderboard_0', 'text': ''}, {'tag': 'iframe', 'src': None, 'aria_label': 'Advertisement', 'class': None, 'id': 'google_ads_iframe_/13474545/MaltaToday_Home_Subsection_Leaderboard_1', 'text': ''}, {'tag': 'iframe', 'src': None, 'aria_label': 'Advertisement', 'class': None, 'id': 'google_ads_iframe_/13474545/MaltaToday_Home_Subsection_Leaderboard_2', 'text': ''}, {'tag': 'iframe', 'src': None, 'aria_label': 'Advertisement', 'class': None, 'id': 'google_ads_iframe_/13474545/MaltaToday_Home_Subsection_Leaderboard_5', 'text': ''}]",10,1,10,0.00589622641509434,8,0,1,0,0,5,246,2,2,57,2,0.4,0.2317,1.0,218,malta_today,home_page
246,119,25,18,5,2,4,84,10526,1619,24,8,"[{'tag': 'iframe', 'src': None, 'aria_label': 'Advertisement', 'class': None, 'id': 'google_ads_iframe_/13474545/MT_Homepage_Leaderboard_0', 'text': ''}, {'tag': 'iframe', 'src': None, 'aria_label': 'Advertisement', 'class': None, 'id': 'google_ads_iframe_/13474545/MaltaToday_Home_RectBanner_300x250_0', 'text': ''}, {'tag': 'iframe', 'src': None, 'aria_label': 'Advertisement', 'class': None, 'id': 'google_ads_iframe_/13474545/MaltaToday_Home2_RectBanner2_0', 'text': ''}, {'tag': 'iframe', 'src': None, 'aria_label': 'Advertisement', 'class': None, 'id': 'google_ads_iframe_/13474545/MaltaToday_Home_RectBanner_300x250_1', 'text': ''}, {'tag': 'iframe', 'src': None, 'aria_label': 'Advertisement', 'class': None, 'id': 'google_ads_iframe_/13474545/MaltaToday_Home_Subsection_Leaderboard_0', 'text': ''}, {'tag': 'iframe', 'src': None, 'aria_label': 'Advertisement', 'class': None, 'id': 'google_ads_iframe_/13474545/MaltaToday_Home_Subsection_Leaderboard_1', 'text': ''}, {'tag': 'iframe', 'src': None, 'aria_label': 'Advertisement', 'class': None, 'id': 'google_ads_iframe_/13474545/MaltaToday_Home_Subsection_Leaderboard_2', 'text': ''}, {'tag': 'iframe', 'src': None, 'aria_label': 'Advertisement', 'class': None, 'id': 'google_ads_iframe_/13474545/MaltaToday_Home_Subsection_Leaderboard_5', 'text': ''}]",10,1,10,0.00589622641509434,8,0,1,0,0,5,246,2,2,57,2,0.4,0.2317,1.0,219,malta_today,home_page
246,119,25,18,5,2,4,84,10526,1619,24,8,"[{'tag': 'iframe', 'src': None, 'aria_label': 'Advertisement', 'class': None, 'id': 'google_ads_iframe_/13474545/MT_Homepage_Leaderboard_0', 'text': ''}, {'tag': 'iframe', 'src': None, 'aria_label': 'Advertisement', 'class': None, 'id': 'google_ads_iframe_/13474545/MaltaToday_Home_RectBanner_300x250_0', 'text': ''}, {'tag': 'iframe', 'src': None, 'aria_label': 'Advertisement', 'class': None, 'id': 'google_ads_iframe_/13474545/MaltaToday_Home2_RectBanner2_0', 'text': ''}, {'tag': 'iframe', 'src': None, 'aria_label': 'Advertisement', 'class': None, 'id': 'google_ads_iframe_/13474545/MaltaToday_Home_RectBanner_300x250_1', 'text': ''}, {'tag': 'iframe', 'src': None, 'aria_label': 'Advertisement', 'class': None, 'id': 'google_ads_iframe_/13474545/MaltaToday_Home_Subsection_Leaderboard_0', 'text': ''}, {'tag': 'iframe', 'src': None, 'aria_label': 'Advertisement', 'class': None, 'id': 'google_ads_iframe_/13474545/MaltaToday_Home_Subsection_Leaderboard_1', 'text': ''}, {'tag': 'iframe', 'src': None, 'aria_label': 'Advertisement', 'class': None, 'id': 'google_ads_iframe_/13474545/MaltaToday_Home_Subsection_Leaderboard_2', 'text': ''}, {'tag': 'iframe', 'src': None, 'aria_label': 'Advertisement', 'class': None, 'id': 'google_ads_iframe_/13474545/MaltaToday_Home_Subsection_Leaderboard_5', 'text': ''}]",10,1,10,0.00589622641509434,8,0,1,0,0,5,246,2,2,57,2,0.4,0.2317,1.0,220,malta_today,home_page
246,119,25,18,5,2,4,84,10526,1619,24,8,"[{'tag': 'iframe', 'src': None, 'aria_label': 'Advertisement', 'class': None, 'id': 'google_ads_iframe_/13474545/MT_Homepage_Leaderboard_0', 'text': ''}, {'tag': 'iframe', 'src': None, 'aria_label': 'Advertisement', 'class': None, 'id': 'google_ads_iframe_/13474545/MaltaToday_Home_RectBanner_300x250_0', 'text': ''}, {'tag': 'iframe', 'src': None, 'aria_label': 'Advertisement', 'class': None, 'id': 'google_ads_iframe_/13474545/MaltaToday_Home2_RectBanner2_0', 'text': ''}, {'tag': 'iframe', 'src': None, 'aria_label': 'Advertisement', 'class': None, 'id': 'google_ads_iframe_/13474545/MaltaToday_Home_RectBanner_300x250_1', 'text': ''}, {'tag': 'iframe', 'src': None, 'aria_label': 'Advertisement', 'class': None, 'id': 'google_ads_iframe_/13474545/MaltaToday_Home_Subsection_Leaderboard_0', 'text': ''}, {'tag': 'iframe', 'src': None, 'aria_label': 'Advertisement', 'class': None, 'id': 'google_ads_iframe_/13474545/MaltaToday_Home_Subsection_Leaderboard_1', 'text': ''}, {'tag': 'iframe', 'src': None, 'aria_label': 'Advertisement', 'class': None, 'id': 'google_ads_iframe_/13474545/MaltaToday_Home_Subsection_Leaderboard_2', 'text': ''}, {'tag': 'iframe', 'src': None, 'aria_label': 'Advertisement', 'class': None, 'id': 'google_ads_iframe_/13474545/MaltaToday_Home_Subsection_Leaderboard_5', 'text': ''}]",10,1,10,0.00589622641509434,8,0,1,0,0,5,246,2,2,57,2,0.4,0.2317,1.0,221,malta_today,home_page
246,119,25,18,5,2,4,84,10526,1619,24,8,"[{'tag': 'iframe', 'src': None, 'aria_label': 'Advertisement', 'class': None, 'id': 'google_ads_iframe_/13474545/MT_Homepage_Leaderboard_0', 'text': ''}, {'tag': 'iframe', 'src': None, 'aria_label': 'Advertisement', 'class': None, 'id': 'google_ads_iframe_/13474545/MaltaToday_Home_RectBanner_300x250_0', 'text': ''}, {'tag': 'iframe', 'src': None, 'aria_label': 'Advertisement', 'class': None, 'id': 'google_ads_iframe_/13474545/MaltaToday_Home2_RectBanner2_0', 'text': ''}, {'tag': 'iframe', 'src': None, 'aria_label': 'Advertisement', 'class': None, 'id': 'google_ads_iframe_/13474545/MaltaToday_Home_RectBanner_300x250_1', 'text': ''}, {'tag': 'iframe', 'src': None, 'aria_label': 'Advertisement', 'class': None, 'id': 'google_ads_iframe_/13474545/MaltaToday_Home_Subsection_Leaderboard_0', 'text': ''}, {'tag': 'iframe', 'src': None, 'aria_label': 'Advertisement', 'class': None, 'id': 'google_ads_iframe_/13474545/MaltaToday_Home_Subsection_Leaderboard_1', 'text': ''}, {'tag': 'iframe', 'src': None, 'aria_label': 'Advertisement', 'class': None, 'id': 'google_ads_iframe_/13474545/MaltaToday_Home_Subsection_Leaderboard_2', 'text': ''}, {'tag': 'iframe', 'src': None, 'aria_label': 'Advertisement', 'class': None, 'id': 'google_ads_iframe_/13474545/MaltaToday_Home_Subsection_Leaderboard_5', 'text': ''}]",10,1,10,0.00589622641509434,8,0,1,0,0,5,246,2,2,57,2,0.4,0.2317,1.0,222,malta_today,home_page
246,119,25,18,5,2,4,84,10526,1619,24,8,"[{'tag': 'iframe', 'src': None, 'aria_label': 'Advertisement', 'class': None, 'id': 'google_ads_iframe_/13474545/MT_Homepage_Leaderboard_0', 'text': ''}, {'tag': 'iframe', 'src': None, 'aria_label': 'Advertisement', 'class': None, 'id': 'google_ads_iframe_/13474545/MaltaToday_Home_RectBanner_300x250_0', 'text': ''}, {'tag': 'iframe', 'src': None, 'aria_label': 'Advertisement', 'class': None, 'id': 'google_ads_iframe_/13474545/MaltaToday_Home2_RectBanner2_0', 'text': ''}, {'tag': 'iframe', 'src': None, 'aria_label': 'Advertisement', 'class': None, 'id': 'google_ads_iframe_/13474545/MaltaToday_Home_RectBanner_300x250_1', 'text': ''}, {'tag': 'iframe', 'src': None, 'aria_label': 'Advertisement', 'class': None, 'id': 'google_ads_iframe_/13474545/MaltaToday_Home_Subsection_Leaderboard_0', 'text': ''}, {'tag': 'iframe', 'src': None, 'aria_label': 'Advertisement', 'class': None, 'id': 'google_ads_iframe_/13474545/MaltaToday_Home_Subsection_Leaderboard_1', 'text': ''}, {'tag': 'iframe', 'src': None, 'aria_label': 'Advertisement', 'class': None, 'id': 'google_ads_iframe_/13474545/MaltaToday_Home_Subsection_Leaderboard_2', 'text': ''}, {'tag': 'iframe', 'src': None, 'aria_label': 'Advertisement', 'class': None, 'id': 'google_ads_iframe_/13474545/MaltaToday_Home_Subsection_Leaderboard_5', 'text': ''}]",10,1,10,0.00589622641509434,8,0,1,0,0,5,246,2,2,57,2,0.4,0.2317,1.0,223,malta_today,home_page
246,119,25,18,5,2,4,84,10526,1619,24,8,"[{'tag': 'iframe', 'src': None, 'aria_label': 'Advertisement', 'class': None, 'id': 'google_ads_iframe_/13474545/MT_Homepage_Leaderboard_0', 'text': ''}, {'tag': 'iframe', 'src': None, 'aria_label': 'Advertisement', 'class': None, 'id': 'google_ads_iframe_/13474545/MaltaToday_Home_RectBanner_300x250_0', 'text': ''}, {'tag': 'iframe', 'src': None, 'aria_label': 'Advertisement', 'class': None, 'id': 'google_ads_iframe_/13474545/MaltaToday_Home2_RectBanner2_0', 'text': ''}, {'tag': 'iframe', 'src': None, 'aria_label': 'Advertisement', 'class': None, 'id': 'google_ads_iframe_/13474545/MaltaToday_Home_RectBanner_300x250_1', 'text': ''}, {'tag': 'iframe', 'src': None, 'aria_label': 'Advertisement', 'class': None, 'id': 'google_ads_iframe_/13474545/MaltaToday_Home_Subsection_Leaderboard_0', 'text': ''}, {'tag': 'iframe', 'src': None, 'aria_label': 'Advertisement', 'class': None, 'id': 'google_ads_iframe_/13474545/MaltaToday_Home_Subsection_Leaderboard_1', 'text': ''}, {'tag': 'iframe', 'src': None, 'aria_label': 'Advertisement', 'class': None, 'id': 'google_ads_iframe_/13474545/MaltaToday_Home_Subsection_Leaderboard_2', 'text': ''}, {'tag': 'iframe', 'src': None, 'aria_label': 'Advertisement', 'class': None, 'id': 'google_ads_iframe_/13474545/MaltaToday_Home_Subsection_Leaderboard_5', 'text': ''}]",10,1,10,0.00589622641509434,8,0,1,0,0,5,246,2,2,57,2,0.4,0.2317,1.0,224,malta_today,home_page
246,119,25,18,5,2,4,84,10526,1619,24,8,"[{'tag': 'iframe', 'src': None, 'aria_label': 'Advertisement', 'class': None, 'id': 'google_ads_iframe_/13474545/MT_Homepage_Leaderboard_0', 'text': ''}, {'tag': 'iframe', 'src': None, 'aria_label': 'Advertisement', 'class': None, 'id': 'google_ads_iframe_/13474545/MaltaToday_Home_RectBanner_300x250_0', 'text': ''}, {'tag': 'iframe', 'src': None, 'aria_label': 'Advertisement', 'class': None, 'id': 'google_ads_iframe_/13474545/MaltaToday_Home2_RectBanner2_0', 'text': ''}, {'tag': 'iframe', 'src': None, 'aria_label': 'Advertisement', 'class': None, 'id': 'google_ads_iframe_/13474545/MaltaToday_Home_RectBanner_300x250_1', 'text': ''}, {'tag': 'iframe', 'src': None, 'aria_label': 'Advertisement', 'class': None, 'id': 'google_ads_iframe_/13474545/MaltaToday_Home_Subsection_Leaderboard_0', 'text': ''}, {'tag': 'iframe', 'src': None, 'aria_label': 'Advertisement', 'class': None, 'id': 'google_ads_iframe_/13474545/MaltaToday_Home_Subsection_Leaderboard_1', 'text': ''}, {'tag': 'iframe', 'src': None, 'aria_label': 'Advertisement', 'class': None, 'id': 'google_ads_iframe_/13474545/MaltaToday_Home_Subsection_Leaderboard_2', 'text': ''}, {'tag': 'iframe', 'src': None, 'aria_label': 'Advertisement', 'class': None, 'id': 'google_ads_iframe_/13474545/MaltaToday_Home_Subsection_Leaderboard_5', 'text': ''}]",10,1,10,0.00589622641509434,8,0,1,0,0,5,246,2,2,57,2,0.4,0.2317,1.0,225,malta_today,home_page
246,119,25,18,5,2,4,84,10526,1619,24,8,"[{'tag': 'iframe', 'src': None, 'aria_label': 'Advertisement', 'class': None, 'id': 'google_ads_iframe_/13474545/MT_Homepage_Leaderboard_0', 'text': ''}, {'tag': 'iframe', 'src': None, 'aria_label': 'Advertisement', 'class': None, 'id': 'google_ads_iframe_/13474545/MaltaToday_Home_RectBanner_300x250_0', 'text': ''}, {'tag': 'iframe', 'src': None, 'aria_label': 'Advertisement', 'class': None, 'id': 'google_ads_iframe_/13474545/MaltaToday_Home2_RectBanner2_0', 'text': ''}, {'tag': 'iframe', 'src': None, 'aria_label': 'Advertisement', 'class': None, 'id': 'google_ads_iframe_/13474545/MaltaToday_Home_RectBanner_300x250_1', 'text': ''}, {'tag': 'iframe', 'src': None, 'aria_label': 'Advertisement', 'class': None, 'id': 'google_ads_iframe_/13474545/MaltaToday_Home_Subsection_Leaderboard_0', 'text': ''}, {'tag': 'iframe', 'src': None, 'aria_label': 'Advertisement', 'class': None, 'id': 'google_ads_iframe_/13474545/MaltaToday_Home_Subsection_Leaderboard_1', 'text': ''}, {'tag': 'iframe', 'src': None, 'aria_label': 'Advertisement', 'class': None, 'id': 'google_ads_iframe_/13474545/MaltaToday_Home_Subsection_Leaderboard_2', 'text': ''}, {'tag': 'iframe', 'src': None, 'aria_label': 'Advertisement', 'class': None, 'id': 'google_ads_iframe_/13474545/MaltaToday_Home_Subsection_Leaderboard_5', 'text': ''}]",10,1,10,0.00589622641509434,8,0,1,0,0,5,246,2,2,57,2,0.4,0.2317,1.0,226,malta_today,home_page
246,119,25,18,5,2,4,84,10526,1619,24,8,"[{'tag': 'iframe', 'src': None, 'aria_label': 'Advertisement', 'class': None, 'id': 'google_ads_iframe_/13474545/MT_Homepage_Leaderboard_0', 'text': ''}, {'tag': 'iframe', 'src': None, 'aria_label': 'Advertisement', 'class': None, 'id': 'google_ads_iframe_/13474545/MaltaToday_Home_RectBanner_300x250_0', 'text': ''}, {'tag': 'iframe', 'src': None, 'aria_label': 'Advertisement', 'class': None, 'id': 'google_ads_iframe_/13474545/MaltaToday_Home2_RectBanner2_0', 'text': ''}, {'tag': 'iframe', 'src': None, 'aria_label': 'Advertisement', 'class': None, 'id': 'google_ads_iframe_/13474545/MaltaToday_Home_RectBanner_300x250_1', 'text': ''}, {'tag': 'iframe', 'src': None, 'aria_label': 'Advertisement', 'class': None, 'id': 'google_ads_iframe_/13474545/MaltaToday_Home_Subsection_Leaderboard_0', 'text': ''}, {'tag': 'iframe', 'src': None, 'aria_label': 'Advertisement', 'class': None, 'id': 'google_ads_iframe_/13474545/MaltaToday_Home_Subsection_Leaderboard_1', 'text': ''}, {'tag': 'iframe', 'src': None, 'aria_label': 'Advertisement', 'class': None, 'id': 'google_ads_iframe_/13474545/MaltaToday_Home_Subsection_Leaderboard_2', 'text': ''}, {'tag': 'iframe', 'src': None, 'aria_label': 'Advertisement', 'class': None, 'id': 'google_ads_iframe_/13474545/MaltaToday_Home_Subsection_Leaderboard_5', 'text': ''}]",10,1,10,0.00589622641509434,8,0,1,0,0,5,246,2,2,57,2,0.4,0.2317,1.0,227,malta_today,home_page
246,119,25,18,5,2,4,84,10526,1619,24,8,"[{'tag': 'iframe', 'src': None, 'aria_label': 'Advertisement', 'class': None, 'id': 'google_ads_iframe_/13474545/MT_Homepage_Leaderboard_0', 'text': ''}, {'tag': 'iframe', 'src': None, 'aria_label': 'Advertisement', 'class': None, 'id': 'google_ads_iframe_/13474545/MaltaToday_Home_RectBanner_300x250_0', 'text': ''}, {'tag': 'iframe', 'src': None, 'aria_label': 'Advertisement', 'class': None, 'id': 'google_ads_iframe_/13474545/MaltaToday_Home2_RectBanner2_0', 'text': ''}, {'tag': 'iframe', 'src': None, 'aria_label': 'Advertisement', 'class': None, 'id': 'google_ads_iframe_/13474545/MaltaToday_Home_RectBanner_300x250_1', 'text': ''}, {'tag': 'iframe', 'src': None, 'aria_label': 'Advertisement', 'class': None, 'id': 'google_ads_iframe_/13474545/MaltaToday_Home_Subsection_Leaderboard_0', 'text': ''}, {'tag': 'iframe', 'src': None, 'aria_label': 'Advertisement', 'class': None, 'id': 'google_ads_iframe_/13474545/MaltaToday_Home_Subsection_Leaderboard_1', 'text': ''}, {'tag': 'iframe', 'src': None, 'aria_label': 'Advertisement', 'class': None, 'id': 'google_ads_iframe_/13474545/MaltaToday_Home_Subsection_Leaderboard_2', 'text': ''}, {'tag': 'iframe', 'src': None, 'aria_label': 'Advertisement', 'class': None, 'id': 'google_ads_iframe_/13474545/MaltaToday_Home_Subsection_Leaderboard_5', 'text': ''}]",10,1,10,0.00589622641509434,8,0,1,0,0,5,246,2,2,57,2,0.4,0.2317,1.0,228,malta_today,home_page
246,119,25,18,5,2,4,84,10526,1619,24,8,"[{'tag': 'iframe', 'src': None, 'aria_label': 'Advertisement', 'class': None, 'id': 'google_ads_iframe_/13474545/MT_Homepage_Leaderboard_0', 'text': ''}, {'tag': 'iframe', 'src': None, 'aria_label': 'Advertisement', 'class': None, 'id': 'google_ads_iframe_/13474545/MaltaToday_Home_RectBanner_300x250_0', 'text': ''}, {'tag': 'iframe', 'src': None, 'aria_label': 'Advertisement', 'class': None, 'id': 'google_ads_iframe_/13474545/MaltaToday_Home2_RectBanner2_0', 'text': ''}, {'tag': 'iframe', 'src': None, 'aria_label': 'Advertisement', 'class': None, 'id': 'google_ads_iframe_/13474545/MaltaToday_Home_RectBanner_300x250_1', 'text': ''}, {'tag': 'iframe', 'src': None, 'aria_label': 'Advertisement', 'class': None, 'id': 'google_ads_iframe_/13474545/MaltaToday_Home_Subsection_Leaderboard_0', 'text': ''}, {'tag': 'iframe', 'src': None, 'aria_label': 'Advertisement', 'class': None, 'id': 'google_ads_iframe_/13474545/MaltaToday_Home_Subsection_Leaderboard_1', 'text': ''}, {'tag': 'iframe', 'src': None, 'aria_label': 'Advertisement', 'class': None, 'id': 'google_ads_iframe_/13474545/MaltaToday_Home_Subsection_Leaderboard_2', 'text': ''}, {'tag': 'iframe', 'src': None, 'aria_label': 'Advertisement', 'class': None, 'id': 'google_ads_iframe_/13474545/MaltaToday_Home_Subsection_Leaderboard_5', 'text': ''}]",10,1,10,0.00589622641509434,8,0,1,0,0,5,246,2,2,57,2,0.4,0.2317,1.0,229,malta_today,home_page
246,119,25,18,5,2,4,84,10526,1619,24,8,"[{'tag': 'iframe', 'src': None, 'aria_label': 'Advertisement', 'class': None, 'id': 'google_ads_iframe_/13474545/MT_Homepage_Leaderboard_0', 'text': ''}, {'tag': 'iframe', 'src': None, 'aria_label': 'Advertisement', 'class': None, 'id': 'google_ads_iframe_/13474545/MaltaToday_Home_RectBanner_300x250_0', 'text': ''}, {'tag': 'iframe', 'src': None, 'aria_label': 'Advertisement', 'class': None, 'id': 'google_ads_iframe_/13474545/MaltaToday_Home2_RectBanner2_0', 'text': ''}, {'tag': 'iframe', 'src': None, 'aria_label': 'Advertisement', 'class': None, 'id': 'google_ads_iframe_/13474545/MaltaToday_Home_RectBanner_300x250_1', 'text': ''}, {'tag': 'iframe', 'src': None, 'aria_label': 'Advertisement', 'class': None, 'id': 'google_ads_iframe_/13474545/MaltaToday_Home_Subsection_Leaderboard_0', 'text': ''}, {'tag': 'iframe', 'src': None, 'aria_label': 'Advertisement', 'class': None, 'id': 'google_ads_iframe_/13474545/MaltaToday_Home_Subsection_Leaderboard_1', 'text': ''}, {'tag': 'iframe', 'src': None, 'aria_label': 'Advertisement', 'class': None, 'id': 'google_ads_iframe_/13474545/MaltaToday_Home_Subsection_Leaderboard_2', 'text': ''}, {'tag': 'iframe', 'src': None, 'aria_label': 'Advertisement', 'class': None, 'id': 'google_ads_iframe_/13474545/MaltaToday_Home_Subsection_Leaderboard_5', 'text': ''}]",10,1,10,0.00589622641509434,8,0,1,0,0,5,246,2,2,57,2,0.4,0.2317,1.0,230,malta_today,home_page
246,119,25,18,5,2,4,84,10526,1619,24,8,"[{'tag': 'iframe', 'src': None, 'aria_label': 'Advertisement', 'class': None, 'id': 'google_ads_iframe_/13474545/MT_Homepage_Leaderboard_0', 'text': ''}, {'tag': 'iframe', 'src': None, 'aria_label': 'Advertisement', 'class': None, 'id': 'google_ads_iframe_/13474545/MaltaToday_Home_RectBanner_300x250_0', 'text': ''}, {'tag': 'iframe', 'src': None, 'aria_label': 'Advertisement', 'class': None, 'id': 'google_ads_iframe_/13474545/MaltaToday_Home2_RectBanner2_0', 'text': ''}, {'tag': 'iframe', 'src': None, 'aria_label': 'Advertisement', 'class': None, 'id': 'google_ads_iframe_/13474545/MaltaToday_Home_RectBanner_300x250_1', 'text': ''}, {'tag': 'iframe', 'src': None, 'aria_label': 'Advertisement', 'class': None, 'id': 'google_ads_iframe_/13474545/MaltaToday_Home_Subsection_Leaderboard_0', 'text': ''}, {'tag': 'iframe', 'src': None, 'aria_label': 'Advertisement', 'class': None, 'id': 'google_ads_iframe_/13474545/MaltaToday_Home_Subsection_Leaderboard_1', 'text': ''}, {'tag': 'iframe', 'src': None, 'aria_label': 'Advertisement', 'class': None, 'id': 'google_ads_iframe_/13474545/MaltaToday_Home_Subsection_Leaderboard_2', 'text': ''}, {'tag': 'iframe', 'src': None, 'aria_label': 'Advertisement', 'class': None, 'id': 'google_ads_iframe_/13474545/MaltaToday_Home_Subsection_Leaderboard_5', 'text': ''}]",10,1,10,0.00589622641509434,8,0,1,0,0,5,246,2,2,57,2,0.4,0.2317,1.0,231,malta_today,home_page
246,119,25,18,5,2,4,84,10526,1619,24,8,"[{'tag': 'iframe', 'src': None, 'aria_label': 'Advertisement', 'class': None, 'id': 'google_ads_iframe_/13474545/MT_Homepage_Leaderboard_0', 'text': ''}, {'tag': 'iframe', 'src': None, 'aria_label': 'Advertisement', 'class': None, 'id': 'google_ads_iframe_/13474545/MaltaToday_Home_RectBanner_300x250_0', 'text': ''}, {'tag': 'iframe', 'src': None, 'aria_label': 'Advertisement', 'class': None, 'id': 'google_ads_iframe_/13474545/MaltaToday_Home2_RectBanner2_0', 'text': ''}, {'tag': 'iframe', 'src': None, 'aria_label': 'Advertisement', 'class': None, 'id': 'google_ads_iframe_/13474545/MaltaToday_Home_RectBanner_300x250_1', 'text': ''}, {'tag': 'iframe', 'src': None, 'aria_label': 'Advertisement', 'class': None, 'id': 'google_ads_iframe_/13474545/MaltaToday_Home_Subsection_Leaderboard_0', 'text': ''}, {'tag': 'iframe', 'src': None, 'aria_label': 'Advertisement', 'class': None, 'id': 'google_ads_iframe_/13474545/MaltaToday_Home_Subsection_Leaderboard_1', 'text': ''}, {'tag': 'iframe', 'src': None, 'aria_label': 'Advertisement', 'class': None, 'id': 'google_ads_iframe_/13474545/MaltaToday_Home_Subsection_Leaderboard_2', 'text': ''}, {'tag': 'iframe', 'src': None, 'aria_label': 'Advertisement', 'class': None, 'id': 'google_ads_iframe_/13474545/MaltaToday_Home_Subsection_Leaderboard_5', 'text': ''}]",10,1,10,0.00589622641509434,8,0,1,0,0,5,246,2,2,57,2,0.4,0.2317,1.0,232,malta_today,home_page
246,119,25,18,5,2,4,84,10526,1619,24,8,"[{'tag': 'iframe', 'src': None, 'aria_label': 'Advertisement', 'class': None, 'id': 'google_ads_iframe_/13474545/MT_Homepage_Leaderboard_0', 'text': ''}, {'tag': 'iframe', 'src': None, 'aria_label': 'Advertisement', 'class': None, 'id': 'google_ads_iframe_/13474545/MaltaToday_Home_RectBanner_300x250_0', 'text': ''}, {'tag': 'iframe', 'src': None, 'aria_label': 'Advertisement', 'class': None, 'id': 'google_ads_iframe_/13474545/MaltaToday_Home2_RectBanner2_0', 'text': ''}, {'tag': 'iframe', 'src': None, 'aria_label': 'Advertisement', 'class': None, 'id': 'google_ads_iframe_/13474545/MaltaToday_Home_RectBanner_300x250_1', 'text': ''}, {'tag': 'iframe', 'src': None, 'aria_label': 'Advertisement', 'class': None, 'id': 'google_ads_iframe_/13474545/MaltaToday_Home_Subsection_Leaderboard_0', 'text': ''}, {'tag': 'iframe', 'src': None, 'aria_label': 'Advertisement', 'class': None, 'id': 'google_ads_iframe_/13474545/MaltaToday_Home_Subsection_Leaderboard_1', 'text': ''}, {'tag': 'iframe', 'src': None, 'aria_label': 'Advertisement', 'class': None, 'id': 'google_ads_iframe_/13474545/MaltaToday_Home_Subsection_Leaderboard_2', 'text': ''}, {'tag': 'iframe', 'src': None, 'aria_label': 'Advertisement', 'class': None, 'id': 'google_ads_iframe_/13474545/MaltaToday_Home_Subsection_Leaderboard_5', 'text': ''}]",10,1,10,0.00589622641509434,8,0,1,0,0,5,246,2,2,57,2,0.4,0.2317,1.0,233,malta_today,home_page
180,49,25,12,3,2,36,26,8807,1334,24,4,"[{'tag': 'iframe', 'src': None, 'aria_label': 'Advertisement', 'class': None, 'id': 'google_ads_iframe_/13474545/MaltaToday_News_Leaderboard_728x90_0', 'text': ''}, {'tag': 'iframe', 'src': None, 'aria_label': 'Advertisement', 'class': None, 'id': 'google_ads_iframe_/13474545/MaltaToday_News_RectBanner_300x250_0', 'text': ''}, {'tag': 'iframe', 'src': None, 'aria_label': 'Advertisement', 'class': None, 'id': 'google_ads_iframe_/13474545/MaltaToday_News_Leaderboard2_0', 'text': ''}, {'tag': 'iframe', 'src': None, 'aria_label': 'Advertisement', 'class': None, 'id': 'google_ads_iframe_/13474545/MaltaToday_News_Leaderboard2_1', 'text': ''}]",8,1,6,0.006557377049180328,4,0,1,0,0,3,180,2,2,32,2,0.6667,0.1778,1.0,234,malta_today,news_listing
180,49,25,12,3,2,36,26,8807,1334,24,4,"[{'tag': 'iframe', 'src': None, 'aria_label': 'Advertisement', 'class': None, 'id': 'google_ads_iframe_/13474545/MaltaToday_News_Leaderboard_728x90_0', 'text': ''}, {'tag': 'iframe', 'src': None, 'aria_label': 'Advertisement', 'class': None, 'id': 'google_ads_iframe_/13474545/MaltaToday_News_RectBanner_300x250_0', 'text': ''}, {'tag': 'iframe', 'src': None, 'aria_label': 'Advertisement', 'class': None, 'id': 'google_ads_iframe_/13474545/MaltaToday_News_Leaderboard2_0', 'text': ''}, {'tag': 'iframe', 'src': None, 'aria_label': 'Advertisement', 'class': None, 'id': 'google_ads_iframe_/13474545/MaltaToday_News_Leaderboard2_1', 'text': ''}]",8,1,6,0.006557377049180328,4,0,1,0,0,3,180,2,2,32,2,0.6667,0.1778,1.0,235,malta_today,news_listing
180,49,25,12,3,2,36,26,8807,1334,24,4,"[{'tag': 'iframe', 'src': None, 'aria_label': 'Advertisement', 'class': None, 'id': 'google_ads_iframe_/13474545/MaltaToday_News_Leaderboard_728x90_0', 'text': ''}, {'tag': 'iframe', 'src': None, 'aria_label': 'Advertisement', 'class': None, 'id': 'google_ads_iframe_/13474545/MaltaToday_News_RectBanner_300x250_0', 'text': ''}, {'tag': 'iframe', 'src': None, 'aria_label': 'Advertisement', 'class': None, 'id': 'google_ads_iframe_/13474545/MaltaToday_News_Leaderboard2_0', 'text': ''}, {'tag': 'iframe', 'src': None, 'aria_label': 'Advertisement', 'class': None, 'id': 'google_ads_iframe_/13474545/MaltaToday_News_Leaderboard2_1', 'text': ''}]",8,1,6,0.006557377049180328,4,0,1,0,0,3,180,2,2,32,2,0.6667,0.1778,1.0,236,malta_today,news_listing
180,49,25,12,3,2,36,26,8807,1334,24,4,"[{'tag': 'iframe', 'src': None, 'aria_label': 'Advertisement', 'class': None, 'id': 'google_ads_iframe_/13474545/MaltaToday_News_Leaderboard_728x90_0', 'text': ''}, {'tag': 'iframe', 'src': None, 'aria_label': 'Advertisement', 'class': None, 'id': 'google_ads_iframe_/13474545/MaltaToday_News_RectBanner_300x250_0', 'text': ''}, {'tag': 'iframe', 'src': None, 'aria_label': 'Advertisement', 'class': None, 'id': 'google_ads_iframe_/13474545/MaltaToday_News_Leaderboard2_0', 'text': ''}, {'tag': 'iframe', 'src': None, 'aria_label': 'Advertisement', 'class': None, 'id': 'google_ads_iframe_/13474545/MaltaToday_News_Leaderboard2_1', 'text': ''}]",8,1,6,0.006557377049180328,4,0,1,0,0,3,180,2,2,32,2,0.6667,0.1778,1.0,237,malta_today,news_listing
180,49,25,12,3,2,36,26,8807,1334,24,4,"[{'tag': 'iframe', 'src': None, 'aria_label': 'Advertisement', 'class': None, 'id': 'google_ads_iframe_/13474545/MaltaToday_News_Leaderboard_728x90_0', 'text': ''}, {'tag': 'iframe', 'src': None, 'aria_label': 'Advertisement', 'class': None, 'id': 'google_ads_iframe_/13474545/MaltaToday_News_RectBanner_300x250_0', 'text': ''}, {'tag': 'iframe', 'src': None, 'aria_label': 'Advertisement', 'class': None, 'id': 'google_ads_iframe_/13474545/MaltaToday_News_Leaderboard2_0', 'text': ''}, {'tag': 'iframe', 'src': None, 'aria_label': 'Advertisement', 'class': None, 'id': 'google_ads_iframe_/13474545/MaltaToday_News_Leaderboard2_1', 'text': ''}]",8,1,6,0.006557377049180328,4,0,1,0,0,3,180,2,2,32,2,0.6667,0.1778,1.0,238,malta_today,news_listing
180,49,25,12,3,2,36,26,8807,1334,24,4,"[{'tag': 'iframe', 'src': None, 'aria_label': 'Advertisement', 'class': None, 'id': 'google_ads_iframe_/13474545/MaltaToday_News_Leaderboard_728x90_0', 'text': ''}, {'tag': 'iframe', 'src': None, 'aria_label': 'Advertisement', 'class': None, 'id': 'google_ads_iframe_/13474545/MaltaToday_News_RectBanner_300x250_0', 'text': ''}, {'tag': 'iframe', 'src': None, 'aria_label': 'Advertisement', 'class': None, 'id': 'google_ads_iframe_/13474545/MaltaToday_News_Leaderboard2_0', 'text': ''}, {'tag': 'iframe', 'src': None, 'aria_label': 'Advertisement', 'class': None, 'id': 'google_ads_iframe_/13474545/MaltaToday_News_Leaderboard2_1', 'text': ''}]",8,1,6,0.006557377049180328,4,0,1,0,0,3,180,2,2,32,2,0.6667,0.1778,1.0,239,malta_today,news_listing
180,49,25,12,3,2,36,26,8807,1334,24,4,"[{'tag': 'iframe', 'src': None, 'aria_label': 'Advertisement', 'class': None, 'id': 'google_ads_iframe_/13474545/MaltaToday_News_Leaderboard_728x90_0', 'text': ''}, {'tag': 'iframe', 'src': None, 'aria_label': 'Advertisement', 'class': None, 'id': 'google_ads_iframe_/13474545/MaltaToday_News_RectBanner_300x250_0', 'text': ''}, {'tag': 'iframe', 'src': None, 'aria_label': 'Advertisement', 'class': None, 'id': 'google_ads_iframe_/13474545/MaltaToday_News_Leaderboard2_0', 'text': ''}, {'tag': 'iframe', 'src': None, 'aria_label': 'Advertisement', 'class': None, 'id': 'google_ads_iframe_/13474545/MaltaToday_News_Leaderboard2_1', 'text': ''}]",8,1,6,0.006557377049180328,4,0,1,0,0,3,180,2,2,32,2,0.6667,0.1778,1.0,240,malta_today,news_listing
180,49,25,12,3,2,36,26,8807,1334,24,4,"[{'tag': 'iframe', 'src': None, 'aria_label': 'Advertisement', 'class': None, 'id': 'google_ads_iframe_/13474545/MaltaToday_News_Leaderboard_728x90_0', 'text': ''}, {'tag': 'iframe', 'src': None, 'aria_label': 'Advertisement', 'class': None, 'id': 'google_ads_iframe_/13474545/MaltaToday_News_RectBanner_300x250_0', 'text': ''}, {'tag': 'iframe', 'src': None, 'aria_label': 'Advertisement', 'class': None, 'id': 'google_ads_iframe_/13474545/MaltaToday_News_Leaderboard2_0', 'text': ''}, {'tag': 'iframe', 'src': None, 'aria_label': 'Advertisement', 'class': None, 'id': 'google_ads_iframe_/13474545/MaltaToday_News_Leaderboard2_1', 'text': ''}]",8,1,6,0.006557377049180328,4,0,1,0,0,3,180,2,2,32,2,0.6667,0.1778,1.0,241,malta_today,news_listing
180,49,25,12,3,2,36,26,8807,1334,24,4,"[{'tag': 'iframe', 'src': None, 'aria_label': 'Advertisement', 'class': None, 'id': 'google_ads_iframe_/13474545/MaltaToday_News_Leaderboard_728x90_0', 'text': ''}, {'tag': 'iframe', 'src': None, 'aria_label': 'Advertisement', 'class': None, 'id': 'google_ads_iframe_/13474545/MaltaToday_News_RectBanner_300x250_0', 'text': ''}, {'tag': 'iframe', 'src': None, 'aria_label': 'Advertisement', 'class': None, 'id': 'google_ads_iframe_/13474545/MaltaToday_News_Leaderboard2_0', 'text': ''}, {'tag': 'iframe', 'src': None, 'aria_label': 'Advertisement', 'class': None, 'id': 'google_ads_iframe_/13474545/MaltaToday_News_Leaderboard2_1', 'text': ''}]",8,1,6,0.006557377049180328,4,0,1,0,0,3,180,2,2,32,2,0.6667,0.1778,1.0,242,malta_today,news_listing
180,49,25,12,3,2,36,26,8807,1334,24,4,"[{'tag': 'iframe', 'src': None, 'aria_label': 'Advertisement', 'class': None, 'id': 'google_ads_iframe_/13474545/MaltaToday_News_Leaderboard_728x90_0', 'text': ''}, {'tag': 'iframe', 'src': None, 'aria_label': 'Advertisement', 'class': None, 'id': 'google_ads_iframe_/13474545/MaltaToday_News_RectBanner_300x250_0', 'text': ''}, {'tag': 'iframe', 'src': None, 'aria_label': 'Advertisement', 'class': None, 'id': 'google_ads_iframe_/13474545/MaltaToday_News_Leaderboard2_0', 'text': ''}, {'tag': 'iframe', 'src': None, 'aria_label': 'Advertisement', 'class': None, 'id': 'google_ads_iframe_/13474545/MaltaToday_News_Leaderboard2_1', 'text': ''}]",8,1,6,0.006557377049180328,4,0,1,0,0,3,180,2,2,32,2,0.6667,0.1778,1.0,243,malta_today,news_listing
181,48,26,12,2,2,36,26,8432,1245,24,4,"[{'tag': 'iframe', 'src': None, 'aria_label': 'Advertisement', 'class': None, 'id': 'google_ads_iframe_/13474545/MaltaToday_News_Leaderboard_728x90_0', 'text': ''}, {'tag': 'iframe', 'src': None, 'aria_label': 'Advertisement', 'class': None, 'id': 'google_ads_iframe_/13474545/MaltaToday_News_RectBanner_300x250_0', 'text': ''}, {'tag': 'iframe', 'src': None, 'aria_label': 'Advertisement', 'class': None, 'id': 'google_ads_iframe_/13474545/MaltaToday_News_Leaderboard2_1', 'text': ''}, {'tag': 'iframe', 'src': None, 'aria_label': 'Advertisement', 'class': None, 'id': 'google_ads_iframe_/13474545/MaltaToday_News_Leaderboard2_2', 'text': ''}]",8,1,6,0.006615214994487321,4,0,1,0,0,2,181,2,1,33,2,0.5,0.1823,1.0,244,malta_today,news_listing
181,48,26,12,2,2,36,26,8432,1245,24,4,"[{'tag': 'iframe', 'src': None, 'aria_label': 'Advertisement', 'class': None, 'id': 'google_ads_iframe_/13474545/MaltaToday_News_Leaderboard_728x90_0', 'text': ''}, {'tag': 'iframe', 'src': None, 'aria_label': 'Advertisement', 'class': None, 'id': 'google_ads_iframe_/13474545/MaltaToday_News_RectBanner_300x250_0', 'text': ''}, {'tag': 'iframe', 'src': None, 'aria_label': 'Advertisement', 'class': None, 'id': 'google_ads_iframe_/13474545/MaltaToday_News_Leaderboard2_1', 'text': ''}, {'tag': 'iframe', 'src': None, 'aria_label': 'Advertisement', 'class': None, 'id': 'google_ads_iframe_/13474545/MaltaToday_News_Leaderboard2_2', 'text': ''}]",8,1,6,0.006615214994487321,4,0,1,0,0,2,181,2,1,33,2,0.5,0.1823,1.0,245,malta_today,news_listing
181,48,26,12,2,2,36,26,8432,1245,24,4,"[{'tag': 'iframe', 'src': None, 'aria_label': 'Advertisement', 'class': None, 'id': 'google_ads_iframe_/13474545/MaltaToday_News_Leaderboard_728x90_0', 'text': ''}, {'tag': 'iframe', 'src': None, 'aria_label': 'Advertisement', 'class': None, 'id': 'google_ads_iframe_/13474545/MaltaToday_News_RectBanner_300x250_0', 'text': ''}, {'tag': 'iframe', 'src': None, 'aria_label': 'Advertisement', 'class': None, 'id': 'google_ads_iframe_/13474545/MaltaToday_News_Leaderboard2_1', 'text': ''}, {'tag': 'iframe', 'src': None, 'aria_label': 'Advertisement', 'class': None, 'id': 'google_ads_iframe_/13474545/MaltaToday_News_Leaderboard2_2', 'text': ''}]",8,1,6,0.006615214994487321,4,0,1,0,0,2,181,2,1,33,2,0.5,0.1823,1.0,246,malta_today,news_listing
181,48,26,12,2,2,36,26,8432,1245,24,4,"[{'tag': 'iframe', 'src': None, 'aria_label': 'Advertisement', 'class': None, 'id': 'google_ads_iframe_/13474545/MaltaToday_News_Leaderboard_728x90_0', 'text': ''}, {'tag': 'iframe', 'src': None, 'aria_label': 'Advertisement', 'class': None, 'id': 'google_ads_iframe_/13474545/MaltaToday_News_RectBanner_300x250_0', 'text': ''}, {'tag': 'iframe', 'src': None, 'aria_label': 'Advertisement', 'class': None, 'id': 'google_ads_iframe_/13474545/MaltaToday_News_Leaderboard2_1', 'text': ''}, {'tag': 'iframe', 'src': None, 'aria_label': 'Advertisement', 'class': None, 'id': 'google_ads_iframe_/13474545/MaltaToday_News_Leaderboard2_2', 'text': ''}]",8,1,6,0.006615214994487321,4,0,1,0,0,2,181,2,1,33,2,0.5,0.1823,1.0,247,malta_today,news_listing
181,48,26,12,2,2,36,26,8432,1245,24,4,"[{'tag': 'iframe', 'src': None, 'aria_label': 'Advertisement', 'class': None, 'id': 'google_ads_iframe_/13474545/MaltaToday_News_Leaderboard_728x90_0', 'text': ''}, {'tag': 'iframe', 'src': None, 'aria_label': 'Advertisement', 'class': None, 'id': 'google_ads_iframe_/13474545/MaltaToday_News_RectBanner_300x250_0', 'text': ''}, {'tag': 'iframe', 'src': None, 'aria_label': 'Advertisement', 'class': None, 'id': 'google_ads_iframe_/13474545/MaltaToday_News_Leaderboard2_1', 'text': ''}, {'tag': 'iframe', 'src': None, 'aria_label': 'Advertisement', 'class': None, 'id': 'google_ads_iframe_/13474545/MaltaToday_News_Leaderboard2_2', 'text': ''}]",8,1,6,0.006615214994487321,4,0,1,0,0,2,181,2,1,33,2,0.5,0.1823,1.0,248,malta_today,news_listing
182,48,25,12,2,2,36,26,8326,1256,24,4,"[{'tag': 'iframe', 'src': None, 'aria_label': 'Advertisement', 'class': None, 'id': 'google_ads_iframe_/13474545/MaltaToday_News_Leaderboard_728x90_0', 'text': ''}, {'tag': 'iframe', 'src': None, 'aria_label': 'Advertisement', 'class': None, 'id': 'google_ads_iframe_/13474545/MaltaToday_News_RectBanner_300x250_0', 'text': ''}, {'tag': 'iframe', 'src': None, 'aria_label': 'Advertisement', 'class': None, 'id': 'google_ads_iframe_/13474545/MaltaToday_News_Rect3_0', 'text': ''}, {'tag': 'iframe', 'src': None, 'aria_label': 'Advertisement', 'class': None, 'id': 'google_ads_iframe_/13474545/MaltaToday_News_Leaderboard2_1', 'text': ''}]",8,1,6,0.006607929515418502,4,0,1,0,0,2,182,2,1,33,2,0.5,0.1813,1.0,249,malta_today,news_listing
182,48,25,12,2,2,36,26,8326,1256,24,4,"[{'tag': 'iframe', 'src': None, 'aria_label': 'Advertisement', 'class': None, 'id': 'google_ads_iframe_/13474545/MaltaToday_News_Leaderboard_728x90_0', 'text': ''}, {'tag': 'iframe', 'src': None, 'aria_label': 'Advertisement', 'class': None, 'id': 'google_ads_iframe_/13474545/MaltaToday_News_RectBanner_300x250_0', 'text': ''}, {'tag': 'iframe', 'src': None, 'aria_label': 'Advertisement', 'class': None, 'id': 'google_ads_iframe_/13474545/MaltaToday_News_Rect3_0', 'text': ''}, {'tag': 'iframe', 'src': None, 'aria_label': 'Advertisement', 'class': None, 'id': 'google_ads_iframe_/13474545/MaltaToday_News_Leaderboard2_1', 'text': ''}]",8,1,6,0.006607929515418502,4,0,1,0,0,2,182,2,1,33,2,0.5,0.1813,1.0,250,malta_today,news_listing
182,48,25,12,2,2,36,26,8326,1256,24,4,"[{'tag': 'iframe', 'src': None, 'aria_label': 'Advertisement', 'class': None, 'id': 'google_ads_iframe_/13474545/MaltaToday_News_Leaderboard_728x90_0', 'text': ''}, {'tag': 'iframe', 'src': None, 'aria_label': 'Advertisement', 'class': None, 'id': 'google_ads_iframe_/13474545/MaltaToday_News_RectBanner_300x250_0', 'text': ''}, {'tag': 'iframe', 'src': None, 'aria_label': 'Advertisement', 'class': None, 'id': 'google_ads_iframe_/13474545/MaltaToday_News_Rect3_0', 'text': ''}, {'tag': 'iframe', 'src': None, 'aria_label': 'Advertisement', 'class': None, 'id': 'google_ads_iframe_/13474545/MaltaToday_News_Leaderboard2_1', 'text': ''}]",8,1,6,0.006607929515418502,4,0,1,0,0,2,182,2,1,33,2,0.5,0.1813,1.0,251,malta_today,news_listing
182,48,25,12,2,2,36,26,8326,1256,24,4,"[{'tag': 'iframe', 'src': None, 'aria_label': 'Advertisement', 'class': None, 'id': 'google_ads_iframe_/13474545/MaltaToday_News_Leaderboard_728x90_0', 'text': ''}, {'tag': 'iframe', 'src': None, 'aria_label': 'Advertisement', 'class': None, 'id': 'google_ads_iframe_/13474545/MaltaToday_News_RectBanner_300x250_0', 'text': ''}, {'tag': 'iframe', 'src': None, 'aria_label': 'Advertisement', 'class': None, 'id': 'google_ads_iframe_/13474545/MaltaToday_News_Rect3_0', 'text': ''}, {'tag': 'iframe', 'src': None, 'aria_label': 'Advertisement', 'class': None, 'id': 'google_ads_iframe_/13474545/MaltaToday_News_Leaderboard2_1', 'text': ''}]",8,1,6,0.006607929515418502,4,0,1,0,0,2,182,2,1,33,2,0.5,0.1813,1.0,252,malta_today,news_listing
182,48,25,12,2,2,36,26,8326,1256,24,4,"[{'tag': 'iframe', 'src': None, 'aria_label': 'Advertisement', 'class': None, 'id': 'google_ads_iframe_/13474545/MaltaToday_News_Leaderboard_728x90_0', 'text': ''}, {'tag': 'iframe', 'src': None, 'aria_label': 'Advertisement', 'class': None, 'id': 'google_ads_iframe_/13474545/MaltaToday_News_RectBanner_300x250_0', 'text': ''}, {'tag': 'iframe', 'src': None, 'aria_label': 'Advertisement', 'class': None, 'id': 'google_ads_iframe_/13474545/MaltaToday_News_Rect3_0', 'text': ''}, {'tag': 'iframe', 'src': None, 'aria_label': 'Advertisement', 'class': None, 'id': 'google_ads_iframe_/13474545/MaltaToday_News_Leaderboard2_1', 'text': ''}]",8,1,6,0.006607929515418502,4,0,1,0,0,2,182,2,1,33,2,0.5,0.1813,1.0,253,malta_today,news_listing
182,48,25,12,2,2,36,26,8326,1256,24,4,"[{'tag': 'iframe', 'src': None, 'aria_label': 'Advertisement', 'class': None, 'id': 'google_ads_iframe_/13474545/MaltaToday_News_Leaderboard_728x90_0', 'text': ''}, {'tag': 'iframe', 'src': None, 'aria_label': 'Advertisement', 'class': None, 'id': 'google_ads_iframe_/13474545/MaltaToday_News_RectBanner_300x250_0', 'text': ''}, {'tag': 'iframe', 'src': None, 'aria_label': 'Advertisement', 'class': None, 'id': 'google_ads_iframe_/13474545/MaltaToday_News_Rect3_0', 'text': ''}, {'tag': 'iframe', 'src': None, 'aria_label': 'Advertisement', 'class': None, 'id': 'google_ads_iframe_/13474545/MaltaToday_News_Leaderboard2_1', 'text': ''}]",8,1,6,0.006607929515418502,4,0,1,0,0,2,182,2,1,33,2,0.5,0.1813,1.0,254,malta_today,news_listing
182,48,25,12,2,2,36,26,8326,1256,24,4,"[{'tag': 'iframe', 'src': None, 'aria_label': 'Advertisement', 'class': None, 'id': 'google_ads_iframe_/13474545/MaltaToday_News_Leaderboard_728x90_0', 'text': ''}, {'tag': 'iframe', 'src': None, 'aria_label': 'Advertisement', 'class': None, 'id': 'google_ads_iframe_/13474545/MaltaToday_News_RectBanner_300x250_0', 'text': ''}, {'tag': 'iframe', 'src': None, 'aria_label': 'Advertisement', 'class': None, 'id': 'google_ads_iframe_/13474545/MaltaToday_News_Rect3_0', 'text': ''}, {'tag': 'iframe', 'src': None, 'aria_label': 'Advertisement', 'class': None, 'id': 'google_ads_iframe_/13474545/MaltaToday_News_Leaderboard2_1', 'text': ''}]",8,1,6,0.006607929515418502,4,0,1,0,0,2,182,2,1,33,2,0.5,0.1813,1.0,255,malta_today,news_listing
182,48,25,12,2,2,36,26,8326,1256,24,4,"[{'tag': 'iframe', 'src': None, 'aria_label': 'Advertisement', 'class': None, 'id': 'google_ads_iframe_/13474545/MaltaToday_News_Leaderboard_728x90_0', 'text': ''}, {'tag': 'iframe', 'src': None, 'aria_label': 'Advertisement', 'class': None, 'id': 'google_ads_iframe_/13474545/MaltaToday_News_RectBanner_300x250_0', 'text': ''}, {'tag': 'iframe', 'src': None, 'aria_label': 'Advertisement', 'class': None, 'id': 'google_ads_iframe_/13474545/MaltaToday_News_Rect3_0', 'text': ''}, {'tag': 'iframe', 'src': None, 'aria_label': 'Advertisement', 'class': None, 'id': 'google_ads_iframe_/13474545/MaltaToday_News_Leaderboard2_1', 'text': ''}]",8,1,6,0.006607929515418502,4,0,1,0,0,2,182,2,1,33,2,0.5,0.1813,1.0,256,malta_today,news_listing
182,48,25,12,2,2,36,26,8326,1256,24,4,"[{'tag': 'iframe', 'src': None, 'aria_label': 'Advertisement', 'class': None, 'id': 'google_ads_iframe_/13474545/MaltaToday_News_Leaderboard_728x90_0', 'text': ''}, {'tag': 'iframe', 'src': None, 'aria_label': 'Advertisement', 'class': None, 'id': 'google_ads_iframe_/13474545/MaltaToday_News_RectBanner_300x250_0', 'text': ''}, {'tag': 'iframe', 'src': None, 'aria_label': 'Advertisement', 'class': None, 'id': 'google_ads_iframe_/13474545/MaltaToday_News_Rect3_0', 'text': ''}, {'tag': 'iframe', 'src': None, 'aria_label': 'Advertisement', 'class': None, 'id': 'google_ads_iframe_/13474545/MaltaToday_News_Leaderboard2_1', 'text': ''}]",8,1,6,0.006607929515418502,4,0,1,0,0,2,182,2,1,33,2,0.5,0.1813,1.0,257,malta_today,news_listing
182,48,25,12,2,2,36,26,8326,1256,24,4,"[{'tag': 'iframe', 'src': None, 'aria_label': 'Advertisement', 'class': None, 'id': 'google_ads_iframe_/13474545/MaltaToday_News_Leaderboard_728x90_0', 'text': ''}, {'tag': 'iframe', 'src': None, 'aria_label': 'Advertisement', 'class': None, 'id': 'google_ads_iframe_/13474545/MaltaToday_News_RectBanner_300x250_0', 'text': ''}, {'tag': 'iframe', 'src': None, 'aria_label': 'Advertisement', 'class': None, 'id': 'google_ads_iframe_/13474545/MaltaToday_News_Rect3_0', 'text': ''}, {'tag': 'iframe', 'src': None, 'aria_label': 'Advertisement', 'class': None, 'id': 'google_ads_iframe_/13474545/MaltaToday_News_Leaderboard2_1', 'text': ''}]",8,1,6,0.006607929515418502,4,0,1,0,0,2,182,2,1,33,2,0.5,0.1813,1.0,258,malta_today,news_listing
182,48,25,12,2,2,36,26,8326,1256,24,4,"[{'tag': 'iframe', 'src': None, 'aria_label': 'Advertisement', 'class': None, 'id': 'google_ads_iframe_/13474545/MaltaToday_News_Leaderboard_728x90_0', 'text': ''}, {'tag': 'iframe', 'src': None, 'aria_label': 'Advertisement', 'class': None, 'id': 'google_ads_iframe_/13474545/MaltaToday_News_RectBanner_300x250_0', 'text': ''}, {'tag': 'iframe', 'src': None, 'aria_label': 'Advertisement', 'class': None, 'id': 'google_ads_iframe_/13474545/MaltaToday_News_Rect3_0', 'text': ''}, {'tag': 'iframe', 'src': None, 'aria_label': 'Advertisement', 'class': None, 'id': 'google_ads_iframe_/13474545/MaltaToday_News_Leaderboard2_1', 'text': ''}]",8,1,6,0.006607929515418502,4,0,1,0,0,2,182,2,1,33,2,0.5,0.1813,1.0,259,malta_today,news_listing
182,48,25,12,2,2,36,26,8326,1256,24,4,"[{'tag': 'iframe', 'src': None, 'aria_label': 'Advertisement', 'class': None, 'id': 'google_ads_iframe_/13474545/MaltaToday_News_Leaderboard_728x90_0', 'text': ''}, {'tag': 'iframe', 'src': None, 'aria_label': 'Advertisement', 'class': None, 'id': 'google_ads_iframe_/13474545/MaltaToday_News_RectBanner_300x250_0', 'text': ''}, {'tag': 'iframe', 'src': None, 'aria_label': 'Advertisement', 'class': None, 'id': 'google_ads_iframe_/13474545/MaltaToday_News_Rect3_0', 'text': ''}, {'tag': 'iframe', 'src': None, 'aria_label': 'Advertisement', 'class': None, 'id': 'google_ads_iframe_/13474545/MaltaToday_News_Leaderboard2_1', 'text': ''}]",8,1,6,0.006607929515418502,4,0,1,0,0,2,182,2,1,33,2,0.5,0.1813,1.0,260,malta_today,news_listing
182,48,25,12,2,2,36,26,8326,1256,24,4,"[{'tag': 'iframe', 'src': None, 'aria_label': 'Advertisement', 'class': None, 'id': 'google_ads_iframe_/13474545/MaltaToday_News_Leaderboard_728x90_0', 'text': ''}, {'tag': 'iframe', 'src': None, 'aria_label': 'Advertisement', 'class': None, 'id': 'google_ads_iframe_/13474545/MaltaToday_News_RectBanner_300x250_0', 'text': ''}, {'tag': 'iframe', 'src': None, 'aria_label': 'Advertisement', 'class': None, 'id': 'google_ads_iframe_/13474545/MaltaToday_News_Rect3_0', 'text': ''}, {'tag': 'iframe', 'src': None, 'aria_label': 'Advertisement', 'class': None, 'id': 'google_ads_iframe_/13474545/MaltaToday_News_Leaderboard2_1', 'text': ''}]",8,1,6,0.006607929515418502,4,0,1,0,0,2,182,2,1,33,2,0.5,0.1813,1.0,261,malta_today,news_listing
182,48,25,10,2,2,36,26,8326,1256,24,2,"[{'tag': 'iframe', 'src': None, 'aria_label': 'Advertisement', 'class': None, 'id': 'google_ads_iframe_/13474545/MaltaToday_News_Leaderboard_728x90_0', 'text': ''}, {'tag': 'iframe', 'src': None, 'aria_label': 'Advertisement', 'class': None, 'id': 'google_ads_iframe_/13474545/MaltaToday_News_RectBanner_300x250_0', 'text': ''}]",8,1,4,0.004415011037527594,2,0,1,0,0,2,182,2,1,33,2,0.5,0.1813,1.0,262,malta_today,news_listing
182,48,25,10,2,2,36,26,8326,1256,24,2,"[{'tag': 'iframe', 'src': None, 'aria_label': 'Advertisement', 'class': None, 'id': 'google_ads_iframe_/13474545/MaltaToday_News_Leaderboard_728x90_0', 'text': ''}, {'tag': 'iframe', 'src': None, 'aria_label': 'Advertisement', 'class': None, 'id': 'google_ads_iframe_/13474545/MaltaToday_News_RectBanner_300x250_0', 'text': ''}]",8,1,4,0.004415011037527594,2,0,1,0,0,2,182,2,1,33,2,0.5,0.1813,1.0,263,malta_today,news_listing
182,48,25,10,2,2,36,26,8326,1256,24,2,"[{'tag': 'iframe', 'src': None, 'aria_label': 'Advertisement', 'class': None, 'id': 'google_ads_iframe_/13474545/MaltaToday_News_Leaderboard_728x90_0', 'text': ''}, {'tag': 'iframe', 'src': None, 'aria_label': 'Advertisement', 'class': None, 'id': 'google_ads_iframe_/13474545/MaltaToday_News_RectBanner_300x250_0', 'text': ''}]",8,1,4,0.004415011037527594,2,0,1,0,0,2,182,2,1,33,2,0.5,0.1813,1.0,264,malta_today,news_listing
182,48,25,10,2,2,36,26,8326,1256,24,2,"[{'tag': 'iframe', 'src': None, 'aria_label': 'Advertisement', 'class': None, 'id': 'google_ads_iframe_/13474545/MaltaToday_News_Leaderboard_728x90_0', 'text': ''}, {'tag': 'iframe', 'src': None, 'aria_label': 'Advertisement', 'class': None, 'id': 'google_ads_iframe_/13474545/MaltaToday_News_RectBanner_300x250_0', 'text': ''}]",8,1,4,0.004415011037527594,2,0,1,0,0,2,182,2,1,33,2,0.5,0.1813,1.0,265,malta_today,news_listing
182,48,25,10,2,2,36,26,8326,1256,24,2,"[{'tag': 'iframe', 'src': None, 'aria_label': 'Advertisement', 'class': None, 'id': 'google_ads_iframe_/13474545/MaltaToday_News_Leaderboard_728x90_0', 'text': ''}, {'tag': 'iframe', 'src': None, 'aria_label': 'Advertisement', 'class': None, 'id': 'google_ads_iframe_/13474545/MaltaToday_News_RectBanner_300x250_0', 'text': ''}]",8,1,4,0.004415011037527594,2,0,1,0,0,2,182,2,1,33,2,0.5,0.1813,1.0,266,malta_today,news_listing
182,48,25,10,2,2,36,26,8326,1256,24,2,"[{'tag': 'iframe', 'src': None, 'aria_label': 'Advertisement', 'class': None, 'id': 'google_ads_iframe_/13474545/MaltaToday_News_Leaderboard_728x90_0', 'text': ''}, {'tag': 'iframe', 'src': None, 'aria_label': 'Advertisement', 'class': None, 'id': 'google_ads_iframe_/13474545/MaltaToday_News_RectBanner_300x250_0', 'text': ''}]",8,1,4,0.004415011037527594,2,0,1,0,0,2,182,2,1,33,2,0.5,0.1813,1.0,267,malta_today,news_listing
182,48,25,10,2,2,36,26,8326,1256,24,2,"[{'tag': 'iframe', 'src': None, 'aria_label': 'Advertisement', 'class': None, 'id': 'google_ads_iframe_/13474545/MaltaToday_News_Leaderboard_728x90_0', 'text': ''}, {'tag': 'iframe', 'src': None, 'aria_label': 'Advertisement', 'class': None, 'id': 'google_ads_iframe_/13474545/MaltaToday_News_RectBanner_300x250_0', 'text': ''}]",8,1,4,0.004415011037527594,2,0,1,0,0,2,182,2,1,33,2,0.5,0.1813,1.0,268,malta_today,news_listing
182,48,25,10,2,2,36,26,8326,1256,24,2,"[{'tag': 'iframe', 'src': None, 'aria_label': 'Advertisement', 'class': None, 'id': 'google_ads_iframe_/13474545/MaltaToday_News_Leaderboard_728x90_0', 'text': ''}, {'tag': 'iframe', 'src': None, 'aria_label': 'Advertisement', 'class': None, 'id': 'google_ads_iframe_/13474545/MaltaToday_News_RectBanner_300x250_0', 'text': ''}]",8,1,4,0.004415011037527594,2,0,1,0,0,2,182,2,1,33,2,0.5,0.1813,1.0,269,malta_today,news_listing
182,48,25,12,2,2,36,26,8326,1256,24,4,"[{'tag': 'iframe', 'src': None, 'aria_label': 'Advertisement', 'class': None, 'id': 'google_ads_iframe_/13474545/MaltaToday_News_Leaderboard_728x90_0', 'text': ''}, {'tag': 'iframe', 'src': None, 'aria_label': 'Advertisement', 'class': None, 'id': 'google_ads_iframe_/13474545/MaltaToday_News_RectBanner_300x250_0', 'text': ''}, {'tag': 'iframe', 'src': None, 'aria_label': 'Advertisement', 'class': None, 'id': 'google_ads_iframe_/13474545/MaltaToday_News_Rect3_0', 'text': ''}, {'tag': 'iframe', 'src': None, 'aria_label': 'Advertisement', 'class': None, 'id': 'google_ads_iframe_/13474545/MaltaToday_News_Leaderboard2_2', 'text': ''}]",8,1,6,0.0065717415115005475,4,0,1,0,0,2,182,2,1,33,2,0.5,0.1813,1.0,270,malta_today,news_listing
182,48,25,12,2,2,36,26,8326,1256,24,4,"[{'tag': 'iframe', 'src': None, 'aria_label': 'Advertisement', 'class': None, 'id': 'google_ads_iframe_/13474545/MaltaToday_News_Leaderboard_728x90_0', 'text': ''}, {'tag': 'iframe', 'src': None, 'aria_label': 'Advertisement', 'class': None, 'id': 'google_ads_iframe_/13474545/MaltaToday_News_RectBanner_300x250_0', 'text': ''}, {'tag': 'iframe', 'src': None, 'aria_label': 'Advertisement', 'class': None, 'id': 'google_ads_iframe_/13474545/MaltaToday_News_Rect3_0', 'text': ''}, {'tag': 'iframe', 'src': None, 'aria_label': 'Advertisement', 'class': None, 'id': 'google_ads_iframe_/13474545/MaltaToday_News_Leaderboard2_2', 'text': ''}]",8,1,6,0.0065717415115005475,4,0,1,0,0,2,182,2,1,33,2,0.5,0.1813,1.0,271,malta_today,news_listing
182,48,25,12,2,2,36,26,8326,1256,24,4,"[{'tag': 'iframe', 'src': None, 'aria_label': 'Advertisement', 'class': None, 'id': 'google_ads_iframe_/13474545/MaltaToday_News_Leaderboard_728x90_0', 'text': ''}, {'tag': 'iframe', 'src': None, 'aria_label': 'Advertisement', 'class': None, 'id': 'google_ads_iframe_/13474545/MaltaToday_News_RectBanner_300x250_0', 'text': ''}, {'tag': 'iframe', 'src': None, 'aria_label': 'Advertisement', 'class': None, 'id': 'google_ads_iframe_/13474545/MaltaToday_News_Rect3_0', 'text': ''}, {'tag': 'iframe', 'src': None, 'aria_label': 'Advertisement', 'class': None, 'id': 'google_ads_iframe_/13474545/MaltaToday_News_Leaderboard2_2', 'text': ''}]",8,1,6,0.0065717415115005475,4,0,1,0,0,2,182,2,1,33,2,0.5,0.1813,1.0,272,malta_today,news_listing
182,48,25,12,2,2,36,26,8326,1256,24,4,"[{'tag': 'iframe', 'src': None, 'aria_label': 'Advertisement', 'class': None, 'id': 'google_ads_iframe_/13474545/MaltaToday_News_Leaderboard_728x90_0', 'text': ''}, {'tag': 'iframe', 'src': None, 'aria_label': 'Advertisement', 'class': None, 'id': 'google_ads_iframe_/13474545/MaltaToday_News_RectBanner_300x250_0', 'text': ''}, {'tag': 'iframe', 'src': None, 'aria_label': 'Advertisement', 'class': None, 'id': 'google_ads_iframe_/13474545/MaltaToday_News_Rect3_0', 'text': ''}, {'tag': 'iframe', 'src': None, 'aria_label': 'Advertisement', 'class': None, 'id': 'google_ads_iframe_/13474545/MaltaToday_News_Leaderboard2_2', 'text': ''}]",8,1,6,0.0065717415115005475,4,0,1,0,0,2,182,2,1,33,2,0.5,0.1813,1.0,273,malta_today,news_listing
182,48,25,12,2,2,36,26,8326,1256,24,4,"[{'tag': 'iframe', 'src': None, 'aria_label': 'Advertisement', 'class': None, 'id': 'google_ads_iframe_/13474545/MaltaToday_News_Leaderboard_728x90_0', 'text': ''}, {'tag': 'iframe', 'src': None, 'aria_label': 'Advertisement', 'class': None, 'id': 'google_ads_iframe_/13474545/MaltaToday_News_RectBanner_300x250_0', 'text': ''}, {'tag': 'iframe', 'src': None, 'aria_label': 'Advertisement', 'class': None, 'id': 'google_ads_iframe_/13474545/MaltaToday_News_Rect3_0', 'text': ''}, {'tag': 'iframe', 'src': None, 'aria_label': 'Advertisement', 'class': None, 'id': 'google_ads_iframe_/13474545/MaltaToday_News_Leaderboard2_2', 'text': ''}]",8,1,6,0.0065717415115005475,4,0,1,0,0,2,182,2,1,33,2,0.5,0.1813,1.0,274,malta_today,news_listing
182,48,25,12,2,2,36,26,8326,1256,24,4,"[{'tag': 'iframe', 'src': None, 'aria_label': 'Advertisement', 'class': None, 'id': 'google_ads_iframe_/13474545/MaltaToday_News_Leaderboard_728x90_0', 'text': ''}, {'tag': 'iframe', 'src': None, 'aria_label': 'Advertisement', 'class': None, 'id': 'google_ads_iframe_/13474545/MaltaToday_News_RectBanner_300x250_0', 'text': ''}, {'tag': 'iframe', 'src': None, 'aria_label': 'Advertisement', 'class': None, 'id': 'google_ads_iframe_/13474545/MaltaToday_News_Rect3_0', 'text': ''}, {'tag': 'iframe', 'src': None, 'aria_label': 'Advertisement', 'class': None, 'id': 'google_ads_iframe_/13474545/MaltaToday_News_Leaderboard2_2', 'text': ''}]",8,1,6,0.0065717415115005475,4,0,1,0,0,2,182,2,1,33,2,0.5,0.1813,1.0,275,malta_today,news_listing
182,48,25,12,2,2,36,26,8326,1256,24,4,"[{'tag': 'iframe', 'src': None, 'aria_label': 'Advertisement', 'class': None, 'id': 'google_ads_iframe_/13474545/MaltaToday_News_Leaderboard_728x90_0', 'text': ''}, {'tag': 'iframe', 'src': None, 'aria_label': 'Advertisement', 'class': None, 'id': 'google_ads_iframe_/13474545/MaltaToday_News_RectBanner_300x250_0', 'text': ''}, {'tag': 'iframe', 'src': None, 'aria_label': 'Advertisement', 'class': None, 'id': 'google_ads_iframe_/13474545/MaltaToday_News_Rect3_0', 'text': ''}, {'tag': 'iframe', 'src': None, 'aria_label': 'Advertisement', 'class': None, 'id': 'google_ads_iframe_/13474545/MaltaToday_News_Leaderboard2_2', 'text': ''}]",8,1,6,0.0065717415115005475,4,0,1,0,0,2,182,2,1,33,2,0.5,0.1813,1.0,276,malta_today,news_listing
182,48,25,12,2,2,36,26,8326,1256,24,4,"[{'tag': 'iframe', 'src': None, 'aria_label': 'Advertisement', 'class': None, 'id': 'google_ads_iframe_/13474545/MaltaToday_News_Leaderboard_728x90_0', 'text': ''}, {'tag': 'iframe', 'src': None, 'aria_label': 'Advertisement', 'class': None, 'id': 'google_ads_iframe_/13474545/MaltaToday_News_RectBanner_300x250_0', 'text': ''}, {'tag': 'iframe', 'src': None, 'aria_label': 'Advertisement', 'class': None, 'id': 'google_ads_iframe_/13474545/MaltaToday_News_Rect3_0', 'text': ''}, {'tag': 'iframe', 'src': None, 'aria_label': 'Advertisement', 'class': None, 'id': 'google_ads_iframe_/13474545/MaltaToday_News_Leaderboard2_2', 'text': ''}]",8,1,6,0.0065717415115005475,4,0,1,0,0,2,182,2,1,33,2,0.5,0.1813,1.0,277,malta_today,news_listing
190,48,24,11,3,2,36,26,8846,1312,24,3,"[{'tag': 'iframe', 'src': None, 'aria_label': 'Advertisement', 'class': None, 'id': 'google_ads_iframe_/13474545/MaltaToday_News_Leaderboard_728x90_0', 'text': ''}, {'tag': 'iframe', 'src': None, 'aria_label': 'Advertisement', 'class': None, 'id': 'google_ads_iframe_/13474545/MaltaToday_News_RectBanner_300x250_0', 'text': ''}, {'tag': 'iframe', 'src': None, 'aria_label': 'Advertisement', 'class': None, 'id': 'google_ads_iframe_/13474545/MaltaToday_News_Leaderboard2_0', 'text': ''}]",8,1,5,0.005393743257820928,3,0,1,0,0,3,190,2,2,33,2,0.6667,0.1737,1.0,278,malta_today,news_listing
190,48,24,11,3,2,36,26,8846,1312,24,3,"[{'tag': 'iframe', 'src': None, 'aria_label': 'Advertisement', 'class': None, 'id': 'google_ads_iframe_/13474545/MaltaToday_News_Leaderboard_728x90_0', 'text': ''}, {'tag': 'iframe', 'src': None, 'aria_label': 'Advertisement', 'class': None, 'id': 'google_ads_iframe_/13474545/MaltaToday_News_RectBanner_300x250_0', 'text': ''}, {'tag': 'iframe', 'src': None, 'aria_label': 'Advertisement', 'class': None, 'id': 'google_ads_iframe_/13474545/MaltaToday_News_Leaderboard2_0', 'text': ''}]",8,1,5,0.005393743257820928,3,0,1,0,0,3,190,2,2,33,2,0.6667,0.1737,1.0,279,malta_today,news_listing
190,48,24,11,3,2,36,26,8846,1312,24,3,"[{'tag': 'iframe', 'src': None, 'aria_label': 'Advertisement', 'class': None, 'id': 'google_ads_iframe_/13474545/MaltaToday_News_Leaderboard_728x90_0', 'text': ''}, {'tag': 'iframe', 'src': None, 'aria_label': 'Advertisement', 'class': None, 'id': 'google_ads_iframe_/13474545/MaltaToday_News_RectBanner_300x250_0', 'text': ''}, {'tag': 'iframe', 'src': None, 'aria_label': 'Advertisement', 'class': None, 'id': 'google_ads_iframe_/13474545/MaltaToday_News_Leaderboard2_0', 'text': ''}]",8,1,5,0.005393743257820928,3,0,1,0,0,3,190,2,2,33,2,0.6667,0.1737,1.0,280,malta_today,news_listing
190,48,24,11,3,2,36,26,8846,1312,24,3,"[{'tag': 'iframe', 'src': None, 'aria_label': 'Advertisement', 'class': None, 'id': 'google_ads_iframe_/13474545/MaltaToday_News_Leaderboard_728x90_0', 'text': ''}, {'tag': 'iframe', 'src': None, 'aria_label': 'Advertisement', 'class': None, 'id': 'google_ads_iframe_/13474545/MaltaToday_News_RectBanner_300x250_0', 'text': ''}, {'tag': 'iframe', 'src': None, 'aria_label': 'Advertisement', 'class': None, 'id': 'google_ads_iframe_/13474545/MaltaToday_News_Leaderboard2_0', 'text': ''}]",8,1,5,0.005393743257820928,3,0,1,0,0,3,190,2,2,33,2,0.6667,0.1737,1.0,281,malta_today,news_listing
190,48,24,11,3,2,36,26,8846,1312,24,3,"[{'tag': 'iframe', 'src': None, 'aria_label': 'Advertisement', 'class': None, 'id': 'google_ads_iframe_/13474545/MaltaToday_News_Leaderboard_728x90_0', 'text': ''}, {'tag': 'iframe', 'src': None, 'aria_label': 'Advertisement', 'class': None, 'id': 'google_ads_iframe_/13474545/MaltaToday_News_RectBanner_300x250_0', 'text': ''}, {'tag': 'iframe', 'src': None, 'aria_label': 'Advertisement', 'class': None, 'id': 'google_ads_iframe_/13474545/MaltaToday_News_Leaderboard2_0', 'text': ''}]",8,1,5,0.005393743257820928,3,0,1,0,0,3,190,2,2,33,2,0.6667,0.1737,1.0,282,malta_today,news_listing
190,48,24,11,3,2,36,26,8846,1312,24,3,"[{'tag': 'iframe', 'src': None, 'aria_label': 'Advertisement', 'class': None, 'id': 'google_ads_iframe_/13474545/MaltaToday_News_Leaderboard_728x90_0', 'text': ''}, {'tag': 'iframe', 'src': None, 'aria_label': 'Advertisement', 'class': None, 'id': 'google_ads_iframe_/13474545/MaltaToday_News_RectBanner_300x250_0', 'text': ''}, {'tag': 'iframe', 'src': None, 'aria_label': 'Advertisement', 'class': None, 'id': 'google_ads_iframe_/13474545/MaltaToday_News_Leaderboard2_0', 'text': ''}]",8,1,5,0.005393743257820928,3,0,1,0,0,3,190,2,2,33,2,0.6667,0.1737,1.0,283,malta_today,news_listing
190,48,24,11,3,2,36,26,8846,1312,24,3,"[{'tag': 'iframe', 'src': None, 'aria_label': 'Advertisement', 'class': None, 'id': 'google_ads_iframe_/13474545/MaltaToday_News_Leaderboard_728x90_0', 'text': ''}, {'tag': 'iframe', 'src': None, 'aria_label': 'Advertisement', 'class': None, 'id': 'google_ads_iframe_/13474545/MaltaToday_News_RectBanner_300x250_0', 'text': ''}, {'tag': 'iframe', 'src': None, 'aria_label': 'Advertisement', 'class': None, 'id': 'google_ads_iframe_/13474545/MaltaToday_News_Leaderboard2_0', 'text': ''}]",8,1,5,0.005393743257820928,3,0,1,0,0,3,190,2,2,33,2,0.6667,0.1737,1.0,284,malta_today,news_listing
190,48,24,11,3,2,36,26,8846,1312,24,3,"[{'tag': 'iframe', 'src': None, 'aria_label': 'Advertisement', 'class': None, 'id': 'google_ads_iframe_/13474545/MaltaToday_News_Leaderboard_728x90_0', 'text': ''}, {'tag': 'iframe', 'src': None, 'aria_label': 'Advertisement', 'class': None, 'id': 'google_ads_iframe_/13474545/MaltaToday_News_RectBanner_300x250_0', 'text': ''}, {'tag': 'iframe', 'src': None, 'aria_label': 'Advertisement', 'class': None, 'id': 'google_ads_iframe_/13474545/MaltaToday_News_Leaderboard2_0', 'text': ''}]",8,1,5,0.005393743257820928,3,0,1,0,0,3,190,2,2,33,2,0.6667,0.1737,1.0,285,malta_today,news_listing
190,48,24,11,3,2,36,26,8846,1312,24,3,"[{'tag': 'iframe', 'src': None, 'aria_label': 'Advertisement', 'class': None, 'id': 'google_ads_iframe_/13474545/MaltaToday_News_Leaderboard_728x90_0', 'text': ''}, {'tag': 'iframe', 'src': None, 'aria_label': 'Advertisement', 'class': None, 'id': 'google_ads_iframe_/13474545/MaltaToday_News_RectBanner_300x250_0', 'text': ''}, {'tag': 'iframe', 'src': None, 'aria_label': 'Advertisement', 'class': None, 'id': 'google_ads_iframe_/13474545/MaltaToday_News_Leaderboard2_0', 'text': ''}]",8,1,5,0.005393743257820928,3,0,1,0,0,3,190,2,2,33,2,0.6667,0.1737,1.0,286,malta_today,news_listing
190,49,25,11,3,2,36,26,8390,1268,24,3,"[{'tag': 'iframe', 'src': None, 'aria_label': 'Advertisement', 'class': None, 'id': 'google_ads_iframe_/13474545/MaltaToday_News_Leaderboard_728x90_0', 'text': ''}, {'tag': 'iframe', 'src': None, 'aria_label': 'Advertisement', 'class': None, 'id': 'google_ads_iframe_/13474545/MaltaToday_News_RectBanner_300x250_0', 'text': ''}, {'tag': 'iframe', 'src': None, 'aria_label': 'Advertisement', 'class': None, 'id': 'google_ads_iframe_/13474545/MaltaToday_News_Leaderboard2_0', 'text': ''}]",8,1,5,0.005393743257820928,3,0,1,0,0,3,190,2,2,33,2,0.6667,0.1737,1.0,287,malta_today,news_listing
190,49,25,11,3,2,36,26,8390,1268,24,3,"[{'tag': 'iframe', 'src': None, 'aria_label': 'Advertisement', 'class': None, 'id': 'google_ads_iframe_/13474545/MaltaToday_News_Leaderboard_728x90_0', 'text': ''}, {'tag': 'iframe', 'src': None, 'aria_label': 'Advertisement', 'class': None, 'id': 'google_ads_iframe_/13474545/MaltaToday_News_RectBanner_300x250_0', 'text': ''}, {'tag': 'iframe', 'src': None, 'aria_label': 'Advertisement', 'class': None, 'id': 'google_ads_iframe_/13474545/MaltaToday_News_Leaderboard2_0', 'text': ''}]",8,1,5,0.005393743257820928,3,0,1,0,0,3,190,2,2,33,2,0.6667,0.1737,1.0,288,malta_today,news_listing
190,49,25,11,3,2,36,26,8390,1268,24,3,"[{'tag': 'iframe', 'src': None, 'aria_label': 'Advertisement', 'class': None, 'id': 'google_ads_iframe_/13474545/MaltaToday_News_Leaderboard_728x90_0', 'text': ''}, {'tag': 'iframe', 'src': None, 'aria_label': 'Advertisement', 'class': None, 'id': 'google_ads_iframe_/13474545/MaltaToday_News_RectBanner_300x250_0', 'text': ''}, {'tag': 'iframe', 'src': None, 'aria_label': 'Advertisement', 'class': None, 'id': 'google_ads_iframe_/13474545/MaltaToday_News_Leaderboard2_0', 'text': ''}]",8,1,5,0.005393743257820928,3,0,1,0,0,3,190,2,2,33,2,0.6667,0.1737,1.0,289,malta_today,news_listing
190,49,25,11,3,2,36,26,8390,1268,24,3,"[{'tag': 'iframe', 'src': None, 'aria_label': 'Advertisement', 'class': None, 'id': 'google_ads_iframe_/13474545/MaltaToday_News_Leaderboard_728x90_0', 'text': ''}, {'tag': 'iframe', 'src': None, 'aria_label': 'Advertisement', 'class': None, 'id': 'google_ads_iframe_/13474545/MaltaToday_News_RectBanner_300x250_0', 'text': ''}, {'tag': 'iframe', 'src': None, 'aria_label': 'Advertisement', 'class': None, 'id': 'google_ads_iframe_/13474545/MaltaToday_News_Leaderboard2_0', 'text': ''}]",8,1,5,0.005393743257820928,3,0,1,0,0,3,190,2,2,33,2,0.6667,0.1737,1.0,290,malta_today,news_listing
190,49,25,11,3,2,36,26,8390,1268,24,3,"[{'tag': 'iframe', 'src': None, 'aria_label': 'Advertisement', 'class': None, 'id': 'google_ads_iframe_/13474545/MaltaToday_News_Leaderboard_728x90_0', 'text': ''}, {'tag': 'iframe', 'src': None, 'aria_label': 'Advertisement', 'class': None, 'id': 'google_ads_iframe_/13474545/MaltaToday_News_RectBanner_300x250_0', 'text': ''}, {'tag': 'iframe', 'src': None, 'aria_label': 'Advertisement', 'class': None, 'id': 'google_ads_iframe_/13474545/MaltaToday_News_Leaderboard2_0', 'text': ''}]",8,1,5,0.005393743257820928,3,0,1,0,0,3,190,2,2,33,2,0.6667,0.1737,1.0,291,malta_today,news_listing
190,49,25,11,3,2,36,26,8390,1268,24,3,"[{'tag': 'iframe', 'src': None, 'aria_label': 'Advertisement', 'class': None, 'id': 'google_ads_iframe_/13474545/MaltaToday_News_Leaderboard_728x90_0', 'text': ''}, {'tag': 'iframe', 'src': None, 'aria_label': 'Advertisement', 'class': None, 'id': 'google_ads_iframe_/13474545/MaltaToday_News_RectBanner_300x250_0', 'text': ''}, {'tag': 'iframe', 'src': None, 'aria_label': 'Advertisement', 'class': None, 'id': 'google_ads_iframe_/13474545/MaltaToday_News_Leaderboard2_0', 'text': ''}]",8,1,5,0.005393743257820928,3,0,1,0,0,3,190,2,2,33,2,0.6667,0.1737,1.0,292,malta_today,news_listing
190,49,25,11,3,2,36,26,8390,1268,24,3,"[{'tag': 'iframe', 'src': None, 'aria_label': 'Advertisement', 'class': None, 'id': 'google_ads_iframe_/13474545/MaltaToday_News_Leaderboard_728x90_0', 'text': ''}, {'tag': 'iframe', 'src': None, 'aria_label': 'Advertisement', 'class': None, 'id': 'google_ads_iframe_/13474545/MaltaToday_News_RectBanner_300x250_0', 'text': ''}, {'tag': 'iframe', 'src': None, 'aria_label': 'Advertisement', 'class': None, 'id': 'google_ads_iframe_/13474545/MaltaToday_News_Leaderboard2_0', 'text': ''}]",8,1,5,0.005393743257820928,3,0,1,0,0,3,190,2,2,33,2,0.6667,0.1737,1.0,293,malta_today,news_listing
190,49,25,11,3,2,36,26,8390,1268,24,3,"[{'tag': 'iframe', 'src': None, 'aria_label': 'Advertisement', 'class': None, 'id': 'google_ads_iframe_/13474545/MaltaToday_News_Leaderboard_728x90_0', 'text': ''}, {'tag': 'iframe', 'src': None, 'aria_label': 'Advertisement', 'class': None, 'id': 'google_ads_iframe_/13474545/MaltaToday_News_RectBanner_300x250_0', 'text': ''}, {'tag': 'iframe', 'src': None, 'aria_label': 'Advertisement', 'class': None, 'id': 'google_ads_iframe_/13474545/MaltaToday_News_Leaderboard2_0', 'text': ''}]",8,1,5,0.005393743257820928,3,0,1,0,0,3,190,2,2,33,2,0.6667,0.1737,1.0,294,malta_today,news_listing
189,48,24,12,2,2,36,26,8737,1293,24,4,"[{'tag': 'iframe', 'src': None, 'aria_label': 'Advertisement', 'class': None, 'id': 'google_ads_iframe_/13474545/MaltaToday_News_Leaderboard_728x90_0', 'text': ''}, {'tag': 'iframe', 'src': None, 'aria_label': 'Advertisement', 'class': None, 'id': 'google_ads_iframe_/13474545/MaltaToday_News_RectBanner_300x250_0', 'text': ''}, {'tag': 'iframe', 'src': None, 'aria_label': 'Advertisement', 'class': None, 'id': 'google_ads_iframe_/13474545/MaltaToday_News_Leaderboard2_0', 'text': ''}, {'tag': 'iframe', 'src': None, 'aria_label': 'Advertisement', 'class': None, 'id': 'google_ads_iframe_/13474545/MaltaToday_News_Leaderboard2_2', 'text': ''}]",8,1,6,0.006528835690968444,4,0,1,0,0,2,189,2,1,33,2,0.5,0.1746,1.0,295,malta_today,news_listing
189,48,24,12,2,2,36,26,8737,1293,24,4,"[{'tag': 'iframe', 'src': None, 'aria_label': 'Advertisement', 'class': None, 'id': 'google_ads_iframe_/13474545/MaltaToday_News_Leaderboard_728x90_0', 'text': ''}, {'tag': 'iframe', 'src': None, 'aria_label': 'Advertisement', 'class': None, 'id': 'google_ads_iframe_/13474545/MaltaToday_News_RectBanner_300x250_0', 'text': ''}, {'tag': 'iframe', 'src': None, 'aria_label': 'Advertisement', 'class': None, 'id': 'google_ads_iframe_/13474545/MaltaToday_News_Leaderboard2_0', 'text': ''}, {'tag': 'iframe', 'src': None, 'aria_label': 'Advertisement', 'class': None, 'id': 'google_ads_iframe_/13474545/MaltaToday_News_Leaderboard2_2', 'text': ''}]",8,1,6,0.006528835690968444,4,0,1,0,0,2,189,2,1,33,2,0.5,0.1746,1.0,296,malta_today,news_listing
189,48,24,12,2,2,36,26,8737,1293,24,4,"[{'tag': 'iframe', 'src': None, 'aria_label': 'Advertisement', 'class': None, 'id': 'google_ads_iframe_/13474545/MaltaToday_News_Leaderboard_728x90_0', 'text': ''}, {'tag': 'iframe', 'src': None, 'aria_label': 'Advertisement', 'class': None, 'id': 'google_ads_iframe_/13474545/MaltaToday_News_RectBanner_300x250_0', 'text': ''}, {'tag': 'iframe', 'src': None, 'aria_label': 'Advertisement', 'class': None, 'id': 'google_ads_iframe_/13474545/MaltaToday_News_Leaderboard2_0', 'text': ''}, {'tag': 'iframe', 'src': None, 'aria_label': 'Advertisement', 'class': None, 'id': 'google_ads_iframe_/13474545/MaltaToday_News_Leaderboard2_2', 'text': ''}]",8,1,6,0.006528835690968444,4,0,1,0,0,2,189,2,1,33,2,0.5,0.1746,1.0,297,malta_today,news_listing
189,48,24,12,2,2,36,26,8737,1293,24,4,"[{'tag': 'iframe', 'src': None, 'aria_label': 'Advertisement', 'class': None, 'id': 'google_ads_iframe_/13474545/MaltaToday_News_Leaderboard_728x90_0', 'text': ''}, {'tag': 'iframe', 'src': None, 'aria_label': 'Advertisement', 'class': None, 'id': 'google_ads_iframe_/13474545/MaltaToday_News_RectBanner_300x250_0', 'text': ''}, {'tag': 'iframe', 'src': None, 'aria_label': 'Advertisement', 'class': None, 'id': 'google_ads_iframe_/13474545/MaltaToday_News_Leaderboard2_0', 'text': ''}, {'tag': 'iframe', 'src': None, 'aria_label': 'Advertisement', 'class': None, 'id': 'google_ads_iframe_/13474545/MaltaToday_News_Leaderboard2_2', 'text': ''}]",8,1,6,0.006528835690968444,4,0,1,0,0,2,189,2,1,33,2,0.5,0.1746,1.0,298,malta_today,news_listing
189,48,24,12,2,2,36,26,8737,1293,24,4,"[{'tag': 'iframe', 'src': None, 'aria_label': 'Advertisement', 'class': None, 'id': 'google_ads_iframe_/13474545/MaltaToday_News_Leaderboard_728x90_0', 'text': ''}, {'tag': 'iframe', 'src': None, 'aria_label': 'Advertisement', 'class': None, 'id': 'google_ads_iframe_/13474545/MaltaToday_News_RectBanner_300x250_0', 'text': ''}, {'tag': 'iframe', 'src': None, 'aria_label': 'Advertisement', 'class': None, 'id': 'google_ads_iframe_/13474545/MaltaToday_News_Leaderboard2_0', 'text': ''}, {'tag': 'iframe', 'src': None, 'aria_label': 'Advertisement', 'class': None, 'id': 'google_ads_iframe_/13474545/MaltaToday_News_Leaderboard2_2', 'text': ''}]",8,1,6,0.006528835690968444,4,0,1,0,0,2,189,2,1,33,2,0.5,0.1746,1.0,299,malta_today,news_listing
189,48,24,12,2,2,36,26,8737,1293,24,4,"[{'tag': 'iframe', 'src': None, 'aria_label': 'Advertisement', 'class': None, 'id': 'google_ads_iframe_/13474545/MaltaToday_News_Leaderboard_728x90_0', 'text': ''}, {'tag': 'iframe', 'src': None, 'aria_label': 'Advertisement', 'class': None, 'id': 'google_ads_iframe_/13474545/MaltaToday_News_RectBanner_300x250_0', 'text': ''}, {'tag': 'iframe', 'src': None, 'aria_label': 'Advertisement', 'class': None, 'id': 'google_ads_iframe_/13474545/MaltaToday_News_Leaderboard2_0', 'text': ''}, {'tag': 'iframe', 'src': None, 'aria_label': 'Advertisement', 'class': None, 'id': 'google_ads_iframe_/13474545/MaltaToday_News_Leaderboard2_2', 'text': ''}]",8,1,6,0.006528835690968444,4,0,1,0,0,2,189,2,1,33,2,0.5,0.1746,1.0,300,malta_today,news_listing
189,48,24,12,2,2,36,26,8737,1293,24,4,"[{'tag': 'iframe', 'src': None, 'aria_label': 'Advertisement', 'class': None, 'id': 'google_ads_iframe_/13474545/MaltaToday_News_Leaderboard_728x90_0', 'text': ''}, {'tag': 'iframe', 'src': None, 'aria_label': 'Advertisement', 'class': None, 'id': 'google_ads_iframe_/13474545/MaltaToday_News_RectBanner_300x250_0', 'text': ''}, {'tag': 'iframe', 'src': None, 'aria_label': 'Advertisement', 'class': None, 'id': 'google_ads_iframe_/13474545/MaltaToday_News_Leaderboard2_0', 'text': ''}, {'tag': 'iframe', 'src': None, 'aria_label': 'Advertisement', 'class': None, 'id': 'google_ads_iframe_/13474545/MaltaToday_News_Leaderboard2_2', 'text': ''}]",8,1,6,0.006528835690968444,4,0,1,0,0,2,189,2,1,33,2,0.5,0.1746,1.0,301,malta_today,news_listing
189,48,24,12,2,2,36,26,8737,1293,24,4,"[{'tag': 'iframe', 'src': None, 'aria_label': 'Advertisement', 'class': None, 'id': 'google_ads_iframe_/13474545/MaltaToday_News_Leaderboard_728x90_0', 'text': ''}, {'tag': 'iframe', 'src': None, 'aria_label': 'Advertisement', 'class': None, 'id': 'google_ads_iframe_/13474545/MaltaToday_News_RectBanner_300x250_0', 'text': ''}, {'tag': 'iframe', 'src': None, 'aria_label': 'Advertisement', 'class': None, 'id': 'google_ads_iframe_/13474545/MaltaToday_News_Leaderboard2_0', 'text': ''}, {'tag': 'iframe', 'src': None, 'aria_label': 'Advertisement', 'class': None, 'id': 'google_ads_iframe_/13474545/MaltaToday_News_Leaderboard2_2', 'text': ''}]",8,1,6,0.006528835690968444,4,0,1,0,0,2,189,2,1,33,2,0.5,0.1746,1.0,302,malta_today,news_listing
151,31,41,15,3,2,9,2,4632,701,24,3,"[{'tag': 'iframe', 'src': None, 'aria_label': 'Advertisement', 'class': None, 'id': 'google_ads_iframe_/13474545/MaltaToday_news_Leaderboard_728x90_0', 'text': ''}, {'tag': 'iframe', 'src': None, 'aria_label': 'Advertisement', 'class': None, 'id': 'google_ads_iframe_/13474545/MaltaToday_news_Inline_300x250_0', 'text': ''}, {'tag': 'iframe', 'src': None, 'aria_label': 'Advertisement', 'class': None, 'id': 'google_ads_iframe_/13474545/video_advert_preroll_0', 'text': ''}]",12,1,8,0.01032258064516129,4,0,3,0,0,3,151,4,2,32,4,0.6667,0.2119,1.0,303,malta_today,article_pages
151,31,41,15,3,2,9,2,4632,701,24,3,"[{'tag': 'iframe', 'src': None, 'aria_label': 'Advertisement', 'class': None, 'id': 'google_ads_iframe_/13474545/MaltaToday_news_Leaderboard_728x90_0', 'text': ''}, {'tag': 'iframe', 'src': None, 'aria_label': 'Advertisement', 'class': None, 'id': 'google_ads_iframe_/13474545/MaltaToday_news_Inline_300x250_0', 'text': ''}, {'tag': 'iframe', 'src': None, 'aria_label': 'Advertisement', 'class': None, 'id': 'google_ads_iframe_/13474545/video_advert_preroll_0', 'text': ''}]",12,1,8,0.01032258064516129,4,0,3,0,0,3,151,4,2,32,4,0.6667,0.2119,1.0,304,malta_today,article_pages
151,31,41,15,3,2,9,2,4632,701,24,3,"[{'tag': 'iframe', 'src': None, 'aria_label': 'Advertisement', 'class': None, 'id': 'google_ads_iframe_/13474545/MaltaToday_news_Leaderboard_728x90_0', 'text': ''}, {'tag': 'iframe', 'src': None, 'aria_label': 'Advertisement', 'class': None, 'id': 'google_ads_iframe_/13474545/MaltaToday_news_Inline_300x250_0', 'text': ''}, {'tag': 'iframe', 'src': None, 'aria_label': 'Advertisement', 'class': None, 'id': 'google_ads_iframe_/13474545/video_advert_preroll_0', 'text': ''}]",12,1,8,0.01032258064516129,4,0,3,0,0,3,151,4,2,32,4,0.6667,0.2119,1.0,305,malta_today,article_pages
151,31,41,15,3,2,9,2,4632,701,24,3,"[{'tag': 'iframe', 'src': None, 'aria_label': 'Advertisement', 'class': None, 'id': 'google_ads_iframe_/13474545/MaltaToday_news_Leaderboard_728x90_0', 'text': ''}, {'tag': 'iframe', 'src': None, 'aria_label': 'Advertisement', 'class': None, 'id': 'google_ads_iframe_/13474545/MaltaToday_news_Inline_300x250_0', 'text': ''}, {'tag': 'iframe', 'src': None, 'aria_label': 'Advertisement', 'class': None, 'id': 'google_ads_iframe_/13474545/video_advert_preroll_0', 'text': ''}]",12,1,8,0.01032258064516129,4,0,3,0,0,3,151,4,2,32,4,0.6667,0.2119,1.0,306,malta_today,article_pages
151,31,41,15,3,2,9,2,4632,701,24,3,"[{'tag': 'iframe', 'src': None, 'aria_label': 'Advertisement', 'class': None, 'id': 'google_ads_iframe_/13474545/MaltaToday_news_Leaderboard_728x90_0', 'text': ''}, {'tag': 'iframe', 'src': None, 'aria_label': 'Advertisement', 'class': None, 'id': 'google_ads_iframe_/13474545/MaltaToday_news_Inline_300x250_0', 'text': ''}, {'tag': 'iframe', 'src': None, 'aria_label': 'Advertisement', 'class': None, 'id': 'google_ads_iframe_/13474545/video_advert_preroll_0', 'text': ''}]",12,1,8,0.01032258064516129,4,0,3,0,0,3,151,4,2,32,4,0.6667,0.2119,1.0,307,malta_today,article_pages
151,31,41,15,3,2,9,2,4632,701,24,3,"[{'tag': 'iframe', 'src': None, 'aria_label': 'Advertisement', 'class': None, 'id': 'google_ads_iframe_/13474545/MaltaToday_news_Leaderboard_728x90_0', 'text': ''}, {'tag': 'iframe', 'src': None, 'aria_label': 'Advertisement', 'class': None, 'id': 'google_ads_iframe_/13474545/MaltaToday_news_Inline_300x250_0', 'text': ''}, {'tag': 'iframe', 'src': None, 'aria_label': 'Advertisement', 'class': None, 'id': 'google_ads_iframe_/13474545/video_advert_preroll_0', 'text': ''}]",12,1,8,0.01032258064516129,4,0,3,0,0,3,151,4,2,32,4,0.6667,0.2119,1.0,308,malta_today,article_pages
151,31,41,15,3,2,9,2,4632,701,24,3,"[{'tag': 'iframe', 'src': None, 'aria_label': 'Advertisement', 'class': None, 'id': 'google_ads_iframe_/13474545/MaltaToday_news_Leaderboard_728x90_0', 'text': ''}, {'tag': 'iframe', 'src': None, 'aria_label': 'Advertisement', 'class': None, 'id': 'google_ads_iframe_/13474545/MaltaToday_news_Inline_300x250_0', 'text': ''}, {'tag': 'iframe', 'src': None, 'aria_label': 'Advertisement', 'class': None, 'id': 'google_ads_iframe_/13474545/video_advert_preroll_0', 'text': ''}]",12,1,8,0.01032258064516129,4,0,3,0,0,3,151,4,2,32,4,0.6667,0.2119,1.0,309,malta_today,article_pages
151,31,41,15,3,2,9,2,4632,701,24,3,"[{'tag': 'iframe', 'src': None, 'aria_label': 'Advertisement', 'class': None, 'id': 'google_ads_iframe_/13474545/MaltaToday_news_Leaderboard_728x90_0', 'text': ''}, {'tag': 'iframe', 'src': None, 'aria_label': 'Advertisement', 'class': None, 'id': 'google_ads_iframe_/13474545/MaltaToday_news_Inline_300x250_0', 'text': ''}, {'tag': 'iframe', 'src': None, 'aria_label': 'Advertisement', 'class': None, 'id': 'google_ads_iframe_/13474545/video_advert_preroll_0', 'text': ''}]",12,1,8,0.01032258064516129,4,0,3,0,0,3,151,4,2,32,4,0.6667,0.2119,1.0,310,malta_today,article_pages
151,31,41,15,3,2,9,2,4632,701,24,3,"[{'tag': 'iframe', 'src': None, 'aria_label': 'Advertisement', 'class': None, 'id': 'google_ads_iframe_/13474545/MaltaToday_news_Leaderboard_728x90_0', 'text': ''}, {'tag': 'iframe', 'src': None, 'aria_label': 'Advertisement', 'class': None, 'id': 'google_ads_iframe_/13474545/MaltaToday_news_Inline_300x250_0', 'text': ''}, {'tag': 'iframe', 'src': None, 'aria_label': 'Advertisement', 'class': None, 'id': 'google_ads_iframe_/13474545/video_advert_preroll_0', 'text': ''}]",12,1,8,0.01032258064516129,4,0,3,0,0,3,151,4,2,32,4,0.6667,0.2119,1.0,311,malta_today,article_pages
151,31,40,14,3,2,10,2,5259,775,24,3,"[{'tag': 'iframe', 'src': None, 'aria_label': 'Advertisement', 'class': None, 'id': 'google_ads_iframe_/13474545/MaltaToday_news_Leaderboard_728x90_0', 'text': ''}, {'tag': 'iframe', 'src': None, 'aria_label': 'Advertisement', 'class': None, 'id': 'google_ads_iframe_/13474545/ELECTION_2026_INLINE_BANNER_0', 'text': ''}, {'tag': 'iframe', 'src': None, 'aria_label': 'Advertisement', 'class': None, 'id': 'google_ads_iframe_/13474545/video_advert_preroll_0', 'text': ''}]",11,1,8,0.01038961038961039,4,0,3,0,0,3,151,4,2,32,4,0.6667,0.2119,1.0,312,malta_today,article_pages
151,31,40,14,3,2,10,2,5259,775,24,3,"[{'tag': 'iframe', 'src': None, 'aria_label': 'Advertisement', 'class': None, 'id': 'google_ads_iframe_/13474545/MaltaToday_news_Leaderboard_728x90_0', 'text': ''}, {'tag': 'iframe', 'src': None, 'aria_label': 'Advertisement', 'class': None, 'id': 'google_ads_iframe_/13474545/ELECTION_2026_INLINE_BANNER_0', 'text': ''}, {'tag': 'iframe', 'src': None, 'aria_label': 'Advertisement', 'class': None, 'id': 'google_ads_iframe_/13474545/video_advert_preroll_0', 'text': ''}]",11,1,8,0.01038961038961039,4,0,3,0,0,3,151,4,2,32,4,0.6667,0.2119,1.0,313,malta_today,article_pages
151,31,40,14,3,2,10,2,5259,775,24,3,"[{'tag': 'iframe', 'src': None, 'aria_label': 'Advertisement', 'class': None, 'id': 'google_ads_iframe_/13474545/MaltaToday_news_Leaderboard_728x90_0', 'text': ''}, {'tag': 'iframe', 'src': None, 'aria_label': 'Advertisement', 'class': None, 'id': 'google_ads_iframe_/13474545/ELECTION_2026_INLINE_BANNER_0', 'text': ''}, {'tag': 'iframe', 'src': None, 'aria_label': 'Advertisement', 'class': None, 'id': 'google_ads_iframe_/13474545/video_advert_preroll_0', 'text': ''}]",11,1,8,0.01038961038961039,4,0,3,0,0,3,151,4,2,32,4,0.6667,0.2119,1.0,314,malta_today,article_pages
151,31,40,14,3,2,10,2,5259,775,24,3,"[{'tag': 'iframe', 'src': None, 'aria_label': 'Advertisement', 'class': None, 'id': 'google_ads_iframe_/13474545/MaltaToday_news_Leaderboard_728x90_0', 'text': ''}, {'tag': 'iframe', 'src': None, 'aria_label': 'Advertisement', 'class': None, 'id': 'google_ads_iframe_/13474545/ELECTION_2026_INLINE_BANNER_0', 'text': ''}, {'tag': 'iframe', 'src': None, 'aria_label': 'Advertisement', 'class': None, 'id': 'google_ads_iframe_/13474545/video_advert_preroll_0', 'text': ''}]",11,1,8,0.01038961038961039,4,0,3,0,0,3,151,4,2,32,4,0.6667,0.2119,1.0,315,malta_today,article_pages
151,31,40,14,3,2,10,2,5259,775,24,3,"[{'tag': 'iframe', 'src': None, 'aria_label': 'Advertisement', 'class': None, 'id': 'google_ads_iframe_/13474545/MaltaToday_news_Leaderboard_728x90_0', 'text': ''}, {'tag': 'iframe', 'src': None, 'aria_label': 'Advertisement', 'class': None, 'id': 'google_ads_iframe_/13474545/ELECTION_2026_INLINE_BANNER_0', 'text': ''}, {'tag': 'iframe', 'src': None, 'aria_label': 'Advertisement', 'class': None, 'id': 'google_ads_iframe_/13474545/video_advert_preroll_0', 'text': ''}]",11,1,8,0.01038961038961039,4,0,3,0,0,3,151,4,2,32,4,0.6667,0.2119,1.0,316,malta_today,article_pages
151,31,40,14,3,2,10,2,5259,775,24,3,"[{'tag': 'iframe', 'src': None, 'aria_label': 'Advertisement', 'class': None, 'id': 'google_ads_iframe_/13474545/MaltaToday_news_Leaderboard_728x90_0', 'text': ''}, {'tag': 'iframe', 'src': None, 'aria_label': 'Advertisement', 'class': None, 'id': 'google_ads_iframe_/13474545/ELECTION_2026_INLINE_BANNER_0', 'text': ''}, {'tag': 'iframe', 'src': None, 'aria_label': 'Advertisement', 'class': None, 'id': 'google_ads_iframe_/13474545/video_advert_preroll_0', 'text': ''}]",11,1,8,0.01038961038961039,4,0,3,0,0,3,151,4,2,32,4,0.6667,0.2119,1.0,317,malta_today,article_pages
151,31,40,14,3,2,10,2,5259,775,24,3,"[{'tag': 'iframe', 'src': None, 'aria_label': 'Advertisement', 'class': None, 'id': 'google_ads_iframe_/13474545/MaltaToday_news_Leaderboard_728x90_0', 'text': ''}, {'tag': 'iframe', 'src': None, 'aria_label': 'Advertisement', 'class': None, 'id': 'google_ads_iframe_/13474545/ELECTION_2026_INLINE_BANNER_0', 'text': ''}, {'tag': 'iframe', 'src': None, 'aria_label': 'Advertisement', 'class': None, 'id': 'google_ads_iframe_/13474545/video_advert_preroll_0', 'text': ''}]",11,1,8,0.01038961038961039,4,0,3,0,0,3,151,4,2,32,4,0.6667,0.2119,1.0,318,malta_today,article_pages
151,31,40,14,3,2,10,2,5259,775,24,3,"[{'tag': 'iframe', 'src': None, 'aria_label': 'Advertisement', 'class': None, 'id': 'google_ads_iframe_/13474545/MaltaToday_news_Leaderboard_728x90_0', 'text': ''}, {'tag': 'iframe', 'src': None, 'aria_label': 'Advertisement', 'class': None, 'id': 'google_ads_iframe_/13474545/ELECTION_2026_INLINE_BANNER_0', 'text': ''}, {'tag': 'iframe', 'src': None, 'aria_label': 'Advertisement', 'class': None, 'id': 'google_ads_iframe_/13474545/video_advert_preroll_0', 'text': ''}]",11,1,8,0.01038961038961039,4,0,3,0,0,3,151,4,2,32,4,0.6667,0.2119,1.0,319,malta_today,article_pages
153,48,28,12,6,2,11,2,5901,918,24,3,"[{'tag': 'iframe', 'src': None, 'aria_label': 'Advertisement', 'class': None, 'id': 'google_ads_iframe_/13474545/MaltaToday_news_Leaderboard_728x90_0', 'text': ''}, {'tag': 'iframe', 'src': None, 'aria_label': 'Advertisement', 'class': None, 'id': 'google_ads_iframe_/13474545/ELECTION_2026_INLINE_BANNER_0', 'text': ''}, {'tag': 'iframe', 'src': None, 'aria_label': 'Advertisement', 'class': None, 'id': 'google_ads_iframe_/13474545/video_advert_preroll_0', 'text': ''}]",9,1,26,0.030624263839811542,8,0,17,0,0,6,153,2,1,31,2,0.1667,0.2026,1.0,320,malta_today,article_pages
153,48,28,12,6,2,11,2,5901,918,24,3,"[{'tag': 'iframe', 'src': None, 'aria_label': 'Advertisement', 'class': None, 'id': 'google_ads_iframe_/13474545/MaltaToday_news_Leaderboard_728x90_0', 'text': ''}, {'tag': 'iframe', 'src': None, 'aria_label': 'Advertisement', 'class': None, 'id': 'google_ads_iframe_/13474545/ELECTION_2026_INLINE_BANNER_0', 'text': ''}, {'tag': 'iframe', 'src': None, 'aria_label': 'Advertisement', 'class': None, 'id': 'google_ads_iframe_/13474545/video_advert_preroll_0', 'text': ''}]",9,1,26,0.030624263839811542,8,0,17,0,0,6,153,2,1,31,2,0.1667,0.2026,1.0,321,malta_today,article_pages
153,48,28,12,6,2,11,2,5901,918,24,3,"[{'tag': 'iframe', 'src': None, 'aria_label': 'Advertisement', 'class': None, 'id': 'google_ads_iframe_/13474545/MaltaToday_news_Leaderboard_728x90_0', 'text': ''}, {'tag': 'iframe', 'src': None, 'aria_label': 'Advertisement', 'class': None, 'id': 'google_ads_iframe_/13474545/ELECTION_2026_INLINE_BANNER_0', 'text': ''}, {'tag': 'iframe', 'src': None, 'aria_label': 'Advertisement', 'class': None, 'id': 'google_ads_iframe_/13474545/video_advert_preroll_0', 'text': ''}]",9,1,26,0.030624263839811542,8,0,17,0,0,6,153,2,1,31,2,0.1667,0.2026,1.0,322,malta_today,article_pages
153,48,28,12,6,2,11,2,5901,918,24,3,"[{'tag': 'iframe', 'src': None, 'aria_label': 'Advertisement', 'class': None, 'id': 'google_ads_iframe_/13474545/MaltaToday_news_Leaderboard_728x90_0', 'text': ''}, {'tag': 'iframe', 'src': None, 'aria_label': 'Advertisement', 'class': None, 'id': 'google_ads_iframe_/13474545/ELECTION_2026_INLINE_BANNER_0', 'text': ''}, {'tag': 'iframe', 'src': None, 'aria_label': 'Advertisement', 'class': None, 'id': 'google_ads_iframe_/13474545/video_advert_preroll_0', 'text': ''}]",9,1,26,0.030624263839811542,8,0,17,0,0,6,153,2,1,31,2,0.1667,0.2026,1.0,323,malta_today,article_pages
153,48,28,12,6,2,11,2,5901,918,24,3,"[{'tag': 'iframe', 'src': None, 'aria_label': 'Advertisement', 'class': None, 'id': 'google_ads_iframe_/13474545/MaltaToday_news_Leaderboard_728x90_0', 'text': ''}, {'tag': 'iframe', 'src': None, 'aria_label': 'Advertisement', 'class': None, 'id': 'google_ads_iframe_/13474545/ELECTION_2026_INLINE_BANNER_0', 'text': ''}, {'tag': 'iframe', 'src': None, 'aria_label': 'Advertisement', 'class': None, 'id': 'google_ads_iframe_/13474545/video_advert_preroll_0', 'text': ''}]",9,1,26,0.030624263839811542,8,0,17,0,0,6,153,2,1,31,2,0.1667,0.2026,1.0,324,malta_today,article_pages
153,48,28,12,6,2,11,2,5901,918,24,3,"[{'tag': 'iframe', 'src': None, 'aria_label': 'Advertisement', 'class': None, 'id': 'google_ads_iframe_/13474545/MaltaToday_news_Leaderboard_728x90_0', 'text': ''}, {'tag': 'iframe', 'src': None, 'aria_label': 'Advertisement', 'class': None, 'id': 'google_ads_iframe_/13474545/ELECTION_2026_INLINE_BANNER_0', 'text': ''}, {'tag': 'iframe', 'src': None, 'aria_label': 'Advertisement', 'class': None, 'id': 'google_ads_iframe_/13474545/video_advert_preroll_0', 'text': ''}]",9,1,26,0.030624263839811542,8,0,17,0,0,6,153,2,1,31,2,0.1667,0.2026,1.0,325,malta_today,article_pages
153,48,28,12,6,2,11,2,5901,918,24,3,"[{'tag': 'iframe', 'src': None, 'aria_label': 'Advertisement', 'class': None, 'id': 'google_ads_iframe_/13474545/MaltaToday_news_Leaderboard_728x90_0', 'text': ''}, {'tag': 'iframe', 'src': None, 'aria_label': 'Advertisement', 'class': None, 'id': 'google_ads_iframe_/13474545/ELECTION_2026_INLINE_BANNER_0', 'text': ''}, {'tag': 'iframe', 'src': None, 'aria_label': 'Advertisement', 'class': None, 'id': 'google_ads_iframe_/13474545/video_advert_preroll_0', 'text': ''}]",9,1,26,0.030624263839811542,8,0,17,0,0,6,153,2,1,31,2,0.1667,0.2026,1.0,326,malta_today,article_pages
153,48,28,12,6,2,11,2,5901,918,24,3,"[{'tag': 'iframe', 'src': None, 'aria_label': 'Advertisement', 'class': None, 'id': 'google_ads_iframe_/13474545/MaltaToday_news_Leaderboard_728x90_0', 'text': ''}, {'tag': 'iframe', 'src': None, 'aria_label': 'Advertisement', 'class': None, 'id': 'google_ads_iframe_/13474545/ELECTION_2026_INLINE_BANNER_0', 'text': ''}, {'tag': 'iframe', 'src': None, 'aria_label': 'Advertisement', 'class': None, 'id': 'google_ads_iframe_/13474545/video_advert_preroll_0', 'text': ''}]",9,1,26,0.030624263839811542,8,0,17,0,0,6,153,2,1,31,2,0.1667,0.2026,1.0,327,malta_today,article_pages
153,48,28,12,6,2,11,2,5901,918,24,3,"[{'tag': 'iframe', 'src': None, 'aria_label': 'Advertisement', 'class': None, 'id': 'google_ads_iframe_/13474545/MaltaToday_news_Leaderboard_728x90_0', 'text': ''}, {'tag': 'iframe', 'src': None, 'aria_label': 'Advertisement', 'class': None, 'id': 'google_ads_iframe_/13474545/ELECTION_2026_INLINE_BANNER_0', 'text': ''}, {'tag': 'iframe', 'src': None, 'aria_label': 'Advertisement', 'class': None, 'id': 'google_ads_iframe_/13474545/video_advert_preroll_0', 'text': ''}]",9,1,26,0.030624263839811542,8,0,17,0,0,6,153,2,1,31,2,0.1667,0.2026,1.0,328,malta_today,article_pages
153,48,28,12,6,2,11,2,5901,918,24,3,"[{'tag': 'iframe', 'src': None, 'aria_label': 'Advertisement', 'class': None, 'id': 'google_ads_iframe_/13474545/MaltaToday_news_Leaderboard_728x90_0', 'text': ''}, {'tag': 'iframe', 'src': None, 'aria_label': 'Advertisement', 'class': None, 'id': 'google_ads_iframe_/13474545/ELECTION_2026_INLINE_BANNER_0', 'text': ''}, {'tag': 'iframe', 'src': None, 'aria_label': 'Advertisement', 'class': None, 'id': 'google_ads_iframe_/13474545/video_advert_preroll_0', 'text': ''}]",9,1,26,0.030624263839811542,8,0,17,0,0,6,153,2,1,31,2,0.1667,0.2026,1.0,329,malta_today,article_pages
153,48,28,12,6,2,11,2,5901,918,24,3,"[{'tag': 'iframe', 'src': None, 'aria_label': 'Advertisement', 'class': None, 'id': 'google_ads_iframe_/13474545/MaltaToday_news_Leaderboard_728x90_0', 'text': ''}, {'tag': 'iframe', 'src': None, 'aria_label': 'Advertisement', 'class': None, 'id': 'google_ads_iframe_/13474545/ELECTION_2026_INLINE_BANNER_0', 'text': ''}, {'tag': 'iframe', 'src': None, 'aria_label': 'Advertisement', 'class': None, 'id': 'google_ads_iframe_/13474545/video_advert_preroll_0', 'text': ''}]",9,1,26,0.030624263839811542,8,0,17,0,0,6,153,2,1,31,2,0.1667,0.2026,1.0,330,malta_today,article_pages
148,30,39,15,3,2,43,2,12734,1840,24,4,"[{'tag': 'iframe', 'src': None, 'aria_label': 'Advertisement', 'class': None, 'id': 'google_ads_iframe_/13474545/MaltaToday_business_Leaderboard_728x90_0', 'text': ''}, {'tag': 'iframe', 'src': None, 'aria_label': 'Advertisement', 'class': None, 'id': 'google_ads_iframe_/13474545/MaltaToday_business_Inline_300x250_0', 'text': ''}, {'tag': 'iframe', 'src': None, 'aria_label': 'Advertisement', 'class': None, 'id': 'google_ads_iframe_/13474545/MaltaToday_business_ArticleLeaderboard_0', 'text': ''}, {'tag': 'iframe', 'src': None, 'aria_label': 'Advertisement', 'class': None, 'id': 'google_ads_iframe_/13474545/video_advert_preroll_0', 'text': ''}]",11,1,9,0.011278195488721804,5,0,3,0,0,3,148,4,2,32,4,0.6667,0.2162,1.0,331,malta_today,article_pages
148,30,39,15,3,2,43,2,12734,1840,24,4,"[{'tag': 'iframe', 'src': None, 'aria_label': 'Advertisement', 'class': None, 'id': 'google_ads_iframe_/13474545/MaltaToday_business_Leaderboard_728x90_0', 'text': ''}, {'tag': 'iframe', 'src': None, 'aria_label': 'Advertisement', 'class': None, 'id': 'google_ads_iframe_/13474545/MaltaToday_business_Inline_300x250_0', 'text': ''}, {'tag': 'iframe', 'src': None, 'aria_label': 'Advertisement', 'class': None, 'id': 'google_ads_iframe_/13474545/MaltaToday_business_ArticleLeaderboard_0', 'text': ''}, {'tag': 'iframe', 'src': None, 'aria_label': 'Advertisement', 'class': None, 'id': 'google_ads_iframe_/13474545/video_advert_preroll_0', 'text': ''}]",11,1,9,0.011278195488721804,5,0,3,0,0,3,148,4,2,32,4,0.6667,0.2162,1.0,332,malta_today,article_pages
148,30,39,15,3,2,43,2,12734,1840,24,4,"[{'tag': 'iframe', 'src': None, 'aria_label': 'Advertisement', 'class': None, 'id': 'google_ads_iframe_/13474545/MaltaToday_business_Leaderboard_728x90_0', 'text': ''}, {'tag': 'iframe', 'src': None, 'aria_label': 'Advertisement', 'class': None, 'id': 'google_ads_iframe_/13474545/MaltaToday_business_Inline_300x250_0', 'text': ''}, {'tag': 'iframe', 'src': None, 'aria_label': 'Advertisement', 'class': None, 'id': 'google_ads_iframe_/13474545/MaltaToday_business_ArticleLeaderboard_0', 'text': ''}, {'tag': 'iframe', 'src': None, 'aria_label': 'Advertisement', 'class': None, 'id': 'google_ads_iframe_/13474545/video_advert_preroll_0', 'text': ''}]",11,1,9,0.011278195488721804,5,0,3,0,0,3,148,4,2,32,4,0.6667,0.2162,1.0,333,malta_today,article_pages
148,30,39,15,3,2,43,2,12734,1840,24,4,"[{'tag': 'iframe', 'src': None, 'aria_label': 'Advertisement', 'class': None, 'id': 'google_ads_iframe_/13474545/MaltaToday_business_Leaderboard_728x90_0', 'text': ''}, {'tag': 'iframe', 'src': None, 'aria_label': 'Advertisement', 'class': None, 'id': 'google_ads_iframe_/13474545/MaltaToday_business_Inline_300x250_0', 'text': ''}, {'tag': 'iframe', 'src': None, 'aria_label': 'Advertisement', 'class': None, 'id': 'google_ads_iframe_/13474545/MaltaToday_business_ArticleLeaderboard_0', 'text': ''}, {'tag': 'iframe', 'src': None, 'aria_label': 'Advertisement', 'class': None, 'id': 'google_ads_iframe_/13474545/video_advert_preroll_0', 'text': ''}]",11,1,9,0.011278195488721804,5,0,3,0,0,3,148,4,2,32,4,0.6667,0.2162,1.0,334,malta_today,article_pages
148,30,39,15,3,2,43,2,12734,1840,24,4,"[{'tag': 'iframe', 'src': None, 'aria_label': 'Advertisement', 'class': None, 'id': 'google_ads_iframe_/13474545/MaltaToday_business_Leaderboard_728x90_0', 'text': ''}, {'tag': 'iframe', 'src': None, 'aria_label': 'Advertisement', 'class': None, 'id': 'google_ads_iframe_/13474545/MaltaToday_business_Inline_300x250_0', 'text': ''}, {'tag': 'iframe', 'src': None, 'aria_label': 'Advertisement', 'class': None, 'id': 'google_ads_iframe_/13474545/MaltaToday_business_ArticleLeaderboard_0', 'text': ''}, {'tag': 'iframe', 'src': None, 'aria_label': 'Advertisement', 'class': None, 'id': 'google_ads_iframe_/13474545/video_advert_preroll_0', 'text': ''}]",11,1,9,0.011278195488721804,5,0,3,0,0,3,148,4,2,32,4,0.6667,0.2162,1.0,335,malta_today,article_pages
148,30,39,15,3,2,43,2,12734,1840,24,4,"[{'tag': 'iframe', 'src': None, 'aria_label': 'Advertisement', 'class': None, 'id': 'google_ads_iframe_/13474545/MaltaToday_business_Leaderboard_728x90_0', 'text': ''}, {'tag': 'iframe', 'src': None, 'aria_label': 'Advertisement', 'class': None, 'id': 'google_ads_iframe_/13474545/MaltaToday_business_Inline_300x250_0', 'text': ''}, {'tag': 'iframe', 'src': None, 'aria_label': 'Advertisement', 'class': None, 'id': 'google_ads_iframe_/13474545/MaltaToday_business_ArticleLeaderboard_0', 'text': ''}, {'tag': 'iframe', 'src': None, 'aria_label': 'Advertisement', 'class': None, 'id': 'google_ads_iframe_/13474545/video_advert_preroll_0', 'text': ''}]",11,1,9,0.011278195488721804,5,0,3,0,0,3,148,4,2,32,4,0.6667,0.2162,1.0,336,malta_today,article_pages
148,30,39,15,3,2,43,2,12734,1840,24,4,"[{'tag': 'iframe', 'src': None, 'aria_label': 'Advertisement', 'class': None, 'id': 'google_ads_iframe_/13474545/MaltaToday_business_Leaderboard_728x90_0', 'text': ''}, {'tag': 'iframe', 'src': None, 'aria_label': 'Advertisement', 'class': None, 'id': 'google_ads_iframe_/13474545/MaltaToday_business_Inline_300x250_0', 'text': ''}, {'tag': 'iframe', 'src': None, 'aria_label': 'Advertisement', 'class': None, 'id': 'google_ads_iframe_/13474545/MaltaToday_business_ArticleLeaderboard_0', 'text': ''}, {'tag': 'iframe', 'src': None, 'aria_label': 'Advertisement', 'class': None, 'id': 'google_ads_iframe_/13474545/video_advert_preroll_0', 'text': ''}]",11,1,9,0.011278195488721804,5,0,3,0,0,3,148,4,2,32,4,0.6667,0.2162,1.0,337,malta_today,article_pages
148,30,39,15,3,2,43,2,12734,1840,24,4,"[{'tag': 'iframe', 'src': None, 'aria_label': 'Advertisement', 'class': None, 'id': 'google_ads_iframe_/13474545/MaltaToday_business_Leaderboard_728x90_0', 'text': ''}, {'tag': 'iframe', 'src': None, 'aria_label': 'Advertisement', 'class': None, 'id': 'google_ads_iframe_/13474545/MaltaToday_business_Inline_300x250_0', 'text': ''}, {'tag': 'iframe', 'src': None, 'aria_label': 'Advertisement', 'class': None, 'id': 'google_ads_iframe_/13474545/MaltaToday_business_ArticleLeaderboard_0', 'text': ''}, {'tag': 'iframe', 'src': None, 'aria_label': 'Advertisement', 'class': None, 'id': 'google_ads_iframe_/13474545/video_advert_preroll_0', 'text': ''}]",11,1,9,0.011278195488721804,5,0,3,0,0,3,148,4,2,32,4,0.6667,0.2162,1.0,338,malta_today,article_pages
148,30,39,15,3,2,43,2,12734,1840,24,4,"[{'tag': 'iframe', 'src': None, 'aria_label': 'Advertisement', 'class': None, 'id': 'google_ads_iframe_/13474545/MaltaToday_business_Leaderboard_728x90_0', 'text': ''}, {'tag': 'iframe', 'src': None, 'aria_label': 'Advertisement', 'class': None, 'id': 'google_ads_iframe_/13474545/MaltaToday_business_Inline_300x250_0', 'text': ''}, {'tag': 'iframe', 'src': None, 'aria_label': 'Advertisement', 'class': None, 'id': 'google_ads_iframe_/13474545/MaltaToday_business_ArticleLeaderboard_0', 'text': ''}, {'tag': 'iframe', 'src': None, 'aria_label': 'Advertisement', 'class': None, 'id': 'google_ads_iframe_/13474545/video_advert_preroll_0', 'text': ''}]",11,1,9,0.011278195488721804,5,0,3,0,0,3,148,4,2,32,4,0.6667,0.2162,1.0,339,malta_today,article_pages
148,30,39,15,3,2,43,2,12734,1840,24,4,"[{'tag': 'iframe', 'src': None, 'aria_label': 'Advertisement', 'class': None, 'id': 'google_ads_iframe_/13474545/MaltaToday_business_Leaderboard_728x90_0', 'text': ''}, {'tag': 'iframe', 'src': None, 'aria_label': 'Advertisement', 'class': None, 'id': 'google_ads_iframe_/13474545/MaltaToday_business_Inline_300x250_0', 'text': ''}, {'tag': 'iframe', 'src': None, 'aria_label': 'Advertisement', 'class': None, 'id': 'google_ads_iframe_/13474545/MaltaToday_business_ArticleLeaderboard_0', 'text': ''}, {'tag': 'iframe', 'src': None, 'aria_label': 'Advertisement', 'class': None, 'id': 'google_ads_iframe_/13474545/video_advert_preroll_0', 'text': ''}]",11,1,9,0.011278195488721804,5,0,3,0,0,3,148,4,2,32,4,0.6667,0.2162,1.0,340,malta_today,article_pages
148,30,39,15,3,2,43,2,12734,1840,24,4,"[{'tag': 'iframe', 'src': None, 'aria_label': 'Advertisement', 'class': None, 'id': 'google_ads_iframe_/13474545/MaltaToday_business_Leaderboard_728x90_0', 'text': ''}, {'tag': 'iframe', 'src': None, 'aria_label': 'Advertisement', 'class': None, 'id': 'google_ads_iframe_/13474545/MaltaToday_business_Inline_300x250_0', 'text': ''}, {'tag': 'iframe', 'src': None, 'aria_label': 'Advertisement', 'class': None, 'id': 'google_ads_iframe_/13474545/MaltaToday_business_ArticleLeaderboard_0', 'text': ''}, {'tag': 'iframe', 'src': None, 'aria_label': 'Advertisement', 'class': None, 'id': 'google_ads_iframe_/13474545/video_advert_preroll_0', 'text': ''}]",11,1,9,0.011278195488721804,5,0,3,0,0,3,148,4,2,32,4,0.6667,0.2162,1.0,341,malta_today,article_pages
148,30,39,15,3,2,43,2,12734,1840,24,4,"[{'tag': 'iframe', 'src': None, 'aria_label': 'Advertisement', 'class': None, 'id': 'google_ads_iframe_/13474545/MaltaToday_business_Leaderboard_728x90_0', 'text': ''}, {'tag': 'iframe', 'src': None, 'aria_label': 'Advertisement', 'class': None, 'id': 'google_ads_iframe_/13474545/MaltaToday_business_Inline_300x250_0', 'text': ''}, {'tag': 'iframe', 'src': None, 'aria_label': 'Advertisement', 'class': None, 'id': 'google_ads_iframe_/13474545/MaltaToday_business_ArticleLeaderboard_0', 'text': ''}, {'tag': 'iframe', 'src': None, 'aria_label': 'Advertisement', 'class': None, 'id': 'google_ads_iframe_/13474545/video_advert_preroll_0', 'text': ''}]",11,1,9,0.011278195488721804,5,0,3,0,0,3,148,4,2,32,4,0.6667,0.2162,1.0,342,malta_today,article_pages
148,30,39,15,3,2,43,2,12734,1840,24,4,"[{'tag': 'iframe', 'src': None, 'aria_label': 'Advertisement', 'class': None, 'id': 'google_ads_iframe_/13474545/MaltaToday_business_Leaderboard_728x90_0', 'text': ''}, {'tag': 'iframe', 'src': None, 'aria_label': 'Advertisement', 'class': None, 'id': 'google_ads_iframe_/13474545/MaltaToday_business_Inline_300x250_0', 'text': ''}, {'tag': 'iframe', 'src': None, 'aria_label': 'Advertisement', 'class': None, 'id': 'google_ads_iframe_/13474545/MaltaToday_business_ArticleLeaderboard_0', 'text': ''}, {'tag': 'iframe', 'src': None, 'aria_label': 'Advertisement', 'class': None, 'id': 'google_ads_iframe_/13474545/video_advert_preroll_0', 'text': ''}]",11,1,9,0.011278195488721804,5,0,3,0,0,3,148,4,2,32,4,0.6667,0.2162,1.0,343,malta_today,article_pages
148,30,39,15,3,2,43,2,12734,1840,24,4,"[{'tag': 'iframe', 'src': None, 'aria_label': 'Advertisement', 'class': None, 'id': 'google_ads_iframe_/13474545/MaltaToday_business_Leaderboard_728x90_0', 'text': ''}, {'tag': 'iframe', 'src': None, 'aria_label': 'Advertisement', 'class': None, 'id': 'google_ads_iframe_/13474545/MaltaToday_business_Inline_300x250_0', 'text': ''}, {'tag': 'iframe', 'src': None, 'aria_label': 'Advertisement', 'class': None, 'id': 'google_ads_iframe_/13474545/MaltaToday_business_ArticleLeaderboard_0', 'text': ''}, {'tag': 'iframe', 'src': None, 'aria_label': 'Advertisement', 'class': None, 'id': 'google_ads_iframe_/13474545/video_advert_preroll_0', 'text': ''}]",11,1,9,0.011278195488721804,5,0,3,0,0,3,148,4,2,32,4,0.6667,0.2162,1.0,344,malta_today,article_pages
148,30,39,15,3,2,43,2,12734,1840,24,4,"[{'tag': 'iframe', 'src': None, 'aria_label': 'Advertisement', 'class': None, 'id': 'google_ads_iframe_/13474545/MaltaToday_business_Leaderboard_728x90_0', 'text': ''}, {'tag': 'iframe', 'src': None, 'aria_label': 'Advertisement', 'class': None, 'id': 'google_ads_iframe_/13474545/MaltaToday_business_Inline_300x250_0', 'text': ''}, {'tag': 'iframe', 'src': None, 'aria_label': 'Advertisement', 'class': None, 'id': 'google_ads_iframe_/13474545/MaltaToday_business_ArticleLeaderboard_0', 'text': ''}, {'tag': 'iframe', 'src': None, 'aria_label': 'Advertisement', 'class': None, 'id': 'google_ads_iframe_/13474545/video_advert_preroll_0', 'text': ''}]",11,1,9,0.011278195488721804,5,0,3,0,0,3,148,4,2,32,4,0.6667,0.2162,1.0,345,malta_today,article_pages
148,30,39,15,3,2,43,2,12734,1840,24,4,"[{'tag': 'iframe', 'src': None, 'aria_label': 'Advertisement', 'class': None, 'id': 'google_ads_iframe_/13474545/MaltaToday_business_Leaderboard_728x90_0', 'text': ''}, {'tag': 'iframe', 'src': None, 'aria_label': 'Advertisement', 'class': None, 'id': 'google_ads_iframe_/13474545/MaltaToday_business_Inline_300x250_0', 'text': ''}, {'tag': 'iframe', 'src': None, 'aria_label': 'Advertisement', 'class': None, 'id': 'google_ads_iframe_/13474545/MaltaToday_business_ArticleLeaderboard_0', 'text': ''}, {'tag': 'iframe', 'src': None, 'aria_label': 'Advertisement', 'class': None, 'id': 'google_ads_iframe_/13474545/video_advert_preroll_0', 'text': ''}]",11,1,9,0.011278195488721804,5,0,3,0,0,3,148,4,2,32,4,0.6667,0.2162,1.0,346,malta_today,article_pages
148,30,39,15,3,2,43,2,12734,1840,24,4,"[{'tag': 'iframe', 'src': None, 'aria_label': 'Advertisement', 'class': None, 'id': 'google_ads_iframe_/13474545/MaltaToday_business_Leaderboard_728x90_0', 'text': ''}, {'tag': 'iframe', 'src': None, 'aria_label': 'Advertisement', 'class': None, 'id': 'google_ads_iframe_/13474545/MaltaToday_business_Inline_300x250_0', 'text': ''}, {'tag': 'iframe', 'src': None, 'aria_label': 'Advertisement', 'class': None, 'id': 'google_ads_iframe_/13474545/MaltaToday_business_ArticleLeaderboard_0', 'text': ''}, {'tag': 'iframe', 'src': None, 'aria_label': 'Advertisement', 'class': None, 'id': 'google_ads_iframe_/13474545/video_advert_preroll_0', 'text': ''}]",11,1,9,0.011278195488721804,5,0,3,0,0,3,148,4,2,32,4,0.6667,0.2162,1.0,347,malta_today,article_pages
146,30,38,15,3,2,16,2,7150,1088,24,4,"[{'tag': 'iframe', 'src': None, 'aria_label': 'Advertisement', 'class': None, 'id': 'google_ads_iframe_/13474545/MaltaToday_business_Leaderboard_728x90_0', 'text': ''}, {'tag': 'iframe', 'src': None, 'aria_label': 'Advertisement', 'class': None, 'id': 'google_ads_iframe_/13474545/MaltaToday_business_Inline_300x250_0', 'text': ''}, {'tag': 'iframe', 'src': None, 'aria_label': 'Advertisement', 'class': None, 'id': 'google_ads_iframe_/13474545/MaltaToday_business_ArticleLeaderboard_0', 'text': ''}, {'tag': 'iframe', 'src': None, 'aria_label': 'Advertisement', 'class': None, 'id': 'google_ads_iframe_/13474545/video_advert_preroll_0', 'text': ''}]",11,1,9,0.011873350923482849,5,0,3,0,0,3,146,4,2,32,4,0.6667,0.2192,1.0,348,malta_today,article_pages
146,30,38,15,3,2,16,2,7150,1088,24,4,"[{'tag': 'iframe', 'src': None, 'aria_label': 'Advertisement', 'class': None, 'id': 'google_ads_iframe_/13474545/MaltaToday_business_Leaderboard_728x90_0', 'text': ''}, {'tag': 'iframe', 'src': None, 'aria_label': 'Advertisement', 'class': None, 'id': 'google_ads_iframe_/13474545/MaltaToday_business_Inline_300x250_0', 'text': ''}, {'tag': 'iframe', 'src': None, 'aria_label': 'Advertisement', 'class': None, 'id': 'google_ads_iframe_/13474545/MaltaToday_business_ArticleLeaderboard_0', 'text': ''}, {'tag': 'iframe', 'src': None, 'aria_label': 'Advertisement', 'class': None, 'id': 'google_ads_iframe_/13474545/video_advert_preroll_0', 'text': ''}]",11,1,9,0.011873350923482849,5,0,3,0,0,3,146,4,2,32,4,0.6667,0.2192,1.0,349,malta_today,article_pages
146,30,38,15,3,2,16,2,7150,1088,24,4,"[{'tag': 'iframe', 'src': None, 'aria_label': 'Advertisement', 'class': None, 'id': 'google_ads_iframe_/13474545/MaltaToday_business_Leaderboard_728x90_0', 'text': ''}, {'tag': 'iframe', 'src': None, 'aria_label': 'Advertisement', 'class': None, 'id': 'google_ads_iframe_/13474545/MaltaToday_business_Inline_300x250_0', 'text': ''}, {'tag': 'iframe', 'src': None, 'aria_label': 'Advertisement', 'class': None, 'id': 'google_ads_iframe_/13474545/MaltaToday_business_ArticleLeaderboard_0', 'text': ''}, {'tag': 'iframe', 'src': None, 'aria_label': 'Advertisement', 'class': None, 'id': 'google_ads_iframe_/13474545/video_advert_preroll_0', 'text': ''}]",11,1,9,0.011873350923482849,5,0,3,0,0,3,146,4,2,32,4,0.6667,0.2192,1.0,350,malta_today,article_pages
146,30,38,15,3,2,16,2,7150,1088,24,4,"[{'tag': 'iframe', 'src': None, 'aria_label': 'Advertisement', 'class': None, 'id': 'google_ads_iframe_/13474545/MaltaToday_business_Leaderboard_728x90_0', 'text': ''}, {'tag': 'iframe', 'src': None, 'aria_label': 'Advertisement', 'class': None, 'id': 'google_ads_iframe_/13474545/MaltaToday_business_Inline_300x250_0', 'text': ''}, {'tag': 'iframe', 'src': None, 'aria_label': 'Advertisement', 'class': None, 'id': 'google_ads_iframe_/13474545/MaltaToday_business_ArticleLeaderboard_0', 'text': ''}, {'tag': 'iframe', 'src': None, 'aria_label': 'Advertisement', 'class': None, 'id': 'google_ads_iframe_/13474545/video_advert_preroll_0', 'text': ''}]",11,1,9,0.011873350923482849,5,0,3,0,0,3,146,4,2,32,4,0.6667,0.2192,1.0,351,malta_today,article_pages
146,30,38,15,3,2,16,2,7150,1088,24,4,"[{'tag': 'iframe', 'src': None, 'aria_label': 'Advertisement', 'class': None, 'id': 'google_ads_iframe_/13474545/MaltaToday_business_Leaderboard_728x90_0', 'text': ''}, {'tag': 'iframe', 'src': None, 'aria_label': 'Advertisement', 'class': None, 'id': 'google_ads_iframe_/13474545/MaltaToday_business_Inline_300x250_0', 'text': ''}, {'tag': 'iframe', 'src': None, 'aria_label': 'Advertisement', 'class': None, 'id': 'google_ads_iframe_/13474545/MaltaToday_business_ArticleLeaderboard_0', 'text': ''}, {'tag': 'iframe', 'src': None, 'aria_label': 'Advertisement', 'class': None, 'id': 'google_ads_iframe_/13474545/video_advert_preroll_0', 'text': ''}]",11,1,9,0.011873350923482849,5,0,3,0,0,3,146,4,2,32,4,0.6667,0.2192,1.0,352,malta_today,article_pages
146,30,38,15,3,2,16,2,7150,1088,24,4,"[{'tag': 'iframe', 'src': None, 'aria_label': 'Advertisement', 'class': None, 'id': 'google_ads_iframe_/13474545/MaltaToday_business_Leaderboard_728x90_0', 'text': ''}, {'tag': 'iframe', 'src': None, 'aria_label': 'Advertisement', 'class': None, 'id': 'google_ads_iframe_/13474545/MaltaToday_business_Inline_300x250_0', 'text': ''}, {'tag': 'iframe', 'src': None, 'aria_label': 'Advertisement', 'class': None, 'id': 'google_ads_iframe_/13474545/MaltaToday_business_ArticleLeaderboard_0', 'text': ''}, {'tag': 'iframe', 'src': None, 'aria_label': 'Advertisement', 'class': None, 'id': 'google_ads_iframe_/13474545/video_advert_preroll_0', 'text': ''}]",11,1,9,0.011873350923482849,5,0,3,0,0,3,146,4,2,32,4,0.6667,0.2192,1.0,353,malta_today,article_pages
146,30,38,15,3,2,16,2,7150,1088,24,4,"[{'tag': 'iframe', 'src': None, 'aria_label': 'Advertisement', 'class': None, 'id': 'google_ads_iframe_/13474545/MaltaToday_business_Leaderboard_728x90_0', 'text': ''}, {'tag': 'iframe', 'src': None, 'aria_label': 'Advertisement', 'class': None, 'id': 'google_ads_iframe_/13474545/MaltaToday_business_Inline_300x250_0', 'text': ''}, {'tag': 'iframe', 'src': None, 'aria_label': 'Advertisement', 'class': None, 'id': 'google_ads_iframe_/13474545/MaltaToday_business_ArticleLeaderboard_0', 'text': ''}, {'tag': 'iframe', 'src': None, 'aria_label': 'Advertisement', 'class': None, 'id': 'google_ads_iframe_/13474545/video_advert_preroll_0', 'text': ''}]",11,1,9,0.011873350923482849,5,0,3,0,0,3,146,4,2,32,4,0.6667,0.2192,1.0,354,malta_today,article_pages
146,30,38,15,3,2,16,2,7150,1088,24,4,"[{'tag': 'iframe', 'src': None, 'aria_label': 'Advertisement', 'class': None, 'id': 'google_ads_iframe_/13474545/MaltaToday_business_Leaderboard_728x90_0', 'text': ''}, {'tag': 'iframe', 'src': None, 'aria_label': 'Advertisement', 'class': None, 'id': 'google_ads_iframe_/13474545/MaltaToday_business_Inline_300x250_0', 'text': ''}, {'tag': 'iframe', 'src': None, 'aria_label': 'Advertisement', 'class': None, 'id': 'google_ads_iframe_/13474545/MaltaToday_business_ArticleLeaderboard_0', 'text': ''}, {'tag': 'iframe', 'src': None, 'aria_label': 'Advertisement', 'class': None, 'id': 'google_ads_iframe_/13474545/video_advert_preroll_0', 'text': ''}]",11,1,9,0.011873350923482849,5,0,3,0,0,3,146,4,2,32,4,0.6667,0.2192,1.0,355,malta_today,article_pages
146,30,38,15,3,2,16,2,7150,1088,24,4,"[{'tag': 'iframe', 'src': None, 'aria_label': 'Advertisement', 'class': None, 'id': 'google_ads_iframe_/13474545/MaltaToday_business_Leaderboard_728x90_0', 'text': ''}, {'tag': 'iframe', 'src': None, 'aria_label': 'Advertisement', 'class': None, 'id': 'google_ads_iframe_/13474545/MaltaToday_business_Inline_300x250_0', 'text': ''}, {'tag': 'iframe', 'src': None, 'aria_label': 'Advertisement', 'class': None, 'id': 'google_ads_iframe_/13474545/MaltaToday_business_ArticleLeaderboard_0', 'text': ''}, {'tag': 'iframe', 'src': None, 'aria_label': 'Advertisement', 'class': None, 'id': 'google_ads_iframe_/13474545/video_advert_preroll_0', 'text': ''}]",11,1,9,0.011873350923482849,5,0,3,0,0,3,146,4,2,32,4,0.6667,0.2192,1.0,356,malta_today,article_pages
146,30,38,15,3,2,16,2,7150,1088,24,4,"[{'tag': 'iframe', 'src': None, 'aria_label': 'Advertisement', 'class': None, 'id': 'google_ads_iframe_/13474545/MaltaToday_business_Leaderboard_728x90_0', 'text': ''}, {'tag': 'iframe', 'src': None, 'aria_label': 'Advertisement', 'class': None, 'id': 'google_ads_iframe_/13474545/MaltaToday_business_Inline_300x250_0', 'text': ''}, {'tag': 'iframe', 'src': None, 'aria_label': 'Advertisement', 'class': None, 'id': 'google_ads_iframe_/13474545/MaltaToday_business_ArticleLeaderboard_0', 'text': ''}, {'tag': 'iframe', 'src': None, 'aria_label': 'Advertisement', 'class': None, 'id': 'google_ads_iframe_/13474545/video_advert_preroll_0', 'text': ''}]",11,1,9,0.011873350923482849,5,0,3,0,0,3,146,4,2,32,4,0.6667,0.2192,1.0,357,malta_today,article_pages
146,30,38,15,3,2,16,2,7150,1088,24,4,"[{'tag': 'iframe', 'src': None, 'aria_label': 'Advertisement', 'class': None, 'id': 'google_ads_iframe_/13474545/MaltaToday_business_Leaderboard_728x90_0', 'text': ''}, {'tag': 'iframe', 'src': None, 'aria_label': 'Advertisement', 'class': None, 'id': 'google_ads_iframe_/13474545/MaltaToday_business_Inline_300x250_0', 'text': ''}, {'tag': 'iframe', 'src': None, 'aria_label': 'Advertisement', 'class': None, 'id': 'google_ads_iframe_/13474545/MaltaToday_business_ArticleLeaderboard_0', 'text': ''}, {'tag': 'iframe', 'src': None, 'aria_label': 'Advertisement', 'class': None, 'id': 'google_ads_iframe_/13474545/video_advert_preroll_0', 'text': ''}]",11,1,9,0.011873350923482849,5,0,3,0,0,3,146,4,2,32,4,0.6667,0.2192,1.0,358,malta_today,article_pages
146,30,38,15,3,2,16,2,7150,1088,24,4,"[{'tag': 'iframe', 'src': None, 'aria_label': 'Advertisement', 'class': None, 'id': 'google_ads_iframe_/13474545/MaltaToday_business_Leaderboard_728x90_0', 'text': ''}, {'tag': 'iframe', 'src': None, 'aria_label': 'Advertisement', 'class': None, 'id': 'google_ads_iframe_/13474545/MaltaToday_business_Inline_300x250_0', 'text': ''}, {'tag': 'iframe', 'src': None, 'aria_label': 'Advertisement', 'class': None, 'id': 'google_ads_iframe_/13474545/MaltaToday_business_ArticleLeaderboard_0', 'text': ''}, {'tag': 'iframe', 'src': None, 'aria_label': 'Advertisement', 'class': None, 'id': 'google_ads_iframe_/13474545/video_advert_preroll_0', 'text': ''}]",11,1,9,0.011873350923482849,5,0,3,0,0,3,146,4,2,32,4,0.6667,0.2192,1.0,359,malta_today,article_pages
392,49,58,0,15,2,22,80,22983,3227,21,8,"[{'tag': 'div', 'src': None, 'aria_label': None, 'class': ['ad', 'top_push_alt'], 'id': None, 'text': ''}, {'tag': 'div', 'src': None, 'aria_label': None, 'class': ['ad', 'top_push'], 'id': None, 'text': ''}, {'tag': 'div', 'src': None, 'aria_label': None, 'class': ['ad', 'home_top'], 'id': None, 'text': ''}, {'tag': 'div', 'src': None, 'aria_label': None, 'class': ['ad', 'home_mid'], 'id': None, 'text': ''}, {'tag': 'div', 'src': None, 'aria_label': None, 'class': ['ad', 'home_side2'], 'id': None, 'text': ''}, {'tag': 'div', 'src': None, 'aria_label': None, 'class': ['ad', 'home_monster'], 'id': None, 'text': ''}, {'tag': 'div', 'src': None, 'aria_label': None, 'class': ['ad', 'home_side3'], 'id': None, 'text': ''}, {'tag': 'div', 'src': None, 'aria_label': None, 'class': ['ad', 'home_foot'], 'id': None, 'text': ''}]",-8,1,125,0.05813953488372093,76,4,7,9,0,15,392,7,1,14,4,0.0667,0.0357,0.5714,360,newsbook,home_page
392,49,58,0,15,2,22,80,22983,3227,21,8,"[{'tag': 'div', 'src': None, 'aria_label': None, 'class': ['ad', 'top_push_alt'], 'id': None, 'text': ''}, {'tag': 'div', 'src': None, 'aria_label': None, 'class': ['ad', 'top_push'], 'id': None, 'text': ''}, {'tag': 'div', 'src': None, 'aria_label': None, 'class': ['ad', 'home_top'], 'id': None, 'text': ''}, {'tag': 'div', 'src': None, 'aria_label': None, 'class': ['ad', 'home_mid'], 'id': None, 'text': ''}, {'tag': 'div', 'src': None, 'aria_label': None, 'class': ['ad', 'home_side2'], 'id': None, 'text': ''}, {'tag': 'div', 'src': None, 'aria_label': None, 'class': ['ad', 'home_monster'], 'id': None, 'text': ''}, {'tag': 'div', 'src': None, 'aria_label': None, 'class': ['ad', 'home_side3'], 'id': None, 'text': ''}, {'tag': 'div', 'src': None, 'aria_label': None, 'class': ['ad', 'home_foot'], 'id': None, 'text': ''}]",-8,1,125,0.05813953488372093,76,4,7,9,0,15,392,7,1,14,4,0.0667,0.0357,0.5714,361,newsbook,home_page
392,49,58,0,15,2,22,80,22983,3227,21,8,"[{'tag': 'div', 'src': None, 'aria_label': None, 'class': ['ad', 'top_push_alt'], 'id': None, 'text': ''}, {'tag': 'div', 'src': None, 'aria_label': None, 'class': ['ad', 'top_push'], 'id': None, 'text': ''}, {'tag': 'div', 'src': None, 'aria_label': None, 'class': ['ad', 'home_top'], 'id': None, 'text': ''}, {'tag': 'div', 'src': None, 'aria_label': None, 'class': ['ad', 'home_mid'], 'id': None, 'text': ''}, {'tag': 'div', 'src': None, 'aria_label': None, 'class': ['ad', 'home_side2'], 'id': None, 'text': ''}, {'tag': 'div', 'src': None, 'aria_label': None, 'class': ['ad', 'home_monster'], 'id': None, 'text': ''}, {'tag': 'div', 'src': None, 'aria_label': None, 'class': ['ad', 'home_side3'], 'id': None, 'text': ''}, {'tag': 'div', 'src': None, 'aria_label': None, 'class': ['ad', 'home_foot'], 'id': None, 'text': ''}]",-8,1,125,0.05813953488372093,76,4,7,9,0,15,392,7,1,14,4,0.0667,0.0357,0.5714,362,newsbook,home_page
392,49,58,0,15,2,22,80,22983,3227,21,8,"[{'tag': 'div', 'src': None, 'aria_label': None, 'class': ['ad', 'top_push_alt'], 'id': None, 'text': ''}, {'tag': 'div', 'src': None, 'aria_label': None, 'class': ['ad', 'top_push'], 'id': None, 'text': ''}, {'tag': 'div', 'src': None, 'aria_label': None, 'class': ['ad', 'home_top'], 'id': None, 'text': ''}, {'tag': 'div', 'src': None, 'aria_label': None, 'class': ['ad', 'home_mid'], 'id': None, 'text': ''}, {'tag': 'div', 'src': None, 'aria_label': None, 'class': ['ad', 'home_side2'], 'id': None, 'text': ''}, {'tag': 'div', 'src': None, 'aria_label': None, 'class': ['ad', 'home_monster'], 'id': None, 'text': ''}, {'tag': 'div', 'src': None, 'aria_label': None, 'class': ['ad', 'home_side3'], 'id': None, 'text': ''}, {'tag': 'div', 'src': None, 'aria_label': None, 'class': ['ad', 'home_foot'], 'id': None, 'text': ''}]",-8,1,125,0.05813953488372093,76,4,7,9,0,15,392,7,1,14,4,0.0667,0.0357,0.5714,363,newsbook,home_page
392,49,58,0,15,2,22,80,22983,3227,21,8,"[{'tag': 'div', 'src': None, 'aria_label': None, 'class': ['ad', 'top_push_alt'], 'id': None, 'text': ''}, {'tag': 'div', 'src': None, 'aria_label': None, 'class': ['ad', 'top_push'], 'id': None, 'text': ''}, {'tag': 'div', 'src': None, 'aria_label': None, 'class': ['ad', 'home_top'], 'id': None, 'text': ''}, {'tag': 'div', 'src': None, 'aria_label': None, 'class': ['ad', 'home_mid'], 'id': None, 'text': ''}, {'tag': 'div', 'src': None, 'aria_label': None, 'class': ['ad', 'home_side2'], 'id': None, 'text': ''}, {'tag': 'div', 'src': None, 'aria_label': None, 'class': ['ad', 'home_monster'], 'id': None, 'text': ''}, {'tag': 'div', 'src': None, 'aria_label': None, 'class': ['ad', 'home_side3'], 'id': None, 'text': ''}, {'tag': 'div', 'src': None, 'aria_label': None, 'class': ['ad', 'home_foot'], 'id': None, 'text': ''}]",-8,1,125,0.05813953488372093,76,4,7,9,0,15,392,7,1,14,4,0.0667,0.0357,0.5714,364,newsbook,home_page
392,49,58,0,15,2,22,80,22983,3227,21,8,"[{'tag': 'div', 'src': None, 'aria_label': None, 'class': ['ad', 'top_push_alt'], 'id': None, 'text': ''}, {'tag': 'div', 'src': None, 'aria_label': None, 'class': ['ad', 'top_push'], 'id': None, 'text': ''}, {'tag': 'div', 'src': None, 'aria_label': None, 'class': ['ad', 'home_top'], 'id': None, 'text': ''}, {'tag': 'div', 'src': None, 'aria_label': None, 'class': ['ad', 'home_mid'], 'id': None, 'text': ''}, {'tag': 'div', 'src': None, 'aria_label': None, 'class': ['ad', 'home_side2'], 'id': None, 'text': ''}, {'tag': 'div', 'src': None, 'aria_label': None, 'class': ['ad', 'home_monster'], 'id': None, 'text': ''}, {'tag': 'div', 'src': None, 'aria_label': None, 'class': ['ad', 'home_side3'], 'id': None, 'text': ''}, {'tag': 'div', 'src': None, 'aria_label': None, 'class': ['ad', 'home_foot'], 'id': None, 'text': ''}]",-8,1,125,0.05813953488372093,76,4,7,9,0,15,392,7,1,14,4,0.0667,0.0357,0.5714,365,newsbook,home_page
392,49,58,0,15,2,22,80,22983,3227,21,8,"[{'tag': 'div', 'src': None, 'aria_label': None, 'class': ['ad', 'top_push_alt'], 'id': None, 'text': ''}, {'tag': 'div', 'src': None, 'aria_label': None, 'class': ['ad', 'top_push'], 'id': None, 'text': ''}, {'tag': 'div', 'src': None, 'aria_label': None, 'class': ['ad', 'home_top'], 'id': None, 'text': ''}, {'tag': 'div', 'src': None, 'aria_label': None, 'class': ['ad', 'home_mid'], 'id': None, 'text': ''}, {'tag': 'div', 'src': None, 'aria_label': None, 'class': ['ad', 'home_side2'], 'id': None, 'text': ''}, {'tag': 'div', 'src': None, 'aria_label': None, 'class': ['ad', 'home_monster'], 'id': None, 'text': ''}, {'tag': 'div', 'src': None, 'aria_label': None, 'class': ['ad', 'home_side3'], 'id': None, 'text': ''}, {'tag': 'div', 'src': None, 'aria_label': None, 'class': ['ad', 'home_foot'], 'id': None, 'text': ''}]",-8,1,125,0.05813953488372093,76,4,7,9,0,15,392,7,1,14,4,0.0667,0.0357,0.5714,366,newsbook,home_page
392,49,58,0,15,2,22,80,22983,3227,21,8,"[{'tag': 'div', 'src': None, 'aria_label': None, 'class': ['ad', 'top_push_alt'], 'id': None, 'text': ''}, {'tag': 'div', 'src': None, 'aria_label': None, 'class': ['ad', 'top_push'], 'id': None, 'text': ''}, {'tag': 'div', 'src': None, 'aria_label': None, 'class': ['ad', 'home_top'], 'id': None, 'text': ''}, {'tag': 'div', 'src': None, 'aria_label': None, 'class': ['ad', 'home_mid'], 'id': None, 'text': ''}, {'tag': 'div', 'src': None, 'aria_label': None, 'class': ['ad', 'home_side2'], 'id': None, 'text': ''}, {'tag': 'div', 'src': None, 'aria_label': None, 'class': ['ad', 'home_monster'], 'id': None, 'text': ''}, {'tag': 'div', 'src': None, 'aria_label': None, 'class': ['ad', 'home_side3'], 'id': None, 'text': ''}, {'tag': 'div', 'src': None, 'aria_label': None, 'class': ['ad', 'home_foot'], 'id': None, 'text': ''}]",-8,1,125,0.05813953488372093,76,4,7,9,0,15,392,7,1,14,4,0.0667,0.0357,0.5714,367,newsbook,home_page
392,49,58,0,15,2,22,80,22983,3227,21,8,"[{'tag': 'div', 'src': None, 'aria_label': None, 'class': ['ad', 'top_push_alt'], 'id': None, 'text': ''}, {'tag': 'div', 'src': None, 'aria_label': None, 'class': ['ad', 'top_push'], 'id': None, 'text': ''}, {'tag': 'div', 'src': None, 'aria_label': None, 'class': ['ad', 'home_top'], 'id': None, 'text': ''}, {'tag': 'div', 'src': None, 'aria_label': None, 'class': ['ad', 'home_mid'], 'id': None, 'text': ''}, {'tag': 'div', 'src': None, 'aria_label': None, 'class': ['ad', 'home_side2'], 'id': None, 'text': ''}, {'tag': 'div', 'src': None, 'aria_label': None, 'class': ['ad', 'home_monster'], 'id': None, 'text': ''}, {'tag': 'div', 'src': None, 'aria_label': None, 'class': ['ad', 'home_side3'], 'id': None, 'text': ''}, {'tag': 'div', 'src': None, 'aria_label': None, 'class': ['ad', 'home_foot'], 'id': None, 'text': ''}]",-8,1,125,0.05813953488372093,76,4,7,9,0,15,392,7,1,14,4,0.0667,0.0357,0.5714,368,newsbook,home_page
392,49,58,0,15,2,22,80,22983,3227,21,8,"[{'tag': 'div', 'src': None, 'aria_label': None, 'class': ['ad', 'top_push_alt'], 'id': None, 'text': ''}, {'tag': 'div', 'src': None, 'aria_label': None, 'class': ['ad', 'top_push'], 'id': None, 'text': ''}, {'tag': 'div', 'src': None, 'aria_label': None, 'class': ['ad', 'home_top'], 'id': None, 'text': ''}, {'tag': 'div', 'src': None, 'aria_label': None, 'class': ['ad', 'home_mid'], 'id': None, 'text': ''}, {'tag': 'div', 'src': None, 'aria_label': None, 'class': ['ad', 'home_side2'], 'id': None, 'text': ''}, {'tag': 'div', 'src': None, 'aria_label': None, 'class': ['ad', 'home_monster'], 'id': None, 'text': ''}, {'tag': 'div', 'src': None, 'aria_label': None, 'class': ['ad', 'home_side3'], 'id': None, 'text': ''}, {'tag': 'div', 'src': None, 'aria_label': None, 'class': ['ad', 'home_foot'], 'id': None, 'text': ''}]",-8,1,125,0.05813953488372093,76,4,7,9,0,15,392,7,1,14,4,0.0667,0.0357,0.5714,369,newsbook,home_page
392,49,58,0,15,2,22,80,22983,3227,21,8,"[{'tag': 'div', 'src': None, 'aria_label': None, 'class': ['ad', 'top_push_alt'], 'id': None, 'text': ''}, {'tag': 'div', 'src': None, 'aria_label': None, 'class': ['ad', 'top_push'], 'id': None, 'text': ''}, {'tag': 'div', 'src': None, 'aria_label': None, 'class': ['ad', 'home_top'], 'id': None, 'text': ''}, {'tag': 'div', 'src': None, 'aria_label': None, 'class': ['ad', 'home_mid'], 'id': None, 'text': ''}, {'tag': 'div', 'src': None, 'aria_label': None, 'class': ['ad', 'home_side2'], 'id': None, 'text': ''}, {'tag': 'div', 'src': None, 'aria_label': None, 'class': ['ad', 'home_monster'], 'id': None, 'text': ''}, {'tag': 'div', 'src': None, 'aria_label': None, 'class': ['ad', 'home_side3'], 'id': None, 'text': ''}, {'tag': 'div', 'src': None, 'aria_label': None, 'class': ['ad', 'home_foot'], 'id': None, 'text': ''}]",-8,1,125,0.05813953488372093,76,4,7,9,0,15,392,7,1,14,4,0.0667,0.0357,0.5714,370,newsbook,home_page
392,49,58,0,15,2,22,80,22983,3227,21,8,"[{'tag': 'div', 'src': None, 'aria_label': None, 'class': ['ad', 'top_push_alt'], 'id': None, 'text': ''}, {'tag': 'div', 'src': None, 'aria_label': None, 'class': ['ad', 'top_push'], 'id': None, 'text': ''}, {'tag': 'div', 'src': None, 'aria_label': None, 'class': ['ad', 'home_top'], 'id': None, 'text': ''}, {'tag': 'div', 'src': None, 'aria_label': None, 'class': ['ad', 'home_mid'], 'id': None, 'text': ''}, {'tag': 'div', 'src': None, 'aria_label': None, 'class': ['ad', 'home_side2'], 'id': None, 'text': ''}, {'tag': 'div', 'src': None, 'aria_label': None, 'class': ['ad', 'home_monster'], 'id': None, 'text': ''}, {'tag': 'div', 'src': None, 'aria_label': None, 'class': ['ad', 'home_side3'], 'id': None, 'text': ''}, {'tag': 'div', 'src': None, 'aria_label': None, 'class': ['ad', 'home_foot'], 'id': None, 'text': ''}]",-8,1,125,0.05813953488372093,76,4,7,9,0,15,392,7,1,14,4,0.0667,0.0357,0.5714,371,newsbook,home_page
392,49,58,0,15,2,22,80,22983,3227,21,8,"[{'tag': 'div', 'src': None, 'aria_label': None, 'class': ['ad', 'top_push_alt'], 'id': None, 'text': ''}, {'tag': 'div', 'src': None, 'aria_label': None, 'class': ['ad', 'top_push'], 'id': None, 'text': ''}, {'tag': 'div', 'src': None, 'aria_label': None, 'class': ['ad', 'home_top'], 'id': None, 'text': ''}, {'tag': 'div', 'src': None, 'aria_label': None, 'class': ['ad', 'home_mid'], 'id': None, 'text': ''}, {'tag': 'div', 'src': None, 'aria_label': None, 'class': ['ad', 'home_side2'], 'id': None, 'text': ''}, {'tag': 'div', 'src': None, 'aria_label': None, 'class': ['ad', 'home_monster'], 'id': None, 'text': ''}, {'tag': 'div', 'src': None, 'aria_label': None, 'class': ['ad', 'home_side3'], 'id': None, 'text': ''}, {'tag': 'div', 'src': None, 'aria_label': None, 'class': ['ad', 'home_foot'], 'id': None, 'text': ''}]",-8,1,125,0.05813953488372093,76,4,7,9,0,15,392,7,1,14,4,0.0667,0.0357,0.5714,372,newsbook,home_page
392,49,58,0,15,2,22,80,22983,3227,21,8,"[{'tag': 'div', 'src': None, 'aria_label': None, 'class': ['ad', 'top_push_alt'], 'id': None, 'text': ''}, {'tag': 'div', 'src': None, 'aria_label': None, 'class': ['ad', 'top_push'], 'id': None, 'text': ''}, {'tag': 'div', 'src': None, 'aria_label': None, 'class': ['ad', 'home_top'], 'id': None, 'text': ''}, {'tag': 'div', 'src': None, 'aria_label': None, 'class': ['ad', 'home_mid'], 'id': None, 'text': ''}, {'tag': 'div', 'src': None, 'aria_label': None, 'class': ['ad', 'home_side2'], 'id': None, 'text': ''}, {'tag': 'div', 'src': None, 'aria_label': None, 'class': ['ad', 'home_monster'], 'id': None, 'text': ''}, {'tag': 'div', 'src': None, 'aria_label': None, 'class': ['ad', 'home_side3'], 'id': None, 'text': ''}, {'tag': 'div', 'src': None, 'aria_label': None, 'class': ['ad', 'home_foot'], 'id': None, 'text': ''}]",-8,1,125,0.05813953488372093,76,4,7,9,0,15,392,7,1,14,4,0.0667,0.0357,0.5714,373,newsbook,home_page
392,49,58,0,15,2,22,80,22983,3227,21,8,"[{'tag': 'div', 'src': None, 'aria_label': None, 'class': ['ad', 'top_push_alt'], 'id': None, 'text': ''}, {'tag': 'div', 'src': None, 'aria_label': None, 'class': ['ad', 'top_push'], 'id': None, 'text': ''}, {'tag': 'div', 'src': None, 'aria_label': None, 'class': ['ad', 'home_top'], 'id': None, 'text': ''}, {'tag': 'div', 'src': None, 'aria_label': None, 'class': ['ad', 'home_mid'], 'id': None, 'text': ''}, {'tag': 'div', 'src': None, 'aria_label': None, 'class': ['ad', 'home_side2'], 'id': None, 'text': ''}, {'tag': 'div', 'src': None, 'aria_label': None, 'class': ['ad', 'home_monster'], 'id': None, 'text': ''}, {'tag': 'div', 'src': None, 'aria_label': None, 'class': ['ad', 'home_side3'], 'id': None, 'text': ''}, {'tag': 'div', 'src': None, 'aria_label': None, 'class': ['ad', 'home_foot'], 'id': None, 'text': ''}]",-8,1,125,0.05813953488372093,76,4,7,9,0,15,392,7,1,14,4,0.0667,0.0357,0.5714,374,newsbook,home_page
392,49,58,0,15,2,22,80,22983,3227,21,8,"[{'tag': 'div', 'src': None, 'aria_label': None, 'class': ['ad', 'top_push_alt'], 'id': None, 'text': ''}, {'tag': 'div', 'src': None, 'aria_label': None, 'class': ['ad', 'top_push'], 'id': None, 'text': ''}, {'tag': 'div', 'src': None, 'aria_label': None, 'class': ['ad', 'home_top'], 'id': None, 'text': ''}, {'tag': 'div', 'src': None, 'aria_label': None, 'class': ['ad', 'home_mid'], 'id': None, 'text': ''}, {'tag': 'div', 'src': None, 'aria_label': None, 'class': ['ad', 'home_side2'], 'id': None, 'text': ''}, {'tag': 'div', 'src': None, 'aria_label': None, 'class': ['ad', 'home_monster'], 'id': None, 'text': ''}, {'tag': 'div', 'src': None, 'aria_label': None, 'class': ['ad', 'home_side3'], 'id': None, 'text': ''}, {'tag': 'div', 'src': None, 'aria_label': None, 'class': ['ad', 'home_foot'], 'id': None, 'text': ''}]",-8,1,125,0.05813953488372093,76,4,7,9,0,15,392,7,1,14,4,0.0667,0.0357,0.5714,375,newsbook,home_page
392,49,58,0,15,2,22,80,22983,3227,21,8,"[{'tag': 'div', 'src': None, 'aria_label': None, 'class': ['ad', 'top_push_alt'], 'id': None, 'text': ''}, {'tag': 'div', 'src': None, 'aria_label': None, 'class': ['ad', 'top_push'], 'id': None, 'text': ''}, {'tag': 'div', 'src': None, 'aria_label': None, 'class': ['ad', 'home_top'], 'id': None, 'text': ''}, {'tag': 'div', 'src': None, 'aria_label': None, 'class': ['ad', 'home_mid'], 'id': None, 'text': ''}, {'tag': 'div', 'src': None, 'aria_label': None, 'class': ['ad', 'home_side2'], 'id': None, 'text': ''}, {'tag': 'div', 'src': None, 'aria_label': None, 'class': ['ad', 'home_monster'], 'id': None, 'text': ''}, {'tag': 'div', 'src': None, 'aria_label': None, 'class': ['ad', 'home_side3'], 'id': None, 'text': ''}, {'tag': 'div', 'src': None, 'aria_label': None, 'class': ['ad', 'home_foot'], 'id': None, 'text': ''}]",-8,1,125,0.05813953488372093,76,4,7,9,0,15,392,7,1,14,4,0.0667,0.0357,0.5714,376,newsbook,home_page
392,49,58,0,15,2,22,80,22983,3227,21,8,"[{'tag': 'div', 'src': None, 'aria_label': None, 'class': ['ad', 'top_push_alt'], 'id': None, 'text': ''}, {'tag': 'div', 'src': None, 'aria_label': None, 'class': ['ad', 'top_push'], 'id': None, 'text': ''}, {'tag': 'div', 'src': None, 'aria_label': None, 'class': ['ad', 'home_top'], 'id': None, 'text': ''}, {'tag': 'div', 'src': None, 'aria_label': None, 'class': ['ad', 'home_mid'], 'id': None, 'text': ''}, {'tag': 'div', 'src': None, 'aria_label': None, 'class': ['ad', 'home_side2'], 'id': None, 'text': ''}, {'tag': 'div', 'src': None, 'aria_label': None, 'class': ['ad', 'home_monster'], 'id': None, 'text': ''}, {'tag': 'div', 'src': None, 'aria_label': None, 'class': ['ad', 'home_side3'], 'id': None, 'text': ''}, {'tag': 'div', 'src': None, 'aria_label': None, 'class': ['ad', 'home_foot'], 'id': None, 'text': ''}]",-8,1,125,0.05813953488372093,76,4,7,9,0,15,392,7,1,14,4,0.0667,0.0357,0.5714,377,newsbook,home_page
392,49,58,0,15,2,22,80,22983,3227,21,8,"[{'tag': 'div', 'src': None, 'aria_label': None, 'class': ['ad', 'top_push_alt'], 'id': None, 'text': ''}, {'tag': 'div', 'src': None, 'aria_label': None, 'class': ['ad', 'top_push'], 'id': None, 'text': ''}, {'tag': 'div', 'src': None, 'aria_label': None, 'class': ['ad', 'home_top'], 'id': None, 'text': ''}, {'tag': 'div', 'src': None, 'aria_label': None, 'class': ['ad', 'home_mid'], 'id': None, 'text': ''}, {'tag': 'div', 'src': None, 'aria_label': None, 'class': ['ad', 'home_side2'], 'id': None, 'text': ''}, {'tag': 'div', 'src': None, 'aria_label': None, 'class': ['ad', 'home_monster'], 'id': None, 'text': ''}, {'tag': 'div', 'src': None, 'aria_label': None, 'class': ['ad', 'home_side3'], 'id': None, 'text': ''}, {'tag': 'div', 'src': None, 'aria_label': None, 'class': ['ad', 'home_foot'], 'id': None, 'text': ''}]",-8,1,125,0.05813953488372093,76,4,7,9,0,15,392,7,1,14,4,0.0667,0.0357,0.5714,378,newsbook,home_page
392,49,58,0,15,2,22,80,22983,3227,21,8,"[{'tag': 'div', 'src': None, 'aria_label': None, 'class': ['ad', 'top_push_alt'], 'id': None, 'text': ''}, {'tag': 'div', 'src': None, 'aria_label': None, 'class': ['ad', 'top_push'], 'id': None, 'text': ''}, {'tag': 'div', 'src': None, 'aria_label': None, 'class': ['ad', 'home_top'], 'id': None, 'text': ''}, {'tag': 'div', 'src': None, 'aria_label': None, 'class': ['ad', 'home_mid'], 'id': None, 'text': ''}, {'tag': 'div', 'src': None, 'aria_label': None, 'class': ['ad', 'home_side2'], 'id': None, 'text': ''}, {'tag': 'div', 'src': None, 'aria_label': None, 'class': ['ad', 'home_monster'], 'id': None, 'text': ''}, {'tag': 'div', 'src': None, 'aria_label': None, 'class': ['ad', 'home_side3'], 'id': None, 'text': ''}, {'tag': 'div', 'src': None, 'aria_label': None, 'class': ['ad', 'home_foot'], 'id': None, 'text': ''}]",-8,1,125,0.05813953488372093,76,4,7,9,0,15,392,7,1,14,4,0.0667,0.0357,0.5714,379,newsbook,home_page
392,49,58,0,15,2,22,80,22983,3227,21,8,"[{'tag': 'div', 'src': None, 'aria_label': None, 'class': ['ad', 'top_push_alt'], 'id': None, 'text': ''}, {'tag': 'div', 'src': None, 'aria_label': None, 'class': ['ad', 'top_push'], 'id': None, 'text': ''}, {'tag': 'div', 'src': None, 'aria_label': None, 'class': ['ad', 'home_top'], 'id': None, 'text': ''}, {'tag': 'div', 'src': None, 'aria_label': None, 'class': ['ad', 'home_mid'], 'id': None, 'text': ''}, {'tag': 'div', 'src': None, 'aria_label': None, 'class': ['ad', 'home_side2'], 'id': None, 'text': ''}, {'tag': 'div', 'src': None, 'aria_label': None, 'class': ['ad', 'home_monster'], 'id': None, 'text': ''}, {'tag': 'div', 'src': None, 'aria_label': None, 'class': ['ad', 'home_side3'], 'id': None, 'text': ''}, {'tag': 'div', 'src': None, 'aria_label': None, 'class': ['ad', 'home_foot'], 'id': None, 'text': ''}]",-8,1,125,0.05813953488372093,76,4,7,9,0,15,392,7,1,14,4,0.0667,0.0357,0.5714,380,newsbook,home_page
392,49,58,0,15,2,22,80,22983,3227,21,8,"[{'tag': 'div', 'src': None, 'aria_label': None, 'class': ['ad', 'top_push_alt'], 'id': None, 'text': ''}, {'tag': 'div', 'src': None, 'aria_label': None, 'class': ['ad', 'top_push'], 'id': None, 'text': ''}, {'tag': 'div', 'src': None, 'aria_label': None, 'class': ['ad', 'home_top'], 'id': None, 'text': ''}, {'tag': 'div', 'src': None, 'aria_label': None, 'class': ['ad', 'home_mid'], 'id': None, 'text': ''}, {'tag': 'div', 'src': None, 'aria_label': None, 'class': ['ad', 'home_side2'], 'id': None, 'text': ''}, {'tag': 'div', 'src': None, 'aria_label': None, 'class': ['ad', 'home_monster'], 'id': None, 'text': ''}, {'tag': 'div', 'src': None, 'aria_label': None, 'class': ['ad', 'home_side3'], 'id': None, 'text': ''}, {'tag': 'div', 'src': None, 'aria_label': None, 'class': ['ad', 'home_foot'], 'id': None, 'text': ''}]",-8,1,125,0.05813953488372093,76,4,7,9,0,15,392,7,1,14,4,0.0667,0.0357,0.5714,381,newsbook,home_page
392,49,58,0,15,2,22,80,22983,3227,21,8,"[{'tag': 'div', 'src': None, 'aria_label': None, 'class': ['ad', 'top_push_alt'], 'id': None, 'text': ''}, {'tag': 'div', 'src': None, 'aria_label': None, 'class': ['ad', 'top_push'], 'id': None, 'text': ''}, {'tag': 'div', 'src': None, 'aria_label': None, 'class': ['ad', 'home_top'], 'id': None, 'text': ''}, {'tag': 'div', 'src': None, 'aria_label': None, 'class': ['ad', 'home_mid'], 'id': None, 'text': ''}, {'tag': 'div', 'src': None, 'aria_label': None, 'class': ['ad', 'home_side2'], 'id': None, 'text': ''}, {'tag': 'div', 'src': None, 'aria_label': None, 'class': ['ad', 'home_monster'], 'id': None, 'text': ''}, {'tag': 'div', 'src': None, 'aria_label': None, 'class': ['ad', 'home_side3'], 'id': None, 'text': ''}, {'tag': 'div', 'src': None, 'aria_label': None, 'class': ['ad', 'home_foot'], 'id': None, 'text': ''}]",-8,1,125,0.05813953488372093,76,4,7,9,0,15,392,7,1,14,4,0.0667,0.0357,0.5714,382,newsbook,home_page
392,49,58,0,15,2,22,80,22983,3227,21,8,"[{'tag': 'div', 'src': None, 'aria_label': None, 'class': ['ad', 'top_push_alt'], 'id': None, 'text': ''}, {'tag': 'div', 'src': None, 'aria_label': None, 'class': ['ad', 'top_push'], 'id': None, 'text': ''}, {'tag': 'div', 'src': None, 'aria_label': None, 'class': ['ad', 'home_top'], 'id': None, 'text': ''}, {'tag': 'div', 'src': None, 'aria_label': None, 'class': ['ad', 'home_mid'], 'id': None, 'text': ''}, {'tag': 'div', 'src': None, 'aria_label': None, 'class': ['ad', 'home_side2'], 'id': None, 'text': ''}, {'tag': 'div', 'src': None, 'aria_label': None, 'class': ['ad', 'home_monster'], 'id': None, 'text': ''}, {'tag': 'div', 'src': None, 'aria_label': None, 'class': ['ad', 'home_side3'], 'id': None, 'text': ''}, {'tag': 'div', 'src': None, 'aria_label': None, 'class': ['ad', 'home_foot'], 'id': None, 'text': ''}]",-8,1,125,0.05813953488372093,76,4,7,9,0,15,392,7,1,14,4,0.0667,0.0357,0.5714,383,newsbook,home_page
392,49,58,0,15,2,22,80,22983,3227,21,8,"[{'tag': 'div', 'src': None, 'aria_label': None, 'class': ['ad', 'top_push_alt'], 'id': None, 'text': ''}, {'tag': 'div', 'src': None, 'aria_label': None, 'class': ['ad', 'top_push'], 'id': None, 'text': ''}, {'tag': 'div', 'src': None, 'aria_label': None, 'class': ['ad', 'home_top'], 'id': None, 'text': ''}, {'tag': 'div', 'src': None, 'aria_label': None, 'class': ['ad', 'home_mid'], 'id': None, 'text': ''}, {'tag': 'div', 'src': None, 'aria_label': None, 'class': ['ad', 'home_side2'], 'id': None, 'text': ''}, {'tag': 'div', 'src': None, 'aria_label': None, 'class': ['ad', 'home_monster'], 'id': None, 'text': ''}, {'tag': 'div', 'src': None, 'aria_label': None, 'class': ['ad', 'home_side3'], 'id': None, 'text': ''}, {'tag': 'div', 'src': None, 'aria_label': None, 'class': ['ad', 'home_foot'], 'id': None, 'text': ''}]",-8,1,125,0.05813953488372093,76,4,7,9,0,15,392,7,1,14,4,0.0667,0.0357,0.5714,384,newsbook,home_page
392,49,58,0,15,2,22,80,22983,3227,21,8,"[{'tag': 'div', 'src': None, 'aria_label': None, 'class': ['ad', 'top_push_alt'], 'id': None, 'text': ''}, {'tag': 'div', 'src': None, 'aria_label': None, 'class': ['ad', 'top_push'], 'id': None, 'text': ''}, {'tag': 'div', 'src': None, 'aria_label': None, 'class': ['ad', 'home_top'], 'id': None, 'text': ''}, {'tag': 'div', 'src': None, 'aria_label': None, 'class': ['ad', 'home_mid'], 'id': None, 'text': ''}, {'tag': 'div', 'src': None, 'aria_label': None, 'class': ['ad', 'home_side2'], 'id': None, 'text': ''}, {'tag': 'div', 'src': None, 'aria_label': None, 'class': ['ad', 'home_monster'], 'id': None, 'text': ''}, {'tag': 'div', 'src': None, 'aria_label': None, 'class': ['ad', 'home_side3'], 'id': None, 'text': ''}, {'tag': 'div', 'src': None, 'aria_label': None, 'class': ['ad', 'home_foot'], 'id': None, 'text': ''}]",-8,1,125,0.05813953488372093,76,4,7,9,0,15,392,7,1,14,4,0.0667,0.0357,0.5714,385,newsbook,home_page
392,49,58,0,15,2,22,80,22983,3227,21,8,"[{'tag': 'div', 'src': None, 'aria_label': None, 'class': ['ad', 'top_push_alt'], 'id': None, 'text': ''}, {'tag': 'div', 'src': None, 'aria_label': None, 'class': ['ad', 'top_push'], 'id': None, 'text': ''}, {'tag': 'div', 'src': None, 'aria_label': None, 'class': ['ad', 'home_top'], 'id': None, 'text': ''}, {'tag': 'div', 'src': None, 'aria_label': None, 'class': ['ad', 'home_mid'], 'id': None, 'text': ''}, {'tag': 'div', 'src': None, 'aria_label': None, 'class': ['ad', 'home_side2'], 'id': None, 'text': ''}, {'tag': 'div', 'src': None, 'aria_label': None, 'class': ['ad', 'home_monster'], 'id': None, 'text': ''}, {'tag': 'div', 'src': None, 'aria_label': None, 'class': ['ad', 'home_side3'], 'id': None, 'text': ''}, {'tag': 'div', 'src': None, 'aria_label': None, 'class': ['ad', 'home_foot'], 'id': None, 'text': ''}]",-8,1,125,0.05813953488372093,76,4,7,9,0,15,392,7,1,14,4,0.0667,0.0357,0.5714,386,newsbook,home_page
392,49,58,0,15,2,22,80,22983,3227,21,8,"[{'tag': 'div', 'src': None, 'aria_label': None, 'class': ['ad', 'top_push_alt'], 'id': None, 'text': ''}, {'tag': 'div', 'src': None, 'aria_label': None, 'class': ['ad', 'top_push'], 'id': None, 'text': ''}, {'tag': 'div', 'src': None, 'aria_label': None, 'class': ['ad', 'home_top'], 'id': None, 'text': ''}, {'tag': 'div', 'src': None, 'aria_label': None, 'class': ['ad', 'home_mid'], 'id': None, 'text': ''}, {'tag': 'div', 'src': None, 'aria_label': None, 'class': ['ad', 'home_side2'], 'id': None, 'text': ''}, {'tag': 'div', 'src': None, 'aria_label': None, 'class': ['ad', 'home_monster'], 'id': None, 'text': ''}, {'tag': 'div', 'src': None, 'aria_label': None, 'class': ['ad', 'home_side3'], 'id': None, 'text': ''}, {'tag': 'div', 'src': None, 'aria_label': None, 'class': ['ad', 'home_foot'], 'id': None, 'text': ''}]",-8,1,125,0.05813953488372093,76,4,7,9,0,15,392,7,1,14,4,0.0667,0.0357,0.5714,387,newsbook,home_page
392,49,58,0,15,2,22,80,22983,3227,21,8,"[{'tag': 'div', 'src': None, 'aria_label': None, 'class': ['ad', 'top_push_alt'], 'id': None, 'text': ''}, {'tag': 'div', 'src': None, 'aria_label': None, 'class': ['ad', 'top_push'], 'id': None, 'text': ''}, {'tag': 'div', 'src': None, 'aria_label': None, 'class': ['ad', 'home_top'], 'id': None, 'text': ''}, {'tag': 'div', 'src': None, 'aria_label': None, 'class': ['ad', 'home_mid'], 'id': None, 'text': ''}, {'tag': 'div', 'src': None, 'aria_label': None, 'class': ['ad', 'home_side2'], 'id': None, 'text': ''}, {'tag': 'div', 'src': None, 'aria_label': None, 'class': ['ad', 'home_monster'], 'id': None, 'text': ''}, {'tag': 'div', 'src': None, 'aria_label': None, 'class': ['ad', 'home_side3'], 'id': None, 'text': ''}, {'tag': 'div', 'src': None, 'aria_label': None, 'class': ['ad', 'home_foot'], 'id': None, 'text': ''}]",-8,1,125,0.05813953488372093,76,4,7,9,0,15,392,7,1,14,4,0.0667,0.0357,0.5714,388,newsbook,home_page
392,49,58,0,15,2,22,80,22983,3227,21,8,"[{'tag': 'div', 'src': None, 'aria_label': None, 'class': ['ad', 'top_push_alt'], 'id': None, 'text': ''}, {'tag': 'div', 'src': None, 'aria_label': None, 'class': ['ad', 'top_push'], 'id': None, 'text': ''}, {'tag': 'div', 'src': None, 'aria_label': None, 'class': ['ad', 'home_top'], 'id': None, 'text': ''}, {'tag': 'div', 'src': None, 'aria_label': None, 'class': ['ad', 'home_mid'], 'id': None, 'text': ''}, {'tag': 'div', 'src': None, 'aria_label': None, 'class': ['ad', 'home_side2'], 'id': None, 'text': ''}, {'tag': 'div', 'src': None, 'aria_label': None, 'class': ['ad', 'home_monster'], 'id': None, 'text': ''}, {'tag': 'div', 'src': None, 'aria_label': None, 'class': ['ad', 'home_side3'], 'id': None, 'text': ''}, {'tag': 'div', 'src': None, 'aria_label': None, 'class': ['ad', 'home_foot'], 'id': None, 'text': ''}]",-8,1,125,0.05813953488372093,76,4,7,9,0,15,392,7,1,14,4,0.0667,0.0357,0.5714,389,newsbook,home_page
392,49,58,0,15,2,22,80,22983,3227,21,8,"[{'tag': 'div', 'src': None, 'aria_label': None, 'class': ['ad', 'top_push_alt'], 'id': None, 'text': ''}, {'tag': 'div', 'src': None, 'aria_label': None, 'class': ['ad', 'top_push'], 'id': None, 'text': ''}, {'tag': 'div', 'src': None, 'aria_label': None, 'class': ['ad', 'home_top'], 'id': None, 'text': ''}, {'tag': 'div', 'src': None, 'aria_label': None, 'class': ['ad', 'home_mid'], 'id': None, 'text': ''}, {'tag': 'div', 'src': None, 'aria_label': None, 'class': ['ad', 'home_side2'], 'id': None, 'text': ''}, {'tag': 'div', 'src': None, 'aria_label': None, 'class': ['ad', 'home_monster'], 'id': None, 'text': ''}, {'tag': 'div', 'src': None, 'aria_label': None, 'class': ['ad', 'home_side3'], 'id': None, 'text': ''}, {'tag': 'div', 'src': None, 'aria_label': None, 'class': ['ad', 'home_foot'], 'id': None, 'text': ''}]",-8,1,125,0.05813953488372093,76,4,7,9,0,15,392,7,1,14,4,0.0667,0.0357,0.5714,390,newsbook,home_page
392,49,58,0,15,2,22,80,22983,3227,21,8,"[{'tag': 'div', 'src': None, 'aria_label': None, 'class': ['ad', 'top_push_alt'], 'id': None, 'text': ''}, {'tag': 'div', 'src': None, 'aria_label': None, 'class': ['ad', 'top_push'], 'id': None, 'text': ''}, {'tag': 'div', 'src': None, 'aria_label': None, 'class': ['ad', 'home_top'], 'id': None, 'text': ''}, {'tag': 'div', 'src': None, 'aria_label': None, 'class': ['ad', 'home_mid'], 'id': None, 'text': ''}, {'tag': 'div', 'src': None, 'aria_label': None, 'class': ['ad', 'home_side2'], 'id': None, 'text': ''}, {'tag': 'div', 'src': None, 'aria_label': None, 'class': ['ad', 'home_monster'], 'id': None, 'text': ''}, {'tag': 'div', 'src': None, 'aria_label': None, 'class': ['ad', 'home_side3'], 'id': None, 'text': ''}, {'tag': 'div', 'src': None, 'aria_label': None, 'class': ['ad', 'home_foot'], 'id': None, 'text': ''}]",-8,1,125,0.05813953488372093,76,4,7,9,0,15,392,7,1,14,4,0.0667,0.0357,0.5714,391,newsbook,home_page
392,49,58,0,15,2,22,80,22983,3227,21,8,"[{'tag': 'div', 'src': None, 'aria_label': None, 'class': ['ad', 'top_push_alt'], 'id': None, 'text': ''}, {'tag': 'div', 'src': None, 'aria_label': None, 'class': ['ad', 'top_push'], 'id': None, 'text': ''}, {'tag': 'div', 'src': None, 'aria_label': None, 'class': ['ad', 'home_top'], 'id': None, 'text': ''}, {'tag': 'div', 'src': None, 'aria_label': None, 'class': ['ad', 'home_mid'], 'id': None, 'text': ''}, {'tag': 'div', 'src': None, 'aria_label': None, 'class': ['ad', 'home_side2'], 'id': None, 'text': ''}, {'tag': 'div', 'src': None, 'aria_label': None, 'class': ['ad', 'home_monster'], 'id': None, 'text': ''}, {'tag': 'div', 'src': None, 'aria_label': None, 'class': ['ad', 'home_side3'], 'id': None, 'text': ''}, {'tag': 'div', 'src': None, 'aria_label': None, 'class': ['ad', 'home_foot'], 'id': None, 'text': ''}]",-8,1,125,0.05813953488372093,76,4,7,9,0,15,392,7,1,14,4,0.0667,0.0357,0.5714,392,newsbook,home_page
392,49,58,0,15,2,22,80,22983,3227,21,8,"[{'tag': 'div', 'src': None, 'aria_label': None, 'class': ['ad', 'top_push_alt'], 'id': None, 'text': ''}, {'tag': 'div', 'src': None, 'aria_label': None, 'class': ['ad', 'top_push'], 'id': None, 'text': ''}, {'tag': 'div', 'src': None, 'aria_label': None, 'class': ['ad', 'home_top'], 'id': None, 'text': ''}, {'tag': 'div', 'src': None, 'aria_label': None, 'class': ['ad', 'home_mid'], 'id': None, 'text': ''}, {'tag': 'div', 'src': None, 'aria_label': None, 'class': ['ad', 'home_side2'], 'id': None, 'text': ''}, {'tag': 'div', 'src': None, 'aria_label': None, 'class': ['ad', 'home_monster'], 'id': None, 'text': ''}, {'tag': 'div', 'src': None, 'aria_label': None, 'class': ['ad', 'home_side3'], 'id': None, 'text': ''}, {'tag': 'div', 'src': None, 'aria_label': None, 'class': ['ad', 'home_foot'], 'id': None, 'text': ''}]",-8,1,125,0.05813953488372093,76,4,7,9,0,15,392,7,1,14,4,0.0667,0.0357,0.5714,393,newsbook,home_page
392,49,58,0,15,2,22,80,22983,3227,21,8,"[{'tag': 'div', 'src': None, 'aria_label': None, 'class': ['ad', 'top_push_alt'], 'id': None, 'text': ''}, {'tag': 'div', 'src': None, 'aria_label': None, 'class': ['ad', 'top_push'], 'id': None, 'text': ''}, {'tag': 'div', 'src': None, 'aria_label': None, 'class': ['ad', 'home_top'], 'id': None, 'text': ''}, {'tag': 'div', 'src': None, 'aria_label': None, 'class': ['ad', 'home_mid'], 'id': None, 'text': ''}, {'tag': 'div', 'src': None, 'aria_label': None, 'class': ['ad', 'home_side2'], 'id': None, 'text': ''}, {'tag': 'div', 'src': None, 'aria_label': None, 'class': ['ad', 'home_monster'], 'id': None, 'text': ''}, {'tag': 'div', 'src': None, 'aria_label': None, 'class': ['ad', 'home_side3'], 'id': None, 'text': ''}, {'tag': 'div', 'src': None, 'aria_label': None, 'class': ['ad', 'home_foot'], 'id': None, 'text': ''}]",-8,1,125,0.05813953488372093,76,4,7,9,0,15,392,7,1,14,4,0.0667,0.0357,0.5714,394,newsbook,home_page
132,38,49,0,15,2,21,21,6728,978,16,6,"[{'tag': 'div', 'src': None, 'aria_label': None, 'class': ['ad', 'top_push_alt'], 'id': None, 'text': ''}, {'tag': 'div', 'src': None, 'aria_label': None, 'class': ['ad', 'top_push'], 'id': None, 'text': ''}, {'tag': 'div', 'src': None, 'aria_label': None, 'class': ['ad', 'cat_side1'], 'id': None, 'text': ''}, {'tag': 'div', 'src': None, 'aria_label': None, 'class': ['ad', 'allcats_side_btwn_1_2'], 'id': None, 'text': ''}, {'tag': 'div', 'src': None, 'aria_label': None, 'class': ['ad', 'cat_side2'], 'id': None, 'text': ''}, {'tag': 'div', 'src': None, 'aria_label': None, 'class': ['ad', 'cat_side3'], 'id': None, 'text': ''}]",-6,1,41,0.04515418502202643,20,4,7,1,0,15,132,7,1,15,4,0.0667,0.1136,0.5714,395,newsbook,news_listing
132,38,49,0,15,2,21,21,6728,978,16,6,"[{'tag': 'div', 'src': None, 'aria_label': None, 'class': ['ad', 'top_push_alt'], 'id': None, 'text': ''}, {'tag': 'div', 'src': None, 'aria_label': None, 'class': ['ad', 'top_push'], 'id': None, 'text': ''}, {'tag': 'div', 'src': None, 'aria_label': None, 'class': ['ad', 'cat_side1'], 'id': None, 'text': ''}, {'tag': 'div', 'src': None, 'aria_label': None, 'class': ['ad', 'allcats_side_btwn_1_2'], 'id': None, 'text': ''}, {'tag': 'div', 'src': None, 'aria_label': None, 'class': ['ad', 'cat_side2'], 'id': None, 'text': ''}, {'tag': 'div', 'src': None, 'aria_label': None, 'class': ['ad', 'cat_side3'], 'id': None, 'text': ''}]",-6,1,41,0.04515418502202643,20,4,7,1,0,15,132,7,1,15,4,0.0667,0.1136,0.5714,396,newsbook,news_listing
132,38,49,0,15,2,21,21,6728,978,16,6,"[{'tag': 'div', 'src': None, 'aria_label': None, 'class': ['ad', 'top_push_alt'], 'id': None, 'text': ''}, {'tag': 'div', 'src': None, 'aria_label': None, 'class': ['ad', 'top_push'], 'id': None, 'text': ''}, {'tag': 'div', 'src': None, 'aria_label': None, 'class': ['ad', 'cat_side1'], 'id': None, 'text': ''}, {'tag': 'div', 'src': None, 'aria_label': None, 'class': ['ad', 'allcats_side_btwn_1_2'], 'id': None, 'text': ''}, {'tag': 'div', 'src': None, 'aria_label': None, 'class': ['ad', 'cat_side2'], 'id': None, 'text': ''}, {'tag': 'div', 'src': None, 'aria_label': None, 'class': ['ad', 'cat_side3'], 'id': None, 'text': ''}]",-6,1,41,0.04515418502202643,20,4,7,1,0,15,132,7,1,15,4,0.0667,0.1136,0.5714,397,newsbook,news_listing
132,38,49,0,15,2,21,21,6728,978,16,6,"[{'tag': 'div', 'src': None, 'aria_label': None, 'class': ['ad', 'top_push_alt'], 'id': None, 'text': ''}, {'tag': 'div', 'src': None, 'aria_label': None, 'class': ['ad', 'top_push'], 'id': None, 'text': ''}, {'tag': 'div', 'src': None, 'aria_label': None, 'class': ['ad', 'cat_side1'], 'id': None, 'text': ''}, {'tag': 'div', 'src': None, 'aria_label': None, 'class': ['ad', 'allcats_side_btwn_1_2'], 'id': None, 'text': ''}, {'tag': 'div', 'src': None, 'aria_label': None, 'class': ['ad', 'cat_side2'], 'id': None, 'text': ''}, {'tag': 'div', 'src': None, 'aria_label': None, 'class': ['ad', 'cat_side3'], 'id': None, 'text': ''}]",-6,1,41,0.04515418502202643,20,4,7,1,0,15,132,7,1,15,4,0.0667,0.1136,0.5714,398,newsbook,news_listing
132,38,49,0,15,2,21,21,6728,978,16,6,"[{'tag': 'div', 'src': None, 'aria_label': None, 'class': ['ad', 'top_push_alt'], 'id': None, 'text': ''}, {'tag': 'div', 'src': None, 'aria_label': None, 'class': ['ad', 'top_push'], 'id': None, 'text': ''}, {'tag': 'div', 'src': None, 'aria_label': None, 'class': ['ad', 'cat_side1'], 'id': None, 'text': ''}, {'tag': 'div', 'src': None, 'aria_label': None, 'class': ['ad', 'allcats_side_btwn_1_2'], 'id': None, 'text': ''}, {'tag': 'div', 'src': None, 'aria_label': None, 'class': ['ad', 'cat_side2'], 'id': None, 'text': ''}, {'tag': 'div', 'src': None, 'aria_label': None, 'class': ['ad', 'cat_side3'], 'id': None, 'text': ''}]",-6,1,41,0.04515418502202643,20,4,7,1,0,15,132,7,1,15,4,0.0667,0.1136,0.5714,399,newsbook,news_listing
132,38,49,0,15,2,21,21,6728,978,16,6,"[{'tag': 'div', 'src': None, 'aria_label': None, 'class': ['ad', 'top_push_alt'], 'id': None, 'text': ''}, {'tag': 'div', 'src': None, 'aria_label': None, 'class': ['ad', 'top_push'], 'id': None, 'text': ''}, {'tag': 'div', 'src': None, 'aria_label': None, 'class': ['ad', 'cat_side1'], 'id': None, 'text': ''}, {'tag': 'div', 'src': None, 'aria_label': None, 'class': ['ad', 'allcats_side_btwn_1_2'], 'id': None, 'text': ''}, {'tag': 'div', 'src': None, 'aria_label': None, 'class': ['ad', 'cat_side2'], 'id': None, 'text': ''}, {'tag': 'div', 'src': None, 'aria_label': None, 'class': ['ad', 'cat_side3'], 'id': None, 'text': ''}]",-6,1,41,0.04515418502202643,20,4,7,1,0,15,132,7,1,15,4,0.0667,0.1136,0.5714,400,newsbook,news_listing
132,38,49,0,15,2,21,21,6728,978,16,6,"[{'tag': 'div', 'src': None, 'aria_label': None, 'class': ['ad', 'top_push_alt'], 'id': None, 'text': ''}, {'tag': 'div', 'src': None, 'aria_label': None, 'class': ['ad', 'top_push'], 'id': None, 'text': ''}, {'tag': 'div', 'src': None, 'aria_label': None, 'class': ['ad', 'cat_side1'], 'id': None, 'text': ''}, {'tag': 'div', 'src': None, 'aria_label': None, 'class': ['ad', 'allcats_side_btwn_1_2'], 'id': None, 'text': ''}, {'tag': 'div', 'src': None, 'aria_label': None, 'class': ['ad', 'cat_side2'], 'id': None, 'text': ''}, {'tag': 'div', 'src': None, 'aria_label': None, 'class': ['ad', 'cat_side3'], 'id': None, 'text': ''}]",-6,1,41,0.04515418502202643,20,4,7,1,0,15,132,7,1,15,4,0.0667,0.1136,0.5714,401,newsbook,news_listing
133,37,49,0,15,2,21,21,6553,955,16,6,"[{'tag': 'div', 'src': None, 'aria_label': None, 'class': ['ad', 'top_push_alt'], 'id': None, 'text': ''}, {'tag': 'div', 'src': None, 'aria_label': None, 'class': ['ad', 'top_push'], 'id': None, 'text': ''}, {'tag': 'div', 'src': None, 'aria_label': None, 'class': ['ad', 'cat_side1'], 'id': None, 'text': ''}, {'tag': 'div', 'src': None, 'aria_label': None, 'class': ['ad', 'allcats_side_btwn_1_2'], 'id': None, 'text': ''}, {'tag': 'div', 'src': None, 'aria_label': None, 'class': ['ad', 'cat_side2'], 'id': None, 'text': ''}, {'tag': 'div', 'src': None, 'aria_label': None, 'class': ['ad', 'cat_side3'], 'id': None, 'text': ''}]",-6,1,41,0.04525386313465784,20,4,7,1,0,15,133,7,1,16,4,0.0667,0.1203,0.5714,402,newsbook,news_listing
133,37,49,0,15,2,21,21,6553,955,16,6,"[{'tag': 'div', 'src': None, 'aria_label': None, 'class': ['ad', 'top_push_alt'], 'id': None, 'text': ''}, {'tag': 'div', 'src': None, 'aria_label': None, 'class': ['ad', 'top_push'], 'id': None, 'text': ''}, {'tag': 'div', 'src': None, 'aria_label': None, 'class': ['ad', 'cat_side1'], 'id': None, 'text': ''}, {'tag': 'div', 'src': None, 'aria_label': None, 'class': ['ad', 'allcats_side_btwn_1_2'], 'id': None, 'text': ''}, {'tag': 'div', 'src': None, 'aria_label': None, 'class': ['ad', 'cat_side2'], 'id': None, 'text': ''}, {'tag': 'div', 'src': None, 'aria_label': None, 'class': ['ad', 'cat_side3'], 'id': None, 'text': ''}]",-6,1,41,0.04525386313465784,20,4,7,1,0,15,133,7,1,16,4,0.0667,0.1203,0.5714,403,newsbook,news_listing
133,37,49,0,15,2,21,21,6553,955,16,6,"[{'tag': 'div', 'src': None, 'aria_label': None, 'class': ['ad', 'top_push_alt'], 'id': None, 'text': ''}, {'tag': 'div', 'src': None, 'aria_label': None, 'class': ['ad', 'top_push'], 'id': None, 'text': ''}, {'tag': 'div', 'src': None, 'aria_label': None, 'class': ['ad', 'cat_side1'], 'id': None, 'text': ''}, {'tag': 'div', 'src': None, 'aria_label': None, 'class': ['ad', 'allcats_side_btwn_1_2'], 'id': None, 'text': ''}, {'tag': 'div', 'src': None, 'aria_label': None, 'class': ['ad', 'cat_side2'], 'id': None, 'text': ''}, {'tag': 'div', 'src': None, 'aria_label': None, 'class': ['ad', 'cat_side3'], 'id': None, 'text': ''}]",-6,1,41,0.04525386313465784,20,4,7,1,0,15,133,7,1,16,4,0.0667,0.1203,0.5714,404,newsbook,news_listing
133,37,49,0,15,2,21,21,6553,955,16,6,"[{'tag': 'div', 'src': None, 'aria_label': None, 'class': ['ad', 'top_push_alt'], 'id': None, 'text': ''}, {'tag': 'div', 'src': None, 'aria_label': None, 'class': ['ad', 'top_push'], 'id': None, 'text': ''}, {'tag': 'div', 'src': None, 'aria_label': None, 'class': ['ad', 'cat_side1'], 'id': None, 'text': ''}, {'tag': 'div', 'src': None, 'aria_label': None, 'class': ['ad', 'allcats_side_btwn_1_2'], 'id': None, 'text': ''}, {'tag': 'div', 'src': None, 'aria_label': None, 'class': ['ad', 'cat_side2'], 'id': None, 'text': ''}, {'tag': 'div', 'src': None, 'aria_label': None, 'class': ['ad', 'cat_side3'], 'id': None, 'text': ''}]",-6,1,41,0.04525386313465784,20,4,7,1,0,15,133,7,1,16,4,0.0667,0.1203,0.5714,405,newsbook,news_listing
133,37,49,0,15,2,21,21,6553,955,16,6,"[{'tag': 'div', 'src': None, 'aria_label': None, 'class': ['ad', 'top_push_alt'], 'id': None, 'text': ''}, {'tag': 'div', 'src': None, 'aria_label': None, 'class': ['ad', 'top_push'], 'id': None, 'text': ''}, {'tag': 'div', 'src': None, 'aria_label': None, 'class': ['ad', 'cat_side1'], 'id': None, 'text': ''}, {'tag': 'div', 'src': None, 'aria_label': None, 'class': ['ad', 'allcats_side_btwn_1_2'], 'id': None, 'text': ''}, {'tag': 'div', 'src': None, 'aria_label': None, 'class': ['ad', 'cat_side2'], 'id': None, 'text': ''}, {'tag': 'div', 'src': None, 'aria_label': None, 'class': ['ad', 'cat_side3'], 'id': None, 'text': ''}]",-6,1,41,0.04525386313465784,20,4,7,1,0,15,133,7,1,16,4,0.0667,0.1203,0.5714,406,newsbook,news_listing
133,37,49,0,15,2,21,21,6553,955,16,6,"[{'tag': 'div', 'src': None, 'aria_label': None, 'class': ['ad', 'top_push_alt'], 'id': None, 'text': ''}, {'tag': 'div', 'src': None, 'aria_label': None, 'class': ['ad', 'top_push'], 'id': None, 'text': ''}, {'tag': 'div', 'src': None, 'aria_label': None, 'class': ['ad', 'cat_side1'], 'id': None, 'text': ''}, {'tag': 'div', 'src': None, 'aria_label': None, 'class': ['ad', 'allcats_side_btwn_1_2'], 'id': None, 'text': ''}, {'tag': 'div', 'src': None, 'aria_label': None, 'class': ['ad', 'cat_side2'], 'id': None, 'text': ''}, {'tag': 'div', 'src': None, 'aria_label': None, 'class': ['ad', 'cat_side3'], 'id': None, 'text': ''}]",-6,1,41,0.04525386313465784,20,4,7,1,0,15,133,7,1,16,4,0.0667,0.1203,0.5714,407,newsbook,news_listing
133,37,49,0,15,2,21,21,6553,955,16,6,"[{'tag': 'div', 'src': None, 'aria_label': None, 'class': ['ad', 'top_push_alt'], 'id': None, 'text': ''}, {'tag': 'div', 'src': None, 'aria_label': None, 'class': ['ad', 'top_push'], 'id': None, 'text': ''}, {'tag': 'div', 'src': None, 'aria_label': None, 'class': ['ad', 'cat_side1'], 'id': None, 'text': ''}, {'tag': 'div', 'src': None, 'aria_label': None, 'class': ['ad', 'allcats_side_btwn_1_2'], 'id': None, 'text': ''}, {'tag': 'div', 'src': None, 'aria_label': None, 'class': ['ad', 'cat_side2'], 'id': None, 'text': ''}, {'tag': 'div', 'src': None, 'aria_label': None, 'class': ['ad', 'cat_side3'], 'id': None, 'text': ''}]",-6,1,41,0.04525386313465784,20,4,7,1,0,15,133,7,1,16,4,0.0667,0.1203,0.5714,408,newsbook,news_listing
134,37,49,0,15,2,21,21,6480,955,16,6,"[{'tag': 'div', 'src': None, 'aria_label': None, 'class': ['ad', 'top_push_alt'], 'id': None, 'text': ''}, {'tag': 'div', 'src': None, 'aria_label': None, 'class': ['ad', 'top_push'], 'id': None, 'text': ''}, {'tag': 'div', 'src': None, 'aria_label': None, 'class': ['ad', 'cat_side1'], 'id': None, 'text': ''}, {'tag': 'div', 'src': None, 'aria_label': None, 'class': ['ad', 'allcats_side_btwn_1_2'], 'id': None, 'text': ''}, {'tag': 'div', 'src': None, 'aria_label': None, 'class': ['ad', 'cat_side2'], 'id': None, 'text': ''}, {'tag': 'div', 'src': None, 'aria_label': None, 'class': ['ad', 'cat_side3'], 'id': None, 'text': ''}]",-6,1,41,0.04520396912899669,20,4,7,1,0,15,134,7,1,16,4,0.0667,0.1194,0.5714,409,newsbook,news_listing
134,37,49,0,15,2,21,21,6480,955,16,6,"[{'tag': 'div', 'src': None, 'aria_label': None, 'class': ['ad', 'top_push_alt'], 'id': None, 'text': ''}, {'tag': 'div', 'src': None, 'aria_label': None, 'class': ['ad', 'top_push'], 'id': None, 'text': ''}, {'tag': 'div', 'src': None, 'aria_label': None, 'class': ['ad', 'cat_side1'], 'id': None, 'text': ''}, {'tag': 'div', 'src': None, 'aria_label': None, 'class': ['ad', 'allcats_side_btwn_1_2'], 'id': None, 'text': ''}, {'tag': 'div', 'src': None, 'aria_label': None, 'class': ['ad', 'cat_side2'], 'id': None, 'text': ''}, {'tag': 'div', 'src': None, 'aria_label': None, 'class': ['ad', 'cat_side3'], 'id': None, 'text': ''}]",-6,1,41,0.04520396912899669,20,4,7,1,0,15,134,7,1,16,4,0.0667,0.1194,0.5714,410,newsbook,news_listing
134,37,49,0,15,2,21,21,6480,955,16,6,"[{'tag': 'div', 'src': None, 'aria_label': None, 'class': ['ad', 'top_push_alt'], 'id': None, 'text': ''}, {'tag': 'div', 'src': None, 'aria_label': None, 'class': ['ad', 'top_push'], 'id': None, 'text': ''}, {'tag': 'div', 'src': None, 'aria_label': None, 'class': ['ad', 'cat_side1'], 'id': None, 'text': ''}, {'tag': 'div', 'src': None, 'aria_label': None, 'class': ['ad', 'allcats_side_btwn_1_2'], 'id': None, 'text': ''}, {'tag': 'div', 'src': None, 'aria_label': None, 'class': ['ad', 'cat_side2'], 'id': None, 'text': ''}, {'tag': 'div', 'src': None, 'aria_label': None, 'class': ['ad', 'cat_side3'], 'id': None, 'text': ''}]",-6,1,41,0.04520396912899669,20,4,7,1,0,15,134,7,1,16,4,0.0667,0.1194,0.5714,411,newsbook,news_listing
134,37,49,0,15,2,21,21,6480,955,16,6,"[{'tag': 'div', 'src': None, 'aria_label': None, 'class': ['ad', 'top_push_alt'], 'id': None, 'text': ''}, {'tag': 'div', 'src': None, 'aria_label': None, 'class': ['ad', 'top_push'], 'id': None, 'text': ''}, {'tag': 'div', 'src': None, 'aria_label': None, 'class': ['ad', 'cat_side1'], 'id': None, 'text': ''}, {'tag': 'div', 'src': None, 'aria_label': None, 'class': ['ad', 'allcats_side_btwn_1_2'], 'id': None, 'text': ''}, {'tag': 'div', 'src': None, 'aria_label': None, 'class': ['ad', 'cat_side2'], 'id': None, 'text': ''}, {'tag': 'div', 'src': None, 'aria_label': None, 'class': ['ad', 'cat_side3'], 'id': None, 'text': ''}]",-6,1,41,0.04520396912899669,20,4,7,1,0,15,134,7,1,16,4,0.0667,0.1194,0.5714,412,newsbook,news_listing
135,40,49,0,15,2,21,21,6628,975,16,6,"[{'tag': 'div', 'src': None, 'aria_label': None, 'class': ['ad', 'top_push_alt'], 'id': None, 'text': ''}, {'tag': 'div', 'src': None, 'aria_label': None, 'class': ['ad', 'top_push'], 'id': None, 'text': ''}, {'tag': 'div', 'src': None, 'aria_label': None, 'class': ['ad', 'cat_side1'], 'id': None, 'text': ''}, {'tag': 'div', 'src': None, 'aria_label': None, 'class': ['ad', 'allcats_side_btwn_1_2'], 'id': None, 'text': ''}, {'tag': 'div', 'src': None, 'aria_label': None, 'class': ['ad', 'cat_side2'], 'id': None, 'text': ''}, {'tag': 'div', 'src': None, 'aria_label': None, 'class': ['ad', 'cat_side3'], 'id': None, 'text': ''}]",-6,1,41,0.044857768052516414,20,4,7,1,0,15,135,7,1,17,4,0.0667,0.1259,0.5714,413,newsbook,news_listing
135,40,49,0,15,2,21,21,6628,975,16,6,"[{'tag': 'div', 'src': None, 'aria_label': None, 'class': ['ad', 'top_push_alt'], 'id': None, 'text': ''}, {'tag': 'div', 'src': None, 'aria_label': None, 'class': ['ad', 'top_push'], 'id': None, 'text': ''}, {'tag': 'div', 'src': None, 'aria_label': None, 'class': ['ad', 'cat_side1'], 'id': None, 'text': ''}, {'tag': 'div', 'src': None, 'aria_label': None, 'class': ['ad', 'allcats_side_btwn_1_2'], 'id': None, 'text': ''}, {'tag': 'div', 'src': None, 'aria_label': None, 'class': ['ad', 'cat_side2'], 'id': None, 'text': ''}, {'tag': 'div', 'src': None, 'aria_label': None, 'class': ['ad', 'cat_side3'], 'id': None, 'text': ''}]",-6,1,41,0.044857768052516414,20,4,7,1,0,15,135,7,1,17,4,0.0667,0.1259,0.5714,414,newsbook,news_listing
135,40,49,0,15,2,21,21,6628,975,16,6,"[{'tag': 'div', 'src': None, 'aria_label': None, 'class': ['ad', 'top_push_alt'], 'id': None, 'text': ''}, {'tag': 'div', 'src': None, 'aria_label': None, 'class': ['ad', 'top_push'], 'id': None, 'text': ''}, {'tag': 'div', 'src': None, 'aria_label': None, 'class': ['ad', 'cat_side1'], 'id': None, 'text': ''}, {'tag': 'div', 'src': None, 'aria_label': None, 'class': ['ad', 'allcats_side_btwn_1_2'], 'id': None, 'text': ''}, {'tag': 'div', 'src': None, 'aria_label': None, 'class': ['ad', 'cat_side2'], 'id': None, 'text': ''}, {'tag': 'div', 'src': None, 'aria_label': None, 'class': ['ad', 'cat_side3'], 'id': None, 'text': ''}]",-6,1,41,0.044857768052516414,20,4,7,1,0,15,135,7,1,17,4,0.0667,0.1259,0.5714,415,newsbook,news_listing
134,38,49,0,15,2,21,21,6501,950,16,6,"[{'tag': 'div', 'src': None, 'aria_label': None, 'class': ['ad', 'top_push_alt'], 'id': None, 'text': ''}, {'tag': 'div', 'src': None, 'aria_label': None, 'class': ['ad', 'top_push'], 'id': None, 'text': ''}, {'tag': 'div', 'src': None, 'aria_label': None, 'class': ['ad', 'cat_side1'], 'id': None, 'text': ''}, {'tag': 'div', 'src': None, 'aria_label': None, 'class': ['ad', 'allcats_side_btwn_1_2'], 'id': None, 'text': ''}, {'tag': 'div', 'src': None, 'aria_label': None, 'class': ['ad', 'cat_side2'], 'id': None, 'text': ''}, {'tag': 'div', 'src': None, 'aria_label': None, 'class': ['ad', 'cat_side3'], 'id': None, 'text': ''}]",-6,1,41,0.045054945054945054,20,4,7,1,0,15,134,7,1,16,4,0.0667,0.1194,0.5714,416,newsbook,news_listing
129,41,48,0,15,2,21,21,6590,1013,16,6,"[{'tag': 'div', 'src': None, 'aria_label': None, 'class': ['ad', 'top_push_alt'], 'id': None, 'text': ''}, {'tag': 'div', 'src': None, 'aria_label': None, 'class': ['ad', 'top_push'], 'id': None, 'text': ''}, {'tag': 'div', 'src': None, 'aria_label': None, 'class': ['ad', 'cat_side1'], 'id': None, 'text': ''}, {'tag': 'div', 'src': None, 'aria_label': None, 'class': ['ad', 'allcats_side_btwn_1_2'], 'id': None, 'text': ''}, {'tag': 'div', 'src': None, 'aria_label': None, 'class': ['ad', 'cat_side2'], 'id': None, 'text': ''}, {'tag': 'div', 'src': None, 'aria_label': None, 'class': ['ad', 'cat_side3'], 'id': None, 'text': ''}]",-6,1,41,0.04520396912899669,20,4,7,1,0,15,129,7,1,16,4,0.0667,0.124,0.5714,417,newsbook,news_listing
129,41,48,0,15,2,21,21,6590,1013,16,6,"[{'tag': 'div', 'src': None, 'aria_label': None, 'class': ['ad', 'top_push_alt'], 'id': None, 'text': ''}, {'tag': 'div', 'src': None, 'aria_label': None, 'class': ['ad', 'top_push'], 'id': None, 'text': ''}, {'tag': 'div', 'src': None, 'aria_label': None, 'class': ['ad', 'cat_side1'], 'id': None, 'text': ''}, {'tag': 'div', 'src': None, 'aria_label': None, 'class': ['ad', 'allcats_side_btwn_1_2'], 'id': None, 'text': ''}, {'tag': 'div', 'src': None, 'aria_label': None, 'class': ['ad', 'cat_side2'], 'id': None, 'text': ''}, {'tag': 'div', 'src': None, 'aria_label': None, 'class': ['ad', 'cat_side3'], 'id': None, 'text': ''}]",-6,1,41,0.04520396912899669,20,4,7,1,0,15,129,7,1,16,4,0.0667,0.124,0.5714,418,newsbook,news_listing
129,41,48,0,15,2,21,21,6590,1013,16,6,"[{'tag': 'div', 'src': None, 'aria_label': None, 'class': ['ad', 'top_push_alt'], 'id': None, 'text': ''}, {'tag': 'div', 'src': None, 'aria_label': None, 'class': ['ad', 'top_push'], 'id': None, 'text': ''}, {'tag': 'div', 'src': None, 'aria_label': None, 'class': ['ad', 'cat_side1'], 'id': None, 'text': ''}, {'tag': 'div', 'src': None, 'aria_label': None, 'class': ['ad', 'allcats_side_btwn_1_2'], 'id': None, 'text': ''}, {'tag': 'div', 'src': None, 'aria_label': None, 'class': ['ad', 'cat_side2'], 'id': None, 'text': ''}, {'tag': 'div', 'src': None, 'aria_label': None, 'class': ['ad', 'cat_side3'], 'id': None, 'text': ''}]",-6,1,41,0.04520396912899669,20,4,7,1,0,15,129,7,1,16,4,0.0667,0.124,0.5714,419,newsbook,news_listing
129,41,48,0,15,2,21,21,6590,1013,16,6,"[{'tag': 'div', 'src': None, 'aria_label': None, 'class': ['ad', 'top_push_alt'], 'id': None, 'text': ''}, {'tag': 'div', 'src': None, 'aria_label': None, 'class': ['ad', 'top_push'], 'id': None, 'text': ''}, {'tag': 'div', 'src': None, 'aria_label': None, 'class': ['ad', 'cat_side1'], 'id': None, 'text': ''}, {'tag': 'div', 'src': None, 'aria_label': None, 'class': ['ad', 'allcats_side_btwn_1_2'], 'id': None, 'text': ''}, {'tag': 'div', 'src': None, 'aria_label': None, 'class': ['ad', 'cat_side2'], 'id': None, 'text': ''}, {'tag': 'div', 'src': None, 'aria_label': None, 'class': ['ad', 'cat_side3'], 'id': None, 'text': ''}]",-6,1,41,0.04520396912899669,20,4,7,1,0,15,129,7,1,16,4,0.0667,0.124,0.5714,420,newsbook,news_listing
129,41,48,0,15,2,21,21,6590,1013,16,6,"[{'tag': 'div', 'src': None, 'aria_label': None, 'class': ['ad', 'top_push_alt'], 'id': None, 'text': ''}, {'tag': 'div', 'src': None, 'aria_label': None, 'class': ['ad', 'top_push'], 'id': None, 'text': ''}, {'tag': 'div', 'src': None, 'aria_label': None, 'class': ['ad', 'cat_side1'], 'id': None, 'text': ''}, {'tag': 'div', 'src': None, 'aria_label': None, 'class': ['ad', 'allcats_side_btwn_1_2'], 'id': None, 'text': ''}, {'tag': 'div', 'src': None, 'aria_label': None, 'class': ['ad', 'cat_side2'], 'id': None, 'text': ''}, {'tag': 'div', 'src': None, 'aria_label': None, 'class': ['ad', 'cat_side3'], 'id': None, 'text': ''}]",-6,1,41,0.04520396912899669,20,4,7,1,0,15,129,7,1,16,4,0.0667,0.124,0.5714,421,newsbook,news_listing
129,38,48,0,15,2,21,21,6283,956,16,6,"[{'tag': 'div', 'src': None, 'aria_label': None, 'class': ['ad', 'top_push_alt'], 'id': None, 'text': ''}, {'tag': 'div', 'src': None, 'aria_label': None, 'class': ['ad', 'top_push'], 'id': None, 'text': ''}, {'tag': 'div', 'src': None, 'aria_label': None, 'class': ['ad', 'cat_side1'], 'id': None, 'text': ''}, {'tag': 'div', 'src': None, 'aria_label': None, 'class': ['ad', 'allcats_side_btwn_1_2'], 'id': None, 'text': ''}, {'tag': 'div', 'src': None, 'aria_label': None, 'class': ['ad', 'cat_side2'], 'id': None, 'text': ''}, {'tag': 'div', 'src': None, 'aria_label': None, 'class': ['ad', 'cat_side3'], 'id': None, 'text': ''}]",-6,1,41,0.04550499445061043,20,4,7,1,0,15,129,7,1,16,4,0.0667,0.124,0.5714,422,newsbook,news_listing
129,38,48,0,15,2,21,21,6283,956,16,6,"[{'tag': 'div', 'src': None, 'aria_label': None, 'class': ['ad', 'top_push_alt'], 'id': None, 'text': ''}, {'tag': 'div', 'src': None, 'aria_label': None, 'class': ['ad', 'top_push'], 'id': None, 'text': ''}, {'tag': 'div', 'src': None, 'aria_label': None, 'class': ['ad', 'cat_side1'], 'id': None, 'text': ''}, {'tag': 'div', 'src': None, 'aria_label': None, 'class': ['ad', 'allcats_side_btwn_1_2'], 'id': None, 'text': ''}, {'tag': 'div', 'src': None, 'aria_label': None, 'class': ['ad', 'cat_side2'], 'id': None, 'text': ''}, {'tag': 'div', 'src': None, 'aria_label': None, 'class': ['ad', 'cat_side3'], 'id': None, 'text': ''}]",-6,1,41,0.04550499445061043,20,4,7,1,0,15,129,7,1,16,4,0.0667,0.124,0.5714,423,newsbook,news_listing
129,38,48,0,15,2,21,21,6283,956,16,6,"[{'tag': 'div', 'src': None, 'aria_label': None, 'class': ['ad', 'top_push_alt'], 'id': None, 'text': ''}, {'tag': 'div', 'src': None, 'aria_label': None, 'class': ['ad', 'top_push'], 'id': None, 'text': ''}, {'tag': 'div', 'src': None, 'aria_label': None, 'class': ['ad', 'cat_side1'], 'id': None, 'text': ''}, {'tag': 'div', 'src': None, 'aria_label': None, 'class': ['ad', 'allcats_side_btwn_1_2'], 'id': None, 'text': ''}, {'tag': 'div', 'src': None, 'aria_label': None, 'class': ['ad', 'cat_side2'], 'id': None, 'text': ''}, {'tag': 'div', 'src': None, 'aria_label': None, 'class': ['ad', 'cat_side3'], 'id': None, 'text': ''}]",-6,1,41,0.04550499445061043,20,4,7,1,0,15,129,7,1,16,4,0.0667,0.124,0.5714,424,newsbook,news_listing
129,38,48,0,15,2,21,21,6283,956,16,6,"[{'tag': 'div', 'src': None, 'aria_label': None, 'class': ['ad', 'top_push_alt'], 'id': None, 'text': ''}, {'tag': 'div', 'src': None, 'aria_label': None, 'class': ['ad', 'top_push'], 'id': None, 'text': ''}, {'tag': 'div', 'src': None, 'aria_label': None, 'class': ['ad', 'cat_side1'], 'id': None, 'text': ''}, {'tag': 'div', 'src': None, 'aria_label': None, 'class': ['ad', 'allcats_side_btwn_1_2'], 'id': None, 'text': ''}, {'tag': 'div', 'src': None, 'aria_label': None, 'class': ['ad', 'cat_side2'], 'id': None, 'text': ''}, {'tag': 'div', 'src': None, 'aria_label': None, 'class': ['ad', 'cat_side3'], 'id': None, 'text': ''}]",-6,1,41,0.04550499445061043,20,4,7,1,0,15,129,7,1,16,4,0.0667,0.124,0.5714,425,newsbook,news_listing
130,37,48,0,15,2,21,21,6412,977,16,6,"[{'tag': 'div', 'src': None, 'aria_label': None, 'class': ['ad', 'top_push_alt'], 'id': None, 'text': ''}, {'tag': 'div', 'src': None, 'aria_label': None, 'class': ['ad', 'top_push'], 'id': None, 'text': ''}, {'tag': 'div', 'src': None, 'aria_label': None, 'class': ['ad', 'cat_side1'], 'id': None, 'text': ''}, {'tag': 'div', 'src': None, 'aria_label': None, 'class': ['ad', 'allcats_side_btwn_1_2'], 'id': None, 'text': ''}, {'tag': 'div', 'src': None, 'aria_label': None, 'class': ['ad', 'cat_side2'], 'id': None, 'text': ''}, {'tag': 'div', 'src': None, 'aria_label': None, 'class': ['ad', 'cat_side3'], 'id': None, 'text': ''}]",-6,1,41,0.04555555555555556,20,4,7,1,0,15,130,7,1,16,4,0.0667,0.1231,0.5714,426,newsbook,news_listing
130,37,48,0,15,2,21,21,6412,977,16,6,"[{'tag': 'div', 'src': None, 'aria_label': None, 'class': ['ad', 'top_push_alt'], 'id': None, 'text': ''}, {'tag': 'div', 'src': None, 'aria_label': None, 'class': ['ad', 'top_push'], 'id': None, 'text': ''}, {'tag': 'div', 'src': None, 'aria_label': None, 'class': ['ad', 'cat_side1'], 'id': None, 'text': ''}, {'tag': 'div', 'src': None, 'aria_label': None, 'class': ['ad', 'allcats_side_btwn_1_2'], 'id': None, 'text': ''}, {'tag': 'div', 'src': None, 'aria_label': None, 'class': ['ad', 'cat_side2'], 'id': None, 'text': ''}, {'tag': 'div', 'src': None, 'aria_label': None, 'class': ['ad', 'cat_side3'], 'id': None, 'text': ''}]",-6,1,41,0.04555555555555556,20,4,7,1,0,15,130,7,1,16,4,0.0667,0.1231,0.5714,427,newsbook,news_listing
130,37,48,0,15,2,21,21,6412,977,16,6,"[{'tag': 'div', 'src': None, 'aria_label': None, 'class': ['ad', 'top_push_alt'], 'id': None, 'text': ''}, {'tag': 'div', 'src': None, 'aria_label': None, 'class': ['ad', 'top_push'], 'id': None, 'text': ''}, {'tag': 'div', 'src': None, 'aria_label': None, 'class': ['ad', 'cat_side1'], 'id': None, 'text': ''}, {'tag': 'div', 'src': None, 'aria_label': None, 'class': ['ad', 'allcats_side_btwn_1_2'], 'id': None, 'text': ''}, {'tag': 'div', 'src': None, 'aria_label': None, 'class': ['ad', 'cat_side2'], 'id': None, 'text': ''}, {'tag': 'div', 'src': None, 'aria_label': None, 'class': ['ad', 'cat_side3'], 'id': None, 'text': ''}]",-6,1,41,0.04555555555555556,20,4,7,1,0,15,130,7,1,16,4,0.0667,0.1231,0.5714,428,newsbook,news_listing
130,38,48,0,15,2,21,21,6586,1018,16,6,"[{'tag': 'div', 'src': None, 'aria_label': None, 'class': ['ad', 'top_push_alt'], 'id': None, 'text': ''}, {'tag': 'div', 'src': None, 'aria_label': None, 'class': ['ad', 'top_push'], 'id': None, 'text': ''}, {'tag': 'div', 'src': None, 'aria_label': None, 'class': ['ad', 'cat_side1'], 'id': None, 'text': ''}, {'tag': 'div', 'src': None, 'aria_label': None, 'class': ['ad', 'allcats_side_btwn_1_2'], 'id': None, 'text': ''}, {'tag': 'div', 'src': None, 'aria_label': None, 'class': ['ad', 'cat_side2'], 'id': None, 'text': ''}, {'tag': 'div', 'src': None, 'aria_label': None, 'class': ['ad', 'cat_side3'], 'id': None, 'text': ''}]",-6,1,41,0.04540420819490587,20,4,7,1,0,15,130,7,1,16,4,0.0667,0.1231,0.5714,429,newsbook,news_listing
130,38,48,0,15,2,21,21,6586,1018,16,6,"[{'tag': 'div', 'src': None, 'aria_label': None, 'class': ['ad', 'top_push_alt'], 'id': None, 'text': ''}, {'tag': 'div', 'src': None, 'aria_label': None, 'class': ['ad', 'top_push'], 'id': None, 'text': ''}, {'tag': 'div', 'src': None, 'aria_label': None, 'class': ['ad', 'cat_side1'], 'id': None, 'text': ''}, {'tag': 'div', 'src': None, 'aria_label': None, 'class': ['ad', 'allcats_side_btwn_1_2'], 'id': None, 'text': ''}, {'tag': 'div', 'src': None, 'aria_label': None, 'class': ['ad', 'cat_side2'], 'id': None, 'text': ''}, {'tag': 'div', 'src': None, 'aria_label': None, 'class': ['ad', 'cat_side3'], 'id': None, 'text': ''}]",-6,1,41,0.04540420819490587,20,4,7,1,0,15,130,7,1,16,4,0.0667,0.1231,0.5714,430,newsbook,news_listing
130,38,48,0,15,2,21,21,6586,1018,16,6,"[{'tag': 'div', 'src': None, 'aria_label': None, 'class': ['ad', 'top_push_alt'], 'id': None, 'text': ''}, {'tag': 'div', 'src': None, 'aria_label': None, 'class': ['ad', 'top_push'], 'id': None, 'text': ''}, {'tag': 'div', 'src': None, 'aria_label': None, 'class': ['ad', 'cat_side1'], 'id': None, 'text': ''}, {'tag': 'div', 'src': None, 'aria_label': None, 'class': ['ad', 'allcats_side_btwn_1_2'], 'id': None, 'text': ''}, {'tag': 'div', 'src': None, 'aria_label': None, 'class': ['ad', 'cat_side2'], 'id': None, 'text': ''}, {'tag': 'div', 'src': None, 'aria_label': None, 'class': ['ad', 'cat_side3'], 'id': None, 'text': ''}]",-6,1,41,0.04540420819490587,20,4,7,1,0,15,130,7,1,16,4,0.0667,0.1231,0.5714,431,newsbook,news_listing
130,36,48,0,15,2,21,21,6653,1014,16,6,"[{'tag': 'div', 'src': None, 'aria_label': None, 'class': ['ad', 'top_push_alt'], 'id': None, 'text': ''}, {'tag': 'div', 'src': None, 'aria_label': None, 'class': ['ad', 'top_push'], 'id': None, 'text': ''}, {'tag': 'div', 'src': None, 'aria_label': None, 'class': ['ad', 'cat_side1'], 'id': None, 'text': ''}, {'tag': 'div', 'src': None, 'aria_label': None, 'class': ['ad', 'allcats_side_btwn_1_2'], 'id': None, 'text': ''}, {'tag': 'div', 'src': None, 'aria_label': None, 'class': ['ad', 'cat_side2'], 'id': None, 'text': ''}, {'tag': 'div', 'src': None, 'aria_label': None, 'class': ['ad', 'cat_side3'], 'id': None, 'text': ''}]",-6,1,41,0.04560622914349277,20,4,7,1,0,15,130,7,1,16,4,0.0667,0.1231,0.5714,432,newsbook,news_listing
132,33,49,0,15,2,21,21,6535,946,16,6,"[{'tag': 'div', 'src': None, 'aria_label': None, 'class': ['ad', 'top_push_alt'], 'id': None, 'text': ''}, {'tag': 'div', 'src': None, 'aria_label': None, 'class': ['ad', 'top_push'], 'id': None, 'text': ''}, {'tag': 'div', 'src': None, 'aria_label': None, 'class': ['ad', 'cat_side1'], 'id': None, 'text': ''}, {'tag': 'div', 'src': None, 'aria_label': None, 'class': ['ad', 'allcats_side_btwn_1_2'], 'id': None, 'text': ''}, {'tag': 'div', 'src': None, 'aria_label': None, 'class': ['ad', 'cat_side2'], 'id': None, 'text': ''}, {'tag': 'div', 'src': None, 'aria_label': None, 'class': ['ad', 'cat_side3'], 'id': None, 'text': ''}]",-6,1,41,0.045657015590200446,20,4,7,1,0,15,132,7,1,15,4,0.0667,0.1136,0.5714,433,newsbook,news_listing
132,33,49,0,15,2,21,21,6535,946,16,6,"[{'tag': 'div', 'src': None, 'aria_label': None, 'class': ['ad', 'top_push_alt'], 'id': None, 'text': ''}, {'tag': 'div', 'src': None, 'aria_label': None, 'class': ['ad', 'top_push'], 'id': None, 'text': ''}, {'tag': 'div', 'src': None, 'aria_label': None, 'class': ['ad', 'cat_side1'], 'id': None, 'text': ''}, {'tag': 'div', 'src': None, 'aria_label': None, 'class': ['ad', 'allcats_side_btwn_1_2'], 'id': None, 'text': ''}, {'tag': 'div', 'src': None, 'aria_label': None, 'class': ['ad', 'cat_side2'], 'id': None, 'text': ''}, {'tag': 'div', 'src': None, 'aria_label': None, 'class': ['ad', 'cat_side3'], 'id': None, 'text': ''}]",-6,1,41,0.045657015590200446,20,4,7,1,0,15,132,7,1,15,4,0.0667,0.1136,0.5714,434,newsbook,news_listing
132,33,49,0,15,2,21,21,6535,946,16,6,"[{'tag': 'div', 'src': None, 'aria_label': None, 'class': ['ad', 'top_push_alt'], 'id': None, 'text': ''}, {'tag': 'div', 'src': None, 'aria_label': None, 'class': ['ad', 'top_push'], 'id': None, 'text': ''}, {'tag': 'div', 'src': None, 'aria_label': None, 'class': ['ad', 'cat_side1'], 'id': None, 'text': ''}, {'tag': 'div', 'src': None, 'aria_label': None, 'class': ['ad', 'allcats_side_btwn_1_2'], 'id': None, 'text': ''}, {'tag': 'div', 'src': None, 'aria_label': None, 'class': ['ad', 'cat_side2'], 'id': None, 'text': ''}, {'tag': 'div', 'src': None, 'aria_label': None, 'class': ['ad', 'cat_side3'], 'id': None, 'text': ''}]",-6,1,41,0.045657015590200446,20,4,7,1,0,15,132,7,1,15,4,0.0667,0.1136,0.5714,435,newsbook,news_listing
132,33,49,0,15,2,21,21,6535,946,16,6,"[{'tag': 'div', 'src': None, 'aria_label': None, 'class': ['ad', 'top_push_alt'], 'id': None, 'text': ''}, {'tag': 'div', 'src': None, 'aria_label': None, 'class': ['ad', 'top_push'], 'id': None, 'text': ''}, {'tag': 'div', 'src': None, 'aria_label': None, 'class': ['ad', 'cat_side1'], 'id': None, 'text': ''}, {'tag': 'div', 'src': None, 'aria_label': None, 'class': ['ad', 'allcats_side_btwn_1_2'], 'id': None, 'text': ''}, {'tag': 'div', 'src': None, 'aria_label': None, 'class': ['ad', 'cat_side2'], 'id': None, 'text': ''}, {'tag': 'div', 'src': None, 'aria_label': None, 'class': ['ad', 'cat_side3'], 'id': None, 'text': ''}]",-6,1,41,0.045657015590200446,20,4,7,1,0,15,132,7,1,15,4,0.0667,0.1136,0.5714,436,newsbook,news_listing
134,34,49,0,15,2,21,21,6957,1007,16,6,"[{'tag': 'div', 'src': None, 'aria_label': None, 'class': ['ad', 'top_push_alt'], 'id': None, 'text': ''}, {'tag': 'div', 'src': None, 'aria_label': None, 'class': ['ad', 'top_push'], 'id': None, 'text': ''}, {'tag': 'div', 'src': None, 'aria_label': None, 'class': ['ad', 'cat_side1'], 'id': None, 'text': ''}, {'tag': 'div', 'src': None, 'aria_label': None, 'class': ['ad', 'allcats_side_btwn_1_2'], 'id': None, 'text': ''}, {'tag': 'div', 'src': None, 'aria_label': None, 'class': ['ad', 'cat_side2'], 'id': None, 'text': ''}, {'tag': 'div', 'src': None, 'aria_label': None, 'class': ['ad', 'cat_side3'], 'id': None, 'text': ''}]",-6,1,41,0.04555555555555556,20,4,7,1,0,15,134,7,1,17,4,0.0667,0.1269,0.5714,437,newsbook,news_listing
134,34,49,0,15,2,21,21,6957,1007,16,6,"[{'tag': 'div', 'src': None, 'aria_label': None, 'class': ['ad', 'top_push_alt'], 'id': None, 'text': ''}, {'tag': 'div', 'src': None, 'aria_label': None, 'class': ['ad', 'top_push'], 'id': None, 'text': ''}, {'tag': 'div', 'src': None, 'aria_label': None, 'class': ['ad', 'cat_side1'], 'id': None, 'text': ''}, {'tag': 'div', 'src': None, 'aria_label': None, 'class': ['ad', 'allcats_side_btwn_1_2'], 'id': None, 'text': ''}, {'tag': 'div', 'src': None, 'aria_label': None, 'class': ['ad', 'cat_side2'], 'id': None, 'text': ''}, {'tag': 'div', 'src': None, 'aria_label': None, 'class': ['ad', 'cat_side3'], 'id': None, 'text': ''}]",-6,1,41,0.04555555555555556,20,4,7,1,0,15,134,7,1,17,4,0.0667,0.1269,0.5714,438,newsbook,news_listing
134,34,49,0,15,2,21,21,6957,1007,16,6,"[{'tag': 'div', 'src': None, 'aria_label': None, 'class': ['ad', 'top_push_alt'], 'id': None, 'text': ''}, {'tag': 'div', 'src': None, 'aria_label': None, 'class': ['ad', 'top_push'], 'id': None, 'text': ''}, {'tag': 'div', 'src': None, 'aria_label': None, 'class': ['ad', 'cat_side1'], 'id': None, 'text': ''}, {'tag': 'div', 'src': None, 'aria_label': None, 'class': ['ad', 'allcats_side_btwn_1_2'], 'id': None, 'text': ''}, {'tag': 'div', 'src': None, 'aria_label': None, 'class': ['ad', 'cat_side2'], 'id': None, 'text': ''}, {'tag': 'div', 'src': None, 'aria_label': None, 'class': ['ad', 'cat_side3'], 'id': None, 'text': ''}]",-6,1,41,0.04555555555555556,20,4,7,1,0,15,134,7,1,17,4,0.0667,0.1269,0.5714,439,newsbook,news_listing
134,36,49,0,15,2,21,21,6621,958,16,6,"[{'tag': 'div', 'src': None, 'aria_label': None, 'class': ['ad', 'top_push_alt'], 'id': None, 'text': ''}, {'tag': 'div', 'src': None, 'aria_label': None, 'class': ['ad', 'top_push'], 'id': None, 'text': ''}, {'tag': 'div', 'src': None, 'aria_label': None, 'class': ['ad', 'cat_side1'], 'id': None, 'text': ''}, {'tag': 'div', 'src': None, 'aria_label': None, 'class': ['ad', 'allcats_side_btwn_1_2'], 'id': None, 'text': ''}, {'tag': 'div', 'src': None, 'aria_label': None, 'class': ['ad', 'cat_side2'], 'id': None, 'text': ''}, {'tag': 'div', 'src': None, 'aria_label': None, 'class': ['ad', 'cat_side3'], 'id': None, 'text': ''}]",-6,1,41,0.045303867403314914,20,4,7,1,0,15,134,7,1,16,4,0.0667,0.1194,0.5714,440,newsbook,news_listing
134,36,49,0,15,2,21,21,6621,958,16,6,"[{'tag': 'div', 'src': None, 'aria_label': None, 'class': ['ad', 'top_push_alt'], 'id': None, 'text': ''}, {'tag': 'div', 'src': None, 'aria_label': None, 'class': ['ad', 'top_push'], 'id': None, 'text': ''}, {'tag': 'div', 'src': None, 'aria_label': None, 'class': ['ad', 'cat_side1'], 'id': None, 'text': ''}, {'tag': 'div', 'src': None, 'aria_label': None, 'class': ['ad', 'allcats_side_btwn_1_2'], 'id': None, 'text': ''}, {'tag': 'div', 'src': None, 'aria_label': None, 'class': ['ad', 'cat_side2'], 'id': None, 'text': ''}, {'tag': 'div', 'src': None, 'aria_label': None, 'class': ['ad', 'cat_side3'], 'id': None, 'text': ''}]",-6,1,41,0.045303867403314914,20,4,7,1,0,15,134,7,1,16,4,0.0667,0.1194,0.5714,441,newsbook,news_listing
133,33,49,0,15,2,21,21,6399,947,16,6,"[{'tag': 'div', 'src': None, 'aria_label': None, 'class': ['ad', 'top_push_alt'], 'id': None, 'text': ''}, {'tag': 'div', 'src': None, 'aria_label': None, 'class': ['ad', 'top_push'], 'id': None, 'text': ''}, {'tag': 'div', 'src': None, 'aria_label': None, 'class': ['ad', 'cat_side1'], 'id': None, 'text': ''}, {'tag': 'div', 'src': None, 'aria_label': None, 'class': ['ad', 'allcats_side_btwn_1_2'], 'id': None, 'text': ''}, {'tag': 'div', 'src': None, 'aria_label': None, 'class': ['ad', 'cat_side2'], 'id': None, 'text': ''}, {'tag': 'div', 'src': None, 'aria_label': None, 'class': ['ad', 'cat_side3'], 'id': None, 'text': ''}]",-6,1,41,0.04555555555555556,20,4,7,1,0,15,133,7,1,15,4,0.0667,0.1128,0.5714,442,newsbook,news_listing
133,33,49,0,15,2,21,21,6399,947,16,6,"[{'tag': 'div', 'src': None, 'aria_label': None, 'class': ['ad', 'top_push_alt'], 'id': None, 'text': ''}, {'tag': 'div', 'src': None, 'aria_label': None, 'class': ['ad', 'top_push'], 'id': None, 'text': ''}, {'tag': 'div', 'src': None, 'aria_label': None, 'class': ['ad', 'cat_side1'], 'id': None, 'text': ''}, {'tag': 'div', 'src': None, 'aria_label': None, 'class': ['ad', 'allcats_side_btwn_1_2'], 'id': None, 'text': ''}, {'tag': 'div', 'src': None, 'aria_label': None, 'class': ['ad', 'cat_side2'], 'id': None, 'text': ''}, {'tag': 'div', 'src': None, 'aria_label': None, 'class': ['ad', 'cat_side3'], 'id': None, 'text': ''}]",-6,1,41,0.04555555555555556,20,4,7,1,0,15,133,7,1,15,4,0.0667,0.1128,0.5714,443,newsbook,news_listing
134,35,49,0,15,2,21,21,6638,964,16,6,"[{'tag': 'div', 'src': None, 'aria_label': None, 'class': ['ad', 'top_push_alt'], 'id': None, 'text': ''}, {'tag': 'div', 'src': None, 'aria_label': None, 'class': ['ad', 'top_push'], 'id': None, 'text': ''}, {'tag': 'div', 'src': None, 'aria_label': None, 'class': ['ad', 'cat_side1'], 'id': None, 'text': ''}, {'tag': 'div', 'src': None, 'aria_label': None, 'class': ['ad', 'allcats_side_btwn_1_2'], 'id': None, 'text': ''}, {'tag': 'div', 'src': None, 'aria_label': None, 'class': ['ad', 'cat_side2'], 'id': None, 'text': ''}, {'tag': 'div', 'src': None, 'aria_label': None, 'class': ['ad', 'cat_side3'], 'id': None, 'text': ''}]",-6,1,41,0.04535398230088496,20,4,7,1,0,15,134,7,1,16,4,0.0667,0.1194,0.5714,444,newsbook,news_listing
128,33,48,0,15,2,21,21,6470,983,16,6,"[{'tag': 'div', 'src': None, 'aria_label': None, 'class': ['ad', 'top_push_alt'], 'id': None, 'text': ''}, {'tag': 'div', 'src': None, 'aria_label': None, 'class': ['ad', 'top_push'], 'id': None, 'text': ''}, {'tag': 'div', 'src': None, 'aria_label': None, 'class': ['ad', 'cat_side1'], 'id': None, 'text': ''}, {'tag': 'div', 'src': None, 'aria_label': None, 'class': ['ad', 'allcats_side_btwn_1_2'], 'id': None, 'text': ''}, {'tag': 'div', 'src': None, 'aria_label': None, 'class': ['ad', 'cat_side2'], 'id': None, 'text': ''}, {'tag': 'div', 'src': None, 'aria_label': None, 'class': ['ad', 'cat_side3'], 'id': None, 'text': ''}]",-6,1,41,0.04601571268237935,20,4,7,1,0,15,128,7,1,15,4,0.0667,0.1172,0.5714,445,newsbook,news_listing
128,33,48,0,15,2,21,21,6470,983,16,6,"[{'tag': 'div', 'src': None, 'aria_label': None, 'class': ['ad', 'top_push_alt'], 'id': None, 'text': ''}, {'tag': 'div', 'src': None, 'aria_label': None, 'class': ['ad', 'top_push'], 'id': None, 'text': ''}, {'tag': 'div', 'src': None, 'aria_label': None, 'class': ['ad', 'cat_side1'], 'id': None, 'text': ''}, {'tag': 'div', 'src': None, 'aria_label': None, 'class': ['ad', 'allcats_side_btwn_1_2'], 'id': None, 'text': ''}, {'tag': 'div', 'src': None, 'aria_label': None, 'class': ['ad', 'cat_side2'], 'id': None, 'text': ''}, {'tag': 'div', 'src': None, 'aria_label': None, 'class': ['ad', 'cat_side3'], 'id': None, 'text': ''}]",-6,1,41,0.04601571268237935,20,4,7,1,0,15,128,7,1,15,4,0.0667,0.1172,0.5714,446,newsbook,news_listing
128,33,48,0,15,2,21,21,6470,983,16,6,"[{'tag': 'div', 'src': None, 'aria_label': None, 'class': ['ad', 'top_push_alt'], 'id': None, 'text': ''}, {'tag': 'div', 'src': None, 'aria_label': None, 'class': ['ad', 'top_push'], 'id': None, 'text': ''}, {'tag': 'div', 'src': None, 'aria_label': None, 'class': ['ad', 'cat_side1'], 'id': None, 'text': ''}, {'tag': 'div', 'src': None, 'aria_label': None, 'class': ['ad', 'allcats_side_btwn_1_2'], 'id': None, 'text': ''}, {'tag': 'div', 'src': None, 'aria_label': None, 'class': ['ad', 'cat_side2'], 'id': None, 'text': ''}, {'tag': 'div', 'src': None, 'aria_label': None, 'class': ['ad', 'cat_side3'], 'id': None, 'text': ''}]",-6,1,41,0.04601571268237935,20,4,7,1,0,15,128,7,1,15,4,0.0667,0.1172,0.5714,447,newsbook,news_listing
129,34,48,0,15,2,21,21,6419,995,16,6,"[{'tag': 'div', 'src': None, 'aria_label': None, 'class': ['ad', 'top_push_alt'], 'id': None, 'text': ''}, {'tag': 'div', 'src': None, 'aria_label': None, 'class': ['ad', 'top_push'], 'id': None, 'text': ''}, {'tag': 'div', 'src': None, 'aria_label': None, 'class': ['ad', 'cat_side1'], 'id': None, 'text': ''}, {'tag': 'div', 'src': None, 'aria_label': None, 'class': ['ad', 'allcats_side_btwn_1_2'], 'id': None, 'text': ''}, {'tag': 'div', 'src': None, 'aria_label': None, 'class': ['ad', 'cat_side2'], 'id': None, 'text': ''}, {'tag': 'div', 'src': None, 'aria_label': None, 'class': ['ad', 'cat_side3'], 'id': None, 'text': ''}]",-6,1,41,0.04591265397536394,20,4,7,1,0,15,129,7,1,16,4,0.0667,0.124,0.5714,448,newsbook,news_listing
129,34,48,0,15,2,21,21,6419,995,16,6,"[{'tag': 'div', 'src': None, 'aria_label': None, 'class': ['ad', 'top_push_alt'], 'id': None, 'text': ''}, {'tag': 'div', 'src': None, 'aria_label': None, 'class': ['ad', 'top_push'], 'id': None, 'text': ''}, {'tag': 'div', 'src': None, 'aria_label': None, 'class': ['ad', 'cat_side1'], 'id': None, 'text': ''}, {'tag': 'div', 'src': None, 'aria_label': None, 'class': ['ad', 'allcats_side_btwn_1_2'], 'id': None, 'text': ''}, {'tag': 'div', 'src': None, 'aria_label': None, 'class': ['ad', 'cat_side2'], 'id': None, 'text': ''}, {'tag': 'div', 'src': None, 'aria_label': None, 'class': ['ad', 'cat_side3'], 'id': None, 'text': ''}]",-6,1,41,0.04591265397536394,20,4,7,1,0,15,129,7,1,16,4,0.0667,0.124,0.5714,449,newsbook,news_listing
130,34,48,0,15,2,21,21,6443,983,16,6,"[{'tag': 'div', 'src': None, 'aria_label': None, 'class': ['ad', 'top_push_alt'], 'id': None, 'text': ''}, {'tag': 'div', 'src': None, 'aria_label': None, 'class': ['ad', 'top_push'], 'id': None, 'text': ''}, {'tag': 'div', 'src': None, 'aria_label': None, 'class': ['ad', 'cat_side1'], 'id': None, 'text': ''}, {'tag': 'div', 'src': None, 'aria_label': None, 'class': ['ad', 'allcats_side_btwn_1_2'], 'id': None, 'text': ''}, {'tag': 'div', 'src': None, 'aria_label': None, 'class': ['ad', 'cat_side2'], 'id': None, 'text': ''}, {'tag': 'div', 'src': None, 'aria_label': None, 'class': ['ad', 'cat_side3'], 'id': None, 'text': ''}]",-6,1,41,0.04586129753914989,20,4,7,1,0,15,130,7,1,16,4,0.0667,0.1231,0.5714,450,newsbook,news_listing
130,34,48,0,15,2,21,21,6549,998,16,6,"[{'tag': 'div', 'src': None, 'aria_label': None, 'class': ['ad', 'top_push_alt'], 'id': None, 'text': ''}, {'tag': 'div', 'src': None, 'aria_label': None, 'class': ['ad', 'top_push'], 'id': None, 'text': ''}, {'tag': 'div', 'src': None, 'aria_label': None, 'class': ['ad', 'cat_side1'], 'id': None, 'text': ''}, {'tag': 'div', 'src': None, 'aria_label': None, 'class': ['ad', 'allcats_side_btwn_1_2'], 'id': None, 'text': ''}, {'tag': 'div', 'src': None, 'aria_label': None, 'class': ['ad', 'cat_side2'], 'id': None, 'text': ''}, {'tag': 'div', 'src': None, 'aria_label': None, 'class': ['ad', 'cat_side3'], 'id': None, 'text': ''}]",-6,1,41,0.04581005586592179,20,4,7,1,0,15,130,7,1,16,4,0.0667,0.1231,0.5714,451,newsbook,news_listing
130,34,48,0,15,2,21,21,6549,998,16,6,"[{'tag': 'div', 'src': None, 'aria_label': None, 'class': ['ad', 'top_push_alt'], 'id': None, 'text': ''}, {'tag': 'div', 'src': None, 'aria_label': None, 'class': ['ad', 'top_push'], 'id': None, 'text': ''}, {'tag': 'div', 'src': None, 'aria_label': None, 'class': ['ad', 'cat_side1'], 'id': None, 'text': ''}, {'tag': 'div', 'src': None, 'aria_label': None, 'class': ['ad', 'allcats_side_btwn_1_2'], 'id': None, 'text': ''}, {'tag': 'div', 'src': None, 'aria_label': None, 'class': ['ad', 'cat_side2'], 'id': None, 'text': ''}, {'tag': 'div', 'src': None, 'aria_label': None, 'class': ['ad', 'cat_side3'], 'id': None, 'text': ''}]",-6,1,41,0.04581005586592179,20,4,7,1,0,15,130,7,1,16,4,0.0667,0.1231,0.5714,452,newsbook,news_listing
130,34,48,0,15,2,21,21,6549,998,16,6,"[{'tag': 'div', 'src': None, 'aria_label': None, 'class': ['ad', 'top_push_alt'], 'id': None, 'text': ''}, {'tag': 'div', 'src': None, 'aria_label': None, 'class': ['ad', 'top_push'], 'id': None, 'text': ''}, {'tag': 'div', 'src': None, 'aria_label': None, 'class': ['ad', 'cat_side1'], 'id': None, 'text': ''}, {'tag': 'div', 'src': None, 'aria_label': None, 'class': ['ad', 'allcats_side_btwn_1_2'], 'id': None, 'text': ''}, {'tag': 'div', 'src': None, 'aria_label': None, 'class': ['ad', 'cat_side2'], 'id': None, 'text': ''}, {'tag': 'div', 'src': None, 'aria_label': None, 'class': ['ad', 'cat_side3'], 'id': None, 'text': ''}]",-6,1,41,0.04581005586592179,20,4,7,1,0,15,130,7,1,16,4,0.0667,0.1231,0.5714,453,newsbook,news_listing
130,34,48,0,15,2,21,21,6549,998,16,6,"[{'tag': 'div', 'src': None, 'aria_label': None, 'class': ['ad', 'top_push_alt'], 'id': None, 'text': ''}, {'tag': 'div', 'src': None, 'aria_label': None, 'class': ['ad', 'top_push'], 'id': None, 'text': ''}, {'tag': 'div', 'src': None, 'aria_label': None, 'class': ['ad', 'cat_side1'], 'id': None, 'text': ''}, {'tag': 'div', 'src': None, 'aria_label': None, 'class': ['ad', 'allcats_side_btwn_1_2'], 'id': None, 'text': ''}, {'tag': 'div', 'src': None, 'aria_label': None, 'class': ['ad', 'cat_side2'], 'id': None, 'text': ''}, {'tag': 'div', 'src': None, 'aria_label': None, 'class': ['ad', 'cat_side3'], 'id': None, 'text': ''}]",-6,1,41,0.04581005586592179,20,4,7,1,0,15,130,7,1,16,4,0.0667,0.1231,0.5714,454,newsbook,news_listing
130,34,48,0,15,2,21,21,6674,1018,16,6,"[{'tag': 'div', 'src': None, 'aria_label': None, 'class': ['ad', 'top_push_alt'], 'id': None, 'text': ''}, {'tag': 'div', 'src': None, 'aria_label': None, 'class': ['ad', 'top_push'], 'id': None, 'text': ''}, {'tag': 'div', 'src': None, 'aria_label': None, 'class': ['ad', 'cat_side1'], 'id': None, 'text': ''}, {'tag': 'div', 'src': None, 'aria_label': None, 'class': ['ad', 'allcats_side_btwn_1_2'], 'id': None, 'text': ''}, {'tag': 'div', 'src': None, 'aria_label': None, 'class': ['ad', 'cat_side2'], 'id': None, 'text': ''}, {'tag': 'div', 'src': None, 'aria_label': None, 'class': ['ad', 'cat_side3'], 'id': None, 'text': ''}]",-6,1,41,0.04581005586592179,20,4,7,1,0,15,130,7,1,16,4,0.0667,0.1231,0.5714,455,newsbook,news_listing
130,34,48,0,15,2,21,21,6674,1018,16,6,"[{'tag': 'div', 'src': None, 'aria_label': None, 'class': ['ad', 'top_push_alt'], 'id': None, 'text': ''}, {'tag': 'div', 'src': None, 'aria_label': None, 'class': ['ad', 'top_push'], 'id': None, 'text': ''}, {'tag': 'div', 'src': None, 'aria_label': None, 'class': ['ad', 'cat_side1'], 'id': None, 'text': ''}, {'tag': 'div', 'src': None, 'aria_label': None, 'class': ['ad', 'allcats_side_btwn_1_2'], 'id': None, 'text': ''}, {'tag': 'div', 'src': None, 'aria_label': None, 'class': ['ad', 'cat_side2'], 'id': None, 'text': ''}, {'tag': 'div', 'src': None, 'aria_label': None, 'class': ['ad', 'cat_side3'], 'id': None, 'text': ''}]",-6,1,41,0.04581005586592179,20,4,7,1,0,15,130,7,1,16,4,0.0667,0.1231,0.5714,456,newsbook,news_listing
130,34,48,0,15,2,21,21,6674,1018,16,6,"[{'tag': 'div', 'src': None, 'aria_label': None, 'class': ['ad', 'top_push_alt'], 'id': None, 'text': ''}, {'tag': 'div', 'src': None, 'aria_label': None, 'class': ['ad', 'top_push'], 'id': None, 'text': ''}, {'tag': 'div', 'src': None, 'aria_label': None, 'class': ['ad', 'cat_side1'], 'id': None, 'text': ''}, {'tag': 'div', 'src': None, 'aria_label': None, 'class': ['ad', 'allcats_side_btwn_1_2'], 'id': None, 'text': ''}, {'tag': 'div', 'src': None, 'aria_label': None, 'class': ['ad', 'cat_side2'], 'id': None, 'text': ''}, {'tag': 'div', 'src': None, 'aria_label': None, 'class': ['ad', 'cat_side3'], 'id': None, 'text': ''}]",-6,1,41,0.04581005586592179,20,4,7,1,0,15,130,7,1,16,4,0.0667,0.1231,0.5714,457,newsbook,news_listing
133,38,49,0,15,2,21,21,6452,934,16,6,"[{'tag': 'div', 'src': None, 'aria_label': None, 'class': ['ad', 'top_push_alt'], 'id': None, 'text': ''}, {'tag': 'div', 'src': None, 'aria_label': None, 'class': ['ad', 'top_push'], 'id': None, 'text': ''}, {'tag': 'div', 'src': None, 'aria_label': None, 'class': ['ad', 'cat_side1'], 'id': None, 'text': ''}, {'tag': 'div', 'src': None, 'aria_label': None, 'class': ['ad', 'allcats_side_btwn_1_2'], 'id': None, 'text': ''}, {'tag': 'div', 'src': None, 'aria_label': None, 'class': ['ad', 'cat_side2'], 'id': None, 'text': ''}, {'tag': 'div', 'src': None, 'aria_label': None, 'class': ['ad', 'cat_side3'], 'id': None, 'text': ''}]",-6,1,41,0.04515418502202643,20,4,7,1,0,15,133,7,1,16,4,0.0667,0.1203,0.5714,458,newsbook,news_listing
133,38,49,0,15,2,21,21,6452,934,16,6,"[{'tag': 'div', 'src': None, 'aria_label': None, 'class': ['ad', 'top_push_alt'], 'id': None, 'text': ''}, {'tag': 'div', 'src': None, 'aria_label': None, 'class': ['ad', 'top_push'], 'id': None, 'text': ''}, {'tag': 'div', 'src': None, 'aria_label': None, 'class': ['ad', 'cat_side1'], 'id': None, 'text': ''}, {'tag': 'div', 'src': None, 'aria_label': None, 'class': ['ad', 'allcats_side_btwn_1_2'], 'id': None, 'text': ''}, {'tag': 'div', 'src': None, 'aria_label': None, 'class': ['ad', 'cat_side2'], 'id': None, 'text': ''}, {'tag': 'div', 'src': None, 'aria_label': None, 'class': ['ad', 'cat_side3'], 'id': None, 'text': ''}]",-6,1,41,0.04515418502202643,20,4,7,1,0,15,133,7,1,16,4,0.0667,0.1203,0.5714,459,newsbook,news_listing
133,38,49,0,15,2,21,21,6452,934,16,6,"[{'tag': 'div', 'src': None, 'aria_label': None, 'class': ['ad', 'top_push_alt'], 'id': None, 'text': ''}, {'tag': 'div', 'src': None, 'aria_label': None, 'class': ['ad', 'top_push'], 'id': None, 'text': ''}, {'tag': 'div', 'src': None, 'aria_label': None, 'class': ['ad', 'cat_side1'], 'id': None, 'text': ''}, {'tag': 'div', 'src': None, 'aria_label': None, 'class': ['ad', 'allcats_side_btwn_1_2'], 'id': None, 'text': ''}, {'tag': 'div', 'src': None, 'aria_label': None, 'class': ['ad', 'cat_side2'], 'id': None, 'text': ''}, {'tag': 'div', 'src': None, 'aria_label': None, 'class': ['ad', 'cat_side3'], 'id': None, 'text': ''}]",-6,1,41,0.04515418502202643,20,4,7,1,0,15,133,7,1,16,4,0.0667,0.1203,0.5714,460,newsbook,news_listing
133,38,49,0,15,2,21,21,6452,934,16,6,"[{'tag': 'div', 'src': None, 'aria_label': None, 'class': ['ad', 'top_push_alt'], 'id': None, 'text': ''}, {'tag': 'div', 'src': None, 'aria_label': None, 'class': ['ad', 'top_push'], 'id': None, 'text': ''}, {'tag': 'div', 'src': None, 'aria_label': None, 'class': ['ad', 'cat_side1'], 'id': None, 'text': ''}, {'tag': 'div', 'src': None, 'aria_label': None, 'class': ['ad', 'allcats_side_btwn_1_2'], 'id': None, 'text': ''}, {'tag': 'div', 'src': None, 'aria_label': None, 'class': ['ad', 'cat_side2'], 'id': None, 'text': ''}, {'tag': 'div', 'src': None, 'aria_label': None, 'class': ['ad', 'cat_side3'], 'id': None, 'text': ''}]",-6,1,41,0.04515418502202643,20,4,7,1,0,15,133,7,1,16,4,0.0667,0.1203,0.5714,461,newsbook,news_listing
133,38,49,0,15,2,21,21,6452,934,16,6,"[{'tag': 'div', 'src': None, 'aria_label': None, 'class': ['ad', 'top_push_alt'], 'id': None, 'text': ''}, {'tag': 'div', 'src': None, 'aria_label': None, 'class': ['ad', 'top_push'], 'id': None, 'text': ''}, {'tag': 'div', 'src': None, 'aria_label': None, 'class': ['ad', 'cat_side1'], 'id': None, 'text': ''}, {'tag': 'div', 'src': None, 'aria_label': None, 'class': ['ad', 'allcats_side_btwn_1_2'], 'id': None, 'text': ''}, {'tag': 'div', 'src': None, 'aria_label': None, 'class': ['ad', 'cat_side2'], 'id': None, 'text': ''}, {'tag': 'div', 'src': None, 'aria_label': None, 'class': ['ad', 'cat_side3'], 'id': None, 'text': ''}]",-6,1,41,0.04515418502202643,20,4,7,1,0,15,133,7,1,16,4,0.0667,0.1203,0.5714,462,newsbook,news_listing
133,38,49,0,15,2,21,21,6452,934,16,6,"[{'tag': 'div', 'src': None, 'aria_label': None, 'class': ['ad', 'top_push_alt'], 'id': None, 'text': ''}, {'tag': 'div', 'src': None, 'aria_label': None, 'class': ['ad', 'top_push'], 'id': None, 'text': ''}, {'tag': 'div', 'src': None, 'aria_label': None, 'class': ['ad', 'cat_side1'], 'id': None, 'text': ''}, {'tag': 'div', 'src': None, 'aria_label': None, 'class': ['ad', 'allcats_side_btwn_1_2'], 'id': None, 'text': ''}, {'tag': 'div', 'src': None, 'aria_label': None, 'class': ['ad', 'cat_side2'], 'id': None, 'text': ''}, {'tag': 'div', 'src': None, 'aria_label': None, 'class': ['ad', 'cat_side3'], 'id': None, 'text': ''}]",-6,1,41,0.04515418502202643,20,4,7,1,0,15,133,7,1,16,4,0.0667,0.1203,0.5714,463,newsbook,news_listing
134,35,49,0,15,2,21,21,6743,977,16,6,"[{'tag': 'div', 'src': None, 'aria_label': None, 'class': ['ad', 'top_push_alt'], 'id': None, 'text': ''}, {'tag': 'div', 'src': None, 'aria_label': None, 'class': ['ad', 'top_push'], 'id': None, 'text': ''}, {'tag': 'div', 'src': None, 'aria_label': None, 'class': ['ad', 'cat_side1'], 'id': None, 'text': ''}, {'tag': 'div', 'src': None, 'aria_label': None, 'class': ['ad', 'allcats_side_btwn_1_2'], 'id': None, 'text': ''}, {'tag': 'div', 'src': None, 'aria_label': None, 'class': ['ad', 'cat_side2'], 'id': None, 'text': ''}, {'tag': 'div', 'src': None, 'aria_label': None, 'class': ['ad', 'cat_side3'], 'id': None, 'text': ''}]",-6,1,41,0.045454545454545456,20,4,7,1,0,15,134,7,1,17,4,0.0667,0.1269,0.5714,464,newsbook,news_listing
134,35,49,0,15,2,21,21,6743,977,16,6,"[{'tag': 'div', 'src': None, 'aria_label': None, 'class': ['ad', 'top_push_alt'], 'id': None, 'text': ''}, {'tag': 'div', 'src': None, 'aria_label': None, 'class': ['ad', 'top_push'], 'id': None, 'text': ''}, {'tag': 'div', 'src': None, 'aria_label': None, 'class': ['ad', 'cat_side1'], 'id': None, 'text': ''}, {'tag': 'div', 'src': None, 'aria_label': None, 'class': ['ad', 'allcats_side_btwn_1_2'], 'id': None, 'text': ''}, {'tag': 'div', 'src': None, 'aria_label': None, 'class': ['ad', 'cat_side2'], 'id': None, 'text': ''}, {'tag': 'div', 'src': None, 'aria_label': None, 'class': ['ad', 'cat_side3'], 'id': None, 'text': ''}]",-6,1,41,0.045454545454545456,20,4,7,1,0,15,134,7,1,17,4,0.0667,0.1269,0.5714,465,newsbook,news_listing
134,35,49,0,15,2,21,21,6743,977,16,6,"[{'tag': 'div', 'src': None, 'aria_label': None, 'class': ['ad', 'top_push_alt'], 'id': None, 'text': ''}, {'tag': 'div', 'src': None, 'aria_label': None, 'class': ['ad', 'top_push'], 'id': None, 'text': ''}, {'tag': 'div', 'src': None, 'aria_label': None, 'class': ['ad', 'cat_side1'], 'id': None, 'text': ''}, {'tag': 'div', 'src': None, 'aria_label': None, 'class': ['ad', 'allcats_side_btwn_1_2'], 'id': None, 'text': ''}, {'tag': 'div', 'src': None, 'aria_label': None, 'class': ['ad', 'cat_side2'], 'id': None, 'text': ''}, {'tag': 'div', 'src': None, 'aria_label': None, 'class': ['ad', 'cat_side3'], 'id': None, 'text': ''}]",-6,1,41,0.045454545454545456,20,4,7,1,0,15,134,7,1,17,4,0.0667,0.1269,0.5714,466,newsbook,news_listing
135,35,49,0,15,2,21,21,6827,980,16,6,"[{'tag': 'div', 'src': None, 'aria_label': None, 'class': ['ad', 'top_push_alt'], 'id': None, 'text': ''}, {'tag': 'div', 'src': None, 'aria_label': None, 'class': ['ad', 'top_push'], 'id': None, 'text': ''}, {'tag': 'div', 'src': None, 'aria_label': None, 'class': ['ad', 'cat_side1'], 'id': None, 'text': ''}, {'tag': 'div', 'src': None, 'aria_label': None, 'class': ['ad', 'allcats_side_btwn_1_2'], 'id': None, 'text': ''}, {'tag': 'div', 'src': None, 'aria_label': None, 'class': ['ad', 'cat_side2'], 'id': None, 'text': ''}, {'tag': 'div', 'src': None, 'aria_label': None, 'class': ['ad', 'cat_side3'], 'id': None, 'text': ''}]",-6,1,41,0.04540420819490587,20,4,7,1,0,15,135,7,1,17,4,0.0667,0.1259,0.5714,467,newsbook,news_listing
135,35,49,0,15,2,21,21,6827,980,16,6,"[{'tag': 'div', 'src': None, 'aria_label': None, 'class': ['ad', 'top_push_alt'], 'id': None, 'text': ''}, {'tag': 'div', 'src': None, 'aria_label': None, 'class': ['ad', 'top_push'], 'id': None, 'text': ''}, {'tag': 'div', 'src': None, 'aria_label': None, 'class': ['ad', 'cat_side1'], 'id': None, 'text': ''}, {'tag': 'div', 'src': None, 'aria_label': None, 'class': ['ad', 'allcats_side_btwn_1_2'], 'id': None, 'text': ''}, {'tag': 'div', 'src': None, 'aria_label': None, 'class': ['ad', 'cat_side2'], 'id': None, 'text': ''}, {'tag': 'div', 'src': None, 'aria_label': None, 'class': ['ad', 'cat_side3'], 'id': None, 'text': ''}]",-6,1,41,0.04540420819490587,20,4,7,1,0,15,135,7,1,17,4,0.0667,0.1259,0.5714,468,newsbook,news_listing
135,35,49,0,15,2,21,21,6827,980,16,6,"[{'tag': 'div', 'src': None, 'aria_label': None, 'class': ['ad', 'top_push_alt'], 'id': None, 'text': ''}, {'tag': 'div', 'src': None, 'aria_label': None, 'class': ['ad', 'top_push'], 'id': None, 'text': ''}, {'tag': 'div', 'src': None, 'aria_label': None, 'class': ['ad', 'cat_side1'], 'id': None, 'text': ''}, {'tag': 'div', 'src': None, 'aria_label': None, 'class': ['ad', 'allcats_side_btwn_1_2'], 'id': None, 'text': ''}, {'tag': 'div', 'src': None, 'aria_label': None, 'class': ['ad', 'cat_side2'], 'id': None, 'text': ''}, {'tag': 'div', 'src': None, 'aria_label': None, 'class': ['ad', 'cat_side3'], 'id': None, 'text': ''}]",-6,1,41,0.04540420819490587,20,4,7,1,0,15,135,7,1,17,4,0.0667,0.1259,0.5714,469,newsbook,news_listing
134,34,49,0,15,2,21,21,6897,1003,16,6,"[{'tag': 'div', 'src': None, 'aria_label': None, 'class': ['ad', 'top_push_alt'], 'id': None, 'text': ''}, {'tag': 'div', 'src': None, 'aria_label': None, 'class': ['ad', 'top_push'], 'id': None, 'text': ''}, {'tag': 'div', 'src': None, 'aria_label': None, 'class': ['ad', 'cat_side1'], 'id': None, 'text': ''}, {'tag': 'div', 'src': None, 'aria_label': None, 'class': ['ad', 'allcats_side_btwn_1_2'], 'id': None, 'text': ''}, {'tag': 'div', 'src': None, 'aria_label': None, 'class': ['ad', 'cat_side2'], 'id': None, 'text': ''}, {'tag': 'div', 'src': None, 'aria_label': None, 'class': ['ad', 'cat_side3'], 'id': None, 'text': ''}]",-6,1,41,0.045454545454545456,20,4,7,1,0,15,134,7,1,16,4,0.0667,0.1194,0.5714,470,newsbook,news_listing
134,34,49,0,15,2,21,21,6897,1003,16,6,"[{'tag': 'div', 'src': None, 'aria_label': None, 'class': ['ad', 'top_push_alt'], 'id': None, 'text': ''}, {'tag': 'div', 'src': None, 'aria_label': None, 'class': ['ad', 'top_push'], 'id': None, 'text': ''}, {'tag': 'div', 'src': None, 'aria_label': None, 'class': ['ad', 'cat_side1'], 'id': None, 'text': ''}, {'tag': 'div', 'src': None, 'aria_label': None, 'class': ['ad', 'allcats_side_btwn_1_2'], 'id': None, 'text': ''}, {'tag': 'div', 'src': None, 'aria_label': None, 'class': ['ad', 'cat_side2'], 'id': None, 'text': ''}, {'tag': 'div', 'src': None, 'aria_label': None, 'class': ['ad', 'cat_side3'], 'id': None, 'text': ''}]",-6,1,41,0.045454545454545456,20,4,7,1,0,15,134,7,1,16,4,0.0667,0.1194,0.5714,471,newsbook,news_listing
134,34,49,0,15,2,21,21,6897,1003,16,6,"[{'tag': 'div', 'src': None, 'aria_label': None, 'class': ['ad', 'top_push_alt'], 'id': None, 'text': ''}, {'tag': 'div', 'src': None, 'aria_label': None, 'class': ['ad', 'top_push'], 'id': None, 'text': ''}, {'tag': 'div', 'src': None, 'aria_label': None, 'class': ['ad', 'cat_side1'], 'id': None, 'text': ''}, {'tag': 'div', 'src': None, 'aria_label': None, 'class': ['ad', 'allcats_side_btwn_1_2'], 'id': None, 'text': ''}, {'tag': 'div', 'src': None, 'aria_label': None, 'class': ['ad', 'cat_side2'], 'id': None, 'text': ''}, {'tag': 'div', 'src': None, 'aria_label': None, 'class': ['ad', 'cat_side3'], 'id': None, 'text': ''}]",-6,1,41,0.045454545454545456,20,4,7,1,0,15,134,7,1,16,4,0.0667,0.1194,0.5714,472,newsbook,news_listing
134,34,49,0,15,2,21,21,6897,1003,16,6,"[{'tag': 'div', 'src': None, 'aria_label': None, 'class': ['ad', 'top_push_alt'], 'id': None, 'text': ''}, {'tag': 'div', 'src': None, 'aria_label': None, 'class': ['ad', 'top_push'], 'id': None, 'text': ''}, {'tag': 'div', 'src': None, 'aria_label': None, 'class': ['ad', 'cat_side1'], 'id': None, 'text': ''}, {'tag': 'div', 'src': None, 'aria_label': None, 'class': ['ad', 'allcats_side_btwn_1_2'], 'id': None, 'text': ''}, {'tag': 'div', 'src': None, 'aria_label': None, 'class': ['ad', 'cat_side2'], 'id': None, 'text': ''}, {'tag': 'div', 'src': None, 'aria_label': None, 'class': ['ad', 'cat_side3'], 'id': None, 'text': ''}]",-6,1,41,0.045454545454545456,20,4,7,1,0,15,134,7,1,16,4,0.0667,0.1194,0.5714,473,newsbook,news_listing
134,35,49,0,15,2,21,21,6766,973,16,6,"[{'tag': 'div', 'src': None, 'aria_label': None, 'class': ['ad', 'top_push_alt'], 'id': None, 'text': ''}, {'tag': 'div', 'src': None, 'aria_label': None, 'class': ['ad', 'top_push'], 'id': None, 'text': ''}, {'tag': 'div', 'src': None, 'aria_label': None, 'class': ['ad', 'cat_side1'], 'id': None, 'text': ''}, {'tag': 'div', 'src': None, 'aria_label': None, 'class': ['ad', 'allcats_side_btwn_1_2'], 'id': None, 'text': ''}, {'tag': 'div', 'src': None, 'aria_label': None, 'class': ['ad', 'cat_side2'], 'id': None, 'text': ''}, {'tag': 'div', 'src': None, 'aria_label': None, 'class': ['ad', 'cat_side3'], 'id': None, 'text': ''}]",-6,1,41,0.04535398230088496,20,4,7,1,0,15,134,7,1,16,4,0.0667,0.1194,0.5714,474,newsbook,news_listing
134,35,49,0,15,2,21,21,6766,973,16,6,"[{'tag': 'div', 'src': None, 'aria_label': None, 'class': ['ad', 'top_push_alt'], 'id': None, 'text': ''}, {'tag': 'div', 'src': None, 'aria_label': None, 'class': ['ad', 'top_push'], 'id': None, 'text': ''}, {'tag': 'div', 'src': None, 'aria_label': None, 'class': ['ad', 'cat_side1'], 'id': None, 'text': ''}, {'tag': 'div', 'src': None, 'aria_label': None, 'class': ['ad', 'allcats_side_btwn_1_2'], 'id': None, 'text': ''}, {'tag': 'div', 'src': None, 'aria_label': None, 'class': ['ad', 'cat_side2'], 'id': None, 'text': ''}, {'tag': 'div', 'src': None, 'aria_label': None, 'class': ['ad', 'cat_side3'], 'id': None, 'text': ''}]",-6,1,41,0.04535398230088496,20,4,7,1,0,15,134,7,1,16,4,0.0667,0.1194,0.5714,475,newsbook,news_listing
134,35,49,0,15,2,21,21,6766,973,16,6,"[{'tag': 'div', 'src': None, 'aria_label': None, 'class': ['ad', 'top_push_alt'], 'id': None, 'text': ''}, {'tag': 'div', 'src': None, 'aria_label': None, 'class': ['ad', 'top_push'], 'id': None, 'text': ''}, {'tag': 'div', 'src': None, 'aria_label': None, 'class': ['ad', 'cat_side1'], 'id': None, 'text': ''}, {'tag': 'div', 'src': None, 'aria_label': None, 'class': ['ad', 'allcats_side_btwn_1_2'], 'id': None, 'text': ''}, {'tag': 'div', 'src': None, 'aria_label': None, 'class': ['ad', 'cat_side2'], 'id': None, 'text': ''}, {'tag': 'div', 'src': None, 'aria_label': None, 'class': ['ad', 'cat_side3'], 'id': None, 'text': ''}]",-6,1,41,0.04535398230088496,20,4,7,1,0,15,134,7,1,16,4,0.0667,0.1194,0.5714,476,newsbook,news_listing
134,35,49,0,15,2,21,21,6766,973,16,6,"[{'tag': 'div', 'src': None, 'aria_label': None, 'class': ['ad', 'top_push_alt'], 'id': None, 'text': ''}, {'tag': 'div', 'src': None, 'aria_label': None, 'class': ['ad', 'top_push'], 'id': None, 'text': ''}, {'tag': 'div', 'src': None, 'aria_label': None, 'class': ['ad', 'cat_side1'], 'id': None, 'text': ''}, {'tag': 'div', 'src': None, 'aria_label': None, 'class': ['ad', 'allcats_side_btwn_1_2'], 'id': None, 'text': ''}, {'tag': 'div', 'src': None, 'aria_label': None, 'class': ['ad', 'cat_side2'], 'id': None, 'text': ''}, {'tag': 'div', 'src': None, 'aria_label': None, 'class': ['ad', 'cat_side3'], 'id': None, 'text': ''}]",-6,1,41,0.04535398230088496,20,4,7,1,0,15,134,7,1,16,4,0.0667,0.1194,0.5714,477,newsbook,news_listing
134,35,49,0,15,2,21,21,6766,973,16,6,"[{'tag': 'div', 'src': None, 'aria_label': None, 'class': ['ad', 'top_push_alt'], 'id': None, 'text': ''}, {'tag': 'div', 'src': None, 'aria_label': None, 'class': ['ad', 'top_push'], 'id': None, 'text': ''}, {'tag': 'div', 'src': None, 'aria_label': None, 'class': ['ad', 'cat_side1'], 'id': None, 'text': ''}, {'tag': 'div', 'src': None, 'aria_label': None, 'class': ['ad', 'allcats_side_btwn_1_2'], 'id': None, 'text': ''}, {'tag': 'div', 'src': None, 'aria_label': None, 'class': ['ad', 'cat_side2'], 'id': None, 'text': ''}, {'tag': 'div', 'src': None, 'aria_label': None, 'class': ['ad', 'cat_side3'], 'id': None, 'text': ''}]",-6,1,41,0.04535398230088496,20,4,7,1,0,15,134,7,1,16,4,0.0667,0.1194,0.5714,478,newsbook,news_listing
136,34,49,0,15,2,21,21,6956,1006,16,6,"[{'tag': 'div', 'src': None, 'aria_label': None, 'class': ['ad', 'top_push_alt'], 'id': None, 'text': ''}, {'tag': 'div', 'src': None, 'aria_label': None, 'class': ['ad', 'top_push'], 'id': None, 'text': ''}, {'tag': 'div', 'src': None, 'aria_label': None, 'class': ['ad', 'cat_side1'], 'id': None, 'text': ''}, {'tag': 'div', 'src': None, 'aria_label': None, 'class': ['ad', 'allcats_side_btwn_1_2'], 'id': None, 'text': ''}, {'tag': 'div', 'src': None, 'aria_label': None, 'class': ['ad', 'cat_side2'], 'id': None, 'text': ''}, {'tag': 'div', 'src': None, 'aria_label': None, 'class': ['ad', 'cat_side3'], 'id': None, 'text': ''}]",-6,1,41,0.045303867403314914,20,4,7,1,0,15,136,7,1,15,4,0.0667,0.1103,0.5714,479,newsbook,news_listing
136,34,49,0,15,2,21,21,6956,1006,16,6,"[{'tag': 'div', 'src': None, 'aria_label': None, 'class': ['ad', 'top_push_alt'], 'id': None, 'text': ''}, {'tag': 'div', 'src': None, 'aria_label': None, 'class': ['ad', 'top_push'], 'id': None, 'text': ''}, {'tag': 'div', 'src': None, 'aria_label': None, 'class': ['ad', 'cat_side1'], 'id': None, 'text': ''}, {'tag': 'div', 'src': None, 'aria_label': None, 'class': ['ad', 'allcats_side_btwn_1_2'], 'id': None, 'text': ''}, {'tag': 'div', 'src': None, 'aria_label': None, 'class': ['ad', 'cat_side2'], 'id': None, 'text': ''}, {'tag': 'div', 'src': None, 'aria_label': None, 'class': ['ad', 'cat_side3'], 'id': None, 'text': ''}]",-6,1,41,0.045303867403314914,20,4,7,1,0,15,136,7,1,15,4,0.0667,0.1103,0.5714,480,newsbook,news_listing
136,34,49,0,15,2,21,21,6956,1006,16,6,"[{'tag': 'div', 'src': None, 'aria_label': None, 'class': ['ad', 'top_push_alt'], 'id': None, 'text': ''}, {'tag': 'div', 'src': None, 'aria_label': None, 'class': ['ad', 'top_push'], 'id': None, 'text': ''}, {'tag': 'div', 'src': None, 'aria_label': None, 'class': ['ad', 'cat_side1'], 'id': None, 'text': ''}, {'tag': 'div', 'src': None, 'aria_label': None, 'class': ['ad', 'allcats_side_btwn_1_2'], 'id': None, 'text': ''}, {'tag': 'div', 'src': None, 'aria_label': None, 'class': ['ad', 'cat_side2'], 'id': None, 'text': ''}, {'tag': 'div', 'src': None, 'aria_label': None, 'class': ['ad', 'cat_side3'], 'id': None, 'text': ''}]",-6,1,41,0.045303867403314914,20,4,7,1,0,15,136,7,1,15,4,0.0667,0.1103,0.5714,481,newsbook,news_listing
136,34,49,0,15,2,21,21,6956,1006,16,6,"[{'tag': 'div', 'src': None, 'aria_label': None, 'class': ['ad', 'top_push_alt'], 'id': None, 'text': ''}, {'tag': 'div', 'src': None, 'aria_label': None, 'class': ['ad', 'top_push'], 'id': None, 'text': ''}, {'tag': 'div', 'src': None, 'aria_label': None, 'class': ['ad', 'cat_side1'], 'id': None, 'text': ''}, {'tag': 'div', 'src': None, 'aria_label': None, 'class': ['ad', 'allcats_side_btwn_1_2'], 'id': None, 'text': ''}, {'tag': 'div', 'src': None, 'aria_label': None, 'class': ['ad', 'cat_side2'], 'id': None, 'text': ''}, {'tag': 'div', 'src': None, 'aria_label': None, 'class': ['ad', 'cat_side3'], 'id': None, 'text': ''}]",-6,1,41,0.045303867403314914,20,4,7,1,0,15,136,7,1,15,4,0.0667,0.1103,0.5714,482,newsbook,news_listing
128,34,48,0,15,2,21,21,6483,978,16,6,"[{'tag': 'div', 'src': None, 'aria_label': None, 'class': ['ad', 'top_push_alt'], 'id': None, 'text': ''}, {'tag': 'div', 'src': None, 'aria_label': None, 'class': ['ad', 'top_push'], 'id': None, 'text': ''}, {'tag': 'div', 'src': None, 'aria_label': None, 'class': ['ad', 'cat_side1'], 'id': None, 'text': ''}, {'tag': 'div', 'src': None, 'aria_label': None, 'class': ['ad', 'allcats_side_btwn_1_2'], 'id': None, 'text': ''}, {'tag': 'div', 'src': None, 'aria_label': None, 'class': ['ad', 'cat_side2'], 'id': None, 'text': ''}, {'tag': 'div', 'src': None, 'aria_label': None, 'class': ['ad', 'cat_side3'], 'id': None, 'text': ''}]",-6,1,41,0.04601571268237935,20,4,7,1,0,15,128,7,1,15,4,0.0667,0.1172,0.5714,483,newsbook,news_listing
128,34,48,0,15,2,21,21,6483,978,16,6,"[{'tag': 'div', 'src': None, 'aria_label': None, 'class': ['ad', 'top_push_alt'], 'id': None, 'text': ''}, {'tag': 'div', 'src': None, 'aria_label': None, 'class': ['ad', 'top_push'], 'id': None, 'text': ''}, {'tag': 'div', 'src': None, 'aria_label': None, 'class': ['ad', 'cat_side1'], 'id': None, 'text': ''}, {'tag': 'div', 'src': None, 'aria_label': None, 'class': ['ad', 'allcats_side_btwn_1_2'], 'id': None, 'text': ''}, {'tag': 'div', 'src': None, 'aria_label': None, 'class': ['ad', 'cat_side2'], 'id': None, 'text': ''}, {'tag': 'div', 'src': None, 'aria_label': None, 'class': ['ad', 'cat_side3'], 'id': None, 'text': ''}]",-6,1,41,0.04601571268237935,20,4,7,1,0,15,128,7,1,15,4,0.0667,0.1172,0.5714,484,newsbook,news_listing
128,34,48,0,15,2,21,21,6483,978,16,6,"[{'tag': 'div', 'src': None, 'aria_label': None, 'class': ['ad', 'top_push_alt'], 'id': None, 'text': ''}, {'tag': 'div', 'src': None, 'aria_label': None, 'class': ['ad', 'top_push'], 'id': None, 'text': ''}, {'tag': 'div', 'src': None, 'aria_label': None, 'class': ['ad', 'cat_side1'], 'id': None, 'text': ''}, {'tag': 'div', 'src': None, 'aria_label': None, 'class': ['ad', 'allcats_side_btwn_1_2'], 'id': None, 'text': ''}, {'tag': 'div', 'src': None, 'aria_label': None, 'class': ['ad', 'cat_side2'], 'id': None, 'text': ''}, {'tag': 'div', 'src': None, 'aria_label': None, 'class': ['ad', 'cat_side3'], 'id': None, 'text': ''}]",-6,1,41,0.04601571268237935,20,4,7,1,0,15,128,7,1,15,4,0.0667,0.1172,0.5714,485,newsbook,news_listing
128,34,48,0,15,2,21,21,6483,978,16,6,"[{'tag': 'div', 'src': None, 'aria_label': None, 'class': ['ad', 'top_push_alt'], 'id': None, 'text': ''}, {'tag': 'div', 'src': None, 'aria_label': None, 'class': ['ad', 'top_push'], 'id': None, 'text': ''}, {'tag': 'div', 'src': None, 'aria_label': None, 'class': ['ad', 'cat_side1'], 'id': None, 'text': ''}, {'tag': 'div', 'src': None, 'aria_label': None, 'class': ['ad', 'allcats_side_btwn_1_2'], 'id': None, 'text': ''}, {'tag': 'div', 'src': None, 'aria_label': None, 'class': ['ad', 'cat_side2'], 'id': None, 'text': ''}, {'tag': 'div', 'src': None, 'aria_label': None, 'class': ['ad', 'cat_side3'], 'id': None, 'text': ''}]",-6,1,41,0.04601571268237935,20,4,7,1,0,15,128,7,1,15,4,0.0667,0.1172,0.5714,486,newsbook,news_listing
128,34,48,0,15,2,21,21,6483,978,16,6,"[{'tag': 'div', 'src': None, 'aria_label': None, 'class': ['ad', 'top_push_alt'], 'id': None, 'text': ''}, {'tag': 'div', 'src': None, 'aria_label': None, 'class': ['ad', 'top_push'], 'id': None, 'text': ''}, {'tag': 'div', 'src': None, 'aria_label': None, 'class': ['ad', 'cat_side1'], 'id': None, 'text': ''}, {'tag': 'div', 'src': None, 'aria_label': None, 'class': ['ad', 'allcats_side_btwn_1_2'], 'id': None, 'text': ''}, {'tag': 'div', 'src': None, 'aria_label': None, 'class': ['ad', 'cat_side2'], 'id': None, 'text': ''}, {'tag': 'div', 'src': None, 'aria_label': None, 'class': ['ad', 'cat_side3'], 'id': None, 'text': ''}]",-6,1,41,0.04601571268237935,20,4,7,1,0,15,128,7,1,15,4,0.0667,0.1172,0.5714,487,newsbook,news_listing
128,34,48,0,15,2,21,21,6483,978,16,6,"[{'tag': 'div', 'src': None, 'aria_label': None, 'class': ['ad', 'top_push_alt'], 'id': None, 'text': ''}, {'tag': 'div', 'src': None, 'aria_label': None, 'class': ['ad', 'top_push'], 'id': None, 'text': ''}, {'tag': 'div', 'src': None, 'aria_label': None, 'class': ['ad', 'cat_side1'], 'id': None, 'text': ''}, {'tag': 'div', 'src': None, 'aria_label': None, 'class': ['ad', 'allcats_side_btwn_1_2'], 'id': None, 'text': ''}, {'tag': 'div', 'src': None, 'aria_label': None, 'class': ['ad', 'cat_side2'], 'id': None, 'text': ''}, {'tag': 'div', 'src': None, 'aria_label': None, 'class': ['ad', 'cat_side3'], 'id': None, 'text': ''}]",-6,1,41,0.04601571268237935,20,4,7,1,0,15,128,7,1,15,4,0.0667,0.1172,0.5714,488,newsbook,news_listing
129,34,48,0,15,2,21,21,6679,1021,16,6,"[{'tag': 'div', 'src': None, 'aria_label': None, 'class': ['ad', 'top_push_alt'], 'id': None, 'text': ''}, {'tag': 'div', 'src': None, 'aria_label': None, 'class': ['ad', 'top_push'], 'id': None, 'text': ''}, {'tag': 'div', 'src': None, 'aria_label': None, 'class': ['ad', 'cat_side1'], 'id': None, 'text': ''}, {'tag': 'div', 'src': None, 'aria_label': None, 'class': ['ad', 'allcats_side_btwn_1_2'], 'id': None, 'text': ''}, {'tag': 'div', 'src': None, 'aria_label': None, 'class': ['ad', 'cat_side2'], 'id': None, 'text': ''}, {'tag': 'div', 'src': None, 'aria_label': None, 'class': ['ad', 'cat_side3'], 'id': None, 'text': ''}]",-6,1,41,0.04601571268237935,20,4,7,1,0,15,129,7,1,16,4,0.0667,0.124,0.5714,489,newsbook,news_listing
129,34,48,0,15,2,21,21,6679,1021,16,6,"[{'tag': 'div', 'src': None, 'aria_label': None, 'class': ['ad', 'top_push_alt'], 'id': None, 'text': ''}, {'tag': 'div', 'src': None, 'aria_label': None, 'class': ['ad', 'top_push'], 'id': None, 'text': ''}, {'tag': 'div', 'src': None, 'aria_label': None, 'class': ['ad', 'cat_side1'], 'id': None, 'text': ''}, {'tag': 'div', 'src': None, 'aria_label': None, 'class': ['ad', 'allcats_side_btwn_1_2'], 'id': None, 'text': ''}, {'tag': 'div', 'src': None, 'aria_label': None, 'class': ['ad', 'cat_side2'], 'id': None, 'text': ''}, {'tag': 'div', 'src': None, 'aria_label': None, 'class': ['ad', 'cat_side3'], 'id': None, 'text': ''}]",-6,1,41,0.04601571268237935,20,4,7,1,0,15,129,7,1,16,4,0.0667,0.124,0.5714,490,newsbook,news_listing
129,34,48,0,15,2,21,21,6679,1021,16,6,"[{'tag': 'div', 'src': None, 'aria_label': None, 'class': ['ad', 'top_push_alt'], 'id': None, 'text': ''}, {'tag': 'div', 'src': None, 'aria_label': None, 'class': ['ad', 'top_push'], 'id': None, 'text': ''}, {'tag': 'div', 'src': None, 'aria_label': None, 'class': ['ad', 'cat_side1'], 'id': None, 'text': ''}, {'tag': 'div', 'src': None, 'aria_label': None, 'class': ['ad', 'allcats_side_btwn_1_2'], 'id': None, 'text': ''}, {'tag': 'div', 'src': None, 'aria_label': None, 'class': ['ad', 'cat_side2'], 'id': None, 'text': ''}, {'tag': 'div', 'src': None, 'aria_label': None, 'class': ['ad', 'cat_side3'], 'id': None, 'text': ''}]",-6,1,41,0.04601571268237935,20,4,7,1,0,15,129,7,1,16,4,0.0667,0.124,0.5714,491,newsbook,news_listing
129,34,48,0,15,2,21,21,6679,1021,16,6,"[{'tag': 'div', 'src': None, 'aria_label': None, 'class': ['ad', 'top_push_alt'], 'id': None, 'text': ''}, {'tag': 'div', 'src': None, 'aria_label': None, 'class': ['ad', 'top_push'], 'id': None, 'text': ''}, {'tag': 'div', 'src': None, 'aria_label': None, 'class': ['ad', 'cat_side1'], 'id': None, 'text': ''}, {'tag': 'div', 'src': None, 'aria_label': None, 'class': ['ad', 'allcats_side_btwn_1_2'], 'id': None, 'text': ''}, {'tag': 'div', 'src': None, 'aria_label': None, 'class': ['ad', 'cat_side2'], 'id': None, 'text': ''}, {'tag': 'div', 'src': None, 'aria_label': None, 'class': ['ad', 'cat_side3'], 'id': None, 'text': ''}]",-6,1,41,0.04601571268237935,20,4,7,1,0,15,129,7,1,16,4,0.0667,0.124,0.5714,492,newsbook,news_listing
129,34,48,0,15,2,21,21,6679,1021,16,6,"[{'tag': 'div', 'src': None, 'aria_label': None, 'class': ['ad', 'top_push_alt'], 'id': None, 'text': ''}, {'tag': 'div', 'src': None, 'aria_label': None, 'class': ['ad', 'top_push'], 'id': None, 'text': ''}, {'tag': 'div', 'src': None, 'aria_label': None, 'class': ['ad', 'cat_side1'], 'id': None, 'text': ''}, {'tag': 'div', 'src': None, 'aria_label': None, 'class': ['ad', 'allcats_side_btwn_1_2'], 'id': None, 'text': ''}, {'tag': 'div', 'src': None, 'aria_label': None, 'class': ['ad', 'cat_side2'], 'id': None, 'text': ''}, {'tag': 'div', 'src': None, 'aria_label': None, 'class': ['ad', 'cat_side3'], 'id': None, 'text': ''}]",-6,1,41,0.04601571268237935,20,4,7,1,0,15,129,7,1,16,4,0.0667,0.124,0.5714,493,newsbook,news_listing
131,34,48,0,15,2,21,21,6628,1007,16,6,"[{'tag': 'div', 'src': None, 'aria_label': None, 'class': ['ad', 'top_push_alt'], 'id': None, 'text': ''}, {'tag': 'div', 'src': None, 'aria_label': None, 'class': ['ad', 'top_push'], 'id': None, 'text': ''}, {'tag': 'div', 'src': None, 'aria_label': None, 'class': ['ad', 'cat_side1'], 'id': None, 'text': ''}, {'tag': 'div', 'src': None, 'aria_label': None, 'class': ['ad', 'allcats_side_btwn_1_2'], 'id': None, 'text': ''}, {'tag': 'div', 'src': None, 'aria_label': None, 'class': ['ad', 'cat_side2'], 'id': None, 'text': ''}, {'tag': 'div', 'src': None, 'aria_label': None, 'class': ['ad', 'cat_side3'], 'id': None, 'text': ''}]",-6,1,41,0.04596412556053812,20,4,7,1,0,15,131,7,1,17,4,0.0667,0.1298,0.5714,494,newsbook,news_listing
131,34,48,0,15,2,21,21,6628,1007,16,6,"[{'tag': 'div', 'src': None, 'aria_label': None, 'class': ['ad', 'top_push_alt'], 'id': None, 'text': ''}, {'tag': 'div', 'src': None, 'aria_label': None, 'class': ['ad', 'top_push'], 'id': None, 'text': ''}, {'tag': 'div', 'src': None, 'aria_label': None, 'class': ['ad', 'cat_side1'], 'id': None, 'text': ''}, {'tag': 'div', 'src': None, 'aria_label': None, 'class': ['ad', 'allcats_side_btwn_1_2'], 'id': None, 'text': ''}, {'tag': 'div', 'src': None, 'aria_label': None, 'class': ['ad', 'cat_side2'], 'id': None, 'text': ''}, {'tag': 'div', 'src': None, 'aria_label': None, 'class': ['ad', 'cat_side3'], 'id': None, 'text': ''}]",-6,1,41,0.04596412556053812,20,4,7,1,0,15,131,7,1,17,4,0.0667,0.1298,0.5714,495,newsbook,news_listing
131,34,48,0,15,2,21,21,6628,1007,16,6,"[{'tag': 'div', 'src': None, 'aria_label': None, 'class': ['ad', 'top_push_alt'], 'id': None, 'text': ''}, {'tag': 'div', 'src': None, 'aria_label': None, 'class': ['ad', 'top_push'], 'id': None, 'text': ''}, {'tag': 'div', 'src': None, 'aria_label': None, 'class': ['ad', 'cat_side1'], 'id': None, 'text': ''}, {'tag': 'div', 'src': None, 'aria_label': None, 'class': ['ad', 'allcats_side_btwn_1_2'], 'id': None, 'text': ''}, {'tag': 'div', 'src': None, 'aria_label': None, 'class': ['ad', 'cat_side2'], 'id': None, 'text': ''}, {'tag': 'div', 'src': None, 'aria_label': None, 'class': ['ad', 'cat_side3'], 'id': None, 'text': ''}]",-6,1,41,0.04596412556053812,20,4,7,1,0,15,131,7,1,17,4,0.0667,0.1298,0.5714,496,newsbook,news_listing
131,34,48,0,15,2,21,21,6628,1007,16,6,"[{'tag': 'div', 'src': None, 'aria_label': None, 'class': ['ad', 'top_push_alt'], 'id': None, 'text': ''}, {'tag': 'div', 'src': None, 'aria_label': None, 'class': ['ad', 'top_push'], 'id': None, 'text': ''}, {'tag': 'div', 'src': None, 'aria_label': None, 'class': ['ad', 'cat_side1'], 'id': None, 'text': ''}, {'tag': 'div', 'src': None, 'aria_label': None, 'class': ['ad', 'allcats_side_btwn_1_2'], 'id': None, 'text': ''}, {'tag': 'div', 'src': None, 'aria_label': None, 'class': ['ad', 'cat_side2'], 'id': None, 'text': ''}, {'tag': 'div', 'src': None, 'aria_label': None, 'class': ['ad', 'cat_side3'], 'id': None, 'text': ''}]",-6,1,41,0.04596412556053812,20,4,7,1,0,15,131,7,1,17,4,0.0667,0.1298,0.5714,497,newsbook,news_listing
130,34,48,0,15,2,21,21,6456,969,16,6,"[{'tag': 'div', 'src': None, 'aria_label': None, 'class': ['ad', 'top_push_alt'], 'id': None, 'text': ''}, {'tag': 'div', 'src': None, 'aria_label': None, 'class': ['ad', 'top_push'], 'id': None, 'text': ''}, {'tag': 'div', 'src': None, 'aria_label': None, 'class': ['ad', 'cat_side1'], 'id': None, 'text': ''}, {'tag': 'div', 'src': None, 'aria_label': None, 'class': ['ad', 'allcats_side_btwn_1_2'], 'id': None, 'text': ''}, {'tag': 'div', 'src': None, 'aria_label': None, 'class': ['ad', 'cat_side2'], 'id': None, 'text': ''}, {'tag': 'div', 'src': None, 'aria_label': None, 'class': ['ad', 'cat_side3'], 'id': None, 'text': ''}]",-6,1,41,0.04591265397536394,20,4,7,1,0,15,130,7,1,16,4,0.0667,0.1231,0.5714,498,newsbook,news_listing
130,34,48,0,15,2,21,21,6456,969,16,6,"[{'tag': 'div', 'src': None, 'aria_label': None, 'class': ['ad', 'top_push_alt'], 'id': None, 'text': ''}, {'tag': 'div', 'src': None, 'aria_label': None, 'class': ['ad', 'top_push'], 'id': None, 'text': ''}, {'tag': 'div', 'src': None, 'aria_label': None, 'class': ['ad', 'cat_side1'], 'id': None, 'text': ''}, {'tag': 'div', 'src': None, 'aria_label': None, 'class': ['ad', 'allcats_side_btwn_1_2'], 'id': None, 'text': ''}, {'tag': 'div', 'src': None, 'aria_label': None, 'class': ['ad', 'cat_side2'], 'id': None, 'text': ''}, {'tag': 'div', 'src': None, 'aria_label': None, 'class': ['ad', 'cat_side3'], 'id': None, 'text': ''}]",-6,1,41,0.04591265397536394,20,4,7,1,0,15,130,7,1,16,4,0.0667,0.1231,0.5714,499,newsbook,news_listing
130,34,48,0,15,2,21,21,6456,969,16,6,"[{'tag': 'div', 'src': None, 'aria_label': None, 'class': ['ad', 'top_push_alt'], 'id': None, 'text': ''}, {'tag': 'div', 'src': None, 'aria_label': None, 'class': ['ad', 'top_push'], 'id': None, 'text': ''}, {'tag': 'div', 'src': None, 'aria_label': None, 'class': ['ad', 'cat_side1'], 'id': None, 'text': ''}, {'tag': 'div', 'src': None, 'aria_label': None, 'class': ['ad', 'allcats_side_btwn_1_2'], 'id': None, 'text': ''}, {'tag': 'div', 'src': None, 'aria_label': None, 'class': ['ad', 'cat_side2'], 'id': None, 'text': ''}, {'tag': 'div', 'src': None, 'aria_label': None, 'class': ['ad', 'cat_side3'], 'id': None, 'text': ''}]",-6,1,41,0.04591265397536394,20,4,7,1,0,15,130,7,1,16,4,0.0667,0.1231,0.5714,500,newsbook,news_listing
130,34,48,0,15,2,21,21,6456,969,16,6,"[{'tag': 'div', 'src': None, 'aria_label': None, 'class': ['ad', 'top_push_alt'], 'id': None, 'text': ''}, {'tag': 'div', 'src': None, 'aria_label': None, 'class': ['ad', 'top_push'], 'id': None, 'text': ''}, {'tag': 'div', 'src': None, 'aria_label': None, 'class': ['ad', 'cat_side1'], 'id': None, 'text': ''}, {'tag': 'div', 'src': None, 'aria_label': None, 'class': ['ad', 'allcats_side_btwn_1_2'], 'id': None, 'text': ''}, {'tag': 'div', 'src': None, 'aria_label': None, 'class': ['ad', 'cat_side2'], 'id': None, 'text': ''}, {'tag': 'div', 'src': None, 'aria_label': None, 'class': ['ad', 'cat_side3'], 'id': None, 'text': ''}]",-6,1,41,0.04591265397536394,20,4,7,1,0,15,130,7,1,16,4,0.0667,0.1231,0.5714,501,newsbook,news_listing
130,34,48,0,15,2,21,21,6456,969,16,6,"[{'tag': 'div', 'src': None, 'aria_label': None, 'class': ['ad', 'top_push_alt'], 'id': None, 'text': ''}, {'tag': 'div', 'src': None, 'aria_label': None, 'class': ['ad', 'top_push'], 'id': None, 'text': ''}, {'tag': 'div', 'src': None, 'aria_label': None, 'class': ['ad', 'cat_side1'], 'id': None, 'text': ''}, {'tag': 'div', 'src': None, 'aria_label': None, 'class': ['ad', 'allcats_side_btwn_1_2'], 'id': None, 'text': ''}, {'tag': 'div', 'src': None, 'aria_label': None, 'class': ['ad', 'cat_side2'], 'id': None, 'text': ''}, {'tag': 'div', 'src': None, 'aria_label': None, 'class': ['ad', 'cat_side3'], 'id': None, 'text': ''}]",-6,1,41,0.04591265397536394,20,4,7,1,0,15,130,7,1,16,4,0.0667,0.1231,0.5714,502,newsbook,news_listing
130,34,48,0,15,2,21,21,6634,994,16,6,"[{'tag': 'div', 'src': None, 'aria_label': None, 'class': ['ad', 'top_push_alt'], 'id': None, 'text': ''}, {'tag': 'div', 'src': None, 'aria_label': None, 'class': ['ad', 'top_push'], 'id': None, 'text': ''}, {'tag': 'div', 'src': None, 'aria_label': None, 'class': ['ad', 'cat_side1'], 'id': None, 'text': ''}, {'tag': 'div', 'src': None, 'aria_label': None, 'class': ['ad', 'allcats_side_btwn_1_2'], 'id': None, 'text': ''}, {'tag': 'div', 'src': None, 'aria_label': None, 'class': ['ad', 'cat_side2'], 'id': None, 'text': ''}, {'tag': 'div', 'src': None, 'aria_label': None, 'class': ['ad', 'cat_side3'], 'id': None, 'text': ''}]",-6,1,41,0.04591265397536394,20,4,7,1,0,15,130,7,1,16,4,0.0667,0.1231,0.5714,503,newsbook,news_listing
130,34,48,0,15,2,21,21,6634,994,16,6,"[{'tag': 'div', 'src': None, 'aria_label': None, 'class': ['ad', 'top_push_alt'], 'id': None, 'text': ''}, {'tag': 'div', 'src': None, 'aria_label': None, 'class': ['ad', 'top_push'], 'id': None, 'text': ''}, {'tag': 'div', 'src': None, 'aria_label': None, 'class': ['ad', 'cat_side1'], 'id': None, 'text': ''}, {'tag': 'div', 'src': None, 'aria_label': None, 'class': ['ad', 'allcats_side_btwn_1_2'], 'id': None, 'text': ''}, {'tag': 'div', 'src': None, 'aria_label': None, 'class': ['ad', 'cat_side2'], 'id': None, 'text': ''}, {'tag': 'div', 'src': None, 'aria_label': None, 'class': ['ad', 'cat_side3'], 'id': None, 'text': ''}]",-6,1,41,0.04591265397536394,20,4,7,1,0,15,130,7,1,16,4,0.0667,0.1231,0.5714,504,newsbook,news_listing
130,34,48,0,15,2,21,21,6634,994,16,6,"[{'tag': 'div', 'src': None, 'aria_label': None, 'class': ['ad', 'top_push_alt'], 'id': None, 'text': ''}, {'tag': 'div', 'src': None, 'aria_label': None, 'class': ['ad', 'top_push'], 'id': None, 'text': ''}, {'tag': 'div', 'src': None, 'aria_label': None, 'class': ['ad', 'cat_side1'], 'id': None, 'text': ''}, {'tag': 'div', 'src': None, 'aria_label': None, 'class': ['ad', 'allcats_side_btwn_1_2'], 'id': None, 'text': ''}, {'tag': 'div', 'src': None, 'aria_label': None, 'class': ['ad', 'cat_side2'], 'id': None, 'text': ''}, {'tag': 'div', 'src': None, 'aria_label': None, 'class': ['ad', 'cat_side3'], 'id': None, 'text': ''}]",-6,1,41,0.04591265397536394,20,4,7,1,0,15,130,7,1,16,4,0.0667,0.1231,0.5714,505,newsbook,news_listing
130,34,48,0,15,2,21,21,6634,994,16,6,"[{'tag': 'div', 'src': None, 'aria_label': None, 'class': ['ad', 'top_push_alt'], 'id': None, 'text': ''}, {'tag': 'div', 'src': None, 'aria_label': None, 'class': ['ad', 'top_push'], 'id': None, 'text': ''}, {'tag': 'div', 'src': None, 'aria_label': None, 'class': ['ad', 'cat_side1'], 'id': None, 'text': ''}, {'tag': 'div', 'src': None, 'aria_label': None, 'class': ['ad', 'allcats_side_btwn_1_2'], 'id': None, 'text': ''}, {'tag': 'div', 'src': None, 'aria_label': None, 'class': ['ad', 'cat_side2'], 'id': None, 'text': ''}, {'tag': 'div', 'src': None, 'aria_label': None, 'class': ['ad', 'cat_side3'], 'id': None, 'text': ''}]",-6,1,41,0.04591265397536394,20,4,7,1,0,15,130,7,1,16,4,0.0667,0.1231,0.5714,506,newsbook,news_listing
132,38,49,0,15,2,21,21,6728,978,16,6,"[{'tag': 'div', 'src': None, 'aria_label': None, 'class': ['ad', 'top_push_alt'], 'id': None, 'text': ''}, {'tag': 'div', 'src': None, 'aria_label': None, 'class': ['ad', 'top_push'], 'id': None, 'text': ''}, {'tag': 'div', 'src': None, 'aria_label': None, 'class': ['ad', 'cat_side1'], 'id': None, 'text': ''}, {'tag': 'div', 'src': None, 'aria_label': None, 'class': ['ad', 'allcats_side_btwn_1_2'], 'id': None, 'text': ''}, {'tag': 'div', 'src': None, 'aria_label': None, 'class': ['ad', 'cat_side2'], 'id': None, 'text': ''}, {'tag': 'div', 'src': None, 'aria_label': None, 'class': ['ad', 'cat_side3'], 'id': None, 'text': ''}]",-6,1,41,0.04515418502202643,20,4,7,1,0,15,132,7,1,15,4,0.0667,0.1136,0.5714,507,newsbook,news_listing
132,33,49,0,15,2,21,21,6535,946,16,6,"[{'tag': 'div', 'src': None, 'aria_label': None, 'class': ['ad', 'top_push_alt'], 'id': None, 'text': ''}, {'tag': 'div', 'src': None, 'aria_label': None, 'class': ['ad', 'top_push'], 'id': None, 'text': ''}, {'tag': 'div', 'src': None, 'aria_label': None, 'class': ['ad', 'cat_side1'], 'id': None, 'text': ''}, {'tag': 'div', 'src': None, 'aria_label': None, 'class': ['ad', 'allcats_side_btwn_1_2'], 'id': None, 'text': ''}, {'tag': 'div', 'src': None, 'aria_label': None, 'class': ['ad', 'cat_side2'], 'id': None, 'text': ''}, {'tag': 'div', 'src': None, 'aria_label': None, 'class': ['ad', 'cat_side3'], 'id': None, 'text': ''}]",-6,1,41,0.045657015590200446,20,4,7,1,0,15,132,7,1,15,4,0.0667,0.1136,0.5714,508,newsbook,news_listing
129,41,48,0,15,2,21,21,6590,1013,16,6,"[{'tag': 'div', 'src': None, 'aria_label': None, 'class': ['ad', 'top_push_alt'], 'id': None, 'text': ''}, {'tag': 'div', 'src': None, 'aria_label': None, 'class': ['ad', 'top_push'], 'id': None, 'text': ''}, {'tag': 'div', 'src': None, 'aria_label': None, 'class': ['ad', 'cat_side1'], 'id': None, 'text': ''}, {'tag': 'div', 'src': None, 'aria_label': None, 'class': ['ad', 'allcats_side_btwn_1_2'], 'id': None, 'text': ''}, {'tag': 'div', 'src': None, 'aria_label': None, 'class': ['ad', 'cat_side2'], 'id': None, 'text': ''}, {'tag': 'div', 'src': None, 'aria_label': None, 'class': ['ad', 'cat_side3'], 'id': None, 'text': ''}]",-6,1,41,0.04520396912899669,20,4,7,1,0,15,129,7,1,16,4,0.0667,0.124,0.5714,509,newsbook,news_listing
128,33,48,0,15,2,21,21,6470,983,16,6,"[{'tag': 'div', 'src': None, 'aria_label': None, 'class': ['ad', 'top_push_alt'], 'id': None, 'text': ''}, {'tag': 'div', 'src': None, 'aria_label': None, 'class': ['ad', 'top_push'], 'id': None, 'text': ''}, {'tag': 'div', 'src': None, 'aria_label': None, 'class': ['ad', 'cat_side1'], 'id': None, 'text': ''}, {'tag': 'div', 'src': None, 'aria_label': None, 'class': ['ad', 'allcats_side_btwn_1_2'], 'id': None, 'text': ''}, {'tag': 'div', 'src': None, 'aria_label': None, 'class': ['ad', 'cat_side2'], 'id': None, 'text': ''}, {'tag': 'div', 'src': None, 'aria_label': None, 'class': ['ad', 'cat_side3'], 'id': None, 'text': ''}]",-6,1,41,0.04601571268237935,20,4,7,1,0,15,128,7,1,15,4,0.0667,0.1172,0.5714,510,newsbook,news_listing
133,38,49,0,15,2,21,21,6452,934,16,6,"[{'tag': 'div', 'src': None, 'aria_label': None, 'class': ['ad', 'top_push_alt'], 'id': None, 'text': ''}, {'tag': 'div', 'src': None, 'aria_label': None, 'class': ['ad', 'top_push'], 'id': None, 'text': ''}, {'tag': 'div', 'src': None, 'aria_label': None, 'class': ['ad', 'cat_side1'], 'id': None, 'text': ''}, {'tag': 'div', 'src': None, 'aria_label': None, 'class': ['ad', 'allcats_side_btwn_1_2'], 'id': None, 'text': ''}, {'tag': 'div', 'src': None, 'aria_label': None, 'class': ['ad', 'cat_side2'], 'id': None, 'text': ''}, {'tag': 'div', 'src': None, 'aria_label': None, 'class': ['ad', 'cat_side3'], 'id': None, 'text': ''}]",-6,1,41,0.04515418502202643,20,4,7,1,0,15,133,7,1,16,4,0.0667,0.1203,0.5714,511,newsbook,news_listing
128,34,48,0,15,2,21,21,6483,978,16,6,"[{'tag': 'div', 'src': None, 'aria_label': None, 'class': ['ad', 'top_push_alt'], 'id': None, 'text': ''}, {'tag': 'div', 'src': None, 'aria_label': None, 'class': ['ad', 'top_push'], 'id': None, 'text': ''}, {'tag': 'div', 'src': None, 'aria_label': None, 'class': ['ad', 'cat_side1'], 'id': None, 'text': ''}, {'tag': 'div', 'src': None, 'aria_label': None, 'class': ['ad', 'allcats_side_btwn_1_2'], 'id': None, 'text': ''}, {'tag': 'div', 'src': None, 'aria_label': None, 'class': ['ad', 'cat_side2'], 'id': None, 'text': ''}, {'tag': 'div', 'src': None, 'aria_label': None, 'class': ['ad', 'cat_side3'], 'id': None, 'text': ''}]",-6,1,41,0.04601571268237935,20,4,7,1,0,15,128,7,1,15,4,0.0667,0.1172,0.5714,512,newsbook,news_listing
135,37,49,0,15,2,21,21,6725,996,16,6,"[{'tag': 'div', 'src': None, 'aria_label': None, 'class': ['ad', 'top_push_alt'], 'id': None, 'text': ''}, {'tag': 'div', 'src': None, 'aria_label': None, 'class': ['ad', 'top_push'], 'id': None, 'text': ''}, {'tag': 'div', 'src': None, 'aria_label': None, 'class': ['ad', 'cat_side1'], 'id': None, 'text': ''}, {'tag': 'div', 'src': None, 'aria_label': None, 'class': ['ad', 'allcats_side_btwn_1_2'], 'id': None, 'text': ''}, {'tag': 'div', 'src': None, 'aria_label': None, 'class': ['ad', 'cat_side2'], 'id': None, 'text': ''}, {'tag': 'div', 'src': None, 'aria_label': None, 'class': ['ad', 'cat_side3'], 'id': None, 'text': ''}]",-6,1,41,0.04515418502202643,20,4,7,1,0,15,135,7,1,17,4,0.0667,0.1259,0.5714,513,newsbook,news_listing
135,37,49,0,15,2,21,21,6725,996,16,6,"[{'tag': 'div', 'src': None, 'aria_label': None, 'class': ['ad', 'top_push_alt'], 'id': None, 'text': ''}, {'tag': 'div', 'src': None, 'aria_label': None, 'class': ['ad', 'top_push'], 'id': None, 'text': ''}, {'tag': 'div', 'src': None, 'aria_label': None, 'class': ['ad', 'cat_side1'], 'id': None, 'text': ''}, {'tag': 'div', 'src': None, 'aria_label': None, 'class': ['ad', 'allcats_side_btwn_1_2'], 'id': None, 'text': ''}, {'tag': 'div', 'src': None, 'aria_label': None, 'class': ['ad', 'cat_side2'], 'id': None, 'text': ''}, {'tag': 'div', 'src': None, 'aria_label': None, 'class': ['ad', 'cat_side3'], 'id': None, 'text': ''}]",-6,1,41,0.04515418502202643,20,4,7,1,0,15,135,7,1,17,4,0.0667,0.1259,0.5714,514,newsbook,news_listing
135,37,49,0,15,2,21,21,6725,996,16,6,"[{'tag': 'div', 'src': None, 'aria_label': None, 'class': ['ad', 'top_push_alt'], 'id': None, 'text': ''}, {'tag': 'div', 'src': None, 'aria_label': None, 'class': ['ad', 'top_push'], 'id': None, 'text': ''}, {'tag': 'div', 'src': None, 'aria_label': None, 'class': ['ad', 'cat_side1'], 'id': None, 'text': ''}, {'tag': 'div', 'src': None, 'aria_label': None, 'class': ['ad', 'allcats_side_btwn_1_2'], 'id': None, 'text': ''}, {'tag': 'div', 'src': None, 'aria_label': None, 'class': ['ad', 'cat_side2'], 'id': None, 'text': ''}, {'tag': 'div', 'src': None, 'aria_label': None, 'class': ['ad', 'cat_side3'], 'id': None, 'text': ''}]",-6,1,41,0.04515418502202643,20,4,7,1,0,15,135,7,1,17,4,0.0667,0.1259,0.5714,515,newsbook,news_listing
135,37,49,0,15,2,21,21,6725,996,16,6,"[{'tag': 'div', 'src': None, 'aria_label': None, 'class': ['ad', 'top_push_alt'], 'id': None, 'text': ''}, {'tag': 'div', 'src': None, 'aria_label': None, 'class': ['ad', 'top_push'], 'id': None, 'text': ''}, {'tag': 'div', 'src': None, 'aria_label': None, 'class': ['ad', 'cat_side1'], 'id': None, 'text': ''}, {'tag': 'div', 'src': None, 'aria_label': None, 'class': ['ad', 'allcats_side_btwn_1_2'], 'id': None, 'text': ''}, {'tag': 'div', 'src': None, 'aria_label': None, 'class': ['ad', 'cat_side2'], 'id': None, 'text': ''}, {'tag': 'div', 'src': None, 'aria_label': None, 'class': ['ad', 'cat_side3'], 'id': None, 'text': ''}]",-6,1,41,0.04515418502202643,20,4,7,1,0,15,135,7,1,17,4,0.0667,0.1259,0.5714,516,newsbook,news_listing
135,37,49,0,15,2,21,21,6725,996,16,6,"[{'tag': 'div', 'src': None, 'aria_label': None, 'class': ['ad', 'top_push_alt'], 'id': None, 'text': ''}, {'tag': 'div', 'src': None, 'aria_label': None, 'class': ['ad', 'top_push'], 'id': None, 'text': ''}, {'tag': 'div', 'src': None, 'aria_label': None, 'class': ['ad', 'cat_side1'], 'id': None, 'text': ''}, {'tag': 'div', 'src': None, 'aria_label': None, 'class': ['ad', 'allcats_side_btwn_1_2'], 'id': None, 'text': ''}, {'tag': 'div', 'src': None, 'aria_label': None, 'class': ['ad', 'cat_side2'], 'id': None, 'text': ''}, {'tag': 'div', 'src': None, 'aria_label': None, 'class': ['ad', 'cat_side3'], 'id': None, 'text': ''}]",-6,1,41,0.04515418502202643,20,4,7,1,0,15,135,7,1,17,4,0.0667,0.1259,0.5714,517,newsbook,news_listing
135,36,49,0,15,2,21,21,6576,953,16,6,"[{'tag': 'div', 'src': None, 'aria_label': None, 'class': ['ad', 'top_push_alt'], 'id': None, 'text': ''}, {'tag': 'div', 'src': None, 'aria_label': None, 'class': ['ad', 'top_push'], 'id': None, 'text': ''}, {'tag': 'div', 'src': None, 'aria_label': None, 'class': ['ad', 'cat_side1'], 'id': None, 'text': ''}, {'tag': 'div', 'src': None, 'aria_label': None, 'class': ['ad', 'allcats_side_btwn_1_2'], 'id': None, 'text': ''}, {'tag': 'div', 'src': None, 'aria_label': None, 'class': ['ad', 'cat_side2'], 'id': None, 'text': ''}, {'tag': 'div', 'src': None, 'aria_label': None, 'class': ['ad', 'cat_side3'], 'id': None, 'text': ''}]",-6,1,41,0.04525386313465784,20,4,7,1,0,15,135,7,1,17,4,0.0667,0.1259,0.5714,518,newsbook,news_listing
135,36,49,0,15,2,21,21,6576,953,16,6,"[{'tag': 'div', 'src': None, 'aria_label': None, 'class': ['ad', 'top_push_alt'], 'id': None, 'text': ''}, {'tag': 'div', 'src': None, 'aria_label': None, 'class': ['ad', 'top_push'], 'id': None, 'text': ''}, {'tag': 'div', 'src': None, 'aria_label': None, 'class': ['ad', 'cat_side1'], 'id': None, 'text': ''}, {'tag': 'div', 'src': None, 'aria_label': None, 'class': ['ad', 'allcats_side_btwn_1_2'], 'id': None, 'text': ''}, {'tag': 'div', 'src': None, 'aria_label': None, 'class': ['ad', 'cat_side2'], 'id': None, 'text': ''}, {'tag': 'div', 'src': None, 'aria_label': None, 'class': ['ad', 'cat_side3'], 'id': None, 'text': ''}]",-6,1,41,0.04525386313465784,20,4,7,1,0,15,135,7,1,17,4,0.0667,0.1259,0.5714,519,newsbook,news_listing
135,36,49,0,15,2,21,21,6576,953,16,6,"[{'tag': 'div', 'src': None, 'aria_label': None, 'class': ['ad', 'top_push_alt'], 'id': None, 'text': ''}, {'tag': 'div', 'src': None, 'aria_label': None, 'class': ['ad', 'top_push'], 'id': None, 'text': ''}, {'tag': 'div', 'src': None, 'aria_label': None, 'class': ['ad', 'cat_side1'], 'id': None, 'text': ''}, {'tag': 'div', 'src': None, 'aria_label': None, 'class': ['ad', 'allcats_side_btwn_1_2'], 'id': None, 'text': ''}, {'tag': 'div', 'src': None, 'aria_label': None, 'class': ['ad', 'cat_side2'], 'id': None, 'text': ''}, {'tag': 'div', 'src': None, 'aria_label': None, 'class': ['ad', 'cat_side3'], 'id': None, 'text': ''}]",-6,1,41,0.04525386313465784,20,4,7,1,0,15,135,7,1,17,4,0.0667,0.1259,0.5714,520,newsbook,news_listing
135,36,49,0,15,2,21,21,6576,953,16,6,"[{'tag': 'div', 'src': None, 'aria_label': None, 'class': ['ad', 'top_push_alt'], 'id': None, 'text': ''}, {'tag': 'div', 'src': None, 'aria_label': None, 'class': ['ad', 'top_push'], 'id': None, 'text': ''}, {'tag': 'div', 'src': None, 'aria_label': None, 'class': ['ad', 'cat_side1'], 'id': None, 'text': ''}, {'tag': 'div', 'src': None, 'aria_label': None, 'class': ['ad', 'allcats_side_btwn_1_2'], 'id': None, 'text': ''}, {'tag': 'div', 'src': None, 'aria_label': None, 'class': ['ad', 'cat_side2'], 'id': None, 'text': ''}, {'tag': 'div', 'src': None, 'aria_label': None, 'class': ['ad', 'cat_side3'], 'id': None, 'text': ''}]",-6,1,41,0.04525386313465784,20,4,7,1,0,15,135,7,1,17,4,0.0667,0.1259,0.5714,521,newsbook,news_listing
135,36,49,0,15,2,21,21,6576,953,16,6,"[{'tag': 'div', 'src': None, 'aria_label': None, 'class': ['ad', 'top_push_alt'], 'id': None, 'text': ''}, {'tag': 'div', 'src': None, 'aria_label': None, 'class': ['ad', 'top_push'], 'id': None, 'text': ''}, {'tag': 'div', 'src': None, 'aria_label': None, 'class': ['ad', 'cat_side1'], 'id': None, 'text': ''}, {'tag': 'div', 'src': None, 'aria_label': None, 'class': ['ad', 'allcats_side_btwn_1_2'], 'id': None, 'text': ''}, {'tag': 'div', 'src': None, 'aria_label': None, 'class': ['ad', 'cat_side2'], 'id': None, 'text': ''}, {'tag': 'div', 'src': None, 'aria_label': None, 'class': ['ad', 'cat_side3'], 'id': None, 'text': ''}]",-6,1,41,0.04525386313465784,20,4,7,1,0,15,135,7,1,17,4,0.0667,0.1259,0.5714,522,newsbook,news_listing
135,36,49,0,15,2,21,21,6534,952,16,6,"[{'tag': 'div', 'src': None, 'aria_label': None, 'class': ['ad', 'top_push_alt'], 'id': None, 'text': ''}, {'tag': 'div', 'src': None, 'aria_label': None, 'class': ['ad', 'top_push'], 'id': None, 'text': ''}, {'tag': 'div', 'src': None, 'aria_label': None, 'class': ['ad', 'cat_side1'], 'id': None, 'text': ''}, {'tag': 'div', 'src': None, 'aria_label': None, 'class': ['ad', 'allcats_side_btwn_1_2'], 'id': None, 'text': ''}, {'tag': 'div', 'src': None, 'aria_label': None, 'class': ['ad', 'cat_side2'], 'id': None, 'text': ''}, {'tag': 'div', 'src': None, 'aria_label': None, 'class': ['ad', 'cat_side3'], 'id': None, 'text': ''}]",-6,1,41,0.04525386313465784,20,4,7,1,0,15,135,7,1,17,4,0.0667,0.1259,0.5714,523,newsbook,news_listing
135,36,49,0,15,2,21,21,6534,952,16,6,"[{'tag': 'div', 'src': None, 'aria_label': None, 'class': ['ad', 'top_push_alt'], 'id': None, 'text': ''}, {'tag': 'div', 'src': None, 'aria_label': None, 'class': ['ad', 'top_push'], 'id': None, 'text': ''}, {'tag': 'div', 'src': None, 'aria_label': None, 'class': ['ad', 'cat_side1'], 'id': None, 'text': ''}, {'tag': 'div', 'src': None, 'aria_label': None, 'class': ['ad', 'allcats_side_btwn_1_2'], 'id': None, 'text': ''}, {'tag': 'div', 'src': None, 'aria_label': None, 'class': ['ad', 'cat_side2'], 'id': None, 'text': ''}, {'tag': 'div', 'src': None, 'aria_label': None, 'class': ['ad', 'cat_side3'], 'id': None, 'text': ''}]",-6,1,41,0.04525386313465784,20,4,7,1,0,15,135,7,1,17,4,0.0667,0.1259,0.5714,524,newsbook,news_listing
135,36,49,0,15,2,21,21,6534,952,16,6,"[{'tag': 'div', 'src': None, 'aria_label': None, 'class': ['ad', 'top_push_alt'], 'id': None, 'text': ''}, {'tag': 'div', 'src': None, 'aria_label': None, 'class': ['ad', 'top_push'], 'id': None, 'text': ''}, {'tag': 'div', 'src': None, 'aria_label': None, 'class': ['ad', 'cat_side1'], 'id': None, 'text': ''}, {'tag': 'div', 'src': None, 'aria_label': None, 'class': ['ad', 'allcats_side_btwn_1_2'], 'id': None, 'text': ''}, {'tag': 'div', 'src': None, 'aria_label': None, 'class': ['ad', 'cat_side2'], 'id': None, 'text': ''}, {'tag': 'div', 'src': None, 'aria_label': None, 'class': ['ad', 'cat_side3'], 'id': None, 'text': ''}]",-6,1,41,0.04525386313465784,20,4,7,1,0,15,135,7,1,17,4,0.0667,0.1259,0.5714,525,newsbook,news_listing
131,38,48,0,15,2,21,21,6745,1036,16,6,"[{'tag': 'div', 'src': None, 'aria_label': None, 'class': ['ad', 'top_push_alt'], 'id': None, 'text': ''}, {'tag': 'div', 'src': None, 'aria_label': None, 'class': ['ad', 'top_push'], 'id': None, 'text': ''}, {'tag': 'div', 'src': None, 'aria_label': None, 'class': ['ad', 'cat_side1'], 'id': None, 'text': ''}, {'tag': 'div', 'src': None, 'aria_label': None, 'class': ['ad', 'allcats_side_btwn_1_2'], 'id': None, 'text': ''}, {'tag': 'div', 'src': None, 'aria_label': None, 'class': ['ad', 'cat_side2'], 'id': None, 'text': ''}, {'tag': 'div', 'src': None, 'aria_label': None, 'class': ['ad', 'cat_side3'], 'id': None, 'text': ''}]",-6,1,41,0.04540420819490587,20,4,7,1,0,15,131,7,1,17,4,0.0667,0.1298,0.5714,526,newsbook,news_listing
131,38,48,0,15,2,21,21,6745,1036,16,6,"[{'tag': 'div', 'src': None, 'aria_label': None, 'class': ['ad', 'top_push_alt'], 'id': None, 'text': ''}, {'tag': 'div', 'src': None, 'aria_label': None, 'class': ['ad', 'top_push'], 'id': None, 'text': ''}, {'tag': 'div', 'src': None, 'aria_label': None, 'class': ['ad', 'cat_side1'], 'id': None, 'text': ''}, {'tag': 'div', 'src': None, 'aria_label': None, 'class': ['ad', 'allcats_side_btwn_1_2'], 'id': None, 'text': ''}, {'tag': 'div', 'src': None, 'aria_label': None, 'class': ['ad', 'cat_side2'], 'id': None, 'text': ''}, {'tag': 'div', 'src': None, 'aria_label': None, 'class': ['ad', 'cat_side3'], 'id': None, 'text': ''}]",-6,1,41,0.04540420819490587,20,4,7,1,0,15,131,7,1,17,4,0.0667,0.1298,0.5714,527,newsbook,news_listing
131,38,48,0,15,2,21,21,6745,1036,16,6,"[{'tag': 'div', 'src': None, 'aria_label': None, 'class': ['ad', 'top_push_alt'], 'id': None, 'text': ''}, {'tag': 'div', 'src': None, 'aria_label': None, 'class': ['ad', 'top_push'], 'id': None, 'text': ''}, {'tag': 'div', 'src': None, 'aria_label': None, 'class': ['ad', 'cat_side1'], 'id': None, 'text': ''}, {'tag': 'div', 'src': None, 'aria_label': None, 'class': ['ad', 'allcats_side_btwn_1_2'], 'id': None, 'text': ''}, {'tag': 'div', 'src': None, 'aria_label': None, 'class': ['ad', 'cat_side2'], 'id': None, 'text': ''}, {'tag': 'div', 'src': None, 'aria_label': None, 'class': ['ad', 'cat_side3'], 'id': None, 'text': ''}]",-6,1,41,0.04540420819490587,20,4,7,1,0,15,131,7,1,17,4,0.0667,0.1298,0.5714,528,newsbook,news_listing
131,38,48,0,15,2,21,21,6745,1036,16,6,"[{'tag': 'div', 'src': None, 'aria_label': None, 'class': ['ad', 'top_push_alt'], 'id': None, 'text': ''}, {'tag': 'div', 'src': None, 'aria_label': None, 'class': ['ad', 'top_push'], 'id': None, 'text': ''}, {'tag': 'div', 'src': None, 'aria_label': None, 'class': ['ad', 'cat_side1'], 'id': None, 'text': ''}, {'tag': 'div', 'src': None, 'aria_label': None, 'class': ['ad', 'allcats_side_btwn_1_2'], 'id': None, 'text': ''}, {'tag': 'div', 'src': None, 'aria_label': None, 'class': ['ad', 'cat_side2'], 'id': None, 'text': ''}, {'tag': 'div', 'src': None, 'aria_label': None, 'class': ['ad', 'cat_side3'], 'id': None, 'text': ''}]",-6,1,41,0.04540420819490587,20,4,7,1,0,15,131,7,1,17,4,0.0667,0.1298,0.5714,529,newsbook,news_listing
131,38,48,0,15,2,21,21,6745,1036,16,6,"[{'tag': 'div', 'src': None, 'aria_label': None, 'class': ['ad', 'top_push_alt'], 'id': None, 'text': ''}, {'tag': 'div', 'src': None, 'aria_label': None, 'class': ['ad', 'top_push'], 'id': None, 'text': ''}, {'tag': 'div', 'src': None, 'aria_label': None, 'class': ['ad', 'cat_side1'], 'id': None, 'text': ''}, {'tag': 'div', 'src': None, 'aria_label': None, 'class': ['ad', 'allcats_side_btwn_1_2'], 'id': None, 'text': ''}, {'tag': 'div', 'src': None, 'aria_label': None, 'class': ['ad', 'cat_side2'], 'id': None, 'text': ''}, {'tag': 'div', 'src': None, 'aria_label': None, 'class': ['ad', 'cat_side3'], 'id': None, 'text': ''}]",-6,1,41,0.04540420819490587,20,4,7,1,0,15,131,7,1,17,4,0.0667,0.1298,0.5714,530,newsbook,news_listing
131,38,48,0,15,2,21,21,6745,1036,16,6,"[{'tag': 'div', 'src': None, 'aria_label': None, 'class': ['ad', 'top_push_alt'], 'id': None, 'text': ''}, {'tag': 'div', 'src': None, 'aria_label': None, 'class': ['ad', 'top_push'], 'id': None, 'text': ''}, {'tag': 'div', 'src': None, 'aria_label': None, 'class': ['ad', 'cat_side1'], 'id': None, 'text': ''}, {'tag': 'div', 'src': None, 'aria_label': None, 'class': ['ad', 'allcats_side_btwn_1_2'], 'id': None, 'text': ''}, {'tag': 'div', 'src': None, 'aria_label': None, 'class': ['ad', 'cat_side2'], 'id': None, 'text': ''}, {'tag': 'div', 'src': None, 'aria_label': None, 'class': ['ad', 'cat_side3'], 'id': None, 'text': ''}]",-6,1,41,0.04540420819490587,20,4,7,1,0,15,131,7,1,17,4,0.0667,0.1298,0.5714,531,newsbook,news_listing
131,37,48,0,15,2,21,21,6267,970,16,6,"[{'tag': 'div', 'src': None, 'aria_label': None, 'class': ['ad', 'top_push_alt'], 'id': None, 'text': ''}, {'tag': 'div', 'src': None, 'aria_label': None, 'class': ['ad', 'top_push'], 'id': None, 'text': ''}, {'tag': 'div', 'src': None, 'aria_label': None, 'class': ['ad', 'cat_side1'], 'id': None, 'text': ''}, {'tag': 'div', 'src': None, 'aria_label': None, 'class': ['ad', 'allcats_side_btwn_1_2'], 'id': None, 'text': ''}, {'tag': 'div', 'src': None, 'aria_label': None, 'class': ['ad', 'cat_side2'], 'id': None, 'text': ''}, {'tag': 'div', 'src': None, 'aria_label': None, 'class': ['ad', 'cat_side3'], 'id': None, 'text': ''}]",-6,1,41,0.04550499445061043,20,4,7,1,0,15,131,7,1,17,4,0.0667,0.1298,0.5714,532,newsbook,news_listing
131,37,48,0,15,2,21,21,6267,970,16,6,"[{'tag': 'div', 'src': None, 'aria_label': None, 'class': ['ad', 'top_push_alt'], 'id': None, 'text': ''}, {'tag': 'div', 'src': None, 'aria_label': None, 'class': ['ad', 'top_push'], 'id': None, 'text': ''}, {'tag': 'div', 'src': None, 'aria_label': None, 'class': ['ad', 'cat_side1'], 'id': None, 'text': ''}, {'tag': 'div', 'src': None, 'aria_label': None, 'class': ['ad', 'allcats_side_btwn_1_2'], 'id': None, 'text': ''}, {'tag': 'div', 'src': None, 'aria_label': None, 'class': ['ad', 'cat_side2'], 'id': None, 'text': ''}, {'tag': 'div', 'src': None, 'aria_label': None, 'class': ['ad', 'cat_side3'], 'id': None, 'text': ''}]",-6,1,41,0.04550499445061043,20,4,7,1,0,15,131,7,1,17,4,0.0667,0.1298,0.5714,533,newsbook,news_listing
131,37,48,0,15,2,21,21,6267,970,16,6,"[{'tag': 'div', 'src': None, 'aria_label': None, 'class': ['ad', 'top_push_alt'], 'id': None, 'text': ''}, {'tag': 'div', 'src': None, 'aria_label': None, 'class': ['ad', 'top_push'], 'id': None, 'text': ''}, {'tag': 'div', 'src': None, 'aria_label': None, 'class': ['ad', 'cat_side1'], 'id': None, 'text': ''}, {'tag': 'div', 'src': None, 'aria_label': None, 'class': ['ad', 'allcats_side_btwn_1_2'], 'id': None, 'text': ''}, {'tag': 'div', 'src': None, 'aria_label': None, 'class': ['ad', 'cat_side2'], 'id': None, 'text': ''}, {'tag': 'div', 'src': None, 'aria_label': None, 'class': ['ad', 'cat_side3'], 'id': None, 'text': ''}]",-6,1,41,0.04550499445061043,20,4,7,1,0,15,131,7,1,17,4,0.0667,0.1298,0.5714,534,newsbook,news_listing
131,37,48,0,15,2,21,21,6267,970,16,6,"[{'tag': 'div', 'src': None, 'aria_label': None, 'class': ['ad', 'top_push_alt'], 'id': None, 'text': ''}, {'tag': 'div', 'src': None, 'aria_label': None, 'class': ['ad', 'top_push'], 'id': None, 'text': ''}, {'tag': 'div', 'src': None, 'aria_label': None, 'class': ['ad', 'cat_side1'], 'id': None, 'text': ''}, {'tag': 'div', 'src': None, 'aria_label': None, 'class': ['ad', 'allcats_side_btwn_1_2'], 'id': None, 'text': ''}, {'tag': 'div', 'src': None, 'aria_label': None, 'class': ['ad', 'cat_side2'], 'id': None, 'text': ''}, {'tag': 'div', 'src': None, 'aria_label': None, 'class': ['ad', 'cat_side3'], 'id': None, 'text': ''}]",-6,1,41,0.04550499445061043,20,4,7,1,0,15,131,7,1,17,4,0.0667,0.1298,0.5714,535,newsbook,news_listing
131,37,48,0,15,2,21,21,6267,970,16,6,"[{'tag': 'div', 'src': None, 'aria_label': None, 'class': ['ad', 'top_push_alt'], 'id': None, 'text': ''}, {'tag': 'div', 'src': None, 'aria_label': None, 'class': ['ad', 'top_push'], 'id': None, 'text': ''}, {'tag': 'div', 'src': None, 'aria_label': None, 'class': ['ad', 'cat_side1'], 'id': None, 'text': ''}, {'tag': 'div', 'src': None, 'aria_label': None, 'class': ['ad', 'allcats_side_btwn_1_2'], 'id': None, 'text': ''}, {'tag': 'div', 'src': None, 'aria_label': None, 'class': ['ad', 'cat_side2'], 'id': None, 'text': ''}, {'tag': 'div', 'src': None, 'aria_label': None, 'class': ['ad', 'cat_side3'], 'id': None, 'text': ''}]",-6,1,41,0.04550499445061043,20,4,7,1,0,15,131,7,1,17,4,0.0667,0.1298,0.5714,536,newsbook,news_listing
131,34,48,0,15,2,21,21,6551,1006,16,6,"[{'tag': 'div', 'src': None, 'aria_label': None, 'class': ['ad', 'top_push_alt'], 'id': None, 'text': ''}, {'tag': 'div', 'src': None, 'aria_label': None, 'class': ['ad', 'top_push'], 'id': None, 'text': ''}, {'tag': 'div', 'src': None, 'aria_label': None, 'class': ['ad', 'cat_side1'], 'id': None, 'text': ''}, {'tag': 'div', 'src': None, 'aria_label': None, 'class': ['ad', 'allcats_side_btwn_1_2'], 'id': None, 'text': ''}, {'tag': 'div', 'src': None, 'aria_label': None, 'class': ['ad', 'cat_side2'], 'id': None, 'text': ''}, {'tag': 'div', 'src': None, 'aria_label': None, 'class': ['ad', 'cat_side3'], 'id': None, 'text': ''}]",-6,1,41,0.04581005586592179,20,4,7,1,0,15,131,7,1,17,4,0.0667,0.1298,0.5714,537,newsbook,news_listing
131,34,48,0,15,2,21,21,6551,1006,16,6,"[{'tag': 'div', 'src': None, 'aria_label': None, 'class': ['ad', 'top_push_alt'], 'id': None, 'text': ''}, {'tag': 'div', 'src': None, 'aria_label': None, 'class': ['ad', 'top_push'], 'id': None, 'text': ''}, {'tag': 'div', 'src': None, 'aria_label': None, 'class': ['ad', 'cat_side1'], 'id': None, 'text': ''}, {'tag': 'div', 'src': None, 'aria_label': None, 'class': ['ad', 'allcats_side_btwn_1_2'], 'id': None, 'text': ''}, {'tag': 'div', 'src': None, 'aria_label': None, 'class': ['ad', 'cat_side2'], 'id': None, 'text': ''}, {'tag': 'div', 'src': None, 'aria_label': None, 'class': ['ad', 'cat_side3'], 'id': None, 'text': ''}]",-6,1,41,0.04581005586592179,20,4,7,1,0,15,131,7,1,17,4,0.0667,0.1298,0.5714,538,newsbook,news_listing
131,34,48,0,15,2,21,21,6551,1006,16,6,"[{'tag': 'div', 'src': None, 'aria_label': None, 'class': ['ad', 'top_push_alt'], 'id': None, 'text': ''}, {'tag': 'div', 'src': None, 'aria_label': None, 'class': ['ad', 'top_push'], 'id': None, 'text': ''}, {'tag': 'div', 'src': None, 'aria_label': None, 'class': ['ad', 'cat_side1'], 'id': None, 'text': ''}, {'tag': 'div', 'src': None, 'aria_label': None, 'class': ['ad', 'allcats_side_btwn_1_2'], 'id': None, 'text': ''}, {'tag': 'div', 'src': None, 'aria_label': None, 'class': ['ad', 'cat_side2'], 'id': None, 'text': ''}, {'tag': 'div', 'src': None, 'aria_label': None, 'class': ['ad', 'cat_side3'], 'id': None, 'text': ''}]",-6,1,41,0.04581005586592179,20,4,7,1,0,15,131,7,1,17,4,0.0667,0.1298,0.5714,539,newsbook,news_listing
131,34,48,0,15,2,21,21,6551,1006,16,6,"[{'tag': 'div', 'src': None, 'aria_label': None, 'class': ['ad', 'top_push_alt'], 'id': None, 'text': ''}, {'tag': 'div', 'src': None, 'aria_label': None, 'class': ['ad', 'top_push'], 'id': None, 'text': ''}, {'tag': 'div', 'src': None, 'aria_label': None, 'class': ['ad', 'cat_side1'], 'id': None, 'text': ''}, {'tag': 'div', 'src': None, 'aria_label': None, 'class': ['ad', 'allcats_side_btwn_1_2'], 'id': None, 'text': ''}, {'tag': 'div', 'src': None, 'aria_label': None, 'class': ['ad', 'cat_side2'], 'id': None, 'text': ''}, {'tag': 'div', 'src': None, 'aria_label': None, 'class': ['ad', 'cat_side3'], 'id': None, 'text': ''}]",-6,1,41,0.04581005586592179,20,4,7,1,0,15,131,7,1,17,4,0.0667,0.1298,0.5714,540,newsbook,news_listing
131,34,48,0,15,2,21,21,6551,1006,16,6,"[{'tag': 'div', 'src': None, 'aria_label': None, 'class': ['ad', 'top_push_alt'], 'id': None, 'text': ''}, {'tag': 'div', 'src': None, 'aria_label': None, 'class': ['ad', 'top_push'], 'id': None, 'text': ''}, {'tag': 'div', 'src': None, 'aria_label': None, 'class': ['ad', 'cat_side1'], 'id': None, 'text': ''}, {'tag': 'div', 'src': None, 'aria_label': None, 'class': ['ad', 'allcats_side_btwn_1_2'], 'id': None, 'text': ''}, {'tag': 'div', 'src': None, 'aria_label': None, 'class': ['ad', 'cat_side2'], 'id': None, 'text': ''}, {'tag': 'div', 'src': None, 'aria_label': None, 'class': ['ad', 'cat_side3'], 'id': None, 'text': ''}]",-6,1,41,0.04581005586592179,20,4,7,1,0,15,131,7,1,17,4,0.0667,0.1298,0.5714,541,newsbook,news_listing
109,32,52,0,15,2,38,10,10948,1673,20,8,"[{'tag': 'div', 'src': None, 'aria_label': None, 'class': ['ad', 'top_push_alt'], 'id': None, 'text': ''}, {'tag': 'div', 'src': None, 'aria_label': None, 'class': ['ad', 'top_push'], 'id': None, 'text': ''}, {'tag': 'div', 'src': None, 'aria_label': None, 'class': ['ad', 'cat_top'], 'id': None, 'text': ''}, {'tag': 'div', 'src': None, 'aria_label': None, 'class': ['ad', 'cat_foot'], 'id': None, 'text': ''}, {'tag': 'div', 'src': None, 'aria_label': None, 'class': ['ad', 'cat_side1'], 'id': None, 'text': ''}, {'tag': 'div', 'src': None, 'aria_label': None, 'class': ['ad', 'allcats_side_btwn_1_2'], 'id': None, 'text': ''}, {'tag': 'div', 'src': None, 'aria_label': None, 'class': ['ad', 'cat_side2'], 'id': None, 'text': ''}, {'tag': 'div', 'src': None, 'aria_label': None, 'class': ['ad', 'cat_side3'], 'id': None, 'text': ''}]",-8,1,49,0.05493273542600897,20,4,15,1,0,15,109,7,1,21,4,0.0667,0.1927,0.5714,542,newsbook,article_pages
109,32,52,0,15,2,38,10,10948,1673,20,8,"[{'tag': 'div', 'src': None, 'aria_label': None, 'class': ['ad', 'top_push_alt'], 'id': None, 'text': ''}, {'tag': 'div', 'src': None, 'aria_label': None, 'class': ['ad', 'top_push'], 'id': None, 'text': ''}, {'tag': 'div', 'src': None, 'aria_label': None, 'class': ['ad', 'cat_top'], 'id': None, 'text': ''}, {'tag': 'div', 'src': None, 'aria_label': None, 'class': ['ad', 'cat_foot'], 'id': None, 'text': ''}, {'tag': 'div', 'src': None, 'aria_label': None, 'class': ['ad', 'cat_side1'], 'id': None, 'text': ''}, {'tag': 'div', 'src': None, 'aria_label': None, 'class': ['ad', 'allcats_side_btwn_1_2'], 'id': None, 'text': ''}, {'tag': 'div', 'src': None, 'aria_label': None, 'class': ['ad', 'cat_side2'], 'id': None, 'text': ''}, {'tag': 'div', 'src': None, 'aria_label': None, 'class': ['ad', 'cat_side3'], 'id': None, 'text': ''}]",-8,1,49,0.05493273542600897,20,4,15,1,0,15,109,7,1,21,4,0.0667,0.1927,0.5714,543,newsbook,article_pages
109,32,52,0,15,2,38,10,10948,1673,20,8,"[{'tag': 'div', 'src': None, 'aria_label': None, 'class': ['ad', 'top_push_alt'], 'id': None, 'text': ''}, {'tag': 'div', 'src': None, 'aria_label': None, 'class': ['ad', 'top_push'], 'id': None, 'text': ''}, {'tag': 'div', 'src': None, 'aria_label': None, 'class': ['ad', 'cat_top'], 'id': None, 'text': ''}, {'tag': 'div', 'src': None, 'aria_label': None, 'class': ['ad', 'cat_foot'], 'id': None, 'text': ''}, {'tag': 'div', 'src': None, 'aria_label': None, 'class': ['ad', 'cat_side1'], 'id': None, 'text': ''}, {'tag': 'div', 'src': None, 'aria_label': None, 'class': ['ad', 'allcats_side_btwn_1_2'], 'id': None, 'text': ''}, {'tag': 'div', 'src': None, 'aria_label': None, 'class': ['ad', 'cat_side2'], 'id': None, 'text': ''}, {'tag': 'div', 'src': None, 'aria_label': None, 'class': ['ad', 'cat_side3'], 'id': None, 'text': ''}]",-8,1,49,0.05493273542600897,20,4,15,1,0,15,109,7,1,21,4,0.0667,0.1927,0.5714,544,newsbook,article_pages
109,32,52,0,15,2,38,10,10948,1673,20,8,"[{'tag': 'div', 'src': None, 'aria_label': None, 'class': ['ad', 'top_push_alt'], 'id': None, 'text': ''}, {'tag': 'div', 'src': None, 'aria_label': None, 'class': ['ad', 'top_push'], 'id': None, 'text': ''}, {'tag': 'div', 'src': None, 'aria_label': None, 'class': ['ad', 'cat_top'], 'id': None, 'text': ''}, {'tag': 'div', 'src': None, 'aria_label': None, 'class': ['ad', 'cat_foot'], 'id': None, 'text': ''}, {'tag': 'div', 'src': None, 'aria_label': None, 'class': ['ad', 'cat_side1'], 'id': None, 'text': ''}, {'tag': 'div', 'src': None, 'aria_label': None, 'class': ['ad', 'allcats_side_btwn_1_2'], 'id': None, 'text': ''}, {'tag': 'div', 'src': None, 'aria_label': None, 'class': ['ad', 'cat_side2'], 'id': None, 'text': ''}, {'tag': 'div', 'src': None, 'aria_label': None, 'class': ['ad', 'cat_side3'], 'id': None, 'text': ''}]",-8,1,49,0.05493273542600897,20,4,15,1,0,15,109,7,1,21,4,0.0667,0.1927,0.5714,545,newsbook,article_pages
109,32,52,0,15,2,38,10,10948,1673,20,8,"[{'tag': 'div', 'src': None, 'aria_label': None, 'class': ['ad', 'top_push_alt'], 'id': None, 'text': ''}, {'tag': 'div', 'src': None, 'aria_label': None, 'class': ['ad', 'top_push'], 'id': None, 'text': ''}, {'tag': 'div', 'src': None, 'aria_label': None, 'class': ['ad', 'cat_top'], 'id': None, 'text': ''}, {'tag': 'div', 'src': None, 'aria_label': None, 'class': ['ad', 'cat_foot'], 'id': None, 'text': ''}, {'tag': 'div', 'src': None, 'aria_label': None, 'class': ['ad', 'cat_side1'], 'id': None, 'text': ''}, {'tag': 'div', 'src': None, 'aria_label': None, 'class': ['ad', 'allcats_side_btwn_1_2'], 'id': None, 'text': ''}, {'tag': 'div', 'src': None, 'aria_label': None, 'class': ['ad', 'cat_side2'], 'id': None, 'text': ''}, {'tag': 'div', 'src': None, 'aria_label': None, 'class': ['ad', 'cat_side3'], 'id': None, 'text': ''}]",-8,1,49,0.05493273542600897,20,4,15,1,0,15,109,7,1,21,4,0.0667,0.1927,0.5714,546,newsbook,article_pages
109,32,52,0,15,2,38,10,10948,1673,20,8,"[{'tag': 'div', 'src': None, 'aria_label': None, 'class': ['ad', 'top_push_alt'], 'id': None, 'text': ''}, {'tag': 'div', 'src': None, 'aria_label': None, 'class': ['ad', 'top_push'], 'id': None, 'text': ''}, {'tag': 'div', 'src': None, 'aria_label': None, 'class': ['ad', 'cat_top'], 'id': None, 'text': ''}, {'tag': 'div', 'src': None, 'aria_label': None, 'class': ['ad', 'cat_foot'], 'id': None, 'text': ''}, {'tag': 'div', 'src': None, 'aria_label': None, 'class': ['ad', 'cat_side1'], 'id': None, 'text': ''}, {'tag': 'div', 'src': None, 'aria_label': None, 'class': ['ad', 'allcats_side_btwn_1_2'], 'id': None, 'text': ''}, {'tag': 'div', 'src': None, 'aria_label': None, 'class': ['ad', 'cat_side2'], 'id': None, 'text': ''}, {'tag': 'div', 'src': None, 'aria_label': None, 'class': ['ad', 'cat_side3'], 'id': None, 'text': ''}]",-8,1,49,0.05493273542600897,20,4,15,1,0,15,109,7,1,21,4,0.0667,0.1927,0.5714,547,newsbook,article_pages
109,32,52,0,15,2,38,10,10948,1673,20,8,"[{'tag': 'div', 'src': None, 'aria_label': None, 'class': ['ad', 'top_push_alt'], 'id': None, 'text': ''}, {'tag': 'div', 'src': None, 'aria_label': None, 'class': ['ad', 'top_push'], 'id': None, 'text': ''}, {'tag': 'div', 'src': None, 'aria_label': None, 'class': ['ad', 'cat_top'], 'id': None, 'text': ''}, {'tag': 'div', 'src': None, 'aria_label': None, 'class': ['ad', 'cat_foot'], 'id': None, 'text': ''}, {'tag': 'div', 'src': None, 'aria_label': None, 'class': ['ad', 'cat_side1'], 'id': None, 'text': ''}, {'tag': 'div', 'src': None, 'aria_label': None, 'class': ['ad', 'allcats_side_btwn_1_2'], 'id': None, 'text': ''}, {'tag': 'div', 'src': None, 'aria_label': None, 'class': ['ad', 'cat_side2'], 'id': None, 'text': ''}, {'tag': 'div', 'src': None, 'aria_label': None, 'class': ['ad', 'cat_side3'], 'id': None, 'text': ''}]",-8,1,49,0.05493273542600897,20,4,15,1,0,15,109,7,1,21,4,0.0667,0.1927,0.5714,548,newsbook,article_pages
109,32,52,0,15,2,38,10,10948,1673,20,8,"[{'tag': 'div', 'src': None, 'aria_label': None, 'class': ['ad', 'top_push_alt'], 'id': None, 'text': ''}, {'tag': 'div', 'src': None, 'aria_label': None, 'class': ['ad', 'top_push'], 'id': None, 'text': ''}, {'tag': 'div', 'src': None, 'aria_label': None, 'class': ['ad', 'cat_top'], 'id': None, 'text': ''}, {'tag': 'div', 'src': None, 'aria_label': None, 'class': ['ad', 'cat_foot'], 'id': None, 'text': ''}, {'tag': 'div', 'src': None, 'aria_label': None, 'class': ['ad', 'cat_side1'], 'id': None, 'text': ''}, {'tag': 'div', 'src': None, 'aria_label': None, 'class': ['ad', 'allcats_side_btwn_1_2'], 'id': None, 'text': ''}, {'tag': 'div', 'src': None, 'aria_label': None, 'class': ['ad', 'cat_side2'], 'id': None, 'text': ''}, {'tag': 'div', 'src': None, 'aria_label': None, 'class': ['ad', 'cat_side3'], 'id': None, 'text': ''}]",-8,1,49,0.05493273542600897,20,4,15,1,0,15,109,7,1,21,4,0.0667,0.1927,0.5714,549,newsbook,article_pages
109,32,52,0,15,2,38,10,10948,1673,20,8,"[{'tag': 'div', 'src': None, 'aria_label': None, 'class': ['ad', 'top_push_alt'], 'id': None, 'text': ''}, {'tag': 'div', 'src': None, 'aria_label': None, 'class': ['ad', 'top_push'], 'id': None, 'text': ''}, {'tag': 'div', 'src': None, 'aria_label': None, 'class': ['ad', 'cat_top'], 'id': None, 'text': ''}, {'tag': 'div', 'src': None, 'aria_label': None, 'class': ['ad', 'cat_foot'], 'id': None, 'text': ''}, {'tag': 'div', 'src': None, 'aria_label': None, 'class': ['ad', 'cat_side1'], 'id': None, 'text': ''}, {'tag': 'div', 'src': None, 'aria_label': None, 'class': ['ad', 'allcats_side_btwn_1_2'], 'id': None, 'text': ''}, {'tag': 'div', 'src': None, 'aria_label': None, 'class': ['ad', 'cat_side2'], 'id': None, 'text': ''}, {'tag': 'div', 'src': None, 'aria_label': None, 'class': ['ad', 'cat_side3'], 'id': None, 'text': ''}]",-8,1,49,0.05493273542600897,20,4,15,1,0,15,109,7,1,21,4,0.0667,0.1927,0.5714,550,newsbook,article_pages
109,32,52,0,15,2,38,10,10948,1673,20,8,"[{'tag': 'div', 'src': None, 'aria_label': None, 'class': ['ad', 'top_push_alt'], 'id': None, 'text': ''}, {'tag': 'div', 'src': None, 'aria_label': None, 'class': ['ad', 'top_push'], 'id': None, 'text': ''}, {'tag': 'div', 'src': None, 'aria_label': None, 'class': ['ad', 'cat_top'], 'id': None, 'text': ''}, {'tag': 'div', 'src': None, 'aria_label': None, 'class': ['ad', 'cat_foot'], 'id': None, 'text': ''}, {'tag': 'div', 'src': None, 'aria_label': None, 'class': ['ad', 'cat_side1'], 'id': None, 'text': ''}, {'tag': 'div', 'src': None, 'aria_label': None, 'class': ['ad', 'allcats_side_btwn_1_2'], 'id': None, 'text': ''}, {'tag': 'div', 'src': None, 'aria_label': None, 'class': ['ad', 'cat_side2'], 'id': None, 'text': ''}, {'tag': 'div', 'src': None, 'aria_label': None, 'class': ['ad', 'cat_side3'], 'id': None, 'text': ''}]",-8,1,49,0.05493273542600897,20,4,15,1,0,15,109,7,1,21,4,0.0667,0.1927,0.5714,551,newsbook,article_pages
133,36,53,0,15,2,29,16,7926,1206,20,8,"[{'tag': 'div', 'src': None, 'aria_label': None, 'class': ['ad', 'top_push_alt'], 'id': None, 'text': ''}, {'tag': 'div', 'src': None, 'aria_label': None, 'class': ['ad', 'top_push'], 'id': None, 'text': ''}, {'tag': 'div', 'src': None, 'aria_label': None, 'class': ['ad', 'cat_top'], 'id': None, 'text': ''}, {'tag': 'div', 'src': None, 'aria_label': None, 'class': ['ad', 'cat_foot'], 'id': None, 'text': ''}, {'tag': 'div', 'src': None, 'aria_label': None, 'class': ['ad', 'cat_side1'], 'id': None, 'text': ''}, {'tag': 'div', 'src': None, 'aria_label': None, 'class': ['ad', 'allcats_side_btwn_1_2'], 'id': None, 'text': ''}, {'tag': 'div', 'src': None, 'aria_label': None, 'class': ['ad', 'cat_side2'], 'id': None, 'text': ''}, {'tag': 'div', 'src': None, 'aria_label': None, 'class': ['ad', 'cat_side3'], 'id': None, 'text': ''}]",-8,1,49,0.051470588235294115,20,4,15,1,0,15,133,7,1,23,4,0.0667,0.1729,0.5714,552,newsbook,article_pages
133,36,53,0,15,2,29,16,7926,1206,20,8,"[{'tag': 'div', 'src': None, 'aria_label': None, 'class': ['ad', 'top_push_alt'], 'id': None, 'text': ''}, {'tag': 'div', 'src': None, 'aria_label': None, 'class': ['ad', 'top_push'], 'id': None, 'text': ''}, {'tag': 'div', 'src': None, 'aria_label': None, 'class': ['ad', 'cat_top'], 'id': None, 'text': ''}, {'tag': 'div', 'src': None, 'aria_label': None, 'class': ['ad', 'cat_foot'], 'id': None, 'text': ''}, {'tag': 'div', 'src': None, 'aria_label': None, 'class': ['ad', 'cat_side1'], 'id': None, 'text': ''}, {'tag': 'div', 'src': None, 'aria_label': None, 'class': ['ad', 'allcats_side_btwn_1_2'], 'id': None, 'text': ''}, {'tag': 'div', 'src': None, 'aria_label': None, 'class': ['ad', 'cat_side2'], 'id': None, 'text': ''}, {'tag': 'div', 'src': None, 'aria_label': None, 'class': ['ad', 'cat_side3'], 'id': None, 'text': ''}]",-8,1,49,0.051470588235294115,20,4,15,1,0,15,133,7,1,23,4,0.0667,0.1729,0.5714,553,newsbook,article_pages
133,36,53,0,15,2,29,16,7926,1206,20,8,"[{'tag': 'div', 'src': None, 'aria_label': None, 'class': ['ad', 'top_push_alt'], 'id': None, 'text': ''}, {'tag': 'div', 'src': None, 'aria_label': None, 'class': ['ad', 'top_push'], 'id': None, 'text': ''}, {'tag': 'div', 'src': None, 'aria_label': None, 'class': ['ad', 'cat_top'], 'id': None, 'text': ''}, {'tag': 'div', 'src': None, 'aria_label': None, 'class': ['ad', 'cat_foot'], 'id': None, 'text': ''}, {'tag': 'div', 'src': None, 'aria_label': None, 'class': ['ad', 'cat_side1'], 'id': None, 'text': ''}, {'tag': 'div', 'src': None, 'aria_label': None, 'class': ['ad', 'allcats_side_btwn_1_2'], 'id': None, 'text': ''}, {'tag': 'div', 'src': None, 'aria_label': None, 'class': ['ad', 'cat_side2'], 'id': None, 'text': ''}, {'tag': 'div', 'src': None, 'aria_label': None, 'class': ['ad', 'cat_side3'], 'id': None, 'text': ''}]",-8,1,49,0.051470588235294115,20,4,15,1,0,15,133,7,1,23,4,0.0667,0.1729,0.5714,554,newsbook,article_pages
133,36,53,0,15,2,29,16,7926,1206,20,8,"[{'tag': 'div', 'src': None, 'aria_label': None, 'class': ['ad', 'top_push_alt'], 'id': None, 'text': ''}, {'tag': 'div', 'src': None, 'aria_label': None, 'class': ['ad', 'top_push'], 'id': None, 'text': ''}, {'tag': 'div', 'src': None, 'aria_label': None, 'class': ['ad', 'cat_top'], 'id': None, 'text': ''}, {'tag': 'div', 'src': None, 'aria_label': None, 'class': ['ad', 'cat_foot'], 'id': None, 'text': ''}, {'tag': 'div', 'src': None, 'aria_label': None, 'class': ['ad', 'cat_side1'], 'id': None, 'text': ''}, {'tag': 'div', 'src': None, 'aria_label': None, 'class': ['ad', 'allcats_side_btwn_1_2'], 'id': None, 'text': ''}, {'tag': 'div', 'src': None, 'aria_label': None, 'class': ['ad', 'cat_side2'], 'id': None, 'text': ''}, {'tag': 'div', 'src': None, 'aria_label': None, 'class': ['ad', 'cat_side3'], 'id': None, 'text': ''}]",-8,1,49,0.051470588235294115,20,4,15,1,0,15,133,7,1,23,4,0.0667,0.1729,0.5714,555,newsbook,article_pages
133,36,53,0,15,2,29,16,7926,1206,20,8,"[{'tag': 'div', 'src': None, 'aria_label': None, 'class': ['ad', 'top_push_alt'], 'id': None, 'text': ''}, {'tag': 'div', 'src': None, 'aria_label': None, 'class': ['ad', 'top_push'], 'id': None, 'text': ''}, {'tag': 'div', 'src': None, 'aria_label': None, 'class': ['ad', 'cat_top'], 'id': None, 'text': ''}, {'tag': 'div', 'src': None, 'aria_label': None, 'class': ['ad', 'cat_foot'], 'id': None, 'text': ''}, {'tag': 'div', 'src': None, 'aria_label': None, 'class': ['ad', 'cat_side1'], 'id': None, 'text': ''}, {'tag': 'div', 'src': None, 'aria_label': None, 'class': ['ad', 'allcats_side_btwn_1_2'], 'id': None, 'text': ''}, {'tag': 'div', 'src': None, 'aria_label': None, 'class': ['ad', 'cat_side2'], 'id': None, 'text': ''}, {'tag': 'div', 'src': None, 'aria_label': None, 'class': ['ad', 'cat_side3'], 'id': None, 'text': ''}]",-8,1,49,0.051470588235294115,20,4,15,1,0,15,133,7,1,23,4,0.0667,0.1729,0.5714,556,newsbook,article_pages
133,36,53,0,15,2,29,16,7926,1206,20,8,"[{'tag': 'div', 'src': None, 'aria_label': None, 'class': ['ad', 'top_push_alt'], 'id': None, 'text': ''}, {'tag': 'div', 'src': None, 'aria_label': None, 'class': ['ad', 'top_push'], 'id': None, 'text': ''}, {'tag': 'div', 'src': None, 'aria_label': None, 'class': ['ad', 'cat_top'], 'id': None, 'text': ''}, {'tag': 'div', 'src': None, 'aria_label': None, 'class': ['ad', 'cat_foot'], 'id': None, 'text': ''}, {'tag': 'div', 'src': None, 'aria_label': None, 'class': ['ad', 'cat_side1'], 'id': None, 'text': ''}, {'tag': 'div', 'src': None, 'aria_label': None, 'class': ['ad', 'allcats_side_btwn_1_2'], 'id': None, 'text': ''}, {'tag': 'div', 'src': None, 'aria_label': None, 'class': ['ad', 'cat_side2'], 'id': None, 'text': ''}, {'tag': 'div', 'src': None, 'aria_label': None, 'class': ['ad', 'cat_side3'], 'id': None, 'text': ''}]",-8,1,49,0.051470588235294115,20,4,15,1,0,15,133,7,1,23,4,0.0667,0.1729,0.5714,557,newsbook,article_pages
133,36,53,0,15,2,29,16,7926,1206,20,8,"[{'tag': 'div', 'src': None, 'aria_label': None, 'class': ['ad', 'top_push_alt'], 'id': None, 'text': ''}, {'tag': 'div', 'src': None, 'aria_label': None, 'class': ['ad', 'top_push'], 'id': None, 'text': ''}, {'tag': 'div', 'src': None, 'aria_label': None, 'class': ['ad', 'cat_top'], 'id': None, 'text': ''}, {'tag': 'div', 'src': None, 'aria_label': None, 'class': ['ad', 'cat_foot'], 'id': None, 'text': ''}, {'tag': 'div', 'src': None, 'aria_label': None, 'class': ['ad', 'cat_side1'], 'id': None, 'text': ''}, {'tag': 'div', 'src': None, 'aria_label': None, 'class': ['ad', 'allcats_side_btwn_1_2'], 'id': None, 'text': ''}, {'tag': 'div', 'src': None, 'aria_label': None, 'class': ['ad', 'cat_side2'], 'id': None, 'text': ''}, {'tag': 'div', 'src': None, 'aria_label': None, 'class': ['ad', 'cat_side3'], 'id': None, 'text': ''}]",-8,1,49,0.051470588235294115,20,4,15,1,0,15,133,7,1,23,4,0.0667,0.1729,0.5714,558,newsbook,article_pages
133,36,53,0,15,2,29,16,7926,1206,20,8,"[{'tag': 'div', 'src': None, 'aria_label': None, 'class': ['ad', 'top_push_alt'], 'id': None, 'text': ''}, {'tag': 'div', 'src': None, 'aria_label': None, 'class': ['ad', 'top_push'], 'id': None, 'text': ''}, {'tag': 'div', 'src': None, 'aria_label': None, 'class': ['ad', 'cat_top'], 'id': None, 'text': ''}, {'tag': 'div', 'src': None, 'aria_label': None, 'class': ['ad', 'cat_foot'], 'id': None, 'text': ''}, {'tag': 'div', 'src': None, 'aria_label': None, 'class': ['ad', 'cat_side1'], 'id': None, 'text': ''}, {'tag': 'div', 'src': None, 'aria_label': None, 'class': ['ad', 'allcats_side_btwn_1_2'], 'id': None, 'text': ''}, {'tag': 'div', 'src': None, 'aria_label': None, 'class': ['ad', 'cat_side2'], 'id': None, 'text': ''}, {'tag': 'div', 'src': None, 'aria_label': None, 'class': ['ad', 'cat_side3'], 'id': None, 'text': ''}]",-8,1,49,0.051470588235294115,20,4,15,1,0,15,133,7,1,23,4,0.0667,0.1729,0.5714,559,newsbook,article_pages
136,40,53,1,15,2,28,19,7785,1186,20,8,"[{'tag': 'div', 'src': None, 'aria_label': None, 'class': ['ad', 'top_push_alt'], 'id': None, 'text': ''}, {'tag': 'div', 'src': None, 'aria_label': None, 'class': ['ad', 'top_push'], 'id': None, 'text': ''}, {'tag': 'div', 'src': None, 'aria_label': None, 'class': ['ad', 'cat_top'], 'id': None, 'text': ''}, {'tag': 'div', 'src': None, 'aria_label': None, 'class': ['ad', 'cat_foot'], 'id': None, 'text': ''}, {'tag': 'div', 'src': None, 'aria_label': None, 'class': ['ad', 'cat_side1'], 'id': None, 'text': ''}, {'tag': 'div', 'src': None, 'aria_label': None, 'class': ['ad', 'allcats_side_btwn_1_2'], 'id': None, 'text': ''}, {'tag': 'div', 'src': None, 'aria_label': None, 'class': ['ad', 'cat_side2'], 'id': None, 'text': ''}, {'tag': 'div', 'src': None, 'aria_label': None, 'class': ['ad', 'cat_side3'], 'id': None, 'text': ''}]",-7,1,49,0.049746192893401014,20,4,15,1,0,15,136,7,1,21,4,0.0667,0.1544,0.5714,560,newsbook,article_pages
136,40,53,1,15,2,28,19,7785,1186,20,8,"[{'tag': 'div', 'src': None, 'aria_label': None, 'class': ['ad', 'top_push_alt'], 'id': None, 'text': ''}, {'tag': 'div', 'src': None, 'aria_label': None, 'class': ['ad', 'top_push'], 'id': None, 'text': ''}, {'tag': 'div', 'src': None, 'aria_label': None, 'class': ['ad', 'cat_top'], 'id': None, 'text': ''}, {'tag': 'div', 'src': None, 'aria_label': None, 'class': ['ad', 'cat_foot'], 'id': None, 'text': ''}, {'tag': 'div', 'src': None, 'aria_label': None, 'class': ['ad', 'cat_side1'], 'id': None, 'text': ''}, {'tag': 'div', 'src': None, 'aria_label': None, 'class': ['ad', 'allcats_side_btwn_1_2'], 'id': None, 'text': ''}, {'tag': 'div', 'src': None, 'aria_label': None, 'class': ['ad', 'cat_side2'], 'id': None, 'text': ''}, {'tag': 'div', 'src': None, 'aria_label': None, 'class': ['ad', 'cat_side3'], 'id': None, 'text': ''}]",-7,1,49,0.049746192893401014,20,4,15,1,0,15,136,7,1,21,4,0.0667,0.1544,0.5714,561,newsbook,article_pages
136,40,53,1,15,2,28,19,7785,1186,20,8,"[{'tag': 'div', 'src': None, 'aria_label': None, 'class': ['ad', 'top_push_alt'], 'id': None, 'text': ''}, {'tag': 'div', 'src': None, 'aria_label': None, 'class': ['ad', 'top_push'], 'id': None, 'text': ''}, {'tag': 'div', 'src': None, 'aria_label': None, 'class': ['ad', 'cat_top'], 'id': None, 'text': ''}, {'tag': 'div', 'src': None, 'aria_label': None, 'class': ['ad', 'cat_foot'], 'id': None, 'text': ''}, {'tag': 'div', 'src': None, 'aria_label': None, 'class': ['ad', 'cat_side1'], 'id': None, 'text': ''}, {'tag': 'div', 'src': None, 'aria_label': None, 'class': ['ad', 'allcats_side_btwn_1_2'], 'id': None, 'text': ''}, {'tag': 'div', 'src': None, 'aria_label': None, 'class': ['ad', 'cat_side2'], 'id': None, 'text': ''}, {'tag': 'div', 'src': None, 'aria_label': None, 'class': ['ad', 'cat_side3'], 'id': None, 'text': ''}]",-7,1,49,0.049746192893401014,20,4,15,1,0,15,136,7,1,21,4,0.0667,0.1544,0.5714,562,newsbook,article_pages
136,40,53,1,15,2,28,19,7785,1186,20,8,"[{'tag': 'div', 'src': None, 'aria_label': None, 'class': ['ad', 'top_push_alt'], 'id': None, 'text': ''}, {'tag': 'div', 'src': None, 'aria_label': None, 'class': ['ad', 'top_push'], 'id': None, 'text': ''}, {'tag': 'div', 'src': None, 'aria_label': None, 'class': ['ad', 'cat_top'], 'id': None, 'text': ''}, {'tag': 'div', 'src': None, 'aria_label': None, 'class': ['ad', 'cat_foot'], 'id': None, 'text': ''}, {'tag': 'div', 'src': None, 'aria_label': None, 'class': ['ad', 'cat_side1'], 'id': None, 'text': ''}, {'tag': 'div', 'src': None, 'aria_label': None, 'class': ['ad', 'allcats_side_btwn_1_2'], 'id': None, 'text': ''}, {'tag': 'div', 'src': None, 'aria_label': None, 'class': ['ad', 'cat_side2'], 'id': None, 'text': ''}, {'tag': 'div', 'src': None, 'aria_label': None, 'class': ['ad', 'cat_side3'], 'id': None, 'text': ''}]",-7,1,49,0.049746192893401014,20,4,15,1,0,15,136,7,1,21,4,0.0667,0.1544,0.5714,563,newsbook,article_pages
136,40,53,1,15,2,28,19,7785,1186,20,8,"[{'tag': 'div', 'src': None, 'aria_label': None, 'class': ['ad', 'top_push_alt'], 'id': None, 'text': ''}, {'tag': 'div', 'src': None, 'aria_label': None, 'class': ['ad', 'top_push'], 'id': None, 'text': ''}, {'tag': 'div', 'src': None, 'aria_label': None, 'class': ['ad', 'cat_top'], 'id': None, 'text': ''}, {'tag': 'div', 'src': None, 'aria_label': None, 'class': ['ad', 'cat_foot'], 'id': None, 'text': ''}, {'tag': 'div', 'src': None, 'aria_label': None, 'class': ['ad', 'cat_side1'], 'id': None, 'text': ''}, {'tag': 'div', 'src': None, 'aria_label': None, 'class': ['ad', 'allcats_side_btwn_1_2'], 'id': None, 'text': ''}, {'tag': 'div', 'src': None, 'aria_label': None, 'class': ['ad', 'cat_side2'], 'id': None, 'text': ''}, {'tag': 'div', 'src': None, 'aria_label': None, 'class': ['ad', 'cat_side3'], 'id': None, 'text': ''}]",-7,1,49,0.049746192893401014,20,4,15,1,0,15,136,7,1,21,4,0.0667,0.1544,0.5714,564,newsbook,article_pages
136,40,53,1,15,2,28,19,7785,1186,20,8,"[{'tag': 'div', 'src': None, 'aria_label': None, 'class': ['ad', 'top_push_alt'], 'id': None, 'text': ''}, {'tag': 'div', 'src': None, 'aria_label': None, 'class': ['ad', 'top_push'], 'id': None, 'text': ''}, {'tag': 'div', 'src': None, 'aria_label': None, 'class': ['ad', 'cat_top'], 'id': None, 'text': ''}, {'tag': 'div', 'src': None, 'aria_label': None, 'class': ['ad', 'cat_foot'], 'id': None, 'text': ''}, {'tag': 'div', 'src': None, 'aria_label': None, 'class': ['ad', 'cat_side1'], 'id': None, 'text': ''}, {'tag': 'div', 'src': None, 'aria_label': None, 'class': ['ad', 'allcats_side_btwn_1_2'], 'id': None, 'text': ''}, {'tag': 'div', 'src': None, 'aria_label': None, 'class': ['ad', 'cat_side2'], 'id': None, 'text': ''}, {'tag': 'div', 'src': None, 'aria_label': None, 'class': ['ad', 'cat_side3'], 'id': None, 'text': ''}]",-7,1,49,0.049746192893401014,20,4,15,1,0,15,136,7,1,21,4,0.0667,0.1544,0.5714,565,newsbook,article_pages
136,40,53,1,15,2,28,19,7785,1186,20,8,"[{'tag': 'div', 'src': None, 'aria_label': None, 'class': ['ad', 'top_push_alt'], 'id': None, 'text': ''}, {'tag': 'div', 'src': None, 'aria_label': None, 'class': ['ad', 'top_push'], 'id': None, 'text': ''}, {'tag': 'div', 'src': None, 'aria_label': None, 'class': ['ad', 'cat_top'], 'id': None, 'text': ''}, {'tag': 'div', 'src': None, 'aria_label': None, 'class': ['ad', 'cat_foot'], 'id': None, 'text': ''}, {'tag': 'div', 'src': None, 'aria_label': None, 'class': ['ad', 'cat_side1'], 'id': None, 'text': ''}, {'tag': 'div', 'src': None, 'aria_label': None, 'class': ['ad', 'allcats_side_btwn_1_2'], 'id': None, 'text': ''}, {'tag': 'div', 'src': None, 'aria_label': None, 'class': ['ad', 'cat_side2'], 'id': None, 'text': ''}, {'tag': 'div', 'src': None, 'aria_label': None, 'class': ['ad', 'cat_side3'], 'id': None, 'text': ''}]",-7,1,49,0.049746192893401014,20,4,15,1,0,15,136,7,1,21,4,0.0667,0.1544,0.5714,566,newsbook,article_pages
136,40,53,1,15,2,28,19,7785,1186,20,8,"[{'tag': 'div', 'src': None, 'aria_label': None, 'class': ['ad', 'top_push_alt'], 'id': None, 'text': ''}, {'tag': 'div', 'src': None, 'aria_label': None, 'class': ['ad', 'top_push'], 'id': None, 'text': ''}, {'tag': 'div', 'src': None, 'aria_label': None, 'class': ['ad', 'cat_top'], 'id': None, 'text': ''}, {'tag': 'div', 'src': None, 'aria_label': None, 'class': ['ad', 'cat_foot'], 'id': None, 'text': ''}, {'tag': 'div', 'src': None, 'aria_label': None, 'class': ['ad', 'cat_side1'], 'id': None, 'text': ''}, {'tag': 'div', 'src': None, 'aria_label': None, 'class': ['ad', 'allcats_side_btwn_1_2'], 'id': None, 'text': ''}, {'tag': 'div', 'src': None, 'aria_label': None, 'class': ['ad', 'cat_side2'], 'id': None, 'text': ''}, {'tag': 'div', 'src': None, 'aria_label': None, 'class': ['ad', 'cat_side3'], 'id': None, 'text': ''}]",-7,1,49,0.049746192893401014,20,4,15,1,0,15,136,7,1,21,4,0.0667,0.1544,0.5714,567,newsbook,article_pages
108,30,52,0,15,2,25,9,6700,1016,20,8,"[{'tag': 'div', 'src': None, 'aria_label': None, 'class': ['ad', 'top_push_alt'], 'id': None, 'text': ''}, {'tag': 'div', 'src': None, 'aria_label': None, 'class': ['ad', 'top_push'], 'id': None, 'text': ''}, {'tag': 'div', 'src': None, 'aria_label': None, 'class': ['ad', 'cat_top'], 'id': None, 'text': ''}, {'tag': 'div', 'src': None, 'aria_label': None, 'class': ['ad', 'cat_foot'], 'id': None, 'text': ''}, {'tag': 'div', 'src': None, 'aria_label': None, 'class': ['ad', 'cat_side1'], 'id': None, 'text': ''}, {'tag': 'div', 'src': None, 'aria_label': None, 'class': ['ad', 'allcats_side_btwn_1_2'], 'id': None, 'text': ''}, {'tag': 'div', 'src': None, 'aria_label': None, 'class': ['ad', 'cat_side2'], 'id': None, 'text': ''}, {'tag': 'div', 'src': None, 'aria_label': None, 'class': ['ad', 'cat_side3'], 'id': None, 'text': ''}]",-8,1,49,0.05638665132336018,20,4,15,1,0,15,108,7,1,20,4,0.0667,0.1852,0.5714,568,newsbook,article_pages
108,30,52,0,15,2,25,9,6700,1016,20,8,"[{'tag': 'div', 'src': None, 'aria_label': None, 'class': ['ad', 'top_push_alt'], 'id': None, 'text': ''}, {'tag': 'div', 'src': None, 'aria_label': None, 'class': ['ad', 'top_push'], 'id': None, 'text': ''}, {'tag': 'div', 'src': None, 'aria_label': None, 'class': ['ad', 'cat_top'], 'id': None, 'text': ''}, {'tag': 'div', 'src': None, 'aria_label': None, 'class': ['ad', 'cat_foot'], 'id': None, 'text': ''}, {'tag': 'div', 'src': None, 'aria_label': None, 'class': ['ad', 'cat_side1'], 'id': None, 'text': ''}, {'tag': 'div', 'src': None, 'aria_label': None, 'class': ['ad', 'allcats_side_btwn_1_2'], 'id': None, 'text': ''}, {'tag': 'div', 'src': None, 'aria_label': None, 'class': ['ad', 'cat_side2'], 'id': None, 'text': ''}, {'tag': 'div', 'src': None, 'aria_label': None, 'class': ['ad', 'cat_side3'], 'id': None, 'text': ''}]",-8,1,49,0.05638665132336018,20,4,15,1,0,15,108,7,1,20,4,0.0667,0.1852,0.5714,569,newsbook,article_pages
108,30,52,0,15,2,25,9,6700,1016,20,8,"[{'tag': 'div', 'src': None, 'aria_label': None, 'class': ['ad', 'top_push_alt'], 'id': None, 'text': ''}, {'tag': 'div', 'src': None, 'aria_label': None, 'class': ['ad', 'top_push'], 'id': None, 'text': ''}, {'tag': 'div', 'src': None, 'aria_label': None, 'class': ['ad', 'cat_top'], 'id': None, 'text': ''}, {'tag': 'div', 'src': None, 'aria_label': None, 'class': ['ad', 'cat_foot'], 'id': None, 'text': ''}, {'tag': 'div', 'src': None, 'aria_label': None, 'class': ['ad', 'cat_side1'], 'id': None, 'text': ''}, {'tag': 'div', 'src': None, 'aria_label': None, 'class': ['ad', 'allcats_side_btwn_1_2'], 'id': None, 'text': ''}, {'tag': 'div', 'src': None, 'aria_label': None, 'class': ['ad', 'cat_side2'], 'id': None, 'text': ''}, {'tag': 'div', 'src': None, 'aria_label': None, 'class': ['ad', 'cat_side3'], 'id': None, 'text': ''}]",-8,1,49,0.05638665132336018,20,4,15,1,0,15,108,7,1,20,4,0.0667,0.1852,0.5714,570,newsbook,article_pages
108,30,52,0,15,2,25,9,6700,1016,20,8,"[{'tag': 'div', 'src': None, 'aria_label': None, 'class': ['ad', 'top_push_alt'], 'id': None, 'text': ''}, {'tag': 'div', 'src': None, 'aria_label': None, 'class': ['ad', 'top_push'], 'id': None, 'text': ''}, {'tag': 'div', 'src': None, 'aria_label': None, 'class': ['ad', 'cat_top'], 'id': None, 'text': ''}, {'tag': 'div', 'src': None, 'aria_label': None, 'class': ['ad', 'cat_foot'], 'id': None, 'text': ''}, {'tag': 'div', 'src': None, 'aria_label': None, 'class': ['ad', 'cat_side1'], 'id': None, 'text': ''}, {'tag': 'div', 'src': None, 'aria_label': None, 'class': ['ad', 'allcats_side_btwn_1_2'], 'id': None, 'text': ''}, {'tag': 'div', 'src': None, 'aria_label': None, 'class': ['ad', 'cat_side2'], 'id': None, 'text': ''}, {'tag': 'div', 'src': None, 'aria_label': None, 'class': ['ad', 'cat_side3'], 'id': None, 'text': ''}]",-8,1,49,0.05638665132336018,20,4,15,1,0,15,108,7,1,20,4,0.0667,0.1852,0.5714,571,newsbook,article_pages
108,30,52,0,15,2,25,9,6700,1016,20,8,"[{'tag': 'div', 'src': None, 'aria_label': None, 'class': ['ad', 'top_push_alt'], 'id': None, 'text': ''}, {'tag': 'div', 'src': None, 'aria_label': None, 'class': ['ad', 'top_push'], 'id': None, 'text': ''}, {'tag': 'div', 'src': None, 'aria_label': None, 'class': ['ad', 'cat_top'], 'id': None, 'text': ''}, {'tag': 'div', 'src': None, 'aria_label': None, 'class': ['ad', 'cat_foot'], 'id': None, 'text': ''}, {'tag': 'div', 'src': None, 'aria_label': None, 'class': ['ad', 'cat_side1'], 'id': None, 'text': ''}, {'tag': 'div', 'src': None, 'aria_label': None, 'class': ['ad', 'allcats_side_btwn_1_2'], 'id': None, 'text': ''}, {'tag': 'div', 'src': None, 'aria_label': None, 'class': ['ad', 'cat_side2'], 'id': None, 'text': ''}, {'tag': 'div', 'src': None, 'aria_label': None, 'class': ['ad', 'cat_side3'], 'id': None, 'text': ''}]",-8,1,49,0.05638665132336018,20,4,15,1,0,15,108,7,1,20,4,0.0667,0.1852,0.5714,572,newsbook,article_pages
108,30,52,0,15,2,25,9,6700,1016,20,8,"[{'tag': 'div', 'src': None, 'aria_label': None, 'class': ['ad', 'top_push_alt'], 'id': None, 'text': ''}, {'tag': 'div', 'src': None, 'aria_label': None, 'class': ['ad', 'top_push'], 'id': None, 'text': ''}, {'tag': 'div', 'src': None, 'aria_label': None, 'class': ['ad', 'cat_top'], 'id': None, 'text': ''}, {'tag': 'div', 'src': None, 'aria_label': None, 'class': ['ad', 'cat_foot'], 'id': None, 'text': ''}, {'tag': 'div', 'src': None, 'aria_label': None, 'class': ['ad', 'cat_side1'], 'id': None, 'text': ''}, {'tag': 'div', 'src': None, 'aria_label': None, 'class': ['ad', 'allcats_side_btwn_1_2'], 'id': None, 'text': ''}, {'tag': 'div', 'src': None, 'aria_label': None, 'class': ['ad', 'cat_side2'], 'id': None, 'text': ''}, {'tag': 'div', 'src': None, 'aria_label': None, 'class': ['ad', 'cat_side3'], 'id': None, 'text': ''}]",-8,1,49,0.05638665132336018,20,4,15,1,0,15,108,7,1,20,4,0.0667,0.1852,0.5714,573,newsbook,article_pages
108,30,52,0,15,2,25,9,6700,1016,20,8,"[{'tag': 'div', 'src': None, 'aria_label': None, 'class': ['ad', 'top_push_alt'], 'id': None, 'text': ''}, {'tag': 'div', 'src': None, 'aria_label': None, 'class': ['ad', 'top_push'], 'id': None, 'text': ''}, {'tag': 'div', 'src': None, 'aria_label': None, 'class': ['ad', 'cat_top'], 'id': None, 'text': ''}, {'tag': 'div', 'src': None, 'aria_label': None, 'class': ['ad', 'cat_foot'], 'id': None, 'text': ''}, {'tag': 'div', 'src': None, 'aria_label': None, 'class': ['ad', 'cat_side1'], 'id': None, 'text': ''}, {'tag': 'div', 'src': None, 'aria_label': None, 'class': ['ad', 'allcats_side_btwn_1_2'], 'id': None, 'text': ''}, {'tag': 'div', 'src': None, 'aria_label': None, 'class': ['ad', 'cat_side2'], 'id': None, 'text': ''}, {'tag': 'div', 'src': None, 'aria_label': None, 'class': ['ad', 'cat_side3'], 'id': None, 'text': ''}]",-8,1,49,0.05638665132336018,20,4,15,1,0,15,108,7,1,20,4,0.0667,0.1852,0.5714,574,newsbook,article_pages
108,30,52,0,15,2,25,9,6700,1016,20,8,"[{'tag': 'div', 'src': None, 'aria_label': None, 'class': ['ad', 'top_push_alt'], 'id': None, 'text': ''}, {'tag': 'div', 'src': None, 'aria_label': None, 'class': ['ad', 'top_push'], 'id': None, 'text': ''}, {'tag': 'div', 'src': None, 'aria_label': None, 'class': ['ad', 'cat_top'], 'id': None, 'text': ''}, {'tag': 'div', 'src': None, 'aria_label': None, 'class': ['ad', 'cat_foot'], 'id': None, 'text': ''}, {'tag': 'div', 'src': None, 'aria_label': None, 'class': ['ad', 'cat_side1'], 'id': None, 'text': ''}, {'tag': 'div', 'src': None, 'aria_label': None, 'class': ['ad', 'allcats_side_btwn_1_2'], 'id': None, 'text': ''}, {'tag': 'div', 'src': None, 'aria_label': None, 'class': ['ad', 'cat_side2'], 'id': None, 'text': ''}, {'tag': 'div', 'src': None, 'aria_label': None, 'class': ['ad', 'cat_side3'], 'id': None, 'text': ''}]",-8,1,49,0.05638665132336018,20,4,15,1,0,15,108,7,1,20,4,0.0667,0.1852,0.5714,575,newsbook,article_pages
106,29,52,0,15,2,32,9,9153,1389,20,8,"[{'tag': 'div', 'src': None, 'aria_label': None, 'class': ['ad', 'top_push_alt'], 'id': None, 'text': ''}, {'tag': 'div', 'src': None, 'aria_label': None, 'class': ['ad', 'top_push'], 'id': None, 'text': ''}, {'tag': 'div', 'src': None, 'aria_label': None, 'class': ['ad', 'cat_top'], 'id': None, 'text': ''}, {'tag': 'div', 'src': None, 'aria_label': None, 'class': ['ad', 'cat_foot'], 'id': None, 'text': ''}, {'tag': 'div', 'src': None, 'aria_label': None, 'class': ['ad', 'cat_side1'], 'id': None, 'text': ''}, {'tag': 'div', 'src': None, 'aria_label': None, 'class': ['ad', 'allcats_side_btwn_1_2'], 'id': None, 'text': ''}, {'tag': 'div', 'src': None, 'aria_label': None, 'class': ['ad', 'cat_side2'], 'id': None, 'text': ''}, {'tag': 'div', 'src': None, 'aria_label': None, 'class': ['ad', 'cat_side3'], 'id': None, 'text': ''}]",-8,1,49,0.05632183908045977,20,4,15,1,0,15,106,7,1,20,4,0.0667,0.1887,0.5714,576,newsbook,article_pages
106,29,52,0,15,2,32,9,9153,1389,20,8,"[{'tag': 'div', 'src': None, 'aria_label': None, 'class': ['ad', 'top_push_alt'], 'id': None, 'text': ''}, {'tag': 'div', 'src': None, 'aria_label': None, 'class': ['ad', 'top_push'], 'id': None, 'text': ''}, {'tag': 'div', 'src': None, 'aria_label': None, 'class': ['ad', 'cat_top'], 'id': None, 'text': ''}, {'tag': 'div', 'src': None, 'aria_label': None, 'class': ['ad', 'cat_foot'], 'id': None, 'text': ''}, {'tag': 'div', 'src': None, 'aria_label': None, 'class': ['ad', 'cat_side1'], 'id': None, 'text': ''}, {'tag': 'div', 'src': None, 'aria_label': None, 'class': ['ad', 'allcats_side_btwn_1_2'], 'id': None, 'text': ''}, {'tag': 'div', 'src': None, 'aria_label': None, 'class': ['ad', 'cat_side2'], 'id': None, 'text': ''}, {'tag': 'div', 'src': None, 'aria_label': None, 'class': ['ad', 'cat_side3'], 'id': None, 'text': ''}]",-8,1,49,0.05632183908045977,20,4,15,1,0,15,106,7,1,20,4,0.0667,0.1887,0.5714,577,newsbook,article_pages
106,29,52,0,15,2,32,9,9153,1389,20,8,"[{'tag': 'div', 'src': None, 'aria_label': None, 'class': ['ad', 'top_push_alt'], 'id': None, 'text': ''}, {'tag': 'div', 'src': None, 'aria_label': None, 'class': ['ad', 'top_push'], 'id': None, 'text': ''}, {'tag': 'div', 'src': None, 'aria_label': None, 'class': ['ad', 'cat_top'], 'id': None, 'text': ''}, {'tag': 'div', 'src': None, 'aria_label': None, 'class': ['ad', 'cat_foot'], 'id': None, 'text': ''}, {'tag': 'div', 'src': None, 'aria_label': None, 'class': ['ad', 'cat_side1'], 'id': None, 'text': ''}, {'tag': 'div', 'src': None, 'aria_label': None, 'class': ['ad', 'allcats_side_btwn_1_2'], 'id': None, 'text': ''}, {'tag': 'div', 'src': None, 'aria_label': None, 'class': ['ad', 'cat_side2'], 'id': None, 'text': ''}, {'tag': 'div', 'src': None, 'aria_label': None, 'class': ['ad', 'cat_side3'], 'id': None, 'text': ''}]",-8,1,49,0.05632183908045977,20,4,15,1,0,15,106,7,1,20,4,0.0667,0.1887,0.5714,578,newsbook,article_pages
106,29,52,0,15,2,32,9,9153,1389,20,8,"[{'tag': 'div', 'src': None, 'aria_label': None, 'class': ['ad', 'top_push_alt'], 'id': None, 'text': ''}, {'tag': 'div', 'src': None, 'aria_label': None, 'class': ['ad', 'top_push'], 'id': None, 'text': ''}, {'tag': 'div', 'src': None, 'aria_label': None, 'class': ['ad', 'cat_top'], 'id': None, 'text': ''}, {'tag': 'div', 'src': None, 'aria_label': None, 'class': ['ad', 'cat_foot'], 'id': None, 'text': ''}, {'tag': 'div', 'src': None, 'aria_label': None, 'class': ['ad', 'cat_side1'], 'id': None, 'text': ''}, {'tag': 'div', 'src': None, 'aria_label': None, 'class': ['ad', 'allcats_side_btwn_1_2'], 'id': None, 'text': ''}, {'tag': 'div', 'src': None, 'aria_label': None, 'class': ['ad', 'cat_side2'], 'id': None, 'text': ''}, {'tag': 'div', 'src': None, 'aria_label': None, 'class': ['ad', 'cat_side3'], 'id': None, 'text': ''}]",-8,1,49,0.05632183908045977,20,4,15,1,0,15,106,7,1,20,4,0.0667,0.1887,0.5714,579,newsbook,article_pages
106,29,52,0,15,2,32,9,9153,1389,20,8,"[{'tag': 'div', 'src': None, 'aria_label': None, 'class': ['ad', 'top_push_alt'], 'id': None, 'text': ''}, {'tag': 'div', 'src': None, 'aria_label': None, 'class': ['ad', 'top_push'], 'id': None, 'text': ''}, {'tag': 'div', 'src': None, 'aria_label': None, 'class': ['ad', 'cat_top'], 'id': None, 'text': ''}, {'tag': 'div', 'src': None, 'aria_label': None, 'class': ['ad', 'cat_foot'], 'id': None, 'text': ''}, {'tag': 'div', 'src': None, 'aria_label': None, 'class': ['ad', 'cat_side1'], 'id': None, 'text': ''}, {'tag': 'div', 'src': None, 'aria_label': None, 'class': ['ad', 'allcats_side_btwn_1_2'], 'id': None, 'text': ''}, {'tag': 'div', 'src': None, 'aria_label': None, 'class': ['ad', 'cat_side2'], 'id': None, 'text': ''}, {'tag': 'div', 'src': None, 'aria_label': None, 'class': ['ad', 'cat_side3'], 'id': None, 'text': ''}]",-8,1,49,0.05632183908045977,20,4,15,1,0,15,106,7,1,20,4,0.0667,0.1887,0.5714,580,newsbook,article_pages
138,40,53,0,15,2,32,19,8354,1318,20,8,"[{'tag': 'div', 'src': None, 'aria_label': None, 'class': ['ad', 'top_push_alt'], 'id': None, 'text': ''}, {'tag': 'div', 'src': None, 'aria_label': None, 'class': ['ad', 'top_push'], 'id': None, 'text': ''}, {'tag': 'div', 'src': None, 'aria_label': None, 'class': ['ad', 'cat_top'], 'id': None, 'text': ''}, {'tag': 'div', 'src': None, 'aria_label': None, 'class': ['ad', 'cat_foot'], 'id': None, 'text': ''}, {'tag': 'div', 'src': None, 'aria_label': None, 'class': ['ad', 'cat_side1'], 'id': None, 'text': ''}, {'tag': 'div', 'src': None, 'aria_label': None, 'class': ['ad', 'allcats_side_btwn_1_2'], 'id': None, 'text': ''}, {'tag': 'div', 'src': None, 'aria_label': None, 'class': ['ad', 'cat_side2'], 'id': None, 'text': ''}, {'tag': 'div', 'src': None, 'aria_label': None, 'class': ['ad', 'cat_side3'], 'id': None, 'text': ''}]",-8,1,49,0.04934541792547835,20,4,15,1,0,15,138,7,1,22,4,0.0667,0.1594,0.5714,581,newsbook,article_pages
138,40,53,0,15,2,32,19,8354,1318,20,8,"[{'tag': 'div', 'src': None, 'aria_label': None, 'class': ['ad', 'top_push_alt'], 'id': None, 'text': ''}, {'tag': 'div', 'src': None, 'aria_label': None, 'class': ['ad', 'top_push'], 'id': None, 'text': ''}, {'tag': 'div', 'src': None, 'aria_label': None, 'class': ['ad', 'cat_top'], 'id': None, 'text': ''}, {'tag': 'div', 'src': None, 'aria_label': None, 'class': ['ad', 'cat_foot'], 'id': None, 'text': ''}, {'tag': 'div', 'src': None, 'aria_label': None, 'class': ['ad', 'cat_side1'], 'id': None, 'text': ''}, {'tag': 'div', 'src': None, 'aria_label': None, 'class': ['ad', 'allcats_side_btwn_1_2'], 'id': None, 'text': ''}, {'tag': 'div', 'src': None, 'aria_label': None, 'class': ['ad', 'cat_side2'], 'id': None, 'text': ''}, {'tag': 'div', 'src': None, 'aria_label': None, 'class': ['ad', 'cat_side3'], 'id': None, 'text': ''}]",-8,1,49,0.04934541792547835,20,4,15,1,0,15,138,7,1,22,4,0.0667,0.1594,0.5714,582,newsbook,article_pages
138,40,53,0,15,2,32,19,8354,1318,20,8,"[{'tag': 'div', 'src': None, 'aria_label': None, 'class': ['ad', 'top_push_alt'], 'id': None, 'text': ''}, {'tag': 'div', 'src': None, 'aria_label': None, 'class': ['ad', 'top_push'], 'id': None, 'text': ''}, {'tag': 'div', 'src': None, 'aria_label': None, 'class': ['ad', 'cat_top'], 'id': None, 'text': ''}, {'tag': 'div', 'src': None, 'aria_label': None, 'class': ['ad', 'cat_foot'], 'id': None, 'text': ''}, {'tag': 'div', 'src': None, 'aria_label': None, 'class': ['ad', 'cat_side1'], 'id': None, 'text': ''}, {'tag': 'div', 'src': None, 'aria_label': None, 'class': ['ad', 'allcats_side_btwn_1_2'], 'id': None, 'text': ''}, {'tag': 'div', 'src': None, 'aria_label': None, 'class': ['ad', 'cat_side2'], 'id': None, 'text': ''}, {'tag': 'div', 'src': None, 'aria_label': None, 'class': ['ad', 'cat_side3'], 'id': None, 'text': ''}]",-8,1,49,0.04934541792547835,20,4,15,1,0,15,138,7,1,22,4,0.0667,0.1594,0.5714,583,newsbook,article_pages
138,40,53,0,15,2,32,19,8354,1318,20,8,"[{'tag': 'div', 'src': None, 'aria_label': None, 'class': ['ad', 'top_push_alt'], 'id': None, 'text': ''}, {'tag': 'div', 'src': None, 'aria_label': None, 'class': ['ad', 'top_push'], 'id': None, 'text': ''}, {'tag': 'div', 'src': None, 'aria_label': None, 'class': ['ad', 'cat_top'], 'id': None, 'text': ''}, {'tag': 'div', 'src': None, 'aria_label': None, 'class': ['ad', 'cat_foot'], 'id': None, 'text': ''}, {'tag': 'div', 'src': None, 'aria_label': None, 'class': ['ad', 'cat_side1'], 'id': None, 'text': ''}, {'tag': 'div', 'src': None, 'aria_label': None, 'class': ['ad', 'allcats_side_btwn_1_2'], 'id': None, 'text': ''}, {'tag': 'div', 'src': None, 'aria_label': None, 'class': ['ad', 'cat_side2'], 'id': None, 'text': ''}, {'tag': 'div', 'src': None, 'aria_label': None, 'class': ['ad', 'cat_side3'], 'id': None, 'text': ''}]",-8,1,49,0.04934541792547835,20,4,15,1,0,15,138,7,1,22,4,0.0667,0.1594,0.5714,584,newsbook,article_pages
138,40,53,0,15,2,32,19,8354,1318,20,8,"[{'tag': 'div', 'src': None, 'aria_label': None, 'class': ['ad', 'top_push_alt'], 'id': None, 'text': ''}, {'tag': 'div', 'src': None, 'aria_label': None, 'class': ['ad', 'top_push'], 'id': None, 'text': ''}, {'tag': 'div', 'src': None, 'aria_label': None, 'class': ['ad', 'cat_top'], 'id': None, 'text': ''}, {'tag': 'div', 'src': None, 'aria_label': None, 'class': ['ad', 'cat_foot'], 'id': None, 'text': ''}, {'tag': 'div', 'src': None, 'aria_label': None, 'class': ['ad', 'cat_side1'], 'id': None, 'text': ''}, {'tag': 'div', 'src': None, 'aria_label': None, 'class': ['ad', 'allcats_side_btwn_1_2'], 'id': None, 'text': ''}, {'tag': 'div', 'src': None, 'aria_label': None, 'class': ['ad', 'cat_side2'], 'id': None, 'text': ''}, {'tag': 'div', 'src': None, 'aria_label': None, 'class': ['ad', 'cat_side3'], 'id': None, 'text': ''}]",-8,1,49,0.04934541792547835,20,4,15,1,0,15,138,7,1,22,4,0.0667,0.1594,0.5714,585,newsbook,article_pages
138,40,53,0,15,2,32,19,8354,1318,20,8,"[{'tag': 'div', 'src': None, 'aria_label': None, 'class': ['ad', 'top_push_alt'], 'id': None, 'text': ''}, {'tag': 'div', 'src': None, 'aria_label': None, 'class': ['ad', 'top_push'], 'id': None, 'text': ''}, {'tag': 'div', 'src': None, 'aria_label': None, 'class': ['ad', 'cat_top'], 'id': None, 'text': ''}, {'tag': 'div', 'src': None, 'aria_label': None, 'class': ['ad', 'cat_foot'], 'id': None, 'text': ''}, {'tag': 'div', 'src': None, 'aria_label': None, 'class': ['ad', 'cat_side1'], 'id': None, 'text': ''}, {'tag': 'div', 'src': None, 'aria_label': None, 'class': ['ad', 'allcats_side_btwn_1_2'], 'id': None, 'text': ''}, {'tag': 'div', 'src': None, 'aria_label': None, 'class': ['ad', 'cat_side2'], 'id': None, 'text': ''}, {'tag': 'div', 'src': None, 'aria_label': None, 'class': ['ad', 'cat_side3'], 'id': None, 'text': ''}]",-8,1,49,0.04934541792547835,20,4,15,1,0,15,138,7,1,22,4,0.0667,0.1594,0.5714,586,newsbook,article_pages
138,40,53,0,15,2,32,19,8354,1318,20,8,"[{'tag': 'div', 'src': None, 'aria_label': None, 'class': ['ad', 'top_push_alt'], 'id': None, 'text': ''}, {'tag': 'div', 'src': None, 'aria_label': None, 'class': ['ad', 'top_push'], 'id': None, 'text': ''}, {'tag': 'div', 'src': None, 'aria_label': None, 'class': ['ad', 'cat_top'], 'id': None, 'text': ''}, {'tag': 'div', 'src': None, 'aria_label': None, 'class': ['ad', 'cat_foot'], 'id': None, 'text': ''}, {'tag': 'div', 'src': None, 'aria_label': None, 'class': ['ad', 'cat_side1'], 'id': None, 'text': ''}, {'tag': 'div', 'src': None, 'aria_label': None, 'class': ['ad', 'allcats_side_btwn_1_2'], 'id': None, 'text': ''}, {'tag': 'div', 'src': None, 'aria_label': None, 'class': ['ad', 'cat_side2'], 'id': None, 'text': ''}, {'tag': 'div', 'src': None, 'aria_label': None, 'class': ['ad', 'cat_side3'], 'id': None, 'text': ''}]",-8,1,49,0.04934541792547835,20,4,15,1,0,15,138,7,1,22,4,0.0667,0.1594,0.5714,587,newsbook,article_pages
138,40,53,0,15,2,32,19,8354,1318,20,8,"[{'tag': 'div', 'src': None, 'aria_label': None, 'class': ['ad', 'top_push_alt'], 'id': None, 'text': ''}, {'tag': 'div', 'src': None, 'aria_label': None, 'class': ['ad', 'top_push'], 'id': None, 'text': ''}, {'tag': 'div', 'src': None, 'aria_label': None, 'class': ['ad', 'cat_top'], 'id': None, 'text': ''}, {'tag': 'div', 'src': None, 'aria_label': None, 'class': ['ad', 'cat_foot'], 'id': None, 'text': ''}, {'tag': 'div', 'src': None, 'aria_label': None, 'class': ['ad', 'cat_side1'], 'id': None, 'text': ''}, {'tag': 'div', 'src': None, 'aria_label': None, 'class': ['ad', 'allcats_side_btwn_1_2'], 'id': None, 'text': ''}, {'tag': 'div', 'src': None, 'aria_label': None, 'class': ['ad', 'cat_side2'], 'id': None, 'text': ''}, {'tag': 'div', 'src': None, 'aria_label': None, 'class': ['ad', 'cat_side3'], 'id': None, 'text': ''}]",-8,1,49,0.04934541792547835,20,4,15,1,0,15,138,7,1,22,4,0.0667,0.1594,0.5714,588,newsbook,article_pages
107,29,52,0,15,2,31,9,8431,1319,20,8,"[{'tag': 'div', 'src': None, 'aria_label': None, 'class': ['ad', 'top_push_alt'], 'id': None, 'text': ''}, {'tag': 'div', 'src': None, 'aria_label': None, 'class': ['ad', 'top_push'], 'id': None, 'text': ''}, {'tag': 'div', 'src': None, 'aria_label': None, 'class': ['ad', 'cat_top'], 'id': None, 'text': ''}, {'tag': 'div', 'src': None, 'aria_label': None, 'class': ['ad', 'cat_foot'], 'id': None, 'text': ''}, {'tag': 'div', 'src': None, 'aria_label': None, 'class': ['ad', 'cat_side1'], 'id': None, 'text': ''}, {'tag': 'div', 'src': None, 'aria_label': None, 'class': ['ad', 'allcats_side_btwn_1_2'], 'id': None, 'text': ''}, {'tag': 'div', 'src': None, 'aria_label': None, 'class': ['ad', 'cat_side2'], 'id': None, 'text': ''}, {'tag': 'div', 'src': None, 'aria_label': None, 'class': ['ad', 'cat_side3'], 'id': None, 'text': ''}]",-8,1,49,0.055872291904218926,20,4,15,1,0,15,107,7,1,19,4,0.0667,0.1776,0.5714,589,newsbook,article_pages
107,29,52,0,15,2,31,9,8431,1319,20,8,"[{'tag': 'div', 'src': None, 'aria_label': None, 'class': ['ad', 'top_push_alt'], 'id': None, 'text': ''}, {'tag': 'div', 'src': None, 'aria_label': None, 'class': ['ad', 'top_push'], 'id': None, 'text': ''}, {'tag': 'div', 'src': None, 'aria_label': None, 'class': ['ad', 'cat_top'], 'id': None, 'text': ''}, {'tag': 'div', 'src': None, 'aria_label': None, 'class': ['ad', 'cat_foot'], 'id': None, 'text': ''}, {'tag': 'div', 'src': None, 'aria_label': None, 'class': ['ad', 'cat_side1'], 'id': None, 'text': ''}, {'tag': 'div', 'src': None, 'aria_label': None, 'class': ['ad', 'allcats_side_btwn_1_2'], 'id': None, 'text': ''}, {'tag': 'div', 'src': None, 'aria_label': None, 'class': ['ad', 'cat_side2'], 'id': None, 'text': ''}, {'tag': 'div', 'src': None, 'aria_label': None, 'class': ['ad', 'cat_side3'], 'id': None, 'text': ''}]",-8,1,49,0.055872291904218926,20,4,15,1,0,15,107,7,1,19,4,0.0667,0.1776,0.5714,590,newsbook,article_pages
107,29,52,0,15,2,31,9,8431,1319,20,8,"[{'tag': 'div', 'src': None, 'aria_label': None, 'class': ['ad', 'top_push_alt'], 'id': None, 'text': ''}, {'tag': 'div', 'src': None, 'aria_label': None, 'class': ['ad', 'top_push'], 'id': None, 'text': ''}, {'tag': 'div', 'src': None, 'aria_label': None, 'class': ['ad', 'cat_top'], 'id': None, 'text': ''}, {'tag': 'div', 'src': None, 'aria_label': None, 'class': ['ad', 'cat_foot'], 'id': None, 'text': ''}, {'tag': 'div', 'src': None, 'aria_label': None, 'class': ['ad', 'cat_side1'], 'id': None, 'text': ''}, {'tag': 'div', 'src': None, 'aria_label': None, 'class': ['ad', 'allcats_side_btwn_1_2'], 'id': None, 'text': ''}, {'tag': 'div', 'src': None, 'aria_label': None, 'class': ['ad', 'cat_side2'], 'id': None, 'text': ''}, {'tag': 'div', 'src': None, 'aria_label': None, 'class': ['ad', 'cat_side3'], 'id': None, 'text': ''}]",-8,1,49,0.055872291904218926,20,4,15,1,0,15,107,7,1,19,4,0.0667,0.1776,0.5714,591,newsbook,article_pages
107,29,52,0,15,2,31,9,8431,1319,20,8,"[{'tag': 'div', 'src': None, 'aria_label': None, 'class': ['ad', 'top_push_alt'], 'id': None, 'text': ''}, {'tag': 'div', 'src': None, 'aria_label': None, 'class': ['ad', 'top_push'], 'id': None, 'text': ''}, {'tag': 'div', 'src': None, 'aria_label': None, 'class': ['ad', 'cat_top'], 'id': None, 'text': ''}, {'tag': 'div', 'src': None, 'aria_label': None, 'class': ['ad', 'cat_foot'], 'id': None, 'text': ''}, {'tag': 'div', 'src': None, 'aria_label': None, 'class': ['ad', 'cat_side1'], 'id': None, 'text': ''}, {'tag': 'div', 'src': None, 'aria_label': None, 'class': ['ad', 'allcats_side_btwn_1_2'], 'id': None, 'text': ''}, {'tag': 'div', 'src': None, 'aria_label': None, 'class': ['ad', 'cat_side2'], 'id': None, 'text': ''}, {'tag': 'div', 'src': None, 'aria_label': None, 'class': ['ad', 'cat_side3'], 'id': None, 'text': ''}]",-8,1,49,0.055872291904218926,20,4,15,1,0,15,107,7,1,19,4,0.0667,0.1776,0.5714,592,newsbook,article_pages
107,29,52,0,15,2,31,9,8431,1319,20,8,"[{'tag': 'div', 'src': None, 'aria_label': None, 'class': ['ad', 'top_push_alt'], 'id': None, 'text': ''}, {'tag': 'div', 'src': None, 'aria_label': None, 'class': ['ad', 'top_push'], 'id': None, 'text': ''}, {'tag': 'div', 'src': None, 'aria_label': None, 'class': ['ad', 'cat_top'], 'id': None, 'text': ''}, {'tag': 'div', 'src': None, 'aria_label': None, 'class': ['ad', 'cat_foot'], 'id': None, 'text': ''}, {'tag': 'div', 'src': None, 'aria_label': None, 'class': ['ad', 'cat_side1'], 'id': None, 'text': ''}, {'tag': 'div', 'src': None, 'aria_label': None, 'class': ['ad', 'allcats_side_btwn_1_2'], 'id': None, 'text': ''}, {'tag': 'div', 'src': None, 'aria_label': None, 'class': ['ad', 'cat_side2'], 'id': None, 'text': ''}, {'tag': 'div', 'src': None, 'aria_label': None, 'class': ['ad', 'cat_side3'], 'id': None, 'text': ''}]",-8,1,49,0.055872291904218926,20,4,15,1,0,15,107,7,1,19,4,0.0667,0.1776,0.5714,593,newsbook,article_pages
107,29,52,0,15,2,31,9,8431,1319,20,8,"[{'tag': 'div', 'src': None, 'aria_label': None, 'class': ['ad', 'top_push_alt'], 'id': None, 'text': ''}, {'tag': 'div', 'src': None, 'aria_label': None, 'class': ['ad', 'top_push'], 'id': None, 'text': ''}, {'tag': 'div', 'src': None, 'aria_label': None, 'class': ['ad', 'cat_top'], 'id': None, 'text': ''}, {'tag': 'div', 'src': None, 'aria_label': None, 'class': ['ad', 'cat_foot'], 'id': None, 'text': ''}, {'tag': 'div', 'src': None, 'aria_label': None, 'class': ['ad', 'cat_side1'], 'id': None, 'text': ''}, {'tag': 'div', 'src': None, 'aria_label': None, 'class': ['ad', 'allcats_side_btwn_1_2'], 'id': None, 'text': ''}, {'tag': 'div', 'src': None, 'aria_label': None, 'class': ['ad', 'cat_side2'], 'id': None, 'text': ''}, {'tag': 'div', 'src': None, 'aria_label': None, 'class': ['ad', 'cat_side3'], 'id': None, 'text': ''}]",-8,1,49,0.055872291904218926,20,4,15,1,0,15,107,7,1,19,4,0.0667,0.1776,0.5714,594,newsbook,article_pages
107,29,52,0,15,2,31,9,8431,1319,20,8,"[{'tag': 'div', 'src': None, 'aria_label': None, 'class': ['ad', 'top_push_alt'], 'id': None, 'text': ''}, {'tag': 'div', 'src': None, 'aria_label': None, 'class': ['ad', 'top_push'], 'id': None, 'text': ''}, {'tag': 'div', 'src': None, 'aria_label': None, 'class': ['ad', 'cat_top'], 'id': None, 'text': ''}, {'tag': 'div', 'src': None, 'aria_label': None, 'class': ['ad', 'cat_foot'], 'id': None, 'text': ''}, {'tag': 'div', 'src': None, 'aria_label': None, 'class': ['ad', 'cat_side1'], 'id': None, 'text': ''}, {'tag': 'div', 'src': None, 'aria_label': None, 'class': ['ad', 'allcats_side_btwn_1_2'], 'id': None, 'text': ''}, {'tag': 'div', 'src': None, 'aria_label': None, 'class': ['ad', 'cat_side2'], 'id': None, 'text': ''}, {'tag': 'div', 'src': None, 'aria_label': None, 'class': ['ad', 'cat_side3'], 'id': None, 'text': ''}]",-8,1,49,0.055872291904218926,20,4,15,1,0,15,107,7,1,19,4,0.0667,0.1776,0.5714,595,newsbook,article_pages
107,29,52,0,15,2,31,9,8431,1319,20,8,"[{'tag': 'div', 'src': None, 'aria_label': None, 'class': ['ad', 'top_push_alt'], 'id': None, 'text': ''}, {'tag': 'div', 'src': None, 'aria_label': None, 'class': ['ad', 'top_push'], 'id': None, 'text': ''}, {'tag': 'div', 'src': None, 'aria_label': None, 'class': ['ad', 'cat_top'], 'id': None, 'text': ''}, {'tag': 'div', 'src': None, 'aria_label': None, 'class': ['ad', 'cat_foot'], 'id': None, 'text': ''}, {'tag': 'div', 'src': None, 'aria_label': None, 'class': ['ad', 'cat_side1'], 'id': None, 'text': ''}, {'tag': 'div', 'src': None, 'aria_label': None, 'class': ['ad', 'allcats_side_btwn_1_2'], 'id': None, 'text': ''}, {'tag': 'div', 'src': None, 'aria_label': None, 'class': ['ad', 'cat_side2'], 'id': None, 'text': ''}, {'tag': 'div', 'src': None, 'aria_label': None, 'class': ['ad', 'cat_side3'], 'id': None, 'text': ''}]",-8,1,49,0.055872291904218926,20,4,15,1,0,15,107,7,1,19,4,0.0667,0.1776,0.5714,596,newsbook,article_pages
115,32,53,0,15,2,29,12,7506,1070,20,8,"[{'tag': 'div', 'src': None, 'aria_label': None, 'class': ['ad', 'top_push_alt'], 'id': None, 'text': ''}, {'tag': 'div', 'src': None, 'aria_label': None, 'class': ['ad', 'top_push'], 'id': None, 'text': ''}, {'tag': 'div', 'src': None, 'aria_label': None, 'class': ['ad', 'cat_top'], 'id': None, 'text': ''}, {'tag': 'div', 'src': None, 'aria_label': None, 'class': ['ad', 'cat_foot'], 'id': None, 'text': ''}, {'tag': 'div', 'src': None, 'aria_label': None, 'class': ['ad', 'cat_side1'], 'id': None, 'text': ''}, {'tag': 'div', 'src': None, 'aria_label': None, 'class': ['ad', 'allcats_side_btwn_1_2'], 'id': None, 'text': ''}, {'tag': 'div', 'src': None, 'aria_label': None, 'class': ['ad', 'cat_side2'], 'id': None, 'text': ''}, {'tag': 'div', 'src': None, 'aria_label': None, 'class': ['ad', 'cat_side3'], 'id': None, 'text': ''}]",-8,1,49,0.05402425578831312,20,4,15,1,0,15,115,7,1,19,4,0.0667,0.1652,0.5714,597,newsbook,article_pages
115,32,53,0,15,2,29,12,7506,1070,20,8,"[{'tag': 'div', 'src': None, 'aria_label': None, 'class': ['ad', 'top_push_alt'], 'id': None, 'text': ''}, {'tag': 'div', 'src': None, 'aria_label': None, 'class': ['ad', 'top_push'], 'id': None, 'text': ''}, {'tag': 'div', 'src': None, 'aria_label': None, 'class': ['ad', 'cat_top'], 'id': None, 'text': ''}, {'tag': 'div', 'src': None, 'aria_label': None, 'class': ['ad', 'cat_foot'], 'id': None, 'text': ''}, {'tag': 'div', 'src': None, 'aria_label': None, 'class': ['ad', 'cat_side1'], 'id': None, 'text': ''}, {'tag': 'div', 'src': None, 'aria_label': None, 'class': ['ad', 'allcats_side_btwn_1_2'], 'id': None, 'text': ''}, {'tag': 'div', 'src': None, 'aria_label': None, 'class': ['ad', 'cat_side2'], 'id': None, 'text': ''}, {'tag': 'div', 'src': None, 'aria_label': None, 'class': ['ad', 'cat_side3'], 'id': None, 'text': ''}]",-8,1,49,0.05402425578831312,20,4,15,1,0,15,115,7,1,19,4,0.0667,0.1652,0.5714,598,newsbook,article_pages
115,32,53,0,15,2,29,12,7506,1070,20,8,"[{'tag': 'div', 'src': None, 'aria_label': None, 'class': ['ad', 'top_push_alt'], 'id': None, 'text': ''}, {'tag': 'div', 'src': None, 'aria_label': None, 'class': ['ad', 'top_push'], 'id': None, 'text': ''}, {'tag': 'div', 'src': None, 'aria_label': None, 'class': ['ad', 'cat_top'], 'id': None, 'text': ''}, {'tag': 'div', 'src': None, 'aria_label': None, 'class': ['ad', 'cat_foot'], 'id': None, 'text': ''}, {'tag': 'div', 'src': None, 'aria_label': None, 'class': ['ad', 'cat_side1'], 'id': None, 'text': ''}, {'tag': 'div', 'src': None, 'aria_label': None, 'class': ['ad', 'allcats_side_btwn_1_2'], 'id': None, 'text': ''}, {'tag': 'div', 'src': None, 'aria_label': None, 'class': ['ad', 'cat_side2'], 'id': None, 'text': ''}, {'tag': 'div', 'src': None, 'aria_label': None, 'class': ['ad', 'cat_side3'], 'id': None, 'text': ''}]",-8,1,49,0.05402425578831312,20,4,15,1,0,15,115,7,1,19,4,0.0667,0.1652,0.5714,599,newsbook,article_pages
115,32,53,0,15,2,29,12,7506,1070,20,8,"[{'tag': 'div', 'src': None, 'aria_label': None, 'class': ['ad', 'top_push_alt'], 'id': None, 'text': ''}, {'tag': 'div', 'src': None, 'aria_label': None, 'class': ['ad', 'top_push'], 'id': None, 'text': ''}, {'tag': 'div', 'src': None, 'aria_label': None, 'class': ['ad', 'cat_top'], 'id': None, 'text': ''}, {'tag': 'div', 'src': None, 'aria_label': None, 'class': ['ad', 'cat_foot'], 'id': None, 'text': ''}, {'tag': 'div', 'src': None, 'aria_label': None, 'class': ['ad', 'cat_side1'], 'id': None, 'text': ''}, {'tag': 'div', 'src': None, 'aria_label': None, 'class': ['ad', 'allcats_side_btwn_1_2'], 'id': None, 'text': ''}, {'tag': 'div', 'src': None, 'aria_label': None, 'class': ['ad', 'cat_side2'], 'id': None, 'text': ''}, {'tag': 'div', 'src': None, 'aria_label': None, 'class': ['ad', 'cat_side3'], 'id': None, 'text': ''}]",-8,1,49,0.05402425578831312,20,4,15,1,0,15,115,7,1,19,4,0.0667,0.1652,0.5714,600,newsbook,article_pages
115,32,53,0,15,2,29,12,7506,1070,20,8,"[{'tag': 'div', 'src': None, 'aria_label': None, 'class': ['ad', 'top_push_alt'], 'id': None, 'text': ''}, {'tag': 'div', 'src': None, 'aria_label': None, 'class': ['ad', 'top_push'], 'id': None, 'text': ''}, {'tag': 'div', 'src': None, 'aria_label': None, 'class': ['ad', 'cat_top'], 'id': None, 'text': ''}, {'tag': 'div', 'src': None, 'aria_label': None, 'class': ['ad', 'cat_foot'], 'id': None, 'text': ''}, {'tag': 'div', 'src': None, 'aria_label': None, 'class': ['ad', 'cat_side1'], 'id': None, 'text': ''}, {'tag': 'div', 'src': None, 'aria_label': None, 'class': ['ad', 'allcats_side_btwn_1_2'], 'id': None, 'text': ''}, {'tag': 'div', 'src': None, 'aria_label': None, 'class': ['ad', 'cat_side2'], 'id': None, 'text': ''}, {'tag': 'div', 'src': None, 'aria_label': None, 'class': ['ad', 'cat_side3'], 'id': None, 'text': ''}]",-8,1,49,0.05402425578831312,20,4,15,1,0,15,115,7,1,19,4,0.0667,0.1652,0.5714,601,newsbook,article_pages
115,32,53,0,15,2,29,12,7506,1070,20,8,"[{'tag': 'div', 'src': None, 'aria_label': None, 'class': ['ad', 'top_push_alt'], 'id': None, 'text': ''}, {'tag': 'div', 'src': None, 'aria_label': None, 'class': ['ad', 'top_push'], 'id': None, 'text': ''}, {'tag': 'div', 'src': None, 'aria_label': None, 'class': ['ad', 'cat_top'], 'id': None, 'text': ''}, {'tag': 'div', 'src': None, 'aria_label': None, 'class': ['ad', 'cat_foot'], 'id': None, 'text': ''}, {'tag': 'div', 'src': None, 'aria_label': None, 'class': ['ad', 'cat_side1'], 'id': None, 'text': ''}, {'tag': 'div', 'src': None, 'aria_label': None, 'class': ['ad', 'allcats_side_btwn_1_2'], 'id': None, 'text': ''}, {'tag': 'div', 'src': None, 'aria_label': None, 'class': ['ad', 'cat_side2'], 'id': None, 'text': ''}, {'tag': 'div', 'src': None, 'aria_label': None, 'class': ['ad', 'cat_side3'], 'id': None, 'text': ''}]",-8,1,49,0.05402425578831312,20,4,15,1,0,15,115,7,1,19,4,0.0667,0.1652,0.5714,602,newsbook,article_pages
121,35,53,0,15,2,24,12,6833,990,20,8,"[{'tag': 'div', 'src': None, 'aria_label': None, 'class': ['ad', 'top_push_alt'], 'id': None, 'text': ''}, {'tag': 'div', 'src': None, 'aria_label': None, 'class': ['ad', 'top_push'], 'id': None, 'text': ''}, {'tag': 'div', 'src': None, 'aria_label': None, 'class': ['ad', 'cat_top'], 'id': None, 'text': ''}, {'tag': 'div', 'src': None, 'aria_label': None, 'class': ['ad', 'cat_foot'], 'id': None, 'text': ''}, {'tag': 'div', 'src': None, 'aria_label': None, 'class': ['ad', 'cat_side1'], 'id': None, 'text': ''}, {'tag': 'div', 'src': None, 'aria_label': None, 'class': ['ad', 'allcats_side_btwn_1_2'], 'id': None, 'text': ''}, {'tag': 'div', 'src': None, 'aria_label': None, 'class': ['ad', 'cat_side2'], 'id': None, 'text': ''}, {'tag': 'div', 'src': None, 'aria_label': None, 'class': ['ad', 'cat_side3'], 'id': None, 'text': ''}]",-8,1,49,0.05314533622559653,20,4,15,1,0,15,121,7,1,21,4,0.0667,0.1736,0.5714,603,newsbook,article_pages
121,35,53,0,15,2,24,12,6833,990,20,8,"[{'tag': 'div', 'src': None, 'aria_label': None, 'class': ['ad', 'top_push_alt'], 'id': None, 'text': ''}, {'tag': 'div', 'src': None, 'aria_label': None, 'class': ['ad', 'top_push'], 'id': None, 'text': ''}, {'tag': 'div', 'src': None, 'aria_label': None, 'class': ['ad', 'cat_top'], 'id': None, 'text': ''}, {'tag': 'div', 'src': None, 'aria_label': None, 'class': ['ad', 'cat_foot'], 'id': None, 'text': ''}, {'tag': 'div', 'src': None, 'aria_label': None, 'class': ['ad', 'cat_side1'], 'id': None, 'text': ''}, {'tag': 'div', 'src': None, 'aria_label': None, 'class': ['ad', 'allcats_side_btwn_1_2'], 'id': None, 'text': ''}, {'tag': 'div', 'src': None, 'aria_label': None, 'class': ['ad', 'cat_side2'], 'id': None, 'text': ''}, {'tag': 'div', 'src': None, 'aria_label': None, 'class': ['ad', 'cat_side3'], 'id': None, 'text': ''}]",-8,1,49,0.05314533622559653,20,4,15,1,0,15,121,7,1,21,4,0.0667,0.1736,0.5714,604,newsbook,article_pages
121,35,53,0,15,2,24,12,6833,990,20,8,"[{'tag': 'div', 'src': None, 'aria_label': None, 'class': ['ad', 'top_push_alt'], 'id': None, 'text': ''}, {'tag': 'div', 'src': None, 'aria_label': None, 'class': ['ad', 'top_push'], 'id': None, 'text': ''}, {'tag': 'div', 'src': None, 'aria_label': None, 'class': ['ad', 'cat_top'], 'id': None, 'text': ''}, {'tag': 'div', 'src': None, 'aria_label': None, 'class': ['ad', 'cat_foot'], 'id': None, 'text': ''}, {'tag': 'div', 'src': None, 'aria_label': None, 'class': ['ad', 'cat_side1'], 'id': None, 'text': ''}, {'tag': 'div', 'src': None, 'aria_label': None, 'class': ['ad', 'allcats_side_btwn_1_2'], 'id': None, 'text': ''}, {'tag': 'div', 'src': None, 'aria_label': None, 'class': ['ad', 'cat_side2'], 'id': None, 'text': ''}, {'tag': 'div', 'src': None, 'aria_label': None, 'class': ['ad', 'cat_side3'], 'id': None, 'text': ''}]",-8,1,49,0.05314533622559653,20,4,15,1,0,15,121,7,1,21,4,0.0667,0.1736,0.5714,605,newsbook,article_pages
121,35,53,0,15,2,24,12,6833,990,20,8,"[{'tag': 'div', 'src': None, 'aria_label': None, 'class': ['ad', 'top_push_alt'], 'id': None, 'text': ''}, {'tag': 'div', 'src': None, 'aria_label': None, 'class': ['ad', 'top_push'], 'id': None, 'text': ''}, {'tag': 'div', 'src': None, 'aria_label': None, 'class': ['ad', 'cat_top'], 'id': None, 'text': ''}, {'tag': 'div', 'src': None, 'aria_label': None, 'class': ['ad', 'cat_foot'], 'id': None, 'text': ''}, {'tag': 'div', 'src': None, 'aria_label': None, 'class': ['ad', 'cat_side1'], 'id': None, 'text': ''}, {'tag': 'div', 'src': None, 'aria_label': None, 'class': ['ad', 'allcats_side_btwn_1_2'], 'id': None, 'text': ''}, {'tag': 'div', 'src': None, 'aria_label': None, 'class': ['ad', 'cat_side2'], 'id': None, 'text': ''}, {'tag': 'div', 'src': None, 'aria_label': None, 'class': ['ad', 'cat_side3'], 'id': None, 'text': ''}]",-8,1,49,0.05314533622559653,20,4,15,1,0,15,121,7,1,21,4,0.0667,0.1736,0.5714,606,newsbook,article_pages
121,35,53,0,15,2,24,12,6833,990,20,8,"[{'tag': 'div', 'src': None, 'aria_label': None, 'class': ['ad', 'top_push_alt'], 'id': None, 'text': ''}, {'tag': 'div', 'src': None, 'aria_label': None, 'class': ['ad', 'top_push'], 'id': None, 'text': ''}, {'tag': 'div', 'src': None, 'aria_label': None, 'class': ['ad', 'cat_top'], 'id': None, 'text': ''}, {'tag': 'div', 'src': None, 'aria_label': None, 'class': ['ad', 'cat_foot'], 'id': None, 'text': ''}, {'tag': 'div', 'src': None, 'aria_label': None, 'class': ['ad', 'cat_side1'], 'id': None, 'text': ''}, {'tag': 'div', 'src': None, 'aria_label': None, 'class': ['ad', 'allcats_side_btwn_1_2'], 'id': None, 'text': ''}, {'tag': 'div', 'src': None, 'aria_label': None, 'class': ['ad', 'cat_side2'], 'id': None, 'text': ''}, {'tag': 'div', 'src': None, 'aria_label': None, 'class': ['ad', 'cat_side3'], 'id': None, 'text': ''}]",-8,1,49,0.05314533622559653,20,4,15,1,0,15,121,7,1,21,4,0.0667,0.1736,0.5714,607,newsbook,article_pages
121,35,53,0,15,2,24,12,6833,990,20,8,"[{'tag': 'div', 'src': None, 'aria_label': None, 'class': ['ad', 'top_push_alt'], 'id': None, 'text': ''}, {'tag': 'div', 'src': None, 'aria_label': None, 'class': ['ad', 'top_push'], 'id': None, 'text': ''}, {'tag': 'div', 'src': None, 'aria_label': None, 'class': ['ad', 'cat_top'], 'id': None, 'text': ''}, {'tag': 'div', 'src': None, 'aria_label': None, 'class': ['ad', 'cat_foot'], 'id': None, 'text': ''}, {'tag': 'div', 'src': None, 'aria_label': None, 'class': ['ad', 'cat_side1'], 'id': None, 'text': ''}, {'tag': 'div', 'src': None, 'aria_label': None, 'class': ['ad', 'allcats_side_btwn_1_2'], 'id': None, 'text': ''}, {'tag': 'div', 'src': None, 'aria_label': None, 'class': ['ad', 'cat_side2'], 'id': None, 'text': ''}, {'tag': 'div', 'src': None, 'aria_label': None, 'class': ['ad', 'cat_side3'], 'id': None, 'text': ''}]",-8,1,49,0.05314533622559653,20,4,15,1,0,15,121,7,1,21,4,0.0667,0.1736,0.5714,608,newsbook,article_pages
115,32,53,0,15,2,29,12,7506,1070,20,8,"[{'tag': 'div', 'src': None, 'aria_label': None, 'class': ['ad', 'top_push_alt'], 'id': None, 'text': ''}, {'tag': 'div', 'src': None, 'aria_label': None, 'class': ['ad', 'top_push'], 'id': None, 'text': ''}, {'tag': 'div', 'src': None, 'aria_label': None, 'class': ['ad', 'cat_top'], 'id': None, 'text': ''}, {'tag': 'div', 'src': None, 'aria_label': None, 'class': ['ad', 'cat_foot'], 'id': None, 'text': ''}, {'tag': 'div', 'src': None, 'aria_label': None, 'class': ['ad', 'cat_side1'], 'id': None, 'text': ''}, {'tag': 'div', 'src': None, 'aria_label': None, 'class': ['ad', 'allcats_side_btwn_1_2'], 'id': None, 'text': ''}, {'tag': 'div', 'src': None, 'aria_label': None, 'class': ['ad', 'cat_side2'], 'id': None, 'text': ''}, {'tag': 'div', 'src': None, 'aria_label': None, 'class': ['ad', 'cat_side3'], 'id': None, 'text': ''}]",-8,1,49,0.05402425578831312,20,4,15,1,0,15,115,7,1,19,4,0.0667,0.1652,0.5714,609,newsbook,article_pages
115,32,53,0,15,2,29,12,7506,1070,20,8,"[{'tag': 'div', 'src': None, 'aria_label': None, 'class': ['ad', 'top_push_alt'], 'id': None, 'text': ''}, {'tag': 'div', 'src': None, 'aria_label': None, 'class': ['ad', 'top_push'], 'id': None, 'text': ''}, {'tag': 'div', 'src': None, 'aria_label': None, 'class': ['ad', 'cat_top'], 'id': None, 'text': ''}, {'tag': 'div', 'src': None, 'aria_label': None, 'class': ['ad', 'cat_foot'], 'id': None, 'text': ''}, {'tag': 'div', 'src': None, 'aria_label': None, 'class': ['ad', 'cat_side1'], 'id': None, 'text': ''}, {'tag': 'div', 'src': None, 'aria_label': None, 'class': ['ad', 'allcats_side_btwn_1_2'], 'id': None, 'text': ''}, {'tag': 'div', 'src': None, 'aria_label': None, 'class': ['ad', 'cat_side2'], 'id': None, 'text': ''}, {'tag': 'div', 'src': None, 'aria_label': None, 'class': ['ad', 'cat_side3'], 'id': None, 'text': ''}]",-8,1,49,0.05402425578831312,20,4,15,1,0,15,115,7,1,19,4,0.0667,0.1652,0.5714,610,newsbook,article_pages
139,38,54,0,15,2,25,17,8593,1227,20,8,"[{'tag': 'div', 'src': None, 'aria_label': None, 'class': ['ad', 'top_push_alt'], 'id': None, 'text': ''}, {'tag': 'div', 'src': None, 'aria_label': None, 'class': ['ad', 'top_push'], 'id': None, 'text': ''}, {'tag': 'div', 'src': None, 'aria_label': None, 'class': ['ad', 'cat_top'], 'id': None, 'text': ''}, {'tag': 'div', 'src': None, 'aria_label': None, 'class': ['ad', 'cat_foot'], 'id': None, 'text': ''}, {'tag': 'div', 'src': None, 'aria_label': None, 'class': ['ad', 'cat_side1'], 'id': None, 'text': ''}, {'tag': 'div', 'src': None, 'aria_label': None, 'class': ['ad', 'allcats_side_btwn_1_2'], 'id': None, 'text': ''}, {'tag': 'div', 'src': None, 'aria_label': None, 'class': ['ad', 'cat_side2'], 'id': None, 'text': ''}, {'tag': 'div', 'src': None, 'aria_label': None, 'class': ['ad', 'cat_side3'], 'id': None, 'text': ''}]",-8,1,49,0.050102249488752554,20,4,15,1,0,15,139,7,1,23,4,0.0667,0.1655,0.5714,611,newsbook,article_pages
139,38,54,0,15,2,25,17,8593,1227,20,8,"[{'tag': 'div', 'src': None, 'aria_label': None, 'class': ['ad', 'top_push_alt'], 'id': None, 'text': ''}, {'tag': 'div', 'src': None, 'aria_label': None, 'class': ['ad', 'top_push'], 'id': None, 'text': ''}, {'tag': 'div', 'src': None, 'aria_label': None, 'class': ['ad', 'cat_top'], 'id': None, 'text': ''}, {'tag': 'div', 'src': None, 'aria_label': None, 'class': ['ad', 'cat_foot'], 'id': None, 'text': ''}, {'tag': 'div', 'src': None, 'aria_label': None, 'class': ['ad', 'cat_side1'], 'id': None, 'text': ''}, {'tag': 'div', 'src': None, 'aria_label': None, 'class': ['ad', 'allcats_side_btwn_1_2'], 'id': None, 'text': ''}, {'tag': 'div', 'src': None, 'aria_label': None, 'class': ['ad', 'cat_side2'], 'id': None, 'text': ''}, {'tag': 'div', 'src': None, 'aria_label': None, 'class': ['ad', 'cat_side3'], 'id': None, 'text': ''}]",-8,1,49,0.050102249488752554,20,4,15,1,0,15,139,7,1,23,4,0.0667,0.1655,0.5714,612,newsbook,article_pages
139,38,54,0,15,2,25,17,8593,1227,20,8,"[{'tag': 'div', 'src': None, 'aria_label': None, 'class': ['ad', 'top_push_alt'], 'id': None, 'text': ''}, {'tag': 'div', 'src': None, 'aria_label': None, 'class': ['ad', 'top_push'], 'id': None, 'text': ''}, {'tag': 'div', 'src': None, 'aria_label': None, 'class': ['ad', 'cat_top'], 'id': None, 'text': ''}, {'tag': 'div', 'src': None, 'aria_label': None, 'class': ['ad', 'cat_foot'], 'id': None, 'text': ''}, {'tag': 'div', 'src': None, 'aria_label': None, 'class': ['ad', 'cat_side1'], 'id': None, 'text': ''}, {'tag': 'div', 'src': None, 'aria_label': None, 'class': ['ad', 'allcats_side_btwn_1_2'], 'id': None, 'text': ''}, {'tag': 'div', 'src': None, 'aria_label': None, 'class': ['ad', 'cat_side2'], 'id': None, 'text': ''}, {'tag': 'div', 'src': None, 'aria_label': None, 'class': ['ad', 'cat_side3'], 'id': None, 'text': ''}]",-8,1,49,0.050102249488752554,20,4,15,1,0,15,139,7,1,23,4,0.0667,0.1655,0.5714,613,newsbook,article_pages
139,38,54,0,15,2,25,17,8593,1227,20,8,"[{'tag': 'div', 'src': None, 'aria_label': None, 'class': ['ad', 'top_push_alt'], 'id': None, 'text': ''}, {'tag': 'div', 'src': None, 'aria_label': None, 'class': ['ad', 'top_push'], 'id': None, 'text': ''}, {'tag': 'div', 'src': None, 'aria_label': None, 'class': ['ad', 'cat_top'], 'id': None, 'text': ''}, {'tag': 'div', 'src': None, 'aria_label': None, 'class': ['ad', 'cat_foot'], 'id': None, 'text': ''}, {'tag': 'div', 'src': None, 'aria_label': None, 'class': ['ad', 'cat_side1'], 'id': None, 'text': ''}, {'tag': 'div', 'src': None, 'aria_label': None, 'class': ['ad', 'allcats_side_btwn_1_2'], 'id': None, 'text': ''}, {'tag': 'div', 'src': None, 'aria_label': None, 'class': ['ad', 'cat_side2'], 'id': None, 'text': ''}, {'tag': 'div', 'src': None, 'aria_label': None, 'class': ['ad', 'cat_side3'], 'id': None, 'text': ''}]",-8,1,49,0.050102249488752554,20,4,15,1,0,15,139,7,1,23,4,0.0667,0.1655,0.5714,614,newsbook,article_pages
139,38,54,0,15,2,25,17,8593,1227,20,8,"[{'tag': 'div', 'src': None, 'aria_label': None, 'class': ['ad', 'top_push_alt'], 'id': None, 'text': ''}, {'tag': 'div', 'src': None, 'aria_label': None, 'class': ['ad', 'top_push'], 'id': None, 'text': ''}, {'tag': 'div', 'src': None, 'aria_label': None, 'class': ['ad', 'cat_top'], 'id': None, 'text': ''}, {'tag': 'div', 'src': None, 'aria_label': None, 'class': ['ad', 'cat_foot'], 'id': None, 'text': ''}, {'tag': 'div', 'src': None, 'aria_label': None, 'class': ['ad', 'cat_side1'], 'id': None, 'text': ''}, {'tag': 'div', 'src': None, 'aria_label': None, 'class': ['ad', 'allcats_side_btwn_1_2'], 'id': None, 'text': ''}, {'tag': 'div', 'src': None, 'aria_label': None, 'class': ['ad', 'cat_side2'], 'id': None, 'text': ''}, {'tag': 'div', 'src': None, 'aria_label': None, 'class': ['ad', 'cat_side3'], 'id': None, 'text': ''}]",-8,1,49,0.050102249488752554,20,4,15,1,0,15,139,7,1,23,4,0.0667,0.1655,0.5714,615,newsbook,article_pages
139,38,54,0,15,2,25,17,8593,1227,20,8,"[{'tag': 'div', 'src': None, 'aria_label': None, 'class': ['ad', 'top_push_alt'], 'id': None, 'text': ''}, {'tag': 'div', 'src': None, 'aria_label': None, 'class': ['ad', 'top_push'], 'id': None, 'text': ''}, {'tag': 'div', 'src': None, 'aria_label': None, 'class': ['ad', 'cat_top'], 'id': None, 'text': ''}, {'tag': 'div', 'src': None, 'aria_label': None, 'class': ['ad', 'cat_foot'], 'id': None, 'text': ''}, {'tag': 'div', 'src': None, 'aria_label': None, 'class': ['ad', 'cat_side1'], 'id': None, 'text': ''}, {'tag': 'div', 'src': None, 'aria_label': None, 'class': ['ad', 'allcats_side_btwn_1_2'], 'id': None, 'text': ''}, {'tag': 'div', 'src': None, 'aria_label': None, 'class': ['ad', 'cat_side2'], 'id': None, 'text': ''}, {'tag': 'div', 'src': None, 'aria_label': None, 'class': ['ad', 'cat_side3'], 'id': None, 'text': ''}]",-8,1,49,0.050102249488752554,20,4,15,1,0,15,139,7,1,23,4,0.0667,0.1655,0.5714,616,newsbook,article_pages
139,38,54,0,15,2,42,20,10578,1465,20,8,"[{'tag': 'div', 'src': None, 'aria_label': None, 'class': ['ad', 'top_push_alt'], 'id': None, 'text': ''}, {'tag': 'div', 'src': None, 'aria_label': None, 'class': ['ad', 'top_push'], 'id': None, 'text': ''}, {'tag': 'div', 'src': None, 'aria_label': None, 'class': ['ad', 'cat_top'], 'id': None, 'text': ''}, {'tag': 'div', 'src': None, 'aria_label': None, 'class': ['ad', 'cat_foot'], 'id': None, 'text': ''}, {'tag': 'div', 'src': None, 'aria_label': None, 'class': ['ad', 'cat_side1'], 'id': None, 'text': ''}, {'tag': 'div', 'src': None, 'aria_label': None, 'class': ['ad', 'allcats_side_btwn_1_2'], 'id': None, 'text': ''}, {'tag': 'div', 'src': None, 'aria_label': None, 'class': ['ad', 'cat_side2'], 'id': None, 'text': ''}, {'tag': 'div', 'src': None, 'aria_label': None, 'class': ['ad', 'cat_side3'], 'id': None, 'text': ''}]",-8,1,49,0.04909819639278557,20,4,15,1,0,15,139,7,1,22,4,0.0667,0.1583,0.5714,617,newsbook,article_pages
139,38,54,0,15,2,42,20,10578,1465,20,8,"[{'tag': 'div', 'src': None, 'aria_label': None, 'class': ['ad', 'top_push_alt'], 'id': None, 'text': ''}, {'tag': 'div', 'src': None, 'aria_label': None, 'class': ['ad', 'top_push'], 'id': None, 'text': ''}, {'tag': 'div', 'src': None, 'aria_label': None, 'class': ['ad', 'cat_top'], 'id': None, 'text': ''}, {'tag': 'div', 'src': None, 'aria_label': None, 'class': ['ad', 'cat_foot'], 'id': None, 'text': ''}, {'tag': 'div', 'src': None, 'aria_label': None, 'class': ['ad', 'cat_side1'], 'id': None, 'text': ''}, {'tag': 'div', 'src': None, 'aria_label': None, 'class': ['ad', 'allcats_side_btwn_1_2'], 'id': None, 'text': ''}, {'tag': 'div', 'src': None, 'aria_label': None, 'class': ['ad', 'cat_side2'], 'id': None, 'text': ''}, {'tag': 'div', 'src': None, 'aria_label': None, 'class': ['ad', 'cat_side3'], 'id': None, 'text': ''}]",-8,1,49,0.04909819639278557,20,4,15,1,0,15,139,7,1,22,4,0.0667,0.1583,0.5714,618,newsbook,article_pages
139,38,54,0,15,2,42,20,10578,1465,20,8,"[{'tag': 'div', 'src': None, 'aria_label': None, 'class': ['ad', 'top_push_alt'], 'id': None, 'text': ''}, {'tag': 'div', 'src': None, 'aria_label': None, 'class': ['ad', 'top_push'], 'id': None, 'text': ''}, {'tag': 'div', 'src': None, 'aria_label': None, 'class': ['ad', 'cat_top'], 'id': None, 'text': ''}, {'tag': 'div', 'src': None, 'aria_label': None, 'class': ['ad', 'cat_foot'], 'id': None, 'text': ''}, {'tag': 'div', 'src': None, 'aria_label': None, 'class': ['ad', 'cat_side1'], 'id': None, 'text': ''}, {'tag': 'div', 'src': None, 'aria_label': None, 'class': ['ad', 'allcats_side_btwn_1_2'], 'id': None, 'text': ''}, {'tag': 'div', 'src': None, 'aria_label': None, 'class': ['ad', 'cat_side2'], 'id': None, 'text': ''}, {'tag': 'div', 'src': None, 'aria_label': None, 'class': ['ad', 'cat_side3'], 'id': None, 'text': ''}]",-8,1,49,0.04909819639278557,20,4,15,1,0,15,139,7,1,22,4,0.0667,0.1583,0.5714,619,newsbook,article_pages
139,38,54,0,15,2,42,20,10578,1465,20,8,"[{'tag': 'div', 'src': None, 'aria_label': None, 'class': ['ad', 'top_push_alt'], 'id': None, 'text': ''}, {'tag': 'div', 'src': None, 'aria_label': None, 'class': ['ad', 'top_push'], 'id': None, 'text': ''}, {'tag': 'div', 'src': None, 'aria_label': None, 'class': ['ad', 'cat_top'], 'id': None, 'text': ''}, {'tag': 'div', 'src': None, 'aria_label': None, 'class': ['ad', 'cat_foot'], 'id': None, 'text': ''}, {'tag': 'div', 'src': None, 'aria_label': None, 'class': ['ad', 'cat_side1'], 'id': None, 'text': ''}, {'tag': 'div', 'src': None, 'aria_label': None, 'class': ['ad', 'allcats_side_btwn_1_2'], 'id': None, 'text': ''}, {'tag': 'div', 'src': None, 'aria_label': None, 'class': ['ad', 'cat_side2'], 'id': None, 'text': ''}, {'tag': 'div', 'src': None, 'aria_label': None, 'class': ['ad', 'cat_side3'], 'id': None, 'text': ''}]",-8,1,49,0.04909819639278557,20,4,15,1,0,15,139,7,1,22,4,0.0667,0.1583,0.5714,620,newsbook,article_pages
139,38,54,0,15,2,42,20,10578,1465,20,8,"[{'tag': 'div', 'src': None, 'aria_label': None, 'class': ['ad', 'top_push_alt'], 'id': None, 'text': ''}, {'tag': 'div', 'src': None, 'aria_label': None, 'class': ['ad', 'top_push'], 'id': None, 'text': ''}, {'tag': 'div', 'src': None, 'aria_label': None, 'class': ['ad', 'cat_top'], 'id': None, 'text': ''}, {'tag': 'div', 'src': None, 'aria_label': None, 'class': ['ad', 'cat_foot'], 'id': None, 'text': ''}, {'tag': 'div', 'src': None, 'aria_label': None, 'class': ['ad', 'cat_side1'], 'id': None, 'text': ''}, {'tag': 'div', 'src': None, 'aria_label': None, 'class': ['ad', 'allcats_side_btwn_1_2'], 'id': None, 'text': ''}, {'tag': 'div', 'src': None, 'aria_label': None, 'class': ['ad', 'cat_side2'], 'id': None, 'text': ''}, {'tag': 'div', 'src': None, 'aria_label': None, 'class': ['ad', 'cat_side3'], 'id': None, 'text': ''}]",-8,1,49,0.04909819639278557,20,4,15,1,0,15,139,7,1,22,4,0.0667,0.1583,0.5714,621,newsbook,article_pages
139,38,54,0,15,2,42,20,10578,1465,20,8,"[{'tag': 'div', 'src': None, 'aria_label': None, 'class': ['ad', 'top_push_alt'], 'id': None, 'text': ''}, {'tag': 'div', 'src': None, 'aria_label': None, 'class': ['ad', 'top_push'], 'id': None, 'text': ''}, {'tag': 'div', 'src': None, 'aria_label': None, 'class': ['ad', 'cat_top'], 'id': None, 'text': ''}, {'tag': 'div', 'src': None, 'aria_label': None, 'class': ['ad', 'cat_foot'], 'id': None, 'text': ''}, {'tag': 'div', 'src': None, 'aria_label': None, 'class': ['ad', 'cat_side1'], 'id': None, 'text': ''}, {'tag': 'div', 'src': None, 'aria_label': None, 'class': ['ad', 'allcats_side_btwn_1_2'], 'id': None, 'text': ''}, {'tag': 'div', 'src': None, 'aria_label': None, 'class': ['ad', 'cat_side2'], 'id': None, 'text': ''}, {'tag': 'div', 'src': None, 'aria_label': None, 'class': ['ad', 'cat_side3'], 'id': None, 'text': ''}]",-8,1,49,0.04909819639278557,20,4,15,1,0,15,139,7,1,22,4,0.0667,0.1583,0.5714,622,newsbook,article_pages
139,38,54,0,15,2,42,20,10578,1465,20,8,"[{'tag': 'div', 'src': None, 'aria_label': None, 'class': ['ad', 'top_push_alt'], 'id': None, 'text': ''}, {'tag': 'div', 'src': None, 'aria_label': None, 'class': ['ad', 'top_push'], 'id': None, 'text': ''}, {'tag': 'div', 'src': None, 'aria_label': None, 'class': ['ad', 'cat_top'], 'id': None, 'text': ''}, {'tag': 'div', 'src': None, 'aria_label': None, 'class': ['ad', 'cat_foot'], 'id': None, 'text': ''}, {'tag': 'div', 'src': None, 'aria_label': None, 'class': ['ad', 'cat_side1'], 'id': None, 'text': ''}, {'tag': 'div', 'src': None, 'aria_label': None, 'class': ['ad', 'allcats_side_btwn_1_2'], 'id': None, 'text': ''}, {'tag': 'div', 'src': None, 'aria_label': None, 'class': ['ad', 'cat_side2'], 'id': None, 'text': ''}, {'tag': 'div', 'src': None, 'aria_label': None, 'class': ['ad', 'cat_side3'], 'id': None, 'text': ''}]",-8,1,49,0.04909819639278557,20,4,15,1,0,15,139,7,1,22,4,0.0667,0.1583,0.5714,623,newsbook,article_pages
139,38,54,0,15,2,42,20,10578,1465,20,8,"[{'tag': 'div', 'src': None, 'aria_label': None, 'class': ['ad', 'top_push_alt'], 'id': None, 'text': ''}, {'tag': 'div', 'src': None, 'aria_label': None, 'class': ['ad', 'top_push'], 'id': None, 'text': ''}, {'tag': 'div', 'src': None, 'aria_label': None, 'class': ['ad', 'cat_top'], 'id': None, 'text': ''}, {'tag': 'div', 'src': None, 'aria_label': None, 'class': ['ad', 'cat_foot'], 'id': None, 'text': ''}, {'tag': 'div', 'src': None, 'aria_label': None, 'class': ['ad', 'cat_side1'], 'id': None, 'text': ''}, {'tag': 'div', 'src': None, 'aria_label': None, 'class': ['ad', 'allcats_side_btwn_1_2'], 'id': None, 'text': ''}, {'tag': 'div', 'src': None, 'aria_label': None, 'class': ['ad', 'cat_side2'], 'id': None, 'text': ''}, {'tag': 'div', 'src': None, 'aria_label': None, 'class': ['ad', 'cat_side3'], 'id': None, 'text': ''}]",-8,1,49,0.04909819639278557,20,4,15,1,0,15,139,7,1,22,4,0.0667,0.1583,0.5714,624,newsbook,article_pages
139,38,54,0,15,2,42,20,10578,1465,20,8,"[{'tag': 'div', 'src': None, 'aria_label': None, 'class': ['ad', 'top_push_alt'], 'id': None, 'text': ''}, {'tag': 'div', 'src': None, 'aria_label': None, 'class': ['ad', 'top_push'], 'id': None, 'text': ''}, {'tag': 'div', 'src': None, 'aria_label': None, 'class': ['ad', 'cat_top'], 'id': None, 'text': ''}, {'tag': 'div', 'src': None, 'aria_label': None, 'class': ['ad', 'cat_foot'], 'id': None, 'text': ''}, {'tag': 'div', 'src': None, 'aria_label': None, 'class': ['ad', 'cat_side1'], 'id': None, 'text': ''}, {'tag': 'div', 'src': None, 'aria_label': None, 'class': ['ad', 'allcats_side_btwn_1_2'], 'id': None, 'text': ''}, {'tag': 'div', 'src': None, 'aria_label': None, 'class': ['ad', 'cat_side2'], 'id': None, 'text': ''}, {'tag': 'div', 'src': None, 'aria_label': None, 'class': ['ad', 'cat_side3'], 'id': None, 'text': ''}]",-8,1,49,0.04909819639278557,20,4,15,1,0,15,139,7,1,22,4,0.0667,0.1583,0.5714,625,newsbook,article_pages
139,38,54,0,15,2,42,20,10578,1465,20,8,"[{'tag': 'div', 'src': None, 'aria_label': None, 'class': ['ad', 'top_push_alt'], 'id': None, 'text': ''}, {'tag': 'div', 'src': None, 'aria_label': None, 'class': ['ad', 'top_push'], 'id': None, 'text': ''}, {'tag': 'div', 'src': None, 'aria_label': None, 'class': ['ad', 'cat_top'], 'id': None, 'text': ''}, {'tag': 'div', 'src': None, 'aria_label': None, 'class': ['ad', 'cat_foot'], 'id': None, 'text': ''}, {'tag': 'div', 'src': None, 'aria_label': None, 'class': ['ad', 'cat_side1'], 'id': None, 'text': ''}, {'tag': 'div', 'src': None, 'aria_label': None, 'class': ['ad', 'allcats_side_btwn_1_2'], 'id': None, 'text': ''}, {'tag': 'div', 'src': None, 'aria_label': None, 'class': ['ad', 'cat_side2'], 'id': None, 'text': ''}, {'tag': 'div', 'src': None, 'aria_label': None, 'class': ['ad', 'cat_side3'], 'id': None, 'text': ''}]",-8,1,49,0.04909819639278557,20,4,15,1,0,15,139,7,1,22,4,0.0667,0.1583,0.5714,626,newsbook,article_pages
139,38,54,0,15,2,42,20,10578,1465,20,8,"[{'tag': 'div', 'src': None, 'aria_label': None, 'class': ['ad', 'top_push_alt'], 'id': None, 'text': ''}, {'tag': 'div', 'src': None, 'aria_label': None, 'class': ['ad', 'top_push'], 'id': None, 'text': ''}, {'tag': 'div', 'src': None, 'aria_label': None, 'class': ['ad', 'cat_top'], 'id': None, 'text': ''}, {'tag': 'div', 'src': None, 'aria_label': None, 'class': ['ad', 'cat_foot'], 'id': None, 'text': ''}, {'tag': 'div', 'src': None, 'aria_label': None, 'class': ['ad', 'cat_side1'], 'id': None, 'text': ''}, {'tag': 'div', 'src': None, 'aria_label': None, 'class': ['ad', 'allcats_side_btwn_1_2'], 'id': None, 'text': ''}, {'tag': 'div', 'src': None, 'aria_label': None, 'class': ['ad', 'cat_side2'], 'id': None, 'text': ''}, {'tag': 'div', 'src': None, 'aria_label': None, 'class': ['ad', 'cat_side3'], 'id': None, 'text': ''}]",-8,1,49,0.04909819639278557,20,4,15,1,0,15,139,7,1,22,4,0.0667,0.1583,0.5714,627,newsbook,article_pages
141,39,54,0,15,2,38,18,9163,1330,20,8,"[{'tag': 'div', 'src': None, 'aria_label': None, 'class': ['ad', 'top_push_alt'], 'id': None, 'text': ''}, {'tag': 'div', 'src': None, 'aria_label': None, 'class': ['ad', 'top_push'], 'id': None, 'text': ''}, {'tag': 'div', 'src': None, 'aria_label': None, 'class': ['ad', 'cat_top'], 'id': None, 'text': ''}, {'tag': 'div', 'src': None, 'aria_label': None, 'class': ['ad', 'cat_foot'], 'id': None, 'text': ''}, {'tag': 'div', 'src': None, 'aria_label': None, 'class': ['ad', 'cat_side1'], 'id': None, 'text': ''}, {'tag': 'div', 'src': None, 'aria_label': None, 'class': ['ad', 'allcats_side_btwn_1_2'], 'id': None, 'text': ''}, {'tag': 'div', 'src': None, 'aria_label': None, 'class': ['ad', 'cat_side2'], 'id': None, 'text': ''}, {'tag': 'div', 'src': None, 'aria_label': None, 'class': ['ad', 'cat_side3'], 'id': None, 'text': ''}]",-8,1,49,0.04924623115577889,20,4,15,1,0,15,141,7,1,22,4,0.0667,0.156,0.5714,628,newsbook,article_pages
141,39,54,0,15,2,38,18,9163,1330,20,8,"[{'tag': 'div', 'src': None, 'aria_label': None, 'class': ['ad', 'top_push_alt'], 'id': None, 'text': ''}, {'tag': 'div', 'src': None, 'aria_label': None, 'class': ['ad', 'top_push'], 'id': None, 'text': ''}, {'tag': 'div', 'src': None, 'aria_label': None, 'class': ['ad', 'cat_top'], 'id': None, 'text': ''}, {'tag': 'div', 'src': None, 'aria_label': None, 'class': ['ad', 'cat_foot'], 'id': None, 'text': ''}, {'tag': 'div', 'src': None, 'aria_label': None, 'class': ['ad', 'cat_side1'], 'id': None, 'text': ''}, {'tag': 'div', 'src': None, 'aria_label': None, 'class': ['ad', 'allcats_side_btwn_1_2'], 'id': None, 'text': ''}, {'tag': 'div', 'src': None, 'aria_label': None, 'class': ['ad', 'cat_side2'], 'id': None, 'text': ''}, {'tag': 'div', 'src': None, 'aria_label': None, 'class': ['ad', 'cat_side3'], 'id': None, 'text': ''}]",-8,1,49,0.04924623115577889,20,4,15,1,0,15,141,7,1,22,4,0.0667,0.156,0.5714,629,newsbook,article_pages
141,39,54,0,15,2,38,18,9163,1330,20,8,"[{'tag': 'div', 'src': None, 'aria_label': None, 'class': ['ad', 'top_push_alt'], 'id': None, 'text': ''}, {'tag': 'div', 'src': None, 'aria_label': None, 'class': ['ad', 'top_push'], 'id': None, 'text': ''}, {'tag': 'div', 'src': None, 'aria_label': None, 'class': ['ad', 'cat_top'], 'id': None, 'text': ''}, {'tag': 'div', 'src': None, 'aria_label': None, 'class': ['ad', 'cat_foot'], 'id': None, 'text': ''}, {'tag': 'div', 'src': None, 'aria_label': None, 'class': ['ad', 'cat_side1'], 'id': None, 'text': ''}, {'tag': 'div', 'src': None, 'aria_label': None, 'class': ['ad', 'allcats_side_btwn_1_2'], 'id': None, 'text': ''}, {'tag': 'div', 'src': None, 'aria_label': None, 'class': ['ad', 'cat_side2'], 'id': None, 'text': ''}, {'tag': 'div', 'src': None, 'aria_label': None, 'class': ['ad', 'cat_side3'], 'id': None, 'text': ''}]",-8,1,49,0.04924623115577889,20,4,15,1,0,15,141,7,1,22,4,0.0667,0.156,0.5714,630,newsbook,article_pages
141,39,54,0,15,2,38,18,9163,1330,20,8,"[{'tag': 'div', 'src': None, 'aria_label': None, 'class': ['ad', 'top_push_alt'], 'id': None, 'text': ''}, {'tag': 'div', 'src': None, 'aria_label': None, 'class': ['ad', 'top_push'], 'id': None, 'text': ''}, {'tag': 'div', 'src': None, 'aria_label': None, 'class': ['ad', 'cat_top'], 'id': None, 'text': ''}, {'tag': 'div', 'src': None, 'aria_label': None, 'class': ['ad', 'cat_foot'], 'id': None, 'text': ''}, {'tag': 'div', 'src': None, 'aria_label': None, 'class': ['ad', 'cat_side1'], 'id': None, 'text': ''}, {'tag': 'div', 'src': None, 'aria_label': None, 'class': ['ad', 'allcats_side_btwn_1_2'], 'id': None, 'text': ''}, {'tag': 'div', 'src': None, 'aria_label': None, 'class': ['ad', 'cat_side2'], 'id': None, 'text': ''}, {'tag': 'div', 'src': None, 'aria_label': None, 'class': ['ad', 'cat_side3'], 'id': None, 'text': ''}]",-8,1,49,0.04924623115577889,20,4,15,1,0,15,141,7,1,22,4,0.0667,0.156,0.5714,631,newsbook,article_pages
141,39,54,0,15,2,38,18,9163,1330,20,8,"[{'tag': 'div', 'src': None, 'aria_label': None, 'class': ['ad', 'top_push_alt'], 'id': None, 'text': ''}, {'tag': 'div', 'src': None, 'aria_label': None, 'class': ['ad', 'top_push'], 'id': None, 'text': ''}, {'tag': 'div', 'src': None, 'aria_label': None, 'class': ['ad', 'cat_top'], 'id': None, 'text': ''}, {'tag': 'div', 'src': None, 'aria_label': None, 'class': ['ad', 'cat_foot'], 'id': None, 'text': ''}, {'tag': 'div', 'src': None, 'aria_label': None, 'class': ['ad', 'cat_side1'], 'id': None, 'text': ''}, {'tag': 'div', 'src': None, 'aria_label': None, 'class': ['ad', 'allcats_side_btwn_1_2'], 'id': None, 'text': ''}, {'tag': 'div', 'src': None, 'aria_label': None, 'class': ['ad', 'cat_side2'], 'id': None, 'text': ''}, {'tag': 'div', 'src': None, 'aria_label': None, 'class': ['ad', 'cat_side3'], 'id': None, 'text': ''}]",-8,1,49,0.04924623115577889,20,4,15,1,0,15,141,7,1,22,4,0.0667,0.156,0.5714,632,newsbook,article_pages
141,39,54,0,15,2,38,18,9163,1330,20,8,"[{'tag': 'div', 'src': None, 'aria_label': None, 'class': ['ad', 'top_push_alt'], 'id': None, 'text': ''}, {'tag': 'div', 'src': None, 'aria_label': None, 'class': ['ad', 'top_push'], 'id': None, 'text': ''}, {'tag': 'div', 'src': None, 'aria_label': None, 'class': ['ad', 'cat_top'], 'id': None, 'text': ''}, {'tag': 'div', 'src': None, 'aria_label': None, 'class': ['ad', 'cat_foot'], 'id': None, 'text': ''}, {'tag': 'div', 'src': None, 'aria_label': None, 'class': ['ad', 'cat_side1'], 'id': None, 'text': ''}, {'tag': 'div', 'src': None, 'aria_label': None, 'class': ['ad', 'allcats_side_btwn_1_2'], 'id': None, 'text': ''}, {'tag': 'div', 'src': None, 'aria_label': None, 'class': ['ad', 'cat_side2'], 'id': None, 'text': ''}, {'tag': 'div', 'src': None, 'aria_label': None, 'class': ['ad', 'cat_side3'], 'id': None, 'text': ''}]",-8,1,49,0.04924623115577889,20,4,15,1,0,15,141,7,1,22,4,0.0667,0.156,0.5714,633,newsbook,article_pages
141,39,54,0,15,2,38,18,9163,1330,20,8,"[{'tag': 'div', 'src': None, 'aria_label': None, 'class': ['ad', 'top_push_alt'], 'id': None, 'text': ''}, {'tag': 'div', 'src': None, 'aria_label': None, 'class': ['ad', 'top_push'], 'id': None, 'text': ''}, {'tag': 'div', 'src': None, 'aria_label': None, 'class': ['ad', 'cat_top'], 'id': None, 'text': ''}, {'tag': 'div', 'src': None, 'aria_label': None, 'class': ['ad', 'cat_foot'], 'id': None, 'text': ''}, {'tag': 'div', 'src': None, 'aria_label': None, 'class': ['ad', 'cat_side1'], 'id': None, 'text': ''}, {'tag': 'div', 'src': None, 'aria_label': None, 'class': ['ad', 'allcats_side_btwn_1_2'], 'id': None, 'text': ''}, {'tag': 'div', 'src': None, 'aria_label': None, 'class': ['ad', 'cat_side2'], 'id': None, 'text': ''}, {'tag': 'div', 'src': None, 'aria_label': None, 'class': ['ad', 'cat_side3'], 'id': None, 'text': ''}]",-8,1,49,0.04924623115577889,20,4,15,1,0,15,141,7,1,22,4,0.0667,0.156,0.5714,634,newsbook,article_pages
141,39,54,0,15,2,38,18,9163,1330,20,8,"[{'tag': 'div', 'src': None, 'aria_label': None, 'class': ['ad', 'top_push_alt'], 'id': None, 'text': ''}, {'tag': 'div', 'src': None, 'aria_label': None, 'class': ['ad', 'top_push'], 'id': None, 'text': ''}, {'tag': 'div', 'src': None, 'aria_label': None, 'class': ['ad', 'cat_top'], 'id': None, 'text': ''}, {'tag': 'div', 'src': None, 'aria_label': None, 'class': ['ad', 'cat_foot'], 'id': None, 'text': ''}, {'tag': 'div', 'src': None, 'aria_label': None, 'class': ['ad', 'cat_side1'], 'id': None, 'text': ''}, {'tag': 'div', 'src': None, 'aria_label': None, 'class': ['ad', 'allcats_side_btwn_1_2'], 'id': None, 'text': ''}, {'tag': 'div', 'src': None, 'aria_label': None, 'class': ['ad', 'cat_side2'], 'id': None, 'text': ''}, {'tag': 'div', 'src': None, 'aria_label': None, 'class': ['ad', 'cat_side3'], 'id': None, 'text': ''}]",-8,1,49,0.04924623115577889,20,4,15,1,0,15,141,7,1,22,4,0.0667,0.156,0.5714,635,newsbook,article_pages
141,39,54,0,15,2,38,18,9163,1330,20,8,"[{'tag': 'div', 'src': None, 'aria_label': None, 'class': ['ad', 'top_push_alt'], 'id': None, 'text': ''}, {'tag': 'div', 'src': None, 'aria_label': None, 'class': ['ad', 'top_push'], 'id': None, 'text': ''}, {'tag': 'div', 'src': None, 'aria_label': None, 'class': ['ad', 'cat_top'], 'id': None, 'text': ''}, {'tag': 'div', 'src': None, 'aria_label': None, 'class': ['ad', 'cat_foot'], 'id': None, 'text': ''}, {'tag': 'div', 'src': None, 'aria_label': None, 'class': ['ad', 'cat_side1'], 'id': None, 'text': ''}, {'tag': 'div', 'src': None, 'aria_label': None, 'class': ['ad', 'allcats_side_btwn_1_2'], 'id': None, 'text': ''}, {'tag': 'div', 'src': None, 'aria_label': None, 'class': ['ad', 'cat_side2'], 'id': None, 'text': ''}, {'tag': 'div', 'src': None, 'aria_label': None, 'class': ['ad', 'cat_side3'], 'id': None, 'text': ''}]",-8,1,49,0.04924623115577889,20,4,15,1,0,15,141,7,1,22,4,0.0667,0.156,0.5714,636,newsbook,article_pages
141,39,54,0,15,2,38,18,9163,1330,20,8,"[{'tag': 'div', 'src': None, 'aria_label': None, 'class': ['ad', 'top_push_alt'], 'id': None, 'text': ''}, {'tag': 'div', 'src': None, 'aria_label': None, 'class': ['ad', 'top_push'], 'id': None, 'text': ''}, {'tag': 'div', 'src': None, 'aria_label': None, 'class': ['ad', 'cat_top'], 'id': None, 'text': ''}, {'tag': 'div', 'src': None, 'aria_label': None, 'class': ['ad', 'cat_foot'], 'id': None, 'text': ''}, {'tag': 'div', 'src': None, 'aria_label': None, 'class': ['ad', 'cat_side1'], 'id': None, 'text': ''}, {'tag': 'div', 'src': None, 'aria_label': None, 'class': ['ad', 'allcats_side_btwn_1_2'], 'id': None, 'text': ''}, {'tag': 'div', 'src': None, 'aria_label': None, 'class': ['ad', 'cat_side2'], 'id': None, 'text': ''}, {'tag': 'div', 'src': None, 'aria_label': None, 'class': ['ad', 'cat_side3'], 'id': None, 'text': ''}]",-8,1,49,0.04924623115577889,20,4,15,1,0,15,141,7,1,22,4,0.0667,0.156,0.5714,637,newsbook,article_pages
127,34,54,0,15,2,27,14,7209,1014,20,8,"[{'tag': 'div', 'src': None, 'aria_label': None, 'class': ['ad', 'top_push_alt'], 'id': None, 'text': ''}, {'tag': 'div', 'src': None, 'aria_label': None, 'class': ['ad', 'top_push'], 'id': None, 'text': ''}, {'tag': 'div', 'src': None, 'aria_label': None, 'class': ['ad', 'cat_top'], 'id': None, 'text': ''}, {'tag': 'div', 'src': None, 'aria_label': None, 'class': ['ad', 'cat_foot'], 'id': None, 'text': ''}, {'tag': 'div', 'src': None, 'aria_label': None, 'class': ['ad', 'cat_side1'], 'id': None, 'text': ''}, {'tag': 'div', 'src': None, 'aria_label': None, 'class': ['ad', 'allcats_side_btwn_1_2'], 'id': None, 'text': ''}, {'tag': 'div', 'src': None, 'aria_label': None, 'class': ['ad', 'cat_side2'], 'id': None, 'text': ''}, {'tag': 'div', 'src': None, 'aria_label': None, 'class': ['ad', 'cat_side3'], 'id': None, 'text': ''}]",-8,1,49,0.05223880597014925,20,4,15,1,0,15,127,7,1,22,4,0.0667,0.1732,0.5714,638,newsbook,article_pages
127,34,54,0,15,2,27,14,7209,1014,20,8,"[{'tag': 'div', 'src': None, 'aria_label': None, 'class': ['ad', 'top_push_alt'], 'id': None, 'text': ''}, {'tag': 'div', 'src': None, 'aria_label': None, 'class': ['ad', 'top_push'], 'id': None, 'text': ''}, {'tag': 'div', 'src': None, 'aria_label': None, 'class': ['ad', 'cat_top'], 'id': None, 'text': ''}, {'tag': 'div', 'src': None, 'aria_label': None, 'class': ['ad', 'cat_foot'], 'id': None, 'text': ''}, {'tag': 'div', 'src': None, 'aria_label': None, 'class': ['ad', 'cat_side1'], 'id': None, 'text': ''}, {'tag': 'div', 'src': None, 'aria_label': None, 'class': ['ad', 'allcats_side_btwn_1_2'], 'id': None, 'text': ''}, {'tag': 'div', 'src': None, 'aria_label': None, 'class': ['ad', 'cat_side2'], 'id': None, 'text': ''}, {'tag': 'div', 'src': None, 'aria_label': None, 'class': ['ad', 'cat_side3'], 'id': None, 'text': ''}]",-8,1,49,0.05223880597014925,20,4,15,1,0,15,127,7,1,22,4,0.0667,0.1732,0.5714,639,newsbook,article_pages
127,34,54,0,15,2,27,14,7209,1014,20,8,"[{'tag': 'div', 'src': None, 'aria_label': None, 'class': ['ad', 'top_push_alt'], 'id': None, 'text': ''}, {'tag': 'div', 'src': None, 'aria_label': None, 'class': ['ad', 'top_push'], 'id': None, 'text': ''}, {'tag': 'div', 'src': None, 'aria_label': None, 'class': ['ad', 'cat_top'], 'id': None, 'text': ''}, {'tag': 'div', 'src': None, 'aria_label': None, 'class': ['ad', 'cat_foot'], 'id': None, 'text': ''}, {'tag': 'div', 'src': None, 'aria_label': None, 'class': ['ad', 'cat_side1'], 'id': None, 'text': ''}, {'tag': 'div', 'src': None, 'aria_label': None, 'class': ['ad', 'allcats_side_btwn_1_2'], 'id': None, 'text': ''}, {'tag': 'div', 'src': None, 'aria_label': None, 'class': ['ad', 'cat_side2'], 'id': None, 'text': ''}, {'tag': 'div', 'src': None, 'aria_label': None, 'class': ['ad', 'cat_side3'], 'id': None, 'text': ''}]",-8,1,49,0.05223880597014925,20,4,15,1,0,15,127,7,1,22,4,0.0667,0.1732,0.5714,640,newsbook,article_pages
127,34,54,0,15,2,27,14,7209,1014,20,8,"[{'tag': 'div', 'src': None, 'aria_label': None, 'class': ['ad', 'top_push_alt'], 'id': None, 'text': ''}, {'tag': 'div', 'src': None, 'aria_label': None, 'class': ['ad', 'top_push'], 'id': None, 'text': ''}, {'tag': 'div', 'src': None, 'aria_label': None, 'class': ['ad', 'cat_top'], 'id': None, 'text': ''}, {'tag': 'div', 'src': None, 'aria_label': None, 'class': ['ad', 'cat_foot'], 'id': None, 'text': ''}, {'tag': 'div', 'src': None, 'aria_label': None, 'class': ['ad', 'cat_side1'], 'id': None, 'text': ''}, {'tag': 'div', 'src': None, 'aria_label': None, 'class': ['ad', 'allcats_side_btwn_1_2'], 'id': None, 'text': ''}, {'tag': 'div', 'src': None, 'aria_label': None, 'class': ['ad', 'cat_side2'], 'id': None, 'text': ''}, {'tag': 'div', 'src': None, 'aria_label': None, 'class': ['ad', 'cat_side3'], 'id': None, 'text': ''}]",-8,1,49,0.05223880597014925,20,4,15,1,0,15,127,7,1,22,4,0.0667,0.1732,0.5714,641,newsbook,article_pages
127,34,54,0,15,2,27,14,7209,1014,20,8,"[{'tag': 'div', 'src': None, 'aria_label': None, 'class': ['ad', 'top_push_alt'], 'id': None, 'text': ''}, {'tag': 'div', 'src': None, 'aria_label': None, 'class': ['ad', 'top_push'], 'id': None, 'text': ''}, {'tag': 'div', 'src': None, 'aria_label': None, 'class': ['ad', 'cat_top'], 'id': None, 'text': ''}, {'tag': 'div', 'src': None, 'aria_label': None, 'class': ['ad', 'cat_foot'], 'id': None, 'text': ''}, {'tag': 'div', 'src': None, 'aria_label': None, 'class': ['ad', 'cat_side1'], 'id': None, 'text': ''}, {'tag': 'div', 'src': None, 'aria_label': None, 'class': ['ad', 'allcats_side_btwn_1_2'], 'id': None, 'text': ''}, {'tag': 'div', 'src': None, 'aria_label': None, 'class': ['ad', 'cat_side2'], 'id': None, 'text': ''}, {'tag': 'div', 'src': None, 'aria_label': None, 'class': ['ad', 'cat_side3'], 'id': None, 'text': ''}]",-8,1,49,0.05223880597014925,20,4,15,1,0,15,127,7,1,22,4,0.0667,0.1732,0.5714,642,newsbook,article_pages
127,34,54,0,15,2,27,14,7209,1014,20,8,"[{'tag': 'div', 'src': None, 'aria_label': None, 'class': ['ad', 'top_push_alt'], 'id': None, 'text': ''}, {'tag': 'div', 'src': None, 'aria_label': None, 'class': ['ad', 'top_push'], 'id': None, 'text': ''}, {'tag': 'div', 'src': None, 'aria_label': None, 'class': ['ad', 'cat_top'], 'id': None, 'text': ''}, {'tag': 'div', 'src': None, 'aria_label': None, 'class': ['ad', 'cat_foot'], 'id': None, 'text': ''}, {'tag': 'div', 'src': None, 'aria_label': None, 'class': ['ad', 'cat_side1'], 'id': None, 'text': ''}, {'tag': 'div', 'src': None, 'aria_label': None, 'class': ['ad', 'allcats_side_btwn_1_2'], 'id': None, 'text': ''}, {'tag': 'div', 'src': None, 'aria_label': None, 'class': ['ad', 'cat_side2'], 'id': None, 'text': ''}, {'tag': 'div', 'src': None, 'aria_label': None, 'class': ['ad', 'cat_side3'], 'id': None, 'text': ''}]",-8,1,49,0.05223880597014925,20,4,15,1,0,15,127,7,1,22,4,0.0667,0.1732,0.5714,643,newsbook,article_pages
127,34,54,0,15,2,27,14,7209,1014,20,8,"[{'tag': 'div', 'src': None, 'aria_label': None, 'class': ['ad', 'top_push_alt'], 'id': None, 'text': ''}, {'tag': 'div', 'src': None, 'aria_label': None, 'class': ['ad', 'top_push'], 'id': None, 'text': ''}, {'tag': 'div', 'src': None, 'aria_label': None, 'class': ['ad', 'cat_top'], 'id': None, 'text': ''}, {'tag': 'div', 'src': None, 'aria_label': None, 'class': ['ad', 'cat_foot'], 'id': None, 'text': ''}, {'tag': 'div', 'src': None, 'aria_label': None, 'class': ['ad', 'cat_side1'], 'id': None, 'text': ''}, {'tag': 'div', 'src': None, 'aria_label': None, 'class': ['ad', 'allcats_side_btwn_1_2'], 'id': None, 'text': ''}, {'tag': 'div', 'src': None, 'aria_label': None, 'class': ['ad', 'cat_side2'], 'id': None, 'text': ''}, {'tag': 'div', 'src': None, 'aria_label': None, 'class': ['ad', 'cat_side3'], 'id': None, 'text': ''}]",-8,1,49,0.05223880597014925,20,4,15,1,0,15,127,7,1,22,4,0.0667,0.1732,0.5714,644,newsbook,article_pages
88,55,67,11,9,6,30,44,7322,1173,16,1,"[{'tag': 'iframe', 'src': 'https://19c7a0b6e74e380fdf5d562fe9e8275f.safeframe.googlesyndication.com/safeframe/1-0-45/html/container.html', 'aria_label': 'Advertisement', 'class': None, 'id': 'google_ads_iframe_/162717810,22769416952/theshiftnews.com/interstitial_0', 'text': ''}]",10,1,26,0.02531645569620253,3,3,4,2,0,9,88,74,4,10,74,0.4444,0.1136,1.0,645,the_shift,home_page
88,55,67,11,9,6,30,44,7322,1173,16,1,"[{'tag': 'iframe', 'src': 'https://19c7a0b6e74e380fdf5d562fe9e8275f.safeframe.googlesyndication.com/safeframe/1-0-45/html/container.html', 'aria_label': 'Advertisement', 'class': None, 'id': 'google_ads_iframe_/162717810,22769416952/theshiftnews.com/interstitial_0', 'text': ''}]",10,1,26,0.02531645569620253,3,3,4,2,0,9,88,74,4,10,74,0.4444,0.1136,1.0,646,the_shift,home_page
88,55,67,11,9,6,30,44,7322,1173,16,1,"[{'tag': 'iframe', 'src': 'https://19c7a0b6e74e380fdf5d562fe9e8275f.safeframe.googlesyndication.com/safeframe/1-0-45/html/container.html', 'aria_label': 'Advertisement', 'class': None, 'id': 'google_ads_iframe_/162717810,22769416952/theshiftnews.com/interstitial_0', 'text': ''}]",10,1,26,0.02531645569620253,3,3,4,2,0,9,88,74,4,10,74,0.4444,0.1136,1.0,647,the_shift,home_page
88,55,67,11,9,6,30,44,7322,1173,16,1,"[{'tag': 'iframe', 'src': 'https://19c7a0b6e74e380fdf5d562fe9e8275f.safeframe.googlesyndication.com/safeframe/1-0-45/html/container.html', 'aria_label': 'Advertisement', 'class': None, 'id': 'google_ads_iframe_/162717810,22769416952/theshiftnews.com/interstitial_0', 'text': ''}]",10,1,26,0.02531645569620253,3,3,4,2,0,9,88,74,4,10,74,0.4444,0.1136,1.0,648,the_shift,home_page
88,55,67,11,9,6,30,44,7322,1173,16,1,"[{'tag': 'iframe', 'src': 'https://19c7a0b6e74e380fdf5d562fe9e8275f.safeframe.googlesyndication.com/safeframe/1-0-45/html/container.html', 'aria_label': 'Advertisement', 'class': None, 'id': 'google_ads_iframe_/162717810,22769416952/theshiftnews.com/interstitial_0', 'text': ''}]",10,1,26,0.02531645569620253,3,3,4,2,0,9,88,74,4,10,74,0.4444,0.1136,1.0,649,the_shift,home_page
88,55,67,11,9,6,30,44,7322,1173,16,1,"[{'tag': 'iframe', 'src': 'https://19c7a0b6e74e380fdf5d562fe9e8275f.safeframe.googlesyndication.com/safeframe/1-0-45/html/container.html', 'aria_label': 'Advertisement', 'class': None, 'id': 'google_ads_iframe_/162717810,22769416952/theshiftnews.com/interstitial_0', 'text': ''}]",10,1,26,0.02531645569620253,3,3,4,2,0,9,88,74,4,10,74,0.4444,0.1136,1.0,650,the_shift,home_page
88,55,67,11,9,6,30,44,7322,1173,16,1,"[{'tag': 'iframe', 'src': 'https://19c7a0b6e74e380fdf5d562fe9e8275f.safeframe.googlesyndication.com/safeframe/1-0-45/html/container.html', 'aria_label': 'Advertisement', 'class': None, 'id': 'google_ads_iframe_/162717810,22769416952/theshiftnews.com/interstitial_0', 'text': ''}]",10,1,26,0.02531645569620253,3,3,4,2,0,9,88,74,4,10,74,0.4444,0.1136,1.0,651,the_shift,home_page
88,55,67,11,9,6,30,44,7322,1173,16,1,"[{'tag': 'iframe', 'src': 'https://19c7a0b6e74e380fdf5d562fe9e8275f.safeframe.googlesyndication.com/safeframe/1-0-45/html/container.html', 'aria_label': 'Advertisement', 'class': None, 'id': 'google_ads_iframe_/162717810,22769416952/theshiftnews.com/interstitial_0', 'text': ''}]",10,1,26,0.02531645569620253,3,3,4,2,0,9,88,74,4,10,74,0.4444,0.1136,1.0,652,the_shift,home_page
88,55,67,11,9,6,30,44,7322,1173,16,1,"[{'tag': 'iframe', 'src': 'https://19c7a0b6e74e380fdf5d562fe9e8275f.safeframe.googlesyndication.com/safeframe/1-0-45/html/container.html', 'aria_label': 'Advertisement', 'class': None, 'id': 'google_ads_iframe_/162717810,22769416952/theshiftnews.com/interstitial_0', 'text': ''}]",10,1,26,0.02531645569620253,3,3,4,2,0,9,88,74,4,10,74,0.4444,0.1136,1.0,653,the_shift,home_page
88,55,67,11,9,6,30,44,7322,1173,16,1,"[{'tag': 'iframe', 'src': 'https://19c7a0b6e74e380fdf5d562fe9e8275f.safeframe.googlesyndication.com/safeframe/1-0-45/html/container.html', 'aria_label': 'Advertisement', 'class': None, 'id': 'google_ads_iframe_/162717810,22769416952/theshiftnews.com/interstitial_0', 'text': ''}]",10,1,26,0.02531645569620253,3,3,4,2,0,9,88,74,4,10,74,0.4444,0.1136,1.0,654,the_shift,home_page
88,55,67,11,9,6,30,44,7322,1173,16,1,"[{'tag': 'iframe', 'src': 'https://19c7a0b6e74e380fdf5d562fe9e8275f.safeframe.googlesyndication.com/safeframe/1-0-45/html/container.html', 'aria_label': 'Advertisement', 'class': None, 'id': 'google_ads_iframe_/162717810,22769416952/theshiftnews.com/interstitial_0', 'text': ''}]",10,1,26,0.02531645569620253,3,3,4,2,0,9,88,74,4,10,74,0.4444,0.1136,1.0,655,the_shift,home_page
88,55,67,11,9,6,30,44,7322,1173,16,1,"[{'tag': 'iframe', 'src': 'https://19c7a0b6e74e380fdf5d562fe9e8275f.safeframe.googlesyndication.com/safeframe/1-0-45/html/container.html', 'aria_label': 'Advertisement', 'class': None, 'id': 'google_ads_iframe_/162717810,22769416952/theshiftnews.com/interstitial_0', 'text': ''}]",10,1,26,0.02531645569620253,3,3,4,2,0,9,88,74,4,10,74,0.4444,0.1136,1.0,656,the_shift,home_page
88,55,67,11,9,6,30,44,7322,1173,16,1,"[{'tag': 'iframe', 'src': 'https://19c7a0b6e74e380fdf5d562fe9e8275f.safeframe.googlesyndication.com/safeframe/1-0-45/html/container.html', 'aria_label': 'Advertisement', 'class': None, 'id': 'google_ads_iframe_/162717810,22769416952/theshiftnews.com/interstitial_0', 'text': ''}]",10,1,26,0.02531645569620253,3,3,4,2,0,9,88,74,4,10,74,0.4444,0.1136,1.0,657,the_shift,home_page
88,55,67,11,9,6,30,44,7322,1173,16,1,"[{'tag': 'iframe', 'src': 'https://19c7a0b6e74e380fdf5d562fe9e8275f.safeframe.googlesyndication.com/safeframe/1-0-45/html/container.html', 'aria_label': 'Advertisement', 'class': None, 'id': 'google_ads_iframe_/162717810,22769416952/theshiftnews.com/interstitial_0', 'text': ''}]",10,1,26,0.02531645569620253,3,3,4,2,0,9,88,74,4,10,74,0.4444,0.1136,1.0,658,the_shift,home_page
88,55,67,11,9,6,30,44,7322,1173,16,1,"[{'tag': 'iframe', 'src': 'https://19c7a0b6e74e380fdf5d562fe9e8275f.safeframe.googlesyndication.com/safeframe/1-0-45/html/container.html', 'aria_label': 'Advertisement', 'class': None, 'id': 'google_ads_iframe_/162717810,22769416952/theshiftnews.com/interstitial_0', 'text': ''}]",10,1,26,0.02531645569620253,3,3,4,2,0,9,88,74,4,10,74,0.4444,0.1136,1.0,659,the_shift,home_page
88,55,67,11,9,6,30,44,7322,1173,16,1,"[{'tag': 'iframe', 'src': 'https://19c7a0b6e74e380fdf5d562fe9e8275f.safeframe.googlesyndication.com/safeframe/1-0-45/html/container.html', 'aria_label': 'Advertisement', 'class': None, 'id': 'google_ads_iframe_/162717810,22769416952/theshiftnews.com/interstitial_0', 'text': ''}]",10,1,26,0.02531645569620253,3,3,4,2,0,9,88,74,4,10,74,0.4444,0.1136,1.0,660,the_shift,home_page
88,55,67,11,9,6,30,44,7322,1173,16,1,"[{'tag': 'iframe', 'src': 'https://19c7a0b6e74e380fdf5d562fe9e8275f.safeframe.googlesyndication.com/safeframe/1-0-45/html/container.html', 'aria_label': 'Advertisement', 'class': None, 'id': 'google_ads_iframe_/162717810,22769416952/theshiftnews.com/interstitial_0', 'text': ''}]",10,1,26,0.02531645569620253,3,3,4,2,0,9,88,74,4,10,74,0.4444,0.1136,1.0,661,the_shift,home_page
88,55,67,11,9,6,30,44,7322,1173,16,1,"[{'tag': 'iframe', 'src': 'https://19c7a0b6e74e380fdf5d562fe9e8275f.safeframe.googlesyndication.com/safeframe/1-0-45/html/container.html', 'aria_label': 'Advertisement', 'class': None, 'id': 'google_ads_iframe_/162717810,22769416952/theshiftnews.com/interstitial_0', 'text': ''}]",10,1,26,0.02531645569620253,3,3,4,2,0,9,88,74,4,10,74,0.4444,0.1136,1.0,662,the_shift,home_page
88,55,67,11,9,6,30,44,7322,1173,16,1,"[{'tag': 'iframe', 'src': 'https://19c7a0b6e74e380fdf5d562fe9e8275f.safeframe.googlesyndication.com/safeframe/1-0-45/html/container.html', 'aria_label': 'Advertisement', 'class': None, 'id': 'google_ads_iframe_/162717810,22769416952/theshiftnews.com/interstitial_0', 'text': ''}]",10,1,26,0.02531645569620253,3,3,4,2,0,9,88,74,4,10,74,0.4444,0.1136,1.0,663,the_shift,home_page
88,55,67,11,9,6,30,44,7322,1173,16,1,"[{'tag': 'iframe', 'src': 'https://19c7a0b6e74e380fdf5d562fe9e8275f.safeframe.googlesyndication.com/safeframe/1-0-45/html/container.html', 'aria_label': 'Advertisement', 'class': None, 'id': 'google_ads_iframe_/162717810,22769416952/theshiftnews.com/interstitial_0', 'text': ''}]",10,1,26,0.02531645569620253,3,3,4,2,0,9,88,74,4,10,74,0.4444,0.1136,1.0,664,the_shift,home_page
88,55,67,11,9,6,30,44,7322,1173,16,1,"[{'tag': 'iframe', 'src': 'https://19c7a0b6e74e380fdf5d562fe9e8275f.safeframe.googlesyndication.com/safeframe/1-0-45/html/container.html', 'aria_label': 'Advertisement', 'class': None, 'id': 'google_ads_iframe_/162717810,22769416952/theshiftnews.com/interstitial_0', 'text': ''}]",10,1,26,0.02531645569620253,3,3,4,2,0,9,88,74,4,10,74,0.4444,0.1136,1.0,665,the_shift,home_page
88,55,67,11,9,6,30,44,7322,1173,16,1,"[{'tag': 'iframe', 'src': 'https://19c7a0b6e74e380fdf5d562fe9e8275f.safeframe.googlesyndication.com/safeframe/1-0-45/html/container.html', 'aria_label': 'Advertisement', 'class': None, 'id': 'google_ads_iframe_/162717810,22769416952/theshiftnews.com/interstitial_0', 'text': ''}]",10,1,26,0.02531645569620253,3,3,4,2,0,9,88,74,4,10,74,0.4444,0.1136,1.0,666,the_shift,home_page
181,62,36,10,1,2,33,34,6297,1014,14,2,"[{'tag': 'iframe', 'src': None, 'aria_label': 'Advertisement', 'class': None, 'id': 'google_ads_iframe_/162717810,22769416952/theshiftnews.com/header_0', 'text': ''}, {'tag': 'iframe', 'src': 'https://63e0f9fa73f9f7c634af9152bbd562a7.safeframe.googlesyndication.com/safeframe/1-0-45/html/container.html', 'aria_label': 'Advertisement', 'class': None, 'id': 'google_ads_iframe_/162717810,22769416952/theshiftnews.com/interstitial_0', 'text': ''}]",8,1,11,0.014120667522464698,6,0,3,0,0,1,181,2,1,31,2,1.0,0.1713,1.0,667,the_shift,news_listing
181,62,36,10,1,2,33,34,6297,1014,14,2,"[{'tag': 'iframe', 'src': None, 'aria_label': 'Advertisement', 'class': None, 'id': 'google_ads_iframe_/162717810,22769416952/theshiftnews.com/header_0', 'text': ''}, {'tag': 'iframe', 'src': 'https://63e0f9fa73f9f7c634af9152bbd562a7.safeframe.googlesyndication.com/safeframe/1-0-45/html/container.html', 'aria_label': 'Advertisement', 'class': None, 'id': 'google_ads_iframe_/162717810,22769416952/theshiftnews.com/interstitial_0', 'text': ''}]",8,1,11,0.014120667522464698,6,0,3,0,0,1,181,2,1,31,2,1.0,0.1713,1.0,668,the_shift,news_listing
181,62,36,10,1,2,33,34,6297,1014,14,2,"[{'tag': 'iframe', 'src': None, 'aria_label': 'Advertisement', 'class': None, 'id': 'google_ads_iframe_/162717810,22769416952/theshiftnews.com/header_0', 'text': ''}, {'tag': 'iframe', 'src': 'https://63e0f9fa73f9f7c634af9152bbd562a7.safeframe.googlesyndication.com/safeframe/1-0-45/html/container.html', 'aria_label': 'Advertisement', 'class': None, 'id': 'google_ads_iframe_/162717810,22769416952/theshiftnews.com/interstitial_0', 'text': ''}]",8,1,11,0.014120667522464698,6,0,3,0,0,1,181,2,1,31,2,1.0,0.1713,1.0,669,the_shift,news_listing
181,62,36,10,1,2,33,34,6297,1014,14,2,"[{'tag': 'iframe', 'src': None, 'aria_label': 'Advertisement', 'class': None, 'id': 'google_ads_iframe_/162717810,22769416952/theshiftnews.com/header_0', 'text': ''}, {'tag': 'iframe', 'src': 'https://63e0f9fa73f9f7c634af9152bbd562a7.safeframe.googlesyndication.com/safeframe/1-0-45/html/container.html', 'aria_label': 'Advertisement', 'class': None, 'id': 'google_ads_iframe_/162717810,22769416952/theshiftnews.com/interstitial_0', 'text': ''}]",8,1,11,0.014120667522464698,6,0,3,0,0,1,181,2,1,31,2,1.0,0.1713,1.0,670,the_shift,news_listing
181,62,36,10,1,2,33,34,6297,1014,14,2,"[{'tag': 'iframe', 'src': None, 'aria_label': 'Advertisement', 'class': None, 'id': 'google_ads_iframe_/162717810,22769416952/theshiftnews.com/header_0', 'text': ''}, {'tag': 'iframe', 'src': 'https://63e0f9fa73f9f7c634af9152bbd562a7.safeframe.googlesyndication.com/safeframe/1-0-45/html/container.html', 'aria_label': 'Advertisement', 'class': None, 'id': 'google_ads_iframe_/162717810,22769416952/theshiftnews.com/interstitial_0', 'text': ''}]",8,1,11,0.014120667522464698,6,0,3,0,0,1,181,2,1,31,2,1.0,0.1713,1.0,671,the_shift,news_listing
181,62,36,10,1,2,33,34,6297,1014,14,2,"[{'tag': 'iframe', 'src': None, 'aria_label': 'Advertisement', 'class': None, 'id': 'google_ads_iframe_/162717810,22769416952/theshiftnews.com/header_0', 'text': ''}, {'tag': 'iframe', 'src': 'https://63e0f9fa73f9f7c634af9152bbd562a7.safeframe.googlesyndication.com/safeframe/1-0-45/html/container.html', 'aria_label': 'Advertisement', 'class': None, 'id': 'google_ads_iframe_/162717810,22769416952/theshiftnews.com/interstitial_0', 'text': ''}]",8,1,11,0.014120667522464698,6,0,3,0,0,1,181,2,1,31,2,1.0,0.1713,1.0,672,the_shift,news_listing
181,62,36,10,1,2,33,34,6297,1014,14,2,"[{'tag': 'iframe', 'src': None, 'aria_label': 'Advertisement', 'class': None, 'id': 'google_ads_iframe_/162717810,22769416952/theshiftnews.com/header_0', 'text': ''}, {'tag': 'iframe', 'src': 'https://63e0f9fa73f9f7c634af9152bbd562a7.safeframe.googlesyndication.com/safeframe/1-0-45/html/container.html', 'aria_label': 'Advertisement', 'class': None, 'id': 'google_ads_iframe_/162717810,22769416952/theshiftnews.com/interstitial_0', 'text': ''}]",8,1,11,0.014120667522464698,6,0,3,0,0,1,181,2,1,31,2,1.0,0.1713,1.0,673,the_shift,news_listing
181,62,36,10,1,2,33,34,6297,1014,14,2,"[{'tag': 'iframe', 'src': None, 'aria_label': 'Advertisement', 'class': None, 'id': 'google_ads_iframe_/162717810,22769416952/theshiftnews.com/header_0', 'text': ''}, {'tag': 'iframe', 'src': 'https://63e0f9fa73f9f7c634af9152bbd562a7.safeframe.googlesyndication.com/safeframe/1-0-45/html/container.html', 'aria_label': 'Advertisement', 'class': None, 'id': 'google_ads_iframe_/162717810,22769416952/theshiftnews.com/interstitial_0', 'text': ''}]",8,1,11,0.014120667522464698,6,0,3,0,0,1,181,2,1,31,2,1.0,0.1713,1.0,674,the_shift,news_listing
195,63,36,10,1,2,33,34,6411,1004,14,2,"[{'tag': 'iframe', 'src': 'https://7d33063009b60dc492c64acc7c11aa6d.safeframe.googlesyndication.com/safeframe/1-0-45/html/container.html', 'aria_label': 'Advertisement', 'class': None, 'id': 'google_ads_iframe_/162717810,22769416952/theshiftnews.com/header_0', 'text': ''}, {'tag': 'iframe', 'src': 'https://7d33063009b60dc492c64acc7c11aa6d.safeframe.googlesyndication.com/safeframe/1-0-45/html/container.html', 'aria_label': 'Advertisement', 'class': None, 'id': 'google_ads_iframe_/162717810,22769416952/theshiftnews.com/interstitial_0', 'text': ''}]",8,1,11,0.013784461152882205,6,0,3,0,0,1,195,2,1,31,2,1.0,0.159,1.0,675,the_shift,news_listing
195,63,36,10,1,2,33,34,6411,1004,14,2,"[{'tag': 'iframe', 'src': 'https://7d33063009b60dc492c64acc7c11aa6d.safeframe.googlesyndication.com/safeframe/1-0-45/html/container.html', 'aria_label': 'Advertisement', 'class': None, 'id': 'google_ads_iframe_/162717810,22769416952/theshiftnews.com/header_0', 'text': ''}, {'tag': 'iframe', 'src': 'https://7d33063009b60dc492c64acc7c11aa6d.safeframe.googlesyndication.com/safeframe/1-0-45/html/container.html', 'aria_label': 'Advertisement', 'class': None, 'id': 'google_ads_iframe_/162717810,22769416952/theshiftnews.com/interstitial_0', 'text': ''}]",8,1,11,0.013784461152882205,6,0,3,0,0,1,195,2,1,31,2,1.0,0.159,1.0,676,the_shift,news_listing
195,63,36,10,1,2,33,34,6411,1004,14,2,"[{'tag': 'iframe', 'src': 'https://7d33063009b60dc492c64acc7c11aa6d.safeframe.googlesyndication.com/safeframe/1-0-45/html/container.html', 'aria_label': 'Advertisement', 'class': None, 'id': 'google_ads_iframe_/162717810,22769416952/theshiftnews.com/header_0', 'text': ''}, {'tag': 'iframe', 'src': 'https://7d33063009b60dc492c64acc7c11aa6d.safeframe.googlesyndication.com/safeframe/1-0-45/html/container.html', 'aria_label': 'Advertisement', 'class': None, 'id': 'google_ads_iframe_/162717810,22769416952/theshiftnews.com/interstitial_0', 'text': ''}]",8,1,11,0.013784461152882205,6,0,3,0,0,1,195,2,1,31,2,1.0,0.159,1.0,677,the_shift,news_listing
195,63,36,10,1,2,33,34,6411,1004,14,2,"[{'tag': 'iframe', 'src': 'https://7d33063009b60dc492c64acc7c11aa6d.safeframe.googlesyndication.com/safeframe/1-0-45/html/container.html', 'aria_label': 'Advertisement', 'class': None, 'id': 'google_ads_iframe_/162717810,22769416952/theshiftnews.com/header_0', 'text': ''}, {'tag': 'iframe', 'src': 'https://7d33063009b60dc492c64acc7c11aa6d.safeframe.googlesyndication.com/safeframe/1-0-45/html/container.html', 'aria_label': 'Advertisement', 'class': None, 'id': 'google_ads_iframe_/162717810,22769416952/theshiftnews.com/interstitial_0', 'text': ''}]",8,1,11,0.013784461152882205,6,0,3,0,0,1,195,2,1,31,2,1.0,0.159,1.0,678,the_shift,news_listing
195,63,36,10,1,2,33,34,6411,1004,14,2,"[{'tag': 'iframe', 'src': 'https://7d33063009b60dc492c64acc7c11aa6d.safeframe.googlesyndication.com/safeframe/1-0-45/html/container.html', 'aria_label': 'Advertisement', 'class': None, 'id': 'google_ads_iframe_/162717810,22769416952/theshiftnews.com/header_0', 'text': ''}, {'tag': 'iframe', 'src': 'https://7d33063009b60dc492c64acc7c11aa6d.safeframe.googlesyndication.com/safeframe/1-0-45/html/container.html', 'aria_label': 'Advertisement', 'class': None, 'id': 'google_ads_iframe_/162717810,22769416952/theshiftnews.com/interstitial_0', 'text': ''}]",8,1,11,0.013784461152882205,6,0,3,0,0,1,195,2,1,31,2,1.0,0.159,1.0,679,the_shift,news_listing
195,63,36,10,1,2,33,34,6411,1004,14,2,"[{'tag': 'iframe', 'src': 'https://7d33063009b60dc492c64acc7c11aa6d.safeframe.googlesyndication.com/safeframe/1-0-45/html/container.html', 'aria_label': 'Advertisement', 'class': None, 'id': 'google_ads_iframe_/162717810,22769416952/theshiftnews.com/header_0', 'text': ''}, {'tag': 'iframe', 'src': 'https://7d33063009b60dc492c64acc7c11aa6d.safeframe.googlesyndication.com/safeframe/1-0-45/html/container.html', 'aria_label': 'Advertisement', 'class': None, 'id': 'google_ads_iframe_/162717810,22769416952/theshiftnews.com/interstitial_0', 'text': ''}]",8,1,11,0.013784461152882205,6,0,3,0,0,1,195,2,1,31,2,1.0,0.159,1.0,680,the_shift,news_listing
195,63,36,10,1,2,33,34,6411,1004,14,2,"[{'tag': 'iframe', 'src': 'https://7d33063009b60dc492c64acc7c11aa6d.safeframe.googlesyndication.com/safeframe/1-0-45/html/container.html', 'aria_label': 'Advertisement', 'class': None, 'id': 'google_ads_iframe_/162717810,22769416952/theshiftnews.com/header_0', 'text': ''}, {'tag': 'iframe', 'src': 'https://7d33063009b60dc492c64acc7c11aa6d.safeframe.googlesyndication.com/safeframe/1-0-45/html/container.html', 'aria_label': 'Advertisement', 'class': None, 'id': 'google_ads_iframe_/162717810,22769416952/theshiftnews.com/interstitial_0', 'text': ''}]",8,1,11,0.013784461152882205,6,0,3,0,0,1,195,2,1,31,2,1.0,0.159,1.0,681,the_shift,news_listing
200,63,36,10,1,2,33,34,6612,1029,14,2,"[{'tag': 'iframe', 'src': None, 'aria_label': 'Advertisement', 'class': None, 'id': 'google_ads_iframe_/162717810,22769416952/theshiftnews.com/header_0', 'text': ''}, {'tag': 'iframe', 'src': 'https://c60b0bb264f76d9fbc25c63506fccef8.safeframe.googlesyndication.com/safeframe/1-0-45/html/container.html', 'aria_label': 'Advertisement', 'class': None, 'id': 'google_ads_iframe_/162717810,22769416952/theshiftnews.com/interstitial_0', 'text': ''}]",8,1,11,0.013681592039800995,6,0,3,0,0,1,200,2,1,31,2,1.0,0.155,1.0,682,the_shift,news_listing
200,63,36,10,1,2,33,34,6612,1029,14,2,"[{'tag': 'iframe', 'src': None, 'aria_label': 'Advertisement', 'class': None, 'id': 'google_ads_iframe_/162717810,22769416952/theshiftnews.com/header_0', 'text': ''}, {'tag': 'iframe', 'src': 'https://c60b0bb264f76d9fbc25c63506fccef8.safeframe.googlesyndication.com/safeframe/1-0-45/html/container.html', 'aria_label': 'Advertisement', 'class': None, 'id': 'google_ads_iframe_/162717810,22769416952/theshiftnews.com/interstitial_0', 'text': ''}]",8,1,11,0.013681592039800995,6,0,3,0,0,1,200,2,1,31,2,1.0,0.155,1.0,683,the_shift,news_listing
200,63,36,10,1,2,33,34,6612,1029,14,2,"[{'tag': 'iframe', 'src': None, 'aria_label': 'Advertisement', 'class': None, 'id': 'google_ads_iframe_/162717810,22769416952/theshiftnews.com/header_0', 'text': ''}, {'tag': 'iframe', 'src': 'https://c60b0bb264f76d9fbc25c63506fccef8.safeframe.googlesyndication.com/safeframe/1-0-45/html/container.html', 'aria_label': 'Advertisement', 'class': None, 'id': 'google_ads_iframe_/162717810,22769416952/theshiftnews.com/interstitial_0', 'text': ''}]",8,1,11,0.013681592039800995,6,0,3,0,0,1,200,2,1,31,2,1.0,0.155,1.0,684,the_shift,news_listing
200,63,36,10,1,2,33,34,6612,1029,14,2,"[{'tag': 'iframe', 'src': None, 'aria_label': 'Advertisement', 'class': None, 'id': 'google_ads_iframe_/162717810,22769416952/theshiftnews.com/header_0', 'text': ''}, {'tag': 'iframe', 'src': 'https://c60b0bb264f76d9fbc25c63506fccef8.safeframe.googlesyndication.com/safeframe/1-0-45/html/container.html', 'aria_label': 'Advertisement', 'class': None, 'id': 'google_ads_iframe_/162717810,22769416952/theshiftnews.com/interstitial_0', 'text': ''}]",8,1,11,0.013681592039800995,6,0,3,0,0,1,200,2,1,31,2,1.0,0.155,1.0,685,the_shift,news_listing
200,63,36,10,1,2,33,34,6612,1029,14,2,"[{'tag': 'iframe', 'src': None, 'aria_label': 'Advertisement', 'class': None, 'id': 'google_ads_iframe_/162717810,22769416952/theshiftnews.com/header_0', 'text': ''}, {'tag': 'iframe', 'src': 'https://c60b0bb264f76d9fbc25c63506fccef8.safeframe.googlesyndication.com/safeframe/1-0-45/html/container.html', 'aria_label': 'Advertisement', 'class': None, 'id': 'google_ads_iframe_/162717810,22769416952/theshiftnews.com/interstitial_0', 'text': ''}]",8,1,11,0.013681592039800995,6,0,3,0,0,1,200,2,1,31,2,1.0,0.155,1.0,686,the_shift,news_listing
200,63,36,10,1,2,33,34,6612,1029,14,2,"[{'tag': 'iframe', 'src': None, 'aria_label': 'Advertisement', 'class': None, 'id': 'google_ads_iframe_/162717810,22769416952/theshiftnews.com/header_0', 'text': ''}, {'tag': 'iframe', 'src': 'https://c60b0bb264f76d9fbc25c63506fccef8.safeframe.googlesyndication.com/safeframe/1-0-45/html/container.html', 'aria_label': 'Advertisement', 'class': None, 'id': 'google_ads_iframe_/162717810,22769416952/theshiftnews.com/interstitial_0', 'text': ''}]",8,1,11,0.013681592039800995,6,0,3,0,0,1,200,2,1,31,2,1.0,0.155,1.0,687,the_shift,news_listing
200,63,36,10,1,2,33,34,6612,1029,14,2,"[{'tag': 'iframe', 'src': None, 'aria_label': 'Advertisement', 'class': None, 'id': 'google_ads_iframe_/162717810,22769416952/theshiftnews.com/header_0', 'text': ''}, {'tag': 'iframe', 'src': 'https://c60b0bb264f76d9fbc25c63506fccef8.safeframe.googlesyndication.com/safeframe/1-0-45/html/container.html', 'aria_label': 'Advertisement', 'class': None, 'id': 'google_ads_iframe_/162717810,22769416952/theshiftnews.com/interstitial_0', 'text': ''}]",8,1,11,0.013681592039800995,6,0,3,0,0,1,200,2,1,31,2,1.0,0.155,1.0,688,the_shift,news_listing
195,63,36,10,1,2,33,34,6680,1058,14,2,"[{'tag': 'iframe', 'src': None, 'aria_label': 'Advertisement', 'class': None, 'id': 'google_ads_iframe_/162717810,22769416952/theshiftnews.com/header_0', 'text': ''}, {'tag': 'iframe', 'src': 'https://697d6842372581c3e82ef01a8684337c.safeframe.googlesyndication.com/safeframe/1-0-45/html/container.html', 'aria_label': 'Advertisement', 'class': None, 'id': 'google_ads_iframe_/162717810,22769416952/theshiftnews.com/interstitial_0', 'text': ''}]",8,1,11,0.01375,6,0,3,0,0,1,195,2,1,31,2,1.0,0.159,1.0,689,the_shift,news_listing
195,63,36,10,1,2,33,34,6680,1058,14,2,"[{'tag': 'iframe', 'src': None, 'aria_label': 'Advertisement', 'class': None, 'id': 'google_ads_iframe_/162717810,22769416952/theshiftnews.com/header_0', 'text': ''}, {'tag': 'iframe', 'src': 'https://697d6842372581c3e82ef01a8684337c.safeframe.googlesyndication.com/safeframe/1-0-45/html/container.html', 'aria_label': 'Advertisement', 'class': None, 'id': 'google_ads_iframe_/162717810,22769416952/theshiftnews.com/interstitial_0', 'text': ''}]",8,1,11,0.01375,6,0,3,0,0,1,195,2,1,31,2,1.0,0.159,1.0,690,the_shift,news_listing
195,63,36,10,1,2,33,34,6680,1058,14,2,"[{'tag': 'iframe', 'src': None, 'aria_label': 'Advertisement', 'class': None, 'id': 'google_ads_iframe_/162717810,22769416952/theshiftnews.com/header_0', 'text': ''}, {'tag': 'iframe', 'src': 'https://697d6842372581c3e82ef01a8684337c.safeframe.googlesyndication.com/safeframe/1-0-45/html/container.html', 'aria_label': 'Advertisement', 'class': None, 'id': 'google_ads_iframe_/162717810,22769416952/theshiftnews.com/interstitial_0', 'text': ''}]",8,1,11,0.01375,6,0,3,0,0,1,195,2,1,31,2,1.0,0.159,1.0,691,the_shift,news_listing
195,63,36,10,1,2,33,34,6680,1058,14,2,"[{'tag': 'iframe', 'src': None, 'aria_label': 'Advertisement', 'class': None, 'id': 'google_ads_iframe_/162717810,22769416952/theshiftnews.com/header_0', 'text': ''}, {'tag': 'iframe', 'src': 'https://697d6842372581c3e82ef01a8684337c.safeframe.googlesyndication.com/safeframe/1-0-45/html/container.html', 'aria_label': 'Advertisement', 'class': None, 'id': 'google_ads_iframe_/162717810,22769416952/theshiftnews.com/interstitial_0', 'text': ''}]",8,1,11,0.01375,6,0,3,0,0,1,195,2,1,31,2,1.0,0.159,1.0,692,the_shift,news_listing
195,63,36,10,1,2,33,34,6680,1058,14,2,"[{'tag': 'iframe', 'src': None, 'aria_label': 'Advertisement', 'class': None, 'id': 'google_ads_iframe_/162717810,22769416952/theshiftnews.com/header_0', 'text': ''}, {'tag': 'iframe', 'src': 'https://697d6842372581c3e82ef01a8684337c.safeframe.googlesyndication.com/safeframe/1-0-45/html/container.html', 'aria_label': 'Advertisement', 'class': None, 'id': 'google_ads_iframe_/162717810,22769416952/theshiftnews.com/interstitial_0', 'text': ''}]",8,1,11,0.01375,6,0,3,0,0,1,195,2,1,31,2,1.0,0.159,1.0,693,the_shift,news_listing
195,63,36,10,1,2,33,34,6680,1058,14,2,"[{'tag': 'iframe', 'src': None, 'aria_label': 'Advertisement', 'class': None, 'id': 'google_ads_iframe_/162717810,22769416952/theshiftnews.com/header_0', 'text': ''}, {'tag': 'iframe', 'src': 'https://697d6842372581c3e82ef01a8684337c.safeframe.googlesyndication.com/safeframe/1-0-45/html/container.html', 'aria_label': 'Advertisement', 'class': None, 'id': 'google_ads_iframe_/162717810,22769416952/theshiftnews.com/interstitial_0', 'text': ''}]",8,1,11,0.01375,6,0,3,0,0,1,195,2,1,31,2,1.0,0.159,1.0,694,the_shift,news_listing
195,63,36,10,1,2,33,34,6680,1058,14,2,"[{'tag': 'iframe', 'src': None, 'aria_label': 'Advertisement', 'class': None, 'id': 'google_ads_iframe_/162717810,22769416952/theshiftnews.com/header_0', 'text': ''}, {'tag': 'iframe', 'src': 'https://697d6842372581c3e82ef01a8684337c.safeframe.googlesyndication.com/safeframe/1-0-45/html/container.html', 'aria_label': 'Advertisement', 'class': None, 'id': 'google_ads_iframe_/162717810,22769416952/theshiftnews.com/interstitial_0', 'text': ''}]",8,1,11,0.01375,6,0,3,0,0,1,195,2,1,31,2,1.0,0.159,1.0,695,the_shift,news_listing
195,63,36,10,1,2,33,34,6680,1058,14,2,"[{'tag': 'iframe', 'src': None, 'aria_label': 'Advertisement', 'class': None, 'id': 'google_ads_iframe_/162717810,22769416952/theshiftnews.com/header_0', 'text': ''}, {'tag': 'iframe', 'src': 'https://697d6842372581c3e82ef01a8684337c.safeframe.googlesyndication.com/safeframe/1-0-45/html/container.html', 'aria_label': 'Advertisement', 'class': None, 'id': 'google_ads_iframe_/162717810,22769416952/theshiftnews.com/interstitial_0', 'text': ''}]",8,1,11,0.01375,6,0,3,0,0,1,195,2,1,31,2,1.0,0.159,1.0,696,the_shift,news_listing
185,63,33,7,1,2,33,34,6503,1035,14,2,"[{'tag': 'iframe', 'src': 'https://7176179830d0ee3cb49abe4c11cd383f.safeframe.googlesyndication.com/safeframe/1-0-45/html/container.html', 'aria_label': 'Advertisement', 'class': None, 'id': 'google_ads_iframe_/162717810,22769416952/theshiftnews.com/header_0', 'text': ''}, {'tag': 'iframe', 'src': 'https://7176179830d0ee3cb49abe4c11cd383f.safeframe.googlesyndication.com/safeframe/1-0-45/html/container.html', 'aria_label': 'Advertisement', 'class': None, 'id': 'google_ads_iframe_/162717810,22769416952/theshiftnews.com/interstitial_0', 'text': ''}]",5,1,11,0.014012738853503185,6,0,3,0,0,1,185,2,1,31,2,1.0,0.1676,1.0,697,the_shift,news_listing
185,63,33,7,1,2,33,34,6503,1035,14,2,"[{'tag': 'iframe', 'src': 'https://7176179830d0ee3cb49abe4c11cd383f.safeframe.googlesyndication.com/safeframe/1-0-45/html/container.html', 'aria_label': 'Advertisement', 'class': None, 'id': 'google_ads_iframe_/162717810,22769416952/theshiftnews.com/header_0', 'text': ''}, {'tag': 'iframe', 'src': 'https://7176179830d0ee3cb49abe4c11cd383f.safeframe.googlesyndication.com/safeframe/1-0-45/html/container.html', 'aria_label': 'Advertisement', 'class': None, 'id': 'google_ads_iframe_/162717810,22769416952/theshiftnews.com/interstitial_0', 'text': ''}]",5,1,11,0.014012738853503185,6,0,3,0,0,1,185,2,1,31,2,1.0,0.1676,1.0,698,the_shift,news_listing
185,63,33,7,1,2,33,34,6503,1035,14,2,"[{'tag': 'iframe', 'src': 'https://7176179830d0ee3cb49abe4c11cd383f.safeframe.googlesyndication.com/safeframe/1-0-45/html/container.html', 'aria_label': 'Advertisement', 'class': None, 'id': 'google_ads_iframe_/162717810,22769416952/theshiftnews.com/header_0', 'text': ''}, {'tag': 'iframe', 'src': 'https://7176179830d0ee3cb49abe4c11cd383f.safeframe.googlesyndication.com/safeframe/1-0-45/html/container.html', 'aria_label': 'Advertisement', 'class': None, 'id': 'google_ads_iframe_/162717810,22769416952/theshiftnews.com/interstitial_0', 'text': ''}]",5,1,11,0.014012738853503185,6,0,3,0,0,1,185,2,1,31,2,1.0,0.1676,1.0,699,the_shift,news_listing
185,63,33,7,1,2,33,34,6503,1035,14,2,"[{'tag': 'iframe', 'src': 'https://7176179830d0ee3cb49abe4c11cd383f.safeframe.googlesyndication.com/safeframe/1-0-45/html/container.html', 'aria_label': 'Advertisement', 'class': None, 'id': 'google_ads_iframe_/162717810,22769416952/theshiftnews.com/header_0', 'text': ''}, {'tag': 'iframe', 'src': 'https://7176179830d0ee3cb49abe4c11cd383f.safeframe.googlesyndication.com/safeframe/1-0-45/html/container.html', 'aria_label': 'Advertisement', 'class': None, 'id': 'google_ads_iframe_/162717810,22769416952/theshiftnews.com/interstitial_0', 'text': ''}]",5,1,11,0.014012738853503185,6,0,3,0,0,1,185,2,1,31,2,1.0,0.1676,1.0,700,the_shift,news_listing
185,63,33,7,1,2,33,34,6503,1035,14,2,"[{'tag': 'iframe', 'src': 'https://7176179830d0ee3cb49abe4c11cd383f.safeframe.googlesyndication.com/safeframe/1-0-45/html/container.html', 'aria_label': 'Advertisement', 'class': None, 'id': 'google_ads_iframe_/162717810,22769416952/theshiftnews.com/header_0', 'text': ''}, {'tag': 'iframe', 'src': 'https://7176179830d0ee3cb49abe4c11cd383f.safeframe.googlesyndication.com/safeframe/1-0-45/html/container.html', 'aria_label': 'Advertisement', 'class': None, 'id': 'google_ads_iframe_/162717810,22769416952/theshiftnews.com/interstitial_0', 'text': ''}]",5,1,11,0.014012738853503185,6,0,3,0,0,1,185,2,1,31,2,1.0,0.1676,1.0,701,the_shift,news_listing
185,63,33,7,1,2,33,34,6503,1035,14,2,"[{'tag': 'iframe', 'src': 'https://7176179830d0ee3cb49abe4c11cd383f.safeframe.googlesyndication.com/safeframe/1-0-45/html/container.html', 'aria_label': 'Advertisement', 'class': None, 'id': 'google_ads_iframe_/162717810,22769416952/theshiftnews.com/header_0', 'text': ''}, {'tag': 'iframe', 'src': 'https://7176179830d0ee3cb49abe4c11cd383f.safeframe.googlesyndication.com/safeframe/1-0-45/html/container.html', 'aria_label': 'Advertisement', 'class': None, 'id': 'google_ads_iframe_/162717810,22769416952/theshiftnews.com/interstitial_0', 'text': ''}]",5,1,11,0.014012738853503185,6,0,3,0,0,1,185,2,1,31,2,1.0,0.1676,1.0,702,the_shift,news_listing
185,63,33,7,1,2,33,34,6503,1035,14,2,"[{'tag': 'iframe', 'src': 'https://7176179830d0ee3cb49abe4c11cd383f.safeframe.googlesyndication.com/safeframe/1-0-45/html/container.html', 'aria_label': 'Advertisement', 'class': None, 'id': 'google_ads_iframe_/162717810,22769416952/theshiftnews.com/header_0', 'text': ''}, {'tag': 'iframe', 'src': 'https://7176179830d0ee3cb49abe4c11cd383f.safeframe.googlesyndication.com/safeframe/1-0-45/html/container.html', 'aria_label': 'Advertisement', 'class': None, 'id': 'google_ads_iframe_/162717810,22769416952/theshiftnews.com/interstitial_0', 'text': ''}]",5,1,11,0.014012738853503185,6,0,3,0,0,1,185,2,1,31,2,1.0,0.1676,1.0,703,the_shift,news_listing
185,63,43,10,1,2,33,34,6191,1009,14,1,"[{'tag': 'iframe', 'src': None, 'aria_label': 'Advertisement', 'class': None, 'id': 'google_ads_iframe_/162717810,22769416952/theshiftnews.com/header_0', 'text': ''}]",9,1,9,0.01125,5,0,2,0,0,1,185,2,1,31,2,1.0,0.1676,1.0,704,the_shift,news_listing
185,63,43,10,1,2,33,34,6191,1009,14,1,"[{'tag': 'iframe', 'src': None, 'aria_label': 'Advertisement', 'class': None, 'id': 'google_ads_iframe_/162717810,22769416952/theshiftnews.com/header_0', 'text': ''}]",9,1,9,0.01125,5,0,2,0,0,1,185,2,1,31,2,1.0,0.1676,1.0,705,the_shift,news_listing
185,63,43,10,1,2,33,34,6191,1009,14,1,"[{'tag': 'iframe', 'src': None, 'aria_label': 'Advertisement', 'class': None, 'id': 'google_ads_iframe_/162717810,22769416952/theshiftnews.com/header_0', 'text': ''}]",9,1,9,0.01125,5,0,2,0,0,1,185,2,1,31,2,1.0,0.1676,1.0,706,the_shift,news_listing
185,63,43,10,1,2,33,34,6191,1009,14,1,"[{'tag': 'iframe', 'src': None, 'aria_label': 'Advertisement', 'class': None, 'id': 'google_ads_iframe_/162717810,22769416952/theshiftnews.com/header_0', 'text': ''}]",9,1,9,0.01125,5,0,2,0,0,1,185,2,1,31,2,1.0,0.1676,1.0,707,the_shift,news_listing
185,63,43,10,1,2,33,34,6191,1009,14,1,"[{'tag': 'iframe', 'src': None, 'aria_label': 'Advertisement', 'class': None, 'id': 'google_ads_iframe_/162717810,22769416952/theshiftnews.com/header_0', 'text': ''}]",9,1,9,0.01125,5,0,2,0,0,1,185,2,1,31,2,1.0,0.1676,1.0,708,the_shift,news_listing
185,63,43,10,1,2,33,34,6191,1009,14,1,"[{'tag': 'iframe', 'src': None, 'aria_label': 'Advertisement', 'class': None, 'id': 'google_ads_iframe_/162717810,22769416952/theshiftnews.com/header_0', 'text': ''}]",9,1,9,0.01125,5,0,2,0,0,1,185,2,1,31,2,1.0,0.1676,1.0,709,the_shift,news_listing
187,63,36,10,1,2,33,34,6560,1036,14,2,"[{'tag': 'iframe', 'src': None, 'aria_label': 'Advertisement', 'class': None, 'id': 'google_ads_iframe_/162717810,22769416952/theshiftnews.com/header_0', 'text': ''}, {'tag': 'iframe', 'src': 'https://7b4c171b945a08883e1b014afebce856.safeframe.googlesyndication.com/safeframe/1-0-45/html/container.html', 'aria_label': 'Advertisement', 'class': None, 'id': 'google_ads_iframe_/162717810,22769416952/theshiftnews.com/interstitial_0', 'text': ''}]",8,1,11,0.013871374527112233,6,0,3,0,0,1,187,2,1,31,2,1.0,0.1658,1.0,710,the_shift,news_listing
187,63,36,10,1,2,33,34,6560,1036,14,2,"[{'tag': 'iframe', 'src': None, 'aria_label': 'Advertisement', 'class': None, 'id': 'google_ads_iframe_/162717810,22769416952/theshiftnews.com/header_0', 'text': ''}, {'tag': 'iframe', 'src': 'https://7b4c171b945a08883e1b014afebce856.safeframe.googlesyndication.com/safeframe/1-0-45/html/container.html', 'aria_label': 'Advertisement', 'class': None, 'id': 'google_ads_iframe_/162717810,22769416952/theshiftnews.com/interstitial_0', 'text': ''}]",8,1,11,0.013871374527112233,6,0,3,0,0,1,187,2,1,31,2,1.0,0.1658,1.0,711,the_shift,news_listing
187,63,36,10,1,2,33,34,6560,1036,14,2,"[{'tag': 'iframe', 'src': None, 'aria_label': 'Advertisement', 'class': None, 'id': 'google_ads_iframe_/162717810,22769416952/theshiftnews.com/header_0', 'text': ''}, {'tag': 'iframe', 'src': 'https://7b4c171b945a08883e1b014afebce856.safeframe.googlesyndication.com/safeframe/1-0-45/html/container.html', 'aria_label': 'Advertisement', 'class': None, 'id': 'google_ads_iframe_/162717810,22769416952/theshiftnews.com/interstitial_0', 'text': ''}]",8,1,11,0.013871374527112233,6,0,3,0,0,1,187,2,1,31,2,1.0,0.1658,1.0,712,the_shift,news_listing
187,63,36,10,1,2,33,34,6560,1036,14,2,"[{'tag': 'iframe', 'src': None, 'aria_label': 'Advertisement', 'class': None, 'id': 'google_ads_iframe_/162717810,22769416952/theshiftnews.com/header_0', 'text': ''}, {'tag': 'iframe', 'src': 'https://7b4c171b945a08883e1b014afebce856.safeframe.googlesyndication.com/safeframe/1-0-45/html/container.html', 'aria_label': 'Advertisement', 'class': None, 'id': 'google_ads_iframe_/162717810,22769416952/theshiftnews.com/interstitial_0', 'text': ''}]",8,1,11,0.013871374527112233,6,0,3,0,0,1,187,2,1,31,2,1.0,0.1658,1.0,713,the_shift,news_listing
187,63,36,10,1,2,33,34,6560,1036,14,2,"[{'tag': 'iframe', 'src': None, 'aria_label': 'Advertisement', 'class': None, 'id': 'google_ads_iframe_/162717810,22769416952/theshiftnews.com/header_0', 'text': ''}, {'tag': 'iframe', 'src': 'https://7b4c171b945a08883e1b014afebce856.safeframe.googlesyndication.com/safeframe/1-0-45/html/container.html', 'aria_label': 'Advertisement', 'class': None, 'id': 'google_ads_iframe_/162717810,22769416952/theshiftnews.com/interstitial_0', 'text': ''}]",8,1,11,0.013871374527112233,6,0,3,0,0,1,187,2,1,31,2,1.0,0.1658,1.0,714,the_shift,news_listing
187,63,36,10,1,2,33,34,6560,1036,14,2,"[{'tag': 'iframe', 'src': None, 'aria_label': 'Advertisement', 'class': None, 'id': 'google_ads_iframe_/162717810,22769416952/theshiftnews.com/header_0', 'text': ''}, {'tag': 'iframe', 'src': 'https://7b4c171b945a08883e1b014afebce856.safeframe.googlesyndication.com/safeframe/1-0-45/html/container.html', 'aria_label': 'Advertisement', 'class': None, 'id': 'google_ads_iframe_/162717810,22769416952/theshiftnews.com/interstitial_0', 'text': ''}]",8,1,11,0.013871374527112233,6,0,3,0,0,1,187,2,1,31,2,1.0,0.1658,1.0,715,the_shift,news_listing
187,63,36,10,1,2,33,34,6560,1036,14,2,"[{'tag': 'iframe', 'src': None, 'aria_label': 'Advertisement', 'class': None, 'id': 'google_ads_iframe_/162717810,22769416952/theshiftnews.com/header_0', 'text': ''}, {'tag': 'iframe', 'src': 'https://7b4c171b945a08883e1b014afebce856.safeframe.googlesyndication.com/safeframe/1-0-45/html/container.html', 'aria_label': 'Advertisement', 'class': None, 'id': 'google_ads_iframe_/162717810,22769416952/theshiftnews.com/interstitial_0', 'text': ''}]",8,1,11,0.013871374527112233,6,0,3,0,0,1,187,2,1,31,2,1.0,0.1658,1.0,716,the_shift,news_listing
185,63,36,9,1,2,33,34,6465,1034,14,1,"[{'tag': 'iframe', 'src': None, 'aria_label': 'Advertisement', 'class': None, 'id': 'google_ads_iframe_/162717810,22769416952/theshiftnews.com/header_0', 'text': ''}]",8,1,8,0.01008827238335435,5,0,1,0,0,1,185,2,1,31,2,1.0,0.1676,1.0,717,the_shift,news_listing
185,63,36,9,1,2,33,34,6465,1034,14,1,"[{'tag': 'iframe', 'src': None, 'aria_label': 'Advertisement', 'class': None, 'id': 'google_ads_iframe_/162717810,22769416952/theshiftnews.com/header_0', 'text': ''}]",8,1,8,0.01008827238335435,5,0,1,0,0,1,185,2,1,31,2,1.0,0.1676,1.0,718,the_shift,news_listing
185,63,36,9,1,2,33,34,6465,1034,14,1,"[{'tag': 'iframe', 'src': None, 'aria_label': 'Advertisement', 'class': None, 'id': 'google_ads_iframe_/162717810,22769416952/theshiftnews.com/header_0', 'text': ''}]",8,1,8,0.01008827238335435,5,0,1,0,0,1,185,2,1,31,2,1.0,0.1676,1.0,719,the_shift,news_listing
185,63,36,9,1,2,33,34,6465,1034,14,1,"[{'tag': 'iframe', 'src': None, 'aria_label': 'Advertisement', 'class': None, 'id': 'google_ads_iframe_/162717810,22769416952/theshiftnews.com/header_0', 'text': ''}]",8,1,8,0.01008827238335435,5,0,1,0,0,1,185,2,1,31,2,1.0,0.1676,1.0,720,the_shift,news_listing
185,63,36,9,1,2,33,34,6465,1034,14,1,"[{'tag': 'iframe', 'src': None, 'aria_label': 'Advertisement', 'class': None, 'id': 'google_ads_iframe_/162717810,22769416952/theshiftnews.com/header_0', 'text': ''}]",8,1,8,0.01008827238335435,5,0,1,0,0,1,185,2,1,31,2,1.0,0.1676,1.0,721,the_shift,news_listing
185,63,36,9,1,2,33,34,6465,1034,14,1,"[{'tag': 'iframe', 'src': None, 'aria_label': 'Advertisement', 'class': None, 'id': 'google_ads_iframe_/162717810,22769416952/theshiftnews.com/header_0', 'text': ''}]",8,1,8,0.01008827238335435,5,0,1,0,0,1,185,2,1,31,2,1.0,0.1676,1.0,722,the_shift,news_listing
127,43,62,9,5,6,46,24,8533,1343,26,0,[],9,1,38,0.03917525773195876,7,0,17,2,0,5,127,44,4,20,39,0.8,0.1575,0.8864,723,the_shift,article_pages
127,43,62,9,5,6,46,24,8533,1343,26,0,[],9,1,38,0.03917525773195876,7,0,17,2,0,5,127,44,4,20,39,0.8,0.1575,0.8864,724,the_shift,article_pages
127,43,62,9,5,6,46,24,8533,1343,26,0,[],9,1,38,0.03917525773195876,7,0,17,2,0,5,127,44,4,20,39,0.8,0.1575,0.8864,725,the_shift,article_pages
127,43,62,9,5,6,46,24,8533,1343,26,0,[],9,1,38,0.03917525773195876,7,0,17,2,0,5,127,44,4,20,39,0.8,0.1575,0.8864,726,the_shift,article_pages
127,43,62,9,5,6,46,24,8533,1343,26,0,[],9,1,38,0.03917525773195876,7,0,17,2,0,5,127,44,4,20,39,0.8,0.1575,0.8864,727,the_shift,article_pages
127,43,62,9,5,6,46,24,8533,1343,26,0,[],9,1,38,0.03917525773195876,7,0,17,2,0,5,127,44,4,20,39,0.8,0.1575,0.8864,728,the_shift,article_pages
127,43,62,9,5,6,46,24,8533,1343,26,0,[],9,1,38,0.03917525773195876,7,0,17,2,0,5,127,44,4,20,39,0.8,0.1575,0.8864,729,the_shift,article_pages
127,43,62,9,5,6,46,24,8533,1343,26,0,[],9,1,38,0.03917525773195876,7,0,17,2,0,5,127,44,4,20,39,0.8,0.1575,0.8864,730,the_shift,article_pages
127,43,62,9,5,6,46,24,8533,1343,26,0,[],9,1,38,0.03917525773195876,7,0,17,2,0,5,127,44,4,20,39,0.8,0.1575,0.8864,731,the_shift,article_pages
127,43,62,9,5,6,46,24,8533,1343,26,0,[],9,1,38,0.03917525773195876,7,0,17,2,0,5,127,44,4,20,39,0.8,0.1575,0.8864,732,the_shift,article_pages
127,43,62,9,5,6,46,24,8533,1343,26,0,[],9,1,38,0.03917525773195876,7,0,17,2,0,5,127,44,4,20,39,0.8,0.1575,0.8864,733,the_shift,article_pages
127,43,62,9,5,6,46,24,8533,1343,26,0,[],9,1,38,0.03917525773195876,7,0,17,2,0,5,127,44,4,20,39,0.8,0.1575,0.8864,734,the_shift,article_pages
127,43,62,9,5,6,46,24,8533,1343,26,0,[],9,1,38,0.03917525773195876,7,0,17,2,0,5,127,44,4,20,39,0.8,0.1575,0.8864,735,the_shift,article_pages
127,43,62,9,5,6,46,24,8533,1343,26,0,[],9,1,38,0.03917525773195876,7,0,17,2,0,5,127,44,4,20,39,0.8,0.1575,0.8864,736,the_shift,article_pages
127,43,62,9,5,6,46,24,8533,1343,26,0,[],9,1,38,0.03917525773195876,7,0,17,2,0,5,127,44,4,20,39,0.8,0.1575,0.8864,737,the_shift,article_pages
127,43,62,9,5,6,46,24,8533,1343,26,0,[],9,1,38,0.03917525773195876,7,0,17,2,0,5,127,44,4,20,39,0.8,0.1575,0.8864,738,the_shift,article_pages
127,43,62,9,5,6,46,24,8533,1343,26,0,[],9,1,38,0.03917525773195876,7,0,17,2,0,5,127,44,4,20,39,0.8,0.1575,0.8864,739,the_shift,article_pages
127,43,62,9,5,6,46,24,8533,1343,26,0,[],9,1,38,0.03917525773195876,7,0,17,2,0,5,127,44,4,20,39,0.8,0.1575,0.8864,740,the_shift,article_pages
127,43,62,9,5,6,46,24,8533,1343,26,0,[],9,1,38,0.03917525773195876,7,0,17,2,0,5,127,44,4,20,39,0.8,0.1575,0.8864,741,the_shift,article_pages
138,46,63,9,27,6,76,25,12869,2027,26,0,[],9,1,42,0.03595890410958904,5,0,21,2,0,27,138,45,4,23,42,0.1481,0.1667,0.9333,742,the_shift,article_pages
138,46,63,9,27,6,76,25,12869,2027,26,0,[],9,1,42,0.03595890410958904,5,0,21,2,0,27,138,45,4,23,42,0.1481,0.1667,0.9333,743,the_shift,article_pages
138,46,63,9,27,6,76,25,12869,2027,26,0,[],9,1,42,0.03595890410958904,5,0,21,2,0,27,138,45,4,23,42,0.1481,0.1667,0.9333,744,the_shift,article_pages
138,46,63,9,27,6,76,25,12869,2027,26,0,[],9,1,42,0.03595890410958904,5,0,21,2,0,27,138,45,4,23,42,0.1481,0.1667,0.9333,745,the_shift,article_pages
138,46,63,9,27,6,76,25,12869,2027,26,0,[],9,1,42,0.03595890410958904,5,0,21,2,0,27,138,45,4,23,42,0.1481,0.1667,0.9333,746,the_shift,article_pages
138,46,63,9,27,6,76,25,12869,2027,26,0,[],9,1,42,0.03595890410958904,5,0,21,2,0,27,138,45,4,23,42,0.1481,0.1667,0.9333,747,the_shift,article_pages
138,46,63,9,27,6,76,25,12869,2027,26,0,[],9,1,42,0.03595890410958904,5,0,21,2,0,27,138,45,4,23,42,0.1481,0.1667,0.9333,748,the_shift,article_pages
138,46,63,9,27,6,76,25,12869,2027,26,0,[],9,1,42,0.03595890410958904,5,0,21,2,0,27,138,45,4,23,42,0.1481,0.1667,0.9333,749,the_shift,article_pages
138,46,63,9,27,6,76,25,12869,2027,26,0,[],9,1,42,0.03595890410958904,5,0,21,2,0,27,138,45,4,23,42,0.1481,0.1667,0.9333,750,the_shift,article_pages
138,46,63,9,27,6,76,25,12869,2027,26,0,[],9,1,42,0.03595890410958904,5,0,21,2,0,27,138,45,4,23,42,0.1481,0.1667,0.9333,751,the_shift,article_pages
138,46,63,9,27,6,76,25,12869,2027,26,0,[],9,1,42,0.03595890410958904,5,0,21,2,0,27,138,45,4,23,42,0.1481,0.1667,0.9333,752,the_shift,article_pages
138,46,63,9,27,6,76,25,12869,2027,26,0,[],9,1,42,0.03595890410958904,5,0,21,2,0,27,138,45,4,23,42,0.1481,0.1667,0.9333,753,the_shift,article_pages
138,46,63,9,27,6,76,25,12869,2027,26,0,[],9,1,42,0.03595890410958904,5,0,21,2,0,27,138,45,4,23,42,0.1481,0.1667,0.9333,754,the_shift,article_pages
138,46,63,9,27,6,76,25,12869,2027,26,0,[],9,1,42,0.03595890410958904,5,0,21,2,0,27,138,45,4,23,42,0.1481,0.1667,0.9333,755,the_shift,article_pages
138,46,63,9,27,6,76,25,12869,2027,26,0,[],9,1,42,0.03595890410958904,5,0,21,2,0,27,138,45,4,23,42,0.1481,0.1667,0.9333,756,the_shift,article_pages
138,46,63,9,27,6,76,25,12869,2027,26,0,[],9,1,42,0.03595890410958904,5,0,21,2,0,27,138,45,4,23,42,0.1481,0.1667,0.9333,757,the_shift,article_pages
138,46,63,9,27,6,76,25,12869,2027,26,0,[],9,1,42,0.03595890410958904,5,0,21,2,0,27,138,45,4,23,42,0.1481,0.1667,0.9333,758,the_shift,article_pages
138,46,63,9,27,6,76,25,12869,2027,26,0,[],9,1,42,0.03595890410958904,5,0,21,2,0,27,138,45,4,23,42,0.1481,0.1667,0.9333,759,the_shift,article_pages
138,46,63,9,27,6,76,25,12869,2027,26,0,[],9,1,42,0.03595890410958904,5,0,21,2,0,27,138,45,4,23,42,0.1481,0.1667,0.9333,760,the_shift,article_pages
138,46,63,9,27,6,76,25,12869,2027,26,0,[],9,1,42,0.03595890410958904,5,0,21,2,0,27,138,45,4,23,42,0.1481,0.1667,0.9333,761,the_shift,article_pages
133,44,63,10,27,6,46,24,7787,1238,26,1,"[{'tag': 'iframe', 'src': 'https://adb91b820a23687e364712e8be44c101.safeframe.googlesyndication.com/safeframe/1-0-45/html/container.html', 'aria_label': 'Advertisement', 'class': None, 'id': 'google_ads_iframe_/162717810,22769416952/theshiftnews.com/interstitial_0', 'text': ''}]",9,1,43,0.03905540417801998,6,0,23,2,0,27,133,45,4,23,42,0.1481,0.1729,0.9333,762,the_shift,article_pages
133,44,63,10,27,6,46,24,7787,1238,26,1,"[{'tag': 'iframe', 'src': 'https://adb91b820a23687e364712e8be44c101.safeframe.googlesyndication.com/safeframe/1-0-45/html/container.html', 'aria_label': 'Advertisement', 'class': None, 'id': 'google_ads_iframe_/162717810,22769416952/theshiftnews.com/interstitial_0', 'text': ''}]",9,1,43,0.03905540417801998,6,0,23,2,0,27,133,45,4,23,42,0.1481,0.1729,0.9333,763,the_shift,article_pages
133,44,63,10,27,6,46,24,7787,1238,26,1,"[{'tag': 'iframe', 'src': 'https://adb91b820a23687e364712e8be44c101.safeframe.googlesyndication.com/safeframe/1-0-45/html/container.html', 'aria_label': 'Advertisement', 'class': None, 'id': 'google_ads_iframe_/162717810,22769416952/theshiftnews.com/interstitial_0', 'text': ''}]",9,1,43,0.03905540417801998,6,0,23,2,0,27,133,45,4,23,42,0.1481,0.1729,0.9333,764,the_shift,article_pages
133,44,63,10,27,6,46,24,7787,1238,26,1,"[{'tag': 'iframe', 'src': 'https://adb91b820a23687e364712e8be44c101.safeframe.googlesyndication.com/safeframe/1-0-45/html/container.html', 'aria_label': 'Advertisement', 'class': None, 'id': 'google_ads_iframe_/162717810,22769416952/theshiftnews.com/interstitial_0', 'text': ''}]",9,1,43,0.03905540417801998,6,0,23,2,0,27,133,45,4,23,42,0.1481,0.1729,0.9333,765,the_shift,article_pages
133,44,63,10,27,6,46,24,7787,1238,26,1,"[{'tag': 'iframe', 'src': 'https://adb91b820a23687e364712e8be44c101.safeframe.googlesyndication.com/safeframe/1-0-45/html/container.html', 'aria_label': 'Advertisement', 'class': None, 'id': 'google_ads_iframe_/162717810,22769416952/theshiftnews.com/interstitial_0', 'text': ''}]",9,1,43,0.03905540417801998,6,0,23,2,0,27,133,45,4,23,42,0.1481,0.1729,0.9333,766,the_shift,article_pages
133,44,63,10,27,6,46,24,7787,1238,26,1,"[{'tag': 'iframe', 'src': 'https://adb91b820a23687e364712e8be44c101.safeframe.googlesyndication.com/safeframe/1-0-45/html/container.html', 'aria_label': 'Advertisement', 'class': None, 'id': 'google_ads_iframe_/162717810,22769416952/theshiftnews.com/interstitial_0', 'text': ''}]",9,1,43,0.03905540417801998,6,0,23,2,0,27,133,45,4,23,42,0.1481,0.1729,0.9333,767,the_shift,article_pages
133,44,63,10,27,6,46,24,7787,1238,26,1,"[{'tag': 'iframe', 'src': 'https://adb91b820a23687e364712e8be44c101.safeframe.googlesyndication.com/safeframe/1-0-45/html/container.html', 'aria_label': 'Advertisement', 'class': None, 'id': 'google_ads_iframe_/162717810,22769416952/theshiftnews.com/interstitial_0', 'text': ''}]",9,1,43,0.03905540417801998,6,0,23,2,0,27,133,45,4,23,42,0.1481,0.1729,0.9333,768,the_shift,article_pages
133,44,63,10,27,6,46,24,7787,1238,26,1,"[{'tag': 'iframe', 'src': 'https://adb91b820a23687e364712e8be44c101.safeframe.googlesyndication.com/safeframe/1-0-45/html/container.html', 'aria_label': 'Advertisement', 'class': None, 'id': 'google_ads_iframe_/162717810,22769416952/theshiftnews.com/interstitial_0', 'text': ''}]",9,1,43,0.03905540417801998,6,0,23,2,0,27,133,45,4,23,42,0.1481,0.1729,0.9333,769,the_shift,article_pages
133,44,63,10,27,6,46,24,7787,1238,26,1,"[{'tag': 'iframe', 'src': 'https://adb91b820a23687e364712e8be44c101.safeframe.googlesyndication.com/safeframe/1-0-45/html/container.html', 'aria_label': 'Advertisement', 'class': None, 'id': 'google_ads_iframe_/162717810,22769416952/theshiftnews.com/interstitial_0', 'text': ''}]",9,1,43,0.03905540417801998,6,0,23,2,0,27,133,45,4,23,42,0.1481,0.1729,0.9333,770,the_shift,article_pages
133,44,63,10,27,6,46,24,7787,1238,26,1,"[{'tag': 'iframe', 'src': 'https://adb91b820a23687e364712e8be44c101.safeframe.googlesyndication.com/safeframe/1-0-45/html/container.html', 'aria_label': 'Advertisement', 'class': None, 'id': 'google_ads_iframe_/162717810,22769416952/theshiftnews.com/interstitial_0', 'text': ''}]",9,1,43,0.03905540417801998,6,0,23,2,0,27,133,45,4,23,42,0.1481,0.1729,0.9333,771,the_shift,article_pages
133,44,63,10,27,6,46,24,7787,1238,26,1,"[{'tag': 'iframe', 'src': 'https://adb91b820a23687e364712e8be44c101.safeframe.googlesyndication.com/safeframe/1-0-45/html/container.html', 'aria_label': 'Advertisement', 'class': None, 'id': 'google_ads_iframe_/162717810,22769416952/theshiftnews.com/interstitial_0', 'text': ''}]",9,1,43,0.03905540417801998,6,0,23,2,0,27,133,45,4,23,42,0.1481,0.1729,0.9333,772,the_shift,article_pages
133,44,63,10,27,6,46,24,7787,1238,26,1,"[{'tag': 'iframe', 'src': 'https://adb91b820a23687e364712e8be44c101.safeframe.googlesyndication.com/safeframe/1-0-45/html/container.html', 'aria_label': 'Advertisement', 'class': None, 'id': 'google_ads_iframe_/162717810,22769416952/theshiftnews.com/interstitial_0', 'text': ''}]",9,1,43,0.03905540417801998,6,0,23,2,0,27,133,45,4,23,42,0.1481,0.1729,0.9333,773,the_shift,article_pages
133,44,63,10,27,6,46,24,7787,1238,26,1,"[{'tag': 'iframe', 'src': 'https://adb91b820a23687e364712e8be44c101.safeframe.googlesyndication.com/safeframe/1-0-45/html/container.html', 'aria_label': 'Advertisement', 'class': None, 'id': 'google_ads_iframe_/162717810,22769416952/theshiftnews.com/interstitial_0', 'text': ''}]",9,1,43,0.03905540417801998,6,0,23,2,0,27,133,45,4,23,42,0.1481,0.1729,0.9333,774,the_shift,article_pages
133,44,63,10,27,6,46,24,7787,1238,26,1,"[{'tag': 'iframe', 'src': 'https://adb91b820a23687e364712e8be44c101.safeframe.googlesyndication.com/safeframe/1-0-45/html/container.html', 'aria_label': 'Advertisement', 'class': None, 'id': 'google_ads_iframe_/162717810,22769416952/theshiftnews.com/interstitial_0', 'text': ''}]",9,1,43,0.03905540417801998,6,0,23,2,0,27,133,45,4,23,42,0.1481,0.1729,0.9333,775,the_shift,article_pages
133,44,63,10,27,6,46,24,7787,1238,26,1,"[{'tag': 'iframe', 'src': 'https://adb91b820a23687e364712e8be44c101.safeframe.googlesyndication.com/safeframe/1-0-45/html/container.html', 'aria_label': 'Advertisement', 'class': None, 'id': 'google_ads_iframe_/162717810,22769416952/theshiftnews.com/interstitial_0', 'text': ''}]",9,1,43,0.03905540417801998,6,0,23,2,0,27,133,45,4,23,42,0.1481,0.1729,0.9333,776,the_shift,article_pages
133,44,63,10,27,6,46,24,7787,1238,26,1,"[{'tag': 'iframe', 'src': 'https://adb91b820a23687e364712e8be44c101.safeframe.googlesyndication.com/safeframe/1-0-45/html/container.html', 'aria_label': 'Advertisement', 'class': None, 'id': 'google_ads_iframe_/162717810,22769416952/theshiftnews.com/interstitial_0', 'text': ''}]",9,1,43,0.03905540417801998,6,0,23,2,0,27,133,45,4,23,42,0.1481,0.1729,0.9333,777,the_shift,article_pages
129,44,63,9,27,6,46,24,7443,1163,26,0,[],9,1,40,0.03669724770642202,5,0,21,2,0,27,129,45,4,23,42,0.1481,0.1783,0.9333,778,the_shift,article_pages
129,44,63,9,27,6,46,24,7443,1163,26,0,[],9,1,40,0.03669724770642202,5,0,21,2,0,27,129,45,4,23,42,0.1481,0.1783,0.9333,779,the_shift,article_pages
129,44,63,9,27,6,46,24,7443,1163,26,0,[],9,1,40,0.03669724770642202,5,0,21,2,0,27,129,45,4,23,42,0.1481,0.1783,0.9333,780,the_shift,article_pages
129,44,63,9,27,6,46,24,7443,1163,26,0,[],9,1,40,0.03669724770642202,5,0,21,2,0,27,129,45,4,23,42,0.1481,0.1783,0.9333,781,the_shift,article_pages
129,44,63,9,27,6,46,24,7443,1163,26,0,[],9,1,40,0.03669724770642202,5,0,21,2,0,27,129,45,4,23,42,0.1481,0.1783,0.9333,782,the_shift,article_pages
129,44,63,9,27,6,46,24,7443,1163,26,0,[],9,1,40,0.03669724770642202,5,0,21,2,0,27,129,45,4,23,42,0.1481,0.1783,0.9333,783,the_shift,article_pages
129,44,63,9,27,6,46,24,7443,1163,26,0,[],9,1,40,0.03669724770642202,5,0,21,2,0,27,129,45,4,23,42,0.1481,0.1783,0.9333,784,the_shift,article_pages
129,44,63,9,27,6,46,24,7443,1163,26,0,[],9,1,40,0.03669724770642202,5,0,21,2,0,27,129,45,4,23,42,0.1481,0.1783,0.9333,785,the_shift,article_pages
129,44,63,9,27,6,46,24,7443,1163,26,0,[],9,1,40,0.03669724770642202,5,0,21,2,0,27,129,45,4,23,42,0.1481,0.1783,0.9333,786,the_shift,article_pages
129,44,63,9,27,6,46,24,7443,1163,26,0,[],9,1,40,0.03669724770642202,5,0,21,2,0,27,129,45,4,23,42,0.1481,0.1783,0.9333,787,the_shift,article_pages
129,44,63,9,27,6,46,24,7443,1163,26,0,[],9,1,40,0.03669724770642202,5,0,21,2,0,27,129,45,4,23,42,0.1481,0.1783,0.9333,788,the_shift,article_pages
129,44,63,9,27,6,46,24,7443,1163,26,0,[],9,1,40,0.03669724770642202,5,0,21,2,0,27,129,45,4,23,42,0.1481,0.1783,0.9333,789,the_shift,article_pages
129,44,63,9,27,6,46,24,7443,1163,26,0,[],9,1,40,0.03669724770642202,5,0,21,2,0,27,129,45,4,23,42,0.1481,0.1783,0.9333,790,the_shift,article_pages
140,49,67,14,28,6,78,24,10630,1664,26,2,"[{'tag': 'iframe', 'src': 'https://e27762b050d7b5a24193ca6bd230fb75.safeframe.googlesyndication.com/safeframe/1-0-45/html/container.html', 'aria_label': 'Advertisement', 'class': None, 'id': 'google_ads_iframe_/162717810,22769416952/theshiftnews.com/reward_0', 'text': ''}, {'tag': 'iframe', 'src': 'https://e27762b050d7b5a24193ca6bd230fb75.safeframe.googlesyndication.com/safeframe/1-0-45/html/container.html', 'aria_label': 'Advertisement', 'class': None, 'id': 'google_ads_iframe_/162717810,22769416952/theshiftnews.com/interstitial_0', 'text': ''}]",12,1,55,0.04250386398763524,10,0,31,2,0,28,140,45,4,23,42,0.1429,0.1643,0.9333,791,the_shift,article_pages
140,49,67,14,28,6,78,24,10630,1664,26,2,"[{'tag': 'iframe', 'src': 'https://e27762b050d7b5a24193ca6bd230fb75.safeframe.googlesyndication.com/safeframe/1-0-45/html/container.html', 'aria_label': 'Advertisement', 'class': None, 'id': 'google_ads_iframe_/162717810,22769416952/theshiftnews.com/reward_0', 'text': ''}, {'tag': 'iframe', 'src': 'https://e27762b050d7b5a24193ca6bd230fb75.safeframe.googlesyndication.com/safeframe/1-0-45/html/container.html', 'aria_label': 'Advertisement', 'class': None, 'id': 'google_ads_iframe_/162717810,22769416952/theshiftnews.com/interstitial_0', 'text': ''}]",12,1,55,0.04250386398763524,10,0,31,2,0,28,140,45,4,23,42,0.1429,0.1643,0.9333,792,the_shift,article_pages
140,49,67,14,28,6,78,24,10630,1664,26,2,"[{'tag': 'iframe', 'src': 'https://e27762b050d7b5a24193ca6bd230fb75.safeframe.googlesyndication.com/safeframe/1-0-45/html/container.html', 'aria_label': 'Advertisement', 'class': None, 'id': 'google_ads_iframe_/162717810,22769416952/theshiftnews.com/reward_0', 'text': ''}, {'tag': 'iframe', 'src': 'https://e27762b050d7b5a24193ca6bd230fb75.safeframe.googlesyndication.com/safeframe/1-0-45/html/container.html', 'aria_label': 'Advertisement', 'class': None, 'id': 'google_ads_iframe_/162717810,22769416952/theshiftnews.com/interstitial_0', 'text': ''}]",12,1,55,0.04250386398763524,10,0,31,2,0,28,140,45,4,23,42,0.1429,0.1643,0.9333,793,the_shift,article_pages
140,49,67,14,28,6,78,24,10630,1664,26,2,"[{'tag': 'iframe', 'src': 'https://e27762b050d7b5a24193ca6bd230fb75.safeframe.googlesyndication.com/safeframe/1-0-45/html/container.html', 'aria_label': 'Advertisement', 'class': None, 'id': 'google_ads_iframe_/162717810,22769416952/theshiftnews.com/reward_0', 'text': ''}, {'tag': 'iframe', 'src': 'https://e27762b050d7b5a24193ca6bd230fb75.safeframe.googlesyndication.com/safeframe/1-0-45/html/container.html', 'aria_label': 'Advertisement', 'class': None, 'id': 'google_ads_iframe_/162717810,22769416952/theshiftnews.com/interstitial_0', 'text': ''}]",12,1,55,0.04250386398763524,10,0,31,2,0,28,140,45,4,23,42,0.1429,0.1643,0.9333,794,the_shift,article_pages
140,49,67,14,28,6,78,24,10630,1664,26,2,"[{'tag': 'iframe', 'src': 'https://e27762b050d7b5a24193ca6bd230fb75.safeframe.googlesyndication.com/safeframe/1-0-45/html/container.html', 'aria_label': 'Advertisement', 'class': None, 'id': 'google_ads_iframe_/162717810,22769416952/theshiftnews.com/reward_0', 'text': ''}, {'tag': 'iframe', 'src': 'https://e27762b050d7b5a24193ca6bd230fb75.safeframe.googlesyndication.com/safeframe/1-0-45/html/container.html', 'aria_label': 'Advertisement', 'class': None, 'id': 'google_ads_iframe_/162717810,22769416952/theshiftnews.com/interstitial_0', 'text': ''}]",12,1,55,0.04250386398763524,10,0,31,2,0,28,140,45,4,23,42,0.1429,0.1643,0.9333,795,the_shift,article_pages
140,49,67,14,28,6,78,24,10630,1664,26,2,"[{'tag': 'iframe', 'src': 'https://e27762b050d7b5a24193ca6bd230fb75.safeframe.googlesyndication.com/safeframe/1-0-45/html/container.html', 'aria_label': 'Advertisement', 'class': None, 'id': 'google_ads_iframe_/162717810,22769416952/theshiftnews.com/reward_0', 'text': ''}, {'tag': 'iframe', 'src': 'https://e27762b050d7b5a24193ca6bd230fb75.safeframe.googlesyndication.com/safeframe/1-0-45/html/container.html', 'aria_label': 'Advertisement', 'class': None, 'id': 'google_ads_iframe_/162717810,22769416952/theshiftnews.com/interstitial_0', 'text': ''}]",12,1,55,0.04250386398763524,10,0,31,2,0,28,140,45,4,23,42,0.1429,0.1643,0.9333,796,the_shift,article_pages
140,49,67,14,28,6,78,24,10630,1664,26,2,"[{'tag': 'iframe', 'src': 'https://e27762b050d7b5a24193ca6bd230fb75.safeframe.googlesyndication.com/safeframe/1-0-45/html/container.html', 'aria_label': 'Advertisement', 'class': None, 'id': 'google_ads_iframe_/162717810,22769416952/theshiftnews.com/reward_0', 'text': ''}, {'tag': 'iframe', 'src': 'https://e27762b050d7b5a24193ca6bd230fb75.safeframe.googlesyndication.com/safeframe/1-0-45/html/container.html', 'aria_label': 'Advertisement', 'class': None, 'id': 'google_ads_iframe_/162717810,22769416952/theshiftnews.com/interstitial_0', 'text': ''}]",12,1,55,0.04250386398763524,10,0,31,2,0,28,140,45,4,23,42,0.1429,0.1643,0.9333,797,the_shift,article_pages
140,49,67,14,28,6,78,24,10630,1664,26,2,"[{'tag': 'iframe', 'src': 'https://e27762b050d7b5a24193ca6bd230fb75.safeframe.googlesyndication.com/safeframe/1-0-45/html/container.html', 'aria_label': 'Advertisement', 'class': None, 'id': 'google_ads_iframe_/162717810,22769416952/theshiftnews.com/reward_0', 'text': ''}, {'tag': 'iframe', 'src': 'https://e27762b050d7b5a24193ca6bd230fb75.safeframe.googlesyndication.com/safeframe/1-0-45/html/container.html', 'aria_label': 'Advertisement', 'class': None, 'id': 'google_ads_iframe_/162717810,22769416952/theshiftnews.com/interstitial_0', 'text': ''}]",12,1,55,0.04250386398763524,10,0,31,2,0,28,140,45,4,23,42,0.1429,0.1643,0.9333,798,the_shift,article_pages
140,49,67,14,28,6,78,24,10630,1664,26,2,"[{'tag': 'iframe', 'src': 'https://e27762b050d7b5a24193ca6bd230fb75.safeframe.googlesyndication.com/safeframe/1-0-45/html/container.html', 'aria_label': 'Advertisement', 'class': None, 'id': 'google_ads_iframe_/162717810,22769416952/theshiftnews.com/reward_0', 'text': ''}, {'tag': 'iframe', 'src': 'https://e27762b050d7b5a24193ca6bd230fb75.safeframe.googlesyndication.com/safeframe/1-0-45/html/container.html', 'aria_label': 'Advertisement', 'class': None, 'id': 'google_ads_iframe_/162717810,22769416952/theshiftnews.com/interstitial_0', 'text': ''}]",12,1,55,0.04250386398763524,10,0,31,2,0,28,140,45,4,23,42,0.1429,0.1643,0.9333,799,the_shift,article_pages
140,49,67,14,28,6,78,24,10630,1664,26,2,"[{'tag': 'iframe', 'src': 'https://e27762b050d7b5a24193ca6bd230fb75.safeframe.googlesyndication.com/safeframe/1-0-45/html/container.html', 'aria_label': 'Advertisement', 'class': None, 'id': 'google_ads_iframe_/162717810,22769416952/theshiftnews.com/reward_0', 'text': ''}, {'tag': 'iframe', 'src': 'https://e27762b050d7b5a24193ca6bd230fb75.safeframe.googlesyndication.com/safeframe/1-0-45/html/container.html', 'aria_label': 'Advertisement', 'class': None, 'id': 'google_ads_iframe_/162717810,22769416952/theshiftnews.com/interstitial_0', 'text': ''}]",12,1,55,0.04250386398763524,10,0,31,2,0,28,140,45,4,23,42,0.1429,0.1643,0.9333,800,the_shift,article_pages
140,49,67,14,28,6,78,24,10630,1664,26,2,"[{'tag': 'iframe', 'src': 'https://e27762b050d7b5a24193ca6bd230fb75.safeframe.googlesyndication.com/safeframe/1-0-45/html/container.html', 'aria_label': 'Advertisement', 'class': None, 'id': 'google_ads_iframe_/162717810,22769416952/theshiftnews.com/reward_0', 'text': ''}, {'tag': 'iframe', 'src': 'https://e27762b050d7b5a24193ca6bd230fb75.safeframe.googlesyndication.com/safeframe/1-0-45/html/container.html', 'aria_label': 'Advertisement', 'class': None, 'id': 'google_ads_iframe_/162717810,22769416952/theshiftnews.com/interstitial_0', 'text': ''}]",12,1,55,0.04250386398763524,10,0,31,2,0,28,140,45,4,23,42,0.1429,0.1643,0.9333,801,the_shift,article_pages
140,49,67,14,28,6,78,24,10630,1664,26,2,"[{'tag': 'iframe', 'src': 'https://e27762b050d7b5a24193ca6bd230fb75.safeframe.googlesyndication.com/safeframe/1-0-45/html/container.html', 'aria_label': 'Advertisement', 'class': None, 'id': 'google_ads_iframe_/162717810,22769416952/theshiftnews.com/reward_0', 'text': ''}, {'tag': 'iframe', 'src': 'https://e27762b050d7b5a24193ca6bd230fb75.safeframe.googlesyndication.com/safeframe/1-0-45/html/container.html', 'aria_label': 'Advertisement', 'class': None, 'id': 'google_ads_iframe_/162717810,22769416952/theshiftnews.com/interstitial_0', 'text': ''}]",12,1,55,0.04250386398763524,10,0,31,2,0,28,140,45,4,23,42,0.1429,0.1643,0.9333,802,the_shift,article_pages
140,49,67,14,28,6,78,24,10630,1664,26,2,"[{'tag': 'iframe', 'src': 'https://e27762b050d7b5a24193ca6bd230fb75.safeframe.googlesyndication.com/safeframe/1-0-45/html/container.html', 'aria_label': 'Advertisement', 'class': None, 'id': 'google_ads_iframe_/162717810,22769416952/theshiftnews.com/reward_0', 'text': ''}, {'tag': 'iframe', 'src': 'https://e27762b050d7b5a24193ca6bd230fb75.safeframe.googlesyndication.com/safeframe/1-0-45/html/container.html', 'aria_label': 'Advertisement', 'class': None, 'id': 'google_ads_iframe_/162717810,22769416952/theshiftnews.com/interstitial_0', 'text': ''}]",12,1,55,0.04250386398763524,10,0,31,2,0,28,140,45,4,23,42,0.1429,0.1643,0.9333,803,the_shift,article_pages
140,49,67,14,28,6,78,24,10630,1664,26,2,"[{'tag': 'iframe', 'src': 'https://e27762b050d7b5a24193ca6bd230fb75.safeframe.googlesyndication.com/safeframe/1-0-45/html/container.html', 'aria_label': 'Advertisement', 'class': None, 'id': 'google_ads_iframe_/162717810,22769416952/theshiftnews.com/reward_0', 'text': ''}, {'tag': 'iframe', 'src': 'https://e27762b050d7b5a24193ca6bd230fb75.safeframe.googlesyndication.com/safeframe/1-0-45/html/container.html', 'aria_label': 'Advertisement', 'class': None, 'id': 'google_ads_iframe_/162717810,22769416952/theshiftnews.com/interstitial_0', 'text': ''}]",12,1,55,0.04250386398763524,10,0,31,2,0,28,140,45,4,23,42,0.1429,0.1643,0.9333,804,the_shift,article_pages
140,49,67,14,28,6,78,24,10630,1664,26,2,"[{'tag': 'iframe', 'src': 'https://e27762b050d7b5a24193ca6bd230fb75.safeframe.googlesyndication.com/safeframe/1-0-45/html/container.html', 'aria_label': 'Advertisement', 'class': None, 'id': 'google_ads_iframe_/162717810,22769416952/theshiftnews.com/reward_0', 'text': ''}, {'tag': 'iframe', 'src': 'https://e27762b050d7b5a24193ca6bd230fb75.safeframe.googlesyndication.com/safeframe/1-0-45/html/container.html', 'aria_label': 'Advertisement', 'class': None, 'id': 'google_ads_iframe_/162717810,22769416952/theshiftnews.com/interstitial_0', 'text': ''}]",12,1,55,0.04250386398763524,10,0,31,2,0,28,140,45,4,23,42,0.1429,0.1643,0.9333,805,the_shift,article_pages
67,21,77,15,28,0,1,13,1702,264,12,3,"[{'tag': 'iframe', 'src': None, 'aria_label': 'Advertisement', 'class': None, 'id': 'google_ads_iframe_/65246246/timesofmalta.com/billboard1_0', 'text': ''}, {'tag': 'iframe', 'src': None, 'aria_label': 'Advertisement', 'class': None, 'id': 'google_ads_iframe_/65246246/timesofmalta.com/sidebar1_0', 'text': ''}, {'tag': 'iframe', 'src': None, 'aria_label': 'Advertisement', 'class': None, 'id': 'google_ads_iframe_/65246246/timesofmalta.com/billboard2_0', 'text': ''}]",12,1,59,0.11195445920303605,49,0,8,0,0,28,67,0,0,1,0,0.0,0.0149,0.0,806,times_of_malta,home_page
67,21,77,15,28,0,1,13,1702,264,12,3,"[{'tag': 'iframe', 'src': None, 'aria_label': 'Advertisement', 'class': None, 'id': 'google_ads_iframe_/65246246/timesofmalta.com/billboard1_0', 'text': ''}, {'tag': 'iframe', 'src': None, 'aria_label': 'Advertisement', 'class': None, 'id': 'google_ads_iframe_/65246246/timesofmalta.com/sidebar1_0', 'text': ''}, {'tag': 'iframe', 'src': None, 'aria_label': 'Advertisement', 'class': None, 'id': 'google_ads_iframe_/65246246/timesofmalta.com/billboard2_0', 'text': ''}]",12,1,59,0.11195445920303605,49,0,8,0,0,28,67,0,0,1,0,0.0,0.0149,0.0,807,times_of_malta,home_page
67,21,77,15,28,0,1,13,1702,264,12,3,"[{'tag': 'iframe', 'src': None, 'aria_label': 'Advertisement', 'class': None, 'id': 'google_ads_iframe_/65246246/timesofmalta.com/billboard1_0', 'text': ''}, {'tag': 'iframe', 'src': None, 'aria_label': 'Advertisement', 'class': None, 'id': 'google_ads_iframe_/65246246/timesofmalta.com/sidebar1_0', 'text': ''}, {'tag': 'iframe', 'src': None, 'aria_label': 'Advertisement', 'class': None, 'id': 'google_ads_iframe_/65246246/timesofmalta.com/billboard2_0', 'text': ''}]",12,1,59,0.11195445920303605,49,0,8,0,0,28,67,0,0,1,0,0.0,0.0149,0.0,808,times_of_malta,home_page
67,21,77,15,28,0,1,13,1702,264,12,3,"[{'tag': 'iframe', 'src': None, 'aria_label': 'Advertisement', 'class': None, 'id': 'google_ads_iframe_/65246246/timesofmalta.com/billboard1_0', 'text': ''}, {'tag': 'iframe', 'src': None, 'aria_label': 'Advertisement', 'class': None, 'id': 'google_ads_iframe_/65246246/timesofmalta.com/sidebar1_0', 'text': ''}, {'tag': 'iframe', 'src': None, 'aria_label': 'Advertisement', 'class': None, 'id': 'google_ads_iframe_/65246246/timesofmalta.com/billboard2_0', 'text': ''}]",12,1,59,0.11195445920303605,49,0,8,0,0,28,67,0,0,1,0,0.0,0.0149,0.0,809,times_of_malta,home_page
67,21,77,15,28,0,1,13,1702,264,12,3,"[{'tag': 'iframe', 'src': None, 'aria_label': 'Advertisement', 'class': None, 'id': 'google_ads_iframe_/65246246/timesofmalta.com/billboard1_0', 'text': ''}, {'tag': 'iframe', 'src': None, 'aria_label': 'Advertisement', 'class': None, 'id': 'google_ads_iframe_/65246246/timesofmalta.com/sidebar1_0', 'text': ''}, {'tag': 'iframe', 'src': None, 'aria_label': 'Advertisement', 'class': None, 'id': 'google_ads_iframe_/65246246/timesofmalta.com/billboard2_0', 'text': ''}]",12,1,59,0.11195445920303605,49,0,8,0,0,28,67,0,0,1,0,0.0,0.0149,0.0,810,times_of_malta,home_page
67,21,77,15,28,0,1,13,1702,264,12,3,"[{'tag': 'iframe', 'src': None, 'aria_label': 'Advertisement', 'class': None, 'id': 'google_ads_iframe_/65246246/timesofmalta.com/billboard1_0', 'text': ''}, {'tag': 'iframe', 'src': None, 'aria_label': 'Advertisement', 'class': None, 'id': 'google_ads_iframe_/65246246/timesofmalta.com/sidebar1_0', 'text': ''}, {'tag': 'iframe', 'src': None, 'aria_label': 'Advertisement', 'class': None, 'id': 'google_ads_iframe_/65246246/timesofmalta.com/billboard2_0', 'text': ''}]",12,1,59,0.11195445920303605,49,0,8,0,0,28,67,0,0,1,0,0.0,0.0149,0.0,811,times_of_malta,home_page
67,21,77,15,28,0,1,13,1702,264,12,3,"[{'tag': 'iframe', 'src': None, 'aria_label': 'Advertisement', 'class': None, 'id': 'google_ads_iframe_/65246246/timesofmalta.com/billboard1_0', 'text': ''}, {'tag': 'iframe', 'src': None, 'aria_label': 'Advertisement', 'class': None, 'id': 'google_ads_iframe_/65246246/timesofmalta.com/sidebar1_0', 'text': ''}, {'tag': 'iframe', 'src': None, 'aria_label': 'Advertisement', 'class': None, 'id': 'google_ads_iframe_/65246246/timesofmalta.com/billboard2_0', 'text': ''}]",12,1,59,0.11195445920303605,49,0,8,0,0,28,67,0,0,1,0,0.0,0.0149,0.0,812,times_of_malta,home_page
67,21,77,15,28,0,1,13,1702,264,12,3,"[{'tag': 'iframe', 'src': None, 'aria_label': 'Advertisement', 'class': None, 'id': 'google_ads_iframe_/65246246/timesofmalta.com/billboard1_0', 'text': ''}, {'tag': 'iframe', 'src': None, 'aria_label': 'Advertisement', 'class': None, 'id': 'google_ads_iframe_/65246246/timesofmalta.com/sidebar1_0', 'text': ''}, {'tag': 'iframe', 'src': None, 'aria_label': 'Advertisement', 'class': None, 'id': 'google_ads_iframe_/65246246/timesofmalta.com/billboard2_0', 'text': ''}]",12,1,59,0.11195445920303605,49,0,8,0,0,28,67,0,0,1,0,0.0,0.0149,0.0,813,times_of_malta,home_page
67,21,77,15,28,0,1,13,1702,264,12,3,"[{'tag': 'iframe', 'src': None, 'aria_label': 'Advertisement', 'class': None, 'id': 'google_ads_iframe_/65246246/timesofmalta.com/billboard1_0', 'text': ''}, {'tag': 'iframe', 'src': None, 'aria_label': 'Advertisement', 'class': None, 'id': 'google_ads_iframe_/65246246/timesofmalta.com/sidebar1_0', 'text': ''}, {'tag': 'iframe', 'src': None, 'aria_label': 'Advertisement', 'class': None, 'id': 'google_ads_iframe_/65246246/timesofmalta.com/billboard2_0', 'text': ''}]",12,1,59,0.11195445920303605,49,0,8,0,0,28,67,0,0,1,0,0.0,0.0149,0.0,814,times_of_malta,home_page
67,21,77,15,28,0,1,13,1702,264,12,3,"[{'tag': 'iframe', 'src': None, 'aria_label': 'Advertisement', 'class': None, 'id': 'google_ads_iframe_/65246246/timesofmalta.com/billboard1_0', 'text': ''}, {'tag': 'iframe', 'src': None, 'aria_label': 'Advertisement', 'class': None, 'id': 'google_ads_iframe_/65246246/timesofmalta.com/sidebar1_0', 'text': ''}, {'tag': 'iframe', 'src': None, 'aria_label': 'Advertisement', 'class': None, 'id': 'google_ads_iframe_/65246246/timesofmalta.com/billboard2_0', 'text': ''}]",12,1,59,0.11195445920303605,49,0,8,0,0,28,67,0,0,1,0,0.0,0.0149,0.0,815,times_of_malta,home_page
67,21,77,15,28,0,1,13,1702,264,12,3,"[{'tag': 'iframe', 'src': None, 'aria_label': 'Advertisement', 'class': None, 'id': 'google_ads_iframe_/65246246/timesofmalta.com/billboard1_0', 'text': ''}, {'tag': 'iframe', 'src': None, 'aria_label': 'Advertisement', 'class': None, 'id': 'google_ads_iframe_/65246246/timesofmalta.com/sidebar1_0', 'text': ''}, {'tag': 'iframe', 'src': None, 'aria_label': 'Advertisement', 'class': None, 'id': 'google_ads_iframe_/65246246/timesofmalta.com/billboard2_0', 'text': ''}]",12,1,59,0.11195445920303605,49,0,8,0,0,28,67,0,0,1,0,0.0,0.0149,0.0,816,times_of_malta,home_page
67,21,77,15,28,0,1,13,1702,264,12,3,"[{'tag': 'iframe', 'src': None, 'aria_label': 'Advertisement', 'class': None, 'id': 'google_ads_iframe_/65246246/timesofmalta.com/billboard1_0', 'text': ''}, {'tag': 'iframe', 'src': None, 'aria_label': 'Advertisement', 'class': None, 'id': 'google_ads_iframe_/65246246/timesofmalta.com/sidebar1_0', 'text': ''}, {'tag': 'iframe', 'src': None, 'aria_label': 'Advertisement', 'class': None, 'id': 'google_ads_iframe_/65246246/timesofmalta.com/billboard2_0', 'text': ''}]",12,1,59,0.11195445920303605,49,0,8,0,0,28,67,0,0,1,0,0.0,0.0149,0.0,817,times_of_malta,home_page
67,21,77,15,28,0,1,13,1702,264,12,3,"[{'tag': 'iframe', 'src': None, 'aria_label': 'Advertisement', 'class': None, 'id': 'google_ads_iframe_/65246246/timesofmalta.com/billboard1_0', 'text': ''}, {'tag': 'iframe', 'src': None, 'aria_label': 'Advertisement', 'class': None, 'id': 'google_ads_iframe_/65246246/timesofmalta.com/sidebar1_0', 'text': ''}, {'tag': 'iframe', 'src': None, 'aria_label': 'Advertisement', 'class': None, 'id': 'google_ads_iframe_/65246246/timesofmalta.com/billboard2_0', 'text': ''}]",12,1,59,0.11195445920303605,49,0,8,0,0,28,67,0,0,1,0,0.0,0.0149,0.0,818,times_of_malta,home_page
67,21,77,15,28,0,1,13,1702,264,12,3,"[{'tag': 'iframe', 'src': None, 'aria_label': 'Advertisement', 'class': None, 'id': 'google_ads_iframe_/65246246/timesofmalta.com/billboard1_0', 'text': ''}, {'tag': 'iframe', 'src': None, 'aria_label': 'Advertisement', 'class': None, 'id': 'google_ads_iframe_/65246246/timesofmalta.com/sidebar1_0', 'text': ''}, {'tag': 'iframe', 'src': None, 'aria_label': 'Advertisement', 'class': None, 'id': 'google_ads_iframe_/65246246/timesofmalta.com/billboard2_0', 'text': ''}]",12,1,59,0.11195445920303605,49,0,8,0,0,28,67,0,0,1,0,0.0,0.0149,0.0,819,times_of_malta,home_page
67,21,77,15,28,0,1,13,1702,264,12,3,"[{'tag': 'iframe', 'src': None, 'aria_label': 'Advertisement', 'class': None, 'id': 'google_ads_iframe_/65246246/timesofmalta.com/billboard1_0', 'text': ''}, {'tag': 'iframe', 'src': None, 'aria_label': 'Advertisement', 'class': None, 'id': 'google_ads_iframe_/65246246/timesofmalta.com/sidebar1_0', 'text': ''}, {'tag': 'iframe', 'src': None, 'aria_label': 'Advertisement', 'class': None, 'id': 'google_ads_iframe_/65246246/timesofmalta.com/billboard2_0', 'text': ''}]",12,1,59,0.11195445920303605,49,0,8,0,0,28,67,0,0,1,0,0.0,0.0149,0.0,820,times_of_malta,home_page
67,21,77,15,28,0,1,13,1702,264,12,3,"[{'tag': 'iframe', 'src': None, 'aria_label': 'Advertisement', 'class': None, 'id': 'google_ads_iframe_/65246246/timesofmalta.com/billboard1_0', 'text': ''}, {'tag': 'iframe', 'src': None, 'aria_label': 'Advertisement', 'class': None, 'id': 'google_ads_iframe_/65246246/timesofmalta.com/sidebar1_0', 'text': ''}, {'tag': 'iframe', 'src': None, 'aria_label': 'Advertisement', 'class': None, 'id': 'google_ads_iframe_/65246246/timesofmalta.com/billboard2_0', 'text': ''}]",12,1,59,0.11195445920303605,49,0,8,0,0,28,67,0,0,1,0,0.0,0.0149,0.0,821,times_of_malta,home_page
67,21,77,15,28,0,1,13,1702,264,12,3,"[{'tag': 'iframe', 'src': None, 'aria_label': 'Advertisement', 'class': None, 'id': 'google_ads_iframe_/65246246/timesofmalta.com/billboard1_0', 'text': ''}, {'tag': 'iframe', 'src': None, 'aria_label': 'Advertisement', 'class': None, 'id': 'google_ads_iframe_/65246246/timesofmalta.com/sidebar1_0', 'text': ''}, {'tag': 'iframe', 'src': None, 'aria_label': 'Advertisement', 'class': None, 'id': 'google_ads_iframe_/65246246/timesofmalta.com/billboard2_0', 'text': ''}]",12,1,59,0.11195445920303605,49,0,8,0,0,28,67,0,0,1,0,0.0,0.0149,0.0,822,times_of_malta,home_page
67,21,77,15,28,0,1,13,1702,264,12,3,"[{'tag': 'iframe', 'src': None, 'aria_label': 'Advertisement', 'class': None, 'id': 'google_ads_iframe_/65246246/timesofmalta.com/billboard1_0', 'text': ''}, {'tag': 'iframe', 'src': None, 'aria_label': 'Advertisement', 'class': None, 'id': 'google_ads_iframe_/65246246/timesofmalta.com/sidebar1_0', 'text': ''}, {'tag': 'iframe', 'src': None, 'aria_label': 'Advertisement', 'class': None, 'id': 'google_ads_iframe_/65246246/timesofmalta.com/billboard2_0', 'text': ''}]",12,1,59,0.11195445920303605,49,0,8,0,0,28,67,0,0,1,0,0.0,0.0149,0.0,823,times_of_malta,home_page
67,21,77,15,28,0,1,13,1702,264,12,3,"[{'tag': 'iframe', 'src': None, 'aria_label': 'Advertisement', 'class': None, 'id': 'google_ads_iframe_/65246246/timesofmalta.com/billboard1_0', 'text': ''}, {'tag': 'iframe', 'src': None, 'aria_label': 'Advertisement', 'class': None, 'id': 'google_ads_iframe_/65246246/timesofmalta.com/sidebar1_0', 'text': ''}, {'tag': 'iframe', 'src': None, 'aria_label': 'Advertisement', 'class': None, 'id': 'google_ads_iframe_/65246246/timesofmalta.com/billboard2_0', 'text': ''}]",12,1,59,0.11195445920303605,49,0,8,0,0,28,67,0,0,1,0,0.0,0.0149,0.0,824,times_of_malta,home_page
67,21,77,15,28,0,1,13,1702,264,12,3,"[{'tag': 'iframe', 'src': None, 'aria_label': 'Advertisement', 'class': None, 'id': 'google_ads_iframe_/65246246/timesofmalta.com/billboard1_0', 'text': ''}, {'tag': 'iframe', 'src': None, 'aria_label': 'Advertisement', 'class': None, 'id': 'google_ads_iframe_/65246246/timesofmalta.com/sidebar1_0', 'text': ''}, {'tag': 'iframe', 'src': None, 'aria_label': 'Advertisement', 'class': None, 'id': 'google_ads_iframe_/65246246/timesofmalta.com/billboard2_0', 'text': ''}]",12,1,59,0.11195445920303605,49,0,8,0,0,28,67,0,0,1,0,0.0,0.0149,0.0,825,times_of_malta,home_page
67,21,77,15,28,0,1,13,1702,264,12,3,"[{'tag': 'iframe', 'src': None, 'aria_label': 'Advertisement', 'class': None, 'id': 'google_ads_iframe_/65246246/timesofmalta.com/billboard1_0', 'text': ''}, {'tag': 'iframe', 'src': None, 'aria_label': 'Advertisement', 'class': None, 'id': 'google_ads_iframe_/65246246/timesofmalta.com/sidebar1_0', 'text': ''}, {'tag': 'iframe', 'src': None, 'aria_label': 'Advertisement', 'class': None, 'id': 'google_ads_iframe_/65246246/timesofmalta.com/billboard2_0', 'text': ''}]",12,1,59,0.11195445920303605,49,0,8,0,0,28,67,0,0,1,0,0.0,0.0149,0.0,826,times_of_malta,home_page
67,21,77,15,28,0,1,13,1702,264,12,3,"[{'tag': 'iframe', 'src': None, 'aria_label': 'Advertisement', 'class': None, 'id': 'google_ads_iframe_/65246246/timesofmalta.com/billboard1_0', 'text': ''}, {'tag': 'iframe', 'src': None, 'aria_label': 'Advertisement', 'class': None, 'id': 'google_ads_iframe_/65246246/timesofmalta.com/sidebar1_0', 'text': ''}, {'tag': 'iframe', 'src': None, 'aria_label': 'Advertisement', 'class': None, 'id': 'google_ads_iframe_/65246246/timesofmalta.com/billboard2_0', 'text': ''}]",12,1,59,0.11195445920303605,49,0,8,0,0,28,67,0,0,1,0,0.0,0.0149,0.0,827,times_of_malta,home_page
67,21,77,15,28,0,1,13,1702,264,12,3,"[{'tag': 'iframe', 'src': None, 'aria_label': 'Advertisement', 'class': None, 'id': 'google_ads_iframe_/65246246/timesofmalta.com/billboard1_0', 'text': ''}, {'tag': 'iframe', 'src': None, 'aria_label': 'Advertisement', 'class': None, 'id': 'google_ads_iframe_/65246246/timesofmalta.com/sidebar1_0', 'text': ''}, {'tag': 'iframe', 'src': None, 'aria_label': 'Advertisement', 'class': None, 'id': 'google_ads_iframe_/65246246/timesofmalta.com/billboard2_0', 'text': ''}]",12,1,59,0.11195445920303605,49,0,8,0,0,28,67,0,0,1,0,0.0,0.0149,0.0,828,times_of_malta,home_page
67,21,77,15,28,0,1,13,1702,264,12,3,"[{'tag': 'iframe', 'src': None, 'aria_label': 'Advertisement', 'class': None, 'id': 'google_ads_iframe_/65246246/timesofmalta.com/billboard1_0', 'text': ''}, {'tag': 'iframe', 'src': None, 'aria_label': 'Advertisement', 'class': None, 'id': 'google_ads_iframe_/65246246/timesofmalta.com/sidebar1_0', 'text': ''}, {'tag': 'iframe', 'src': None, 'aria_label': 'Advertisement', 'class': None, 'id': 'google_ads_iframe_/65246246/timesofmalta.com/billboard2_0', 'text': ''}]",12,1,59,0.11195445920303605,49,0,8,0,0,28,67,0,0,1,0,0.0,0.0149,0.0,829,times_of_malta,home_page
67,21,77,15,28,0,1,13,1702,264,12,3,"[{'tag': 'iframe', 'src': None, 'aria_label': 'Advertisement', 'class': None, 'id': 'google_ads_iframe_/65246246/timesofmalta.com/billboard1_0', 'text': ''}, {'tag': 'iframe', 'src': None, 'aria_label': 'Advertisement', 'class': None, 'id': 'google_ads_iframe_/65246246/timesofmalta.com/sidebar1_0', 'text': ''}, {'tag': 'iframe', 'src': None, 'aria_label': 'Advertisement', 'class': None, 'id': 'google_ads_iframe_/65246246/timesofmalta.com/billboard2_0', 'text': ''}]",12,1,59,0.11195445920303605,49,0,8,0,0,28,67,0,0,1,0,0.0,0.0149,0.0,830,times_of_malta,home_page
67,21,77,15,28,0,1,13,1702,264,12,3,"[{'tag': 'iframe', 'src': None, 'aria_label': 'Advertisement', 'class': None, 'id': 'google_ads_iframe_/65246246/timesofmalta.com/billboard1_0', 'text': ''}, {'tag': 'iframe', 'src': None, 'aria_label': 'Advertisement', 'class': None, 'id': 'google_ads_iframe_/65246246/timesofmalta.com/sidebar1_0', 'text': ''}, {'tag': 'iframe', 'src': None, 'aria_label': 'Advertisement', 'class': None, 'id': 'google_ads_iframe_/65246246/timesofmalta.com/billboard2_0', 'text': ''}]",12,1,59,0.11195445920303605,49,0,8,0,0,28,67,0,0,1,0,0.0,0.0149,0.0,831,times_of_malta,home_page
67,21,77,15,28,0,1,13,1702,264,12,3,"[{'tag': 'iframe', 'src': None, 'aria_label': 'Advertisement', 'class': None, 'id': 'google_ads_iframe_/65246246/timesofmalta.com/billboard1_0', 'text': ''}, {'tag': 'iframe', 'src': None, 'aria_label': 'Advertisement', 'class': None, 'id': 'google_ads_iframe_/65246246/timesofmalta.com/sidebar1_0', 'text': ''}, {'tag': 'iframe', 'src': None, 'aria_label': 'Advertisement', 'class': None, 'id': 'google_ads_iframe_/65246246/timesofmalta.com/billboard2_0', 'text': ''}]",12,1,59,0.11195445920303605,49,0,8,0,0,28,67,0,0,1,0,0.0,0.0149,0.0,832,times_of_malta,home_page
67,21,77,15,28,0,1,13,1702,264,12,3,"[{'tag': 'iframe', 'src': None, 'aria_label': 'Advertisement', 'class': None, 'id': 'google_ads_iframe_/65246246/timesofmalta.com/billboard1_0', 'text': ''}, {'tag': 'iframe', 'src': None, 'aria_label': 'Advertisement', 'class': None, 'id': 'google_ads_iframe_/65246246/timesofmalta.com/sidebar1_0', 'text': ''}, {'tag': 'iframe', 'src': None, 'aria_label': 'Advertisement', 'class': None, 'id': 'google_ads_iframe_/65246246/timesofmalta.com/billboard2_0', 'text': ''}]",12,1,59,0.11195445920303605,49,0,8,0,0,28,67,0,0,1,0,0.0,0.0149,0.0,833,times_of_malta,home_page
173,42,67,20,121,1,32,35,7139,1182,14,2,"[{'tag': 'iframe', 'src': None, 'aria_label': 'Advertisement', 'class': None, 'id': 'google_ads_iframe_/65246246/timesofmalta.com/billboard1_0', 'text': ''}, {'tag': 'iframe', 'src': 'https://337a8b6605a13a0a6a6f0473de21aad7.safeframe.googlesyndication.com/safeframe/1-0-45/html/container.html', 'aria_label': 'Advertisement', 'class': None, 'id': 'google_ads_iframe_/65246246/timesofmalta.com/sidebar1_0', 'text': ''}]",18,1,162,0.13763806287170774,122,1,35,0,0,121,173,5,0,4,5,0.0,0.0231,1.0,834,times_of_malta,news_listing
173,42,67,20,121,1,32,35,7139,1182,14,2,"[{'tag': 'iframe', 'src': None, 'aria_label': 'Advertisement', 'class': None, 'id': 'google_ads_iframe_/65246246/timesofmalta.com/billboard1_0', 'text': ''}, {'tag': 'iframe', 'src': 'https://337a8b6605a13a0a6a6f0473de21aad7.safeframe.googlesyndication.com/safeframe/1-0-45/html/container.html', 'aria_label': 'Advertisement', 'class': None, 'id': 'google_ads_iframe_/65246246/timesofmalta.com/sidebar1_0', 'text': ''}]",18,1,162,0.13763806287170774,122,1,35,0,0,121,173,5,0,4,5,0.0,0.0231,1.0,835,times_of_malta,news_listing
173,42,67,20,121,1,32,35,7139,1182,14,2,"[{'tag': 'iframe', 'src': None, 'aria_label': 'Advertisement', 'class': None, 'id': 'google_ads_iframe_/65246246/timesofmalta.com/billboard1_0', 'text': ''}, {'tag': 'iframe', 'src': 'https://337a8b6605a13a0a6a6f0473de21aad7.safeframe.googlesyndication.com/safeframe/1-0-45/html/container.html', 'aria_label': 'Advertisement', 'class': None, 'id': 'google_ads_iframe_/65246246/timesofmalta.com/sidebar1_0', 'text': ''}]",18,1,162,0.13763806287170774,122,1,35,0,0,121,173,5,0,4,5,0.0,0.0231,1.0,836,times_of_malta,news_listing
173,42,67,20,121,1,32,35,7139,1182,14,2,"[{'tag': 'iframe', 'src': None, 'aria_label': 'Advertisement', 'class': None, 'id': 'google_ads_iframe_/65246246/timesofmalta.com/billboard1_0', 'text': ''}, {'tag': 'iframe', 'src': 'https://337a8b6605a13a0a6a6f0473de21aad7.safeframe.googlesyndication.com/safeframe/1-0-45/html/container.html', 'aria_label': 'Advertisement', 'class': None, 'id': 'google_ads_iframe_/65246246/timesofmalta.com/sidebar1_0', 'text': ''}]",18,1,162,0.13763806287170774,122,1,35,0,0,121,173,5,0,4,5,0.0,0.0231,1.0,837,times_of_malta,news_listing
173,42,67,20,121,1,32,35,7139,1182,14,2,"[{'tag': 'iframe', 'src': None, 'aria_label': 'Advertisement', 'class': None, 'id': 'google_ads_iframe_/65246246/timesofmalta.com/billboard1_0', 'text': ''}, {'tag': 'iframe', 'src': 'https://337a8b6605a13a0a6a6f0473de21aad7.safeframe.googlesyndication.com/safeframe/1-0-45/html/container.html', 'aria_label': 'Advertisement', 'class': None, 'id': 'google_ads_iframe_/65246246/timesofmalta.com/sidebar1_0', 'text': ''}]",18,1,162,0.13763806287170774,122,1,35,0,0,121,173,5,0,4,5,0.0,0.0231,1.0,838,times_of_malta,news_listing
173,42,67,20,121,1,32,35,7139,1182,14,2,"[{'tag': 'iframe', 'src': None, 'aria_label': 'Advertisement', 'class': None, 'id': 'google_ads_iframe_/65246246/timesofmalta.com/billboard1_0', 'text': ''}, {'tag': 'iframe', 'src': 'https://337a8b6605a13a0a6a6f0473de21aad7.safeframe.googlesyndication.com/safeframe/1-0-45/html/container.html', 'aria_label': 'Advertisement', 'class': None, 'id': 'google_ads_iframe_/65246246/timesofmalta.com/sidebar1_0', 'text': ''}]",18,1,162,0.13763806287170774,122,1,35,0,0,121,173,5,0,4,5,0.0,0.0231,1.0,839,times_of_malta,news_listing
173,42,67,20,121,1,32,35,7139,1182,14,2,"[{'tag': 'iframe', 'src': None, 'aria_label': 'Advertisement', 'class': None, 'id': 'google_ads_iframe_/65246246/timesofmalta.com/billboard1_0', 'text': ''}, {'tag': 'iframe', 'src': 'https://337a8b6605a13a0a6a6f0473de21aad7.safeframe.googlesyndication.com/safeframe/1-0-45/html/container.html', 'aria_label': 'Advertisement', 'class': None, 'id': 'google_ads_iframe_/65246246/timesofmalta.com/sidebar1_0', 'text': ''}]",18,1,162,0.13763806287170774,122,1,35,0,0,121,173,5,0,4,5,0.0,0.0231,1.0,840,times_of_malta,news_listing
173,42,67,20,121,1,32,35,7139,1182,14,2,"[{'tag': 'iframe', 'src': None, 'aria_label': 'Advertisement', 'class': None, 'id': 'google_ads_iframe_/65246246/timesofmalta.com/billboard1_0', 'text': ''}, {'tag': 'iframe', 'src': 'https://337a8b6605a13a0a6a6f0473de21aad7.safeframe.googlesyndication.com/safeframe/1-0-45/html/container.html', 'aria_label': 'Advertisement', 'class': None, 'id': 'google_ads_iframe_/65246246/timesofmalta.com/sidebar1_0', 'text': ''}]",18,1,162,0.13763806287170774,122,1,35,0,0,121,173,5,0,4,5,0.0,0.0231,1.0,841,times_of_malta,news_listing
173,42,67,20,121,1,32,35,7139,1182,14,2,"[{'tag': 'iframe', 'src': None, 'aria_label': 'Advertisement', 'class': None, 'id': 'google_ads_iframe_/65246246/timesofmalta.com/billboard1_0', 'text': ''}, {'tag': 'iframe', 'src': 'https://337a8b6605a13a0a6a6f0473de21aad7.safeframe.googlesyndication.com/safeframe/1-0-45/html/container.html', 'aria_label': 'Advertisement', 'class': None, 'id': 'google_ads_iframe_/65246246/timesofmalta.com/sidebar1_0', 'text': ''}]",18,1,162,0.13763806287170774,122,1,35,0,0,121,173,5,0,4,5,0.0,0.0231,1.0,842,times_of_malta,news_listing
173,42,67,20,121,1,32,35,7139,1182,14,2,"[{'tag': 'iframe', 'src': None, 'aria_label': 'Advertisement', 'class': None, 'id': 'google_ads_iframe_/65246246/timesofmalta.com/billboard1_0', 'text': ''}, {'tag': 'iframe', 'src': 'https://337a8b6605a13a0a6a6f0473de21aad7.safeframe.googlesyndication.com/safeframe/1-0-45/html/container.html', 'aria_label': 'Advertisement', 'class': None, 'id': 'google_ads_iframe_/65246246/timesofmalta.com/sidebar1_0', 'text': ''}]",18,1,162,0.13763806287170774,122,1,35,0,0,121,173,5,0,4,5,0.0,0.0231,1.0,843,times_of_malta,news_listing
172,42,67,20,107,0,31,35,7190,1174,14,2,"[{'tag': 'iframe', 'src': None, 'aria_label': 'Advertisement', 'class': None, 'id': 'google_ads_iframe_/65246246/timesofmalta.com/billboard1_0', 'text': ''}, {'tag': 'iframe', 'src': 'https://f25e79b765a0806438a4d4526136a229.safeframe.googlesyndication.com/safeframe/1-0-45/html/container.html', 'aria_label': 'Advertisement', 'class': None, 'id': 'google_ads_iframe_/65246246/timesofmalta.com/sidebar1_0', 'text': ''}]",18,1,159,0.1394736842105263,121,0,35,0,0,107,172,0,0,4,0,0.0,0.0233,0.0,844,times_of_malta,news_listing
172,42,67,20,107,0,31,35,7190,1174,14,2,"[{'tag': 'iframe', 'src': None, 'aria_label': 'Advertisement', 'class': None, 'id': 'google_ads_iframe_/65246246/timesofmalta.com/billboard1_0', 'text': ''}, {'tag': 'iframe', 'src': 'https://f25e79b765a0806438a4d4526136a229.safeframe.googlesyndication.com/safeframe/1-0-45/html/container.html', 'aria_label': 'Advertisement', 'class': None, 'id': 'google_ads_iframe_/65246246/timesofmalta.com/sidebar1_0', 'text': ''}]",18,1,159,0.1394736842105263,121,0,35,0,0,107,172,0,0,4,0,0.0,0.0233,0.0,845,times_of_malta,news_listing
172,42,67,20,107,0,31,35,7190,1174,14,2,"[{'tag': 'iframe', 'src': None, 'aria_label': 'Advertisement', 'class': None, 'id': 'google_ads_iframe_/65246246/timesofmalta.com/billboard1_0', 'text': ''}, {'tag': 'iframe', 'src': 'https://f25e79b765a0806438a4d4526136a229.safeframe.googlesyndication.com/safeframe/1-0-45/html/container.html', 'aria_label': 'Advertisement', 'class': None, 'id': 'google_ads_iframe_/65246246/timesofmalta.com/sidebar1_0', 'text': ''}]",18,1,159,0.1394736842105263,121,0,35,0,0,107,172,0,0,4,0,0.0,0.0233,0.0,846,times_of_malta,news_listing
172,42,67,20,107,0,31,35,7190,1174,14,2,"[{'tag': 'iframe', 'src': None, 'aria_label': 'Advertisement', 'class': None, 'id': 'google_ads_iframe_/65246246/timesofmalta.com/billboard1_0', 'text': ''}, {'tag': 'iframe', 'src': 'https://f25e79b765a0806438a4d4526136a229.safeframe.googlesyndication.com/safeframe/1-0-45/html/container.html', 'aria_label': 'Advertisement', 'class': None, 'id': 'google_ads_iframe_/65246246/timesofmalta.com/sidebar1_0', 'text': ''}]",18,1,159,0.1394736842105263,121,0,35,0,0,107,172,0,0,4,0,0.0,0.0233,0.0,847,times_of_malta,news_listing
172,42,67,20,107,0,31,35,7190,1174,14,2,"[{'tag': 'iframe', 'src': None, 'aria_label': 'Advertisement', 'class': None, 'id': 'google_ads_iframe_/65246246/timesofmalta.com/billboard1_0', 'text': ''}, {'tag': 'iframe', 'src': 'https://f25e79b765a0806438a4d4526136a229.safeframe.googlesyndication.com/safeframe/1-0-45/html/container.html', 'aria_label': 'Advertisement', 'class': None, 'id': 'google_ads_iframe_/65246246/timesofmalta.com/sidebar1_0', 'text': ''}]",18,1,159,0.1394736842105263,121,0,35,0,0,107,172,0,0,4,0,0.0,0.0233,0.0,848,times_of_malta,news_listing
172,42,67,20,103,0,31,35,6525,1138,14,2,"[{'tag': 'iframe', 'src': 'https://73d2eb9222e502e543a94bafca6a0713.safeframe.googlesyndication.com/safeframe/1-0-45/html/container.html', 'aria_label': 'Advertisement', 'class': None, 'id': 'google_ads_iframe_/65246246/timesofmalta.com/billboard1_0', 'text': ''}, {'tag': 'iframe', 'src': None, 'aria_label': 'Advertisement', 'class': None, 'id': 'google_ads_iframe_/65246246/timesofmalta.com/sidebar1_0', 'text': ''}]",18,1,161,0.14210061782877317,122,0,35,0,0,103,172,0,0,1,0,0.0,0.0058,0.0,849,times_of_malta,news_listing
172,42,67,20,103,0,31,35,6525,1138,14,2,"[{'tag': 'iframe', 'src': 'https://73d2eb9222e502e543a94bafca6a0713.safeframe.googlesyndication.com/safeframe/1-0-45/html/container.html', 'aria_label': 'Advertisement', 'class': None, 'id': 'google_ads_iframe_/65246246/timesofmalta.com/billboard1_0', 'text': ''}, {'tag': 'iframe', 'src': None, 'aria_label': 'Advertisement', 'class': None, 'id': 'google_ads_iframe_/65246246/timesofmalta.com/sidebar1_0', 'text': ''}]",18,1,161,0.14210061782877317,122,0,35,0,0,103,172,0,0,1,0,0.0,0.0058,0.0,850,times_of_malta,news_listing
172,42,67,20,103,0,31,35,6525,1138,14,2,"[{'tag': 'iframe', 'src': 'https://73d2eb9222e502e543a94bafca6a0713.safeframe.googlesyndication.com/safeframe/1-0-45/html/container.html', 'aria_label': 'Advertisement', 'class': None, 'id': 'google_ads_iframe_/65246246/timesofmalta.com/billboard1_0', 'text': ''}, {'tag': 'iframe', 'src': None, 'aria_label': 'Advertisement', 'class': None, 'id': 'google_ads_iframe_/65246246/timesofmalta.com/sidebar1_0', 'text': ''}]",18,1,161,0.14210061782877317,122,0,35,0,0,103,172,0,0,1,0,0.0,0.0058,0.0,851,times_of_malta,news_listing
172,42,67,20,103,0,31,35,6525,1138,14,2,"[{'tag': 'iframe', 'src': 'https://73d2eb9222e502e543a94bafca6a0713.safeframe.googlesyndication.com/safeframe/1-0-45/html/container.html', 'aria_label': 'Advertisement', 'class': None, 'id': 'google_ads_iframe_/65246246/timesofmalta.com/billboard1_0', 'text': ''}, {'tag': 'iframe', 'src': None, 'aria_label': 'Advertisement', 'class': None, 'id': 'google_ads_iframe_/65246246/timesofmalta.com/sidebar1_0', 'text': ''}]",18,1,161,0.14210061782877317,122,0,35,0,0,103,172,0,0,1,0,0.0,0.0058,0.0,852,times_of_malta,news_listing
172,42,67,20,103,0,31,35,6525,1138,14,2,"[{'tag': 'iframe', 'src': 'https://73d2eb9222e502e543a94bafca6a0713.safeframe.googlesyndication.com/safeframe/1-0-45/html/container.html', 'aria_label': 'Advertisement', 'class': None, 'id': 'google_ads_iframe_/65246246/timesofmalta.com/billboard1_0', 'text': ''}, {'tag': 'iframe', 'src': None, 'aria_label': 'Advertisement', 'class': None, 'id': 'google_ads_iframe_/65246246/timesofmalta.com/sidebar1_0', 'text': ''}]",18,1,161,0.14210061782877317,122,0,35,0,0,103,172,0,0,1,0,0.0,0.0058,0.0,853,times_of_malta,news_listing
172,42,67,20,103,0,31,35,6525,1138,14,2,"[{'tag': 'iframe', 'src': 'https://73d2eb9222e502e543a94bafca6a0713.safeframe.googlesyndication.com/safeframe/1-0-45/html/container.html', 'aria_label': 'Advertisement', 'class': None, 'id': 'google_ads_iframe_/65246246/timesofmalta.com/billboard1_0', 'text': ''}, {'tag': 'iframe', 'src': None, 'aria_label': 'Advertisement', 'class': None, 'id': 'google_ads_iframe_/65246246/timesofmalta.com/sidebar1_0', 'text': ''}]",18,1,161,0.14210061782877317,122,0,35,0,0,103,172,0,0,1,0,0.0,0.0058,0.0,854,times_of_malta,news_listing
172,42,67,20,103,0,31,35,6525,1138,14,2,"[{'tag': 'iframe', 'src': 'https://73d2eb9222e502e543a94bafca6a0713.safeframe.googlesyndication.com/safeframe/1-0-45/html/container.html', 'aria_label': 'Advertisement', 'class': None, 'id': 'google_ads_iframe_/65246246/timesofmalta.com/billboard1_0', 'text': ''}, {'tag': 'iframe', 'src': None, 'aria_label': 'Advertisement', 'class': None, 'id': 'google_ads_iframe_/65246246/timesofmalta.com/sidebar1_0', 'text': ''}]",18,1,161,0.14210061782877317,122,0,35,0,0,103,172,0,0,1,0,0.0,0.0058,0.0,855,times_of_malta,news_listing
172,42,67,20,121,0,31,35,6780,1192,14,2,"[{'tag': 'iframe', 'src': 'https://259ca2e938d750759dc93b2bc5c9374e.safeframe.googlesyndication.com/safeframe/1-0-45/html/container.html', 'aria_label': 'Advertisement', 'class': None, 'id': 'google_ads_iframe_/65246246/timesofmalta.com/billboard1_0', 'text': ''}, {'tag': 'iframe', 'src': None, 'aria_label': 'Advertisement', 'class': None, 'id': 'google_ads_iframe_/65246246/timesofmalta.com/sidebar1_0', 'text': ''}]",18,1,159,0.13826086956521738,121,0,35,0,0,121,172,0,0,1,0,0.0,0.0058,0.0,856,times_of_malta,news_listing
172,42,67,20,121,0,31,35,6780,1192,14,2,"[{'tag': 'iframe', 'src': 'https://259ca2e938d750759dc93b2bc5c9374e.safeframe.googlesyndication.com/safeframe/1-0-45/html/container.html', 'aria_label': 'Advertisement', 'class': None, 'id': 'google_ads_iframe_/65246246/timesofmalta.com/billboard1_0', 'text': ''}, {'tag': 'iframe', 'src': None, 'aria_label': 'Advertisement', 'class': None, 'id': 'google_ads_iframe_/65246246/timesofmalta.com/sidebar1_0', 'text': ''}]",18,1,159,0.13826086956521738,121,0,35,0,0,121,172,0,0,1,0,0.0,0.0058,0.0,857,times_of_malta,news_listing
172,42,67,20,121,0,31,35,6780,1192,14,2,"[{'tag': 'iframe', 'src': 'https://259ca2e938d750759dc93b2bc5c9374e.safeframe.googlesyndication.com/safeframe/1-0-45/html/container.html', 'aria_label': 'Advertisement', 'class': None, 'id': 'google_ads_iframe_/65246246/timesofmalta.com/billboard1_0', 'text': ''}, {'tag': 'iframe', 'src': None, 'aria_label': 'Advertisement', 'class': None, 'id': 'google_ads_iframe_/65246246/timesofmalta.com/sidebar1_0', 'text': ''}]",18,1,159,0.13826086956521738,121,0,35,0,0,121,172,0,0,1,0,0.0,0.0058,0.0,858,times_of_malta,news_listing
172,42,67,20,121,0,31,35,6780,1192,14,2,"[{'tag': 'iframe', 'src': 'https://259ca2e938d750759dc93b2bc5c9374e.safeframe.googlesyndication.com/safeframe/1-0-45/html/container.html', 'aria_label': 'Advertisement', 'class': None, 'id': 'google_ads_iframe_/65246246/timesofmalta.com/billboard1_0', 'text': ''}, {'tag': 'iframe', 'src': None, 'aria_label': 'Advertisement', 'class': None, 'id': 'google_ads_iframe_/65246246/timesofmalta.com/sidebar1_0', 'text': ''}]",18,1,159,0.13826086956521738,121,0,35,0,0,121,172,0,0,1,0,0.0,0.0058,0.0,859,times_of_malta,news_listing
172,42,67,20,121,0,31,35,6780,1192,14,2,"[{'tag': 'iframe', 'src': 'https://259ca2e938d750759dc93b2bc5c9374e.safeframe.googlesyndication.com/safeframe/1-0-45/html/container.html', 'aria_label': 'Advertisement', 'class': None, 'id': 'google_ads_iframe_/65246246/timesofmalta.com/billboard1_0', 'text': ''}, {'tag': 'iframe', 'src': None, 'aria_label': 'Advertisement', 'class': None, 'id': 'google_ads_iframe_/65246246/timesofmalta.com/sidebar1_0', 'text': ''}]",18,1,159,0.13826086956521738,121,0,35,0,0,121,172,0,0,1,0,0.0,0.0058,0.0,860,times_of_malta,news_listing
172,42,67,20,121,0,31,35,6780,1192,14,2,"[{'tag': 'iframe', 'src': 'https://259ca2e938d750759dc93b2bc5c9374e.safeframe.googlesyndication.com/safeframe/1-0-45/html/container.html', 'aria_label': 'Advertisement', 'class': None, 'id': 'google_ads_iframe_/65246246/timesofmalta.com/billboard1_0', 'text': ''}, {'tag': 'iframe', 'src': None, 'aria_label': 'Advertisement', 'class': None, 'id': 'google_ads_iframe_/65246246/timesofmalta.com/sidebar1_0', 'text': ''}]",18,1,159,0.13826086956521738,121,0,35,0,0,121,172,0,0,1,0,0.0,0.0058,0.0,861,times_of_malta,news_listing
160,42,68,20,101,0,31,35,7060,1145,14,2,"[{'tag': 'iframe', 'src': 'https://36f3a1eeb1263a5e8175da2252a93741.safeframe.googlesyndication.com/safeframe/1-0-45/html/container.html', 'aria_label': 'Advertisement', 'class': None, 'id': 'google_ads_iframe_/65246246/timesofmalta.com/billboard1_0', 'text': ''}, {'tag': 'iframe', 'src': 'https://36f3a1eeb1263a5e8175da2252a93741.safeframe.googlesyndication.com/safeframe/1-0-45/html/container.html', 'aria_label': 'Advertisement', 'class': None, 'id': 'google_ads_iframe_/65246246/timesofmalta.com/sidebar1_0', 'text': ''}]",18,1,149,0.1336322869955157,110,0,35,0,0,101,160,0,0,9,0,0.0,0.0563,0.0,862,times_of_malta,news_listing
160,42,68,20,101,0,31,35,7060,1145,14,2,"[{'tag': 'iframe', 'src': 'https://36f3a1eeb1263a5e8175da2252a93741.safeframe.googlesyndication.com/safeframe/1-0-45/html/container.html', 'aria_label': 'Advertisement', 'class': None, 'id': 'google_ads_iframe_/65246246/timesofmalta.com/billboard1_0', 'text': ''}, {'tag': 'iframe', 'src': 'https://36f3a1eeb1263a5e8175da2252a93741.safeframe.googlesyndication.com/safeframe/1-0-45/html/container.html', 'aria_label': 'Advertisement', 'class': None, 'id': 'google_ads_iframe_/65246246/timesofmalta.com/sidebar1_0', 'text': ''}]",18,1,149,0.1336322869955157,110,0,35,0,0,101,160,0,0,9,0,0.0,0.0563,0.0,863,times_of_malta,news_listing
160,42,68,20,101,0,31,35,7060,1145,14,2,"[{'tag': 'iframe', 'src': 'https://36f3a1eeb1263a5e8175da2252a93741.safeframe.googlesyndication.com/safeframe/1-0-45/html/container.html', 'aria_label': 'Advertisement', 'class': None, 'id': 'google_ads_iframe_/65246246/timesofmalta.com/billboard1_0', 'text': ''}, {'tag': 'iframe', 'src': 'https://36f3a1eeb1263a5e8175da2252a93741.safeframe.googlesyndication.com/safeframe/1-0-45/html/container.html', 'aria_label': 'Advertisement', 'class': None, 'id': 'google_ads_iframe_/65246246/timesofmalta.com/sidebar1_0', 'text': ''}]",18,1,149,0.1336322869955157,110,0,35,0,0,101,160,0,0,9,0,0.0,0.0563,0.0,864,times_of_malta,news_listing
160,42,68,20,101,0,31,35,7060,1145,14,2,"[{'tag': 'iframe', 'src': 'https://36f3a1eeb1263a5e8175da2252a93741.safeframe.googlesyndication.com/safeframe/1-0-45/html/container.html', 'aria_label': 'Advertisement', 'class': None, 'id': 'google_ads_iframe_/65246246/timesofmalta.com/billboard1_0', 'text': ''}, {'tag': 'iframe', 'src': 'https://36f3a1eeb1263a5e8175da2252a93741.safeframe.googlesyndication.com/safeframe/1-0-45/html/container.html', 'aria_label': 'Advertisement', 'class': None, 'id': 'google_ads_iframe_/65246246/timesofmalta.com/sidebar1_0', 'text': ''}]",18,1,149,0.1336322869955157,110,0,35,0,0,101,160,0,0,9,0,0.0,0.0563,0.0,865,times_of_malta,news_listing
160,42,68,20,101,0,31,35,7060,1145,14,2,"[{'tag': 'iframe', 'src': 'https://36f3a1eeb1263a5e8175da2252a93741.safeframe.googlesyndication.com/safeframe/1-0-45/html/container.html', 'aria_label': 'Advertisement', 'class': None, 'id': 'google_ads_iframe_/65246246/timesofmalta.com/billboard1_0', 'text': ''}, {'tag': 'iframe', 'src': 'https://36f3a1eeb1263a5e8175da2252a93741.safeframe.googlesyndication.com/safeframe/1-0-45/html/container.html', 'aria_label': 'Advertisement', 'class': None, 'id': 'google_ads_iframe_/65246246/timesofmalta.com/sidebar1_0', 'text': ''}]",18,1,149,0.1336322869955157,110,0,35,0,0,101,160,0,0,9,0,0.0,0.0563,0.0,866,times_of_malta,news_listing
160,42,68,20,101,0,31,35,7060,1145,14,2,"[{'tag': 'iframe', 'src': 'https://36f3a1eeb1263a5e8175da2252a93741.safeframe.googlesyndication.com/safeframe/1-0-45/html/container.html', 'aria_label': 'Advertisement', 'class': None, 'id': 'google_ads_iframe_/65246246/timesofmalta.com/billboard1_0', 'text': ''}, {'tag': 'iframe', 'src': 'https://36f3a1eeb1263a5e8175da2252a93741.safeframe.googlesyndication.com/safeframe/1-0-45/html/container.html', 'aria_label': 'Advertisement', 'class': None, 'id': 'google_ads_iframe_/65246246/timesofmalta.com/sidebar1_0', 'text': ''}]",18,1,149,0.1336322869955157,110,0,35,0,0,101,160,0,0,9,0,0.0,0.0563,0.0,867,times_of_malta,news_listing
160,42,68,20,101,0,31,35,7060,1145,14,2,"[{'tag': 'iframe', 'src': 'https://36f3a1eeb1263a5e8175da2252a93741.safeframe.googlesyndication.com/safeframe/1-0-45/html/container.html', 'aria_label': 'Advertisement', 'class': None, 'id': 'google_ads_iframe_/65246246/timesofmalta.com/billboard1_0', 'text': ''}, {'tag': 'iframe', 'src': 'https://36f3a1eeb1263a5e8175da2252a93741.safeframe.googlesyndication.com/safeframe/1-0-45/html/container.html', 'aria_label': 'Advertisement', 'class': None, 'id': 'google_ads_iframe_/65246246/timesofmalta.com/sidebar1_0', 'text': ''}]",18,1,149,0.1336322869955157,110,0,35,0,0,101,160,0,0,9,0,0.0,0.0563,0.0,868,times_of_malta,news_listing
160,42,68,20,101,0,31,35,7060,1145,14,2,"[{'tag': 'iframe', 'src': 'https://36f3a1eeb1263a5e8175da2252a93741.safeframe.googlesyndication.com/safeframe/1-0-45/html/container.html', 'aria_label': 'Advertisement', 'class': None, 'id': 'google_ads_iframe_/65246246/timesofmalta.com/billboard1_0', 'text': ''}, {'tag': 'iframe', 'src': 'https://36f3a1eeb1263a5e8175da2252a93741.safeframe.googlesyndication.com/safeframe/1-0-45/html/container.html', 'aria_label': 'Advertisement', 'class': None, 'id': 'google_ads_iframe_/65246246/timesofmalta.com/sidebar1_0', 'text': ''}]",18,1,149,0.1336322869955157,110,0,35,0,0,101,160,0,0,9,0,0.0,0.0563,0.0,869,times_of_malta,news_listing
160,42,68,20,101,0,31,35,7060,1145,14,2,"[{'tag': 'iframe', 'src': 'https://36f3a1eeb1263a5e8175da2252a93741.safeframe.googlesyndication.com/safeframe/1-0-45/html/container.html', 'aria_label': 'Advertisement', 'class': None, 'id': 'google_ads_iframe_/65246246/timesofmalta.com/billboard1_0', 'text': ''}, {'tag': 'iframe', 'src': 'https://36f3a1eeb1263a5e8175da2252a93741.safeframe.googlesyndication.com/safeframe/1-0-45/html/container.html', 'aria_label': 'Advertisement', 'class': None, 'id': 'google_ads_iframe_/65246246/timesofmalta.com/sidebar1_0', 'text': ''}]",18,1,149,0.1336322869955157,110,0,35,0,0,101,160,0,0,9,0,0.0,0.0563,0.0,870,times_of_malta,news_listing
160,42,68,20,104,0,31,35,7095,1173,14,2,"[{'tag': 'iframe', 'src': 'https://10c12fc94ce2f0a1402ca32677a1efa9.safeframe.googlesyndication.com/safeframe/1-0-45/html/container.html', 'aria_label': 'Advertisement', 'class': None, 'id': 'google_ads_iframe_/65246246/timesofmalta.com/billboard1_0', 'text': ''}, {'tag': 'iframe', 'src': 'https://10c12fc94ce2f0a1402ca32677a1efa9.safeframe.googlesyndication.com/safeframe/1-0-45/html/container.html', 'aria_label': 'Advertisement', 'class': None, 'id': 'google_ads_iframe_/65246246/timesofmalta.com/sidebar1_0', 'text': ''}]",18,1,147,0.13101604278074866,109,0,35,0,0,104,160,0,0,7,0,0.0,0.0437,0.0,871,times_of_malta,news_listing
160,42,68,20,104,0,31,35,7095,1173,14,2,"[{'tag': 'iframe', 'src': 'https://10c12fc94ce2f0a1402ca32677a1efa9.safeframe.googlesyndication.com/safeframe/1-0-45/html/container.html', 'aria_label': 'Advertisement', 'class': None, 'id': 'google_ads_iframe_/65246246/timesofmalta.com/billboard1_0', 'text': ''}, {'tag': 'iframe', 'src': 'https://10c12fc94ce2f0a1402ca32677a1efa9.safeframe.googlesyndication.com/safeframe/1-0-45/html/container.html', 'aria_label': 'Advertisement', 'class': None, 'id': 'google_ads_iframe_/65246246/timesofmalta.com/sidebar1_0', 'text': ''}]",18,1,147,0.13101604278074866,109,0,35,0,0,104,160,0,0,7,0,0.0,0.0437,0.0,872,times_of_malta,news_listing
160,42,68,20,104,0,31,35,7095,1173,14,2,"[{'tag': 'iframe', 'src': 'https://10c12fc94ce2f0a1402ca32677a1efa9.safeframe.googlesyndication.com/safeframe/1-0-45/html/container.html', 'aria_label': 'Advertisement', 'class': None, 'id': 'google_ads_iframe_/65246246/timesofmalta.com/billboard1_0', 'text': ''}, {'tag': 'iframe', 'src': 'https://10c12fc94ce2f0a1402ca32677a1efa9.safeframe.googlesyndication.com/safeframe/1-0-45/html/container.html', 'aria_label': 'Advertisement', 'class': None, 'id': 'google_ads_iframe_/65246246/timesofmalta.com/sidebar1_0', 'text': ''}]",18,1,147,0.13101604278074866,109,0,35,0,0,104,160,0,0,7,0,0.0,0.0437,0.0,873,times_of_malta,news_listing
160,42,68,20,104,0,31,35,7095,1173,14,2,"[{'tag': 'iframe', 'src': 'https://10c12fc94ce2f0a1402ca32677a1efa9.safeframe.googlesyndication.com/safeframe/1-0-45/html/container.html', 'aria_label': 'Advertisement', 'class': None, 'id': 'google_ads_iframe_/65246246/timesofmalta.com/billboard1_0', 'text': ''}, {'tag': 'iframe', 'src': 'https://10c12fc94ce2f0a1402ca32677a1efa9.safeframe.googlesyndication.com/safeframe/1-0-45/html/container.html', 'aria_label': 'Advertisement', 'class': None, 'id': 'google_ads_iframe_/65246246/timesofmalta.com/sidebar1_0', 'text': ''}]",18,1,147,0.13101604278074866,109,0,35,0,0,104,160,0,0,7,0,0.0,0.0437,0.0,874,times_of_malta,news_listing
160,42,68,20,104,0,31,35,7095,1173,14,2,"[{'tag': 'iframe', 'src': 'https://10c12fc94ce2f0a1402ca32677a1efa9.safeframe.googlesyndication.com/safeframe/1-0-45/html/container.html', 'aria_label': 'Advertisement', 'class': None, 'id': 'google_ads_iframe_/65246246/timesofmalta.com/billboard1_0', 'text': ''}, {'tag': 'iframe', 'src': 'https://10c12fc94ce2f0a1402ca32677a1efa9.safeframe.googlesyndication.com/safeframe/1-0-45/html/container.html', 'aria_label': 'Advertisement', 'class': None, 'id': 'google_ads_iframe_/65246246/timesofmalta.com/sidebar1_0', 'text': ''}]",18,1,147,0.13101604278074866,109,0,35,0,0,104,160,0,0,7,0,0.0,0.0437,0.0,875,times_of_malta,news_listing
160,42,68,20,104,0,31,35,7095,1173,14,2,"[{'tag': 'iframe', 'src': 'https://10c12fc94ce2f0a1402ca32677a1efa9.safeframe.googlesyndication.com/safeframe/1-0-45/html/container.html', 'aria_label': 'Advertisement', 'class': None, 'id': 'google_ads_iframe_/65246246/timesofmalta.com/billboard1_0', 'text': ''}, {'tag': 'iframe', 'src': 'https://10c12fc94ce2f0a1402ca32677a1efa9.safeframe.googlesyndication.com/safeframe/1-0-45/html/container.html', 'aria_label': 'Advertisement', 'class': None, 'id': 'google_ads_iframe_/65246246/timesofmalta.com/sidebar1_0', 'text': ''}]",18,1,147,0.13101604278074866,109,0,35,0,0,104,160,0,0,7,0,0.0,0.0437,0.0,876,times_of_malta,news_listing
160,42,68,20,104,0,31,35,7095,1173,14,2,"[{'tag': 'iframe', 'src': 'https://10c12fc94ce2f0a1402ca32677a1efa9.safeframe.googlesyndication.com/safeframe/1-0-45/html/container.html', 'aria_label': 'Advertisement', 'class': None, 'id': 'google_ads_iframe_/65246246/timesofmalta.com/billboard1_0', 'text': ''}, {'tag': 'iframe', 'src': 'https://10c12fc94ce2f0a1402ca32677a1efa9.safeframe.googlesyndication.com/safeframe/1-0-45/html/container.html', 'aria_label': 'Advertisement', 'class': None, 'id': 'google_ads_iframe_/65246246/timesofmalta.com/sidebar1_0', 'text': ''}]",18,1,147,0.13101604278074866,109,0,35,0,0,104,160,0,0,7,0,0.0,0.0437,0.0,877,times_of_malta,news_listing
160,42,68,20,104,0,31,35,7095,1173,14,2,"[{'tag': 'iframe', 'src': 'https://10c12fc94ce2f0a1402ca32677a1efa9.safeframe.googlesyndication.com/safeframe/1-0-45/html/container.html', 'aria_label': 'Advertisement', 'class': None, 'id': 'google_ads_iframe_/65246246/timesofmalta.com/billboard1_0', 'text': ''}, {'tag': 'iframe', 'src': 'https://10c12fc94ce2f0a1402ca32677a1efa9.safeframe.googlesyndication.com/safeframe/1-0-45/html/container.html', 'aria_label': 'Advertisement', 'class': None, 'id': 'google_ads_iframe_/65246246/timesofmalta.com/sidebar1_0', 'text': ''}]",18,1,147,0.13101604278074866,109,0,35,0,0,104,160,0,0,7,0,0.0,0.0437,0.0,878,times_of_malta,news_listing
160,42,68,20,104,0,31,35,7095,1173,14,2,"[{'tag': 'iframe', 'src': 'https://10c12fc94ce2f0a1402ca32677a1efa9.safeframe.googlesyndication.com/safeframe/1-0-45/html/container.html', 'aria_label': 'Advertisement', 'class': None, 'id': 'google_ads_iframe_/65246246/timesofmalta.com/billboard1_0', 'text': ''}, {'tag': 'iframe', 'src': 'https://10c12fc94ce2f0a1402ca32677a1efa9.safeframe.googlesyndication.com/safeframe/1-0-45/html/container.html', 'aria_label': 'Advertisement', 'class': None, 'id': 'google_ads_iframe_/65246246/timesofmalta.com/sidebar1_0', 'text': ''}]",18,1,147,0.13101604278074866,109,0,35,0,0,104,160,0,0,7,0,0.0,0.0437,0.0,879,times_of_malta,news_listing
160,42,68,20,104,0,31,35,7095,1173,14,2,"[{'tag': 'iframe', 'src': 'https://10c12fc94ce2f0a1402ca32677a1efa9.safeframe.googlesyndication.com/safeframe/1-0-45/html/container.html', 'aria_label': 'Advertisement', 'class': None, 'id': 'google_ads_iframe_/65246246/timesofmalta.com/billboard1_0', 'text': ''}, {'tag': 'iframe', 'src': 'https://10c12fc94ce2f0a1402ca32677a1efa9.safeframe.googlesyndication.com/safeframe/1-0-45/html/container.html', 'aria_label': 'Advertisement', 'class': None, 'id': 'google_ads_iframe_/65246246/timesofmalta.com/sidebar1_0', 'text': ''}]",18,1,147,0.13101604278074866,109,0,35,0,0,104,160,0,0,7,0,0.0,0.0437,0.0,880,times_of_malta,news_listing
151,39,67,20,94,0,31,31,6016,973,14,2,"[{'tag': 'iframe', 'src': 'https://ac60ad43b0456784e1107fa87acb857c.safeframe.googlesyndication.com/safeframe/1-0-45/html/container.html', 'aria_label': 'Advertisement', 'class': None, 'id': 'google_ads_iframe_/65246246/timesofmalta.com/billboard1_0', 'text': ''}, {'tag': 'iframe', 'src': None, 'aria_label': 'Advertisement', 'class': None, 'id': 'google_ads_iframe_/65246246/timesofmalta.com/sidebar1_0', 'text': ''}]",18,1,143,0.1330232558139535,104,0,35,0,0,94,151,0,0,17,0,0.0,0.1126,0.0,881,times_of_malta,news_listing
151,39,67,20,94,0,31,31,6016,973,14,2,"[{'tag': 'iframe', 'src': 'https://ac60ad43b0456784e1107fa87acb857c.safeframe.googlesyndication.com/safeframe/1-0-45/html/container.html', 'aria_label': 'Advertisement', 'class': None, 'id': 'google_ads_iframe_/65246246/timesofmalta.com/billboard1_0', 'text': ''}, {'tag': 'iframe', 'src': None, 'aria_label': 'Advertisement', 'class': None, 'id': 'google_ads_iframe_/65246246/timesofmalta.com/sidebar1_0', 'text': ''}]",18,1,143,0.1330232558139535,104,0,35,0,0,94,151,0,0,17,0,0.0,0.1126,0.0,882,times_of_malta,news_listing
151,39,67,20,94,0,31,31,6016,973,14,2,"[{'tag': 'iframe', 'src': 'https://ac60ad43b0456784e1107fa87acb857c.safeframe.googlesyndication.com/safeframe/1-0-45/html/container.html', 'aria_label': 'Advertisement', 'class': None, 'id': 'google_ads_iframe_/65246246/timesofmalta.com/billboard1_0', 'text': ''}, {'tag': 'iframe', 'src': None, 'aria_label': 'Advertisement', 'class': None, 'id': 'google_ads_iframe_/65246246/timesofmalta.com/sidebar1_0', 'text': ''}]",18,1,143,0.1330232558139535,104,0,35,0,0,94,151,0,0,17,0,0.0,0.1126,0.0,883,times_of_malta,news_listing
151,39,67,20,94,0,31,31,6016,973,14,2,"[{'tag': 'iframe', 'src': 'https://ac60ad43b0456784e1107fa87acb857c.safeframe.googlesyndication.com/safeframe/1-0-45/html/container.html', 'aria_label': 'Advertisement', 'class': None, 'id': 'google_ads_iframe_/65246246/timesofmalta.com/billboard1_0', 'text': ''}, {'tag': 'iframe', 'src': None, 'aria_label': 'Advertisement', 'class': None, 'id': 'google_ads_iframe_/65246246/timesofmalta.com/sidebar1_0', 'text': ''}]",18,1,143,0.1330232558139535,104,0,35,0,0,94,151,0,0,17,0,0.0,0.1126,0.0,884,times_of_malta,news_listing
151,39,67,20,94,0,31,31,6016,973,14,2,"[{'tag': 'iframe', 'src': 'https://ac60ad43b0456784e1107fa87acb857c.safeframe.googlesyndication.com/safeframe/1-0-45/html/container.html', 'aria_label': 'Advertisement', 'class': None, 'id': 'google_ads_iframe_/65246246/timesofmalta.com/billboard1_0', 'text': ''}, {'tag': 'iframe', 'src': None, 'aria_label': 'Advertisement', 'class': None, 'id': 'google_ads_iframe_/65246246/timesofmalta.com/sidebar1_0', 'text': ''}]",18,1,143,0.1330232558139535,104,0,35,0,0,94,151,0,0,17,0,0.0,0.1126,0.0,885,times_of_malta,news_listing
151,39,67,20,94,0,31,31,6016,973,14,2,"[{'tag': 'iframe', 'src': 'https://ac60ad43b0456784e1107fa87acb857c.safeframe.googlesyndication.com/safeframe/1-0-45/html/container.html', 'aria_label': 'Advertisement', 'class': None, 'id': 'google_ads_iframe_/65246246/timesofmalta.com/billboard1_0', 'text': ''}, {'tag': 'iframe', 'src': None, 'aria_label': 'Advertisement', 'class': None, 'id': 'google_ads_iframe_/65246246/timesofmalta.com/sidebar1_0', 'text': ''}]",18,1,143,0.1330232558139535,104,0,35,0,0,94,151,0,0,17,0,0.0,0.1126,0.0,886,times_of_malta,news_listing
151,39,67,20,94,0,31,31,6016,973,14,2,"[{'tag': 'iframe', 'src': 'https://ac60ad43b0456784e1107fa87acb857c.safeframe.googlesyndication.com/safeframe/1-0-45/html/container.html', 'aria_label': 'Advertisement', 'class': None, 'id': 'google_ads_iframe_/65246246/timesofmalta.com/billboard1_0', 'text': ''}, {'tag': 'iframe', 'src': None, 'aria_label': 'Advertisement', 'class': None, 'id': 'google_ads_iframe_/65246246/timesofmalta.com/sidebar1_0', 'text': ''}]",18,1,143,0.1330232558139535,104,0,35,0,0,94,151,0,0,17,0,0.0,0.1126,0.0,887,times_of_malta,news_listing
151,39,67,20,94,0,31,31,6016,973,14,2,"[{'tag': 'iframe', 'src': 'https://ac60ad43b0456784e1107fa87acb857c.safeframe.googlesyndication.com/safeframe/1-0-45/html/container.html', 'aria_label': 'Advertisement', 'class': None, 'id': 'google_ads_iframe_/65246246/timesofmalta.com/billboard1_0', 'text': ''}, {'tag': 'iframe', 'src': None, 'aria_label': 'Advertisement', 'class': None, 'id': 'google_ads_iframe_/65246246/timesofmalta.com/sidebar1_0', 'text': ''}]",18,1,143,0.1330232558139535,104,0,35,0,0,94,151,0,0,17,0,0.0,0.1126,0.0,888,times_of_malta,news_listing
174,42,66,14,105,0,31,35,6681,1136,14,2,"[{'tag': 'iframe', 'src': None, 'aria_label': 'Advertisement', 'class': None, 'id': 'google_ads_iframe_/65246246/timesofmalta.com/billboard1_0', 'text': ''}, {'tag': 'iframe', 'src': None, 'aria_label': 'Advertisement', 'class': None, 'id': 'google_ads_iframe_/65246246/timesofmalta.com/sidebar1_0', 'text': ''}]",12,1,162,0.14323607427055704,123,0,36,0,0,105,174,0,0,6,0,0.0,0.0345,0.0,889,times_of_malta,news_listing
174,42,66,14,105,0,31,35,6681,1136,14,2,"[{'tag': 'iframe', 'src': None, 'aria_label': 'Advertisement', 'class': None, 'id': 'google_ads_iframe_/65246246/timesofmalta.com/billboard1_0', 'text': ''}, {'tag': 'iframe', 'src': None, 'aria_label': 'Advertisement', 'class': None, 'id': 'google_ads_iframe_/65246246/timesofmalta.com/sidebar1_0', 'text': ''}]",12,1,162,0.14323607427055704,123,0,36,0,0,105,174,0,0,6,0,0.0,0.0345,0.0,890,times_of_malta,news_listing
174,42,66,14,105,0,31,35,6681,1136,14,2,"[{'tag': 'iframe', 'src': None, 'aria_label': 'Advertisement', 'class': None, 'id': 'google_ads_iframe_/65246246/timesofmalta.com/billboard1_0', 'text': ''}, {'tag': 'iframe', 'src': None, 'aria_label': 'Advertisement', 'class': None, 'id': 'google_ads_iframe_/65246246/timesofmalta.com/sidebar1_0', 'text': ''}]",12,1,162,0.14323607427055704,123,0,36,0,0,105,174,0,0,6,0,0.0,0.0345,0.0,891,times_of_malta,news_listing
174,42,66,14,105,0,31,35,6681,1136,14,2,"[{'tag': 'iframe', 'src': None, 'aria_label': 'Advertisement', 'class': None, 'id': 'google_ads_iframe_/65246246/timesofmalta.com/billboard1_0', 'text': ''}, {'tag': 'iframe', 'src': None, 'aria_label': 'Advertisement', 'class': None, 'id': 'google_ads_iframe_/65246246/timesofmalta.com/sidebar1_0', 'text': ''}]",12,1,162,0.14323607427055704,123,0,36,0,0,105,174,0,0,6,0,0.0,0.0345,0.0,892,times_of_malta,news_listing
174,42,66,14,105,0,31,35,6681,1136,14,2,"[{'tag': 'iframe', 'src': None, 'aria_label': 'Advertisement', 'class': None, 'id': 'google_ads_iframe_/65246246/timesofmalta.com/billboard1_0', 'text': ''}, {'tag': 'iframe', 'src': None, 'aria_label': 'Advertisement', 'class': None, 'id': 'google_ads_iframe_/65246246/timesofmalta.com/sidebar1_0', 'text': ''}]",12,1,162,0.14323607427055704,123,0,36,0,0,105,174,0,0,6,0,0.0,0.0345,0.0,893,times_of_malta,news_listing
174,42,66,14,105,0,31,35,6681,1136,14,2,"[{'tag': 'iframe', 'src': None, 'aria_label': 'Advertisement', 'class': None, 'id': 'google_ads_iframe_/65246246/timesofmalta.com/billboard1_0', 'text': ''}, {'tag': 'iframe', 'src': None, 'aria_label': 'Advertisement', 'class': None, 'id': 'google_ads_iframe_/65246246/timesofmalta.com/sidebar1_0', 'text': ''}]",12,1,162,0.14323607427055704,123,0,36,0,0,105,174,0,0,6,0,0.0,0.0345,0.0,894,times_of_malta,news_listing
174,42,66,14,105,0,31,35,6681,1136,14,2,"[{'tag': 'iframe', 'src': None, 'aria_label': 'Advertisement', 'class': None, 'id': 'google_ads_iframe_/65246246/timesofmalta.com/billboard1_0', 'text': ''}, {'tag': 'iframe', 'src': None, 'aria_label': 'Advertisement', 'class': None, 'id': 'google_ads_iframe_/65246246/timesofmalta.com/sidebar1_0', 'text': ''}]",12,1,162,0.14323607427055704,123,0,36,0,0,105,174,0,0,6,0,0.0,0.0345,0.0,895,times_of_malta,news_listing
174,42,66,14,105,0,31,35,6681,1136,14,2,"[{'tag': 'iframe', 'src': None, 'aria_label': 'Advertisement', 'class': None, 'id': 'google_ads_iframe_/65246246/timesofmalta.com/billboard1_0', 'text': ''}, {'tag': 'iframe', 'src': None, 'aria_label': 'Advertisement', 'class': None, 'id': 'google_ads_iframe_/65246246/timesofmalta.com/sidebar1_0', 'text': ''}]",12,1,162,0.14323607427055704,123,0,36,0,0,105,174,0,0,6,0,0.0,0.0345,0.0,896,times_of_malta,news_listing
174,42,66,14,105,0,31,35,6681,1136,14,2,"[{'tag': 'iframe', 'src': None, 'aria_label': 'Advertisement', 'class': None, 'id': 'google_ads_iframe_/65246246/timesofmalta.com/billboard1_0', 'text': ''}, {'tag': 'iframe', 'src': None, 'aria_label': 'Advertisement', 'class': None, 'id': 'google_ads_iframe_/65246246/timesofmalta.com/sidebar1_0', 'text': ''}]",12,1,162,0.14323607427055704,123,0,36,0,0,105,174,0,0,6,0,0.0,0.0345,0.0,897,times_of_malta,news_listing
174,42,66,14,105,0,31,35,6681,1136,14,2,"[{'tag': 'iframe', 'src': None, 'aria_label': 'Advertisement', 'class': None, 'id': 'google_ads_iframe_/65246246/timesofmalta.com/billboard1_0', 'text': ''}, {'tag': 'iframe', 'src': None, 'aria_label': 'Advertisement', 'class': None, 'id': 'google_ads_iframe_/65246246/timesofmalta.com/sidebar1_0', 'text': ''}]",12,1,162,0.14323607427055704,123,0,36,0,0,105,174,0,0,6,0,0.0,0.0345,0.0,898,times_of_malta,news_listing
174,42,66,14,105,0,31,35,6681,1136,14,2,"[{'tag': 'iframe', 'src': None, 'aria_label': 'Advertisement', 'class': None, 'id': 'google_ads_iframe_/65246246/timesofmalta.com/billboard1_0', 'text': ''}, {'tag': 'iframe', 'src': None, 'aria_label': 'Advertisement', 'class': None, 'id': 'google_ads_iframe_/65246246/timesofmalta.com/sidebar1_0', 'text': ''}]",12,1,162,0.14323607427055704,123,0,36,0,0,105,174,0,0,6,0,0.0,0.0345,0.0,899,times_of_malta,news_listing
174,42,66,14,105,0,31,35,6681,1136,14,2,"[{'tag': 'iframe', 'src': None, 'aria_label': 'Advertisement', 'class': None, 'id': 'google_ads_iframe_/65246246/timesofmalta.com/billboard1_0', 'text': ''}, {'tag': 'iframe', 'src': None, 'aria_label': 'Advertisement', 'class': None, 'id': 'google_ads_iframe_/65246246/timesofmalta.com/sidebar1_0', 'text': ''}]",12,1,162,0.14323607427055704,123,0,36,0,0,105,174,0,0,6,0,0.0,0.0345,0.0,900,times_of_malta,news_listing
175,42,65,21,117,0,31,35,7216,1192,14,2,"[{'tag': 'iframe', 'src': None, 'aria_label': 'Advertisement', 'class': None, 'id': 'google_ads_iframe_/65246246/timesofmalta.com/billboard1_0', 'text': ''}, {'tag': 'iframe', 'src': None, 'aria_label': 'Advertisement', 'class': None, 'id': 'google_ads_iframe_/65246246/timesofmalta.com/sidebar1_0', 'text': ''}]",19,1,162,0.14123801220575413,124,0,35,0,0,117,175,0,0,3,0,0.0,0.0171,0.0,901,times_of_malta,news_listing
175,42,65,21,117,0,31,35,7216,1192,14,2,"[{'tag': 'iframe', 'src': None, 'aria_label': 'Advertisement', 'class': None, 'id': 'google_ads_iframe_/65246246/timesofmalta.com/billboard1_0', 'text': ''}, {'tag': 'iframe', 'src': None, 'aria_label': 'Advertisement', 'class': None, 'id': 'google_ads_iframe_/65246246/timesofmalta.com/sidebar1_0', 'text': ''}]",19,1,162,0.14123801220575413,124,0,35,0,0,117,175,0,0,3,0,0.0,0.0171,0.0,902,times_of_malta,news_listing
175,42,65,21,117,0,31,35,7216,1192,14,2,"[{'tag': 'iframe', 'src': None, 'aria_label': 'Advertisement', 'class': None, 'id': 'google_ads_iframe_/65246246/timesofmalta.com/billboard1_0', 'text': ''}, {'tag': 'iframe', 'src': None, 'aria_label': 'Advertisement', 'class': None, 'id': 'google_ads_iframe_/65246246/timesofmalta.com/sidebar1_0', 'text': ''}]",19,1,162,0.14123801220575413,124,0,35,0,0,117,175,0,0,3,0,0.0,0.0171,0.0,903,times_of_malta,news_listing
175,42,65,21,117,0,31,35,7216,1192,14,2,"[{'tag': 'iframe', 'src': None, 'aria_label': 'Advertisement', 'class': None, 'id': 'google_ads_iframe_/65246246/timesofmalta.com/billboard1_0', 'text': ''}, {'tag': 'iframe', 'src': None, 'aria_label': 'Advertisement', 'class': None, 'id': 'google_ads_iframe_/65246246/timesofmalta.com/sidebar1_0', 'text': ''}]",19,1,162,0.14123801220575413,124,0,35,0,0,117,175,0,0,3,0,0.0,0.0171,0.0,904,times_of_malta,news_listing
175,42,65,21,117,0,31,35,7216,1192,14,2,"[{'tag': 'iframe', 'src': None, 'aria_label': 'Advertisement', 'class': None, 'id': 'google_ads_iframe_/65246246/timesofmalta.com/billboard1_0', 'text': ''}, {'tag': 'iframe', 'src': None, 'aria_label': 'Advertisement', 'class': None, 'id': 'google_ads_iframe_/65246246/timesofmalta.com/sidebar1_0', 'text': ''}]",19,1,162,0.14123801220575413,124,0,35,0,0,117,175,0,0,3,0,0.0,0.0171,0.0,905,times_of_malta,news_listing
175,42,65,21,117,0,31,35,7216,1192,14,2,"[{'tag': 'iframe', 'src': None, 'aria_label': 'Advertisement', 'class': None, 'id': 'google_ads_iframe_/65246246/timesofmalta.com/billboard1_0', 'text': ''}, {'tag': 'iframe', 'src': None, 'aria_label': 'Advertisement', 'class': None, 'id': 'google_ads_iframe_/65246246/timesofmalta.com/sidebar1_0', 'text': ''}]",19,1,162,0.14123801220575413,124,0,35,0,0,117,175,0,0,3,0,0.0,0.0171,0.0,906,times_of_malta,news_listing
175,42,65,21,117,0,31,35,7216,1192,14,2,"[{'tag': 'iframe', 'src': None, 'aria_label': 'Advertisement', 'class': None, 'id': 'google_ads_iframe_/65246246/timesofmalta.com/billboard1_0', 'text': ''}, {'tag': 'iframe', 'src': None, 'aria_label': 'Advertisement', 'class': None, 'id': 'google_ads_iframe_/65246246/timesofmalta.com/sidebar1_0', 'text': ''}]",19,1,162,0.14123801220575413,124,0,35,0,0,117,175,0,0,3,0,0.0,0.0171,0.0,907,times_of_malta,news_listing
175,42,65,21,117,0,31,35,7216,1192,14,2,"[{'tag': 'iframe', 'src': None, 'aria_label': 'Advertisement', 'class': None, 'id': 'google_ads_iframe_/65246246/timesofmalta.com/billboard1_0', 'text': ''}, {'tag': 'iframe', 'src': None, 'aria_label': 'Advertisement', 'class': None, 'id': 'google_ads_iframe_/65246246/timesofmalta.com/sidebar1_0', 'text': ''}]",19,1,162,0.14123801220575413,124,0,35,0,0,117,175,0,0,3,0,0.0,0.0171,0.0,908,times_of_malta,news_listing
175,42,65,21,117,0,31,35,7216,1192,14,2,"[{'tag': 'iframe', 'src': None, 'aria_label': 'Advertisement', 'class': None, 'id': 'google_ads_iframe_/65246246/timesofmalta.com/billboard1_0', 'text': ''}, {'tag': 'iframe', 'src': None, 'aria_label': 'Advertisement', 'class': None, 'id': 'google_ads_iframe_/65246246/timesofmalta.com/sidebar1_0', 'text': ''}]",19,1,162,0.14123801220575413,124,0,35,0,0,117,175,0,0,3,0,0.0,0.0171,0.0,909,times_of_malta,news_listing
175,42,65,21,117,0,31,35,7216,1192,14,2,"[{'tag': 'iframe', 'src': None, 'aria_label': 'Advertisement', 'class': None, 'id': 'google_ads_iframe_/65246246/timesofmalta.com/billboard1_0', 'text': ''}, {'tag': 'iframe', 'src': None, 'aria_label': 'Advertisement', 'class': None, 'id': 'google_ads_iframe_/65246246/timesofmalta.com/sidebar1_0', 'text': ''}]",19,1,162,0.14123801220575413,124,0,35,0,0,117,175,0,0,3,0,0.0,0.0171,0.0,910,times_of_malta,news_listing
175,42,65,21,117,0,31,35,7216,1192,14,2,"[{'tag': 'iframe', 'src': None, 'aria_label': 'Advertisement', 'class': None, 'id': 'google_ads_iframe_/65246246/timesofmalta.com/billboard1_0', 'text': ''}, {'tag': 'iframe', 'src': None, 'aria_label': 'Advertisement', 'class': None, 'id': 'google_ads_iframe_/65246246/timesofmalta.com/sidebar1_0', 'text': ''}]",19,1,162,0.14123801220575413,124,0,35,0,0,117,175,0,0,3,0,0.0,0.0171,0.0,911,times_of_malta,news_listing
173,42,65,21,92,0,31,35,6654,1135,14,2,"[{'tag': 'iframe', 'src': None, 'aria_label': 'Advertisement', 'class': None, 'id': 'google_ads_iframe_/65246246/timesofmalta.com/billboard1_0', 'text': ''}, {'tag': 'iframe', 'src': None, 'aria_label': 'Advertisement', 'class': None, 'id': 'google_ads_iframe_/65246246/timesofmalta.com/sidebar1_0', 'text': ''}]",19,1,160,0.14285714285714285,122,0,35,0,0,92,173,0,0,3,0,0.0,0.0173,0.0,912,times_of_malta,news_listing
173,42,65,21,92,0,31,35,6654,1135,14,2,"[{'tag': 'iframe', 'src': None, 'aria_label': 'Advertisement', 'class': None, 'id': 'google_ads_iframe_/65246246/timesofmalta.com/billboard1_0', 'text': ''}, {'tag': 'iframe', 'src': None, 'aria_label': 'Advertisement', 'class': None, 'id': 'google_ads_iframe_/65246246/timesofmalta.com/sidebar1_0', 'text': ''}]",19,1,160,0.14285714285714285,122,0,35,0,0,92,173,0,0,3,0,0.0,0.0173,0.0,913,times_of_malta,news_listing
173,42,65,21,92,0,31,35,6654,1135,14,2,"[{'tag': 'iframe', 'src': None, 'aria_label': 'Advertisement', 'class': None, 'id': 'google_ads_iframe_/65246246/timesofmalta.com/billboard1_0', 'text': ''}, {'tag': 'iframe', 'src': None, 'aria_label': 'Advertisement', 'class': None, 'id': 'google_ads_iframe_/65246246/timesofmalta.com/sidebar1_0', 'text': ''}]",19,1,160,0.14285714285714285,122,0,35,0,0,92,173,0,0,3,0,0.0,0.0173,0.0,914,times_of_malta,news_listing
173,42,65,21,92,0,31,35,6654,1135,14,2,"[{'tag': 'iframe', 'src': None, 'aria_label': 'Advertisement', 'class': None, 'id': 'google_ads_iframe_/65246246/timesofmalta.com/billboard1_0', 'text': ''}, {'tag': 'iframe', 'src': None, 'aria_label': 'Advertisement', 'class': None, 'id': 'google_ads_iframe_/65246246/timesofmalta.com/sidebar1_0', 'text': ''}]",19,1,160,0.14285714285714285,122,0,35,0,0,92,173,0,0,3,0,0.0,0.0173,0.0,915,times_of_malta,news_listing
173,42,65,21,92,0,31,35,6654,1135,14,2,"[{'tag': 'iframe', 'src': None, 'aria_label': 'Advertisement', 'class': None, 'id': 'google_ads_iframe_/65246246/timesofmalta.com/billboard1_0', 'text': ''}, {'tag': 'iframe', 'src': None, 'aria_label': 'Advertisement', 'class': None, 'id': 'google_ads_iframe_/65246246/timesofmalta.com/sidebar1_0', 'text': ''}]",19,1,160,0.14285714285714285,122,0,35,0,0,92,173,0,0,3,0,0.0,0.0173,0.0,916,times_of_malta,news_listing
173,42,65,21,92,0,31,35,6654,1135,14,2,"[{'tag': 'iframe', 'src': None, 'aria_label': 'Advertisement', 'class': None, 'id': 'google_ads_iframe_/65246246/timesofmalta.com/billboard1_0', 'text': ''}, {'tag': 'iframe', 'src': None, 'aria_label': 'Advertisement', 'class': None, 'id': 'google_ads_iframe_/65246246/timesofmalta.com/sidebar1_0', 'text': ''}]",19,1,160,0.14285714285714285,122,0,35,0,0,92,173,0,0,3,0,0.0,0.0173,0.0,917,times_of_malta,news_listing
173,42,65,21,92,0,31,35,6654,1135,14,2,"[{'tag': 'iframe', 'src': None, 'aria_label': 'Advertisement', 'class': None, 'id': 'google_ads_iframe_/65246246/timesofmalta.com/billboard1_0', 'text': ''}, {'tag': 'iframe', 'src': None, 'aria_label': 'Advertisement', 'class': None, 'id': 'google_ads_iframe_/65246246/timesofmalta.com/sidebar1_0', 'text': ''}]",19,1,160,0.14285714285714285,122,0,35,0,0,92,173,0,0,3,0,0.0,0.0173,0.0,918,times_of_malta,news_listing
173,42,65,21,92,0,31,35,6654,1135,14,2,"[{'tag': 'iframe', 'src': None, 'aria_label': 'Advertisement', 'class': None, 'id': 'google_ads_iframe_/65246246/timesofmalta.com/billboard1_0', 'text': ''}, {'tag': 'iframe', 'src': None, 'aria_label': 'Advertisement', 'class': None, 'id': 'google_ads_iframe_/65246246/timesofmalta.com/sidebar1_0', 'text': ''}]",19,1,160,0.14285714285714285,122,0,35,0,0,92,173,0,0,3,0,0.0,0.0173,0.0,919,times_of_malta,news_listing
173,42,65,21,92,0,31,35,6654,1135,14,2,"[{'tag': 'iframe', 'src': None, 'aria_label': 'Advertisement', 'class': None, 'id': 'google_ads_iframe_/65246246/timesofmalta.com/billboard1_0', 'text': ''}, {'tag': 'iframe', 'src': None, 'aria_label': 'Advertisement', 'class': None, 'id': 'google_ads_iframe_/65246246/timesofmalta.com/sidebar1_0', 'text': ''}]",19,1,160,0.14285714285714285,122,0,35,0,0,92,173,0,0,3,0,0.0,0.0173,0.0,920,times_of_malta,news_listing
173,42,65,21,92,0,31,35,6654,1135,14,2,"[{'tag': 'iframe', 'src': None, 'aria_label': 'Advertisement', 'class': None, 'id': 'google_ads_iframe_/65246246/timesofmalta.com/billboard1_0', 'text': ''}, {'tag': 'iframe', 'src': None, 'aria_label': 'Advertisement', 'class': None, 'id': 'google_ads_iframe_/65246246/timesofmalta.com/sidebar1_0', 'text': ''}]",19,1,160,0.14285714285714285,122,0,35,0,0,92,173,0,0,3,0,0.0,0.0173,0.0,921,times_of_malta,news_listing
173,42,65,21,92,0,31,35,6654,1135,14,2,"[{'tag': 'iframe', 'src': None, 'aria_label': 'Advertisement', 'class': None, 'id': 'google_ads_iframe_/65246246/timesofmalta.com/billboard1_0', 'text': ''}, {'tag': 'iframe', 'src': None, 'aria_label': 'Advertisement', 'class': None, 'id': 'google_ads_iframe_/65246246/timesofmalta.com/sidebar1_0', 'text': ''}]",19,1,160,0.14285714285714285,122,0,35,0,0,92,173,0,0,3,0,0.0,0.0173,0.0,922,times_of_malta,news_listing
173,42,65,21,92,0,31,35,6654,1135,14,2,"[{'tag': 'iframe', 'src': None, 'aria_label': 'Advertisement', 'class': None, 'id': 'google_ads_iframe_/65246246/timesofmalta.com/billboard1_0', 'text': ''}, {'tag': 'iframe', 'src': None, 'aria_label': 'Advertisement', 'class': None, 'id': 'google_ads_iframe_/65246246/timesofmalta.com/sidebar1_0', 'text': ''}]",19,1,160,0.14285714285714285,122,0,35,0,0,92,173,0,0,3,0,0.0,0.0173,0.0,923,times_of_malta,news_listing
173,42,65,21,103,0,31,35,6791,1147,14,2,"[{'tag': 'iframe', 'src': None, 'aria_label': 'Advertisement', 'class': None, 'id': 'google_ads_iframe_/65246246/timesofmalta.com/billboard1_0', 'text': ''}, {'tag': 'iframe', 'src': None, 'aria_label': 'Advertisement', 'class': None, 'id': 'google_ads_iframe_/65246246/timesofmalta.com/sidebar1_0', 'text': ''}]",19,1,160,0.1413427561837456,122,0,35,0,0,103,173,0,0,4,0,0.0,0.0231,0.0,924,times_of_malta,news_listing
173,42,65,21,103,0,31,35,6791,1147,14,2,"[{'tag': 'iframe', 'src': None, 'aria_label': 'Advertisement', 'class': None, 'id': 'google_ads_iframe_/65246246/timesofmalta.com/billboard1_0', 'text': ''}, {'tag': 'iframe', 'src': None, 'aria_label': 'Advertisement', 'class': None, 'id': 'google_ads_iframe_/65246246/timesofmalta.com/sidebar1_0', 'text': ''}]",19,1,160,0.1413427561837456,122,0,35,0,0,103,173,0,0,4,0,0.0,0.0231,0.0,925,times_of_malta,news_listing
173,42,65,21,103,0,31,35,6791,1147,14,2,"[{'tag': 'iframe', 'src': None, 'aria_label': 'Advertisement', 'class': None, 'id': 'google_ads_iframe_/65246246/timesofmalta.com/billboard1_0', 'text': ''}, {'tag': 'iframe', 'src': None, 'aria_label': 'Advertisement', 'class': None, 'id': 'google_ads_iframe_/65246246/timesofmalta.com/sidebar1_0', 'text': ''}]",19,1,160,0.1413427561837456,122,0,35,0,0,103,173,0,0,4,0,0.0,0.0231,0.0,926,times_of_malta,news_listing
173,42,65,21,103,0,31,35,6791,1147,14,2,"[{'tag': 'iframe', 'src': None, 'aria_label': 'Advertisement', 'class': None, 'id': 'google_ads_iframe_/65246246/timesofmalta.com/billboard1_0', 'text': ''}, {'tag': 'iframe', 'src': None, 'aria_label': 'Advertisement', 'class': None, 'id': 'google_ads_iframe_/65246246/timesofmalta.com/sidebar1_0', 'text': ''}]",19,1,160,0.1413427561837456,122,0,35,0,0,103,173,0,0,4,0,0.0,0.0231,0.0,927,times_of_malta,news_listing
173,42,65,21,103,0,31,35,6791,1147,14,2,"[{'tag': 'iframe', 'src': None, 'aria_label': 'Advertisement', 'class': None, 'id': 'google_ads_iframe_/65246246/timesofmalta.com/billboard1_0', 'text': ''}, {'tag': 'iframe', 'src': None, 'aria_label': 'Advertisement', 'class': None, 'id': 'google_ads_iframe_/65246246/timesofmalta.com/sidebar1_0', 'text': ''}]",19,1,160,0.1413427561837456,122,0,35,0,0,103,173,0,0,4,0,0.0,0.0231,0.0,928,times_of_malta,news_listing
173,42,65,21,103,0,31,35,6791,1147,14,2,"[{'tag': 'iframe', 'src': None, 'aria_label': 'Advertisement', 'class': None, 'id': 'google_ads_iframe_/65246246/timesofmalta.com/billboard1_0', 'text': ''}, {'tag': 'iframe', 'src': None, 'aria_label': 'Advertisement', 'class': None, 'id': 'google_ads_iframe_/65246246/timesofmalta.com/sidebar1_0', 'text': ''}]",19,1,160,0.1413427561837456,122,0,35,0,0,103,173,0,0,4,0,0.0,0.0231,0.0,929,times_of_malta,news_listing
173,42,65,21,103,0,31,35,6791,1147,14,2,"[{'tag': 'iframe', 'src': None, 'aria_label': 'Advertisement', 'class': None, 'id': 'google_ads_iframe_/65246246/timesofmalta.com/billboard1_0', 'text': ''}, {'tag': 'iframe', 'src': None, 'aria_label': 'Advertisement', 'class': None, 'id': 'google_ads_iframe_/65246246/timesofmalta.com/sidebar1_0', 'text': ''}]",19,1,160,0.1413427561837456,122,0,35,0,0,103,173,0,0,4,0,0.0,0.0231,0.0,930,times_of_malta,news_listing
173,42,65,21,103,0,31,35,6791,1147,14,2,"[{'tag': 'iframe', 'src': None, 'aria_label': 'Advertisement', 'class': None, 'id': 'google_ads_iframe_/65246246/timesofmalta.com/billboard1_0', 'text': ''}, {'tag': 'iframe', 'src': None, 'aria_label': 'Advertisement', 'class': None, 'id': 'google_ads_iframe_/65246246/timesofmalta.com/sidebar1_0', 'text': ''}]",19,1,160,0.1413427561837456,122,0,35,0,0,103,173,0,0,4,0,0.0,0.0231,0.0,931,times_of_malta,news_listing
173,42,65,21,103,0,31,35,6791,1147,14,2,"[{'tag': 'iframe', 'src': None, 'aria_label': 'Advertisement', 'class': None, 'id': 'google_ads_iframe_/65246246/timesofmalta.com/billboard1_0', 'text': ''}, {'tag': 'iframe', 'src': None, 'aria_label': 'Advertisement', 'class': None, 'id': 'google_ads_iframe_/65246246/timesofmalta.com/sidebar1_0', 'text': ''}]",19,1,160,0.1413427561837456,122,0,35,0,0,103,173,0,0,4,0,0.0,0.0231,0.0,932,times_of_malta,news_listing
173,42,65,21,103,0,31,35,6791,1147,14,2,"[{'tag': 'iframe', 'src': None, 'aria_label': 'Advertisement', 'class': None, 'id': 'google_ads_iframe_/65246246/timesofmalta.com/billboard1_0', 'text': ''}, {'tag': 'iframe', 'src': None, 'aria_label': 'Advertisement', 'class': None, 'id': 'google_ads_iframe_/65246246/timesofmalta.com/sidebar1_0', 'text': ''}]",19,1,160,0.1413427561837456,122,0,35,0,0,103,173,0,0,4,0,0.0,0.0231,0.0,933,times_of_malta,news_listing
173,42,65,21,103,0,31,35,6791,1147,14,2,"[{'tag': 'iframe', 'src': None, 'aria_label': 'Advertisement', 'class': None, 'id': 'google_ads_iframe_/65246246/timesofmalta.com/billboard1_0', 'text': ''}, {'tag': 'iframe', 'src': None, 'aria_label': 'Advertisement', 'class': None, 'id': 'google_ads_iframe_/65246246/timesofmalta.com/sidebar1_0', 'text': ''}]",19,1,160,0.1413427561837456,122,0,35,0,0,103,173,0,0,4,0,0.0,0.0231,0.0,934,times_of_malta,news_listing
173,42,65,21,103,0,31,35,6791,1147,14,2,"[{'tag': 'iframe', 'src': None, 'aria_label': 'Advertisement', 'class': None, 'id': 'google_ads_iframe_/65246246/timesofmalta.com/billboard1_0', 'text': ''}, {'tag': 'iframe', 'src': None, 'aria_label': 'Advertisement', 'class': None, 'id': 'google_ads_iframe_/65246246/timesofmalta.com/sidebar1_0', 'text': ''}]",19,1,160,0.1413427561837456,122,0,35,0,0,103,173,0,0,4,0,0.0,0.0231,0.0,935,times_of_malta,news_listing
60,27,81,19,22,1,25,4,5595,844,19,1,"[{'tag': 'iframe', 'src': None, 'aria_label': 'Advertisement', 'class': None, 'id': 'google_ads_iframe_/65246246/timesofmalta.com/billboard1_0', 'text': ''}]",18,1,47,0.07448494453248812,34,0,11,0,0,22,60,7,0,4,7,0.0,0.0667,1.0,936,times_of_malta,article_pages
60,27,81,19,22,1,25,4,5595,844,19,1,"[{'tag': 'iframe', 'src': None, 'aria_label': 'Advertisement', 'class': None, 'id': 'google_ads_iframe_/65246246/timesofmalta.com/billboard1_0', 'text': ''}]",18,1,47,0.07448494453248812,34,0,11,0,0,22,60,7,0,4,7,0.0,0.0667,1.0,937,times_of_malta,article_pages
60,27,81,19,22,1,25,4,5595,844,19,1,"[{'tag': 'iframe', 'src': None, 'aria_label': 'Advertisement', 'class': None, 'id': 'google_ads_iframe_/65246246/timesofmalta.com/billboard1_0', 'text': ''}]",18,1,47,0.07448494453248812,34,0,11,0,0,22,60,7,0,4,7,0.0,0.0667,1.0,938,times_of_malta,article_pages
60,27,81,19,22,1,25,4,5595,844,19,1,"[{'tag': 'iframe', 'src': None, 'aria_label': 'Advertisement', 'class': None, 'id': 'google_ads_iframe_/65246246/timesofmalta.com/billboard1_0', 'text': ''}]",18,1,47,0.07448494453248812,34,0,11,0,0,22,60,7,0,4,7,0.0,0.0667,1.0,939,times_of_malta,article_pages
60,27,81,19,22,1,25,4,5595,844,19,1,"[{'tag': 'iframe', 'src': None, 'aria_label': 'Advertisement', 'class': None, 'id': 'google_ads_iframe_/65246246/timesofmalta.com/billboard1_0', 'text': ''}]",18,1,47,0.07448494453248812,34,0,11,0,0,22,60,7,0,4,7,0.0,0.0667,1.0,940,times_of_malta,article_pages
60,27,81,19,22,1,25,4,5595,844,19,1,"[{'tag': 'iframe', 'src': None, 'aria_label': 'Advertisement', 'class': None, 'id': 'google_ads_iframe_/65246246/timesofmalta.com/billboard1_0', 'text': ''}]",18,1,47,0.07448494453248812,34,0,11,0,0,22,60,7,0,4,7,0.0,0.0667,1.0,941,times_of_malta,article_pages
60,27,81,19,22,1,25,4,5595,844,19,1,"[{'tag': 'iframe', 'src': None, 'aria_label': 'Advertisement', 'class': None, 'id': 'google_ads_iframe_/65246246/timesofmalta.com/billboard1_0', 'text': ''}]",18,1,47,0.07448494453248812,34,0,11,0,0,22,60,7,0,4,7,0.0,0.0667,1.0,942,times_of_malta,article_pages
60,27,81,19,22,1,25,4,5595,844,19,1,"[{'tag': 'iframe', 'src': None, 'aria_label': 'Advertisement', 'class': None, 'id': 'google_ads_iframe_/65246246/timesofmalta.com/billboard1_0', 'text': ''}]",18,1,47,0.07448494453248812,34,0,11,0,0,22,60,7,0,4,7,0.0,0.0667,1.0,943,times_of_malta,article_pages
60,27,81,19,22,1,25,4,5595,844,19,1,"[{'tag': 'iframe', 'src': None, 'aria_label': 'Advertisement', 'class': None, 'id': 'google_ads_iframe_/65246246/timesofmalta.com/billboard1_0', 'text': ''}]",18,1,47,0.07448494453248812,34,0,11,0,0,22,60,7,0,4,7,0.0,0.0667,1.0,944,times_of_malta,article_pages
60,27,81,19,22,1,25,4,5595,844,19,1,"[{'tag': 'iframe', 'src': None, 'aria_label': 'Advertisement', 'class': None, 'id': 'google_ads_iframe_/65246246/timesofmalta.com/billboard1_0', 'text': ''}]",18,1,47,0.07448494453248812,34,0,11,0,0,22,60,7,0,4,7,0.0,0.0667,1.0,945,times_of_malta,article_pages
60,27,81,19,22,1,25,4,5595,844,19,1,"[{'tag': 'iframe', 'src': None, 'aria_label': 'Advertisement', 'class': None, 'id': 'google_ads_iframe_/65246246/timesofmalta.com/billboard1_0', 'text': ''}]",18,1,47,0.07448494453248812,34,0,11,0,0,22,60,7,0,4,7,0.0,0.0667,1.0,946,times_of_malta,article_pages
60,27,81,19,22,1,25,4,5595,844,19,1,"[{'tag': 'iframe', 'src': None, 'aria_label': 'Advertisement', 'class': None, 'id': 'google_ads_iframe_/65246246/timesofmalta.com/billboard1_0', 'text': ''}]",18,1,47,0.07448494453248812,34,0,11,0,0,22,60,7,0,4,7,0.0,0.0667,1.0,947,times_of_malta,article_pages
58,26,73,17,22,1,14,4,3045,486,15,1,"[{'tag': 'iframe', 'src': None, 'aria_label': 'Advertisement', 'class': None, 'id': 'google_ads_iframe_/65246246/timesofmalta.com/billboard1_0', 'text': ''}]",16,1,45,0.08256880733944955,33,0,9,0,0,22,58,7,0,3,7,0.0,0.0517,1.0,948,times_of_malta,article_pages
58,26,73,17,22,1,14,4,3045,486,15,1,"[{'tag': 'iframe', 'src': None, 'aria_label': 'Advertisement', 'class': None, 'id': 'google_ads_iframe_/65246246/timesofmalta.com/billboard1_0', 'text': ''}]",16,1,45,0.08256880733944955,33,0,9,0,0,22,58,7,0,3,7,0.0,0.0517,1.0,949,times_of_malta,article_pages
58,26,73,17,22,1,14,4,3045,486,15,1,"[{'tag': 'iframe', 'src': None, 'aria_label': 'Advertisement', 'class': None, 'id': 'google_ads_iframe_/65246246/timesofmalta.com/billboard1_0', 'text': ''}]",16,1,45,0.08256880733944955,33,0,9,0,0,22,58,7,0,3,7,0.0,0.0517,1.0,950,times_of_malta,article_pages
58,26,73,17,22,1,14,4,3045,486,15,1,"[{'tag': 'iframe', 'src': None, 'aria_label': 'Advertisement', 'class': None, 'id': 'google_ads_iframe_/65246246/timesofmalta.com/billboard1_0', 'text': ''}]",16,1,45,0.08256880733944955,33,0,9,0,0,22,58,7,0,3,7,0.0,0.0517,1.0,951,times_of_malta,article_pages
58,26,73,17,22,1,14,4,3045,486,15,1,"[{'tag': 'iframe', 'src': None, 'aria_label': 'Advertisement', 'class': None, 'id': 'google_ads_iframe_/65246246/timesofmalta.com/billboard1_0', 'text': ''}]",16,1,45,0.08256880733944955,33,0,9,0,0,22,58,7,0,3,7,0.0,0.0517,1.0,952,times_of_malta,article_pages
58,26,73,17,22,1,14,4,3045,486,15,1,"[{'tag': 'iframe', 'src': None, 'aria_label': 'Advertisement', 'class': None, 'id': 'google_ads_iframe_/65246246/timesofmalta.com/billboard1_0', 'text': ''}]",16,1,45,0.08256880733944955,33,0,9,0,0,22,58,7,0,3,7,0.0,0.0517,1.0,953,times_of_malta,article_pages
58,26,73,17,22,1,14,4,3045,486,15,1,"[{'tag': 'iframe', 'src': None, 'aria_label': 'Advertisement', 'class': None, 'id': 'google_ads_iframe_/65246246/timesofmalta.com/billboard1_0', 'text': ''}]",16,1,45,0.08256880733944955,33,0,9,0,0,22,58,7,0,3,7,0.0,0.0517,1.0,954,times_of_malta,article_pages
55,27,78,19,22,1,21,2,6244,947,19,1,"[{'tag': 'iframe', 'src': None, 'aria_label': 'Advertisement', 'class': None, 'id': 'google_ads_iframe_/65246246/timesofmalta.com/billboard1_0', 'text': ''}]",18,1,45,0.07389162561576355,32,0,10,0,0,22,55,7,0,3,7,0.0,0.0545,1.0,955,times_of_malta,article_pages
55,27,78,19,22,1,21,2,6244,947,19,1,"[{'tag': 'iframe', 'src': None, 'aria_label': 'Advertisement', 'class': None, 'id': 'google_ads_iframe_/65246246/timesofmalta.com/billboard1_0', 'text': ''}]",18,1,45,0.07389162561576355,32,0,10,0,0,22,55,7,0,3,7,0.0,0.0545,1.0,956,times_of_malta,article_pages
55,27,78,19,22,1,21,2,6244,947,19,1,"[{'tag': 'iframe', 'src': None, 'aria_label': 'Advertisement', 'class': None, 'id': 'google_ads_iframe_/65246246/timesofmalta.com/billboard1_0', 'text': ''}]",18,1,45,0.07389162561576355,32,0,10,0,0,22,55,7,0,3,7,0.0,0.0545,1.0,957,times_of_malta,article_pages
55,27,78,19,22,1,21,2,6244,947,19,1,"[{'tag': 'iframe', 'src': None, 'aria_label': 'Advertisement', 'class': None, 'id': 'google_ads_iframe_/65246246/timesofmalta.com/billboard1_0', 'text': ''}]",18,1,45,0.07389162561576355,32,0,10,0,0,22,55,7,0,3,7,0.0,0.0545,1.0,958,times_of_malta,article_pages
55,27,78,19,22,1,21,2,6244,947,19,1,"[{'tag': 'iframe', 'src': None, 'aria_label': 'Advertisement', 'class': None, 'id': 'google_ads_iframe_/65246246/timesofmalta.com/billboard1_0', 'text': ''}]",18,1,45,0.07389162561576355,32,0,10,0,0,22,55,7,0,3,7,0.0,0.0545,1.0,959,times_of_malta,article_pages
55,27,78,19,22,1,21,2,6244,947,19,1,"[{'tag': 'iframe', 'src': None, 'aria_label': 'Advertisement', 'class': None, 'id': 'google_ads_iframe_/65246246/timesofmalta.com/billboard1_0', 'text': ''}]",18,1,45,0.07389162561576355,32,0,10,0,0,22,55,7,0,3,7,0.0,0.0545,1.0,960,times_of_malta,article_pages
55,27,78,19,22,1,21,2,6244,947,19,1,"[{'tag': 'iframe', 'src': None, 'aria_label': 'Advertisement', 'class': None, 'id': 'google_ads_iframe_/65246246/timesofmalta.com/billboard1_0', 'text': ''}]",18,1,45,0.07389162561576355,32,0,10,0,0,22,55,7,0,3,7,0.0,0.0545,1.0,961,times_of_malta,article_pages
55,27,78,19,22,1,21,2,6244,947,19,1,"[{'tag': 'iframe', 'src': None, 'aria_label': 'Advertisement', 'class': None, 'id': 'google_ads_iframe_/65246246/timesofmalta.com/billboard1_0', 'text': ''}]",18,1,45,0.07389162561576355,32,0,10,0,0,22,55,7,0,3,7,0.0,0.0545,1.0,962,times_of_malta,article_pages
55,27,78,19,22,1,21,2,6244,947,19,1,"[{'tag': 'iframe', 'src': None, 'aria_label': 'Advertisement', 'class': None, 'id': 'google_ads_iframe_/65246246/timesofmalta.com/billboard1_0', 'text': ''}]",18,1,45,0.07389162561576355,32,0,10,0,0,22,55,7,0,3,7,0.0,0.0545,1.0,963,times_of_malta,article_pages
55,27,78,19,22,1,21,2,6244,947,19,1,"[{'tag': 'iframe', 'src': None, 'aria_label': 'Advertisement', 'class': None, 'id': 'google_ads_iframe_/65246246/timesofmalta.com/billboard1_0', 'text': ''}]",18,1,45,0.07389162561576355,32,0,10,0,0,22,55,7,0,3,7,0.0,0.0545,1.0,964,times_of_malta,article_pages
55,27,78,19,22,1,21,2,6244,947,19,1,"[{'tag': 'iframe', 'src': None, 'aria_label': 'Advertisement', 'class': None, 'id': 'google_ads_iframe_/65246246/timesofmalta.com/billboard1_0', 'text': ''}]",18,1,45,0.07389162561576355,32,0,10,0,0,22,55,7,0,3,7,0.0,0.0545,1.0,965,times_of_malta,article_pages
55,27,78,19,22,1,21,2,6244,947,19,1,"[{'tag': 'iframe', 'src': None, 'aria_label': 'Advertisement', 'class': None, 'id': 'google_ads_iframe_/65246246/timesofmalta.com/billboard1_0', 'text': ''}]",18,1,45,0.07389162561576355,32,0,10,0,0,22,55,7,0,3,7,0.0,0.0545,1.0,966,times_of_malta,article_pages
55,27,78,19,22,1,21,2,6244,947,19,1,"[{'tag': 'iframe', 'src': None, 'aria_label': 'Advertisement', 'class': None, 'id': 'google_ads_iframe_/65246246/timesofmalta.com/billboard1_0', 'text': ''}]",18,1,45,0.07389162561576355,32,0,10,0,0,22,55,7,0,3,7,0.0,0.0545,1.0,967,times_of_malta,article_pages
55,27,78,19,22,1,21,2,6244,947,19,1,"[{'tag': 'iframe', 'src': None, 'aria_label': 'Advertisement', 'class': None, 'id': 'google_ads_iframe_/65246246/timesofmalta.com/billboard1_0', 'text': ''}]",18,1,45,0.07389162561576355,32,0,10,0,0,22,55,7,0,3,7,0.0,0.0545,1.0,968,times_of_malta,article_pages
58,27,96,21,38,1,26,4,5868,910,19,1,"[{'tag': 'iframe', 'src': None, 'aria_label': 'Advertisement', 'class': None, 'id': 'google_ads_iframe_/65246246/timesofmalta.com/billboard1_0', 'text': ''}]",20,1,161,0.16529774127310062,97,0,13,2,0,38,58,8,0,4,7,0.0,0.069,0.875,969,times_of_malta,article_pages
58,27,96,21,38,1,26,4,5868,910,19,1,"[{'tag': 'iframe', 'src': None, 'aria_label': 'Advertisement', 'class': None, 'id': 'google_ads_iframe_/65246246/timesofmalta.com/billboard1_0', 'text': ''}]",20,1,161,0.16529774127310062,97,0,13,2,0,38,58,8,0,4,7,0.0,0.069,0.875,970,times_of_malta,article_pages
58,27,96,21,38,1,26,4,5868,910,19,1,"[{'tag': 'iframe', 'src': None, 'aria_label': 'Advertisement', 'class': None, 'id': 'google_ads_iframe_/65246246/timesofmalta.com/billboard1_0', 'text': ''}]",20,1,161,0.16529774127310062,97,0,13,2,0,38,58,8,0,4,7,0.0,0.069,0.875,971,times_of_malta,article_pages
58,27,96,21,38,1,26,4,5868,910,19,1,"[{'tag': 'iframe', 'src': None, 'aria_label': 'Advertisement', 'class': None, 'id': 'google_ads_iframe_/65246246/timesofmalta.com/billboard1_0', 'text': ''}]",20,1,161,0.16529774127310062,97,0,13,2,0,38,58,8,0,4,7,0.0,0.069,0.875,972,times_of_malta,article_pages
58,27,96,21,38,1,26,4,5868,910,19,1,"[{'tag': 'iframe', 'src': None, 'aria_label': 'Advertisement', 'class': None, 'id': 'google_ads_iframe_/65246246/timesofmalta.com/billboard1_0', 'text': ''}]",20,1,161,0.16529774127310062,97,0,13,2,0,38,58,8,0,4,7,0.0,0.069,0.875,973,times_of_malta,article_pages
58,27,96,21,38,1,26,4,5868,910,19,1,"[{'tag': 'iframe', 'src': None, 'aria_label': 'Advertisement', 'class': None, 'id': 'google_ads_iframe_/65246246/timesofmalta.com/billboard1_0', 'text': ''}]",20,1,161,0.16529774127310062,97,0,13,2,0,38,58,8,0,4,7,0.0,0.069,0.875,974,times_of_malta,article_pages
58,27,96,21,38,1,26,4,5868,910,19,1,"[{'tag': 'iframe', 'src': None, 'aria_label': 'Advertisement', 'class': None, 'id': 'google_ads_iframe_/65246246/timesofmalta.com/billboard1_0', 'text': ''}]",20,1,161,0.16529774127310062,97,0,13,2,0,38,58,8,0,4,7,0.0,0.069,0.875,975,times_of_malta,article_pages
58,27,96,21,38,1,26,4,5868,910,19,1,"[{'tag': 'iframe', 'src': None, 'aria_label': 'Advertisement', 'class': None, 'id': 'google_ads_iframe_/65246246/timesofmalta.com/billboard1_0', 'text': ''}]",20,1,161,0.16529774127310062,97,0,13,2,0,38,58,8,0,4,7,0.0,0.069,0.875,976,times_of_malta,article_pages
58,27,96,21,38,1,26,4,5868,910,19,1,"[{'tag': 'iframe', 'src': None, 'aria_label': 'Advertisement', 'class': None, 'id': 'google_ads_iframe_/65246246/timesofmalta.com/billboard1_0', 'text': ''}]",20,1,161,0.16529774127310062,97,0,13,2,0,38,58,8,0,4,7,0.0,0.069,0.875,977,times_of_malta,article_pages
58,27,96,21,38,1,26,4,5868,910,19,1,"[{'tag': 'iframe', 'src': None, 'aria_label': 'Advertisement', 'class': None, 'id': 'google_ads_iframe_/65246246/timesofmalta.com/billboard1_0', 'text': ''}]",20,1,161,0.16529774127310062,97,0,13,2,0,38,58,8,0,4,7,0.0,0.069,0.875,978,times_of_malta,article_pages
58,27,96,21,38,1,26,4,5868,910,19,1,"[{'tag': 'iframe', 'src': None, 'aria_label': 'Advertisement', 'class': None, 'id': 'google_ads_iframe_/65246246/timesofmalta.com/billboard1_0', 'text': ''}]",20,1,161,0.16529774127310062,97,0,13,2,0,38,58,8,0,4,7,0.0,0.069,0.875,979,times_of_malta,article_pages
58,27,96,21,38,1,26,4,5868,910,19,1,"[{'tag': 'iframe', 'src': None, 'aria_label': 'Advertisement', 'class': None, 'id': 'google_ads_iframe_/65246246/timesofmalta.com/billboard1_0', 'text': ''}]",20,1,161,0.16529774127310062,97,0,13,2,0,38,58,8,0,4,7,0.0,0.069,0.875,980,times_of_malta,article_pages
58,27,96,21,38,1,26,4,5868,910,19,1,"[{'tag': 'iframe', 'src': None, 'aria_label': 'Advertisement', 'class': None, 'id': 'google_ads_iframe_/65246246/timesofmalta.com/billboard1_0', 'text': ''}]",20,1,161,0.16529774127310062,97,0,13,2,0,38,58,8,0,4,7,0.0,0.069,0.875,981,times_of_malta,article_pages
58,27,96,21,38,1,26,4,5868,910,19,1,"[{'tag': 'iframe', 'src': None, 'aria_label': 'Advertisement', 'class': None, 'id': 'google_ads_iframe_/65246246/timesofmalta.com/billboard1_0', 'text': ''}]",20,1,161,0.16529774127310062,97,0,13,2,0,38,58,8,0,4,7,0.0,0.069,0.875,982,times_of_malta,article_pages
