num_links,num_images,num_scripts,num_iframes,num_buttons,num_forms,num_paragraphs,num_headings,text_length,word_count,dom_depth,num_advertisement_iframes,advertisement_iframes,id,website,page_type
419,187,52,25,12,1,65,45,36431,5570,23,0,[],001,independent,home_page
419,187,52,25,12,1,65,45,36431,5570,23,0,[],002,independent,home_page
419,187,52,25,12,1,65,45,36431,5570,23,0,[],003,independent,home_page
419,187,52,25,12,1,65,45,36431,5570,23,0,[],004,independent,home_page
419,187,52,25,12,1,65,45,36431,5570,23,0,[],005,independent,home_page
419,187,52,25,12,1,65,45,36431,5570,23,0,[],006,independent,home_page
419,187,52,25,12,1,65,45,36431,5570,23,0,[],007,independent,home_page
419,187,52,25,12,1,65,45,36431,5570,23,0,[],008,independent,home_page
419,187,52,25,12,1,65,45,36431,5570,23,0,[],009,independent,home_page
419,187,52,25,12,1,65,45,36431,5570,23,0,[],010,independent,home_page
419,187,52,25,12,1,65,45,36431,5570,23,0,[],011,independent,home_page
419,187,52,25,12,1,65,45,36431,5570,23,0,[],012,independent,home_page
419,187,52,25,12,1,65,45,36431,5570,23,0,[],013,independent,home_page
419,187,52,25,12,1,65,45,36431,5570,23,0,[],014,independent,home_page
419,187,52,25,12,1,65,45,36431,5570,23,0,[],015,independent,home_page
419,187,52,25,12,1,65,45,36431,5570,23,0,[],016,independent,home_page
419,187,52,25,12,1,65,45,36431,5570,23,0,[],017,independent,home_page
419,187,52,25,12,1,65,45,36431,5570,23,0,[],018,independent,home_page
419,187,52,25,12,1,65,45,36431,5570,23,0,[],019,independent,home_page
419,187,52,25,12,1,65,45,36431,5570,23,0,[],020,independent,home_page
419,187,52,25,12,1,65,45,36431,5570,23,0,[],021,independent,home_page
419,187,52,25,12,1,65,45,36431,5570,23,0,[],022,independent,home_page
419,187,52,25,12,1,65,45,36431,5570,23,0,[],023,independent,home_page
419,187,52,25,12,1,65,45,36431,5570,23,0,[],024,independent,home_page
419,187,52,25,12,1,65,45,36431,5570,23,0,[],025,independent,home_page
419,187,52,25,12,1,65,45,36431,5570,23,0,[],026,independent,home_page
419,187,52,25,12,1,65,45,36431,5570,23,0,[],027,independent,home_page
419,187,52,25,12,1,65,45,36431,5570,23,0,[],028,independent,home_page
419,187,52,25,12,1,65,45,36431,5570,23,0,[],029,independent,home_page
419,187,52,25,12,1,65,45,36431,5570,23,0,[],030,independent,home_page
419,187,52,25,12,1,65,45,36431,5570,23,0,[],031,independent,home_page
419,187,52,25,12,1,65,45,36431,5570,23,0,[],032,independent,home_page
419,187,52,25,12,1,65,45,36431,5570,23,0,[],033,independent,home_page
419,187,52,25,12,1,65,45,36431,5570,23,0,[],034,independent,home_page
135,30,40,11,0,1,20,12,4772,746,16,0,[],035,independent,news_listing
135,30,40,11,0,1,20,12,4772,746,16,0,[],036,independent,news_listing
135,30,40,11,0,1,20,12,4772,746,16,0,[],037,independent,news_listing
135,30,40,11,0,1,20,12,4772,746,16,0,[],038,independent,news_listing
135,30,40,11,0,1,20,12,4772,746,16,0,[],039,independent,news_listing
135,30,40,11,0,1,20,12,4772,746,16,0,[],040,independent,news_listing
135,30,40,11,0,1,20,12,4772,746,16,0,[],041,independent,news_listing
135,30,40,11,0,1,20,12,4772,746,16,0,[],042,independent,news_listing
135,30,40,11,0,1,20,12,4721,747,16,0,[],043,independent,news_listing
135,30,40,11,0,1,20,12,4721,747,16,0,[],044,independent,news_listing
135,30,40,11,0,1,20,12,4721,747,16,0,[],045,independent,news_listing
135,30,40,11,0,1,20,12,4721,747,16,0,[],046,independent,news_listing
135,30,40,11,0,1,20,12,4721,747,16,0,[],047,independent,news_listing
135,30,40,11,0,1,20,12,4721,747,16,0,[],048,independent,news_listing
135,30,40,11,0,1,20,12,4721,747,16,0,[],049,independent,news_listing
135,30,40,11,0,1,20,12,4785,756,16,0,[],050,independent,news_listing
135,30,40,11,0,1,20,12,4785,756,16,0,[],051,independent,news_listing
135,30,40,11,0,1,20,12,4785,756,16,0,[],052,independent,news_listing
135,30,40,11,0,1,20,12,4785,756,16,0,[],053,independent,news_listing
135,30,40,11,0,1,20,12,4785,756,16,0,[],054,independent,news_listing
135,30,40,11,0,1,20,12,4785,756,16,0,[],055,independent,news_listing
135,30,40,11,0,1,20,12,4785,756,16,0,[],056,independent,news_listing
135,30,40,11,0,1,20,12,4785,756,16,0,[],057,independent,news_listing
135,30,40,11,0,1,20,12,4967,762,16,0,[],058,independent,news_listing
135,30,40,11,0,1,20,12,4967,762,16,0,[],059,independent,news_listing
135,30,40,11,0,1,20,12,4967,762,16,0,[],060,independent,news_listing
135,30,40,11,0,1,20,12,4967,762,16,0,[],061,independent,news_listing
135,30,40,11,0,1,20,12,4967,762,16,0,[],062,independent,news_listing
135,30,40,11,0,1,20,12,4967,762,16,0,[],063,independent,news_listing
135,30,40,11,0,1,20,12,4967,762,16,0,[],064,independent,news_listing
135,30,40,11,0,1,20,12,4846,761,16,0,[],065,independent,news_listing
135,30,40,11,0,1,20,12,4846,761,16,0,[],066,independent,news_listing
135,30,40,11,0,1,20,12,4846,761,16,0,[],067,independent,news_listing
135,30,40,11,0,1,20,12,4846,761,16,0,[],068,independent,news_listing
135,30,40,11,0,1,20,12,4846,761,16,0,[],069,independent,news_listing
135,30,40,11,0,1,20,12,4846,761,16,0,[],070,independent,news_listing
135,30,40,11,0,1,20,12,4846,761,16,0,[],071,independent,news_listing
135,30,40,11,0,1,20,12,4846,761,16,0,[],072,independent,news_listing
135,30,40,11,0,1,20,12,4754,750,16,0,[],073,independent,news_listing
135,30,40,11,0,1,20,12,4754,750,16,0,[],074,independent,news_listing
135,30,40,11,0,1,20,12,4754,750,16,0,[],075,independent,news_listing
135,30,40,11,0,1,20,12,4754,750,16,0,[],076,independent,news_listing
135,30,40,11,0,1,20,12,4754,750,16,0,[],077,independent,news_listing
135,30,40,11,0,1,20,12,4754,750,16,0,[],078,independent,news_listing
135,30,40,11,0,1,20,12,4754,750,16,0,[],079,independent,news_listing
135,30,40,11,0,1,20,12,4772,746,16,0,[],080,independent,news_listing
135,30,40,11,0,1,20,12,4772,746,16,0,[],081,independent,news_listing
135,30,40,11,0,1,20,12,4772,746,16,0,[],082,independent,news_listing
135,30,40,11,0,1,20,12,4772,746,16,0,[],083,independent,news_listing
135,30,40,11,0,1,20,12,4772,746,16,0,[],084,independent,news_listing
135,30,40,11,0,1,20,12,4772,746,16,0,[],085,independent,news_listing
135,30,40,11,0,1,20,12,4772,746,16,0,[],086,independent,news_listing
135,30,40,11,0,1,20,12,4721,747,16,0,[],087,independent,news_listing
135,30,40,11,0,1,20,12,4721,747,16,0,[],088,independent,news_listing
135,30,40,11,0,1,20,12,4721,747,16,0,[],089,independent,news_listing
135,30,40,11,0,1,20,12,4721,747,16,0,[],090,independent,news_listing
135,30,40,11,0,1,20,12,4721,747,16,0,[],091,independent,news_listing
135,30,40,11,0,1,20,12,4721,747,16,0,[],092,independent,news_listing
210,55,45,12,12,1,24,12,29508,3719,23,0,[],093,independent,news_listing
210,55,45,12,12,1,24,12,29508,3719,23,0,[],094,independent,news_listing
210,55,45,12,12,1,24,12,29508,3719,23,0,[],095,independent,news_listing
210,55,45,12,12,1,24,12,29508,3719,23,0,[],096,independent,news_listing
210,55,45,12,12,1,24,12,29508,3719,23,0,[],097,independent,news_listing
210,55,45,12,12,1,24,12,29508,3719,23,0,[],098,independent,news_listing
135,30,40,11,0,1,20,12,4966,763,16,0,[],099,independent,news_listing
135,30,40,11,0,1,20,12,4966,763,16,0,[],100,independent,news_listing
135,30,40,11,0,1,20,12,4966,763,16,0,[],101,independent,news_listing
197,33,62,22,0,1,17,2,7720,1252,23,0,[],102,independent,article_pages
197,33,62,22,0,1,17,2,7720,1252,23,0,[],103,independent,article_pages
197,33,62,22,0,1,17,2,7720,1252,23,0,[],104,independent,article_pages
197,33,62,22,0,1,17,2,7720,1252,23,0,[],105,independent,article_pages
197,33,62,22,0,1,17,2,7720,1252,23,0,[],106,independent,article_pages
197,33,62,22,0,1,17,2,7720,1252,23,0,[],107,independent,article_pages
197,33,62,22,0,1,17,2,7720,1252,23,0,[],108,independent,article_pages
197,33,62,22,0,1,17,2,7720,1252,23,0,[],109,independent,article_pages
197,33,62,22,0,1,17,2,7720,1252,23,0,[],110,independent,article_pages
197,33,62,22,0,1,17,2,7720,1252,23,0,[],111,independent,article_pages
197,33,62,22,0,1,17,2,7720,1252,23,0,[],112,independent,article_pages
197,33,62,22,0,1,17,2,7720,1252,23,0,[],113,independent,article_pages
197,33,62,22,0,1,42,5,13355,2157,23,0,[],114,independent,article_pages
197,33,62,22,0,1,42,5,13355,2157,23,0,[],115,independent,article_pages
197,33,62,22,0,1,42,5,13355,2157,23,0,[],116,independent,article_pages
197,33,62,22,0,1,42,5,13355,2157,23,0,[],117,independent,article_pages
197,33,62,22,0,1,42,5,13355,2157,23,0,[],118,independent,article_pages
197,33,62,22,0,1,42,5,13355,2157,23,0,[],119,independent,article_pages
197,33,62,22,0,1,42,5,13355,2157,23,0,[],120,independent,article_pages
197,33,62,22,0,1,42,5,13355,2157,23,0,[],121,independent,article_pages
197,33,62,22,0,1,42,5,13355,2157,23,0,[],122,independent,article_pages
197,33,62,22,0,1,42,5,13355,2157,23,0,[],123,independent,article_pages
197,33,62,22,0,1,42,5,13355,2157,23,0,[],124,independent,article_pages
197,33,62,22,0,1,42,5,13355,2157,23,0,[],125,independent,article_pages
197,33,62,22,0,1,42,5,13355,2157,23,0,[],126,independent,article_pages
197,33,62,22,0,1,42,5,13355,2157,23,0,[],127,independent,article_pages
197,33,62,22,0,1,42,5,13355,2157,23,0,[],128,independent,article_pages
197,33,62,22,0,1,42,5,13355,2157,23,0,[],129,independent,article_pages
197,33,62,22,0,1,42,5,13355,2157,23,0,[],130,independent,article_pages
197,33,62,22,0,1,42,5,13355,2157,23,0,[],131,independent,article_pages
197,33,62,22,0,1,42,5,13355,2157,23,0,[],132,independent,article_pages
197,33,62,22,0,1,42,5,13355,2157,23,0,[],133,independent,article_pages
197,33,62,22,0,1,42,5,13355,2157,23,0,[],134,independent,article_pages
197,33,62,22,0,1,42,5,13355,2157,23,0,[],135,independent,article_pages
197,33,62,22,0,1,42,5,13355,2157,23,0,[],136,independent,article_pages
197,33,62,22,0,1,42,5,13355,2157,23,0,[],137,independent,article_pages
197,33,62,22,0,1,42,5,13355,2157,23,0,[],138,independent,article_pages
197,33,62,22,0,1,42,5,13355,2157,23,0,[],139,independent,article_pages
197,33,61,22,0,1,25,2,9329,1519,23,0,[],140,independent,article_pages
197,33,61,22,0,1,25,2,9329,1519,23,0,[],141,independent,article_pages
197,33,61,22,0,1,25,2,9329,1519,23,0,[],142,independent,article_pages
197,33,61,22,0,1,25,2,9329,1519,23,0,[],143,independent,article_pages
197,33,61,22,0,1,25,2,9329,1519,23,0,[],144,independent,article_pages
197,33,61,22,0,1,25,2,9329,1519,23,0,[],145,independent,article_pages
197,33,61,22,0,1,25,2,9329,1519,23,0,[],146,independent,article_pages
197,33,61,22,0,1,25,2,9329,1519,23,0,[],147,independent,article_pages
197,33,61,22,0,1,25,2,9329,1519,23,0,[],148,independent,article_pages
197,33,61,22,0,1,25,2,9329,1519,23,0,[],149,independent,article_pages
197,33,61,22,0,1,25,2,9329,1519,23,0,[],150,independent,article_pages
197,33,61,22,0,1,25,2,9329,1519,23,0,[],151,independent,article_pages
197,33,61,22,0,1,25,2,9329,1519,23,0,[],152,independent,article_pages
197,33,61,22,0,1,25,2,9329,1519,23,0,[],153,independent,article_pages
197,33,61,22,0,1,25,2,9329,1519,23,0,[],154,independent,article_pages
197,33,61,22,0,1,25,2,9329,1519,23,0,[],155,independent,article_pages
197,33,61,22,0,1,25,2,9329,1519,23,0,[],156,independent,article_pages
197,33,61,22,0,1,25,2,9329,1519,23,0,[],157,independent,article_pages
199,33,61,22,0,1,34,9,14029,2144,23,0,[],158,independent,article_pages
199,33,61,22,0,1,34,9,14029,2144,23,0,[],159,independent,article_pages
199,33,61,22,0,1,34,9,14029,2144,23,0,[],160,independent,article_pages
199,33,61,22,0,1,34,9,14029,2144,23,0,[],161,independent,article_pages
199,33,61,22,0,1,34,9,14029,2144,23,0,[],162,independent,article_pages
199,33,61,22,0,1,34,9,14029,2144,23,0,[],163,independent,article_pages
199,33,61,22,0,1,34,9,14029,2144,23,0,[],164,independent,article_pages
199,33,61,22,0,1,34,9,14029,2144,23,0,[],165,independent,article_pages
199,33,61,22,0,1,34,9,14029,2144,23,0,[],166,independent,article_pages
199,33,61,22,0,1,34,9,14029,2144,23,0,[],167,independent,article_pages
199,33,61,22,0,1,34,9,14029,2144,23,0,[],168,independent,article_pages
199,33,61,22,0,1,34,9,14029,2144,23,0,[],169,independent,article_pages
199,33,61,22,0,1,34,9,14029,2144,23,0,[],170,independent,article_pages
199,33,61,22,0,1,34,9,14029,2144,23,0,[],171,independent,article_pages
199,33,61,22,0,1,34,9,14029,2144,23,0,[],172,independent,article_pages
199,33,61,22,0,1,34,9,14029,2144,23,0,[],173,independent,article_pages
199,33,61,22,0,1,34,9,14029,2144,23,0,[],174,independent,article_pages
199,33,61,22,0,1,34,9,14029,2144,23,0,[],175,independent,article_pages
199,33,61,22,0,1,34,9,14029,2144,23,0,[],176,independent,article_pages
199,33,61,22,0,1,34,9,14029,2144,23,0,[],177,independent,article_pages
199,33,61,22,0,1,34,9,14029,2144,23,0,[],178,independent,article_pages
197,33,61,22,0,1,22,2,10874,1777,23,0,[],179,independent,article_pages
197,33,61,22,0,1,22,2,10874,1777,23,0,[],180,independent,article_pages
197,33,61,22,0,1,22,2,10874,1777,23,0,[],181,independent,article_pages
197,33,61,22,0,1,22,2,10874,1777,23,0,[],182,independent,article_pages
197,33,61,22,0,1,22,2,10874,1777,23,0,[],183,independent,article_pages
197,33,61,22,0,1,22,2,10874,1777,23,0,[],184,independent,article_pages
197,33,61,22,0,1,22,2,10874,1777,23,0,[],185,independent,article_pages
197,33,61,22,0,1,22,2,10874,1777,23,0,[],186,independent,article_pages
197,33,61,22,0,1,22,2,10874,1777,23,0,[],187,independent,article_pages
197,33,61,22,0,1,22,2,10874,1777,23,0,[],188,independent,article_pages
197,33,61,22,0,1,22,2,10874,1777,23,0,[],189,independent,article_pages
197,33,61,22,0,1,22,2,10874,1777,23,0,[],190,independent,article_pages
197,33,61,22,0,1,22,2,10874,1777,23,0,[],191,independent,article_pages
197,33,61,22,0,1,22,2,10874,1777,23,0,[],192,independent,article_pages
197,33,61,22,0,1,22,2,10874,1777,23,0,[],193,independent,article_pages
197,33,61,22,0,1,22,2,10874,1777,23,0,[],194,independent,article_pages
197,33,61,22,0,1,22,2,10874,1777,23,0,[],195,independent,article_pages
197,33,61,22,0,1,22,2,10874,1777,23,0,[],196,independent,article_pages
197,33,61,22,0,1,22,2,10874,1777,23,0,[],197,independent,article_pages
197,33,61,22,0,1,22,2,10874,1777,23,0,[],198,independent,article_pages
197,33,62,22,0,1,17,2,7720,1252,23,0,[],199,independent,article_pages
197,33,62,22,0,1,17,2,7720,1252,23,0,[],200,independent,article_pages
197,33,62,22,0,1,17,2,7720,1252,23,0,[],201,independent,article_pages
197,33,61,22,0,1,25,2,9329,1519,23,0,[],202,independent,article_pages
197,33,61,22,0,1,25,2,9329,1519,23,0,[],203,independent,article_pages
246,119,25,18,5,2,4,84,10526,1619,24,8,"[{'src': None, 'title': '3rd party ad content', 'id': 'google_ads_iframe_/13474545/MT_Homepage_Leaderboard_0', 'class': None, 'width': '729', 'height': '91'}, {'src': None, 'title': '3rd party ad content', 'id': 'google_ads_iframe_/13474545/MaltaToday_Home_RectBanner_300x250_0', 'class': None, 'width': '300', 'height': '250'}, {'src': None, 'title': '3rd party ad content', 'id': 'google_ads_iframe_/13474545/MaltaToday_Home2_RectBanner2_0', 'class': None, 'width': '300', 'height': '250'}, {'src': None, 'title': '3rd party ad content', 'id': 'google_ads_iframe_/13474545/MaltaToday_Home_RectBanner_300x250_1', 'class': None, 'width': '300', 'height': '250'}, {'src': None, 'title': '3rd party ad content', 'id': 'google_ads_iframe_/13474545/MaltaToday_Home_Subsection_Leaderboard_0', 'class': None, 'width': '729', 'height': '91'}, {'src': None, 'title': '3rd party ad content', 'id': 'google_ads_iframe_/13474545/MaltaToday_Home_Subsection_Leaderboard_1', 'class': None, 'width': '728', 'height': '90'}, {'src': None, 'title': '3rd party ad content', 'id': 'google_ads_iframe_/13474545/MaltaToday_Home_Subsection_Leaderboard_2', 'class': None, 'width': '729', 'height': '91'}, {'src': None, 'title': '3rd party ad content', 'id': 'google_ads_iframe_/13474545/MaltaToday_Home_Subsection_Leaderboard_5', 'class': None, 'width': '729', 'height': '90'}]",204,malta_today,home_page
246,119,25,18,5,2,4,84,10526,1619,24,8,"[{'src': None, 'title': '3rd party ad content', 'id': 'google_ads_iframe_/13474545/MT_Homepage_Leaderboard_0', 'class': None, 'width': '729', 'height': '91'}, {'src': None, 'title': '3rd party ad content', 'id': 'google_ads_iframe_/13474545/MaltaToday_Home_RectBanner_300x250_0', 'class': None, 'width': '300', 'height': '250'}, {'src': None, 'title': '3rd party ad content', 'id': 'google_ads_iframe_/13474545/MaltaToday_Home2_RectBanner2_0', 'class': None, 'width': '300', 'height': '250'}, {'src': None, 'title': '3rd party ad content', 'id': 'google_ads_iframe_/13474545/MaltaToday_Home_RectBanner_300x250_1', 'class': None, 'width': '300', 'height': '250'}, {'src': None, 'title': '3rd party ad content', 'id': 'google_ads_iframe_/13474545/MaltaToday_Home_Subsection_Leaderboard_0', 'class': None, 'width': '729', 'height': '91'}, {'src': None, 'title': '3rd party ad content', 'id': 'google_ads_iframe_/13474545/MaltaToday_Home_Subsection_Leaderboard_1', 'class': None, 'width': '728', 'height': '90'}, {'src': None, 'title': '3rd party ad content', 'id': 'google_ads_iframe_/13474545/MaltaToday_Home_Subsection_Leaderboard_2', 'class': None, 'width': '729', 'height': '91'}, {'src': None, 'title': '3rd party ad content', 'id': 'google_ads_iframe_/13474545/MaltaToday_Home_Subsection_Leaderboard_5', 'class': None, 'width': '729', 'height': '90'}]",205,malta_today,home_page
246,119,25,18,5,2,4,84,10526,1619,24,8,"[{'src': None, 'title': '3rd party ad content', 'id': 'google_ads_iframe_/13474545/MT_Homepage_Leaderboard_0', 'class': None, 'width': '729', 'height': '91'}, {'src': None, 'title': '3rd party ad content', 'id': 'google_ads_iframe_/13474545/MaltaToday_Home_RectBanner_300x250_0', 'class': None, 'width': '300', 'height': '250'}, {'src': None, 'title': '3rd party ad content', 'id': 'google_ads_iframe_/13474545/MaltaToday_Home2_RectBanner2_0', 'class': None, 'width': '300', 'height': '250'}, {'src': None, 'title': '3rd party ad content', 'id': 'google_ads_iframe_/13474545/MaltaToday_Home_RectBanner_300x250_1', 'class': None, 'width': '300', 'height': '250'}, {'src': None, 'title': '3rd party ad content', 'id': 'google_ads_iframe_/13474545/MaltaToday_Home_Subsection_Leaderboard_0', 'class': None, 'width': '729', 'height': '91'}, {'src': None, 'title': '3rd party ad content', 'id': 'google_ads_iframe_/13474545/MaltaToday_Home_Subsection_Leaderboard_1', 'class': None, 'width': '728', 'height': '90'}, {'src': None, 'title': '3rd party ad content', 'id': 'google_ads_iframe_/13474545/MaltaToday_Home_Subsection_Leaderboard_2', 'class': None, 'width': '729', 'height': '91'}, {'src': None, 'title': '3rd party ad content', 'id': 'google_ads_iframe_/13474545/MaltaToday_Home_Subsection_Leaderboard_5', 'class': None, 'width': '729', 'height': '90'}]",206,malta_today,home_page
246,119,25,18,5,2,4,84,10526,1619,24,8,"[{'src': None, 'title': '3rd party ad content', 'id': 'google_ads_iframe_/13474545/MT_Homepage_Leaderboard_0', 'class': None, 'width': '729', 'height': '91'}, {'src': None, 'title': '3rd party ad content', 'id': 'google_ads_iframe_/13474545/MaltaToday_Home_RectBanner_300x250_0', 'class': None, 'width': '300', 'height': '250'}, {'src': None, 'title': '3rd party ad content', 'id': 'google_ads_iframe_/13474545/MaltaToday_Home2_RectBanner2_0', 'class': None, 'width': '300', 'height': '250'}, {'src': None, 'title': '3rd party ad content', 'id': 'google_ads_iframe_/13474545/MaltaToday_Home_RectBanner_300x250_1', 'class': None, 'width': '300', 'height': '250'}, {'src': None, 'title': '3rd party ad content', 'id': 'google_ads_iframe_/13474545/MaltaToday_Home_Subsection_Leaderboard_0', 'class': None, 'width': '729', 'height': '91'}, {'src': None, 'title': '3rd party ad content', 'id': 'google_ads_iframe_/13474545/MaltaToday_Home_Subsection_Leaderboard_1', 'class': None, 'width': '728', 'height': '90'}, {'src': None, 'title': '3rd party ad content', 'id': 'google_ads_iframe_/13474545/MaltaToday_Home_Subsection_Leaderboard_2', 'class': None, 'width': '729', 'height': '91'}, {'src': None, 'title': '3rd party ad content', 'id': 'google_ads_iframe_/13474545/MaltaToday_Home_Subsection_Leaderboard_5', 'class': None, 'width': '729', 'height': '90'}]",207,malta_today,home_page
246,119,25,18,5,2,4,84,10526,1619,24,8,"[{'src': None, 'title': '3rd party ad content', 'id': 'google_ads_iframe_/13474545/MT_Homepage_Leaderboard_0', 'class': None, 'width': '729', 'height': '91'}, {'src': None, 'title': '3rd party ad content', 'id': 'google_ads_iframe_/13474545/MaltaToday_Home_RectBanner_300x250_0', 'class': None, 'width': '300', 'height': '250'}, {'src': None, 'title': '3rd party ad content', 'id': 'google_ads_iframe_/13474545/MaltaToday_Home2_RectBanner2_0', 'class': None, 'width': '300', 'height': '250'}, {'src': None, 'title': '3rd party ad content', 'id': 'google_ads_iframe_/13474545/MaltaToday_Home_RectBanner_300x250_1', 'class': None, 'width': '300', 'height': '250'}, {'src': None, 'title': '3rd party ad content', 'id': 'google_ads_iframe_/13474545/MaltaToday_Home_Subsection_Leaderboard_0', 'class': None, 'width': '729', 'height': '91'}, {'src': None, 'title': '3rd party ad content', 'id': 'google_ads_iframe_/13474545/MaltaToday_Home_Subsection_Leaderboard_1', 'class': None, 'width': '728', 'height': '90'}, {'src': None, 'title': '3rd party ad content', 'id': 'google_ads_iframe_/13474545/MaltaToday_Home_Subsection_Leaderboard_2', 'class': None, 'width': '729', 'height': '91'}, {'src': None, 'title': '3rd party ad content', 'id': 'google_ads_iframe_/13474545/MaltaToday_Home_Subsection_Leaderboard_5', 'class': None, 'width': '729', 'height': '90'}]",208,malta_today,home_page
246,119,25,18,5,2,4,84,10526,1619,24,8,"[{'src': None, 'title': '3rd party ad content', 'id': 'google_ads_iframe_/13474545/MT_Homepage_Leaderboard_0', 'class': None, 'width': '729', 'height': '91'}, {'src': None, 'title': '3rd party ad content', 'id': 'google_ads_iframe_/13474545/MaltaToday_Home_RectBanner_300x250_0', 'class': None, 'width': '300', 'height': '250'}, {'src': None, 'title': '3rd party ad content', 'id': 'google_ads_iframe_/13474545/MaltaToday_Home2_RectBanner2_0', 'class': None, 'width': '300', 'height': '250'}, {'src': None, 'title': '3rd party ad content', 'id': 'google_ads_iframe_/13474545/MaltaToday_Home_RectBanner_300x250_1', 'class': None, 'width': '300', 'height': '250'}, {'src': None, 'title': '3rd party ad content', 'id': 'google_ads_iframe_/13474545/MaltaToday_Home_Subsection_Leaderboard_0', 'class': None, 'width': '729', 'height': '91'}, {'src': None, 'title': '3rd party ad content', 'id': 'google_ads_iframe_/13474545/MaltaToday_Home_Subsection_Leaderboard_1', 'class': None, 'width': '728', 'height': '90'}, {'src': None, 'title': '3rd party ad content', 'id': 'google_ads_iframe_/13474545/MaltaToday_Home_Subsection_Leaderboard_2', 'class': None, 'width': '729', 'height': '91'}, {'src': None, 'title': '3rd party ad content', 'id': 'google_ads_iframe_/13474545/MaltaToday_Home_Subsection_Leaderboard_5', 'class': None, 'width': '729', 'height': '90'}]",209,malta_today,home_page
246,119,25,18,5,2,4,84,10526,1619,24,8,"[{'src': None, 'title': '3rd party ad content', 'id': 'google_ads_iframe_/13474545/MT_Homepage_Leaderboard_0', 'class': None, 'width': '729', 'height': '91'}, {'src': None, 'title': '3rd party ad content', 'id': 'google_ads_iframe_/13474545/MaltaToday_Home_RectBanner_300x250_0', 'class': None, 'width': '300', 'height': '250'}, {'src': None, 'title': '3rd party ad content', 'id': 'google_ads_iframe_/13474545/MaltaToday_Home2_RectBanner2_0', 'class': None, 'width': '300', 'height': '250'}, {'src': None, 'title': '3rd party ad content', 'id': 'google_ads_iframe_/13474545/MaltaToday_Home_RectBanner_300x250_1', 'class': None, 'width': '300', 'height': '250'}, {'src': None, 'title': '3rd party ad content', 'id': 'google_ads_iframe_/13474545/MaltaToday_Home_Subsection_Leaderboard_0', 'class': None, 'width': '729', 'height': '91'}, {'src': None, 'title': '3rd party ad content', 'id': 'google_ads_iframe_/13474545/MaltaToday_Home_Subsection_Leaderboard_1', 'class': None, 'width': '728', 'height': '90'}, {'src': None, 'title': '3rd party ad content', 'id': 'google_ads_iframe_/13474545/MaltaToday_Home_Subsection_Leaderboard_2', 'class': None, 'width': '729', 'height': '91'}, {'src': None, 'title': '3rd party ad content', 'id': 'google_ads_iframe_/13474545/MaltaToday_Home_Subsection_Leaderboard_5', 'class': None, 'width': '729', 'height': '90'}]",210,malta_today,home_page
246,119,25,18,5,2,4,84,10526,1619,24,8,"[{'src': None, 'title': '3rd party ad content', 'id': 'google_ads_iframe_/13474545/MT_Homepage_Leaderboard_0', 'class': None, 'width': '729', 'height': '91'}, {'src': None, 'title': '3rd party ad content', 'id': 'google_ads_iframe_/13474545/MaltaToday_Home_RectBanner_300x250_0', 'class': None, 'width': '300', 'height': '250'}, {'src': None, 'title': '3rd party ad content', 'id': 'google_ads_iframe_/13474545/MaltaToday_Home2_RectBanner2_0', 'class': None, 'width': '300', 'height': '250'}, {'src': None, 'title': '3rd party ad content', 'id': 'google_ads_iframe_/13474545/MaltaToday_Home_RectBanner_300x250_1', 'class': None, 'width': '300', 'height': '250'}, {'src': None, 'title': '3rd party ad content', 'id': 'google_ads_iframe_/13474545/MaltaToday_Home_Subsection_Leaderboard_0', 'class': None, 'width': '729', 'height': '91'}, {'src': None, 'title': '3rd party ad content', 'id': 'google_ads_iframe_/13474545/MaltaToday_Home_Subsection_Leaderboard_1', 'class': None, 'width': '728', 'height': '90'}, {'src': None, 'title': '3rd party ad content', 'id': 'google_ads_iframe_/13474545/MaltaToday_Home_Subsection_Leaderboard_2', 'class': None, 'width': '729', 'height': '91'}, {'src': None, 'title': '3rd party ad content', 'id': 'google_ads_iframe_/13474545/MaltaToday_Home_Subsection_Leaderboard_5', 'class': None, 'width': '729', 'height': '90'}]",211,malta_today,home_page
246,119,25,18,5,2,4,84,10526,1619,24,8,"[{'src': None, 'title': '3rd party ad content', 'id': 'google_ads_iframe_/13474545/MT_Homepage_Leaderboard_0', 'class': None, 'width': '729', 'height': '91'}, {'src': None, 'title': '3rd party ad content', 'id': 'google_ads_iframe_/13474545/MaltaToday_Home_RectBanner_300x250_0', 'class': None, 'width': '300', 'height': '250'}, {'src': None, 'title': '3rd party ad content', 'id': 'google_ads_iframe_/13474545/MaltaToday_Home2_RectBanner2_0', 'class': None, 'width': '300', 'height': '250'}, {'src': None, 'title': '3rd party ad content', 'id': 'google_ads_iframe_/13474545/MaltaToday_Home_RectBanner_300x250_1', 'class': None, 'width': '300', 'height': '250'}, {'src': None, 'title': '3rd party ad content', 'id': 'google_ads_iframe_/13474545/MaltaToday_Home_Subsection_Leaderboard_0', 'class': None, 'width': '729', 'height': '91'}, {'src': None, 'title': '3rd party ad content', 'id': 'google_ads_iframe_/13474545/MaltaToday_Home_Subsection_Leaderboard_1', 'class': None, 'width': '728', 'height': '90'}, {'src': None, 'title': '3rd party ad content', 'id': 'google_ads_iframe_/13474545/MaltaToday_Home_Subsection_Leaderboard_2', 'class': None, 'width': '729', 'height': '91'}, {'src': None, 'title': '3rd party ad content', 'id': 'google_ads_iframe_/13474545/MaltaToday_Home_Subsection_Leaderboard_5', 'class': None, 'width': '729', 'height': '90'}]",212,malta_today,home_page
246,119,25,18,5,2,4,84,10526,1619,24,8,"[{'src': None, 'title': '3rd party ad content', 'id': 'google_ads_iframe_/13474545/MT_Homepage_Leaderboard_0', 'class': None, 'width': '729', 'height': '91'}, {'src': None, 'title': '3rd party ad content', 'id': 'google_ads_iframe_/13474545/MaltaToday_Home_RectBanner_300x250_0', 'class': None, 'width': '300', 'height': '250'}, {'src': None, 'title': '3rd party ad content', 'id': 'google_ads_iframe_/13474545/MaltaToday_Home2_RectBanner2_0', 'class': None, 'width': '300', 'height': '250'}, {'src': None, 'title': '3rd party ad content', 'id': 'google_ads_iframe_/13474545/MaltaToday_Home_RectBanner_300x250_1', 'class': None, 'width': '300', 'height': '250'}, {'src': None, 'title': '3rd party ad content', 'id': 'google_ads_iframe_/13474545/MaltaToday_Home_Subsection_Leaderboard_0', 'class': None, 'width': '729', 'height': '91'}, {'src': None, 'title': '3rd party ad content', 'id': 'google_ads_iframe_/13474545/MaltaToday_Home_Subsection_Leaderboard_1', 'class': None, 'width': '728', 'height': '90'}, {'src': None, 'title': '3rd party ad content', 'id': 'google_ads_iframe_/13474545/MaltaToday_Home_Subsection_Leaderboard_2', 'class': None, 'width': '729', 'height': '91'}, {'src': None, 'title': '3rd party ad content', 'id': 'google_ads_iframe_/13474545/MaltaToday_Home_Subsection_Leaderboard_5', 'class': None, 'width': '729', 'height': '90'}]",213,malta_today,home_page
246,119,25,18,5,2,4,84,10526,1619,24,8,"[{'src': None, 'title': '3rd party ad content', 'id': 'google_ads_iframe_/13474545/MT_Homepage_Leaderboard_0', 'class': None, 'width': '729', 'height': '91'}, {'src': None, 'title': '3rd party ad content', 'id': 'google_ads_iframe_/13474545/MaltaToday_Home_RectBanner_300x250_0', 'class': None, 'width': '300', 'height': '250'}, {'src': None, 'title': '3rd party ad content', 'id': 'google_ads_iframe_/13474545/MaltaToday_Home2_RectBanner2_0', 'class': None, 'width': '300', 'height': '250'}, {'src': None, 'title': '3rd party ad content', 'id': 'google_ads_iframe_/13474545/MaltaToday_Home_RectBanner_300x250_1', 'class': None, 'width': '300', 'height': '250'}, {'src': None, 'title': '3rd party ad content', 'id': 'google_ads_iframe_/13474545/MaltaToday_Home_Subsection_Leaderboard_0', 'class': None, 'width': '729', 'height': '91'}, {'src': None, 'title': '3rd party ad content', 'id': 'google_ads_iframe_/13474545/MaltaToday_Home_Subsection_Leaderboard_1', 'class': None, 'width': '728', 'height': '90'}, {'src': None, 'title': '3rd party ad content', 'id': 'google_ads_iframe_/13474545/MaltaToday_Home_Subsection_Leaderboard_2', 'class': None, 'width': '729', 'height': '91'}, {'src': None, 'title': '3rd party ad content', 'id': 'google_ads_iframe_/13474545/MaltaToday_Home_Subsection_Leaderboard_5', 'class': None, 'width': '729', 'height': '90'}]",214,malta_today,home_page
246,119,25,18,5,2,4,84,10526,1619,24,8,"[{'src': None, 'title': '3rd party ad content', 'id': 'google_ads_iframe_/13474545/MT_Homepage_Leaderboard_0', 'class': None, 'width': '729', 'height': '91'}, {'src': None, 'title': '3rd party ad content', 'id': 'google_ads_iframe_/13474545/MaltaToday_Home_RectBanner_300x250_0', 'class': None, 'width': '300', 'height': '250'}, {'src': None, 'title': '3rd party ad content', 'id': 'google_ads_iframe_/13474545/MaltaToday_Home2_RectBanner2_0', 'class': None, 'width': '300', 'height': '250'}, {'src': None, 'title': '3rd party ad content', 'id': 'google_ads_iframe_/13474545/MaltaToday_Home_RectBanner_300x250_1', 'class': None, 'width': '300', 'height': '250'}, {'src': None, 'title': '3rd party ad content', 'id': 'google_ads_iframe_/13474545/MaltaToday_Home_Subsection_Leaderboard_0', 'class': None, 'width': '729', 'height': '91'}, {'src': None, 'title': '3rd party ad content', 'id': 'google_ads_iframe_/13474545/MaltaToday_Home_Subsection_Leaderboard_1', 'class': None, 'width': '728', 'height': '90'}, {'src': None, 'title': '3rd party ad content', 'id': 'google_ads_iframe_/13474545/MaltaToday_Home_Subsection_Leaderboard_2', 'class': None, 'width': '729', 'height': '91'}, {'src': None, 'title': '3rd party ad content', 'id': 'google_ads_iframe_/13474545/MaltaToday_Home_Subsection_Leaderboard_5', 'class': None, 'width': '729', 'height': '90'}]",215,malta_today,home_page
246,119,25,18,5,2,4,84,10526,1619,24,8,"[{'src': None, 'title': '3rd party ad content', 'id': 'google_ads_iframe_/13474545/MT_Homepage_Leaderboard_0', 'class': None, 'width': '729', 'height': '91'}, {'src': None, 'title': '3rd party ad content', 'id': 'google_ads_iframe_/13474545/MaltaToday_Home_RectBanner_300x250_0', 'class': None, 'width': '300', 'height': '250'}, {'src': None, 'title': '3rd party ad content', 'id': 'google_ads_iframe_/13474545/MaltaToday_Home2_RectBanner2_0', 'class': None, 'width': '300', 'height': '250'}, {'src': None, 'title': '3rd party ad content', 'id': 'google_ads_iframe_/13474545/MaltaToday_Home_RectBanner_300x250_1', 'class': None, 'width': '300', 'height': '250'}, {'src': None, 'title': '3rd party ad content', 'id': 'google_ads_iframe_/13474545/MaltaToday_Home_Subsection_Leaderboard_0', 'class': None, 'width': '729', 'height': '91'}, {'src': None, 'title': '3rd party ad content', 'id': 'google_ads_iframe_/13474545/MaltaToday_Home_Subsection_Leaderboard_1', 'class': None, 'width': '728', 'height': '90'}, {'src': None, 'title': '3rd party ad content', 'id': 'google_ads_iframe_/13474545/MaltaToday_Home_Subsection_Leaderboard_2', 'class': None, 'width': '729', 'height': '91'}, {'src': None, 'title': '3rd party ad content', 'id': 'google_ads_iframe_/13474545/MaltaToday_Home_Subsection_Leaderboard_5', 'class': None, 'width': '729', 'height': '90'}]",216,malta_today,home_page
246,119,25,18,5,2,4,84,10526,1619,24,8,"[{'src': None, 'title': '3rd party ad content', 'id': 'google_ads_iframe_/13474545/MT_Homepage_Leaderboard_0', 'class': None, 'width': '729', 'height': '91'}, {'src': None, 'title': '3rd party ad content', 'id': 'google_ads_iframe_/13474545/MaltaToday_Home_RectBanner_300x250_0', 'class': None, 'width': '300', 'height': '250'}, {'src': None, 'title': '3rd party ad content', 'id': 'google_ads_iframe_/13474545/MaltaToday_Home2_RectBanner2_0', 'class': None, 'width': '300', 'height': '250'}, {'src': None, 'title': '3rd party ad content', 'id': 'google_ads_iframe_/13474545/MaltaToday_Home_RectBanner_300x250_1', 'class': None, 'width': '300', 'height': '250'}, {'src': None, 'title': '3rd party ad content', 'id': 'google_ads_iframe_/13474545/MaltaToday_Home_Subsection_Leaderboard_0', 'class': None, 'width': '729', 'height': '91'}, {'src': None, 'title': '3rd party ad content', 'id': 'google_ads_iframe_/13474545/MaltaToday_Home_Subsection_Leaderboard_1', 'class': None, 'width': '728', 'height': '90'}, {'src': None, 'title': '3rd party ad content', 'id': 'google_ads_iframe_/13474545/MaltaToday_Home_Subsection_Leaderboard_2', 'class': None, 'width': '729', 'height': '91'}, {'src': None, 'title': '3rd party ad content', 'id': 'google_ads_iframe_/13474545/MaltaToday_Home_Subsection_Leaderboard_5', 'class': None, 'width': '729', 'height': '90'}]",217,malta_today,home_page
246,119,25,18,5,2,4,84,10526,1619,24,8,"[{'src': None, 'title': '3rd party ad content', 'id': 'google_ads_iframe_/13474545/MT_Homepage_Leaderboard_0', 'class': None, 'width': '729', 'height': '91'}, {'src': None, 'title': '3rd party ad content', 'id': 'google_ads_iframe_/13474545/MaltaToday_Home_RectBanner_300x250_0', 'class': None, 'width': '300', 'height': '250'}, {'src': None, 'title': '3rd party ad content', 'id': 'google_ads_iframe_/13474545/MaltaToday_Home2_RectBanner2_0', 'class': None, 'width': '300', 'height': '250'}, {'src': None, 'title': '3rd party ad content', 'id': 'google_ads_iframe_/13474545/MaltaToday_Home_RectBanner_300x250_1', 'class': None, 'width': '300', 'height': '250'}, {'src': None, 'title': '3rd party ad content', 'id': 'google_ads_iframe_/13474545/MaltaToday_Home_Subsection_Leaderboard_0', 'class': None, 'width': '729', 'height': '91'}, {'src': None, 'title': '3rd party ad content', 'id': 'google_ads_iframe_/13474545/MaltaToday_Home_Subsection_Leaderboard_1', 'class': None, 'width': '728', 'height': '90'}, {'src': None, 'title': '3rd party ad content', 'id': 'google_ads_iframe_/13474545/MaltaToday_Home_Subsection_Leaderboard_2', 'class': None, 'width': '729', 'height': '91'}, {'src': None, 'title': '3rd party ad content', 'id': 'google_ads_iframe_/13474545/MaltaToday_Home_Subsection_Leaderboard_5', 'class': None, 'width': '729', 'height': '90'}]",218,malta_today,home_page
246,119,25,18,5,2,4,84,10526,1619,24,8,"[{'src': None, 'title': '3rd party ad content', 'id': 'google_ads_iframe_/13474545/MT_Homepage_Leaderboard_0', 'class': None, 'width': '729', 'height': '91'}, {'src': None, 'title': '3rd party ad content', 'id': 'google_ads_iframe_/13474545/MaltaToday_Home_RectBanner_300x250_0', 'class': None, 'width': '300', 'height': '250'}, {'src': None, 'title': '3rd party ad content', 'id': 'google_ads_iframe_/13474545/MaltaToday_Home2_RectBanner2_0', 'class': None, 'width': '300', 'height': '250'}, {'src': None, 'title': '3rd party ad content', 'id': 'google_ads_iframe_/13474545/MaltaToday_Home_RectBanner_300x250_1', 'class': None, 'width': '300', 'height': '250'}, {'src': None, 'title': '3rd party ad content', 'id': 'google_ads_iframe_/13474545/MaltaToday_Home_Subsection_Leaderboard_0', 'class': None, 'width': '729', 'height': '91'}, {'src': None, 'title': '3rd party ad content', 'id': 'google_ads_iframe_/13474545/MaltaToday_Home_Subsection_Leaderboard_1', 'class': None, 'width': '728', 'height': '90'}, {'src': None, 'title': '3rd party ad content', 'id': 'google_ads_iframe_/13474545/MaltaToday_Home_Subsection_Leaderboard_2', 'class': None, 'width': '729', 'height': '91'}, {'src': None, 'title': '3rd party ad content', 'id': 'google_ads_iframe_/13474545/MaltaToday_Home_Subsection_Leaderboard_5', 'class': None, 'width': '729', 'height': '90'}]",219,malta_today,home_page
246,119,25,18,5,2,4,84,10526,1619,24,8,"[{'src': None, 'title': '3rd party ad content', 'id': 'google_ads_iframe_/13474545/MT_Homepage_Leaderboard_0', 'class': None, 'width': '729', 'height': '91'}, {'src': None, 'title': '3rd party ad content', 'id': 'google_ads_iframe_/13474545/MaltaToday_Home_RectBanner_300x250_0', 'class': None, 'width': '300', 'height': '250'}, {'src': None, 'title': '3rd party ad content', 'id': 'google_ads_iframe_/13474545/MaltaToday_Home2_RectBanner2_0', 'class': None, 'width': '300', 'height': '250'}, {'src': None, 'title': '3rd party ad content', 'id': 'google_ads_iframe_/13474545/MaltaToday_Home_RectBanner_300x250_1', 'class': None, 'width': '300', 'height': '250'}, {'src': None, 'title': '3rd party ad content', 'id': 'google_ads_iframe_/13474545/MaltaToday_Home_Subsection_Leaderboard_0', 'class': None, 'width': '729', 'height': '91'}, {'src': None, 'title': '3rd party ad content', 'id': 'google_ads_iframe_/13474545/MaltaToday_Home_Subsection_Leaderboard_1', 'class': None, 'width': '728', 'height': '90'}, {'src': None, 'title': '3rd party ad content', 'id': 'google_ads_iframe_/13474545/MaltaToday_Home_Subsection_Leaderboard_2', 'class': None, 'width': '729', 'height': '91'}, {'src': None, 'title': '3rd party ad content', 'id': 'google_ads_iframe_/13474545/MaltaToday_Home_Subsection_Leaderboard_5', 'class': None, 'width': '729', 'height': '90'}]",220,malta_today,home_page
246,119,25,18,5,2,4,84,10526,1619,24,8,"[{'src': None, 'title': '3rd party ad content', 'id': 'google_ads_iframe_/13474545/MT_Homepage_Leaderboard_0', 'class': None, 'width': '729', 'height': '91'}, {'src': None, 'title': '3rd party ad content', 'id': 'google_ads_iframe_/13474545/MaltaToday_Home_RectBanner_300x250_0', 'class': None, 'width': '300', 'height': '250'}, {'src': None, 'title': '3rd party ad content', 'id': 'google_ads_iframe_/13474545/MaltaToday_Home2_RectBanner2_0', 'class': None, 'width': '300', 'height': '250'}, {'src': None, 'title': '3rd party ad content', 'id': 'google_ads_iframe_/13474545/MaltaToday_Home_RectBanner_300x250_1', 'class': None, 'width': '300', 'height': '250'}, {'src': None, 'title': '3rd party ad content', 'id': 'google_ads_iframe_/13474545/MaltaToday_Home_Subsection_Leaderboard_0', 'class': None, 'width': '729', 'height': '91'}, {'src': None, 'title': '3rd party ad content', 'id': 'google_ads_iframe_/13474545/MaltaToday_Home_Subsection_Leaderboard_1', 'class': None, 'width': '728', 'height': '90'}, {'src': None, 'title': '3rd party ad content', 'id': 'google_ads_iframe_/13474545/MaltaToday_Home_Subsection_Leaderboard_2', 'class': None, 'width': '729', 'height': '91'}, {'src': None, 'title': '3rd party ad content', 'id': 'google_ads_iframe_/13474545/MaltaToday_Home_Subsection_Leaderboard_5', 'class': None, 'width': '729', 'height': '90'}]",221,malta_today,home_page
246,119,25,18,5,2,4,84,10526,1619,24,8,"[{'src': None, 'title': '3rd party ad content', 'id': 'google_ads_iframe_/13474545/MT_Homepage_Leaderboard_0', 'class': None, 'width': '729', 'height': '91'}, {'src': None, 'title': '3rd party ad content', 'id': 'google_ads_iframe_/13474545/MaltaToday_Home_RectBanner_300x250_0', 'class': None, 'width': '300', 'height': '250'}, {'src': None, 'title': '3rd party ad content', 'id': 'google_ads_iframe_/13474545/MaltaToday_Home2_RectBanner2_0', 'class': None, 'width': '300', 'height': '250'}, {'src': None, 'title': '3rd party ad content', 'id': 'google_ads_iframe_/13474545/MaltaToday_Home_RectBanner_300x250_1', 'class': None, 'width': '300', 'height': '250'}, {'src': None, 'title': '3rd party ad content', 'id': 'google_ads_iframe_/13474545/MaltaToday_Home_Subsection_Leaderboard_0', 'class': None, 'width': '729', 'height': '91'}, {'src': None, 'title': '3rd party ad content', 'id': 'google_ads_iframe_/13474545/MaltaToday_Home_Subsection_Leaderboard_1', 'class': None, 'width': '728', 'height': '90'}, {'src': None, 'title': '3rd party ad content', 'id': 'google_ads_iframe_/13474545/MaltaToday_Home_Subsection_Leaderboard_2', 'class': None, 'width': '729', 'height': '91'}, {'src': None, 'title': '3rd party ad content', 'id': 'google_ads_iframe_/13474545/MaltaToday_Home_Subsection_Leaderboard_5', 'class': None, 'width': '729', 'height': '90'}]",222,malta_today,home_page
246,119,25,18,5,2,4,84,10526,1619,24,8,"[{'src': None, 'title': '3rd party ad content', 'id': 'google_ads_iframe_/13474545/MT_Homepage_Leaderboard_0', 'class': None, 'width': '729', 'height': '91'}, {'src': None, 'title': '3rd party ad content', 'id': 'google_ads_iframe_/13474545/MaltaToday_Home_RectBanner_300x250_0', 'class': None, 'width': '300', 'height': '250'}, {'src': None, 'title': '3rd party ad content', 'id': 'google_ads_iframe_/13474545/MaltaToday_Home2_RectBanner2_0', 'class': None, 'width': '300', 'height': '250'}, {'src': None, 'title': '3rd party ad content', 'id': 'google_ads_iframe_/13474545/MaltaToday_Home_RectBanner_300x250_1', 'class': None, 'width': '300', 'height': '250'}, {'src': None, 'title': '3rd party ad content', 'id': 'google_ads_iframe_/13474545/MaltaToday_Home_Subsection_Leaderboard_0', 'class': None, 'width': '729', 'height': '91'}, {'src': None, 'title': '3rd party ad content', 'id': 'google_ads_iframe_/13474545/MaltaToday_Home_Subsection_Leaderboard_1', 'class': None, 'width': '728', 'height': '90'}, {'src': None, 'title': '3rd party ad content', 'id': 'google_ads_iframe_/13474545/MaltaToday_Home_Subsection_Leaderboard_2', 'class': None, 'width': '729', 'height': '91'}, {'src': None, 'title': '3rd party ad content', 'id': 'google_ads_iframe_/13474545/MaltaToday_Home_Subsection_Leaderboard_5', 'class': None, 'width': '729', 'height': '90'}]",223,malta_today,home_page
246,119,25,18,5,2,4,84,10526,1619,24,8,"[{'src': None, 'title': '3rd party ad content', 'id': 'google_ads_iframe_/13474545/MT_Homepage_Leaderboard_0', 'class': None, 'width': '729', 'height': '91'}, {'src': None, 'title': '3rd party ad content', 'id': 'google_ads_iframe_/13474545/MaltaToday_Home_RectBanner_300x250_0', 'class': None, 'width': '300', 'height': '250'}, {'src': None, 'title': '3rd party ad content', 'id': 'google_ads_iframe_/13474545/MaltaToday_Home2_RectBanner2_0', 'class': None, 'width': '300', 'height': '250'}, {'src': None, 'title': '3rd party ad content', 'id': 'google_ads_iframe_/13474545/MaltaToday_Home_RectBanner_300x250_1', 'class': None, 'width': '300', 'height': '250'}, {'src': None, 'title': '3rd party ad content', 'id': 'google_ads_iframe_/13474545/MaltaToday_Home_Subsection_Leaderboard_0', 'class': None, 'width': '729', 'height': '91'}, {'src': None, 'title': '3rd party ad content', 'id': 'google_ads_iframe_/13474545/MaltaToday_Home_Subsection_Leaderboard_1', 'class': None, 'width': '728', 'height': '90'}, {'src': None, 'title': '3rd party ad content', 'id': 'google_ads_iframe_/13474545/MaltaToday_Home_Subsection_Leaderboard_2', 'class': None, 'width': '729', 'height': '91'}, {'src': None, 'title': '3rd party ad content', 'id': 'google_ads_iframe_/13474545/MaltaToday_Home_Subsection_Leaderboard_5', 'class': None, 'width': '729', 'height': '90'}]",224,malta_today,home_page
246,119,25,18,5,2,4,84,10526,1619,24,8,"[{'src': None, 'title': '3rd party ad content', 'id': 'google_ads_iframe_/13474545/MT_Homepage_Leaderboard_0', 'class': None, 'width': '729', 'height': '91'}, {'src': None, 'title': '3rd party ad content', 'id': 'google_ads_iframe_/13474545/MaltaToday_Home_RectBanner_300x250_0', 'class': None, 'width': '300', 'height': '250'}, {'src': None, 'title': '3rd party ad content', 'id': 'google_ads_iframe_/13474545/MaltaToday_Home2_RectBanner2_0', 'class': None, 'width': '300', 'height': '250'}, {'src': None, 'title': '3rd party ad content', 'id': 'google_ads_iframe_/13474545/MaltaToday_Home_RectBanner_300x250_1', 'class': None, 'width': '300', 'height': '250'}, {'src': None, 'title': '3rd party ad content', 'id': 'google_ads_iframe_/13474545/MaltaToday_Home_Subsection_Leaderboard_0', 'class': None, 'width': '729', 'height': '91'}, {'src': None, 'title': '3rd party ad content', 'id': 'google_ads_iframe_/13474545/MaltaToday_Home_Subsection_Leaderboard_1', 'class': None, 'width': '728', 'height': '90'}, {'src': None, 'title': '3rd party ad content', 'id': 'google_ads_iframe_/13474545/MaltaToday_Home_Subsection_Leaderboard_2', 'class': None, 'width': '729', 'height': '91'}, {'src': None, 'title': '3rd party ad content', 'id': 'google_ads_iframe_/13474545/MaltaToday_Home_Subsection_Leaderboard_5', 'class': None, 'width': '729', 'height': '90'}]",225,malta_today,home_page
246,119,25,18,5,2,4,84,10526,1619,24,8,"[{'src': None, 'title': '3rd party ad content', 'id': 'google_ads_iframe_/13474545/MT_Homepage_Leaderboard_0', 'class': None, 'width': '729', 'height': '91'}, {'src': None, 'title': '3rd party ad content', 'id': 'google_ads_iframe_/13474545/MaltaToday_Home_RectBanner_300x250_0', 'class': None, 'width': '300', 'height': '250'}, {'src': None, 'title': '3rd party ad content', 'id': 'google_ads_iframe_/13474545/MaltaToday_Home2_RectBanner2_0', 'class': None, 'width': '300', 'height': '250'}, {'src': None, 'title': '3rd party ad content', 'id': 'google_ads_iframe_/13474545/MaltaToday_Home_RectBanner_300x250_1', 'class': None, 'width': '300', 'height': '250'}, {'src': None, 'title': '3rd party ad content', 'id': 'google_ads_iframe_/13474545/MaltaToday_Home_Subsection_Leaderboard_0', 'class': None, 'width': '729', 'height': '91'}, {'src': None, 'title': '3rd party ad content', 'id': 'google_ads_iframe_/13474545/MaltaToday_Home_Subsection_Leaderboard_1', 'class': None, 'width': '728', 'height': '90'}, {'src': None, 'title': '3rd party ad content', 'id': 'google_ads_iframe_/13474545/MaltaToday_Home_Subsection_Leaderboard_2', 'class': None, 'width': '729', 'height': '91'}, {'src': None, 'title': '3rd party ad content', 'id': 'google_ads_iframe_/13474545/MaltaToday_Home_Subsection_Leaderboard_5', 'class': None, 'width': '729', 'height': '90'}]",226,malta_today,home_page
246,119,25,18,5,2,4,84,10526,1619,24,8,"[{'src': None, 'title': '3rd party ad content', 'id': 'google_ads_iframe_/13474545/MT_Homepage_Leaderboard_0', 'class': None, 'width': '729', 'height': '91'}, {'src': None, 'title': '3rd party ad content', 'id': 'google_ads_iframe_/13474545/MaltaToday_Home_RectBanner_300x250_0', 'class': None, 'width': '300', 'height': '250'}, {'src': None, 'title': '3rd party ad content', 'id': 'google_ads_iframe_/13474545/MaltaToday_Home2_RectBanner2_0', 'class': None, 'width': '300', 'height': '250'}, {'src': None, 'title': '3rd party ad content', 'id': 'google_ads_iframe_/13474545/MaltaToday_Home_RectBanner_300x250_1', 'class': None, 'width': '300', 'height': '250'}, {'src': None, 'title': '3rd party ad content', 'id': 'google_ads_iframe_/13474545/MaltaToday_Home_Subsection_Leaderboard_0', 'class': None, 'width': '729', 'height': '91'}, {'src': None, 'title': '3rd party ad content', 'id': 'google_ads_iframe_/13474545/MaltaToday_Home_Subsection_Leaderboard_1', 'class': None, 'width': '728', 'height': '90'}, {'src': None, 'title': '3rd party ad content', 'id': 'google_ads_iframe_/13474545/MaltaToday_Home_Subsection_Leaderboard_2', 'class': None, 'width': '729', 'height': '91'}, {'src': None, 'title': '3rd party ad content', 'id': 'google_ads_iframe_/13474545/MaltaToday_Home_Subsection_Leaderboard_5', 'class': None, 'width': '729', 'height': '90'}]",227,malta_today,home_page
246,119,25,18,5,2,4,84,10526,1619,24,8,"[{'src': None, 'title': '3rd party ad content', 'id': 'google_ads_iframe_/13474545/MT_Homepage_Leaderboard_0', 'class': None, 'width': '729', 'height': '91'}, {'src': None, 'title': '3rd party ad content', 'id': 'google_ads_iframe_/13474545/MaltaToday_Home_RectBanner_300x250_0', 'class': None, 'width': '300', 'height': '250'}, {'src': None, 'title': '3rd party ad content', 'id': 'google_ads_iframe_/13474545/MaltaToday_Home2_RectBanner2_0', 'class': None, 'width': '300', 'height': '250'}, {'src': None, 'title': '3rd party ad content', 'id': 'google_ads_iframe_/13474545/MaltaToday_Home_RectBanner_300x250_1', 'class': None, 'width': '300', 'height': '250'}, {'src': None, 'title': '3rd party ad content', 'id': 'google_ads_iframe_/13474545/MaltaToday_Home_Subsection_Leaderboard_0', 'class': None, 'width': '729', 'height': '91'}, {'src': None, 'title': '3rd party ad content', 'id': 'google_ads_iframe_/13474545/MaltaToday_Home_Subsection_Leaderboard_1', 'class': None, 'width': '728', 'height': '90'}, {'src': None, 'title': '3rd party ad content', 'id': 'google_ads_iframe_/13474545/MaltaToday_Home_Subsection_Leaderboard_2', 'class': None, 'width': '729', 'height': '91'}, {'src': None, 'title': '3rd party ad content', 'id': 'google_ads_iframe_/13474545/MaltaToday_Home_Subsection_Leaderboard_5', 'class': None, 'width': '729', 'height': '90'}]",228,malta_today,home_page
246,119,25,18,5,2,4,84,10526,1619,24,8,"[{'src': None, 'title': '3rd party ad content', 'id': 'google_ads_iframe_/13474545/MT_Homepage_Leaderboard_0', 'class': None, 'width': '729', 'height': '91'}, {'src': None, 'title': '3rd party ad content', 'id': 'google_ads_iframe_/13474545/MaltaToday_Home_RectBanner_300x250_0', 'class': None, 'width': '300', 'height': '250'}, {'src': None, 'title': '3rd party ad content', 'id': 'google_ads_iframe_/13474545/MaltaToday_Home2_RectBanner2_0', 'class': None, 'width': '300', 'height': '250'}, {'src': None, 'title': '3rd party ad content', 'id': 'google_ads_iframe_/13474545/MaltaToday_Home_RectBanner_300x250_1', 'class': None, 'width': '300', 'height': '250'}, {'src': None, 'title': '3rd party ad content', 'id': 'google_ads_iframe_/13474545/MaltaToday_Home_Subsection_Leaderboard_0', 'class': None, 'width': '729', 'height': '91'}, {'src': None, 'title': '3rd party ad content', 'id': 'google_ads_iframe_/13474545/MaltaToday_Home_Subsection_Leaderboard_1', 'class': None, 'width': '728', 'height': '90'}, {'src': None, 'title': '3rd party ad content', 'id': 'google_ads_iframe_/13474545/MaltaToday_Home_Subsection_Leaderboard_2', 'class': None, 'width': '729', 'height': '91'}, {'src': None, 'title': '3rd party ad content', 'id': 'google_ads_iframe_/13474545/MaltaToday_Home_Subsection_Leaderboard_5', 'class': None, 'width': '729', 'height': '90'}]",229,malta_today,home_page
246,119,25,18,5,2,4,84,10526,1619,24,8,"[{'src': None, 'title': '3rd party ad content', 'id': 'google_ads_iframe_/13474545/MT_Homepage_Leaderboard_0', 'class': None, 'width': '729', 'height': '91'}, {'src': None, 'title': '3rd party ad content', 'id': 'google_ads_iframe_/13474545/MaltaToday_Home_RectBanner_300x250_0', 'class': None, 'width': '300', 'height': '250'}, {'src': None, 'title': '3rd party ad content', 'id': 'google_ads_iframe_/13474545/MaltaToday_Home2_RectBanner2_0', 'class': None, 'width': '300', 'height': '250'}, {'src': None, 'title': '3rd party ad content', 'id': 'google_ads_iframe_/13474545/MaltaToday_Home_RectBanner_300x250_1', 'class': None, 'width': '300', 'height': '250'}, {'src': None, 'title': '3rd party ad content', 'id': 'google_ads_iframe_/13474545/MaltaToday_Home_Subsection_Leaderboard_0', 'class': None, 'width': '729', 'height': '91'}, {'src': None, 'title': '3rd party ad content', 'id': 'google_ads_iframe_/13474545/MaltaToday_Home_Subsection_Leaderboard_1', 'class': None, 'width': '728', 'height': '90'}, {'src': None, 'title': '3rd party ad content', 'id': 'google_ads_iframe_/13474545/MaltaToday_Home_Subsection_Leaderboard_2', 'class': None, 'width': '729', 'height': '91'}, {'src': None, 'title': '3rd party ad content', 'id': 'google_ads_iframe_/13474545/MaltaToday_Home_Subsection_Leaderboard_5', 'class': None, 'width': '729', 'height': '90'}]",230,malta_today,home_page
246,119,25,18,5,2,4,84,10526,1619,24,8,"[{'src': None, 'title': '3rd party ad content', 'id': 'google_ads_iframe_/13474545/MT_Homepage_Leaderboard_0', 'class': None, 'width': '729', 'height': '91'}, {'src': None, 'title': '3rd party ad content', 'id': 'google_ads_iframe_/13474545/MaltaToday_Home_RectBanner_300x250_0', 'class': None, 'width': '300', 'height': '250'}, {'src': None, 'title': '3rd party ad content', 'id': 'google_ads_iframe_/13474545/MaltaToday_Home2_RectBanner2_0', 'class': None, 'width': '300', 'height': '250'}, {'src': None, 'title': '3rd party ad content', 'id': 'google_ads_iframe_/13474545/MaltaToday_Home_RectBanner_300x250_1', 'class': None, 'width': '300', 'height': '250'}, {'src': None, 'title': '3rd party ad content', 'id': 'google_ads_iframe_/13474545/MaltaToday_Home_Subsection_Leaderboard_0', 'class': None, 'width': '729', 'height': '91'}, {'src': None, 'title': '3rd party ad content', 'id': 'google_ads_iframe_/13474545/MaltaToday_Home_Subsection_Leaderboard_1', 'class': None, 'width': '728', 'height': '90'}, {'src': None, 'title': '3rd party ad content', 'id': 'google_ads_iframe_/13474545/MaltaToday_Home_Subsection_Leaderboard_2', 'class': None, 'width': '729', 'height': '91'}, {'src': None, 'title': '3rd party ad content', 'id': 'google_ads_iframe_/13474545/MaltaToday_Home_Subsection_Leaderboard_5', 'class': None, 'width': '729', 'height': '90'}]",231,malta_today,home_page
246,119,25,18,5,2,4,84,10526,1619,24,8,"[{'src': None, 'title': '3rd party ad content', 'id': 'google_ads_iframe_/13474545/MT_Homepage_Leaderboard_0', 'class': None, 'width': '729', 'height': '91'}, {'src': None, 'title': '3rd party ad content', 'id': 'google_ads_iframe_/13474545/MaltaToday_Home_RectBanner_300x250_0', 'class': None, 'width': '300', 'height': '250'}, {'src': None, 'title': '3rd party ad content', 'id': 'google_ads_iframe_/13474545/MaltaToday_Home2_RectBanner2_0', 'class': None, 'width': '300', 'height': '250'}, {'src': None, 'title': '3rd party ad content', 'id': 'google_ads_iframe_/13474545/MaltaToday_Home_RectBanner_300x250_1', 'class': None, 'width': '300', 'height': '250'}, {'src': None, 'title': '3rd party ad content', 'id': 'google_ads_iframe_/13474545/MaltaToday_Home_Subsection_Leaderboard_0', 'class': None, 'width': '729', 'height': '91'}, {'src': None, 'title': '3rd party ad content', 'id': 'google_ads_iframe_/13474545/MaltaToday_Home_Subsection_Leaderboard_1', 'class': None, 'width': '728', 'height': '90'}, {'src': None, 'title': '3rd party ad content', 'id': 'google_ads_iframe_/13474545/MaltaToday_Home_Subsection_Leaderboard_2', 'class': None, 'width': '729', 'height': '91'}, {'src': None, 'title': '3rd party ad content', 'id': 'google_ads_iframe_/13474545/MaltaToday_Home_Subsection_Leaderboard_5', 'class': None, 'width': '729', 'height': '90'}]",232,malta_today,home_page
246,119,25,18,5,2,4,84,10526,1619,24,8,"[{'src': None, 'title': '3rd party ad content', 'id': 'google_ads_iframe_/13474545/MT_Homepage_Leaderboard_0', 'class': None, 'width': '729', 'height': '91'}, {'src': None, 'title': '3rd party ad content', 'id': 'google_ads_iframe_/13474545/MaltaToday_Home_RectBanner_300x250_0', 'class': None, 'width': '300', 'height': '250'}, {'src': None, 'title': '3rd party ad content', 'id': 'google_ads_iframe_/13474545/MaltaToday_Home2_RectBanner2_0', 'class': None, 'width': '300', 'height': '250'}, {'src': None, 'title': '3rd party ad content', 'id': 'google_ads_iframe_/13474545/MaltaToday_Home_RectBanner_300x250_1', 'class': None, 'width': '300', 'height': '250'}, {'src': None, 'title': '3rd party ad content', 'id': 'google_ads_iframe_/13474545/MaltaToday_Home_Subsection_Leaderboard_0', 'class': None, 'width': '729', 'height': '91'}, {'src': None, 'title': '3rd party ad content', 'id': 'google_ads_iframe_/13474545/MaltaToday_Home_Subsection_Leaderboard_1', 'class': None, 'width': '728', 'height': '90'}, {'src': None, 'title': '3rd party ad content', 'id': 'google_ads_iframe_/13474545/MaltaToday_Home_Subsection_Leaderboard_2', 'class': None, 'width': '729', 'height': '91'}, {'src': None, 'title': '3rd party ad content', 'id': 'google_ads_iframe_/13474545/MaltaToday_Home_Subsection_Leaderboard_5', 'class': None, 'width': '729', 'height': '90'}]",233,malta_today,home_page
180,49,25,12,3,2,36,26,8807,1334,24,4,"[{'src': None, 'title': '3rd party ad content', 'id': 'google_ads_iframe_/13474545/MaltaToday_News_Leaderboard_728x90_0', 'class': None, 'width': '728', 'height': '250'}, {'src': None, 'title': '3rd party ad content', 'id': 'google_ads_iframe_/13474545/MaltaToday_News_RectBanner_300x250_0', 'class': None, 'width': '300', 'height': '250'}, {'src': None, 'title': '3rd party ad content', 'id': 'google_ads_iframe_/13474545/MaltaToday_News_Leaderboard2_0', 'class': None, 'width': '729', 'height': '91'}, {'src': None, 'title': '3rd party ad content', 'id': 'google_ads_iframe_/13474545/MaltaToday_News_Leaderboard2_1', 'class': None, 'width': '729', 'height': '91'}]",234,malta_today,news_listing
180,49,25,12,3,2,36,26,8807,1334,24,4,"[{'src': None, 'title': '3rd party ad content', 'id': 'google_ads_iframe_/13474545/MaltaToday_News_Leaderboard_728x90_0', 'class': None, 'width': '728', 'height': '250'}, {'src': None, 'title': '3rd party ad content', 'id': 'google_ads_iframe_/13474545/MaltaToday_News_RectBanner_300x250_0', 'class': None, 'width': '300', 'height': '250'}, {'src': None, 'title': '3rd party ad content', 'id': 'google_ads_iframe_/13474545/MaltaToday_News_Leaderboard2_0', 'class': None, 'width': '729', 'height': '91'}, {'src': None, 'title': '3rd party ad content', 'id': 'google_ads_iframe_/13474545/MaltaToday_News_Leaderboard2_1', 'class': None, 'width': '729', 'height': '91'}]",235,malta_today,news_listing
180,49,25,12,3,2,36,26,8807,1334,24,4,"[{'src': None, 'title': '3rd party ad content', 'id': 'google_ads_iframe_/13474545/MaltaToday_News_Leaderboard_728x90_0', 'class': None, 'width': '728', 'height': '250'}, {'src': None, 'title': '3rd party ad content', 'id': 'google_ads_iframe_/13474545/MaltaToday_News_RectBanner_300x250_0', 'class': None, 'width': '300', 'height': '250'}, {'src': None, 'title': '3rd party ad content', 'id': 'google_ads_iframe_/13474545/MaltaToday_News_Leaderboard2_0', 'class': None, 'width': '729', 'height': '91'}, {'src': None, 'title': '3rd party ad content', 'id': 'google_ads_iframe_/13474545/MaltaToday_News_Leaderboard2_1', 'class': None, 'width': '729', 'height': '91'}]",236,malta_today,news_listing
180,49,25,12,3,2,36,26,8807,1334,24,4,"[{'src': None, 'title': '3rd party ad content', 'id': 'google_ads_iframe_/13474545/MaltaToday_News_Leaderboard_728x90_0', 'class': None, 'width': '728', 'height': '250'}, {'src': None, 'title': '3rd party ad content', 'id': 'google_ads_iframe_/13474545/MaltaToday_News_RectBanner_300x250_0', 'class': None, 'width': '300', 'height': '250'}, {'src': None, 'title': '3rd party ad content', 'id': 'google_ads_iframe_/13474545/MaltaToday_News_Leaderboard2_0', 'class': None, 'width': '729', 'height': '91'}, {'src': None, 'title': '3rd party ad content', 'id': 'google_ads_iframe_/13474545/MaltaToday_News_Leaderboard2_1', 'class': None, 'width': '729', 'height': '91'}]",237,malta_today,news_listing
180,49,25,12,3,2,36,26,8807,1334,24,4,"[{'src': None, 'title': '3rd party ad content', 'id': 'google_ads_iframe_/13474545/MaltaToday_News_Leaderboard_728x90_0', 'class': None, 'width': '728', 'height': '250'}, {'src': None, 'title': '3rd party ad content', 'id': 'google_ads_iframe_/13474545/MaltaToday_News_RectBanner_300x250_0', 'class': None, 'width': '300', 'height': '250'}, {'src': None, 'title': '3rd party ad content', 'id': 'google_ads_iframe_/13474545/MaltaToday_News_Leaderboard2_0', 'class': None, 'width': '729', 'height': '91'}, {'src': None, 'title': '3rd party ad content', 'id': 'google_ads_iframe_/13474545/MaltaToday_News_Leaderboard2_1', 'class': None, 'width': '729', 'height': '91'}]",238,malta_today,news_listing
180,49,25,12,3,2,36,26,8807,1334,24,4,"[{'src': None, 'title': '3rd party ad content', 'id': 'google_ads_iframe_/13474545/MaltaToday_News_Leaderboard_728x90_0', 'class': None, 'width': '728', 'height': '250'}, {'src': None, 'title': '3rd party ad content', 'id': 'google_ads_iframe_/13474545/MaltaToday_News_RectBanner_300x250_0', 'class': None, 'width': '300', 'height': '250'}, {'src': None, 'title': '3rd party ad content', 'id': 'google_ads_iframe_/13474545/MaltaToday_News_Leaderboard2_0', 'class': None, 'width': '729', 'height': '91'}, {'src': None, 'title': '3rd party ad content', 'id': 'google_ads_iframe_/13474545/MaltaToday_News_Leaderboard2_1', 'class': None, 'width': '729', 'height': '91'}]",239,malta_today,news_listing
180,49,25,12,3,2,36,26,8807,1334,24,4,"[{'src': None, 'title': '3rd party ad content', 'id': 'google_ads_iframe_/13474545/MaltaToday_News_Leaderboard_728x90_0', 'class': None, 'width': '728', 'height': '250'}, {'src': None, 'title': '3rd party ad content', 'id': 'google_ads_iframe_/13474545/MaltaToday_News_RectBanner_300x250_0', 'class': None, 'width': '300', 'height': '250'}, {'src': None, 'title': '3rd party ad content', 'id': 'google_ads_iframe_/13474545/MaltaToday_News_Leaderboard2_0', 'class': None, 'width': '729', 'height': '91'}, {'src': None, 'title': '3rd party ad content', 'id': 'google_ads_iframe_/13474545/MaltaToday_News_Leaderboard2_1', 'class': None, 'width': '729', 'height': '91'}]",240,malta_today,news_listing
180,49,25,12,3,2,36,26,8807,1334,24,4,"[{'src': None, 'title': '3rd party ad content', 'id': 'google_ads_iframe_/13474545/MaltaToday_News_Leaderboard_728x90_0', 'class': None, 'width': '728', 'height': '250'}, {'src': None, 'title': '3rd party ad content', 'id': 'google_ads_iframe_/13474545/MaltaToday_News_RectBanner_300x250_0', 'class': None, 'width': '300', 'height': '250'}, {'src': None, 'title': '3rd party ad content', 'id': 'google_ads_iframe_/13474545/MaltaToday_News_Leaderboard2_0', 'class': None, 'width': '729', 'height': '91'}, {'src': None, 'title': '3rd party ad content', 'id': 'google_ads_iframe_/13474545/MaltaToday_News_Leaderboard2_1', 'class': None, 'width': '729', 'height': '91'}]",241,malta_today,news_listing
180,49,25,12,3,2,36,26,8807,1334,24,4,"[{'src': None, 'title': '3rd party ad content', 'id': 'google_ads_iframe_/13474545/MaltaToday_News_Leaderboard_728x90_0', 'class': None, 'width': '728', 'height': '250'}, {'src': None, 'title': '3rd party ad content', 'id': 'google_ads_iframe_/13474545/MaltaToday_News_RectBanner_300x250_0', 'class': None, 'width': '300', 'height': '250'}, {'src': None, 'title': '3rd party ad content', 'id': 'google_ads_iframe_/13474545/MaltaToday_News_Leaderboard2_0', 'class': None, 'width': '729', 'height': '91'}, {'src': None, 'title': '3rd party ad content', 'id': 'google_ads_iframe_/13474545/MaltaToday_News_Leaderboard2_1', 'class': None, 'width': '729', 'height': '91'}]",242,malta_today,news_listing
180,49,25,12,3,2,36,26,8807,1334,24,4,"[{'src': None, 'title': '3rd party ad content', 'id': 'google_ads_iframe_/13474545/MaltaToday_News_Leaderboard_728x90_0', 'class': None, 'width': '728', 'height': '250'}, {'src': None, 'title': '3rd party ad content', 'id': 'google_ads_iframe_/13474545/MaltaToday_News_RectBanner_300x250_0', 'class': None, 'width': '300', 'height': '250'}, {'src': None, 'title': '3rd party ad content', 'id': 'google_ads_iframe_/13474545/MaltaToday_News_Leaderboard2_0', 'class': None, 'width': '729', 'height': '91'}, {'src': None, 'title': '3rd party ad content', 'id': 'google_ads_iframe_/13474545/MaltaToday_News_Leaderboard2_1', 'class': None, 'width': '729', 'height': '91'}]",243,malta_today,news_listing
181,48,26,12,2,2,36,26,8432,1245,24,4,"[{'src': None, 'title': '3rd party ad content', 'id': 'google_ads_iframe_/13474545/MaltaToday_News_Leaderboard_728x90_0', 'class': None, 'width': '728', 'height': '250'}, {'src': None, 'title': '3rd party ad content', 'id': 'google_ads_iframe_/13474545/MaltaToday_News_RectBanner_300x250_0', 'class': None, 'width': '300', 'height': '250'}, {'src': None, 'title': '3rd party ad content', 'id': 'google_ads_iframe_/13474545/MaltaToday_News_Leaderboard2_1', 'class': None, 'width': '729', 'height': '91'}, {'src': None, 'title': '3rd party ad content', 'id': 'google_ads_iframe_/13474545/MaltaToday_News_Leaderboard2_2', 'class': None, 'width': '729', 'height': '91'}]",244,malta_today,news_listing
181,48,26,12,2,2,36,26,8432,1245,24,4,"[{'src': None, 'title': '3rd party ad content', 'id': 'google_ads_iframe_/13474545/MaltaToday_News_Leaderboard_728x90_0', 'class': None, 'width': '728', 'height': '250'}, {'src': None, 'title': '3rd party ad content', 'id': 'google_ads_iframe_/13474545/MaltaToday_News_RectBanner_300x250_0', 'class': None, 'width': '300', 'height': '250'}, {'src': None, 'title': '3rd party ad content', 'id': 'google_ads_iframe_/13474545/MaltaToday_News_Leaderboard2_1', 'class': None, 'width': '729', 'height': '91'}, {'src': None, 'title': '3rd party ad content', 'id': 'google_ads_iframe_/13474545/MaltaToday_News_Leaderboard2_2', 'class': None, 'width': '729', 'height': '91'}]",245,malta_today,news_listing
181,48,26,12,2,2,36,26,8432,1245,24,4,"[{'src': None, 'title': '3rd party ad content', 'id': 'google_ads_iframe_/13474545/MaltaToday_News_Leaderboard_728x90_0', 'class': None, 'width': '728', 'height': '250'}, {'src': None, 'title': '3rd party ad content', 'id': 'google_ads_iframe_/13474545/MaltaToday_News_RectBanner_300x250_0', 'class': None, 'width': '300', 'height': '250'}, {'src': None, 'title': '3rd party ad content', 'id': 'google_ads_iframe_/13474545/MaltaToday_News_Leaderboard2_1', 'class': None, 'width': '729', 'height': '91'}, {'src': None, 'title': '3rd party ad content', 'id': 'google_ads_iframe_/13474545/MaltaToday_News_Leaderboard2_2', 'class': None, 'width': '729', 'height': '91'}]",246,malta_today,news_listing
181,48,26,12,2,2,36,26,8432,1245,24,4,"[{'src': None, 'title': '3rd party ad content', 'id': 'google_ads_iframe_/13474545/MaltaToday_News_Leaderboard_728x90_0', 'class': None, 'width': '728', 'height': '250'}, {'src': None, 'title': '3rd party ad content', 'id': 'google_ads_iframe_/13474545/MaltaToday_News_RectBanner_300x250_0', 'class': None, 'width': '300', 'height': '250'}, {'src': None, 'title': '3rd party ad content', 'id': 'google_ads_iframe_/13474545/MaltaToday_News_Leaderboard2_1', 'class': None, 'width': '729', 'height': '91'}, {'src': None, 'title': '3rd party ad content', 'id': 'google_ads_iframe_/13474545/MaltaToday_News_Leaderboard2_2', 'class': None, 'width': '729', 'height': '91'}]",247,malta_today,news_listing
181,48,26,12,2,2,36,26,8432,1245,24,4,"[{'src': None, 'title': '3rd party ad content', 'id': 'google_ads_iframe_/13474545/MaltaToday_News_Leaderboard_728x90_0', 'class': None, 'width': '728', 'height': '250'}, {'src': None, 'title': '3rd party ad content', 'id': 'google_ads_iframe_/13474545/MaltaToday_News_RectBanner_300x250_0', 'class': None, 'width': '300', 'height': '250'}, {'src': None, 'title': '3rd party ad content', 'id': 'google_ads_iframe_/13474545/MaltaToday_News_Leaderboard2_1', 'class': None, 'width': '729', 'height': '91'}, {'src': None, 'title': '3rd party ad content', 'id': 'google_ads_iframe_/13474545/MaltaToday_News_Leaderboard2_2', 'class': None, 'width': '729', 'height': '91'}]",248,malta_today,news_listing
182,48,25,12,2,2,36,26,8326,1256,24,4,"[{'src': None, 'title': '3rd party ad content', 'id': 'google_ads_iframe_/13474545/MaltaToday_News_Leaderboard_728x90_0', 'class': None, 'width': '728', 'height': '250'}, {'src': None, 'title': '3rd party ad content', 'id': 'google_ads_iframe_/13474545/MaltaToday_News_RectBanner_300x250_0', 'class': None, 'width': '300', 'height': '250'}, {'src': None, 'title': '3rd party ad content', 'id': 'google_ads_iframe_/13474545/MaltaToday_News_Rect3_0', 'class': None, 'width': '300', 'height': '250'}, {'src': None, 'title': '3rd party ad content', 'id': 'google_ads_iframe_/13474545/MaltaToday_News_Leaderboard2_1', 'class': None, 'width': '729', 'height': '91'}]",249,malta_today,news_listing
182,48,25,12,2,2,36,26,8326,1256,24,4,"[{'src': None, 'title': '3rd party ad content', 'id': 'google_ads_iframe_/13474545/MaltaToday_News_Leaderboard_728x90_0', 'class': None, 'width': '728', 'height': '250'}, {'src': None, 'title': '3rd party ad content', 'id': 'google_ads_iframe_/13474545/MaltaToday_News_RectBanner_300x250_0', 'class': None, 'width': '300', 'height': '250'}, {'src': None, 'title': '3rd party ad content', 'id': 'google_ads_iframe_/13474545/MaltaToday_News_Rect3_0', 'class': None, 'width': '300', 'height': '250'}, {'src': None, 'title': '3rd party ad content', 'id': 'google_ads_iframe_/13474545/MaltaToday_News_Leaderboard2_1', 'class': None, 'width': '729', 'height': '91'}]",250,malta_today,news_listing
182,48,25,12,2,2,36,26,8326,1256,24,4,"[{'src': None, 'title': '3rd party ad content', 'id': 'google_ads_iframe_/13474545/MaltaToday_News_Leaderboard_728x90_0', 'class': None, 'width': '728', 'height': '250'}, {'src': None, 'title': '3rd party ad content', 'id': 'google_ads_iframe_/13474545/MaltaToday_News_RectBanner_300x250_0', 'class': None, 'width': '300', 'height': '250'}, {'src': None, 'title': '3rd party ad content', 'id': 'google_ads_iframe_/13474545/MaltaToday_News_Rect3_0', 'class': None, 'width': '300', 'height': '250'}, {'src': None, 'title': '3rd party ad content', 'id': 'google_ads_iframe_/13474545/MaltaToday_News_Leaderboard2_1', 'class': None, 'width': '729', 'height': '91'}]",251,malta_today,news_listing
182,48,25,12,2,2,36,26,8326,1256,24,4,"[{'src': None, 'title': '3rd party ad content', 'id': 'google_ads_iframe_/13474545/MaltaToday_News_Leaderboard_728x90_0', 'class': None, 'width': '728', 'height': '250'}, {'src': None, 'title': '3rd party ad content', 'id': 'google_ads_iframe_/13474545/MaltaToday_News_RectBanner_300x250_0', 'class': None, 'width': '300', 'height': '250'}, {'src': None, 'title': '3rd party ad content', 'id': 'google_ads_iframe_/13474545/MaltaToday_News_Rect3_0', 'class': None, 'width': '300', 'height': '250'}, {'src': None, 'title': '3rd party ad content', 'id': 'google_ads_iframe_/13474545/MaltaToday_News_Leaderboard2_1', 'class': None, 'width': '729', 'height': '91'}]",252,malta_today,news_listing
182,48,25,12,2,2,36,26,8326,1256,24,4,"[{'src': None, 'title': '3rd party ad content', 'id': 'google_ads_iframe_/13474545/MaltaToday_News_Leaderboard_728x90_0', 'class': None, 'width': '728', 'height': '250'}, {'src': None, 'title': '3rd party ad content', 'id': 'google_ads_iframe_/13474545/MaltaToday_News_RectBanner_300x250_0', 'class': None, 'width': '300', 'height': '250'}, {'src': None, 'title': '3rd party ad content', 'id': 'google_ads_iframe_/13474545/MaltaToday_News_Rect3_0', 'class': None, 'width': '300', 'height': '250'}, {'src': None, 'title': '3rd party ad content', 'id': 'google_ads_iframe_/13474545/MaltaToday_News_Leaderboard2_1', 'class': None, 'width': '729', 'height': '91'}]",253,malta_today,news_listing
182,48,25,12,2,2,36,26,8326,1256,24,4,"[{'src': None, 'title': '3rd party ad content', 'id': 'google_ads_iframe_/13474545/MaltaToday_News_Leaderboard_728x90_0', 'class': None, 'width': '728', 'height': '250'}, {'src': None, 'title': '3rd party ad content', 'id': 'google_ads_iframe_/13474545/MaltaToday_News_RectBanner_300x250_0', 'class': None, 'width': '300', 'height': '250'}, {'src': None, 'title': '3rd party ad content', 'id': 'google_ads_iframe_/13474545/MaltaToday_News_Rect3_0', 'class': None, 'width': '300', 'height': '250'}, {'src': None, 'title': '3rd party ad content', 'id': 'google_ads_iframe_/13474545/MaltaToday_News_Leaderboard2_1', 'class': None, 'width': '729', 'height': '91'}]",254,malta_today,news_listing
182,48,25,12,2,2,36,26,8326,1256,24,4,"[{'src': None, 'title': '3rd party ad content', 'id': 'google_ads_iframe_/13474545/MaltaToday_News_Leaderboard_728x90_0', 'class': None, 'width': '728', 'height': '250'}, {'src': None, 'title': '3rd party ad content', 'id': 'google_ads_iframe_/13474545/MaltaToday_News_RectBanner_300x250_0', 'class': None, 'width': '300', 'height': '250'}, {'src': None, 'title': '3rd party ad content', 'id': 'google_ads_iframe_/13474545/MaltaToday_News_Rect3_0', 'class': None, 'width': '300', 'height': '250'}, {'src': None, 'title': '3rd party ad content', 'id': 'google_ads_iframe_/13474545/MaltaToday_News_Leaderboard2_1', 'class': None, 'width': '729', 'height': '91'}]",255,malta_today,news_listing
182,48,25,12,2,2,36,26,8326,1256,24,4,"[{'src': None, 'title': '3rd party ad content', 'id': 'google_ads_iframe_/13474545/MaltaToday_News_Leaderboard_728x90_0', 'class': None, 'width': '728', 'height': '250'}, {'src': None, 'title': '3rd party ad content', 'id': 'google_ads_iframe_/13474545/MaltaToday_News_RectBanner_300x250_0', 'class': None, 'width': '300', 'height': '250'}, {'src': None, 'title': '3rd party ad content', 'id': 'google_ads_iframe_/13474545/MaltaToday_News_Rect3_0', 'class': None, 'width': '300', 'height': '250'}, {'src': None, 'title': '3rd party ad content', 'id': 'google_ads_iframe_/13474545/MaltaToday_News_Leaderboard2_1', 'class': None, 'width': '729', 'height': '91'}]",256,malta_today,news_listing
182,48,25,12,2,2,36,26,8326,1256,24,4,"[{'src': None, 'title': '3rd party ad content', 'id': 'google_ads_iframe_/13474545/MaltaToday_News_Leaderboard_728x90_0', 'class': None, 'width': '728', 'height': '250'}, {'src': None, 'title': '3rd party ad content', 'id': 'google_ads_iframe_/13474545/MaltaToday_News_RectBanner_300x250_0', 'class': None, 'width': '300', 'height': '250'}, {'src': None, 'title': '3rd party ad content', 'id': 'google_ads_iframe_/13474545/MaltaToday_News_Rect3_0', 'class': None, 'width': '300', 'height': '250'}, {'src': None, 'title': '3rd party ad content', 'id': 'google_ads_iframe_/13474545/MaltaToday_News_Leaderboard2_1', 'class': None, 'width': '729', 'height': '91'}]",257,malta_today,news_listing
182,48,25,12,2,2,36,26,8326,1256,24,4,"[{'src': None, 'title': '3rd party ad content', 'id': 'google_ads_iframe_/13474545/MaltaToday_News_Leaderboard_728x90_0', 'class': None, 'width': '728', 'height': '250'}, {'src': None, 'title': '3rd party ad content', 'id': 'google_ads_iframe_/13474545/MaltaToday_News_RectBanner_300x250_0', 'class': None, 'width': '300', 'height': '250'}, {'src': None, 'title': '3rd party ad content', 'id': 'google_ads_iframe_/13474545/MaltaToday_News_Rect3_0', 'class': None, 'width': '300', 'height': '250'}, {'src': None, 'title': '3rd party ad content', 'id': 'google_ads_iframe_/13474545/MaltaToday_News_Leaderboard2_1', 'class': None, 'width': '729', 'height': '91'}]",258,malta_today,news_listing
182,48,25,12,2,2,36,26,8326,1256,24,4,"[{'src': None, 'title': '3rd party ad content', 'id': 'google_ads_iframe_/13474545/MaltaToday_News_Leaderboard_728x90_0', 'class': None, 'width': '728', 'height': '250'}, {'src': None, 'title': '3rd party ad content', 'id': 'google_ads_iframe_/13474545/MaltaToday_News_RectBanner_300x250_0', 'class': None, 'width': '300', 'height': '250'}, {'src': None, 'title': '3rd party ad content', 'id': 'google_ads_iframe_/13474545/MaltaToday_News_Rect3_0', 'class': None, 'width': '300', 'height': '250'}, {'src': None, 'title': '3rd party ad content', 'id': 'google_ads_iframe_/13474545/MaltaToday_News_Leaderboard2_1', 'class': None, 'width': '729', 'height': '91'}]",259,malta_today,news_listing
182,48,25,12,2,2,36,26,8326,1256,24,4,"[{'src': None, 'title': '3rd party ad content', 'id': 'google_ads_iframe_/13474545/MaltaToday_News_Leaderboard_728x90_0', 'class': None, 'width': '728', 'height': '250'}, {'src': None, 'title': '3rd party ad content', 'id': 'google_ads_iframe_/13474545/MaltaToday_News_RectBanner_300x250_0', 'class': None, 'width': '300', 'height': '250'}, {'src': None, 'title': '3rd party ad content', 'id': 'google_ads_iframe_/13474545/MaltaToday_News_Rect3_0', 'class': None, 'width': '300', 'height': '250'}, {'src': None, 'title': '3rd party ad content', 'id': 'google_ads_iframe_/13474545/MaltaToday_News_Leaderboard2_1', 'class': None, 'width': '729', 'height': '91'}]",260,malta_today,news_listing
182,48,25,12,2,2,36,26,8326,1256,24,4,"[{'src': None, 'title': '3rd party ad content', 'id': 'google_ads_iframe_/13474545/MaltaToday_News_Leaderboard_728x90_0', 'class': None, 'width': '728', 'height': '250'}, {'src': None, 'title': '3rd party ad content', 'id': 'google_ads_iframe_/13474545/MaltaToday_News_RectBanner_300x250_0', 'class': None, 'width': '300', 'height': '250'}, {'src': None, 'title': '3rd party ad content', 'id': 'google_ads_iframe_/13474545/MaltaToday_News_Rect3_0', 'class': None, 'width': '300', 'height': '250'}, {'src': None, 'title': '3rd party ad content', 'id': 'google_ads_iframe_/13474545/MaltaToday_News_Leaderboard2_1', 'class': None, 'width': '729', 'height': '91'}]",261,malta_today,news_listing
182,48,25,10,2,2,36,26,8326,1256,24,2,"[{'src': None, 'title': '3rd party ad content', 'id': 'google_ads_iframe_/13474545/MaltaToday_News_Leaderboard_728x90_0', 'class': None, 'width': '728', 'height': '250'}, {'src': None, 'title': '3rd party ad content', 'id': 'google_ads_iframe_/13474545/MaltaToday_News_RectBanner_300x250_0', 'class': None, 'width': '300', 'height': '250'}]",262,malta_today,news_listing
182,48,25,10,2,2,36,26,8326,1256,24,2,"[{'src': None, 'title': '3rd party ad content', 'id': 'google_ads_iframe_/13474545/MaltaToday_News_Leaderboard_728x90_0', 'class': None, 'width': '728', 'height': '250'}, {'src': None, 'title': '3rd party ad content', 'id': 'google_ads_iframe_/13474545/MaltaToday_News_RectBanner_300x250_0', 'class': None, 'width': '300', 'height': '250'}]",263,malta_today,news_listing
182,48,25,10,2,2,36,26,8326,1256,24,2,"[{'src': None, 'title': '3rd party ad content', 'id': 'google_ads_iframe_/13474545/MaltaToday_News_Leaderboard_728x90_0', 'class': None, 'width': '728', 'height': '250'}, {'src': None, 'title': '3rd party ad content', 'id': 'google_ads_iframe_/13474545/MaltaToday_News_RectBanner_300x250_0', 'class': None, 'width': '300', 'height': '250'}]",264,malta_today,news_listing
182,48,25,10,2,2,36,26,8326,1256,24,2,"[{'src': None, 'title': '3rd party ad content', 'id': 'google_ads_iframe_/13474545/MaltaToday_News_Leaderboard_728x90_0', 'class': None, 'width': '728', 'height': '250'}, {'src': None, 'title': '3rd party ad content', 'id': 'google_ads_iframe_/13474545/MaltaToday_News_RectBanner_300x250_0', 'class': None, 'width': '300', 'height': '250'}]",265,malta_today,news_listing
182,48,25,10,2,2,36,26,8326,1256,24,2,"[{'src': None, 'title': '3rd party ad content', 'id': 'google_ads_iframe_/13474545/MaltaToday_News_Leaderboard_728x90_0', 'class': None, 'width': '728', 'height': '250'}, {'src': None, 'title': '3rd party ad content', 'id': 'google_ads_iframe_/13474545/MaltaToday_News_RectBanner_300x250_0', 'class': None, 'width': '300', 'height': '250'}]",266,malta_today,news_listing
182,48,25,10,2,2,36,26,8326,1256,24,2,"[{'src': None, 'title': '3rd party ad content', 'id': 'google_ads_iframe_/13474545/MaltaToday_News_Leaderboard_728x90_0', 'class': None, 'width': '728', 'height': '250'}, {'src': None, 'title': '3rd party ad content', 'id': 'google_ads_iframe_/13474545/MaltaToday_News_RectBanner_300x250_0', 'class': None, 'width': '300', 'height': '250'}]",267,malta_today,news_listing
182,48,25,10,2,2,36,26,8326,1256,24,2,"[{'src': None, 'title': '3rd party ad content', 'id': 'google_ads_iframe_/13474545/MaltaToday_News_Leaderboard_728x90_0', 'class': None, 'width': '728', 'height': '250'}, {'src': None, 'title': '3rd party ad content', 'id': 'google_ads_iframe_/13474545/MaltaToday_News_RectBanner_300x250_0', 'class': None, 'width': '300', 'height': '250'}]",268,malta_today,news_listing
182,48,25,10,2,2,36,26,8326,1256,24,2,"[{'src': None, 'title': '3rd party ad content', 'id': 'google_ads_iframe_/13474545/MaltaToday_News_Leaderboard_728x90_0', 'class': None, 'width': '728', 'height': '250'}, {'src': None, 'title': '3rd party ad content', 'id': 'google_ads_iframe_/13474545/MaltaToday_News_RectBanner_300x250_0', 'class': None, 'width': '300', 'height': '250'}]",269,malta_today,news_listing
182,48,25,12,2,2,36,26,8326,1256,24,4,"[{'src': None, 'title': '3rd party ad content', 'id': 'google_ads_iframe_/13474545/MaltaToday_News_Leaderboard_728x90_0', 'class': None, 'width': '728', 'height': '250'}, {'src': None, 'title': '3rd party ad content', 'id': 'google_ads_iframe_/13474545/MaltaToday_News_RectBanner_300x250_0', 'class': None, 'width': '300', 'height': '250'}, {'src': None, 'title': '3rd party ad content', 'id': 'google_ads_iframe_/13474545/MaltaToday_News_Rect3_0', 'class': None, 'width': '300', 'height': '250'}, {'src': None, 'title': '3rd party ad content', 'id': 'google_ads_iframe_/13474545/MaltaToday_News_Leaderboard2_2', 'class': None, 'width': '729', 'height': '91'}]",270,malta_today,news_listing
182,48,25,12,2,2,36,26,8326,1256,24,4,"[{'src': None, 'title': '3rd party ad content', 'id': 'google_ads_iframe_/13474545/MaltaToday_News_Leaderboard_728x90_0', 'class': None, 'width': '728', 'height': '250'}, {'src': None, 'title': '3rd party ad content', 'id': 'google_ads_iframe_/13474545/MaltaToday_News_RectBanner_300x250_0', 'class': None, 'width': '300', 'height': '250'}, {'src': None, 'title': '3rd party ad content', 'id': 'google_ads_iframe_/13474545/MaltaToday_News_Rect3_0', 'class': None, 'width': '300', 'height': '250'}, {'src': None, 'title': '3rd party ad content', 'id': 'google_ads_iframe_/13474545/MaltaToday_News_Leaderboard2_2', 'class': None, 'width': '729', 'height': '91'}]",271,malta_today,news_listing
182,48,25,12,2,2,36,26,8326,1256,24,4,"[{'src': None, 'title': '3rd party ad content', 'id': 'google_ads_iframe_/13474545/MaltaToday_News_Leaderboard_728x90_0', 'class': None, 'width': '728', 'height': '250'}, {'src': None, 'title': '3rd party ad content', 'id': 'google_ads_iframe_/13474545/MaltaToday_News_RectBanner_300x250_0', 'class': None, 'width': '300', 'height': '250'}, {'src': None, 'title': '3rd party ad content', 'id': 'google_ads_iframe_/13474545/MaltaToday_News_Rect3_0', 'class': None, 'width': '300', 'height': '250'}, {'src': None, 'title': '3rd party ad content', 'id': 'google_ads_iframe_/13474545/MaltaToday_News_Leaderboard2_2', 'class': None, 'width': '729', 'height': '91'}]",272,malta_today,news_listing
182,48,25,12,2,2,36,26,8326,1256,24,4,"[{'src': None, 'title': '3rd party ad content', 'id': 'google_ads_iframe_/13474545/MaltaToday_News_Leaderboard_728x90_0', 'class': None, 'width': '728', 'height': '250'}, {'src': None, 'title': '3rd party ad content', 'id': 'google_ads_iframe_/13474545/MaltaToday_News_RectBanner_300x250_0', 'class': None, 'width': '300', 'height': '250'}, {'src': None, 'title': '3rd party ad content', 'id': 'google_ads_iframe_/13474545/MaltaToday_News_Rect3_0', 'class': None, 'width': '300', 'height': '250'}, {'src': None, 'title': '3rd party ad content', 'id': 'google_ads_iframe_/13474545/MaltaToday_News_Leaderboard2_2', 'class': None, 'width': '729', 'height': '91'}]",273,malta_today,news_listing
182,48,25,12,2,2,36,26,8326,1256,24,4,"[{'src': None, 'title': '3rd party ad content', 'id': 'google_ads_iframe_/13474545/MaltaToday_News_Leaderboard_728x90_0', 'class': None, 'width': '728', 'height': '250'}, {'src': None, 'title': '3rd party ad content', 'id': 'google_ads_iframe_/13474545/MaltaToday_News_RectBanner_300x250_0', 'class': None, 'width': '300', 'height': '250'}, {'src': None, 'title': '3rd party ad content', 'id': 'google_ads_iframe_/13474545/MaltaToday_News_Rect3_0', 'class': None, 'width': '300', 'height': '250'}, {'src': None, 'title': '3rd party ad content', 'id': 'google_ads_iframe_/13474545/MaltaToday_News_Leaderboard2_2', 'class': None, 'width': '729', 'height': '91'}]",274,malta_today,news_listing
182,48,25,12,2,2,36,26,8326,1256,24,4,"[{'src': None, 'title': '3rd party ad content', 'id': 'google_ads_iframe_/13474545/MaltaToday_News_Leaderboard_728x90_0', 'class': None, 'width': '728', 'height': '250'}, {'src': None, 'title': '3rd party ad content', 'id': 'google_ads_iframe_/13474545/MaltaToday_News_RectBanner_300x250_0', 'class': None, 'width': '300', 'height': '250'}, {'src': None, 'title': '3rd party ad content', 'id': 'google_ads_iframe_/13474545/MaltaToday_News_Rect3_0', 'class': None, 'width': '300', 'height': '250'}, {'src': None, 'title': '3rd party ad content', 'id': 'google_ads_iframe_/13474545/MaltaToday_News_Leaderboard2_2', 'class': None, 'width': '729', 'height': '91'}]",275,malta_today,news_listing
182,48,25,12,2,2,36,26,8326,1256,24,4,"[{'src': None, 'title': '3rd party ad content', 'id': 'google_ads_iframe_/13474545/MaltaToday_News_Leaderboard_728x90_0', 'class': None, 'width': '728', 'height': '250'}, {'src': None, 'title': '3rd party ad content', 'id': 'google_ads_iframe_/13474545/MaltaToday_News_RectBanner_300x250_0', 'class': None, 'width': '300', 'height': '250'}, {'src': None, 'title': '3rd party ad content', 'id': 'google_ads_iframe_/13474545/MaltaToday_News_Rect3_0', 'class': None, 'width': '300', 'height': '250'}, {'src': None, 'title': '3rd party ad content', 'id': 'google_ads_iframe_/13474545/MaltaToday_News_Leaderboard2_2', 'class': None, 'width': '729', 'height': '91'}]",276,malta_today,news_listing
182,48,25,12,2,2,36,26,8326,1256,24,4,"[{'src': None, 'title': '3rd party ad content', 'id': 'google_ads_iframe_/13474545/MaltaToday_News_Leaderboard_728x90_0', 'class': None, 'width': '728', 'height': '250'}, {'src': None, 'title': '3rd party ad content', 'id': 'google_ads_iframe_/13474545/MaltaToday_News_RectBanner_300x250_0', 'class': None, 'width': '300', 'height': '250'}, {'src': None, 'title': '3rd party ad content', 'id': 'google_ads_iframe_/13474545/MaltaToday_News_Rect3_0', 'class': None, 'width': '300', 'height': '250'}, {'src': None, 'title': '3rd party ad content', 'id': 'google_ads_iframe_/13474545/MaltaToday_News_Leaderboard2_2', 'class': None, 'width': '729', 'height': '91'}]",277,malta_today,news_listing
190,48,24,11,3,2,36,26,8846,1312,24,3,"[{'src': None, 'title': '3rd party ad content', 'id': 'google_ads_iframe_/13474545/MaltaToday_News_Leaderboard_728x90_0', 'class': None, 'width': '728', 'height': '90'}, {'src': None, 'title': '3rd party ad content', 'id': 'google_ads_iframe_/13474545/MaltaToday_News_RectBanner_300x250_0', 'class': None, 'width': '300', 'height': '250'}, {'src': None, 'title': '3rd party ad content', 'id': 'google_ads_iframe_/13474545/MaltaToday_News_Leaderboard2_0', 'class': None, 'width': '728', 'height': '90'}]",278,malta_today,news_listing
190,48,24,11,3,2,36,26,8846,1312,24,3,"[{'src': None, 'title': '3rd party ad content', 'id': 'google_ads_iframe_/13474545/MaltaToday_News_Leaderboard_728x90_0', 'class': None, 'width': '728', 'height': '90'}, {'src': None, 'title': '3rd party ad content', 'id': 'google_ads_iframe_/13474545/MaltaToday_News_RectBanner_300x250_0', 'class': None, 'width': '300', 'height': '250'}, {'src': None, 'title': '3rd party ad content', 'id': 'google_ads_iframe_/13474545/MaltaToday_News_Leaderboard2_0', 'class': None, 'width': '728', 'height': '90'}]",279,malta_today,news_listing
190,48,24,11,3,2,36,26,8846,1312,24,3,"[{'src': None, 'title': '3rd party ad content', 'id': 'google_ads_iframe_/13474545/MaltaToday_News_Leaderboard_728x90_0', 'class': None, 'width': '728', 'height': '90'}, {'src': None, 'title': '3rd party ad content', 'id': 'google_ads_iframe_/13474545/MaltaToday_News_RectBanner_300x250_0', 'class': None, 'width': '300', 'height': '250'}, {'src': None, 'title': '3rd party ad content', 'id': 'google_ads_iframe_/13474545/MaltaToday_News_Leaderboard2_0', 'class': None, 'width': '728', 'height': '90'}]",280,malta_today,news_listing
190,48,24,11,3,2,36,26,8846,1312,24,3,"[{'src': None, 'title': '3rd party ad content', 'id': 'google_ads_iframe_/13474545/MaltaToday_News_Leaderboard_728x90_0', 'class': None, 'width': '728', 'height': '90'}, {'src': None, 'title': '3rd party ad content', 'id': 'google_ads_iframe_/13474545/MaltaToday_News_RectBanner_300x250_0', 'class': None, 'width': '300', 'height': '250'}, {'src': None, 'title': '3rd party ad content', 'id': 'google_ads_iframe_/13474545/MaltaToday_News_Leaderboard2_0', 'class': None, 'width': '728', 'height': '90'}]",281,malta_today,news_listing
190,48,24,11,3,2,36,26,8846,1312,24,3,"[{'src': None, 'title': '3rd party ad content', 'id': 'google_ads_iframe_/13474545/MaltaToday_News_Leaderboard_728x90_0', 'class': None, 'width': '728', 'height': '90'}, {'src': None, 'title': '3rd party ad content', 'id': 'google_ads_iframe_/13474545/MaltaToday_News_RectBanner_300x250_0', 'class': None, 'width': '300', 'height': '250'}, {'src': None, 'title': '3rd party ad content', 'id': 'google_ads_iframe_/13474545/MaltaToday_News_Leaderboard2_0', 'class': None, 'width': '728', 'height': '90'}]",282,malta_today,news_listing
190,48,24,11,3,2,36,26,8846,1312,24,3,"[{'src': None, 'title': '3rd party ad content', 'id': 'google_ads_iframe_/13474545/MaltaToday_News_Leaderboard_728x90_0', 'class': None, 'width': '728', 'height': '90'}, {'src': None, 'title': '3rd party ad content', 'id': 'google_ads_iframe_/13474545/MaltaToday_News_RectBanner_300x250_0', 'class': None, 'width': '300', 'height': '250'}, {'src': None, 'title': '3rd party ad content', 'id': 'google_ads_iframe_/13474545/MaltaToday_News_Leaderboard2_0', 'class': None, 'width': '728', 'height': '90'}]",283,malta_today,news_listing
190,48,24,11,3,2,36,26,8846,1312,24,3,"[{'src': None, 'title': '3rd party ad content', 'id': 'google_ads_iframe_/13474545/MaltaToday_News_Leaderboard_728x90_0', 'class': None, 'width': '728', 'height': '90'}, {'src': None, 'title': '3rd party ad content', 'id': 'google_ads_iframe_/13474545/MaltaToday_News_RectBanner_300x250_0', 'class': None, 'width': '300', 'height': '250'}, {'src': None, 'title': '3rd party ad content', 'id': 'google_ads_iframe_/13474545/MaltaToday_News_Leaderboard2_0', 'class': None, 'width': '728', 'height': '90'}]",284,malta_today,news_listing
190,48,24,11,3,2,36,26,8846,1312,24,3,"[{'src': None, 'title': '3rd party ad content', 'id': 'google_ads_iframe_/13474545/MaltaToday_News_Leaderboard_728x90_0', 'class': None, 'width': '728', 'height': '90'}, {'src': None, 'title': '3rd party ad content', 'id': 'google_ads_iframe_/13474545/MaltaToday_News_RectBanner_300x250_0', 'class': None, 'width': '300', 'height': '250'}, {'src': None, 'title': '3rd party ad content', 'id': 'google_ads_iframe_/13474545/MaltaToday_News_Leaderboard2_0', 'class': None, 'width': '728', 'height': '90'}]",285,malta_today,news_listing
190,48,24,11,3,2,36,26,8846,1312,24,3,"[{'src': None, 'title': '3rd party ad content', 'id': 'google_ads_iframe_/13474545/MaltaToday_News_Leaderboard_728x90_0', 'class': None, 'width': '728', 'height': '90'}, {'src': None, 'title': '3rd party ad content', 'id': 'google_ads_iframe_/13474545/MaltaToday_News_RectBanner_300x250_0', 'class': None, 'width': '300', 'height': '250'}, {'src': None, 'title': '3rd party ad content', 'id': 'google_ads_iframe_/13474545/MaltaToday_News_Leaderboard2_0', 'class': None, 'width': '728', 'height': '90'}]",286,malta_today,news_listing
190,49,25,11,3,2,36,26,8390,1268,24,3,"[{'src': None, 'title': '3rd party ad content', 'id': 'google_ads_iframe_/13474545/MaltaToday_News_Leaderboard_728x90_0', 'class': None, 'width': '728', 'height': '90'}, {'src': None, 'title': '3rd party ad content', 'id': 'google_ads_iframe_/13474545/MaltaToday_News_RectBanner_300x250_0', 'class': None, 'width': '300', 'height': '250'}, {'src': None, 'title': '3rd party ad content', 'id': 'google_ads_iframe_/13474545/MaltaToday_News_Leaderboard2_0', 'class': None, 'width': '728', 'height': '90'}]",287,malta_today,news_listing
190,49,25,11,3,2,36,26,8390,1268,24,3,"[{'src': None, 'title': '3rd party ad content', 'id': 'google_ads_iframe_/13474545/MaltaToday_News_Leaderboard_728x90_0', 'class': None, 'width': '728', 'height': '90'}, {'src': None, 'title': '3rd party ad content', 'id': 'google_ads_iframe_/13474545/MaltaToday_News_RectBanner_300x250_0', 'class': None, 'width': '300', 'height': '250'}, {'src': None, 'title': '3rd party ad content', 'id': 'google_ads_iframe_/13474545/MaltaToday_News_Leaderboard2_0', 'class': None, 'width': '728', 'height': '90'}]",288,malta_today,news_listing
190,49,25,11,3,2,36,26,8390,1268,24,3,"[{'src': None, 'title': '3rd party ad content', 'id': 'google_ads_iframe_/13474545/MaltaToday_News_Leaderboard_728x90_0', 'class': None, 'width': '728', 'height': '90'}, {'src': None, 'title': '3rd party ad content', 'id': 'google_ads_iframe_/13474545/MaltaToday_News_RectBanner_300x250_0', 'class': None, 'width': '300', 'height': '250'}, {'src': None, 'title': '3rd party ad content', 'id': 'google_ads_iframe_/13474545/MaltaToday_News_Leaderboard2_0', 'class': None, 'width': '728', 'height': '90'}]",289,malta_today,news_listing
190,49,25,11,3,2,36,26,8390,1268,24,3,"[{'src': None, 'title': '3rd party ad content', 'id': 'google_ads_iframe_/13474545/MaltaToday_News_Leaderboard_728x90_0', 'class': None, 'width': '728', 'height': '90'}, {'src': None, 'title': '3rd party ad content', 'id': 'google_ads_iframe_/13474545/MaltaToday_News_RectBanner_300x250_0', 'class': None, 'width': '300', 'height': '250'}, {'src': None, 'title': '3rd party ad content', 'id': 'google_ads_iframe_/13474545/MaltaToday_News_Leaderboard2_0', 'class': None, 'width': '728', 'height': '90'}]",290,malta_today,news_listing
190,49,25,11,3,2,36,26,8390,1268,24,3,"[{'src': None, 'title': '3rd party ad content', 'id': 'google_ads_iframe_/13474545/MaltaToday_News_Leaderboard_728x90_0', 'class': None, 'width': '728', 'height': '90'}, {'src': None, 'title': '3rd party ad content', 'id': 'google_ads_iframe_/13474545/MaltaToday_News_RectBanner_300x250_0', 'class': None, 'width': '300', 'height': '250'}, {'src': None, 'title': '3rd party ad content', 'id': 'google_ads_iframe_/13474545/MaltaToday_News_Leaderboard2_0', 'class': None, 'width': '728', 'height': '90'}]",291,malta_today,news_listing
190,49,25,11,3,2,36,26,8390,1268,24,3,"[{'src': None, 'title': '3rd party ad content', 'id': 'google_ads_iframe_/13474545/MaltaToday_News_Leaderboard_728x90_0', 'class': None, 'width': '728', 'height': '90'}, {'src': None, 'title': '3rd party ad content', 'id': 'google_ads_iframe_/13474545/MaltaToday_News_RectBanner_300x250_0', 'class': None, 'width': '300', 'height': '250'}, {'src': None, 'title': '3rd party ad content', 'id': 'google_ads_iframe_/13474545/MaltaToday_News_Leaderboard2_0', 'class': None, 'width': '728', 'height': '90'}]",292,malta_today,news_listing
190,49,25,11,3,2,36,26,8390,1268,24,3,"[{'src': None, 'title': '3rd party ad content', 'id': 'google_ads_iframe_/13474545/MaltaToday_News_Leaderboard_728x90_0', 'class': None, 'width': '728', 'height': '90'}, {'src': None, 'title': '3rd party ad content', 'id': 'google_ads_iframe_/13474545/MaltaToday_News_RectBanner_300x250_0', 'class': None, 'width': '300', 'height': '250'}, {'src': None, 'title': '3rd party ad content', 'id': 'google_ads_iframe_/13474545/MaltaToday_News_Leaderboard2_0', 'class': None, 'width': '728', 'height': '90'}]",293,malta_today,news_listing
190,49,25,11,3,2,36,26,8390,1268,24,3,"[{'src': None, 'title': '3rd party ad content', 'id': 'google_ads_iframe_/13474545/MaltaToday_News_Leaderboard_728x90_0', 'class': None, 'width': '728', 'height': '90'}, {'src': None, 'title': '3rd party ad content', 'id': 'google_ads_iframe_/13474545/MaltaToday_News_RectBanner_300x250_0', 'class': None, 'width': '300', 'height': '250'}, {'src': None, 'title': '3rd party ad content', 'id': 'google_ads_iframe_/13474545/MaltaToday_News_Leaderboard2_0', 'class': None, 'width': '728', 'height': '90'}]",294,malta_today,news_listing
189,48,24,12,2,2,36,26,8737,1293,24,4,"[{'src': None, 'title': '3rd party ad content', 'id': 'google_ads_iframe_/13474545/MaltaToday_News_Leaderboard_728x90_0', 'class': None, 'width': '728', 'height': '90'}, {'src': None, 'title': '3rd party ad content', 'id': 'google_ads_iframe_/13474545/MaltaToday_News_RectBanner_300x250_0', 'class': None, 'width': '300', 'height': '250'}, {'src': None, 'title': '3rd party ad content', 'id': 'google_ads_iframe_/13474545/MaltaToday_News_Leaderboard2_0', 'class': None, 'width': '728', 'height': '90'}, {'src': None, 'title': '3rd party ad content', 'id': 'google_ads_iframe_/13474545/MaltaToday_News_Leaderboard2_2', 'class': None, 'width': '728', 'height': '90'}]",295,malta_today,news_listing
189,48,24,12,2,2,36,26,8737,1293,24,4,"[{'src': None, 'title': '3rd party ad content', 'id': 'google_ads_iframe_/13474545/MaltaToday_News_Leaderboard_728x90_0', 'class': None, 'width': '728', 'height': '90'}, {'src': None, 'title': '3rd party ad content', 'id': 'google_ads_iframe_/13474545/MaltaToday_News_RectBanner_300x250_0', 'class': None, 'width': '300', 'height': '250'}, {'src': None, 'title': '3rd party ad content', 'id': 'google_ads_iframe_/13474545/MaltaToday_News_Leaderboard2_0', 'class': None, 'width': '728', 'height': '90'}, {'src': None, 'title': '3rd party ad content', 'id': 'google_ads_iframe_/13474545/MaltaToday_News_Leaderboard2_2', 'class': None, 'width': '728', 'height': '90'}]",296,malta_today,news_listing
189,48,24,12,2,2,36,26,8737,1293,24,4,"[{'src': None, 'title': '3rd party ad content', 'id': 'google_ads_iframe_/13474545/MaltaToday_News_Leaderboard_728x90_0', 'class': None, 'width': '728', 'height': '90'}, {'src': None, 'title': '3rd party ad content', 'id': 'google_ads_iframe_/13474545/MaltaToday_News_RectBanner_300x250_0', 'class': None, 'width': '300', 'height': '250'}, {'src': None, 'title': '3rd party ad content', 'id': 'google_ads_iframe_/13474545/MaltaToday_News_Leaderboard2_0', 'class': None, 'width': '728', 'height': '90'}, {'src': None, 'title': '3rd party ad content', 'id': 'google_ads_iframe_/13474545/MaltaToday_News_Leaderboard2_2', 'class': None, 'width': '728', 'height': '90'}]",297,malta_today,news_listing
189,48,24,12,2,2,36,26,8737,1293,24,4,"[{'src': None, 'title': '3rd party ad content', 'id': 'google_ads_iframe_/13474545/MaltaToday_News_Leaderboard_728x90_0', 'class': None, 'width': '728', 'height': '90'}, {'src': None, 'title': '3rd party ad content', 'id': 'google_ads_iframe_/13474545/MaltaToday_News_RectBanner_300x250_0', 'class': None, 'width': '300', 'height': '250'}, {'src': None, 'title': '3rd party ad content', 'id': 'google_ads_iframe_/13474545/MaltaToday_News_Leaderboard2_0', 'class': None, 'width': '728', 'height': '90'}, {'src': None, 'title': '3rd party ad content', 'id': 'google_ads_iframe_/13474545/MaltaToday_News_Leaderboard2_2', 'class': None, 'width': '728', 'height': '90'}]",298,malta_today,news_listing
189,48,24,12,2,2,36,26,8737,1293,24,4,"[{'src': None, 'title': '3rd party ad content', 'id': 'google_ads_iframe_/13474545/MaltaToday_News_Leaderboard_728x90_0', 'class': None, 'width': '728', 'height': '90'}, {'src': None, 'title': '3rd party ad content', 'id': 'google_ads_iframe_/13474545/MaltaToday_News_RectBanner_300x250_0', 'class': None, 'width': '300', 'height': '250'}, {'src': None, 'title': '3rd party ad content', 'id': 'google_ads_iframe_/13474545/MaltaToday_News_Leaderboard2_0', 'class': None, 'width': '728', 'height': '90'}, {'src': None, 'title': '3rd party ad content', 'id': 'google_ads_iframe_/13474545/MaltaToday_News_Leaderboard2_2', 'class': None, 'width': '728', 'height': '90'}]",299,malta_today,news_listing
189,48,24,12,2,2,36,26,8737,1293,24,4,"[{'src': None, 'title': '3rd party ad content', 'id': 'google_ads_iframe_/13474545/MaltaToday_News_Leaderboard_728x90_0', 'class': None, 'width': '728', 'height': '90'}, {'src': None, 'title': '3rd party ad content', 'id': 'google_ads_iframe_/13474545/MaltaToday_News_RectBanner_300x250_0', 'class': None, 'width': '300', 'height': '250'}, {'src': None, 'title': '3rd party ad content', 'id': 'google_ads_iframe_/13474545/MaltaToday_News_Leaderboard2_0', 'class': None, 'width': '728', 'height': '90'}, {'src': None, 'title': '3rd party ad content', 'id': 'google_ads_iframe_/13474545/MaltaToday_News_Leaderboard2_2', 'class': None, 'width': '728', 'height': '90'}]",300,malta_today,news_listing
189,48,24,12,2,2,36,26,8737,1293,24,4,"[{'src': None, 'title': '3rd party ad content', 'id': 'google_ads_iframe_/13474545/MaltaToday_News_Leaderboard_728x90_0', 'class': None, 'width': '728', 'height': '90'}, {'src': None, 'title': '3rd party ad content', 'id': 'google_ads_iframe_/13474545/MaltaToday_News_RectBanner_300x250_0', 'class': None, 'width': '300', 'height': '250'}, {'src': None, 'title': '3rd party ad content', 'id': 'google_ads_iframe_/13474545/MaltaToday_News_Leaderboard2_0', 'class': None, 'width': '728', 'height': '90'}, {'src': None, 'title': '3rd party ad content', 'id': 'google_ads_iframe_/13474545/MaltaToday_News_Leaderboard2_2', 'class': None, 'width': '728', 'height': '90'}]",301,malta_today,news_listing
189,48,24,12,2,2,36,26,8737,1293,24,4,"[{'src': None, 'title': '3rd party ad content', 'id': 'google_ads_iframe_/13474545/MaltaToday_News_Leaderboard_728x90_0', 'class': None, 'width': '728', 'height': '90'}, {'src': None, 'title': '3rd party ad content', 'id': 'google_ads_iframe_/13474545/MaltaToday_News_RectBanner_300x250_0', 'class': None, 'width': '300', 'height': '250'}, {'src': None, 'title': '3rd party ad content', 'id': 'google_ads_iframe_/13474545/MaltaToday_News_Leaderboard2_0', 'class': None, 'width': '728', 'height': '90'}, {'src': None, 'title': '3rd party ad content', 'id': 'google_ads_iframe_/13474545/MaltaToday_News_Leaderboard2_2', 'class': None, 'width': '728', 'height': '90'}]",302,malta_today,news_listing
151,31,41,15,3,2,9,2,4632,701,24,3,"[{'src': None, 'title': '3rd party ad content', 'id': 'google_ads_iframe_/13474545/MaltaToday_news_Leaderboard_728x90_0', 'class': None, 'width': '728', 'height': '250'}, {'src': None, 'title': '3rd party ad content', 'id': 'google_ads_iframe_/13474545/MaltaToday_news_Inline_300x250_0', 'class': None, 'width': '301', 'height': '251'}, {'src': None, 'title': '3rd party ad content', 'id': 'google_ads_iframe_/13474545/video_advert_preroll_0', 'class': None, 'width': '640', 'height': '480'}]",303,malta_today,article_pages
151,31,41,15,3,2,9,2,4632,701,24,3,"[{'src': None, 'title': '3rd party ad content', 'id': 'google_ads_iframe_/13474545/MaltaToday_news_Leaderboard_728x90_0', 'class': None, 'width': '728', 'height': '250'}, {'src': None, 'title': '3rd party ad content', 'id': 'google_ads_iframe_/13474545/MaltaToday_news_Inline_300x250_0', 'class': None, 'width': '301', 'height': '251'}, {'src': None, 'title': '3rd party ad content', 'id': 'google_ads_iframe_/13474545/video_advert_preroll_0', 'class': None, 'width': '640', 'height': '480'}]",304,malta_today,article_pages
151,31,41,15,3,2,9,2,4632,701,24,3,"[{'src': None, 'title': '3rd party ad content', 'id': 'google_ads_iframe_/13474545/MaltaToday_news_Leaderboard_728x90_0', 'class': None, 'width': '728', 'height': '250'}, {'src': None, 'title': '3rd party ad content', 'id': 'google_ads_iframe_/13474545/MaltaToday_news_Inline_300x250_0', 'class': None, 'width': '301', 'height': '251'}, {'src': None, 'title': '3rd party ad content', 'id': 'google_ads_iframe_/13474545/video_advert_preroll_0', 'class': None, 'width': '640', 'height': '480'}]",305,malta_today,article_pages
151,31,41,15,3,2,9,2,4632,701,24,3,"[{'src': None, 'title': '3rd party ad content', 'id': 'google_ads_iframe_/13474545/MaltaToday_news_Leaderboard_728x90_0', 'class': None, 'width': '728', 'height': '250'}, {'src': None, 'title': '3rd party ad content', 'id': 'google_ads_iframe_/13474545/MaltaToday_news_Inline_300x250_0', 'class': None, 'width': '301', 'height': '251'}, {'src': None, 'title': '3rd party ad content', 'id': 'google_ads_iframe_/13474545/video_advert_preroll_0', 'class': None, 'width': '640', 'height': '480'}]",306,malta_today,article_pages
151,31,41,15,3,2,9,2,4632,701,24,3,"[{'src': None, 'title': '3rd party ad content', 'id': 'google_ads_iframe_/13474545/MaltaToday_news_Leaderboard_728x90_0', 'class': None, 'width': '728', 'height': '250'}, {'src': None, 'title': '3rd party ad content', 'id': 'google_ads_iframe_/13474545/MaltaToday_news_Inline_300x250_0', 'class': None, 'width': '301', 'height': '251'}, {'src': None, 'title': '3rd party ad content', 'id': 'google_ads_iframe_/13474545/video_advert_preroll_0', 'class': None, 'width': '640', 'height': '480'}]",307,malta_today,article_pages
151,31,41,15,3,2,9,2,4632,701,24,3,"[{'src': None, 'title': '3rd party ad content', 'id': 'google_ads_iframe_/13474545/MaltaToday_news_Leaderboard_728x90_0', 'class': None, 'width': '728', 'height': '250'}, {'src': None, 'title': '3rd party ad content', 'id': 'google_ads_iframe_/13474545/MaltaToday_news_Inline_300x250_0', 'class': None, 'width': '301', 'height': '251'}, {'src': None, 'title': '3rd party ad content', 'id': 'google_ads_iframe_/13474545/video_advert_preroll_0', 'class': None, 'width': '640', 'height': '480'}]",308,malta_today,article_pages
151,31,41,15,3,2,9,2,4632,701,24,3,"[{'src': None, 'title': '3rd party ad content', 'id': 'google_ads_iframe_/13474545/MaltaToday_news_Leaderboard_728x90_0', 'class': None, 'width': '728', 'height': '250'}, {'src': None, 'title': '3rd party ad content', 'id': 'google_ads_iframe_/13474545/MaltaToday_news_Inline_300x250_0', 'class': None, 'width': '301', 'height': '251'}, {'src': None, 'title': '3rd party ad content', 'id': 'google_ads_iframe_/13474545/video_advert_preroll_0', 'class': None, 'width': '640', 'height': '480'}]",309,malta_today,article_pages
151,31,41,15,3,2,9,2,4632,701,24,3,"[{'src': None, 'title': '3rd party ad content', 'id': 'google_ads_iframe_/13474545/MaltaToday_news_Leaderboard_728x90_0', 'class': None, 'width': '728', 'height': '250'}, {'src': None, 'title': '3rd party ad content', 'id': 'google_ads_iframe_/13474545/MaltaToday_news_Inline_300x250_0', 'class': None, 'width': '301', 'height': '251'}, {'src': None, 'title': '3rd party ad content', 'id': 'google_ads_iframe_/13474545/video_advert_preroll_0', 'class': None, 'width': '640', 'height': '480'}]",310,malta_today,article_pages
151,31,41,15,3,2,9,2,4632,701,24,3,"[{'src': None, 'title': '3rd party ad content', 'id': 'google_ads_iframe_/13474545/MaltaToday_news_Leaderboard_728x90_0', 'class': None, 'width': '728', 'height': '250'}, {'src': None, 'title': '3rd party ad content', 'id': 'google_ads_iframe_/13474545/MaltaToday_news_Inline_300x250_0', 'class': None, 'width': '301', 'height': '251'}, {'src': None, 'title': '3rd party ad content', 'id': 'google_ads_iframe_/13474545/video_advert_preroll_0', 'class': None, 'width': '640', 'height': '480'}]",311,malta_today,article_pages
151,31,40,14,3,2,10,2,5259,775,24,3,"[{'src': None, 'title': '3rd party ad content', 'id': 'google_ads_iframe_/13474545/MaltaToday_news_Leaderboard_728x90_0', 'class': None, 'width': '728', 'height': '250'}, {'src': None, 'title': '3rd party ad content', 'id': 'google_ads_iframe_/13474545/ELECTION_2026_INLINE_BANNER_0', 'class': None, 'width': '300', 'height': '250'}, {'src': None, 'title': '3rd party ad content', 'id': 'google_ads_iframe_/13474545/video_advert_preroll_0', 'class': None, 'width': '640', 'height': '480'}]",312,malta_today,article_pages
151,31,40,14,3,2,10,2,5259,775,24,3,"[{'src': None, 'title': '3rd party ad content', 'id': 'google_ads_iframe_/13474545/MaltaToday_news_Leaderboard_728x90_0', 'class': None, 'width': '728', 'height': '250'}, {'src': None, 'title': '3rd party ad content', 'id': 'google_ads_iframe_/13474545/ELECTION_2026_INLINE_BANNER_0', 'class': None, 'width': '300', 'height': '250'}, {'src': None, 'title': '3rd party ad content', 'id': 'google_ads_iframe_/13474545/video_advert_preroll_0', 'class': None, 'width': '640', 'height': '480'}]",313,malta_today,article_pages
151,31,40,14,3,2,10,2,5259,775,24,3,"[{'src': None, 'title': '3rd party ad content', 'id': 'google_ads_iframe_/13474545/MaltaToday_news_Leaderboard_728x90_0', 'class': None, 'width': '728', 'height': '250'}, {'src': None, 'title': '3rd party ad content', 'id': 'google_ads_iframe_/13474545/ELECTION_2026_INLINE_BANNER_0', 'class': None, 'width': '300', 'height': '250'}, {'src': None, 'title': '3rd party ad content', 'id': 'google_ads_iframe_/13474545/video_advert_preroll_0', 'class': None, 'width': '640', 'height': '480'}]",314,malta_today,article_pages
151,31,40,14,3,2,10,2,5259,775,24,3,"[{'src': None, 'title': '3rd party ad content', 'id': 'google_ads_iframe_/13474545/MaltaToday_news_Leaderboard_728x90_0', 'class': None, 'width': '728', 'height': '250'}, {'src': None, 'title': '3rd party ad content', 'id': 'google_ads_iframe_/13474545/ELECTION_2026_INLINE_BANNER_0', 'class': None, 'width': '300', 'height': '250'}, {'src': None, 'title': '3rd party ad content', 'id': 'google_ads_iframe_/13474545/video_advert_preroll_0', 'class': None, 'width': '640', 'height': '480'}]",315,malta_today,article_pages
151,31,40,14,3,2,10,2,5259,775,24,3,"[{'src': None, 'title': '3rd party ad content', 'id': 'google_ads_iframe_/13474545/MaltaToday_news_Leaderboard_728x90_0', 'class': None, 'width': '728', 'height': '250'}, {'src': None, 'title': '3rd party ad content', 'id': 'google_ads_iframe_/13474545/ELECTION_2026_INLINE_BANNER_0', 'class': None, 'width': '300', 'height': '250'}, {'src': None, 'title': '3rd party ad content', 'id': 'google_ads_iframe_/13474545/video_advert_preroll_0', 'class': None, 'width': '640', 'height': '480'}]",316,malta_today,article_pages
151,31,40,14,3,2,10,2,5259,775,24,3,"[{'src': None, 'title': '3rd party ad content', 'id': 'google_ads_iframe_/13474545/MaltaToday_news_Leaderboard_728x90_0', 'class': None, 'width': '728', 'height': '250'}, {'src': None, 'title': '3rd party ad content', 'id': 'google_ads_iframe_/13474545/ELECTION_2026_INLINE_BANNER_0', 'class': None, 'width': '300', 'height': '250'}, {'src': None, 'title': '3rd party ad content', 'id': 'google_ads_iframe_/13474545/video_advert_preroll_0', 'class': None, 'width': '640', 'height': '480'}]",317,malta_today,article_pages
151,31,40,14,3,2,10,2,5259,775,24,3,"[{'src': None, 'title': '3rd party ad content', 'id': 'google_ads_iframe_/13474545/MaltaToday_news_Leaderboard_728x90_0', 'class': None, 'width': '728', 'height': '250'}, {'src': None, 'title': '3rd party ad content', 'id': 'google_ads_iframe_/13474545/ELECTION_2026_INLINE_BANNER_0', 'class': None, 'width': '300', 'height': '250'}, {'src': None, 'title': '3rd party ad content', 'id': 'google_ads_iframe_/13474545/video_advert_preroll_0', 'class': None, 'width': '640', 'height': '480'}]",318,malta_today,article_pages
151,31,40,14,3,2,10,2,5259,775,24,3,"[{'src': None, 'title': '3rd party ad content', 'id': 'google_ads_iframe_/13474545/MaltaToday_news_Leaderboard_728x90_0', 'class': None, 'width': '728', 'height': '250'}, {'src': None, 'title': '3rd party ad content', 'id': 'google_ads_iframe_/13474545/ELECTION_2026_INLINE_BANNER_0', 'class': None, 'width': '300', 'height': '250'}, {'src': None, 'title': '3rd party ad content', 'id': 'google_ads_iframe_/13474545/video_advert_preroll_0', 'class': None, 'width': '640', 'height': '480'}]",319,malta_today,article_pages
153,48,28,12,6,2,11,2,5901,918,24,3,"[{'src': None, 'title': '3rd party ad content', 'id': 'google_ads_iframe_/13474545/MaltaToday_news_Leaderboard_728x90_0', 'class': None, 'width': '728', 'height': '250'}, {'src': None, 'title': '3rd party ad content', 'id': 'google_ads_iframe_/13474545/ELECTION_2026_INLINE_BANNER_0', 'class': None, 'width': '300', 'height': '250'}, {'src': None, 'title': '3rd party ad content', 'id': 'google_ads_iframe_/13474545/video_advert_preroll_0', 'class': None, 'width': '640', 'height': '480'}]",320,malta_today,article_pages
153,48,28,12,6,2,11,2,5901,918,24,3,"[{'src': None, 'title': '3rd party ad content', 'id': 'google_ads_iframe_/13474545/MaltaToday_news_Leaderboard_728x90_0', 'class': None, 'width': '728', 'height': '250'}, {'src': None, 'title': '3rd party ad content', 'id': 'google_ads_iframe_/13474545/ELECTION_2026_INLINE_BANNER_0', 'class': None, 'width': '300', 'height': '250'}, {'src': None, 'title': '3rd party ad content', 'id': 'google_ads_iframe_/13474545/video_advert_preroll_0', 'class': None, 'width': '640', 'height': '480'}]",321,malta_today,article_pages
153,48,28,12,6,2,11,2,5901,918,24,3,"[{'src': None, 'title': '3rd party ad content', 'id': 'google_ads_iframe_/13474545/MaltaToday_news_Leaderboard_728x90_0', 'class': None, 'width': '728', 'height': '250'}, {'src': None, 'title': '3rd party ad content', 'id': 'google_ads_iframe_/13474545/ELECTION_2026_INLINE_BANNER_0', 'class': None, 'width': '300', 'height': '250'}, {'src': None, 'title': '3rd party ad content', 'id': 'google_ads_iframe_/13474545/video_advert_preroll_0', 'class': None, 'width': '640', 'height': '480'}]",322,malta_today,article_pages
153,48,28,12,6,2,11,2,5901,918,24,3,"[{'src': None, 'title': '3rd party ad content', 'id': 'google_ads_iframe_/13474545/MaltaToday_news_Leaderboard_728x90_0', 'class': None, 'width': '728', 'height': '250'}, {'src': None, 'title': '3rd party ad content', 'id': 'google_ads_iframe_/13474545/ELECTION_2026_INLINE_BANNER_0', 'class': None, 'width': '300', 'height': '250'}, {'src': None, 'title': '3rd party ad content', 'id': 'google_ads_iframe_/13474545/video_advert_preroll_0', 'class': None, 'width': '640', 'height': '480'}]",323,malta_today,article_pages
153,48,28,12,6,2,11,2,5901,918,24,3,"[{'src': None, 'title': '3rd party ad content', 'id': 'google_ads_iframe_/13474545/MaltaToday_news_Leaderboard_728x90_0', 'class': None, 'width': '728', 'height': '250'}, {'src': None, 'title': '3rd party ad content', 'id': 'google_ads_iframe_/13474545/ELECTION_2026_INLINE_BANNER_0', 'class': None, 'width': '300', 'height': '250'}, {'src': None, 'title': '3rd party ad content', 'id': 'google_ads_iframe_/13474545/video_advert_preroll_0', 'class': None, 'width': '640', 'height': '480'}]",324,malta_today,article_pages
153,48,28,12,6,2,11,2,5901,918,24,3,"[{'src': None, 'title': '3rd party ad content', 'id': 'google_ads_iframe_/13474545/MaltaToday_news_Leaderboard_728x90_0', 'class': None, 'width': '728', 'height': '250'}, {'src': None, 'title': '3rd party ad content', 'id': 'google_ads_iframe_/13474545/ELECTION_2026_INLINE_BANNER_0', 'class': None, 'width': '300', 'height': '250'}, {'src': None, 'title': '3rd party ad content', 'id': 'google_ads_iframe_/13474545/video_advert_preroll_0', 'class': None, 'width': '640', 'height': '480'}]",325,malta_today,article_pages
153,48,28,12,6,2,11,2,5901,918,24,3,"[{'src': None, 'title': '3rd party ad content', 'id': 'google_ads_iframe_/13474545/MaltaToday_news_Leaderboard_728x90_0', 'class': None, 'width': '728', 'height': '250'}, {'src': None, 'title': '3rd party ad content', 'id': 'google_ads_iframe_/13474545/ELECTION_2026_INLINE_BANNER_0', 'class': None, 'width': '300', 'height': '250'}, {'src': None, 'title': '3rd party ad content', 'id': 'google_ads_iframe_/13474545/video_advert_preroll_0', 'class': None, 'width': '640', 'height': '480'}]",326,malta_today,article_pages
153,48,28,12,6,2,11,2,5901,918,24,3,"[{'src': None, 'title': '3rd party ad content', 'id': 'google_ads_iframe_/13474545/MaltaToday_news_Leaderboard_728x90_0', 'class': None, 'width': '728', 'height': '250'}, {'src': None, 'title': '3rd party ad content', 'id': 'google_ads_iframe_/13474545/ELECTION_2026_INLINE_BANNER_0', 'class': None, 'width': '300', 'height': '250'}, {'src': None, 'title': '3rd party ad content', 'id': 'google_ads_iframe_/13474545/video_advert_preroll_0', 'class': None, 'width': '640', 'height': '480'}]",327,malta_today,article_pages
153,48,28,12,6,2,11,2,5901,918,24,3,"[{'src': None, 'title': '3rd party ad content', 'id': 'google_ads_iframe_/13474545/MaltaToday_news_Leaderboard_728x90_0', 'class': None, 'width': '728', 'height': '250'}, {'src': None, 'title': '3rd party ad content', 'id': 'google_ads_iframe_/13474545/ELECTION_2026_INLINE_BANNER_0', 'class': None, 'width': '300', 'height': '250'}, {'src': None, 'title': '3rd party ad content', 'id': 'google_ads_iframe_/13474545/video_advert_preroll_0', 'class': None, 'width': '640', 'height': '480'}]",328,malta_today,article_pages
153,48,28,12,6,2,11,2,5901,918,24,3,"[{'src': None, 'title': '3rd party ad content', 'id': 'google_ads_iframe_/13474545/MaltaToday_news_Leaderboard_728x90_0', 'class': None, 'width': '728', 'height': '250'}, {'src': None, 'title': '3rd party ad content', 'id': 'google_ads_iframe_/13474545/ELECTION_2026_INLINE_BANNER_0', 'class': None, 'width': '300', 'height': '250'}, {'src': None, 'title': '3rd party ad content', 'id': 'google_ads_iframe_/13474545/video_advert_preroll_0', 'class': None, 'width': '640', 'height': '480'}]",329,malta_today,article_pages
153,48,28,12,6,2,11,2,5901,918,24,3,"[{'src': None, 'title': '3rd party ad content', 'id': 'google_ads_iframe_/13474545/MaltaToday_news_Leaderboard_728x90_0', 'class': None, 'width': '728', 'height': '250'}, {'src': None, 'title': '3rd party ad content', 'id': 'google_ads_iframe_/13474545/ELECTION_2026_INLINE_BANNER_0', 'class': None, 'width': '300', 'height': '250'}, {'src': None, 'title': '3rd party ad content', 'id': 'google_ads_iframe_/13474545/video_advert_preroll_0', 'class': None, 'width': '640', 'height': '480'}]",330,malta_today,article_pages
148,30,39,15,3,2,43,2,12734,1840,24,4,"[{'src': None, 'title': '3rd party ad content', 'id': 'google_ads_iframe_/13474545/MaltaToday_business_Leaderboard_728x90_0', 'class': None, 'width': '729', 'height': '91'}, {'src': None, 'title': '3rd party ad content', 'id': 'google_ads_iframe_/13474545/MaltaToday_business_Inline_300x250_0', 'class': None, 'width': '300', 'height': '250'}, {'src': None, 'title': '3rd party ad content', 'id': 'google_ads_iframe_/13474545/MaltaToday_business_ArticleLeaderboard_0', 'class': None, 'width': '728', 'height': '90'}, {'src': None, 'title': '3rd party ad content', 'id': 'google_ads_iframe_/13474545/video_advert_preroll_0', 'class': None, 'width': '640', 'height': '480'}]",331,malta_today,article_pages
148,30,39,15,3,2,43,2,12734,1840,24,4,"[{'src': None, 'title': '3rd party ad content', 'id': 'google_ads_iframe_/13474545/MaltaToday_business_Leaderboard_728x90_0', 'class': None, 'width': '729', 'height': '91'}, {'src': None, 'title': '3rd party ad content', 'id': 'google_ads_iframe_/13474545/MaltaToday_business_Inline_300x250_0', 'class': None, 'width': '300', 'height': '250'}, {'src': None, 'title': '3rd party ad content', 'id': 'google_ads_iframe_/13474545/MaltaToday_business_ArticleLeaderboard_0', 'class': None, 'width': '728', 'height': '90'}, {'src': None, 'title': '3rd party ad content', 'id': 'google_ads_iframe_/13474545/video_advert_preroll_0', 'class': None, 'width': '640', 'height': '480'}]",332,malta_today,article_pages
148,30,39,15,3,2,43,2,12734,1840,24,4,"[{'src': None, 'title': '3rd party ad content', 'id': 'google_ads_iframe_/13474545/MaltaToday_business_Leaderboard_728x90_0', 'class': None, 'width': '729', 'height': '91'}, {'src': None, 'title': '3rd party ad content', 'id': 'google_ads_iframe_/13474545/MaltaToday_business_Inline_300x250_0', 'class': None, 'width': '300', 'height': '250'}, {'src': None, 'title': '3rd party ad content', 'id': 'google_ads_iframe_/13474545/MaltaToday_business_ArticleLeaderboard_0', 'class': None, 'width': '728', 'height': '90'}, {'src': None, 'title': '3rd party ad content', 'id': 'google_ads_iframe_/13474545/video_advert_preroll_0', 'class': None, 'width': '640', 'height': '480'}]",333,malta_today,article_pages
148,30,39,15,3,2,43,2,12734,1840,24,4,"[{'src': None, 'title': '3rd party ad content', 'id': 'google_ads_iframe_/13474545/MaltaToday_business_Leaderboard_728x90_0', 'class': None, 'width': '729', 'height': '91'}, {'src': None, 'title': '3rd party ad content', 'id': 'google_ads_iframe_/13474545/MaltaToday_business_Inline_300x250_0', 'class': None, 'width': '300', 'height': '250'}, {'src': None, 'title': '3rd party ad content', 'id': 'google_ads_iframe_/13474545/MaltaToday_business_ArticleLeaderboard_0', 'class': None, 'width': '728', 'height': '90'}, {'src': None, 'title': '3rd party ad content', 'id': 'google_ads_iframe_/13474545/video_advert_preroll_0', 'class': None, 'width': '640', 'height': '480'}]",334,malta_today,article_pages
148,30,39,15,3,2,43,2,12734,1840,24,4,"[{'src': None, 'title': '3rd party ad content', 'id': 'google_ads_iframe_/13474545/MaltaToday_business_Leaderboard_728x90_0', 'class': None, 'width': '729', 'height': '91'}, {'src': None, 'title': '3rd party ad content', 'id': 'google_ads_iframe_/13474545/MaltaToday_business_Inline_300x250_0', 'class': None, 'width': '300', 'height': '250'}, {'src': None, 'title': '3rd party ad content', 'id': 'google_ads_iframe_/13474545/MaltaToday_business_ArticleLeaderboard_0', 'class': None, 'width': '728', 'height': '90'}, {'src': None, 'title': '3rd party ad content', 'id': 'google_ads_iframe_/13474545/video_advert_preroll_0', 'class': None, 'width': '640', 'height': '480'}]",335,malta_today,article_pages
148,30,39,15,3,2,43,2,12734,1840,24,4,"[{'src': None, 'title': '3rd party ad content', 'id': 'google_ads_iframe_/13474545/MaltaToday_business_Leaderboard_728x90_0', 'class': None, 'width': '729', 'height': '91'}, {'src': None, 'title': '3rd party ad content', 'id': 'google_ads_iframe_/13474545/MaltaToday_business_Inline_300x250_0', 'class': None, 'width': '300', 'height': '250'}, {'src': None, 'title': '3rd party ad content', 'id': 'google_ads_iframe_/13474545/MaltaToday_business_ArticleLeaderboard_0', 'class': None, 'width': '728', 'height': '90'}, {'src': None, 'title': '3rd party ad content', 'id': 'google_ads_iframe_/13474545/video_advert_preroll_0', 'class': None, 'width': '640', 'height': '480'}]",336,malta_today,article_pages
148,30,39,15,3,2,43,2,12734,1840,24,4,"[{'src': None, 'title': '3rd party ad content', 'id': 'google_ads_iframe_/13474545/MaltaToday_business_Leaderboard_728x90_0', 'class': None, 'width': '729', 'height': '91'}, {'src': None, 'title': '3rd party ad content', 'id': 'google_ads_iframe_/13474545/MaltaToday_business_Inline_300x250_0', 'class': None, 'width': '300', 'height': '250'}, {'src': None, 'title': '3rd party ad content', 'id': 'google_ads_iframe_/13474545/MaltaToday_business_ArticleLeaderboard_0', 'class': None, 'width': '728', 'height': '90'}, {'src': None, 'title': '3rd party ad content', 'id': 'google_ads_iframe_/13474545/video_advert_preroll_0', 'class': None, 'width': '640', 'height': '480'}]",337,malta_today,article_pages
148,30,39,15,3,2,43,2,12734,1840,24,4,"[{'src': None, 'title': '3rd party ad content', 'id': 'google_ads_iframe_/13474545/MaltaToday_business_Leaderboard_728x90_0', 'class': None, 'width': '729', 'height': '91'}, {'src': None, 'title': '3rd party ad content', 'id': 'google_ads_iframe_/13474545/MaltaToday_business_Inline_300x250_0', 'class': None, 'width': '300', 'height': '250'}, {'src': None, 'title': '3rd party ad content', 'id': 'google_ads_iframe_/13474545/MaltaToday_business_ArticleLeaderboard_0', 'class': None, 'width': '728', 'height': '90'}, {'src': None, 'title': '3rd party ad content', 'id': 'google_ads_iframe_/13474545/video_advert_preroll_0', 'class': None, 'width': '640', 'height': '480'}]",338,malta_today,article_pages
148,30,39,15,3,2,43,2,12734,1840,24,4,"[{'src': None, 'title': '3rd party ad content', 'id': 'google_ads_iframe_/13474545/MaltaToday_business_Leaderboard_728x90_0', 'class': None, 'width': '729', 'height': '91'}, {'src': None, 'title': '3rd party ad content', 'id': 'google_ads_iframe_/13474545/MaltaToday_business_Inline_300x250_0', 'class': None, 'width': '300', 'height': '250'}, {'src': None, 'title': '3rd party ad content', 'id': 'google_ads_iframe_/13474545/MaltaToday_business_ArticleLeaderboard_0', 'class': None, 'width': '728', 'height': '90'}, {'src': None, 'title': '3rd party ad content', 'id': 'google_ads_iframe_/13474545/video_advert_preroll_0', 'class': None, 'width': '640', 'height': '480'}]",339,malta_today,article_pages
148,30,39,15,3,2,43,2,12734,1840,24,4,"[{'src': None, 'title': '3rd party ad content', 'id': 'google_ads_iframe_/13474545/MaltaToday_business_Leaderboard_728x90_0', 'class': None, 'width': '729', 'height': '91'}, {'src': None, 'title': '3rd party ad content', 'id': 'google_ads_iframe_/13474545/MaltaToday_business_Inline_300x250_0', 'class': None, 'width': '300', 'height': '250'}, {'src': None, 'title': '3rd party ad content', 'id': 'google_ads_iframe_/13474545/MaltaToday_business_ArticleLeaderboard_0', 'class': None, 'width': '728', 'height': '90'}, {'src': None, 'title': '3rd party ad content', 'id': 'google_ads_iframe_/13474545/video_advert_preroll_0', 'class': None, 'width': '640', 'height': '480'}]",340,malta_today,article_pages
148,30,39,15,3,2,43,2,12734,1840,24,4,"[{'src': None, 'title': '3rd party ad content', 'id': 'google_ads_iframe_/13474545/MaltaToday_business_Leaderboard_728x90_0', 'class': None, 'width': '729', 'height': '91'}, {'src': None, 'title': '3rd party ad content', 'id': 'google_ads_iframe_/13474545/MaltaToday_business_Inline_300x250_0', 'class': None, 'width': '300', 'height': '250'}, {'src': None, 'title': '3rd party ad content', 'id': 'google_ads_iframe_/13474545/MaltaToday_business_ArticleLeaderboard_0', 'class': None, 'width': '728', 'height': '90'}, {'src': None, 'title': '3rd party ad content', 'id': 'google_ads_iframe_/13474545/video_advert_preroll_0', 'class': None, 'width': '640', 'height': '480'}]",341,malta_today,article_pages
148,30,39,15,3,2,43,2,12734,1840,24,4,"[{'src': None, 'title': '3rd party ad content', 'id': 'google_ads_iframe_/13474545/MaltaToday_business_Leaderboard_728x90_0', 'class': None, 'width': '729', 'height': '91'}, {'src': None, 'title': '3rd party ad content', 'id': 'google_ads_iframe_/13474545/MaltaToday_business_Inline_300x250_0', 'class': None, 'width': '300', 'height': '250'}, {'src': None, 'title': '3rd party ad content', 'id': 'google_ads_iframe_/13474545/MaltaToday_business_ArticleLeaderboard_0', 'class': None, 'width': '728', 'height': '90'}, {'src': None, 'title': '3rd party ad content', 'id': 'google_ads_iframe_/13474545/video_advert_preroll_0', 'class': None, 'width': '640', 'height': '480'}]",342,malta_today,article_pages
148,30,39,15,3,2,43,2,12734,1840,24,4,"[{'src': None, 'title': '3rd party ad content', 'id': 'google_ads_iframe_/13474545/MaltaToday_business_Leaderboard_728x90_0', 'class': None, 'width': '729', 'height': '91'}, {'src': None, 'title': '3rd party ad content', 'id': 'google_ads_iframe_/13474545/MaltaToday_business_Inline_300x250_0', 'class': None, 'width': '300', 'height': '250'}, {'src': None, 'title': '3rd party ad content', 'id': 'google_ads_iframe_/13474545/MaltaToday_business_ArticleLeaderboard_0', 'class': None, 'width': '728', 'height': '90'}, {'src': None, 'title': '3rd party ad content', 'id': 'google_ads_iframe_/13474545/video_advert_preroll_0', 'class': None, 'width': '640', 'height': '480'}]",343,malta_today,article_pages
148,30,39,15,3,2,43,2,12734,1840,24,4,"[{'src': None, 'title': '3rd party ad content', 'id': 'google_ads_iframe_/13474545/MaltaToday_business_Leaderboard_728x90_0', 'class': None, 'width': '729', 'height': '91'}, {'src': None, 'title': '3rd party ad content', 'id': 'google_ads_iframe_/13474545/MaltaToday_business_Inline_300x250_0', 'class': None, 'width': '300', 'height': '250'}, {'src': None, 'title': '3rd party ad content', 'id': 'google_ads_iframe_/13474545/MaltaToday_business_ArticleLeaderboard_0', 'class': None, 'width': '728', 'height': '90'}, {'src': None, 'title': '3rd party ad content', 'id': 'google_ads_iframe_/13474545/video_advert_preroll_0', 'class': None, 'width': '640', 'height': '480'}]",344,malta_today,article_pages
148,30,39,15,3,2,43,2,12734,1840,24,4,"[{'src': None, 'title': '3rd party ad content', 'id': 'google_ads_iframe_/13474545/MaltaToday_business_Leaderboard_728x90_0', 'class': None, 'width': '729', 'height': '91'}, {'src': None, 'title': '3rd party ad content', 'id': 'google_ads_iframe_/13474545/MaltaToday_business_Inline_300x250_0', 'class': None, 'width': '300', 'height': '250'}, {'src': None, 'title': '3rd party ad content', 'id': 'google_ads_iframe_/13474545/MaltaToday_business_ArticleLeaderboard_0', 'class': None, 'width': '728', 'height': '90'}, {'src': None, 'title': '3rd party ad content', 'id': 'google_ads_iframe_/13474545/video_advert_preroll_0', 'class': None, 'width': '640', 'height': '480'}]",345,malta_today,article_pages
148,30,39,15,3,2,43,2,12734,1840,24,4,"[{'src': None, 'title': '3rd party ad content', 'id': 'google_ads_iframe_/13474545/MaltaToday_business_Leaderboard_728x90_0', 'class': None, 'width': '729', 'height': '91'}, {'src': None, 'title': '3rd party ad content', 'id': 'google_ads_iframe_/13474545/MaltaToday_business_Inline_300x250_0', 'class': None, 'width': '300', 'height': '250'}, {'src': None, 'title': '3rd party ad content', 'id': 'google_ads_iframe_/13474545/MaltaToday_business_ArticleLeaderboard_0', 'class': None, 'width': '728', 'height': '90'}, {'src': None, 'title': '3rd party ad content', 'id': 'google_ads_iframe_/13474545/video_advert_preroll_0', 'class': None, 'width': '640', 'height': '480'}]",346,malta_today,article_pages
148,30,39,15,3,2,43,2,12734,1840,24,4,"[{'src': None, 'title': '3rd party ad content', 'id': 'google_ads_iframe_/13474545/MaltaToday_business_Leaderboard_728x90_0', 'class': None, 'width': '729', 'height': '91'}, {'src': None, 'title': '3rd party ad content', 'id': 'google_ads_iframe_/13474545/MaltaToday_business_Inline_300x250_0', 'class': None, 'width': '300', 'height': '250'}, {'src': None, 'title': '3rd party ad content', 'id': 'google_ads_iframe_/13474545/MaltaToday_business_ArticleLeaderboard_0', 'class': None, 'width': '728', 'height': '90'}, {'src': None, 'title': '3rd party ad content', 'id': 'google_ads_iframe_/13474545/video_advert_preroll_0', 'class': None, 'width': '640', 'height': '480'}]",347,malta_today,article_pages
146,30,38,15,3,2,16,2,7150,1088,24,4,"[{'src': None, 'title': '3rd party ad content', 'id': 'google_ads_iframe_/13474545/MaltaToday_business_Leaderboard_728x90_0', 'class': None, 'width': '728', 'height': '90'}, {'src': None, 'title': '3rd party ad content', 'id': 'google_ads_iframe_/13474545/MaltaToday_business_Inline_300x250_0', 'class': None, 'width': '300', 'height': '250'}, {'src': None, 'title': '3rd party ad content', 'id': 'google_ads_iframe_/13474545/MaltaToday_business_ArticleLeaderboard_0', 'class': None, 'width': '728', 'height': '90'}, {'src': None, 'title': '3rd party ad content', 'id': 'google_ads_iframe_/13474545/video_advert_preroll_0', 'class': None, 'width': '640', 'height': '480'}]",348,malta_today,article_pages
146,30,38,15,3,2,16,2,7150,1088,24,4,"[{'src': None, 'title': '3rd party ad content', 'id': 'google_ads_iframe_/13474545/MaltaToday_business_Leaderboard_728x90_0', 'class': None, 'width': '728', 'height': '90'}, {'src': None, 'title': '3rd party ad content', 'id': 'google_ads_iframe_/13474545/MaltaToday_business_Inline_300x250_0', 'class': None, 'width': '300', 'height': '250'}, {'src': None, 'title': '3rd party ad content', 'id': 'google_ads_iframe_/13474545/MaltaToday_business_ArticleLeaderboard_0', 'class': None, 'width': '728', 'height': '90'}, {'src': None, 'title': '3rd party ad content', 'id': 'google_ads_iframe_/13474545/video_advert_preroll_0', 'class': None, 'width': '640', 'height': '480'}]",349,malta_today,article_pages
146,30,38,15,3,2,16,2,7150,1088,24,4,"[{'src': None, 'title': '3rd party ad content', 'id': 'google_ads_iframe_/13474545/MaltaToday_business_Leaderboard_728x90_0', 'class': None, 'width': '728', 'height': '90'}, {'src': None, 'title': '3rd party ad content', 'id': 'google_ads_iframe_/13474545/MaltaToday_business_Inline_300x250_0', 'class': None, 'width': '300', 'height': '250'}, {'src': None, 'title': '3rd party ad content', 'id': 'google_ads_iframe_/13474545/MaltaToday_business_ArticleLeaderboard_0', 'class': None, 'width': '728', 'height': '90'}, {'src': None, 'title': '3rd party ad content', 'id': 'google_ads_iframe_/13474545/video_advert_preroll_0', 'class': None, 'width': '640', 'height': '480'}]",350,malta_today,article_pages
146,30,38,15,3,2,16,2,7150,1088,24,4,"[{'src': None, 'title': '3rd party ad content', 'id': 'google_ads_iframe_/13474545/MaltaToday_business_Leaderboard_728x90_0', 'class': None, 'width': '728', 'height': '90'}, {'src': None, 'title': '3rd party ad content', 'id': 'google_ads_iframe_/13474545/MaltaToday_business_Inline_300x250_0', 'class': None, 'width': '300', 'height': '250'}, {'src': None, 'title': '3rd party ad content', 'id': 'google_ads_iframe_/13474545/MaltaToday_business_ArticleLeaderboard_0', 'class': None, 'width': '728', 'height': '90'}, {'src': None, 'title': '3rd party ad content', 'id': 'google_ads_iframe_/13474545/video_advert_preroll_0', 'class': None, 'width': '640', 'height': '480'}]",351,malta_today,article_pages
146,30,38,15,3,2,16,2,7150,1088,24,4,"[{'src': None, 'title': '3rd party ad content', 'id': 'google_ads_iframe_/13474545/MaltaToday_business_Leaderboard_728x90_0', 'class': None, 'width': '728', 'height': '90'}, {'src': None, 'title': '3rd party ad content', 'id': 'google_ads_iframe_/13474545/MaltaToday_business_Inline_300x250_0', 'class': None, 'width': '300', 'height': '250'}, {'src': None, 'title': '3rd party ad content', 'id': 'google_ads_iframe_/13474545/MaltaToday_business_ArticleLeaderboard_0', 'class': None, 'width': '728', 'height': '90'}, {'src': None, 'title': '3rd party ad content', 'id': 'google_ads_iframe_/13474545/video_advert_preroll_0', 'class': None, 'width': '640', 'height': '480'}]",352,malta_today,article_pages
146,30,38,15,3,2,16,2,7150,1088,24,4,"[{'src': None, 'title': '3rd party ad content', 'id': 'google_ads_iframe_/13474545/MaltaToday_business_Leaderboard_728x90_0', 'class': None, 'width': '728', 'height': '90'}, {'src': None, 'title': '3rd party ad content', 'id': 'google_ads_iframe_/13474545/MaltaToday_business_Inline_300x250_0', 'class': None, 'width': '300', 'height': '250'}, {'src': None, 'title': '3rd party ad content', 'id': 'google_ads_iframe_/13474545/MaltaToday_business_ArticleLeaderboard_0', 'class': None, 'width': '728', 'height': '90'}, {'src': None, 'title': '3rd party ad content', 'id': 'google_ads_iframe_/13474545/video_advert_preroll_0', 'class': None, 'width': '640', 'height': '480'}]",353,malta_today,article_pages
146,30,38,15,3,2,16,2,7150,1088,24,4,"[{'src': None, 'title': '3rd party ad content', 'id': 'google_ads_iframe_/13474545/MaltaToday_business_Leaderboard_728x90_0', 'class': None, 'width': '728', 'height': '90'}, {'src': None, 'title': '3rd party ad content', 'id': 'google_ads_iframe_/13474545/MaltaToday_business_Inline_300x250_0', 'class': None, 'width': '300', 'height': '250'}, {'src': None, 'title': '3rd party ad content', 'id': 'google_ads_iframe_/13474545/MaltaToday_business_ArticleLeaderboard_0', 'class': None, 'width': '728', 'height': '90'}, {'src': None, 'title': '3rd party ad content', 'id': 'google_ads_iframe_/13474545/video_advert_preroll_0', 'class': None, 'width': '640', 'height': '480'}]",354,malta_today,article_pages
146,30,38,15,3,2,16,2,7150,1088,24,4,"[{'src': None, 'title': '3rd party ad content', 'id': 'google_ads_iframe_/13474545/MaltaToday_business_Leaderboard_728x90_0', 'class': None, 'width': '728', 'height': '90'}, {'src': None, 'title': '3rd party ad content', 'id': 'google_ads_iframe_/13474545/MaltaToday_business_Inline_300x250_0', 'class': None, 'width': '300', 'height': '250'}, {'src': None, 'title': '3rd party ad content', 'id': 'google_ads_iframe_/13474545/MaltaToday_business_ArticleLeaderboard_0', 'class': None, 'width': '728', 'height': '90'}, {'src': None, 'title': '3rd party ad content', 'id': 'google_ads_iframe_/13474545/video_advert_preroll_0', 'class': None, 'width': '640', 'height': '480'}]",355,malta_today,article_pages
146,30,38,15,3,2,16,2,7150,1088,24,4,"[{'src': None, 'title': '3rd party ad content', 'id': 'google_ads_iframe_/13474545/MaltaToday_business_Leaderboard_728x90_0', 'class': None, 'width': '728', 'height': '90'}, {'src': None, 'title': '3rd party ad content', 'id': 'google_ads_iframe_/13474545/MaltaToday_business_Inline_300x250_0', 'class': None, 'width': '300', 'height': '250'}, {'src': None, 'title': '3rd party ad content', 'id': 'google_ads_iframe_/13474545/MaltaToday_business_ArticleLeaderboard_0', 'class': None, 'width': '728', 'height': '90'}, {'src': None, 'title': '3rd party ad content', 'id': 'google_ads_iframe_/13474545/video_advert_preroll_0', 'class': None, 'width': '640', 'height': '480'}]",356,malta_today,article_pages
146,30,38,15,3,2,16,2,7150,1088,24,4,"[{'src': None, 'title': '3rd party ad content', 'id': 'google_ads_iframe_/13474545/MaltaToday_business_Leaderboard_728x90_0', 'class': None, 'width': '728', 'height': '90'}, {'src': None, 'title': '3rd party ad content', 'id': 'google_ads_iframe_/13474545/MaltaToday_business_Inline_300x250_0', 'class': None, 'width': '300', 'height': '250'}, {'src': None, 'title': '3rd party ad content', 'id': 'google_ads_iframe_/13474545/MaltaToday_business_ArticleLeaderboard_0', 'class': None, 'width': '728', 'height': '90'}, {'src': None, 'title': '3rd party ad content', 'id': 'google_ads_iframe_/13474545/video_advert_preroll_0', 'class': None, 'width': '640', 'height': '480'}]",357,malta_today,article_pages
146,30,38,15,3,2,16,2,7150,1088,24,4,"[{'src': None, 'title': '3rd party ad content', 'id': 'google_ads_iframe_/13474545/MaltaToday_business_Leaderboard_728x90_0', 'class': None, 'width': '728', 'height': '90'}, {'src': None, 'title': '3rd party ad content', 'id': 'google_ads_iframe_/13474545/MaltaToday_business_Inline_300x250_0', 'class': None, 'width': '300', 'height': '250'}, {'src': None, 'title': '3rd party ad content', 'id': 'google_ads_iframe_/13474545/MaltaToday_business_ArticleLeaderboard_0', 'class': None, 'width': '728', 'height': '90'}, {'src': None, 'title': '3rd party ad content', 'id': 'google_ads_iframe_/13474545/video_advert_preroll_0', 'class': None, 'width': '640', 'height': '480'}]",358,malta_today,article_pages
146,30,38,15,3,2,16,2,7150,1088,24,4,"[{'src': None, 'title': '3rd party ad content', 'id': 'google_ads_iframe_/13474545/MaltaToday_business_Leaderboard_728x90_0', 'class': None, 'width': '728', 'height': '90'}, {'src': None, 'title': '3rd party ad content', 'id': 'google_ads_iframe_/13474545/MaltaToday_business_Inline_300x250_0', 'class': None, 'width': '300', 'height': '250'}, {'src': None, 'title': '3rd party ad content', 'id': 'google_ads_iframe_/13474545/MaltaToday_business_ArticleLeaderboard_0', 'class': None, 'width': '728', 'height': '90'}, {'src': None, 'title': '3rd party ad content', 'id': 'google_ads_iframe_/13474545/video_advert_preroll_0', 'class': None, 'width': '640', 'height': '480'}]",359,malta_today,article_pages
392,49,58,0,15,2,22,80,22983,3227,21,0,[],360,newsbook,home_page
392,49,58,0,15,2,22,80,22983,3227,21,0,[],361,newsbook,home_page
392,49,58,0,15,2,22,80,22983,3227,21,0,[],362,newsbook,home_page
392,49,58,0,15,2,22,80,22983,3227,21,0,[],363,newsbook,home_page
392,49,58,0,15,2,22,80,22983,3227,21,0,[],364,newsbook,home_page
392,49,58,0,15,2,22,80,22983,3227,21,0,[],365,newsbook,home_page
392,49,58,0,15,2,22,80,22983,3227,21,0,[],366,newsbook,home_page
392,49,58,0,15,2,22,80,22983,3227,21,0,[],367,newsbook,home_page
392,49,58,0,15,2,22,80,22983,3227,21,0,[],368,newsbook,home_page
392,49,58,0,15,2,22,80,22983,3227,21,0,[],369,newsbook,home_page
392,49,58,0,15,2,22,80,22983,3227,21,0,[],370,newsbook,home_page
392,49,58,0,15,2,22,80,22983,3227,21,0,[],371,newsbook,home_page
392,49,58,0,15,2,22,80,22983,3227,21,0,[],372,newsbook,home_page
392,49,58,0,15,2,22,80,22983,3227,21,0,[],373,newsbook,home_page
392,49,58,0,15,2,22,80,22983,3227,21,0,[],374,newsbook,home_page
392,49,58,0,15,2,22,80,22983,3227,21,0,[],375,newsbook,home_page
392,49,58,0,15,2,22,80,22983,3227,21,0,[],376,newsbook,home_page
392,49,58,0,15,2,22,80,22983,3227,21,0,[],377,newsbook,home_page
392,49,58,0,15,2,22,80,22983,3227,21,0,[],378,newsbook,home_page
392,49,58,0,15,2,22,80,22983,3227,21,0,[],379,newsbook,home_page
392,49,58,0,15,2,22,80,22983,3227,21,0,[],380,newsbook,home_page
392,49,58,0,15,2,22,80,22983,3227,21,0,[],381,newsbook,home_page
392,49,58,0,15,2,22,80,22983,3227,21,0,[],382,newsbook,home_page
392,49,58,0,15,2,22,80,22983,3227,21,0,[],383,newsbook,home_page
392,49,58,0,15,2,22,80,22983,3227,21,0,[],384,newsbook,home_page
392,49,58,0,15,2,22,80,22983,3227,21,0,[],385,newsbook,home_page
392,49,58,0,15,2,22,80,22983,3227,21,0,[],386,newsbook,home_page
392,49,58,0,15,2,22,80,22983,3227,21,0,[],387,newsbook,home_page
392,49,58,0,15,2,22,80,22983,3227,21,0,[],388,newsbook,home_page
392,49,58,0,15,2,22,80,22983,3227,21,0,[],389,newsbook,home_page
392,49,58,0,15,2,22,80,22983,3227,21,0,[],390,newsbook,home_page
392,49,58,0,15,2,22,80,22983,3227,21,0,[],391,newsbook,home_page
392,49,58,0,15,2,22,80,22983,3227,21,0,[],392,newsbook,home_page
392,49,58,0,15,2,22,80,22983,3227,21,0,[],393,newsbook,home_page
392,49,58,0,15,2,22,80,22983,3227,21,0,[],394,newsbook,home_page
132,38,49,0,15,2,21,21,6728,978,16,0,[],395,newsbook,news_listing
132,38,49,0,15,2,21,21,6728,978,16,0,[],396,newsbook,news_listing
132,38,49,0,15,2,21,21,6728,978,16,0,[],397,newsbook,news_listing
132,38,49,0,15,2,21,21,6728,978,16,0,[],398,newsbook,news_listing
132,38,49,0,15,2,21,21,6728,978,16,0,[],399,newsbook,news_listing
132,38,49,0,15,2,21,21,6728,978,16,0,[],400,newsbook,news_listing
132,38,49,0,15,2,21,21,6728,978,16,0,[],401,newsbook,news_listing
133,37,49,0,15,2,21,21,6553,955,16,0,[],402,newsbook,news_listing
133,37,49,0,15,2,21,21,6553,955,16,0,[],403,newsbook,news_listing
133,37,49,0,15,2,21,21,6553,955,16,0,[],404,newsbook,news_listing
133,37,49,0,15,2,21,21,6553,955,16,0,[],405,newsbook,news_listing
133,37,49,0,15,2,21,21,6553,955,16,0,[],406,newsbook,news_listing
133,37,49,0,15,2,21,21,6553,955,16,0,[],407,newsbook,news_listing
133,37,49,0,15,2,21,21,6553,955,16,0,[],408,newsbook,news_listing
134,37,49,0,15,2,21,21,6480,955,16,0,[],409,newsbook,news_listing
134,37,49,0,15,2,21,21,6480,955,16,0,[],410,newsbook,news_listing
134,37,49,0,15,2,21,21,6480,955,16,0,[],411,newsbook,news_listing
134,37,49,0,15,2,21,21,6480,955,16,0,[],412,newsbook,news_listing
135,40,49,0,15,2,21,21,6628,975,16,0,[],413,newsbook,news_listing
135,40,49,0,15,2,21,21,6628,975,16,0,[],414,newsbook,news_listing
135,40,49,0,15,2,21,21,6628,975,16,0,[],415,newsbook,news_listing
134,38,49,0,15,2,21,21,6501,950,16,0,[],416,newsbook,news_listing
129,41,48,0,15,2,21,21,6590,1013,16,0,[],417,newsbook,news_listing
129,41,48,0,15,2,21,21,6590,1013,16,0,[],418,newsbook,news_listing
129,41,48,0,15,2,21,21,6590,1013,16,0,[],419,newsbook,news_listing
129,41,48,0,15,2,21,21,6590,1013,16,0,[],420,newsbook,news_listing
129,41,48,0,15,2,21,21,6590,1013,16,0,[],421,newsbook,news_listing
129,38,48,0,15,2,21,21,6283,956,16,0,[],422,newsbook,news_listing
129,38,48,0,15,2,21,21,6283,956,16,0,[],423,newsbook,news_listing
129,38,48,0,15,2,21,21,6283,956,16,0,[],424,newsbook,news_listing
129,38,48,0,15,2,21,21,6283,956,16,0,[],425,newsbook,news_listing
130,37,48,0,15,2,21,21,6412,977,16,0,[],426,newsbook,news_listing
130,37,48,0,15,2,21,21,6412,977,16,0,[],427,newsbook,news_listing
130,37,48,0,15,2,21,21,6412,977,16,0,[],428,newsbook,news_listing
130,38,48,0,15,2,21,21,6586,1018,16,0,[],429,newsbook,news_listing
130,38,48,0,15,2,21,21,6586,1018,16,0,[],430,newsbook,news_listing
130,38,48,0,15,2,21,21,6586,1018,16,0,[],431,newsbook,news_listing
130,36,48,0,15,2,21,21,6653,1014,16,0,[],432,newsbook,news_listing
132,33,49,0,15,2,21,21,6535,946,16,0,[],433,newsbook,news_listing
132,33,49,0,15,2,21,21,6535,946,16,0,[],434,newsbook,news_listing
132,33,49,0,15,2,21,21,6535,946,16,0,[],435,newsbook,news_listing
132,33,49,0,15,2,21,21,6535,946,16,0,[],436,newsbook,news_listing
134,34,49,0,15,2,21,21,6957,1007,16,0,[],437,newsbook,news_listing
134,34,49,0,15,2,21,21,6957,1007,16,0,[],438,newsbook,news_listing
134,34,49,0,15,2,21,21,6957,1007,16,0,[],439,newsbook,news_listing
134,36,49,0,15,2,21,21,6621,958,16,0,[],440,newsbook,news_listing
134,36,49,0,15,2,21,21,6621,958,16,0,[],441,newsbook,news_listing
133,33,49,0,15,2,21,21,6399,947,16,0,[],442,newsbook,news_listing
133,33,49,0,15,2,21,21,6399,947,16,0,[],443,newsbook,news_listing
134,35,49,0,15,2,21,21,6638,964,16,0,[],444,newsbook,news_listing
128,33,48,0,15,2,21,21,6470,983,16,0,[],445,newsbook,news_listing
128,33,48,0,15,2,21,21,6470,983,16,0,[],446,newsbook,news_listing
128,33,48,0,15,2,21,21,6470,983,16,0,[],447,newsbook,news_listing
129,34,48,0,15,2,21,21,6419,995,16,0,[],448,newsbook,news_listing
129,34,48,0,15,2,21,21,6419,995,16,0,[],449,newsbook,news_listing
130,34,48,0,15,2,21,21,6443,983,16,0,[],450,newsbook,news_listing
130,34,48,0,15,2,21,21,6549,998,16,0,[],451,newsbook,news_listing
130,34,48,0,15,2,21,21,6549,998,16,0,[],452,newsbook,news_listing
130,34,48,0,15,2,21,21,6549,998,16,0,[],453,newsbook,news_listing
130,34,48,0,15,2,21,21,6549,998,16,0,[],454,newsbook,news_listing
130,34,48,0,15,2,21,21,6674,1018,16,0,[],455,newsbook,news_listing
130,34,48,0,15,2,21,21,6674,1018,16,0,[],456,newsbook,news_listing
130,34,48,0,15,2,21,21,6674,1018,16,0,[],457,newsbook,news_listing
133,38,49,0,15,2,21,21,6452,934,16,0,[],458,newsbook,news_listing
133,38,49,0,15,2,21,21,6452,934,16,0,[],459,newsbook,news_listing
133,38,49,0,15,2,21,21,6452,934,16,0,[],460,newsbook,news_listing
133,38,49,0,15,2,21,21,6452,934,16,0,[],461,newsbook,news_listing
133,38,49,0,15,2,21,21,6452,934,16,0,[],462,newsbook,news_listing
133,38,49,0,15,2,21,21,6452,934,16,0,[],463,newsbook,news_listing
134,35,49,0,15,2,21,21,6743,977,16,0,[],464,newsbook,news_listing
134,35,49,0,15,2,21,21,6743,977,16,0,[],465,newsbook,news_listing
134,35,49,0,15,2,21,21,6743,977,16,0,[],466,newsbook,news_listing
135,35,49,0,15,2,21,21,6827,980,16,0,[],467,newsbook,news_listing
135,35,49,0,15,2,21,21,6827,980,16,0,[],468,newsbook,news_listing
135,35,49,0,15,2,21,21,6827,980,16,0,[],469,newsbook,news_listing
134,34,49,0,15,2,21,21,6897,1003,16,0,[],470,newsbook,news_listing
134,34,49,0,15,2,21,21,6897,1003,16,0,[],471,newsbook,news_listing
134,34,49,0,15,2,21,21,6897,1003,16,0,[],472,newsbook,news_listing
134,34,49,0,15,2,21,21,6897,1003,16,0,[],473,newsbook,news_listing
134,35,49,0,15,2,21,21,6766,973,16,0,[],474,newsbook,news_listing
134,35,49,0,15,2,21,21,6766,973,16,0,[],475,newsbook,news_listing
134,35,49,0,15,2,21,21,6766,973,16,0,[],476,newsbook,news_listing
134,35,49,0,15,2,21,21,6766,973,16,0,[],477,newsbook,news_listing
134,35,49,0,15,2,21,21,6766,973,16,0,[],478,newsbook,news_listing
136,34,49,0,15,2,21,21,6956,1006,16,0,[],479,newsbook,news_listing
136,34,49,0,15,2,21,21,6956,1006,16,0,[],480,newsbook,news_listing
136,34,49,0,15,2,21,21,6956,1006,16,0,[],481,newsbook,news_listing
136,34,49,0,15,2,21,21,6956,1006,16,0,[],482,newsbook,news_listing
128,34,48,0,15,2,21,21,6483,978,16,0,[],483,newsbook,news_listing
128,34,48,0,15,2,21,21,6483,978,16,0,[],484,newsbook,news_listing
128,34,48,0,15,2,21,21,6483,978,16,0,[],485,newsbook,news_listing
128,34,48,0,15,2,21,21,6483,978,16,0,[],486,newsbook,news_listing
128,34,48,0,15,2,21,21,6483,978,16,0,[],487,newsbook,news_listing
128,34,48,0,15,2,21,21,6483,978,16,0,[],488,newsbook,news_listing
129,34,48,0,15,2,21,21,6679,1021,16,0,[],489,newsbook,news_listing
129,34,48,0,15,2,21,21,6679,1021,16,0,[],490,newsbook,news_listing
129,34,48,0,15,2,21,21,6679,1021,16,0,[],491,newsbook,news_listing
129,34,48,0,15,2,21,21,6679,1021,16,0,[],492,newsbook,news_listing
129,34,48,0,15,2,21,21,6679,1021,16,0,[],493,newsbook,news_listing
131,34,48,0,15,2,21,21,6628,1007,16,0,[],494,newsbook,news_listing
131,34,48,0,15,2,21,21,6628,1007,16,0,[],495,newsbook,news_listing
131,34,48,0,15,2,21,21,6628,1007,16,0,[],496,newsbook,news_listing
131,34,48,0,15,2,21,21,6628,1007,16,0,[],497,newsbook,news_listing
130,34,48,0,15,2,21,21,6456,969,16,0,[],498,newsbook,news_listing
130,34,48,0,15,2,21,21,6456,969,16,0,[],499,newsbook,news_listing
130,34,48,0,15,2,21,21,6456,969,16,0,[],500,newsbook,news_listing
130,34,48,0,15,2,21,21,6456,969,16,0,[],501,newsbook,news_listing
130,34,48,0,15,2,21,21,6456,969,16,0,[],502,newsbook,news_listing
130,34,48,0,15,2,21,21,6634,994,16,0,[],503,newsbook,news_listing
130,34,48,0,15,2,21,21,6634,994,16,0,[],504,newsbook,news_listing
130,34,48,0,15,2,21,21,6634,994,16,0,[],505,newsbook,news_listing
130,34,48,0,15,2,21,21,6634,994,16,0,[],506,newsbook,news_listing
132,38,49,0,15,2,21,21,6728,978,16,0,[],507,newsbook,news_listing
132,33,49,0,15,2,21,21,6535,946,16,0,[],508,newsbook,news_listing
129,41,48,0,15,2,21,21,6590,1013,16,0,[],509,newsbook,news_listing
128,33,48,0,15,2,21,21,6470,983,16,0,[],510,newsbook,news_listing
133,38,49,0,15,2,21,21,6452,934,16,0,[],511,newsbook,news_listing
128,34,48,0,15,2,21,21,6483,978,16,0,[],512,newsbook,news_listing
135,37,49,0,15,2,21,21,6725,996,16,0,[],513,newsbook,news_listing
135,37,49,0,15,2,21,21,6725,996,16,0,[],514,newsbook,news_listing
135,37,49,0,15,2,21,21,6725,996,16,0,[],515,newsbook,news_listing
135,37,49,0,15,2,21,21,6725,996,16,0,[],516,newsbook,news_listing
135,37,49,0,15,2,21,21,6725,996,16,0,[],517,newsbook,news_listing
135,36,49,0,15,2,21,21,6576,953,16,0,[],518,newsbook,news_listing
135,36,49,0,15,2,21,21,6576,953,16,0,[],519,newsbook,news_listing
135,36,49,0,15,2,21,21,6576,953,16,0,[],520,newsbook,news_listing
135,36,49,0,15,2,21,21,6576,953,16,0,[],521,newsbook,news_listing
135,36,49,0,15,2,21,21,6576,953,16,0,[],522,newsbook,news_listing
135,36,49,0,15,2,21,21,6534,952,16,0,[],523,newsbook,news_listing
135,36,49,0,15,2,21,21,6534,952,16,0,[],524,newsbook,news_listing
135,36,49,0,15,2,21,21,6534,952,16,0,[],525,newsbook,news_listing
131,38,48,0,15,2,21,21,6745,1036,16,0,[],526,newsbook,news_listing
131,38,48,0,15,2,21,21,6745,1036,16,0,[],527,newsbook,news_listing
131,38,48,0,15,2,21,21,6745,1036,16,0,[],528,newsbook,news_listing
131,38,48,0,15,2,21,21,6745,1036,16,0,[],529,newsbook,news_listing
131,38,48,0,15,2,21,21,6745,1036,16,0,[],530,newsbook,news_listing
131,38,48,0,15,2,21,21,6745,1036,16,0,[],531,newsbook,news_listing
131,37,48,0,15,2,21,21,6267,970,16,0,[],532,newsbook,news_listing
131,37,48,0,15,2,21,21,6267,970,16,0,[],533,newsbook,news_listing
131,37,48,0,15,2,21,21,6267,970,16,0,[],534,newsbook,news_listing
131,37,48,0,15,2,21,21,6267,970,16,0,[],535,newsbook,news_listing
131,37,48,0,15,2,21,21,6267,970,16,0,[],536,newsbook,news_listing
131,34,48,0,15,2,21,21,6551,1006,16,0,[],537,newsbook,news_listing
131,34,48,0,15,2,21,21,6551,1006,16,0,[],538,newsbook,news_listing
131,34,48,0,15,2,21,21,6551,1006,16,0,[],539,newsbook,news_listing
131,34,48,0,15,2,21,21,6551,1006,16,0,[],540,newsbook,news_listing
131,34,48,0,15,2,21,21,6551,1006,16,0,[],541,newsbook,news_listing
109,32,52,0,15,2,38,10,10948,1673,20,0,[],542,newsbook,article_pages
109,32,52,0,15,2,38,10,10948,1673,20,0,[],543,newsbook,article_pages
109,32,52,0,15,2,38,10,10948,1673,20,0,[],544,newsbook,article_pages
109,32,52,0,15,2,38,10,10948,1673,20,0,[],545,newsbook,article_pages
109,32,52,0,15,2,38,10,10948,1673,20,0,[],546,newsbook,article_pages
109,32,52,0,15,2,38,10,10948,1673,20,0,[],547,newsbook,article_pages
109,32,52,0,15,2,38,10,10948,1673,20,0,[],548,newsbook,article_pages
109,32,52,0,15,2,38,10,10948,1673,20,0,[],549,newsbook,article_pages
109,32,52,0,15,2,38,10,10948,1673,20,0,[],550,newsbook,article_pages
109,32,52,0,15,2,38,10,10948,1673,20,0,[],551,newsbook,article_pages
133,36,53,0,15,2,29,16,7926,1206,20,0,[],552,newsbook,article_pages
133,36,53,0,15,2,29,16,7926,1206,20,0,[],553,newsbook,article_pages
133,36,53,0,15,2,29,16,7926,1206,20,0,[],554,newsbook,article_pages
133,36,53,0,15,2,29,16,7926,1206,20,0,[],555,newsbook,article_pages
133,36,53,0,15,2,29,16,7926,1206,20,0,[],556,newsbook,article_pages
133,36,53,0,15,2,29,16,7926,1206,20,0,[],557,newsbook,article_pages
133,36,53,0,15,2,29,16,7926,1206,20,0,[],558,newsbook,article_pages
133,36,53,0,15,2,29,16,7926,1206,20,0,[],559,newsbook,article_pages
136,40,53,1,15,2,28,19,7785,1186,20,0,[],560,newsbook,article_pages
136,40,53,1,15,2,28,19,7785,1186,20,0,[],561,newsbook,article_pages
136,40,53,1,15,2,28,19,7785,1186,20,0,[],562,newsbook,article_pages
136,40,53,1,15,2,28,19,7785,1186,20,0,[],563,newsbook,article_pages
136,40,53,1,15,2,28,19,7785,1186,20,0,[],564,newsbook,article_pages
136,40,53,1,15,2,28,19,7785,1186,20,0,[],565,newsbook,article_pages
136,40,53,1,15,2,28,19,7785,1186,20,0,[],566,newsbook,article_pages
136,40,53,1,15,2,28,19,7785,1186,20,0,[],567,newsbook,article_pages
108,30,52,0,15,2,25,9,6700,1016,20,0,[],568,newsbook,article_pages
108,30,52,0,15,2,25,9,6700,1016,20,0,[],569,newsbook,article_pages
108,30,52,0,15,2,25,9,6700,1016,20,0,[],570,newsbook,article_pages
108,30,52,0,15,2,25,9,6700,1016,20,0,[],571,newsbook,article_pages
108,30,52,0,15,2,25,9,6700,1016,20,0,[],572,newsbook,article_pages
108,30,52,0,15,2,25,9,6700,1016,20,0,[],573,newsbook,article_pages
108,30,52,0,15,2,25,9,6700,1016,20,0,[],574,newsbook,article_pages
108,30,52,0,15,2,25,9,6700,1016,20,0,[],575,newsbook,article_pages
106,29,52,0,15,2,32,9,9153,1389,20,0,[],576,newsbook,article_pages
106,29,52,0,15,2,32,9,9153,1389,20,0,[],577,newsbook,article_pages
106,29,52,0,15,2,32,9,9153,1389,20,0,[],578,newsbook,article_pages
106,29,52,0,15,2,32,9,9153,1389,20,0,[],579,newsbook,article_pages
106,29,52,0,15,2,32,9,9153,1389,20,0,[],580,newsbook,article_pages
138,40,53,0,15,2,32,19,8354,1318,20,0,[],581,newsbook,article_pages
138,40,53,0,15,2,32,19,8354,1318,20,0,[],582,newsbook,article_pages
138,40,53,0,15,2,32,19,8354,1318,20,0,[],583,newsbook,article_pages
138,40,53,0,15,2,32,19,8354,1318,20,0,[],584,newsbook,article_pages
138,40,53,0,15,2,32,19,8354,1318,20,0,[],585,newsbook,article_pages
138,40,53,0,15,2,32,19,8354,1318,20,0,[],586,newsbook,article_pages
138,40,53,0,15,2,32,19,8354,1318,20,0,[],587,newsbook,article_pages
138,40,53,0,15,2,32,19,8354,1318,20,0,[],588,newsbook,article_pages
107,29,52,0,15,2,31,9,8431,1319,20,0,[],589,newsbook,article_pages
107,29,52,0,15,2,31,9,8431,1319,20,0,[],590,newsbook,article_pages
107,29,52,0,15,2,31,9,8431,1319,20,0,[],591,newsbook,article_pages
107,29,52,0,15,2,31,9,8431,1319,20,0,[],592,newsbook,article_pages
107,29,52,0,15,2,31,9,8431,1319,20,0,[],593,newsbook,article_pages
107,29,52,0,15,2,31,9,8431,1319,20,0,[],594,newsbook,article_pages
107,29,52,0,15,2,31,9,8431,1319,20,0,[],595,newsbook,article_pages
107,29,52,0,15,2,31,9,8431,1319,20,0,[],596,newsbook,article_pages
115,32,53,0,15,2,29,12,7506,1070,20,0,[],597,newsbook,article_pages
115,32,53,0,15,2,29,12,7506,1070,20,0,[],598,newsbook,article_pages
115,32,53,0,15,2,29,12,7506,1070,20,0,[],599,newsbook,article_pages
115,32,53,0,15,2,29,12,7506,1070,20,0,[],600,newsbook,article_pages
115,32,53,0,15,2,29,12,7506,1070,20,0,[],601,newsbook,article_pages
115,32,53,0,15,2,29,12,7506,1070,20,0,[],602,newsbook,article_pages
121,35,53,0,15,2,24,12,6833,990,20,0,[],603,newsbook,article_pages
121,35,53,0,15,2,24,12,6833,990,20,0,[],604,newsbook,article_pages
121,35,53,0,15,2,24,12,6833,990,20,0,[],605,newsbook,article_pages
121,35,53,0,15,2,24,12,6833,990,20,0,[],606,newsbook,article_pages
121,35,53,0,15,2,24,12,6833,990,20,0,[],607,newsbook,article_pages
121,35,53,0,15,2,24,12,6833,990,20,0,[],608,newsbook,article_pages
115,32,53,0,15,2,29,12,7506,1070,20,0,[],609,newsbook,article_pages
115,32,53,0,15,2,29,12,7506,1070,20,0,[],610,newsbook,article_pages
139,38,54,0,15,2,25,17,8593,1227,20,0,[],611,newsbook,article_pages
139,38,54,0,15,2,25,17,8593,1227,20,0,[],612,newsbook,article_pages
139,38,54,0,15,2,25,17,8593,1227,20,0,[],613,newsbook,article_pages
139,38,54,0,15,2,25,17,8593,1227,20,0,[],614,newsbook,article_pages
139,38,54,0,15,2,25,17,8593,1227,20,0,[],615,newsbook,article_pages
139,38,54,0,15,2,25,17,8593,1227,20,0,[],616,newsbook,article_pages
139,38,54,0,15,2,42,20,10578,1465,20,0,[],617,newsbook,article_pages
139,38,54,0,15,2,42,20,10578,1465,20,0,[],618,newsbook,article_pages
139,38,54,0,15,2,42,20,10578,1465,20,0,[],619,newsbook,article_pages
139,38,54,0,15,2,42,20,10578,1465,20,0,[],620,newsbook,article_pages
139,38,54,0,15,2,42,20,10578,1465,20,0,[],621,newsbook,article_pages
139,38,54,0,15,2,42,20,10578,1465,20,0,[],622,newsbook,article_pages
139,38,54,0,15,2,42,20,10578,1465,20,0,[],623,newsbook,article_pages
139,38,54,0,15,2,42,20,10578,1465,20,0,[],624,newsbook,article_pages
139,38,54,0,15,2,42,20,10578,1465,20,0,[],625,newsbook,article_pages
139,38,54,0,15,2,42,20,10578,1465,20,0,[],626,newsbook,article_pages
139,38,54,0,15,2,42,20,10578,1465,20,0,[],627,newsbook,article_pages
141,39,54,0,15,2,38,18,9163,1330,20,0,[],628,newsbook,article_pages
141,39,54,0,15,2,38,18,9163,1330,20,0,[],629,newsbook,article_pages
141,39,54,0,15,2,38,18,9163,1330,20,0,[],630,newsbook,article_pages
141,39,54,0,15,2,38,18,9163,1330,20,0,[],631,newsbook,article_pages
141,39,54,0,15,2,38,18,9163,1330,20,0,[],632,newsbook,article_pages
141,39,54,0,15,2,38,18,9163,1330,20,0,[],633,newsbook,article_pages
141,39,54,0,15,2,38,18,9163,1330,20,0,[],634,newsbook,article_pages
141,39,54,0,15,2,38,18,9163,1330,20,0,[],635,newsbook,article_pages
141,39,54,0,15,2,38,18,9163,1330,20,0,[],636,newsbook,article_pages
141,39,54,0,15,2,38,18,9163,1330,20,0,[],637,newsbook,article_pages
127,34,54,0,15,2,27,14,7209,1014,20,0,[],638,newsbook,article_pages
127,34,54,0,15,2,27,14,7209,1014,20,0,[],639,newsbook,article_pages
127,34,54,0,15,2,27,14,7209,1014,20,0,[],640,newsbook,article_pages
127,34,54,0,15,2,27,14,7209,1014,20,0,[],641,newsbook,article_pages
127,34,54,0,15,2,27,14,7209,1014,20,0,[],642,newsbook,article_pages
127,34,54,0,15,2,27,14,7209,1014,20,0,[],643,newsbook,article_pages
127,34,54,0,15,2,27,14,7209,1014,20,0,[],644,newsbook,article_pages
88,55,67,11,9,6,30,44,7322,1173,16,1,"[{'src': 'https://19c7a0b6e74e380fdf5d562fe9e8275f.safeframe.googlesyndication.com/safeframe/1-0-45/html/container.html', 'title': '3rd party ad content', 'id': 'google_ads_iframe_/162717810,22769416952/theshiftnews.com/interstitial_0', 'class': None, 'width': '', 'height': ''}]",645,the_shift,home_page
88,55,67,11,9,6,30,44,7322,1173,16,1,"[{'src': 'https://19c7a0b6e74e380fdf5d562fe9e8275f.safeframe.googlesyndication.com/safeframe/1-0-45/html/container.html', 'title': '3rd party ad content', 'id': 'google_ads_iframe_/162717810,22769416952/theshiftnews.com/interstitial_0', 'class': None, 'width': '', 'height': ''}]",646,the_shift,home_page
88,55,67,11,9,6,30,44,7322,1173,16,1,"[{'src': 'https://19c7a0b6e74e380fdf5d562fe9e8275f.safeframe.googlesyndication.com/safeframe/1-0-45/html/container.html', 'title': '3rd party ad content', 'id': 'google_ads_iframe_/162717810,22769416952/theshiftnews.com/interstitial_0', 'class': None, 'width': '', 'height': ''}]",647,the_shift,home_page
88,55,67,11,9,6,30,44,7322,1173,16,1,"[{'src': 'https://19c7a0b6e74e380fdf5d562fe9e8275f.safeframe.googlesyndication.com/safeframe/1-0-45/html/container.html', 'title': '3rd party ad content', 'id': 'google_ads_iframe_/162717810,22769416952/theshiftnews.com/interstitial_0', 'class': None, 'width': '', 'height': ''}]",648,the_shift,home_page
88,55,67,11,9,6,30,44,7322,1173,16,1,"[{'src': 'https://19c7a0b6e74e380fdf5d562fe9e8275f.safeframe.googlesyndication.com/safeframe/1-0-45/html/container.html', 'title': '3rd party ad content', 'id': 'google_ads_iframe_/162717810,22769416952/theshiftnews.com/interstitial_0', 'class': None, 'width': '', 'height': ''}]",649,the_shift,home_page
88,55,67,11,9,6,30,44,7322,1173,16,1,"[{'src': 'https://19c7a0b6e74e380fdf5d562fe9e8275f.safeframe.googlesyndication.com/safeframe/1-0-45/html/container.html', 'title': '3rd party ad content', 'id': 'google_ads_iframe_/162717810,22769416952/theshiftnews.com/interstitial_0', 'class': None, 'width': '', 'height': ''}]",650,the_shift,home_page
88,55,67,11,9,6,30,44,7322,1173,16,1,"[{'src': 'https://19c7a0b6e74e380fdf5d562fe9e8275f.safeframe.googlesyndication.com/safeframe/1-0-45/html/container.html', 'title': '3rd party ad content', 'id': 'google_ads_iframe_/162717810,22769416952/theshiftnews.com/interstitial_0', 'class': None, 'width': '', 'height': ''}]",651,the_shift,home_page
88,55,67,11,9,6,30,44,7322,1173,16,1,"[{'src': 'https://19c7a0b6e74e380fdf5d562fe9e8275f.safeframe.googlesyndication.com/safeframe/1-0-45/html/container.html', 'title': '3rd party ad content', 'id': 'google_ads_iframe_/162717810,22769416952/theshiftnews.com/interstitial_0', 'class': None, 'width': '', 'height': ''}]",652,the_shift,home_page
88,55,67,11,9,6,30,44,7322,1173,16,1,"[{'src': 'https://19c7a0b6e74e380fdf5d562fe9e8275f.safeframe.googlesyndication.com/safeframe/1-0-45/html/container.html', 'title': '3rd party ad content', 'id': 'google_ads_iframe_/162717810,22769416952/theshiftnews.com/interstitial_0', 'class': None, 'width': '', 'height': ''}]",653,the_shift,home_page
88,55,67,11,9,6,30,44,7322,1173,16,1,"[{'src': 'https://19c7a0b6e74e380fdf5d562fe9e8275f.safeframe.googlesyndication.com/safeframe/1-0-45/html/container.html', 'title': '3rd party ad content', 'id': 'google_ads_iframe_/162717810,22769416952/theshiftnews.com/interstitial_0', 'class': None, 'width': '', 'height': ''}]",654,the_shift,home_page
88,55,67,11,9,6,30,44,7322,1173,16,1,"[{'src': 'https://19c7a0b6e74e380fdf5d562fe9e8275f.safeframe.googlesyndication.com/safeframe/1-0-45/html/container.html', 'title': '3rd party ad content', 'id': 'google_ads_iframe_/162717810,22769416952/theshiftnews.com/interstitial_0', 'class': None, 'width': '', 'height': ''}]",655,the_shift,home_page
88,55,67,11,9,6,30,44,7322,1173,16,1,"[{'src': 'https://19c7a0b6e74e380fdf5d562fe9e8275f.safeframe.googlesyndication.com/safeframe/1-0-45/html/container.html', 'title': '3rd party ad content', 'id': 'google_ads_iframe_/162717810,22769416952/theshiftnews.com/interstitial_0', 'class': None, 'width': '', 'height': ''}]",656,the_shift,home_page
88,55,67,11,9,6,30,44,7322,1173,16,1,"[{'src': 'https://19c7a0b6e74e380fdf5d562fe9e8275f.safeframe.googlesyndication.com/safeframe/1-0-45/html/container.html', 'title': '3rd party ad content', 'id': 'google_ads_iframe_/162717810,22769416952/theshiftnews.com/interstitial_0', 'class': None, 'width': '', 'height': ''}]",657,the_shift,home_page
88,55,67,11,9,6,30,44,7322,1173,16,1,"[{'src': 'https://19c7a0b6e74e380fdf5d562fe9e8275f.safeframe.googlesyndication.com/safeframe/1-0-45/html/container.html', 'title': '3rd party ad content', 'id': 'google_ads_iframe_/162717810,22769416952/theshiftnews.com/interstitial_0', 'class': None, 'width': '', 'height': ''}]",658,the_shift,home_page
88,55,67,11,9,6,30,44,7322,1173,16,1,"[{'src': 'https://19c7a0b6e74e380fdf5d562fe9e8275f.safeframe.googlesyndication.com/safeframe/1-0-45/html/container.html', 'title': '3rd party ad content', 'id': 'google_ads_iframe_/162717810,22769416952/theshiftnews.com/interstitial_0', 'class': None, 'width': '', 'height': ''}]",659,the_shift,home_page
88,55,67,11,9,6,30,44,7322,1173,16,1,"[{'src': 'https://19c7a0b6e74e380fdf5d562fe9e8275f.safeframe.googlesyndication.com/safeframe/1-0-45/html/container.html', 'title': '3rd party ad content', 'id': 'google_ads_iframe_/162717810,22769416952/theshiftnews.com/interstitial_0', 'class': None, 'width': '', 'height': ''}]",660,the_shift,home_page
88,55,67,11,9,6,30,44,7322,1173,16,1,"[{'src': 'https://19c7a0b6e74e380fdf5d562fe9e8275f.safeframe.googlesyndication.com/safeframe/1-0-45/html/container.html', 'title': '3rd party ad content', 'id': 'google_ads_iframe_/162717810,22769416952/theshiftnews.com/interstitial_0', 'class': None, 'width': '', 'height': ''}]",661,the_shift,home_page
88,55,67,11,9,6,30,44,7322,1173,16,1,"[{'src': 'https://19c7a0b6e74e380fdf5d562fe9e8275f.safeframe.googlesyndication.com/safeframe/1-0-45/html/container.html', 'title': '3rd party ad content', 'id': 'google_ads_iframe_/162717810,22769416952/theshiftnews.com/interstitial_0', 'class': None, 'width': '', 'height': ''}]",662,the_shift,home_page
88,55,67,11,9,6,30,44,7322,1173,16,1,"[{'src': 'https://19c7a0b6e74e380fdf5d562fe9e8275f.safeframe.googlesyndication.com/safeframe/1-0-45/html/container.html', 'title': '3rd party ad content', 'id': 'google_ads_iframe_/162717810,22769416952/theshiftnews.com/interstitial_0', 'class': None, 'width': '', 'height': ''}]",663,the_shift,home_page
88,55,67,11,9,6,30,44,7322,1173,16,1,"[{'src': 'https://19c7a0b6e74e380fdf5d562fe9e8275f.safeframe.googlesyndication.com/safeframe/1-0-45/html/container.html', 'title': '3rd party ad content', 'id': 'google_ads_iframe_/162717810,22769416952/theshiftnews.com/interstitial_0', 'class': None, 'width': '', 'height': ''}]",664,the_shift,home_page
88,55,67,11,9,6,30,44,7322,1173,16,1,"[{'src': 'https://19c7a0b6e74e380fdf5d562fe9e8275f.safeframe.googlesyndication.com/safeframe/1-0-45/html/container.html', 'title': '3rd party ad content', 'id': 'google_ads_iframe_/162717810,22769416952/theshiftnews.com/interstitial_0', 'class': None, 'width': '', 'height': ''}]",665,the_shift,home_page
88,55,67,11,9,6,30,44,7322,1173,16,1,"[{'src': 'https://19c7a0b6e74e380fdf5d562fe9e8275f.safeframe.googlesyndication.com/safeframe/1-0-45/html/container.html', 'title': '3rd party ad content', 'id': 'google_ads_iframe_/162717810,22769416952/theshiftnews.com/interstitial_0', 'class': None, 'width': '', 'height': ''}]",666,the_shift,home_page
181,62,36,10,1,2,33,34,6297,1014,14,2,"[{'src': None, 'title': '3rd party ad content', 'id': 'google_ads_iframe_/162717810,22769416952/theshiftnews.com/header_0', 'class': None, 'width': '970', 'height': '250'}, {'src': 'https://63e0f9fa73f9f7c634af9152bbd562a7.safeframe.googlesyndication.com/safeframe/1-0-45/html/container.html', 'title': '3rd party ad content', 'id': 'google_ads_iframe_/162717810,22769416952/theshiftnews.com/interstitial_0', 'class': None, 'width': '', 'height': ''}]",667,the_shift,news_listing
181,62,36,10,1,2,33,34,6297,1014,14,2,"[{'src': None, 'title': '3rd party ad content', 'id': 'google_ads_iframe_/162717810,22769416952/theshiftnews.com/header_0', 'class': None, 'width': '970', 'height': '250'}, {'src': 'https://63e0f9fa73f9f7c634af9152bbd562a7.safeframe.googlesyndication.com/safeframe/1-0-45/html/container.html', 'title': '3rd party ad content', 'id': 'google_ads_iframe_/162717810,22769416952/theshiftnews.com/interstitial_0', 'class': None, 'width': '', 'height': ''}]",668,the_shift,news_listing
181,62,36,10,1,2,33,34,6297,1014,14,2,"[{'src': None, 'title': '3rd party ad content', 'id': 'google_ads_iframe_/162717810,22769416952/theshiftnews.com/header_0', 'class': None, 'width': '970', 'height': '250'}, {'src': 'https://63e0f9fa73f9f7c634af9152bbd562a7.safeframe.googlesyndication.com/safeframe/1-0-45/html/container.html', 'title': '3rd party ad content', 'id': 'google_ads_iframe_/162717810,22769416952/theshiftnews.com/interstitial_0', 'class': None, 'width': '', 'height': ''}]",669,the_shift,news_listing
181,62,36,10,1,2,33,34,6297,1014,14,2,"[{'src': None, 'title': '3rd party ad content', 'id': 'google_ads_iframe_/162717810,22769416952/theshiftnews.com/header_0', 'class': None, 'width': '970', 'height': '250'}, {'src': 'https://63e0f9fa73f9f7c634af9152bbd562a7.safeframe.googlesyndication.com/safeframe/1-0-45/html/container.html', 'title': '3rd party ad content', 'id': 'google_ads_iframe_/162717810,22769416952/theshiftnews.com/interstitial_0', 'class': None, 'width': '', 'height': ''}]",670,the_shift,news_listing
181,62,36,10,1,2,33,34,6297,1014,14,2,"[{'src': None, 'title': '3rd party ad content', 'id': 'google_ads_iframe_/162717810,22769416952/theshiftnews.com/header_0', 'class': None, 'width': '970', 'height': '250'}, {'src': 'https://63e0f9fa73f9f7c634af9152bbd562a7.safeframe.googlesyndication.com/safeframe/1-0-45/html/container.html', 'title': '3rd party ad content', 'id': 'google_ads_iframe_/162717810,22769416952/theshiftnews.com/interstitial_0', 'class': None, 'width': '', 'height': ''}]",671,the_shift,news_listing
181,62,36,10,1,2,33,34,6297,1014,14,2,"[{'src': None, 'title': '3rd party ad content', 'id': 'google_ads_iframe_/162717810,22769416952/theshiftnews.com/header_0', 'class': None, 'width': '970', 'height': '250'}, {'src': 'https://63e0f9fa73f9f7c634af9152bbd562a7.safeframe.googlesyndication.com/safeframe/1-0-45/html/container.html', 'title': '3rd party ad content', 'id': 'google_ads_iframe_/162717810,22769416952/theshiftnews.com/interstitial_0', 'class': None, 'width': '', 'height': ''}]",672,the_shift,news_listing
181,62,36,10,1,2,33,34,6297,1014,14,2,"[{'src': None, 'title': '3rd party ad content', 'id': 'google_ads_iframe_/162717810,22769416952/theshiftnews.com/header_0', 'class': None, 'width': '970', 'height': '250'}, {'src': 'https://63e0f9fa73f9f7c634af9152bbd562a7.safeframe.googlesyndication.com/safeframe/1-0-45/html/container.html', 'title': '3rd party ad content', 'id': 'google_ads_iframe_/162717810,22769416952/theshiftnews.com/interstitial_0', 'class': None, 'width': '', 'height': ''}]",673,the_shift,news_listing
181,62,36,10,1,2,33,34,6297,1014,14,2,"[{'src': None, 'title': '3rd party ad content', 'id': 'google_ads_iframe_/162717810,22769416952/theshiftnews.com/header_0', 'class': None, 'width': '970', 'height': '250'}, {'src': 'https://63e0f9fa73f9f7c634af9152bbd562a7.safeframe.googlesyndication.com/safeframe/1-0-45/html/container.html', 'title': '3rd party ad content', 'id': 'google_ads_iframe_/162717810,22769416952/theshiftnews.com/interstitial_0', 'class': None, 'width': '', 'height': ''}]",674,the_shift,news_listing
195,63,36,10,1,2,33,34,6411,1004,14,2,"[{'src': 'https://7d33063009b60dc492c64acc7c11aa6d.safeframe.googlesyndication.com/safeframe/1-0-45/html/container.html', 'title': '3rd party ad content', 'id': 'google_ads_iframe_/162717810,22769416952/theshiftnews.com/header_0', 'class': None, 'width': '970', 'height': '250'}, {'src': 'https://7d33063009b60dc492c64acc7c11aa6d.safeframe.googlesyndication.com/safeframe/1-0-45/html/container.html', 'title': '3rd party ad content', 'id': 'google_ads_iframe_/162717810,22769416952/theshiftnews.com/interstitial_0', 'class': None, 'width': '', 'height': ''}]",675,the_shift,news_listing
195,63,36,10,1,2,33,34,6411,1004,14,2,"[{'src': 'https://7d33063009b60dc492c64acc7c11aa6d.safeframe.googlesyndication.com/safeframe/1-0-45/html/container.html', 'title': '3rd party ad content', 'id': 'google_ads_iframe_/162717810,22769416952/theshiftnews.com/header_0', 'class': None, 'width': '970', 'height': '250'}, {'src': 'https://7d33063009b60dc492c64acc7c11aa6d.safeframe.googlesyndication.com/safeframe/1-0-45/html/container.html', 'title': '3rd party ad content', 'id': 'google_ads_iframe_/162717810,22769416952/theshiftnews.com/interstitial_0', 'class': None, 'width': '', 'height': ''}]",676,the_shift,news_listing
195,63,36,10,1,2,33,34,6411,1004,14,2,"[{'src': 'https://7d33063009b60dc492c64acc7c11aa6d.safeframe.googlesyndication.com/safeframe/1-0-45/html/container.html', 'title': '3rd party ad content', 'id': 'google_ads_iframe_/162717810,22769416952/theshiftnews.com/header_0', 'class': None, 'width': '970', 'height': '250'}, {'src': 'https://7d33063009b60dc492c64acc7c11aa6d.safeframe.googlesyndication.com/safeframe/1-0-45/html/container.html', 'title': '3rd party ad content', 'id': 'google_ads_iframe_/162717810,22769416952/theshiftnews.com/interstitial_0', 'class': None, 'width': '', 'height': ''}]",677,the_shift,news_listing
195,63,36,10,1,2,33,34,6411,1004,14,2,"[{'src': 'https://7d33063009b60dc492c64acc7c11aa6d.safeframe.googlesyndication.com/safeframe/1-0-45/html/container.html', 'title': '3rd party ad content', 'id': 'google_ads_iframe_/162717810,22769416952/theshiftnews.com/header_0', 'class': None, 'width': '970', 'height': '250'}, {'src': 'https://7d33063009b60dc492c64acc7c11aa6d.safeframe.googlesyndication.com/safeframe/1-0-45/html/container.html', 'title': '3rd party ad content', 'id': 'google_ads_iframe_/162717810,22769416952/theshiftnews.com/interstitial_0', 'class': None, 'width': '', 'height': ''}]",678,the_shift,news_listing
195,63,36,10,1,2,33,34,6411,1004,14,2,"[{'src': 'https://7d33063009b60dc492c64acc7c11aa6d.safeframe.googlesyndication.com/safeframe/1-0-45/html/container.html', 'title': '3rd party ad content', 'id': 'google_ads_iframe_/162717810,22769416952/theshiftnews.com/header_0', 'class': None, 'width': '970', 'height': '250'}, {'src': 'https://7d33063009b60dc492c64acc7c11aa6d.safeframe.googlesyndication.com/safeframe/1-0-45/html/container.html', 'title': '3rd party ad content', 'id': 'google_ads_iframe_/162717810,22769416952/theshiftnews.com/interstitial_0', 'class': None, 'width': '', 'height': ''}]",679,the_shift,news_listing
195,63,36,10,1,2,33,34,6411,1004,14,2,"[{'src': 'https://7d33063009b60dc492c64acc7c11aa6d.safeframe.googlesyndication.com/safeframe/1-0-45/html/container.html', 'title': '3rd party ad content', 'id': 'google_ads_iframe_/162717810,22769416952/theshiftnews.com/header_0', 'class': None, 'width': '970', 'height': '250'}, {'src': 'https://7d33063009b60dc492c64acc7c11aa6d.safeframe.googlesyndication.com/safeframe/1-0-45/html/container.html', 'title': '3rd party ad content', 'id': 'google_ads_iframe_/162717810,22769416952/theshiftnews.com/interstitial_0', 'class': None, 'width': '', 'height': ''}]",680,the_shift,news_listing
195,63,36,10,1,2,33,34,6411,1004,14,2,"[{'src': 'https://7d33063009b60dc492c64acc7c11aa6d.safeframe.googlesyndication.com/safeframe/1-0-45/html/container.html', 'title': '3rd party ad content', 'id': 'google_ads_iframe_/162717810,22769416952/theshiftnews.com/header_0', 'class': None, 'width': '970', 'height': '250'}, {'src': 'https://7d33063009b60dc492c64acc7c11aa6d.safeframe.googlesyndication.com/safeframe/1-0-45/html/container.html', 'title': '3rd party ad content', 'id': 'google_ads_iframe_/162717810,22769416952/theshiftnews.com/interstitial_0', 'class': None, 'width': '', 'height': ''}]",681,the_shift,news_listing
200,63,36,10,1,2,33,34,6612,1029,14,2,"[{'src': None, 'title': '3rd party ad content', 'id': 'google_ads_iframe_/162717810,22769416952/theshiftnews.com/header_0', 'class': None, 'width': '970', 'height': '250'}, {'src': 'https://c60b0bb264f76d9fbc25c63506fccef8.safeframe.googlesyndication.com/safeframe/1-0-45/html/container.html', 'title': '3rd party ad content', 'id': 'google_ads_iframe_/162717810,22769416952/theshiftnews.com/interstitial_0', 'class': None, 'width': '', 'height': ''}]",682,the_shift,news_listing
200,63,36,10,1,2,33,34,6612,1029,14,2,"[{'src': None, 'title': '3rd party ad content', 'id': 'google_ads_iframe_/162717810,22769416952/theshiftnews.com/header_0', 'class': None, 'width': '970', 'height': '250'}, {'src': 'https://c60b0bb264f76d9fbc25c63506fccef8.safeframe.googlesyndication.com/safeframe/1-0-45/html/container.html', 'title': '3rd party ad content', 'id': 'google_ads_iframe_/162717810,22769416952/theshiftnews.com/interstitial_0', 'class': None, 'width': '', 'height': ''}]",683,the_shift,news_listing
200,63,36,10,1,2,33,34,6612,1029,14,2,"[{'src': None, 'title': '3rd party ad content', 'id': 'google_ads_iframe_/162717810,22769416952/theshiftnews.com/header_0', 'class': None, 'width': '970', 'height': '250'}, {'src': 'https://c60b0bb264f76d9fbc25c63506fccef8.safeframe.googlesyndication.com/safeframe/1-0-45/html/container.html', 'title': '3rd party ad content', 'id': 'google_ads_iframe_/162717810,22769416952/theshiftnews.com/interstitial_0', 'class': None, 'width': '', 'height': ''}]",684,the_shift,news_listing
200,63,36,10,1,2,33,34,6612,1029,14,2,"[{'src': None, 'title': '3rd party ad content', 'id': 'google_ads_iframe_/162717810,22769416952/theshiftnews.com/header_0', 'class': None, 'width': '970', 'height': '250'}, {'src': 'https://c60b0bb264f76d9fbc25c63506fccef8.safeframe.googlesyndication.com/safeframe/1-0-45/html/container.html', 'title': '3rd party ad content', 'id': 'google_ads_iframe_/162717810,22769416952/theshiftnews.com/interstitial_0', 'class': None, 'width': '', 'height': ''}]",685,the_shift,news_listing
200,63,36,10,1,2,33,34,6612,1029,14,2,"[{'src': None, 'title': '3rd party ad content', 'id': 'google_ads_iframe_/162717810,22769416952/theshiftnews.com/header_0', 'class': None, 'width': '970', 'height': '250'}, {'src': 'https://c60b0bb264f76d9fbc25c63506fccef8.safeframe.googlesyndication.com/safeframe/1-0-45/html/container.html', 'title': '3rd party ad content', 'id': 'google_ads_iframe_/162717810,22769416952/theshiftnews.com/interstitial_0', 'class': None, 'width': '', 'height': ''}]",686,the_shift,news_listing
200,63,36,10,1,2,33,34,6612,1029,14,2,"[{'src': None, 'title': '3rd party ad content', 'id': 'google_ads_iframe_/162717810,22769416952/theshiftnews.com/header_0', 'class': None, 'width': '970', 'height': '250'}, {'src': 'https://c60b0bb264f76d9fbc25c63506fccef8.safeframe.googlesyndication.com/safeframe/1-0-45/html/container.html', 'title': '3rd party ad content', 'id': 'google_ads_iframe_/162717810,22769416952/theshiftnews.com/interstitial_0', 'class': None, 'width': '', 'height': ''}]",687,the_shift,news_listing
200,63,36,10,1,2,33,34,6612,1029,14,2,"[{'src': None, 'title': '3rd party ad content', 'id': 'google_ads_iframe_/162717810,22769416952/theshiftnews.com/header_0', 'class': None, 'width': '970', 'height': '250'}, {'src': 'https://c60b0bb264f76d9fbc25c63506fccef8.safeframe.googlesyndication.com/safeframe/1-0-45/html/container.html', 'title': '3rd party ad content', 'id': 'google_ads_iframe_/162717810,22769416952/theshiftnews.com/interstitial_0', 'class': None, 'width': '', 'height': ''}]",688,the_shift,news_listing
195,63,36,10,1,2,33,34,6680,1058,14,2,"[{'src': None, 'title': '3rd party ad content', 'id': 'google_ads_iframe_/162717810,22769416952/theshiftnews.com/header_0', 'class': None, 'width': '970', 'height': '250'}, {'src': 'https://697d6842372581c3e82ef01a8684337c.safeframe.googlesyndication.com/safeframe/1-0-45/html/container.html', 'title': '3rd party ad content', 'id': 'google_ads_iframe_/162717810,22769416952/theshiftnews.com/interstitial_0', 'class': None, 'width': '', 'height': ''}]",689,the_shift,news_listing
195,63,36,10,1,2,33,34,6680,1058,14,2,"[{'src': None, 'title': '3rd party ad content', 'id': 'google_ads_iframe_/162717810,22769416952/theshiftnews.com/header_0', 'class': None, 'width': '970', 'height': '250'}, {'src': 'https://697d6842372581c3e82ef01a8684337c.safeframe.googlesyndication.com/safeframe/1-0-45/html/container.html', 'title': '3rd party ad content', 'id': 'google_ads_iframe_/162717810,22769416952/theshiftnews.com/interstitial_0', 'class': None, 'width': '', 'height': ''}]",690,the_shift,news_listing
195,63,36,10,1,2,33,34,6680,1058,14,2,"[{'src': None, 'title': '3rd party ad content', 'id': 'google_ads_iframe_/162717810,22769416952/theshiftnews.com/header_0', 'class': None, 'width': '970', 'height': '250'}, {'src': 'https://697d6842372581c3e82ef01a8684337c.safeframe.googlesyndication.com/safeframe/1-0-45/html/container.html', 'title': '3rd party ad content', 'id': 'google_ads_iframe_/162717810,22769416952/theshiftnews.com/interstitial_0', 'class': None, 'width': '', 'height': ''}]",691,the_shift,news_listing
195,63,36,10,1,2,33,34,6680,1058,14,2,"[{'src': None, 'title': '3rd party ad content', 'id': 'google_ads_iframe_/162717810,22769416952/theshiftnews.com/header_0', 'class': None, 'width': '970', 'height': '250'}, {'src': 'https://697d6842372581c3e82ef01a8684337c.safeframe.googlesyndication.com/safeframe/1-0-45/html/container.html', 'title': '3rd party ad content', 'id': 'google_ads_iframe_/162717810,22769416952/theshiftnews.com/interstitial_0', 'class': None, 'width': '', 'height': ''}]",692,the_shift,news_listing
195,63,36,10,1,2,33,34,6680,1058,14,2,"[{'src': None, 'title': '3rd party ad content', 'id': 'google_ads_iframe_/162717810,22769416952/theshiftnews.com/header_0', 'class': None, 'width': '970', 'height': '250'}, {'src': 'https://697d6842372581c3e82ef01a8684337c.safeframe.googlesyndication.com/safeframe/1-0-45/html/container.html', 'title': '3rd party ad content', 'id': 'google_ads_iframe_/162717810,22769416952/theshiftnews.com/interstitial_0', 'class': None, 'width': '', 'height': ''}]",693,the_shift,news_listing
195,63,36,10,1,2,33,34,6680,1058,14,2,"[{'src': None, 'title': '3rd party ad content', 'id': 'google_ads_iframe_/162717810,22769416952/theshiftnews.com/header_0', 'class': None, 'width': '970', 'height': '250'}, {'src': 'https://697d6842372581c3e82ef01a8684337c.safeframe.googlesyndication.com/safeframe/1-0-45/html/container.html', 'title': '3rd party ad content', 'id': 'google_ads_iframe_/162717810,22769416952/theshiftnews.com/interstitial_0', 'class': None, 'width': '', 'height': ''}]",694,the_shift,news_listing
195,63,36,10,1,2,33,34,6680,1058,14,2,"[{'src': None, 'title': '3rd party ad content', 'id': 'google_ads_iframe_/162717810,22769416952/theshiftnews.com/header_0', 'class': None, 'width': '970', 'height': '250'}, {'src': 'https://697d6842372581c3e82ef01a8684337c.safeframe.googlesyndication.com/safeframe/1-0-45/html/container.html', 'title': '3rd party ad content', 'id': 'google_ads_iframe_/162717810,22769416952/theshiftnews.com/interstitial_0', 'class': None, 'width': '', 'height': ''}]",695,the_shift,news_listing
195,63,36,10,1,2,33,34,6680,1058,14,2,"[{'src': None, 'title': '3rd party ad content', 'id': 'google_ads_iframe_/162717810,22769416952/theshiftnews.com/header_0', 'class': None, 'width': '970', 'height': '250'}, {'src': 'https://697d6842372581c3e82ef01a8684337c.safeframe.googlesyndication.com/safeframe/1-0-45/html/container.html', 'title': '3rd party ad content', 'id': 'google_ads_iframe_/162717810,22769416952/theshiftnews.com/interstitial_0', 'class': None, 'width': '', 'height': ''}]",696,the_shift,news_listing
185,63,33,7,1,2,33,34,6503,1035,14,2,"[{'src': 'https://7176179830d0ee3cb49abe4c11cd383f.safeframe.googlesyndication.com/safeframe/1-0-45/html/container.html', 'title': '3rd party ad content', 'id': 'google_ads_iframe_/162717810,22769416952/theshiftnews.com/header_0', 'class': None, 'width': '970', 'height': '250'}, {'src': 'https://7176179830d0ee3cb49abe4c11cd383f.safeframe.googlesyndication.com/safeframe/1-0-45/html/container.html', 'title': '3rd party ad content', 'id': 'google_ads_iframe_/162717810,22769416952/theshiftnews.com/interstitial_0', 'class': None, 'width': '', 'height': ''}]",697,the_shift,news_listing
185,63,33,7,1,2,33,34,6503,1035,14,2,"[{'src': 'https://7176179830d0ee3cb49abe4c11cd383f.safeframe.googlesyndication.com/safeframe/1-0-45/html/container.html', 'title': '3rd party ad content', 'id': 'google_ads_iframe_/162717810,22769416952/theshiftnews.com/header_0', 'class': None, 'width': '970', 'height': '250'}, {'src': 'https://7176179830d0ee3cb49abe4c11cd383f.safeframe.googlesyndication.com/safeframe/1-0-45/html/container.html', 'title': '3rd party ad content', 'id': 'google_ads_iframe_/162717810,22769416952/theshiftnews.com/interstitial_0', 'class': None, 'width': '', 'height': ''}]",698,the_shift,news_listing
185,63,33,7,1,2,33,34,6503,1035,14,2,"[{'src': 'https://7176179830d0ee3cb49abe4c11cd383f.safeframe.googlesyndication.com/safeframe/1-0-45/html/container.html', 'title': '3rd party ad content', 'id': 'google_ads_iframe_/162717810,22769416952/theshiftnews.com/header_0', 'class': None, 'width': '970', 'height': '250'}, {'src': 'https://7176179830d0ee3cb49abe4c11cd383f.safeframe.googlesyndication.com/safeframe/1-0-45/html/container.html', 'title': '3rd party ad content', 'id': 'google_ads_iframe_/162717810,22769416952/theshiftnews.com/interstitial_0', 'class': None, 'width': '', 'height': ''}]",699,the_shift,news_listing
185,63,33,7,1,2,33,34,6503,1035,14,2,"[{'src': 'https://7176179830d0ee3cb49abe4c11cd383f.safeframe.googlesyndication.com/safeframe/1-0-45/html/container.html', 'title': '3rd party ad content', 'id': 'google_ads_iframe_/162717810,22769416952/theshiftnews.com/header_0', 'class': None, 'width': '970', 'height': '250'}, {'src': 'https://7176179830d0ee3cb49abe4c11cd383f.safeframe.googlesyndication.com/safeframe/1-0-45/html/container.html', 'title': '3rd party ad content', 'id': 'google_ads_iframe_/162717810,22769416952/theshiftnews.com/interstitial_0', 'class': None, 'width': '', 'height': ''}]",700,the_shift,news_listing
185,63,33,7,1,2,33,34,6503,1035,14,2,"[{'src': 'https://7176179830d0ee3cb49abe4c11cd383f.safeframe.googlesyndication.com/safeframe/1-0-45/html/container.html', 'title': '3rd party ad content', 'id': 'google_ads_iframe_/162717810,22769416952/theshiftnews.com/header_0', 'class': None, 'width': '970', 'height': '250'}, {'src': 'https://7176179830d0ee3cb49abe4c11cd383f.safeframe.googlesyndication.com/safeframe/1-0-45/html/container.html', 'title': '3rd party ad content', 'id': 'google_ads_iframe_/162717810,22769416952/theshiftnews.com/interstitial_0', 'class': None, 'width': '', 'height': ''}]",701,the_shift,news_listing
185,63,33,7,1,2,33,34,6503,1035,14,2,"[{'src': 'https://7176179830d0ee3cb49abe4c11cd383f.safeframe.googlesyndication.com/safeframe/1-0-45/html/container.html', 'title': '3rd party ad content', 'id': 'google_ads_iframe_/162717810,22769416952/theshiftnews.com/header_0', 'class': None, 'width': '970', 'height': '250'}, {'src': 'https://7176179830d0ee3cb49abe4c11cd383f.safeframe.googlesyndication.com/safeframe/1-0-45/html/container.html', 'title': '3rd party ad content', 'id': 'google_ads_iframe_/162717810,22769416952/theshiftnews.com/interstitial_0', 'class': None, 'width': '', 'height': ''}]",702,the_shift,news_listing
185,63,33,7,1,2,33,34,6503,1035,14,2,"[{'src': 'https://7176179830d0ee3cb49abe4c11cd383f.safeframe.googlesyndication.com/safeframe/1-0-45/html/container.html', 'title': '3rd party ad content', 'id': 'google_ads_iframe_/162717810,22769416952/theshiftnews.com/header_0', 'class': None, 'width': '970', 'height': '250'}, {'src': 'https://7176179830d0ee3cb49abe4c11cd383f.safeframe.googlesyndication.com/safeframe/1-0-45/html/container.html', 'title': '3rd party ad content', 'id': 'google_ads_iframe_/162717810,22769416952/theshiftnews.com/interstitial_0', 'class': None, 'width': '', 'height': ''}]",703,the_shift,news_listing
185,63,43,10,1,2,33,34,6191,1009,14,1,"[{'src': None, 'title': '3rd party ad content', 'id': 'google_ads_iframe_/162717810,22769416952/theshiftnews.com/header_0', 'class': None, 'width': '970', 'height': '250'}]",704,the_shift,news_listing
185,63,43,10,1,2,33,34,6191,1009,14,1,"[{'src': None, 'title': '3rd party ad content', 'id': 'google_ads_iframe_/162717810,22769416952/theshiftnews.com/header_0', 'class': None, 'width': '970', 'height': '250'}]",705,the_shift,news_listing
185,63,43,10,1,2,33,34,6191,1009,14,1,"[{'src': None, 'title': '3rd party ad content', 'id': 'google_ads_iframe_/162717810,22769416952/theshiftnews.com/header_0', 'class': None, 'width': '970', 'height': '250'}]",706,the_shift,news_listing
185,63,43,10,1,2,33,34,6191,1009,14,1,"[{'src': None, 'title': '3rd party ad content', 'id': 'google_ads_iframe_/162717810,22769416952/theshiftnews.com/header_0', 'class': None, 'width': '970', 'height': '250'}]",707,the_shift,news_listing
185,63,43,10,1,2,33,34,6191,1009,14,1,"[{'src': None, 'title': '3rd party ad content', 'id': 'google_ads_iframe_/162717810,22769416952/theshiftnews.com/header_0', 'class': None, 'width': '970', 'height': '250'}]",708,the_shift,news_listing
185,63,43,10,1,2,33,34,6191,1009,14,1,"[{'src': None, 'title': '3rd party ad content', 'id': 'google_ads_iframe_/162717810,22769416952/theshiftnews.com/header_0', 'class': None, 'width': '970', 'height': '250'}]",709,the_shift,news_listing
187,63,36,10,1,2,33,34,6560,1036,14,2,"[{'src': None, 'title': '3rd party ad content', 'id': 'google_ads_iframe_/162717810,22769416952/theshiftnews.com/header_0', 'class': None, 'width': '970', 'height': '250'}, {'src': 'https://7b4c171b945a08883e1b014afebce856.safeframe.googlesyndication.com/safeframe/1-0-45/html/container.html', 'title': '3rd party ad content', 'id': 'google_ads_iframe_/162717810,22769416952/theshiftnews.com/interstitial_0', 'class': None, 'width': '', 'height': ''}]",710,the_shift,news_listing
187,63,36,10,1,2,33,34,6560,1036,14,2,"[{'src': None, 'title': '3rd party ad content', 'id': 'google_ads_iframe_/162717810,22769416952/theshiftnews.com/header_0', 'class': None, 'width': '970', 'height': '250'}, {'src': 'https://7b4c171b945a08883e1b014afebce856.safeframe.googlesyndication.com/safeframe/1-0-45/html/container.html', 'title': '3rd party ad content', 'id': 'google_ads_iframe_/162717810,22769416952/theshiftnews.com/interstitial_0', 'class': None, 'width': '', 'height': ''}]",711,the_shift,news_listing
187,63,36,10,1,2,33,34,6560,1036,14,2,"[{'src': None, 'title': '3rd party ad content', 'id': 'google_ads_iframe_/162717810,22769416952/theshiftnews.com/header_0', 'class': None, 'width': '970', 'height': '250'}, {'src': 'https://7b4c171b945a08883e1b014afebce856.safeframe.googlesyndication.com/safeframe/1-0-45/html/container.html', 'title': '3rd party ad content', 'id': 'google_ads_iframe_/162717810,22769416952/theshiftnews.com/interstitial_0', 'class': None, 'width': '', 'height': ''}]",712,the_shift,news_listing
187,63,36,10,1,2,33,34,6560,1036,14,2,"[{'src': None, 'title': '3rd party ad content', 'id': 'google_ads_iframe_/162717810,22769416952/theshiftnews.com/header_0', 'class': None, 'width': '970', 'height': '250'}, {'src': 'https://7b4c171b945a08883e1b014afebce856.safeframe.googlesyndication.com/safeframe/1-0-45/html/container.html', 'title': '3rd party ad content', 'id': 'google_ads_iframe_/162717810,22769416952/theshiftnews.com/interstitial_0', 'class': None, 'width': '', 'height': ''}]",713,the_shift,news_listing
187,63,36,10,1,2,33,34,6560,1036,14,2,"[{'src': None, 'title': '3rd party ad content', 'id': 'google_ads_iframe_/162717810,22769416952/theshiftnews.com/header_0', 'class': None, 'width': '970', 'height': '250'}, {'src': 'https://7b4c171b945a08883e1b014afebce856.safeframe.googlesyndication.com/safeframe/1-0-45/html/container.html', 'title': '3rd party ad content', 'id': 'google_ads_iframe_/162717810,22769416952/theshiftnews.com/interstitial_0', 'class': None, 'width': '', 'height': ''}]",714,the_shift,news_listing
187,63,36,10,1,2,33,34,6560,1036,14,2,"[{'src': None, 'title': '3rd party ad content', 'id': 'google_ads_iframe_/162717810,22769416952/theshiftnews.com/header_0', 'class': None, 'width': '970', 'height': '250'}, {'src': 'https://7b4c171b945a08883e1b014afebce856.safeframe.googlesyndication.com/safeframe/1-0-45/html/container.html', 'title': '3rd party ad content', 'id': 'google_ads_iframe_/162717810,22769416952/theshiftnews.com/interstitial_0', 'class': None, 'width': '', 'height': ''}]",715,the_shift,news_listing
187,63,36,10,1,2,33,34,6560,1036,14,2,"[{'src': None, 'title': '3rd party ad content', 'id': 'google_ads_iframe_/162717810,22769416952/theshiftnews.com/header_0', 'class': None, 'width': '970', 'height': '250'}, {'src': 'https://7b4c171b945a08883e1b014afebce856.safeframe.googlesyndication.com/safeframe/1-0-45/html/container.html', 'title': '3rd party ad content', 'id': 'google_ads_iframe_/162717810,22769416952/theshiftnews.com/interstitial_0', 'class': None, 'width': '', 'height': ''}]",716,the_shift,news_listing
185,63,36,9,1,2,33,34,6465,1034,14,1,"[{'src': None, 'title': '3rd party ad content', 'id': 'google_ads_iframe_/162717810,22769416952/theshiftnews.com/header_0', 'class': None, 'width': '970', 'height': '250'}]",717,the_shift,news_listing
185,63,36,9,1,2,33,34,6465,1034,14,1,"[{'src': None, 'title': '3rd party ad content', 'id': 'google_ads_iframe_/162717810,22769416952/theshiftnews.com/header_0', 'class': None, 'width': '970', 'height': '250'}]",718,the_shift,news_listing
185,63,36,9,1,2,33,34,6465,1034,14,1,"[{'src': None, 'title': '3rd party ad content', 'id': 'google_ads_iframe_/162717810,22769416952/theshiftnews.com/header_0', 'class': None, 'width': '970', 'height': '250'}]",719,the_shift,news_listing
185,63,36,9,1,2,33,34,6465,1034,14,1,"[{'src': None, 'title': '3rd party ad content', 'id': 'google_ads_iframe_/162717810,22769416952/theshiftnews.com/header_0', 'class': None, 'width': '970', 'height': '250'}]",720,the_shift,news_listing
185,63,36,9,1,2,33,34,6465,1034,14,1,"[{'src': None, 'title': '3rd party ad content', 'id': 'google_ads_iframe_/162717810,22769416952/theshiftnews.com/header_0', 'class': None, 'width': '970', 'height': '250'}]",721,the_shift,news_listing
185,63,36,9,1,2,33,34,6465,1034,14,1,"[{'src': None, 'title': '3rd party ad content', 'id': 'google_ads_iframe_/162717810,22769416952/theshiftnews.com/header_0', 'class': None, 'width': '970', 'height': '250'}]",722,the_shift,news_listing
127,43,62,9,5,6,46,24,8533,1343,26,0,[],723,the_shift,article_pages
127,43,62,9,5,6,46,24,8533,1343,26,0,[],724,the_shift,article_pages
127,43,62,9,5,6,46,24,8533,1343,26,0,[],725,the_shift,article_pages
127,43,62,9,5,6,46,24,8533,1343,26,0,[],726,the_shift,article_pages
127,43,62,9,5,6,46,24,8533,1343,26,0,[],727,the_shift,article_pages
127,43,62,9,5,6,46,24,8533,1343,26,0,[],728,the_shift,article_pages
127,43,62,9,5,6,46,24,8533,1343,26,0,[],729,the_shift,article_pages
127,43,62,9,5,6,46,24,8533,1343,26,0,[],730,the_shift,article_pages
127,43,62,9,5,6,46,24,8533,1343,26,0,[],731,the_shift,article_pages
127,43,62,9,5,6,46,24,8533,1343,26,0,[],732,the_shift,article_pages
127,43,62,9,5,6,46,24,8533,1343,26,0,[],733,the_shift,article_pages
127,43,62,9,5,6,46,24,8533,1343,26,0,[],734,the_shift,article_pages
127,43,62,9,5,6,46,24,8533,1343,26,0,[],735,the_shift,article_pages
127,43,62,9,5,6,46,24,8533,1343,26,0,[],736,the_shift,article_pages
127,43,62,9,5,6,46,24,8533,1343,26,0,[],737,the_shift,article_pages
127,43,62,9,5,6,46,24,8533,1343,26,0,[],738,the_shift,article_pages
127,43,62,9,5,6,46,24,8533,1343,26,0,[],739,the_shift,article_pages
127,43,62,9,5,6,46,24,8533,1343,26,0,[],740,the_shift,article_pages
127,43,62,9,5,6,46,24,8533,1343,26,0,[],741,the_shift,article_pages
138,46,63,9,27,6,76,25,12869,2027,26,0,[],742,the_shift,article_pages
138,46,63,9,27,6,76,25,12869,2027,26,0,[],743,the_shift,article_pages
138,46,63,9,27,6,76,25,12869,2027,26,0,[],744,the_shift,article_pages
138,46,63,9,27,6,76,25,12869,2027,26,0,[],745,the_shift,article_pages
138,46,63,9,27,6,76,25,12869,2027,26,0,[],746,the_shift,article_pages
138,46,63,9,27,6,76,25,12869,2027,26,0,[],747,the_shift,article_pages
138,46,63,9,27,6,76,25,12869,2027,26,0,[],748,the_shift,article_pages
138,46,63,9,27,6,76,25,12869,2027,26,0,[],749,the_shift,article_pages
138,46,63,9,27,6,76,25,12869,2027,26,0,[],750,the_shift,article_pages
138,46,63,9,27,6,76,25,12869,2027,26,0,[],751,the_shift,article_pages
138,46,63,9,27,6,76,25,12869,2027,26,0,[],752,the_shift,article_pages
138,46,63,9,27,6,76,25,12869,2027,26,0,[],753,the_shift,article_pages
138,46,63,9,27,6,76,25,12869,2027,26,0,[],754,the_shift,article_pages
138,46,63,9,27,6,76,25,12869,2027,26,0,[],755,the_shift,article_pages
138,46,63,9,27,6,76,25,12869,2027,26,0,[],756,the_shift,article_pages
138,46,63,9,27,6,76,25,12869,2027,26,0,[],757,the_shift,article_pages
138,46,63,9,27,6,76,25,12869,2027,26,0,[],758,the_shift,article_pages
138,46,63,9,27,6,76,25,12869,2027,26,0,[],759,the_shift,article_pages
138,46,63,9,27,6,76,25,12869,2027,26,0,[],760,the_shift,article_pages
138,46,63,9,27,6,76,25,12869,2027,26,0,[],761,the_shift,article_pages
133,44,63,10,27,6,46,24,7787,1238,26,1,"[{'src': 'https://adb91b820a23687e364712e8be44c101.safeframe.googlesyndication.com/safeframe/1-0-45/html/container.html', 'title': '3rd party ad content', 'id': 'google_ads_iframe_/162717810,22769416952/theshiftnews.com/interstitial_0', 'class': None, 'width': '', 'height': ''}]",762,the_shift,article_pages
133,44,63,10,27,6,46,24,7787,1238,26,1,"[{'src': 'https://adb91b820a23687e364712e8be44c101.safeframe.googlesyndication.com/safeframe/1-0-45/html/container.html', 'title': '3rd party ad content', 'id': 'google_ads_iframe_/162717810,22769416952/theshiftnews.com/interstitial_0', 'class': None, 'width': '', 'height': ''}]",763,the_shift,article_pages
133,44,63,10,27,6,46,24,7787,1238,26,1,"[{'src': 'https://adb91b820a23687e364712e8be44c101.safeframe.googlesyndication.com/safeframe/1-0-45/html/container.html', 'title': '3rd party ad content', 'id': 'google_ads_iframe_/162717810,22769416952/theshiftnews.com/interstitial_0', 'class': None, 'width': '', 'height': ''}]",764,the_shift,article_pages
133,44,63,10,27,6,46,24,7787,1238,26,1,"[{'src': 'https://adb91b820a23687e364712e8be44c101.safeframe.googlesyndication.com/safeframe/1-0-45/html/container.html', 'title': '3rd party ad content', 'id': 'google_ads_iframe_/162717810,22769416952/theshiftnews.com/interstitial_0', 'class': None, 'width': '', 'height': ''}]",765,the_shift,article_pages
133,44,63,10,27,6,46,24,7787,1238,26,1,"[{'src': 'https://adb91b820a23687e364712e8be44c101.safeframe.googlesyndication.com/safeframe/1-0-45/html/container.html', 'title': '3rd party ad content', 'id': 'google_ads_iframe_/162717810,22769416952/theshiftnews.com/interstitial_0', 'class': None, 'width': '', 'height': ''}]",766,the_shift,article_pages
133,44,63,10,27,6,46,24,7787,1238,26,1,"[{'src': 'https://adb91b820a23687e364712e8be44c101.safeframe.googlesyndication.com/safeframe/1-0-45/html/container.html', 'title': '3rd party ad content', 'id': 'google_ads_iframe_/162717810,22769416952/theshiftnews.com/interstitial_0', 'class': None, 'width': '', 'height': ''}]",767,the_shift,article_pages
133,44,63,10,27,6,46,24,7787,1238,26,1,"[{'src': 'https://adb91b820a23687e364712e8be44c101.safeframe.googlesyndication.com/safeframe/1-0-45/html/container.html', 'title': '3rd party ad content', 'id': 'google_ads_iframe_/162717810,22769416952/theshiftnews.com/interstitial_0', 'class': None, 'width': '', 'height': ''}]",768,the_shift,article_pages
133,44,63,10,27,6,46,24,7787,1238,26,1,"[{'src': 'https://adb91b820a23687e364712e8be44c101.safeframe.googlesyndication.com/safeframe/1-0-45/html/container.html', 'title': '3rd party ad content', 'id': 'google_ads_iframe_/162717810,22769416952/theshiftnews.com/interstitial_0', 'class': None, 'width': '', 'height': ''}]",769,the_shift,article_pages
133,44,63,10,27,6,46,24,7787,1238,26,1,"[{'src': 'https://adb91b820a23687e364712e8be44c101.safeframe.googlesyndication.com/safeframe/1-0-45/html/container.html', 'title': '3rd party ad content', 'id': 'google_ads_iframe_/162717810,22769416952/theshiftnews.com/interstitial_0', 'class': None, 'width': '', 'height': ''}]",770,the_shift,article_pages
133,44,63,10,27,6,46,24,7787,1238,26,1,"[{'src': 'https://adb91b820a23687e364712e8be44c101.safeframe.googlesyndication.com/safeframe/1-0-45/html/container.html', 'title': '3rd party ad content', 'id': 'google_ads_iframe_/162717810,22769416952/theshiftnews.com/interstitial_0', 'class': None, 'width': '', 'height': ''}]",771,the_shift,article_pages
133,44,63,10,27,6,46,24,7787,1238,26,1,"[{'src': 'https://adb91b820a23687e364712e8be44c101.safeframe.googlesyndication.com/safeframe/1-0-45/html/container.html', 'title': '3rd party ad content', 'id': 'google_ads_iframe_/162717810,22769416952/theshiftnews.com/interstitial_0', 'class': None, 'width': '', 'height': ''}]",772,the_shift,article_pages
133,44,63,10,27,6,46,24,7787,1238,26,1,"[{'src': 'https://adb91b820a23687e364712e8be44c101.safeframe.googlesyndication.com/safeframe/1-0-45/html/container.html', 'title': '3rd party ad content', 'id': 'google_ads_iframe_/162717810,22769416952/theshiftnews.com/interstitial_0', 'class': None, 'width': '', 'height': ''}]",773,the_shift,article_pages
133,44,63,10,27,6,46,24,7787,1238,26,1,"[{'src': 'https://adb91b820a23687e364712e8be44c101.safeframe.googlesyndication.com/safeframe/1-0-45/html/container.html', 'title': '3rd party ad content', 'id': 'google_ads_iframe_/162717810,22769416952/theshiftnews.com/interstitial_0', 'class': None, 'width': '', 'height': ''}]",774,the_shift,article_pages
133,44,63,10,27,6,46,24,7787,1238,26,1,"[{'src': 'https://adb91b820a23687e364712e8be44c101.safeframe.googlesyndication.com/safeframe/1-0-45/html/container.html', 'title': '3rd party ad content', 'id': 'google_ads_iframe_/162717810,22769416952/theshiftnews.com/interstitial_0', 'class': None, 'width': '', 'height': ''}]",775,the_shift,article_pages
133,44,63,10,27,6,46,24,7787,1238,26,1,"[{'src': 'https://adb91b820a23687e364712e8be44c101.safeframe.googlesyndication.com/safeframe/1-0-45/html/container.html', 'title': '3rd party ad content', 'id': 'google_ads_iframe_/162717810,22769416952/theshiftnews.com/interstitial_0', 'class': None, 'width': '', 'height': ''}]",776,the_shift,article_pages
133,44,63,10,27,6,46,24,7787,1238,26,1,"[{'src': 'https://adb91b820a23687e364712e8be44c101.safeframe.googlesyndication.com/safeframe/1-0-45/html/container.html', 'title': '3rd party ad content', 'id': 'google_ads_iframe_/162717810,22769416952/theshiftnews.com/interstitial_0', 'class': None, 'width': '', 'height': ''}]",777,the_shift,article_pages
129,44,63,9,27,6,46,24,7443,1163,26,0,[],778,the_shift,article_pages
129,44,63,9,27,6,46,24,7443,1163,26,0,[],779,the_shift,article_pages
129,44,63,9,27,6,46,24,7443,1163,26,0,[],780,the_shift,article_pages
129,44,63,9,27,6,46,24,7443,1163,26,0,[],781,the_shift,article_pages
129,44,63,9,27,6,46,24,7443,1163,26,0,[],782,the_shift,article_pages
129,44,63,9,27,6,46,24,7443,1163,26,0,[],783,the_shift,article_pages
129,44,63,9,27,6,46,24,7443,1163,26,0,[],784,the_shift,article_pages
129,44,63,9,27,6,46,24,7443,1163,26,0,[],785,the_shift,article_pages
129,44,63,9,27,6,46,24,7443,1163,26,0,[],786,the_shift,article_pages
129,44,63,9,27,6,46,24,7443,1163,26,0,[],787,the_shift,article_pages
129,44,63,9,27,6,46,24,7443,1163,26,0,[],788,the_shift,article_pages
129,44,63,9,27,6,46,24,7443,1163,26,0,[],789,the_shift,article_pages
129,44,63,9,27,6,46,24,7443,1163,26,0,[],790,the_shift,article_pages
140,49,67,14,28,6,78,24,10630,1664,26,2,"[{'src': 'https://e27762b050d7b5a24193ca6bd230fb75.safeframe.googlesyndication.com/safeframe/1-0-45/html/container.html', 'title': '3rd party ad content', 'id': 'google_ads_iframe_/162717810,22769416952/theshiftnews.com/reward_0', 'class': None, 'width': '1021', 'height': '506'}, {'src': 'https://e27762b050d7b5a24193ca6bd230fb75.safeframe.googlesyndication.com/safeframe/1-0-45/html/container.html', 'title': '3rd party ad content', 'id': 'google_ads_iframe_/162717810,22769416952/theshiftnews.com/interstitial_0', 'class': None, 'width': '', 'height': ''}]",791,the_shift,article_pages
140,49,67,14,28,6,78,24,10630,1664,26,2,"[{'src': 'https://e27762b050d7b5a24193ca6bd230fb75.safeframe.googlesyndication.com/safeframe/1-0-45/html/container.html', 'title': '3rd party ad content', 'id': 'google_ads_iframe_/162717810,22769416952/theshiftnews.com/reward_0', 'class': None, 'width': '1021', 'height': '506'}, {'src': 'https://e27762b050d7b5a24193ca6bd230fb75.safeframe.googlesyndication.com/safeframe/1-0-45/html/container.html', 'title': '3rd party ad content', 'id': 'google_ads_iframe_/162717810,22769416952/theshiftnews.com/interstitial_0', 'class': None, 'width': '', 'height': ''}]",792,the_shift,article_pages
140,49,67,14,28,6,78,24,10630,1664,26,2,"[{'src': 'https://e27762b050d7b5a24193ca6bd230fb75.safeframe.googlesyndication.com/safeframe/1-0-45/html/container.html', 'title': '3rd party ad content', 'id': 'google_ads_iframe_/162717810,22769416952/theshiftnews.com/reward_0', 'class': None, 'width': '1021', 'height': '506'}, {'src': 'https://e27762b050d7b5a24193ca6bd230fb75.safeframe.googlesyndication.com/safeframe/1-0-45/html/container.html', 'title': '3rd party ad content', 'id': 'google_ads_iframe_/162717810,22769416952/theshiftnews.com/interstitial_0', 'class': None, 'width': '', 'height': ''}]",793,the_shift,article_pages
140,49,67,14,28,6,78,24,10630,1664,26,2,"[{'src': 'https://e27762b050d7b5a24193ca6bd230fb75.safeframe.googlesyndication.com/safeframe/1-0-45/html/container.html', 'title': '3rd party ad content', 'id': 'google_ads_iframe_/162717810,22769416952/theshiftnews.com/reward_0', 'class': None, 'width': '1021', 'height': '506'}, {'src': 'https://e27762b050d7b5a24193ca6bd230fb75.safeframe.googlesyndication.com/safeframe/1-0-45/html/container.html', 'title': '3rd party ad content', 'id': 'google_ads_iframe_/162717810,22769416952/theshiftnews.com/interstitial_0', 'class': None, 'width': '', 'height': ''}]",794,the_shift,article_pages
140,49,67,14,28,6,78,24,10630,1664,26,2,"[{'src': 'https://e27762b050d7b5a24193ca6bd230fb75.safeframe.googlesyndication.com/safeframe/1-0-45/html/container.html', 'title': '3rd party ad content', 'id': 'google_ads_iframe_/162717810,22769416952/theshiftnews.com/reward_0', 'class': None, 'width': '1021', 'height': '506'}, {'src': 'https://e27762b050d7b5a24193ca6bd230fb75.safeframe.googlesyndication.com/safeframe/1-0-45/html/container.html', 'title': '3rd party ad content', 'id': 'google_ads_iframe_/162717810,22769416952/theshiftnews.com/interstitial_0', 'class': None, 'width': '', 'height': ''}]",795,the_shift,article_pages
140,49,67,14,28,6,78,24,10630,1664,26,2,"[{'src': 'https://e27762b050d7b5a24193ca6bd230fb75.safeframe.googlesyndication.com/safeframe/1-0-45/html/container.html', 'title': '3rd party ad content', 'id': 'google_ads_iframe_/162717810,22769416952/theshiftnews.com/reward_0', 'class': None, 'width': '1021', 'height': '506'}, {'src': 'https://e27762b050d7b5a24193ca6bd230fb75.safeframe.googlesyndication.com/safeframe/1-0-45/html/container.html', 'title': '3rd party ad content', 'id': 'google_ads_iframe_/162717810,22769416952/theshiftnews.com/interstitial_0', 'class': None, 'width': '', 'height': ''}]",796,the_shift,article_pages
140,49,67,14,28,6,78,24,10630,1664,26,2,"[{'src': 'https://e27762b050d7b5a24193ca6bd230fb75.safeframe.googlesyndication.com/safeframe/1-0-45/html/container.html', 'title': '3rd party ad content', 'id': 'google_ads_iframe_/162717810,22769416952/theshiftnews.com/reward_0', 'class': None, 'width': '1021', 'height': '506'}, {'src': 'https://e27762b050d7b5a24193ca6bd230fb75.safeframe.googlesyndication.com/safeframe/1-0-45/html/container.html', 'title': '3rd party ad content', 'id': 'google_ads_iframe_/162717810,22769416952/theshiftnews.com/interstitial_0', 'class': None, 'width': '', 'height': ''}]",797,the_shift,article_pages
140,49,67,14,28,6,78,24,10630,1664,26,2,"[{'src': 'https://e27762b050d7b5a24193ca6bd230fb75.safeframe.googlesyndication.com/safeframe/1-0-45/html/container.html', 'title': '3rd party ad content', 'id': 'google_ads_iframe_/162717810,22769416952/theshiftnews.com/reward_0', 'class': None, 'width': '1021', 'height': '506'}, {'src': 'https://e27762b050d7b5a24193ca6bd230fb75.safeframe.googlesyndication.com/safeframe/1-0-45/html/container.html', 'title': '3rd party ad content', 'id': 'google_ads_iframe_/162717810,22769416952/theshiftnews.com/interstitial_0', 'class': None, 'width': '', 'height': ''}]",798,the_shift,article_pages
140,49,67,14,28,6,78,24,10630,1664,26,2,"[{'src': 'https://e27762b050d7b5a24193ca6bd230fb75.safeframe.googlesyndication.com/safeframe/1-0-45/html/container.html', 'title': '3rd party ad content', 'id': 'google_ads_iframe_/162717810,22769416952/theshiftnews.com/reward_0', 'class': None, 'width': '1021', 'height': '506'}, {'src': 'https://e27762b050d7b5a24193ca6bd230fb75.safeframe.googlesyndication.com/safeframe/1-0-45/html/container.html', 'title': '3rd party ad content', 'id': 'google_ads_iframe_/162717810,22769416952/theshiftnews.com/interstitial_0', 'class': None, 'width': '', 'height': ''}]",799,the_shift,article_pages
140,49,67,14,28,6,78,24,10630,1664,26,2,"[{'src': 'https://e27762b050d7b5a24193ca6bd230fb75.safeframe.googlesyndication.com/safeframe/1-0-45/html/container.html', 'title': '3rd party ad content', 'id': 'google_ads_iframe_/162717810,22769416952/theshiftnews.com/reward_0', 'class': None, 'width': '1021', 'height': '506'}, {'src': 'https://e27762b050d7b5a24193ca6bd230fb75.safeframe.googlesyndication.com/safeframe/1-0-45/html/container.html', 'title': '3rd party ad content', 'id': 'google_ads_iframe_/162717810,22769416952/theshiftnews.com/interstitial_0', 'class': None, 'width': '', 'height': ''}]",800,the_shift,article_pages
140,49,67,14,28,6,78,24,10630,1664,26,2,"[{'src': 'https://e27762b050d7b5a24193ca6bd230fb75.safeframe.googlesyndication.com/safeframe/1-0-45/html/container.html', 'title': '3rd party ad content', 'id': 'google_ads_iframe_/162717810,22769416952/theshiftnews.com/reward_0', 'class': None, 'width': '1021', 'height': '506'}, {'src': 'https://e27762b050d7b5a24193ca6bd230fb75.safeframe.googlesyndication.com/safeframe/1-0-45/html/container.html', 'title': '3rd party ad content', 'id': 'google_ads_iframe_/162717810,22769416952/theshiftnews.com/interstitial_0', 'class': None, 'width': '', 'height': ''}]",801,the_shift,article_pages
140,49,67,14,28,6,78,24,10630,1664,26,2,"[{'src': 'https://e27762b050d7b5a24193ca6bd230fb75.safeframe.googlesyndication.com/safeframe/1-0-45/html/container.html', 'title': '3rd party ad content', 'id': 'google_ads_iframe_/162717810,22769416952/theshiftnews.com/reward_0', 'class': None, 'width': '1021', 'height': '506'}, {'src': 'https://e27762b050d7b5a24193ca6bd230fb75.safeframe.googlesyndication.com/safeframe/1-0-45/html/container.html', 'title': '3rd party ad content', 'id': 'google_ads_iframe_/162717810,22769416952/theshiftnews.com/interstitial_0', 'class': None, 'width': '', 'height': ''}]",802,the_shift,article_pages
140,49,67,14,28,6,78,24,10630,1664,26,2,"[{'src': 'https://e27762b050d7b5a24193ca6bd230fb75.safeframe.googlesyndication.com/safeframe/1-0-45/html/container.html', 'title': '3rd party ad content', 'id': 'google_ads_iframe_/162717810,22769416952/theshiftnews.com/reward_0', 'class': None, 'width': '1021', 'height': '506'}, {'src': 'https://e27762b050d7b5a24193ca6bd230fb75.safeframe.googlesyndication.com/safeframe/1-0-45/html/container.html', 'title': '3rd party ad content', 'id': 'google_ads_iframe_/162717810,22769416952/theshiftnews.com/interstitial_0', 'class': None, 'width': '', 'height': ''}]",803,the_shift,article_pages
140,49,67,14,28,6,78,24,10630,1664,26,2,"[{'src': 'https://e27762b050d7b5a24193ca6bd230fb75.safeframe.googlesyndication.com/safeframe/1-0-45/html/container.html', 'title': '3rd party ad content', 'id': 'google_ads_iframe_/162717810,22769416952/theshiftnews.com/reward_0', 'class': None, 'width': '1021', 'height': '506'}, {'src': 'https://e27762b050d7b5a24193ca6bd230fb75.safeframe.googlesyndication.com/safeframe/1-0-45/html/container.html', 'title': '3rd party ad content', 'id': 'google_ads_iframe_/162717810,22769416952/theshiftnews.com/interstitial_0', 'class': None, 'width': '', 'height': ''}]",804,the_shift,article_pages
140,49,67,14,28,6,78,24,10630,1664,26,2,"[{'src': 'https://e27762b050d7b5a24193ca6bd230fb75.safeframe.googlesyndication.com/safeframe/1-0-45/html/container.html', 'title': '3rd party ad content', 'id': 'google_ads_iframe_/162717810,22769416952/theshiftnews.com/reward_0', 'class': None, 'width': '1021', 'height': '506'}, {'src': 'https://e27762b050d7b5a24193ca6bd230fb75.safeframe.googlesyndication.com/safeframe/1-0-45/html/container.html', 'title': '3rd party ad content', 'id': 'google_ads_iframe_/162717810,22769416952/theshiftnews.com/interstitial_0', 'class': None, 'width': '', 'height': ''}]",805,the_shift,article_pages
67,21,77,15,28,0,1,13,1702,264,12,3,"[{'src': None, 'title': '3rd party ad content', 'id': 'google_ads_iframe_/65246246/timesofmalta.com/billboard1_0', 'class': None, 'width': '729', 'height': '90'}, {'src': None, 'title': '3rd party ad content', 'id': 'google_ads_iframe_/65246246/timesofmalta.com/sidebar1_0', 'class': None, 'width': '300', 'height': '250'}, {'src': None, 'title': '3rd party ad content', 'id': 'google_ads_iframe_/65246246/timesofmalta.com/billboard2_0', 'class': None, 'width': '728', 'height': '90'}]",806,times_of_malta,home_page
67,21,77,15,28,0,1,13,1702,264,12,3,"[{'src': None, 'title': '3rd party ad content', 'id': 'google_ads_iframe_/65246246/timesofmalta.com/billboard1_0', 'class': None, 'width': '729', 'height': '90'}, {'src': None, 'title': '3rd party ad content', 'id': 'google_ads_iframe_/65246246/timesofmalta.com/sidebar1_0', 'class': None, 'width': '300', 'height': '250'}, {'src': None, 'title': '3rd party ad content', 'id': 'google_ads_iframe_/65246246/timesofmalta.com/billboard2_0', 'class': None, 'width': '728', 'height': '90'}]",807,times_of_malta,home_page
67,21,77,15,28,0,1,13,1702,264,12,3,"[{'src': None, 'title': '3rd party ad content', 'id': 'google_ads_iframe_/65246246/timesofmalta.com/billboard1_0', 'class': None, 'width': '729', 'height': '90'}, {'src': None, 'title': '3rd party ad content', 'id': 'google_ads_iframe_/65246246/timesofmalta.com/sidebar1_0', 'class': None, 'width': '300', 'height': '250'}, {'src': None, 'title': '3rd party ad content', 'id': 'google_ads_iframe_/65246246/timesofmalta.com/billboard2_0', 'class': None, 'width': '728', 'height': '90'}]",808,times_of_malta,home_page
67,21,77,15,28,0,1,13,1702,264,12,3,"[{'src': None, 'title': '3rd party ad content', 'id': 'google_ads_iframe_/65246246/timesofmalta.com/billboard1_0', 'class': None, 'width': '729', 'height': '90'}, {'src': None, 'title': '3rd party ad content', 'id': 'google_ads_iframe_/65246246/timesofmalta.com/sidebar1_0', 'class': None, 'width': '300', 'height': '250'}, {'src': None, 'title': '3rd party ad content', 'id': 'google_ads_iframe_/65246246/timesofmalta.com/billboard2_0', 'class': None, 'width': '728', 'height': '90'}]",809,times_of_malta,home_page
67,21,77,15,28,0,1,13,1702,264,12,3,"[{'src': None, 'title': '3rd party ad content', 'id': 'google_ads_iframe_/65246246/timesofmalta.com/billboard1_0', 'class': None, 'width': '729', 'height': '90'}, {'src': None, 'title': '3rd party ad content', 'id': 'google_ads_iframe_/65246246/timesofmalta.com/sidebar1_0', 'class': None, 'width': '300', 'height': '250'}, {'src': None, 'title': '3rd party ad content', 'id': 'google_ads_iframe_/65246246/timesofmalta.com/billboard2_0', 'class': None, 'width': '728', 'height': '90'}]",810,times_of_malta,home_page
67,21,77,15,28,0,1,13,1702,264,12,3,"[{'src': None, 'title': '3rd party ad content', 'id': 'google_ads_iframe_/65246246/timesofmalta.com/billboard1_0', 'class': None, 'width': '729', 'height': '90'}, {'src': None, 'title': '3rd party ad content', 'id': 'google_ads_iframe_/65246246/timesofmalta.com/sidebar1_0', 'class': None, 'width': '300', 'height': '250'}, {'src': None, 'title': '3rd party ad content', 'id': 'google_ads_iframe_/65246246/timesofmalta.com/billboard2_0', 'class': None, 'width': '728', 'height': '90'}]",811,times_of_malta,home_page
67,21,77,15,28,0,1,13,1702,264,12,3,"[{'src': None, 'title': '3rd party ad content', 'id': 'google_ads_iframe_/65246246/timesofmalta.com/billboard1_0', 'class': None, 'width': '729', 'height': '90'}, {'src': None, 'title': '3rd party ad content', 'id': 'google_ads_iframe_/65246246/timesofmalta.com/sidebar1_0', 'class': None, 'width': '300', 'height': '250'}, {'src': None, 'title': '3rd party ad content', 'id': 'google_ads_iframe_/65246246/timesofmalta.com/billboard2_0', 'class': None, 'width': '728', 'height': '90'}]",812,times_of_malta,home_page
67,21,77,15,28,0,1,13,1702,264,12,3,"[{'src': None, 'title': '3rd party ad content', 'id': 'google_ads_iframe_/65246246/timesofmalta.com/billboard1_0', 'class': None, 'width': '729', 'height': '90'}, {'src': None, 'title': '3rd party ad content', 'id': 'google_ads_iframe_/65246246/timesofmalta.com/sidebar1_0', 'class': None, 'width': '300', 'height': '250'}, {'src': None, 'title': '3rd party ad content', 'id': 'google_ads_iframe_/65246246/timesofmalta.com/billboard2_0', 'class': None, 'width': '728', 'height': '90'}]",813,times_of_malta,home_page
67,21,77,15,28,0,1,13,1702,264,12,3,"[{'src': None, 'title': '3rd party ad content', 'id': 'google_ads_iframe_/65246246/timesofmalta.com/billboard1_0', 'class': None, 'width': '729', 'height': '90'}, {'src': None, 'title': '3rd party ad content', 'id': 'google_ads_iframe_/65246246/timesofmalta.com/sidebar1_0', 'class': None, 'width': '300', 'height': '250'}, {'src': None, 'title': '3rd party ad content', 'id': 'google_ads_iframe_/65246246/timesofmalta.com/billboard2_0', 'class': None, 'width': '728', 'height': '90'}]",814,times_of_malta,home_page
67,21,77,15,28,0,1,13,1702,264,12,3,"[{'src': None, 'title': '3rd party ad content', 'id': 'google_ads_iframe_/65246246/timesofmalta.com/billboard1_0', 'class': None, 'width': '729', 'height': '90'}, {'src': None, 'title': '3rd party ad content', 'id': 'google_ads_iframe_/65246246/timesofmalta.com/sidebar1_0', 'class': None, 'width': '300', 'height': '250'}, {'src': None, 'title': '3rd party ad content', 'id': 'google_ads_iframe_/65246246/timesofmalta.com/billboard2_0', 'class': None, 'width': '728', 'height': '90'}]",815,times_of_malta,home_page
67,21,77,15,28,0,1,13,1702,264,12,3,"[{'src': None, 'title': '3rd party ad content', 'id': 'google_ads_iframe_/65246246/timesofmalta.com/billboard1_0', 'class': None, 'width': '729', 'height': '90'}, {'src': None, 'title': '3rd party ad content', 'id': 'google_ads_iframe_/65246246/timesofmalta.com/sidebar1_0', 'class': None, 'width': '300', 'height': '250'}, {'src': None, 'title': '3rd party ad content', 'id': 'google_ads_iframe_/65246246/timesofmalta.com/billboard2_0', 'class': None, 'width': '728', 'height': '90'}]",816,times_of_malta,home_page
67,21,77,15,28,0,1,13,1702,264,12,3,"[{'src': None, 'title': '3rd party ad content', 'id': 'google_ads_iframe_/65246246/timesofmalta.com/billboard1_0', 'class': None, 'width': '729', 'height': '90'}, {'src': None, 'title': '3rd party ad content', 'id': 'google_ads_iframe_/65246246/timesofmalta.com/sidebar1_0', 'class': None, 'width': '300', 'height': '250'}, {'src': None, 'title': '3rd party ad content', 'id': 'google_ads_iframe_/65246246/timesofmalta.com/billboard2_0', 'class': None, 'width': '728', 'height': '90'}]",817,times_of_malta,home_page
67,21,77,15,28,0,1,13,1702,264,12,3,"[{'src': None, 'title': '3rd party ad content', 'id': 'google_ads_iframe_/65246246/timesofmalta.com/billboard1_0', 'class': None, 'width': '729', 'height': '90'}, {'src': None, 'title': '3rd party ad content', 'id': 'google_ads_iframe_/65246246/timesofmalta.com/sidebar1_0', 'class': None, 'width': '300', 'height': '250'}, {'src': None, 'title': '3rd party ad content', 'id': 'google_ads_iframe_/65246246/timesofmalta.com/billboard2_0', 'class': None, 'width': '728', 'height': '90'}]",818,times_of_malta,home_page
67,21,77,15,28,0,1,13,1702,264,12,3,"[{'src': None, 'title': '3rd party ad content', 'id': 'google_ads_iframe_/65246246/timesofmalta.com/billboard1_0', 'class': None, 'width': '729', 'height': '90'}, {'src': None, 'title': '3rd party ad content', 'id': 'google_ads_iframe_/65246246/timesofmalta.com/sidebar1_0', 'class': None, 'width': '300', 'height': '250'}, {'src': None, 'title': '3rd party ad content', 'id': 'google_ads_iframe_/65246246/timesofmalta.com/billboard2_0', 'class': None, 'width': '728', 'height': '90'}]",819,times_of_malta,home_page
67,21,77,15,28,0,1,13,1702,264,12,3,"[{'src': None, 'title': '3rd party ad content', 'id': 'google_ads_iframe_/65246246/timesofmalta.com/billboard1_0', 'class': None, 'width': '729', 'height': '90'}, {'src': None, 'title': '3rd party ad content', 'id': 'google_ads_iframe_/65246246/timesofmalta.com/sidebar1_0', 'class': None, 'width': '300', 'height': '250'}, {'src': None, 'title': '3rd party ad content', 'id': 'google_ads_iframe_/65246246/timesofmalta.com/billboard2_0', 'class': None, 'width': '728', 'height': '90'}]",820,times_of_malta,home_page
67,21,77,15,28,0,1,13,1702,264,12,3,"[{'src': None, 'title': '3rd party ad content', 'id': 'google_ads_iframe_/65246246/timesofmalta.com/billboard1_0', 'class': None, 'width': '729', 'height': '90'}, {'src': None, 'title': '3rd party ad content', 'id': 'google_ads_iframe_/65246246/timesofmalta.com/sidebar1_0', 'class': None, 'width': '300', 'height': '250'}, {'src': None, 'title': '3rd party ad content', 'id': 'google_ads_iframe_/65246246/timesofmalta.com/billboard2_0', 'class': None, 'width': '728', 'height': '90'}]",821,times_of_malta,home_page
67,21,77,15,28,0,1,13,1702,264,12,3,"[{'src': None, 'title': '3rd party ad content', 'id': 'google_ads_iframe_/65246246/timesofmalta.com/billboard1_0', 'class': None, 'width': '729', 'height': '90'}, {'src': None, 'title': '3rd party ad content', 'id': 'google_ads_iframe_/65246246/timesofmalta.com/sidebar1_0', 'class': None, 'width': '300', 'height': '250'}, {'src': None, 'title': '3rd party ad content', 'id': 'google_ads_iframe_/65246246/timesofmalta.com/billboard2_0', 'class': None, 'width': '728', 'height': '90'}]",822,times_of_malta,home_page
67,21,77,15,28,0,1,13,1702,264,12,3,"[{'src': None, 'title': '3rd party ad content', 'id': 'google_ads_iframe_/65246246/timesofmalta.com/billboard1_0', 'class': None, 'width': '729', 'height': '90'}, {'src': None, 'title': '3rd party ad content', 'id': 'google_ads_iframe_/65246246/timesofmalta.com/sidebar1_0', 'class': None, 'width': '300', 'height': '250'}, {'src': None, 'title': '3rd party ad content', 'id': 'google_ads_iframe_/65246246/timesofmalta.com/billboard2_0', 'class': None, 'width': '728', 'height': '90'}]",823,times_of_malta,home_page
67,21,77,15,28,0,1,13,1702,264,12,3,"[{'src': None, 'title': '3rd party ad content', 'id': 'google_ads_iframe_/65246246/timesofmalta.com/billboard1_0', 'class': None, 'width': '729', 'height': '90'}, {'src': None, 'title': '3rd party ad content', 'id': 'google_ads_iframe_/65246246/timesofmalta.com/sidebar1_0', 'class': None, 'width': '300', 'height': '250'}, {'src': None, 'title': '3rd party ad content', 'id': 'google_ads_iframe_/65246246/timesofmalta.com/billboard2_0', 'class': None, 'width': '728', 'height': '90'}]",824,times_of_malta,home_page
67,21,77,15,28,0,1,13,1702,264,12,3,"[{'src': None, 'title': '3rd party ad content', 'id': 'google_ads_iframe_/65246246/timesofmalta.com/billboard1_0', 'class': None, 'width': '729', 'height': '90'}, {'src': None, 'title': '3rd party ad content', 'id': 'google_ads_iframe_/65246246/timesofmalta.com/sidebar1_0', 'class': None, 'width': '300', 'height': '250'}, {'src': None, 'title': '3rd party ad content', 'id': 'google_ads_iframe_/65246246/timesofmalta.com/billboard2_0', 'class': None, 'width': '728', 'height': '90'}]",825,times_of_malta,home_page
67,21,77,15,28,0,1,13,1702,264,12,3,"[{'src': None, 'title': '3rd party ad content', 'id': 'google_ads_iframe_/65246246/timesofmalta.com/billboard1_0', 'class': None, 'width': '729', 'height': '90'}, {'src': None, 'title': '3rd party ad content', 'id': 'google_ads_iframe_/65246246/timesofmalta.com/sidebar1_0', 'class': None, 'width': '300', 'height': '250'}, {'src': None, 'title': '3rd party ad content', 'id': 'google_ads_iframe_/65246246/timesofmalta.com/billboard2_0', 'class': None, 'width': '728', 'height': '90'}]",826,times_of_malta,home_page
67,21,77,15,28,0,1,13,1702,264,12,3,"[{'src': None, 'title': '3rd party ad content', 'id': 'google_ads_iframe_/65246246/timesofmalta.com/billboard1_0', 'class': None, 'width': '729', 'height': '90'}, {'src': None, 'title': '3rd party ad content', 'id': 'google_ads_iframe_/65246246/timesofmalta.com/sidebar1_0', 'class': None, 'width': '300', 'height': '250'}, {'src': None, 'title': '3rd party ad content', 'id': 'google_ads_iframe_/65246246/timesofmalta.com/billboard2_0', 'class': None, 'width': '728', 'height': '90'}]",827,times_of_malta,home_page
67,21,77,15,28,0,1,13,1702,264,12,3,"[{'src': None, 'title': '3rd party ad content', 'id': 'google_ads_iframe_/65246246/timesofmalta.com/billboard1_0', 'class': None, 'width': '729', 'height': '90'}, {'src': None, 'title': '3rd party ad content', 'id': 'google_ads_iframe_/65246246/timesofmalta.com/sidebar1_0', 'class': None, 'width': '300', 'height': '250'}, {'src': None, 'title': '3rd party ad content', 'id': 'google_ads_iframe_/65246246/timesofmalta.com/billboard2_0', 'class': None, 'width': '728', 'height': '90'}]",828,times_of_malta,home_page
67,21,77,15,28,0,1,13,1702,264,12,3,"[{'src': None, 'title': '3rd party ad content', 'id': 'google_ads_iframe_/65246246/timesofmalta.com/billboard1_0', 'class': None, 'width': '729', 'height': '90'}, {'src': None, 'title': '3rd party ad content', 'id': 'google_ads_iframe_/65246246/timesofmalta.com/sidebar1_0', 'class': None, 'width': '300', 'height': '250'}, {'src': None, 'title': '3rd party ad content', 'id': 'google_ads_iframe_/65246246/timesofmalta.com/billboard2_0', 'class': None, 'width': '728', 'height': '90'}]",829,times_of_malta,home_page
67,21,77,15,28,0,1,13,1702,264,12,3,"[{'src': None, 'title': '3rd party ad content', 'id': 'google_ads_iframe_/65246246/timesofmalta.com/billboard1_0', 'class': None, 'width': '729', 'height': '90'}, {'src': None, 'title': '3rd party ad content', 'id': 'google_ads_iframe_/65246246/timesofmalta.com/sidebar1_0', 'class': None, 'width': '300', 'height': '250'}, {'src': None, 'title': '3rd party ad content', 'id': 'google_ads_iframe_/65246246/timesofmalta.com/billboard2_0', 'class': None, 'width': '728', 'height': '90'}]",830,times_of_malta,home_page
67,21,77,15,28,0,1,13,1702,264,12,3,"[{'src': None, 'title': '3rd party ad content', 'id': 'google_ads_iframe_/65246246/timesofmalta.com/billboard1_0', 'class': None, 'width': '729', 'height': '90'}, {'src': None, 'title': '3rd party ad content', 'id': 'google_ads_iframe_/65246246/timesofmalta.com/sidebar1_0', 'class': None, 'width': '300', 'height': '250'}, {'src': None, 'title': '3rd party ad content', 'id': 'google_ads_iframe_/65246246/timesofmalta.com/billboard2_0', 'class': None, 'width': '728', 'height': '90'}]",831,times_of_malta,home_page
67,21,77,15,28,0,1,13,1702,264,12,3,"[{'src': None, 'title': '3rd party ad content', 'id': 'google_ads_iframe_/65246246/timesofmalta.com/billboard1_0', 'class': None, 'width': '729', 'height': '90'}, {'src': None, 'title': '3rd party ad content', 'id': 'google_ads_iframe_/65246246/timesofmalta.com/sidebar1_0', 'class': None, 'width': '300', 'height': '250'}, {'src': None, 'title': '3rd party ad content', 'id': 'google_ads_iframe_/65246246/timesofmalta.com/billboard2_0', 'class': None, 'width': '728', 'height': '90'}]",832,times_of_malta,home_page
67,21,77,15,28,0,1,13,1702,264,12,3,"[{'src': None, 'title': '3rd party ad content', 'id': 'google_ads_iframe_/65246246/timesofmalta.com/billboard1_0', 'class': None, 'width': '729', 'height': '90'}, {'src': None, 'title': '3rd party ad content', 'id': 'google_ads_iframe_/65246246/timesofmalta.com/sidebar1_0', 'class': None, 'width': '300', 'height': '250'}, {'src': None, 'title': '3rd party ad content', 'id': 'google_ads_iframe_/65246246/timesofmalta.com/billboard2_0', 'class': None, 'width': '728', 'height': '90'}]",833,times_of_malta,home_page
173,42,67,20,121,1,32,35,7139,1182,14,2,"[{'src': None, 'title': '3rd party ad content', 'id': 'google_ads_iframe_/65246246/timesofmalta.com/billboard1_0', 'class': None, 'width': '728', 'height': '90'}, {'src': 'https://337a8b6605a13a0a6a6f0473de21aad7.safeframe.googlesyndication.com/safeframe/1-0-45/html/container.html', 'title': '3rd party ad content', 'id': 'google_ads_iframe_/65246246/timesofmalta.com/sidebar1_0', 'class': None, 'width': '300', 'height': '600'}]",834,times_of_malta,news_listing
173,42,67,20,121,1,32,35,7139,1182,14,2,"[{'src': None, 'title': '3rd party ad content', 'id': 'google_ads_iframe_/65246246/timesofmalta.com/billboard1_0', 'class': None, 'width': '728', 'height': '90'}, {'src': 'https://337a8b6605a13a0a6a6f0473de21aad7.safeframe.googlesyndication.com/safeframe/1-0-45/html/container.html', 'title': '3rd party ad content', 'id': 'google_ads_iframe_/65246246/timesofmalta.com/sidebar1_0', 'class': None, 'width': '300', 'height': '600'}]",835,times_of_malta,news_listing
173,42,67,20,121,1,32,35,7139,1182,14,2,"[{'src': None, 'title': '3rd party ad content', 'id': 'google_ads_iframe_/65246246/timesofmalta.com/billboard1_0', 'class': None, 'width': '728', 'height': '90'}, {'src': 'https://337a8b6605a13a0a6a6f0473de21aad7.safeframe.googlesyndication.com/safeframe/1-0-45/html/container.html', 'title': '3rd party ad content', 'id': 'google_ads_iframe_/65246246/timesofmalta.com/sidebar1_0', 'class': None, 'width': '300', 'height': '600'}]",836,times_of_malta,news_listing
173,42,67,20,121,1,32,35,7139,1182,14,2,"[{'src': None, 'title': '3rd party ad content', 'id': 'google_ads_iframe_/65246246/timesofmalta.com/billboard1_0', 'class': None, 'width': '728', 'height': '90'}, {'src': 'https://337a8b6605a13a0a6a6f0473de21aad7.safeframe.googlesyndication.com/safeframe/1-0-45/html/container.html', 'title': '3rd party ad content', 'id': 'google_ads_iframe_/65246246/timesofmalta.com/sidebar1_0', 'class': None, 'width': '300', 'height': '600'}]",837,times_of_malta,news_listing
173,42,67,20,121,1,32,35,7139,1182,14,2,"[{'src': None, 'title': '3rd party ad content', 'id': 'google_ads_iframe_/65246246/timesofmalta.com/billboard1_0', 'class': None, 'width': '728', 'height': '90'}, {'src': 'https://337a8b6605a13a0a6a6f0473de21aad7.safeframe.googlesyndication.com/safeframe/1-0-45/html/container.html', 'title': '3rd party ad content', 'id': 'google_ads_iframe_/65246246/timesofmalta.com/sidebar1_0', 'class': None, 'width': '300', 'height': '600'}]",838,times_of_malta,news_listing
173,42,67,20,121,1,32,35,7139,1182,14,2,"[{'src': None, 'title': '3rd party ad content', 'id': 'google_ads_iframe_/65246246/timesofmalta.com/billboard1_0', 'class': None, 'width': '728', 'height': '90'}, {'src': 'https://337a8b6605a13a0a6a6f0473de21aad7.safeframe.googlesyndication.com/safeframe/1-0-45/html/container.html', 'title': '3rd party ad content', 'id': 'google_ads_iframe_/65246246/timesofmalta.com/sidebar1_0', 'class': None, 'width': '300', 'height': '600'}]",839,times_of_malta,news_listing
173,42,67,20,121,1,32,35,7139,1182,14,2,"[{'src': None, 'title': '3rd party ad content', 'id': 'google_ads_iframe_/65246246/timesofmalta.com/billboard1_0', 'class': None, 'width': '728', 'height': '90'}, {'src': 'https://337a8b6605a13a0a6a6f0473de21aad7.safeframe.googlesyndication.com/safeframe/1-0-45/html/container.html', 'title': '3rd party ad content', 'id': 'google_ads_iframe_/65246246/timesofmalta.com/sidebar1_0', 'class': None, 'width': '300', 'height': '600'}]",840,times_of_malta,news_listing
173,42,67,20,121,1,32,35,7139,1182,14,2,"[{'src': None, 'title': '3rd party ad content', 'id': 'google_ads_iframe_/65246246/timesofmalta.com/billboard1_0', 'class': None, 'width': '728', 'height': '90'}, {'src': 'https://337a8b6605a13a0a6a6f0473de21aad7.safeframe.googlesyndication.com/safeframe/1-0-45/html/container.html', 'title': '3rd party ad content', 'id': 'google_ads_iframe_/65246246/timesofmalta.com/sidebar1_0', 'class': None, 'width': '300', 'height': '600'}]",841,times_of_malta,news_listing
173,42,67,20,121,1,32,35,7139,1182,14,2,"[{'src': None, 'title': '3rd party ad content', 'id': 'google_ads_iframe_/65246246/timesofmalta.com/billboard1_0', 'class': None, 'width': '728', 'height': '90'}, {'src': 'https://337a8b6605a13a0a6a6f0473de21aad7.safeframe.googlesyndication.com/safeframe/1-0-45/html/container.html', 'title': '3rd party ad content', 'id': 'google_ads_iframe_/65246246/timesofmalta.com/sidebar1_0', 'class': None, 'width': '300', 'height': '600'}]",842,times_of_malta,news_listing
173,42,67,20,121,1,32,35,7139,1182,14,2,"[{'src': None, 'title': '3rd party ad content', 'id': 'google_ads_iframe_/65246246/timesofmalta.com/billboard1_0', 'class': None, 'width': '728', 'height': '90'}, {'src': 'https://337a8b6605a13a0a6a6f0473de21aad7.safeframe.googlesyndication.com/safeframe/1-0-45/html/container.html', 'title': '3rd party ad content', 'id': 'google_ads_iframe_/65246246/timesofmalta.com/sidebar1_0', 'class': None, 'width': '300', 'height': '600'}]",843,times_of_malta,news_listing
172,42,67,20,107,0,31,35,7190,1174,14,2,"[{'src': None, 'title': '3rd party ad content', 'id': 'google_ads_iframe_/65246246/timesofmalta.com/billboard1_0', 'class': None, 'width': '729', 'height': '90'}, {'src': 'https://f25e79b765a0806438a4d4526136a229.safeframe.googlesyndication.com/safeframe/1-0-45/html/container.html', 'title': '3rd party ad content', 'id': 'google_ads_iframe_/65246246/timesofmalta.com/sidebar1_0', 'class': None, 'width': '300', 'height': '600'}]",844,times_of_malta,news_listing
172,42,67,20,107,0,31,35,7190,1174,14,2,"[{'src': None, 'title': '3rd party ad content', 'id': 'google_ads_iframe_/65246246/timesofmalta.com/billboard1_0', 'class': None, 'width': '729', 'height': '90'}, {'src': 'https://f25e79b765a0806438a4d4526136a229.safeframe.googlesyndication.com/safeframe/1-0-45/html/container.html', 'title': '3rd party ad content', 'id': 'google_ads_iframe_/65246246/timesofmalta.com/sidebar1_0', 'class': None, 'width': '300', 'height': '600'}]",845,times_of_malta,news_listing
172,42,67,20,107,0,31,35,7190,1174,14,2,"[{'src': None, 'title': '3rd party ad content', 'id': 'google_ads_iframe_/65246246/timesofmalta.com/billboard1_0', 'class': None, 'width': '729', 'height': '90'}, {'src': 'https://f25e79b765a0806438a4d4526136a229.safeframe.googlesyndication.com/safeframe/1-0-45/html/container.html', 'title': '3rd party ad content', 'id': 'google_ads_iframe_/65246246/timesofmalta.com/sidebar1_0', 'class': None, 'width': '300', 'height': '600'}]",846,times_of_malta,news_listing
172,42,67,20,107,0,31,35,7190,1174,14,2,"[{'src': None, 'title': '3rd party ad content', 'id': 'google_ads_iframe_/65246246/timesofmalta.com/billboard1_0', 'class': None, 'width': '729', 'height': '90'}, {'src': 'https://f25e79b765a0806438a4d4526136a229.safeframe.googlesyndication.com/safeframe/1-0-45/html/container.html', 'title': '3rd party ad content', 'id': 'google_ads_iframe_/65246246/timesofmalta.com/sidebar1_0', 'class': None, 'width': '300', 'height': '600'}]",847,times_of_malta,news_listing
172,42,67,20,107,0,31,35,7190,1174,14,2,"[{'src': None, 'title': '3rd party ad content', 'id': 'google_ads_iframe_/65246246/timesofmalta.com/billboard1_0', 'class': None, 'width': '729', 'height': '90'}, {'src': 'https://f25e79b765a0806438a4d4526136a229.safeframe.googlesyndication.com/safeframe/1-0-45/html/container.html', 'title': '3rd party ad content', 'id': 'google_ads_iframe_/65246246/timesofmalta.com/sidebar1_0', 'class': None, 'width': '300', 'height': '600'}]",848,times_of_malta,news_listing
172,42,67,20,103,0,31,35,6525,1138,14,2,"[{'src': 'https://73d2eb9222e502e543a94bafca6a0713.safeframe.googlesyndication.com/safeframe/1-0-45/html/container.html', 'title': '3rd party ad content', 'id': 'google_ads_iframe_/65246246/timesofmalta.com/billboard1_0', 'class': None, 'width': '728', 'height': '90'}, {'src': None, 'title': '3rd party ad content', 'id': 'google_ads_iframe_/65246246/timesofmalta.com/sidebar1_0', 'class': None, 'width': '300', 'height': '600'}]",849,times_of_malta,news_listing
172,42,67,20,103,0,31,35,6525,1138,14,2,"[{'src': 'https://73d2eb9222e502e543a94bafca6a0713.safeframe.googlesyndication.com/safeframe/1-0-45/html/container.html', 'title': '3rd party ad content', 'id': 'google_ads_iframe_/65246246/timesofmalta.com/billboard1_0', 'class': None, 'width': '728', 'height': '90'}, {'src': None, 'title': '3rd party ad content', 'id': 'google_ads_iframe_/65246246/timesofmalta.com/sidebar1_0', 'class': None, 'width': '300', 'height': '600'}]",850,times_of_malta,news_listing
172,42,67,20,103,0,31,35,6525,1138,14,2,"[{'src': 'https://73d2eb9222e502e543a94bafca6a0713.safeframe.googlesyndication.com/safeframe/1-0-45/html/container.html', 'title': '3rd party ad content', 'id': 'google_ads_iframe_/65246246/timesofmalta.com/billboard1_0', 'class': None, 'width': '728', 'height': '90'}, {'src': None, 'title': '3rd party ad content', 'id': 'google_ads_iframe_/65246246/timesofmalta.com/sidebar1_0', 'class': None, 'width': '300', 'height': '600'}]",851,times_of_malta,news_listing
172,42,67,20,103,0,31,35,6525,1138,14,2,"[{'src': 'https://73d2eb9222e502e543a94bafca6a0713.safeframe.googlesyndication.com/safeframe/1-0-45/html/container.html', 'title': '3rd party ad content', 'id': 'google_ads_iframe_/65246246/timesofmalta.com/billboard1_0', 'class': None, 'width': '728', 'height': '90'}, {'src': None, 'title': '3rd party ad content', 'id': 'google_ads_iframe_/65246246/timesofmalta.com/sidebar1_0', 'class': None, 'width': '300', 'height': '600'}]",852,times_of_malta,news_listing
172,42,67,20,103,0,31,35,6525,1138,14,2,"[{'src': 'https://73d2eb9222e502e543a94bafca6a0713.safeframe.googlesyndication.com/safeframe/1-0-45/html/container.html', 'title': '3rd party ad content', 'id': 'google_ads_iframe_/65246246/timesofmalta.com/billboard1_0', 'class': None, 'width': '728', 'height': '90'}, {'src': None, 'title': '3rd party ad content', 'id': 'google_ads_iframe_/65246246/timesofmalta.com/sidebar1_0', 'class': None, 'width': '300', 'height': '600'}]",853,times_of_malta,news_listing
172,42,67,20,103,0,31,35,6525,1138,14,2,"[{'src': 'https://73d2eb9222e502e543a94bafca6a0713.safeframe.googlesyndication.com/safeframe/1-0-45/html/container.html', 'title': '3rd party ad content', 'id': 'google_ads_iframe_/65246246/timesofmalta.com/billboard1_0', 'class': None, 'width': '728', 'height': '90'}, {'src': None, 'title': '3rd party ad content', 'id': 'google_ads_iframe_/65246246/timesofmalta.com/sidebar1_0', 'class': None, 'width': '300', 'height': '600'}]",854,times_of_malta,news_listing
172,42,67,20,103,0,31,35,6525,1138,14,2,"[{'src': 'https://73d2eb9222e502e543a94bafca6a0713.safeframe.googlesyndication.com/safeframe/1-0-45/html/container.html', 'title': '3rd party ad content', 'id': 'google_ads_iframe_/65246246/timesofmalta.com/billboard1_0', 'class': None, 'width': '728', 'height': '90'}, {'src': None, 'title': '3rd party ad content', 'id': 'google_ads_iframe_/65246246/timesofmalta.com/sidebar1_0', 'class': None, 'width': '300', 'height': '600'}]",855,times_of_malta,news_listing
172,42,67,20,121,0,31,35,6780,1192,14,2,"[{'src': 'https://259ca2e938d750759dc93b2bc5c9374e.safeframe.googlesyndication.com/safeframe/1-0-45/html/container.html', 'title': '3rd party ad content', 'id': 'google_ads_iframe_/65246246/timesofmalta.com/billboard1_0', 'class': None, 'width': '728', 'height': '90'}, {'src': None, 'title': '3rd party ad content', 'id': 'google_ads_iframe_/65246246/timesofmalta.com/sidebar1_0', 'class': None, 'width': '300', 'height': '600'}]",856,times_of_malta,news_listing
172,42,67,20,121,0,31,35,6780,1192,14,2,"[{'src': 'https://259ca2e938d750759dc93b2bc5c9374e.safeframe.googlesyndication.com/safeframe/1-0-45/html/container.html', 'title': '3rd party ad content', 'id': 'google_ads_iframe_/65246246/timesofmalta.com/billboard1_0', 'class': None, 'width': '728', 'height': '90'}, {'src': None, 'title': '3rd party ad content', 'id': 'google_ads_iframe_/65246246/timesofmalta.com/sidebar1_0', 'class': None, 'width': '300', 'height': '600'}]",857,times_of_malta,news_listing
172,42,67,20,121,0,31,35,6780,1192,14,2,"[{'src': 'https://259ca2e938d750759dc93b2bc5c9374e.safeframe.googlesyndication.com/safeframe/1-0-45/html/container.html', 'title': '3rd party ad content', 'id': 'google_ads_iframe_/65246246/timesofmalta.com/billboard1_0', 'class': None, 'width': '728', 'height': '90'}, {'src': None, 'title': '3rd party ad content', 'id': 'google_ads_iframe_/65246246/timesofmalta.com/sidebar1_0', 'class': None, 'width': '300', 'height': '600'}]",858,times_of_malta,news_listing
172,42,67,20,121,0,31,35,6780,1192,14,2,"[{'src': 'https://259ca2e938d750759dc93b2bc5c9374e.safeframe.googlesyndication.com/safeframe/1-0-45/html/container.html', 'title': '3rd party ad content', 'id': 'google_ads_iframe_/65246246/timesofmalta.com/billboard1_0', 'class': None, 'width': '728', 'height': '90'}, {'src': None, 'title': '3rd party ad content', 'id': 'google_ads_iframe_/65246246/timesofmalta.com/sidebar1_0', 'class': None, 'width': '300', 'height': '600'}]",859,times_of_malta,news_listing
172,42,67,20,121,0,31,35,6780,1192,14,2,"[{'src': 'https://259ca2e938d750759dc93b2bc5c9374e.safeframe.googlesyndication.com/safeframe/1-0-45/html/container.html', 'title': '3rd party ad content', 'id': 'google_ads_iframe_/65246246/timesofmalta.com/billboard1_0', 'class': None, 'width': '728', 'height': '90'}, {'src': None, 'title': '3rd party ad content', 'id': 'google_ads_iframe_/65246246/timesofmalta.com/sidebar1_0', 'class': None, 'width': '300', 'height': '600'}]",860,times_of_malta,news_listing
172,42,67,20,121,0,31,35,6780,1192,14,2,"[{'src': 'https://259ca2e938d750759dc93b2bc5c9374e.safeframe.googlesyndication.com/safeframe/1-0-45/html/container.html', 'title': '3rd party ad content', 'id': 'google_ads_iframe_/65246246/timesofmalta.com/billboard1_0', 'class': None, 'width': '728', 'height': '90'}, {'src': None, 'title': '3rd party ad content', 'id': 'google_ads_iframe_/65246246/timesofmalta.com/sidebar1_0', 'class': None, 'width': '300', 'height': '600'}]",861,times_of_malta,news_listing
160,42,68,20,101,0,31,35,7060,1145,14,2,"[{'src': 'https://36f3a1eeb1263a5e8175da2252a93741.safeframe.googlesyndication.com/safeframe/1-0-45/html/container.html', 'title': '3rd party ad content', 'id': 'google_ads_iframe_/65246246/timesofmalta.com/billboard1_0', 'class': None, 'width': '728', 'height': '90'}, {'src': 'https://36f3a1eeb1263a5e8175da2252a93741.safeframe.googlesyndication.com/safeframe/1-0-45/html/container.html', 'title': '3rd party ad content', 'id': 'google_ads_iframe_/65246246/timesofmalta.com/sidebar1_0', 'class': None, 'width': '300', 'height': '600'}]",862,times_of_malta,news_listing
160,42,68,20,101,0,31,35,7060,1145,14,2,"[{'src': 'https://36f3a1eeb1263a5e8175da2252a93741.safeframe.googlesyndication.com/safeframe/1-0-45/html/container.html', 'title': '3rd party ad content', 'id': 'google_ads_iframe_/65246246/timesofmalta.com/billboard1_0', 'class': None, 'width': '728', 'height': '90'}, {'src': 'https://36f3a1eeb1263a5e8175da2252a93741.safeframe.googlesyndication.com/safeframe/1-0-45/html/container.html', 'title': '3rd party ad content', 'id': 'google_ads_iframe_/65246246/timesofmalta.com/sidebar1_0', 'class': None, 'width': '300', 'height': '600'}]",863,times_of_malta,news_listing
160,42,68,20,101,0,31,35,7060,1145,14,2,"[{'src': 'https://36f3a1eeb1263a5e8175da2252a93741.safeframe.googlesyndication.com/safeframe/1-0-45/html/container.html', 'title': '3rd party ad content', 'id': 'google_ads_iframe_/65246246/timesofmalta.com/billboard1_0', 'class': None, 'width': '728', 'height': '90'}, {'src': 'https://36f3a1eeb1263a5e8175da2252a93741.safeframe.googlesyndication.com/safeframe/1-0-45/html/container.html', 'title': '3rd party ad content', 'id': 'google_ads_iframe_/65246246/timesofmalta.com/sidebar1_0', 'class': None, 'width': '300', 'height': '600'}]",864,times_of_malta,news_listing
160,42,68,20,101,0,31,35,7060,1145,14,2,"[{'src': 'https://36f3a1eeb1263a5e8175da2252a93741.safeframe.googlesyndication.com/safeframe/1-0-45/html/container.html', 'title': '3rd party ad content', 'id': 'google_ads_iframe_/65246246/timesofmalta.com/billboard1_0', 'class': None, 'width': '728', 'height': '90'}, {'src': 'https://36f3a1eeb1263a5e8175da2252a93741.safeframe.googlesyndication.com/safeframe/1-0-45/html/container.html', 'title': '3rd party ad content', 'id': 'google_ads_iframe_/65246246/timesofmalta.com/sidebar1_0', 'class': None, 'width': '300', 'height': '600'}]",865,times_of_malta,news_listing
160,42,68,20,101,0,31,35,7060,1145,14,2,"[{'src': 'https://36f3a1eeb1263a5e8175da2252a93741.safeframe.googlesyndication.com/safeframe/1-0-45/html/container.html', 'title': '3rd party ad content', 'id': 'google_ads_iframe_/65246246/timesofmalta.com/billboard1_0', 'class': None, 'width': '728', 'height': '90'}, {'src': 'https://36f3a1eeb1263a5e8175da2252a93741.safeframe.googlesyndication.com/safeframe/1-0-45/html/container.html', 'title': '3rd party ad content', 'id': 'google_ads_iframe_/65246246/timesofmalta.com/sidebar1_0', 'class': None, 'width': '300', 'height': '600'}]",866,times_of_malta,news_listing
160,42,68,20,101,0,31,35,7060,1145,14,2,"[{'src': 'https://36f3a1eeb1263a5e8175da2252a93741.safeframe.googlesyndication.com/safeframe/1-0-45/html/container.html', 'title': '3rd party ad content', 'id': 'google_ads_iframe_/65246246/timesofmalta.com/billboard1_0', 'class': None, 'width': '728', 'height': '90'}, {'src': 'https://36f3a1eeb1263a5e8175da2252a93741.safeframe.googlesyndication.com/safeframe/1-0-45/html/container.html', 'title': '3rd party ad content', 'id': 'google_ads_iframe_/65246246/timesofmalta.com/sidebar1_0', 'class': None, 'width': '300', 'height': '600'}]",867,times_of_malta,news_listing
160,42,68,20,101,0,31,35,7060,1145,14,2,"[{'src': 'https://36f3a1eeb1263a5e8175da2252a93741.safeframe.googlesyndication.com/safeframe/1-0-45/html/container.html', 'title': '3rd party ad content', 'id': 'google_ads_iframe_/65246246/timesofmalta.com/billboard1_0', 'class': None, 'width': '728', 'height': '90'}, {'src': 'https://36f3a1eeb1263a5e8175da2252a93741.safeframe.googlesyndication.com/safeframe/1-0-45/html/container.html', 'title': '3rd party ad content', 'id': 'google_ads_iframe_/65246246/timesofmalta.com/sidebar1_0', 'class': None, 'width': '300', 'height': '600'}]",868,times_of_malta,news_listing
160,42,68,20,101,0,31,35,7060,1145,14,2,"[{'src': 'https://36f3a1eeb1263a5e8175da2252a93741.safeframe.googlesyndication.com/safeframe/1-0-45/html/container.html', 'title': '3rd party ad content', 'id': 'google_ads_iframe_/65246246/timesofmalta.com/billboard1_0', 'class': None, 'width': '728', 'height': '90'}, {'src': 'https://36f3a1eeb1263a5e8175da2252a93741.safeframe.googlesyndication.com/safeframe/1-0-45/html/container.html', 'title': '3rd party ad content', 'id': 'google_ads_iframe_/65246246/timesofmalta.com/sidebar1_0', 'class': None, 'width': '300', 'height': '600'}]",869,times_of_malta,news_listing
160,42,68,20,101,0,31,35,7060,1145,14,2,"[{'src': 'https://36f3a1eeb1263a5e8175da2252a93741.safeframe.googlesyndication.com/safeframe/1-0-45/html/container.html', 'title': '3rd party ad content', 'id': 'google_ads_iframe_/65246246/timesofmalta.com/billboard1_0', 'class': None, 'width': '728', 'height': '90'}, {'src': 'https://36f3a1eeb1263a5e8175da2252a93741.safeframe.googlesyndication.com/safeframe/1-0-45/html/container.html', 'title': '3rd party ad content', 'id': 'google_ads_iframe_/65246246/timesofmalta.com/sidebar1_0', 'class': None, 'width': '300', 'height': '600'}]",870,times_of_malta,news_listing
160,42,68,20,104,0,31,35,7095,1173,14,2,"[{'src': 'https://10c12fc94ce2f0a1402ca32677a1efa9.safeframe.googlesyndication.com/safeframe/1-0-45/html/container.html', 'title': '3rd party ad content', 'id': 'google_ads_iframe_/65246246/timesofmalta.com/billboard1_0', 'class': None, 'width': '728', 'height': '90'}, {'src': 'https://10c12fc94ce2f0a1402ca32677a1efa9.safeframe.googlesyndication.com/safeframe/1-0-45/html/container.html', 'title': '3rd party ad content', 'id': 'google_ads_iframe_/65246246/timesofmalta.com/sidebar1_0', 'class': None, 'width': '300', 'height': '600'}]",871,times_of_malta,news_listing
160,42,68,20,104,0,31,35,7095,1173,14,2,"[{'src': 'https://10c12fc94ce2f0a1402ca32677a1efa9.safeframe.googlesyndication.com/safeframe/1-0-45/html/container.html', 'title': '3rd party ad content', 'id': 'google_ads_iframe_/65246246/timesofmalta.com/billboard1_0', 'class': None, 'width': '728', 'height': '90'}, {'src': 'https://10c12fc94ce2f0a1402ca32677a1efa9.safeframe.googlesyndication.com/safeframe/1-0-45/html/container.html', 'title': '3rd party ad content', 'id': 'google_ads_iframe_/65246246/timesofmalta.com/sidebar1_0', 'class': None, 'width': '300', 'height': '600'}]",872,times_of_malta,news_listing
160,42,68,20,104,0,31,35,7095,1173,14,2,"[{'src': 'https://10c12fc94ce2f0a1402ca32677a1efa9.safeframe.googlesyndication.com/safeframe/1-0-45/html/container.html', 'title': '3rd party ad content', 'id': 'google_ads_iframe_/65246246/timesofmalta.com/billboard1_0', 'class': None, 'width': '728', 'height': '90'}, {'src': 'https://10c12fc94ce2f0a1402ca32677a1efa9.safeframe.googlesyndication.com/safeframe/1-0-45/html/container.html', 'title': '3rd party ad content', 'id': 'google_ads_iframe_/65246246/timesofmalta.com/sidebar1_0', 'class': None, 'width': '300', 'height': '600'}]",873,times_of_malta,news_listing
160,42,68,20,104,0,31,35,7095,1173,14,2,"[{'src': 'https://10c12fc94ce2f0a1402ca32677a1efa9.safeframe.googlesyndication.com/safeframe/1-0-45/html/container.html', 'title': '3rd party ad content', 'id': 'google_ads_iframe_/65246246/timesofmalta.com/billboard1_0', 'class': None, 'width': '728', 'height': '90'}, {'src': 'https://10c12fc94ce2f0a1402ca32677a1efa9.safeframe.googlesyndication.com/safeframe/1-0-45/html/container.html', 'title': '3rd party ad content', 'id': 'google_ads_iframe_/65246246/timesofmalta.com/sidebar1_0', 'class': None, 'width': '300', 'height': '600'}]",874,times_of_malta,news_listing
160,42,68,20,104,0,31,35,7095,1173,14,2,"[{'src': 'https://10c12fc94ce2f0a1402ca32677a1efa9.safeframe.googlesyndication.com/safeframe/1-0-45/html/container.html', 'title': '3rd party ad content', 'id': 'google_ads_iframe_/65246246/timesofmalta.com/billboard1_0', 'class': None, 'width': '728', 'height': '90'}, {'src': 'https://10c12fc94ce2f0a1402ca32677a1efa9.safeframe.googlesyndication.com/safeframe/1-0-45/html/container.html', 'title': '3rd party ad content', 'id': 'google_ads_iframe_/65246246/timesofmalta.com/sidebar1_0', 'class': None, 'width': '300', 'height': '600'}]",875,times_of_malta,news_listing
160,42,68,20,104,0,31,35,7095,1173,14,2,"[{'src': 'https://10c12fc94ce2f0a1402ca32677a1efa9.safeframe.googlesyndication.com/safeframe/1-0-45/html/container.html', 'title': '3rd party ad content', 'id': 'google_ads_iframe_/65246246/timesofmalta.com/billboard1_0', 'class': None, 'width': '728', 'height': '90'}, {'src': 'https://10c12fc94ce2f0a1402ca32677a1efa9.safeframe.googlesyndication.com/safeframe/1-0-45/html/container.html', 'title': '3rd party ad content', 'id': 'google_ads_iframe_/65246246/timesofmalta.com/sidebar1_0', 'class': None, 'width': '300', 'height': '600'}]",876,times_of_malta,news_listing
160,42,68,20,104,0,31,35,7095,1173,14,2,"[{'src': 'https://10c12fc94ce2f0a1402ca32677a1efa9.safeframe.googlesyndication.com/safeframe/1-0-45/html/container.html', 'title': '3rd party ad content', 'id': 'google_ads_iframe_/65246246/timesofmalta.com/billboard1_0', 'class': None, 'width': '728', 'height': '90'}, {'src': 'https://10c12fc94ce2f0a1402ca32677a1efa9.safeframe.googlesyndication.com/safeframe/1-0-45/html/container.html', 'title': '3rd party ad content', 'id': 'google_ads_iframe_/65246246/timesofmalta.com/sidebar1_0', 'class': None, 'width': '300', 'height': '600'}]",877,times_of_malta,news_listing
160,42,68,20,104,0,31,35,7095,1173,14,2,"[{'src': 'https://10c12fc94ce2f0a1402ca32677a1efa9.safeframe.googlesyndication.com/safeframe/1-0-45/html/container.html', 'title': '3rd party ad content', 'id': 'google_ads_iframe_/65246246/timesofmalta.com/billboard1_0', 'class': None, 'width': '728', 'height': '90'}, {'src': 'https://10c12fc94ce2f0a1402ca32677a1efa9.safeframe.googlesyndication.com/safeframe/1-0-45/html/container.html', 'title': '3rd party ad content', 'id': 'google_ads_iframe_/65246246/timesofmalta.com/sidebar1_0', 'class': None, 'width': '300', 'height': '600'}]",878,times_of_malta,news_listing
160,42,68,20,104,0,31,35,7095,1173,14,2,"[{'src': 'https://10c12fc94ce2f0a1402ca32677a1efa9.safeframe.googlesyndication.com/safeframe/1-0-45/html/container.html', 'title': '3rd party ad content', 'id': 'google_ads_iframe_/65246246/timesofmalta.com/billboard1_0', 'class': None, 'width': '728', 'height': '90'}, {'src': 'https://10c12fc94ce2f0a1402ca32677a1efa9.safeframe.googlesyndication.com/safeframe/1-0-45/html/container.html', 'title': '3rd party ad content', 'id': 'google_ads_iframe_/65246246/timesofmalta.com/sidebar1_0', 'class': None, 'width': '300', 'height': '600'}]",879,times_of_malta,news_listing
160,42,68,20,104,0,31,35,7095,1173,14,2,"[{'src': 'https://10c12fc94ce2f0a1402ca32677a1efa9.safeframe.googlesyndication.com/safeframe/1-0-45/html/container.html', 'title': '3rd party ad content', 'id': 'google_ads_iframe_/65246246/timesofmalta.com/billboard1_0', 'class': None, 'width': '728', 'height': '90'}, {'src': 'https://10c12fc94ce2f0a1402ca32677a1efa9.safeframe.googlesyndication.com/safeframe/1-0-45/html/container.html', 'title': '3rd party ad content', 'id': 'google_ads_iframe_/65246246/timesofmalta.com/sidebar1_0', 'class': None, 'width': '300', 'height': '600'}]",880,times_of_malta,news_listing
151,39,67,20,94,0,31,31,6016,973,14,2,"[{'src': 'https://ac60ad43b0456784e1107fa87acb857c.safeframe.googlesyndication.com/safeframe/1-0-45/html/container.html', 'title': '3rd party ad content', 'id': 'google_ads_iframe_/65246246/timesofmalta.com/billboard1_0', 'class': None, 'width': '728', 'height': '90'}, {'src': None, 'title': '3rd party ad content', 'id': 'google_ads_iframe_/65246246/timesofmalta.com/sidebar1_0', 'class': None, 'width': '300', 'height': '600'}]",881,times_of_malta,news_listing
151,39,67,20,94,0,31,31,6016,973,14,2,"[{'src': 'https://ac60ad43b0456784e1107fa87acb857c.safeframe.googlesyndication.com/safeframe/1-0-45/html/container.html', 'title': '3rd party ad content', 'id': 'google_ads_iframe_/65246246/timesofmalta.com/billboard1_0', 'class': None, 'width': '728', 'height': '90'}, {'src': None, 'title': '3rd party ad content', 'id': 'google_ads_iframe_/65246246/timesofmalta.com/sidebar1_0', 'class': None, 'width': '300', 'height': '600'}]",882,times_of_malta,news_listing
151,39,67,20,94,0,31,31,6016,973,14,2,"[{'src': 'https://ac60ad43b0456784e1107fa87acb857c.safeframe.googlesyndication.com/safeframe/1-0-45/html/container.html', 'title': '3rd party ad content', 'id': 'google_ads_iframe_/65246246/timesofmalta.com/billboard1_0', 'class': None, 'width': '728', 'height': '90'}, {'src': None, 'title': '3rd party ad content', 'id': 'google_ads_iframe_/65246246/timesofmalta.com/sidebar1_0', 'class': None, 'width': '300', 'height': '600'}]",883,times_of_malta,news_listing
151,39,67,20,94,0,31,31,6016,973,14,2,"[{'src': 'https://ac60ad43b0456784e1107fa87acb857c.safeframe.googlesyndication.com/safeframe/1-0-45/html/container.html', 'title': '3rd party ad content', 'id': 'google_ads_iframe_/65246246/timesofmalta.com/billboard1_0', 'class': None, 'width': '728', 'height': '90'}, {'src': None, 'title': '3rd party ad content', 'id': 'google_ads_iframe_/65246246/timesofmalta.com/sidebar1_0', 'class': None, 'width': '300', 'height': '600'}]",884,times_of_malta,news_listing
151,39,67,20,94,0,31,31,6016,973,14,2,"[{'src': 'https://ac60ad43b0456784e1107fa87acb857c.safeframe.googlesyndication.com/safeframe/1-0-45/html/container.html', 'title': '3rd party ad content', 'id': 'google_ads_iframe_/65246246/timesofmalta.com/billboard1_0', 'class': None, 'width': '728', 'height': '90'}, {'src': None, 'title': '3rd party ad content', 'id': 'google_ads_iframe_/65246246/timesofmalta.com/sidebar1_0', 'class': None, 'width': '300', 'height': '600'}]",885,times_of_malta,news_listing
151,39,67,20,94,0,31,31,6016,973,14,2,"[{'src': 'https://ac60ad43b0456784e1107fa87acb857c.safeframe.googlesyndication.com/safeframe/1-0-45/html/container.html', 'title': '3rd party ad content', 'id': 'google_ads_iframe_/65246246/timesofmalta.com/billboard1_0', 'class': None, 'width': '728', 'height': '90'}, {'src': None, 'title': '3rd party ad content', 'id': 'google_ads_iframe_/65246246/timesofmalta.com/sidebar1_0', 'class': None, 'width': '300', 'height': '600'}]",886,times_of_malta,news_listing
151,39,67,20,94,0,31,31,6016,973,14,2,"[{'src': 'https://ac60ad43b0456784e1107fa87acb857c.safeframe.googlesyndication.com/safeframe/1-0-45/html/container.html', 'title': '3rd party ad content', 'id': 'google_ads_iframe_/65246246/timesofmalta.com/billboard1_0', 'class': None, 'width': '728', 'height': '90'}, {'src': None, 'title': '3rd party ad content', 'id': 'google_ads_iframe_/65246246/timesofmalta.com/sidebar1_0', 'class': None, 'width': '300', 'height': '600'}]",887,times_of_malta,news_listing
151,39,67,20,94,0,31,31,6016,973,14,2,"[{'src': 'https://ac60ad43b0456784e1107fa87acb857c.safeframe.googlesyndication.com/safeframe/1-0-45/html/container.html', 'title': '3rd party ad content', 'id': 'google_ads_iframe_/65246246/timesofmalta.com/billboard1_0', 'class': None, 'width': '728', 'height': '90'}, {'src': None, 'title': '3rd party ad content', 'id': 'google_ads_iframe_/65246246/timesofmalta.com/sidebar1_0', 'class': None, 'width': '300', 'height': '600'}]",888,times_of_malta,news_listing
174,42,66,14,105,0,31,35,6681,1136,14,2,"[{'src': None, 'title': '3rd party ad content', 'id': 'google_ads_iframe_/65246246/timesofmalta.com/billboard1_0', 'class': None, 'width': '728', 'height': '90'}, {'src': None, 'title': '3rd party ad content', 'id': 'google_ads_iframe_/65246246/timesofmalta.com/sidebar1_0', 'class': None, 'width': '300', 'height': '600'}]",889,times_of_malta,news_listing
174,42,66,14,105,0,31,35,6681,1136,14,2,"[{'src': None, 'title': '3rd party ad content', 'id': 'google_ads_iframe_/65246246/timesofmalta.com/billboard1_0', 'class': None, 'width': '728', 'height': '90'}, {'src': None, 'title': '3rd party ad content', 'id': 'google_ads_iframe_/65246246/timesofmalta.com/sidebar1_0', 'class': None, 'width': '300', 'height': '600'}]",890,times_of_malta,news_listing
174,42,66,14,105,0,31,35,6681,1136,14,2,"[{'src': None, 'title': '3rd party ad content', 'id': 'google_ads_iframe_/65246246/timesofmalta.com/billboard1_0', 'class': None, 'width': '728', 'height': '90'}, {'src': None, 'title': '3rd party ad content', 'id': 'google_ads_iframe_/65246246/timesofmalta.com/sidebar1_0', 'class': None, 'width': '300', 'height': '600'}]",891,times_of_malta,news_listing
174,42,66,14,105,0,31,35,6681,1136,14,2,"[{'src': None, 'title': '3rd party ad content', 'id': 'google_ads_iframe_/65246246/timesofmalta.com/billboard1_0', 'class': None, 'width': '728', 'height': '90'}, {'src': None, 'title': '3rd party ad content', 'id': 'google_ads_iframe_/65246246/timesofmalta.com/sidebar1_0', 'class': None, 'width': '300', 'height': '600'}]",892,times_of_malta,news_listing
174,42,66,14,105,0,31,35,6681,1136,14,2,"[{'src': None, 'title': '3rd party ad content', 'id': 'google_ads_iframe_/65246246/timesofmalta.com/billboard1_0', 'class': None, 'width': '728', 'height': '90'}, {'src': None, 'title': '3rd party ad content', 'id': 'google_ads_iframe_/65246246/timesofmalta.com/sidebar1_0', 'class': None, 'width': '300', 'height': '600'}]",893,times_of_malta,news_listing
174,42,66,14,105,0,31,35,6681,1136,14,2,"[{'src': None, 'title': '3rd party ad content', 'id': 'google_ads_iframe_/65246246/timesofmalta.com/billboard1_0', 'class': None, 'width': '728', 'height': '90'}, {'src': None, 'title': '3rd party ad content', 'id': 'google_ads_iframe_/65246246/timesofmalta.com/sidebar1_0', 'class': None, 'width': '300', 'height': '600'}]",894,times_of_malta,news_listing
174,42,66,14,105,0,31,35,6681,1136,14,2,"[{'src': None, 'title': '3rd party ad content', 'id': 'google_ads_iframe_/65246246/timesofmalta.com/billboard1_0', 'class': None, 'width': '728', 'height': '90'}, {'src': None, 'title': '3rd party ad content', 'id': 'google_ads_iframe_/65246246/timesofmalta.com/sidebar1_0', 'class': None, 'width': '300', 'height': '600'}]",895,times_of_malta,news_listing
174,42,66,14,105,0,31,35,6681,1136,14,2,"[{'src': None, 'title': '3rd party ad content', 'id': 'google_ads_iframe_/65246246/timesofmalta.com/billboard1_0', 'class': None, 'width': '728', 'height': '90'}, {'src': None, 'title': '3rd party ad content', 'id': 'google_ads_iframe_/65246246/timesofmalta.com/sidebar1_0', 'class': None, 'width': '300', 'height': '600'}]",896,times_of_malta,news_listing
174,42,66,14,105,0,31,35,6681,1136,14,2,"[{'src': None, 'title': '3rd party ad content', 'id': 'google_ads_iframe_/65246246/timesofmalta.com/billboard1_0', 'class': None, 'width': '728', 'height': '90'}, {'src': None, 'title': '3rd party ad content', 'id': 'google_ads_iframe_/65246246/timesofmalta.com/sidebar1_0', 'class': None, 'width': '300', 'height': '600'}]",897,times_of_malta,news_listing
174,42,66,14,105,0,31,35,6681,1136,14,2,"[{'src': None, 'title': '3rd party ad content', 'id': 'google_ads_iframe_/65246246/timesofmalta.com/billboard1_0', 'class': None, 'width': '728', 'height': '90'}, {'src': None, 'title': '3rd party ad content', 'id': 'google_ads_iframe_/65246246/timesofmalta.com/sidebar1_0', 'class': None, 'width': '300', 'height': '600'}]",898,times_of_malta,news_listing
174,42,66,14,105,0,31,35,6681,1136,14,2,"[{'src': None, 'title': '3rd party ad content', 'id': 'google_ads_iframe_/65246246/timesofmalta.com/billboard1_0', 'class': None, 'width': '728', 'height': '90'}, {'src': None, 'title': '3rd party ad content', 'id': 'google_ads_iframe_/65246246/timesofmalta.com/sidebar1_0', 'class': None, 'width': '300', 'height': '600'}]",899,times_of_malta,news_listing
174,42,66,14,105,0,31,35,6681,1136,14,2,"[{'src': None, 'title': '3rd party ad content', 'id': 'google_ads_iframe_/65246246/timesofmalta.com/billboard1_0', 'class': None, 'width': '728', 'height': '90'}, {'src': None, 'title': '3rd party ad content', 'id': 'google_ads_iframe_/65246246/timesofmalta.com/sidebar1_0', 'class': None, 'width': '300', 'height': '600'}]",900,times_of_malta,news_listing
175,42,65,21,117,0,31,35,7216,1192,14,2,"[{'src': None, 'title': '3rd party ad content', 'id': 'google_ads_iframe_/65246246/timesofmalta.com/billboard1_0', 'class': None, 'width': '728', 'height': '90'}, {'src': None, 'title': '3rd party ad content', 'id': 'google_ads_iframe_/65246246/timesofmalta.com/sidebar1_0', 'class': None, 'width': '300', 'height': '600'}]",901,times_of_malta,news_listing
175,42,65,21,117,0,31,35,7216,1192,14,2,"[{'src': None, 'title': '3rd party ad content', 'id': 'google_ads_iframe_/65246246/timesofmalta.com/billboard1_0', 'class': None, 'width': '728', 'height': '90'}, {'src': None, 'title': '3rd party ad content', 'id': 'google_ads_iframe_/65246246/timesofmalta.com/sidebar1_0', 'class': None, 'width': '300', 'height': '600'}]",902,times_of_malta,news_listing
175,42,65,21,117,0,31,35,7216,1192,14,2,"[{'src': None, 'title': '3rd party ad content', 'id': 'google_ads_iframe_/65246246/timesofmalta.com/billboard1_0', 'class': None, 'width': '728', 'height': '90'}, {'src': None, 'title': '3rd party ad content', 'id': 'google_ads_iframe_/65246246/timesofmalta.com/sidebar1_0', 'class': None, 'width': '300', 'height': '600'}]",903,times_of_malta,news_listing
175,42,65,21,117,0,31,35,7216,1192,14,2,"[{'src': None, 'title': '3rd party ad content', 'id': 'google_ads_iframe_/65246246/timesofmalta.com/billboard1_0', 'class': None, 'width': '728', 'height': '90'}, {'src': None, 'title': '3rd party ad content', 'id': 'google_ads_iframe_/65246246/timesofmalta.com/sidebar1_0', 'class': None, 'width': '300', 'height': '600'}]",904,times_of_malta,news_listing
175,42,65,21,117,0,31,35,7216,1192,14,2,"[{'src': None, 'title': '3rd party ad content', 'id': 'google_ads_iframe_/65246246/timesofmalta.com/billboard1_0', 'class': None, 'width': '728', 'height': '90'}, {'src': None, 'title': '3rd party ad content', 'id': 'google_ads_iframe_/65246246/timesofmalta.com/sidebar1_0', 'class': None, 'width': '300', 'height': '600'}]",905,times_of_malta,news_listing
175,42,65,21,117,0,31,35,7216,1192,14,2,"[{'src': None, 'title': '3rd party ad content', 'id': 'google_ads_iframe_/65246246/timesofmalta.com/billboard1_0', 'class': None, 'width': '728', 'height': '90'}, {'src': None, 'title': '3rd party ad content', 'id': 'google_ads_iframe_/65246246/timesofmalta.com/sidebar1_0', 'class': None, 'width': '300', 'height': '600'}]",906,times_of_malta,news_listing
175,42,65,21,117,0,31,35,7216,1192,14,2,"[{'src': None, 'title': '3rd party ad content', 'id': 'google_ads_iframe_/65246246/timesofmalta.com/billboard1_0', 'class': None, 'width': '728', 'height': '90'}, {'src': None, 'title': '3rd party ad content', 'id': 'google_ads_iframe_/65246246/timesofmalta.com/sidebar1_0', 'class': None, 'width': '300', 'height': '600'}]",907,times_of_malta,news_listing
175,42,65,21,117,0,31,35,7216,1192,14,2,"[{'src': None, 'title': '3rd party ad content', 'id': 'google_ads_iframe_/65246246/timesofmalta.com/billboard1_0', 'class': None, 'width': '728', 'height': '90'}, {'src': None, 'title': '3rd party ad content', 'id': 'google_ads_iframe_/65246246/timesofmalta.com/sidebar1_0', 'class': None, 'width': '300', 'height': '600'}]",908,times_of_malta,news_listing
175,42,65,21,117,0,31,35,7216,1192,14,2,"[{'src': None, 'title': '3rd party ad content', 'id': 'google_ads_iframe_/65246246/timesofmalta.com/billboard1_0', 'class': None, 'width': '728', 'height': '90'}, {'src': None, 'title': '3rd party ad content', 'id': 'google_ads_iframe_/65246246/timesofmalta.com/sidebar1_0', 'class': None, 'width': '300', 'height': '600'}]",909,times_of_malta,news_listing
175,42,65,21,117,0,31,35,7216,1192,14,2,"[{'src': None, 'title': '3rd party ad content', 'id': 'google_ads_iframe_/65246246/timesofmalta.com/billboard1_0', 'class': None, 'width': '728', 'height': '90'}, {'src': None, 'title': '3rd party ad content', 'id': 'google_ads_iframe_/65246246/timesofmalta.com/sidebar1_0', 'class': None, 'width': '300', 'height': '600'}]",910,times_of_malta,news_listing
175,42,65,21,117,0,31,35,7216,1192,14,2,"[{'src': None, 'title': '3rd party ad content', 'id': 'google_ads_iframe_/65246246/timesofmalta.com/billboard1_0', 'class': None, 'width': '728', 'height': '90'}, {'src': None, 'title': '3rd party ad content', 'id': 'google_ads_iframe_/65246246/timesofmalta.com/sidebar1_0', 'class': None, 'width': '300', 'height': '600'}]",911,times_of_malta,news_listing
173,42,65,21,92,0,31,35,6654,1135,14,2,"[{'src': None, 'title': '3rd party ad content', 'id': 'google_ads_iframe_/65246246/timesofmalta.com/billboard1_0', 'class': None, 'width': '728', 'height': '90'}, {'src': None, 'title': '3rd party ad content', 'id': 'google_ads_iframe_/65246246/timesofmalta.com/sidebar1_0', 'class': None, 'width': '300', 'height': '600'}]",912,times_of_malta,news_listing
173,42,65,21,92,0,31,35,6654,1135,14,2,"[{'src': None, 'title': '3rd party ad content', 'id': 'google_ads_iframe_/65246246/timesofmalta.com/billboard1_0', 'class': None, 'width': '728', 'height': '90'}, {'src': None, 'title': '3rd party ad content', 'id': 'google_ads_iframe_/65246246/timesofmalta.com/sidebar1_0', 'class': None, 'width': '300', 'height': '600'}]",913,times_of_malta,news_listing
173,42,65,21,92,0,31,35,6654,1135,14,2,"[{'src': None, 'title': '3rd party ad content', 'id': 'google_ads_iframe_/65246246/timesofmalta.com/billboard1_0', 'class': None, 'width': '728', 'height': '90'}, {'src': None, 'title': '3rd party ad content', 'id': 'google_ads_iframe_/65246246/timesofmalta.com/sidebar1_0', 'class': None, 'width': '300', 'height': '600'}]",914,times_of_malta,news_listing
173,42,65,21,92,0,31,35,6654,1135,14,2,"[{'src': None, 'title': '3rd party ad content', 'id': 'google_ads_iframe_/65246246/timesofmalta.com/billboard1_0', 'class': None, 'width': '728', 'height': '90'}, {'src': None, 'title': '3rd party ad content', 'id': 'google_ads_iframe_/65246246/timesofmalta.com/sidebar1_0', 'class': None, 'width': '300', 'height': '600'}]",915,times_of_malta,news_listing
173,42,65,21,92,0,31,35,6654,1135,14,2,"[{'src': None, 'title': '3rd party ad content', 'id': 'google_ads_iframe_/65246246/timesofmalta.com/billboard1_0', 'class': None, 'width': '728', 'height': '90'}, {'src': None, 'title': '3rd party ad content', 'id': 'google_ads_iframe_/65246246/timesofmalta.com/sidebar1_0', 'class': None, 'width': '300', 'height': '600'}]",916,times_of_malta,news_listing
173,42,65,21,92,0,31,35,6654,1135,14,2,"[{'src': None, 'title': '3rd party ad content', 'id': 'google_ads_iframe_/65246246/timesofmalta.com/billboard1_0', 'class': None, 'width': '728', 'height': '90'}, {'src': None, 'title': '3rd party ad content', 'id': 'google_ads_iframe_/65246246/timesofmalta.com/sidebar1_0', 'class': None, 'width': '300', 'height': '600'}]",917,times_of_malta,news_listing
173,42,65,21,92,0,31,35,6654,1135,14,2,"[{'src': None, 'title': '3rd party ad content', 'id': 'google_ads_iframe_/65246246/timesofmalta.com/billboard1_0', 'class': None, 'width': '728', 'height': '90'}, {'src': None, 'title': '3rd party ad content', 'id': 'google_ads_iframe_/65246246/timesofmalta.com/sidebar1_0', 'class': None, 'width': '300', 'height': '600'}]",918,times_of_malta,news_listing
173,42,65,21,92,0,31,35,6654,1135,14,2,"[{'src': None, 'title': '3rd party ad content', 'id': 'google_ads_iframe_/65246246/timesofmalta.com/billboard1_0', 'class': None, 'width': '728', 'height': '90'}, {'src': None, 'title': '3rd party ad content', 'id': 'google_ads_iframe_/65246246/timesofmalta.com/sidebar1_0', 'class': None, 'width': '300', 'height': '600'}]",919,times_of_malta,news_listing
173,42,65,21,92,0,31,35,6654,1135,14,2,"[{'src': None, 'title': '3rd party ad content', 'id': 'google_ads_iframe_/65246246/timesofmalta.com/billboard1_0', 'class': None, 'width': '728', 'height': '90'}, {'src': None, 'title': '3rd party ad content', 'id': 'google_ads_iframe_/65246246/timesofmalta.com/sidebar1_0', 'class': None, 'width': '300', 'height': '600'}]",920,times_of_malta,news_listing
173,42,65,21,92,0,31,35,6654,1135,14,2,"[{'src': None, 'title': '3rd party ad content', 'id': 'google_ads_iframe_/65246246/timesofmalta.com/billboard1_0', 'class': None, 'width': '728', 'height': '90'}, {'src': None, 'title': '3rd party ad content', 'id': 'google_ads_iframe_/65246246/timesofmalta.com/sidebar1_0', 'class': None, 'width': '300', 'height': '600'}]",921,times_of_malta,news_listing
173,42,65,21,92,0,31,35,6654,1135,14,2,"[{'src': None, 'title': '3rd party ad content', 'id': 'google_ads_iframe_/65246246/timesofmalta.com/billboard1_0', 'class': None, 'width': '728', 'height': '90'}, {'src': None, 'title': '3rd party ad content', 'id': 'google_ads_iframe_/65246246/timesofmalta.com/sidebar1_0', 'class': None, 'width': '300', 'height': '600'}]",922,times_of_malta,news_listing
173,42,65,21,92,0,31,35,6654,1135,14,2,"[{'src': None, 'title': '3rd party ad content', 'id': 'google_ads_iframe_/65246246/timesofmalta.com/billboard1_0', 'class': None, 'width': '728', 'height': '90'}, {'src': None, 'title': '3rd party ad content', 'id': 'google_ads_iframe_/65246246/timesofmalta.com/sidebar1_0', 'class': None, 'width': '300', 'height': '600'}]",923,times_of_malta,news_listing
173,42,65,21,103,0,31,35,6791,1147,14,2,"[{'src': None, 'title': '3rd party ad content', 'id': 'google_ads_iframe_/65246246/timesofmalta.com/billboard1_0', 'class': None, 'width': '728', 'height': '90'}, {'src': None, 'title': '3rd party ad content', 'id': 'google_ads_iframe_/65246246/timesofmalta.com/sidebar1_0', 'class': None, 'width': '300', 'height': '600'}]",924,times_of_malta,news_listing
173,42,65,21,103,0,31,35,6791,1147,14,2,"[{'src': None, 'title': '3rd party ad content', 'id': 'google_ads_iframe_/65246246/timesofmalta.com/billboard1_0', 'class': None, 'width': '728', 'height': '90'}, {'src': None, 'title': '3rd party ad content', 'id': 'google_ads_iframe_/65246246/timesofmalta.com/sidebar1_0', 'class': None, 'width': '300', 'height': '600'}]",925,times_of_malta,news_listing
173,42,65,21,103,0,31,35,6791,1147,14,2,"[{'src': None, 'title': '3rd party ad content', 'id': 'google_ads_iframe_/65246246/timesofmalta.com/billboard1_0', 'class': None, 'width': '728', 'height': '90'}, {'src': None, 'title': '3rd party ad content', 'id': 'google_ads_iframe_/65246246/timesofmalta.com/sidebar1_0', 'class': None, 'width': '300', 'height': '600'}]",926,times_of_malta,news_listing
173,42,65,21,103,0,31,35,6791,1147,14,2,"[{'src': None, 'title': '3rd party ad content', 'id': 'google_ads_iframe_/65246246/timesofmalta.com/billboard1_0', 'class': None, 'width': '728', 'height': '90'}, {'src': None, 'title': '3rd party ad content', 'id': 'google_ads_iframe_/65246246/timesofmalta.com/sidebar1_0', 'class': None, 'width': '300', 'height': '600'}]",927,times_of_malta,news_listing
173,42,65,21,103,0,31,35,6791,1147,14,2,"[{'src': None, 'title': '3rd party ad content', 'id': 'google_ads_iframe_/65246246/timesofmalta.com/billboard1_0', 'class': None, 'width': '728', 'height': '90'}, {'src': None, 'title': '3rd party ad content', 'id': 'google_ads_iframe_/65246246/timesofmalta.com/sidebar1_0', 'class': None, 'width': '300', 'height': '600'}]",928,times_of_malta,news_listing
173,42,65,21,103,0,31,35,6791,1147,14,2,"[{'src': None, 'title': '3rd party ad content', 'id': 'google_ads_iframe_/65246246/timesofmalta.com/billboard1_0', 'class': None, 'width': '728', 'height': '90'}, {'src': None, 'title': '3rd party ad content', 'id': 'google_ads_iframe_/65246246/timesofmalta.com/sidebar1_0', 'class': None, 'width': '300', 'height': '600'}]",929,times_of_malta,news_listing
173,42,65,21,103,0,31,35,6791,1147,14,2,"[{'src': None, 'title': '3rd party ad content', 'id': 'google_ads_iframe_/65246246/timesofmalta.com/billboard1_0', 'class': None, 'width': '728', 'height': '90'}, {'src': None, 'title': '3rd party ad content', 'id': 'google_ads_iframe_/65246246/timesofmalta.com/sidebar1_0', 'class': None, 'width': '300', 'height': '600'}]",930,times_of_malta,news_listing
173,42,65,21,103,0,31,35,6791,1147,14,2,"[{'src': None, 'title': '3rd party ad content', 'id': 'google_ads_iframe_/65246246/timesofmalta.com/billboard1_0', 'class': None, 'width': '728', 'height': '90'}, {'src': None, 'title': '3rd party ad content', 'id': 'google_ads_iframe_/65246246/timesofmalta.com/sidebar1_0', 'class': None, 'width': '300', 'height': '600'}]",931,times_of_malta,news_listing
173,42,65,21,103,0,31,35,6791,1147,14,2,"[{'src': None, 'title': '3rd party ad content', 'id': 'google_ads_iframe_/65246246/timesofmalta.com/billboard1_0', 'class': None, 'width': '728', 'height': '90'}, {'src': None, 'title': '3rd party ad content', 'id': 'google_ads_iframe_/65246246/timesofmalta.com/sidebar1_0', 'class': None, 'width': '300', 'height': '600'}]",932,times_of_malta,news_listing
173,42,65,21,103,0,31,35,6791,1147,14,2,"[{'src': None, 'title': '3rd party ad content', 'id': 'google_ads_iframe_/65246246/timesofmalta.com/billboard1_0', 'class': None, 'width': '728', 'height': '90'}, {'src': None, 'title': '3rd party ad content', 'id': 'google_ads_iframe_/65246246/timesofmalta.com/sidebar1_0', 'class': None, 'width': '300', 'height': '600'}]",933,times_of_malta,news_listing
173,42,65,21,103,0,31,35,6791,1147,14,2,"[{'src': None, 'title': '3rd party ad content', 'id': 'google_ads_iframe_/65246246/timesofmalta.com/billboard1_0', 'class': None, 'width': '728', 'height': '90'}, {'src': None, 'title': '3rd party ad content', 'id': 'google_ads_iframe_/65246246/timesofmalta.com/sidebar1_0', 'class': None, 'width': '300', 'height': '600'}]",934,times_of_malta,news_listing
173,42,65,21,103,0,31,35,6791,1147,14,2,"[{'src': None, 'title': '3rd party ad content', 'id': 'google_ads_iframe_/65246246/timesofmalta.com/billboard1_0', 'class': None, 'width': '728', 'height': '90'}, {'src': None, 'title': '3rd party ad content', 'id': 'google_ads_iframe_/65246246/timesofmalta.com/sidebar1_0', 'class': None, 'width': '300', 'height': '600'}]",935,times_of_malta,news_listing
60,27,81,19,22,1,25,4,5595,844,19,1,"[{'src': None, 'title': '3rd party ad content', 'id': 'google_ads_iframe_/65246246/timesofmalta.com/billboard1_0', 'class': None, 'width': '728', 'height': '90'}]",936,times_of_malta,article_pages
60,27,81,19,22,1,25,4,5595,844,19,1,"[{'src': None, 'title': '3rd party ad content', 'id': 'google_ads_iframe_/65246246/timesofmalta.com/billboard1_0', 'class': None, 'width': '728', 'height': '90'}]",937,times_of_malta,article_pages
60,27,81,19,22,1,25,4,5595,844,19,1,"[{'src': None, 'title': '3rd party ad content', 'id': 'google_ads_iframe_/65246246/timesofmalta.com/billboard1_0', 'class': None, 'width': '728', 'height': '90'}]",938,times_of_malta,article_pages
60,27,81,19,22,1,25,4,5595,844,19,1,"[{'src': None, 'title': '3rd party ad content', 'id': 'google_ads_iframe_/65246246/timesofmalta.com/billboard1_0', 'class': None, 'width': '728', 'height': '90'}]",939,times_of_malta,article_pages
60,27,81,19,22,1,25,4,5595,844,19,1,"[{'src': None, 'title': '3rd party ad content', 'id': 'google_ads_iframe_/65246246/timesofmalta.com/billboard1_0', 'class': None, 'width': '728', 'height': '90'}]",940,times_of_malta,article_pages
60,27,81,19,22,1,25,4,5595,844,19,1,"[{'src': None, 'title': '3rd party ad content', 'id': 'google_ads_iframe_/65246246/timesofmalta.com/billboard1_0', 'class': None, 'width': '728', 'height': '90'}]",941,times_of_malta,article_pages
60,27,81,19,22,1,25,4,5595,844,19,1,"[{'src': None, 'title': '3rd party ad content', 'id': 'google_ads_iframe_/65246246/timesofmalta.com/billboard1_0', 'class': None, 'width': '728', 'height': '90'}]",942,times_of_malta,article_pages
60,27,81,19,22,1,25,4,5595,844,19,1,"[{'src': None, 'title': '3rd party ad content', 'id': 'google_ads_iframe_/65246246/timesofmalta.com/billboard1_0', 'class': None, 'width': '728', 'height': '90'}]",943,times_of_malta,article_pages
60,27,81,19,22,1,25,4,5595,844,19,1,"[{'src': None, 'title': '3rd party ad content', 'id': 'google_ads_iframe_/65246246/timesofmalta.com/billboard1_0', 'class': None, 'width': '728', 'height': '90'}]",944,times_of_malta,article_pages
60,27,81,19,22,1,25,4,5595,844,19,1,"[{'src': None, 'title': '3rd party ad content', 'id': 'google_ads_iframe_/65246246/timesofmalta.com/billboard1_0', 'class': None, 'width': '728', 'height': '90'}]",945,times_of_malta,article_pages
60,27,81,19,22,1,25,4,5595,844,19,1,"[{'src': None, 'title': '3rd party ad content', 'id': 'google_ads_iframe_/65246246/timesofmalta.com/billboard1_0', 'class': None, 'width': '728', 'height': '90'}]",946,times_of_malta,article_pages
60,27,81,19,22,1,25,4,5595,844,19,1,"[{'src': None, 'title': '3rd party ad content', 'id': 'google_ads_iframe_/65246246/timesofmalta.com/billboard1_0', 'class': None, 'width': '728', 'height': '90'}]",947,times_of_malta,article_pages
58,26,73,17,22,1,14,4,3045,486,15,1,"[{'src': None, 'title': '3rd party ad content', 'id': 'google_ads_iframe_/65246246/timesofmalta.com/billboard1_0', 'class': None, 'width': '728', 'height': '90'}]",948,times_of_malta,article_pages
58,26,73,17,22,1,14,4,3045,486,15,1,"[{'src': None, 'title': '3rd party ad content', 'id': 'google_ads_iframe_/65246246/timesofmalta.com/billboard1_0', 'class': None, 'width': '728', 'height': '90'}]",949,times_of_malta,article_pages
58,26,73,17,22,1,14,4,3045,486,15,1,"[{'src': None, 'title': '3rd party ad content', 'id': 'google_ads_iframe_/65246246/timesofmalta.com/billboard1_0', 'class': None, 'width': '728', 'height': '90'}]",950,times_of_malta,article_pages
58,26,73,17,22,1,14,4,3045,486,15,1,"[{'src': None, 'title': '3rd party ad content', 'id': 'google_ads_iframe_/65246246/timesofmalta.com/billboard1_0', 'class': None, 'width': '728', 'height': '90'}]",951,times_of_malta,article_pages
58,26,73,17,22,1,14,4,3045,486,15,1,"[{'src': None, 'title': '3rd party ad content', 'id': 'google_ads_iframe_/65246246/timesofmalta.com/billboard1_0', 'class': None, 'width': '728', 'height': '90'}]",952,times_of_malta,article_pages
58,26,73,17,22,1,14,4,3045,486,15,1,"[{'src': None, 'title': '3rd party ad content', 'id': 'google_ads_iframe_/65246246/timesofmalta.com/billboard1_0', 'class': None, 'width': '728', 'height': '90'}]",953,times_of_malta,article_pages
58,26,73,17,22,1,14,4,3045,486,15,1,"[{'src': None, 'title': '3rd party ad content', 'id': 'google_ads_iframe_/65246246/timesofmalta.com/billboard1_0', 'class': None, 'width': '728', 'height': '90'}]",954,times_of_malta,article_pages
55,27,78,19,22,1,21,2,6244,947,19,1,"[{'src': None, 'title': '3rd party ad content', 'id': 'google_ads_iframe_/65246246/timesofmalta.com/billboard1_0', 'class': None, 'width': '728', 'height': '90'}]",955,times_of_malta,article_pages
55,27,78,19,22,1,21,2,6244,947,19,1,"[{'src': None, 'title': '3rd party ad content', 'id': 'google_ads_iframe_/65246246/timesofmalta.com/billboard1_0', 'class': None, 'width': '728', 'height': '90'}]",956,times_of_malta,article_pages
55,27,78,19,22,1,21,2,6244,947,19,1,"[{'src': None, 'title': '3rd party ad content', 'id': 'google_ads_iframe_/65246246/timesofmalta.com/billboard1_0', 'class': None, 'width': '728', 'height': '90'}]",957,times_of_malta,article_pages
55,27,78,19,22,1,21,2,6244,947,19,1,"[{'src': None, 'title': '3rd party ad content', 'id': 'google_ads_iframe_/65246246/timesofmalta.com/billboard1_0', 'class': None, 'width': '728', 'height': '90'}]",958,times_of_malta,article_pages
55,27,78,19,22,1,21,2,6244,947,19,1,"[{'src': None, 'title': '3rd party ad content', 'id': 'google_ads_iframe_/65246246/timesofmalta.com/billboard1_0', 'class': None, 'width': '728', 'height': '90'}]",959,times_of_malta,article_pages
55,27,78,19,22,1,21,2,6244,947,19,1,"[{'src': None, 'title': '3rd party ad content', 'id': 'google_ads_iframe_/65246246/timesofmalta.com/billboard1_0', 'class': None, 'width': '728', 'height': '90'}]",960,times_of_malta,article_pages
55,27,78,19,22,1,21,2,6244,947,19,1,"[{'src': None, 'title': '3rd party ad content', 'id': 'google_ads_iframe_/65246246/timesofmalta.com/billboard1_0', 'class': None, 'width': '728', 'height': '90'}]",961,times_of_malta,article_pages
55,27,78,19,22,1,21,2,6244,947,19,1,"[{'src': None, 'title': '3rd party ad content', 'id': 'google_ads_iframe_/65246246/timesofmalta.com/billboard1_0', 'class': None, 'width': '728', 'height': '90'}]",962,times_of_malta,article_pages
55,27,78,19,22,1,21,2,6244,947,19,1,"[{'src': None, 'title': '3rd party ad content', 'id': 'google_ads_iframe_/65246246/timesofmalta.com/billboard1_0', 'class': None, 'width': '728', 'height': '90'}]",963,times_of_malta,article_pages
55,27,78,19,22,1,21,2,6244,947,19,1,"[{'src': None, 'title': '3rd party ad content', 'id': 'google_ads_iframe_/65246246/timesofmalta.com/billboard1_0', 'class': None, 'width': '728', 'height': '90'}]",964,times_of_malta,article_pages
55,27,78,19,22,1,21,2,6244,947,19,1,"[{'src': None, 'title': '3rd party ad content', 'id': 'google_ads_iframe_/65246246/timesofmalta.com/billboard1_0', 'class': None, 'width': '728', 'height': '90'}]",965,times_of_malta,article_pages
55,27,78,19,22,1,21,2,6244,947,19,1,"[{'src': None, 'title': '3rd party ad content', 'id': 'google_ads_iframe_/65246246/timesofmalta.com/billboard1_0', 'class': None, 'width': '728', 'height': '90'}]",966,times_of_malta,article_pages
55,27,78,19,22,1,21,2,6244,947,19,1,"[{'src': None, 'title': '3rd party ad content', 'id': 'google_ads_iframe_/65246246/timesofmalta.com/billboard1_0', 'class': None, 'width': '728', 'height': '90'}]",967,times_of_malta,article_pages
55,27,78,19,22,1,21,2,6244,947,19,1,"[{'src': None, 'title': '3rd party ad content', 'id': 'google_ads_iframe_/65246246/timesofmalta.com/billboard1_0', 'class': None, 'width': '728', 'height': '90'}]",968,times_of_malta,article_pages
58,27,96,21,38,1,26,4,5868,910,19,1,"[{'src': None, 'title': '3rd party ad content', 'id': 'google_ads_iframe_/65246246/timesofmalta.com/billboard1_0', 'class': None, 'width': '728', 'height': '90'}]",969,times_of_malta,article_pages
58,27,96,21,38,1,26,4,5868,910,19,1,"[{'src': None, 'title': '3rd party ad content', 'id': 'google_ads_iframe_/65246246/timesofmalta.com/billboard1_0', 'class': None, 'width': '728', 'height': '90'}]",970,times_of_malta,article_pages
58,27,96,21,38,1,26,4,5868,910,19,1,"[{'src': None, 'title': '3rd party ad content', 'id': 'google_ads_iframe_/65246246/timesofmalta.com/billboard1_0', 'class': None, 'width': '728', 'height': '90'}]",971,times_of_malta,article_pages
58,27,96,21,38,1,26,4,5868,910,19,1,"[{'src': None, 'title': '3rd party ad content', 'id': 'google_ads_iframe_/65246246/timesofmalta.com/billboard1_0', 'class': None, 'width': '728', 'height': '90'}]",972,times_of_malta,article_pages
58,27,96,21,38,1,26,4,5868,910,19,1,"[{'src': None, 'title': '3rd party ad content', 'id': 'google_ads_iframe_/65246246/timesofmalta.com/billboard1_0', 'class': None, 'width': '728', 'height': '90'}]",973,times_of_malta,article_pages
58,27,96,21,38,1,26,4,5868,910,19,1,"[{'src': None, 'title': '3rd party ad content', 'id': 'google_ads_iframe_/65246246/timesofmalta.com/billboard1_0', 'class': None, 'width': '728', 'height': '90'}]",974,times_of_malta,article_pages
58,27,96,21,38,1,26,4,5868,910,19,1,"[{'src': None, 'title': '3rd party ad content', 'id': 'google_ads_iframe_/65246246/timesofmalta.com/billboard1_0', 'class': None, 'width': '728', 'height': '90'}]",975,times_of_malta,article_pages
58,27,96,21,38,1,26,4,5868,910,19,1,"[{'src': None, 'title': '3rd party ad content', 'id': 'google_ads_iframe_/65246246/timesofmalta.com/billboard1_0', 'class': None, 'width': '728', 'height': '90'}]",976,times_of_malta,article_pages
58,27,96,21,38,1,26,4,5868,910,19,1,"[{'src': None, 'title': '3rd party ad content', 'id': 'google_ads_iframe_/65246246/timesofmalta.com/billboard1_0', 'class': None, 'width': '728', 'height': '90'}]",977,times_of_malta,article_pages
58,27,96,21,38,1,26,4,5868,910,19,1,"[{'src': None, 'title': '3rd party ad content', 'id': 'google_ads_iframe_/65246246/timesofmalta.com/billboard1_0', 'class': None, 'width': '728', 'height': '90'}]",978,times_of_malta,article_pages
58,27,96,21,38,1,26,4,5868,910,19,1,"[{'src': None, 'title': '3rd party ad content', 'id': 'google_ads_iframe_/65246246/timesofmalta.com/billboard1_0', 'class': None, 'width': '728', 'height': '90'}]",979,times_of_malta,article_pages
58,27,96,21,38,1,26,4,5868,910,19,1,"[{'src': None, 'title': '3rd party ad content', 'id': 'google_ads_iframe_/65246246/timesofmalta.com/billboard1_0', 'class': None, 'width': '728', 'height': '90'}]",980,times_of_malta,article_pages
58,27,96,21,38,1,26,4,5868,910,19,1,"[{'src': None, 'title': '3rd party ad content', 'id': 'google_ads_iframe_/65246246/timesofmalta.com/billboard1_0', 'class': None, 'width': '728', 'height': '90'}]",981,times_of_malta,article_pages
58,27,96,21,38,1,26,4,5868,910,19,1,"[{'src': None, 'title': '3rd party ad content', 'id': 'google_ads_iframe_/65246246/timesofmalta.com/billboard1_0', 'class': None, 'width': '728', 'height': '90'}]",982,times_of_malta,article_pages
